﻿<?xml version="1.0" encoding="utf-8"?><HOUSES><HOUSE ID="56557940" OBJECTID="42534972" OBJECTGUID="4919bf51-b73a-429b-aa7b-d0397213a5db" CHANGEID="64247479" HOUSENUM="2" HOUSETYPE="2" OPERTYPEID="20" PREVID="25404153" NEXTID="126732156" UPDATEDATE="2024-09-06" STARTDATE="2015-12-04" ENDDATE="2024-09-06" ISACTUAL="0" ISACTIVE="0" /><HOUSE ID="56592701" OBJECTID="13013551" OBJECTGUID="4995e8a4-e8a9-4748-931b-2438561778ca" CHANGEID="20924673" HOUSENUM="35" ADDNUM1="А" HOUSETYPE="2" ADDTYPE1="1" OPERTYPEID="20" PREVID="7074980" NEXTID="126731587" UPDATEDATE="2024-09-06" STARTDATE="2015-12-04" ENDDATE="2024-09-06" ISACTUAL="0" ISACTIVE="0" /><HOUSE ID="56786886" OBJECTID="11377491" OBJECTGUID="4c537dda-9a85-417e-ab5b-8da4895a7f71" CHANGEID="18527061" HOUSENUM="3" ADDNUM1="Б" HOUSETYPE="2" ADDTYPE1="1" OPERTYPEID="20" PREVID="6080557" NEXTID="126731612" UPDATEDATE="2024-09-06" STARTDATE="2015-12-04" ENDDATE="2024-09-06" ISACTUAL="0" ISACTIVE="0" /><HOUSE ID="57092597" OBJECTID="18706714" OBJECTGUID="50a65892-e1fa-4e85-bd41-4e6a2c47df5b" CHANGEID="29404626" HOUSENUM="30" ADDNUM1="А" HOUSETYPE="2" ADDTYPE1="1" OPERTYPEID="20" PREVID="10787372" NEXTID="126735361" UPDATEDATE="2024-09-06" STARTDATE="2015-12-04" ENDDATE="2024-09-06" ISACTUAL="0" ISACTIVE="0" /><HOUSE ID="57166693" OBJECTID="49074766" OBJECTGUID="51adbb79-cf98-4b3d-bd2b-41860a136476" CHANGEID="73722835" HOUSENUM="2" ADDNUM1="А" HOUSETYPE="2" ADDTYPE1="1" OPERTYPEID="20" PREVID="29340693" NEXTID="126735870" UPDATEDATE="2024-09-06" STARTDATE="2015-12-04" ENDDATE="2024-09-06" ISACTUAL="0" ISACTIVE="0" /><HOUSE ID="59560385" OBJECTID="33787863" OBJECTGUID="73764164-189c-4e38-b031-ce64bb436858" CHANGEID="51475184" HOUSENUM="12" HOUSETYPE="2" OPERTYPEID="20" PREVID="20082112" NEXTID="126739040" UPDATEDATE="2024-09-09" STARTDATE="2018-12-28" ENDDATE="2024-09-09" ISACTUAL="0" ISACTIVE="0" /><HOUSE ID="60623069" OBJECTID="81710020" OBJECTGUID="8279c954-59bc-44e1-b4a4-68cea2345055" CHANGEID="121414716" HOUSENUM="24" HOUSETYPE="3" OPERTYPEID="20" PREVID="49449659" NEXTID="126731610" UPDATEDATE="2024-09-06" STARTDATE="2015-12-04" ENDDATE="2024-09-06" ISACTUAL="0" ISACTIVE="0" /><HOUSE ID="61755267" OBJECTID="44106012" OBJECTGUID="92736a2b-eaaa-437c-843f-48b9af9003f1" CHANGEID="66517159" HOUSENUM="26" HOUSETYPE="3" OPERTYPEID="20" PREVID="26344436" NEXTID="126724647" UPDATEDATE="2024-09-05" STARTDATE="2015-12-04" ENDDATE="2024-09-05" ISACTUAL="0" ISACTIVE="0" /><HOUSE ID="64263109" OBJECTID="13165898" OBJECTGUID="b5d6480b-60e8-49e2-80fd-f705fd9a6b85" CHANGEID="21154458" HOUSENUM="74" HOUSETYPE="2" OPERTYPEID="20" PREVID="7173758" NEXTID="126732038" UPDATEDATE="2024-09-06" STARTDATE="2015-12-04" ENDDATE="2024-09-06" ISACTUAL="0" ISACTIVE="0" /><HOUSE ID="64889676" OBJECTID="28955187" OBJECTGUID="beabbc6b-16ad-47d0-b6a0-4b92909e4025" CHANGEID="44487527" HOUSENUM="13" HOUSETYPE="3" OPERTYPEID="20" PREVID="17183199" NEXTID="126735387" UPDATEDATE="2024-09-06" STARTDATE="2015-12-04" ENDDATE="2024-09-06" ISACTUAL="0" ISACTIVE="0" /><HOUSE ID="65185759" OBJECTID="13140430" OBJECTGUID="c2db6c59-9b55-4e27-a524-c05f4663e8eb" CHANGEID="21115291" HOUSENUM="9" ADDNUM1="А" HOUSETYPE="2" ADDTYPE1="1" OPERTYPEID="20" PREVID="7155394" NEXTID="126731586" UPDATEDATE="2024-09-06" STARTDATE="2015-12-04" ENDDATE="2024-09-06" ISACTUAL="0" ISACTIVE="0" /><HOUSE ID="66456683" OBJECTID="83062596" OBJECTGUID="d4d26cc0-4861-47c3-9f0b-8643b851ea1d" CHANGEID="123381981" HOUSENUM="89" ADDNUM1="а" HOUSETYPE="2" ADDTYPE1="1" OPERTYPEID="20" PREVID="50259744" NEXTID="126733419" UPDATEDATE="2024-09-06" STARTDATE="2015-12-04" ENDDATE="2024-09-06" ISACTUAL="0" ISACTIVE="0" /><HOUSE ID="67062750" OBJECTID="6488568" OBJECTGUID="dd6226c6-e08c-4090-8c2b-8dca8eaac630" CHANGEID="11372264" HOUSENUM="16" HOUSETYPE="2" OPERTYPEID="20" PREVID="3053134" NEXTID="126732167" UPDATEDATE="2024-09-06" STARTDATE="2015-12-04" ENDDATE="2024-09-06" ISACTUAL="0" ISACTIVE="0" /><HOUSE ID="68146572" OBJECTID="54926811" OBJECTGUID="ecb5c2c1-ddbb-4d38-98be-406c65c73a64" CHANGEID="82162857" HOUSENUM="80" HOUSETYPE="3" OPERTYPEID="20" PREVID="32805602" NEXTID="126734854" UPDATEDATE="2024-09-06" STARTDATE="2019-09-25" ENDDATE="2024-09-06" ISACTUAL="0" ISACTIVE="0" /><HOUSE ID="68831957" OBJECTID="44103943" OBJECTGUID="f6626b25-03cc-4f96-b2c5-14158ba170c9" CHANGEID="66515948" HOUSENUM="20" HOUSETYPE="3" OPERTYPEID="20" PREVID="26343790" NEXTID="126724646" UPDATEDATE="2024-09-05" STARTDATE="2015-12-04" ENDDATE="2024-09-05" ISACTUAL="0" ISACTIVE="0" /><HOUSE ID="68863255" OBJECTID="38255686" OBJECTGUID="f6d20cec-d8c9-41ed-9a2b-096c34cba784" CHANGEID="58003307" HOUSENUM="65" HOUSETYPE="3" OPERTYPEID="20" PREVID="22839035" NEXTID="126735397" UPDATEDATE="2024-09-06" STARTDATE="2019-09-25" ENDDATE="2024-09-06" ISACTUAL="0" ISACTIVE="0" /><HOUSE ID="69247279" OBJECTID="52562468" OBJECTGUID="fc3ac4ca-3bf4-46eb-a5d4-b27742392c60" CHANGEID="78738845" HOUSENUM="1" ADDNUM1="Г" HOUSETYPE="2" ADDTYPE1="1" OPERTYPEID="20" PREVID="31401062" NEXTID="126735415" UPDATEDATE="2024-09-06" STARTDATE="2015-12-04" ENDDATE="2024-09-06" ISACTUAL="0" ISACTIVE="0" /><HOUSE ID="69780949" OBJECTID="97171007" OBJECTGUID="475c73fb-87cf-4e40-8b43-54b99147fc71" CHANGEID="152141542" HOUSENUM="6" HOUSETYPE="2" OPERTYPEID="10" PREVID="0" NEXTID="126732168" UPDATEDATE="2024-09-06" STARTDATE="2020-06-17" ENDDATE="2024-09-06" ISACTUAL="0" ISACTIVE="0" /><HOUSE ID="22257769" OBJECTID="37319248" OBJECTGUID="8408f3b0-12b2-41bc-ba02-c13510c11104" CHANGEID="56624507" HOUSENUM="5" ADDNUM1="1" HOUSETYPE="1" ADDTYPE1="2" OPERTYPEID="10" PREVID="0" NEXTID="126738860" UPDATEDATE="2024-09-09" STARTDATE="1900-01-01" ENDDATE="2024-09-09" ISACTUAL="0" ISACTIVE="0" /><HOUSE ID="27485588" OBJECTID="46012137" OBJECTGUID="1e8f730e-27bd-462d-8b53-83c37882e084" CHANGEID="69275095" HOUSENUM="6" HOUSETYPE="2" OPERTYPEID="20" PREVID="27485561" NEXTID="126755124" UPDATEDATE="2024-09-11" STARTDATE="2017-11-29" ENDDATE="2024-09-11" ISACTUAL="0" ISACTIVE="0" /><HOUSE ID="35646799" OBJECTID="59529376" OBJECTGUID="70abb086-8c9f-4d8f-b1ea-34b57d4f385a" CHANGEID="88913004" HOUSENUM="169А" HOUSETYPE="1" OPERTYPEID="10" PREVID="0" NEXTID="126732770" UPDATEDATE="2024-09-06" STARTDATE="1900-01-01" ENDDATE="2024-09-06" ISACTUAL="0" ISACTIVE="0" /><HOUSE ID="44669959" OBJECTID="73981693" OBJECTGUID="dff07086-226a-4077-a140-71a0c4b8374b" CHANGEID="110122529" HOUSENUM="3" ADDNUM1="а" HOUSETYPE="1" ADDTYPE1="4" OPERTYPEID="10" PREVID="0" NEXTID="126738859" UPDATEDATE="2024-09-09" STARTDATE="1900-01-01" ENDDATE="2024-09-09" ISACTUAL="0" ISACTIVE="0" /><HOUSE ID="56070223" OBJECTID="14786858" OBJECTGUID="4234d225-af3d-4d12-8e83-7bb8f0376dc2" CHANGEID="23612559" HOUSENUM="22" ADDNUM1="1" HOUSETYPE="2" ADDTYPE1="1" OPERTYPEID="20" PREVID="8282218" NEXTID="126734650" UPDATEDATE="2024-09-06" STARTDATE="2014-01-04" ENDDATE="2024-09-06" ISACTUAL="0" ISACTIVE="0" /><HOUSE ID="50310763" OBJECTID="83139359" OBJECTGUID="2aaf0096-5d7b-4ced-bd03-9f3d686d31ac" CHANGEID="123496266" HOUSENUM="45" HOUSETYPE="2" OPERTYPEID="10" PREVID="0" NEXTID="126732772" UPDATEDATE="2024-09-06" STARTDATE="2016-10-17" ENDDATE="2024-09-06" ISACTUAL="0" ISACTIVE="0" /><HOUSE ID="53453898" OBJECTID="46290622" OBJECTGUID="1d429e25-4696-41bc-a5dc-146350e4acc1" CHANGEID="69681741" HOUSENUM="3" ADDNUM1="3" HOUSETYPE="1" ADDTYPE1="2" OPERTYPEID="20" PREVID="27655406" NEXTID="126734661" UPDATEDATE="2024-09-06" STARTDATE="2019-09-25" ENDDATE="2024-09-06" ISACTUAL="0" ISACTIVE="0" /><HOUSE ID="126718576" OBJECTID="165031754" OBJECTGUID="7a9ac3fa-f40d-4fa8-b024-1dcfce5fb8a0" CHANGEID="600430253" HOUSENUM="68" HOUSETYPE="8" OPERTYPEID="10" PREVID="0" NEXTID="126724535" UPDATEDATE="2024-09-05" STARTDATE="2024-09-04" ENDDATE="2024-09-05" ISACTUAL="0" ISACTIVE="0" /><HOUSE ID="126724517" OBJECTID="165056445" OBJECTGUID="a04f040f-06e8-45bb-9cbb-383511df400e" CHANGEID="600505327" HOUSENUM="1" HOUSETYPE="7" OPERTYPEID="10" PREVID="0" NEXTID="0" UPDATEDATE="2024-09-05" STARTDATE="2024-09-05" ENDDATE="2079-06-06" ISACTUAL="1" ISACTIVE="1" /><HOUSE ID="126724518" OBJECTID="165056446" OBJECTGUID="42921d07-08cc-4612-b93e-536b919ca9c2" CHANGEID="600505328" HOUSENUM="1" HOUSETYPE="8" OPERTYPEID="10" PREVID="0" NEXTID="0" UPDATEDATE="2024-09-05" STARTDATE="2024-09-05" ENDDATE="2079-06-06" ISACTUAL="1" ISACTIVE="1" /><HOUSE ID="126724535" OBJECTID="165031754" OBJECTGUID="7a9ac3fa-f40d-4fa8-b024-1dcfce5fb8a0" CHANGEID="600505842" HOUSENUM="68" HOUSETYPE="2" OPERTYPEID="20" PREVID="126718576" UPDATEDATE="2024-09-05" STARTDATE="2024-09-05" ENDDATE="2079-06-06" ISACTUAL="1" ISACTIVE="1" /><HOUSE ID="126724536" OBJECTID="165056875" OBJECTGUID="c71aca48-c962-4395-bed9-81f96609f797" CHANGEID="600505853" HOUSENUM="13а" HOUSETYPE="2" OPERTYPEID="10" PREVID="0" NEXTID="0" UPDATEDATE="2024-09-05" STARTDATE="2024-09-05" ENDDATE="2079-06-06" ISACTUAL="1" ISACTIVE="1" /><HOUSE ID="126724544" OBJECTID="165056995" OBJECTGUID="4af1d2d2-d875-435e-b62f-ca5132f9e3dc" CHANGEID="600505993" HOUSENUM="9б" HOUSETYPE="2" OPERTYPEID="10" PREVID="0" NEXTID="0" UPDATEDATE="2024-09-05" STARTDATE="2024-09-05" ENDDATE="2079-06-06" ISACTUAL="1" ISACTIVE="1" /><HOUSE ID="126724547" OBJECTID="165057003" OBJECTGUID="26562154-f8fd-4528-983a-478e5be303bf" CHANGEID="600506001" HOUSENUM="303/11" HOUSETYPE="2" OPERTYPEID="10" PREVID="0" NEXTID="0" UPDATEDATE="2024-09-05" STARTDATE="2024-09-05" ENDDATE="2079-06-06" ISACTUAL="1" ISACTIVE="1" /><HOUSE ID="126724548" OBJECTID="165057004" OBJECTGUID="3354f7bd-d54d-42b6-8246-027d853cfb11" CHANGEID="600506011" HOUSENUM="21б" HOUSETYPE="2" OPERTYPEID="10" PREVID="0" NEXTID="0" UPDATEDATE="2024-09-05" STARTDATE="2024-09-05" ENDDATE="2079-06-06" ISACTUAL="1" ISACTIVE="1" /><HOUSE ID="126724549" OBJECTID="165057005" OBJECTGUID="77e310be-5fea-4401-ba79-c6e9e8f324b0" CHANGEID="600506012" HOUSENUM="149" HOUSETYPE="2" OPERTYPEID="10" PREVID="0" NEXTID="0" UPDATEDATE="2024-09-05" STARTDATE="2024-09-05" ENDDATE="2079-06-06" ISACTUAL="1" ISACTIVE="1" /><HOUSE ID="51401443" OBJECTID="44106950" OBJECTGUID="004e102b-2b55-4a81-a2a2-12bdfa53fce3" CHANGEID="66519086" HOUSENUM="9" HOUSETYPE="3" OPERTYPEID="20" PREVID="26344953" NEXTID="126724639" UPDATEDATE="2024-09-05" STARTDATE="2015-12-04" ENDDATE="2024-09-05" ISACTUAL="0" ISACTIVE="0" /><HOUSE ID="126724639" OBJECTID="44106950" OBJECTGUID="004e102b-2b55-4a81-a2a2-12bdfa53fce3" CHANGEID="600506697" HOUSENUM="9" HOUSETYPE="2" OPERTYPEID="20" PREVID="51401443" UPDATEDATE="2024-09-05" STARTDATE="2024-09-05" ENDDATE="2079-06-06" ISACTUAL="1" ISACTIVE="1" /><HOUSE ID="126724647" OBJECTID="44106012" OBJECTGUID="92736a2b-eaaa-437c-843f-48b9af9003f1" CHANGEID="600506706" HOUSENUM="26" HOUSETYPE="2" OPERTYPEID="20" PREVID="61755267" UPDATEDATE="2024-09-05" STARTDATE="2024-09-05" ENDDATE="2079-06-06" ISACTUAL="1" ISACTIVE="1" /><HOUSE ID="64162428" OBJECTID="44102962" OBJECTGUID="b467181a-cbf9-47f3-8800-c42d4ea3ab6d" CHANGEID="66513412" HOUSENUM="41" HOUSETYPE="3" OPERTYPEID="20" PREVID="26343152" NEXTID="126724649" UPDATEDATE="2024-09-05" STARTDATE="2015-12-04" ENDDATE="2024-09-05" ISACTUAL="0" ISACTIVE="0" /><HOUSE ID="126724649" OBJECTID="44102962" OBJECTGUID="b467181a-cbf9-47f3-8800-c42d4ea3ab6d" CHANGEID="600506722" HOUSENUM="41" HOUSETYPE="2" OPERTYPEID="20" PREVID="64162428" UPDATEDATE="2024-09-05" STARTDATE="2024-09-05" ENDDATE="2079-06-06" ISACTUAL="1" ISACTIVE="1" /><HOUSE ID="64734134" OBJECTID="44095733" OBJECTGUID="bc7d1ad9-7f4f-45d9-b21a-125d3fed9b70" CHANGEID="66504119" HOUSENUM="30" ADDNUM1="30" HOUSETYPE="2" ADDTYPE1="2" OPERTYPEID="20" PREVID="26340784" NEXTID="126724638" UPDATEDATE="2024-09-05" STARTDATE="2015-12-04" ENDDATE="2024-09-05" ISACTUAL="0" ISACTIVE="0" /><HOUSE ID="126724638" OBJECTID="44095733" OBJECTGUID="bc7d1ad9-7f4f-45d9-b21a-125d3fed9b70" CHANGEID="600506696" HOUSENUM="30" HOUSETYPE="2" OPERTYPEID="20" PREVID="64734134" UPDATEDATE="2024-09-05" STARTDATE="2024-09-05" ENDDATE="2079-06-06" ISACTUAL="1" ISACTIVE="1" /><HOUSE ID="126724646" OBJECTID="44103943" OBJECTGUID="f6626b25-03cc-4f96-b2c5-14158ba170c9" CHANGEID="600506705" HOUSENUM="20" HOUSETYPE="2" OPERTYPEID="20" PREVID="68831957" UPDATEDATE="2024-09-05" STARTDATE="2024-09-05" ENDDATE="2079-06-06" ISACTUAL="1" ISACTIVE="1" /><HOUSE ID="63761708" OBJECTID="44102752" OBJECTGUID="aec38aac-4874-491e-afb4-4d5382d21b32" CHANGEID="66512871" HOUSENUM="37" HOUSETYPE="3" OPERTYPEID="20" PREVID="26343017" NEXTID="126724648" UPDATEDATE="2024-09-05" STARTDATE="2015-12-04" ENDDATE="2024-09-05" ISACTUAL="0" ISACTIVE="0" /><HOUSE ID="126724648" OBJECTID="44102752" OBJECTGUID="aec38aac-4874-491e-afb4-4d5382d21b32" CHANGEID="600506707" HOUSENUM="37" HOUSETYPE="2" OPERTYPEID="20" PREVID="63761708" UPDATEDATE="2024-09-05" STARTDATE="2024-09-05" ENDDATE="2079-06-06" ISACTUAL="1" ISACTIVE="1" /><HOUSE ID="126724650" OBJECTID="165057316" OBJECTGUID="2e9f8179-a656-4bea-bb83-641214117b18" CHANGEID="600506741" HOUSENUM="5" HOUSETYPE="2" OPERTYPEID="10" PREVID="0" NEXTID="0" UPDATEDATE="2024-09-05" STARTDATE="2024-09-05" ENDDATE="2079-06-06" ISACTUAL="1" ISACTIVE="1" /><HOUSE ID="126724659" OBJECTID="165057557" OBJECTGUID="35765c92-eb75-45c5-aafa-d48a3cfa5946" CHANGEID="600507377" HOUSENUM="2" HOUSETYPE="2" OPERTYPEID="10" PREVID="0" NEXTID="0" UPDATEDATE="2024-09-05" STARTDATE="2024-09-05" ENDDATE="2079-06-06" ISACTUAL="1" ISACTIVE="1" /><HOUSE ID="126724936" OBJECTID="165058458" OBJECTGUID="90df6242-c06d-4044-becd-c46b16a4f891" CHANGEID="600508776" HOUSENUM="7" ADDNUM1="1" HOUSETYPE="2" ADDTYPE1="2" OPERTYPEID="10" PREVID="0" NEXTID="0" UPDATEDATE="2024-09-05" STARTDATE="2024-09-05" ENDDATE="2079-06-06" ISACTUAL="1" ISACTIVE="1" /><HOUSE ID="126725074" OBJECTID="165059267" OBJECTGUID="88e59da2-ce61-442a-a02a-77dfc8048b61" CHANGEID="600509874" HOUSENUM="1" ADDNUM1="1" HOUSETYPE="2" ADDTYPE1="2" OPERTYPEID="10" PREVID="0" NEXTID="0" UPDATEDATE="2024-09-05" STARTDATE="2024-09-05" ENDDATE="2079-06-06" ISACTUAL="1" ISACTIVE="1" /><HOUSE ID="126725080" OBJECTID="165059798" OBJECTGUID="ce754b95-8c81-4dac-bc03-e2bcd1e5d626" CHANGEID="600510441" HOUSENUM="17" HOUSETYPE="2" OPERTYPEID="10" PREVID="0" NEXTID="0" UPDATEDATE="2024-09-05" STARTDATE="2024-09-05" ENDDATE="2079-06-06" ISACTUAL="1" ISACTIVE="1" /><HOUSE ID="126725081" OBJECTID="165059799" OBJECTGUID="7a8ed453-887c-494f-a14e-6d5e7ba9253b" CHANGEID="600510442" HOUSENUM="60" HOUSETYPE="2" OPERTYPEID="10" PREVID="0" NEXTID="0" UPDATEDATE="2024-09-05" STARTDATE="2024-09-05" ENDDATE="2079-06-06" ISACTUAL="1" ISACTIVE="1" /><HOUSE ID="126725139" OBJECTID="165060267" OBJECTGUID="a866dadc-0c52-488e-8800-d380ade95fad" CHANGEID="600511078" HOUSENUM="1а" HOUSETYPE="2" OPERTYPEID="10" PREVID="0" NEXTID="0" UPDATEDATE="2024-09-05" STARTDATE="2024-09-05" ENDDATE="2079-06-06" ISACTUAL="1" ISACTIVE="1" /><HOUSE ID="126725140" OBJECTID="165060268" OBJECTGUID="3a1e76ac-c1c7-4472-ba12-3fd1b3823616" CHANGEID="600511079" HOUSENUM="2а" HOUSETYPE="2" OPERTYPEID="10" PREVID="0" NEXTID="0" UPDATEDATE="2024-09-05" STARTDATE="2024-09-05" ENDDATE="2079-06-06" ISACTUAL="1" ISACTIVE="1" /><HOUSE ID="126725141" OBJECTID="165060269" OBJECTGUID="d7967ab8-90c2-4724-a81b-82bb9f3a8e43" CHANGEID="600511080" HOUSENUM="9" HOUSETYPE="2" OPERTYPEID="10" PREVID="0" NEXTID="0" UPDATEDATE="2024-09-05" STARTDATE="2024-09-05" ENDDATE="2079-06-06" ISACTUAL="1" ISACTIVE="1" /><HOUSE ID="126725142" OBJECTID="165060270" OBJECTGUID="595158ee-084a-4d0f-9cc6-32a2fd3fcb86" CHANGEID="600511081" HOUSENUM="11" HOUSETYPE="2" OPERTYPEID="10" PREVID="0" NEXTID="0" UPDATEDATE="2024-09-05" STARTDATE="2024-09-05" ENDDATE="2079-06-06" ISACTUAL="1" ISACTIVE="1" /><HOUSE ID="126725288" OBJECTID="65572643" OBJECTGUID="cc177d75-f987-41df-b6a4-2f1822ccf162" CHANGEID="600512095" HOUSENUM="18" HOUSETYPE="2" OPERTYPEID="40" PREVID="65839641" UPDATEDATE="2024-09-05" STARTDATE="2024-09-05" ENDDATE="2079-06-06" ISACTUAL="1" ISACTIVE="1" /><HOUSE ID="65839641" OBJECTID="65572643" OBJECTGUID="cc177d75-f987-41df-b6a4-2f1822ccf162" CHANGEID="97807093" HOUSENUM="18" HOUSETYPE="2" OPERTYPEID="20" PREVID="39479928" NEXTID="126725288" UPDATEDATE="2024-09-05" STARTDATE="2017-10-11" ENDDATE="2024-09-05" ISACTUAL="0" ISACTIVE="0" /><HOUSE ID="68689928" OBJECTID="65578809" OBJECTGUID="f45bfe9f-f534-4599-8bda-5fc31a33dd5f" CHANGEID="97817302" HOUSENUM="18" HOUSETYPE="1" OPERTYPEID="20" PREVID="39484555" NEXTID="126725289" UPDATEDATE="2024-09-05" STARTDATE="2017-10-11" ENDDATE="2024-09-05" ISACTUAL="0" ISACTIVE="0" /><HOUSE ID="126725289" OBJECTID="65578809" OBJECTGUID="f45bfe9f-f534-4599-8bda-5fc31a33dd5f" CHANGEID="600512096" HOUSENUM="18" HOUSETYPE="1" OPERTYPEID="42" PREVID="68689928" NEXTID="126725288" UPDATEDATE="2024-09-05" STARTDATE="2024-09-05" ENDDATE="2079-06-06" ISACTUAL="1" ISACTIVE="0" /><HOUSE ID="126725290" OBJECTID="165060845" OBJECTGUID="b0312a72-9c8a-463f-bd13-d3b9000940bc" CHANGEID="600512124" HOUSENUM="16" HOUSETYPE="2" OPERTYPEID="10" PREVID="0" NEXTID="0" UPDATEDATE="2024-09-05" STARTDATE="2024-09-05" ENDDATE="2079-06-06" ISACTUAL="1" ISACTIVE="1" /><HOUSE ID="126725281" OBJECTID="165060824" OBJECTGUID="9601df96-931e-41e5-8274-4a55ea5d445b" CHANGEID="600512051" HOUSENUM="4" ADDNUM1="1" HOUSETYPE="2" ADDTYPE1="2" OPERTYPEID="10" PREVID="0" NEXTID="0" UPDATEDATE="2024-09-05" STARTDATE="2024-09-05" ENDDATE="2079-06-06" ISACTUAL="1" ISACTIVE="1" /><HOUSE ID="126725284" OBJECTID="12876319" OBJECTGUID="c9cb9caf-b7f3-4ea1-b0f6-3cf4c0acf5bc" CHANGEID="600512090" HOUSENUM="10" HOUSETYPE="2" OPERTYPEID="40" PREVID="6986630" UPDATEDATE="2024-09-05" STARTDATE="2024-09-05" ENDDATE="2079-06-06" ISACTUAL="1" ISACTIVE="1" /><HOUSE ID="6986630" OBJECTID="12876319" OBJECTGUID="c9cb9caf-b7f3-4ea1-b0f6-3cf4c0acf5bc" CHANGEID="20721255" HOUSENUM="10" HOUSETYPE="2" OPERTYPEID="10" PREVID="0" NEXTID="126725284" UPDATEDATE="2024-09-05" STARTDATE="2018-02-21" ENDDATE="2024-09-05" ISACTUAL="0" ISACTIVE="0" /><HOUSE ID="68550648" OBJECTID="12875624" OBJECTGUID="f2665e63-0eae-4012-be95-c78fb9bd1d55" CHANGEID="20720341" HOUSENUM="10" HOUSETYPE="1" OPERTYPEID="20" PREVID="6986255" NEXTID="126725285" UPDATEDATE="2024-09-05" STARTDATE="2017-10-11" ENDDATE="2024-09-05" ISACTUAL="0" ISACTIVE="0" /><HOUSE ID="126725285" OBJECTID="12875624" OBJECTGUID="f2665e63-0eae-4012-be95-c78fb9bd1d55" CHANGEID="600512091" HOUSENUM="10" HOUSETYPE="1" OPERTYPEID="42" PREVID="68550648" NEXTID="126725284" UPDATEDATE="2024-09-05" STARTDATE="2024-09-05" ENDDATE="2079-06-06" ISACTUAL="1" ISACTIVE="0" /><HOUSE ID="126725366" OBJECTID="165061150" OBJECTGUID="b4f17ad1-b139-446d-92e1-22737dc7cac1" CHANGEID="600512640" HOUSENUM="14б" HOUSETYPE="2" OPERTYPEID="10" PREVID="0" NEXTID="0" UPDATEDATE="2024-09-05" STARTDATE="2024-09-05" ENDDATE="2079-06-06" ISACTUAL="1" ISACTIVE="1" /><HOUSE ID="126726315" OBJECTID="165065582" OBJECTGUID="db1df280-484a-4719-b016-039021129fb5" CHANGEID="600520280" HOUSENUM="29а" HOUSETYPE="5" OPERTYPEID="10" PREVID="0" NEXTID="0" UPDATEDATE="2024-09-05" STARTDATE="2024-09-05" ENDDATE="2079-06-06" ISACTUAL="1" ISACTIVE="1" /><HOUSE ID="126726282" OBJECTID="165065403" OBJECTGUID="581c71f8-07c3-453a-9ff7-1b74f8954efb" CHANGEID="600519981" HOUSENUM="146Д" HOUSETYPE="2" OPERTYPEID="10" PREVID="0" NEXTID="0" UPDATEDATE="2024-09-05" STARTDATE="2024-09-05" ENDDATE="2079-06-06" ISACTUAL="1" ISACTIVE="1" /><HOUSE ID="35653245" OBJECTID="59543219" OBJECTGUID="a92edb19-d91a-4c11-82ff-54d4579ddffd" CHANGEID="88932094" HOUSENUM="76" HOUSETYPE="1" OPERTYPEID="10" PREVID="0" NEXTID="126731576" UPDATEDATE="2024-09-06" STARTDATE="1900-01-01" ENDDATE="2024-09-06" ISACTUAL="0" ISACTIVE="0" /><HOUSE ID="126731576" OBJECTID="59543219" OBJECTGUID="a92edb19-d91a-4c11-82ff-54d4579ddffd" CHANGEID="600560706" HOUSENUM="76" HOUSETYPE="2" OPERTYPEID="20" PREVID="35653245" UPDATEDATE="2024-09-06" STARTDATE="2024-09-06" ENDDATE="2079-06-06" ISACTUAL="1" ISACTIVE="1" /><HOUSE ID="126731586" OBJECTID="13140430" OBJECTGUID="c2db6c59-9b55-4e27-a524-c05f4663e8eb" CHANGEID="600561001" HOUSENUM="9А" HOUSETYPE="2" OPERTYPEID="20" PREVID="65185759" UPDATEDATE="2024-09-06" STARTDATE="2024-09-06" ENDDATE="2079-06-06" ISACTUAL="1" ISACTIVE="1" /><HOUSE ID="126731587" OBJECTID="13013551" OBJECTGUID="4995e8a4-e8a9-4748-931b-2438561778ca" CHANGEID="600561003" HOUSENUM="35А" HOUSETYPE="2" OPERTYPEID="20" PREVID="56592701" UPDATEDATE="2024-09-06" STARTDATE="2024-09-06" ENDDATE="2079-06-06" ISACTUAL="1" ISACTIVE="1" /><HOUSE ID="126731591" OBJECTID="165090698" OBJECTGUID="370936c6-4f22-4557-b5b3-0dda508ea948" CHANGEID="600561066" HOUSENUM="22/9" HOUSETYPE="2" OPERTYPEID="10" PREVID="0" NEXTID="0" UPDATEDATE="2024-09-06" STARTDATE="2024-09-06" ENDDATE="2079-06-06" ISACTUAL="1" ISACTIVE="1" /><HOUSE ID="126731593" OBJECTID="165090701" OBJECTGUID="85218545-0a81-4113-bb8f-ca0408a09521" CHANGEID="600561069" HOUSENUM="55/32а" HOUSETYPE="2" OPERTYPEID="10" PREVID="0" NEXTID="0" UPDATEDATE="2024-09-06" STARTDATE="2024-09-06" ENDDATE="2079-06-06" ISACTUAL="1" ISACTIVE="1" /><HOUSE ID="126731594" OBJECTID="165090703" OBJECTGUID="0f01855a-a43e-4484-8a6e-9955d5b7cabe" CHANGEID="600561071" HOUSENUM="55/81" HOUSETYPE="5" OPERTYPEID="10" PREVID="0" NEXTID="0" UPDATEDATE="2024-09-06" STARTDATE="2024-09-06" ENDDATE="2079-06-06" ISACTUAL="1" ISACTIVE="1" /><HOUSE ID="126731595" OBJECTID="165090705" OBJECTGUID="3028b951-2ff7-4063-9e07-bfa262a2568e" CHANGEID="600561073" HOUSENUM="55/58а" HOUSETYPE="2" OPERTYPEID="10" PREVID="0" NEXTID="0" UPDATEDATE="2024-09-06" STARTDATE="2024-09-06" ENDDATE="2079-06-06" ISACTUAL="1" ISACTIVE="1" /><HOUSE ID="126731597" OBJECTID="165090712" OBJECTGUID="60f2fe83-af09-4568-b20b-cad23f3917ac" CHANGEID="600561080" HOUSENUM="55/79" HOUSETYPE="2" OPERTYPEID="10" PREVID="0" NEXTID="0" UPDATEDATE="2024-09-06" STARTDATE="2024-09-06" ENDDATE="2079-06-06" ISACTUAL="1" ISACTIVE="1" /><HOUSE ID="126731610" OBJECTID="81710020" OBJECTGUID="8279c954-59bc-44e1-b4a4-68cea2345055" CHANGEID="600561307" HOUSENUM="24" HOUSETYPE="3" OPERTYPEID="30" PREVID="60623069" NEXTID="0" UPDATEDATE="2024-09-06" STARTDATE="2024-09-06" ENDDATE="2079-06-06" ISACTUAL="1" ISACTIVE="0" /><HOUSE ID="126731612" OBJECTID="11377491" OBJECTGUID="4c537dda-9a85-417e-ab5b-8da4895a7f71" CHANGEID="600561309" HOUSENUM="3" ADDNUM1="Б" HOUSETYPE="2" ADDTYPE1="1" OPERTYPEID="30" PREVID="56786886" NEXTID="0" UPDATEDATE="2024-09-06" STARTDATE="2024-09-06" ENDDATE="2079-06-06" ISACTUAL="1" ISACTIVE="0" /><HOUSE ID="126731613" OBJECTID="165090864" OBJECTGUID="4fe75c44-6aeb-4ad1-8da7-41759188a8f0" CHANGEID="600561311" HOUSENUM="55/52а" HOUSETYPE="2" OPERTYPEID="10" PREVID="0" NEXTID="0" UPDATEDATE="2024-09-06" STARTDATE="2024-09-06" ENDDATE="2079-06-06" ISACTUAL="1" ISACTIVE="1" /><HOUSE ID="126731614" OBJECTID="3583747" OBJECTGUID="c7a872c7-566c-4721-9ff2-49a425ed6a07" CHANGEID="600561312" HOUSENUM="42" HOUSETYPE="3" OPERTYPEID="30" PREVID="65525852" NEXTID="0" UPDATEDATE="2024-09-06" STARTDATE="2024-09-06" ENDDATE="2079-06-06" ISACTUAL="1" ISACTIVE="0" /><HOUSE ID="65525852" OBJECTID="3583747" OBJECTGUID="c7a872c7-566c-4721-9ff2-49a425ed6a07" CHANGEID="7141902" HOUSENUM="42" HOUSETYPE="3" OPERTYPEID="20" PREVID="1280313" NEXTID="126731614" UPDATEDATE="2024-09-06" STARTDATE="2015-12-04" ENDDATE="2024-09-06" ISACTUAL="0" ISACTIVE="0" /><HOUSE ID="126731615" OBJECTID="165090866" OBJECTGUID="1fa9685e-2c1d-4fbe-a5f6-591d8c355d23" CHANGEID="600561314" HOUSENUM="22/28" HOUSETYPE="2" OPERTYPEID="10" PREVID="0" NEXTID="0" UPDATEDATE="2024-09-06" STARTDATE="2024-09-06" ENDDATE="2079-06-06" ISACTUAL="1" ISACTIVE="1" /><HOUSE ID="126731616" OBJECTID="165090867" OBJECTGUID="15a23357-1718-4821-8fe2-262a011dd61f" CHANGEID="600561316" HOUSENUM="29в" HOUSETYPE="5" OPERTYPEID="10" PREVID="0" NEXTID="0" UPDATEDATE="2024-09-06" STARTDATE="2024-09-06" ENDDATE="2079-06-06" ISACTUAL="1" ISACTIVE="1" /><HOUSE ID="126731617" OBJECTID="165090869" OBJECTGUID="fda34fe0-35c4-42a2-8d08-7b4e92c5a302" CHANGEID="600561318" HOUSENUM="3/58" HOUSETYPE="2" OPERTYPEID="10" PREVID="0" NEXTID="0" UPDATEDATE="2024-09-06" STARTDATE="2024-09-06" ENDDATE="2079-06-06" ISACTUAL="1" ISACTIVE="1" /><HOUSE ID="126731618" OBJECTID="165090873" OBJECTGUID="5304b956-0f2d-4b5d-8502-63ed0e607e0c" CHANGEID="600561324" HOUSENUM="30" HOUSETYPE="2" OPERTYPEID="10" PREVID="0" NEXTID="0" UPDATEDATE="2024-09-06" STARTDATE="2024-09-06" ENDDATE="2079-06-06" ISACTUAL="1" ISACTIVE="1" /><HOUSE ID="126731619" OBJECTID="165090875" OBJECTGUID="933ec6b5-7eaf-4e22-bed1-6aaa5c1a555d" CHANGEID="600561326" HOUSENUM="92" HOUSETYPE="2" OPERTYPEID="10" PREVID="0" NEXTID="0" UPDATEDATE="2024-09-06" STARTDATE="2024-09-06" ENDDATE="2079-06-06" ISACTUAL="1" ISACTIVE="1" /><HOUSE ID="126731620" OBJECTID="165090877" OBJECTGUID="dcb96a7c-7563-4741-acb3-02a1c62c8070" CHANGEID="600561328" HOUSENUM="50" HOUSETYPE="2" OPERTYPEID="10" PREVID="0" NEXTID="0" UPDATEDATE="2024-09-06" STARTDATE="2024-09-06" ENDDATE="2079-06-06" ISACTUAL="1" ISACTIVE="1" /><HOUSE ID="126731621" OBJECTID="165090878" OBJECTGUID="6db0dc5b-7944-4a98-b2de-b40c74199a91" CHANGEID="600561329" HOUSENUM="153" HOUSETYPE="2" OPERTYPEID="10" PREVID="0" NEXTID="0" UPDATEDATE="2024-09-06" STARTDATE="2024-09-06" ENDDATE="2079-06-06" ISACTUAL="1" ISACTIVE="1" /><HOUSE ID="126731622" OBJECTID="165090880" OBJECTGUID="39a91aff-3ac3-460d-bf17-29cc46d89019" CHANGEID="600561331" HOUSENUM="4а" HOUSETYPE="2" OPERTYPEID="10" PREVID="0" NEXTID="0" UPDATEDATE="2024-09-06" STARTDATE="2024-09-06" ENDDATE="2079-06-06" ISACTUAL="1" ISACTIVE="1" /><HOUSE ID="126731623" OBJECTID="165090882" OBJECTGUID="12f0b7ba-4eb1-4aaf-beb7-702bbc84fe10" CHANGEID="600561333" HOUSENUM="212" HOUSETYPE="2" OPERTYPEID="10" PREVID="0" NEXTID="0" UPDATEDATE="2024-09-06" STARTDATE="2024-09-06" ENDDATE="2079-06-06" ISACTUAL="1" ISACTIVE="1" /><HOUSE ID="126731783" OBJECTID="165091805" OBJECTGUID="54d4bc42-c7e2-4e36-ad42-25f2a2de87f1" CHANGEID="600562621" HOUSENUM="60" ADDNUM1="1" HOUSETYPE="2" ADDTYPE1="2" OPERTYPEID="10" PREVID="0" NEXTID="0" UPDATEDATE="2024-09-06" STARTDATE="2024-09-06" ENDDATE="2079-06-06" ISACTUAL="1" ISACTIVE="1" /><HOUSE ID="126731784" OBJECTID="165091807" OBJECTGUID="5a4651d9-7779-480c-bdf6-dcc66d61bcd7" CHANGEID="600562623" HOUSENUM="60" ADDNUM1="2" HOUSETYPE="2" ADDTYPE1="2" OPERTYPEID="10" PREVID="0" NEXTID="0" UPDATEDATE="2024-09-06" STARTDATE="2024-09-06" ENDDATE="2079-06-06" ISACTUAL="1" ISACTIVE="1" /><HOUSE ID="23685008" OBJECTID="39591281" OBJECTGUID="f5d735a2-4c3a-464d-8d3f-68f81eab998b" CHANGEID="59979489" HOUSENUM="48В" HOUSETYPE="1" OPERTYPEID="10" PREVID="0" NEXTID="126731785" UPDATEDATE="2024-09-06" STARTDATE="1900-01-01" ENDDATE="2024-09-06" ISACTUAL="0" ISACTIVE="0" /><HOUSE ID="126731785" OBJECTID="39591281" OBJECTGUID="f5d735a2-4c3a-464d-8d3f-68f81eab998b" CHANGEID="600562627" HOUSENUM="48В" HOUSETYPE="5" OPERTYPEID="20" PREVID="23685008" UPDATEDATE="2024-09-06" STARTDATE="2024-09-06" ENDDATE="2079-06-06" ISACTUAL="1" ISACTIVE="1" /><HOUSE ID="126731934" OBJECTID="165092618" OBJECTGUID="8117a5b4-1194-45f6-8421-e796c71d6324" CHANGEID="600564386" HOUSENUM="54А" HOUSETYPE="5" OPERTYPEID="10" PREVID="0" NEXTID="0" UPDATEDATE="2024-09-06" STARTDATE="2024-09-06" ENDDATE="2079-06-06" ISACTUAL="1" ISACTIVE="1" /><HOUSE ID="126731939" OBJECTID="165092630" OBJECTGUID="3e2d73a5-0def-4b66-8e11-36d4417a807f" CHANGEID="600564413" HOUSENUM="57А" HOUSETYPE="2" OPERTYPEID="10" PREVID="0" NEXTID="0" UPDATEDATE="2024-09-06" STARTDATE="2024-09-06" ENDDATE="2079-06-06" ISACTUAL="1" ISACTIVE="1" /><HOUSE ID="126732029" OBJECTID="3956802" OBJECTGUID="bffab5b9-eacc-4eaa-9263-c84e13106f9b" CHANGEID="600565840" HOUSENUM="59" HOUSETYPE="2" OPERTYPEID="30" PREVID="64982448" NEXTID="0" UPDATEDATE="2024-09-06" STARTDATE="2024-09-06" ENDDATE="2079-06-06" ISACTUAL="1" ISACTIVE="0" /><HOUSE ID="64982448" OBJECTID="3956802" OBJECTGUID="bffab5b9-eacc-4eaa-9263-c84e13106f9b" CHANGEID="7677624" HOUSENUM="59" HOUSETYPE="2" OPERTYPEID="20" PREVID="1502957" NEXTID="126732029" UPDATEDATE="2024-09-06" STARTDATE="2015-12-04" ENDDATE="2024-09-06" ISACTUAL="0" ISACTIVE="0" /><HOUSE ID="126732032" OBJECTID="165093729" OBJECTGUID="06bb0440-878e-4335-b0b3-b7f61737def0" CHANGEID="600565852" HOUSENUM="29б" HOUSETYPE="5" OPERTYPEID="10" PREVID="0" NEXTID="0" UPDATEDATE="2024-09-06" STARTDATE="2024-09-06" ENDDATE="2079-06-06" ISACTUAL="1" ISACTIVE="1" /><HOUSE ID="126732034" OBJECTID="165093740" OBJECTGUID="6b3319dd-ad99-4134-a755-cdc54a885094" CHANGEID="600565880" HOUSENUM="6" HOUSETYPE="4" OPERTYPEID="10" PREVID="0" NEXTID="0" UPDATEDATE="2024-09-06" STARTDATE="2024-09-06" ENDDATE="2079-06-06" ISACTUAL="1" ISACTIVE="1" /><HOUSE ID="126732037" OBJECTID="13268119" OBJECTGUID="421e11b6-b055-45d2-8220-104cb55e6b09" CHANGEID="600565894" HOUSENUM="70" HOUSETYPE="2" OPERTYPEID="30" PREVID="56064125" NEXTID="0" UPDATEDATE="2024-09-06" STARTDATE="2024-09-06" ENDDATE="2079-06-06" ISACTUAL="1" ISACTIVE="0" /><HOUSE ID="56064125" OBJECTID="13268119" OBJECTGUID="421e11b6-b055-45d2-8220-104cb55e6b09" CHANGEID="21305788" HOUSENUM="70" HOUSETYPE="2" OPERTYPEID="20" PREVID="7241265" NEXTID="126732037" UPDATEDATE="2024-09-06" STARTDATE="2015-12-04" ENDDATE="2024-09-06" ISACTUAL="0" ISACTIVE="0" /><HOUSE ID="126732038" OBJECTID="13165898" OBJECTGUID="b5d6480b-60e8-49e2-80fd-f705fd9a6b85" CHANGEID="600565898" HOUSENUM="74" HOUSETYPE="2" OPERTYPEID="30" PREVID="64263109" NEXTID="0" UPDATEDATE="2024-09-06" STARTDATE="2024-09-06" ENDDATE="2079-06-06" ISACTUAL="1" ISACTIVE="0" /><HOUSE ID="126732042" OBJECTID="13967034" OBJECTGUID="bf780ee1-0243-4c08-b2e1-929e784dd54e" CHANGEID="600565907" HOUSENUM="1" ADDNUM1="1" HOUSETYPE="5" ADDTYPE1="2" OPERTYPEID="30" PREVID="7728293" NEXTID="0" UPDATEDATE="2024-09-06" STARTDATE="2024-09-06" ENDDATE="2079-06-06" ISACTUAL="1" ISACTIVE="0" /><HOUSE ID="7728293" OBJECTID="13967034" OBJECTGUID="bf780ee1-0243-4c08-b2e1-929e784dd54e" CHANGEID="22370361" HOUSENUM="1" ADDNUM1="1" HOUSETYPE="5" ADDTYPE1="2" OPERTYPEID="10" PREVID="0" NEXTID="126732042" UPDATEDATE="2024-09-06" STARTDATE="2018-05-02" ENDDATE="2024-09-06" ISACTUAL="0" ISACTIVE="0" /><HOUSE ID="126732157" OBJECTID="165093994" OBJECTGUID="bc7de561-3d50-4177-bc21-65d1036ca0db" CHANGEID="600566779" HOUSENUM="109а" HOUSETYPE="5" OPERTYPEID="10" PREVID="0" NEXTID="0" UPDATEDATE="2024-09-06" STARTDATE="2024-09-06" ENDDATE="2079-06-06" ISACTUAL="1" ISACTIVE="1" /><HOUSE ID="126732159" OBJECTID="60324379" OBJECTGUID="746a6070-fa9b-4109-a95d-69a46e70a5ec" CHANGEID="600566784" HOUSENUM="18" HOUSETYPE="2" OPERTYPEID="30" PREVID="59627953" NEXTID="0" UPDATEDATE="2024-09-06" STARTDATE="2024-09-06" ENDDATE="2079-06-06" ISACTUAL="1" ISACTIVE="0" /><HOUSE ID="59627953" OBJECTID="60324379" OBJECTGUID="746a6070-fa9b-4109-a95d-69a46e70a5ec" CHANGEID="90063868" HOUSENUM="18" HOUSETYPE="2" OPERTYPEID="20" PREVID="36121427" NEXTID="126732159" UPDATEDATE="2024-09-06" STARTDATE="2015-12-04" ENDDATE="2024-09-06" ISACTUAL="0" ISACTIVE="0" /><HOUSE ID="61633095" OBJECTID="13958704" OBJECTGUID="90b6831c-e5d6-4346-9f8a-fc784b9b0c71" CHANGEID="22358610" HOUSENUM="1" ADDNUM1="А" HOUSETYPE="2" ADDTYPE1="1" OPERTYPEID="20" PREVID="7724019" NEXTID="126732153" UPDATEDATE="2024-09-06" STARTDATE="2015-12-04" ENDDATE="2024-09-06" ISACTUAL="0" ISACTIVE="0" /><HOUSE ID="126732153" OBJECTID="13958704" OBJECTGUID="90b6831c-e5d6-4346-9f8a-fc784b9b0c71" CHANGEID="600566733" HOUSENUM="1А" HOUSETYPE="2" OPERTYPEID="20" PREVID="61633095" UPDATEDATE="2024-09-06" STARTDATE="2024-09-06" ENDDATE="2079-06-06" ISACTUAL="1" ISACTIVE="1" /><HOUSE ID="126732156" OBJECTID="42534972" OBJECTGUID="4919bf51-b73a-429b-aa7b-d0397213a5db" CHANGEID="600566772" HOUSENUM="2" HOUSETYPE="2" OPERTYPEID="30" PREVID="56557940" NEXTID="0" UPDATEDATE="2024-09-06" STARTDATE="2024-09-06" ENDDATE="2079-06-06" ISACTUAL="1" ISACTIVE="0" /><HOUSE ID="126732165" OBJECTID="6490796" OBJECTGUID="0fec4e79-3d56-4c76-b1a5-eda0ae79b8c6" CHANGEID="600566846" HOUSENUM="19" HOUSETYPE="2" OPERTYPEID="30" PREVID="3054596" NEXTID="0" UPDATEDATE="2024-09-06" STARTDATE="2024-09-06" ENDDATE="2079-06-06" ISACTUAL="1" ISACTIVE="0" /><HOUSE ID="3054596" OBJECTID="6490796" OBJECTGUID="0fec4e79-3d56-4c76-b1a5-eda0ae79b8c6" CHANGEID="11375486" HOUSENUM="19" HOUSETYPE="2" OPERTYPEID="10" PREVID="0" NEXTID="126732165" UPDATEDATE="2024-09-06" STARTDATE="2017-09-06" ENDDATE="2024-09-06" ISACTUAL="0" ISACTIVE="0" /><HOUSE ID="126732166" OBJECTID="6489116" OBJECTGUID="14d3f954-cf36-4ba5-84b3-94ddaed792fe" CHANGEID="600566847" HOUSENUM="17" HOUSETYPE="2" OPERTYPEID="30" PREVID="52856049" NEXTID="0" UPDATEDATE="2024-09-06" STARTDATE="2024-09-06" ENDDATE="2079-06-06" ISACTUAL="1" ISACTIVE="0" /><HOUSE ID="52856049" OBJECTID="6489116" OBJECTGUID="14d3f954-cf36-4ba5-84b3-94ddaed792fe" CHANGEID="11373204" HOUSENUM="17" HOUSETYPE="2" OPERTYPEID="20" PREVID="3053361" NEXTID="126732166" UPDATEDATE="2024-09-06" STARTDATE="2015-12-04" ENDDATE="2024-09-06" ISACTUAL="0" ISACTIVE="0" /><HOUSE ID="126732167" OBJECTID="6488568" OBJECTGUID="dd6226c6-e08c-4090-8c2b-8dca8eaac630" CHANGEID="600566848" HOUSENUM="16" HOUSETYPE="2" OPERTYPEID="30" PREVID="67062750" NEXTID="0" UPDATEDATE="2024-09-06" STARTDATE="2024-09-06" ENDDATE="2079-06-06" ISACTUAL="1" ISACTIVE="0" /><HOUSE ID="126732168" OBJECTID="97171007" OBJECTGUID="475c73fb-87cf-4e40-8b43-54b99147fc71" CHANGEID="600566849" HOUSENUM="6" HOUSETYPE="2" OPERTYPEID="30" PREVID="69780949" NEXTID="0" UPDATEDATE="2024-09-06" STARTDATE="2024-09-06" ENDDATE="2079-06-06" ISACTUAL="1" ISACTIVE="0" /><HOUSE ID="126732169" OBJECTID="6493415" OBJECTGUID="791dab4e-b5b1-4486-8e63-6389d61bd2b7" CHANGEID="600566850" HOUSENUM="10" HOUSETYPE="2" OPERTYPEID="30" PREVID="3056439" NEXTID="0" UPDATEDATE="2024-09-06" STARTDATE="2024-09-06" ENDDATE="2079-06-06" ISACTUAL="1" ISACTIVE="0" /><HOUSE ID="3056439" OBJECTID="6493415" OBJECTGUID="791dab4e-b5b1-4486-8e63-6389d61bd2b7" CHANGEID="11379469" HOUSENUM="10" HOUSETYPE="2" OPERTYPEID="10" PREVID="0" NEXTID="126732169" UPDATEDATE="2024-09-06" STARTDATE="2018-05-22" ENDDATE="2024-09-06" ISACTUAL="0" ISACTIVE="0" /><HOUSE ID="126732170" OBJECTID="6493261" OBJECTGUID="87ae5125-1a5a-4abf-b265-34dd270def61" CHANGEID="600566851" HOUSENUM="14" HOUSETYPE="2" OPERTYPEID="30" PREVID="3056271" NEXTID="0" UPDATEDATE="2024-09-06" STARTDATE="2024-09-06" ENDDATE="2079-06-06" ISACTUAL="1" ISACTIVE="0" /><HOUSE ID="3056271" OBJECTID="6493261" OBJECTGUID="87ae5125-1a5a-4abf-b265-34dd270def61" CHANGEID="11379239" HOUSENUM="14" HOUSETYPE="2" OPERTYPEID="10" PREVID="0" NEXTID="126732170" UPDATEDATE="2024-09-06" STARTDATE="2018-05-22" ENDDATE="2024-09-06" ISACTUAL="0" ISACTIVE="0" /><HOUSE ID="126732171" OBJECTID="6486516" OBJECTGUID="9a70a033-cd98-4302-b393-27abe6d0a619" CHANGEID="600566852" HOUSENUM="18" HOUSETYPE="2" OPERTYPEID="30" PREVID="62322986" NEXTID="0" UPDATEDATE="2024-09-06" STARTDATE="2024-09-06" ENDDATE="2079-06-06" ISACTUAL="1" ISACTIVE="0" /><HOUSE ID="62322986" OBJECTID="6486516" OBJECTGUID="9a70a033-cd98-4302-b393-27abe6d0a619" CHANGEID="11369961" HOUSENUM="18" HOUSETYPE="2" OPERTYPEID="20" PREVID="3052080" NEXTID="126732171" UPDATEDATE="2024-09-06" STARTDATE="2015-12-04" ENDDATE="2024-09-06" ISACTUAL="0" ISACTIVE="0" /><HOUSE ID="126732772" OBJECTID="83139359" OBJECTGUID="2aaf0096-5d7b-4ced-bd03-9f3d686d31ac" CHANGEID="600571072" HOUSENUM="45" HOUSETYPE="2" OPERTYPEID="30" PREVID="50310763" NEXTID="0" UPDATEDATE="2024-09-06" STARTDATE="2024-09-06" ENDDATE="2079-06-06" ISACTUAL="1" ISACTIVE="0" /><HOUSE ID="126732770" OBJECTID="59529376" OBJECTGUID="70abb086-8c9f-4d8f-b1ea-34b57d4f385a" CHANGEID="600571069" HOUSENUM="169А" HOUSETYPE="5" OPERTYPEID="20" PREVID="35646799" UPDATEDATE="2024-09-06" STARTDATE="2024-09-06" ENDDATE="2079-06-06" ISACTUAL="1" ISACTIVE="1" /><HOUSE ID="63301659" OBJECTID="83045144" OBJECTGUID="a844dbd2-5cd0-4981-9c4c-160f921df253" CHANGEID="123355132" HOUSENUM="63" ADDNUM1="Б" HOUSETYPE="2" ADDTYPE1="1" OPERTYPEID="20" PREVID="50247635" NEXTID="126733363" UPDATEDATE="2024-09-06" STARTDATE="2015-12-04" ENDDATE="2024-09-06" ISACTUAL="0" ISACTIVE="0" /><HOUSE ID="126733363" OBJECTID="83045144" OBJECTGUID="a844dbd2-5cd0-4981-9c4c-160f921df253" CHANGEID="600574561" HOUSENUM="63Б" HOUSETYPE="2" OPERTYPEID="20" PREVID="63301659" UPDATEDATE="2024-09-06" STARTDATE="2024-09-06" ENDDATE="2079-06-06" ISACTUAL="1" ISACTIVE="1" /><HOUSE ID="126733419" OBJECTID="83062596" OBJECTGUID="d4d26cc0-4861-47c3-9f0b-8643b851ea1d" CHANGEID="600575008" HOUSENUM="89" ADDNUM1="а" HOUSETYPE="2" ADDTYPE1="1" OPERTYPEID="30" PREVID="66456683" NEXTID="0" UPDATEDATE="2024-09-06" STARTDATE="2024-09-06" ENDDATE="2079-06-06" ISACTUAL="1" ISACTIVE="0" /><HOUSE ID="126733438" OBJECTID="165097829" OBJECTGUID="1c3fce36-6682-47a5-9483-9791a30ced09" CHANGEID="600575088" HOUSENUM="6" HOUSETYPE="2" OPERTYPEID="10" PREVID="0" NEXTID="0" UPDATEDATE="2024-09-06" STARTDATE="2024-09-06" ENDDATE="2079-06-06" ISACTUAL="1" ISACTIVE="1" /><HOUSE ID="126734643" OBJECTID="165102429" OBJECTGUID="b0cd7bcf-66c8-43df-b884-dc87cd45cc60" CHANGEID="600583222" HOUSENUM="2а/19" HOUSETYPE="2" OPERTYPEID="10" PREVID="0" NEXTID="0" UPDATEDATE="2024-09-06" STARTDATE="2024-09-06" ENDDATE="2079-06-06" ISACTUAL="1" ISACTIVE="1" /><HOUSE ID="61004587" OBJECTID="74566807" OBJECTGUID="87d9099c-85e2-48ad-8151-a85981065faa" CHANGEID="110975293" HOUSENUM="12б" HOUSETYPE="1" OPERTYPEID="20" PREVID="45025279" NEXTID="126734648" UPDATEDATE="2024-09-06" STARTDATE="2019-09-25" ENDDATE="2024-09-06" ISACTUAL="0" ISACTIVE="0" /><HOUSE ID="126734648" OBJECTID="74566807" OBJECTGUID="87d9099c-85e2-48ad-8151-a85981065faa" CHANGEID="600583241" HOUSENUM="12в" HOUSETYPE="2" OPERTYPEID="20" PREVID="61004587" UPDATEDATE="2024-09-06" STARTDATE="2024-09-06" ENDDATE="2079-06-06" ISACTUAL="1" ISACTIVE="1" /><HOUSE ID="126734664" OBJECTID="165102481" OBJECTGUID="5a80ce6c-ffc2-4f1d-a011-3fe88a6a9f8e" CHANGEID="600583343" HOUSENUM="3" ADDNUM1="7" HOUSETYPE="2" ADDTYPE1="2" OPERTYPEID="10" PREVID="0" NEXTID="0" UPDATEDATE="2024-09-06" STARTDATE="2024-09-06" ENDDATE="2079-06-06" ISACTUAL="1" ISACTIVE="1" /><HOUSE ID="126734650" OBJECTID="14786858" OBJECTGUID="4234d225-af3d-4d12-8e83-7bb8f0376dc2" CHANGEID="600583244" HOUSENUM="22" HOUSETYPE="2" OPERTYPEID="20" PREVID="56070223" UPDATEDATE="2024-09-06" STARTDATE="2024-09-06" ENDDATE="2079-06-06" ISACTUAL="1" ISACTIVE="1" /><HOUSE ID="126734658" OBJECTID="165102460" OBJECTGUID="f6cbbdbd-f167-4ed4-a3f2-a71894184f07" CHANGEID="600583286" HOUSENUM="3" ADDNUM1="2" HOUSETYPE="2" ADDTYPE1="2" OPERTYPEID="10" PREVID="0" NEXTID="0" UPDATEDATE="2024-09-06" STARTDATE="2024-09-06" ENDDATE="2079-06-06" ISACTUAL="1" ISACTIVE="1" /><HOUSE ID="126734661" OBJECTID="46290622" OBJECTGUID="1d429e25-4696-41bc-a5dc-146350e4acc1" CHANGEID="600583310" HOUSENUM="3" ADDNUM1="3" HOUSETYPE="2" ADDTYPE1="2" OPERTYPEID="20" PREVID="53453898" UPDATEDATE="2024-09-06" STARTDATE="2024-09-06" ENDDATE="2079-06-06" ISACTUAL="1" ISACTIVE="1" /><HOUSE ID="126734662" OBJECTID="165102475" OBJECTGUID="e6daff72-daba-4c52-ba9d-15e30e620892" CHANGEID="600583332" HOUSENUM="3" ADDNUM1="4" HOUSETYPE="2" ADDTYPE1="2" OPERTYPEID="10" PREVID="0" NEXTID="0" UPDATEDATE="2024-09-06" STARTDATE="2024-09-06" ENDDATE="2079-06-06" ISACTUAL="1" ISACTIVE="1" /><HOUSE ID="126734670" OBJECTID="165102520" OBJECTGUID="96777178-e227-4318-95bf-995577bdb88f" CHANGEID="600583392" HOUSENUM="38" ADDNUM1="1" HOUSETYPE="2" ADDTYPE1="2" OPERTYPEID="10" PREVID="0" NEXTID="0" UPDATEDATE="2024-09-06" STARTDATE="2024-09-06" ENDDATE="2079-06-06" ISACTUAL="1" ISACTIVE="1" /><HOUSE ID="126734869" OBJECTID="165103229" OBJECTGUID="75483389-d42f-45e0-acb1-d576f0356c5f" CHANGEID="600584830" HOUSENUM="69" HOUSETYPE="2" OPERTYPEID="10" PREVID="0" NEXTID="0" UPDATEDATE="2024-09-06" STARTDATE="2024-09-06" ENDDATE="2079-06-06" ISACTUAL="1" ISACTIVE="1" /><HOUSE ID="126734850" OBJECTID="165103075" OBJECTGUID="d60e825f-e9db-4930-b2bc-d29de936a8bc" CHANGEID="600584578" HOUSENUM="34" HOUSETYPE="2" OPERTYPEID="10" PREVID="0" NEXTID="0" UPDATEDATE="2024-09-06" STARTDATE="2024-09-06" ENDDATE="2079-06-06" ISACTUAL="1" ISACTIVE="1" /><HOUSE ID="126734854" OBJECTID="54926811" OBJECTGUID="ecb5c2c1-ddbb-4d38-98be-406c65c73a64" CHANGEID="600584605" HOUSENUM="80" HOUSETYPE="2" OPERTYPEID="20" PREVID="68146572" UPDATEDATE="2024-09-06" STARTDATE="2024-09-06" ENDDATE="2079-06-06" ISACTUAL="1" ISACTIVE="1" /><HOUSE ID="126734868" OBJECTID="165103211" OBJECTGUID="f866c1a5-c2f1-41cb-a110-7b98a3db134a" CHANGEID="600584791" HOUSENUM="12" HOUSETYPE="2" OPERTYPEID="10" PREVID="0" NEXTID="0" UPDATEDATE="2024-09-06" STARTDATE="2024-09-06" ENDDATE="2079-06-06" ISACTUAL="1" ISACTIVE="1" /><HOUSE ID="66411175" OBJECTID="18712631" OBJECTGUID="d4297238-095c-4e0b-888e-f33d7e340d01" CHANGEID="29414623" HOUSENUM="1" ADDNUM1="А" HOUSETYPE="2" ADDTYPE1="1" OPERTYPEID="20" PREVID="10791424" NEXTID="126734877" UPDATEDATE="2024-09-06" STARTDATE="2015-12-04" ENDDATE="2024-09-06" ISACTUAL="0" ISACTIVE="0" /><HOUSE ID="126734877" OBJECTID="18712631" OBJECTGUID="d4297238-095c-4e0b-888e-f33d7e340d01" CHANGEID="600584901" HOUSENUM="1А" HOUSETYPE="2" OPERTYPEID="20" PREVID="66411175" UPDATEDATE="2024-09-06" STARTDATE="2024-09-06" ENDDATE="2079-06-06" ISACTUAL="1" ISACTIVE="1" /><HOUSE ID="126735345" OBJECTID="165104152" OBJECTGUID="967ef24a-ca29-40ea-9de8-8df757f34b00" CHANGEID="600586524" HOUSENUM="139" HOUSETYPE="2" OPERTYPEID="10" PREVID="0" NEXTID="0" UPDATEDATE="2024-09-06" STARTDATE="2024-09-06" ENDDATE="2079-06-06" ISACTUAL="1" ISACTIVE="1" /><HOUSE ID="54564674" OBJECTID="18708056" OBJECTGUID="2cee740d-3344-48d1-8a53-a75b07a5f4f9" CHANGEID="29406984" HOUSENUM="28" ADDNUM1="А" HOUSETYPE="2" ADDTYPE1="1" OPERTYPEID="20" PREVID="10788279" NEXTID="126735350" UPDATEDATE="2024-09-06" STARTDATE="2015-12-04" ENDDATE="2024-09-06" ISACTUAL="0" ISACTIVE="0" /><HOUSE ID="126735350" OBJECTID="18708056" OBJECTGUID="2cee740d-3344-48d1-8a53-a75b07a5f4f9" CHANGEID="600586557" HOUSENUM="28А" HOUSETYPE="2" OPERTYPEID="20" PREVID="54564674" UPDATEDATE="2024-09-06" STARTDATE="2024-09-06" ENDDATE="2079-06-06" ISACTUAL="1" ISACTIVE="1" /><HOUSE ID="126735355" OBJECTID="165104240" OBJECTGUID="44c44b94-abc5-4e9e-80d9-607e29800956" CHANGEID="600586640" HOUSENUM="81а" ADDNUM1="1" HOUSETYPE="2" ADDTYPE1="2" OPERTYPEID="10" PREVID="0" NEXTID="0" UPDATEDATE="2024-09-06" STARTDATE="2024-09-06" ENDDATE="2079-06-06" ISACTUAL="1" ISACTIVE="1" /><HOUSE ID="126735361" OBJECTID="18706714" OBJECTGUID="50a65892-e1fa-4e85-bd41-4e6a2c47df5b" CHANGEID="600586686" HOUSENUM="30А" HOUSETYPE="2" OPERTYPEID="20" PREVID="57092597" UPDATEDATE="2024-09-06" STARTDATE="2024-09-06" ENDDATE="2079-06-06" ISACTUAL="1" ISACTIVE="1" /><HOUSE ID="126735363" OBJECTID="165104264" OBJECTGUID="c17de70d-65d0-4746-8e3d-67f0f765920b" CHANGEID="600586688" HOUSENUM="81а" HOUSETYPE="2" OPERTYPEID="10" PREVID="0" NEXTID="0" UPDATEDATE="2024-09-06" STARTDATE="2024-09-06" ENDDATE="2079-06-06" ISACTUAL="1" ISACTIVE="1" /><HOUSE ID="56145428" OBJECTID="18714191" OBJECTGUID="43427f32-2cb2-4e91-a35f-fd788f0b0056" CHANGEID="29415641" HOUSENUM="33" ADDNUM1="А" HOUSETYPE="2" ADDTYPE1="1" OPERTYPEID="20" PREVID="10792023" NEXTID="126735370" UPDATEDATE="2024-09-06" STARTDATE="2015-12-04" ENDDATE="2024-09-06" ISACTUAL="0" ISACTIVE="0" /><HOUSE ID="126735370" OBJECTID="18714191" OBJECTGUID="43427f32-2cb2-4e91-a35f-fd788f0b0056" CHANGEID="600586760" HOUSENUM="33А" HOUSETYPE="2" OPERTYPEID="20" PREVID="56145428" UPDATEDATE="2024-09-06" STARTDATE="2024-09-06" ENDDATE="2079-06-06" ISACTUAL="1" ISACTIVE="1" /><HOUSE ID="126735371" OBJECTID="165104307" OBJECTGUID="a809f055-e0ea-46e1-9bb5-b2f775344933" CHANGEID="600586761" HOUSENUM="28" HOUSETYPE="2" OPERTYPEID="10" PREVID="0" NEXTID="0" UPDATEDATE="2024-09-06" STARTDATE="2024-09-06" ENDDATE="2079-06-06" ISACTUAL="1" ISACTIVE="1" /><HOUSE ID="126735380" OBJECTID="165104336" OBJECTGUID="7f37dfb5-badb-4557-841e-a9cc12e258f7" CHANGEID="600586808" HOUSENUM="241" HOUSETYPE="2" OPERTYPEID="10" PREVID="0" NEXTID="0" UPDATEDATE="2024-09-06" STARTDATE="2024-09-06" ENDDATE="2079-06-06" ISACTUAL="1" ISACTIVE="1" /><HOUSE ID="126735387" OBJECTID="28955187" OBJECTGUID="beabbc6b-16ad-47d0-b6a0-4b92909e4025" CHANGEID="600586843" HOUSENUM="13" HOUSETYPE="2" OPERTYPEID="20" PREVID="64889676" UPDATEDATE="2024-09-06" STARTDATE="2024-09-06" ENDDATE="2079-06-06" ISACTUAL="1" ISACTIVE="1" /><HOUSE ID="126735388" OBJECTID="165104359" OBJECTGUID="aa52fc89-9a01-48e6-b1aa-0bc1eb5f561a" CHANGEID="600586848" HOUSENUM="54" HOUSETYPE="2" OPERTYPEID="10" PREVID="0" NEXTID="0" UPDATEDATE="2024-09-06" STARTDATE="2024-09-06" ENDDATE="2079-06-06" ISACTUAL="1" ISACTIVE="1" /><HOUSE ID="51956379" OBJECTID="52559803" OBJECTGUID="081aec7a-b610-47d6-b166-82cf5b1f6769" CHANGEID="78735804" HOUSENUM="1" ADDNUM1="В" HOUSETYPE="2" ADDTYPE1="1" OPERTYPEID="20" PREVID="31399661" NEXTID="126735400" UPDATEDATE="2024-09-06" STARTDATE="2015-12-04" ENDDATE="2024-09-06" ISACTUAL="0" ISACTIVE="0" /><HOUSE ID="126735400" OBJECTID="52559803" OBJECTGUID="081aec7a-b610-47d6-b166-82cf5b1f6769" CHANGEID="600586949" HOUSENUM="1В" HOUSETYPE="2" OPERTYPEID="20" PREVID="51956379" UPDATEDATE="2024-09-06" STARTDATE="2024-09-06" ENDDATE="2079-06-06" ISACTUAL="1" ISACTIVE="1" /><HOUSE ID="126735408" OBJECTID="165104445" OBJECTGUID="442634fd-ed44-4e5b-9c2a-a396583a6f09" CHANGEID="600586990" HOUSENUM="30" HOUSETYPE="2" OPERTYPEID="10" PREVID="0" NEXTID="0" UPDATEDATE="2024-09-06" STARTDATE="2024-09-06" ENDDATE="2079-06-06" ISACTUAL="1" ISACTIVE="1" /><HOUSE ID="126735392" OBJECTID="165104366" OBJECTGUID="9876e767-4e0f-4dea-96fb-8e0f7db64ab9" CHANGEID="600586863" HOUSENUM="10а" ADDNUM1="2" HOUSETYPE="2" ADDTYPE1="2" OPERTYPEID="10" PREVID="0" NEXTID="0" UPDATEDATE="2024-09-06" STARTDATE="2024-09-06" ENDDATE="2079-06-06" ISACTUAL="1" ISACTIVE="1" /><HOUSE ID="126735397" OBJECTID="38255686" OBJECTGUID="f6d20cec-d8c9-41ed-9a2b-096c34cba784" CHANGEID="600586906" HOUSENUM="65" HOUSETYPE="2" OPERTYPEID="20" PREVID="68863255" UPDATEDATE="2024-09-06" STARTDATE="2024-09-06" ENDDATE="2079-06-06" ISACTUAL="1" ISACTIVE="1" /><HOUSE ID="126735415" OBJECTID="52562468" OBJECTGUID="fc3ac4ca-3bf4-46eb-a5d4-b27742392c60" CHANGEID="600587035" HOUSENUM="1Г" HOUSETYPE="2" OPERTYPEID="20" PREVID="69247279" UPDATEDATE="2024-09-06" STARTDATE="2024-09-06" ENDDATE="2079-06-06" ISACTUAL="1" ISACTIVE="1" /><HOUSE ID="63517440" OBJECTID="52538923" OBJECTGUID="ab513306-8126-43fe-a8b7-073e7250c130" CHANGEID="78710898" HOUSENUM="2" ADDNUM1="А" HOUSETYPE="2" ADDTYPE1="1" OPERTYPEID="20" PREVID="31388664" NEXTID="126735430" UPDATEDATE="2024-09-06" STARTDATE="2015-12-04" ENDDATE="2024-09-06" ISACTUAL="0" ISACTIVE="0" /><HOUSE ID="126735430" OBJECTID="52538923" OBJECTGUID="ab513306-8126-43fe-a8b7-073e7250c130" CHANGEID="600587131" HOUSENUM="2А" HOUSETYPE="2" OPERTYPEID="20" PREVID="63517440" UPDATEDATE="2024-09-06" STARTDATE="2024-09-06" ENDDATE="2079-06-06" ISACTUAL="1" ISACTIVE="1" /><HOUSE ID="60936830" OBJECTID="77877155" OBJECTGUID="86e49d8a-d7ed-4961-8a69-3f0492383ca2" CHANGEID="115783725" HOUSENUM="14" ADDNUM1="А" HOUSETYPE="2" ADDTYPE1="1" OPERTYPEID="20" PREVID="47046179" NEXTID="126735839" UPDATEDATE="2024-09-06" STARTDATE="2015-12-04" ENDDATE="2024-09-06" ISACTUAL="0" ISACTIVE="0" /><HOUSE ID="126735839" OBJECTID="77877155" OBJECTGUID="86e49d8a-d7ed-4961-8a69-3f0492383ca2" CHANGEID="600588350" HOUSENUM="14А" HOUSETYPE="2" OPERTYPEID="20" PREVID="60936830" UPDATEDATE="2024-09-06" STARTDATE="2024-09-06" ENDDATE="2079-06-06" ISACTUAL="1" ISACTIVE="1" /><HOUSE ID="63945428" OBJECTID="81701072" OBJECTGUID="b15ced3c-f3f2-4399-90f9-79112eaae4ca" CHANGEID="121401035" HOUSENUM="11" ADDNUM1="А" HOUSETYPE="2" ADDTYPE1="1" OPERTYPEID="20" PREVID="49443655" NEXTID="126735858" UPDATEDATE="2024-09-06" STARTDATE="2015-12-04" ENDDATE="2024-09-06" ISACTUAL="0" ISACTIVE="0" /><HOUSE ID="126735858" OBJECTID="81701072" OBJECTGUID="b15ced3c-f3f2-4399-90f9-79112eaae4ca" CHANGEID="600588433" HOUSENUM="11А" HOUSETYPE="2" OPERTYPEID="20" PREVID="63945428" UPDATEDATE="2024-09-06" STARTDATE="2024-09-06" ENDDATE="2079-06-06" ISACTUAL="1" ISACTIVE="1" /><HOUSE ID="126735870" OBJECTID="49074766" OBJECTGUID="51adbb79-cf98-4b3d-bd2b-41860a136476" CHANGEID="600588542" HOUSENUM="2" ADDNUM1="А" HOUSETYPE="2" ADDTYPE1="1" OPERTYPEID="30" PREVID="57166693" NEXTID="0" UPDATEDATE="2024-09-06" STARTDATE="2024-09-06" ENDDATE="2079-06-06" ISACTUAL="1" ISACTIVE="0" /><HOUSE ID="126738805" OBJECTID="165116401" OBJECTGUID="9e5a9d51-7aff-45b8-91eb-821dbf9d3112" CHANGEID="600736754" HOUSENUM="74а" ADDNUM1="1" HOUSETYPE="5" ADDTYPE1="2" OPERTYPEID="10" PREVID="0" NEXTID="0" UPDATEDATE="2024-09-09" STARTDATE="2024-09-09" ENDDATE="2079-06-06" ISACTUAL="1" ISACTIVE="1" /><HOUSE ID="126738806" OBJECTID="165116419" OBJECTGUID="3e880f1a-9efd-4de2-b81f-3889f0b8bcec" CHANGEID="600736790" HOUSENUM="50а" HOUSETYPE="2" OPERTYPEID="10" PREVID="0" NEXTID="0" UPDATEDATE="2024-09-09" STARTDATE="2024-09-09" ENDDATE="2079-06-06" ISACTUAL="1" ISACTIVE="1" /><HOUSE ID="126738807" OBJECTID="165116421" OBJECTGUID="f71a8f96-cf23-4dfa-bba1-2377234d1869" CHANGEID="600736792" HOUSENUM="6н" HOUSETYPE="2" OPERTYPEID="10" PREVID="0" NEXTID="0" UPDATEDATE="2024-09-09" STARTDATE="2024-09-09" ENDDATE="2079-06-06" ISACTUAL="1" ISACTIVE="1" /><HOUSE ID="126738817" OBJECTID="165116485" OBJECTGUID="e2de4b7d-00fd-4fce-83fe-f2f191e27ece" CHANGEID="600736904" HOUSENUM="81а" ADDNUM1="1" HOUSETYPE="2" ADDTYPE1="2" OPERTYPEID="10" PREVID="0" NEXTID="0" UPDATEDATE="2024-09-09" STARTDATE="2024-09-09" ENDDATE="2079-06-06" ISACTUAL="1" ISACTIVE="1" /><HOUSE ID="126738845" OBJECTID="14521752" OBJECTGUID="f9ff6180-49cd-4d1b-8307-c6e4cd3f56ea" CHANGEID="600737078" HOUSENUM="7" ADDNUM1="2" HOUSETYPE="1" ADDTYPE1="2" OPERTYPEID="30" PREVID="8111552" NEXTID="0" UPDATEDATE="2024-09-09" STARTDATE="2024-09-09" ENDDATE="2079-06-06" ISACTUAL="1" ISACTIVE="0" /><HOUSE ID="8111552" OBJECTID="14521752" OBJECTGUID="f9ff6180-49cd-4d1b-8307-c6e4cd3f56ea" CHANGEID="23217739" HOUSENUM="7" ADDNUM1="2" HOUSETYPE="1" ADDTYPE1="2" OPERTYPEID="10" PREVID="0" NEXTID="126738845" UPDATEDATE="2024-09-09" STARTDATE="1900-01-01" ENDDATE="2024-09-09" ISACTUAL="0" ISACTIVE="0" /><HOUSE ID="126738846" OBJECTID="14521722" OBJECTGUID="a6998fd0-ad18-4812-bdab-b259507477fc" CHANGEID="600737079" HOUSENUM="4" ADDNUM1="2" HOUSETYPE="1" ADDTYPE1="2" OPERTYPEID="30" PREVID="8111536" NEXTID="0" UPDATEDATE="2024-09-09" STARTDATE="2024-09-09" ENDDATE="2079-06-06" ISACTUAL="1" ISACTIVE="0" /><HOUSE ID="8111536" OBJECTID="14521722" OBJECTGUID="a6998fd0-ad18-4812-bdab-b259507477fc" CHANGEID="23217704" HOUSENUM="4" ADDNUM1="2" HOUSETYPE="1" ADDTYPE1="2" OPERTYPEID="10" PREVID="0" NEXTID="126738846" UPDATEDATE="2024-09-09" STARTDATE="1900-01-01" ENDDATE="2024-09-09" ISACTUAL="0" ISACTIVE="0" /><HOUSE ID="126738847" OBJECTID="14521571" OBJECTGUID="635b5aee-7478-4e2f-80af-a8689c213410" CHANGEID="600737080" HOUSENUM="6" ADDNUM1="2" HOUSETYPE="1" ADDTYPE1="2" OPERTYPEID="30" PREVID="8111416" NEXTID="0" UPDATEDATE="2024-09-09" STARTDATE="2024-09-09" ENDDATE="2079-06-06" ISACTUAL="1" ISACTIVE="0" /><HOUSE ID="8111416" OBJECTID="14521571" OBJECTGUID="635b5aee-7478-4e2f-80af-a8689c213410" CHANGEID="23217445" HOUSENUM="6" ADDNUM1="2" HOUSETYPE="1" ADDTYPE1="2" OPERTYPEID="10" PREVID="0" NEXTID="126738847" UPDATEDATE="2024-09-09" STARTDATE="1900-01-01" ENDDATE="2024-09-09" ISACTUAL="0" ISACTIVE="0" /><HOUSE ID="126738848" OBJECTID="14521523" OBJECTGUID="ca76f232-fd78-4754-a097-9bffd075b98c" CHANGEID="600737081" HOUSENUM="5" ADDNUM1="2" HOUSETYPE="1" ADDTYPE1="2" OPERTYPEID="30" PREVID="8111364" NEXTID="0" UPDATEDATE="2024-09-09" STARTDATE="2024-09-09" ENDDATE="2079-06-06" ISACTUAL="1" ISACTIVE="0" /><HOUSE ID="8111364" OBJECTID="14521523" OBJECTGUID="ca76f232-fd78-4754-a097-9bffd075b98c" CHANGEID="23217357" HOUSENUM="5" ADDNUM1="2" HOUSETYPE="1" ADDTYPE1="2" OPERTYPEID="10" PREVID="0" NEXTID="126738848" UPDATEDATE="2024-09-09" STARTDATE="1900-01-01" ENDDATE="2024-09-09" ISACTUAL="0" ISACTIVE="0" /><HOUSE ID="126738849" OBJECTID="14521245" OBJECTGUID="fc45ca66-6b91-4999-98a8-8db73a20cd1b" CHANGEID="600737082" HOUSENUM="3" ADDNUM1="2" HOUSETYPE="1" ADDTYPE1="2" OPERTYPEID="30" PREVID="8111187" NEXTID="0" UPDATEDATE="2024-09-09" STARTDATE="2024-09-09" ENDDATE="2079-06-06" ISACTUAL="1" ISACTIVE="0" /><HOUSE ID="8111187" OBJECTID="14521245" OBJECTGUID="fc45ca66-6b91-4999-98a8-8db73a20cd1b" CHANGEID="23216865" HOUSENUM="3" ADDNUM1="2" HOUSETYPE="1" ADDTYPE1="2" OPERTYPEID="10" PREVID="0" NEXTID="126738849" UPDATEDATE="2024-09-09" STARTDATE="1900-01-01" ENDDATE="2024-09-09" ISACTUAL="0" ISACTIVE="0" /><HOUSE ID="126738850" OBJECTID="14520992" OBJECTGUID="5fb4ded0-5799-45c1-8b8a-8cc79c3b4b4e" CHANGEID="600737083" HOUSENUM="8" ADDNUM1="а" HOUSETYPE="1" ADDTYPE1="4" OPERTYPEID="30" PREVID="8111045" NEXTID="0" UPDATEDATE="2024-09-09" STARTDATE="2024-09-09" ENDDATE="2079-06-06" ISACTUAL="1" ISACTIVE="0" /><HOUSE ID="8111045" OBJECTID="14520992" OBJECTGUID="5fb4ded0-5799-45c1-8b8a-8cc79c3b4b4e" CHANGEID="23216504" HOUSENUM="8" ADDNUM1="а" HOUSETYPE="1" ADDTYPE1="4" OPERTYPEID="10" PREVID="0" NEXTID="126738850" UPDATEDATE="2024-09-09" STARTDATE="1900-01-01" ENDDATE="2024-09-09" ISACTUAL="0" ISACTIVE="0" /><HOUSE ID="126738851" OBJECTID="14520746" OBJECTGUID="43f19e90-d077-4ce5-8bb9-82db483b3ac5" CHANGEID="600737084" HOUSENUM="11" ADDNUM1="а" HOUSETYPE="1" ADDTYPE1="4" OPERTYPEID="30" PREVID="8110793" NEXTID="0" UPDATEDATE="2024-09-09" STARTDATE="2024-09-09" ENDDATE="2079-06-06" ISACTUAL="1" ISACTIVE="0" /><HOUSE ID="8110793" OBJECTID="14520746" OBJECTGUID="43f19e90-d077-4ce5-8bb9-82db483b3ac5" CHANGEID="23216094" HOUSENUM="11" ADDNUM1="а" HOUSETYPE="1" ADDTYPE1="4" OPERTYPEID="10" PREVID="0" NEXTID="126738851" UPDATEDATE="2024-09-09" STARTDATE="1900-01-01" ENDDATE="2024-09-09" ISACTUAL="0" ISACTIVE="0" /><HOUSE ID="126738852" OBJECTID="14520593" OBJECTGUID="ecde3ed6-ccbd-42d6-be2e-66473ed2cc51" CHANGEID="600737085" HOUSENUM="2" ADDNUM1="2" HOUSETYPE="1" ADDTYPE1="2" OPERTYPEID="30" PREVID="8110672" NEXTID="0" UPDATEDATE="2024-09-09" STARTDATE="2024-09-09" ENDDATE="2079-06-06" ISACTUAL="1" ISACTIVE="0" /><HOUSE ID="8110672" OBJECTID="14520593" OBJECTGUID="ecde3ed6-ccbd-42d6-be2e-66473ed2cc51" CHANGEID="23215836" HOUSENUM="2" ADDNUM1="2" HOUSETYPE="1" ADDTYPE1="2" OPERTYPEID="10" PREVID="0" NEXTID="126738852" UPDATEDATE="2024-09-09" STARTDATE="1900-01-01" ENDDATE="2024-09-09" ISACTUAL="0" ISACTIVE="0" /><HOUSE ID="126738853" OBJECTID="14520397" OBJECTGUID="b21de05e-4780-49ae-8084-5e821e47c6aa" CHANGEID="600737086" HOUSENUM="12" ADDNUM1="2" HOUSETYPE="1" ADDTYPE1="2" OPERTYPEID="30" PREVID="8110560" NEXTID="0" UPDATEDATE="2024-09-09" STARTDATE="2024-09-09" ENDDATE="2079-06-06" ISACTUAL="1" ISACTIVE="0" /><HOUSE ID="8110560" OBJECTID="14520397" OBJECTGUID="b21de05e-4780-49ae-8084-5e821e47c6aa" CHANGEID="23215556" HOUSENUM="12" ADDNUM1="2" HOUSETYPE="1" ADDTYPE1="2" OPERTYPEID="10" PREVID="0" NEXTID="126738853" UPDATEDATE="2024-09-09" STARTDATE="1900-01-01" ENDDATE="2024-09-09" ISACTUAL="0" ISACTIVE="0" /><HOUSE ID="126738854" OBJECTID="14519970" OBJECTGUID="4d1ae45d-6230-41e0-a297-2662aa792250" CHANGEID="600737087" HOUSENUM="11" ADDNUM1="2" HOUSETYPE="1" ADDTYPE1="2" OPERTYPEID="30" PREVID="8110259" NEXTID="0" UPDATEDATE="2024-09-09" STARTDATE="2024-09-09" ENDDATE="2079-06-06" ISACTUAL="1" ISACTIVE="0" /><HOUSE ID="8110259" OBJECTID="14519970" OBJECTGUID="4d1ae45d-6230-41e0-a297-2662aa792250" CHANGEID="23214974" HOUSENUM="11" ADDNUM1="2" HOUSETYPE="1" ADDTYPE1="2" OPERTYPEID="10" PREVID="0" NEXTID="126738854" UPDATEDATE="2024-09-09" STARTDATE="1900-01-01" ENDDATE="2024-09-09" ISACTUAL="0" ISACTIVE="0" /><HOUSE ID="126738855" OBJECTID="14519409" OBJECTGUID="0dbe0748-676f-4eae-8011-244493274cdb" CHANGEID="600737088" HOUSENUM="13" ADDNUM1="2" HOUSETYPE="1" ADDTYPE1="2" OPERTYPEID="30" PREVID="8110050" NEXTID="0" UPDATEDATE="2024-09-09" STARTDATE="2024-09-09" ENDDATE="2079-06-06" ISACTUAL="1" ISACTIVE="0" /><HOUSE ID="8110050" OBJECTID="14519409" OBJECTGUID="0dbe0748-676f-4eae-8011-244493274cdb" CHANGEID="23214210" HOUSENUM="13" ADDNUM1="2" HOUSETYPE="1" ADDTYPE1="2" OPERTYPEID="10" PREVID="0" NEXTID="126738855" UPDATEDATE="2024-09-09" STARTDATE="1900-01-01" ENDDATE="2024-09-09" ISACTUAL="0" ISACTIVE="0" /><HOUSE ID="126738856" OBJECTID="14519010" OBJECTGUID="3611d940-2d4c-4d9a-9fa5-131d1525865b" CHANGEID="600737089" HOUSENUM="8" ADDNUM1="2" HOUSETYPE="1" ADDTYPE1="2" OPERTYPEID="30" PREVID="8109776" NEXTID="0" UPDATEDATE="2024-09-09" STARTDATE="2024-09-09" ENDDATE="2079-06-06" ISACTUAL="1" ISACTIVE="0" /><HOUSE ID="8109776" OBJECTID="14519010" OBJECTGUID="3611d940-2d4c-4d9a-9fa5-131d1525865b" CHANGEID="23213634" HOUSENUM="8" ADDNUM1="2" HOUSETYPE="1" ADDTYPE1="2" OPERTYPEID="10" PREVID="0" NEXTID="126738856" UPDATEDATE="2024-09-09" STARTDATE="1900-01-01" ENDDATE="2024-09-09" ISACTUAL="0" ISACTIVE="0" /><HOUSE ID="126738858" OBJECTID="165116557" OBJECTGUID="420354cf-3fd8-4b10-a42e-2eb43e88a284" CHANGEID="600737095" HOUSENUM="12" HOUSETYPE="8" OPERTYPEID="10" PREVID="0" NEXTID="0" UPDATEDATE="2024-09-09" STARTDATE="2024-09-09" ENDDATE="2079-06-06" ISACTUAL="1" ISACTIVE="1" /><HOUSE ID="126738859" OBJECTID="73981693" OBJECTGUID="dff07086-226a-4077-a140-71a0c4b8374b" CHANGEID="600737103" HOUSENUM="3" ADDNUM1="а" HOUSETYPE="1" ADDTYPE1="4" OPERTYPEID="30" PREVID="44669959" NEXTID="0" UPDATEDATE="2024-09-09" STARTDATE="2024-09-09" ENDDATE="2079-06-06" ISACTUAL="1" ISACTIVE="0" /><HOUSE ID="126738857" OBJECTID="165116554" OBJECTGUID="66d94a10-58c6-4d7e-80cc-fd669663c1c4" CHANGEID="600737090" HOUSENUM="12" HOUSETYPE="2" OPERTYPEID="10" PREVID="0" NEXTID="0" UPDATEDATE="2024-09-09" STARTDATE="2024-09-09" ENDDATE="2079-06-06" ISACTUAL="1" ISACTIVE="1" /><HOUSE ID="126738860" OBJECTID="37319248" OBJECTGUID="8408f3b0-12b2-41bc-ba02-c13510c11104" CHANGEID="600737104" HOUSENUM="5" ADDNUM1="1" HOUSETYPE="1" ADDTYPE1="2" OPERTYPEID="30" PREVID="22257769" NEXTID="0" UPDATEDATE="2024-09-09" STARTDATE="2024-09-09" ENDDATE="2079-06-06" ISACTUAL="1" ISACTIVE="0" /><HOUSE ID="126738861" OBJECTID="37319156" OBJECTGUID="6f2e7015-fbed-4ded-bafd-2f75bd8f5363" CHANGEID="600737105" HOUSENUM="5" ADDNUM1="а" HOUSETYPE="1" ADDTYPE1="4" OPERTYPEID="30" PREVID="22257678" NEXTID="0" UPDATEDATE="2024-09-09" STARTDATE="2024-09-09" ENDDATE="2079-06-06" ISACTUAL="1" ISACTIVE="0" /><HOUSE ID="22257678" OBJECTID="37319156" OBJECTGUID="6f2e7015-fbed-4ded-bafd-2f75bd8f5363" CHANGEID="56624418" HOUSENUM="5" ADDNUM1="а" HOUSETYPE="1" ADDTYPE1="4" OPERTYPEID="10" PREVID="0" NEXTID="126738861" UPDATEDATE="2024-09-09" STARTDATE="1900-01-01" ENDDATE="2024-09-09" ISACTUAL="0" ISACTIVE="0" /><HOUSE ID="126738862" OBJECTID="37319080" OBJECTGUID="b533452e-caaa-40c2-ad2b-05ff3c1a445a" CHANGEID="600737106" HOUSENUM="4" ADDNUM1="а" HOUSETYPE="1" ADDTYPE1="4" OPERTYPEID="30" PREVID="22257620" NEXTID="0" UPDATEDATE="2024-09-09" STARTDATE="2024-09-09" ENDDATE="2079-06-06" ISACTUAL="1" ISACTIVE="0" /><HOUSE ID="22257620" OBJECTID="37319080" OBJECTGUID="b533452e-caaa-40c2-ad2b-05ff3c1a445a" CHANGEID="56624306" HOUSENUM="4" ADDNUM1="а" HOUSETYPE="1" ADDTYPE1="4" OPERTYPEID="10" PREVID="0" NEXTID="126738862" UPDATEDATE="2024-09-09" STARTDATE="1900-01-01" ENDDATE="2024-09-09" ISACTUAL="0" ISACTIVE="0" /><HOUSE ID="126738912" OBJECTID="165116990" OBJECTGUID="9a0473d1-996f-43b5-8d90-d7243e07e414" CHANGEID="600737848" HOUSENUM="17а" HOUSETYPE="2" OPERTYPEID="10" PREVID="0" NEXTID="0" UPDATEDATE="2024-09-09" STARTDATE="2024-09-09" ENDDATE="2079-06-06" ISACTUAL="1" ISACTIVE="1" /><HOUSE ID="126738959" OBJECTID="165117427" OBJECTGUID="769c0927-8b5c-4bc3-90a6-b892a940ed2a" CHANGEID="600738711" HOUSENUM="195а" HOUSETYPE="2" OPERTYPEID="10" PREVID="0" NEXTID="0" UPDATEDATE="2024-09-09" STARTDATE="2024-09-09" ENDDATE="2079-06-06" ISACTUAL="1" ISACTIVE="1" /><HOUSE ID="126738957" OBJECTID="165117424" OBJECTGUID="20e04827-f9e0-46af-9157-fb2ab21301db" CHANGEID="600738708" HOUSENUM="4916" HOUSETYPE="2" OPERTYPEID="10" PREVID="0" NEXTID="0" UPDATEDATE="2024-09-09" STARTDATE="2024-09-09" ENDDATE="2079-06-06" ISACTUAL="1" ISACTIVE="1" /><HOUSE ID="126738958" OBJECTID="165117426" OBJECTGUID="58324333-bc6d-4780-93f9-6488cae8aad5" CHANGEID="600738710" HOUSENUM="119а" HOUSETYPE="2" OPERTYPEID="10" PREVID="0" NEXTID="0" UPDATEDATE="2024-09-09" STARTDATE="2024-09-09" ENDDATE="2079-06-06" ISACTUAL="1" ISACTIVE="1" /><HOUSE ID="126738960" OBJECTID="165117428" OBJECTGUID="a7faac6d-c9b4-435d-a3e8-5e14491716cd" CHANGEID="600738712" HOUSENUM="5а" HOUSETYPE="2" OPERTYPEID="10" PREVID="0" NEXTID="0" UPDATEDATE="2024-09-09" STARTDATE="2024-09-09" ENDDATE="2079-06-06" ISACTUAL="1" ISACTIVE="1" /><HOUSE ID="126738961" OBJECTID="165117429" OBJECTGUID="5e170621-602a-42c3-b11e-037d8aa57f3d" CHANGEID="600738713" HOUSENUM="5а" ADDNUM1="1" HOUSETYPE="2" ADDTYPE1="2" OPERTYPEID="10" PREVID="0" NEXTID="0" UPDATEDATE="2024-09-09" STARTDATE="2024-09-09" ENDDATE="2079-06-06" ISACTUAL="1" ISACTIVE="1" /><HOUSE ID="126738963" OBJECTID="165117448" OBJECTGUID="01b10fa5-65de-4317-821a-f00ad0460f07" CHANGEID="600738733" HOUSENUM="4201" HOUSETYPE="2" OPERTYPEID="10" PREVID="0" NEXTID="0" UPDATEDATE="2024-09-09" STARTDATE="2024-09-09" ENDDATE="2079-06-06" ISACTUAL="1" ISACTIVE="1" /><HOUSE ID="126738965" OBJECTID="165117484" OBJECTGUID="64c86ce9-2bca-4414-b84b-cad6a9f5c187" CHANGEID="600738774" HOUSENUM="6125" HOUSETYPE="2" OPERTYPEID="10" PREVID="0" NEXTID="0" UPDATEDATE="2024-09-09" STARTDATE="2024-09-09" ENDDATE="2079-06-06" ISACTUAL="1" ISACTIVE="1" /><HOUSE ID="126738967" OBJECTID="165117488" OBJECTGUID="5c4eff36-8fff-46e2-bbf8-4f8eab5577d4" CHANGEID="600738778" HOUSENUM="44" HOUSETYPE="2" OPERTYPEID="10" PREVID="0" NEXTID="0" UPDATEDATE="2024-09-09" STARTDATE="2024-09-09" ENDDATE="2079-06-06" ISACTUAL="1" ISACTIVE="1" /><HOUSE ID="126739040" OBJECTID="33787863" OBJECTGUID="73764164-189c-4e38-b031-ce64bb436858" CHANGEID="600740340" HOUSENUM="12" HOUSETYPE="2" OPERTYPEID="30" PREVID="59560385" NEXTID="0" UPDATEDATE="2024-09-09" STARTDATE="2024-09-09" ENDDATE="2079-06-06" ISACTUAL="1" ISACTIVE="0" /><HOUSE ID="126739207" OBJECTID="165119383" OBJECTGUID="c348b2b9-d502-4065-a42d-27e1667d9708" CHANGEID="600741636" HOUSENUM="48Б" HOUSETYPE="5" OPERTYPEID="10" PREVID="0" NEXTID="0" UPDATEDATE="2024-09-09" STARTDATE="2024-09-09" ENDDATE="2079-06-06" ISACTUAL="1" ISACTIVE="1" /><HOUSE ID="126739212" OBJECTID="165119403" OBJECTGUID="72ee1524-9bf0-46ed-92b5-1d5d6845411a" CHANGEID="600741662" HOUSENUM="5" ADDNUM1="2" HOUSETYPE="2" ADDTYPE1="2" OPERTYPEID="10" PREVID="0" NEXTID="0" UPDATEDATE="2024-09-09" STARTDATE="2024-09-09" ENDDATE="2079-06-06" ISACTUAL="1" ISACTIVE="1" /><HOUSE ID="126739211" OBJECTID="165119402" OBJECTGUID="3f461a3c-b82b-4acf-9a09-be461614255b" CHANGEID="600741661" HOUSENUM="2а" HOUSETYPE="2" OPERTYPEID="10" PREVID="0" NEXTID="0" UPDATEDATE="2024-09-09" STARTDATE="2024-09-09" ENDDATE="2079-06-06" ISACTUAL="1" ISACTIVE="1" /><HOUSE ID="126740985" OBJECTID="165127391" OBJECTGUID="7d4b7f8e-7212-48dc-a602-2d45d8e5f19a" CHANGEID="600754247" HOUSENUM="5191" HOUSETYPE="2" OPERTYPEID="10" PREVID="0" NEXTID="0" UPDATEDATE="2024-09-09" STARTDATE="2024-09-09" ENDDATE="2079-06-06" ISACTUAL="1" ISACTIVE="1" /><HOUSE ID="126740988" OBJECTID="165127433" OBJECTGUID="976888d9-3549-4645-8ba5-d28a3497d1f9" CHANGEID="600754294" HOUSENUM="45" HOUSETYPE="2" OPERTYPEID="10" PREVID="0" NEXTID="0" UPDATEDATE="2024-09-09" STARTDATE="2024-09-09" ENDDATE="2079-06-06" ISACTUAL="1" ISACTIVE="1" /><HOUSE ID="126742181" OBJECTID="165133259" OBJECTGUID="01116abd-99e9-4fcf-9a15-855f7465d119" CHANGEID="600763277" HOUSENUM="5459" HOUSETYPE="2" OPERTYPEID="10" PREVID="0" NEXTID="0" UPDATEDATE="2024-09-09" STARTDATE="2024-09-09" ENDDATE="2079-06-06" ISACTUAL="1" ISACTIVE="1" /><HOUSE ID="126742243" OBJECTID="165133687" OBJECTGUID="20b46bec-c165-47e6-920c-25711ec9fed5" CHANGEID="600763905" HOUSENUM="7" ADDNUM1="3" HOUSETYPE="2" ADDTYPE1="3" OPERTYPEID="10" PREVID="0" NEXTID="0" UPDATEDATE="2024-09-09" STARTDATE="2024-09-09" ENDDATE="2079-06-06" ISACTUAL="1" ISACTIVE="1" /><HOUSE ID="126742365" OBJECTID="165134673" OBJECTGUID="1118b70d-4773-45e9-8351-b0dc1d491c3d" CHANGEID="600765240" HOUSENUM="6987" HOUSETYPE="2" OPERTYPEID="10" PREVID="0" NEXTID="0" UPDATEDATE="2024-09-09" STARTDATE="2024-09-09" ENDDATE="2079-06-06" ISACTUAL="1" ISACTIVE="1" /><HOUSE ID="126742397" OBJECTID="165135075" OBJECTGUID="87c52742-a530-4229-b767-be4e7ef77aa1" CHANGEID="600765724" HOUSENUM="17б" HOUSETYPE="5" OPERTYPEID="10" PREVID="0" NEXTID="0" UPDATEDATE="2024-09-09" STARTDATE="2024-09-09" ENDDATE="2079-06-06" ISACTUAL="1" ISACTIVE="1" /><HOUSE ID="126742560" OBJECTID="165136062" OBJECTGUID="212d7490-46bf-4d98-b814-7e63a0fa07a6" CHANGEID="600766951" HOUSENUM="2б" HOUSETYPE="2" OPERTYPEID="10" PREVID="0" NEXTID="0" UPDATEDATE="2024-09-09" STARTDATE="2024-09-09" ENDDATE="2079-06-06" ISACTUAL="1" ISACTIVE="1" /><HOUSE ID="126742561" OBJECTID="165136090" OBJECTGUID="4381563f-1a6d-4b95-9216-b03bb52bcf23" CHANGEID="600766998" HOUSENUM="5329" HOUSETYPE="2" OPERTYPEID="10" PREVID="0" NEXTID="0" UPDATEDATE="2024-09-09" STARTDATE="2024-09-09" ENDDATE="2079-06-06" ISACTUAL="1" ISACTIVE="1" /><HOUSE ID="126742601" OBJECTID="165136472" OBJECTGUID="935c1534-f188-405b-930f-7e7a106fd51c" CHANGEID="600767603" HOUSENUM="5389" HOUSETYPE="2" OPERTYPEID="10" PREVID="0" NEXTID="0" UPDATEDATE="2024-09-09" STARTDATE="2024-09-09" ENDDATE="2079-06-06" ISACTUAL="1" ISACTIVE="1" /><HOUSE ID="126744398" OBJECTID="165139282" OBJECTGUID="c5aee790-1f9b-481a-b02e-04073618dc0e" CHANGEID="600772935" HOUSENUM="48" HOUSETYPE="2" OPERTYPEID="10" PREVID="0" NEXTID="0" UPDATEDATE="2024-09-09" STARTDATE="2024-09-09" ENDDATE="2079-06-06" ISACTUAL="1" ISACTIVE="1" /><HOUSE ID="126744409" OBJECTID="165139294" OBJECTGUID="52779648-118c-4478-ae66-809ec14023a7" CHANGEID="600772960" HOUSENUM="48" ADDNUM1="1" HOUSETYPE="2" ADDTYPE1="2" OPERTYPEID="10" PREVID="0" NEXTID="0" UPDATEDATE="2024-09-09" STARTDATE="2024-09-09" ENDDATE="2079-06-06" ISACTUAL="1" ISACTIVE="1" /><HOUSE ID="126747528" OBJECTID="165151056" OBJECTGUID="ab79cd2a-fe57-4cb8-9ded-f71568a9dbc1" CHANGEID="600796287" HOUSENUM="35" HOUSETYPE="2" OPERTYPEID="10" PREVID="0" NEXTID="0" UPDATEDATE="2024-09-10" STARTDATE="2024-09-10" ENDDATE="2079-06-06" ISACTUAL="1" ISACTIVE="1" /><HOUSE ID="126747536" OBJECTID="165151093" OBJECTGUID="4a6fefb7-0e5c-49c0-b19a-ac4348e7b21d" CHANGEID="600796331" HOUSENUM="74" ADDNUM1="1" HOUSETYPE="2" ADDTYPE1="2" OPERTYPEID="10" PREVID="0" NEXTID="0" UPDATEDATE="2024-09-10" STARTDATE="2024-09-10" ENDDATE="2079-06-06" ISACTUAL="1" ISACTIVE="1" /><HOUSE ID="126747537" OBJECTID="165151101" OBJECTGUID="0db2cc4e-cdfb-4144-bd76-98ac34339376" CHANGEID="600796339" HOUSENUM="4" HOUSETYPE="2" OPERTYPEID="10" PREVID="0" NEXTID="0" UPDATEDATE="2024-09-10" STARTDATE="2024-09-10" ENDDATE="2079-06-06" ISACTUAL="1" ISACTIVE="1" /><HOUSE ID="126747542" OBJECTID="165151144" OBJECTGUID="38e03a87-4207-4788-a830-15998e8137ed" CHANGEID="600796387" HOUSENUM="5337" HOUSETYPE="2" OPERTYPEID="10" PREVID="0" NEXTID="0" UPDATEDATE="2024-09-10" STARTDATE="2024-09-10" ENDDATE="2079-06-06" ISACTUAL="1" ISACTIVE="1" /><HOUSE ID="126747543" OBJECTID="165151146" OBJECTGUID="371b3272-06aa-41e5-b8e4-6a8875e86acc" CHANGEID="600796389" HOUSENUM="6879" HOUSETYPE="2" OPERTYPEID="10" PREVID="0" NEXTID="0" UPDATEDATE="2024-09-10" STARTDATE="2024-09-10" ENDDATE="2079-06-06" ISACTUAL="1" ISACTIVE="1" /><HOUSE ID="126747544" OBJECTID="165151153" OBJECTGUID="06e674db-4b38-4a84-95c4-6be5a4674d40" CHANGEID="600796397" HOUSENUM="188" HOUSETYPE="2" OPERTYPEID="10" PREVID="0" NEXTID="0" UPDATEDATE="2024-09-10" STARTDATE="2024-09-10" ENDDATE="2079-06-06" ISACTUAL="1" ISACTIVE="1" /><HOUSE ID="126747545" OBJECTID="165151155" OBJECTGUID="3537bfae-a77f-4e55-9242-67ec05b79892" CHANGEID="600796399" HOUSENUM="196" HOUSETYPE="2" OPERTYPEID="10" PREVID="0" NEXTID="0" UPDATEDATE="2024-09-10" STARTDATE="2024-09-10" ENDDATE="2079-06-06" ISACTUAL="1" ISACTIVE="1" /><HOUSE ID="126747581" OBJECTID="165151288" OBJECTGUID="d1b41cca-6d08-460f-906b-a5652dcce699" CHANGEID="600796581" HOUSENUM="111б" HOUSETYPE="2" OPERTYPEID="10" PREVID="0" NEXTID="0" UPDATEDATE="2024-09-10" STARTDATE="2024-09-10" ENDDATE="2079-06-06" ISACTUAL="1" ISACTIVE="1" /><HOUSE ID="126748019" OBJECTID="165156468" OBJECTGUID="8c1adff6-4939-4c6e-83d0-a701f5ab494c" CHANGEID="600804906" HOUSENUM="8а" HOUSETYPE="2" OPERTYPEID="10" PREVID="0" NEXTID="0" UPDATEDATE="2024-09-10" STARTDATE="2024-09-10" ENDDATE="2079-06-06" ISACTUAL="1" ISACTIVE="1" /><HOUSE ID="61487996" OBJECTID="80736251" OBJECTGUID="8eaa7953-2c9f-4db9-80b9-b9712ba79a06" CHANGEID="119992401" HOUSENUM="31" HOUSETYPE="1" OPERTYPEID="20" PREVID="48851908" NEXTID="126748031" UPDATEDATE="2024-09-10" STARTDATE="2015-11-23" ENDDATE="2024-09-10" ISACTUAL="0" ISACTIVE="0" /><HOUSE ID="126748031" OBJECTID="80736251" OBJECTGUID="8eaa7953-2c9f-4db9-80b9-b9712ba79a06" CHANGEID="600805284" HOUSENUM="31" HOUSETYPE="2" OPERTYPEID="20" PREVID="61487996" UPDATEDATE="2024-09-10" STARTDATE="2024-09-10" ENDDATE="2079-06-06" ISACTUAL="1" ISACTIVE="1" /><HOUSE ID="126748168" OBJECTID="165157163" OBJECTGUID="e4f2b286-03db-4934-b4a1-bf3967d220dd" CHANGEID="600806405" HOUSENUM="10" HOUSETYPE="5" OPERTYPEID="10" PREVID="0" NEXTID="0" UPDATEDATE="2024-09-10" STARTDATE="2024-09-10" ENDDATE="2079-06-06" ISACTUAL="1" ISACTIVE="1" /><HOUSE ID="126748169" OBJECTID="165157164" OBJECTGUID="d32693de-494b-44d0-aadf-c127b5bd5b3f" CHANGEID="600806406" HOUSENUM="7А" ADDNUM1="1" HOUSETYPE="2" ADDTYPE1="2" OPERTYPEID="10" PREVID="0" NEXTID="0" UPDATEDATE="2024-09-10" STARTDATE="2024-09-10" ENDDATE="2079-06-06" ISACTUAL="1" ISACTIVE="1" /><HOUSE ID="126748178" OBJECTID="165157249" OBJECTGUID="f60fce8e-d4cb-4f19-8025-cff666f8771a" CHANGEID="600806517" HOUSENUM="117" HOUSETYPE="2" OPERTYPEID="10" PREVID="0" NEXTID="0" UPDATEDATE="2024-09-10" STARTDATE="2024-09-10" ENDDATE="2079-06-06" ISACTUAL="1" ISACTIVE="1" /><HOUSE ID="126748185" OBJECTID="165157413" OBJECTGUID="80bbaeb6-7f41-44fe-b0b0-e653b2b24794" CHANGEID="600806693" HOUSENUM="4197е" HOUSETYPE="2" OPERTYPEID="10" PREVID="0" NEXTID="0" UPDATEDATE="2024-09-10" STARTDATE="2024-09-10" ENDDATE="2079-06-06" ISACTUAL="1" ISACTIVE="1" /><HOUSE ID="126748212" OBJECTID="165157552" OBJECTGUID="2731dd41-b167-4a9d-b878-c59f42af51df" CHANGEID="600806976" HOUSENUM="1А/1" HOUSETYPE="8" OPERTYPEID="10" PREVID="0" NEXTID="0" UPDATEDATE="2024-09-10" STARTDATE="2024-09-10" ENDDATE="2079-06-06" ISACTUAL="1" ISACTIVE="1" /><HOUSE ID="126748645" OBJECTID="165158501" OBJECTGUID="78c526a9-3402-4bf4-a474-7cea1a98c05d" CHANGEID="600808513" HOUSENUM="32А" HOUSETYPE="8" OPERTYPEID="10" PREVID="0" NEXTID="0" UPDATEDATE="2024-09-10" STARTDATE="2024-09-10" ENDDATE="2079-06-06" ISACTUAL="1" ISACTIVE="1" /><HOUSE ID="126748682" OBJECTID="165158575" OBJECTGUID="05385264-e04a-4a4f-ad59-bbf6a6455d75" CHANGEID="600808657" HOUSENUM="28А/1" HOUSETYPE="8" OPERTYPEID="10" PREVID="0" NEXTID="0" UPDATEDATE="2024-09-10" STARTDATE="2024-09-10" ENDDATE="2079-06-06" ISACTUAL="1" ISACTIVE="1" /><HOUSE ID="126749418" OBJECTID="165161343" OBJECTGUID="9b12a1ae-bc83-492e-beca-daa8f9d66f1e" CHANGEID="600812967" HOUSENUM="1/1А" HOUSETYPE="8" OPERTYPEID="10" PREVID="0" NEXTID="0" UPDATEDATE="2024-09-10" STARTDATE="2024-09-10" ENDDATE="2079-06-06" ISACTUAL="1" ISACTIVE="1" /><HOUSE ID="126750385" OBJECTID="165165318" OBJECTGUID="8a40d012-c66a-4204-8da8-8ca792a94370" CHANGEID="600819678" HOUSENUM="74/13" HOUSETYPE="5" OPERTYPEID="10" PREVID="0" NEXTID="0" UPDATEDATE="2024-09-10" STARTDATE="2024-09-10" ENDDATE="2079-06-06" ISACTUAL="1" ISACTIVE="1" /><HOUSE ID="126750884" OBJECTID="165167712" OBJECTGUID="229654d8-7d98-43fe-9d83-7ba5d6892283" CHANGEID="600823382" HOUSENUM="1/1Б" HOUSETYPE="8" OPERTYPEID="10" PREVID="0" NEXTID="0" UPDATEDATE="2024-09-10" STARTDATE="2024-09-10" ENDDATE="2079-06-06" ISACTUAL="1" ISACTIVE="1" /><HOUSE ID="126754777" OBJECTID="165183618" OBJECTGUID="bed6edd6-9a0f-4dd6-b0f9-23e38a70987e" CHANGEID="600848737" HOUSENUM="1" HOUSETYPE="2" OPERTYPEID="10" PREVID="0" NEXTID="0" UPDATEDATE="2024-09-11" STARTDATE="2024-09-11" ENDDATE="2079-06-06" ISACTUAL="1" ISACTIVE="1" /><HOUSE ID="126754829" OBJECTID="165184456" OBJECTGUID="9c6076c5-f7d5-44cf-b660-c6d2def5cc0f" CHANGEID="600862098" HOUSENUM="34" HOUSETYPE="4" OPERTYPEID="10" PREVID="0" NEXTID="0" UPDATEDATE="2024-09-11" STARTDATE="2024-09-11" ENDDATE="2079-06-06" ISACTUAL="1" ISACTIVE="1" /><HOUSE ID="126754879" OBJECTID="165184707" OBJECTGUID="67fc432c-fd53-4ea8-84d0-d48c1f510542" CHANGEID="600874360" HOUSENUM="13" HOUSETYPE="4" OPERTYPEID="10" PREVID="0" NEXTID="0" UPDATEDATE="2024-09-11" STARTDATE="2024-09-11" ENDDATE="2079-06-06" ISACTUAL="1" ISACTIVE="1" /><HOUSE ID="126755120" OBJECTID="165187783" OBJECTGUID="624a3c19-be5e-419d-97a3-7bf6eb3b19c9" CHANGEID="600879378" HOUSENUM="11А/15" HOUSETYPE="5" OPERTYPEID="10" PREVID="0" NEXTID="0" UPDATEDATE="2024-09-11" STARTDATE="2024-09-11" ENDDATE="2079-06-06" ISACTUAL="1" ISACTIVE="1" /><HOUSE ID="126755121" OBJECTID="165187784" OBJECTGUID="b980f544-7346-4988-8941-3aca30899d91" CHANGEID="600879385" HOUSENUM="11А/29" HOUSETYPE="5" OPERTYPEID="10" PREVID="0" NEXTID="0" UPDATEDATE="2024-09-11" STARTDATE="2024-09-11" ENDDATE="2079-06-06" ISACTUAL="1" ISACTIVE="1" /><HOUSE ID="126755145" OBJECTID="165187928" OBJECTGUID="a63db39a-86d0-427e-82bb-37f919be9668" CHANGEID="600879582" HOUSENUM="4" HOUSETYPE="2" OPERTYPEID="10" PREVID="0" NEXTID="0" UPDATEDATE="2024-09-11" STARTDATE="2024-09-11" ENDDATE="2079-06-06" ISACTUAL="1" ISACTIVE="1" /><HOUSE ID="126755157" OBJECTID="165187974" OBJECTGUID="5b961d2f-5f80-472a-8e73-58f2673afa96" CHANGEID="600879654" HOUSENUM="10а" HOUSETYPE="2" OPERTYPEID="10" PREVID="0" NEXTID="0" UPDATEDATE="2024-09-11" STARTDATE="2024-09-11" ENDDATE="2079-06-06" ISACTUAL="1" ISACTIVE="1" /><HOUSE ID="126755119" OBJECTID="165187782" OBJECTGUID="9f5fff78-a85b-4e64-a003-340a3735ca08" CHANGEID="600879375" HOUSENUM="21а" HOUSETYPE="2" OPERTYPEID="10" PREVID="0" NEXTID="0" UPDATEDATE="2024-09-11" STARTDATE="2024-09-11" ENDDATE="2079-06-06" ISACTUAL="1" ISACTIVE="1" /><HOUSE ID="126755122" OBJECTID="165187786" OBJECTGUID="71867fe5-8fb6-4fb5-afb4-28adadf1d8af" CHANGEID="600879388" HOUSENUM="74/7" HOUSETYPE="5" OPERTYPEID="10" PREVID="0" NEXTID="0" UPDATEDATE="2024-09-11" STARTDATE="2024-09-11" ENDDATE="2079-06-06" ISACTUAL="1" ISACTIVE="1" /><HOUSE ID="126755123" OBJECTID="165187816" OBJECTGUID="4eef8755-3cfb-4fd6-bd44-4c3cfd89503e" CHANGEID="600879418" HOUSENUM="5" HOUSETYPE="2" OPERTYPEID="10" PREVID="0" NEXTID="0" UPDATEDATE="2024-09-11" STARTDATE="2024-09-11" ENDDATE="2079-06-06" ISACTUAL="1" ISACTIVE="1" /><HOUSE ID="126755124" OBJECTID="46012137" OBJECTGUID="1e8f730e-27bd-462d-8b53-83c37882e084" CHANGEID="600879517" HOUSENUM="6" HOUSETYPE="2" OPERTYPEID="40" PREVID="27485588" UPDATEDATE="2024-09-11" STARTDATE="2024-09-11" ENDDATE="2079-06-06" ISACTUAL="1" ISACTIVE="1" /><HOUSE ID="62920450" OBJECTID="46009034" OBJECTGUID="a2ddb1fa-314f-444a-b23c-c1b653247271" CHANGEID="69270768" HOUSENUM="6" HOUSETYPE="1" OPERTYPEID="20" PREVID="27483552" NEXTID="126755125" UPDATEDATE="2024-09-11" STARTDATE="2015-11-23" ENDDATE="2024-09-11" ISACTUAL="0" ISACTIVE="0" /><HOUSE ID="126755125" OBJECTID="46009034" OBJECTGUID="a2ddb1fa-314f-444a-b23c-c1b653247271" CHANGEID="600879518" HOUSENUM="6" HOUSETYPE="1" OPERTYPEID="42" PREVID="62920450" NEXTID="126755124" UPDATEDATE="2024-09-11" STARTDATE="2024-09-11" ENDDATE="2079-06-06" ISACTUAL="1" ISACTIVE="0" /><HOUSE ID="126755130" OBJECTID="165187914" OBJECTGUID="8e56c6b0-eeb8-42e1-a675-404f881d429c" CHANGEID="600879548" HOUSENUM="64" HOUSETYPE="2" OPERTYPEID="10" PREVID="0" NEXTID="0" UPDATEDATE="2024-09-11" STARTDATE="2024-09-11" ENDDATE="2079-06-06" ISACTUAL="1" ISACTIVE="1" /><HOUSE ID="126755158" OBJECTID="165187992" OBJECTGUID="b6f50d20-a94c-4400-991c-eee420637db8" CHANGEID="600879674" HOUSENUM="9" HOUSETYPE="5" OPERTYPEID="10" PREVID="0" NEXTID="0" UPDATEDATE="2024-09-11" STARTDATE="2024-09-11" ENDDATE="2079-06-06" ISACTUAL="1" ISACTIVE="1" /><HOUSE ID="126755419" OBJECTID="165188664" OBJECTGUID="10eea1cd-f79d-44ba-b99f-405550ef7ea2" CHANGEID="600880722" HOUSENUM="4а/1" HOUSETYPE="4" OPERTYPEID="10" PREVID="0" NEXTID="0" UPDATEDATE="2024-09-11" STARTDATE="2024-09-11" ENDDATE="2079-06-06" ISACTUAL="1" ISACTIVE="1" /><HOUSE ID="126755438" OBJECTID="165188893" OBJECTGUID="38d03ede-7521-4104-b1c9-d4b59da1a481" CHANGEID="600881053" HOUSENUM="18А" HOUSETYPE="5" OPERTYPEID="10" PREVID="0" NEXTID="0" UPDATEDATE="2024-09-11" STARTDATE="2024-09-11" ENDDATE="2079-06-06" ISACTUAL="1" ISACTIVE="1" /><HOUSE ID="126755440" OBJECTID="165188914" OBJECTGUID="916e7783-caa0-479f-ad05-06334df2a0c6" CHANGEID="600881082" HOUSENUM="14Д" HOUSETYPE="5" OPERTYPEID="10" PREVID="0" NEXTID="0" UPDATEDATE="2024-09-11" STARTDATE="2024-09-11" ENDDATE="2079-06-06" ISACTUAL="1" ISACTIVE="1" /><HOUSE ID="126755664" OBJECTID="165189677" OBJECTGUID="95ea476e-2d29-4775-b224-2104e642936f" CHANGEID="600882377" HOUSENUM="32" HOUSETYPE="4" OPERTYPEID="10" PREVID="0" NEXTID="0" UPDATEDATE="2024-09-11" STARTDATE="2024-09-11" ENDDATE="2079-06-06" ISACTUAL="1" ISACTIVE="1" /><HOUSE ID="126755642" OBJECTID="165189549" OBJECTGUID="19c14286-a89b-4a3f-9c56-ee0f36c9a71e" CHANGEID="600882210" HOUSENUM="5" HOUSETYPE="4" OPERTYPEID="10" PREVID="0" NEXTID="0" UPDATEDATE="2024-09-11" STARTDATE="2024-09-11" ENDDATE="2079-06-06" ISACTUAL="1" ISACTIVE="1" /><HOUSE ID="126755643" OBJECTID="165189550" OBJECTGUID="b2c02bdd-24fd-425c-b72f-a0817aced0d3" CHANGEID="600882211" HOUSENUM="42" HOUSETYPE="4" OPERTYPEID="10" PREVID="0" NEXTID="0" UPDATEDATE="2024-09-11" STARTDATE="2024-09-11" ENDDATE="2079-06-06" ISACTUAL="1" ISACTIVE="1" /><HOUSE ID="126755644" OBJECTID="165189551" OBJECTGUID="fb651078-474a-49c8-8096-bc84d6435da4" CHANGEID="600882212" HOUSENUM="37" HOUSETYPE="4" OPERTYPEID="10" PREVID="0" NEXTID="0" UPDATEDATE="2024-09-11" STARTDATE="2024-09-11" ENDDATE="2079-06-06" ISACTUAL="1" ISACTIVE="1" /><HOUSE ID="126755645" OBJECTID="165189552" OBJECTGUID="9099b169-4fa9-4cb3-abd6-88d99a695784" CHANGEID="600882213" HOUSENUM="4" HOUSETYPE="4" OPERTYPEID="10" PREVID="0" NEXTID="0" UPDATEDATE="2024-09-11" STARTDATE="2024-09-11" ENDDATE="2079-06-06" ISACTUAL="1" ISACTIVE="1" /><HOUSE ID="126755651" OBJECTID="165189599" OBJECTGUID="bb716fda-06ee-4916-944a-ed555f0c31d0" CHANGEID="600882276" HOUSENUM="12" HOUSETYPE="4" OPERTYPEID="10" PREVID="0" NEXTID="0" UPDATEDATE="2024-09-11" STARTDATE="2024-09-11" ENDDATE="2079-06-06" ISACTUAL="1" ISACTIVE="1" /><HOUSE ID="126755687" OBJECTID="165189742" OBJECTGUID="2df9a099-0a34-46f5-8574-7f6cc04ef1c3" CHANGEID="600882477" HOUSENUM="47" ADDNUM1="2" HOUSETYPE="2" ADDTYPE1="3" OPERTYPEID="10" PREVID="0" NEXTID="0" UPDATEDATE="2024-09-11" STARTDATE="2024-09-11" ENDDATE="2079-06-06" ISACTUAL="1" ISACTIVE="1" /><HOUSE ID="126755700" OBJECTID="165189788" OBJECTGUID="a94f78f1-aceb-4a11-a9ce-6065a4972eef" CHANGEID="600882546" HOUSENUM="47" ADDNUM1="6" HOUSETYPE="2" ADDTYPE1="3" OPERTYPEID="10" PREVID="0" NEXTID="0" UPDATEDATE="2024-09-11" STARTDATE="2024-09-11" ENDDATE="2079-06-06" ISACTUAL="1" ISACTIVE="1" /><HOUSE ID="126755713" OBJECTID="165189967" OBJECTGUID="fd38dd1d-8b53-4e4c-9fed-0a30c1f7d0bf" CHANGEID="600882752" HOUSENUM="47" ADDNUM1="8" HOUSETYPE="2" ADDTYPE1="3" OPERTYPEID="10" PREVID="0" NEXTID="0" UPDATEDATE="2024-09-11" STARTDATE="2024-09-11" ENDDATE="2079-06-06" ISACTUAL="1" ISACTIVE="1" /><HOUSE ID="126755732" OBJECTID="165190035" OBJECTGUID="2c9a6c3b-5f6d-4edf-99a0-59336294b3d6" CHANGEID="600882863" HOUSENUM="47" ADDNUM1="3" HOUSETYPE="2" ADDTYPE1="3" OPERTYPEID="10" PREVID="0" NEXTID="0" UPDATEDATE="2024-09-11" STARTDATE="2024-09-11" ENDDATE="2079-06-06" ISACTUAL="1" ISACTIVE="1" /><HOUSE ID="126755737" OBJECTID="165190056" OBJECTGUID="7ff9fad9-6c77-452e-a650-1ac298f979de" CHANGEID="600882899" HOUSENUM="2" HOUSETYPE="8" OPERTYPEID="10" PREVID="0" NEXTID="0" UPDATEDATE="2024-09-11" STARTDATE="2024-09-11" ENDDATE="2079-06-06" ISACTUAL="1" ISACTIVE="1" /><HOUSE ID="126755676" OBJECTID="165189688" OBJECTGUID="8c1d0c1b-5b24-439d-891f-e58eaf7793ac" CHANGEID="600882404" HOUSENUM="47" ADDNUM1="5" HOUSETYPE="2" ADDTYPE1="3" OPERTYPEID="10" PREVID="0" NEXTID="0" UPDATEDATE="2024-09-11" STARTDATE="2024-09-11" ENDDATE="2079-06-06" ISACTUAL="1" ISACTIVE="1" /><HOUSE ID="126755708" OBJECTID="165189953" OBJECTGUID="43c87f7d-fc1e-471a-a529-f00b6d2f4676" CHANGEID="600882725" HOUSENUM="47" ADDNUM1="4" HOUSETYPE="2" ADDTYPE1="3" OPERTYPEID="10" PREVID="0" NEXTID="0" UPDATEDATE="2024-09-11" STARTDATE="2024-09-11" ENDDATE="2079-06-06" ISACTUAL="1" ISACTIVE="1" /><HOUSE ID="126755722" OBJECTID="165190019" OBJECTGUID="a58f28fb-4c4c-438c-8ba3-55708f114c0a" CHANGEID="600882822" HOUSENUM="47" ADDNUM1="7" HOUSETYPE="2" ADDTYPE1="3" OPERTYPEID="10" PREVID="0" NEXTID="0" UPDATEDATE="2024-09-11" STARTDATE="2024-09-11" ENDDATE="2079-06-06" ISACTUAL="1" ISACTIVE="1" /><HOUSE ID="126757149" OBJECTID="165197828" OBJECTGUID="3805669a-1178-4b44-8631-faa4db4b7cd4" CHANGEID="600893422" HOUSENUM="10" HOUSETYPE="8" OPERTYPEID="10" PREVID="0" NEXTID="0" UPDATEDATE="2024-09-11" STARTDATE="2024-09-11" ENDDATE="2079-06-06" ISACTUAL="1" ISACTIVE="1" /><HOUSE ID="126757725" OBJECTID="165200129" OBJECTGUID="c79f5a42-42eb-4f2b-9d4e-7c3fd84893e2" CHANGEID="600897164" HOUSENUM="202" HOUSETYPE="2" OPERTYPEID="10" PREVID="0" NEXTID="0" UPDATEDATE="2024-09-11" STARTDATE="2024-09-11" ENDDATE="2079-06-06" ISACTUAL="1" ISACTIVE="1" /><HOUSE ID="67734380" OBJECTID="38000240" OBJECTGUID="e6de9c32-6bc8-4bf0-b31a-768876fcb0ea" CHANGEID="57620938" HOUSENUM="26" HOUSETYPE="2" OPERTYPEID="20" PREVID="22673630" NEXTID="126758188" UPDATEDATE="2024-09-11" STARTDATE="2015-11-11" ENDDATE="2024-09-11" ISACTUAL="0" ISACTIVE="0" /><HOUSE ID="126758188" OBJECTID="38000240" OBJECTGUID="e6de9c32-6bc8-4bf0-b31a-768876fcb0ea" CHANGEID="600901758" HOUSENUM="26" HOUSETYPE="5" OPERTYPEID="20" PREVID="67734380" UPDATEDATE="2024-09-11" STARTDATE="2024-09-11" ENDDATE="2079-06-06" ISACTUAL="1" ISACTIVE="1" /><HOUSE ID="126758275" OBJECTID="165204124" OBJECTGUID="bc1a0419-f955-48c7-ace6-b83e4a8de8a1" CHANGEID="600902391" HOUSENUM="26" ADDNUM1="1" HOUSETYPE="5" ADDTYPE1="2" OPERTYPEID="10" PREVID="0" NEXTID="0" UPDATEDATE="2024-09-11" STARTDATE="2024-09-11" ENDDATE="2079-06-06" ISACTUAL="1" ISACTIVE="1" /><HOUSE ID="126758408" OBJECTID="165204857" OBJECTGUID="e7ded60f-0e27-46ca-81de-cf7147be1389" CHANGEID="600903565" HOUSENUM="5" HOUSETYPE="2" OPERTYPEID="10" PREVID="0" NEXTID="0" UPDATEDATE="2024-09-11" STARTDATE="2024-09-11" ENDDATE="2079-06-06" ISACTUAL="1" ISACTIVE="1" /><HOUSE ID="126758430" OBJECTID="165204943" OBJECTGUID="b12a3647-49bb-41b4-83fd-bb0f09cf09d8" CHANGEID="600903707" HOUSENUM="21" HOUSETYPE="2" OPERTYPEID="10" PREVID="0" NEXTID="0" UPDATEDATE="2024-09-11" STARTDATE="2024-09-11" ENDDATE="2079-06-06" ISACTUAL="1" ISACTIVE="1" /><HOUSE ID="126758431" OBJECTID="165204944" OBJECTGUID="d19a2e2d-93cd-47c9-9182-b51b6808d1d9" CHANGEID="600903708" HOUSENUM="4" HOUSETYPE="2" OPERTYPEID="10" PREVID="0" NEXTID="0" UPDATEDATE="2024-09-11" STARTDATE="2024-09-11" ENDDATE="2079-06-06" ISACTUAL="1" ISACTIVE="1" /><HOUSE ID="126758509" OBJECTID="165205104" OBJECTGUID="23e0289f-cd02-40a3-b24c-71f4895c249c" CHANGEID="600903967" HOUSENUM="66" HOUSETYPE="2" OPERTYPEID="10" PREVID="0" NEXTID="0" UPDATEDATE="2024-09-11" STARTDATE="2024-09-11" ENDDATE="2079-06-06" ISACTUAL="1" ISACTIVE="1" /><HOUSE ID="126758510" OBJECTID="165205105" OBJECTGUID="614df8df-8533-4934-bca6-68fd84c7e742" CHANGEID="600903968" HOUSENUM="4" HOUSETYPE="2" OPERTYPEID="10" PREVID="0" NEXTID="0" UPDATEDATE="2024-09-11" STARTDATE="2024-09-11" ENDDATE="2079-06-06" ISACTUAL="1" ISACTIVE="1" /><HOUSE ID="126758511" OBJECTID="165205106" OBJECTGUID="8882ebc3-d0cf-4484-ab1c-0b5249a58167" CHANGEID="600903969" HOUSENUM="25" HOUSETYPE="2" OPERTYPEID="10" PREVID="0" NEXTID="0" UPDATEDATE="2024-09-11" STARTDATE="2024-09-11" ENDDATE="2079-06-06" ISACTUAL="1" ISACTIVE="1" /><HOUSE ID="126758512" OBJECTID="165205107" OBJECTGUID="dfc6d536-ceed-4fb6-89af-80e2ffb51af7" CHANGEID="600903970" HOUSENUM="60" HOUSETYPE="2" OPERTYPEID="10" PREVID="0" NEXTID="0" UPDATEDATE="2024-09-11" STARTDATE="2024-09-11" ENDDATE="2079-06-06" ISACTUAL="1" ISACTIVE="1" /><HOUSE ID="126758649" OBJECTID="165206192" OBJECTGUID="da1495d4-acfe-4320-ad52-39a551822869" CHANGEID="600905519" HOUSENUM="2" HOUSETYPE="7" OPERTYPEID="10" PREVID="0" NEXTID="0" UPDATEDATE="2024-09-11" STARTDATE="2024-09-11" ENDDATE="2079-06-06" ISACTUAL="1" ISACTIVE="1" /><HOUSE ID="126758650" OBJECTID="165206193" OBJECTGUID="31f2123c-f57d-47e6-90e8-8cd52191fec6" CHANGEID="600905520" HOUSENUM="2в" HOUSETYPE="2" OPERTYPEID="10" PREVID="0" NEXTID="0" UPDATEDATE="2024-09-11" STARTDATE="2024-09-11" ENDDATE="2079-06-06" ISACTUAL="1" ISACTIVE="1" /><HOUSE ID="126758657" OBJECTID="165206247" OBJECTGUID="20631855-7bc9-4996-bbad-3c1322076d97" CHANGEID="600905604" HOUSENUM="31" HOUSETYPE="2" OPERTYPEID="10" PREVID="0" NEXTID="0" UPDATEDATE="2024-09-11" STARTDATE="2024-09-11" ENDDATE="2079-06-06" ISACTUAL="1" ISACTIVE="1" /><HOUSE ID="126758668" OBJECTID="165206321" OBJECTGUID="2668c835-cb91-42f8-a02a-9d982591327d" CHANGEID="600905722" HOUSENUM="2" HOUSETYPE="5" OPERTYPEID="10" PREVID="0" NEXTID="0" UPDATEDATE="2024-09-11" STARTDATE="2024-09-11" ENDDATE="2079-06-06" ISACTUAL="1" ISACTIVE="1" /><HOUSE ID="126758632" OBJECTID="165206107" OBJECTGUID="50a2b0eb-c2b0-42f1-92fd-3097b0e0bc6a" CHANGEID="600905397" HOUSENUM="4" HOUSETYPE="2" OPERTYPEID="10" PREVID="0" NEXTID="0" UPDATEDATE="2024-09-11" STARTDATE="2024-09-11" ENDDATE="2079-06-06" ISACTUAL="1" ISACTIVE="1" /><HOUSE ID="126758822" OBJECTID="165206596" OBJECTGUID="bb69003c-2cc3-4e9c-a4b5-b4d04ece26eb" CHANGEID="600906204" HOUSENUM="1а" HOUSETYPE="2" OPERTYPEID="10" PREVID="0" NEXTID="0" UPDATEDATE="2024-09-11" STARTDATE="2024-09-11" ENDDATE="2079-06-06" ISACTUAL="1" ISACTIVE="1" /><HOUSE ID="126758918" OBJECTID="165207197" OBJECTGUID="b8de61a0-0134-4720-a476-ace109ebecaa" CHANGEID="600907111" HOUSENUM="3а" HOUSETYPE="2" OPERTYPEID="10" PREVID="0" NEXTID="0" UPDATEDATE="2024-09-11" STARTDATE="2024-09-11" ENDDATE="2079-06-06" ISACTUAL="1" ISACTIVE="1" /></HOUSES>