﻿<?xml version="1.0" encoding="utf-8"?><ADDRESSOBJECTS><OBJECT ID="52125664" OBJECTID="165062861" OBJECTGUID="0697d9b5-061c-4e8e-9a37-425bac993e90" CHANGEID="600515385" NAME="63150410001" TYPENAME="тер" LEVEL="8" OPERTYPEID="10" PREVID="0" NEXTID="0" UPDATEDATE="2024-09-05" STARTDATE="2024-09-05" ENDDATE="2079-06-06" ISACTUAL="1" ISACTIVE="1" /><OBJECT ID="52125665" OBJECTID="165062867" OBJECTGUID="f75fc12d-034f-49c2-8408-3f6019623564" CHANGEID="600515392" NAME="63150407003" TYPENAME="тер." LEVEL="7" OPERTYPEID="10" PREVID="0" NEXTID="0" UPDATEDATE="2024-09-05" STARTDATE="2024-09-05" ENDDATE="2079-06-06" ISACTUAL="1" ISACTIVE="1" /><OBJECT ID="52125666" OBJECTID="165062869" OBJECTGUID="ad04d658-2bac-43fb-80e8-f74fb27c776a" CHANGEID="600515396" NAME="63150401005" TYPENAME="тер." LEVEL="7" OPERTYPEID="10" PREVID="0" NEXTID="0" UPDATEDATE="2024-09-05" STARTDATE="2024-09-05" ENDDATE="2079-06-06" ISACTUAL="1" ISACTIVE="1" /><OBJECT ID="52125667" OBJECTID="165062875" OBJECTGUID="a7c83cdb-ea4e-4e2e-9bff-dcb7b18a0afa" CHANGEID="600515404" NAME="63150406001" TYPENAME="тер." LEVEL="7" OPERTYPEID="10" PREVID="0" NEXTID="0" UPDATEDATE="2024-09-05" STARTDATE="2024-09-05" ENDDATE="2079-06-06" ISACTUAL="1" ISACTIVE="1" /><OBJECT ID="52125668" OBJECTID="165062876" OBJECTGUID="cdf070fe-62c2-46ee-9768-523b73c5d12e" CHANGEID="600515406" NAME="63150406004" TYPENAME="тер." LEVEL="7" OPERTYPEID="10" PREVID="0" NEXTID="0" UPDATEDATE="2024-09-05" STARTDATE="2024-09-05" ENDDATE="2079-06-06" ISACTUAL="1" ISACTIVE="1" /><OBJECT ID="52125704" OBJECTID="165064402" OBJECTGUID="ba7b4520-ee3f-4598-97ad-c35b637c646b" CHANGEID="600518180" NAME="63250803003" TYPENAME="тер." LEVEL="7" OPERTYPEID="10" PREVID="0" NEXTID="0" UPDATEDATE="2024-09-05" STARTDATE="2024-09-05" ENDDATE="2079-06-06" ISACTUAL="1" ISACTIVE="1" /><OBJECT ID="52125813" OBJECTID="165085152" OBJECTGUID="e1fbec20-19b6-49d7-90e8-e55d426d7701" CHANGEID="600551210" NAME="63241808001" TYPENAME="тер." LEVEL="7" OPERTYPEID="10" PREVID="0" NEXTID="0" UPDATEDATE="2024-09-05" STARTDATE="2024-09-05" ENDDATE="2079-06-06" ISACTUAL="1" ISACTIVE="1" /><OBJECT ID="52125814" OBJECTID="165085153" OBJECTGUID="b3992da3-17ec-4d52-a882-d204a04ac3e6" CHANGEID="600551211" NAME="63241701001" TYPENAME="тер." LEVEL="7" OPERTYPEID="10" PREVID="0" NEXTID="0" UPDATEDATE="2024-09-05" STARTDATE="2024-09-05" ENDDATE="2079-06-06" ISACTUAL="1" ISACTIVE="1" /><OBJECT ID="52125891" OBJECTID="165100144" OBJECTGUID="9751971e-9f9c-4dca-9d3c-d09ee31def78" CHANGEID="600579163" NAME="63150410003" TYPENAME="тер." LEVEL="7" OPERTYPEID="10" PREVID="0" NEXTID="0" UPDATEDATE="2024-09-06" STARTDATE="2024-09-06" ENDDATE="2079-06-06" ISACTUAL="1" ISACTIVE="1" /><OBJECT ID="52125892" OBJECTID="165100145" OBJECTGUID="937a202a-1ec7-4826-9a86-82696d4c536c" CHANGEID="600579164" NAME="63150401002" TYPENAME="тер." LEVEL="7" OPERTYPEID="10" PREVID="0" NEXTID="0" UPDATEDATE="2024-09-06" STARTDATE="2024-09-06" ENDDATE="2079-06-06" ISACTUAL="1" ISACTIVE="1" /><OBJECT ID="52125893" OBJECTID="165100146" OBJECTGUID="f1409b2a-4063-48c8-97bd-941d0bb245c2" CHANGEID="600579165" NAME="63150407002" TYPENAME="тер." LEVEL="7" OPERTYPEID="10" PREVID="0" NEXTID="0" UPDATEDATE="2024-09-06" STARTDATE="2024-09-06" ENDDATE="2079-06-06" ISACTUAL="1" ISACTIVE="1" /><OBJECT ID="52125894" OBJECTID="165100147" OBJECTGUID="cb87b92b-dd7e-4120-9aa9-89d505323876" CHANGEID="600579166" NAME="63150402003" TYPENAME="тер." LEVEL="7" OPERTYPEID="10" PREVID="0" NEXTID="0" UPDATEDATE="2024-09-06" STARTDATE="2024-09-06" ENDDATE="2079-06-06" ISACTUAL="1" ISACTIVE="1" /><OBJECT ID="52125896" OBJECTID="165100149" OBJECTGUID="bdbcc693-8412-4e62-9404-07260782e32e" CHANGEID="600579168" NAME="63150410002" TYPENAME="тер." LEVEL="7" OPERTYPEID="10" PREVID="0" NEXTID="0" UPDATEDATE="2024-09-06" STARTDATE="2024-09-06" ENDDATE="2079-06-06" ISACTUAL="1" ISACTIVE="1" /><OBJECT ID="52125897" OBJECTID="165100151" OBJECTGUID="09c79c50-26af-459c-98f3-a2d28a57d123" CHANGEID="600579170" NAME="63150406002" TYPENAME="тер." LEVEL="7" OPERTYPEID="10" PREVID="0" NEXTID="0" UPDATEDATE="2024-09-06" STARTDATE="2024-09-06" ENDDATE="2079-06-06" ISACTUAL="1" ISACTIVE="1" /><OBJECT ID="52125926" OBJECTID="165101287" OBJECTGUID="04649fa5-9862-4087-b3d1-03cf837a5023" CHANGEID="600581048" NAME="63150407001" TYPENAME="тер." LEVEL="7" OPERTYPEID="10" PREVID="0" NEXTID="0" UPDATEDATE="2024-09-06" STARTDATE="2024-09-06" ENDDATE="2079-06-06" ISACTUAL="1" ISACTIVE="1" /><OBJECT ID="52126129" OBJECTID="165146468" OBJECTGUID="b1a2bf24-89f9-4228-98e2-9f5c0bb550f7" CHANGEID="600785012" NAME="63150401001" TYPENAME="тер." LEVEL="7" OPERTYPEID="10" PREVID="0" NEXTID="0" UPDATEDATE="2024-09-09" STARTDATE="2024-09-09" ENDDATE="2079-06-06" ISACTUAL="1" ISACTIVE="1" /><OBJECT ID="52126130" OBJECTID="165146536" OBJECTGUID="2af9b3d2-4db2-474a-bd29-bae6fdee2985" CHANGEID="600785087" NAME="63150401003" TYPENAME="тер." LEVEL="7" OPERTYPEID="10" PREVID="0" NEXTID="0" UPDATEDATE="2024-09-09" STARTDATE="2024-09-09" ENDDATE="2079-06-06" ISACTUAL="1" ISACTIVE="1" /><OBJECT ID="52126131" OBJECTID="165146546" OBJECTGUID="6e6dd6d7-b031-4470-8ab6-bd807668ef95" CHANGEID="600785109" NAME="63150401004" TYPENAME="тер." LEVEL="7" OPERTYPEID="10" PREVID="0" NEXTID="0" UPDATEDATE="2024-09-09" STARTDATE="2024-09-09" ENDDATE="2079-06-06" ISACTUAL="1" ISACTIVE="1" /><OBJECT ID="52126132" OBJECTID="165146570" OBJECTGUID="31674ab3-316d-49dc-9795-2f5fe7419983" CHANGEID="600785142" NAME="63150402001" TYPENAME="тер." LEVEL="7" OPERTYPEID="10" PREVID="0" NEXTID="0" UPDATEDATE="2024-09-09" STARTDATE="2024-09-09" ENDDATE="2079-06-06" ISACTUAL="1" ISACTIVE="1" /><OBJECT ID="52126133" OBJECTID="165146582" OBJECTGUID="9bcf6f8f-5f1d-4266-b8b2-7f23218dbdc6" CHANGEID="600785167" NAME="63150402004" TYPENAME="тер." LEVEL="7" OPERTYPEID="10" PREVID="0" NEXTID="0" UPDATEDATE="2024-09-09" STARTDATE="2024-09-09" ENDDATE="2079-06-06" ISACTUAL="1" ISACTIVE="1" /><OBJECT ID="52126134" OBJECTID="165146619" OBJECTGUID="aa9460f9-166f-4041-a21a-be77af1f5716" CHANGEID="600785353" NAME="63150402005" TYPENAME="тер." LEVEL="7" OPERTYPEID="10" PREVID="0" NEXTID="0" UPDATEDATE="2024-09-09" STARTDATE="2024-09-09" ENDDATE="2079-06-06" ISACTUAL="1" ISACTIVE="1" /><OBJECT ID="52126138" OBJECTID="165146636" OBJECTGUID="edd57c70-ee2e-439d-8ca4-95b2663c0bfa" CHANGEID="600785395" NAME="63150402006" TYPENAME="тер." LEVEL="7" OPERTYPEID="10" PREVID="0" NEXTID="0" UPDATEDATE="2024-09-09" STARTDATE="2024-09-09" ENDDATE="2079-06-06" ISACTUAL="1" ISACTIVE="1" /><OBJECT ID="52126139" OBJECTID="165146646" OBJECTGUID="ff2c1bd7-80ca-40c4-9f7b-066cae02bf81" CHANGEID="600785428" NAME="63150406003" TYPENAME="тер." LEVEL="7" OPERTYPEID="10" PREVID="0" NEXTID="0" UPDATEDATE="2024-09-09" STARTDATE="2024-09-09" ENDDATE="2079-06-06" ISACTUAL="1" ISACTIVE="1" /><OBJECT ID="52126141" OBJECTID="165146784" OBJECTGUID="2cf67c0b-79d3-4fc0-bd9a-8a0af2683f5a" CHANGEID="600785607" NAME="63150406005" TYPENAME="тер." LEVEL="7" OPERTYPEID="10" PREVID="0" NEXTID="0" UPDATEDATE="2024-09-09" STARTDATE="2024-09-09" ENDDATE="2079-06-06" ISACTUAL="1" ISACTIVE="1" /><OBJECT ID="52126142" OBJECTID="165146810" OBJECTGUID="5f270598-1e93-4431-ac75-c754e3e84a6a" CHANGEID="600785647" NAME="63150407004" TYPENAME="тер." LEVEL="7" OPERTYPEID="10" PREVID="0" NEXTID="0" UPDATEDATE="2024-09-09" STARTDATE="2024-09-09" ENDDATE="2079-06-06" ISACTUAL="1" ISACTIVE="1" /><OBJECT ID="52126143" OBJECTID="165146832" OBJECTGUID="e0019e76-c229-4d85-a5aa-fffb85833520" CHANGEID="600785695" NAME="63150407005" TYPENAME="тер." LEVEL="7" OPERTYPEID="10" PREVID="0" NEXTID="0" UPDATEDATE="2024-09-09" STARTDATE="2024-09-09" ENDDATE="2079-06-06" ISACTUAL="1" ISACTIVE="1" /><OBJECT ID="52126144" OBJECTID="165146844" OBJECTGUID="97d05ef0-cbc2-457e-9377-ee5824820004" CHANGEID="600785717" NAME="63150410001" TYPENAME="тер." LEVEL="7" OPERTYPEID="10" PREVID="0" NEXTID="0" UPDATEDATE="2024-09-09" STARTDATE="2024-09-09" ENDDATE="2079-06-06" ISACTUAL="1" ISACTIVE="1" /><OBJECT ID="52126145" OBJECTID="165146856" OBJECTGUID="ff1446a5-7c5f-4d3f-b26f-c2647f368771" CHANGEID="600785755" NAME="63150403001" TYPENAME="тер." LEVEL="7" OPERTYPEID="10" PREVID="0" NEXTID="0" UPDATEDATE="2024-09-09" STARTDATE="2024-09-09" ENDDATE="2079-06-06" ISACTUAL="1" ISACTIVE="1" /><OBJECT ID="52126146" OBJECTID="165146871" OBJECTGUID="3498ceb2-6cb7-48d4-b86c-3897cfa206e9" CHANGEID="600785784" NAME="63150403002" TYPENAME="тер." LEVEL="7" OPERTYPEID="10" PREVID="0" NEXTID="0" UPDATEDATE="2024-09-09" STARTDATE="2024-09-09" ENDDATE="2079-06-06" ISACTUAL="1" ISACTIVE="1" /><OBJECT ID="52126147" OBJECTID="165146891" OBJECTGUID="bc764e77-62b4-4cdd-bc43-09fdbb4ddc74" CHANGEID="600785816" NAME="63150403003" TYPENAME="тер." LEVEL="7" OPERTYPEID="10" PREVID="0" NEXTID="0" UPDATEDATE="2024-09-09" STARTDATE="2024-09-09" ENDDATE="2079-06-06" ISACTUAL="1" ISACTIVE="1" /><OBJECT ID="52126308" OBJECTID="165169932" OBJECTGUID="8f68a52e-3cbc-470a-8d4f-f4ce15cd84c9" CHANGEID="600826245" NAME="ДНТ Салют Плюс" TYPENAME="тер." LEVEL="7" OPERTYPEID="10" PREVID="0" NEXTID="0" UPDATEDATE="2024-09-10" STARTDATE="2024-09-10" ENDDATE="2079-06-06" ISACTUAL="1" ISACTIVE="1" /><OBJECT ID="52126317" OBJECTID="165171645" OBJECTGUID="efc4118e-8acd-405d-8e61-77cbd4a83a13" CHANGEID="600828805" NAME="Волгарь" TYPENAME="ул." LEVEL="8" OPERTYPEID="10" PREVID="0" NEXTID="0" UPDATEDATE="2024-09-10" STARTDATE="2024-09-10" ENDDATE="2079-06-06" ISACTUAL="1" ISACTIVE="1" /><OBJECT ID="52126359" OBJECTID="165179292" OBJECTGUID="ceb5a8ed-6761-4586-b032-a48487f167f1" CHANGEID="600841157" NAME="Курская" TYPENAME="ул." LEVEL="8" OPERTYPEID="10" PREVID="0" NEXTID="0" UPDATEDATE="2024-09-10" STARTDATE="2024-09-10" ENDDATE="2079-06-06" ISACTUAL="1" ISACTIVE="1" /><OBJECT ID="52126360" OBJECTID="165179342" OBJECTGUID="98618e73-c8f4-47a3-bd79-068bd8501033" CHANGEID="600841261" NAME="Новороссийская" TYPENAME="ул." LEVEL="8" OPERTYPEID="10" PREVID="0" NEXTID="0" UPDATEDATE="2024-09-10" STARTDATE="2024-09-10" ENDDATE="2079-06-06" ISACTUAL="1" ISACTIVE="1" /><OBJECT ID="52126429" OBJECTID="165199871" OBJECTGUID="344dd6aa-d43a-423c-a42b-b95604bad19c" CHANGEID="600896802" NAME="63241706005" TYPENAME="тер." LEVEL="7" OPERTYPEID="10" PREVID="0" NEXTID="0" UPDATEDATE="2024-09-11" STARTDATE="2024-09-11" ENDDATE="2079-06-06" ISACTUAL="1" ISACTIVE="1" /><OBJECT ID="52126430" OBJECTID="165199872" OBJECTGUID="fbf1af23-9171-4967-a88c-0846802aa305" CHANGEID="600896803" NAME="63241804001" TYPENAME="тер." LEVEL="7" OPERTYPEID="10" PREVID="0" NEXTID="0" UPDATEDATE="2024-09-11" STARTDATE="2024-09-11" ENDDATE="2079-06-06" ISACTUAL="1" ISACTIVE="1" /><OBJECT ID="52126431" OBJECTID="165199873" OBJECTGUID="198a820c-5558-43b4-af0f-e7948908ba69" CHANGEID="600896804" NAME="63240000000" TYPENAME="тер." LEVEL="7" OPERTYPEID="10" PREVID="0" NEXTID="0" UPDATEDATE="2024-09-11" STARTDATE="2024-09-11" ENDDATE="2079-06-06" ISACTUAL="1" ISACTIVE="1" /><OBJECT ID="52126432" OBJECTID="165199874" OBJECTGUID="4b306064-dc50-4a26-80dd-64283d86b629" CHANGEID="600896805" NAME="63241807001" TYPENAME="тер." LEVEL="7" OPERTYPEID="10" PREVID="0" NEXTID="0" UPDATEDATE="2024-09-11" STARTDATE="2024-09-11" ENDDATE="2079-06-06" ISACTUAL="1" ISACTIVE="1" /><OBJECT ID="52126433" OBJECTID="165199875" OBJECTGUID="9dfc048c-7cad-45bb-8461-f2e3c1d5d0ba" CHANGEID="600896806" NAME="63241705006" TYPENAME="тер." LEVEL="7" OPERTYPEID="10" PREVID="0" NEXTID="0" UPDATEDATE="2024-09-11" STARTDATE="2024-09-11" ENDDATE="2079-06-06" ISACTUAL="1" ISACTIVE="1" /><OBJECT ID="52126434" OBJECTID="165199876" OBJECTGUID="0166edad-7771-4c5a-adcc-e428b25531d7" CHANGEID="600896807" NAME="63241805002" TYPENAME="тер." LEVEL="7" OPERTYPEID="10" PREVID="0" NEXTID="0" UPDATEDATE="2024-09-11" STARTDATE="2024-09-11" ENDDATE="2079-06-06" ISACTUAL="1" ISACTIVE="1" /><OBJECT ID="52126501" OBJECTID="165214006" OBJECTGUID="eaa9a378-a2d8-47da-a494-deeac27f0627" CHANGEID="600918636" NAME="Саратовская" TYPENAME="ул." LEVEL="8" OPERTYPEID="10" PREVID="0" NEXTID="0" UPDATEDATE="2024-09-11" STARTDATE="2024-09-11" ENDDATE="2079-06-06" ISACTUAL="1" ISACTIVE="1" /></ADDRESSOBJECTS>