﻿<?xml version="1.0" encoding="utf-8"?><HOUSES><HOUSE ID="126724514" OBJECTID="165056441" OBJECTGUID="ddd2e287-99ff-4377-9b91-3a92a2da932e" CHANGEID="600505323" HOUSENUM="7" HOUSETYPE="2" OPERTYPEID="10" PREVID="0" NEXTID="0" UPDATEDATE="2024-09-05" STARTDATE="2024-09-05" ENDDATE="2079-06-06" ISACTUAL="1" ISACTIVE="1" /><HOUSE ID="126724533" OBJECTID="165056841" OBJECTGUID="264f17e0-c50e-41e9-8fb8-1c9f5be88837" CHANGEID="600505752" HOUSENUM="5а" HOUSETYPE="7" OPERTYPEID="10" PREVID="0" NEXTID="0" UPDATEDATE="2024-09-05" STARTDATE="2024-09-05" ENDDATE="2079-06-06" ISACTUAL="1" ISACTIVE="1" /><HOUSE ID="126738784" OBJECTID="165116356" OBJECTGUID="c5351d1e-218e-4341-ad8c-c783f80808bf" CHANGEID="600736702" HOUSENUM="5" HOUSETYPE="7" OPERTYPEID="10" PREVID="0" NEXTID="0" UPDATEDATE="2024-09-09" STARTDATE="2024-09-09" ENDDATE="2079-06-06" ISACTUAL="1" ISACTIVE="1" /><HOUSE ID="126738816" OBJECTID="165116457" OBJECTGUID="32085d08-c6da-45e2-86fd-19ecdf4dd015" CHANGEID="600736832" HOUSENUM="4А" HOUSETYPE="2" OPERTYPEID="10" PREVID="0" NEXTID="0" UPDATEDATE="2024-09-09" STARTDATE="2024-09-09" ENDDATE="2079-06-06" ISACTUAL="1" ISACTIVE="1" /><HOUSE ID="126738915" OBJECTID="165117012" OBJECTGUID="1928d55a-bfc3-426f-a7b7-abe5dbd8a365" CHANGEID="600737882" HOUSENUM="39" HOUSETYPE="2" OPERTYPEID="10" PREVID="0" NEXTID="0" UPDATEDATE="2024-09-09" STARTDATE="2024-09-09" ENDDATE="2079-06-06" ISACTUAL="1" ISACTIVE="1" /><HOUSE ID="126738962" OBJECTID="165117439" OBJECTGUID="1021bf28-28d3-4b45-9024-b088e961d7d5" CHANGEID="600738723" HOUSENUM="88" HOUSETYPE="2" OPERTYPEID="10" PREVID="0" NEXTID="0" UPDATEDATE="2024-09-09" STARTDATE="2024-09-09" ENDDATE="2079-06-06" ISACTUAL="1" ISACTIVE="1" /><HOUSE ID="126739397" OBJECTID="165120265" OBJECTGUID="b8d6bf12-78f3-4d73-a019-eb7a740d0817" CHANGEID="600742885" HOUSENUM="2" HOUSETYPE="7" OPERTYPEID="10" PREVID="0" NEXTID="0" UPDATEDATE="2024-09-09" STARTDATE="2024-09-09" ENDDATE="2079-06-06" ISACTUAL="1" ISACTIVE="1" /><HOUSE ID="126739732" OBJECTID="165120884" OBJECTGUID="99f89306-ca06-4b7a-8dd2-7d930dd411ae" CHANGEID="600744429" HOUSENUM="3А" HOUSETYPE="2" OPERTYPEID="10" PREVID="0" NEXTID="0" UPDATEDATE="2024-09-09" STARTDATE="2024-09-09" ENDDATE="2079-06-06" ISACTUAL="1" ISACTIVE="1" /><HOUSE ID="126739738" OBJECTID="165120891" OBJECTGUID="a7ccd6b6-06be-447e-b9ea-6df3325291de" CHANGEID="600744440" HOUSENUM="27А/1" HOUSETYPE="2" OPERTYPEID="10" PREVID="0" NEXTID="0" UPDATEDATE="2024-09-09" STARTDATE="2024-09-09" ENDDATE="2079-06-06" ISACTUAL="1" ISACTIVE="1" /><HOUSE ID="126754790" OBJECTID="165183763" OBJECTGUID="43d16e4e-55e2-43ca-9e43-9550b6612247" CHANGEID="600850816" HOUSENUM="4" HOUSETYPE="7" OPERTYPEID="10" PREVID="0" NEXTID="0" UPDATEDATE="2024-09-11" STARTDATE="2024-09-11" ENDDATE="2079-06-06" ISACTUAL="1" ISACTIVE="1" /><HOUSE ID="126754834" OBJECTID="165184511" OBJECTGUID="0c5c98e2-fefc-47ef-a4d5-7c7f4ad3a2b1" CHANGEID="600862263" HOUSENUM="49" HOUSETYPE="7" OPERTYPEID="10" PREVID="0" NEXTID="0" UPDATEDATE="2024-09-11" STARTDATE="2024-09-11" ENDDATE="2079-06-06" ISACTUAL="1" ISACTIVE="1" /></HOUSES>