﻿<?xml version="1.0" encoding="utf-8"?><ADDRESSOBJECTS><OBJECT ID="52125703" OBJECTID="165064361" OBJECTGUID="7fd3a2ca-a2bb-4adb-9b40-f360b0c3a531" CHANGEID="600518043" NAME="Байкал" TYPENAME="тер. СНТ" LEVEL="7" OPERTYPEID="10" PREVID="0" NEXTID="0" UPDATEDATE="2024-09-05" STARTDATE="2024-09-05" ENDDATE="2079-06-06" ISACTUAL="1" ISACTIVE="1" /><OBJECT ID="52125899" OBJECTID="382707" OBJECTGUID="41bc6125-c0b1-4b08-9868-31e42b265643" CHANGEID="600579273" NAME="Сельхозтехника" TYPENAME="ул" LEVEL="8" OPERTYPEID="30" PREVID="466404" NEXTID="0" UPDATEDATE="2024-09-06" STARTDATE="2024-09-06" ENDDATE="2079-06-06" ISACTUAL="1" ISACTIVE="0" /><OBJECT ID="466404" OBJECTID="382707" OBJECTGUID="41bc6125-c0b1-4b08-9868-31e42b265643" CHANGEID="977301" NAME="Сельхозтехника" TYPENAME="ул" LEVEL="8" OPERTYPEID="1" PREVID="0" NEXTID="52125899" UPDATEDATE="2024-09-06" STARTDATE="1900-01-01" ENDDATE="2024-09-06" ISACTUAL="0" ISACTIVE="0" /><OBJECT ID="52125900" OBJECTID="165100207" OBJECTGUID="dd2e56f8-9e85-4ab8-b2f6-b130c1bcb5c0" CHANGEID="600579274" NAME="Седьмая" TYPENAME="ул." LEVEL="8" OPERTYPEID="10" PREVID="0" NEXTID="0" UPDATEDATE="2024-09-06" STARTDATE="2024-09-06" ENDDATE="2079-06-06" ISACTUAL="1" ISACTIVE="1" /><OBJECT ID="52125901" OBJECTID="165100208" OBJECTGUID="e6c5e63c-fe44-4e8d-8e52-05622a97a4d5" CHANGEID="600579275" NAME="Шестая" TYPENAME="ул." LEVEL="8" OPERTYPEID="10" PREVID="0" NEXTID="0" UPDATEDATE="2024-09-06" STARTDATE="2024-09-06" ENDDATE="2079-06-06" ISACTUAL="1" ISACTIVE="1" /><OBJECT ID="52125902" OBJECTID="165100209" OBJECTGUID="d0599a0c-5051-4305-8369-a35f91f2f1d0" CHANGEID="600579276" NAME="Девятая" TYPENAME="ул." LEVEL="8" OPERTYPEID="10" PREVID="0" NEXTID="0" UPDATEDATE="2024-09-06" STARTDATE="2024-09-06" ENDDATE="2079-06-06" ISACTUAL="1" ISACTIVE="1" /><OBJECT ID="52125903" OBJECTID="165100210" OBJECTGUID="3591b40c-331d-4251-a2a5-143871dbab9b" CHANGEID="600579277" NAME="Восьмая" TYPENAME="ул." LEVEL="8" OPERTYPEID="10" PREVID="0" NEXTID="0" UPDATEDATE="2024-09-06" STARTDATE="2024-09-06" ENDDATE="2079-06-06" ISACTUAL="1" ISACTIVE="1" /><OBJECT ID="52125904" OBJECTID="165100211" OBJECTGUID="70e756fa-28de-4c5b-b637-f288834d6a2c" CHANGEID="600579278" NAME="Пятая" TYPENAME="ул." LEVEL="8" OPERTYPEID="10" PREVID="0" NEXTID="0" UPDATEDATE="2024-09-06" STARTDATE="2024-09-06" ENDDATE="2079-06-06" ISACTUAL="1" ISACTIVE="1" /><OBJECT ID="52125905" OBJECTID="165100212" OBJECTGUID="95666427-b4e1-4ede-bb88-6bffce1bae4d" CHANGEID="600579279" NAME="Четвертая" TYPENAME="ул." LEVEL="8" OPERTYPEID="10" PREVID="0" NEXTID="0" UPDATEDATE="2024-09-06" STARTDATE="2024-09-06" ENDDATE="2079-06-06" ISACTUAL="1" ISACTIVE="1" /><OBJECT ID="52125906" OBJECTID="165100213" OBJECTGUID="b81d3709-501f-4c8b-a20f-6bf60c59c9f7" CHANGEID="600579280" NAME="Третья" TYPENAME="ул." LEVEL="8" OPERTYPEID="10" PREVID="0" NEXTID="0" UPDATEDATE="2024-09-06" STARTDATE="2024-09-06" ENDDATE="2079-06-06" ISACTUAL="1" ISACTIVE="1" /><OBJECT ID="52125907" OBJECTID="165100214" OBJECTGUID="55c8f5b3-91c8-44d6-b3f0-325fc5b3826f" CHANGEID="600579281" NAME="Вторая" TYPENAME="ул." LEVEL="8" OPERTYPEID="10" PREVID="0" NEXTID="0" UPDATEDATE="2024-09-06" STARTDATE="2024-09-06" ENDDATE="2079-06-06" ISACTUAL="1" ISACTIVE="1" /><OBJECT ID="52125908" OBJECTID="165100215" OBJECTGUID="13293aa8-d565-484a-95bd-69b208b3afa9" CHANGEID="600579282" NAME="Первая" TYPENAME="ул." LEVEL="8" OPERTYPEID="10" PREVID="0" NEXTID="0" UPDATEDATE="2024-09-06" STARTDATE="2024-09-06" ENDDATE="2079-06-06" ISACTUAL="1" ISACTIVE="1" /><OBJECT ID="52126409" OBJECTID="165197427" OBJECTGUID="b0a5197b-2ebb-4e70-90dd-3b7f1f43ab61" CHANGEID="600892949" NAME="Светлый" TYPENAME="пер." LEVEL="8" OPERTYPEID="10" PREVID="0" NEXTID="0" UPDATEDATE="2024-09-11" STARTDATE="2024-09-11" ENDDATE="2079-06-06" ISACTUAL="1" ISACTIVE="1" /><OBJECT ID="52126412" OBJECTID="165197712" OBJECTGUID="e3d610bf-8847-42b3-ba30-3b7b363b88b7" CHANGEID="600893288" NAME="Солнечная" TYPENAME="ул." LEVEL="8" OPERTYPEID="10" PREVID="0" NEXTID="0" UPDATEDATE="2024-09-11" STARTDATE="2024-09-11" ENDDATE="2079-06-06" ISACTUAL="1" ISACTIVE="1" /><OBJECT ID="52126413" OBJECTID="165197726" OBJECTGUID="94bcab8e-5d70-4deb-bbc3-1de581368d32" CHANGEID="600893304" NAME="Заречная" TYPENAME="ул." LEVEL="8" OPERTYPEID="10" PREVID="0" NEXTID="0" UPDATEDATE="2024-09-11" STARTDATE="2024-09-11" ENDDATE="2079-06-06" ISACTUAL="1" ISACTIVE="1" /><OBJECT ID="52126395" OBJECTID="165194980" OBJECTGUID="a63aaa29-58a1-4b01-b8e2-24284a476945" CHANGEID="600889602" NAME="Береговая" TYPENAME="ул." LEVEL="8" OPERTYPEID="10" PREVID="0" NEXTID="0" UPDATEDATE="2024-09-11" STARTDATE="2024-09-11" ENDDATE="2079-06-06" ISACTUAL="1" ISACTIVE="1" /></ADDRESSOBJECTS>