﻿<?xml version="1.0" encoding="utf-8"?><STEADS><STEAD ID="68611038" OBJECTID="165056298" OBJECTGUID="3c5cad68-d17f-46ac-bc6c-95fa933c0e84" CHANGEID="600505155" NUMBER="33а" OPERTYPEID="10" PREVID="0" NEXTID="0" UPDATEDATE="2024-09-05" STARTDATE="2024-09-05" ENDDATE="2079-06-06" ISACTUAL="1" ISACTIVE="1" /><STEAD ID="68611050" OBJECTID="165056313" OBJECTGUID="e4013b31-79cd-4a46-8bd7-02ad1b92827a" CHANGEID="600505192" NUMBER="11" OPERTYPEID="10" PREVID="0" NEXTID="0" UPDATEDATE="2024-09-05" STARTDATE="2024-09-05" ENDDATE="2079-06-06" ISACTUAL="1" ISACTIVE="1" /><STEAD ID="68611080" OBJECTID="165056430" OBJECTGUID="d80f0d66-3276-4e1c-abca-609c0af8c034" CHANGEID="600505311" NUMBER="41" OPERTYPEID="10" PREVID="0" NEXTID="0" UPDATEDATE="2024-09-05" STARTDATE="2024-09-05" ENDDATE="2079-06-06" ISACTUAL="1" ISACTIVE="1" /><STEAD ID="68611089" OBJECTID="165056440" OBJECTGUID="8d805a84-825d-490c-84bb-09868e5e6472" CHANGEID="600505322" NUMBER="7" OPERTYPEID="10" PREVID="0" NEXTID="0" UPDATEDATE="2024-09-05" STARTDATE="2024-09-05" ENDDATE="2079-06-06" ISACTUAL="1" ISACTIVE="1" /><STEAD ID="68611090" OBJECTID="165056444" OBJECTGUID="42dd97aa-07e3-4385-ac9d-cf374236ac3d" CHANGEID="600505326" NUMBER="8" OPERTYPEID="10" PREVID="0" NEXTID="0" UPDATEDATE="2024-09-05" STARTDATE="2024-09-05" ENDDATE="2079-06-06" ISACTUAL="1" ISACTIVE="1" /><STEAD ID="68611316" OBJECTID="165056758" OBJECTGUID="d5e5a11c-5f05-47ea-a3f9-b2e97b72a877" CHANGEID="600505664" NUMBER="47" OPERTYPEID="10" PREVID="0" NEXTID="0" UPDATEDATE="2024-09-05" STARTDATE="2024-09-05" ENDDATE="2079-06-06" ISACTUAL="1" ISACTIVE="1" /><STEAD ID="68611317" OBJECTID="165056759" OBJECTGUID="fbbfb557-3d62-4d41-8726-29557c85f4b6" CHANGEID="600505665" NUMBER="121" OPERTYPEID="10" PREVID="0" NEXTID="0" UPDATEDATE="2024-09-05" STARTDATE="2024-09-05" ENDDATE="2079-06-06" ISACTUAL="1" ISACTIVE="1" /><STEAD ID="68611325" OBJECTID="165056770" OBJECTGUID="8e3476bb-c266-4f66-86da-32c932303ac3" CHANGEID="600505677" NUMBER="1" OPERTYPEID="10" PREVID="0" NEXTID="0" UPDATEDATE="2024-09-05" STARTDATE="2024-09-05" ENDDATE="2079-06-06" ISACTUAL="1" ISACTIVE="1" /><STEAD ID="68611326" OBJECTID="165056771" OBJECTGUID="b54c809f-0931-4f70-b02a-3b432adf4bee" CHANGEID="600505678" NUMBER="2" OPERTYPEID="10" PREVID="0" NEXTID="0" UPDATEDATE="2024-09-05" STARTDATE="2024-09-05" ENDDATE="2079-06-06" ISACTUAL="1" ISACTIVE="1" /><STEAD ID="68611327" OBJECTID="165056772" OBJECTGUID="bc66cd97-9660-4576-a920-6418e4705e90" CHANGEID="600505679" NUMBER="3" OPERTYPEID="10" PREVID="0" NEXTID="0" UPDATEDATE="2024-09-05" STARTDATE="2024-09-05" ENDDATE="2079-06-06" ISACTUAL="1" ISACTIVE="1" /><STEAD ID="68611328" OBJECTID="165056773" OBJECTGUID="95c7d4e4-6bc1-4b14-8860-6e0508cf5204" CHANGEID="600505680" NUMBER="4" OPERTYPEID="10" PREVID="0" NEXTID="0" UPDATEDATE="2024-09-05" STARTDATE="2024-09-05" ENDDATE="2079-06-06" ISACTUAL="1" ISACTIVE="1" /><STEAD ID="68611329" OBJECTID="165056774" OBJECTGUID="a6b806a5-fffb-49bc-9308-6f52751fe03d" CHANGEID="600505681" NUMBER="5" OPERTYPEID="10" PREVID="0" NEXTID="0" UPDATEDATE="2024-09-05" STARTDATE="2024-09-05" ENDDATE="2079-06-06" ISACTUAL="1" ISACTIVE="1" /><STEAD ID="68611330" OBJECTID="165056775" OBJECTGUID="cc78ccab-1362-4829-9087-586187615594" CHANGEID="600505682" NUMBER="6" OPERTYPEID="10" PREVID="0" NEXTID="0" UPDATEDATE="2024-09-05" STARTDATE="2024-09-05" ENDDATE="2079-06-06" ISACTUAL="1" ISACTIVE="1" /><STEAD ID="68611331" OBJECTID="165056778" OBJECTGUID="67006183-e17a-42c5-b50e-ff23b97b023f" CHANGEID="600505685" NUMBER="8" OPERTYPEID="10" PREVID="0" NEXTID="0" UPDATEDATE="2024-09-05" STARTDATE="2024-09-05" ENDDATE="2079-06-06" ISACTUAL="1" ISACTIVE="1" /><STEAD ID="68611332" OBJECTID="165056779" OBJECTGUID="d73ec0d5-e489-42ae-ac7b-de491277a609" CHANGEID="600505686" NUMBER="8а" OPERTYPEID="10" PREVID="0" NEXTID="0" UPDATEDATE="2024-09-05" STARTDATE="2024-09-05" ENDDATE="2079-06-06" ISACTUAL="1" ISACTIVE="1" /><STEAD ID="68611333" OBJECTID="165056781" OBJECTGUID="57def3f4-352a-405c-9917-e59ef257c51c" CHANGEID="600505688" NUMBER="34" OPERTYPEID="10" PREVID="0" NEXTID="0" UPDATEDATE="2024-09-05" STARTDATE="2024-09-05" ENDDATE="2079-06-06" ISACTUAL="1" ISACTIVE="1" /><STEAD ID="68611337" OBJECTID="165056789" OBJECTGUID="411a12e2-5a62-4c2e-b567-fad19e4a0976" CHANGEID="600505697" NUMBER="2" OPERTYPEID="10" PREVID="0" NEXTID="0" UPDATEDATE="2024-09-05" STARTDATE="2024-09-05" ENDDATE="2079-06-06" ISACTUAL="1" ISACTIVE="1" /><STEAD ID="68611335" OBJECTID="165056785" OBJECTGUID="72c416e2-75f3-4ca4-80c5-816cd6001c58" CHANGEID="600505692" NUMBER="26" OPERTYPEID="10" PREVID="0" NEXTID="0" UPDATEDATE="2024-09-05" STARTDATE="2024-09-05" ENDDATE="2079-06-06" ISACTUAL="1" ISACTIVE="1" /><STEAD ID="68611336" OBJECTID="165056788" OBJECTGUID="5e5a7321-17b4-473d-bb17-a9dfdce58dcb" CHANGEID="600505696" NUMBER="2" OPERTYPEID="10" PREVID="0" NEXTID="0" UPDATEDATE="2024-09-05" STARTDATE="2024-09-05" ENDDATE="2079-06-06" ISACTUAL="1" ISACTIVE="1" /><STEAD ID="68611502" OBJECTID="165056999" OBJECTGUID="c16cd8db-fd48-456b-9246-ec6be0943f52" CHANGEID="600505997" NUMBER="4" OPERTYPEID="10" PREVID="0" NEXTID="0" UPDATEDATE="2024-09-05" STARTDATE="2024-09-05" ENDDATE="2079-06-06" ISACTUAL="1" ISACTIVE="1" /><STEAD ID="68611503" OBJECTID="165057001" OBJECTGUID="bb61a9a2-4286-4b12-b6e0-9c3c7398f8a5" CHANGEID="600505999" NUMBER="19" OPERTYPEID="10" PREVID="0" NEXTID="0" UPDATEDATE="2024-09-05" STARTDATE="2024-09-05" ENDDATE="2079-06-06" ISACTUAL="1" ISACTIVE="1" /><STEAD ID="68611504" OBJECTID="165057002" OBJECTGUID="f6ba1569-eebe-4fc2-ab17-2790a0aa86be" CHANGEID="600506000" NUMBER="21" OPERTYPEID="10" PREVID="0" NEXTID="0" UPDATEDATE="2024-09-05" STARTDATE="2024-09-05" ENDDATE="2079-06-06" ISACTUAL="1" ISACTIVE="1" /><STEAD ID="68611500" OBJECTID="165056996" OBJECTGUID="877d3728-ed3b-45b6-9d98-94e91515e734" CHANGEID="600505994" NUMBER="6" OPERTYPEID="10" PREVID="0" NEXTID="0" UPDATEDATE="2024-09-05" STARTDATE="2024-09-05" ENDDATE="2079-06-06" ISACTUAL="1" ISACTIVE="1" /><STEAD ID="68611501" OBJECTID="165056998" OBJECTGUID="86d01a58-63ed-4a44-8b68-937a102f57f8" CHANGEID="600505996" NUMBER="24" OPERTYPEID="10" PREVID="0" NEXTID="0" UPDATEDATE="2024-09-05" STARTDATE="2024-09-05" ENDDATE="2079-06-06" ISACTUAL="1" ISACTIVE="1" /><STEAD ID="68611554" OBJECTID="165057137" OBJECTGUID="02a48c34-2cc6-493e-903f-01a85ac45dd8" CHANGEID="600506280" NUMBER="43" OPERTYPEID="10" PREVID="0" NEXTID="0" UPDATEDATE="2024-09-05" STARTDATE="2024-09-05" ENDDATE="2079-06-06" ISACTUAL="1" ISACTIVE="1" /><STEAD ID="68611555" OBJECTID="165057139" OBJECTGUID="d3d33294-a519-4b63-82b5-2b252eb57db4" CHANGEID="600506282" NUMBER="38" OPERTYPEID="10" PREVID="0" NEXTID="0" UPDATEDATE="2024-09-05" STARTDATE="2024-09-05" ENDDATE="2079-06-06" ISACTUAL="1" ISACTIVE="1" /><STEAD ID="68611558" OBJECTID="165057147" OBJECTGUID="d62c9d4f-5802-4914-892c-98d46e6c596c" CHANGEID="600506291" NUMBER="17" OPERTYPEID="10" PREVID="0" NEXTID="0" UPDATEDATE="2024-09-05" STARTDATE="2024-09-05" ENDDATE="2079-06-06" ISACTUAL="1" ISACTIVE="1" /><STEAD ID="68611559" OBJECTID="165057149" OBJECTGUID="4d1b1e59-36aa-43c6-a785-665c99acbc2c" CHANGEID="600506318" NUMBER="16" OPERTYPEID="10" PREVID="0" NEXTID="0" UPDATEDATE="2024-09-05" STARTDATE="2024-09-05" ENDDATE="2079-06-06" ISACTUAL="1" ISACTIVE="1" /><STEAD ID="68611560" OBJECTID="165057151" OBJECTGUID="5d84cbcf-fbc6-4e51-a783-0842586fe3c7" CHANGEID="600506333" NUMBER="42" OPERTYPEID="10" PREVID="0" NEXTID="0" UPDATEDATE="2024-09-05" STARTDATE="2024-09-05" ENDDATE="2079-06-06" ISACTUAL="1" ISACTIVE="1" /><STEAD ID="68611561" OBJECTID="165057153" OBJECTGUID="bcc1f943-ce0f-4917-be3c-068b1692c40d" CHANGEID="600506335" NUMBER="32" OPERTYPEID="10" PREVID="0" NEXTID="0" UPDATEDATE="2024-09-05" STARTDATE="2024-09-05" ENDDATE="2079-06-06" ISACTUAL="1" ISACTIVE="1" /><STEAD ID="68611562" OBJECTID="165057155" OBJECTGUID="5f4bc4eb-82bc-499e-aa09-558635766b4f" CHANGEID="600506346" NUMBER="9" OPERTYPEID="10" PREVID="0" NEXTID="0" UPDATEDATE="2024-09-05" STARTDATE="2024-09-05" ENDDATE="2079-06-06" ISACTUAL="1" ISACTIVE="1" /><STEAD ID="68611563" OBJECTID="165057157" OBJECTGUID="ffe21f64-ab12-439c-848f-e0458c07a444" CHANGEID="600506358" NUMBER="1" OPERTYPEID="10" PREVID="0" NEXTID="0" UPDATEDATE="2024-09-05" STARTDATE="2024-09-05" ENDDATE="2079-06-06" ISACTUAL="1" ISACTIVE="1" /><STEAD ID="68611564" OBJECTID="165057158" OBJECTGUID="eef12425-e1ae-4009-83af-a991724817e4" CHANGEID="600506359" NUMBER="3" OPERTYPEID="10" PREVID="0" NEXTID="0" UPDATEDATE="2024-09-05" STARTDATE="2024-09-05" ENDDATE="2079-06-06" ISACTUAL="1" ISACTIVE="1" /><STEAD ID="68611565" OBJECTID="165057159" OBJECTGUID="65accfb0-1ac5-4d63-8a98-a47a2fb3d393" CHANGEID="600506360" NUMBER="5" OPERTYPEID="10" PREVID="0" NEXTID="0" UPDATEDATE="2024-09-05" STARTDATE="2024-09-05" ENDDATE="2079-06-06" ISACTUAL="1" ISACTIVE="1" /><STEAD ID="68611566" OBJECTID="165057160" OBJECTGUID="d9b7fcac-c280-4acb-9246-a714b7fff8f5" CHANGEID="600506361" NUMBER="7" OPERTYPEID="10" PREVID="0" NEXTID="0" UPDATEDATE="2024-09-05" STARTDATE="2024-09-05" ENDDATE="2079-06-06" ISACTUAL="1" ISACTIVE="1" /><STEAD ID="68611684" OBJECTID="165057347" OBJECTGUID="1e96301a-e7e0-4471-95fa-0556ff660b7c" CHANGEID="600506890" NUMBER="109" OPERTYPEID="10" PREVID="0" NEXTID="0" UPDATEDATE="2024-09-05" STARTDATE="2024-09-05" ENDDATE="2079-06-06" ISACTUAL="1" ISACTIVE="1" /><STEAD ID="68611731" OBJECTID="165057396" OBJECTGUID="6bec142e-fd26-4626-987a-2065a9d72d47" CHANGEID="600506939" NUMBER="15" OPERTYPEID="10" PREVID="0" NEXTID="0" UPDATEDATE="2024-09-05" STARTDATE="2024-09-05" ENDDATE="2079-06-06" ISACTUAL="1" ISACTIVE="1" /><STEAD ID="68611730" OBJECTID="165057393" OBJECTGUID="b4453a0c-7098-44e3-839b-b375ae48780e" CHANGEID="600506936" NUMBER="17" OPERTYPEID="10" PREVID="0" NEXTID="0" UPDATEDATE="2024-09-05" STARTDATE="2024-09-05" ENDDATE="2079-06-06" ISACTUAL="1" ISACTIVE="1" /><STEAD ID="68611732" OBJECTID="165057399" OBJECTGUID="7fc81854-03d8-47bd-b3aa-48a7e061eca9" CHANGEID="600506945" NUMBER="14" OPERTYPEID="10" PREVID="0" NEXTID="0" UPDATEDATE="2024-09-05" STARTDATE="2024-09-05" ENDDATE="2079-06-06" ISACTUAL="1" ISACTIVE="1" /><STEAD ID="68612584" OBJECTID="165058765" OBJECTGUID="448d0e91-0e5a-4eaf-bc84-c0538b6b3be0" CHANGEID="600509196" NUMBER="54А" OPERTYPEID="10" PREVID="0" NEXTID="0" UPDATEDATE="2024-09-05" STARTDATE="2024-09-05" ENDDATE="2079-06-06" ISACTUAL="1" ISACTIVE="1" /><STEAD ID="68612586" OBJECTID="165058767" OBJECTGUID="82225722-955d-4eec-955a-444fc61dc026" CHANGEID="600509198" NUMBER="89А" OPERTYPEID="10" PREVID="0" NEXTID="0" UPDATEDATE="2024-09-05" STARTDATE="2024-09-05" ENDDATE="2079-06-06" ISACTUAL="1" ISACTIVE="1" /><STEAD ID="68612583" OBJECTID="165058764" OBJECTGUID="270ae647-bf99-4951-a0ed-191ca1fd318e" CHANGEID="600509195" NUMBER="2В" OPERTYPEID="10" PREVID="0" NEXTID="0" UPDATEDATE="2024-09-05" STARTDATE="2024-09-05" ENDDATE="2079-06-06" ISACTUAL="1" ISACTIVE="1" /><STEAD ID="68612585" OBJECTID="165058766" OBJECTGUID="cf08e2a9-28ae-47fc-b010-cce8e7406fa1" CHANGEID="600509197" NUMBER="4А" OPERTYPEID="10" PREVID="0" NEXTID="0" UPDATEDATE="2024-09-05" STARTDATE="2024-09-05" ENDDATE="2079-06-06" ISACTUAL="1" ISACTIVE="1" /><STEAD ID="68613544" OBJECTID="165059836" OBJECTGUID="0e70782f-a9ab-4f77-88d6-31a26028ae8b" CHANGEID="600510485" NUMBER="1" OPERTYPEID="10" PREVID="0" NEXTID="0" UPDATEDATE="2024-09-05" STARTDATE="2024-09-05" ENDDATE="2079-06-06" ISACTUAL="1" ISACTIVE="1" /><STEAD ID="68613545" OBJECTID="165059837" OBJECTGUID="1a53dfa3-0385-442e-9981-897e6bca9530" CHANGEID="600510486" NUMBER="3" OPERTYPEID="10" PREVID="0" NEXTID="0" UPDATEDATE="2024-09-05" STARTDATE="2024-09-05" ENDDATE="2079-06-06" ISACTUAL="1" ISACTIVE="1" /><STEAD ID="68613546" OBJECTID="165059838" OBJECTGUID="28b38d22-b918-413b-b41d-79f327f582df" CHANGEID="600510487" NUMBER="5" OPERTYPEID="10" PREVID="0" NEXTID="0" UPDATEDATE="2024-09-05" STARTDATE="2024-09-05" ENDDATE="2079-06-06" ISACTUAL="1" ISACTIVE="1" /><STEAD ID="68613547" OBJECTID="165059839" OBJECTGUID="653a3350-d140-49c4-b68b-933f7bc6381e" CHANGEID="600510488" NUMBER="2" OPERTYPEID="10" PREVID="0" NEXTID="0" UPDATEDATE="2024-09-05" STARTDATE="2024-09-05" ENDDATE="2079-06-06" ISACTUAL="1" ISACTIVE="1" /><STEAD ID="68613548" OBJECTID="165059840" OBJECTGUID="fca5b50c-0896-4879-9516-56717877d4ac" CHANGEID="600510489" NUMBER="4" OPERTYPEID="10" PREVID="0" NEXTID="0" UPDATEDATE="2024-09-05" STARTDATE="2024-09-05" ENDDATE="2079-06-06" ISACTUAL="1" ISACTIVE="1" /><STEAD ID="68613549" OBJECTID="165059841" OBJECTGUID="ad2bc37c-f386-4731-a0f5-39e79fb31c3c" CHANGEID="600510490" NUMBER="6" OPERTYPEID="10" PREVID="0" NEXTID="0" UPDATEDATE="2024-09-05" STARTDATE="2024-09-05" ENDDATE="2079-06-06" ISACTUAL="1" ISACTIVE="1" /><STEAD ID="68613591" OBJECTID="165059883" OBJECTGUID="789b18fa-0455-46dc-ab79-8a0d81ba59aa" CHANGEID="600510532" NUMBER="27А" OPERTYPEID="10" PREVID="0" NEXTID="0" UPDATEDATE="2024-09-05" STARTDATE="2024-09-05" ENDDATE="2079-06-06" ISACTUAL="1" ISACTIVE="1" /><STEAD ID="68614152" OBJECTID="165060836" OBJECTGUID="8b270102-d743-45b1-9d6e-6c98f416c83e" CHANGEID="600512066" NUMBER="30" OPERTYPEID="10" PREVID="0" NEXTID="0" UPDATEDATE="2024-09-05" STARTDATE="2024-09-05" ENDDATE="2079-06-06" ISACTUAL="1" ISACTIVE="1" /><STEAD ID="68614169" OBJECTID="165060859" OBJECTGUID="65a26d83-f4b1-493c-b93f-61ab65369a16" CHANGEID="600512157" NUMBER="31" OPERTYPEID="10" PREVID="0" NEXTID="0" UPDATEDATE="2024-09-05" STARTDATE="2024-09-05" ENDDATE="2079-06-06" ISACTUAL="1" ISACTIVE="1" /><STEAD ID="68614170" OBJECTID="165060861" OBJECTGUID="3e03866c-4b36-4548-960a-1c244573509c" CHANGEID="600512159" NUMBER="19" OPERTYPEID="10" PREVID="0" NEXTID="0" UPDATEDATE="2024-09-05" STARTDATE="2024-09-05" ENDDATE="2079-06-06" ISACTUAL="1" ISACTIVE="1" /><STEAD ID="68614300" OBJECTID="165061027" OBJECTGUID="f0c88cd4-688a-49bb-9afa-70b449c2ac38" CHANGEID="600512450" NUMBER="8а" OPERTYPEID="10" PREVID="0" NEXTID="0" UPDATEDATE="2024-09-05" STARTDATE="2024-09-05" ENDDATE="2079-06-06" ISACTUAL="1" ISACTIVE="1" /><STEAD ID="68615618" OBJECTID="165063237" OBJECTGUID="94d2cbd7-b9f1-4df4-acc1-8c9a5806988b" CHANGEID="600515979" NUMBER="52" OPERTYPEID="10" PREVID="0" NEXTID="0" UPDATEDATE="2024-09-05" STARTDATE="2024-09-05" ENDDATE="2079-06-06" ISACTUAL="1" ISACTIVE="1" /><STEAD ID="68615619" OBJECTID="165063238" OBJECTGUID="bb03b0d2-1552-413c-abb9-09eb9273d3bf" CHANGEID="600515980" NUMBER="56" OPERTYPEID="10" PREVID="0" NEXTID="0" UPDATEDATE="2024-09-05" STARTDATE="2024-09-05" ENDDATE="2079-06-06" ISACTUAL="1" ISACTIVE="1" /><STEAD ID="68615620" OBJECTID="165063239" OBJECTGUID="dbe110ac-55df-4be3-99b9-40934247ce3d" CHANGEID="600515981" NUMBER="58" OPERTYPEID="10" PREVID="0" NEXTID="0" UPDATEDATE="2024-09-05" STARTDATE="2024-09-05" ENDDATE="2079-06-06" ISACTUAL="1" ISACTIVE="1" /><STEAD ID="68615621" OBJECTID="165063240" OBJECTGUID="82e0db66-59b4-4608-bb76-6c9c76373b66" CHANGEID="600515982" NUMBER="60" OPERTYPEID="10" PREVID="0" NEXTID="0" UPDATEDATE="2024-09-05" STARTDATE="2024-09-05" ENDDATE="2079-06-06" ISACTUAL="1" ISACTIVE="1" /><STEAD ID="68615622" OBJECTID="165063241" OBJECTGUID="364b45c1-bff5-4135-9ca2-ffc8d40e6010" CHANGEID="600515983" NUMBER="64" OPERTYPEID="10" PREVID="0" NEXTID="0" UPDATEDATE="2024-09-05" STARTDATE="2024-09-05" ENDDATE="2079-06-06" ISACTUAL="1" ISACTIVE="1" /><STEAD ID="68615623" OBJECTID="165063242" OBJECTGUID="75d35a65-1088-44ba-97a0-0859f727b56e" CHANGEID="600515984" NUMBER="66" OPERTYPEID="10" PREVID="0" NEXTID="0" UPDATEDATE="2024-09-05" STARTDATE="2024-09-05" ENDDATE="2079-06-06" ISACTUAL="1" ISACTIVE="1" /><STEAD ID="68615624" OBJECTID="165063243" OBJECTGUID="5c8fc69a-d9b4-47bf-b000-11960ec94527" CHANGEID="600515985" NUMBER="68" OPERTYPEID="10" PREVID="0" NEXTID="0" UPDATEDATE="2024-09-05" STARTDATE="2024-09-05" ENDDATE="2079-06-06" ISACTUAL="1" ISACTIVE="1" /><STEAD ID="68615625" OBJECTID="165063244" OBJECTGUID="0006307a-650b-410f-b111-fc645213e6fe" CHANGEID="600515986" NUMBER="70" OPERTYPEID="10" PREVID="0" NEXTID="0" UPDATEDATE="2024-09-05" STARTDATE="2024-09-05" ENDDATE="2079-06-06" ISACTUAL="1" ISACTIVE="1" /><STEAD ID="68615626" OBJECTID="165063245" OBJECTGUID="625f8067-8fb6-42f2-b590-729bcb6e9e1d" CHANGEID="600515987" NUMBER="72" OPERTYPEID="10" PREVID="0" NEXTID="0" UPDATEDATE="2024-09-05" STARTDATE="2024-09-05" ENDDATE="2079-06-06" ISACTUAL="1" ISACTIVE="1" /><STEAD ID="68615627" OBJECTID="165063246" OBJECTGUID="7cd49a91-7faa-49a7-b9a1-6da9c5471e22" CHANGEID="600515988" NUMBER="74" OPERTYPEID="10" PREVID="0" NEXTID="0" UPDATEDATE="2024-09-05" STARTDATE="2024-09-05" ENDDATE="2079-06-06" ISACTUAL="1" ISACTIVE="1" /><STEAD ID="68615628" OBJECTID="165063247" OBJECTGUID="0bcd1032-c1b0-4b20-b0cd-e6942851d3ae" CHANGEID="600515989" NUMBER="76" OPERTYPEID="10" PREVID="0" NEXTID="0" UPDATEDATE="2024-09-05" STARTDATE="2024-09-05" ENDDATE="2079-06-06" ISACTUAL="1" ISACTIVE="1" /><STEAD ID="68615629" OBJECTID="165063248" OBJECTGUID="409c43d7-1a7a-49e1-95cc-a0d9792d02c5" CHANGEID="600515990" NUMBER="78" OPERTYPEID="10" PREVID="0" NEXTID="0" UPDATEDATE="2024-09-05" STARTDATE="2024-09-05" ENDDATE="2079-06-06" ISACTUAL="1" ISACTIVE="1" /><STEAD ID="68615630" OBJECTID="165063249" OBJECTGUID="f0e50ad8-575f-44bb-8a75-1d9bf55bdc08" CHANGEID="600515991" NUMBER="80" OPERTYPEID="10" PREVID="0" NEXTID="0" UPDATEDATE="2024-09-05" STARTDATE="2024-09-05" ENDDATE="2079-06-06" ISACTUAL="1" ISACTIVE="1" /><STEAD ID="68615631" OBJECTID="165063250" OBJECTGUID="ab17bcd4-cb39-4267-9e05-99a5028b7b8d" CHANGEID="600515992" NUMBER="82" OPERTYPEID="10" PREVID="0" NEXTID="0" UPDATEDATE="2024-09-05" STARTDATE="2024-09-05" ENDDATE="2079-06-06" ISACTUAL="1" ISACTIVE="1" /><STEAD ID="68615632" OBJECTID="165063251" OBJECTGUID="056e892a-ae40-45fc-abca-7ab603c1ec40" CHANGEID="600515993" NUMBER="84" OPERTYPEID="10" PREVID="0" NEXTID="0" UPDATEDATE="2024-09-05" STARTDATE="2024-09-05" ENDDATE="2079-06-06" ISACTUAL="1" ISACTIVE="1" /><STEAD ID="68615633" OBJECTID="165063252" OBJECTGUID="5bf09796-5168-4256-af9d-55290c85e5c4" CHANGEID="600515994" NUMBER="86" OPERTYPEID="10" PREVID="0" NEXTID="0" UPDATEDATE="2024-09-05" STARTDATE="2024-09-05" ENDDATE="2079-06-06" ISACTUAL="1" ISACTIVE="1" /><STEAD ID="68615634" OBJECTID="165063253" OBJECTGUID="ede609c7-81e0-4f95-8e94-bdd12fa7d1c5" CHANGEID="600515995" NUMBER="88" OPERTYPEID="10" PREVID="0" NEXTID="0" UPDATEDATE="2024-09-05" STARTDATE="2024-09-05" ENDDATE="2079-06-06" ISACTUAL="1" ISACTIVE="1" /><STEAD ID="68615635" OBJECTID="165063254" OBJECTGUID="74334551-8a12-4b83-a8e5-cb9ca626eb90" CHANGEID="600515996" NUMBER="90" OPERTYPEID="10" PREVID="0" NEXTID="0" UPDATEDATE="2024-09-05" STARTDATE="2024-09-05" ENDDATE="2079-06-06" ISACTUAL="1" ISACTIVE="1" /><STEAD ID="68615636" OBJECTID="165063255" OBJECTGUID="405f709f-f0fe-451e-a94f-344e5d69e6a0" CHANGEID="600515997" NUMBER="92" OPERTYPEID="10" PREVID="0" NEXTID="0" UPDATEDATE="2024-09-05" STARTDATE="2024-09-05" ENDDATE="2079-06-06" ISACTUAL="1" ISACTIVE="1" /><STEAD ID="68615637" OBJECTID="165063256" OBJECTGUID="04a6a4f7-48cd-4b88-8f13-8de1c99564fb" CHANGEID="600515998" NUMBER="94" OPERTYPEID="10" PREVID="0" NEXTID="0" UPDATEDATE="2024-09-05" STARTDATE="2024-09-05" ENDDATE="2079-06-06" ISACTUAL="1" ISACTIVE="1" /><STEAD ID="68615638" OBJECTID="165063257" OBJECTGUID="fb4bdb92-3a61-4232-9c3d-15a1975ccb54" CHANGEID="600515999" NUMBER="96" OPERTYPEID="10" PREVID="0" NEXTID="0" UPDATEDATE="2024-09-05" STARTDATE="2024-09-05" ENDDATE="2079-06-06" ISACTUAL="1" ISACTIVE="1" /><STEAD ID="68616212" OBJECTID="165064306" OBJECTGUID="d649dcca-b23b-4115-8c09-45646d95fdc0" CHANGEID="600517988" NUMBER="23" OPERTYPEID="10" PREVID="0" NEXTID="0" UPDATEDATE="2024-09-05" STARTDATE="2024-09-05" ENDDATE="2079-06-06" ISACTUAL="1" ISACTIVE="1" /><STEAD ID="68616251" OBJECTID="165064376" OBJECTGUID="e3998022-9062-46b9-a825-1cbcfec5968c" CHANGEID="600518135" NUMBER="32Б" OPERTYPEID="10" PREVID="0" NEXTID="0" UPDATEDATE="2024-09-05" STARTDATE="2024-09-05" ENDDATE="2079-06-06" ISACTUAL="1" ISACTIVE="1" /><STEAD ID="68616253" OBJECTID="165064378" OBJECTGUID="4288196c-e4b9-400b-8805-d71bb27d6c7a" CHANGEID="600518137" NUMBER="42е" OPERTYPEID="10" PREVID="0" NEXTID="0" UPDATEDATE="2024-09-05" STARTDATE="2024-09-05" ENDDATE="2079-06-06" ISACTUAL="1" ISACTIVE="1" /><STEAD ID="68616213" OBJECTID="165064307" OBJECTGUID="ab166f76-cb86-4450-8b7f-da2a99eb8c36" CHANGEID="600517989" NUMBER="25" OPERTYPEID="10" PREVID="0" NEXTID="0" UPDATEDATE="2024-09-05" STARTDATE="2024-09-05" ENDDATE="2079-06-06" ISACTUAL="1" ISACTIVE="1" /><STEAD ID="68616214" OBJECTID="165064308" OBJECTGUID="741b6c92-15e3-4dc2-96b9-871893000473" CHANGEID="600517990" NUMBER="27" OPERTYPEID="10" PREVID="0" NEXTID="0" UPDATEDATE="2024-09-05" STARTDATE="2024-09-05" ENDDATE="2079-06-06" ISACTUAL="1" ISACTIVE="1" /><STEAD ID="68616215" OBJECTID="165064309" OBJECTGUID="bff64d2e-8fac-43e8-a8ea-c8eacaeb6315" CHANGEID="600517991" NUMBER="29" OPERTYPEID="10" PREVID="0" NEXTID="0" UPDATEDATE="2024-09-05" STARTDATE="2024-09-05" ENDDATE="2079-06-06" ISACTUAL="1" ISACTIVE="1" /><STEAD ID="68616216" OBJECTID="165064310" OBJECTGUID="2f474717-0df0-4e6e-b130-ef9115f18e78" CHANGEID="600517992" NUMBER="31" OPERTYPEID="10" PREVID="0" NEXTID="0" UPDATEDATE="2024-09-05" STARTDATE="2024-09-05" ENDDATE="2079-06-06" ISACTUAL="1" ISACTIVE="1" /><STEAD ID="68616217" OBJECTID="165064311" OBJECTGUID="75b2c44e-eec1-498c-9ede-d0f4f0ecd0ce" CHANGEID="600517993" NUMBER="33" OPERTYPEID="10" PREVID="0" NEXTID="0" UPDATEDATE="2024-09-05" STARTDATE="2024-09-05" ENDDATE="2079-06-06" ISACTUAL="1" ISACTIVE="1" /><STEAD ID="68616218" OBJECTID="165064312" OBJECTGUID="405eaf50-4f82-40bc-9929-c8cd6135a1e7" CHANGEID="600517994" NUMBER="35" OPERTYPEID="10" PREVID="0" NEXTID="0" UPDATEDATE="2024-09-05" STARTDATE="2024-09-05" ENDDATE="2079-06-06" ISACTUAL="1" ISACTIVE="1" /><STEAD ID="68616219" OBJECTID="165064313" OBJECTGUID="2a4f4568-f99a-4521-904c-69aad851fcb0" CHANGEID="600517995" NUMBER="37" OPERTYPEID="10" PREVID="0" NEXTID="0" UPDATEDATE="2024-09-05" STARTDATE="2024-09-05" ENDDATE="2079-06-06" ISACTUAL="1" ISACTIVE="1" /><STEAD ID="68616220" OBJECTID="165064314" OBJECTGUID="e27eedb7-c242-491a-bd15-81b218b944d9" CHANGEID="600517996" NUMBER="39" OPERTYPEID="10" PREVID="0" NEXTID="0" UPDATEDATE="2024-09-05" STARTDATE="2024-09-05" ENDDATE="2079-06-06" ISACTUAL="1" ISACTIVE="1" /><STEAD ID="68616221" OBJECTID="165064315" OBJECTGUID="6e08d98d-46a6-48dd-b049-4d2b1c8d8521" CHANGEID="600517997" NUMBER="41" OPERTYPEID="10" PREVID="0" NEXTID="0" UPDATEDATE="2024-09-05" STARTDATE="2024-09-05" ENDDATE="2079-06-06" ISACTUAL="1" ISACTIVE="1" /><STEAD ID="68616222" OBJECTID="165064316" OBJECTGUID="f77a4d8c-2563-4307-80cb-5aa6cea13c56" CHANGEID="600517998" NUMBER="45" OPERTYPEID="10" PREVID="0" NEXTID="0" UPDATEDATE="2024-09-05" STARTDATE="2024-09-05" ENDDATE="2079-06-06" ISACTUAL="1" ISACTIVE="1" /><STEAD ID="68616223" OBJECTID="165064317" OBJECTGUID="3ca23f1f-37c8-412f-872c-a776e06625b3" CHANGEID="600517999" NUMBER="47" OPERTYPEID="10" PREVID="0" NEXTID="0" UPDATEDATE="2024-09-05" STARTDATE="2024-09-05" ENDDATE="2079-06-06" ISACTUAL="1" ISACTIVE="1" /><STEAD ID="68616224" OBJECTID="165064318" OBJECTGUID="c59e93ec-fed0-446d-ab7f-a13dfc4d3890" CHANGEID="600518000" NUMBER="49" OPERTYPEID="10" PREVID="0" NEXTID="0" UPDATEDATE="2024-09-05" STARTDATE="2024-09-05" ENDDATE="2079-06-06" ISACTUAL="1" ISACTIVE="1" /><STEAD ID="68616225" OBJECTID="165064319" OBJECTGUID="6622f7f5-4893-4a8f-ad13-b24411707502" CHANGEID="600518001" NUMBER="51" OPERTYPEID="10" PREVID="0" NEXTID="0" UPDATEDATE="2024-09-05" STARTDATE="2024-09-05" ENDDATE="2079-06-06" ISACTUAL="1" ISACTIVE="1" /><STEAD ID="68616226" OBJECTID="165064320" OBJECTGUID="bf1acb24-98bc-470a-939c-6d6b47d2026c" CHANGEID="600518002" NUMBER="53" OPERTYPEID="10" PREVID="0" NEXTID="0" UPDATEDATE="2024-09-05" STARTDATE="2024-09-05" ENDDATE="2079-06-06" ISACTUAL="1" ISACTIVE="1" /><STEAD ID="68616227" OBJECTID="165064321" OBJECTGUID="4c2c3d50-1f24-4559-b97b-c9d561b51f6b" CHANGEID="600518003" NUMBER="55" OPERTYPEID="10" PREVID="0" NEXTID="0" UPDATEDATE="2024-09-05" STARTDATE="2024-09-05" ENDDATE="2079-06-06" ISACTUAL="1" ISACTIVE="1" /><STEAD ID="68616228" OBJECTID="165064322" OBJECTGUID="131ce736-60bc-441c-8869-8f3de0c76a90" CHANGEID="600518004" NUMBER="57" OPERTYPEID="10" PREVID="0" NEXTID="0" UPDATEDATE="2024-09-05" STARTDATE="2024-09-05" ENDDATE="2079-06-06" ISACTUAL="1" ISACTIVE="1" /><STEAD ID="68616229" OBJECTID="165064323" OBJECTGUID="d27081c5-3a9b-4ea5-b8ea-70712785e853" CHANGEID="600518005" NUMBER="59" OPERTYPEID="10" PREVID="0" NEXTID="0" UPDATEDATE="2024-09-05" STARTDATE="2024-09-05" ENDDATE="2079-06-06" ISACTUAL="1" ISACTIVE="1" /><STEAD ID="68616230" OBJECTID="165064324" OBJECTGUID="c8f4c646-7382-4e4f-9954-c242966c6fe8" CHANGEID="600518006" NUMBER="61" OPERTYPEID="10" PREVID="0" NEXTID="0" UPDATEDATE="2024-09-05" STARTDATE="2024-09-05" ENDDATE="2079-06-06" ISACTUAL="1" ISACTIVE="1" /><STEAD ID="68616231" OBJECTID="165064325" OBJECTGUID="c30f870d-e2db-45fc-9f24-e23ad04a9a60" CHANGEID="600518007" NUMBER="63" OPERTYPEID="10" PREVID="0" NEXTID="0" UPDATEDATE="2024-09-05" STARTDATE="2024-09-05" ENDDATE="2079-06-06" ISACTUAL="1" ISACTIVE="1" /><STEAD ID="68616232" OBJECTID="165064326" OBJECTGUID="5d386da5-ae55-4931-80a9-b325305978b4" CHANGEID="600518008" NUMBER="65" OPERTYPEID="10" PREVID="0" NEXTID="0" UPDATEDATE="2024-09-05" STARTDATE="2024-09-05" ENDDATE="2079-06-06" ISACTUAL="1" ISACTIVE="1" /><STEAD ID="68616233" OBJECTID="165064327" OBJECTGUID="7b6bfded-46a4-4dd5-884c-0fcf6393935b" CHANGEID="600518009" NUMBER="67" OPERTYPEID="10" PREVID="0" NEXTID="0" UPDATEDATE="2024-09-05" STARTDATE="2024-09-05" ENDDATE="2079-06-06" ISACTUAL="1" ISACTIVE="1" /><STEAD ID="68616234" OBJECTID="165064328" OBJECTGUID="2df68309-66d1-4b51-a08a-4eec1b7d9c45" CHANGEID="600518010" NUMBER="69" OPERTYPEID="10" PREVID="0" NEXTID="0" UPDATEDATE="2024-09-05" STARTDATE="2024-09-05" ENDDATE="2079-06-06" ISACTUAL="1" ISACTIVE="1" /><STEAD ID="68616235" OBJECTID="165064329" OBJECTGUID="d21d2894-eb2f-4756-9360-e20f40c4e150" CHANGEID="600518011" NUMBER="71" OPERTYPEID="10" PREVID="0" NEXTID="0" UPDATEDATE="2024-09-05" STARTDATE="2024-09-05" ENDDATE="2079-06-06" ISACTUAL="1" ISACTIVE="1" /><STEAD ID="68616236" OBJECTID="165064330" OBJECTGUID="f411a804-88e6-4d5a-a496-7e1043b4fece" CHANGEID="600518012" NUMBER="73" OPERTYPEID="10" PREVID="0" NEXTID="0" UPDATEDATE="2024-09-05" STARTDATE="2024-09-05" ENDDATE="2079-06-06" ISACTUAL="1" ISACTIVE="1" /><STEAD ID="68616237" OBJECTID="165064331" OBJECTGUID="9d0baad6-7f44-45e3-b81d-d89f1a87f9d6" CHANGEID="600518013" NUMBER="75" OPERTYPEID="10" PREVID="0" NEXTID="0" UPDATEDATE="2024-09-05" STARTDATE="2024-09-05" ENDDATE="2079-06-06" ISACTUAL="1" ISACTIVE="1" /><STEAD ID="68616238" OBJECTID="165064332" OBJECTGUID="cffce21f-adcb-4636-8b73-dfb66870a0a4" CHANGEID="600518014" NUMBER="77" OPERTYPEID="10" PREVID="0" NEXTID="0" UPDATEDATE="2024-09-05" STARTDATE="2024-09-05" ENDDATE="2079-06-06" ISACTUAL="1" ISACTIVE="1" /><STEAD ID="68616239" OBJECTID="165064333" OBJECTGUID="b5d9ea5c-6668-43a1-88d6-fc712425e1e3" CHANGEID="600518015" NUMBER="79" OPERTYPEID="10" PREVID="0" NEXTID="0" UPDATEDATE="2024-09-05" STARTDATE="2024-09-05" ENDDATE="2079-06-06" ISACTUAL="1" ISACTIVE="1" /><STEAD ID="68616240" OBJECTID="165064334" OBJECTGUID="e4423cd7-8759-4a94-b7ae-a1fc02e76418" CHANGEID="600518016" NUMBER="81" OPERTYPEID="10" PREVID="0" NEXTID="0" UPDATEDATE="2024-09-05" STARTDATE="2024-09-05" ENDDATE="2079-06-06" ISACTUAL="1" ISACTIVE="1" /><STEAD ID="68616241" OBJECTID="165064335" OBJECTGUID="f71f2893-0316-417d-ba8a-2883020f6475" CHANGEID="600518017" NUMBER="83" OPERTYPEID="10" PREVID="0" NEXTID="0" UPDATEDATE="2024-09-05" STARTDATE="2024-09-05" ENDDATE="2079-06-06" ISACTUAL="1" ISACTIVE="1" /><STEAD ID="68616242" OBJECTID="165064336" OBJECTGUID="cabbb788-a5bd-4698-91b0-ed574bec97ba" CHANGEID="600518018" NUMBER="85" OPERTYPEID="10" PREVID="0" NEXTID="0" UPDATEDATE="2024-09-05" STARTDATE="2024-09-05" ENDDATE="2079-06-06" ISACTUAL="1" ISACTIVE="1" /><STEAD ID="68616243" OBJECTID="165064337" OBJECTGUID="ae64ec80-6bdd-43d4-b32f-7ce860ae0bdc" CHANGEID="600518019" NUMBER="87" OPERTYPEID="10" PREVID="0" NEXTID="0" UPDATEDATE="2024-09-05" STARTDATE="2024-09-05" ENDDATE="2079-06-06" ISACTUAL="1" ISACTIVE="1" /><STEAD ID="68616244" OBJECTID="165064338" OBJECTGUID="024e5d5c-b7e8-496a-b410-ad26fd9261ac" CHANGEID="600518020" NUMBER="89" OPERTYPEID="10" PREVID="0" NEXTID="0" UPDATEDATE="2024-09-05" STARTDATE="2024-09-05" ENDDATE="2079-06-06" ISACTUAL="1" ISACTIVE="1" /><STEAD ID="68616245" OBJECTID="165064339" OBJECTGUID="66b97af5-e156-40e1-b8b1-a41bb8890c1d" CHANGEID="600518021" NUMBER="91" OPERTYPEID="10" PREVID="0" NEXTID="0" UPDATEDATE="2024-09-05" STARTDATE="2024-09-05" ENDDATE="2079-06-06" ISACTUAL="1" ISACTIVE="1" /><STEAD ID="68616246" OBJECTID="165064340" OBJECTGUID="4947bbaa-7b41-4173-bfb1-b53a9a843ee4" CHANGEID="600518022" NUMBER="93" OPERTYPEID="10" PREVID="0" NEXTID="0" UPDATEDATE="2024-09-05" STARTDATE="2024-09-05" ENDDATE="2079-06-06" ISACTUAL="1" ISACTIVE="1" /><STEAD ID="68616247" OBJECTID="165064341" OBJECTGUID="43be0db8-f8fd-4ab0-a65d-1f6d6183831a" CHANGEID="600518023" NUMBER="95" OPERTYPEID="10" PREVID="0" NEXTID="0" UPDATEDATE="2024-09-05" STARTDATE="2024-09-05" ENDDATE="2079-06-06" ISACTUAL="1" ISACTIVE="1" /><STEAD ID="68616248" OBJECTID="165064342" OBJECTGUID="8c747c31-710b-4f1d-8f28-763346a5bef0" CHANGEID="600518024" NUMBER="97" OPERTYPEID="10" PREVID="0" NEXTID="0" UPDATEDATE="2024-09-05" STARTDATE="2024-09-05" ENDDATE="2079-06-06" ISACTUAL="1" ISACTIVE="1" /><STEAD ID="68616249" OBJECTID="165064343" OBJECTGUID="e9fa6a84-182c-4a2d-89c5-0306423f8b07" CHANGEID="600518025" NUMBER="99" OPERTYPEID="10" PREVID="0" NEXTID="0" UPDATEDATE="2024-09-05" STARTDATE="2024-09-05" ENDDATE="2079-06-06" ISACTUAL="1" ISACTIVE="1" /><STEAD ID="68616252" OBJECTID="165064377" OBJECTGUID="2f3c2bcf-1368-4036-b2b9-61141c8b0ca0" CHANGEID="600518136" NUMBER="28Б" OPERTYPEID="10" PREVID="0" NEXTID="0" UPDATEDATE="2024-09-05" STARTDATE="2024-09-05" ENDDATE="2079-06-06" ISACTUAL="1" ISACTIVE="1" /><STEAD ID="68616655" OBJECTID="165065172" OBJECTGUID="ec31a883-fa05-4581-a5d4-b51595b8a30d" CHANGEID="600519546" NUMBER="35д" OPERTYPEID="10" PREVID="0" NEXTID="0" UPDATEDATE="2024-09-05" STARTDATE="2024-09-05" ENDDATE="2079-06-06" ISACTUAL="1" ISACTIVE="1" /><STEAD ID="68616656" OBJECTID="165065173" OBJECTGUID="6fb3a505-cace-430c-a36f-e7030fcbfc81" CHANGEID="600519548" NUMBER="3г" OPERTYPEID="10" PREVID="0" NEXTID="0" UPDATEDATE="2024-09-05" STARTDATE="2024-09-05" ENDDATE="2079-06-06" ISACTUAL="1" ISACTIVE="1" /><STEAD ID="68616658" OBJECTID="165065181" OBJECTGUID="dd23c155-56e1-4ffe-bbf5-d12715f91a5f" CHANGEID="600519643" NUMBER="23" OPERTYPEID="10" PREVID="0" NEXTID="0" UPDATEDATE="2024-09-05" STARTDATE="2024-09-05" ENDDATE="2079-06-06" ISACTUAL="1" ISACTIVE="1" /><STEAD ID="68616660" OBJECTID="165065182" OBJECTGUID="1a498bf5-a031-483b-b94c-41f64982460e" CHANGEID="600519646" NUMBER="25" OPERTYPEID="10" PREVID="0" NEXTID="0" UPDATEDATE="2024-09-05" STARTDATE="2024-09-05" ENDDATE="2079-06-06" ISACTUAL="1" ISACTIVE="1" /><STEAD ID="68618841" OBJECTID="165069545" OBJECTGUID="c748d53f-1ac9-4e96-96f2-3e2bb12aabc7" CHANGEID="600526406" NUMBER="9/2" OPERTYPEID="10" PREVID="0" NEXTID="0" UPDATEDATE="2024-09-05" STARTDATE="2024-09-05" ENDDATE="2079-06-06" ISACTUAL="1" ISACTIVE="1" /><STEAD ID="68627827" OBJECTID="165090015" OBJECTGUID="d800115f-7b10-4064-9050-0416583add92" CHANGEID="600560203" NUMBER="12/1" OPERTYPEID="10" PREVID="0" NEXTID="0" UPDATEDATE="2024-09-06" STARTDATE="2024-09-06" ENDDATE="2079-06-06" ISACTUAL="1" ISACTIVE="1" /><STEAD ID="68627828" OBJECTID="165090017" OBJECTGUID="e7b04e26-4a3f-46b0-b835-1c2c33cd70c4" CHANGEID="600560205" NUMBER="58/1" OPERTYPEID="10" PREVID="0" NEXTID="0" UPDATEDATE="2024-09-06" STARTDATE="2024-09-06" ENDDATE="2079-06-06" ISACTUAL="1" ISACTIVE="1" /><STEAD ID="68627829" OBJECTID="165090018" OBJECTGUID="a4208416-6a49-4cb9-8738-6145eee39529" CHANGEID="600560206" NUMBER="13/1" OPERTYPEID="10" PREVID="0" NEXTID="0" UPDATEDATE="2024-09-06" STARTDATE="2024-09-06" ENDDATE="2079-06-06" ISACTUAL="1" ISACTIVE="1" /><STEAD ID="68627830" OBJECTID="165090019" OBJECTGUID="bc7349ab-f810-4250-85e9-baf59058bf77" CHANGEID="600560207" NUMBER="13/2" OPERTYPEID="10" PREVID="0" NEXTID="0" UPDATEDATE="2024-09-06" STARTDATE="2024-09-06" ENDDATE="2079-06-06" ISACTUAL="1" ISACTIVE="1" /><STEAD ID="68627858" OBJECTID="165090060" OBJECTGUID="1f1519dd-2d71-4e5e-a110-3690948b0b18" CHANGEID="600560249" NUMBER="8а" OPERTYPEID="10" PREVID="0" NEXTID="0" UPDATEDATE="2024-09-06" STARTDATE="2024-09-06" ENDDATE="2079-06-06" ISACTUAL="1" ISACTIVE="1" /><STEAD ID="68627877" OBJECTID="165090101" OBJECTGUID="9b4601e2-839c-4909-9c38-be5191dbd32c" CHANGEID="600560291" NUMBER="49" OPERTYPEID="10" PREVID="0" NEXTID="0" UPDATEDATE="2024-09-06" STARTDATE="2024-09-06" ENDDATE="2079-06-06" ISACTUAL="1" ISACTIVE="1" /><STEAD ID="68627928" OBJECTID="165090201" OBJECTGUID="8da7df6e-8237-47c1-90ff-98a46670cc0e" CHANGEID="600560411" NUMBER="8а" OPERTYPEID="10" PREVID="0" NEXTID="0" UPDATEDATE="2024-09-06" STARTDATE="2024-09-06" ENDDATE="2079-06-06" ISACTUAL="1" ISACTIVE="1" /><STEAD ID="68628057" OBJECTID="165090422" OBJECTGUID="bbccb742-9930-40ed-b9fd-ed385bf2ee54" CHANGEID="600560693" NUMBER="8/2" OPERTYPEID="10" PREVID="0" NEXTID="0" UPDATEDATE="2024-09-06" STARTDATE="2024-09-06" ENDDATE="2079-06-06" ISACTUAL="1" ISACTIVE="1" /><STEAD ID="68628059" OBJECTID="165090426" OBJECTGUID="a97d19ec-b523-4ebf-aa9c-405bc868ceac" CHANGEID="600560699" NUMBER="2н" OPERTYPEID="10" PREVID="0" NEXTID="0" UPDATEDATE="2024-09-06" STARTDATE="2024-09-06" ENDDATE="2079-06-06" ISACTUAL="1" ISACTIVE="1" /><STEAD ID="68628060" OBJECTID="165090430" OBJECTGUID="8aa749bb-25e1-46fa-890e-d5c0bb879355" CHANGEID="600560705" NUMBER="18а" OPERTYPEID="10" PREVID="0" NEXTID="0" UPDATEDATE="2024-09-06" STARTDATE="2024-09-06" ENDDATE="2079-06-06" ISACTUAL="1" ISACTIVE="1" /><STEAD ID="68628243" OBJECTID="165090716" OBJECTGUID="81b585d0-6b6f-4a43-9d12-90ee366022b5" CHANGEID="600561084" NUMBER="20" OPERTYPEID="10" PREVID="0" NEXTID="0" UPDATEDATE="2024-09-06" STARTDATE="2024-09-06" ENDDATE="2079-06-06" ISACTUAL="1" ISACTIVE="1" /><STEAD ID="68628244" OBJECTID="165090717" OBJECTGUID="ef8fc12c-047d-4a92-968c-9bfba6da4fc6" CHANGEID="600561085" NUMBER="108а" OPERTYPEID="10" PREVID="0" NEXTID="0" UPDATEDATE="2024-09-06" STARTDATE="2024-09-06" ENDDATE="2079-06-06" ISACTUAL="1" ISACTIVE="1" /><STEAD ID="68629639" OBJECTID="165092624" OBJECTGUID="6627bc9d-0e0b-4e5c-9539-0f2517ad9c86" CHANGEID="600564404" NUMBER="51" OPERTYPEID="10" PREVID="0" NEXTID="0" UPDATEDATE="2024-09-06" STARTDATE="2024-09-06" ENDDATE="2079-06-06" ISACTUAL="1" ISACTIVE="1" /><STEAD ID="68629641" OBJECTID="165092628" OBJECTGUID="1f942d58-1bb8-4af6-baf9-c654561d900f" CHANGEID="600564408" NUMBER="124" OPERTYPEID="10" PREVID="0" NEXTID="0" UPDATEDATE="2024-09-06" STARTDATE="2024-09-06" ENDDATE="2079-06-06" ISACTUAL="1" ISACTIVE="1" /><STEAD ID="68629642" OBJECTID="165092633" OBJECTGUID="24dc0b6c-c48c-48cb-b925-505c4cd86f29" CHANGEID="600564420" NUMBER="261" OPERTYPEID="10" PREVID="0" NEXTID="0" UPDATEDATE="2024-09-06" STARTDATE="2024-09-06" ENDDATE="2079-06-06" ISACTUAL="1" ISACTIVE="1" /><STEAD ID="68629643" OBJECTID="165092635" OBJECTGUID="a74de6f2-60be-45a9-aa0c-29968826aeb4" CHANGEID="600564422" NUMBER="32" OPERTYPEID="10" PREVID="0" NEXTID="0" UPDATEDATE="2024-09-06" STARTDATE="2024-09-06" ENDDATE="2079-06-06" ISACTUAL="1" ISACTIVE="1" /><STEAD ID="68629645" OBJECTID="165092639" OBJECTGUID="9aae3686-0af0-410c-9a17-e8601da187ba" CHANGEID="600564426" NUMBER="25/1" OPERTYPEID="10" PREVID="0" NEXTID="0" UPDATEDATE="2024-09-06" STARTDATE="2024-09-06" ENDDATE="2079-06-06" ISACTUAL="1" ISACTIVE="1" /><STEAD ID="68630072" OBJECTID="165093622" OBJECTGUID="d6b8ffcd-b6f5-4701-99a4-49e6a5a6edca" CHANGEID="600565609" NUMBER="11а" OPERTYPEID="10" PREVID="0" NEXTID="0" UPDATEDATE="2024-09-06" STARTDATE="2024-09-06" ENDDATE="2079-06-06" ISACTUAL="1" ISACTIVE="1" /><STEAD ID="68630073" OBJECTID="165093624" OBJECTGUID="e8c6edf6-9147-4380-ac0f-c9a3d3accbed" CHANGEID="600565611" NUMBER="14" OPERTYPEID="10" PREVID="0" NEXTID="0" UPDATEDATE="2024-09-06" STARTDATE="2024-09-06" ENDDATE="2079-06-06" ISACTUAL="1" ISACTIVE="1" /><STEAD ID="68630074" OBJECTID="165093629" OBJECTGUID="2a640b4c-35bd-4eda-89cc-589bf50535de" CHANGEID="600565617" NUMBER="79" OPERTYPEID="10" PREVID="0" NEXTID="0" UPDATEDATE="2024-09-06" STARTDATE="2024-09-06" ENDDATE="2079-06-06" ISACTUAL="1" ISACTIVE="1" /><STEAD ID="68630063" OBJECTID="165093608" OBJECTGUID="93306a54-e446-455d-91ca-66e9c0ddaade" CHANGEID="600565594" NUMBER="271" OPERTYPEID="10" PREVID="0" NEXTID="0" UPDATEDATE="2024-09-06" STARTDATE="2024-09-06" ENDDATE="2079-06-06" ISACTUAL="1" ISACTIVE="1" /><STEAD ID="68630064" OBJECTID="165093611" OBJECTGUID="2cf1030b-254c-4f9d-99c9-7998ad6817d5" CHANGEID="600565598" NUMBER="419" OPERTYPEID="10" PREVID="0" NEXTID="0" UPDATEDATE="2024-09-06" STARTDATE="2024-09-06" ENDDATE="2079-06-06" ISACTUAL="1" ISACTIVE="1" /><STEAD ID="68630065" OBJECTID="165093613" OBJECTGUID="f6ef6b0c-e013-4fea-a5c1-6fdf8e8cdcab" CHANGEID="600565600" NUMBER="25" OPERTYPEID="10" PREVID="0" NEXTID="0" UPDATEDATE="2024-09-06" STARTDATE="2024-09-06" ENDDATE="2079-06-06" ISACTUAL="1" ISACTIVE="1" /><STEAD ID="68630066" OBJECTID="165093615" OBJECTGUID="1c5801b6-a38f-401f-8a30-767a8ccf1131" CHANGEID="600565602" NUMBER="1д" OPERTYPEID="10" PREVID="0" NEXTID="0" UPDATEDATE="2024-09-06" STARTDATE="2024-09-06" ENDDATE="2079-06-06" ISACTUAL="1" ISACTIVE="1" /><STEAD ID="68630071" OBJECTID="165093621" OBJECTGUID="1abd4f89-266d-4613-b23c-9de845283ae9" CHANGEID="600565608" NUMBER="11" OPERTYPEID="10" PREVID="0" NEXTID="0" UPDATEDATE="2024-09-06" STARTDATE="2024-09-06" ENDDATE="2079-06-06" ISACTUAL="1" ISACTIVE="1" /><STEAD ID="68630279" OBJECTID="165093913" OBJECTGUID="e9c8bd38-c0f0-434d-b910-c06d74cb1f2d" CHANGEID="600566554" NUMBER="36" OPERTYPEID="10" PREVID="0" NEXTID="0" UPDATEDATE="2024-09-06" STARTDATE="2024-09-06" ENDDATE="2079-06-06" ISACTUAL="1" ISACTIVE="1" /><STEAD ID="68644036" OBJECTID="165116403" OBJECTGUID="32ade1ee-b8e2-4242-b4da-00dba7ec691c" CHANGEID="600736773" NUMBER="2" OPERTYPEID="10" PREVID="0" NEXTID="0" UPDATEDATE="2024-09-09" STARTDATE="2024-09-09" ENDDATE="2079-06-06" ISACTUAL="1" ISACTIVE="1" /><STEAD ID="68644037" OBJECTID="165116404" OBJECTGUID="368aa262-c3de-487d-ac35-67ae3a4e6728" CHANGEID="600736774" NUMBER="4" OPERTYPEID="10" PREVID="0" NEXTID="0" UPDATEDATE="2024-09-09" STARTDATE="2024-09-09" ENDDATE="2079-06-06" ISACTUAL="1" ISACTIVE="1" /><STEAD ID="68644038" OBJECTID="165116405" OBJECTGUID="d4954bab-03e2-4e71-b646-24ba28cbf44d" CHANGEID="600736775" NUMBER="6" OPERTYPEID="10" PREVID="0" NEXTID="0" UPDATEDATE="2024-09-09" STARTDATE="2024-09-09" ENDDATE="2079-06-06" ISACTUAL="1" ISACTIVE="1" /><STEAD ID="68644039" OBJECTID="165116406" OBJECTGUID="44e83efa-c19d-456a-9745-8044a0ee2327" CHANGEID="600736776" NUMBER="8" OPERTYPEID="10" PREVID="0" NEXTID="0" UPDATEDATE="2024-09-09" STARTDATE="2024-09-09" ENDDATE="2079-06-06" ISACTUAL="1" ISACTIVE="1" /><STEAD ID="68644040" OBJECTID="165116407" OBJECTGUID="d2a46261-9eea-4308-808e-ab70effe7f7a" CHANGEID="600736777" NUMBER="16" OPERTYPEID="10" PREVID="0" NEXTID="0" UPDATEDATE="2024-09-09" STARTDATE="2024-09-09" ENDDATE="2079-06-06" ISACTUAL="1" ISACTIVE="1" /><STEAD ID="68644041" OBJECTID="165116408" OBJECTGUID="95ea8695-575b-4fc2-a6b6-1db7c869b88b" CHANGEID="600736778" NUMBER="18" OPERTYPEID="10" PREVID="0" NEXTID="0" UPDATEDATE="2024-09-09" STARTDATE="2024-09-09" ENDDATE="2079-06-06" ISACTUAL="1" ISACTIVE="1" /><STEAD ID="68644042" OBJECTID="165116409" OBJECTGUID="9fd708df-aeed-41ae-942b-8eb982b87295" CHANGEID="600736779" NUMBER="20" OPERTYPEID="10" PREVID="0" NEXTID="0" UPDATEDATE="2024-09-09" STARTDATE="2024-09-09" ENDDATE="2079-06-06" ISACTUAL="1" ISACTIVE="1" /><STEAD ID="68644043" OBJECTID="165116410" OBJECTGUID="b99823b7-376c-4ad6-bdc8-fafe6717def1" CHANGEID="600736780" NUMBER="22" OPERTYPEID="10" PREVID="0" NEXTID="0" UPDATEDATE="2024-09-09" STARTDATE="2024-09-09" ENDDATE="2079-06-06" ISACTUAL="1" ISACTIVE="1" /><STEAD ID="68644044" OBJECTID="165116411" OBJECTGUID="2dfff085-ace9-45e8-8684-89e6db500e56" CHANGEID="600736781" NUMBER="28" OPERTYPEID="10" PREVID="0" NEXTID="0" UPDATEDATE="2024-09-09" STARTDATE="2024-09-09" ENDDATE="2079-06-06" ISACTUAL="1" ISACTIVE="1" /><STEAD ID="68644045" OBJECTID="165116412" OBJECTGUID="811b0f76-1c76-4e81-b7d8-87752e71a918" CHANGEID="600736782" NUMBER="34" OPERTYPEID="10" PREVID="0" NEXTID="0" UPDATEDATE="2024-09-09" STARTDATE="2024-09-09" ENDDATE="2079-06-06" ISACTUAL="1" ISACTIVE="1" /><STEAD ID="68644046" OBJECTID="165116413" OBJECTGUID="9e8035f4-fe8b-462f-9141-e1f65dec8e14" CHANGEID="600736783" NUMBER="36" OPERTYPEID="10" PREVID="0" NEXTID="0" UPDATEDATE="2024-09-09" STARTDATE="2024-09-09" ENDDATE="2079-06-06" ISACTUAL="1" ISACTIVE="1" /><STEAD ID="68644047" OBJECTID="165116414" OBJECTGUID="94ca5104-4221-4417-946f-7c9110dd4087" CHANGEID="600736784" NUMBER="38" OPERTYPEID="10" PREVID="0" NEXTID="0" UPDATEDATE="2024-09-09" STARTDATE="2024-09-09" ENDDATE="2079-06-06" ISACTUAL="1" ISACTIVE="1" /><STEAD ID="68644048" OBJECTID="165116415" OBJECTGUID="0833f6f2-d421-4f09-8d0d-0e53aa3f2adb" CHANGEID="600736785" NUMBER="40" OPERTYPEID="10" PREVID="0" NEXTID="0" UPDATEDATE="2024-09-09" STARTDATE="2024-09-09" ENDDATE="2079-06-06" ISACTUAL="1" ISACTIVE="1" /><STEAD ID="68644049" OBJECTID="165116416" OBJECTGUID="e831fc78-055a-4bdb-9eb9-56091fb2ef0c" CHANGEID="600736786" NUMBER="42" OPERTYPEID="10" PREVID="0" NEXTID="0" UPDATEDATE="2024-09-09" STARTDATE="2024-09-09" ENDDATE="2079-06-06" ISACTUAL="1" ISACTIVE="1" /><STEAD ID="68644050" OBJECTID="165116417" OBJECTGUID="0a63a34a-59b0-46e3-943f-3cece30520be" CHANGEID="600736787" NUMBER="46" OPERTYPEID="10" PREVID="0" NEXTID="0" UPDATEDATE="2024-09-09" STARTDATE="2024-09-09" ENDDATE="2079-06-06" ISACTUAL="1" ISACTIVE="1" /><STEAD ID="68644051" OBJECTID="165116418" OBJECTGUID="118c1907-c81f-4b1d-bce9-c7efb34f30da" CHANGEID="600736788" NUMBER="48" OPERTYPEID="10" PREVID="0" NEXTID="0" UPDATEDATE="2024-09-09" STARTDATE="2024-09-09" ENDDATE="2079-06-06" ISACTUAL="1" ISACTIVE="1" /><STEAD ID="68644450" OBJECTID="165117093" OBJECTGUID="a0cc155d-248e-406d-b0cc-84efa391d1d4" CHANGEID="600738041" NUMBER="13а" OPERTYPEID="10" PREVID="0" NEXTID="0" UPDATEDATE="2024-09-09" STARTDATE="2024-09-09" ENDDATE="2079-06-06" ISACTUAL="1" ISACTIVE="1" /><STEAD ID="68647340" OBJECTID="165121982" OBJECTGUID="17ff0a8b-760a-40d7-925c-c227ba4cad70" CHANGEID="600746073" NUMBER="39е" OPERTYPEID="10" PREVID="0" NEXTID="0" UPDATEDATE="2024-09-09" STARTDATE="2024-09-09" ENDDATE="2079-06-06" ISACTUAL="1" ISACTIVE="1" /><STEAD ID="68647385" OBJECTID="165122095" OBJECTGUID="25249f3b-8247-4f81-ad16-aa916245cd4d" CHANGEID="600746193" NUMBER="21" OPERTYPEID="10" PREVID="0" NEXTID="0" UPDATEDATE="2024-09-09" STARTDATE="2024-09-09" ENDDATE="2079-06-06" ISACTUAL="1" ISACTIVE="1" /><STEAD ID="68664427" OBJECTID="165151077" OBJECTGUID="c08e1ca5-98f2-468c-a5d7-e6cb115b1ea9" CHANGEID="600796309" NUMBER="4" OPERTYPEID="10" PREVID="0" NEXTID="0" UPDATEDATE="2024-09-10" STARTDATE="2024-09-10" ENDDATE="2079-06-06" ISACTUAL="1" ISACTIVE="1" /><STEAD ID="68664663" OBJECTID="165151410" OBJECTGUID="f0ad5866-3eba-4fba-8074-89058dd5a1ea" CHANGEID="600796898" NUMBER="10" OPERTYPEID="10" PREVID="0" NEXTID="0" UPDATEDATE="2024-09-10" STARTDATE="2024-09-10" ENDDATE="2079-06-06" ISACTUAL="1" ISACTIVE="1" /><STEAD ID="68664664" OBJECTID="165151411" OBJECTGUID="3dbe593b-4901-4aab-b73e-26da5e6783c3" CHANGEID="600796900" NUMBER="17" OPERTYPEID="10" PREVID="0" NEXTID="0" UPDATEDATE="2024-09-10" STARTDATE="2024-09-10" ENDDATE="2079-06-06" ISACTUAL="1" ISACTIVE="1" /><STEAD ID="68666096" OBJECTID="165154812" OBJECTGUID="9ae3a219-81d4-4576-a9d6-33920f8fd9c1" CHANGEID="600801565" NUMBER="75" OPERTYPEID="10" PREVID="0" NEXTID="0" UPDATEDATE="2024-09-10" STARTDATE="2024-09-10" ENDDATE="2079-06-06" ISACTUAL="1" ISACTIVE="1" /><STEAD ID="68666946" OBJECTID="165156148" OBJECTGUID="44ff166e-7c2b-49bf-9c8f-ebb3e5faa2b5" CHANGEID="600804540" NUMBER="11б/6" OPERTYPEID="10" PREVID="0" NEXTID="0" UPDATEDATE="2024-09-10" STARTDATE="2024-09-10" ENDDATE="2079-06-06" ISACTUAL="1" ISACTIVE="1" /><STEAD ID="68666952" OBJECTID="165156164" OBJECTGUID="2a3452fb-0888-4c85-9466-eaf6093f39df" CHANGEID="600804560" NUMBER="11б/1" OPERTYPEID="10" PREVID="0" NEXTID="0" UPDATEDATE="2024-09-10" STARTDATE="2024-09-10" ENDDATE="2079-06-06" ISACTUAL="1" ISACTIVE="1" /><STEAD ID="68666962" OBJECTID="165156189" OBJECTGUID="bc122b20-febb-4304-b1e0-404054de992e" CHANGEID="600804585" NUMBER="11б/3" OPERTYPEID="10" PREVID="0" NEXTID="0" UPDATEDATE="2024-09-10" STARTDATE="2024-09-10" ENDDATE="2079-06-06" ISACTUAL="1" ISACTIVE="1" /><STEAD ID="68667116" OBJECTID="165156466" OBJECTGUID="5d3b5a4d-422b-41b0-abe2-9b5ea9242c59" CHANGEID="600804891" NUMBER="11б/5" OPERTYPEID="10" PREVID="0" NEXTID="0" UPDATEDATE="2024-09-10" STARTDATE="2024-09-10" ENDDATE="2079-06-06" ISACTUAL="1" ISACTIVE="1" /><STEAD ID="68667117" OBJECTID="165156469" OBJECTGUID="ea13549c-2da2-4564-a66d-268c6e705c0e" CHANGEID="600804911" NUMBER="11б/4" OPERTYPEID="10" PREVID="0" NEXTID="0" UPDATEDATE="2024-09-10" STARTDATE="2024-09-10" ENDDATE="2079-06-06" ISACTUAL="1" ISACTIVE="1" /><STEAD ID="68667128" OBJECTID="165156654" OBJECTGUID="16f38e49-8caf-45a2-a33c-8d49286ae59d" CHANGEID="600805096" NUMBER="11б/7" OPERTYPEID="10" PREVID="0" NEXTID="0" UPDATEDATE="2024-09-10" STARTDATE="2024-09-10" ENDDATE="2079-06-06" ISACTUAL="1" ISACTIVE="1" /><STEAD ID="68667130" OBJECTID="165156656" OBJECTGUID="88d870d3-702c-4cd8-9cbf-db70e01b3217" CHANGEID="600805101" NUMBER="11б/8" OPERTYPEID="10" PREVID="0" NEXTID="0" UPDATEDATE="2024-09-10" STARTDATE="2024-09-10" ENDDATE="2079-06-06" ISACTUAL="1" ISACTIVE="1" /><STEAD ID="68667207" OBJECTID="165156865" OBJECTGUID="1388c990-add0-4cb8-b762-9754988895ad" CHANGEID="600805364" NUMBER="11б/2" OPERTYPEID="10" PREVID="0" NEXTID="0" UPDATEDATE="2024-09-10" STARTDATE="2024-09-10" ENDDATE="2079-06-06" ISACTUAL="1" ISACTIVE="1" /><STEAD ID="68667236" OBJECTID="165156948" OBJECTGUID="641b977b-516e-477d-a2df-6a99dd906b76" CHANGEID="600805550" NUMBER="11б/9" OPERTYPEID="10" PREVID="0" NEXTID="0" UPDATEDATE="2024-09-10" STARTDATE="2024-09-10" ENDDATE="2079-06-06" ISACTUAL="1" ISACTIVE="1" /><STEAD ID="68667356" OBJECTID="165157106" OBJECTGUID="24fa7605-bef8-4d7d-bcf4-276c01b61e2d" CHANGEID="600806335" NUMBER="10А" OPERTYPEID="10" PREVID="0" NEXTID="0" UPDATEDATE="2024-09-10" STARTDATE="2024-09-10" ENDDATE="2079-06-06" ISACTUAL="1" ISACTIVE="1" /><STEAD ID="68667355" OBJECTID="165157105" OBJECTGUID="db4843dc-f417-4cc4-95fd-6289f8f73e2e" CHANGEID="600806334" NUMBER="69Б" OPERTYPEID="10" PREVID="0" NEXTID="0" UPDATEDATE="2024-09-10" STARTDATE="2024-09-10" ENDDATE="2079-06-06" ISACTUAL="1" ISACTIVE="1" /><STEAD ID="68667357" OBJECTID="165157107" OBJECTGUID="030cc876-8ba4-4ae1-b7b0-e543bbda4314" CHANGEID="600806336" NUMBER="25А/1" OPERTYPEID="10" PREVID="0" NEXTID="0" UPDATEDATE="2024-09-10" STARTDATE="2024-09-10" ENDDATE="2079-06-06" ISACTUAL="1" ISACTIVE="1" /><STEAD ID="68667410" OBJECTID="165157166" OBJECTGUID="50557058-bf4b-4ec7-9a00-0b6a82515d83" CHANGEID="600806408" NUMBER="1/1" OPERTYPEID="10" PREVID="0" NEXTID="0" UPDATEDATE="2024-09-10" STARTDATE="2024-09-10" ENDDATE="2079-06-06" ISACTUAL="1" ISACTIVE="1" /><STEAD ID="68668000" OBJECTID="165158307" OBJECTGUID="83260111-01c6-4791-a8e8-f7f1c49be570" CHANGEID="600808266" NUMBER="9/1" OPERTYPEID="10" PREVID="0" NEXTID="0" UPDATEDATE="2024-09-10" STARTDATE="2024-09-10" ENDDATE="2079-06-06" ISACTUAL="1" ISACTIVE="1" /><STEAD ID="68668017" OBJECTID="165158327" OBJECTGUID="5be9410d-a056-478b-b7f4-5fad6c333965" CHANGEID="600808293" NUMBER="25/2" OPERTYPEID="10" PREVID="0" NEXTID="0" UPDATEDATE="2024-09-10" STARTDATE="2024-09-10" ENDDATE="2079-06-06" ISACTUAL="1" ISACTIVE="1" /><STEAD ID="68668020" OBJECTID="165158332" OBJECTGUID="4139fcbb-3b38-4b8a-baa0-bf456ef5e290" CHANGEID="600808299" NUMBER="10" OPERTYPEID="10" PREVID="0" NEXTID="0" UPDATEDATE="2024-09-10" STARTDATE="2024-09-10" ENDDATE="2079-06-06" ISACTUAL="1" ISACTIVE="1" /><STEAD ID="68668018" OBJECTID="165158329" OBJECTGUID="f2d079ed-ccbc-44d8-a017-0c01b99c3985" CHANGEID="600808296" NUMBER="194" OPERTYPEID="10" PREVID="0" NEXTID="0" UPDATEDATE="2024-09-10" STARTDATE="2024-09-10" ENDDATE="2079-06-06" ISACTUAL="1" ISACTIVE="1" /><STEAD ID="68668019" OBJECTID="165158331" OBJECTGUID="db676340-5790-45ad-b4b5-5ed6a59614e5" CHANGEID="600808298" NUMBER="250" OPERTYPEID="10" PREVID="0" NEXTID="0" UPDATEDATE="2024-09-10" STARTDATE="2024-09-10" ENDDATE="2079-06-06" ISACTUAL="1" ISACTIVE="1" /><STEAD ID="68668021" OBJECTID="165158333" OBJECTGUID="dca00229-8ca7-41f2-8c71-fc18fa67e0d6" CHANGEID="600808300" NUMBER="40а" OPERTYPEID="10" PREVID="0" NEXTID="0" UPDATEDATE="2024-09-10" STARTDATE="2024-09-10" ENDDATE="2079-06-06" ISACTUAL="1" ISACTIVE="1" /><STEAD ID="68668794" OBJECTID="165159605" OBJECTGUID="065c5551-2bcd-4682-a316-0ff83d259ff8" CHANGEID="600810502" NUMBER="15" OPERTYPEID="10" PREVID="0" NEXTID="0" UPDATEDATE="2024-09-10" STARTDATE="2024-09-10" ENDDATE="2079-06-06" ISACTUAL="1" ISACTIVE="1" /><STEAD ID="68668817" OBJECTID="165159631" OBJECTGUID="a36e813a-ae44-45a3-95d9-c8d0553860e4" CHANGEID="600810528" NUMBER="1" OPERTYPEID="10" PREVID="0" NEXTID="0" UPDATEDATE="2024-09-10" STARTDATE="2024-09-10" ENDDATE="2079-06-06" ISACTUAL="1" ISACTIVE="1" /><STEAD ID="68668820" OBJECTID="165159635" OBJECTGUID="ccc89d9c-e088-42c9-8db1-fabe60204e36" CHANGEID="600810532" NUMBER="117" OPERTYPEID="10" PREVID="0" NEXTID="0" UPDATEDATE="2024-09-10" STARTDATE="2024-09-10" ENDDATE="2079-06-06" ISACTUAL="1" ISACTIVE="1" /><STEAD ID="68668822" OBJECTID="165159639" OBJECTGUID="b583d0b0-61f7-40f4-8c48-083c04fd43bc" CHANGEID="600810536" NUMBER="13а" OPERTYPEID="10" PREVID="0" NEXTID="0" UPDATEDATE="2024-09-10" STARTDATE="2024-09-10" ENDDATE="2079-06-06" ISACTUAL="1" ISACTIVE="1" /><STEAD ID="68668823" OBJECTID="165159640" OBJECTGUID="ac08011d-834b-40f3-bf5b-f060f521ec6d" CHANGEID="600810537" NUMBER="10" OPERTYPEID="10" PREVID="0" NEXTID="0" UPDATEDATE="2024-09-10" STARTDATE="2024-09-10" ENDDATE="2079-06-06" ISACTUAL="1" ISACTIVE="1" /><STEAD ID="68670331" OBJECTID="165162587" OBJECTGUID="908c4dc0-dba1-4625-b312-44ca925cb447" CHANGEID="600815057" NUMBER="11б/10" OPERTYPEID="10" PREVID="0" NEXTID="0" UPDATEDATE="2024-09-10" STARTDATE="2024-09-10" ENDDATE="2079-06-06" ISACTUAL="1" ISACTIVE="1" /><STEAD ID="68683478" OBJECTID="165183490" OBJECTGUID="d3ecfcf6-78e8-478e-85d1-2ab5ec008ee4" CHANGEID="600848574" NUMBER="146" OPERTYPEID="10" PREVID="0" NEXTID="0" UPDATEDATE="2024-09-11" STARTDATE="2024-09-11" ENDDATE="2079-06-06" ISACTUAL="1" ISACTIVE="1" /><STEAD ID="68683480" OBJECTID="165183491" OBJECTGUID="c49e1344-f962-4798-a84a-95212ca681d3" CHANGEID="600848577" NUMBER="143" OPERTYPEID="10" PREVID="0" NEXTID="0" UPDATEDATE="2024-09-11" STARTDATE="2024-09-11" ENDDATE="2079-06-06" ISACTUAL="1" ISACTIVE="1" /><STEAD ID="68683481" OBJECTID="165183492" OBJECTGUID="aedf7b65-faef-48b9-a71a-4f3545e4ec5c" CHANGEID="600848578" NUMBER="53" OPERTYPEID="10" PREVID="0" NEXTID="0" UPDATEDATE="2024-09-11" STARTDATE="2024-09-11" ENDDATE="2079-06-06" ISACTUAL="1" ISACTIVE="1" /><STEAD ID="68683482" OBJECTID="165183495" OBJECTGUID="e7bec0b4-5e15-4e51-b11d-987d8447d5b4" CHANGEID="600848582" NUMBER="1б/12" OPERTYPEID="10" PREVID="0" NEXTID="0" UPDATEDATE="2024-09-11" STARTDATE="2024-09-11" ENDDATE="2079-06-06" ISACTUAL="1" ISACTIVE="1" /><STEAD ID="68683498" OBJECTID="165183586" OBJECTGUID="2a905a6c-fbe1-4d5b-9262-fc58f0c686a9" CHANGEID="600848695" NUMBER="6к" OPERTYPEID="10" PREVID="0" NEXTID="0" UPDATEDATE="2024-09-11" STARTDATE="2024-09-11" ENDDATE="2079-06-06" ISACTUAL="1" ISACTIVE="1" /><STEAD ID="68683499" OBJECTID="165183588" OBJECTGUID="e4ddd7db-bb52-44ac-be4f-5821544ffb4c" CHANGEID="600848697" NUMBER="45" OPERTYPEID="10" PREVID="0" NEXTID="0" UPDATEDATE="2024-09-11" STARTDATE="2024-09-11" ENDDATE="2079-06-06" ISACTUAL="1" ISACTIVE="1" /><STEAD ID="68683500" OBJECTID="165183589" OBJECTGUID="b4502f56-28ba-4120-bf19-9306b5d664ee" CHANGEID="600848698" NUMBER="2" OPERTYPEID="10" PREVID="0" NEXTID="0" UPDATEDATE="2024-09-11" STARTDATE="2024-09-11" ENDDATE="2079-06-06" ISACTUAL="1" ISACTIVE="1" /><STEAD ID="68683501" OBJECTID="165183591" OBJECTGUID="0bfe2f97-8a1d-4b64-9052-d181fc4d13d6" CHANGEID="600848700" NUMBER="1д/3" OPERTYPEID="10" PREVID="0" NEXTID="0" UPDATEDATE="2024-09-11" STARTDATE="2024-09-11" ENDDATE="2079-06-06" ISACTUAL="1" ISACTIVE="1" /><STEAD ID="68684203" OBJECTID="165184678" OBJECTGUID="dec88695-1f80-4bb9-be37-9286babdadba" CHANGEID="600874211" NUMBER="43" OPERTYPEID="10" PREVID="0" NEXTID="0" UPDATEDATE="2024-09-11" STARTDATE="2024-09-11" ENDDATE="2079-06-06" ISACTUAL="1" ISACTIVE="1" /><STEAD ID="68684205" OBJECTID="165184680" OBJECTGUID="9062cb59-3a77-47e6-a730-28c69ca175be" CHANGEID="600874216" NUMBER="10" OPERTYPEID="10" PREVID="0" NEXTID="0" UPDATEDATE="2024-09-11" STARTDATE="2024-09-11" ENDDATE="2079-06-06" ISACTUAL="1" ISACTIVE="1" /><STEAD ID="68684208" OBJECTID="165184686" OBJECTGUID="ec9beb63-9df7-43f5-80b7-daf4cc9353fb" CHANGEID="600874222" NUMBER="4В" OPERTYPEID="10" PREVID="0" NEXTID="0" UPDATEDATE="2024-09-11" STARTDATE="2024-09-11" ENDDATE="2079-06-06" ISACTUAL="1" ISACTIVE="1" /><STEAD ID="68684209" OBJECTID="165184688" OBJECTGUID="f7e09e1e-960f-45ba-85b9-21bd0780b3fe" CHANGEID="600874226" NUMBER="17б/1" OPERTYPEID="10" PREVID="0" NEXTID="0" UPDATEDATE="2024-09-11" STARTDATE="2024-09-11" ENDDATE="2079-06-06" ISACTUAL="1" ISACTIVE="1" /><STEAD ID="68684210" OBJECTID="165184690" OBJECTGUID="a8b3f634-2f17-4357-a921-f069b3372a96" CHANGEID="600874230" NUMBER="21А" OPERTYPEID="10" PREVID="0" NEXTID="0" UPDATEDATE="2024-09-11" STARTDATE="2024-09-11" ENDDATE="2079-06-06" ISACTUAL="1" ISACTIVE="1" /><STEAD ID="68684212" OBJECTID="165184692" OBJECTGUID="1f4bfe38-0992-425c-ab8d-2c2060fbc7e0" CHANGEID="600874232" NUMBER="6Г" OPERTYPEID="10" PREVID="0" NEXTID="0" UPDATEDATE="2024-09-11" STARTDATE="2024-09-11" ENDDATE="2079-06-06" ISACTUAL="1" ISACTIVE="1" /><STEAD ID="68684202" OBJECTID="165184677" OBJECTGUID="59febaca-3d36-4cd1-9393-a12a96f6139b" CHANGEID="600874209" NUMBER="11" OPERTYPEID="10" PREVID="0" NEXTID="0" UPDATEDATE="2024-09-11" STARTDATE="2024-09-11" ENDDATE="2079-06-06" ISACTUAL="1" ISACTIVE="1" /><STEAD ID="68684204" OBJECTID="165184679" OBJECTGUID="fc0a2304-611a-4dd4-a6cc-5e4eef01ebcf" CHANGEID="600874213" NUMBER="14" OPERTYPEID="10" PREVID="0" NEXTID="0" UPDATEDATE="2024-09-11" STARTDATE="2024-09-11" ENDDATE="2079-06-06" ISACTUAL="1" ISACTIVE="1" /><STEAD ID="68684206" OBJECTID="165184681" OBJECTGUID="052ad36d-ea8a-49ec-9209-0eea3cfc2089" CHANGEID="600874217" NUMBER="21" OPERTYPEID="10" PREVID="0" NEXTID="0" UPDATEDATE="2024-09-11" STARTDATE="2024-09-11" ENDDATE="2079-06-06" ISACTUAL="1" ISACTIVE="1" /><STEAD ID="68684207" OBJECTID="165184683" OBJECTGUID="e37682a0-c28d-4fb5-9a62-69aff9dd70ca" CHANGEID="600874219" NUMBER="8" OPERTYPEID="10" PREVID="0" NEXTID="0" UPDATEDATE="2024-09-11" STARTDATE="2024-09-11" ENDDATE="2079-06-06" ISACTUAL="1" ISACTIVE="1" /><STEAD ID="68684211" OBJECTID="165184691" OBJECTGUID="667dd499-8924-4422-b73d-9f64c89da466" CHANGEID="600874231" NUMBER="8" OPERTYPEID="10" PREVID="0" NEXTID="0" UPDATEDATE="2024-09-11" STARTDATE="2024-09-11" ENDDATE="2079-06-06" ISACTUAL="1" ISACTIVE="1" /><STEAD ID="68684213" OBJECTID="165184693" OBJECTGUID="01c1ac6f-3def-4326-99c2-0ecca764346f" CHANGEID="600874233" NUMBER="32А" OPERTYPEID="10" PREVID="0" NEXTID="0" UPDATEDATE="2024-09-11" STARTDATE="2024-09-11" ENDDATE="2079-06-06" ISACTUAL="1" ISACTIVE="1" /><STEAD ID="68686188" OBJECTID="165187767" OBJECTGUID="e77add35-ea3d-4dac-8096-14864c733b6d" CHANGEID="600879333" NUMBER="3" OPERTYPEID="10" PREVID="0" NEXTID="0" UPDATEDATE="2024-09-11" STARTDATE="2024-09-11" ENDDATE="2079-06-06" ISACTUAL="1" ISACTIVE="1" /><STEAD ID="68686189" OBJECTID="165187768" OBJECTGUID="df3bf341-61c3-4806-ad97-893c2bf84639" CHANGEID="600879334" NUMBER="9" OPERTYPEID="10" PREVID="0" NEXTID="0" UPDATEDATE="2024-09-11" STARTDATE="2024-09-11" ENDDATE="2079-06-06" ISACTUAL="1" ISACTIVE="1" /><STEAD ID="68686190" OBJECTID="165187769" OBJECTGUID="2fdaaae6-0433-4348-b9bd-c4831a430488" CHANGEID="600879335" NUMBER="4" OPERTYPEID="10" PREVID="0" NEXTID="0" UPDATEDATE="2024-09-11" STARTDATE="2024-09-11" ENDDATE="2079-06-06" ISACTUAL="1" ISACTIVE="1" /><STEAD ID="68686246" OBJECTID="165187931" OBJECTGUID="2556fa92-6058-4537-85ba-e2a5549bc1e2" CHANGEID="600879593" NUMBER="72" OPERTYPEID="10" PREVID="0" NEXTID="0" UPDATEDATE="2024-09-11" STARTDATE="2024-09-11" ENDDATE="2079-06-06" ISACTUAL="1" ISACTIVE="1" /><STEAD ID="68686583" OBJECTID="165188612" OBJECTGUID="4b125469-2e65-43c3-8a5d-49b9b44b00a6" CHANGEID="600880623" NUMBER="135а" OPERTYPEID="10" PREVID="0" NEXTID="0" UPDATEDATE="2024-09-11" STARTDATE="2024-09-11" ENDDATE="2079-06-06" ISACTUAL="1" ISACTIVE="1" /><STEAD ID="68687952" OBJECTID="165191391" OBJECTGUID="1f6a0847-f2ad-4381-81a5-31c224a236b1" CHANGEID="600884873" NUMBER="4" OPERTYPEID="10" PREVID="0" NEXTID="0" UPDATEDATE="2024-09-11" STARTDATE="2024-09-11" ENDDATE="2079-06-06" ISACTUAL="1" ISACTIVE="1" /></STEADS>