﻿<?xml version="1.0" encoding="utf-8"?><ADDRESSOBJECTS><OBJECT ID="1435552" OBJECTID="1160778" OBJECTGUID="1733976b-729a-48c9-808a-82a0f696c017" CHANGEID="3191051" NAME="СНТ Дорожник" TYPENAME="тер." LEVEL="7" OPERTYPEID="50" PREVID="1435470" NEXTID="52125846" UPDATEDATE="2024-09-05" STARTDATE="2018-11-12" ENDDATE="2024-09-05" ISACTUAL="0" ISACTIVE="0" /><OBJECT ID="1437842" OBJECTID="1162177" OBJECTGUID="c6389ee9-5a3c-4acf-a7b4-e914f7d0c3c0" CHANGEID="3194818" NAME="СНТ Полянка" TYPENAME="тер." LEVEL="7" OPERTYPEID="50" PREVID="1437799" NEXTID="52125843" UPDATEDATE="2024-09-05" STARTDATE="2018-10-22" ENDDATE="2024-09-05" ISACTUAL="0" ISACTIVE="0" /><OBJECT ID="1438978" OBJECTID="1162847" OBJECTGUID="dda5b717-e499-47a4-9206-d7013f854434" CHANGEID="3196730" NAME="СНТ Снежинка" TYPENAME="тер" LEVEL="7" OPERTYPEID="50" PREVID="1438951" NEXTID="52125838" UPDATEDATE="2024-09-05" STARTDATE="2019-06-25" ENDDATE="2024-09-05" ISACTUAL="0" ISACTIVE="0" /><OBJECT ID="1443919" OBJECTID="1166056" OBJECTGUID="22d09687-3089-499b-b28d-894d40f20891" CHANGEID="3205313" NAME="СНТ Березка" TYPENAME="тер." LEVEL="7" OPERTYPEID="10" PREVID="0" NEXTID="52125844" UPDATEDATE="2024-09-05" STARTDATE="2018-11-14" ENDDATE="2024-09-05" ISACTUAL="0" ISACTIVE="0" /><OBJECT ID="1446654" OBJECTID="1168064" OBJECTGUID="360759fa-f442-4cd1-9e67-5cc719f91649" CHANGEID="3210777" NAME="Шахматы" TYPENAME="тер. ТСН" LEVEL="7" OPERTYPEID="10" PREVID="0" NEXTID="52125842" UPDATEDATE="2024-09-05" STARTDATE="2019-08-16" ENDDATE="2024-09-05" ISACTUAL="0" ISACTIVE="0" /><OBJECT ID="1449175" OBJECTID="1169971" OBJECTGUID="302fcb6d-1f91-4be2-ade0-f34a50d88b01" CHANGEID="3216529" NAME="СНТ Полянка" TYPENAME="тер." LEVEL="7" OPERTYPEID="50" PREVID="1449132" NEXTID="52125848" UPDATEDATE="2024-09-05" STARTDATE="2018-10-24" ENDDATE="2024-09-05" ISACTUAL="0" ISACTIVE="0" /><OBJECT ID="1448419" OBJECTID="1169321" OBJECTGUID="503ef357-96ba-4981-a81e-8d85654bf2aa" CHANGEID="3214719" NAME="СНТ Сорокино" TYPENAME="тер." LEVEL="7" OPERTYPEID="50" PREVID="1448316" NEXTID="52125847" UPDATEDATE="2024-09-05" STARTDATE="2018-10-22" ENDDATE="2024-09-05" ISACTUAL="0" ISACTIVE="0" /><OBJECT ID="1451806" OBJECTID="1172144" OBJECTGUID="23779010-dbe5-4ba4-9db1-687f8477a3b5" CHANGEID="3223484" NAME="СНТ Яблонька-2" TYPENAME="тер" LEVEL="7" OPERTYPEID="50" PREVID="1451718" NEXTID="52125841" UPDATEDATE="2024-09-05" STARTDATE="2019-06-25" ENDDATE="2024-09-05" ISACTUAL="0" ISACTIVE="0" /><OBJECT ID="1451478" OBJECTID="1171902" OBJECTGUID="d63ce86c-9ffb-4c87-8936-fdef9933190b" CHANGEID="3222594" NAME="СНТ Прибрежный" TYPENAME="тер" LEVEL="7" OPERTYPEID="50" PREVID="1451472" NEXTID="52125836" UPDATEDATE="2024-09-05" STARTDATE="2019-06-25" ENDDATE="2024-09-05" ISACTUAL="0" ISACTIVE="0" /><OBJECT ID="1452216" OBJECTID="1172435" OBJECTGUID="5514f290-ed8e-4ae8-afa2-93008ca9f17c" CHANGEID="3224600" NAME="СНТ Искра" TYPENAME="тер" LEVEL="7" OPERTYPEID="50" PREVID="1452050" NEXTID="52125831" UPDATEDATE="2024-09-05" STARTDATE="2019-06-20" ENDDATE="2024-09-05" ISACTUAL="0" ISACTIVE="0" /><OBJECT ID="52125806" OBJECTID="165083113" OBJECTGUID="5ec6aa49-a882-40e1-aad6-0458f5a44d7b" CHANGEID="600547883" NAME="Строителей" TYPENAME="ул." LEVEL="8" OPERTYPEID="10" PREVID="0" NEXTID="0" UPDATEDATE="2024-09-05" STARTDATE="2024-09-05" ENDDATE="2079-06-06" ISACTUAL="1" ISACTIVE="1" /><OBJECT ID="52125807" OBJECTID="165083114" OBJECTGUID="708d1eb7-1456-4f66-a720-4c041e218e4e" CHANGEID="600547885" NAME="Карьерная" TYPENAME="ул." LEVEL="8" OPERTYPEID="10" PREVID="0" NEXTID="0" UPDATEDATE="2024-09-05" STARTDATE="2024-09-05" ENDDATE="2079-06-06" ISACTUAL="1" ISACTIVE="1" /><OBJECT ID="52125831" OBJECTID="1172435" OBJECTGUID="5514f290-ed8e-4ae8-afa2-93008ca9f17c" CHANGEID="600554811" NAME="СНТ Искра-Хмелевка" TYPENAME="тер" LEVEL="7" OPERTYPEID="50" PREVID="1452216" UPDATEDATE="2024-09-05" STARTDATE="2024-09-05" ENDDATE="2079-06-06" ISACTUAL="1" ISACTIVE="1" /><OBJECT ID="1452024" OBJECTID="1172395" OBJECTGUID="1565fa29-7951-4727-9770-00e6fec94c4a" CHANGEID="3224077" NAME="СНТ Лазурь" TYPENAME="тер" LEVEL="7" OPERTYPEID="50" PREVID="1452005" NEXTID="52125834" UPDATEDATE="2024-09-05" STARTDATE="2019-06-21" ENDDATE="2024-09-05" ISACTUAL="0" ISACTIVE="0" /><OBJECT ID="52125834" OBJECTID="1172395" OBJECTGUID="1565fa29-7951-4727-9770-00e6fec94c4a" CHANGEID="600555116" NAME="СНТ Лазурь-Хмелевка" TYPENAME="тер" LEVEL="7" OPERTYPEID="50" PREVID="1452024" UPDATEDATE="2024-09-05" STARTDATE="2024-09-05" ENDDATE="2079-06-06" ISACTUAL="1" ISACTIVE="1" /><OBJECT ID="52125836" OBJECTID="1171902" OBJECTGUID="d63ce86c-9ffb-4c87-8936-fdef9933190b" CHANGEID="600555435" NAME="СНТ Прибрежный-Хмелевка" TYPENAME="тер" LEVEL="7" OPERTYPEID="50" PREVID="1451478" UPDATEDATE="2024-09-05" STARTDATE="2024-09-05" ENDDATE="2079-06-06" ISACTUAL="1" ISACTIVE="1" /><OBJECT ID="52125838" OBJECTID="1162847" OBJECTGUID="dda5b717-e499-47a4-9206-d7013f854434" CHANGEID="600555596" NAME="СНТ Снежинка-Хмелевка" TYPENAME="тер" LEVEL="7" OPERTYPEID="50" PREVID="1438978" UPDATEDATE="2024-09-05" STARTDATE="2024-09-05" ENDDATE="2079-06-06" ISACTUAL="1" ISACTIVE="1" /><OBJECT ID="1441132" OBJECTID="1164188" OBJECTGUID="29f7fd04-e42c-4796-8931-cce6ecaa3e1b" CHANGEID="3200335" NAME="СНТ Энергетик-2" TYPENAME="тер" LEVEL="7" OPERTYPEID="50" PREVID="1441128" NEXTID="52125839" UPDATEDATE="2024-09-05" STARTDATE="2019-06-25" ENDDATE="2024-09-05" ISACTUAL="0" ISACTIVE="0" /><OBJECT ID="52125839" OBJECTID="1164188" OBJECTGUID="29f7fd04-e42c-4796-8931-cce6ecaa3e1b" CHANGEID="600555842" NAME="СНТ Энергетик 2-Хмелевка" TYPENAME="тер" LEVEL="7" OPERTYPEID="50" PREVID="1441132" UPDATEDATE="2024-09-05" STARTDATE="2024-09-05" ENDDATE="2079-06-06" ISACTUAL="1" ISACTIVE="1" /><OBJECT ID="1450772" OBJECTID="1171256" OBJECTGUID="e8905ca5-2698-4f97-921f-f7b4fb5b4aff" CHANGEID="3220656" NAME="СНТ Яблонька" TYPENAME="тер" LEVEL="7" OPERTYPEID="50" PREVID="1450768" NEXTID="52125840" UPDATEDATE="2024-09-05" STARTDATE="2019-07-10" ENDDATE="2024-09-05" ISACTUAL="0" ISACTIVE="0" /><OBJECT ID="52125840" OBJECTID="1171256" OBJECTGUID="e8905ca5-2698-4f97-921f-f7b4fb5b4aff" CHANGEID="600556111" NAME="СНТ Яблонька-Хмелевка" TYPENAME="тер" LEVEL="7" OPERTYPEID="50" PREVID="1450772" UPDATEDATE="2024-09-05" STARTDATE="2024-09-05" ENDDATE="2079-06-06" ISACTUAL="1" ISACTIVE="1" /><OBJECT ID="52125841" OBJECTID="1172144" OBJECTGUID="23779010-dbe5-4ba4-9db1-687f8477a3b5" CHANGEID="600556456" NAME="СНТ Яблонька 2-Хмелевка" TYPENAME="тер" LEVEL="7" OPERTYPEID="50" PREVID="1451806" UPDATEDATE="2024-09-05" STARTDATE="2024-09-05" ENDDATE="2079-06-06" ISACTUAL="1" ISACTIVE="1" /><OBJECT ID="52125842" OBJECTID="1168064" OBJECTGUID="360759fa-f442-4cd1-9e67-5cc719f91649" CHANGEID="600556750" NAME="ТСН Шахматы-Хмелевка" TYPENAME="тер." LEVEL="7" OPERTYPEID="50" PREVID="1446654" UPDATEDATE="2024-09-05" STARTDATE="2024-09-05" ENDDATE="2079-06-06" ISACTUAL="1" ISACTIVE="1" /><OBJECT ID="52125843" OBJECTID="1162177" OBJECTGUID="c6389ee9-5a3c-4acf-a7b4-e914f7d0c3c0" CHANGEID="600556796" NAME="СНТ Полянка-Сабуровка" TYPENAME="тер." LEVEL="7" OPERTYPEID="50" PREVID="1437842" UPDATEDATE="2024-09-05" STARTDATE="2024-09-05" ENDDATE="2079-06-06" ISACTUAL="1" ISACTIVE="1" /><OBJECT ID="52125844" OBJECTID="1166056" OBJECTGUID="22d09687-3089-499b-b28d-894d40f20891" CHANGEID="600557062" NAME="СНТ Березка-Кокурино" TYPENAME="тер." LEVEL="7" OPERTYPEID="50" PREVID="1443919" UPDATEDATE="2024-09-05" STARTDATE="2024-09-05" ENDDATE="2079-06-06" ISACTUAL="1" ISACTIVE="1" /><OBJECT ID="52125846" OBJECTID="1160778" OBJECTGUID="1733976b-729a-48c9-808a-82a0f696c017" CHANGEID="600557218" NAME="СНТ Дорожник-Кокурино" TYPENAME="тер." LEVEL="7" OPERTYPEID="50" PREVID="1435552" UPDATEDATE="2024-09-05" STARTDATE="2024-09-05" ENDDATE="2079-06-06" ISACTUAL="1" ISACTIVE="1" /><OBJECT ID="52125847" OBJECTID="1169321" OBJECTGUID="503ef357-96ba-4981-a81e-8d85654bf2aa" CHANGEID="600557264" NAME="СНТ Сорокино-Константиновка" TYPENAME="тер." LEVEL="7" OPERTYPEID="50" PREVID="1448419" UPDATEDATE="2024-09-05" STARTDATE="2024-09-05" ENDDATE="2079-06-06" ISACTUAL="1" ISACTIVE="1" /><OBJECT ID="52125848" OBJECTID="1169971" OBJECTGUID="302fcb6d-1f91-4be2-ade0-f34a50d88b01" CHANGEID="600557437" NAME="СНТ Полянка-Песчаный Умет" TYPENAME="тер." LEVEL="7" OPERTYPEID="50" PREVID="1449175" UPDATEDATE="2024-09-05" STARTDATE="2024-09-05" ENDDATE="2079-06-06" ISACTUAL="1" ISACTIVE="1" /><OBJECT ID="52125957" OBJECTID="165107878" OBJECTGUID="32740ad6-afdf-4b2d-9785-4de4a411faed" CHANGEID="600592601" NAME="Зеленая" TYPENAME="ул." LEVEL="8" OPERTYPEID="10" PREVID="0" NEXTID="0" UPDATEDATE="2024-09-06" STARTDATE="2024-09-06" ENDDATE="2079-06-06" ISACTUAL="1" ISACTIVE="1" /><OBJECT ID="52125958" OBJECTID="165107879" OBJECTGUID="b26cca36-d1a9-40ee-96cc-95ec780cc055" CHANGEID="600592602" NAME="Весенняя" TYPENAME="ул." LEVEL="8" OPERTYPEID="10" PREVID="0" NEXTID="0" UPDATEDATE="2024-09-06" STARTDATE="2024-09-06" ENDDATE="2079-06-06" ISACTUAL="1" ISACTIVE="1" /><OBJECT ID="52125959" OBJECTID="165107892" OBJECTGUID="c8b6ce90-4dd3-4306-b12d-b5f11368de41" CHANGEID="600592627" NAME="Прибрежная" TYPENAME="ул." LEVEL="8" OPERTYPEID="10" PREVID="0" NEXTID="0" UPDATEDATE="2024-09-06" STARTDATE="2024-09-06" ENDDATE="2079-06-06" ISACTUAL="1" ISACTIVE="1" /><OBJECT ID="52126406" OBJECTID="165196098" OBJECTGUID="765ab543-ae51-405b-802d-cdf291a3a8bd" CHANGEID="600891097" NAME="Мехток" TYPENAME="тер." LEVEL="7" OPERTYPEID="10" PREVID="0" NEXTID="0" UPDATEDATE="2024-09-11" STARTDATE="2024-09-11" ENDDATE="2079-06-06" ISACTUAL="1" ISACTIVE="1" /></ADDRESSOBJECTS>