﻿<?xml version="1.0" encoding="utf-8"?><ADDRESSOBJECTS><OBJECT ID="52125662" OBJECTID="45321" OBJECTGUID="2ded269b-c907-4b02-8a4f-7cd589488948" CHANGEID="600515107" NAME="Полевая" TYPENAME="ул" LEVEL="8" OPERTYPEID="30" PREVID="52165" NEXTID="0" UPDATEDATE="2024-09-05" STARTDATE="2024-09-05" ENDDATE="2079-06-06" ISACTUAL="1" ISACTIVE="0" /><OBJECT ID="52165" OBJECTID="45321" OBJECTGUID="2ded269b-c907-4b02-8a4f-7cd589488948" CHANGEID="121309" NAME="Полевая" TYPENAME="ул" LEVEL="8" OPERTYPEID="1" PREVID="0" NEXTID="52125662" UPDATEDATE="2024-09-05" STARTDATE="1900-01-01" ENDDATE="2024-09-05" ISACTUAL="0" ISACTIVE="0" /><OBJECT ID="52125663" OBJECTID="46708" OBJECTGUID="a6614b6e-6e29-4608-ac85-c098d6972c57" CHANGEID="600515108" NAME="Березовая" TYPENAME="ул" LEVEL="8" OPERTYPEID="30" PREVID="53670" NEXTID="0" UPDATEDATE="2024-09-05" STARTDATE="2024-09-05" ENDDATE="2079-06-06" ISACTUAL="1" ISACTIVE="0" /><OBJECT ID="53670" OBJECTID="46708" OBJECTGUID="a6614b6e-6e29-4608-ac85-c098d6972c57" CHANGEID="124779" NAME="Березовая" TYPENAME="ул" LEVEL="8" OPERTYPEID="1" PREVID="0" NEXTID="52125663" UPDATEDATE="2024-09-05" STARTDATE="1900-01-01" ENDDATE="2024-09-05" ISACTUAL="0" ISACTIVE="0" /><OBJECT ID="52125925" OBJECTID="165101275" OBJECTGUID="315f8da1-23d0-4aef-bde5-6d6242f22744" CHANGEID="600581003" NAME="Героя Василия Утина" TYPENAME="ул." LEVEL="8" OPERTYPEID="10" PREVID="0" NEXTID="0" UPDATEDATE="2024-09-06" STARTDATE="2024-09-06" ENDDATE="2079-06-06" ISACTUAL="1" ISACTIVE="1" /><OBJECT ID="52126260" OBJECTID="165162085" OBJECTGUID="c4b5fb71-acbb-4a0a-af79-5df3867d2fcc" CHANGEID="600814321" NAME="Институтская" TYPENAME="ул." LEVEL="8" OPERTYPEID="10" PREVID="0" NEXTID="0" UPDATEDATE="2024-09-10" STARTDATE="2024-09-10" ENDDATE="2079-06-06" ISACTUAL="1" ISACTIVE="1" /><OBJECT ID="52126507" OBJECTID="165216341" OBJECTGUID="47aca28f-7520-4b0d-83da-5f44f5350584" CHANGEID="600922987" NAME="Земляничная" TYPENAME="ул." LEVEL="8" OPERTYPEID="10" PREVID="0" NEXTID="0" UPDATEDATE="2024-09-11" STARTDATE="2024-09-11" ENDDATE="2079-06-06" ISACTUAL="1" ISACTIVE="1" /><OBJECT ID="52126508" OBJECTID="165216342" OBJECTGUID="5b6bdbd2-1726-4a3e-a16b-e93158f60cbf" CHANGEID="600922988" NAME="Абрикосовая" TYPENAME="ул." LEVEL="8" OPERTYPEID="10" PREVID="0" NEXTID="0" UPDATEDATE="2024-09-11" STARTDATE="2024-09-11" ENDDATE="2079-06-06" ISACTUAL="1" ISACTIVE="1" /><OBJECT ID="52126522" OBJECTID="165219840" OBJECTGUID="a9657747-7300-4828-855d-121cc5d8331e" CHANGEID="600929964" NAME="Вторая" TYPENAME="ул." LEVEL="8" OPERTYPEID="10" PREVID="0" NEXTID="0" UPDATEDATE="2024-09-11" STARTDATE="2024-09-11" ENDDATE="2079-06-06" ISACTUAL="1" ISACTIVE="1" /></ADDRESSOBJECTS>