﻿<?xml version="1.0" encoding="utf-8"?><HOUSES><HOUSE ID="57271979" OBJECTID="64806211" OBJECTGUID="532bf344-de18-4db9-86ad-8a3b10813aa9" CHANGEID="96675072" HOUSENUM="18" HOUSETYPE="2" OPERTYPEID="20" PREVID="39001205" NEXTID="126736083" UPDATEDATE="2024-09-06" STARTDATE="2015-12-11" ENDDATE="2024-09-06" ISACTUAL="0" ISACTIVE="0" /><HOUSE ID="66349602" OBJECTID="64809240" OBJECTGUID="d34f497b-8607-40d6-8b50-ebbf282caf41" CHANGEID="96679741" HOUSENUM="8" HOUSETYPE="2" OPERTYPEID="20" PREVID="39003193" NEXTID="126738754" UPDATEDATE="2024-09-06" STARTDATE="2015-12-11" ENDDATE="2024-09-06" ISACTUAL="0" ISACTIVE="0" /><HOUSE ID="68354175" OBJECTID="64808041" OBJECTGUID="efa1308f-cbcb-4247-a92b-ae8c892317c6" CHANGEID="96678227" HOUSENUM="16" HOUSETYPE="2" OPERTYPEID="20" PREVID="39002404" NEXTID="126736191" UPDATEDATE="2024-09-06" STARTDATE="2015-12-11" ENDDATE="2024-09-06" ISACTUAL="0" ISACTIVE="0" /><HOUSE ID="55605025" OBJECTID="64808929" OBJECTGUID="3b9e4de8-c452-455b-b40b-e127f7dd1b38" CHANGEID="96679053" HOUSENUM="14" HOUSETYPE="2" OPERTYPEID="20" PREVID="39002780" NEXTID="126736190" UPDATEDATE="2024-09-06" STARTDATE="2015-12-11" ENDDATE="2024-09-06" ISACTUAL="0" ISACTIVE="0" /><HOUSE ID="53911583" OBJECTID="48620405" OBJECTGUID="23bb2aeb-4571-403c-8524-c348f9a32307" CHANGEID="73063029" HOUSENUM="14" HOUSETYPE="2" OPERTYPEID="20" PREVID="29070236" NEXTID="126756692" UPDATEDATE="2024-09-11" STARTDATE="2017-01-12" ENDDATE="2024-09-11" ISACTUAL="0" ISACTIVE="0" /><HOUSE ID="126736083" OBJECTID="64806211" OBJECTGUID="532bf344-de18-4db9-86ad-8a3b10813aa9" CHANGEID="600590021" HOUSENUM="18" HOUSETYPE="2" OPERTYPEID="30" PREVID="57271979" NEXTID="0" UPDATEDATE="2024-09-06" STARTDATE="2024-09-06" ENDDATE="2079-06-06" ISACTUAL="1" ISACTIVE="0" /><HOUSE ID="126736190" OBJECTID="64808929" OBJECTGUID="3b9e4de8-c452-455b-b40b-e127f7dd1b38" CHANGEID="600590483" HOUSENUM="14" HOUSETYPE="2" OPERTYPEID="30" PREVID="55605025" NEXTID="0" UPDATEDATE="2024-09-06" STARTDATE="2024-09-06" ENDDATE="2079-06-06" ISACTUAL="1" ISACTIVE="0" /><HOUSE ID="126736191" OBJECTID="64808041" OBJECTGUID="efa1308f-cbcb-4247-a92b-ae8c892317c6" CHANGEID="600590484" HOUSENUM="16" HOUSETYPE="2" OPERTYPEID="30" PREVID="68354175" NEXTID="0" UPDATEDATE="2024-09-06" STARTDATE="2024-09-06" ENDDATE="2079-06-06" ISACTUAL="1" ISACTIVE="0" /><HOUSE ID="126738754" OBJECTID="64809240" OBJECTGUID="d34f497b-8607-40d6-8b50-ebbf282caf41" CHANGEID="600707288" HOUSENUM="8" HOUSETYPE="2" OPERTYPEID="30" PREVID="66349602" NEXTID="0" UPDATEDATE="2024-09-06" STARTDATE="2024-09-06" ENDDATE="2079-06-06" ISACTUAL="1" ISACTIVE="0" /><HOUSE ID="126738755" OBJECTID="64802544" OBJECTGUID="9e2c1e55-2138-47bb-b031-3f0144f81791" CHANGEID="600707289" HOUSENUM="6" HOUSETYPE="2" OPERTYPEID="30" PREVID="62587155" NEXTID="0" UPDATEDATE="2024-09-06" STARTDATE="2024-09-06" ENDDATE="2079-06-06" ISACTUAL="1" ISACTIVE="0" /><HOUSE ID="62587155" OBJECTID="64802544" OBJECTGUID="9e2c1e55-2138-47bb-b031-3f0144f81791" CHANGEID="96669842" HOUSENUM="6" HOUSETYPE="2" OPERTYPEID="20" PREVID="38998948" NEXTID="126738755" UPDATEDATE="2024-09-06" STARTDATE="2015-12-11" ENDDATE="2024-09-06" ISACTUAL="0" ISACTIVE="0" /><HOUSE ID="126742182" OBJECTID="165133260" OBJECTGUID="e4a5e9bf-0944-4b8d-a133-74c41c3ae833" CHANGEID="600763279" HOUSENUM="21а" HOUSETYPE="2" OPERTYPEID="10" PREVID="0" NEXTID="0" UPDATEDATE="2024-09-09" STARTDATE="2024-09-09" ENDDATE="2079-06-06" ISACTUAL="1" ISACTIVE="1" /><HOUSE ID="126742584" OBJECTID="165136267" OBJECTGUID="85deecf6-3c21-4e5d-878e-29725d8b4113" CHANGEID="600767282" HOUSENUM="42б" HOUSETYPE="2" OPERTYPEID="10" PREVID="0" NEXTID="0" UPDATEDATE="2024-09-09" STARTDATE="2024-09-09" ENDDATE="2079-06-06" ISACTUAL="1" ISACTIVE="1" /><HOUSE ID="126743613" OBJECTID="165137688" OBJECTGUID="37d8bd01-aea1-4497-b61b-1b2853e1dd3a" CHANGEID="600770755" HOUSENUM="27" HOUSETYPE="2" OPERTYPEID="10" PREVID="0" NEXTID="0" UPDATEDATE="2024-09-09" STARTDATE="2024-09-09" ENDDATE="2079-06-06" ISACTUAL="1" ISACTIVE="1" /><HOUSE ID="126748967" OBJECTID="165159793" OBJECTGUID="f108807c-9c78-45cd-9f38-5975ea854748" CHANGEID="600810732" HOUSENUM="21а/1" HOUSETYPE="7" OPERTYPEID="10" PREVID="0" NEXTID="0" UPDATEDATE="2024-09-10" STARTDATE="2024-09-10" ENDDATE="2079-06-06" ISACTUAL="1" ISACTIVE="1" /><HOUSE ID="126749053" OBJECTID="165159884" OBJECTGUID="663bbaa7-5458-4a29-be69-3bb66f13ea08" CHANGEID="600810968" HOUSENUM="15" HOUSETYPE="2" OPERTYPEID="10" PREVID="0" NEXTID="0" UPDATEDATE="2024-09-10" STARTDATE="2024-09-10" ENDDATE="2079-06-06" ISACTUAL="1" ISACTIVE="1" /><HOUSE ID="126750180" OBJECTID="165164081" OBJECTGUID="17eb5c56-88c9-4ff3-a846-c03a20abb861" CHANGEID="600817959" HOUSENUM="50" HOUSETYPE="2" OPERTYPEID="10" PREVID="0" NEXTID="0" UPDATEDATE="2024-09-10" STARTDATE="2024-09-10" ENDDATE="2079-06-06" ISACTUAL="1" ISACTIVE="1" /><HOUSE ID="126754268" OBJECTID="165181594" OBJECTGUID="1ccdf37a-c321-443f-ae91-c5592456ee54" CHANGEID="600845417" HOUSENUM="12А" HOUSETYPE="2" OPERTYPEID="10" PREVID="0" NEXTID="0" UPDATEDATE="2024-09-10" STARTDATE="2024-09-10" ENDDATE="2079-06-06" ISACTUAL="1" ISACTIVE="1" /><HOUSE ID="126756692" OBJECTID="48620405" OBJECTGUID="23bb2aeb-4571-403c-8524-c348f9a32307" CHANGEID="600889855" HOUSENUM="14/1" HOUSETYPE="2" OPERTYPEID="20" PREVID="53911583" UPDATEDATE="2024-09-11" STARTDATE="2024-09-11" ENDDATE="2079-06-06" ISACTUAL="1" ISACTIVE="1" /><HOUSE ID="126756751" OBJECTID="165195302" OBJECTGUID="6763f4b7-1924-4c9a-89cc-6e19c346b81f" CHANGEID="600890091" HOUSENUM="2" HOUSETYPE="2" OPERTYPEID="10" PREVID="0" NEXTID="0" UPDATEDATE="2024-09-11" STARTDATE="2024-09-11" ENDDATE="2079-06-06" ISACTUAL="1" ISACTIVE="1" /><HOUSE ID="126761383" OBJECTID="165218787" OBJECTGUID="217f33fa-04c0-4b8a-a9ad-183ef0170c7d" CHANGEID="600927367" HOUSENUM="84а" HOUSETYPE="2" OPERTYPEID="10" PREVID="0" NEXTID="0" UPDATEDATE="2024-09-11" STARTDATE="2024-09-11" ENDDATE="2079-06-06" ISACTUAL="1" ISACTIVE="1" /><HOUSE ID="126761912" OBJECTID="165221414" OBJECTGUID="eaa4c126-a022-4469-a51e-5c9c44fda6c0" CHANGEID="600932801" HOUSENUM="18" HOUSETYPE="2" OPERTYPEID="10" PREVID="0" NEXTID="0" UPDATEDATE="2024-09-11" STARTDATE="2024-09-11" ENDDATE="2079-06-06" ISACTUAL="1" ISACTIVE="1" /></HOUSES>