﻿<?xml version="1.0" encoding="utf-8"?><STEADS><STEAD ID="68618201" OBJECTID="165068209" OBJECTGUID="9248df81-d649-4325-8a97-ac8efc89e780" CHANGEID="600524094" NUMBER="18" OPERTYPEID="10" PREVID="0" NEXTID="0" UPDATEDATE="2024-09-05" STARTDATE="2024-09-05" ENDDATE="2079-06-06" ISACTUAL="1" ISACTIVE="1" /><STEAD ID="68623739" OBJECTID="165081163" OBJECTGUID="70f6035a-c3c9-4871-b441-fb3cccb77491" CHANGEID="600544954" NUMBER="16/8" OPERTYPEID="10" PREVID="0" NEXTID="0" UPDATEDATE="2024-09-05" STARTDATE="2024-09-05" ENDDATE="2079-06-06" ISACTUAL="1" ISACTIVE="1" /><STEAD ID="68656695" OBJECTID="165136781" OBJECTGUID="e8aea2a2-aef0-4b31-82c3-6f9f917cb70c" CHANGEID="600768126" NUMBER="27" OPERTYPEID="10" PREVID="0" NEXTID="0" UPDATEDATE="2024-09-09" STARTDATE="2024-09-09" ENDDATE="2079-06-06" ISACTUAL="1" ISACTIVE="1" /><STEAD ID="68656696" OBJECTID="165136782" OBJECTGUID="8287e55e-1d06-4259-bb9c-4474d9fb904a" CHANGEID="600768127" NUMBER="27/1" OPERTYPEID="10" PREVID="0" NEXTID="0" UPDATEDATE="2024-09-09" STARTDATE="2024-09-09" ENDDATE="2079-06-06" ISACTUAL="1" ISACTIVE="1" /><STEAD ID="68658539" OBJECTID="165140640" OBJECTGUID="7dd1bccd-e7a4-4bc1-98ed-a007449689fd" CHANGEID="600775317" NUMBER="8" OPERTYPEID="10" PREVID="0" NEXTID="0" UPDATEDATE="2024-09-09" STARTDATE="2024-09-09" ENDDATE="2079-06-06" ISACTUAL="1" ISACTIVE="1" /><STEAD ID="68660260" OBJECTID="165143963" OBJECTGUID="734b79b6-d122-4532-a2e0-8525c8d54951" CHANGEID="600781336" NUMBER="2" OPERTYPEID="10" PREVID="0" NEXTID="0" UPDATEDATE="2024-09-09" STARTDATE="2024-09-09" ENDDATE="2079-06-06" ISACTUAL="1" ISACTIVE="1" /><STEAD ID="68660261" OBJECTID="165143964" OBJECTGUID="21eecb8c-cac0-4001-9f57-5282688e891e" CHANGEID="600781337" NUMBER="32" OPERTYPEID="10" PREVID="0" NEXTID="0" UPDATEDATE="2024-09-09" STARTDATE="2024-09-09" ENDDATE="2079-06-06" ISACTUAL="1" ISACTIVE="1" /><STEAD ID="68660262" OBJECTID="165143965" OBJECTGUID="c93cd6da-df23-4616-a933-dd08f8b76698" CHANGEID="600781338" NUMBER="32а" OPERTYPEID="10" PREVID="0" NEXTID="0" UPDATEDATE="2024-09-09" STARTDATE="2024-09-09" ENDDATE="2079-06-06" ISACTUAL="1" ISACTIVE="1" /><STEAD ID="68660263" OBJECTID="165143966" OBJECTGUID="3a53d535-1963-4c82-9b38-a1c305e166bc" CHANGEID="600781339" NUMBER="31" OPERTYPEID="10" PREVID="0" NEXTID="0" UPDATEDATE="2024-09-09" STARTDATE="2024-09-09" ENDDATE="2079-06-06" ISACTUAL="1" ISACTIVE="1" /><STEAD ID="68660264" OBJECTID="165143967" OBJECTGUID="89dbeaab-79f8-4a80-b050-417ff12517f4" CHANGEID="600781340" NUMBER="33" OPERTYPEID="10" PREVID="0" NEXTID="0" UPDATEDATE="2024-09-09" STARTDATE="2024-09-09" ENDDATE="2079-06-06" ISACTUAL="1" ISACTIVE="1" /><STEAD ID="68660265" OBJECTID="165143968" OBJECTGUID="574d9dfd-4e9d-4e62-b9c0-30836d42f4b1" CHANGEID="600781341" NUMBER="37" OPERTYPEID="10" PREVID="0" NEXTID="0" UPDATEDATE="2024-09-09" STARTDATE="2024-09-09" ENDDATE="2079-06-06" ISACTUAL="1" ISACTIVE="1" /><STEAD ID="68660266" OBJECTID="165143969" OBJECTGUID="5d71ac78-018c-4c61-b41d-a02721dbc169" CHANGEID="600781342" NUMBER="36" OPERTYPEID="10" PREVID="0" NEXTID="0" UPDATEDATE="2024-09-09" STARTDATE="2024-09-09" ENDDATE="2079-06-06" ISACTUAL="1" ISACTIVE="1" /><STEAD ID="68660267" OBJECTID="165143970" OBJECTGUID="11b94e6d-67a5-4b42-9575-0e0540d7609d" CHANGEID="600781343" NUMBER="38" OPERTYPEID="10" PREVID="0" NEXTID="0" UPDATEDATE="2024-09-09" STARTDATE="2024-09-09" ENDDATE="2079-06-06" ISACTUAL="1" ISACTIVE="1" /><STEAD ID="68660268" OBJECTID="165143971" OBJECTGUID="fd0a3ddb-dd0d-4665-ac9e-b0c2efb7eb13" CHANGEID="600781344" NUMBER="50" OPERTYPEID="10" PREVID="0" NEXTID="0" UPDATEDATE="2024-09-09" STARTDATE="2024-09-09" ENDDATE="2079-06-06" ISACTUAL="1" ISACTIVE="1" /><STEAD ID="68660269" OBJECTID="165143972" OBJECTGUID="c4c5a00f-f018-43fb-ac72-7608ec15a969" CHANGEID="600781345" NUMBER="52" OPERTYPEID="10" PREVID="0" NEXTID="0" UPDATEDATE="2024-09-09" STARTDATE="2024-09-09" ENDDATE="2079-06-06" ISACTUAL="1" ISACTIVE="1" /><STEAD ID="68660270" OBJECTID="165143973" OBJECTGUID="37314543-270e-47a9-a14e-d7e934a3f8cf" CHANGEID="600781346" NUMBER="47" OPERTYPEID="10" PREVID="0" NEXTID="0" UPDATEDATE="2024-09-09" STARTDATE="2024-09-09" ENDDATE="2079-06-06" ISACTUAL="1" ISACTIVE="1" /><STEAD ID="68660271" OBJECTID="165143974" OBJECTGUID="2f0759ab-41fe-4641-a751-080a6eaf099d" CHANGEID="600781347" NUMBER="4" OPERTYPEID="10" PREVID="0" NEXTID="0" UPDATEDATE="2024-09-09" STARTDATE="2024-09-09" ENDDATE="2079-06-06" ISACTUAL="1" ISACTIVE="1" /><STEAD ID="68660272" OBJECTID="165143975" OBJECTGUID="4a449b13-5cfd-4175-ac40-c508e4a5b9e5" CHANGEID="600781348" NUMBER="49" OPERTYPEID="10" PREVID="0" NEXTID="0" UPDATEDATE="2024-09-09" STARTDATE="2024-09-09" ENDDATE="2079-06-06" ISACTUAL="1" ISACTIVE="1" /><STEAD ID="68660273" OBJECTID="165143976" OBJECTGUID="6aff3ddd-511a-4ec4-9ba2-7b84a9f6edeb" CHANGEID="600781349" NUMBER="53" OPERTYPEID="10" PREVID="0" NEXTID="0" UPDATEDATE="2024-09-09" STARTDATE="2024-09-09" ENDDATE="2079-06-06" ISACTUAL="1" ISACTIVE="1" /><STEAD ID="68660274" OBJECTID="165143977" OBJECTGUID="ebc1cb7d-4625-4036-ba80-05aa5c038808" CHANGEID="600781350" NUMBER="55" OPERTYPEID="10" PREVID="0" NEXTID="0" UPDATEDATE="2024-09-09" STARTDATE="2024-09-09" ENDDATE="2079-06-06" ISACTUAL="1" ISACTIVE="1" /><STEAD ID="68660275" OBJECTID="165143978" OBJECTGUID="717621c7-7a2b-45cf-ad93-41877418f116" CHANGEID="600781351" NUMBER="62" OPERTYPEID="10" PREVID="0" NEXTID="0" UPDATEDATE="2024-09-09" STARTDATE="2024-09-09" ENDDATE="2079-06-06" ISACTUAL="1" ISACTIVE="1" /><STEAD ID="68660276" OBJECTID="165143979" OBJECTGUID="4553f2b4-9676-42a4-a11b-aeff2286a89c" CHANGEID="600781352" NUMBER="57" OPERTYPEID="10" PREVID="0" NEXTID="0" UPDATEDATE="2024-09-09" STARTDATE="2024-09-09" ENDDATE="2079-06-06" ISACTUAL="1" ISACTIVE="1" /><STEAD ID="68660277" OBJECTID="165143980" OBJECTGUID="6842c4bf-82e2-471a-8d0a-759f7c149cfe" CHANGEID="600781353" NUMBER="5" OPERTYPEID="10" PREVID="0" NEXTID="0" UPDATEDATE="2024-09-09" STARTDATE="2024-09-09" ENDDATE="2079-06-06" ISACTUAL="1" ISACTIVE="1" /><STEAD ID="68660278" OBJECTID="165143981" OBJECTGUID="5b155e4f-2ecc-4fcc-b3b4-697ae24e3973" CHANGEID="600781354" NUMBER="64" OPERTYPEID="10" PREVID="0" NEXTID="0" UPDATEDATE="2024-09-09" STARTDATE="2024-09-09" ENDDATE="2079-06-06" ISACTUAL="1" ISACTIVE="1" /><STEAD ID="68660279" OBJECTID="165143982" OBJECTGUID="27c22c7f-7c64-4629-b9b3-b5098fe67f99" CHANGEID="600781355" NUMBER="59" OPERTYPEID="10" PREVID="0" NEXTID="0" UPDATEDATE="2024-09-09" STARTDATE="2024-09-09" ENDDATE="2079-06-06" ISACTUAL="1" ISACTIVE="1" /><STEAD ID="68660280" OBJECTID="165143983" OBJECTGUID="a6315740-0ef6-47d5-8194-0aacdde81bf9" CHANGEID="600781356" NUMBER="61" OPERTYPEID="10" PREVID="0" NEXTID="0" UPDATEDATE="2024-09-09" STARTDATE="2024-09-09" ENDDATE="2079-06-06" ISACTUAL="1" ISACTIVE="1" /><STEAD ID="68660281" OBJECTID="165143984" OBJECTGUID="3456ca6c-f9a8-4a3a-896a-c0989be92646" CHANGEID="600781357" NUMBER="63" OPERTYPEID="10" PREVID="0" NEXTID="0" UPDATEDATE="2024-09-09" STARTDATE="2024-09-09" ENDDATE="2079-06-06" ISACTUAL="1" ISACTIVE="1" /><STEAD ID="68660282" OBJECTID="165143985" OBJECTGUID="fd480b8e-7e45-448f-88b5-ebf980956a22" CHANGEID="600781358" NUMBER="70" OPERTYPEID="10" PREVID="0" NEXTID="0" UPDATEDATE="2024-09-09" STARTDATE="2024-09-09" ENDDATE="2079-06-06" ISACTUAL="1" ISACTIVE="1" /><STEAD ID="68660283" OBJECTID="165143986" OBJECTGUID="113c10b7-3ef2-483a-b2da-13099db77b82" CHANGEID="600781359" NUMBER="65" OPERTYPEID="10" PREVID="0" NEXTID="0" UPDATEDATE="2024-09-09" STARTDATE="2024-09-09" ENDDATE="2079-06-06" ISACTUAL="1" ISACTIVE="1" /><STEAD ID="68660284" OBJECTID="165143987" OBJECTGUID="f9c8861c-d5e7-4f40-9952-c5d55b7cd2b6" CHANGEID="600781360" NUMBER="67" OPERTYPEID="10" PREVID="0" NEXTID="0" UPDATEDATE="2024-09-09" STARTDATE="2024-09-09" ENDDATE="2079-06-06" ISACTUAL="1" ISACTIVE="1" /><STEAD ID="68660285" OBJECTID="165143988" OBJECTGUID="66dc3e47-16e1-48a6-a4b3-69b3910ffb13" CHANGEID="600781361" NUMBER="7" OPERTYPEID="10" PREVID="0" NEXTID="0" UPDATEDATE="2024-09-09" STARTDATE="2024-09-09" ENDDATE="2079-06-06" ISACTUAL="1" ISACTIVE="1" /><STEAD ID="68660286" OBJECTID="165143989" OBJECTGUID="1eca3507-361d-4a43-aff4-8f793e796f89" CHANGEID="600781362" NUMBER="74" OPERTYPEID="10" PREVID="0" NEXTID="0" UPDATEDATE="2024-09-09" STARTDATE="2024-09-09" ENDDATE="2079-06-06" ISACTUAL="1" ISACTIVE="1" /><STEAD ID="68660287" OBJECTID="165143990" OBJECTGUID="ece87b4a-3d2f-43e0-ba12-943d18a831ef" CHANGEID="600781363" NUMBER="27" OPERTYPEID="10" PREVID="0" NEXTID="0" UPDATEDATE="2024-09-09" STARTDATE="2024-09-09" ENDDATE="2079-06-06" ISACTUAL="1" ISACTIVE="1" /><STEAD ID="68660288" OBJECTID="165143991" OBJECTGUID="d68b818d-e107-46f9-9833-c7f1ecf60de7" CHANGEID="600781364" NUMBER="29" OPERTYPEID="10" PREVID="0" NEXTID="0" UPDATEDATE="2024-09-09" STARTDATE="2024-09-09" ENDDATE="2079-06-06" ISACTUAL="1" ISACTIVE="1" /><STEAD ID="68660289" OBJECTID="165143992" OBJECTGUID="536f9d54-ced3-4abf-96d6-8dbaac0a30a0" CHANGEID="600781365" NUMBER="40" OPERTYPEID="10" PREVID="0" NEXTID="0" UPDATEDATE="2024-09-09" STARTDATE="2024-09-09" ENDDATE="2079-06-06" ISACTUAL="1" ISACTIVE="1" /><STEAD ID="68660290" OBJECTID="165143993" OBJECTGUID="1b5c5f71-996d-457a-bcc7-2a65a1d99728" CHANGEID="600781366" NUMBER="3" OPERTYPEID="10" PREVID="0" NEXTID="0" UPDATEDATE="2024-09-09" STARTDATE="2024-09-09" ENDDATE="2079-06-06" ISACTUAL="1" ISACTIVE="1" /><STEAD ID="68660291" OBJECTID="165143994" OBJECTGUID="12d3696e-4419-4617-bcd1-10257ee0855c" CHANGEID="600781367" NUMBER="42" OPERTYPEID="10" PREVID="0" NEXTID="0" UPDATEDATE="2024-09-09" STARTDATE="2024-09-09" ENDDATE="2079-06-06" ISACTUAL="1" ISACTIVE="1" /><STEAD ID="68660292" OBJECTID="165143995" OBJECTGUID="3b392d18-e812-401b-b21c-329498fd18ab" CHANGEID="600781368" NUMBER="44" OPERTYPEID="10" PREVID="0" NEXTID="0" UPDATEDATE="2024-09-09" STARTDATE="2024-09-09" ENDDATE="2079-06-06" ISACTUAL="1" ISACTIVE="1" /><STEAD ID="68660293" OBJECTID="165143996" OBJECTGUID="15f4ae36-20d5-45fc-8036-663ad1503f38" CHANGEID="600781369" NUMBER="46" OPERTYPEID="10" PREVID="0" NEXTID="0" UPDATEDATE="2024-09-09" STARTDATE="2024-09-09" ENDDATE="2079-06-06" ISACTUAL="1" ISACTIVE="1" /><STEAD ID="68660294" OBJECTID="165143997" OBJECTGUID="bfb67de2-4405-496f-b8b7-e7acc1d261b6" CHANGEID="600781370" NUMBER="48" OPERTYPEID="10" PREVID="0" NEXTID="0" UPDATEDATE="2024-09-09" STARTDATE="2024-09-09" ENDDATE="2079-06-06" ISACTUAL="1" ISACTIVE="1" /><STEAD ID="68660295" OBJECTID="165143998" OBJECTGUID="9af7fb68-ad7c-4ab0-bd7f-705341786213" CHANGEID="600781371" NUMBER="43" OPERTYPEID="10" PREVID="0" NEXTID="0" UPDATEDATE="2024-09-09" STARTDATE="2024-09-09" ENDDATE="2079-06-06" ISACTUAL="1" ISACTIVE="1" /><STEAD ID="68660296" OBJECTID="165143999" OBJECTGUID="9f66ff47-ee2e-4334-8f2e-3a32145b36e6" CHANGEID="600781372" NUMBER="76" OPERTYPEID="10" PREVID="0" NEXTID="0" UPDATEDATE="2024-09-09" STARTDATE="2024-09-09" ENDDATE="2079-06-06" ISACTUAL="1" ISACTIVE="1" /><STEAD ID="68660297" OBJECTID="165144000" OBJECTGUID="584eacbc-73b3-49bd-b08a-b1edca21b1a7" CHANGEID="600781373" NUMBER="71" OPERTYPEID="10" PREVID="0" NEXTID="0" UPDATEDATE="2024-09-09" STARTDATE="2024-09-09" ENDDATE="2079-06-06" ISACTUAL="1" ISACTIVE="1" /><STEAD ID="68660298" OBJECTID="165144001" OBJECTGUID="88d4f889-4b17-472c-8e81-947f246cbe0b" CHANGEID="600781374" NUMBER="73" OPERTYPEID="10" PREVID="0" NEXTID="0" UPDATEDATE="2024-09-09" STARTDATE="2024-09-09" ENDDATE="2079-06-06" ISACTUAL="1" ISACTIVE="1" /><STEAD ID="68660299" OBJECTID="165144002" OBJECTGUID="64e05cac-296b-495f-ac0c-72ed16b8c1c4" CHANGEID="600781375" NUMBER="80" OPERTYPEID="10" PREVID="0" NEXTID="0" UPDATEDATE="2024-09-09" STARTDATE="2024-09-09" ENDDATE="2079-06-06" ISACTUAL="1" ISACTIVE="1" /><STEAD ID="68660300" OBJECTID="165144003" OBJECTGUID="bebeb6e0-6f57-4f6a-9cd0-d25f3136e125" CHANGEID="600781376" NUMBER="75" OPERTYPEID="10" PREVID="0" NEXTID="0" UPDATEDATE="2024-09-09" STARTDATE="2024-09-09" ENDDATE="2079-06-06" ISACTUAL="1" ISACTIVE="1" /><STEAD ID="68660301" OBJECTID="165144004" OBJECTGUID="1471102f-2be0-466b-bdc0-6a23d0263c78" CHANGEID="600781377" NUMBER="41" OPERTYPEID="10" PREVID="0" NEXTID="0" UPDATEDATE="2024-09-09" STARTDATE="2024-09-09" ENDDATE="2079-06-06" ISACTUAL="1" ISACTIVE="1" /><STEAD ID="68660302" OBJECTID="165144005" OBJECTGUID="e1b8e2fb-615b-480f-bd0e-3d0e701851fb" CHANGEID="600781378" NUMBER="82" OPERTYPEID="10" PREVID="0" NEXTID="0" UPDATEDATE="2024-09-09" STARTDATE="2024-09-09" ENDDATE="2079-06-06" ISACTUAL="1" ISACTIVE="1" /><STEAD ID="68660303" OBJECTID="165144006" OBJECTGUID="0348251b-acf8-4093-9ea7-f9f7071ba939" CHANGEID="600781379" NUMBER="77" OPERTYPEID="10" PREVID="0" NEXTID="0" UPDATEDATE="2024-09-09" STARTDATE="2024-09-09" ENDDATE="2079-06-06" ISACTUAL="1" ISACTIVE="1" /><STEAD ID="68660304" OBJECTID="165144007" OBJECTGUID="d7701154-3c04-4d49-82a5-318a22d5fcb7" CHANGEID="600781380" NUMBER="9" OPERTYPEID="10" PREVID="0" NEXTID="0" UPDATEDATE="2024-09-09" STARTDATE="2024-09-09" ENDDATE="2079-06-06" ISACTUAL="1" ISACTIVE="1" /><STEAD ID="68660305" OBJECTID="165144008" OBJECTGUID="50f94b6d-59e2-4415-a497-24978f74564e" CHANGEID="600781381" NUMBER="81" OPERTYPEID="10" PREVID="0" NEXTID="0" UPDATEDATE="2024-09-09" STARTDATE="2024-09-09" ENDDATE="2079-06-06" ISACTUAL="1" ISACTIVE="1" /><STEAD ID="68660306" OBJECTID="165144009" OBJECTGUID="b3d54c6a-995f-483b-89de-2778e5183cd0" CHANGEID="600781382" NUMBER="83" OPERTYPEID="10" PREVID="0" NEXTID="0" UPDATEDATE="2024-09-09" STARTDATE="2024-09-09" ENDDATE="2079-06-06" ISACTUAL="1" ISACTIVE="1" /><STEAD ID="68660307" OBJECTID="165144010" OBJECTGUID="b21b3981-d0cf-4c5f-8c33-fe944666989b" CHANGEID="600781383" NUMBER="85" OPERTYPEID="10" PREVID="0" NEXTID="0" UPDATEDATE="2024-09-09" STARTDATE="2024-09-09" ENDDATE="2079-06-06" ISACTUAL="1" ISACTIVE="1" /><STEAD ID="68660308" OBJECTID="165144011" OBJECTGUID="6863aa3e-3717-4475-8c83-a35ae7e0dc7d" CHANGEID="600781384" NUMBER="87" OPERTYPEID="10" PREVID="0" NEXTID="0" UPDATEDATE="2024-09-09" STARTDATE="2024-09-09" ENDDATE="2079-06-06" ISACTUAL="1" ISACTIVE="1" /><STEAD ID="68660309" OBJECTID="165144012" OBJECTGUID="7bc2b564-0099-440a-b016-74a120d8e41b" CHANGEID="600781385" NUMBER="90" OPERTYPEID="10" PREVID="0" NEXTID="0" UPDATEDATE="2024-09-09" STARTDATE="2024-09-09" ENDDATE="2079-06-06" ISACTUAL="1" ISACTIVE="1" /><STEAD ID="68660310" OBJECTID="165144013" OBJECTGUID="46ffe108-0874-401e-83dc-58ac58bb3a2f" CHANGEID="600781386" NUMBER="10" OPERTYPEID="10" PREVID="0" NEXTID="0" UPDATEDATE="2024-09-09" STARTDATE="2024-09-09" ENDDATE="2079-06-06" ISACTUAL="1" ISACTIVE="1" /><STEAD ID="68660311" OBJECTID="165144014" OBJECTGUID="77949dc7-db7c-454b-9bd0-af1470d2b1cd" CHANGEID="600781387" NUMBER="92" OPERTYPEID="10" PREVID="0" NEXTID="0" UPDATEDATE="2024-09-09" STARTDATE="2024-09-09" ENDDATE="2079-06-06" ISACTUAL="1" ISACTIVE="1" /><STEAD ID="68660312" OBJECTID="165144015" OBJECTGUID="44498cb7-c91e-469c-bc9a-e6e2e12cce5a" CHANGEID="600781388" NUMBER="94а" OPERTYPEID="10" PREVID="0" NEXTID="0" UPDATEDATE="2024-09-09" STARTDATE="2024-09-09" ENDDATE="2079-06-06" ISACTUAL="1" ISACTIVE="1" /><STEAD ID="68660313" OBJECTID="165144016" OBJECTGUID="902bcd83-065f-43a1-b98b-e52be94de23b" CHANGEID="600781389" NUMBER="89" OPERTYPEID="10" PREVID="0" NEXTID="0" UPDATEDATE="2024-09-09" STARTDATE="2024-09-09" ENDDATE="2079-06-06" ISACTUAL="1" ISACTIVE="1" /><STEAD ID="68660314" OBJECTID="165144017" OBJECTGUID="08d3de08-6a7b-4518-a768-f1ec68f62a93" CHANGEID="600781390" NUMBER="91" OPERTYPEID="10" PREVID="0" NEXTID="0" UPDATEDATE="2024-09-09" STARTDATE="2024-09-09" ENDDATE="2079-06-06" ISACTUAL="1" ISACTIVE="1" /><STEAD ID="68660315" OBJECTID="165144018" OBJECTGUID="a727988d-a9a0-4d27-b730-4a9b1ca2442e" CHANGEID="600781391" NUMBER="93" OPERTYPEID="10" PREVID="0" NEXTID="0" UPDATEDATE="2024-09-09" STARTDATE="2024-09-09" ENDDATE="2079-06-06" ISACTUAL="1" ISACTIVE="1" /><STEAD ID="68660316" OBJECTID="165144019" OBJECTGUID="20353ce9-b2e0-4a24-8617-88e7004fcb71" CHANGEID="600781392" NUMBER="95" OPERTYPEID="10" PREVID="0" NEXTID="0" UPDATEDATE="2024-09-09" STARTDATE="2024-09-09" ENDDATE="2079-06-06" ISACTUAL="1" ISACTIVE="1" /><STEAD ID="68660317" OBJECTID="165144020" OBJECTGUID="d7650427-3105-45e3-be44-196ac604e1d2" CHANGEID="600781393" NUMBER="99" OPERTYPEID="10" PREVID="0" NEXTID="0" UPDATEDATE="2024-09-09" STARTDATE="2024-09-09" ENDDATE="2079-06-06" ISACTUAL="1" ISACTIVE="1" /><STEAD ID="68660318" OBJECTID="165144021" OBJECTGUID="a3de1b19-afe3-4811-b6aa-9f0acc984af4" CHANGEID="600781394" NUMBER="101" OPERTYPEID="10" PREVID="0" NEXTID="0" UPDATEDATE="2024-09-09" STARTDATE="2024-09-09" ENDDATE="2079-06-06" ISACTUAL="1" ISACTIVE="1" /><STEAD ID="68661657" OBJECTID="165146383" OBJECTGUID="8701dfd1-89ff-4149-a139-fff06ffbe483" CHANGEID="600784853" NUMBER="35а" OPERTYPEID="10" PREVID="0" NEXTID="0" UPDATEDATE="2024-09-09" STARTDATE="2024-09-09" ENDDATE="2079-06-06" ISACTUAL="1" ISACTIVE="1" /><STEAD ID="68677474" OBJECTID="165173139" OBJECTGUID="0bdc1164-c1a7-4386-b554-73860e682116" CHANGEID="600831591" NUMBER="21" OPERTYPEID="10" PREVID="0" NEXTID="0" UPDATEDATE="2024-09-10" STARTDATE="2024-09-10" ENDDATE="2079-06-06" ISACTUAL="1" ISACTIVE="1" /><STEAD ID="68681126" OBJECTID="165179193" OBJECTGUID="dbf2310c-4aea-42fc-a21f-3c51da648e71" CHANGEID="600840863" NUMBER="1" OPERTYPEID="10" PREVID="0" NEXTID="0" UPDATEDATE="2024-09-10" STARTDATE="2024-09-10" ENDDATE="2079-06-06" ISACTUAL="1" ISACTIVE="1" /><STEAD ID="68682251" OBJECTID="165181260" OBJECTGUID="a704447b-dc54-44dc-ac4d-2d1c7370be95" CHANGEID="600844950" NUMBER="3А" OPERTYPEID="10" PREVID="0" NEXTID="0" UPDATEDATE="2024-09-10" STARTDATE="2024-09-10" ENDDATE="2079-06-06" ISACTUAL="1" ISACTIVE="1" /><STEAD ID="68682361" OBJECTID="165181381" OBJECTGUID="6dac6975-28dc-4dc7-be2b-a54758139a72" CHANGEID="600845141" NUMBER="12А" OPERTYPEID="10" PREVID="0" NEXTID="0" UPDATEDATE="2024-09-10" STARTDATE="2024-09-10" ENDDATE="2079-06-06" ISACTUAL="1" ISACTIVE="1" /><STEAD ID="68682420" OBJECTID="165181466" OBJECTGUID="69160ba2-01bc-4d8a-9805-d6320f900dc2" CHANGEID="600845266" NUMBER="5А" OPERTYPEID="10" PREVID="0" NEXTID="0" UPDATEDATE="2024-09-10" STARTDATE="2024-09-10" ENDDATE="2079-06-06" ISACTUAL="1" ISACTIVE="1" /><STEAD ID="68682492" OBJECTID="165181593" OBJECTGUID="1be362a1-e7d9-4201-9705-e4a787bc0344" CHANGEID="600845415" NUMBER="7А" OPERTYPEID="10" PREVID="0" NEXTID="0" UPDATEDATE="2024-09-10" STARTDATE="2024-09-10" ENDDATE="2079-06-06" ISACTUAL="1" ISACTIVE="1" /><STEAD ID="68682570" OBJECTID="165181701" OBJECTGUID="eaf4b416-73c0-41cc-912a-87cd3ca2acdc" CHANGEID="600845549" NUMBER="9А" OPERTYPEID="10" PREVID="0" NEXTID="0" UPDATEDATE="2024-09-10" STARTDATE="2024-09-10" ENDDATE="2079-06-06" ISACTUAL="1" ISACTIVE="1" /><STEAD ID="68682819" OBJECTID="165182195" OBJECTGUID="ce564721-f0fa-4722-be84-ab4f18c6efa8" CHANGEID="600846656" NUMBER="8" OPERTYPEID="10" PREVID="0" NEXTID="0" UPDATEDATE="2024-09-10" STARTDATE="2024-09-10" ENDDATE="2079-06-06" ISACTUAL="1" ISACTIVE="1" /><STEAD ID="68689082" OBJECTID="165195237" OBJECTGUID="fe958efa-5864-436f-988c-238bfd7bebeb" CHANGEID="600889980" NUMBER="2" OPERTYPEID="10" PREVID="0" NEXTID="0" UPDATEDATE="2024-09-11" STARTDATE="2024-09-11" ENDDATE="2079-06-06" ISACTUAL="1" ISACTIVE="1" /><STEAD ID="68693397" OBJECTID="165204021" OBJECTGUID="7c19c41b-ab33-4c89-bede-c3c320668bfa" CHANGEID="600902217" NUMBER="2" OPERTYPEID="10" PREVID="0" NEXTID="0" UPDATEDATE="2024-09-11" STARTDATE="2024-09-11" ENDDATE="2079-06-06" ISACTUAL="1" ISACTIVE="1" /><STEAD ID="68693398" OBJECTID="165204022" OBJECTGUID="baf86718-f9f8-4437-8681-37b375840f1b" CHANGEID="600902218" NUMBER="3" OPERTYPEID="10" PREVID="0" NEXTID="0" UPDATEDATE="2024-09-11" STARTDATE="2024-09-11" ENDDATE="2079-06-06" ISACTUAL="1" ISACTIVE="1" /><STEAD ID="68693399" OBJECTID="165204023" OBJECTGUID="ad6d96dc-1146-48eb-a0c8-3f54c72f159a" CHANGEID="600902219" NUMBER="4" OPERTYPEID="10" PREVID="0" NEXTID="0" UPDATEDATE="2024-09-11" STARTDATE="2024-09-11" ENDDATE="2079-06-06" ISACTUAL="1" ISACTIVE="1" /><STEAD ID="68693400" OBJECTID="165204024" OBJECTGUID="49b6983b-27b6-43d3-b163-0a8e77fef2a4" CHANGEID="600902220" NUMBER="6" OPERTYPEID="10" PREVID="0" NEXTID="0" UPDATEDATE="2024-09-11" STARTDATE="2024-09-11" ENDDATE="2079-06-06" ISACTUAL="1" ISACTIVE="1" /><STEAD ID="68693401" OBJECTID="165204025" OBJECTGUID="f2bd664a-b40a-4e29-9c16-660ec8a480c7" CHANGEID="600902221" NUMBER="7" OPERTYPEID="10" PREVID="0" NEXTID="0" UPDATEDATE="2024-09-11" STARTDATE="2024-09-11" ENDDATE="2079-06-06" ISACTUAL="1" ISACTIVE="1" /><STEAD ID="68693402" OBJECTID="165204026" OBJECTGUID="b1c19766-6142-4a67-afd5-76c4ec00a700" CHANGEID="600902222" NUMBER="8" OPERTYPEID="10" PREVID="0" NEXTID="0" UPDATEDATE="2024-09-11" STARTDATE="2024-09-11" ENDDATE="2079-06-06" ISACTUAL="1" ISACTIVE="1" /><STEAD ID="68693403" OBJECTID="165204027" OBJECTGUID="34dd70c5-5690-491a-bc91-2daac0d036f4" CHANGEID="600902223" NUMBER="9" OPERTYPEID="10" PREVID="0" NEXTID="0" UPDATEDATE="2024-09-11" STARTDATE="2024-09-11" ENDDATE="2079-06-06" ISACTUAL="1" ISACTIVE="1" /><STEAD ID="68693404" OBJECTID="165204028" OBJECTGUID="18e9329d-357f-49c9-845a-70a7f8fad829" CHANGEID="600902224" NUMBER="10" OPERTYPEID="10" PREVID="0" NEXTID="0" UPDATEDATE="2024-09-11" STARTDATE="2024-09-11" ENDDATE="2079-06-06" ISACTUAL="1" ISACTIVE="1" /><STEAD ID="68693405" OBJECTID="165204029" OBJECTGUID="38761ae7-c472-415e-894c-66639e7be809" CHANGEID="600902225" NUMBER="11" OPERTYPEID="10" PREVID="0" NEXTID="0" UPDATEDATE="2024-09-11" STARTDATE="2024-09-11" ENDDATE="2079-06-06" ISACTUAL="1" ISACTIVE="1" /><STEAD ID="68694057" OBJECTID="165205097" OBJECTGUID="59a714f7-2828-47be-aa59-ca06ea952233" CHANGEID="600903960" NUMBER="20" OPERTYPEID="10" PREVID="0" NEXTID="0" UPDATEDATE="2024-09-11" STARTDATE="2024-09-11" ENDDATE="2079-06-06" ISACTUAL="1" ISACTIVE="1" /><STEAD ID="68695157" OBJECTID="165206494" OBJECTGUID="708ca14e-be13-4e7b-83bc-9fe6064b699f" CHANGEID="600906021" NUMBER="75" OPERTYPEID="10" PREVID="0" NEXTID="0" UPDATEDATE="2024-09-11" STARTDATE="2024-09-11" ENDDATE="2079-06-06" ISACTUAL="1" ISACTIVE="1" /><STEAD ID="68695708" OBJECTID="165207256" OBJECTGUID="b786a613-b290-422f-bd8e-1783e42ec501" CHANGEID="600907220" NUMBER="31/2" OPERTYPEID="10" PREVID="0" NEXTID="0" UPDATEDATE="2024-09-11" STARTDATE="2024-09-11" ENDDATE="2079-06-06" ISACTUAL="1" ISACTIVE="1" /><STEAD ID="68702207" OBJECTID="165217605" OBJECTGUID="72c65200-8718-4fd2-9ae9-db13bc5076d8" CHANGEID="600924684" NUMBER="11" OPERTYPEID="10" PREVID="0" NEXTID="0" UPDATEDATE="2024-09-11" STARTDATE="2024-09-11" ENDDATE="2079-06-06" ISACTUAL="1" ISACTIVE="1" /><STEAD ID="68702251" OBJECTID="165217655" OBJECTGUID="e376ca8c-74af-4039-b938-6d023a427fcf" CHANGEID="600924764" NUMBER="1а" OPERTYPEID="10" PREVID="0" NEXTID="0" UPDATEDATE="2024-09-11" STARTDATE="2024-09-11" ENDDATE="2079-06-06" ISACTUAL="1" ISACTIVE="1" /><STEAD ID="68704826" OBJECTID="165221347" OBJECTGUID="b8404fac-4ea3-48af-a8c7-f4e18d588816" CHANGEID="600932457" NUMBER="18" OPERTYPEID="10" PREVID="0" NEXTID="0" UPDATEDATE="2024-09-11" STARTDATE="2024-09-11" ENDDATE="2079-06-06" ISACTUAL="1" ISACTIVE="1" /></STEADS>