﻿<?xml version="1.0" encoding="utf-8"?><ADDRESSOBJECTS><OBJECT ID="488230" OBJECTID="400358" OBJECTGUID="89a8c909-2d9a-4eb3-bad2-4380970a578c" CHANGEID="1014369" NAME="ДНТ Связист" TYPENAME="тер" LEVEL="7" OPERTYPEID="50" PREVID="488221" NEXTID="52125693" UPDATEDATE="2024-09-05" STARTDATE="2016-09-29" ENDDATE="2024-09-05" ISACTUAL="0" ISACTIVE="0" /><OBJECT ID="52125693" OBJECTID="400358" OBJECTGUID="89a8c909-2d9a-4eb3-bad2-4380970a578c" CHANGEID="600517051" NAME="Связист" TYPENAME="тер. СНТ" LEVEL="7" OPERTYPEID="20" PREVID="488230" UPDATEDATE="2024-09-05" STARTDATE="2024-09-05" ENDDATE="2079-06-06" ISACTUAL="1" ISACTIVE="1" /><OBJECT ID="52126330" OBJECTID="165176731" OBJECTGUID="7b10b375-d1cf-4cb5-9fd3-462faca17272" CHANGEID="600836947" NAME="Заря" TYPENAME="с/т" LEVEL="7" OPERTYPEID="10" PREVID="0" NEXTID="0" UPDATEDATE="2024-09-10" STARTDATE="2024-09-10" ENDDATE="2079-06-06" ISACTUAL="1" ISACTIVE="1" /><OBJECT ID="52126441" OBJECTID="165202443" OBJECTGUID="51bd646e-8fd0-46ec-abaf-726384332b43" CHANGEID="600900037" NAME="12-й" TYPENAME="пр-д" LEVEL="8" OPERTYPEID="10" PREVID="0" NEXTID="0" UPDATEDATE="2024-09-11" STARTDATE="2024-09-11" ENDDATE="2079-06-06" ISACTUAL="1" ISACTIVE="1" /><OBJECT ID="52126442" OBJECTID="165202444" OBJECTGUID="6119fb95-f19d-4399-b429-760116d29dcb" CHANGEID="600900038" NAME="13-й" TYPENAME="пр-д" LEVEL="8" OPERTYPEID="10" PREVID="0" NEXTID="0" UPDATEDATE="2024-09-11" STARTDATE="2024-09-11" ENDDATE="2079-06-06" ISACTUAL="1" ISACTIVE="1" /><OBJECT ID="52126443" OBJECTID="165202445" OBJECTGUID="4f9ded6e-7325-48b6-98b4-fc537e6076f2" CHANGEID="600900039" NAME="14-й" TYPENAME="пр-д" LEVEL="8" OPERTYPEID="10" PREVID="0" NEXTID="0" UPDATEDATE="2024-09-11" STARTDATE="2024-09-11" ENDDATE="2079-06-06" ISACTUAL="1" ISACTIVE="1" /><OBJECT ID="52126444" OBJECTID="165202446" OBJECTGUID="3ffe7798-0f3a-4bc0-a523-c16fc6654e30" CHANGEID="600900040" NAME="15-й" TYPENAME="пр-д" LEVEL="8" OPERTYPEID="10" PREVID="0" NEXTID="0" UPDATEDATE="2024-09-11" STARTDATE="2024-09-11" ENDDATE="2079-06-06" ISACTUAL="1" ISACTIVE="1" /><OBJECT ID="52126445" OBJECTID="165202447" OBJECTGUID="df5d2d84-6c64-4025-a153-cda9f2868d4b" CHANGEID="600900041" NAME="1-й" TYPENAME="пр-д" LEVEL="8" OPERTYPEID="10" PREVID="0" NEXTID="0" UPDATEDATE="2024-09-11" STARTDATE="2024-09-11" ENDDATE="2079-06-06" ISACTUAL="1" ISACTIVE="1" /><OBJECT ID="52126446" OBJECTID="165202448" OBJECTGUID="732f9eec-6f28-494c-aa35-6e5e8edc6d90" CHANGEID="600900042" NAME="2-й" TYPENAME="пр-д" LEVEL="8" OPERTYPEID="10" PREVID="0" NEXTID="0" UPDATEDATE="2024-09-11" STARTDATE="2024-09-11" ENDDATE="2079-06-06" ISACTUAL="1" ISACTIVE="1" /><OBJECT ID="52126447" OBJECTID="165202449" OBJECTGUID="29bf2b61-ab98-4ee1-9a97-a6912066d8f0" CHANGEID="600900043" NAME="3-й" TYPENAME="пр-д" LEVEL="8" OPERTYPEID="10" PREVID="0" NEXTID="0" UPDATEDATE="2024-09-11" STARTDATE="2024-09-11" ENDDATE="2079-06-06" ISACTUAL="1" ISACTIVE="1" /><OBJECT ID="52126448" OBJECTID="165202450" OBJECTGUID="e164e6eb-6733-4927-82ed-27639e944553" CHANGEID="600900044" NAME="4-й" TYPENAME="пр-д" LEVEL="8" OPERTYPEID="10" PREVID="0" NEXTID="0" UPDATEDATE="2024-09-11" STARTDATE="2024-09-11" ENDDATE="2079-06-06" ISACTUAL="1" ISACTIVE="1" /><OBJECT ID="52126449" OBJECTID="165202451" OBJECTGUID="3692aab6-3e00-41cf-a379-9604c7a535d4" CHANGEID="600900045" NAME="5-й" TYPENAME="пр-д" LEVEL="8" OPERTYPEID="10" PREVID="0" NEXTID="0" UPDATEDATE="2024-09-11" STARTDATE="2024-09-11" ENDDATE="2079-06-06" ISACTUAL="1" ISACTIVE="1" /><OBJECT ID="52126450" OBJECTID="165202452" OBJECTGUID="052ebc14-d97b-47f5-bf67-bfefd019e22c" CHANGEID="600900046" NAME="6-й" TYPENAME="пр-д" LEVEL="8" OPERTYPEID="10" PREVID="0" NEXTID="0" UPDATEDATE="2024-09-11" STARTDATE="2024-09-11" ENDDATE="2079-06-06" ISACTUAL="1" ISACTIVE="1" /><OBJECT ID="52126451" OBJECTID="165202453" OBJECTGUID="30a3b5c8-8331-4dad-a747-0f2b9eb88580" CHANGEID="600900047" NAME="7-й" TYPENAME="пр-д" LEVEL="8" OPERTYPEID="10" PREVID="0" NEXTID="0" UPDATEDATE="2024-09-11" STARTDATE="2024-09-11" ENDDATE="2079-06-06" ISACTUAL="1" ISACTIVE="1" /><OBJECT ID="52126452" OBJECTID="165202454" OBJECTGUID="fa710bf5-c8a2-46e7-96e4-e26f1b72f1ea" CHANGEID="600900048" NAME="8-й" TYPENAME="пр-д" LEVEL="8" OPERTYPEID="10" PREVID="0" NEXTID="0" UPDATEDATE="2024-09-11" STARTDATE="2024-09-11" ENDDATE="2079-06-06" ISACTUAL="1" ISACTIVE="1" /><OBJECT ID="52126453" OBJECTID="165202455" OBJECTGUID="f7f00f6d-3b0c-471f-a47b-c6067ded3a84" CHANGEID="600900049" NAME="9-й" TYPENAME="пр-д" LEVEL="8" OPERTYPEID="10" PREVID="0" NEXTID="0" UPDATEDATE="2024-09-11" STARTDATE="2024-09-11" ENDDATE="2079-06-06" ISACTUAL="1" ISACTIVE="1" /><OBJECT ID="52126454" OBJECTID="165202456" OBJECTGUID="4e00470e-71db-4ea3-8a98-252f611d7d9c" CHANGEID="600900050" NAME="10-й" TYPENAME="пр-д" LEVEL="8" OPERTYPEID="10" PREVID="0" NEXTID="0" UPDATEDATE="2024-09-11" STARTDATE="2024-09-11" ENDDATE="2079-06-06" ISACTUAL="1" ISACTIVE="1" /><OBJECT ID="52126455" OBJECTID="165202457" OBJECTGUID="103c9fcc-56ec-471c-8fd6-596f8c6f5e70" CHANGEID="600900051" NAME="11-й" TYPENAME="пр-д" LEVEL="8" OPERTYPEID="10" PREVID="0" NEXTID="0" UPDATEDATE="2024-09-11" STARTDATE="2024-09-11" ENDDATE="2079-06-06" ISACTUAL="1" ISACTIVE="1" /><OBJECT ID="52126456" OBJECTID="165202458" OBJECTGUID="d3fc8ba7-2c23-4ca0-87d3-2f3e7f7eb2f6" CHANGEID="600900052" NAME="16-й" TYPENAME="пр-д" LEVEL="8" OPERTYPEID="10" PREVID="0" NEXTID="0" UPDATEDATE="2024-09-11" STARTDATE="2024-09-11" ENDDATE="2079-06-06" ISACTUAL="1" ISACTIVE="1" /></ADDRESSOBJECTS>