﻿<?xml version="1.0" encoding="utf-8"?><STEADS><STEAD ID="640378" OBJECTID="85192565" OBJECTGUID="fca7a412-9d29-4d3f-aa6b-54db59851bd5" CHANGEID="126511020" NUMBER="21" OPERTYPEID="10" NEXTID="68688794" UPDATEDATE="2024-09-11" STARTDATE="2019-01-23" ENDDATE="2024-09-11" ISACTUAL="0" ISACTIVE="0" /><STEAD ID="839571" OBJECTID="85390728" OBJECTGUID="40a66a2a-5849-484b-bcca-37bef1bacf5c" CHANGEID="126792418" NUMBER="1а" OPERTYPEID="10" NEXTID="68643786" UPDATEDATE="2024-09-06" STARTDATE="1900-01-01" ENDDATE="2024-09-06" ISACTUAL="0" ISACTIVE="0" /><STEAD ID="839409" OBJECTID="85390566" OBJECTGUID="44467a49-9484-4713-bce9-3f1f6e4437e3" CHANGEID="126792202" NUMBER="6А" OPERTYPEID="10" NEXTID="68649867" UPDATEDATE="2024-09-09" STARTDATE="1900-01-01" ENDDATE="2024-09-09" ISACTUAL="0" ISACTIVE="0" /><STEAD ID="975624" OBJECTID="85526013" OBJECTGUID="fb66ab8a-30b1-4a4f-970f-233519d868b4" CHANGEID="126981637" NUMBER="92/3" OPERTYPEID="10" NEXTID="68648426" UPDATEDATE="2024-09-09" STARTDATE="2019-03-28" ENDDATE="2024-09-09" ISACTUAL="0" ISACTIVE="0" /><STEAD ID="1011620" OBJECTID="85561852" OBJECTGUID="e1bc640b-30b5-4854-8c0f-bb40e65f7f6e" CHANGEID="127033101" NUMBER="8А" OPERTYPEID="10" NEXTID="68649849" UPDATEDATE="2024-09-09" STARTDATE="2019-03-28" ENDDATE="2024-09-09" ISACTUAL="0" ISACTIVE="0" /><STEAD ID="1162680" OBJECTID="85712136" OBJECTGUID="4d8c6ce4-5e73-45c4-9c66-c4358b73e73f" CHANGEID="127240718" NUMBER="19" OPERTYPEID="10" NEXTID="68649853" UPDATEDATE="2024-09-09" STARTDATE="2019-03-28" ENDDATE="2024-09-09" ISACTUAL="0" ISACTIVE="0" /><STEAD ID="11803931" OBJECTID="97142610" OBJECTGUID="c668f857-01d4-48ea-945f-c5c974e45c5c" CHANGEID="151885578" NUMBER="120" OPERTYPEID="10" PREVID="0" NEXTID="68688795" UPDATEDATE="2024-09-11" STARTDATE="2020-06-15" ENDDATE="2024-09-11" ISACTUAL="0" ISACTIVE="0" /><STEAD ID="11847640" OBJECTID="97222882" OBJECTGUID="099253fb-e8c6-4757-9046-08ef9e3a1b41" CHANGEID="152240231" NUMBER="47" OPERTYPEID="10" PREVID="0" NEXTID="68682477" UPDATEDATE="2024-09-10" STARTDATE="2020-06-19" ENDDATE="2024-09-10" ISACTUAL="0" ISACTIVE="0" /><STEAD ID="11909029" OBJECTID="97324269" OBJECTGUID="da3a109f-c45f-4b6c-8f6a-25ef5cb3a899" CHANGEID="152441185" NUMBER="238" OPERTYPEID="10" PREVID="0" NEXTID="68682383" UPDATEDATE="2024-09-10" STARTDATE="2020-06-29" ENDDATE="2024-09-10" ISACTUAL="0" ISACTIVE="0" /><STEAD ID="11909164" OBJECTID="97324434" OBJECTGUID="faa8e807-7e18-4bce-904c-05a655480790" CHANGEID="152441382" NUMBER="4" OPERTYPEID="10" PREVID="0" NEXTID="68682493" UPDATEDATE="2024-09-10" STARTDATE="2020-06-29" ENDDATE="2024-09-10" ISACTUAL="0" ISACTIVE="0" /><STEAD ID="11920489" OBJECTID="97341496" OBJECTGUID="c55f87a3-1ef1-48c8-8575-f153d01d1c4d" CHANGEID="152489560" NUMBER="133" OPERTYPEID="10" PREVID="0" NEXTID="68693204" UPDATEDATE="2024-09-11" STARTDATE="2020-06-30" ENDDATE="2024-09-11" ISACTUAL="0" ISACTIVE="0" /><STEAD ID="11920511" OBJECTID="97341519" OBJECTGUID="72e5c00a-ae7e-44bf-b890-09ad82e77aaa" CHANGEID="152489583" NUMBER="130" OPERTYPEID="10" PREVID="0" NEXTID="68693344" UPDATEDATE="2024-09-11" STARTDATE="2020-06-30" ENDDATE="2024-09-11" ISACTUAL="0" ISACTIVE="0" /><STEAD ID="1673696" OBJECTID="86220689" OBJECTGUID="af27166d-6d9e-478c-96d3-7aa89b506b53" CHANGEID="127932793" NUMBER="1" OPERTYPEID="10" NEXTID="68643785" UPDATEDATE="2024-09-06" STARTDATE="2019-03-28" ENDDATE="2024-09-06" ISACTUAL="0" ISACTIVE="0" /><STEAD ID="1702661" OBJECTID="86249486" OBJECTGUID="08103ff5-0915-45e1-9035-377c5c5f1785" CHANGEID="127970326" NUMBER="92" OPERTYPEID="10" NEXTID="68648438" UPDATEDATE="2024-09-09" STARTDATE="2019-03-27" ENDDATE="2024-09-09" ISACTUAL="0" ISACTIVE="0" /><STEAD ID="12364632" OBJECTID="98163143" OBJECTGUID="45997a34-0b54-48cd-bfe4-91efe23e6a14" CHANGEID="156277454" NUMBER="12" OPERTYPEID="10" PREVID="0" NEXTID="68682533" UPDATEDATE="2024-09-10" STARTDATE="2020-09-04" ENDDATE="2024-09-10" ISACTUAL="0" ISACTIVE="0" /><STEAD ID="2263205" OBJECTID="86807608" OBJECTGUID="0fff2ea2-df68-4806-8293-409ca3ff0621" CHANGEID="128706960" NUMBER="43" OPERTYPEID="10" NEXTID="68648434" UPDATEDATE="2024-09-09" STARTDATE="1900-01-01" ENDDATE="2024-09-09" ISACTUAL="0" ISACTIVE="0" /><STEAD ID="2430868" OBJECTID="86974643" OBJECTGUID="f15bfde9-4d3d-433d-b018-36da1748368a" CHANGEID="128922121" NUMBER="93" OPERTYPEID="10" NEXTID="68648407" UPDATEDATE="2024-09-09" STARTDATE="2019-03-27" ENDDATE="2024-09-09" ISACTUAL="0" ISACTIVE="0" /><STEAD ID="2466265" OBJECTID="87009895" OBJECTGUID="555983a8-5826-42de-866d-932c3ff5b2d4" CHANGEID="128967500" NUMBER="57" OPERTYPEID="10" NEXTID="68649848" UPDATEDATE="2024-09-09" STARTDATE="2019-03-28" ENDDATE="2024-09-09" ISACTUAL="0" ISACTIVE="0" /><STEAD ID="2523483" OBJECTID="87066889" OBJECTGUID="a9548f1a-352f-4d77-9163-41dcbe769cd1" CHANGEID="129040509" NUMBER="13" OPERTYPEID="10" NEXTID="68692602" UPDATEDATE="2024-09-11" STARTDATE="2019-01-28" ENDDATE="2024-09-11" ISACTUAL="0" ISACTIVE="0" /><STEAD ID="2534957" OBJECTID="87078330" OBJECTGUID="5cebdab7-29f5-4400-ab46-514678f00c47" CHANGEID="129055326" NUMBER="71/1" OPERTYPEID="10" NEXTID="68648422" UPDATEDATE="2024-09-09" STARTDATE="2019-03-28" ENDDATE="2024-09-09" ISACTUAL="0" ISACTIVE="0" /><STEAD ID="2665221" OBJECTID="87208080" OBJECTGUID="0e9b8298-d40b-4fb3-85ef-483ee73444e3" CHANGEID="129224832" NUMBER="15" OPERTYPEID="10" NEXTID="68649851" UPDATEDATE="2024-09-09" STARTDATE="2019-03-28" ENDDATE="2024-09-09" ISACTUAL="0" ISACTIVE="0" /><STEAD ID="3312423" OBJECTID="87853024" OBJECTGUID="1d88dc74-6ae5-49c0-b17b-12f981e0c5f5" CHANGEID="130034809" NUMBER="43а" OPERTYPEID="10" NEXTID="68649855" UPDATEDATE="2024-09-09" STARTDATE="2019-03-29" ENDDATE="2024-09-09" ISACTUAL="0" ISACTIVE="0" /><STEAD ID="14067546" OBJECTID="101079976" OBJECTGUID="59a28251-f1b5-42f3-9989-e9ae41eeafb5" CHANGEID="192546478" NUMBER="33" OPERTYPEID="61" PREVID="14067545" NEXTID="68694925" UPDATEDATE="2024-09-11" STARTDATE="2021-04-26" ENDDATE="2024-09-11" ISACTUAL="0" ISACTIVE="0" /><STEAD ID="3679986" OBJECTID="88219421" OBJECTGUID="718b8e6a-260d-4bab-9519-bddc1c514734" CHANGEID="130480626" NUMBER="4" OPERTYPEID="10" NEXTID="68648404" UPDATEDATE="2024-09-09" STARTDATE="2019-03-27" ENDDATE="2024-09-09" ISACTUAL="0" ISACTIVE="0" /><STEAD ID="4139362" OBJECTID="88677605" OBJECTGUID="1a0a2994-eb33-4679-b723-4d449d0dcfc0" CHANGEID="131028882" NUMBER="1А" OPERTYPEID="10" NEXTID="68648430" UPDATEDATE="2024-09-09" STARTDATE="2019-03-28" ENDDATE="2024-09-09" ISACTUAL="0" ISACTIVE="0" /><STEAD ID="4829602" OBJECTID="89366369" OBJECTGUID="c2f93cc8-3aa6-49d0-b56c-4fad9ffcfb09" CHANGEID="131826025" NUMBER="33" OPERTYPEID="10" NEXTID="68643543" UPDATEDATE="2024-09-06" STARTDATE="2019-03-29" ENDDATE="2024-09-06" ISACTUAL="0" ISACTIVE="0" /><STEAD ID="4843695" OBJECTID="89380429" OBJECTGUID="aa8c89e1-e91b-4af4-811d-52b7aef7a5ed" CHANGEID="131841872" NUMBER="2А" OPERTYPEID="10" NEXTID="68648433" UPDATEDATE="2024-09-09" STARTDATE="2019-03-29" ENDDATE="2024-09-09" ISACTUAL="0" ISACTIVE="0" /><STEAD ID="4889265" OBJECTID="89425880" OBJECTGUID="bb21e34a-7165-43ec-b8f3-67f7cf3b521f" CHANGEID="131893937" NUMBER="52А" OPERTYPEID="10" NEXTID="68643542" UPDATEDATE="2024-09-06" STARTDATE="2019-03-29" ENDDATE="2024-09-06" ISACTUAL="0" ISACTIVE="0" /><STEAD ID="5025636" OBJECTID="89562094" OBJECTGUID="36e6b077-dd79-4ae6-af2f-752dad5b7f73" CHANGEID="132046582" NUMBER="39/3" OPERTYPEID="10" NEXTID="68693224" UPDATEDATE="2024-09-11" STARTDATE="2019-03-29" ENDDATE="2024-09-11" ISACTUAL="0" ISACTIVE="0" /><STEAD ID="5811645" OBJECTID="90347070" OBJECTGUID="e9875b30-6927-403e-9ff5-71b68859c811" CHANGEID="132931942" NUMBER="114/2" OPERTYPEID="10" NEXTID="68648421" UPDATEDATE="2024-09-09" STARTDATE="2019-03-28" ENDDATE="2024-09-09" ISACTUAL="0" ISACTIVE="0" /><STEAD ID="6591891" OBJECTID="91126542" OBJECTGUID="3f3204b1-6551-4309-836d-192c73290145" CHANGEID="133813992" NUMBER="51а" OPERTYPEID="10" NEXTID="68699438" UPDATEDATE="2024-09-11" STARTDATE="2019-05-20" ENDDATE="2024-09-11" ISACTUAL="0" ISACTIVE="0" /><STEAD ID="6608949" OBJECTID="91143569" OBJECTGUID="171011a4-cdab-4930-9664-be3218891ddb" CHANGEID="133833026" NUMBER="10" OPERTYPEID="10" NEXTID="68643806" UPDATEDATE="2024-09-06" STARTDATE="2019-03-27" ENDDATE="2024-09-06" ISACTUAL="0" ISACTIVE="0" /><STEAD ID="6668592" OBJECTID="91203067" OBJECTGUID="46594cbd-853c-49d8-91ff-00e65d932ad8" CHANGEID="133899273" NUMBER="212а" OPERTYPEID="10" NEXTID="68700466" UPDATEDATE="2024-09-11" STARTDATE="2019-05-21" ENDDATE="2024-09-11" ISACTUAL="0" ISACTIVE="0" /><STEAD ID="6713370" OBJECTID="91247938" OBJECTGUID="acfa95b6-0dc2-4cab-99cd-8cbb5273fa84" CHANGEID="133950198" NUMBER="154" OPERTYPEID="10" NEXTID="68688781" UPDATEDATE="2024-09-11" STARTDATE="2019-01-24" ENDDATE="2024-09-11" ISACTUAL="0" ISACTIVE="0" /><STEAD ID="6927223" OBJECTID="91461672" OBJECTGUID="f6b433c8-79ca-4d94-9838-3e046ee6e30f" CHANGEID="134190059" NUMBER="271" OPERTYPEID="10" NEXTID="68648418" UPDATEDATE="2024-09-09" STARTDATE="2019-03-28" ENDDATE="2024-09-09" ISACTUAL="0" ISACTIVE="0" /><STEAD ID="6951136" OBJECTID="91485565" OBJECTGUID="bf9efa47-0085-46a6-8a7f-f2bed77e7564" CHANGEID="134216336" NUMBER="5/7" OPERTYPEID="10" NEXTID="68692538" UPDATEDATE="2024-09-11" STARTDATE="2019-02-13" ENDDATE="2024-09-11" ISACTUAL="0" ISACTIVE="0" /><STEAD ID="6969393" OBJECTID="91503810" OBJECTGUID="ab3aa95e-90e4-4b32-a2ef-9086f5cf8183" CHANGEID="134236171" NUMBER="135/7" OPERTYPEID="10" NEXTID="68648417" UPDATEDATE="2024-09-09" STARTDATE="2019-03-28" ENDDATE="2024-09-09" ISACTUAL="0" ISACTIVE="0" /><STEAD ID="7370124" OBJECTID="91904230" OBJECTGUID="ce91903c-a3ef-4b3a-b802-d6b4cb359208" CHANGEID="134678928" NUMBER="332" OPERTYPEID="10" NEXTID="68663256" UPDATEDATE="2024-09-09" STARTDATE="2019-07-26" ENDDATE="2024-09-09" ISACTUAL="0" ISACTIVE="0" /><STEAD ID="7637721" OBJECTID="92171685" OBJECTGUID="6e6d8a36-2cfe-4200-b3e1-a87b4bc61d9f" CHANGEID="134968469" NUMBER="11" OPERTYPEID="10" NEXTID="68648415" UPDATEDATE="2024-09-09" STARTDATE="2019-03-28" ENDDATE="2024-09-09" ISACTUAL="0" ISACTIVE="0" /><STEAD ID="8073760" OBJECTID="92607468" OBJECTGUID="71e92f53-4baa-44f8-a77c-29c1f9bf53a7" CHANGEID="135434537" NUMBER="36а" OPERTYPEID="10" NEXTID="68703780" UPDATEDATE="2024-09-11" STARTDATE="2019-04-02" ENDDATE="2024-09-11" ISACTUAL="0" ISACTIVE="0" /><STEAD ID="8481266" OBJECTID="93014807" OBJECTGUID="deb9afd1-2a49-438e-aae9-222c531e8c2a" CHANGEID="135869892" NUMBER="9" OPERTYPEID="10" NEXTID="68643781" UPDATEDATE="2024-09-06" STARTDATE="2019-03-28" ENDDATE="2024-09-06" ISACTUAL="0" ISACTIVE="0" /><STEAD ID="9368159" OBJECTID="93901417" OBJECTGUID="bee2d015-5765-47b8-b8e1-917fdd5ff01e" CHANGEID="136825354" NUMBER="15" OPERTYPEID="10" NEXTID="68682408" UPDATEDATE="2024-09-10" STARTDATE="2019-01-28" ENDDATE="2024-09-10" ISACTUAL="0" ISACTIVE="0" /><STEAD ID="9594983" OBJECTID="94128202" OBJECTGUID="207e4672-faa1-44d4-8a19-5e0ce416efa4" CHANGEID="137066010" NUMBER="2" OPERTYPEID="10" NEXTID="68648429" UPDATEDATE="2024-09-09" STARTDATE="2019-03-29" ENDDATE="2024-09-09" ISACTUAL="0" ISACTIVE="0" /><STEAD ID="65940469" OBJECTID="87529262" OBJECTGUID="fdf128b5-2731-414e-8558-0656f245aaf9" CHANGEID="457761987" NUMBER="30" OPERTYPEID="40" PREVID="2987540" NEXTID="68694945" UPDATEDATE="2024-09-11" STARTDATE="2022-10-26" ENDDATE="2024-09-11" ISACTUAL="0" ISACTIVE="0" /><STEAD ID="67900588" OBJECTID="92638754" OBJECTGUID="cdc255e7-1edf-4b82-af5b-bd83b5052880" CHANGEID="593370642" NUMBER="73" OPERTYPEID="40" PREVID="67143097" NEXTID="68658774" UPDATEDATE="2024-09-09" STARTDATE="2024-04-15" ENDDATE="2024-09-09" ISACTUAL="0" ISACTIVE="0" /><STEAD ID="67981307" OBJECTID="163411552" OBJECTGUID="b704d7f1-ca5d-4159-8a4d-fbcbdb2208f3" CHANGEID="594394291" NUMBER="2д/3" OPERTYPEID="10" PREVID="0" NEXTID="68626401" UPDATEDATE="2024-09-05" STARTDATE="2024-05-02" ENDDATE="2024-09-05" ISACTUAL="0" ISACTIVE="0" /><STEAD ID="889283" OBJECTID="85440124" OBJECTGUID="dff57c66-4895-4517-b9dc-a603f1191335" CHANGEID="126861226" NUMBER="16" OPERTYPEID="10" NEXTID="68615479" UPDATEDATE="2024-09-05" STARTDATE="2019-02-23" ENDDATE="2024-09-05" ISACTUAL="0" ISACTIVE="0" /><STEAD ID="68615479" OBJECTID="85440124" OBJECTGUID="dff57c66-4895-4517-b9dc-a603f1191335" CHANGEID="600515314" NUMBER="16/2" OPERTYPEID="20" PREVID="889283" UPDATEDATE="2024-09-05" STARTDATE="2024-09-05" ENDDATE="2079-06-06" ISACTUAL="1" ISACTIVE="1" /><STEAD ID="68617632" OBJECTID="165066995" OBJECTGUID="a56a29c5-c3c3-4f57-bec4-6f1a8a4854eb" CHANGEID="600522400" NUMBER="81" OPERTYPEID="10" PREVID="0" NEXTID="0" UPDATEDATE="2024-09-05" STARTDATE="2024-09-05" ENDDATE="2079-06-06" ISACTUAL="1" ISACTIVE="1" /><STEAD ID="68617628" OBJECTID="165066988" OBJECTGUID="aebf94aa-3a77-42be-917e-7203329f4a18" CHANGEID="600522392" NUMBER="14" OPERTYPEID="10" PREVID="0" NEXTID="0" UPDATEDATE="2024-09-05" STARTDATE="2024-09-05" ENDDATE="2079-06-06" ISACTUAL="1" ISACTIVE="1" /><STEAD ID="68617641" OBJECTID="165067008" OBJECTGUID="418ee50d-d198-4de9-98c3-ea7ae383405f" CHANGEID="600522416" NUMBER="72" OPERTYPEID="10" PREVID="0" NEXTID="0" UPDATEDATE="2024-09-05" STARTDATE="2024-09-05" ENDDATE="2079-06-06" ISACTUAL="1" ISACTIVE="1" /><STEAD ID="68618242" OBJECTID="165068364" OBJECTGUID="3e62290c-c0de-487c-a756-f6dd2ba86553" CHANGEID="600524446" NUMBER="15а" OPERTYPEID="10" PREVID="0" NEXTID="0" UPDATEDATE="2024-09-05" STARTDATE="2024-09-05" ENDDATE="2079-06-06" ISACTUAL="1" ISACTIVE="1" /><STEAD ID="68618243" OBJECTID="165068366" OBJECTGUID="f146d83f-48d6-4196-809c-b5378af0e8ed" CHANGEID="600524448" NUMBER="26а" OPERTYPEID="10" PREVID="0" NEXTID="0" UPDATEDATE="2024-09-05" STARTDATE="2024-09-05" ENDDATE="2079-06-06" ISACTUAL="1" ISACTIVE="1" /><STEAD ID="68618245" OBJECTID="165068371" OBJECTGUID="5f0d4af6-7b38-49b2-8b05-99b8dcbedf85" CHANGEID="600524460" NUMBER="28п" OPERTYPEID="10" PREVID="0" NEXTID="0" UPDATEDATE="2024-09-05" STARTDATE="2024-09-05" ENDDATE="2079-06-06" ISACTUAL="1" ISACTIVE="1" /><STEAD ID="68618766" OBJECTID="165069424" OBJECTGUID="e8efe0f2-007f-40aa-8c58-a70459dcc22b" CHANGEID="600526216" NUMBER="7" OPERTYPEID="10" PREVID="0" NEXTID="0" UPDATEDATE="2024-09-05" STARTDATE="2024-09-05" ENDDATE="2079-06-06" ISACTUAL="1" ISACTIVE="1" /><STEAD ID="68618946" OBJECTID="165069684" OBJECTGUID="cae0ed0c-d22a-4857-a974-8bf27aefd438" CHANGEID="600526685" NUMBER="1г" OPERTYPEID="10" PREVID="0" NEXTID="0" UPDATEDATE="2024-09-05" STARTDATE="2024-09-05" ENDDATE="2079-06-06" ISACTUAL="1" ISACTIVE="1" /><STEAD ID="68620793" OBJECTID="165073722" OBJECTGUID="e662fd68-e48f-422c-9cc4-c384b29495ba" CHANGEID="600532632" NUMBER="42/1" OPERTYPEID="10" PREVID="0" NEXTID="0" UPDATEDATE="2024-09-05" STARTDATE="2024-09-05" ENDDATE="2079-06-06" ISACTUAL="1" ISACTIVE="1" /><STEAD ID="68621374" OBJECTID="165075245" OBJECTGUID="794cf331-71e0-4838-9bc6-227650ea1ddd" CHANGEID="600535515" NUMBER="32" OPERTYPEID="10" PREVID="0" NEXTID="0" UPDATEDATE="2024-09-05" STARTDATE="2024-09-05" ENDDATE="2079-06-06" ISACTUAL="1" ISACTIVE="1" /><STEAD ID="68621478" OBJECTID="165075467" OBJECTGUID="0b3e6e5a-dd5e-4cdc-bec2-102424b60504" CHANGEID="600535786" NUMBER="5" OPERTYPEID="10" PREVID="0" NEXTID="0" UPDATEDATE="2024-09-05" STARTDATE="2024-09-05" ENDDATE="2079-06-06" ISACTUAL="1" ISACTIVE="1" /><STEAD ID="68621515" OBJECTID="165075566" OBJECTGUID="e626107f-90f3-4882-976f-a00df808a34a" CHANGEID="600535908" NUMBER="5/3" OPERTYPEID="10" PREVID="0" NEXTID="0" UPDATEDATE="2024-09-05" STARTDATE="2024-09-05" ENDDATE="2079-06-06" ISACTUAL="1" ISACTIVE="1" /><STEAD ID="68621486" OBJECTID="165075476" OBJECTGUID="f55d2765-8cab-4644-ab2d-ddc23f8dc2c8" CHANGEID="600535805" NUMBER="5А" OPERTYPEID="10" PREVID="0" NEXTID="0" UPDATEDATE="2024-09-05" STARTDATE="2024-09-05" ENDDATE="2079-06-06" ISACTUAL="1" ISACTIVE="1" /><STEAD ID="68621540" OBJECTID="165075608" OBJECTGUID="89044332-2641-43a3-b201-448a6e257656" CHANGEID="600536006" NUMBER="7" OPERTYPEID="10" PREVID="0" NEXTID="0" UPDATEDATE="2024-09-05" STARTDATE="2024-09-05" ENDDATE="2079-06-06" ISACTUAL="1" ISACTIVE="1" /><STEAD ID="68621598" OBJECTID="165075693" OBJECTGUID="d683ed93-f5ff-4d4c-8cad-7b4fdf3bc90b" CHANGEID="600536137" NUMBER="56" OPERTYPEID="10" PREVID="0" NEXTID="0" UPDATEDATE="2024-09-05" STARTDATE="2024-09-05" ENDDATE="2079-06-06" ISACTUAL="1" ISACTIVE="1" /><STEAD ID="68621716" OBJECTID="165075853" OBJECTGUID="9a1087dc-b877-4778-b1d8-988cbf0f76b1" CHANGEID="600536427" NUMBER="4/2" OPERTYPEID="10" PREVID="0" NEXTID="0" UPDATEDATE="2024-09-05" STARTDATE="2024-09-05" ENDDATE="2079-06-06" ISACTUAL="1" ISACTIVE="1" /><STEAD ID="68622257" OBJECTID="163411551" OBJECTGUID="afa791a4-fc99-4535-b397-c94ad33ee3af" CHANGEID="600538836" NUMBER="2д/2" OPERTYPEID="30" PREVID="67981306" NEXTID="0" UPDATEDATE="2024-09-05" STARTDATE="2024-09-05" ENDDATE="2079-06-06" ISACTUAL="1" ISACTIVE="0" /><STEAD ID="67981306" OBJECTID="163411551" OBJECTGUID="afa791a4-fc99-4535-b397-c94ad33ee3af" CHANGEID="594394290" NUMBER="2д/2" OPERTYPEID="10" PREVID="0" NEXTID="68622257" UPDATEDATE="2024-09-05" STARTDATE="2024-05-02" ENDDATE="2024-09-05" ISACTUAL="0" ISACTIVE="0" /><STEAD ID="68622285" OBJECTID="165077643" OBJECTGUID="8f69c6f5-a5f2-4d00-924f-2c7fc554344e" CHANGEID="600538922" NUMBER="15" OPERTYPEID="10" PREVID="0" NEXTID="0" UPDATEDATE="2024-09-05" STARTDATE="2024-09-05" ENDDATE="2079-06-06" ISACTUAL="1" ISACTIVE="1" /><STEAD ID="68625453" OBJECTID="165085160" OBJECTGUID="80934c8c-7a03-4783-9462-d396ae153fc6" CHANGEID="600551224" NUMBER="14/1" OPERTYPEID="10" PREVID="0" NEXTID="0" UPDATEDATE="2024-09-05" STARTDATE="2024-09-05" ENDDATE="2079-06-06" ISACTUAL="1" ISACTIVE="1" /><STEAD ID="68626333" OBJECTID="165086999" OBJECTGUID="e903d5d7-d28b-4d0a-9f49-6492e735802a" CHANGEID="600554145" NUMBER="65" OPERTYPEID="10" PREVID="0" NEXTID="0" UPDATEDATE="2024-09-05" STARTDATE="2024-09-05" ENDDATE="2079-06-06" ISACTUAL="1" ISACTIVE="1" /><STEAD ID="68626370" OBJECTID="165087048" OBJECTGUID="d4a5a2e5-0d44-4b4e-a8f0-56049705377b" CHANGEID="600554215" NUMBER="93" OPERTYPEID="10" PREVID="0" NEXTID="0" UPDATEDATE="2024-09-05" STARTDATE="2024-09-05" ENDDATE="2079-06-06" ISACTUAL="1" ISACTIVE="1" /><STEAD ID="68626401" OBJECTID="163411552" OBJECTGUID="b704d7f1-ca5d-4159-8a4d-fbcbdb2208f3" CHANGEID="600554275" NUMBER="2д/3" OPERTYPEID="30" PREVID="67981307" NEXTID="0" UPDATEDATE="2024-09-05" STARTDATE="2024-09-05" ENDDATE="2079-06-06" ISACTUAL="1" ISACTIVE="0" /><STEAD ID="68626307" OBJECTID="165086960" OBJECTGUID="aa292dcc-5606-4bd0-9bb9-d77b526fd55d" CHANGEID="600554086" NUMBER="79" OPERTYPEID="10" PREVID="0" NEXTID="0" UPDATEDATE="2024-09-05" STARTDATE="2024-09-05" ENDDATE="2079-06-06" ISACTUAL="1" ISACTIVE="1" /><STEAD ID="68626308" OBJECTID="165086961" OBJECTGUID="5dca33d2-1ab2-4b0e-a1b9-f390eb287bbc" CHANGEID="600554087" NUMBER="87" OPERTYPEID="10" PREVID="0" NEXTID="0" UPDATEDATE="2024-09-05" STARTDATE="2024-09-05" ENDDATE="2079-06-06" ISACTUAL="1" ISACTIVE="1" /><STEAD ID="68626349" OBJECTID="165087023" OBJECTGUID="9f520cd6-dc1b-4df1-a054-096e886f6b2f" CHANGEID="600554179" NUMBER="108" OPERTYPEID="10" PREVID="0" NEXTID="0" UPDATEDATE="2024-09-05" STARTDATE="2024-09-05" ENDDATE="2079-06-06" ISACTUAL="1" ISACTIVE="1" /><STEAD ID="68626400" OBJECTID="165087094" OBJECTGUID="f4b529b7-1759-449f-ac20-4e24bff4d3ab" CHANGEID="600554274" NUMBER="67" OPERTYPEID="10" PREVID="0" NEXTID="0" UPDATEDATE="2024-09-05" STARTDATE="2024-09-05" ENDDATE="2079-06-06" ISACTUAL="1" ISACTIVE="1" /><STEAD ID="68626415" OBJECTID="165087117" OBJECTGUID="e0abd589-f8eb-4ab8-a4bb-b09787250b3d" CHANGEID="600554322" NUMBER="85" OPERTYPEID="10" PREVID="0" NEXTID="0" UPDATEDATE="2024-09-05" STARTDATE="2024-09-05" ENDDATE="2079-06-06" ISACTUAL="1" ISACTIVE="1" /><STEAD ID="68626463" OBJECTID="165087186" OBJECTGUID="5cfe35b0-8aed-4c25-bc03-bd630edd55a0" CHANGEID="600554433" NUMBER="59" OPERTYPEID="10" PREVID="0" NEXTID="0" UPDATEDATE="2024-09-05" STARTDATE="2024-09-05" ENDDATE="2079-06-06" ISACTUAL="1" ISACTIVE="1" /><STEAD ID="68626490" OBJECTID="165087238" OBJECTGUID="89c28f11-ba44-4f65-b8f3-2ff01476f423" CHANGEID="600554520" NUMBER="7/1" OPERTYPEID="10" PREVID="0" NEXTID="0" UPDATEDATE="2024-09-05" STARTDATE="2024-09-05" ENDDATE="2079-06-06" ISACTUAL="1" ISACTIVE="1" /><STEAD ID="68626714" OBJECTID="165087815" OBJECTGUID="8cbcbee5-185b-49c5-8abf-f3b0b1a3872d" CHANGEID="600555807" NUMBER="388" OPERTYPEID="10" PREVID="0" NEXTID="0" UPDATEDATE="2024-09-05" STARTDATE="2024-09-05" ENDDATE="2079-06-06" ISACTUAL="1" ISACTIVE="1" /><STEAD ID="68626715" OBJECTID="165087816" OBJECTGUID="bbd76f32-68a3-4f8e-a8a5-6c025d65169e" CHANGEID="600555808" NUMBER="388/1" OPERTYPEID="10" PREVID="0" NEXTID="0" UPDATEDATE="2024-09-05" STARTDATE="2024-09-05" ENDDATE="2079-06-06" ISACTUAL="1" ISACTIVE="1" /><STEAD ID="68626878" OBJECTID="165088168" OBJECTGUID="4b047169-680f-4381-a230-9a5e23b148ef" CHANGEID="600556590" NUMBER="133" OPERTYPEID="10" PREVID="0" NEXTID="0" UPDATEDATE="2024-09-05" STARTDATE="2024-09-05" ENDDATE="2079-06-06" ISACTUAL="1" ISACTIVE="1" /><STEAD ID="68626926" OBJECTID="165088232" OBJECTGUID="0dfd41b1-75b9-48ad-a75c-8e4384045590" CHANGEID="600556693" NUMBER="131" OPERTYPEID="10" PREVID="0" NEXTID="0" UPDATEDATE="2024-09-05" STARTDATE="2024-09-05" ENDDATE="2079-06-06" ISACTUAL="1" ISACTIVE="1" /><STEAD ID="68626938" OBJECTID="165088296" OBJECTGUID="db3f2259-f288-4338-b917-7de8d017ee49" CHANGEID="600556784" NUMBER="135" OPERTYPEID="10" PREVID="0" NEXTID="0" UPDATEDATE="2024-09-05" STARTDATE="2024-09-05" ENDDATE="2079-06-06" ISACTUAL="1" ISACTIVE="1" /><STEAD ID="68626966" OBJECTID="165088357" OBJECTGUID="99c246ea-5d49-4fb0-b416-3efce499443e" CHANGEID="600557139" NUMBER="358" OPERTYPEID="10" PREVID="0" NEXTID="0" UPDATEDATE="2024-09-05" STARTDATE="2024-09-05" ENDDATE="2079-06-06" ISACTUAL="1" ISACTIVE="1" /><STEAD ID="68627050" OBJECTID="165088480" OBJECTGUID="24510a91-502e-426d-a1e3-1c5a64615acf" CHANGEID="600557501" NUMBER="354" OPERTYPEID="10" PREVID="0" NEXTID="0" UPDATEDATE="2024-09-05" STARTDATE="2024-09-05" ENDDATE="2079-06-06" ISACTUAL="1" ISACTIVE="1" /><STEAD ID="68627080" OBJECTID="165088516" OBJECTGUID="8972adb8-91e7-4cdd-b362-f047eaea5c24" CHANGEID="600557578" NUMBER="10" OPERTYPEID="10" PREVID="0" NEXTID="0" UPDATEDATE="2024-09-05" STARTDATE="2024-09-05" ENDDATE="2079-06-06" ISACTUAL="1" ISACTIVE="1" /><STEAD ID="68627160" OBJECTID="165088650" OBJECTGUID="9d487140-53bc-44d1-b49b-dc27d9731b6b" CHANGEID="600557856" NUMBER="1Б" OPERTYPEID="10" PREVID="0" NEXTID="0" UPDATEDATE="2024-09-05" STARTDATE="2024-09-05" ENDDATE="2079-06-06" ISACTUAL="1" ISACTIVE="1" /><STEAD ID="68627145" OBJECTID="165088611" OBJECTGUID="1837ee12-dd34-4984-afb8-1eedbe9fd2a5" CHANGEID="600557791" NUMBER="4" OPERTYPEID="10" PREVID="0" NEXTID="0" UPDATEDATE="2024-09-05" STARTDATE="2024-09-05" ENDDATE="2079-06-06" ISACTUAL="1" ISACTIVE="1" /><STEAD ID="68627187" OBJECTID="165088725" OBJECTGUID="7fd1c605-3587-4d70-9d42-26ac9c0a3c78" CHANGEID="600557959" NUMBER="1В" OPERTYPEID="10" PREVID="0" NEXTID="0" UPDATEDATE="2024-09-05" STARTDATE="2024-09-05" ENDDATE="2079-06-06" ISACTUAL="1" ISACTIVE="1" /><STEAD ID="68627215" OBJECTID="165088791" OBJECTGUID="620a7cbb-8ca6-43c8-ad34-3e96751067c5" CHANGEID="600558057" NUMBER="350" OPERTYPEID="10" PREVID="0" NEXTID="0" UPDATEDATE="2024-09-05" STARTDATE="2024-09-05" ENDDATE="2079-06-06" ISACTUAL="1" ISACTIVE="1" /><STEAD ID="68630546" OBJECTID="165094731" OBJECTGUID="49e53b2b-a452-4cc0-abbd-f2f7ff533683" CHANGEID="600568133" NUMBER="47" OPERTYPEID="10" PREVID="0" NEXTID="0" UPDATEDATE="2024-09-06" STARTDATE="2024-09-06" ENDDATE="2079-06-06" ISACTUAL="1" ISACTIVE="1" /><STEAD ID="68630547" OBJECTID="165094733" OBJECTGUID="49cb1ee3-18f0-4fd8-b4f4-94d7d5ee9106" CHANGEID="600568137" NUMBER="17" OPERTYPEID="10" PREVID="0" NEXTID="0" UPDATEDATE="2024-09-06" STARTDATE="2024-09-06" ENDDATE="2079-06-06" ISACTUAL="1" ISACTIVE="1" /><STEAD ID="68631398" OBJECTID="165096143" OBJECTGUID="c19fbc4b-2997-4b80-89fe-75ba22349267" CHANGEID="600570882" NUMBER="5/3" OPERTYPEID="10" PREVID="0" NEXTID="0" UPDATEDATE="2024-09-06" STARTDATE="2024-09-06" ENDDATE="2079-06-06" ISACTUAL="1" ISACTIVE="1" /><STEAD ID="68631416" OBJECTID="165096181" OBJECTGUID="f15622f8-f525-4d34-a183-93354a5f1fdb" CHANGEID="600570958" NUMBER="14/2" OPERTYPEID="10" PREVID="0" NEXTID="0" UPDATEDATE="2024-09-06" STARTDATE="2024-09-06" ENDDATE="2079-06-06" ISACTUAL="1" ISACTIVE="1" /><STEAD ID="68631399" OBJECTID="165096146" OBJECTGUID="0f58cd77-d160-45fc-bdad-fd0305473aad" CHANGEID="600570885" NUMBER="103а" OPERTYPEID="10" PREVID="0" NEXTID="0" UPDATEDATE="2024-09-06" STARTDATE="2024-09-06" ENDDATE="2079-06-06" ISACTUAL="1" ISACTIVE="1" /><STEAD ID="68635344" OBJECTID="165102467" OBJECTGUID="24f059e8-3a99-4a1d-ac88-c72b20fc7229" CHANGEID="600583312" NUMBER="62/1" OPERTYPEID="10" PREVID="0" NEXTID="0" UPDATEDATE="2024-09-06" STARTDATE="2024-09-06" ENDDATE="2079-06-06" ISACTUAL="1" ISACTIVE="1" /><STEAD ID="68637790" OBJECTID="165105751" OBJECTGUID="b278bc4a-6e2e-4b08-bd44-4aaa46f558c7" CHANGEID="600588966" NUMBER="58/2" OPERTYPEID="10" PREVID="0" NEXTID="0" UPDATEDATE="2024-09-06" STARTDATE="2024-09-06" ENDDATE="2079-06-06" ISACTUAL="1" ISACTIVE="1" /><STEAD ID="68638996" OBJECTID="165107721" OBJECTGUID="96870a96-9ceb-48be-b1fe-fec967022c2e" CHANGEID="600592342" NUMBER="22а" OPERTYPEID="10" PREVID="0" NEXTID="0" UPDATEDATE="2024-09-06" STARTDATE="2024-09-06" ENDDATE="2079-06-06" ISACTUAL="1" ISACTIVE="1" /><STEAD ID="68642309" OBJECTID="165113708" OBJECTGUID="2f58dd40-263d-42e1-be30-8c356d8a1c1c" CHANGEID="600702225" NUMBER="62/10" OPERTYPEID="10" PREVID="0" NEXTID="0" UPDATEDATE="2024-09-06" STARTDATE="2024-09-06" ENDDATE="2079-06-06" ISACTUAL="1" ISACTIVE="1" /><STEAD ID="68642346" OBJECTID="165113752" OBJECTGUID="6d6cf2c4-1baf-4329-81d9-5d8e3a62b97e" CHANGEID="600702298" NUMBER="62/6" OPERTYPEID="10" PREVID="0" NEXTID="0" UPDATEDATE="2024-09-06" STARTDATE="2024-09-06" ENDDATE="2079-06-06" ISACTUAL="1" ISACTIVE="1" /><STEAD ID="68642283" OBJECTID="165113674" OBJECTGUID="66c81818-7673-4f86-b3c7-b252c363c019" CHANGEID="600702183" NUMBER="62/3" OPERTYPEID="10" PREVID="0" NEXTID="0" UPDATEDATE="2024-09-06" STARTDATE="2024-09-06" ENDDATE="2079-06-06" ISACTUAL="1" ISACTIVE="1" /><STEAD ID="68642315" OBJECTID="165113714" OBJECTGUID="017bd1ce-eba5-40d0-8a81-fba84f7ced58" CHANGEID="600702240" NUMBER="62/8" OPERTYPEID="10" PREVID="0" NEXTID="0" UPDATEDATE="2024-09-06" STARTDATE="2024-09-06" ENDDATE="2079-06-06" ISACTUAL="1" ISACTIVE="1" /><STEAD ID="68642390" OBJECTID="165113798" OBJECTGUID="fa529c6c-fb77-45ef-a96d-cf251b321a98" CHANGEID="600702359" NUMBER="62/2" OPERTYPEID="10" PREVID="0" NEXTID="0" UPDATEDATE="2024-09-06" STARTDATE="2024-09-06" ENDDATE="2079-06-06" ISACTUAL="1" ISACTIVE="1" /><STEAD ID="68642398" OBJECTID="165113814" OBJECTGUID="41b2443a-5957-4739-8ba6-c4ab0edcd3db" CHANGEID="600702397" NUMBER="62/4" OPERTYPEID="10" PREVID="0" NEXTID="0" UPDATEDATE="2024-09-06" STARTDATE="2024-09-06" ENDDATE="2079-06-06" ISACTUAL="1" ISACTIVE="1" /><STEAD ID="68642416" OBJECTID="165113844" OBJECTGUID="8aa03c6a-eb62-4080-81cf-7da85ccac47c" CHANGEID="600702452" NUMBER="62/13" OPERTYPEID="10" PREVID="0" NEXTID="0" UPDATEDATE="2024-09-06" STARTDATE="2024-09-06" ENDDATE="2079-06-06" ISACTUAL="1" ISACTIVE="1" /><STEAD ID="68642425" OBJECTID="165113910" OBJECTGUID="8ac336c7-884e-46ec-b5e4-78f8649187bf" CHANGEID="600702526" NUMBER="62/9" OPERTYPEID="10" PREVID="0" NEXTID="0" UPDATEDATE="2024-09-06" STARTDATE="2024-09-06" ENDDATE="2079-06-06" ISACTUAL="1" ISACTIVE="1" /><STEAD ID="68642429" OBJECTID="165113917" OBJECTGUID="d2f84710-1198-4018-bd13-6652fa7816f5" CHANGEID="600702543" NUMBER="62/7" OPERTYPEID="10" PREVID="0" NEXTID="0" UPDATEDATE="2024-09-06" STARTDATE="2024-09-06" ENDDATE="2079-06-06" ISACTUAL="1" ISACTIVE="1" /><STEAD ID="68642463" OBJECTID="165113938" OBJECTGUID="fe0243f5-76d0-4e53-a667-84ddba4eefb8" CHANGEID="600702593" NUMBER="62/5" OPERTYPEID="10" PREVID="0" NEXTID="0" UPDATEDATE="2024-09-06" STARTDATE="2024-09-06" ENDDATE="2079-06-06" ISACTUAL="1" ISACTIVE="1" /><STEAD ID="68642593" OBJECTID="165114105" OBJECTGUID="3c3af772-b702-4ed3-a407-c204ce512a24" CHANGEID="600702899" NUMBER="62" OPERTYPEID="10" PREVID="0" NEXTID="0" UPDATEDATE="2024-09-06" STARTDATE="2024-09-06" ENDDATE="2079-06-06" ISACTUAL="1" ISACTIVE="1" /><STEAD ID="68642849" OBJECTID="165114952" OBJECTGUID="40f84ae6-1b30-498e-b975-01aacede32f1" CHANGEID="600704130" NUMBER="267" OPERTYPEID="10" PREVID="0" NEXTID="0" UPDATEDATE="2024-09-06" STARTDATE="2024-09-06" ENDDATE="2079-06-06" ISACTUAL="1" ISACTIVE="1" /><STEAD ID="68643225" OBJECTID="165115181" OBJECTGUID="ed978674-27dc-4923-aad3-aae101241278" CHANGEID="600704783" NUMBER="42" OPERTYPEID="10" PREVID="0" NEXTID="0" UPDATEDATE="2024-09-06" STARTDATE="2024-09-06" ENDDATE="2079-06-06" ISACTUAL="1" ISACTIVE="1" /><STEAD ID="68643422" OBJECTID="94129586" OBJECTGUID="8897c6ac-7b07-4658-a8f8-8967ece3695d" CHANGEID="600705267" NUMBER="20" OPERTYPEID="30" PREVID="9596364" NEXTID="0" UPDATEDATE="2024-09-06" STARTDATE="2024-09-06" ENDDATE="2079-06-06" ISACTUAL="1" ISACTIVE="0" /><STEAD ID="9596364" OBJECTID="94129586" OBJECTGUID="8897c6ac-7b07-4658-a8f8-8967ece3695d" CHANGEID="137067416" NUMBER="20" OPERTYPEID="10" NEXTID="68643422" UPDATEDATE="2024-09-06" STARTDATE="2019-03-29" ENDDATE="2024-09-06" ISACTUAL="0" ISACTIVE="0" /><STEAD ID="68643431" OBJECTID="96209365" OBJECTGUID="42a70ae1-e8a3-4246-89ed-cc034091122d" CHANGEID="600705293" NUMBER="06/000000/3704" OPERTYPEID="30" PREVID="11275985" NEXTID="0" UPDATEDATE="2024-09-06" STARTDATE="2024-09-06" ENDDATE="2079-06-06" ISACTUAL="1" ISACTIVE="0" /><STEAD ID="11275985" OBJECTID="96209365" OBJECTGUID="42a70ae1-e8a3-4246-89ed-cc034091122d" CHANGEID="143803838" NUMBER="06/000000/3704" OPERTYPEID="10" PREVID="0" NEXTID="68643431" UPDATEDATE="2024-09-06" STARTDATE="2020-04-02" ENDDATE="2024-09-06" ISACTUAL="0" ISACTIVE="0" /><STEAD ID="68643542" OBJECTID="89425880" OBJECTGUID="bb21e34a-7165-43ec-b8f3-67f7cf3b521f" CHANGEID="600705552" NUMBER="52А" OPERTYPEID="30" PREVID="4889265" NEXTID="0" UPDATEDATE="2024-09-06" STARTDATE="2024-09-06" ENDDATE="2079-06-06" ISACTUAL="1" ISACTIVE="0" /><STEAD ID="68643543" OBJECTID="89366369" OBJECTGUID="c2f93cc8-3aa6-49d0-b56c-4fad9ffcfb09" CHANGEID="600705553" NUMBER="33" OPERTYPEID="30" PREVID="4829602" NEXTID="0" UPDATEDATE="2024-09-06" STARTDATE="2024-09-06" ENDDATE="2079-06-06" ISACTUAL="1" ISACTIVE="0" /><STEAD ID="68643720" OBJECTID="86484607" OBJECTGUID="d09c89b6-e8da-49c0-8ad8-587e177d22c6" CHANGEID="600706062" NUMBER="72/2" OPERTYPEID="30" PREVID="1938689" NEXTID="0" UPDATEDATE="2024-09-06" STARTDATE="2024-09-06" ENDDATE="2079-06-06" ISACTUAL="1" ISACTIVE="0" /><STEAD ID="1938689" OBJECTID="86484607" OBJECTGUID="d09c89b6-e8da-49c0-8ad8-587e177d22c6" CHANGEID="128280762" NUMBER="72/2" OPERTYPEID="10" NEXTID="68643720" UPDATEDATE="2024-09-06" STARTDATE="2019-03-28" ENDDATE="2024-09-06" ISACTUAL="0" ISACTIVE="0" /><STEAD ID="68643781" OBJECTID="93014807" OBJECTGUID="deb9afd1-2a49-438e-aae9-222c531e8c2a" CHANGEID="600706273" NUMBER="9" OPERTYPEID="30" PREVID="8481266" NEXTID="0" UPDATEDATE="2024-09-06" STARTDATE="2024-09-06" ENDDATE="2079-06-06" ISACTUAL="1" ISACTIVE="0" /><STEAD ID="68643782" OBJECTID="90991282" OBJECTGUID="3bcc6ba9-9d0a-4c08-a678-1f9227431802" CHANGEID="600706274" NUMBER="29/2" OPERTYPEID="30" PREVID="6456525" NEXTID="0" UPDATEDATE="2024-09-06" STARTDATE="2024-09-06" ENDDATE="2079-06-06" ISACTUAL="1" ISACTIVE="0" /><STEAD ID="6456525" OBJECTID="90991282" OBJECTGUID="3bcc6ba9-9d0a-4c08-a678-1f9227431802" CHANGEID="133658898" NUMBER="29/2" OPERTYPEID="10" NEXTID="68643782" UPDATEDATE="2024-09-06" STARTDATE="2019-03-28" ENDDATE="2024-09-06" ISACTUAL="0" ISACTIVE="0" /><STEAD ID="68643783" OBJECTID="90663660" OBJECTGUID="b15af421-d84a-4eff-a157-4401a63fe235" CHANGEID="600706275" NUMBER="3" OPERTYPEID="30" PREVID="6128601" NEXTID="0" UPDATEDATE="2024-09-06" STARTDATE="2024-09-06" ENDDATE="2079-06-06" ISACTUAL="1" ISACTIVE="0" /><STEAD ID="6128601" OBJECTID="90663660" OBJECTGUID="b15af421-d84a-4eff-a157-4401a63fe235" CHANGEID="133287781" NUMBER="3" OPERTYPEID="10" NEXTID="68643783" UPDATEDATE="2024-09-06" STARTDATE="2019-03-28" ENDDATE="2024-09-06" ISACTUAL="0" ISACTIVE="0" /><STEAD ID="68643784" OBJECTID="90481020" OBJECTGUID="f61808a0-c3c4-4ac7-a05d-390423cee2d2" CHANGEID="600706276" NUMBER="5" OPERTYPEID="30" PREVID="5945727" NEXTID="0" UPDATEDATE="2024-09-06" STARTDATE="2024-09-06" ENDDATE="2079-06-06" ISACTUAL="1" ISACTIVE="0" /><STEAD ID="5945727" OBJECTID="90481020" OBJECTGUID="f61808a0-c3c4-4ac7-a05d-390423cee2d2" CHANGEID="133082306" NUMBER="5" OPERTYPEID="10" NEXTID="68643784" UPDATEDATE="2024-09-06" STARTDATE="2019-03-28" ENDDATE="2024-09-06" ISACTUAL="0" ISACTIVE="0" /><STEAD ID="68643785" OBJECTID="86220689" OBJECTGUID="af27166d-6d9e-478c-96d3-7aa89b506b53" CHANGEID="600706277" NUMBER="1" OPERTYPEID="30" PREVID="1673696" NEXTID="0" UPDATEDATE="2024-09-06" STARTDATE="2024-09-06" ENDDATE="2079-06-06" ISACTUAL="1" ISACTIVE="0" /><STEAD ID="68643786" OBJECTID="85390728" OBJECTGUID="40a66a2a-5849-484b-bcca-37bef1bacf5c" CHANGEID="600706278" NUMBER="1а" OPERTYPEID="30" PREVID="839571" NEXTID="0" UPDATEDATE="2024-09-06" STARTDATE="2024-09-06" ENDDATE="2079-06-06" ISACTUAL="1" ISACTIVE="0" /><STEAD ID="68643806" OBJECTID="91143569" OBJECTGUID="171011a4-cdab-4930-9664-be3218891ddb" CHANGEID="600706342" NUMBER="10" OPERTYPEID="30" PREVID="6608949" NEXTID="0" UPDATEDATE="2024-09-06" STARTDATE="2024-09-06" ENDDATE="2079-06-06" ISACTUAL="1" ISACTIVE="0" /><STEAD ID="68643870" OBJECTID="91481412" OBJECTGUID="000cf756-b8c7-4b91-ae29-838c6dce7fb2" CHANGEID="600706765" NUMBER="87" OPERTYPEID="30" PREVID="6946977" NEXTID="0" UPDATEDATE="2024-09-06" STARTDATE="2024-09-06" ENDDATE="2079-06-06" ISACTUAL="1" ISACTIVE="0" /><STEAD ID="6946977" OBJECTID="91481412" OBJECTGUID="000cf756-b8c7-4b91-ae29-838c6dce7fb2" CHANGEID="134211867" NUMBER="87" OPERTYPEID="10" NEXTID="68643870" UPDATEDATE="2024-09-06" STARTDATE="2019-03-28" ENDDATE="2024-09-06" ISACTUAL="0" ISACTIVE="0" /><STEAD ID="68643880" OBJECTID="165116044" OBJECTGUID="ea5c476f-d18a-40c4-9098-d4236411e3fd" CHANGEID="600706812" NUMBER="5" OPERTYPEID="10" PREVID="0" NEXTID="0" UPDATEDATE="2024-09-06" STARTDATE="2024-09-06" ENDDATE="2079-06-06" ISACTUAL="1" ISACTIVE="1" /><STEAD ID="68643935" OBJECTID="165116178" OBJECTGUID="b5f366be-7a32-43d8-b425-84461960686e" CHANGEID="600707018" NUMBER="20" OPERTYPEID="10" PREVID="0" NEXTID="0" UPDATEDATE="2024-09-06" STARTDATE="2024-09-06" ENDDATE="2079-06-06" ISACTUAL="1" ISACTIVE="1" /><STEAD ID="68643937" OBJECTID="165116180" OBJECTGUID="3a8b5ffb-1798-4c6f-b7d6-32bfc8445d1b" CHANGEID="600707024" NUMBER="18" OPERTYPEID="10" PREVID="0" NEXTID="0" UPDATEDATE="2024-09-06" STARTDATE="2024-09-06" ENDDATE="2079-06-06" ISACTUAL="1" ISACTIVE="1" /><STEAD ID="68643924" OBJECTID="165116105" OBJECTGUID="ac9a92b6-af4c-43dd-920e-a06001c8d4b1" CHANGEID="600706943" NUMBER="15а" OPERTYPEID="10" PREVID="0" NEXTID="0" UPDATEDATE="2024-09-06" STARTDATE="2024-09-06" ENDDATE="2079-06-06" ISACTUAL="1" ISACTIVE="1" /><STEAD ID="68648404" OBJECTID="88219421" OBJECTGUID="718b8e6a-260d-4bab-9519-bddc1c514734" CHANGEID="600748597" NUMBER="4" OPERTYPEID="30" PREVID="3679986" NEXTID="0" UPDATEDATE="2024-09-09" STARTDATE="2024-09-09" ENDDATE="2079-06-06" ISACTUAL="1" ISACTIVE="0" /><STEAD ID="68648405" OBJECTID="85789958" OBJECTGUID="5dc57575-88bd-45a4-860b-be24ffe4e056" CHANGEID="600748598" NUMBER="37" OPERTYPEID="30" PREVID="1240853" NEXTID="0" UPDATEDATE="2024-09-09" STARTDATE="2024-09-09" ENDDATE="2079-06-06" ISACTUAL="1" ISACTIVE="0" /><STEAD ID="1240853" OBJECTID="85789958" OBJECTGUID="5dc57575-88bd-45a4-860b-be24ffe4e056" CHANGEID="127348783" NUMBER="37" OPERTYPEID="10" NEXTID="68648405" UPDATEDATE="2024-09-09" STARTDATE="2019-03-27" ENDDATE="2024-09-09" ISACTUAL="0" ISACTIVE="0" /><STEAD ID="68648406" OBJECTID="90939472" OBJECTGUID="32bb4cee-cf71-4939-9eeb-dc8f4e1b639c" CHANGEID="600748617" NUMBER="77А" OPERTYPEID="30" PREVID="6404688" NEXTID="0" UPDATEDATE="2024-09-09" STARTDATE="2024-09-09" ENDDATE="2079-06-06" ISACTUAL="1" ISACTIVE="0" /><STEAD ID="6404688" OBJECTID="90939472" OBJECTGUID="32bb4cee-cf71-4939-9eeb-dc8f4e1b639c" CHANGEID="133598352" NUMBER="77А" OPERTYPEID="10" NEXTID="68648406" UPDATEDATE="2024-09-09" STARTDATE="2019-03-27" ENDDATE="2024-09-09" ISACTUAL="0" ISACTIVE="0" /><STEAD ID="68648407" OBJECTID="86974643" OBJECTGUID="f15bfde9-4d3d-433d-b018-36da1748368a" CHANGEID="600748618" NUMBER="93" OPERTYPEID="30" PREVID="2430868" NEXTID="0" UPDATEDATE="2024-09-09" STARTDATE="2024-09-09" ENDDATE="2079-06-06" ISACTUAL="1" ISACTIVE="0" /><STEAD ID="68648408" OBJECTID="86942580" OBJECTGUID="2876da96-efe5-4a4d-933b-d4b1ac9f61bb" CHANGEID="600748619" NUMBER="47б" OPERTYPEID="30" PREVID="2398704" NEXTID="0" UPDATEDATE="2024-09-09" STARTDATE="2024-09-09" ENDDATE="2079-06-06" ISACTUAL="1" ISACTIVE="0" /><STEAD ID="2398704" OBJECTID="86942580" OBJECTGUID="2876da96-efe5-4a4d-933b-d4b1ac9f61bb" CHANGEID="128881240" NUMBER="47б" OPERTYPEID="10" NEXTID="68648408" UPDATEDATE="2024-09-09" STARTDATE="2019-03-27" ENDDATE="2024-09-09" ISACTUAL="0" ISACTIVE="0" /><STEAD ID="68648409" OBJECTID="85942631" OBJECTGUID="393d7162-c8df-4726-b8ca-64569bfac6a5" CHANGEID="600748620" NUMBER="73" OPERTYPEID="30" PREVID="1394260" NEXTID="0" UPDATEDATE="2024-09-09" STARTDATE="2024-09-09" ENDDATE="2079-06-06" ISACTUAL="1" ISACTIVE="0" /><STEAD ID="1394260" OBJECTID="85942631" OBJECTGUID="393d7162-c8df-4726-b8ca-64569bfac6a5" CHANGEID="127556867" NUMBER="73" OPERTYPEID="10" NEXTID="68648409" UPDATEDATE="2024-09-09" STARTDATE="2019-03-27" ENDDATE="2024-09-09" ISACTUAL="0" ISACTIVE="0" /><STEAD ID="68648410" OBJECTID="85839598" OBJECTGUID="5588cc63-ddeb-44aa-80a9-77b75c4fb8af" CHANGEID="600748621" NUMBER="131" OPERTYPEID="30" PREVID="1290822" NEXTID="0" UPDATEDATE="2024-09-09" STARTDATE="2024-09-09" ENDDATE="2079-06-06" ISACTUAL="1" ISACTIVE="0" /><STEAD ID="1290822" OBJECTID="85839598" OBJECTGUID="5588cc63-ddeb-44aa-80a9-77b75c4fb8af" CHANGEID="127417645" NUMBER="131" OPERTYPEID="10" NEXTID="68648410" UPDATEDATE="2024-09-09" STARTDATE="2019-03-27" ENDDATE="2024-09-09" ISACTUAL="0" ISACTIVE="0" /><STEAD ID="68648429" OBJECTID="94128202" OBJECTGUID="207e4672-faa1-44d4-8a19-5e0ce416efa4" CHANGEID="600748679" NUMBER="2" OPERTYPEID="30" PREVID="9594983" NEXTID="0" UPDATEDATE="2024-09-09" STARTDATE="2024-09-09" ENDDATE="2079-06-06" ISACTUAL="1" ISACTIVE="0" /><STEAD ID="68648433" OBJECTID="89380429" OBJECTGUID="aa8c89e1-e91b-4af4-811d-52b7aef7a5ed" CHANGEID="600748718" NUMBER="2А" OPERTYPEID="30" PREVID="4843695" NEXTID="0" UPDATEDATE="2024-09-09" STARTDATE="2024-09-09" ENDDATE="2079-06-06" ISACTUAL="1" ISACTIVE="0" /><STEAD ID="68648434" OBJECTID="86807608" OBJECTGUID="0fff2ea2-df68-4806-8293-409ca3ff0621" CHANGEID="600748719" NUMBER="43" OPERTYPEID="30" PREVID="2263205" NEXTID="0" UPDATEDATE="2024-09-09" STARTDATE="2024-09-09" ENDDATE="2079-06-06" ISACTUAL="1" ISACTIVE="0" /><STEAD ID="68648437" OBJECTID="87007726" OBJECTGUID="e2ae4c25-3c47-4a00-afd8-75355bd79bca" CHANGEID="600748753" NUMBER="11А" OPERTYPEID="30" PREVID="2464085" NEXTID="0" UPDATEDATE="2024-09-09" STARTDATE="2024-09-09" ENDDATE="2079-06-06" ISACTUAL="1" ISACTIVE="0" /><STEAD ID="2464085" OBJECTID="87007726" OBJECTGUID="e2ae4c25-3c47-4a00-afd8-75355bd79bca" CHANGEID="128964725" NUMBER="11А" OPERTYPEID="10" NEXTID="68648437" UPDATEDATE="2024-09-09" STARTDATE="2019-03-27" ENDDATE="2024-09-09" ISACTUAL="0" ISACTIVE="0" /><STEAD ID="68648438" OBJECTID="86249486" OBJECTGUID="08103ff5-0915-45e1-9035-377c5c5f1785" CHANGEID="600748754" NUMBER="92" OPERTYPEID="30" PREVID="1702661" NEXTID="0" UPDATEDATE="2024-09-09" STARTDATE="2024-09-09" ENDDATE="2079-06-06" ISACTUAL="1" ISACTIVE="0" /><STEAD ID="68648415" OBJECTID="92171685" OBJECTGUID="6e6d8a36-2cfe-4200-b3e1-a87b4bc61d9f" CHANGEID="600748652" NUMBER="11" OPERTYPEID="30" PREVID="7637721" NEXTID="0" UPDATEDATE="2024-09-09" STARTDATE="2024-09-09" ENDDATE="2079-06-06" ISACTUAL="1" ISACTIVE="0" /><STEAD ID="68648416" OBJECTID="91564410" OBJECTGUID="c17e88a6-2097-488c-bab3-2e86caba50b8" CHANGEID="600748653" NUMBER="74/2" OPERTYPEID="30" PREVID="7030038" NEXTID="0" UPDATEDATE="2024-09-09" STARTDATE="2024-09-09" ENDDATE="2079-06-06" ISACTUAL="1" ISACTIVE="0" /><STEAD ID="7030038" OBJECTID="91564410" OBJECTGUID="c17e88a6-2097-488c-bab3-2e86caba50b8" CHANGEID="134302927" NUMBER="74/2" OPERTYPEID="10" NEXTID="68648416" UPDATEDATE="2024-09-09" STARTDATE="2019-03-28" ENDDATE="2024-09-09" ISACTUAL="0" ISACTIVE="0" /><STEAD ID="68648417" OBJECTID="91503810" OBJECTGUID="ab3aa95e-90e4-4b32-a2ef-9086f5cf8183" CHANGEID="600748654" NUMBER="135/7" OPERTYPEID="30" PREVID="6969393" NEXTID="0" UPDATEDATE="2024-09-09" STARTDATE="2024-09-09" ENDDATE="2079-06-06" ISACTUAL="1" ISACTIVE="0" /><STEAD ID="68648418" OBJECTID="91461672" OBJECTGUID="f6b433c8-79ca-4d94-9838-3e046ee6e30f" CHANGEID="600748655" NUMBER="271" OPERTYPEID="30" PREVID="6927223" NEXTID="0" UPDATEDATE="2024-09-09" STARTDATE="2024-09-09" ENDDATE="2079-06-06" ISACTUAL="1" ISACTIVE="0" /><STEAD ID="68648419" OBJECTID="90968328" OBJECTGUID="8bdf81f5-48bf-4672-97e1-4c3be90cb36c" CHANGEID="600748656" NUMBER="71/2" OPERTYPEID="30" PREVID="6433560" NEXTID="0" UPDATEDATE="2024-09-09" STARTDATE="2024-09-09" ENDDATE="2079-06-06" ISACTUAL="1" ISACTIVE="0" /><STEAD ID="6433560" OBJECTID="90968328" OBJECTGUID="8bdf81f5-48bf-4672-97e1-4c3be90cb36c" CHANGEID="133632220" NUMBER="71/2" OPERTYPEID="10" NEXTID="68648419" UPDATEDATE="2024-09-09" STARTDATE="2019-03-28" ENDDATE="2024-09-09" ISACTUAL="0" ISACTIVE="0" /><STEAD ID="68648420" OBJECTID="90528268" OBJECTGUID="18fe2766-d56d-4832-859f-8b04b0d28b17" CHANGEID="600748657" NUMBER="49/1" OPERTYPEID="30" PREVID="5993003" NEXTID="0" UPDATEDATE="2024-09-09" STARTDATE="2024-09-09" ENDDATE="2079-06-06" ISACTUAL="1" ISACTIVE="0" /><STEAD ID="5993003" OBJECTID="90528268" OBJECTGUID="18fe2766-d56d-4832-859f-8b04b0d28b17" CHANGEID="133135163" NUMBER="49/1" OPERTYPEID="10" NEXTID="68648420" UPDATEDATE="2024-09-09" STARTDATE="2019-03-28" ENDDATE="2024-09-09" ISACTUAL="0" ISACTIVE="0" /><STEAD ID="68648421" OBJECTID="90347070" OBJECTGUID="e9875b30-6927-403e-9ff5-71b68859c811" CHANGEID="600748658" NUMBER="114/2" OPERTYPEID="30" PREVID="5811645" NEXTID="0" UPDATEDATE="2024-09-09" STARTDATE="2024-09-09" ENDDATE="2079-06-06" ISACTUAL="1" ISACTIVE="0" /><STEAD ID="68648422" OBJECTID="87078330" OBJECTGUID="5cebdab7-29f5-4400-ab46-514678f00c47" CHANGEID="600748659" NUMBER="71/1" OPERTYPEID="30" PREVID="2534957" NEXTID="0" UPDATEDATE="2024-09-09" STARTDATE="2024-09-09" ENDDATE="2079-06-06" ISACTUAL="1" ISACTIVE="0" /><STEAD ID="68648423" OBJECTID="86962446" OBJECTGUID="62ad5145-b43d-43e9-9148-48b4c1740098" CHANGEID="600748660" NUMBER="50з" OPERTYPEID="30" PREVID="2418623" NEXTID="0" UPDATEDATE="2024-09-09" STARTDATE="2024-09-09" ENDDATE="2079-06-06" ISACTUAL="1" ISACTIVE="0" /><STEAD ID="2418623" OBJECTID="86962446" OBJECTGUID="62ad5145-b43d-43e9-9148-48b4c1740098" CHANGEID="128906706" NUMBER="50з" OPERTYPEID="10" NEXTID="68648423" UPDATEDATE="2024-09-09" STARTDATE="2019-03-28" ENDDATE="2024-09-09" ISACTUAL="0" ISACTIVE="0" /><STEAD ID="68648424" OBJECTID="86165795" OBJECTGUID="e2f42cc9-6c98-4be8-a756-89f5671e9f3a" CHANGEID="600748661" NUMBER="242/2" OPERTYPEID="30" PREVID="1618626" NEXTID="0" UPDATEDATE="2024-09-09" STARTDATE="2024-09-09" ENDDATE="2079-06-06" ISACTUAL="1" ISACTIVE="0" /><STEAD ID="1618626" OBJECTID="86165795" OBJECTGUID="e2f42cc9-6c98-4be8-a756-89f5671e9f3a" CHANGEID="127859676" NUMBER="242/2" OPERTYPEID="10" NEXTID="68648424" UPDATEDATE="2024-09-09" STARTDATE="2019-03-28" ENDDATE="2024-09-09" ISACTUAL="0" ISACTIVE="0" /><STEAD ID="68648425" OBJECTID="85724621" OBJECTGUID="881ddc30-dff3-44b6-a59b-603e760a1cbf" CHANGEID="600748662" NUMBER="71/3" OPERTYPEID="30" PREVID="1175214" NEXTID="0" UPDATEDATE="2024-09-09" STARTDATE="2024-09-09" ENDDATE="2079-06-06" ISACTUAL="1" ISACTIVE="0" /><STEAD ID="1175214" OBJECTID="85724621" OBJECTGUID="881ddc30-dff3-44b6-a59b-603e760a1cbf" CHANGEID="127257686" NUMBER="71/3" OPERTYPEID="10" NEXTID="68648425" UPDATEDATE="2024-09-09" STARTDATE="2019-03-28" ENDDATE="2024-09-09" ISACTUAL="0" ISACTIVE="0" /><STEAD ID="68648426" OBJECTID="85526013" OBJECTGUID="fb66ab8a-30b1-4a4f-970f-233519d868b4" CHANGEID="600748663" NUMBER="92/3" OPERTYPEID="30" PREVID="975624" NEXTID="0" UPDATEDATE="2024-09-09" STARTDATE="2024-09-09" ENDDATE="2079-06-06" ISACTUAL="1" ISACTIVE="0" /><STEAD ID="68648427" OBJECTID="85162017" OBJECTGUID="8f73aab1-98ee-4dca-bcfa-0679a46831ec" CHANGEID="600748664" NUMBER="230а" OPERTYPEID="30" PREVID="609703" NEXTID="0" UPDATEDATE="2024-09-09" STARTDATE="2024-09-09" ENDDATE="2079-06-06" ISACTUAL="1" ISACTIVE="0" /><STEAD ID="609703" OBJECTID="85162017" OBJECTGUID="8f73aab1-98ee-4dca-bcfa-0679a46831ec" CHANGEID="126466391" NUMBER="230а" OPERTYPEID="10" NEXTID="68648427" UPDATEDATE="2024-09-09" STARTDATE="2019-03-28" ENDDATE="2024-09-09" ISACTUAL="0" ISACTIVE="0" /><STEAD ID="68648430" OBJECTID="88677605" OBJECTGUID="1a0a2994-eb33-4679-b723-4d449d0dcfc0" CHANGEID="600748703" NUMBER="1А" OPERTYPEID="30" PREVID="4139362" NEXTID="0" UPDATEDATE="2024-09-09" STARTDATE="2024-09-09" ENDDATE="2079-06-06" ISACTUAL="1" ISACTIVE="0" /><STEAD ID="68648431" OBJECTID="85866640" OBJECTGUID="cce19cc5-ad04-4c8a-9b0f-7dd92976baec" CHANGEID="600748704" NUMBER="20" OPERTYPEID="30" PREVID="1317906" NEXTID="0" UPDATEDATE="2024-09-09" STARTDATE="2024-09-09" ENDDATE="2079-06-06" ISACTUAL="1" ISACTIVE="0" /><STEAD ID="1317906" OBJECTID="85866640" OBJECTGUID="cce19cc5-ad04-4c8a-9b0f-7dd92976baec" CHANGEID="127455242" NUMBER="20" OPERTYPEID="10" NEXTID="68648431" UPDATEDATE="2024-09-09" STARTDATE="2019-03-28" ENDDATE="2024-09-09" ISACTUAL="0" ISACTIVE="0" /><STEAD ID="68649851" OBJECTID="87208080" OBJECTGUID="0e9b8298-d40b-4fb3-85ef-483ee73444e3" CHANGEID="600751189" NUMBER="15" OPERTYPEID="30" PREVID="2665221" NEXTID="0" UPDATEDATE="2024-09-09" STARTDATE="2024-09-09" ENDDATE="2079-06-06" ISACTUAL="1" ISACTIVE="0" /><STEAD ID="68649852" OBJECTID="86256734" OBJECTGUID="f75eca08-6114-4f3d-a8d9-7a8ce2901052" CHANGEID="600751190" NUMBER="5" OPERTYPEID="30" PREVID="1709922" NEXTID="0" UPDATEDATE="2024-09-09" STARTDATE="2024-09-09" ENDDATE="2079-06-06" ISACTUAL="1" ISACTIVE="0" /><STEAD ID="1709922" OBJECTID="86256734" OBJECTGUID="f75eca08-6114-4f3d-a8d9-7a8ce2901052" CHANGEID="127979925" NUMBER="5" OPERTYPEID="10" NEXTID="68649852" UPDATEDATE="2024-09-09" STARTDATE="2019-03-28" ENDDATE="2024-09-09" ISACTUAL="0" ISACTIVE="0" /><STEAD ID="68649853" OBJECTID="85712136" OBJECTGUID="4d8c6ce4-5e73-45c4-9c66-c4358b73e73f" CHANGEID="600751191" NUMBER="19" OPERTYPEID="30" PREVID="1162680" NEXTID="0" UPDATEDATE="2024-09-09" STARTDATE="2024-09-09" ENDDATE="2079-06-06" ISACTUAL="1" ISACTIVE="0" /><STEAD ID="68649856" OBJECTID="88634274" OBJECTGUID="3bb30e10-ee3a-4d55-b721-80275f2b1e91" CHANGEID="600751251" NUMBER="57а" OPERTYPEID="30" PREVID="4095962" NEXTID="0" UPDATEDATE="2024-09-09" STARTDATE="2024-09-09" ENDDATE="2079-06-06" ISACTUAL="1" ISACTIVE="0" /><STEAD ID="4095962" OBJECTID="88634274" OBJECTGUID="3bb30e10-ee3a-4d55-b721-80275f2b1e91" CHANGEID="130977696" NUMBER="57а" OPERTYPEID="10" NEXTID="68649856" UPDATEDATE="2024-09-09" STARTDATE="2019-03-27" ENDDATE="2024-09-09" ISACTUAL="0" ISACTIVE="0" /><STEAD ID="68649859" OBJECTID="92999633" OBJECTGUID="3b92e967-d4e3-490c-ae13-ad87e05e994f" CHANGEID="600751290" NUMBER="68б" OPERTYPEID="30" PREVID="8466088" NEXTID="0" UPDATEDATE="2024-09-09" STARTDATE="2024-09-09" ENDDATE="2079-06-06" ISACTUAL="1" ISACTIVE="0" /><STEAD ID="8466088" OBJECTID="92999633" OBJECTGUID="3b92e967-d4e3-490c-ae13-ad87e05e994f" CHANGEID="135853830" NUMBER="68б" OPERTYPEID="10" NEXTID="68649859" UPDATEDATE="2024-09-09" STARTDATE="2019-03-27" ENDDATE="2024-09-09" ISACTUAL="0" ISACTIVE="0" /><STEAD ID="68649860" OBJECTID="88810424" OBJECTGUID="fcca6ca4-0eaf-4bf2-abc9-e43a03420603" CHANGEID="600751291" NUMBER="957" OPERTYPEID="30" PREVID="4272507" NEXTID="0" UPDATEDATE="2024-09-09" STARTDATE="2024-09-09" ENDDATE="2079-06-06" ISACTUAL="1" ISACTIVE="0" /><STEAD ID="4272507" OBJECTID="88810424" OBJECTGUID="fcca6ca4-0eaf-4bf2-abc9-e43a03420603" CHANGEID="131185557" NUMBER="957" OPERTYPEID="10" NEXTID="68649860" UPDATEDATE="2024-09-09" STARTDATE="2019-03-27" ENDDATE="2024-09-09" ISACTUAL="0" ISACTIVE="0" /><STEAD ID="68649861" OBJECTID="86186713" OBJECTGUID="61663663-2b2d-439a-bc1e-3f21fafd62d0" CHANGEID="600751292" NUMBER="79" OPERTYPEID="30" PREVID="1639587" NEXTID="0" UPDATEDATE="2024-09-09" STARTDATE="2024-09-09" ENDDATE="2079-06-06" ISACTUAL="1" ISACTIVE="0" /><STEAD ID="1639587" OBJECTID="86186713" OBJECTGUID="61663663-2b2d-439a-bc1e-3f21fafd62d0" CHANGEID="127888168" NUMBER="79" OPERTYPEID="10" NEXTID="68649861" UPDATEDATE="2024-09-09" STARTDATE="2019-03-27" ENDDATE="2024-09-09" ISACTUAL="0" ISACTIVE="0" /><STEAD ID="68649862" OBJECTID="85988749" OBJECTGUID="f7afcecd-e648-4e2a-94a1-101a1cdd2cf0" CHANGEID="600751293" NUMBER="52" OPERTYPEID="30" PREVID="1440582" NEXTID="0" UPDATEDATE="2024-09-09" STARTDATE="2024-09-09" ENDDATE="2079-06-06" ISACTUAL="1" ISACTIVE="0" /><STEAD ID="1440582" OBJECTID="85988749" OBJECTGUID="f7afcecd-e648-4e2a-94a1-101a1cdd2cf0" CHANGEID="127618259" NUMBER="52" OPERTYPEID="10" NEXTID="68649862" UPDATEDATE="2024-09-09" STARTDATE="2019-03-27" ENDDATE="2024-09-09" ISACTUAL="0" ISACTIVE="0" /><STEAD ID="68649846" OBJECTID="93016487" OBJECTGUID="7264109d-7808-445e-b9b8-18a40b5972ce" CHANGEID="600751176" NUMBER="132" OPERTYPEID="30" PREVID="8482945" NEXTID="0" UPDATEDATE="2024-09-09" STARTDATE="2024-09-09" ENDDATE="2079-06-06" ISACTUAL="1" ISACTIVE="0" /><STEAD ID="8482945" OBJECTID="93016487" OBJECTGUID="7264109d-7808-445e-b9b8-18a40b5972ce" CHANGEID="135871651" NUMBER="132" OPERTYPEID="10" NEXTID="68649846" UPDATEDATE="2024-09-09" STARTDATE="2019-03-28" ENDDATE="2024-09-09" ISACTUAL="0" ISACTIVE="0" /><STEAD ID="68649847" OBJECTID="87206881" OBJECTGUID="d173d7a6-b355-441b-8ad9-422f70ff51d0" CHANGEID="600751177" NUMBER="22" OPERTYPEID="30" PREVID="2664014" NEXTID="0" UPDATEDATE="2024-09-09" STARTDATE="2024-09-09" ENDDATE="2079-06-06" ISACTUAL="1" ISACTIVE="0" /><STEAD ID="2664014" OBJECTID="87206881" OBJECTGUID="d173d7a6-b355-441b-8ad9-422f70ff51d0" CHANGEID="129223281" NUMBER="22" OPERTYPEID="10" NEXTID="68649847" UPDATEDATE="2024-09-09" STARTDATE="2019-03-28" ENDDATE="2024-09-09" ISACTUAL="0" ISACTIVE="0" /><STEAD ID="68649848" OBJECTID="87009895" OBJECTGUID="555983a8-5826-42de-866d-932c3ff5b2d4" CHANGEID="600751178" NUMBER="57" OPERTYPEID="30" PREVID="2466265" NEXTID="0" UPDATEDATE="2024-09-09" STARTDATE="2024-09-09" ENDDATE="2079-06-06" ISACTUAL="1" ISACTIVE="0" /><STEAD ID="68649849" OBJECTID="85561852" OBJECTGUID="e1bc640b-30b5-4854-8c0f-bb40e65f7f6e" CHANGEID="600751179" NUMBER="8А" OPERTYPEID="30" PREVID="1011620" NEXTID="0" UPDATEDATE="2024-09-09" STARTDATE="2024-09-09" ENDDATE="2079-06-06" ISACTUAL="1" ISACTIVE="0" /><STEAD ID="68649854" OBJECTID="89295921" OBJECTGUID="f9c0de7d-2fd0-4a48-82f9-7d8e10ec14b3" CHANGEID="600751228" NUMBER="129" OPERTYPEID="30" PREVID="4758989" NEXTID="0" UPDATEDATE="2024-09-09" STARTDATE="2024-09-09" ENDDATE="2079-06-06" ISACTUAL="1" ISACTIVE="0" /><STEAD ID="4758989" OBJECTID="89295921" OBJECTGUID="f9c0de7d-2fd0-4a48-82f9-7d8e10ec14b3" CHANGEID="131746538" NUMBER="129" OPERTYPEID="10" NEXTID="68649854" UPDATEDATE="2024-09-09" STARTDATE="2019-03-29" ENDDATE="2024-09-09" ISACTUAL="0" ISACTIVE="0" /><STEAD ID="68649855" OBJECTID="87853024" OBJECTGUID="1d88dc74-6ae5-49c0-b17b-12f981e0c5f5" CHANGEID="600751229" NUMBER="43а" OPERTYPEID="30" PREVID="3312423" NEXTID="0" UPDATEDATE="2024-09-09" STARTDATE="2024-09-09" ENDDATE="2079-06-06" ISACTUAL="1" ISACTIVE="0" /><STEAD ID="68649864" OBJECTID="89287796" OBJECTGUID="af13a31f-5d15-4fee-959a-adc4f34f1d27" CHANGEID="600751306" NUMBER="32" OPERTYPEID="30" PREVID="4750865" NEXTID="0" UPDATEDATE="2024-09-09" STARTDATE="2024-09-09" ENDDATE="2079-06-06" ISACTUAL="1" ISACTIVE="0" /><STEAD ID="4750865" OBJECTID="89287796" OBJECTGUID="af13a31f-5d15-4fee-959a-adc4f34f1d27" CHANGEID="131737311" NUMBER="32" OPERTYPEID="10" NEXTID="68649864" UPDATEDATE="2024-09-09" STARTDATE="2019-03-29" ENDDATE="2024-09-09" ISACTUAL="0" ISACTIVE="0" /><STEAD ID="68649865" OBJECTID="85359567" OBJECTGUID="09aa1f6b-95c8-42d4-abb7-7b5484e32b55" CHANGEID="600751307" NUMBER="1" OPERTYPEID="30" PREVID="808270" NEXTID="0" UPDATEDATE="2024-09-09" STARTDATE="2024-09-09" ENDDATE="2079-06-06" ISACTUAL="1" ISACTIVE="0" /><STEAD ID="808270" OBJECTID="85359567" OBJECTGUID="09aa1f6b-95c8-42d4-abb7-7b5484e32b55" CHANGEID="126749866" NUMBER="1" OPERTYPEID="10" NEXTID="68649865" UPDATEDATE="2024-09-09" STARTDATE="2019-03-29" ENDDATE="2024-09-09" ISACTUAL="0" ISACTIVE="0" /><STEAD ID="68649867" OBJECTID="85390566" OBJECTGUID="44467a49-9484-4713-bce9-3f1f6e4437e3" CHANGEID="600751329" NUMBER="6А" OPERTYPEID="30" PREVID="839409" NEXTID="0" UPDATEDATE="2024-09-09" STARTDATE="2024-09-09" ENDDATE="2079-06-06" ISACTUAL="1" ISACTIVE="0" /><STEAD ID="68651774" OBJECTID="165128223" OBJECTGUID="5e5fe213-a5eb-4963-a4d2-379067b3596c" CHANGEID="600755640" NUMBER="9/64" OPERTYPEID="10" PREVID="0" NEXTID="0" UPDATEDATE="2024-09-09" STARTDATE="2024-09-09" ENDDATE="2079-06-06" ISACTUAL="1" ISACTIVE="1" /><STEAD ID="68651775" OBJECTID="165128224" OBJECTGUID="c89c885f-f273-4c87-8ddb-e4453a23285a" CHANGEID="600755641" NUMBER="9/64А" OPERTYPEID="10" PREVID="0" NEXTID="0" UPDATEDATE="2024-09-09" STARTDATE="2024-09-09" ENDDATE="2079-06-06" ISACTUAL="1" ISACTIVE="1" /><STEAD ID="68651776" OBJECTID="165128225" OBJECTGUID="3f7e78a5-4a6c-4d95-ab0a-0ae9e540c4e5" CHANGEID="600755643" NUMBER="298" OPERTYPEID="10" PREVID="0" NEXTID="0" UPDATEDATE="2024-09-09" STARTDATE="2024-09-09" ENDDATE="2079-06-06" ISACTUAL="1" ISACTIVE="1" /><STEAD ID="68651778" OBJECTID="165128227" OBJECTGUID="eeb7effe-abf9-4a63-a890-d983930653dc" CHANGEID="600755651" NUMBER="1з" OPERTYPEID="10" PREVID="0" NEXTID="0" UPDATEDATE="2024-09-09" STARTDATE="2024-09-09" ENDDATE="2079-06-06" ISACTUAL="1" ISACTIVE="1" /><STEAD ID="68653739" OBJECTID="165132072" OBJECTGUID="37761414-722c-46aa-ba81-535c6dc4da07" CHANGEID="600761649" NUMBER="16/1" OPERTYPEID="10" PREVID="0" NEXTID="0" UPDATEDATE="2024-09-09" STARTDATE="2024-09-09" ENDDATE="2079-06-06" ISACTUAL="1" ISACTIVE="1" /><STEAD ID="68655560" OBJECTID="165134532" OBJECTGUID="34bdca29-b439-450d-8e7c-87e50f52c877" CHANGEID="600765048" NUMBER="19а" OPERTYPEID="10" PREVID="0" NEXTID="0" UPDATEDATE="2024-09-09" STARTDATE="2024-09-09" ENDDATE="2079-06-06" ISACTUAL="1" ISACTIVE="1" /><STEAD ID="68658319" OBJECTID="165140330" OBJECTGUID="9e4cfd3a-0030-4b44-abcc-d87ee9dff304" CHANGEID="600774844" NUMBER="9/65" OPERTYPEID="10" PREVID="0" NEXTID="0" UPDATEDATE="2024-09-09" STARTDATE="2024-09-09" ENDDATE="2079-06-06" ISACTUAL="1" ISACTIVE="1" /><STEAD ID="68658400" OBJECTID="165140424" OBJECTGUID="bd253131-922b-4807-9a3f-980dd061f8b0" CHANGEID="600775000" NUMBER="7В" OPERTYPEID="10" PREVID="0" NEXTID="0" UPDATEDATE="2024-09-09" STARTDATE="2024-09-09" ENDDATE="2079-06-06" ISACTUAL="1" ISACTIVE="1" /><STEAD ID="68658542" OBJECTID="165140644" OBJECTGUID="b065cb26-838d-4a5a-a7e0-9998d3601ee0" CHANGEID="600775328" NUMBER="52/4" OPERTYPEID="10" PREVID="0" NEXTID="0" UPDATEDATE="2024-09-09" STARTDATE="2024-09-09" ENDDATE="2079-06-06" ISACTUAL="1" ISACTIVE="1" /><STEAD ID="68658550" OBJECTID="165140657" OBJECTGUID="e14374a6-b7e7-4a33-81a1-1501227aed54" CHANGEID="600775380" NUMBER="3/85" OPERTYPEID="10" PREVID="0" NEXTID="0" UPDATEDATE="2024-09-09" STARTDATE="2024-09-09" ENDDATE="2079-06-06" ISACTUAL="1" ISACTIVE="1" /><STEAD ID="68658766" OBJECTID="92902684" OBJECTGUID="46d8bc99-ad04-43b3-96ca-fbaba8adaff2" CHANGEID="600776391" NUMBER="19" OPERTYPEID="60" PREVID="13547264" UPDATEDATE="2024-09-09" STARTDATE="2024-09-09" ENDDATE="2079-06-06" ISACTUAL="1" ISACTIVE="0" /><STEAD ID="13547264" OBJECTID="92902684" OBJECTGUID="46d8bc99-ad04-43b3-96ca-fbaba8adaff2" CHANGEID="177023708" NUMBER="19" OPERTYPEID="70" PREVID="13514271" NEXTID="68658766" UPDATEDATE="2024-09-09" STARTDATE="2021-02-11" ENDDATE="2024-09-09" ISACTUAL="0" ISACTIVE="0" /><STEAD ID="68658767" OBJECTID="165141372" OBJECTGUID="ea30bbf2-c9ea-4d75-9c3b-792d186da3f4" CHANGEID="600776392" NUMBER="19" OPERTYPEID="61" PREVID="68658766" NEXTID="0" UPDATEDATE="2024-09-09" STARTDATE="2024-09-09" ENDDATE="2079-06-06" ISACTUAL="1" ISACTIVE="1" /><STEAD ID="68658768" OBJECTID="165141373" OBJECTGUID="ac634242-5bbb-4ae6-a995-0776e4bb55de" CHANGEID="600776393" NUMBER="19Б" OPERTYPEID="61" PREVID="68658766" NEXTID="0" UPDATEDATE="2024-09-09" STARTDATE="2024-09-09" ENDDATE="2079-06-06" ISACTUAL="1" ISACTIVE="1" /><STEAD ID="68658774" OBJECTID="92638754" OBJECTGUID="cdc255e7-1edf-4b82-af5b-bd83b5052880" CHANGEID="600776423" NUMBER="73" OPERTYPEID="60" PREVID="67900588" UPDATEDATE="2024-09-09" STARTDATE="2024-09-09" ENDDATE="2079-06-06" ISACTUAL="1" ISACTIVE="0" /><STEAD ID="68658775" OBJECTID="165141379" OBJECTGUID="294dba85-2967-4e7e-b04c-f53eea8ac888" CHANGEID="600776424" NUMBER="73" OPERTYPEID="61" PREVID="68658774" NEXTID="0" UPDATEDATE="2024-09-09" STARTDATE="2024-09-09" ENDDATE="2079-06-06" ISACTUAL="1" ISACTIVE="1" /><STEAD ID="68658776" OBJECTID="165141380" OBJECTGUID="b0e3b5fc-8a2e-430b-bf1a-5d264e32328a" CHANGEID="600776425" NUMBER="73А" OPERTYPEID="61" PREVID="68658774" NEXTID="0" UPDATEDATE="2024-09-09" STARTDATE="2024-09-09" ENDDATE="2079-06-06" ISACTUAL="1" ISACTIVE="1" /><STEAD ID="13552751" OBJECTID="95210501" OBJECTGUID="7509139e-e4da-4e8d-8094-cf885e678f21" CHANGEID="177029213" NUMBER="15/1" OPERTYPEID="70" PREVID="13516016" NEXTID="68658781" UPDATEDATE="2024-09-09" STARTDATE="2021-02-11" ENDDATE="2024-09-09" ISACTUAL="0" ISACTIVE="0" /><STEAD ID="68658781" OBJECTID="95210501" OBJECTGUID="7509139e-e4da-4e8d-8094-cf885e678f21" CHANGEID="600776445" NUMBER="15" OPERTYPEID="40" PREVID="13552751" UPDATEDATE="2024-09-09" STARTDATE="2024-09-09" ENDDATE="2079-06-06" ISACTUAL="1" ISACTIVE="1" /><STEAD ID="13552750" OBJECTID="95210379" OBJECTGUID="dadb2697-fd35-44da-b154-8eeb79b5693c" CHANGEID="177029212" NUMBER="15/2" OPERTYPEID="70" PREVID="13507940" NEXTID="68658782" UPDATEDATE="2024-09-09" STARTDATE="2021-02-11" ENDDATE="2024-09-09" ISACTUAL="0" ISACTIVE="0" /><STEAD ID="68658782" OBJECTID="95210379" OBJECTGUID="dadb2697-fd35-44da-b154-8eeb79b5693c" CHANGEID="600776446" NUMBER="15/2" OPERTYPEID="42" PREVID="13552750" NEXTID="68658781" UPDATEDATE="2024-09-09" STARTDATE="2024-09-09" ENDDATE="2079-06-06" ISACTUAL="1" ISACTIVE="0" /><STEAD ID="68658886" OBJECTID="165141553" OBJECTGUID="86a1eb70-cac4-4190-9f5c-0edbd2923660" CHANGEID="600776764" NUMBER="17" OPERTYPEID="10" PREVID="0" NEXTID="0" UPDATEDATE="2024-09-09" STARTDATE="2024-09-09" ENDDATE="2079-06-06" ISACTUAL="1" ISACTIVE="1" /><STEAD ID="68658887" OBJECTID="165141554" OBJECTGUID="bb0ecacb-676b-48bd-a0ea-1979d1faea16" CHANGEID="600776765" NUMBER="17/1" OPERTYPEID="10" PREVID="0" NEXTID="0" UPDATEDATE="2024-09-09" STARTDATE="2024-09-09" ENDDATE="2079-06-06" ISACTUAL="1" ISACTIVE="1" /><STEAD ID="68661109" OBJECTID="165145351" OBJECTGUID="ebea2c72-5a57-4e27-b523-c286ec981946" CHANGEID="600783463" NUMBER="17" OPERTYPEID="10" PREVID="0" NEXTID="0" UPDATEDATE="2024-09-09" STARTDATE="2024-09-09" ENDDATE="2079-06-06" ISACTUAL="1" ISACTIVE="1" /><STEAD ID="68661157" OBJECTID="165145701" OBJECTGUID="0d97b958-95f8-4ceb-9aa9-e8badcaeb5e5" CHANGEID="600783856" NUMBER="10/60А" OPERTYPEID="10" PREVID="0" NEXTID="0" UPDATEDATE="2024-09-09" STARTDATE="2024-09-09" ENDDATE="2079-06-06" ISACTUAL="1" ISACTIVE="1" /><STEAD ID="68661813" OBJECTID="165146584" OBJECTGUID="3fbaa46f-6140-4bfe-bb8b-a944c9690dac" CHANGEID="600785175" NUMBER="27л" OPERTYPEID="10" PREVID="0" NEXTID="0" UPDATEDATE="2024-09-09" STARTDATE="2024-09-09" ENDDATE="2079-06-06" ISACTUAL="1" ISACTIVE="1" /><STEAD ID="68661923" OBJECTID="165146835" OBJECTGUID="a6b4d9bf-9b76-422d-b49e-1cb4f48621f5" CHANGEID="600785699" NUMBER="19/80" OPERTYPEID="10" PREVID="0" NEXTID="0" UPDATEDATE="2024-09-09" STARTDATE="2024-09-09" ENDDATE="2079-06-06" ISACTUAL="1" ISACTIVE="1" /><STEAD ID="68662298" OBJECTID="165147603" OBJECTGUID="f9df2824-22ba-4f1c-a0da-1454ad0cd8d5" CHANGEID="600786792" NUMBER="33" OPERTYPEID="10" PREVID="0" NEXTID="0" UPDATEDATE="2024-09-09" STARTDATE="2024-09-09" ENDDATE="2079-06-06" ISACTUAL="1" ISACTIVE="1" /><STEAD ID="68662239" OBJECTID="165147510" OBJECTGUID="0a9d3fa4-7938-44e1-9539-0d3158c03536" CHANGEID="600786633" NUMBER="3" OPERTYPEID="10" PREVID="0" NEXTID="0" UPDATEDATE="2024-09-09" STARTDATE="2024-09-09" ENDDATE="2079-06-06" ISACTUAL="1" ISACTIVE="1" /><STEAD ID="68662356" OBJECTID="165147668" OBJECTGUID="cddd1f4f-d623-4a7c-9e18-66173ee2b01d" CHANGEID="600786884" NUMBER="15" OPERTYPEID="10" PREVID="0" NEXTID="0" UPDATEDATE="2024-09-09" STARTDATE="2024-09-09" ENDDATE="2079-06-06" ISACTUAL="1" ISACTIVE="1" /><STEAD ID="68662357" OBJECTID="165147669" OBJECTGUID="3c68fb82-945f-4e55-84c0-50d729264030" CHANGEID="600786885" NUMBER="27" OPERTYPEID="10" PREVID="0" NEXTID="0" UPDATEDATE="2024-09-09" STARTDATE="2024-09-09" ENDDATE="2079-06-06" ISACTUAL="1" ISACTIVE="1" /><STEAD ID="68662358" OBJECTID="165147670" OBJECTGUID="77952fbc-077f-4b48-a4c8-0af7e307308a" CHANGEID="600786886" NUMBER="34" OPERTYPEID="10" PREVID="0" NEXTID="0" UPDATEDATE="2024-09-09" STARTDATE="2024-09-09" ENDDATE="2079-06-06" ISACTUAL="1" ISACTIVE="1" /><STEAD ID="68662359" OBJECTID="165147671" OBJECTGUID="15fb0221-29b4-46bb-8173-04b85fda6f3f" CHANGEID="600786887" NUMBER="36" OPERTYPEID="10" PREVID="0" NEXTID="0" UPDATEDATE="2024-09-09" STARTDATE="2024-09-09" ENDDATE="2079-06-06" ISACTUAL="1" ISACTIVE="1" /><STEAD ID="68662360" OBJECTID="165147672" OBJECTGUID="955f62cf-12e6-4728-9acf-6c6df7d8f2f6" CHANGEID="600786888" NUMBER="37" OPERTYPEID="10" PREVID="0" NEXTID="0" UPDATEDATE="2024-09-09" STARTDATE="2024-09-09" ENDDATE="2079-06-06" ISACTUAL="1" ISACTIVE="1" /><STEAD ID="68662361" OBJECTID="165147673" OBJECTGUID="16e78a3b-5a27-4fa3-9646-aa4dcf409a05" CHANGEID="600786889" NUMBER="38" OPERTYPEID="10" PREVID="0" NEXTID="0" UPDATEDATE="2024-09-09" STARTDATE="2024-09-09" ENDDATE="2079-06-06" ISACTUAL="1" ISACTIVE="1" /><STEAD ID="68662509" OBJECTID="165147897" OBJECTGUID="ec52c3a6-089b-4a9b-8881-ed3699dc0fdc" CHANGEID="600787280" NUMBER="46" OPERTYPEID="10" PREVID="0" NEXTID="0" UPDATEDATE="2024-09-09" STARTDATE="2024-09-09" ENDDATE="2079-06-06" ISACTUAL="1" ISACTIVE="1" /><STEAD ID="68662510" OBJECTID="165147898" OBJECTGUID="2c3b0d7a-db4c-4c16-b8d5-a73f92be1c8d" CHANGEID="600787281" NUMBER="46/1" OPERTYPEID="10" PREVID="0" NEXTID="0" UPDATEDATE="2024-09-09" STARTDATE="2024-09-09" ENDDATE="2079-06-06" ISACTUAL="1" ISACTIVE="1" /><STEAD ID="68662968" OBJECTID="165148592" OBJECTGUID="099d09cb-b746-402a-8822-039370978186" CHANGEID="600788341" NUMBER="28" OPERTYPEID="10" PREVID="0" NEXTID="0" UPDATEDATE="2024-09-09" STARTDATE="2024-09-09" ENDDATE="2079-06-06" ISACTUAL="1" ISACTIVE="1" /><STEAD ID="68662969" OBJECTID="165148593" OBJECTGUID="263ef4f2-d873-45d1-b989-1b09d1429525" CHANGEID="600788342" NUMBER="30" OPERTYPEID="10" PREVID="0" NEXTID="0" UPDATEDATE="2024-09-09" STARTDATE="2024-09-09" ENDDATE="2079-06-06" ISACTUAL="1" ISACTIVE="1" /><STEAD ID="68663256" OBJECTID="91904230" OBJECTGUID="ce91903c-a3ef-4b3a-b802-d6b4cb359208" CHANGEID="600789119" NUMBER="332А" OPERTYPEID="20" PREVID="7370124" UPDATEDATE="2024-09-09" STARTDATE="2024-09-09" ENDDATE="2079-06-06" ISACTUAL="1" ISACTIVE="1" /><STEAD ID="68663310" OBJECTID="165149354" OBJECTGUID="775278ce-c58d-4a4c-9d14-790f4724348f" CHANGEID="600789443" NUMBER="13П" OPERTYPEID="10" PREVID="0" NEXTID="0" UPDATEDATE="2024-09-09" STARTDATE="2024-09-09" ENDDATE="2079-06-06" ISACTUAL="1" ISACTIVE="1" /><STEAD ID="68663319" OBJECTID="165149365" OBJECTGUID="f97321be-ef49-449d-8e00-559ddba3a522" CHANGEID="600789470" NUMBER="1П" OPERTYPEID="10" PREVID="0" NEXTID="0" UPDATEDATE="2024-09-09" STARTDATE="2024-09-09" ENDDATE="2079-06-06" ISACTUAL="1" ISACTIVE="1" /><STEAD ID="68663329" OBJECTID="165149376" OBJECTGUID="47a83eef-a91a-43ff-9c25-a9a911410184" CHANGEID="600789496" NUMBER="8П" OPERTYPEID="10" PREVID="0" NEXTID="0" UPDATEDATE="2024-09-09" STARTDATE="2024-09-09" ENDDATE="2079-06-06" ISACTUAL="1" ISACTIVE="1" /><STEAD ID="68663354" OBJECTID="165149500" OBJECTGUID="b74281ee-f185-4ad0-8621-cffe0431b899" CHANGEID="600789652" NUMBER="80П" OPERTYPEID="10" PREVID="0" NEXTID="0" UPDATEDATE="2024-09-09" STARTDATE="2024-09-09" ENDDATE="2079-06-06" ISACTUAL="1" ISACTIVE="1" /><STEAD ID="68663341" OBJECTID="165149428" OBJECTGUID="7a180e01-d15a-4db1-a45a-607774f8950b" CHANGEID="600789567" NUMBER="63П" OPERTYPEID="10" PREVID="0" NEXTID="0" UPDATEDATE="2024-09-09" STARTDATE="2024-09-09" ENDDATE="2079-06-06" ISACTUAL="1" ISACTIVE="1" /><STEAD ID="68663362" OBJECTID="165149515" OBJECTGUID="2f38e865-6e56-4f58-8fb9-6f3cedab8815" CHANGEID="600789676" NUMBER="14П" OPERTYPEID="10" PREVID="0" NEXTID="0" UPDATEDATE="2024-09-09" STARTDATE="2024-09-09" ENDDATE="2079-06-06" ISACTUAL="1" ISACTIVE="1" /><STEAD ID="68663375" OBJECTID="165149532" OBJECTGUID="773e2c29-8251-4474-a317-b669caa375cb" CHANGEID="600789706" NUMBER="14П" OPERTYPEID="10" PREVID="0" NEXTID="0" UPDATEDATE="2024-09-09" STARTDATE="2024-09-09" ENDDATE="2079-06-06" ISACTUAL="1" ISACTIVE="1" /><STEAD ID="68663381" OBJECTID="165149538" OBJECTGUID="af46a420-6000-42fd-9fcc-011b6ea7b841" CHANGEID="600789719" NUMBER="21П" OPERTYPEID="10" PREVID="0" NEXTID="0" UPDATEDATE="2024-09-09" STARTDATE="2024-09-09" ENDDATE="2079-06-06" ISACTUAL="1" ISACTIVE="1" /><STEAD ID="68663402" OBJECTID="165149575" OBJECTGUID="f304a936-7c82-43d2-8fbd-8631d32cb30f" CHANGEID="600789771" NUMBER="11П" OPERTYPEID="10" PREVID="0" NEXTID="0" UPDATEDATE="2024-09-09" STARTDATE="2024-09-09" ENDDATE="2079-06-06" ISACTUAL="1" ISACTIVE="1" /><STEAD ID="68663421" OBJECTID="165149611" OBJECTGUID="410b1768-0e0f-4984-b4b7-8429fb272ca9" CHANGEID="600789819" NUMBER="141П" OPERTYPEID="10" PREVID="0" NEXTID="0" UPDATEDATE="2024-09-09" STARTDATE="2024-09-09" ENDDATE="2079-06-06" ISACTUAL="1" ISACTIVE="1" /><STEAD ID="68663436" OBJECTID="165149642" OBJECTGUID="5e53025f-e3cb-4e41-80d6-4e1489162d00" CHANGEID="600789877" NUMBER="5П" OPERTYPEID="10" PREVID="0" NEXTID="0" UPDATEDATE="2024-09-09" STARTDATE="2024-09-09" ENDDATE="2079-06-06" ISACTUAL="1" ISACTIVE="1" /><STEAD ID="68663449" OBJECTID="165149664" OBJECTGUID="0e095fc9-23c6-4bec-bdf3-05530e1fd26c" CHANGEID="600789932" NUMBER="356П" OPERTYPEID="10" PREVID="0" NEXTID="0" UPDATEDATE="2024-09-09" STARTDATE="2024-09-09" ENDDATE="2079-06-06" ISACTUAL="1" ISACTIVE="1" /><STEAD ID="68663469" OBJECTID="165149699" OBJECTGUID="3998ebfa-24bf-4cda-832e-7bc9e7b31d99" CHANGEID="600789990" NUMBER="10П" OPERTYPEID="10" PREVID="0" NEXTID="0" UPDATEDATE="2024-09-09" STARTDATE="2024-09-09" ENDDATE="2079-06-06" ISACTUAL="1" ISACTIVE="1" /><STEAD ID="68663482" OBJECTID="165149714" OBJECTGUID="ed954d3e-cf74-4421-b2d5-5b0e28ef071e" CHANGEID="600790017" NUMBER="279П" OPERTYPEID="10" PREVID="0" NEXTID="0" UPDATEDATE="2024-09-09" STARTDATE="2024-09-09" ENDDATE="2079-06-06" ISACTUAL="1" ISACTIVE="1" /><STEAD ID="68663505" OBJECTID="165149761" OBJECTGUID="de910047-1946-40e9-8406-4af780791a40" CHANGEID="600790089" NUMBER="33" OPERTYPEID="10" PREVID="0" NEXTID="0" UPDATEDATE="2024-09-09" STARTDATE="2024-09-09" ENDDATE="2079-06-06" ISACTUAL="1" ISACTIVE="1" /><STEAD ID="68663459" OBJECTID="165149681" OBJECTGUID="f012b9ab-d0bd-44d9-9ff2-9e50ecef8746" CHANGEID="600789961" NUMBER="1П" OPERTYPEID="10" PREVID="0" NEXTID="0" UPDATEDATE="2024-09-09" STARTDATE="2024-09-09" ENDDATE="2079-06-06" ISACTUAL="1" ISACTIVE="1" /><STEAD ID="68663498" OBJECTID="165149748" OBJECTGUID="3ac26bbf-0a5a-4d15-b669-896aed7b5a87" CHANGEID="600790064" NUMBER="35" OPERTYPEID="10" PREVID="0" NEXTID="0" UPDATEDATE="2024-09-09" STARTDATE="2024-09-09" ENDDATE="2079-06-06" ISACTUAL="1" ISACTIVE="1" /><STEAD ID="68663534" OBJECTID="165149881" OBJECTGUID="619e69cc-d854-40eb-964b-c6c88cb39f40" CHANGEID="600790298" NUMBER="42а" OPERTYPEID="10" PREVID="0" NEXTID="0" UPDATEDATE="2024-09-09" STARTDATE="2024-09-09" ENDDATE="2079-06-06" ISACTUAL="1" ISACTIVE="1" /><STEAD ID="68663544" OBJECTID="165149906" OBJECTGUID="ec0054ba-dfed-4e73-8f3e-6ab1fe9e56da" CHANGEID="600790351" NUMBER="34А" OPERTYPEID="10" PREVID="0" NEXTID="0" UPDATEDATE="2024-09-09" STARTDATE="2024-09-09" ENDDATE="2079-06-06" ISACTUAL="1" ISACTIVE="1" /><STEAD ID="68663551" OBJECTID="165149924" OBJECTGUID="a1875545-4932-499c-9e9d-8fadcf0c0683" CHANGEID="600790391" NUMBER="34" OPERTYPEID="10" PREVID="0" NEXTID="0" UPDATEDATE="2024-09-09" STARTDATE="2024-09-09" ENDDATE="2079-06-06" ISACTUAL="1" ISACTIVE="1" /><STEAD ID="68663552" OBJECTID="165149925" OBJECTGUID="f184c864-7ed1-41bd-b33a-74fdb4a4d4ba" CHANGEID="600790393" NUMBER="50А" OPERTYPEID="10" PREVID="0" NEXTID="0" UPDATEDATE="2024-09-09" STARTDATE="2024-09-09" ENDDATE="2079-06-06" ISACTUAL="1" ISACTIVE="1" /><STEAD ID="68663569" OBJECTID="165149949" OBJECTGUID="d8b1421c-f572-41a6-90af-fb3c9ed55acd" CHANGEID="600790444" NUMBER="11П" OPERTYPEID="10" PREVID="0" NEXTID="0" UPDATEDATE="2024-09-09" STARTDATE="2024-09-09" ENDDATE="2079-06-06" ISACTUAL="1" ISACTIVE="1" /><STEAD ID="68663804" OBJECTID="165150316" OBJECTGUID="86ed98f2-cd28-4a6d-b2bf-4cc23d1ce21a" CHANGEID="600791067" NUMBER="22" OPERTYPEID="10" PREVID="0" NEXTID="0" UPDATEDATE="2024-09-09" STARTDATE="2024-09-09" ENDDATE="2079-06-06" ISACTUAL="1" ISACTIVE="1" /><STEAD ID="7596490" OBJECTID="92130462" OBJECTGUID="1b31e7cb-d3a7-491b-b598-79caf9afffaf" CHANGEID="134923133" NUMBER="32а" OPERTYPEID="10" NEXTID="68667943" UPDATEDATE="2024-09-10" STARTDATE="2019-04-23" ENDDATE="2024-09-10" ISACTUAL="0" ISACTIVE="0" /><STEAD ID="68667943" OBJECTID="92130462" OBJECTGUID="1b31e7cb-d3a7-491b-b598-79caf9afffaf" CHANGEID="600808092" NUMBER="32А" OPERTYPEID="20" PREVID="7596490" UPDATEDATE="2024-09-10" STARTDATE="2024-09-10" ENDDATE="2079-06-06" ISACTUAL="1" ISACTIVE="1" /><STEAD ID="68675635" OBJECTID="165170168" OBJECTGUID="dd139a42-840b-495f-b6f2-c70c3c11d910" CHANGEID="600826605" NUMBER="26П" OPERTYPEID="10" PREVID="0" NEXTID="0" UPDATEDATE="2024-09-10" STARTDATE="2024-09-10" ENDDATE="2079-06-06" ISACTUAL="1" ISACTIVE="1" /><STEAD ID="68675657" OBJECTID="165170194" OBJECTGUID="8c019c28-0e86-4cce-85d1-9b5f313f9e07" CHANGEID="600826640" NUMBER="10П" OPERTYPEID="10" PREVID="0" NEXTID="0" UPDATEDATE="2024-09-10" STARTDATE="2024-09-10" ENDDATE="2079-06-06" ISACTUAL="1" ISACTIVE="1" /><STEAD ID="68675680" OBJECTID="165170244" OBJECTGUID="44c3c6d9-89ce-4219-9a59-32f671f0f4c1" CHANGEID="600826703" NUMBER="7П" OPERTYPEID="10" PREVID="0" NEXTID="0" UPDATEDATE="2024-09-10" STARTDATE="2024-09-10" ENDDATE="2079-06-06" ISACTUAL="1" ISACTIVE="1" /><STEAD ID="68675795" OBJECTID="165170391" OBJECTGUID="dc5e44eb-f087-421b-96f8-44a60840263c" CHANGEID="600826923" NUMBER="12П" OPERTYPEID="10" PREVID="0" NEXTID="0" UPDATEDATE="2024-09-10" STARTDATE="2024-09-10" ENDDATE="2079-06-06" ISACTUAL="1" ISACTIVE="1" /><STEAD ID="68675786" OBJECTID="165170378" OBJECTGUID="a89f5767-6c23-4d31-aff0-ca89f82350bb" CHANGEID="600826904" NUMBER="16П" OPERTYPEID="10" PREVID="0" NEXTID="0" UPDATEDATE="2024-09-10" STARTDATE="2024-09-10" ENDDATE="2079-06-06" ISACTUAL="1" ISACTIVE="1" /><STEAD ID="68675851" OBJECTID="165170480" OBJECTGUID="7c71a885-d44c-4b0f-851d-eb41c2aa3c9b" CHANGEID="600827018" NUMBER="14П" OPERTYPEID="10" PREVID="0" NEXTID="0" UPDATEDATE="2024-09-10" STARTDATE="2024-09-10" ENDDATE="2079-06-06" ISACTUAL="1" ISACTIVE="1" /><STEAD ID="68675860" OBJECTID="165170510" OBJECTGUID="fe992a6c-a1d1-4c26-bbbd-70d6cfddcb94" CHANGEID="600827055" NUMBER="57П" OPERTYPEID="10" PREVID="0" NEXTID="0" UPDATEDATE="2024-09-10" STARTDATE="2024-09-10" ENDDATE="2079-06-06" ISACTUAL="1" ISACTIVE="1" /><STEAD ID="68675881" OBJECTID="165170536" OBJECTGUID="0ddc310b-1a75-4214-b457-79773276b0d9" CHANGEID="600827091" NUMBER="84П" OPERTYPEID="10" PREVID="0" NEXTID="0" UPDATEDATE="2024-09-10" STARTDATE="2024-09-10" ENDDATE="2079-06-06" ISACTUAL="1" ISACTIVE="1" /><STEAD ID="68675930" OBJECTID="165170601" OBJECTGUID="73318475-3ed1-421e-b07a-59f311ca9c12" CHANGEID="600827178" NUMBER="48П" OPERTYPEID="10" PREVID="0" NEXTID="0" UPDATEDATE="2024-09-10" STARTDATE="2024-09-10" ENDDATE="2079-06-06" ISACTUAL="1" ISACTIVE="1" /><STEAD ID="68676991" OBJECTID="165172341" OBJECTGUID="781b2a32-d66b-4f35-8236-8e576b37057f" CHANGEID="600830157" NUMBER="89Б" OPERTYPEID="10" PREVID="0" NEXTID="0" UPDATEDATE="2024-09-10" STARTDATE="2024-09-10" ENDDATE="2079-06-06" ISACTUAL="1" ISACTIVE="1" /><STEAD ID="68677875" OBJECTID="165173625" OBJECTGUID="53af9011-4ba4-401d-a203-f8ae36ee284e" CHANGEID="600832499" NUMBER="40" OPERTYPEID="10" PREVID="0" NEXTID="0" UPDATEDATE="2024-09-10" STARTDATE="2024-09-10" ENDDATE="2079-06-06" ISACTUAL="1" ISACTIVE="1" /><STEAD ID="68681415" OBJECTID="165179546" OBJECTGUID="910a25ee-2704-4b2d-9c96-8d64009fa0d5" CHANGEID="600841691" NUMBER="169" OPERTYPEID="10" PREVID="0" NEXTID="0" UPDATEDATE="2024-09-10" STARTDATE="2024-09-10" ENDDATE="2079-06-06" ISACTUAL="1" ISACTIVE="1" /><STEAD ID="68681428" OBJECTID="165179566" OBJECTGUID="475eb01a-9061-4504-9800-dfaff56a50e8" CHANGEID="600841737" NUMBER="13" OPERTYPEID="10" PREVID="0" NEXTID="0" UPDATEDATE="2024-09-10" STARTDATE="2024-09-10" ENDDATE="2079-06-06" ISACTUAL="1" ISACTIVE="1" /><STEAD ID="7337949" OBJECTID="91872076" OBJECTGUID="ffaccf91-c8a1-4a74-acb8-2e7ba3daa197" CHANGEID="134643995" NUMBER="29" OPERTYPEID="10" NEXTID="68681446" UPDATEDATE="2024-09-10" STARTDATE="2019-07-25" ENDDATE="2024-09-10" ISACTUAL="0" ISACTIVE="0" /><STEAD ID="68681446" OBJECTID="91872076" OBJECTGUID="ffaccf91-c8a1-4a74-acb8-2e7ba3daa197" CHANGEID="600841795" NUMBER="29/2" OPERTYPEID="20" PREVID="7337949" UPDATEDATE="2024-09-10" STARTDATE="2024-09-10" ENDDATE="2079-06-06" ISACTUAL="1" ISACTIVE="1" /><STEAD ID="68681462" OBJECTID="165179614" OBJECTGUID="3ad4302b-5fed-4ab8-9ea4-45513736a2f2" CHANGEID="600841841" NUMBER="29/4" OPERTYPEID="10" PREVID="0" NEXTID="0" UPDATEDATE="2024-09-10" STARTDATE="2024-09-10" ENDDATE="2079-06-06" ISACTUAL="1" ISACTIVE="1" /><STEAD ID="68681452" OBJECTID="165179600" OBJECTGUID="048e16bc-c542-4ab0-a333-23aff1b00073" CHANGEID="600841808" NUMBER="29/1" OPERTYPEID="10" PREVID="0" NEXTID="0" UPDATEDATE="2024-09-10" STARTDATE="2024-09-10" ENDDATE="2079-06-06" ISACTUAL="1" ISACTIVE="1" /><STEAD ID="68681459" OBJECTID="165179609" OBJECTGUID="477b4274-1b1c-4bb8-9d71-63c30f9b9e49" CHANGEID="600841832" NUMBER="29/3" OPERTYPEID="10" PREVID="0" NEXTID="0" UPDATEDATE="2024-09-10" STARTDATE="2024-09-10" ENDDATE="2079-06-06" ISACTUAL="1" ISACTIVE="1" /><STEAD ID="68682383" OBJECTID="97324269" OBJECTGUID="da3a109f-c45f-4b6c-8f6a-25ef5cb3a899" CHANGEID="600845193" NUMBER="238" OPERTYPEID="30" PREVID="11909029" NEXTID="0" UPDATEDATE="2024-09-10" STARTDATE="2024-09-10" ENDDATE="2079-06-06" ISACTUAL="1" ISACTIVE="0" /><STEAD ID="68682408" OBJECTID="93901417" OBJECTGUID="bee2d015-5765-47b8-b8e1-917fdd5ff01e" CHANGEID="600845237" NUMBER="15" OPERTYPEID="30" PREVID="9368159" NEXTID="0" UPDATEDATE="2024-09-10" STARTDATE="2024-09-10" ENDDATE="2079-06-06" ISACTUAL="1" ISACTIVE="0" /><STEAD ID="68682428" OBJECTID="165181475" OBJECTGUID="36f947f9-87a5-459e-8ba0-6eb7a874b8c3" CHANGEID="600845279" NUMBER="48/1" OPERTYPEID="10" PREVID="0" NEXTID="0" UPDATEDATE="2024-09-10" STARTDATE="2024-09-10" ENDDATE="2079-06-06" ISACTUAL="1" ISACTIVE="1" /><STEAD ID="68682448" OBJECTID="165181499" OBJECTGUID="00b32af5-deb7-4253-81e8-cfb69cfad9ee" CHANGEID="600845307" NUMBER="48/2" OPERTYPEID="10" PREVID="0" NEXTID="0" UPDATEDATE="2024-09-10" STARTDATE="2024-09-10" ENDDATE="2079-06-06" ISACTUAL="1" ISACTIVE="1" /><STEAD ID="68682477" OBJECTID="97222882" OBJECTGUID="099253fb-e8c6-4757-9046-08ef9e3a1b41" CHANGEID="600845395" NUMBER="47" OPERTYPEID="30" PREVID="11847640" NEXTID="0" UPDATEDATE="2024-09-10" STARTDATE="2024-09-10" ENDDATE="2079-06-06" ISACTUAL="1" ISACTIVE="0" /><STEAD ID="68682493" OBJECTID="97324434" OBJECTGUID="faa8e807-7e18-4bce-904c-05a655480790" CHANGEID="600845416" NUMBER="4" OPERTYPEID="30" PREVID="11909164" NEXTID="0" UPDATEDATE="2024-09-10" STARTDATE="2024-09-10" ENDDATE="2079-06-06" ISACTUAL="1" ISACTIVE="0" /><STEAD ID="68682533" OBJECTID="98163143" OBJECTGUID="45997a34-0b54-48cd-bfe4-91efe23e6a14" CHANGEID="600845483" NUMBER="12" OPERTYPEID="30" PREVID="12364632" NEXTID="0" UPDATEDATE="2024-09-10" STARTDATE="2024-09-10" ENDDATE="2079-06-06" ISACTUAL="1" ISACTIVE="0" /><STEAD ID="68682713" OBJECTID="165181907" OBJECTGUID="7fa19010-6918-4e7c-870a-27df55c53be8" CHANGEID="600845863" NUMBER="2д/2" OPERTYPEID="10" PREVID="0" NEXTID="0" UPDATEDATE="2024-09-10" STARTDATE="2024-09-10" ENDDATE="2079-06-06" ISACTUAL="1" ISACTIVE="1" /><STEAD ID="68682718" OBJECTID="165181930" OBJECTGUID="b6d2b821-814b-408e-87b4-de2f9919c635" CHANGEID="600845903" NUMBER="2д/3" OPERTYPEID="10" PREVID="0" NEXTID="0" UPDATEDATE="2024-09-10" STARTDATE="2024-09-10" ENDDATE="2079-06-06" ISACTUAL="1" ISACTIVE="1" /><STEAD ID="68682726" OBJECTID="97133618" OBJECTGUID="9d154b2e-f7b0-492a-9999-027992b9a475" CHANGEID="600845965" NUMBER="72" OPERTYPEID="30" PREVID="11798810" NEXTID="0" UPDATEDATE="2024-09-10" STARTDATE="2024-09-10" ENDDATE="2079-06-06" ISACTUAL="1" ISACTIVE="0" /><STEAD ID="11798810" OBJECTID="97133618" OBJECTGUID="9d154b2e-f7b0-492a-9999-027992b9a475" CHANGEID="151866639" NUMBER="72" OPERTYPEID="10" PREVID="0" NEXTID="68682726" UPDATEDATE="2024-09-10" STARTDATE="2020-06-15" ENDDATE="2024-09-10" ISACTUAL="0" ISACTIVE="0" /><STEAD ID="68688761" OBJECTID="165193048" OBJECTGUID="1b85e080-92e4-47a6-87a6-5402d315fcd3" CHANGEID="600887321" NUMBER="97А" OPERTYPEID="10" PREVID="0" NEXTID="0" UPDATEDATE="2024-09-11" STARTDATE="2024-09-11" ENDDATE="2079-06-06" ISACTUAL="1" ISACTIVE="1" /><STEAD ID="68688762" OBJECTID="165193049" OBJECTGUID="41435408-a6aa-4ae6-8f3d-59f977207630" CHANGEID="600887322" NUMBER="97/1" OPERTYPEID="10" PREVID="0" NEXTID="0" UPDATEDATE="2024-09-11" STARTDATE="2024-09-11" ENDDATE="2079-06-06" ISACTUAL="1" ISACTIVE="1" /><STEAD ID="68688796" OBJECTID="89395824" OBJECTGUID="b516c504-8d89-48a1-a78b-6606ae809988" CHANGEID="600887569" NUMBER="67а" OPERTYPEID="30" PREVID="4859139" NEXTID="0" UPDATEDATE="2024-09-11" STARTDATE="2024-09-11" ENDDATE="2079-06-06" ISACTUAL="1" ISACTIVE="0" /><STEAD ID="4859139" OBJECTID="89395824" OBJECTGUID="b516c504-8d89-48a1-a78b-6606ae809988" CHANGEID="131859367" NUMBER="67а" OPERTYPEID="10" NEXTID="68688796" UPDATEDATE="2024-09-11" STARTDATE="2019-01-28" ENDDATE="2024-09-11" ISACTUAL="0" ISACTIVE="0" /><STEAD ID="68688797" OBJECTID="88477017" OBJECTGUID="5f750f4c-5b5c-4724-a2d7-a42f321439d0" CHANGEID="600887571" NUMBER="17" OPERTYPEID="30" PREVID="3938305" NEXTID="0" UPDATEDATE="2024-09-11" STARTDATE="2024-09-11" ENDDATE="2079-06-06" ISACTUAL="1" ISACTIVE="0" /><STEAD ID="3938305" OBJECTID="88477017" OBJECTGUID="5f750f4c-5b5c-4724-a2d7-a42f321439d0" CHANGEID="130791200" NUMBER="17" OPERTYPEID="10" NEXTID="68688797" UPDATEDATE="2024-09-11" STARTDATE="2019-01-23" ENDDATE="2024-09-11" ISACTUAL="0" ISACTIVE="0" /><STEAD ID="68688781" OBJECTID="91247938" OBJECTGUID="acfa95b6-0dc2-4cab-99cd-8cbb5273fa84" CHANGEID="600887545" NUMBER="154" OPERTYPEID="30" PREVID="6713370" NEXTID="0" UPDATEDATE="2024-09-11" STARTDATE="2024-09-11" ENDDATE="2079-06-06" ISACTUAL="1" ISACTIVE="0" /><STEAD ID="68688782" OBJECTID="89236079" OBJECTGUID="b6581e0e-5424-48d6-8987-231452ff5882" CHANGEID="600887547" NUMBER="37" OPERTYPEID="30" PREVID="4699057" NEXTID="0" UPDATEDATE="2024-09-11" STARTDATE="2024-09-11" ENDDATE="2079-06-06" ISACTUAL="1" ISACTIVE="0" /><STEAD ID="4699057" OBJECTID="89236079" OBJECTGUID="b6581e0e-5424-48d6-8987-231452ff5882" CHANGEID="131677928" NUMBER="37" OPERTYPEID="10" NEXTID="68688782" UPDATEDATE="2024-09-11" STARTDATE="2019-01-24" ENDDATE="2024-09-11" ISACTUAL="0" ISACTIVE="0" /><STEAD ID="68688794" OBJECTID="85192565" OBJECTGUID="fca7a412-9d29-4d3f-aa6b-54db59851bd5" CHANGEID="600887564" NUMBER="21" OPERTYPEID="30" PREVID="640378" NEXTID="0" UPDATEDATE="2024-09-11" STARTDATE="2024-09-11" ENDDATE="2079-06-06" ISACTUAL="1" ISACTIVE="0" /><STEAD ID="68688795" OBJECTID="97142610" OBJECTGUID="c668f857-01d4-48ea-945f-c5c974e45c5c" CHANGEID="600887566" NUMBER="120" OPERTYPEID="30" PREVID="11803931" NEXTID="0" UPDATEDATE="2024-09-11" STARTDATE="2024-09-11" ENDDATE="2079-06-06" ISACTUAL="1" ISACTIVE="0" /><STEAD ID="68688798" OBJECTID="88472191" OBJECTGUID="c8766445-9dde-4b40-b2d4-5c56e9b1ed64" CHANGEID="600887572" NUMBER="69" OPERTYPEID="30" PREVID="3933459" NEXTID="0" UPDATEDATE="2024-09-11" STARTDATE="2024-09-11" ENDDATE="2079-06-06" ISACTUAL="1" ISACTIVE="0" /><STEAD ID="3933459" OBJECTID="88472191" OBJECTGUID="c8766445-9dde-4b40-b2d4-5c56e9b1ed64" CHANGEID="130785488" NUMBER="69" OPERTYPEID="10" NEXTID="68688798" UPDATEDATE="2024-09-11" STARTDATE="2019-01-23" ENDDATE="2024-09-11" ISACTUAL="0" ISACTIVE="0" /><STEAD ID="68688863" OBJECTID="165193121" OBJECTGUID="70ae95c0-e89f-4e62-bc9a-48e814a5aa30" CHANGEID="600887679" NUMBER="38А" OPERTYPEID="10" PREVID="0" NEXTID="0" UPDATEDATE="2024-09-11" STARTDATE="2024-09-11" ENDDATE="2079-06-06" ISACTUAL="1" ISACTIVE="1" /><STEAD ID="68688877" OBJECTID="165193124" OBJECTGUID="908d4a87-25a9-449e-b094-ab2ec3ae9cfc" CHANGEID="600887695" NUMBER="64А" OPERTYPEID="10" PREVID="0" NEXTID="0" UPDATEDATE="2024-09-11" STARTDATE="2024-09-11" ENDDATE="2079-06-06" ISACTUAL="1" ISACTIVE="1" /><STEAD ID="68689910" OBJECTID="165196492" OBJECTGUID="dfdeb061-790f-409e-be8d-986e3c5a5578" CHANGEID="600891949" NUMBER="9" OPERTYPEID="10" PREVID="0" NEXTID="0" UPDATEDATE="2024-09-11" STARTDATE="2024-09-11" ENDDATE="2079-06-06" ISACTUAL="1" ISACTIVE="1" /><STEAD ID="68689917" OBJECTID="165196535" OBJECTGUID="32e862f6-a6ba-401f-bc55-d59b916d6aa8" CHANGEID="600892002" NUMBER="8" OPERTYPEID="10" PREVID="0" NEXTID="0" UPDATEDATE="2024-09-11" STARTDATE="2024-09-11" ENDDATE="2079-06-06" ISACTUAL="1" ISACTIVE="1" /><STEAD ID="68689911" OBJECTID="165196495" OBJECTGUID="ed143b5d-7014-4106-a966-9b8d59ac2747" CHANGEID="600891955" NUMBER="1" OPERTYPEID="10" PREVID="0" NEXTID="0" UPDATEDATE="2024-09-11" STARTDATE="2024-09-11" ENDDATE="2079-06-06" ISACTUAL="1" ISACTIVE="1" /><STEAD ID="68690327" OBJECTID="165197728" OBJECTGUID="07c6b314-b873-46ae-9f95-8c296c9f4c1d" CHANGEID="600893306" NUMBER="410" OPERTYPEID="10" PREVID="0" NEXTID="0" UPDATEDATE="2024-09-11" STARTDATE="2024-09-11" ENDDATE="2079-06-06" ISACTUAL="1" ISACTIVE="1" /><STEAD ID="68690325" OBJECTID="165197719" OBJECTGUID="b0dcf959-4364-4120-98df-03e7116016ad" CHANGEID="600893296" NUMBER="62А" OPERTYPEID="10" PREVID="0" NEXTID="0" UPDATEDATE="2024-09-11" STARTDATE="2024-09-11" ENDDATE="2079-06-06" ISACTUAL="1" ISACTIVE="1" /><STEAD ID="68692539" OBJECTID="165202440" OBJECTGUID="cbe783ab-7d8b-493c-9211-0b8e9fe51f39" CHANGEID="600900026" NUMBER="7" OPERTYPEID="10" PREVID="0" NEXTID="0" UPDATEDATE="2024-09-11" STARTDATE="2024-09-11" ENDDATE="2079-06-06" ISACTUAL="1" ISACTIVE="1" /><STEAD ID="68692602" OBJECTID="87066889" OBJECTGUID="a9548f1a-352f-4d77-9163-41dcbe769cd1" CHANGEID="600900139" NUMBER="13" OPERTYPEID="30" PREVID="2523483" NEXTID="0" UPDATEDATE="2024-09-11" STARTDATE="2024-09-11" ENDDATE="2079-06-06" ISACTUAL="1" ISACTIVE="0" /><STEAD ID="68692603" OBJECTID="90178871" OBJECTGUID="5b043c8a-48db-464c-82b2-5133d976b5b2" CHANGEID="600900143" NUMBER="39/2" OPERTYPEID="30" PREVID="5643274" NEXTID="0" UPDATEDATE="2024-09-11" STARTDATE="2024-09-11" ENDDATE="2079-06-06" ISACTUAL="1" ISACTIVE="0" /><STEAD ID="5643274" OBJECTID="90178871" OBJECTGUID="5b043c8a-48db-464c-82b2-5133d976b5b2" CHANGEID="132741643" NUMBER="39/2" OPERTYPEID="10" NEXTID="68692603" UPDATEDATE="2024-09-11" STARTDATE="2019-03-29" ENDDATE="2024-09-11" ISACTUAL="0" ISACTIVE="0" /><STEAD ID="68692605" OBJECTID="85679577" OBJECTGUID="5e4d8464-a978-433d-917a-b34ce1428fc3" CHANGEID="600900147" NUMBER="11" OPERTYPEID="30" PREVID="1129995" NEXTID="0" UPDATEDATE="2024-09-11" STARTDATE="2024-09-11" ENDDATE="2079-06-06" ISACTUAL="1" ISACTIVE="0" /><STEAD ID="1129995" OBJECTID="85679577" OBJECTGUID="5e4d8464-a978-433d-917a-b34ce1428fc3" CHANGEID="127195506" NUMBER="11" OPERTYPEID="10" NEXTID="68692605" UPDATEDATE="2024-09-11" STARTDATE="2019-01-28" ENDDATE="2024-09-11" ISACTUAL="0" ISACTIVE="0" /><STEAD ID="68692538" OBJECTID="91485565" OBJECTGUID="bf9efa47-0085-46a6-8a7f-f2bed77e7564" CHANGEID="600900025" NUMBER="5" OPERTYPEID="20" PREVID="6951136" UPDATEDATE="2024-09-11" STARTDATE="2024-09-11" ENDDATE="2079-06-06" ISACTUAL="1" ISACTIVE="1" /><STEAD ID="68693204" OBJECTID="97341496" OBJECTGUID="c55f87a3-1ef1-48c8-8575-f153d01d1c4d" CHANGEID="600901539" NUMBER="133" OPERTYPEID="30" PREVID="11920489" NEXTID="0" UPDATEDATE="2024-09-11" STARTDATE="2024-09-11" ENDDATE="2079-06-06" ISACTUAL="1" ISACTIVE="0" /><STEAD ID="68693224" OBJECTID="89562094" OBJECTGUID="36e6b077-dd79-4ae6-af2f-752dad5b7f73" CHANGEID="600901626" NUMBER="39/3" OPERTYPEID="30" PREVID="5025636" NEXTID="0" UPDATEDATE="2024-09-11" STARTDATE="2024-09-11" ENDDATE="2079-06-06" ISACTUAL="1" ISACTIVE="0" /><STEAD ID="68693344" OBJECTID="97341519" OBJECTGUID="72e5c00a-ae7e-44bf-b890-09ad82e77aaa" CHANGEID="600902042" NUMBER="130" OPERTYPEID="30" PREVID="11920511" NEXTID="0" UPDATEDATE="2024-09-11" STARTDATE="2024-09-11" ENDDATE="2079-06-06" ISACTUAL="1" ISACTIVE="0" /><STEAD ID="68693335" OBJECTID="97341506" OBJECTGUID="7974f674-00cc-4b5b-b5ae-17f032a45a59" CHANGEID="600901987" NUMBER="132" OPERTYPEID="30" PREVID="11920499" NEXTID="0" UPDATEDATE="2024-09-11" STARTDATE="2024-09-11" ENDDATE="2079-06-06" ISACTUAL="1" ISACTIVE="0" /><STEAD ID="11920499" OBJECTID="97341506" OBJECTGUID="7974f674-00cc-4b5b-b5ae-17f032a45a59" CHANGEID="152489570" NUMBER="132" OPERTYPEID="10" PREVID="0" NEXTID="68693335" UPDATEDATE="2024-09-11" STARTDATE="2020-06-30" ENDDATE="2024-09-11" ISACTUAL="0" ISACTIVE="0" /><STEAD ID="68694155" OBJECTID="97341547" OBJECTGUID="2ade2755-d8d5-4d3a-9fe4-d1063981d3fa" CHANGEID="600904182" NUMBER="131" OPERTYPEID="30" PREVID="11920537" NEXTID="0" UPDATEDATE="2024-09-11" STARTDATE="2024-09-11" ENDDATE="2079-06-06" ISACTUAL="1" ISACTIVE="0" /><STEAD ID="11920537" OBJECTID="97341547" OBJECTGUID="2ade2755-d8d5-4d3a-9fe4-d1063981d3fa" CHANGEID="152489614" NUMBER="131" OPERTYPEID="10" PREVID="0" NEXTID="68694155" UPDATEDATE="2024-09-11" STARTDATE="2020-06-30" ENDDATE="2024-09-11" ISACTUAL="0" ISACTIVE="0" /><STEAD ID="68694811" OBJECTID="165205980" OBJECTGUID="e6c1311a-91b7-4388-9f97-6135277ae4f7" CHANGEID="600905179" NUMBER="10" OPERTYPEID="10" PREVID="0" NEXTID="0" UPDATEDATE="2024-09-11" STARTDATE="2024-09-11" ENDDATE="2079-06-06" ISACTUAL="1" ISACTIVE="1" /><STEAD ID="68694812" OBJECTID="165205981" OBJECTGUID="ef2399ac-3c39-4998-a851-04eced757c64" CHANGEID="600905180" NUMBER="1б" OPERTYPEID="10" PREVID="0" NEXTID="0" UPDATEDATE="2024-09-11" STARTDATE="2024-09-11" ENDDATE="2079-06-06" ISACTUAL="1" ISACTIVE="1" /><STEAD ID="68694925" OBJECTID="101079976" OBJECTGUID="59a28251-f1b5-42f3-9989-e9ae41eeafb5" CHANGEID="600905369" NUMBER="33" OPERTYPEID="30" PREVID="14067546" NEXTID="0" UPDATEDATE="2024-09-11" STARTDATE="2024-09-11" ENDDATE="2079-06-06" ISACTUAL="1" ISACTIVE="0" /><STEAD ID="68694945" OBJECTID="87529262" OBJECTGUID="fdf128b5-2731-414e-8558-0656f245aaf9" CHANGEID="600905422" NUMBER="30" OPERTYPEID="30" PREVID="65940469" NEXTID="0" UPDATEDATE="2024-09-11" STARTDATE="2024-09-11" ENDDATE="2079-06-06" ISACTUAL="1" ISACTIVE="0" /><STEAD ID="68694981" OBJECTID="87052833" OBJECTGUID="3c239321-8bd8-44d7-804d-7268024b346a" CHANGEID="600905490" NUMBER="59" OPERTYPEID="30" PREVID="2509347" NEXTID="0" UPDATEDATE="2024-09-11" STARTDATE="2024-09-11" ENDDATE="2079-06-06" ISACTUAL="1" ISACTIVE="0" /><STEAD ID="2509347" OBJECTID="87052833" OBJECTGUID="3c239321-8bd8-44d7-804d-7268024b346a" CHANGEID="129022660" NUMBER="59" OPERTYPEID="10" NEXTID="68694981" UPDATEDATE="2024-09-11" STARTDATE="2019-01-28" ENDDATE="2024-09-11" ISACTUAL="0" ISACTIVE="0" /><STEAD ID="6389895" OBJECTID="90924691" OBJECTGUID="333322f1-2ac3-4f27-9719-0079461d4873" CHANGEID="133581058" NUMBER="9б" OPERTYPEID="10" NEXTID="68697583" UPDATEDATE="2024-09-11" STARTDATE="2019-04-10" ENDDATE="2024-09-11" ISACTUAL="0" ISACTIVE="0" /><STEAD ID="68697583" OBJECTID="90924691" OBJECTGUID="333322f1-2ac3-4f27-9719-0079461d4873" CHANGEID="600913309" NUMBER="9Б" OPERTYPEID="20" PREVID="6389895" UPDATEDATE="2024-09-11" STARTDATE="2024-09-11" ENDDATE="2079-06-06" ISACTUAL="1" ISACTIVE="1" /><STEAD ID="68699438" OBJECTID="91126542" OBJECTGUID="3f3204b1-6551-4309-836d-192c73290145" CHANGEID="600917278" NUMBER="51А" OPERTYPEID="20" PREVID="6591891" UPDATEDATE="2024-09-11" STARTDATE="2024-09-11" ENDDATE="2079-06-06" ISACTUAL="1" ISACTIVE="1" /><STEAD ID="6665985" OBJECTID="91200589" OBJECTGUID="523148a7-682d-4c11-acf4-35f07f1288fe" CHANGEID="133896471" NUMBER="168а" OPERTYPEID="10" NEXTID="68699978" UPDATEDATE="2024-09-11" STARTDATE="2019-05-22" ENDDATE="2024-09-11" ISACTUAL="0" ISACTIVE="0" /><STEAD ID="68699978" OBJECTID="91200589" OBJECTGUID="523148a7-682d-4c11-acf4-35f07f1288fe" CHANGEID="600918747" NUMBER="168А" OPERTYPEID="20" PREVID="6665985" UPDATEDATE="2024-09-11" STARTDATE="2024-09-11" ENDDATE="2079-06-06" ISACTUAL="1" ISACTIVE="1" /><STEAD ID="68700466" OBJECTID="91203067" OBJECTGUID="46594cbd-853c-49d8-91ff-00e65d932ad8" CHANGEID="600919550" NUMBER="212А" OPERTYPEID="20" PREVID="6668592" UPDATEDATE="2024-09-11" STARTDATE="2024-09-11" ENDDATE="2079-06-06" ISACTUAL="1" ISACTIVE="1" /><STEAD ID="6669281" OBJECTID="91203875" OBJECTGUID="89d585c1-24fc-4a40-9b0f-abf6b5ab3db2" CHANGEID="133900204" NUMBER="313б" OPERTYPEID="10" NEXTID="68700510" UPDATEDATE="2024-09-11" STARTDATE="2019-03-27" ENDDATE="2024-09-11" ISACTUAL="0" ISACTIVE="0" /><STEAD ID="68700510" OBJECTID="91203875" OBJECTGUID="89d585c1-24fc-4a40-9b0f-abf6b5ab3db2" CHANGEID="600919631" NUMBER="313Б" OPERTYPEID="20" PREVID="6669281" UPDATEDATE="2024-09-11" STARTDATE="2024-09-11" ENDDATE="2079-06-06" ISACTUAL="1" ISACTIVE="1" /><STEAD ID="6689019" OBJECTID="91223592" OBJECTGUID="947aa5c5-f157-419c-8f37-cd4ff1ed8484" CHANGEID="133922425" NUMBER="68а" OPERTYPEID="10" NEXTID="68701015" UPDATEDATE="2024-09-11" STARTDATE="2019-05-21" ENDDATE="2024-09-11" ISACTUAL="0" ISACTIVE="0" /><STEAD ID="68701015" OBJECTID="91223592" OBJECTGUID="947aa5c5-f157-419c-8f37-cd4ff1ed8484" CHANGEID="600921543" NUMBER="68А" OPERTYPEID="20" PREVID="6689019" UPDATEDATE="2024-09-11" STARTDATE="2024-09-11" ENDDATE="2079-06-06" ISACTUAL="1" ISACTIVE="1" /><STEAD ID="6689923" OBJECTID="91224497" OBJECTGUID="e2066fc2-736e-4538-9860-402541943151" CHANGEID="133923472" NUMBER="12а" OPERTYPEID="10" NEXTID="68702270" UPDATEDATE="2024-09-11" STARTDATE="2019-03-28" ENDDATE="2024-09-11" ISACTUAL="0" ISACTIVE="0" /><STEAD ID="68702270" OBJECTID="91224497" OBJECTGUID="e2066fc2-736e-4538-9860-402541943151" CHANGEID="600924872" NUMBER="12А" OPERTYPEID="20" PREVID="6689923" UPDATEDATE="2024-09-11" STARTDATE="2024-09-11" ENDDATE="2079-06-06" ISACTUAL="1" ISACTIVE="1" /><STEAD ID="6691113" OBJECTID="91225690" OBJECTGUID="7393abd8-2d06-42ea-b64e-5b3a31347027" CHANGEID="133924851" NUMBER="2б" OPERTYPEID="10" NEXTID="68702282" UPDATEDATE="2024-09-11" STARTDATE="2019-05-21" ENDDATE="2024-09-11" ISACTUAL="0" ISACTIVE="0" /><STEAD ID="68702282" OBJECTID="91225690" OBJECTGUID="7393abd8-2d06-42ea-b64e-5b3a31347027" CHANGEID="600924911" NUMBER="2Б" OPERTYPEID="20" PREVID="6691113" UPDATEDATE="2024-09-11" STARTDATE="2024-09-11" ENDDATE="2079-06-06" ISACTUAL="1" ISACTIVE="1" /><STEAD ID="6700163" OBJECTID="91234722" OBJECTGUID="daf9610f-c367-44f5-b738-4f4016651925" CHANGEID="133935144" NUMBER="271а" OPERTYPEID="10" NEXTID="68702399" UPDATEDATE="2024-09-11" STARTDATE="2019-05-22" ENDDATE="2024-09-11" ISACTUAL="0" ISACTIVE="0" /><STEAD ID="68702399" OBJECTID="91234722" OBJECTGUID="daf9610f-c367-44f5-b738-4f4016651925" CHANGEID="600925208" NUMBER="271А" OPERTYPEID="20" PREVID="6700163" UPDATEDATE="2024-09-11" STARTDATE="2024-09-11" ENDDATE="2079-06-06" ISACTUAL="1" ISACTIVE="1" /><STEAD ID="6833276" OBJECTID="91367765" OBJECTGUID="949238db-f1e1-40c1-82aa-d1abbca729ca" CHANGEID="134084339" NUMBER="104б" OPERTYPEID="10" NEXTID="68702484" UPDATEDATE="2024-09-11" STARTDATE="2019-04-10" ENDDATE="2024-09-11" ISACTUAL="0" ISACTIVE="0" /><STEAD ID="68702484" OBJECTID="91367765" OBJECTGUID="949238db-f1e1-40c1-82aa-d1abbca729ca" CHANGEID="600925385" NUMBER="104Б" OPERTYPEID="20" PREVID="6833276" UPDATEDATE="2024-09-11" STARTDATE="2024-09-11" ENDDATE="2079-06-06" ISACTUAL="1" ISACTIVE="1" /><STEAD ID="68702683" OBJECTID="165218295" OBJECTGUID="96e5ebda-2ef6-4a6f-88f2-c32e3c741b55" CHANGEID="600925786" NUMBER="153" OPERTYPEID="10" PREVID="0" NEXTID="0" UPDATEDATE="2024-09-11" STARTDATE="2024-09-11" ENDDATE="2079-06-06" ISACTUAL="1" ISACTIVE="1" /><STEAD ID="6864501" OBJECTID="91398986" OBJECTGUID="a00a6c24-1282-42a3-88b9-a0e5728da748" CHANGEID="134118965" NUMBER="111а" OPERTYPEID="10" NEXTID="68702921" UPDATEDATE="2024-09-11" STARTDATE="2019-04-10" ENDDATE="2024-09-11" ISACTUAL="0" ISACTIVE="0" /><STEAD ID="68702921" OBJECTID="91398986" OBJECTGUID="a00a6c24-1282-42a3-88b9-a0e5728da748" CHANGEID="600926468" NUMBER="111А" OPERTYPEID="20" PREVID="6864501" UPDATEDATE="2024-09-11" STARTDATE="2024-09-11" ENDDATE="2079-06-06" ISACTUAL="1" ISACTIVE="1" /><STEAD ID="7982278" OBJECTID="92516061" OBJECTGUID="24ea2fd8-6293-46f2-bd6d-45f868a201bc" CHANGEID="135336958" NUMBER="15а" OPERTYPEID="10" NEXTID="68703056" UPDATEDATE="2024-09-11" STARTDATE="2019-04-01" ENDDATE="2024-09-11" ISACTUAL="0" ISACTIVE="0" /><STEAD ID="68703056" OBJECTID="92516061" OBJECTGUID="24ea2fd8-6293-46f2-bd6d-45f868a201bc" CHANGEID="600927442" NUMBER="15А" OPERTYPEID="20" PREVID="7982278" UPDATEDATE="2024-09-11" STARTDATE="2024-09-11" ENDDATE="2079-06-06" ISACTUAL="1" ISACTIVE="1" /><STEAD ID="7984434" OBJECTID="92518187" OBJECTGUID="3897c505-33d3-4086-804a-b9dae31d0db2" CHANGEID="135339180" NUMBER="66а" OPERTYPEID="10" NEXTID="68703113" UPDATEDATE="2024-09-11" STARTDATE="2019-04-01" ENDDATE="2024-09-11" ISACTUAL="0" ISACTIVE="0" /><STEAD ID="68703113" OBJECTID="92518187" OBJECTGUID="3897c505-33d3-4086-804a-b9dae31d0db2" CHANGEID="600927703" NUMBER="66А" OPERTYPEID="20" PREVID="7984434" UPDATEDATE="2024-09-11" STARTDATE="2024-09-11" ENDDATE="2079-06-06" ISACTUAL="1" ISACTIVE="1" /><STEAD ID="7984704" OBJECTID="92518457" OBJECTGUID="3e67893d-f461-47bf-9fd6-ae1455cfb044" CHANGEID="135339464" NUMBER="168г" OPERTYPEID="10" NEXTID="68703138" UPDATEDATE="2024-09-11" STARTDATE="2019-05-21" ENDDATE="2024-09-11" ISACTUAL="0" ISACTIVE="0" /><STEAD ID="68703138" OBJECTID="92518457" OBJECTGUID="3e67893d-f461-47bf-9fd6-ae1455cfb044" CHANGEID="600928441" NUMBER="168Г" OPERTYPEID="20" PREVID="7984704" UPDATEDATE="2024-09-11" STARTDATE="2024-09-11" ENDDATE="2079-06-06" ISACTUAL="1" ISACTIVE="1" /><STEAD ID="8069333" OBJECTID="92603044" OBJECTGUID="3473b264-7e6a-423e-8ec7-6f3e8943ba04" CHANGEID="135429789" NUMBER="82а" OPERTYPEID="10" NEXTID="68703349" UPDATEDATE="2024-09-11" STARTDATE="2019-04-01" ENDDATE="2024-09-11" ISACTUAL="0" ISACTIVE="0" /><STEAD ID="68703349" OBJECTID="92603044" OBJECTGUID="3473b264-7e6a-423e-8ec7-6f3e8943ba04" CHANGEID="600928831" NUMBER="82А" OPERTYPEID="20" PREVID="8069333" UPDATEDATE="2024-09-11" STARTDATE="2024-09-11" ENDDATE="2079-06-06" ISACTUAL="1" ISACTIVE="1" /><STEAD ID="68703681" OBJECTID="165219713" OBJECTGUID="1566df87-5188-4d8f-83d0-85f6de507cf2" CHANGEID="600929453" NUMBER="134" OPERTYPEID="10" PREVID="0" NEXTID="0" UPDATEDATE="2024-09-11" STARTDATE="2024-09-11" ENDDATE="2079-06-06" ISACTUAL="1" ISACTIVE="1" /><STEAD ID="68703780" OBJECTID="92607468" OBJECTGUID="71e92f53-4baa-44f8-a77c-29c1f9bf53a7" CHANGEID="600930046" NUMBER="36А" OPERTYPEID="20" PREVID="8073760" UPDATEDATE="2024-09-11" STARTDATE="2024-09-11" ENDDATE="2079-06-06" ISACTUAL="1" ISACTIVE="1" /><STEAD ID="68703966" OBJECTID="165220139" OBJECTGUID="83e0444c-9210-4944-b343-46a0e04e7122" CHANGEID="600930437" NUMBER="10а" OPERTYPEID="10" PREVID="0" NEXTID="0" UPDATEDATE="2024-09-11" STARTDATE="2024-09-11" ENDDATE="2079-06-06" ISACTUAL="1" ISACTIVE="1" /><STEAD ID="68704181" OBJECTID="165220421" OBJECTGUID="6e7af7f1-f586-46d2-81b7-0caa346a2dee" CHANGEID="600930893" NUMBER="84/1" OPERTYPEID="10" PREVID="0" NEXTID="0" UPDATEDATE="2024-09-11" STARTDATE="2024-09-11" ENDDATE="2079-06-06" ISACTUAL="1" ISACTIVE="1" /><STEAD ID="68704524" OBJECTID="165220800" OBJECTGUID="96705b1d-a280-40a9-87e8-e48a107e7bfb" CHANGEID="600931697" NUMBER="1а" OPERTYPEID="10" PREVID="0" NEXTID="0" UPDATEDATE="2024-09-11" STARTDATE="2024-09-11" ENDDATE="2079-06-06" ISACTUAL="1" ISACTIVE="1" /></STEADS>