﻿<?xml version="1.0" encoding="utf-8"?><ADDRESSOBJECTS><OBJECT ID="52125960" OBJECTID="165107912" OBJECTGUID="5b531c0a-417e-4a00-b31f-d064e5909fee" CHANGEID="600592648" NAME="Рубиновая" TYPENAME="ул." LEVEL="8" OPERTYPEID="10" PREVID="0" NEXTID="0" UPDATEDATE="2024-09-06" STARTDATE="2024-09-06" ENDDATE="2079-06-06" ISACTUAL="1" ISACTIVE="1" /><OBJECT ID="52125961" OBJECTID="165107913" OBJECTGUID="5d27993f-e7ee-4918-85a9-232f1bd753ee" CHANGEID="600592649" NAME="Сапфировая" TYPENAME="ул." LEVEL="8" OPERTYPEID="10" PREVID="0" NEXTID="0" UPDATEDATE="2024-09-06" STARTDATE="2024-09-06" ENDDATE="2079-06-06" ISACTUAL="1" ISACTIVE="1" /><OBJECT ID="52125962" OBJECTID="165107914" OBJECTGUID="bf6c9ca8-30df-468e-ad83-7e685b5c4b0e" CHANGEID="600592650" NAME="Изумрудная" TYPENAME="ул." LEVEL="8" OPERTYPEID="10" PREVID="0" NEXTID="0" UPDATEDATE="2024-09-06" STARTDATE="2024-09-06" ENDDATE="2079-06-06" ISACTUAL="1" ISACTIVE="1" /><OBJECT ID="52125963" OBJECTID="165107915" OBJECTGUID="6208d499-69fa-41a9-a5e3-7c3cbc4d4be6" CHANGEID="600592651" NAME="Бриллиантовая" TYPENAME="ул." LEVEL="8" OPERTYPEID="10" PREVID="0" NEXTID="0" UPDATEDATE="2024-09-06" STARTDATE="2024-09-06" ENDDATE="2079-06-06" ISACTUAL="1" ISACTIVE="1" /><OBJECT ID="52125964" OBJECTID="165107946" OBJECTGUID="9f215fa1-8da9-4df9-9882-c9e341b87ce9" CHANGEID="600592731" NAME="Кирпичная" TYPENAME="ул." LEVEL="8" OPERTYPEID="10" PREVID="0" NEXTID="0" UPDATEDATE="2024-09-06" STARTDATE="2024-09-06" ENDDATE="2079-06-06" ISACTUAL="1" ISACTIVE="1" /><OBJECT ID="52126066" OBJECTID="165139124" OBJECTGUID="647d590a-c935-43d6-8d2b-12fc7b2d14aa" CHANGEID="600772666" NAME="Лобозова" TYPENAME="пр-д" LEVEL="8" OPERTYPEID="10" PREVID="0" NEXTID="0" UPDATEDATE="2024-09-09" STARTDATE="2024-09-09" ENDDATE="2079-06-06" ISACTUAL="1" ISACTIVE="1" /><OBJECT ID="1521939" OBJECTID="1229796" OBJECTGUID="c0774aa6-fd6c-4320-bae9-9e0fbf6b4db1" CHANGEID="3361326" NAME="Блинные кучи" TYPENAME="д" LEVEL="6" OPERTYPEID="1" PREVID="0" NEXTID="52126086" UPDATEDATE="2024-09-09" STARTDATE="1900-01-01" ENDDATE="2024-09-09" ISACTUAL="0" ISACTIVE="0" /><OBJECT ID="52126086" OBJECTID="1229796" OBJECTGUID="c0774aa6-fd6c-4320-bae9-9e0fbf6b4db1" CHANGEID="600776872" NAME="Блинные Кучи" TYPENAME="д" LEVEL="6" OPERTYPEID="20" PREVID="1521939" UPDATEDATE="2024-09-09" STARTDATE="2024-09-09" ENDDATE="2079-06-06" ISACTUAL="1" ISACTIVE="1" /><OBJECT ID="52126151" OBJECTID="101335007" OBJECTGUID="3e375bdc-ea07-46d1-b034-4f2e62ae65ca" CHANGEID="600787342" NAME="Центральная" TYPENAME="ул" LEVEL="8" OPERTYPEID="40" PREVID="1911988" UPDATEDATE="2024-09-09" STARTDATE="2024-09-09" ENDDATE="2079-06-06" ISACTUAL="1" ISACTIVE="1" /><OBJECT ID="1911988" OBJECTID="101335007" OBJECTGUID="3e375bdc-ea07-46d1-b034-4f2e62ae65ca" CHANGEID="193456237" NAME="Центральная" TYPENAME="ул" LEVEL="8" OPERTYPEID="10" PREVID="0" NEXTID="52126151" UPDATEDATE="2024-09-09" STARTDATE="2021-05-26" ENDDATE="2024-09-09" ISACTUAL="0" ISACTIVE="0" /><OBJECT ID="1537398" OBJECTID="1243895" OBJECTGUID="4debb3ea-aa98-462a-9bf2-d52630133d12" CHANGEID="3395730" NAME="Центральная" TYPENAME="ул" LEVEL="8" OPERTYPEID="1" PREVID="0" NEXTID="52126152" UPDATEDATE="2024-09-09" STARTDATE="1900-01-01" ENDDATE="2024-09-09" ISACTUAL="0" ISACTIVE="0" /><OBJECT ID="52126152" OBJECTID="1243895" OBJECTGUID="4debb3ea-aa98-462a-9bf2-d52630133d12" CHANGEID="600787343" NAME="Центральная" TYPENAME="ул" LEVEL="8" OPERTYPEID="42" PREVID="1537398" NEXTID="52126151" UPDATEDATE="2024-09-09" STARTDATE="2024-09-09" ENDDATE="2079-06-06" ISACTUAL="1" ISACTIVE="0" /><OBJECT ID="52126518" OBJECTID="165218584" OBJECTGUID="216b6233-1bfe-4145-83c1-f54af64a609c" CHANGEID="600926286" NAME="Победы" TYPENAME="ул." LEVEL="8" OPERTYPEID="10" PREVID="0" NEXTID="0" UPDATEDATE="2024-09-11" STARTDATE="2024-09-11" ENDDATE="2079-06-06" ISACTUAL="1" ISACTIVE="1" /></ADDRESSOBJECTS>