﻿<?xml version="1.0" encoding="utf-8"?><HOUSES><HOUSE ID="57583005" OBJECTID="59591271" OBJECTGUID="5790b402-7f23-4775-bae5-3cc43787fcc1" CHANGEID="89004480" HOUSENUM="5" HOUSETYPE="2" OPERTYPEID="20" PREVID="35683781" NEXTID="126742046" UPDATEDATE="2024-09-09" STARTDATE="2016-01-14" ENDDATE="2024-09-09" ISACTUAL="0" ISACTIVE="0" /><HOUSE ID="58951644" OBJECTID="59597736" OBJECTGUID="6ae0b40c-1c84-4396-869d-d3e52e59fa10" CHANGEID="89014734" HOUSENUM="8" HOUSETYPE="2" OPERTYPEID="20" PREVID="35688425" NEXTID="126742039" UPDATEDATE="2024-09-09" STARTDATE="2016-01-14" ENDDATE="2024-09-09" ISACTUAL="0" ISACTIVE="0" /><HOUSE ID="60180375" OBJECTID="28826995" OBJECTGUID="7c35e61d-98af-4b6b-a114-044fa268a84c" CHANGEID="44298048" HOUSENUM="6" HOUSETYPE="2" OPERTYPEID="20" PREVID="17103605" NEXTID="126752533" UPDATEDATE="2024-09-10" STARTDATE="2015-12-15" ENDDATE="2024-09-10" ISACTUAL="0" ISACTIVE="0" /><HOUSE ID="72397627" OBJECTID="104596023" OBJECTGUID="c772588d-18d6-43e0-b259-2166c4403abc" CHANGEID="283436070" HOUSENUM="13б" HOUSETYPE="2" OPERTYPEID="10" PREVID="0" NEXTID="126741034" UPDATEDATE="2024-09-09" STARTDATE="2022-05-30" ENDDATE="2024-09-09" ISACTUAL="0" ISACTIVE="0" /><HOUSE ID="65082233" OBJECTID="20187056" OBJECTGUID="c1657690-c61c-40a8-b5bb-47468611e869" CHANGEID="31620236" HOUSENUM="3б" HOUSETYPE="2" OPERTYPEID="20" PREVID="11764547" NEXTID="126757793" UPDATEDATE="2024-09-11" STARTDATE="2014-10-21" ENDDATE="2024-09-11" ISACTUAL="0" ISACTIVE="0" /><HOUSE ID="7791878" OBJECTID="14059980" OBJECTGUID="db221e50-5028-4dd2-acab-d7e31fc94f16" CHANGEID="22514368" HOUSENUM="10в" HOUSETYPE="2" OPERTYPEID="10" PREVID="0" NEXTID="126741033" UPDATEDATE="2024-09-09" STARTDATE="2017-06-27" ENDDATE="2024-09-09" ISACTUAL="0" ISACTIVE="0" /><HOUSE ID="22861527" OBJECTID="38291198" OBJECTGUID="c124493e-0d5c-4fc2-adee-d64f11cd5085" CHANGEID="58055308" HOUSENUM="8" HOUSETYPE="2" OPERTYPEID="10" PREVID="0" NEXTID="126742059" UPDATEDATE="2024-09-09" STARTDATE="2015-07-15" ENDDATE="2024-09-09" ISACTUAL="0" ISACTIVE="0" /><HOUSE ID="51403380" OBJECTID="59591308" OBJECTGUID="0050f1c2-e2dc-4619-a685-5545bdbd2475" CHANGEID="89004541" HOUSENUM="2" HOUSETYPE="2" OPERTYPEID="20" PREVID="35683808" NEXTID="126742045" UPDATEDATE="2024-09-09" STARTDATE="2016-01-14" ENDDATE="2024-09-09" ISACTUAL="0" ISACTIVE="0" /><HOUSE ID="52606368" OBJECTID="58009206" OBJECTGUID="114c45a4-a8e7-4b33-ad53-e5a3e60d6650" CHANGEID="86712893" HOUSENUM="39" HOUSETYPE="2" OPERTYPEID="20" PREVID="34730540" NEXTID="126758358" UPDATEDATE="2024-09-11" STARTDATE="2016-03-23" ENDDATE="2024-09-11" ISACTUAL="0" ISACTIVE="0" /><HOUSE ID="54226257" OBJECTID="59591932" OBJECTGUID="282aa64d-081c-4f67-bcf3-a89950993bcc" CHANGEID="89006066" HOUSENUM="7" HOUSETYPE="2" OPERTYPEID="20" PREVID="35684358" NEXTID="126742042" UPDATEDATE="2024-09-09" STARTDATE="2016-01-14" ENDDATE="2024-09-09" ISACTUAL="0" ISACTIVE="0" /><HOUSE ID="126725660" OBJECTID="165062543" OBJECTGUID="08eacb50-515b-4695-8485-cf240bc8aabe" CHANGEID="600514837" HOUSENUM="15" HOUSETYPE="5" OPERTYPEID="10" PREVID="0" NEXTID="0" UPDATEDATE="2024-09-05" STARTDATE="2024-09-05" ENDDATE="2079-06-06" ISACTUAL="1" ISACTIVE="1" /><HOUSE ID="126725836" OBJECTID="165063465" OBJECTGUID="fb9e6ecb-585e-428c-9259-c4d4577671a9" CHANGEID="600516295" HOUSENUM="33а" HOUSETYPE="2" OPERTYPEID="10" PREVID="0" NEXTID="0" UPDATEDATE="2024-09-05" STARTDATE="2024-09-05" ENDDATE="2079-06-06" ISACTUAL="1" ISACTIVE="1" /><HOUSE ID="126725873" OBJECTID="165063569" OBJECTGUID="34bc6d05-3285-414b-bb7c-b75e93388845" CHANGEID="600516447" HOUSENUM="59" HOUSETYPE="2" OPERTYPEID="10" PREVID="0" NEXTID="0" UPDATEDATE="2024-09-05" STARTDATE="2024-09-05" ENDDATE="2079-06-06" ISACTUAL="1" ISACTIVE="1" /><HOUSE ID="126725874" OBJECTID="165063571" OBJECTGUID="d5c04629-6fc9-4ad7-9755-6fe06e6720c0" CHANGEID="600516449" HOUSENUM="76" HOUSETYPE="2" OPERTYPEID="10" PREVID="0" NEXTID="0" UPDATEDATE="2024-09-05" STARTDATE="2024-09-05" ENDDATE="2079-06-06" ISACTUAL="1" ISACTIVE="1" /><HOUSE ID="126729317" OBJECTID="165079784" OBJECTGUID="53d831b2-4265-4815-a96a-68c7723263a6" CHANGEID="600542112" HOUSENUM="4а" HOUSETYPE="2" OPERTYPEID="10" PREVID="0" NEXTID="0" UPDATEDATE="2024-09-05" STARTDATE="2024-09-05" ENDDATE="2079-06-06" ISACTUAL="1" ISACTIVE="1" /><HOUSE ID="126730515" OBJECTID="165085535" OBJECTGUID="f8012c30-1d70-47e2-aa38-bf1f80c7ba5a" CHANGEID="600551713" HOUSENUM="3А" HOUSETYPE="2" OPERTYPEID="10" PREVID="0" NEXTID="0" UPDATEDATE="2024-09-05" STARTDATE="2024-09-05" ENDDATE="2079-06-06" ISACTUAL="1" ISACTIVE="1" /><HOUSE ID="126730516" OBJECTID="165085536" OBJECTGUID="c1e3f2c5-1f00-4bb3-ac8f-64e9eebb2ca4" CHANGEID="600551714" HOUSENUM="44А" HOUSETYPE="2" OPERTYPEID="10" PREVID="0" NEXTID="0" UPDATEDATE="2024-09-05" STARTDATE="2024-09-05" ENDDATE="2079-06-06" ISACTUAL="1" ISACTIVE="1" /><HOUSE ID="126733214" OBJECTID="165097060" OBJECTGUID="d04a4f81-93ef-4970-a28a-134af58d65d3" CHANGEID="600573027" HOUSENUM="7/19" HOUSETYPE="7" OPERTYPEID="10" PREVID="0" NEXTID="0" UPDATEDATE="2024-09-06" STARTDATE="2024-09-06" ENDDATE="2079-06-06" ISACTUAL="1" ISACTIVE="1" /><HOUSE ID="126733211" OBJECTID="165097054" OBJECTGUID="aa61ee68-a5a1-4da6-96e8-87908aa9f587" CHANGEID="600573019" HOUSENUM="3/36" HOUSETYPE="7" OPERTYPEID="10" PREVID="0" NEXTID="0" UPDATEDATE="2024-09-06" STARTDATE="2024-09-06" ENDDATE="2079-06-06" ISACTUAL="1" ISACTIVE="1" /><HOUSE ID="126733213" OBJECTID="165097058" OBJECTGUID="24130d74-b31c-4bc5-8021-46ea652e84d9" CHANGEID="600573024" HOUSENUM="1/3" HOUSETYPE="7" OPERTYPEID="10" PREVID="0" NEXTID="0" UPDATEDATE="2024-09-06" STARTDATE="2024-09-06" ENDDATE="2079-06-06" ISACTUAL="1" ISACTIVE="1" /><HOUSE ID="126733216" OBJECTID="165097063" OBJECTGUID="2262c79a-3c43-464f-9d40-7cc6909a0268" CHANGEID="600573030" HOUSENUM="56" HOUSETYPE="2" OPERTYPEID="10" PREVID="0" NEXTID="0" UPDATEDATE="2024-09-06" STARTDATE="2024-09-06" ENDDATE="2079-06-06" ISACTUAL="1" ISACTIVE="1" /><HOUSE ID="126734550" OBJECTID="165101744" OBJECTGUID="cb0e0c3b-3b43-4bb1-b0d4-b05c4003e3fd" CHANGEID="600581917" HOUSENUM="29" HOUSETYPE="5" OPERTYPEID="10" PREVID="0" NEXTID="0" UPDATEDATE="2024-09-06" STARTDATE="2024-09-06" ENDDATE="2079-06-06" ISACTUAL="1" ISACTIVE="1" /><HOUSE ID="126736037" OBJECTID="165106094" OBJECTGUID="cab77a21-b33b-4f39-9a36-da4598544326" CHANGEID="600589415" HOUSENUM="26" HOUSETYPE="2" OPERTYPEID="10" PREVID="0" NEXTID="0" UPDATEDATE="2024-09-06" STARTDATE="2024-09-06" ENDDATE="2079-06-06" ISACTUAL="1" ISACTIVE="1" /><HOUSE ID="126736038" OBJECTID="165106095" OBJECTGUID="4334628c-0af0-4f3e-b80b-5610d5e3c5cc" CHANGEID="600589417" HOUSENUM="114" HOUSETYPE="2" OPERTYPEID="10" PREVID="0" NEXTID="0" UPDATEDATE="2024-09-06" STARTDATE="2024-09-06" ENDDATE="2079-06-06" ISACTUAL="1" ISACTIVE="1" /><HOUSE ID="126736039" OBJECTID="165106196" OBJECTGUID="6230ba9a-b8e8-4f45-b6b0-bdac5682d2e0" CHANGEID="600589573" HOUSENUM="135А" HOUSETYPE="5" OPERTYPEID="10" PREVID="0" NEXTID="0" UPDATEDATE="2024-09-06" STARTDATE="2024-09-06" ENDDATE="2079-06-06" ISACTUAL="1" ISACTIVE="1" /><HOUSE ID="64803570" OBJECTID="66988469" OBJECTGUID="bd75edcd-4f89-417b-94d9-0b032cff6fe0" CHANGEID="99892752" HOUSENUM="15А" HOUSETYPE="2" OPERTYPEID="20" PREVID="40347289" NEXTID="126736666" UPDATEDATE="2024-09-06" STARTDATE="2018-12-18" ENDDATE="2024-09-06" ISACTUAL="0" ISACTIVE="0" /><HOUSE ID="126736666" OBJECTID="66988469" OBJECTGUID="bd75edcd-4f89-417b-94d9-0b032cff6fe0" CHANGEID="600593453" HOUSENUM="15А" HOUSETYPE="5" OPERTYPEID="20" PREVID="64803570" UPDATEDATE="2024-09-06" STARTDATE="2024-09-06" ENDDATE="2079-06-06" ISACTUAL="1" ISACTIVE="1" /><HOUSE ID="126737223" OBJECTID="165110351" OBJECTGUID="e1830afd-cee8-4d51-a337-b8e3f6aeedd2" CHANGEID="600596015" HOUSENUM="8А" HOUSETYPE="2" OPERTYPEID="10" PREVID="0" NEXTID="0" UPDATEDATE="2024-09-06" STARTDATE="2024-09-06" ENDDATE="2079-06-06" ISACTUAL="1" ISACTIVE="1" /><HOUSE ID="126737224" OBJECTID="165110369" OBJECTGUID="715f3140-6dc9-4ca1-a647-e9a564bb9fa1" CHANGEID="600596034" HOUSENUM="38" HOUSETYPE="2" OPERTYPEID="10" PREVID="0" NEXTID="0" UPDATEDATE="2024-09-06" STARTDATE="2024-09-06" ENDDATE="2079-06-06" ISACTUAL="1" ISACTIVE="1" /><HOUSE ID="126737229" OBJECTID="165110397" OBJECTGUID="36485bf5-f9d9-4934-a6c9-63a7066eeb2d" CHANGEID="600596062" HOUSENUM="71" HOUSETYPE="2" OPERTYPEID="10" PREVID="0" NEXTID="0" UPDATEDATE="2024-09-06" STARTDATE="2024-09-06" ENDDATE="2079-06-06" ISACTUAL="1" ISACTIVE="1" /><HOUSE ID="126737711" OBJECTID="165112882" OBJECTGUID="3466be54-0b6f-4916-8044-ecf81d1aa0c7" CHANGEID="600700710" HOUSENUM="210А" HOUSETYPE="5" OPERTYPEID="10" PREVID="0" NEXTID="0" UPDATEDATE="2024-09-06" STARTDATE="2024-09-06" ENDDATE="2079-06-06" ISACTUAL="1" ISACTIVE="1" /><HOUSE ID="126737712" OBJECTID="165112883" OBJECTGUID="00c91d8e-96c5-4b9b-99f9-9930ffe21822" CHANGEID="600700712" HOUSENUM="204б" HOUSETYPE="5" OPERTYPEID="10" PREVID="0" NEXTID="0" UPDATEDATE="2024-09-06" STARTDATE="2024-09-06" ENDDATE="2079-06-06" ISACTUAL="1" ISACTIVE="1" /><HOUSE ID="126737713" OBJECTID="165112884" OBJECTGUID="31d9df43-cf22-40f9-aa4c-cda9b5bea063" CHANGEID="600700713" HOUSENUM="206А" HOUSETYPE="2" OPERTYPEID="10" PREVID="0" NEXTID="0" UPDATEDATE="2024-09-06" STARTDATE="2024-09-06" ENDDATE="2079-06-06" ISACTUAL="1" ISACTIVE="1" /><HOUSE ID="4671798" OBJECTID="9045817" OBJECTGUID="be0149e5-f2f7-4258-af0a-f15a01664c38" CHANGEID="15148880" HOUSENUM="84а" HOUSETYPE="2" OPERTYPEID="10" PREVID="0" NEXTID="126737714" UPDATEDATE="2024-09-06" STARTDATE="2015-11-19" ENDDATE="2024-09-06" ISACTUAL="0" ISACTIVE="0" /><HOUSE ID="126737714" OBJECTID="9045817" OBJECTGUID="be0149e5-f2f7-4258-af0a-f15a01664c38" CHANGEID="600700715" HOUSENUM="84А" HOUSETYPE="2" OPERTYPEID="20" PREVID="4671798" UPDATEDATE="2024-09-06" STARTDATE="2024-09-06" ENDDATE="2079-06-06" ISACTUAL="1" ISACTIVE="1" /><HOUSE ID="126737715" OBJECTID="165112885" OBJECTGUID="db8672fe-e113-47e6-94f3-4d1c693dacd6" CHANGEID="600700717" HOUSENUM="56а" HOUSETYPE="5" OPERTYPEID="10" PREVID="0" NEXTID="0" UPDATEDATE="2024-09-06" STARTDATE="2024-09-06" ENDDATE="2079-06-06" ISACTUAL="1" ISACTIVE="1" /><HOUSE ID="126737716" OBJECTID="165112886" OBJECTGUID="3031a663-7571-4874-a982-c8d7196b3aff" CHANGEID="600700718" HOUSENUM="66г" HOUSETYPE="5" OPERTYPEID="10" PREVID="0" NEXTID="0" UPDATEDATE="2024-09-06" STARTDATE="2024-09-06" ENDDATE="2079-06-06" ISACTUAL="1" ISACTIVE="1" /><HOUSE ID="126737717" OBJECTID="165112887" OBJECTGUID="36a61635-6809-44ce-98e3-4c7b35e46eea" CHANGEID="600700719" HOUSENUM="2Г" HOUSETYPE="5" OPERTYPEID="10" PREVID="0" NEXTID="0" UPDATEDATE="2024-09-06" STARTDATE="2024-09-06" ENDDATE="2079-06-06" ISACTUAL="1" ISACTIVE="1" /><HOUSE ID="126740279" OBJECTID="165122909" OBJECTGUID="b054e244-7971-4335-8d85-746d5e35a17c" CHANGEID="600747334" HOUSENUM="1/2" HOUSETYPE="2" OPERTYPEID="10" PREVID="0" NEXTID="0" UPDATEDATE="2024-09-09" STARTDATE="2024-09-09" ENDDATE="2079-06-06" ISACTUAL="1" ISACTIVE="1" /><HOUSE ID="126740280" OBJECTID="165122912" OBJECTGUID="8e990936-afc4-4c99-a32a-73aa4629d288" CHANGEID="600747337" HOUSENUM="1/1" HOUSETYPE="2" OPERTYPEID="10" PREVID="0" NEXTID="0" UPDATEDATE="2024-09-09" STARTDATE="2024-09-09" ENDDATE="2079-06-06" ISACTUAL="1" ISACTIVE="1" /><HOUSE ID="126740592" OBJECTID="165125114" OBJECTGUID="da466052-6999-472f-b8d8-b8811f93e632" CHANGEID="600750150" HOUSENUM="8" HOUSETYPE="2" OPERTYPEID="10" PREVID="0" NEXTID="0" UPDATEDATE="2024-09-09" STARTDATE="2024-09-09" ENDDATE="2079-06-06" ISACTUAL="1" ISACTIVE="1" /><HOUSE ID="126740892" OBJECTID="165126327" OBJECTGUID="e128d9d6-47f9-4d6e-9ef3-c85852121ced" CHANGEID="600752045" HOUSENUM="1А" HOUSETYPE="2" OPERTYPEID="10" PREVID="0" NEXTID="0" UPDATEDATE="2024-09-09" STARTDATE="2024-09-09" ENDDATE="2079-06-06" ISACTUAL="1" ISACTIVE="1" /><HOUSE ID="126740894" OBJECTID="165126329" OBJECTGUID="ff4af3cb-f898-4426-b287-cbe4f13045bb" CHANGEID="600752047" HOUSENUM="14А" HOUSETYPE="2" OPERTYPEID="10" PREVID="0" NEXTID="0" UPDATEDATE="2024-09-09" STARTDATE="2024-09-09" ENDDATE="2079-06-06" ISACTUAL="1" ISACTIVE="1" /><HOUSE ID="126740891" OBJECTID="165126322" OBJECTGUID="d5df89d7-f417-4194-aecf-97612510b741" CHANGEID="600752040" HOUSENUM="42" HOUSETYPE="2" OPERTYPEID="10" PREVID="0" NEXTID="0" UPDATEDATE="2024-09-09" STARTDATE="2024-09-09" ENDDATE="2079-06-06" ISACTUAL="1" ISACTIVE="1" /><HOUSE ID="126740893" OBJECTID="165126328" OBJECTGUID="87e56cdd-f57e-4852-b063-4a969deaf1e8" CHANGEID="600752046" HOUSENUM="15А" HOUSETYPE="2" OPERTYPEID="10" PREVID="0" NEXTID="0" UPDATEDATE="2024-09-09" STARTDATE="2024-09-09" ENDDATE="2079-06-06" ISACTUAL="1" ISACTIVE="1" /><HOUSE ID="126741032" OBJECTID="165127603" OBJECTGUID="fb43626b-7998-479a-af4b-8dd67a641c2b" CHANGEID="600754557" HOUSENUM="38а" HOUSETYPE="5" OPERTYPEID="10" PREVID="0" NEXTID="0" UPDATEDATE="2024-09-09" STARTDATE="2024-09-09" ENDDATE="2079-06-06" ISACTUAL="1" ISACTIVE="1" /><HOUSE ID="126741033" OBJECTID="14059980" OBJECTGUID="db221e50-5028-4dd2-acab-d7e31fc94f16" CHANGEID="600754563" HOUSENUM="10В" HOUSETYPE="2" OPERTYPEID="20" PREVID="7791878" UPDATEDATE="2024-09-09" STARTDATE="2024-09-09" ENDDATE="2079-06-06" ISACTUAL="1" ISACTIVE="1" /><HOUSE ID="126741034" OBJECTID="104596023" OBJECTGUID="c772588d-18d6-43e0-b259-2166c4403abc" CHANGEID="600754575" HOUSENUM="13Б" HOUSETYPE="2" OPERTYPEID="50" PREVID="72397627" UPDATEDATE="2024-09-09" STARTDATE="2024-09-09" ENDDATE="2079-06-06" ISACTUAL="1" ISACTIVE="1" /><HOUSE ID="126741728" OBJECTID="165130788" OBJECTGUID="8fd965e8-e75c-4910-9b1e-034232f42c4b" CHANGEID="600759420" HOUSENUM="18а" HOUSETYPE="2" OPERTYPEID="10" PREVID="0" NEXTID="0" UPDATEDATE="2024-09-09" STARTDATE="2024-09-09" ENDDATE="2079-06-06" ISACTUAL="1" ISACTIVE="1" /><HOUSE ID="126741729" OBJECTID="165130789" OBJECTGUID="3404eb70-d61a-4c50-8d47-eaccf106855b" CHANGEID="600759421" HOUSENUM="46" HOUSETYPE="2" OPERTYPEID="10" PREVID="0" NEXTID="0" UPDATEDATE="2024-09-09" STARTDATE="2024-09-09" ENDDATE="2079-06-06" ISACTUAL="1" ISACTIVE="1" /><HOUSE ID="126741730" OBJECTID="165130815" OBJECTGUID="59edae2a-08f0-4320-95e6-d555bd82df23" CHANGEID="600759448" HOUSENUM="2" HOUSETYPE="2" OPERTYPEID="10" PREVID="0" NEXTID="0" UPDATEDATE="2024-09-09" STARTDATE="2024-09-09" ENDDATE="2079-06-06" ISACTUAL="1" ISACTIVE="1" /><HOUSE ID="126741997" OBJECTID="165132674" OBJECTGUID="cc6f3892-b8bb-40b7-b7c3-522768a606ad" CHANGEID="600762341" HOUSENUM="4а" HOUSETYPE="2" OPERTYPEID="10" PREVID="0" NEXTID="0" UPDATEDATE="2024-09-09" STARTDATE="2024-09-09" ENDDATE="2079-06-06" ISACTUAL="1" ISACTIVE="1" /><HOUSE ID="126741998" OBJECTID="165132675" OBJECTGUID="b0c74977-8865-4549-b934-1b4457deb47b" CHANGEID="600762342" HOUSENUM="34А" HOUSETYPE="2" OPERTYPEID="10" PREVID="0" NEXTID="0" UPDATEDATE="2024-09-09" STARTDATE="2024-09-09" ENDDATE="2079-06-06" ISACTUAL="1" ISACTIVE="1" /><HOUSE ID="126741999" OBJECTID="165132676" OBJECTGUID="77232cdb-27bf-4abb-9eeb-aa84eeb74144" CHANGEID="600762343" HOUSENUM="10А" HOUSETYPE="2" OPERTYPEID="10" PREVID="0" NEXTID="0" UPDATEDATE="2024-09-09" STARTDATE="2024-09-09" ENDDATE="2079-06-06" ISACTUAL="1" ISACTIVE="1" /><HOUSE ID="126742000" OBJECTID="165132677" OBJECTGUID="12946759-6433-4957-be30-343bf2e51306" CHANGEID="600762344" HOUSENUM="59А" HOUSETYPE="2" OPERTYPEID="10" PREVID="0" NEXTID="0" UPDATEDATE="2024-09-09" STARTDATE="2024-09-09" ENDDATE="2079-06-06" ISACTUAL="1" ISACTIVE="1" /><HOUSE ID="126742010" OBJECTID="165132722" OBJECTGUID="7261d299-ff15-40ba-95ff-fdcc89b4f539" CHANGEID="600762389" HOUSENUM="21б" HOUSETYPE="2" OPERTYPEID="10" PREVID="0" NEXTID="0" UPDATEDATE="2024-09-09" STARTDATE="2024-09-09" ENDDATE="2079-06-06" ISACTUAL="1" ISACTIVE="1" /><HOUSE ID="126742011" OBJECTID="165132723" OBJECTGUID="0f914365-d38e-40bd-9f5d-5818247854f5" CHANGEID="600762390" HOUSENUM="33А" HOUSETYPE="2" OPERTYPEID="10" PREVID="0" NEXTID="0" UPDATEDATE="2024-09-09" STARTDATE="2024-09-09" ENDDATE="2079-06-06" ISACTUAL="1" ISACTIVE="1" /><HOUSE ID="126742012" OBJECTID="165132724" OBJECTGUID="0ef11c33-e56a-4eb6-ba9c-07f8a3c39ac3" CHANGEID="600762391" HOUSENUM="10а" HOUSETYPE="2" OPERTYPEID="10" PREVID="0" NEXTID="0" UPDATEDATE="2024-09-09" STARTDATE="2024-09-09" ENDDATE="2079-06-06" ISACTUAL="1" ISACTIVE="1" /><HOUSE ID="126742013" OBJECTID="165132725" OBJECTGUID="04a14602-56d8-4752-8c2b-ddfa951a5cde" CHANGEID="600762392" HOUSENUM="43" HOUSETYPE="2" OPERTYPEID="10" PREVID="0" NEXTID="0" UPDATEDATE="2024-09-09" STARTDATE="2024-09-09" ENDDATE="2079-06-06" ISACTUAL="1" ISACTIVE="1" /><HOUSE ID="126742014" OBJECTID="165132726" OBJECTGUID="92de7831-6ec8-436a-bb79-de00fd1ed557" CHANGEID="600762393" HOUSENUM="26" HOUSETYPE="2" OPERTYPEID="10" PREVID="0" NEXTID="0" UPDATEDATE="2024-09-09" STARTDATE="2024-09-09" ENDDATE="2079-06-06" ISACTUAL="1" ISACTIVE="1" /><HOUSE ID="126742015" OBJECTID="165132727" OBJECTGUID="940be380-679a-4521-9fe5-1c16b1478573" CHANGEID="600762394" HOUSENUM="24А" HOUSETYPE="2" OPERTYPEID="10" PREVID="0" NEXTID="0" UPDATEDATE="2024-09-09" STARTDATE="2024-09-09" ENDDATE="2079-06-06" ISACTUAL="1" ISACTIVE="1" /><HOUSE ID="126741996" OBJECTID="165132673" OBJECTGUID="dc0845d1-3083-4b97-b163-5ffb1111a58b" CHANGEID="600762340" HOUSENUM="126а" HOUSETYPE="2" OPERTYPEID="10" PREVID="0" NEXTID="0" UPDATEDATE="2024-09-09" STARTDATE="2024-09-09" ENDDATE="2079-06-06" ISACTUAL="1" ISACTIVE="1" /><HOUSE ID="126742001" OBJECTID="165132678" OBJECTGUID="b7c89836-a765-458b-bd2f-861626f327fd" CHANGEID="600762345" HOUSENUM="60а" HOUSETYPE="2" OPERTYPEID="10" PREVID="0" NEXTID="0" UPDATEDATE="2024-09-09" STARTDATE="2024-09-09" ENDDATE="2079-06-06" ISACTUAL="1" ISACTIVE="1" /><HOUSE ID="126742002" OBJECTID="165132679" OBJECTGUID="695a85ff-e999-4a0f-9787-404d829ec6e1" CHANGEID="600762346" HOUSENUM="70" HOUSETYPE="2" OPERTYPEID="10" PREVID="0" NEXTID="0" UPDATEDATE="2024-09-09" STARTDATE="2024-09-09" ENDDATE="2079-06-06" ISACTUAL="1" ISACTIVE="1" /><HOUSE ID="126742003" OBJECTID="165132680" OBJECTGUID="8fc4abbc-0c08-43d3-94c7-415307daddd0" CHANGEID="600762347" HOUSENUM="38а" HOUSETYPE="2" OPERTYPEID="10" PREVID="0" NEXTID="0" UPDATEDATE="2024-09-09" STARTDATE="2024-09-09" ENDDATE="2079-06-06" ISACTUAL="1" ISACTIVE="1" /><HOUSE ID="126742004" OBJECTID="165132681" OBJECTGUID="344708cd-7bef-4932-aac7-5c309859a4cd" CHANGEID="600762348" HOUSENUM="10а" HOUSETYPE="2" OPERTYPEID="10" PREVID="0" NEXTID="0" UPDATEDATE="2024-09-09" STARTDATE="2024-09-09" ENDDATE="2079-06-06" ISACTUAL="1" ISACTIVE="1" /><HOUSE ID="126742005" OBJECTID="165132682" OBJECTGUID="050d9b45-f5ad-4d29-9dc2-2e3abb0143d3" CHANGEID="600762349" HOUSENUM="60В" HOUSETYPE="2" OPERTYPEID="10" PREVID="0" NEXTID="0" UPDATEDATE="2024-09-09" STARTDATE="2024-09-09" ENDDATE="2079-06-06" ISACTUAL="1" ISACTIVE="1" /><HOUSE ID="126742006" OBJECTID="165132716" OBJECTGUID="debf385c-10ad-4ee9-8458-4f0c2774f057" CHANGEID="600762383" HOUSENUM="2а" HOUSETYPE="2" OPERTYPEID="10" PREVID="0" NEXTID="0" UPDATEDATE="2024-09-09" STARTDATE="2024-09-09" ENDDATE="2079-06-06" ISACTUAL="1" ISACTIVE="1" /><HOUSE ID="126742007" OBJECTID="165132717" OBJECTGUID="988e2685-80a8-454f-aa79-4b1ded6a1434" CHANGEID="600762384" HOUSENUM="27А" HOUSETYPE="2" OPERTYPEID="10" PREVID="0" NEXTID="0" UPDATEDATE="2024-09-09" STARTDATE="2024-09-09" ENDDATE="2079-06-06" ISACTUAL="1" ISACTIVE="1" /><HOUSE ID="126742008" OBJECTID="165132718" OBJECTGUID="907335c7-c555-42a9-907c-c897286fef11" CHANGEID="600762385" HOUSENUM="45Б" HOUSETYPE="2" OPERTYPEID="10" PREVID="0" NEXTID="0" UPDATEDATE="2024-09-09" STARTDATE="2024-09-09" ENDDATE="2079-06-06" ISACTUAL="1" ISACTIVE="1" /><HOUSE ID="126742009" OBJECTID="165132719" OBJECTGUID="c2efbc7a-0f44-4dd1-8d0a-7e40fd056be3" CHANGEID="600762386" HOUSENUM="15а" HOUSETYPE="2" OPERTYPEID="10" PREVID="0" NEXTID="0" UPDATEDATE="2024-09-09" STARTDATE="2024-09-09" ENDDATE="2079-06-06" ISACTUAL="1" ISACTIVE="1" /><HOUSE ID="126742016" OBJECTID="165132731" OBJECTGUID="92675941-140e-4722-9f96-928933c17927" CHANGEID="600762399" HOUSENUM="2" HOUSETYPE="2" OPERTYPEID="10" PREVID="0" NEXTID="0" UPDATEDATE="2024-09-09" STARTDATE="2024-09-09" ENDDATE="2079-06-06" ISACTUAL="1" ISACTIVE="1" /><HOUSE ID="126742017" OBJECTID="165132732" OBJECTGUID="02ccb2fc-896c-474c-9cca-fef1e8ec872f" CHANGEID="600762400" HOUSENUM="7" HOUSETYPE="2" OPERTYPEID="10" PREVID="0" NEXTID="0" UPDATEDATE="2024-09-09" STARTDATE="2024-09-09" ENDDATE="2079-06-06" ISACTUAL="1" ISACTIVE="1" /><HOUSE ID="126742018" OBJECTID="165132733" OBJECTGUID="ea580bb5-e8b0-4327-91c0-eae86274c385" CHANGEID="600762401" HOUSENUM="15А" HOUSETYPE="2" OPERTYPEID="10" PREVID="0" NEXTID="0" UPDATEDATE="2024-09-09" STARTDATE="2024-09-09" ENDDATE="2079-06-06" ISACTUAL="1" ISACTIVE="1" /><HOUSE ID="126742019" OBJECTID="165132734" OBJECTGUID="948a0f3d-8770-4ccd-bb1e-fb2b985e99c8" CHANGEID="600762402" HOUSENUM="5" HOUSETYPE="2" OPERTYPEID="10" PREVID="0" NEXTID="0" UPDATEDATE="2024-09-09" STARTDATE="2024-09-09" ENDDATE="2079-06-06" ISACTUAL="1" ISACTIVE="1" /><HOUSE ID="126742020" OBJECTID="165132740" OBJECTGUID="8fc183c0-e163-4748-8a7f-ca0f27f678ab" CHANGEID="600762408" HOUSENUM="24А" HOUSETYPE="2" OPERTYPEID="10" PREVID="0" NEXTID="0" UPDATEDATE="2024-09-09" STARTDATE="2024-09-09" ENDDATE="2079-06-06" ISACTUAL="1" ISACTIVE="1" /><HOUSE ID="126742021" OBJECTID="165132741" OBJECTGUID="3b82cb6b-ac09-40ef-ab6a-d1ea85d648c0" CHANGEID="600762409" HOUSENUM="23А" HOUSETYPE="2" OPERTYPEID="10" PREVID="0" NEXTID="0" UPDATEDATE="2024-09-09" STARTDATE="2024-09-09" ENDDATE="2079-06-06" ISACTUAL="1" ISACTIVE="1" /><HOUSE ID="126742022" OBJECTID="165132742" OBJECTGUID="dd81b52a-b61b-46c3-baf2-5a2fa214f65b" CHANGEID="600762410" HOUSENUM="1а" HOUSETYPE="2" OPERTYPEID="10" PREVID="0" NEXTID="0" UPDATEDATE="2024-09-09" STARTDATE="2024-09-09" ENDDATE="2079-06-06" ISACTUAL="1" ISACTIVE="1" /><HOUSE ID="126742038" OBJECTID="59597951" OBJECTGUID="46ae383d-cb55-4644-92c7-f090c94f4e68" CHANGEID="600762508" HOUSENUM="4" HOUSETYPE="2" OPERTYPEID="30" PREVID="56386546" NEXTID="0" UPDATEDATE="2024-09-09" STARTDATE="2024-09-09" ENDDATE="2079-06-06" ISACTUAL="1" ISACTIVE="0" /><HOUSE ID="56386546" OBJECTID="59597951" OBJECTGUID="46ae383d-cb55-4644-92c7-f090c94f4e68" CHANGEID="89015099" HOUSENUM="4" HOUSETYPE="2" OPERTYPEID="20" PREVID="35688521" NEXTID="126742038" UPDATEDATE="2024-09-09" STARTDATE="2016-01-14" ENDDATE="2024-09-09" ISACTUAL="0" ISACTIVE="0" /><HOUSE ID="126742039" OBJECTID="59597736" OBJECTGUID="6ae0b40c-1c84-4396-869d-d3e52e59fa10" CHANGEID="600762509" HOUSENUM="8" HOUSETYPE="2" OPERTYPEID="30" PREVID="58951644" NEXTID="0" UPDATEDATE="2024-09-09" STARTDATE="2024-09-09" ENDDATE="2079-06-06" ISACTUAL="1" ISACTIVE="0" /><HOUSE ID="126742040" OBJECTID="59597294" OBJECTGUID="21242dc8-efb6-4a0a-a0c6-c676f3ceb309" CHANGEID="600762510" HOUSENUM="9" HOUSETYPE="2" OPERTYPEID="30" PREVID="53727881" NEXTID="0" UPDATEDATE="2024-09-09" STARTDATE="2024-09-09" ENDDATE="2079-06-06" ISACTUAL="1" ISACTIVE="0" /><HOUSE ID="53727881" OBJECTID="59597294" OBJECTGUID="21242dc8-efb6-4a0a-a0c6-c676f3ceb309" CHANGEID="89014255" HOUSENUM="9" HOUSETYPE="2" OPERTYPEID="20" PREVID="35688104" NEXTID="126742040" UPDATEDATE="2024-09-09" STARTDATE="2016-01-14" ENDDATE="2024-09-09" ISACTUAL="0" ISACTIVE="0" /><HOUSE ID="126742041" OBJECTID="59592326" OBJECTGUID="21e03f5f-eaba-4a1f-b657-bb430dd54f33" CHANGEID="600762511" HOUSENUM="10" HOUSETYPE="2" OPERTYPEID="30" PREVID="53779225" NEXTID="0" UPDATEDATE="2024-09-09" STARTDATE="2024-09-09" ENDDATE="2079-06-06" ISACTUAL="1" ISACTIVE="0" /><HOUSE ID="53779225" OBJECTID="59592326" OBJECTGUID="21e03f5f-eaba-4a1f-b657-bb430dd54f33" CHANGEID="89009419" HOUSENUM="10" HOUSETYPE="2" OPERTYPEID="20" PREVID="35684669" NEXTID="126742041" UPDATEDATE="2024-09-09" STARTDATE="2016-01-14" ENDDATE="2024-09-09" ISACTUAL="0" ISACTIVE="0" /><HOUSE ID="126742042" OBJECTID="59591932" OBJECTGUID="282aa64d-081c-4f67-bcf3-a89950993bcc" CHANGEID="600762512" HOUSENUM="7" HOUSETYPE="2" OPERTYPEID="30" PREVID="54226257" NEXTID="0" UPDATEDATE="2024-09-09" STARTDATE="2024-09-09" ENDDATE="2079-06-06" ISACTUAL="1" ISACTIVE="0" /><HOUSE ID="126742043" OBJECTID="59591762" OBJECTGUID="387d9759-e588-400c-9d45-6855f949db55" CHANGEID="600762513" HOUSENUM="1" HOUSETYPE="2" OPERTYPEID="30" PREVID="55382827" NEXTID="0" UPDATEDATE="2024-09-09" STARTDATE="2024-09-09" ENDDATE="2079-06-06" ISACTUAL="1" ISACTIVE="0" /><HOUSE ID="55382827" OBJECTID="59591762" OBJECTGUID="387d9759-e588-400c-9d45-6855f949db55" CHANGEID="89005330" HOUSENUM="1" HOUSETYPE="2" OPERTYPEID="20" PREVID="35684228" NEXTID="126742043" UPDATEDATE="2024-09-09" STARTDATE="2016-01-14" ENDDATE="2024-09-09" ISACTUAL="0" ISACTIVE="0" /><HOUSE ID="126742044" OBJECTID="59591701" OBJECTGUID="073f43a4-42dc-4dee-a720-673d7c5c74d4" CHANGEID="600762514" HOUSENUM="6" HOUSETYPE="2" OPERTYPEID="30" PREVID="51894875" NEXTID="0" UPDATEDATE="2024-09-09" STARTDATE="2024-09-09" ENDDATE="2079-06-06" ISACTUAL="1" ISACTIVE="0" /><HOUSE ID="51894875" OBJECTID="59591701" OBJECTGUID="073f43a4-42dc-4dee-a720-673d7c5c74d4" CHANGEID="89005215" HOUSENUM="6" HOUSETYPE="2" OPERTYPEID="20" PREVID="35684175" NEXTID="126742044" UPDATEDATE="2024-09-09" STARTDATE="2016-01-14" ENDDATE="2024-09-09" ISACTUAL="0" ISACTIVE="0" /><HOUSE ID="126742045" OBJECTID="59591308" OBJECTGUID="0050f1c2-e2dc-4619-a685-5545bdbd2475" CHANGEID="600762515" HOUSENUM="2" HOUSETYPE="2" OPERTYPEID="30" PREVID="51403380" NEXTID="0" UPDATEDATE="2024-09-09" STARTDATE="2024-09-09" ENDDATE="2079-06-06" ISACTUAL="1" ISACTIVE="0" /><HOUSE ID="126742046" OBJECTID="59591271" OBJECTGUID="5790b402-7f23-4775-bae5-3cc43787fcc1" CHANGEID="600762516" HOUSENUM="5" HOUSETYPE="2" OPERTYPEID="30" PREVID="57583005" NEXTID="0" UPDATEDATE="2024-09-09" STARTDATE="2024-09-09" ENDDATE="2079-06-06" ISACTUAL="1" ISACTIVE="0" /><HOUSE ID="126742047" OBJECTID="59591115" OBJECTGUID="f8c19aa2-8a9a-4902-a586-0cc3a99a7291" CHANGEID="600762517" HOUSENUM="3" HOUSETYPE="2" OPERTYPEID="30" PREVID="69001516" NEXTID="0" UPDATEDATE="2024-09-09" STARTDATE="2024-09-09" ENDDATE="2079-06-06" ISACTUAL="1" ISACTIVE="0" /><HOUSE ID="69001516" OBJECTID="59591115" OBJECTGUID="f8c19aa2-8a9a-4902-a586-0cc3a99a7291" CHANGEID="89004235" HOUSENUM="3" HOUSETYPE="2" OPERTYPEID="20" PREVID="35683659" NEXTID="126742047" UPDATEDATE="2024-09-09" STARTDATE="2016-01-14" ENDDATE="2024-09-09" ISACTUAL="0" ISACTIVE="0" /><HOUSE ID="126742049" OBJECTID="38285296" OBJECTGUID="1e21eb22-929f-4410-a651-ae422317718c" CHANGEID="600762519" HOUSENUM="20" HOUSETYPE="2" OPERTYPEID="30" PREVID="22857917" NEXTID="0" UPDATEDATE="2024-09-09" STARTDATE="2024-09-09" ENDDATE="2079-06-06" ISACTUAL="1" ISACTIVE="0" /><HOUSE ID="22857917" OBJECTID="38285296" OBJECTGUID="1e21eb22-929f-4410-a651-ae422317718c" CHANGEID="58046601" HOUSENUM="20" HOUSETYPE="2" OPERTYPEID="10" PREVID="0" NEXTID="126742049" UPDATEDATE="2024-09-09" STARTDATE="2015-07-15" ENDDATE="2024-09-09" ISACTUAL="0" ISACTIVE="0" /><HOUSE ID="126742050" OBJECTID="38285152" OBJECTGUID="0aa12a98-85a6-4e05-8ad6-a995fddd53b3" CHANGEID="600762520" HOUSENUM="11" HOUSETYPE="2" OPERTYPEID="30" PREVID="22857758" NEXTID="0" UPDATEDATE="2024-09-09" STARTDATE="2024-09-09" ENDDATE="2079-06-06" ISACTUAL="1" ISACTIVE="0" /><HOUSE ID="22857758" OBJECTID="38285152" OBJECTGUID="0aa12a98-85a6-4e05-8ad6-a995fddd53b3" CHANGEID="58046383" HOUSENUM="11" HOUSETYPE="2" OPERTYPEID="10" PREVID="0" NEXTID="126742050" UPDATEDATE="2024-09-09" STARTDATE="2015-07-15" ENDDATE="2024-09-09" ISACTUAL="0" ISACTIVE="0" /><HOUSE ID="126742051" OBJECTID="38283856" OBJECTGUID="bc3f5b7e-4301-4fc3-a9f7-a2f913be0a34" CHANGEID="600762521" HOUSENUM="30" HOUSETYPE="2" OPERTYPEID="30" PREVID="22856857" NEXTID="0" UPDATEDATE="2024-09-09" STARTDATE="2024-09-09" ENDDATE="2079-06-06" ISACTUAL="1" ISACTIVE="0" /><HOUSE ID="22856857" OBJECTID="38283856" OBJECTGUID="bc3f5b7e-4301-4fc3-a9f7-a2f913be0a34" CHANGEID="58044448" HOUSENUM="30" HOUSETYPE="2" OPERTYPEID="10" PREVID="0" NEXTID="126742051" UPDATEDATE="2024-09-09" STARTDATE="2015-07-15" ENDDATE="2024-09-09" ISACTUAL="0" ISACTIVE="0" /><HOUSE ID="126742052" OBJECTID="38277977" OBJECTGUID="cafa9bdd-6edf-4de7-be39-9b0942cf5cb3" CHANGEID="600762522" HOUSENUM="27" HOUSETYPE="2" OPERTYPEID="30" PREVID="22854522" NEXTID="0" UPDATEDATE="2024-09-09" STARTDATE="2024-09-09" ENDDATE="2079-06-06" ISACTUAL="1" ISACTIVE="0" /><HOUSE ID="22854522" OBJECTID="38277977" OBJECTGUID="cafa9bdd-6edf-4de7-be39-9b0942cf5cb3" CHANGEID="58036632" HOUSENUM="27" HOUSETYPE="2" OPERTYPEID="10" PREVID="0" NEXTID="126742052" UPDATEDATE="2024-09-09" STARTDATE="2015-07-15" ENDDATE="2024-09-09" ISACTUAL="0" ISACTIVE="0" /><HOUSE ID="126742053" OBJECTID="38277137" OBJECTGUID="e46535bf-7bbc-4a41-aa4d-75e16c5358f1" CHANGEID="600762523" HOUSENUM="1" HOUSETYPE="2" OPERTYPEID="30" PREVID="22854030" NEXTID="0" UPDATEDATE="2024-09-09" STARTDATE="2024-09-09" ENDDATE="2079-06-06" ISACTUAL="1" ISACTIVE="0" /><HOUSE ID="22854030" OBJECTID="38277137" OBJECTGUID="e46535bf-7bbc-4a41-aa4d-75e16c5358f1" CHANGEID="58035358" HOUSENUM="1" HOUSETYPE="2" OPERTYPEID="10" PREVID="0" NEXTID="126742053" UPDATEDATE="2024-09-09" STARTDATE="2015-07-15" ENDDATE="2024-09-09" ISACTUAL="0" ISACTIVE="0" /><HOUSE ID="126742054" OBJECTID="38276453" OBJECTGUID="79d3e07e-6508-451f-98d6-68b180861c7a" CHANGEID="600762524" HOUSENUM="5" HOUSETYPE="2" OPERTYPEID="30" PREVID="22853543" NEXTID="0" UPDATEDATE="2024-09-09" STARTDATE="2024-09-09" ENDDATE="2079-06-06" ISACTUAL="1" ISACTIVE="0" /><HOUSE ID="22853543" OBJECTID="38276453" OBJECTGUID="79d3e07e-6508-451f-98d6-68b180861c7a" CHANGEID="58034397" HOUSENUM="5" HOUSETYPE="2" OPERTYPEID="10" PREVID="0" NEXTID="126742054" UPDATEDATE="2024-09-09" STARTDATE="2015-07-15" ENDDATE="2024-09-09" ISACTUAL="0" ISACTIVE="0" /><HOUSE ID="126742055" OBJECTID="38275488" OBJECTGUID="0b0b45bb-37a9-45ee-8b36-5fdcf1fa74c9" CHANGEID="600762525" HOUSENUM="16" HOUSETYPE="2" OPERTYPEID="30" PREVID="22852828" NEXTID="0" UPDATEDATE="2024-09-09" STARTDATE="2024-09-09" ENDDATE="2079-06-06" ISACTUAL="1" ISACTIVE="0" /><HOUSE ID="22852828" OBJECTID="38275488" OBJECTGUID="0b0b45bb-37a9-45ee-8b36-5fdcf1fa74c9" CHANGEID="58032793" HOUSENUM="16" HOUSETYPE="2" OPERTYPEID="10" PREVID="0" NEXTID="126742055" UPDATEDATE="2024-09-09" STARTDATE="2015-07-15" ENDDATE="2024-09-09" ISACTUAL="0" ISACTIVE="0" /><HOUSE ID="126742056" OBJECTID="38274901" OBJECTGUID="69da3486-1638-4c73-8b36-5f35b67eeaf0" CHANGEID="600762526" HOUSENUM="32" HOUSETYPE="2" OPERTYPEID="30" PREVID="22852406" NEXTID="0" UPDATEDATE="2024-09-09" STARTDATE="2024-09-09" ENDDATE="2079-06-06" ISACTUAL="1" ISACTIVE="0" /><HOUSE ID="22852406" OBJECTID="38274901" OBJECTGUID="69da3486-1638-4c73-8b36-5f35b67eeaf0" CHANGEID="58031941" HOUSENUM="32" HOUSETYPE="2" OPERTYPEID="10" PREVID="0" NEXTID="126742056" UPDATEDATE="2024-09-09" STARTDATE="2015-07-15" ENDDATE="2024-09-09" ISACTUAL="0" ISACTIVE="0" /><HOUSE ID="126742057" OBJECTID="38274017" OBJECTGUID="a4316896-7078-47a7-b3d0-5db8d2086fdf" CHANGEID="600762527" HOUSENUM="17" HOUSETYPE="2" OPERTYPEID="30" PREVID="22851668" NEXTID="0" UPDATEDATE="2024-09-09" STARTDATE="2024-09-09" ENDDATE="2079-06-06" ISACTUAL="1" ISACTIVE="0" /><HOUSE ID="22851668" OBJECTID="38274017" OBJECTGUID="a4316896-7078-47a7-b3d0-5db8d2086fdf" CHANGEID="58030370" HOUSENUM="17" HOUSETYPE="2" OPERTYPEID="10" PREVID="0" NEXTID="126742057" UPDATEDATE="2024-09-09" STARTDATE="2015-07-15" ENDDATE="2024-09-09" ISACTUAL="0" ISACTIVE="0" /><HOUSE ID="126742058" OBJECTID="38273761" OBJECTGUID="cbe18bf5-6bab-4ab5-9476-5796c0ab72a3" CHANGEID="600762528" HOUSENUM="18" HOUSETYPE="2" OPERTYPEID="30" PREVID="22851456" NEXTID="0" UPDATEDATE="2024-09-09" STARTDATE="2024-09-09" ENDDATE="2079-06-06" ISACTUAL="1" ISACTIVE="0" /><HOUSE ID="22851456" OBJECTID="38273761" OBJECTGUID="cbe18bf5-6bab-4ab5-9476-5796c0ab72a3" CHANGEID="58029980" HOUSENUM="18" HOUSETYPE="2" OPERTYPEID="10" PREVID="0" NEXTID="126742058" UPDATEDATE="2024-09-09" STARTDATE="2015-07-15" ENDDATE="2024-09-09" ISACTUAL="0" ISACTIVE="0" /><HOUSE ID="126742059" OBJECTID="38291198" OBJECTGUID="c124493e-0d5c-4fc2-adee-d64f11cd5085" CHANGEID="600762529" HOUSENUM="8" HOUSETYPE="2" OPERTYPEID="30" PREVID="22861527" NEXTID="0" UPDATEDATE="2024-09-09" STARTDATE="2024-09-09" ENDDATE="2079-06-06" ISACTUAL="1" ISACTIVE="0" /><HOUSE ID="126742060" OBJECTID="38289612" OBJECTGUID="8109ac12-171b-4ceb-b2bd-ca5c26cb3557" CHANGEID="600762530" HOUSENUM="2" HOUSETYPE="2" OPERTYPEID="30" PREVID="22860398" NEXTID="0" UPDATEDATE="2024-09-09" STARTDATE="2024-09-09" ENDDATE="2079-06-06" ISACTUAL="1" ISACTIVE="0" /><HOUSE ID="22860398" OBJECTID="38289612" OBJECTGUID="8109ac12-171b-4ceb-b2bd-ca5c26cb3557" CHANGEID="58052852" HOUSENUM="2" HOUSETYPE="2" OPERTYPEID="10" PREVID="0" NEXTID="126742060" UPDATEDATE="2024-09-09" STARTDATE="2015-07-15" ENDDATE="2024-09-09" ISACTUAL="0" ISACTIVE="0" /><HOUSE ID="126742061" OBJECTID="38285463" OBJECTGUID="764972d6-4849-489c-b2a1-bd62cf80092f" CHANGEID="600762531" HOUSENUM="19" HOUSETYPE="2" OPERTYPEID="30" PREVID="22858044" NEXTID="0" UPDATEDATE="2024-09-09" STARTDATE="2024-09-09" ENDDATE="2079-06-06" ISACTUAL="1" ISACTIVE="0" /><HOUSE ID="22858044" OBJECTID="38285463" OBJECTGUID="764972d6-4849-489c-b2a1-bd62cf80092f" CHANGEID="58046937" HOUSENUM="19" HOUSETYPE="2" OPERTYPEID="10" PREVID="0" NEXTID="126742061" UPDATEDATE="2024-09-09" STARTDATE="2015-07-15" ENDDATE="2024-09-09" ISACTUAL="0" ISACTIVE="0" /><HOUSE ID="126742062" OBJECTID="38273012" OBJECTGUID="affcc8ce-1c96-45cc-88cf-4dae531c3fa1" CHANGEID="600762532" HOUSENUM="12" HOUSETYPE="2" OPERTYPEID="30" PREVID="22850955" NEXTID="0" UPDATEDATE="2024-09-09" STARTDATE="2024-09-09" ENDDATE="2079-06-06" ISACTUAL="1" ISACTIVE="0" /><HOUSE ID="22850955" OBJECTID="38273012" OBJECTGUID="affcc8ce-1c96-45cc-88cf-4dae531c3fa1" CHANGEID="58028908" HOUSENUM="12" HOUSETYPE="2" OPERTYPEID="10" PREVID="0" NEXTID="126742062" UPDATEDATE="2024-09-09" STARTDATE="2015-07-15" ENDDATE="2024-09-09" ISACTUAL="0" ISACTIVE="0" /><HOUSE ID="126742063" OBJECTID="38272143" OBJECTGUID="4f6048d3-83bf-4e50-98e7-489c5bc66ba5" CHANGEID="600762533" HOUSENUM="9" HOUSETYPE="2" OPERTYPEID="30" PREVID="22850357" NEXTID="0" UPDATEDATE="2024-09-09" STARTDATE="2024-09-09" ENDDATE="2079-06-06" ISACTUAL="1" ISACTIVE="0" /><HOUSE ID="22850357" OBJECTID="38272143" OBJECTGUID="4f6048d3-83bf-4e50-98e7-489c5bc66ba5" CHANGEID="58027544" HOUSENUM="9" HOUSETYPE="2" OPERTYPEID="10" PREVID="0" NEXTID="126742063" UPDATEDATE="2024-09-09" STARTDATE="2015-07-15" ENDDATE="2024-09-09" ISACTUAL="0" ISACTIVE="0" /><HOUSE ID="126742064" OBJECTID="38271342" OBJECTGUID="fec0d9d0-ecf5-4f3a-b955-46befd9f651d" CHANGEID="600762534" HOUSENUM="6" HOUSETYPE="2" OPERTYPEID="30" PREVID="22849803" NEXTID="0" UPDATEDATE="2024-09-09" STARTDATE="2024-09-09" ENDDATE="2079-06-06" ISACTUAL="1" ISACTIVE="0" /><HOUSE ID="22849803" OBJECTID="38271342" OBJECTGUID="fec0d9d0-ecf5-4f3a-b955-46befd9f651d" CHANGEID="58026267" HOUSENUM="6" HOUSETYPE="2" OPERTYPEID="10" PREVID="0" NEXTID="126742064" UPDATEDATE="2024-09-09" STARTDATE="2015-07-15" ENDDATE="2024-09-09" ISACTUAL="0" ISACTIVE="0" /><HOUSE ID="126742065" OBJECTID="38270936" OBJECTGUID="64c40426-7935-4e70-b3a8-3eb47382f83b" CHANGEID="600762535" HOUSENUM="28" HOUSETYPE="2" OPERTYPEID="30" PREVID="22849480" NEXTID="0" UPDATEDATE="2024-09-09" STARTDATE="2024-09-09" ENDDATE="2079-06-06" ISACTUAL="1" ISACTIVE="0" /><HOUSE ID="22849480" OBJECTID="38270936" OBJECTGUID="64c40426-7935-4e70-b3a8-3eb47382f83b" CHANGEID="58025707" HOUSENUM="28" HOUSETYPE="2" OPERTYPEID="10" PREVID="0" NEXTID="126742065" UPDATEDATE="2024-09-09" STARTDATE="2015-07-15" ENDDATE="2024-09-09" ISACTUAL="0" ISACTIVE="0" /><HOUSE ID="126742066" OBJECTID="38270123" OBJECTGUID="73b23033-0a6d-4e55-a03a-39e582d29d13" CHANGEID="600762536" HOUSENUM="10" HOUSETYPE="2" OPERTYPEID="30" PREVID="22849047" NEXTID="0" UPDATEDATE="2024-09-09" STARTDATE="2024-09-09" ENDDATE="2079-06-06" ISACTUAL="1" ISACTIVE="0" /><HOUSE ID="22849047" OBJECTID="38270123" OBJECTGUID="73b23033-0a6d-4e55-a03a-39e582d29d13" CHANGEID="58024475" HOUSENUM="10" HOUSETYPE="2" OPERTYPEID="10" PREVID="0" NEXTID="126742066" UPDATEDATE="2024-09-09" STARTDATE="2015-07-15" ENDDATE="2024-09-09" ISACTUAL="0" ISACTIVE="0" /><HOUSE ID="126742067" OBJECTID="38269754" OBJECTGUID="a884ea70-fd8e-4d3b-8b97-34fb30b2d8a6" CHANGEID="600762537" HOUSENUM="29" HOUSETYPE="2" OPERTYPEID="30" PREVID="22848721" NEXTID="0" UPDATEDATE="2024-09-09" STARTDATE="2024-09-09" ENDDATE="2079-06-06" ISACTUAL="1" ISACTIVE="0" /><HOUSE ID="22848721" OBJECTID="38269754" OBJECTGUID="a884ea70-fd8e-4d3b-8b97-34fb30b2d8a6" CHANGEID="58023908" HOUSENUM="29" HOUSETYPE="2" OPERTYPEID="10" PREVID="0" NEXTID="126742067" UPDATEDATE="2024-09-09" STARTDATE="2015-07-15" ENDDATE="2024-09-09" ISACTUAL="0" ISACTIVE="0" /><HOUSE ID="126742068" OBJECTID="38269103" OBJECTGUID="5ce910ed-f729-4607-b1a7-33ab685c1711" CHANGEID="600762538" HOUSENUM="4" HOUSETYPE="2" OPERTYPEID="30" PREVID="22848413" NEXTID="0" UPDATEDATE="2024-09-09" STARTDATE="2024-09-09" ENDDATE="2079-06-06" ISACTUAL="1" ISACTIVE="0" /><HOUSE ID="22848413" OBJECTID="38269103" OBJECTGUID="5ce910ed-f729-4607-b1a7-33ab685c1711" CHANGEID="58022962" HOUSENUM="4" HOUSETYPE="2" OPERTYPEID="10" PREVID="0" NEXTID="126742068" UPDATEDATE="2024-09-09" STARTDATE="2015-07-15" ENDDATE="2024-09-09" ISACTUAL="0" ISACTIVE="0" /><HOUSE ID="126742069" OBJECTID="38268642" OBJECTGUID="22413992-523e-4981-a93a-2d9c32845196" CHANGEID="600762539" HOUSENUM="15" HOUSETYPE="2" OPERTYPEID="30" PREVID="22848110" NEXTID="0" UPDATEDATE="2024-09-09" STARTDATE="2024-09-09" ENDDATE="2079-06-06" ISACTUAL="1" ISACTIVE="0" /><HOUSE ID="22848110" OBJECTID="38268642" OBJECTGUID="22413992-523e-4981-a93a-2d9c32845196" CHANGEID="58022210" HOUSENUM="15" HOUSETYPE="2" OPERTYPEID="10" PREVID="0" NEXTID="126742069" UPDATEDATE="2024-09-09" STARTDATE="2015-07-15" ENDDATE="2024-09-09" ISACTUAL="0" ISACTIVE="0" /><HOUSE ID="126742070" OBJECTID="38268164" OBJECTGUID="9a7067de-a832-4816-9b06-1cafd1525d39" CHANGEID="600762540" HOUSENUM="13" HOUSETYPE="2" OPERTYPEID="30" PREVID="22847744" NEXTID="0" UPDATEDATE="2024-09-09" STARTDATE="2024-09-09" ENDDATE="2079-06-06" ISACTUAL="1" ISACTIVE="0" /><HOUSE ID="22847744" OBJECTID="38268164" OBJECTGUID="9a7067de-a832-4816-9b06-1cafd1525d39" CHANGEID="58021432" HOUSENUM="13" HOUSETYPE="2" OPERTYPEID="10" PREVID="0" NEXTID="126742070" UPDATEDATE="2024-09-09" STARTDATE="2015-07-15" ENDDATE="2024-09-09" ISACTUAL="0" ISACTIVE="0" /><HOUSE ID="126742071" OBJECTID="38267218" OBJECTGUID="22e3b1ab-2de4-462c-b2f4-17ec8731add3" CHANGEID="600762541" HOUSENUM="14" HOUSETYPE="2" OPERTYPEID="30" PREVID="22847042" NEXTID="0" UPDATEDATE="2024-09-09" STARTDATE="2024-09-09" ENDDATE="2079-06-06" ISACTUAL="1" ISACTIVE="0" /><HOUSE ID="22847042" OBJECTID="38267218" OBJECTGUID="22e3b1ab-2de4-462c-b2f4-17ec8731add3" CHANGEID="58019926" HOUSENUM="14" HOUSETYPE="2" OPERTYPEID="10" PREVID="0" NEXTID="126742071" UPDATEDATE="2024-09-09" STARTDATE="2015-07-15" ENDDATE="2024-09-09" ISACTUAL="0" ISACTIVE="0" /><HOUSE ID="126742072" OBJECTID="38266209" OBJECTGUID="8155253b-87db-45d8-9cc2-17d040dce0ca" CHANGEID="600762542" HOUSENUM="24" HOUSETYPE="2" OPERTYPEID="30" PREVID="22846407" NEXTID="0" UPDATEDATE="2024-09-09" STARTDATE="2024-09-09" ENDDATE="2079-06-06" ISACTUAL="1" ISACTIVE="0" /><HOUSE ID="22846407" OBJECTID="38266209" OBJECTGUID="8155253b-87db-45d8-9cc2-17d040dce0ca" CHANGEID="58018518" HOUSENUM="24" HOUSETYPE="2" OPERTYPEID="10" PREVID="0" NEXTID="126742072" UPDATEDATE="2024-09-09" STARTDATE="2015-07-15" ENDDATE="2024-09-09" ISACTUAL="0" ISACTIVE="0" /><HOUSE ID="126742073" OBJECTID="38262122" OBJECTGUID="00d760db-3fce-4136-bf12-10158980f393" CHANGEID="600762543" HOUSENUM="3" HOUSETYPE="2" OPERTYPEID="30" PREVID="22843220" NEXTID="0" UPDATEDATE="2024-09-09" STARTDATE="2024-09-09" ENDDATE="2079-06-06" ISACTUAL="1" ISACTIVE="0" /><HOUSE ID="22843220" OBJECTID="38262122" OBJECTGUID="00d760db-3fce-4136-bf12-10158980f393" CHANGEID="58011907" HOUSENUM="3" HOUSETYPE="2" OPERTYPEID="10" PREVID="0" NEXTID="126742073" UPDATEDATE="2024-09-09" STARTDATE="2015-07-15" ENDDATE="2024-09-09" ISACTUAL="0" ISACTIVE="0" /><HOUSE ID="126742074" OBJECTID="37604780" OBJECTGUID="955e3a36-ddbd-4451-8bfb-fcd4063d4e14" CHANGEID="600762544" HOUSENUM="26" HOUSETYPE="2" OPERTYPEID="30" PREVID="22436366" NEXTID="0" UPDATEDATE="2024-09-09" STARTDATE="2024-09-09" ENDDATE="2079-06-06" ISACTUAL="1" ISACTIVE="0" /><HOUSE ID="22436366" OBJECTID="37604780" OBJECTGUID="955e3a36-ddbd-4451-8bfb-fcd4063d4e14" CHANGEID="57047603" HOUSENUM="26" HOUSETYPE="2" OPERTYPEID="10" PREVID="0" NEXTID="126742074" UPDATEDATE="2024-09-09" STARTDATE="2015-07-15" ENDDATE="2024-09-09" ISACTUAL="0" ISACTIVE="0" /><HOUSE ID="126742075" OBJECTID="37604306" OBJECTGUID="04bed289-8f54-4e8e-bc61-fcab9c430a02" CHANGEID="600762545" HOUSENUM="34" HOUSETYPE="2" OPERTYPEID="30" PREVID="22436075" NEXTID="0" UPDATEDATE="2024-09-09" STARTDATE="2024-09-09" ENDDATE="2079-06-06" ISACTUAL="1" ISACTIVE="0" /><HOUSE ID="22436075" OBJECTID="37604306" OBJECTGUID="04bed289-8f54-4e8e-bc61-fcab9c430a02" CHANGEID="57046868" HOUSENUM="34" HOUSETYPE="2" OPERTYPEID="10" PREVID="0" NEXTID="126742075" UPDATEDATE="2024-09-09" STARTDATE="2015-07-15" ENDDATE="2024-09-09" ISACTUAL="0" ISACTIVE="0" /><HOUSE ID="126742076" OBJECTID="37603131" OBJECTGUID="c50abb1e-c0a0-47fe-a1f1-fa56e4e62fe4" CHANGEID="600762546" HOUSENUM="22" HOUSETYPE="2" OPERTYPEID="30" PREVID="22435482" NEXTID="0" UPDATEDATE="2024-09-09" STARTDATE="2024-09-09" ENDDATE="2079-06-06" ISACTUAL="1" ISACTIVE="0" /><HOUSE ID="22435482" OBJECTID="37603131" OBJECTGUID="c50abb1e-c0a0-47fe-a1f1-fa56e4e62fe4" CHANGEID="57045241" HOUSENUM="22" HOUSETYPE="2" OPERTYPEID="10" PREVID="0" NEXTID="126742076" UPDATEDATE="2024-09-09" STARTDATE="2015-07-15" ENDDATE="2024-09-09" ISACTUAL="0" ISACTIVE="0" /><HOUSE ID="126742077" OBJECTID="37601807" OBJECTGUID="4ad3de3b-829f-48d6-946c-f5a999ab7618" CHANGEID="600762547" HOUSENUM="31" HOUSETYPE="2" OPERTYPEID="30" PREVID="22435142" NEXTID="0" UPDATEDATE="2024-09-09" STARTDATE="2024-09-09" ENDDATE="2079-06-06" ISACTUAL="1" ISACTIVE="0" /><HOUSE ID="22435142" OBJECTID="37601807" OBJECTGUID="4ad3de3b-829f-48d6-946c-f5a999ab7618" CHANGEID="57043609" HOUSENUM="31" HOUSETYPE="2" OPERTYPEID="10" PREVID="0" NEXTID="126742077" UPDATEDATE="2024-09-09" STARTDATE="2015-07-15" ENDDATE="2024-09-09" ISACTUAL="0" ISACTIVE="0" /><HOUSE ID="126742078" OBJECTID="37601665" OBJECTGUID="331e1f5c-96c0-4e21-ad99-f060b86ca699" CHANGEID="600762548" HOUSENUM="7" HOUSETYPE="2" OPERTYPEID="30" PREVID="22435090" NEXTID="0" UPDATEDATE="2024-09-09" STARTDATE="2024-09-09" ENDDATE="2079-06-06" ISACTUAL="1" ISACTIVE="0" /><HOUSE ID="22435090" OBJECTID="37601665" OBJECTGUID="331e1f5c-96c0-4e21-ad99-f060b86ca699" CHANGEID="57043372" HOUSENUM="7" HOUSETYPE="2" OPERTYPEID="10" PREVID="0" NEXTID="126742078" UPDATEDATE="2024-09-09" STARTDATE="2015-07-15" ENDDATE="2024-09-09" ISACTUAL="0" ISACTIVE="0" /><HOUSE ID="126742079" OBJECTID="37601190" OBJECTGUID="1281cf81-8310-49c1-aebc-ec7197cc2772" CHANGEID="600762549" HOUSENUM="25" HOUSETYPE="2" OPERTYPEID="30" PREVID="22434806" NEXTID="0" UPDATEDATE="2024-09-09" STARTDATE="2024-09-09" ENDDATE="2079-06-06" ISACTUAL="1" ISACTIVE="0" /><HOUSE ID="22434806" OBJECTID="37601190" OBJECTGUID="1281cf81-8310-49c1-aebc-ec7197cc2772" CHANGEID="57042825" HOUSENUM="25" HOUSETYPE="2" OPERTYPEID="10" PREVID="0" NEXTID="126742079" UPDATEDATE="2024-09-09" STARTDATE="2015-07-15" ENDDATE="2024-09-09" ISACTUAL="0" ISACTIVE="0" /><HOUSE ID="126742080" OBJECTID="37599629" OBJECTGUID="9e9409ac-deb4-4c5f-82a4-eb54481b658d" CHANGEID="600762550" HOUSENUM="21" HOUSETYPE="2" OPERTYPEID="30" PREVID="22434291" NEXTID="0" UPDATEDATE="2024-09-09" STARTDATE="2024-09-09" ENDDATE="2079-06-06" ISACTUAL="1" ISACTIVE="0" /><HOUSE ID="22434291" OBJECTID="37599629" OBJECTGUID="9e9409ac-deb4-4c5f-82a4-eb54481b658d" CHANGEID="57040737" HOUSENUM="21" HOUSETYPE="2" OPERTYPEID="10" PREVID="0" NEXTID="126742080" UPDATEDATE="2024-09-09" STARTDATE="2015-07-15" ENDDATE="2024-09-09" ISACTUAL="0" ISACTIVE="0" /><HOUSE ID="126742081" OBJECTID="37599311" OBJECTGUID="27f15154-dba1-4261-a8dd-e8dffa4d6d12" CHANGEID="600762551" HOUSENUM="33" HOUSETYPE="2" OPERTYPEID="30" PREVID="22434084" NEXTID="0" UPDATEDATE="2024-09-09" STARTDATE="2024-09-09" ENDDATE="2079-06-06" ISACTUAL="1" ISACTIVE="0" /><HOUSE ID="22434084" OBJECTID="37599311" OBJECTGUID="27f15154-dba1-4261-a8dd-e8dffa4d6d12" CHANGEID="57040312" HOUSENUM="33" HOUSETYPE="2" OPERTYPEID="10" PREVID="0" NEXTID="126742081" UPDATEDATE="2024-09-09" STARTDATE="2015-07-15" ENDDATE="2024-09-09" ISACTUAL="0" ISACTIVE="0" /><HOUSE ID="126742082" OBJECTID="37598804" OBJECTGUID="0980c25d-9544-4d06-afb8-de923d889f01" CHANGEID="600762552" HOUSENUM="23" HOUSETYPE="2" OPERTYPEID="30" PREVID="22433762" NEXTID="0" UPDATEDATE="2024-09-09" STARTDATE="2024-09-09" ENDDATE="2079-06-06" ISACTUAL="1" ISACTIVE="0" /><HOUSE ID="22433762" OBJECTID="37598804" OBJECTGUID="0980c25d-9544-4d06-afb8-de923d889f01" CHANGEID="57039521" HOUSENUM="23" HOUSETYPE="2" OPERTYPEID="10" PREVID="0" NEXTID="126742082" UPDATEDATE="2024-09-09" STARTDATE="2015-07-15" ENDDATE="2024-09-09" ISACTUAL="0" ISACTIVE="0" /><HOUSE ID="126746340" OBJECTID="165146007" OBJECTGUID="5d108baa-c0d4-40f3-9d42-67eaafe467ca" CHANGEID="600784284" HOUSENUM="47" HOUSETYPE="2" OPERTYPEID="10" PREVID="0" NEXTID="0" UPDATEDATE="2024-09-09" STARTDATE="2024-09-09" ENDDATE="2079-06-06" ISACTUAL="1" ISACTIVE="1" /><HOUSE ID="126746605" OBJECTID="165147034" OBJECTGUID="5c01a35f-c002-48eb-a646-3096ca61ceff" CHANGEID="600786005" HOUSENUM="112А" HOUSETYPE="2" OPERTYPEID="10" PREVID="0" NEXTID="0" UPDATEDATE="2024-09-09" STARTDATE="2024-09-09" ENDDATE="2079-06-06" ISACTUAL="1" ISACTIVE="1" /><HOUSE ID="126746606" OBJECTID="165147048" OBJECTGUID="607fd7b6-a065-4cfd-a908-a23fd481b5e3" CHANGEID="600786021" HOUSENUM="8А" HOUSETYPE="2" OPERTYPEID="10" PREVID="0" NEXTID="0" UPDATEDATE="2024-09-09" STARTDATE="2024-09-09" ENDDATE="2079-06-06" ISACTUAL="1" ISACTIVE="1" /><HOUSE ID="126746607" OBJECTID="165147049" OBJECTGUID="4a6f41a0-2dcd-4fca-bc0b-7b0b3b9e4e7d" CHANGEID="600786022" HOUSENUM="23А" HOUSETYPE="2" OPERTYPEID="10" PREVID="0" NEXTID="0" UPDATEDATE="2024-09-09" STARTDATE="2024-09-09" ENDDATE="2079-06-06" ISACTUAL="1" ISACTIVE="1" /><HOUSE ID="126749667" OBJECTID="165161968" OBJECTGUID="8583aa78-3063-4df1-a614-0a85df90f2b4" CHANGEID="600814138" HOUSENUM="15а" HOUSETYPE="2" OPERTYPEID="10" PREVID="0" NEXTID="0" UPDATEDATE="2024-09-10" STARTDATE="2024-09-10" ENDDATE="2079-06-06" ISACTUAL="1" ISACTIVE="1" /><HOUSE ID="126749668" OBJECTID="165161969" OBJECTGUID="a2d85572-893c-4cfe-9bb4-5ad20a349f4c" CHANGEID="600814139" HOUSENUM="21а" HOUSETYPE="2" OPERTYPEID="10" PREVID="0" NEXTID="0" UPDATEDATE="2024-09-10" STARTDATE="2024-09-10" ENDDATE="2079-06-06" ISACTUAL="1" ISACTIVE="1" /><HOUSE ID="126750060" OBJECTID="165163343" OBJECTGUID="c404247d-a3fa-4b58-b124-c849e49a6f5f" CHANGEID="600816292" HOUSENUM="21б" HOUSETYPE="2" OPERTYPEID="10" PREVID="0" NEXTID="0" UPDATEDATE="2024-09-10" STARTDATE="2024-09-10" ENDDATE="2079-06-06" ISACTUAL="1" ISACTIVE="1" /><HOUSE ID="126750062" OBJECTID="165163345" OBJECTGUID="ba5702a8-d25b-4bb3-8c5b-5eafd0fdd689" CHANGEID="600816294" HOUSENUM="21г" HOUSETYPE="2" OPERTYPEID="10" PREVID="0" NEXTID="0" UPDATEDATE="2024-09-10" STARTDATE="2024-09-10" ENDDATE="2079-06-06" ISACTUAL="1" ISACTIVE="1" /><HOUSE ID="126750061" OBJECTID="165163344" OBJECTGUID="1af45088-35b5-4545-a043-026d382c23af" CHANGEID="600816293" HOUSENUM="21в" HOUSETYPE="2" OPERTYPEID="10" PREVID="0" NEXTID="0" UPDATEDATE="2024-09-10" STARTDATE="2024-09-10" ENDDATE="2079-06-06" ISACTUAL="1" ISACTIVE="1" /><HOUSE ID="126750063" OBJECTID="165163357" OBJECTGUID="7a3b64bd-a67e-4ed5-b65d-2e22c71d0b5e" CHANGEID="600816307" HOUSENUM="138А" HOUSETYPE="5" OPERTYPEID="10" PREVID="0" NEXTID="0" UPDATEDATE="2024-09-10" STARTDATE="2024-09-10" ENDDATE="2079-06-06" ISACTUAL="1" ISACTIVE="1" /><HOUSE ID="126750314" OBJECTID="165164659" OBJECTGUID="2b3301c7-96de-4345-8f00-041674e44721" CHANGEID="600818672" HOUSENUM="36" HOUSETYPE="5" OPERTYPEID="10" PREVID="0" NEXTID="0" UPDATEDATE="2024-09-10" STARTDATE="2024-09-10" ENDDATE="2079-06-06" ISACTUAL="1" ISACTIVE="1" /><HOUSE ID="126750951" OBJECTID="165168240" OBJECTGUID="1d30ee9c-29ec-4b03-a3e3-d4a50514b5d2" CHANGEID="600824066" HOUSENUM="6а" HOUSETYPE="2" OPERTYPEID="10" PREVID="0" NEXTID="0" UPDATEDATE="2024-09-10" STARTDATE="2024-09-10" ENDDATE="2079-06-06" ISACTUAL="1" ISACTIVE="1" /><HOUSE ID="126751063" OBJECTID="165169027" OBJECTGUID="a7244c78-63b0-4fce-b8cd-c331a714c808" CHANGEID="600825070" HOUSENUM="71" HOUSETYPE="2" OPERTYPEID="10" PREVID="0" NEXTID="0" UPDATEDATE="2024-09-10" STARTDATE="2024-09-10" ENDDATE="2079-06-06" ISACTUAL="1" ISACTIVE="1" /><HOUSE ID="126751736" OBJECTID="165171795" OBJECTGUID="7d5ef68f-bf31-47f6-9ab6-f2207e3fb50a" CHANGEID="600829056" HOUSENUM="1" ADDNUM1="1" HOUSETYPE="2" ADDTYPE1="3" OPERTYPEID="10" PREVID="0" NEXTID="0" UPDATEDATE="2024-09-10" STARTDATE="2024-09-10" ENDDATE="2079-06-06" ISACTUAL="1" ISACTIVE="1" /><HOUSE ID="126752530" OBJECTID="165173978" OBJECTGUID="79131564-ff12-4014-bbae-112f9c5d2443" CHANGEID="600833110" HOUSENUM="11" HOUSETYPE="2" OPERTYPEID="10" PREVID="0" NEXTID="0" UPDATEDATE="2024-09-10" STARTDATE="2024-09-10" ENDDATE="2079-06-06" ISACTUAL="1" ISACTIVE="1" /><HOUSE ID="126752531" OBJECTID="165173980" OBJECTGUID="37374ee6-7528-4cd6-a23e-31bf8f97c9b9" CHANGEID="600833142" HOUSENUM="36А" HOUSETYPE="2" OPERTYPEID="10" PREVID="0" NEXTID="0" UPDATEDATE="2024-09-10" STARTDATE="2024-09-10" ENDDATE="2079-06-06" ISACTUAL="1" ISACTIVE="1" /><HOUSE ID="126752533" OBJECTID="28826995" OBJECTGUID="7c35e61d-98af-4b6b-a114-044fa268a84c" CHANGEID="600833226" HOUSENUM="6б" HOUSETYPE="2" OPERTYPEID="20" PREVID="60180375" UPDATEDATE="2024-09-10" STARTDATE="2024-09-10" ENDDATE="2079-06-06" ISACTUAL="1" ISACTIVE="1" /><HOUSE ID="126752534" OBJECTID="165174002" OBJECTGUID="fca41962-a929-468a-8133-022c5c5cc212" CHANGEID="600833228" HOUSENUM="4" HOUSETYPE="2" OPERTYPEID="10" PREVID="0" NEXTID="0" UPDATEDATE="2024-09-10" STARTDATE="2024-09-10" ENDDATE="2079-06-06" ISACTUAL="1" ISACTIVE="1" /><HOUSE ID="126753210" OBJECTID="165177825" OBJECTGUID="dfe9e2dd-e7bd-4852-8de0-030ec2dbe5d6" CHANGEID="600838360" HOUSENUM="35А" HOUSETYPE="2" OPERTYPEID="10" PREVID="0" NEXTID="0" UPDATEDATE="2024-09-10" STARTDATE="2024-09-10" ENDDATE="2079-06-06" ISACTUAL="1" ISACTIVE="1" /><HOUSE ID="126753211" OBJECTID="165177827" OBJECTGUID="28b28543-2d22-4eb7-b1c9-124f83912e1d" CHANGEID="600838448" HOUSENUM="40А" HOUSETYPE="2" OPERTYPEID="10" PREVID="0" NEXTID="0" UPDATEDATE="2024-09-10" STARTDATE="2024-09-10" ENDDATE="2079-06-06" ISACTUAL="1" ISACTIVE="1" /><HOUSE ID="126753311" OBJECTID="165178215" OBJECTGUID="e8cc4e6b-1126-4a9d-ab2c-7e13ef7cb894" CHANGEID="600839142" HOUSENUM="18А" HOUSETYPE="2" OPERTYPEID="10" PREVID="0" NEXTID="0" UPDATEDATE="2024-09-10" STARTDATE="2024-09-10" ENDDATE="2079-06-06" ISACTUAL="1" ISACTIVE="1" /><HOUSE ID="126755776" OBJECTID="165190291" OBJECTGUID="ac1225b8-d905-4ef4-890d-8e56498603d6" CHANGEID="600883171" HOUSENUM="4а" HOUSETYPE="5" OPERTYPEID="10" PREVID="0" NEXTID="0" UPDATEDATE="2024-09-11" STARTDATE="2024-09-11" ENDDATE="2079-06-06" ISACTUAL="1" ISACTIVE="1" /><HOUSE ID="126755794" OBJECTID="165190311" OBJECTGUID="adb0eff3-437b-4166-909c-df08232aec43" CHANGEID="600883216" HOUSENUM="52" HOUSETYPE="2" OPERTYPEID="10" PREVID="0" NEXTID="0" UPDATEDATE="2024-09-11" STARTDATE="2024-09-11" ENDDATE="2079-06-06" ISACTUAL="1" ISACTIVE="1" /><HOUSE ID="126755793" OBJECTID="165190309" OBJECTGUID="43905534-cde7-4a7c-aeaa-6f64099299f9" CHANGEID="600883214" HOUSENUM="50" HOUSETYPE="2" OPERTYPEID="10" PREVID="0" NEXTID="0" UPDATEDATE="2024-09-11" STARTDATE="2024-09-11" ENDDATE="2079-06-06" ISACTUAL="1" ISACTIVE="1" /><HOUSE ID="126755795" OBJECTID="165190313" OBJECTGUID="ed031da4-d756-4be7-9fa6-b751cbb9fd7f" CHANGEID="600883218" HOUSENUM="46" HOUSETYPE="2" OPERTYPEID="10" PREVID="0" NEXTID="0" UPDATEDATE="2024-09-11" STARTDATE="2024-09-11" ENDDATE="2079-06-06" ISACTUAL="1" ISACTIVE="1" /><HOUSE ID="126756102" OBJECTID="165192006" OBJECTGUID="00b03e4b-2936-43f9-9632-e8e771f8fa1d" CHANGEID="600885700" HOUSENUM="19" HOUSETYPE="2" OPERTYPEID="10" PREVID="0" NEXTID="0" UPDATEDATE="2024-09-11" STARTDATE="2024-09-11" ENDDATE="2079-06-06" ISACTUAL="1" ISACTIVE="1" /><HOUSE ID="126757162" OBJECTID="165197860" OBJECTGUID="461e8213-9940-474b-be9e-e854b5cdd107" CHANGEID="600893642" HOUSENUM="2" HOUSETYPE="2" OPERTYPEID="10" PREVID="0" NEXTID="0" UPDATEDATE="2024-09-11" STARTDATE="2024-09-11" ENDDATE="2079-06-06" ISACTUAL="1" ISACTIVE="1" /><HOUSE ID="126757794" OBJECTID="165200427" OBJECTGUID="b847cad7-407f-497d-8c87-219deb984637" CHANGEID="600897599" HOUSENUM="16Ж" HOUSETYPE="2" OPERTYPEID="10" PREVID="0" NEXTID="0" UPDATEDATE="2024-09-11" STARTDATE="2024-09-11" ENDDATE="2079-06-06" ISACTUAL="1" ISACTIVE="1" /><HOUSE ID="126757793" OBJECTID="20187056" OBJECTGUID="c1657690-c61c-40a8-b5bb-47468611e869" CHANGEID="600897596" HOUSENUM="3Б" HOUSETYPE="2" OPERTYPEID="20" PREVID="65082233" UPDATEDATE="2024-09-11" STARTDATE="2024-09-11" ENDDATE="2079-06-06" ISACTUAL="1" ISACTIVE="1" /><HOUSE ID="126758358" OBJECTID="58009206" OBJECTGUID="114c45a4-a8e7-4b33-ad53-e5a3e60d6650" CHANGEID="600902933" HOUSENUM="39/2" HOUSETYPE="2" OPERTYPEID="20" PREVID="52606368" UPDATEDATE="2024-09-11" STARTDATE="2024-09-11" ENDDATE="2079-06-06" ISACTUAL="1" ISACTIVE="1" /><HOUSE ID="126758360" OBJECTID="165204488" OBJECTGUID="2d5dc7a8-9b47-484e-b381-d8495cf2c485" CHANGEID="600902955" HOUSENUM="34Н" HOUSETYPE="5" OPERTYPEID="10" PREVID="0" NEXTID="0" UPDATEDATE="2024-09-11" STARTDATE="2024-09-11" ENDDATE="2079-06-06" ISACTUAL="1" ISACTIVE="1" /><HOUSE ID="126758361" OBJECTID="165204489" OBJECTGUID="ccb36327-e57c-45d3-a79e-56f83f098950" CHANGEID="600902956" HOUSENUM="57б" HOUSETYPE="5" OPERTYPEID="10" PREVID="0" NEXTID="0" UPDATEDATE="2024-09-11" STARTDATE="2024-09-11" ENDDATE="2079-06-06" ISACTUAL="1" ISACTIVE="1" /><HOUSE ID="126759883" OBJECTID="165211514" OBJECTGUID="17fb636d-b28d-4d2f-aa1d-8c7fdbd61e56" CHANGEID="600914719" HOUSENUM="23" HOUSETYPE="2" OPERTYPEID="10" PREVID="0" NEXTID="0" UPDATEDATE="2024-09-11" STARTDATE="2024-09-11" ENDDATE="2079-06-06" ISACTUAL="1" ISACTIVE="1" /><HOUSE ID="123534506" OBJECTID="156630200" OBJECTGUID="634fa83f-2332-4b75-b410-6e992bd3d6f9" CHANGEID="443493874" HOUSENUM="48Б" HOUSETYPE="2" OPERTYPEID="10" PREVID="0" NEXTID="126760186" UPDATEDATE="2024-09-11" STARTDATE="2022-10-10" ENDDATE="2024-09-11" ISACTUAL="0" ISACTIVE="0" /><HOUSE ID="126760186" OBJECTID="156630200" OBJECTGUID="634fa83f-2332-4b75-b410-6e992bd3d6f9" CHANGEID="600916528" HOUSENUM="48Б" HOUSETYPE="5" OPERTYPEID="20" PREVID="123534506" UPDATEDATE="2024-09-11" STARTDATE="2024-09-11" ENDDATE="2079-06-06" ISACTUAL="1" ISACTIVE="1" /><HOUSE ID="126760451" OBJECTID="165214453" OBJECTGUID="569fe662-73f9-43e5-8fac-1c9ca453867d" CHANGEID="600919151" HOUSENUM="39" HOUSETYPE="8" OPERTYPEID="10" PREVID="0" NEXTID="0" UPDATEDATE="2024-09-11" STARTDATE="2024-09-11" ENDDATE="2079-06-06" ISACTUAL="1" ISACTIVE="1" /><HOUSE ID="126760453" OBJECTID="165214461" OBJECTGUID="a6d41820-d9ea-4431-8e61-5d4e550e13be" CHANGEID="600919159" HOUSENUM="33" HOUSETYPE="2" OPERTYPEID="10" PREVID="0" NEXTID="0" UPDATEDATE="2024-09-11" STARTDATE="2024-09-11" ENDDATE="2079-06-06" ISACTUAL="1" ISACTIVE="1" /><HOUSE ID="126760455" OBJECTID="165214471" OBJECTGUID="d9c0ff5f-7f2d-419d-8738-86abdc83f960" CHANGEID="600919173" HOUSENUM="4А" HOUSETYPE="2" OPERTYPEID="10" PREVID="0" NEXTID="0" UPDATEDATE="2024-09-11" STARTDATE="2024-09-11" ENDDATE="2079-06-06" ISACTUAL="1" ISACTIVE="1" /><HOUSE ID="126760452" OBJECTID="165214460" OBJECTGUID="ebec2457-203d-4722-80b6-60e8f62582b5" CHANGEID="600919158" HOUSENUM="1Г/4" HOUSETYPE="2" OPERTYPEID="10" PREVID="0" NEXTID="0" UPDATEDATE="2024-09-11" STARTDATE="2024-09-11" ENDDATE="2079-06-06" ISACTUAL="1" ISACTIVE="1" /><HOUSE ID="126760454" OBJECTID="165214465" OBJECTGUID="566a9dea-26ef-4980-a38e-dcf952f2c058" CHANGEID="600919166" HOUSENUM="268" HOUSETYPE="2" OPERTYPEID="10" PREVID="0" NEXTID="0" UPDATEDATE="2024-09-11" STARTDATE="2024-09-11" ENDDATE="2079-06-06" ISACTUAL="1" ISACTIVE="1" /><HOUSE ID="126760814" OBJECTID="165215617" OBJECTGUID="17087195-6a03-46bc-a3bb-7f11fa4f962b" CHANGEID="600921800" HOUSENUM="18а" HOUSETYPE="2" OPERTYPEID="10" PREVID="0" NEXTID="0" UPDATEDATE="2024-09-11" STARTDATE="2024-09-11" ENDDATE="2079-06-06" ISACTUAL="1" ISACTIVE="1" /><HOUSE ID="126760815" OBJECTID="165215658" OBJECTGUID="221724ee-bff9-4f3f-898e-06298e8855fa" CHANGEID="600921842" HOUSENUM="32А" HOUSETYPE="2" OPERTYPEID="10" PREVID="0" NEXTID="0" UPDATEDATE="2024-09-11" STARTDATE="2024-09-11" ENDDATE="2079-06-06" ISACTUAL="1" ISACTIVE="1" /><HOUSE ID="124081380" OBJECTID="157965509" OBJECTGUID="f5f81b9a-dd1a-4495-8c73-af578704ab4a" CHANGEID="494545365" HOUSENUM="1" HOUSETYPE="2" OPERTYPEID="10" PREVID="0" NEXTID="126760820" UPDATEDATE="2024-09-11" STARTDATE="2023-02-02" ENDDATE="2024-09-11" ISACTUAL="0" ISACTIVE="0" /><HOUSE ID="126760820" OBJECTID="157965509" OBJECTGUID="f5f81b9a-dd1a-4495-8c73-af578704ab4a" CHANGEID="600921872" HOUSENUM="1" ADDNUM1="2" HOUSETYPE="2" ADDTYPE1="3" OPERTYPEID="20" PREVID="124081380" UPDATEDATE="2024-09-11" STARTDATE="2024-09-11" ENDDATE="2079-06-06" ISACTUAL="1" ISACTIVE="1" /><HOUSE ID="126760816" OBJECTID="165215659" OBJECTGUID="e388fa82-022b-400e-b3d6-078873ebc60f" CHANGEID="600921843" HOUSENUM="7Б" HOUSETYPE="2" OPERTYPEID="10" PREVID="0" NEXTID="0" UPDATEDATE="2024-09-11" STARTDATE="2024-09-11" ENDDATE="2079-06-06" ISACTUAL="1" ISACTIVE="1" /><HOUSE ID="126760817" OBJECTID="165215660" OBJECTGUID="01f19773-ecda-4116-8634-1773b0d86633" CHANGEID="600921845" HOUSENUM="3А" HOUSETYPE="2" OPERTYPEID="10" PREVID="0" NEXTID="0" UPDATEDATE="2024-09-11" STARTDATE="2024-09-11" ENDDATE="2079-06-06" ISACTUAL="1" ISACTIVE="1" /><HOUSE ID="126761237" OBJECTID="165218124" OBJECTGUID="37e079ac-f3ed-4cfc-96b9-230c7cb267f8" CHANGEID="600925607" HOUSENUM="5" HOUSETYPE="2" OPERTYPEID="10" PREVID="0" NEXTID="0" UPDATEDATE="2024-09-11" STARTDATE="2024-09-11" ENDDATE="2079-06-06" ISACTUAL="1" ISACTIVE="1" /><HOUSE ID="126761238" OBJECTID="165218125" OBJECTGUID="b18c8e1e-7062-4708-923c-1fae6e7e9b28" CHANGEID="600925608" HOUSENUM="9а" HOUSETYPE="2" OPERTYPEID="10" PREVID="0" NEXTID="0" UPDATEDATE="2024-09-11" STARTDATE="2024-09-11" ENDDATE="2079-06-06" ISACTUAL="1" ISACTIVE="1" /><HOUSE ID="126761239" OBJECTID="165218126" OBJECTGUID="f7a42831-435c-49d2-bb6d-e3239ca6d8d0" CHANGEID="600925609" HOUSENUM="7а" HOUSETYPE="2" OPERTYPEID="10" PREVID="0" NEXTID="0" UPDATEDATE="2024-09-11" STARTDATE="2024-09-11" ENDDATE="2079-06-06" ISACTUAL="1" ISACTIVE="1" /></HOUSES>