﻿<?xml version="1.0" encoding="utf-8"?><HOUSES><HOUSE ID="56281498" OBJECTID="68575087" OBJECTGUID="452ed6fc-3339-4ff7-ab92-d5a0ba48d53b" CHANGEID="102222612" HOUSENUM="14" HOUSETYPE="3" OPERTYPEID="20" PREVID="41341327" NEXTID="126758553" UPDATEDATE="2024-09-11" STARTDATE="2012-12-10" ENDDATE="2024-09-11" ISACTUAL="0" ISACTIVE="0" /><HOUSE ID="56408340" OBJECTID="3388293" OBJECTGUID="46f9e363-cf73-4dbc-adb8-6279a496335d" CHANGEID="6869414" HOUSENUM="134" HOUSETYPE="3" OPERTYPEID="20" PREVID="1168479" NEXTID="126741230" UPDATEDATE="2024-09-09" STARTDATE="2014-05-14" ENDDATE="2024-09-09" ISACTUAL="0" ISACTIVE="0" /><HOUSE ID="56551488" OBJECTID="34150923" OBJECTGUID="4903b375-0e36-4491-998a-49c96db9693f" CHANGEID="52012868" HOUSENUM="10Б" HOUSETYPE="2" OPERTYPEID="20" PREVID="20312259" NEXTID="126753843" UPDATEDATE="2024-09-10" STARTDATE="2016-09-07" ENDDATE="2024-09-10" ISACTUAL="0" ISACTIVE="0" /><HOUSE ID="58611851" OBJECTID="41356181" OBJECTGUID="66122441-61e9-4d68-93b1-328e25a59fb8" CHANGEID="62543946" HOUSENUM="5" HOUSETYPE="3" OPERTYPEID="20" PREVID="24717023" NEXTID="126761030" UPDATEDATE="2024-09-11" STARTDATE="2012-11-12" ENDDATE="2024-09-11" ISACTUAL="0" ISACTIVE="0" /><HOUSE ID="60147951" OBJECTID="58181778" OBJECTGUID="7bc03fb9-effd-42ee-8515-0155d1540654" CHANGEID="86967189" HOUSENUM="68" HOUSETYPE="3" OPERTYPEID="20" PREVID="34840328" NEXTID="126732748" UPDATEDATE="2024-09-06" STARTDATE="2012-12-10" ENDDATE="2024-09-06" ISACTUAL="0" ISACTIVE="0" /><HOUSE ID="60354594" OBJECTID="7421844" OBJECTGUID="7eab1101-4f44-404d-b3d6-62914044bf74" CHANGEID="12725980" HOUSENUM="15" HOUSETYPE="3" OPERTYPEID="20" PREVID="3618571" NEXTID="126729373" UPDATEDATE="2024-09-05" STARTDATE="2012-12-10" ENDDATE="2024-09-05" ISACTUAL="0" ISACTIVE="0" /><HOUSE ID="61520887" OBJECTID="21833580" OBJECTGUID="8f23f91a-c766-48c2-adea-7f788190c6b4" CHANGEID="34080651" HOUSENUM="2А" HOUSETYPE="3" OPERTYPEID="20" PREVID="12849480" NEXTID="126730043" UPDATEDATE="2024-09-05" STARTDATE="2012-12-10" ENDDATE="2024-09-05" ISACTUAL="0" ISACTIVE="0" /><HOUSE ID="62050382" OBJECTID="19271967" OBJECTGUID="969810c0-c75a-4b71-8180-69ba462f606f" CHANGEID="30242720" HOUSENUM="1а" HOUSETYPE="3" OPERTYPEID="20" PREVID="11146868" NEXTID="126725974" UPDATEDATE="2024-09-05" STARTDATE="2012-12-10" ENDDATE="2024-09-05" ISACTUAL="0" ISACTIVE="0" /><HOUSE ID="64514887" OBJECTID="40790947" OBJECTGUID="b960da4b-c7a7-4d08-aa4b-d7b17e80fd13" CHANGEID="61717513" HOUSENUM="5" HOUSETYPE="3" OPERTYPEID="20" PREVID="24379231" NEXTID="126737406" UPDATEDATE="2024-09-06" STARTDATE="2012-12-10" ENDDATE="2024-09-06" ISACTUAL="0" ISACTIVE="0" /><HOUSE ID="65163857" OBJECTID="21996516" OBJECTGUID="c28ac223-1ae3-4a25-bf3e-8f1653503fc4" CHANGEID="34320696" HOUSENUM="21" HOUSETYPE="3" OPERTYPEID="20" PREVID="12951965" NEXTID="126752972" UPDATEDATE="2024-09-10" STARTDATE="2015-10-26" ENDDATE="2024-09-10" ISACTUAL="0" ISACTIVE="0" /><HOUSE ID="65586970" OBJECTID="13257974" OBJECTGUID="c8844798-bf1d-47ae-96e6-1dfdd92e044f" CHANGEID="21291567" HOUSENUM="40А" HOUSETYPE="3" OPERTYPEID="20" PREVID="7235893" NEXTID="126735441" UPDATEDATE="2024-09-06" STARTDATE="2012-12-10" ENDDATE="2024-09-06" ISACTUAL="0" ISACTIVE="0" /><HOUSE ID="66404527" OBJECTID="12826336" OBJECTGUID="d41144c1-17ca-4e45-841d-6d2e315bfd02" CHANGEID="20647290" HOUSENUM="1" HOUSETYPE="2" OPERTYPEID="20" PREVID="6954959" NEXTID="126746668" UPDATEDATE="2024-09-09" STARTDATE="2018-01-13" ENDDATE="2024-09-09" ISACTUAL="0" ISACTIVE="0" /><HOUSE ID="67576819" OBJECTID="41492707" OBJECTGUID="e4a6fcc7-33f5-49e3-817e-31271a65c291" CHANGEID="62742293" HOUSENUM="6" HOUSETYPE="3" OPERTYPEID="20" PREVID="24799012" NEXTID="126759917" UPDATEDATE="2024-09-11" STARTDATE="2012-12-10" ENDDATE="2024-09-11" ISACTUAL="0" ISACTIVE="0" /><HOUSE ID="67635369" OBJECTID="41359638" OBJECTGUID="e5794a17-4c27-44bc-8e73-737d05b10d2f" CHANGEID="62548795" HOUSENUM="1" HOUSETYPE="3" OPERTYPEID="20" PREVID="24719042" NEXTID="126761027" UPDATEDATE="2024-09-11" STARTDATE="2012-11-12" ENDDATE="2024-09-11" ISACTUAL="0" ISACTIVE="0" /><HOUSE ID="68649887" OBJECTID="40789501" OBJECTGUID="f3ca0c67-760a-4a08-a110-cf57e19ed774" CHANGEID="61715571" HOUSENUM="7" HOUSETYPE="3" OPERTYPEID="20" PREVID="24378156" NEXTID="126737422" UPDATEDATE="2024-09-06" STARTDATE="2012-12-10" ENDDATE="2024-09-06" ISACTUAL="0" ISACTIVE="0" /><HOUSE ID="68822695" OBJECTID="16958060" OBJECTGUID="f64270d5-2526-4a12-9bc9-f49d63581526" CHANGEID="26837564" HOUSENUM="5А" HOUSETYPE="3" OPERTYPEID="20" PREVID="9688426" NEXTID="126744697" UPDATEDATE="2024-09-09" STARTDATE="2012-12-10" ENDDATE="2024-09-09" ISACTUAL="0" ISACTIVE="0" /><HOUSE ID="69416327" OBJECTID="41357580" OBJECTGUID="fe9f26a7-a8e3-4110-a313-4d77fd3cc400" CHANGEID="62545568" HOUSENUM="8" HOUSETYPE="3" OPERTYPEID="20" PREVID="24717630" NEXTID="126761031" UPDATEDATE="2024-09-11" STARTDATE="2012-11-12" ENDDATE="2024-09-11" ISACTUAL="0" ISACTIVE="0" /><HOUSE ID="5120103" OBJECTID="9811784" OBJECTGUID="465357ae-895a-429e-9495-752c50bc8afa" CHANGEID="16248316" HOUSENUM="37" HOUSETYPE="2" OPERTYPEID="10" PREVID="0" NEXTID="126744755" UPDATEDATE="2024-09-09" STARTDATE="1900-01-01" ENDDATE="2024-09-09" ISACTUAL="0" ISACTIVE="0" /><HOUSE ID="5133938" OBJECTID="9837841" OBJECTGUID="2f1d1427-111f-4734-9655-b3fb7f5ceecf" CHANGEID="16284499" HOUSENUM="1б" HOUSETYPE="2" OPERTYPEID="10" PREVID="0" NEXTID="126742574" UPDATEDATE="2024-09-09" STARTDATE="1900-01-01" ENDDATE="2024-09-09" ISACTUAL="0" ISACTIVE="0" /><HOUSE ID="8801388" OBJECTID="15559564" OBJECTGUID="1a893baa-17dd-4dcc-925c-560d53a8fdcd" CHANGEID="24777109" HOUSENUM="38" HOUSETYPE="3" OPERTYPEID="10" PREVID="0" NEXTID="126744457" UPDATEDATE="2024-09-09" STARTDATE="1900-01-01" ENDDATE="2024-09-09" ISACTUAL="0" ISACTIVE="0" /><HOUSE ID="8833705" OBJECTID="15615053" OBJECTGUID="da05402c-1f5b-49ef-ae72-6010ce5b8cd7" CHANGEID="24856496" HOUSENUM="294а" HOUSETYPE="2" OPERTYPEID="10" PREVID="0" NEXTID="126734028" UPDATEDATE="2024-09-06" STARTDATE="1965-01-23" ENDDATE="2024-09-06" ISACTUAL="0" ISACTIVE="0" /><HOUSE ID="9588594" OBJECTID="16801774" OBJECTGUID="5e7c434b-fe33-485f-aae9-8a0c3d181ee0" CHANGEID="26607158" HOUSENUM="179" HOUSETYPE="4" OPERTYPEID="10" PREVID="0" NEXTID="126741727" UPDATEDATE="2024-09-09" STARTDATE="2019-06-17" ENDDATE="2024-09-09" ISACTUAL="0" ISACTIVE="0" /><HOUSE ID="10113998" OBJECTID="17617887" OBJECTGUID="da878df5-fb6e-4be3-b248-959fe80d5095" CHANGEID="27811801" HOUSENUM="58" HOUSETYPE="2" OPERTYPEID="10" PREVID="0" NEXTID="126740808" UPDATEDATE="2024-09-09" STARTDATE="1900-01-01" ENDDATE="2024-09-09" ISACTUAL="0" ISACTIVE="0" /><HOUSE ID="22817913" OBJECTID="38219483" OBJECTGUID="a8ca1829-5a0c-4bb2-a684-81a70562b7b2" CHANGEID="57951147" HOUSENUM="12А" HOUSETYPE="2" OPERTYPEID="20" PREVID="22817903" NEXTID="126729326" UPDATEDATE="2024-09-05" STARTDATE="2018-04-13" ENDDATE="2024-09-05" ISACTUAL="0" ISACTIVE="0" /><HOUSE ID="35055003" OBJECTID="58546193" OBJECTGUID="039335de-065c-4e7a-a47c-465e312f866e" CHANGEID="87490103" HOUSENUM="2" HOUSETYPE="2" OPERTYPEID="10" PREVID="0" NEXTID="126742583" UPDATEDATE="2024-09-09" STARTDATE="1900-01-01" ENDDATE="2024-09-09" ISACTUAL="0" ISACTIVE="0" /><HOUSE ID="40810738" OBJECTID="67741150" OBJECTGUID="1e0f2106-8978-4ba6-913c-34d4366a159f" CHANGEID="100986709" HOUSENUM="26В" HOUSETYPE="5" OPERTYPEID="10" PREVID="0" NEXTID="126752097" UPDATEDATE="2024-09-10" STARTDATE="2019-03-06" ENDDATE="2024-09-10" ISACTUAL="0" ISACTIVE="0" /><HOUSE ID="47870750" OBJECTID="79220053" OBJECTGUID="44da148e-f5fc-4e63-8c58-ba5f0f02fd3e" CHANGEID="117745895" HOUSENUM="88а" HOUSETYPE="2" OPERTYPEID="10" PREVID="0" NEXTID="126742625" UPDATEDATE="2024-09-09" STARTDATE="1900-01-01" ENDDATE="2024-09-09" ISACTUAL="0" ISACTIVE="0" /><HOUSE ID="48476658" OBJECTID="80150508" OBJECTGUID="b18da902-d30a-4948-b504-e261ac2baa7e" CHANGEID="119122598" HOUSENUM="48а" HOUSETYPE="2" OPERTYPEID="10" PREVID="0" NEXTID="126745127" UPDATEDATE="2024-09-09" STARTDATE="1900-01-01" ENDDATE="2024-09-09" ISACTUAL="0" ISACTIVE="0" /><HOUSE ID="52154921" OBJECTID="66792033" OBJECTGUID="0ae8ddb4-dcfb-441f-981c-8a974ceb1708" CHANGEID="99611339" HOUSENUM="5" ADDNUM1="2" HOUSETYPE="2" ADDTYPE1="1" OPERTYPEID="20" PREVID="40232357" NEXTID="126725758" UPDATEDATE="2024-09-05" STARTDATE="2018-01-13" ENDDATE="2024-09-05" ISACTUAL="0" ISACTIVE="0" /><HOUSE ID="53519001" OBJECTID="36861695" OBJECTGUID="1e2f1cfa-7dc2-420d-9e63-a00279e5a435" CHANGEID="55949194" HOUSENUM="10" HOUSETYPE="3" OPERTYPEID="20" PREVID="21966633" NEXTID="126752967" UPDATEDATE="2024-09-10" STARTDATE="2015-10-26" ENDDATE="2024-09-10" ISACTUAL="0" ISACTIVE="0" /><HOUSE ID="54178978" OBJECTID="39608367" OBJECTGUID="278229b4-2079-45c5-8016-2ec5d7f4132e" CHANGEID="60004778" HOUSENUM="136" HOUSETYPE="2" OPERTYPEID="20" PREVID="23694185" NEXTID="126751650" UPDATEDATE="2024-09-10" STARTDATE="2018-01-13" ENDDATE="2024-09-10" ISACTUAL="0" ISACTIVE="0" /><HOUSE ID="126628773" OBJECTID="163317986" OBJECTGUID="f3cbfec3-e2d4-44da-9cd8-2868fd2bf9a4" CHANGEID="599678566" HOUSENUM="154А" ADDNUM1="2" HOUSETYPE="2" ADDTYPE1="2" OPERTYPEID="20" PREVID="126121335" NEXTID="126742956" UPDATEDATE="2024-09-09" STARTDATE="2024-08-15" ENDDATE="2024-09-09" ISACTUAL="0" ISACTIVE="0" /><HOUSE ID="126646415" OBJECTID="164777634" OBJECTGUID="a2750d2e-b085-4cf3-abaf-7a517b73963b" CHANGEID="599806470" HOUSENUM="22" ADDNUM1="2" HOUSETYPE="2" ADDTYPE1="2" OPERTYPEID="10" PREVID="0" NEXTID="126743024" UPDATEDATE="2024-09-09" STARTDATE="2024-08-20" ENDDATE="2024-09-09" ISACTUAL="0" ISACTIVE="0" /><HOUSE ID="126725657" OBJECTID="165062531" OBJECTGUID="d985a11d-e7d3-442b-9d29-e0807411e475" CHANGEID="600514824" HOUSENUM="3" HOUSETYPE="2" OPERTYPEID="10" PREVID="0" NEXTID="0" UPDATEDATE="2024-09-05" STARTDATE="2024-09-05" ENDDATE="2079-06-06" ISACTUAL="1" ISACTIVE="1" /><HOUSE ID="126725659" OBJECTID="165062536" OBJECTGUID="2ab12b9f-33a2-47c0-9f0f-f3f795f80ab1" CHANGEID="600514830" HOUSENUM="2А" HOUSETYPE="2" OPERTYPEID="10" PREVID="0" NEXTID="0" UPDATEDATE="2024-09-05" STARTDATE="2024-09-05" ENDDATE="2079-06-06" ISACTUAL="1" ISACTIVE="1" /><HOUSE ID="126725758" OBJECTID="66792033" OBJECTGUID="0ae8ddb4-dcfb-441f-981c-8a974ceb1708" CHANGEID="600515790" HOUSENUM="5" ADDNUM1="2" HOUSETYPE="2" ADDTYPE1="1" OPERTYPEID="30" PREVID="52154921" NEXTID="0" UPDATEDATE="2024-09-05" STARTDATE="2024-09-05" ENDDATE="2079-06-06" ISACTUAL="1" ISACTIVE="0" /><HOUSE ID="126725759" OBJECTID="66765893" OBJECTGUID="caed2c07-4491-43f2-a083-5529cea9fc67" CHANGEID="600515791" HOUSENUM="5" ADDNUM1="1" HOUSETYPE="2" ADDTYPE1="1" OPERTYPEID="30" PREVID="65757267" NEXTID="0" UPDATEDATE="2024-09-05" STARTDATE="2024-09-05" ENDDATE="2079-06-06" ISACTUAL="1" ISACTIVE="0" /><HOUSE ID="65757267" OBJECTID="66765893" OBJECTGUID="caed2c07-4491-43f2-a083-5529cea9fc67" CHANGEID="99573455" HOUSENUM="5" ADDNUM1="1" HOUSETYPE="2" ADDTYPE1="1" OPERTYPEID="20" PREVID="40216671" NEXTID="126725759" UPDATEDATE="2024-09-05" STARTDATE="2018-01-13" ENDDATE="2024-09-05" ISACTUAL="0" ISACTIVE="0" /><HOUSE ID="56273383" OBJECTID="16838462" OBJECTGUID="4513d8ff-56e0-4feb-91a2-955b53fda138" CHANGEID="26660609" HOUSENUM="2" HOUSETYPE="3" OPERTYPEID="20" PREVID="9612194" NEXTID="126725969" UPDATEDATE="2024-09-05" STARTDATE="2012-12-10" ENDDATE="2024-09-05" ISACTUAL="0" ISACTIVE="0" /><HOUSE ID="126725969" OBJECTID="16838462" OBJECTGUID="4513d8ff-56e0-4feb-91a2-955b53fda138" CHANGEID="600518377" HOUSENUM="2" HOUSETYPE="5" OPERTYPEID="20" PREVID="56273383" UPDATEDATE="2024-09-05" STARTDATE="2024-09-05" ENDDATE="2079-06-06" ISACTUAL="1" ISACTIVE="1" /><HOUSE ID="62165440" OBJECTID="55808167" OBJECTGUID="983720dc-77da-4ffa-a3d5-1fc53d2a661e" CHANGEID="83480769" HOUSENUM="1а" HOUSETYPE="3" OPERTYPEID="20" PREVID="33377686" NEXTID="126725970" UPDATEDATE="2024-09-05" STARTDATE="2012-12-10" ENDDATE="2024-09-05" ISACTUAL="0" ISACTIVE="0" /><HOUSE ID="126725970" OBJECTID="55808167" OBJECTGUID="983720dc-77da-4ffa-a3d5-1fc53d2a661e" CHANGEID="600518379" HOUSENUM="1А" HOUSETYPE="5" OPERTYPEID="20" PREVID="62165440" UPDATEDATE="2024-09-05" STARTDATE="2024-09-05" ENDDATE="2079-06-06" ISACTUAL="1" ISACTIVE="1" /><HOUSE ID="69415399" OBJECTID="10235585" OBJECTGUID="fe9f38af-2053-48df-9c55-2a9102c6546c" CHANGEID="16844521" HOUSENUM="20" HOUSETYPE="3" OPERTYPEID="20" PREVID="5348547" NEXTID="126725972" UPDATEDATE="2024-09-05" STARTDATE="2012-12-10" ENDDATE="2024-09-05" ISACTUAL="0" ISACTIVE="0" /><HOUSE ID="126725972" OBJECTID="10235585" OBJECTGUID="fe9f38af-2053-48df-9c55-2a9102c6546c" CHANGEID="600518381" HOUSENUM="20" HOUSETYPE="5" OPERTYPEID="20" PREVID="69415399" UPDATEDATE="2024-09-05" STARTDATE="2024-09-05" ENDDATE="2079-06-06" ISACTUAL="1" ISACTIVE="1" /><HOUSE ID="54995902" OBJECTID="10238794" OBJECTGUID="33087ed9-8d96-47d2-aff7-6a2a1fbef143" CHANGEID="16847617" HOUSENUM="24" HOUSETYPE="3" OPERTYPEID="20" PREVID="5350365" NEXTID="126725973" UPDATEDATE="2024-09-05" STARTDATE="2012-12-10" ENDDATE="2024-09-05" ISACTUAL="0" ISACTIVE="0" /><HOUSE ID="126725973" OBJECTID="10238794" OBJECTGUID="33087ed9-8d96-47d2-aff7-6a2a1fbef143" CHANGEID="600518383" HOUSENUM="24" HOUSETYPE="5" OPERTYPEID="20" PREVID="54995902" UPDATEDATE="2024-09-05" STARTDATE="2024-09-05" ENDDATE="2079-06-06" ISACTUAL="1" ISACTIVE="1" /><HOUSE ID="126725974" OBJECTID="19271967" OBJECTGUID="969810c0-c75a-4b71-8180-69ba462f606f" CHANGEID="600518384" HOUSENUM="1а" HOUSETYPE="5" OPERTYPEID="20" PREVID="62050382" UPDATEDATE="2024-09-05" STARTDATE="2024-09-05" ENDDATE="2079-06-06" ISACTUAL="1" ISACTIVE="1" /><HOUSE ID="52452578" OBJECTID="44775691" OBJECTGUID="0f1f857d-5ca3-4f39-a4db-9ebdb2100ecd" CHANGEID="67492059" HOUSENUM="12" HOUSETYPE="3" OPERTYPEID="20" PREVID="26748187" NEXTID="126725975" UPDATEDATE="2024-09-05" STARTDATE="2012-12-10" ENDDATE="2024-09-05" ISACTUAL="0" ISACTIVE="0" /><HOUSE ID="126725975" OBJECTID="44775691" OBJECTGUID="0f1f857d-5ca3-4f39-a4db-9ebdb2100ecd" CHANGEID="600518386" HOUSENUM="12" HOUSETYPE="5" OPERTYPEID="20" PREVID="52452578" UPDATEDATE="2024-09-05" STARTDATE="2024-09-05" ENDDATE="2079-06-06" ISACTUAL="1" ISACTIVE="1" /><HOUSE ID="126725977" OBJECTID="165064529" OBJECTGUID="19bfbee7-6396-431e-8a90-959c3be0dad9" CHANGEID="600518388" HOUSENUM="27" HOUSETYPE="5" OPERTYPEID="10" PREVID="0" NEXTID="0" UPDATEDATE="2024-09-05" STARTDATE="2024-09-05" ENDDATE="2079-06-06" ISACTUAL="1" ISACTIVE="1" /><HOUSE ID="126725978" OBJECTID="165064531" OBJECTGUID="c00a80a9-2bf1-4afd-bbc0-abea7497c352" CHANGEID="600518391" HOUSENUM="22" HOUSETYPE="5" OPERTYPEID="10" PREVID="0" NEXTID="0" UPDATEDATE="2024-09-05" STARTDATE="2024-09-05" ENDDATE="2079-06-06" ISACTUAL="1" ISACTIVE="1" /><HOUSE ID="68767934" OBJECTID="44786815" OBJECTGUID="f577ca3e-8078-4049-be1e-e06e09d4f4a9" CHANGEID="67504531" HOUSENUM="18" HOUSETYPE="3" OPERTYPEID="20" PREVID="26754021" NEXTID="126726338" UPDATEDATE="2024-09-05" STARTDATE="2012-12-10" ENDDATE="2024-09-05" ISACTUAL="0" ISACTIVE="0" /><HOUSE ID="126726338" OBJECTID="44786815" OBJECTGUID="f577ca3e-8078-4049-be1e-e06e09d4f4a9" CHANGEID="600520499" HOUSENUM="18" HOUSETYPE="5" OPERTYPEID="20" PREVID="68767934" UPDATEDATE="2024-09-05" STARTDATE="2024-09-05" ENDDATE="2079-06-06" ISACTUAL="1" ISACTIVE="1" /><HOUSE ID="68881278" OBJECTID="44772226" OBJECTGUID="f7130434-344c-40b7-9949-091c864fc55e" CHANGEID="67483587" HOUSENUM="14" HOUSETYPE="3" OPERTYPEID="20" PREVID="26746176" NEXTID="126726340" UPDATEDATE="2024-09-05" STARTDATE="2012-12-10" ENDDATE="2024-09-05" ISACTUAL="0" ISACTIVE="0" /><HOUSE ID="126726340" OBJECTID="44772226" OBJECTGUID="f7130434-344c-40b7-9949-091c864fc55e" CHANGEID="600520501" HOUSENUM="14" HOUSETYPE="5" OPERTYPEID="20" PREVID="68881278" UPDATEDATE="2024-09-05" STARTDATE="2024-09-05" ENDDATE="2079-06-06" ISACTUAL="1" ISACTIVE="1" /><HOUSE ID="126726717" OBJECTID="165068024" OBJECTGUID="dec9096f-00ce-49be-b364-07404f585e26" CHANGEID="600523842" HOUSENUM="25/39" ADDNUM1="2" HOUSETYPE="2" ADDTYPE1="1" OPERTYPEID="10" PREVID="0" NEXTID="0" UPDATEDATE="2024-09-05" STARTDATE="2024-09-05" ENDDATE="2079-06-06" ISACTUAL="1" ISACTIVE="1" /><HOUSE ID="126726730" OBJECTID="165068069" OBJECTGUID="bd721177-c005-4863-b8e1-37b14b41f7d4" CHANGEID="600523898" HOUSENUM="18" ADDNUM1="2" HOUSETYPE="2" ADDTYPE1="2" OPERTYPEID="10" PREVID="0" NEXTID="0" UPDATEDATE="2024-09-05" STARTDATE="2024-09-05" ENDDATE="2079-06-06" ISACTUAL="1" ISACTIVE="1" /><HOUSE ID="126726731" OBJECTID="165068070" OBJECTGUID="e86cc1f2-43d1-4732-804f-5803293f6965" CHANGEID="600523900" HOUSENUM="725" HOUSETYPE="2" OPERTYPEID="10" PREVID="0" NEXTID="0" UPDATEDATE="2024-09-05" STARTDATE="2024-09-05" ENDDATE="2079-06-06" ISACTUAL="1" ISACTIVE="1" /><HOUSE ID="126726807" OBJECTID="165068200" OBJECTGUID="f98a1305-4783-460d-9791-da8dfdc63047" CHANGEID="600524085" HOUSENUM="25А" HOUSETYPE="2" OPERTYPEID="10" PREVID="0" NEXTID="0" UPDATEDATE="2024-09-05" STARTDATE="2024-09-05" ENDDATE="2079-06-06" ISACTUAL="1" ISACTIVE="1" /><HOUSE ID="126726729" OBJECTID="165068068" OBJECTGUID="b89085cd-76a5-44ff-82a0-cd5f24304367" CHANGEID="600523897" HOUSENUM="11В" HOUSETYPE="2" OPERTYPEID="10" PREVID="0" NEXTID="0" UPDATEDATE="2024-09-05" STARTDATE="2024-09-05" ENDDATE="2079-06-06" ISACTUAL="1" ISACTIVE="1" /><HOUSE ID="126726814" OBJECTID="165068215" OBJECTGUID="03a96ace-7ee8-4195-b78a-df0731b898a4" CHANGEID="600524102" HOUSENUM="17/4" HOUSETYPE="2" OPERTYPEID="10" PREVID="0" NEXTID="0" UPDATEDATE="2024-09-05" STARTDATE="2024-09-05" ENDDATE="2079-06-06" ISACTUAL="1" ISACTIVE="1" /><HOUSE ID="126727105" OBJECTID="165069137" OBJECTGUID="adf7f1b1-2be7-4fc7-8c56-374350094aca" CHANGEID="600525784" HOUSENUM="11А" HOUSETYPE="2" OPERTYPEID="10" PREVID="0" NEXTID="0" UPDATEDATE="2024-09-05" STARTDATE="2024-09-05" ENDDATE="2079-06-06" ISACTUAL="1" ISACTIVE="1" /><HOUSE ID="126727236" OBJECTID="165069718" OBJECTGUID="d2b9a691-f23c-4e15-ad81-717c65aff2a0" CHANGEID="600526763" HOUSENUM="10" HOUSETYPE="2" OPERTYPEID="10" PREVID="0" NEXTID="0" UPDATEDATE="2024-09-05" STARTDATE="2024-09-05" ENDDATE="2079-06-06" ISACTUAL="1" ISACTIVE="1" /><HOUSE ID="126728027" OBJECTID="165072945" OBJECTGUID="a9168033-c703-44db-99df-382dac07522e" CHANGEID="600531437" HOUSENUM="40" HOUSETYPE="2" OPERTYPEID="10" PREVID="0" NEXTID="0" UPDATEDATE="2024-09-05" STARTDATE="2024-09-05" ENDDATE="2079-06-06" ISACTUAL="1" ISACTIVE="1" /><HOUSE ID="126728028" OBJECTID="165072946" OBJECTGUID="21df6562-610d-4c1a-a01c-eee0147c36de" CHANGEID="600531438" HOUSENUM="30" HOUSETYPE="2" OPERTYPEID="10" PREVID="0" NEXTID="0" UPDATEDATE="2024-09-05" STARTDATE="2024-09-05" ENDDATE="2079-06-06" ISACTUAL="1" ISACTIVE="1" /><HOUSE ID="126728054" OBJECTID="165073018" OBJECTGUID="ab62450c-0b5a-4138-b763-5e9f2b0ca29f" CHANGEID="600531634" HOUSENUM="1" HOUSETYPE="2" OPERTYPEID="10" PREVID="0" NEXTID="0" UPDATEDATE="2024-09-05" STARTDATE="2024-09-05" ENDDATE="2079-06-06" ISACTUAL="1" ISACTIVE="1" /><HOUSE ID="59286149" OBJECTID="45762566" OBJECTGUID="6f984898-8918-4c73-b242-38c2bf55cec2" CHANGEID="68911106" HOUSENUM="3" HOUSETYPE="3" OPERTYPEID="20" PREVID="27333070" NEXTID="126728245" UPDATEDATE="2024-09-05" STARTDATE="2012-12-10" ENDDATE="2024-09-05" ISACTUAL="0" ISACTIVE="0" /><HOUSE ID="126728245" OBJECTID="45762566" OBJECTGUID="6f984898-8918-4c73-b242-38c2bf55cec2" CHANGEID="600533731" HOUSENUM="3" HOUSETYPE="2" OPERTYPEID="20" PREVID="59286149" UPDATEDATE="2024-09-05" STARTDATE="2024-09-05" ENDDATE="2079-06-06" ISACTUAL="1" ISACTIVE="1" /><HOUSE ID="126728421" OBJECTID="165075131" OBJECTGUID="04d2718a-3bda-4ca3-b5d5-c8004292589e" CHANGEID="600535239" HOUSENUM="5" HOUSETYPE="2" OPERTYPEID="10" PREVID="0" NEXTID="0" UPDATEDATE="2024-09-05" STARTDATE="2024-09-05" ENDDATE="2079-06-06" ISACTUAL="1" ISACTIVE="1" /><HOUSE ID="126728887" OBJECTID="165078025" OBJECTGUID="bc972cd0-492e-43f1-93f0-16f9a9f6cbc6" CHANGEID="600539474" HOUSENUM="23" HOUSETYPE="2" OPERTYPEID="10" PREVID="0" NEXTID="0" UPDATEDATE="2024-09-05" STARTDATE="2024-09-05" ENDDATE="2079-06-06" ISACTUAL="1" ISACTIVE="1" /><HOUSE ID="126728886" OBJECTID="165078024" OBJECTGUID="6ce3efe0-7b46-4d76-ac77-48b86ccf8dd8" CHANGEID="600539472" HOUSENUM="36Б" HOUSETYPE="2" OPERTYPEID="10" PREVID="0" NEXTID="0" UPDATEDATE="2024-09-05" STARTDATE="2024-09-05" ENDDATE="2079-06-06" ISACTUAL="1" ISACTIVE="1" /><HOUSE ID="126729326" OBJECTID="38219483" OBJECTGUID="a8ca1829-5a0c-4bb2-a684-81a70562b7b2" CHANGEID="600542155" HOUSENUM="12А" HOUSETYPE="5" OPERTYPEID="20" PREVID="22817913" UPDATEDATE="2024-09-05" STARTDATE="2024-09-05" ENDDATE="2079-06-06" ISACTUAL="1" ISACTIVE="1" /><HOUSE ID="51255557" OBJECTID="45732150" OBJECTGUID="186c7526-bef2-4e27-9d46-436e70f9f2a7" CHANGEID="138810881" HOUSENUM="52" HOUSETYPE="2" OPERTYPEID="20" PREVID="53110214" NEXTID="126729327" UPDATEDATE="2024-09-05" STARTDATE="2020-02-07" ENDDATE="2024-09-05" ISACTUAL="0" ISACTIVE="0" /><HOUSE ID="126729327" OBJECTID="45732150" OBJECTGUID="186c7526-bef2-4e27-9d46-436e70f9f2a7" CHANGEID="600542160" HOUSENUM="52" HOUSETYPE="5" OPERTYPEID="20" PREVID="51255557" UPDATEDATE="2024-09-05" STARTDATE="2024-09-05" ENDDATE="2079-06-06" ISACTUAL="1" ISACTIVE="1" /><HOUSE ID="60911058" OBJECTID="7423813" OBJECTGUID="868a5451-99ee-43a6-858a-a1cd993235e9" CHANGEID="12729337" HOUSENUM="17" HOUSETYPE="3" OPERTYPEID="20" PREVID="3619960" NEXTID="126729372" UPDATEDATE="2024-09-05" STARTDATE="2012-12-10" ENDDATE="2024-09-05" ISACTUAL="0" ISACTIVE="0" /><HOUSE ID="126729372" OBJECTID="7423813" OBJECTGUID="868a5451-99ee-43a6-858a-a1cd993235e9" CHANGEID="600542553" HOUSENUM="17" HOUSETYPE="2" OPERTYPEID="20" PREVID="60911058" UPDATEDATE="2024-09-05" STARTDATE="2024-09-05" ENDDATE="2079-06-06" ISACTUAL="1" ISACTIVE="1" /><HOUSE ID="126729373" OBJECTID="7421844" OBJECTGUID="7eab1101-4f44-404d-b3d6-62914044bf74" CHANGEID="600542555" HOUSENUM="15" HOUSETYPE="2" OPERTYPEID="20" PREVID="60354594" UPDATEDATE="2024-09-05" STARTDATE="2024-09-05" ENDDATE="2079-06-06" ISACTUAL="1" ISACTIVE="1" /><HOUSE ID="126729521" OBJECTID="165080576" OBJECTGUID="5ae4c95c-e828-4bb4-80af-09da1e89c0bc" CHANGEID="600543566" HOUSENUM="17" HOUSETYPE="2" OPERTYPEID="10" PREVID="0" NEXTID="0" UPDATEDATE="2024-09-05" STARTDATE="2024-09-05" ENDDATE="2079-06-06" ISACTUAL="1" ISACTIVE="1" /><HOUSE ID="126729542" OBJECTID="165080719" OBJECTGUID="28b51564-9a6f-48d5-b032-fa1fbbbe7c10" CHANGEID="600543748" HOUSENUM="12" HOUSETYPE="2" OPERTYPEID="10" PREVID="0" NEXTID="0" UPDATEDATE="2024-09-05" STARTDATE="2024-09-05" ENDDATE="2079-06-06" ISACTUAL="1" ISACTIVE="1" /><HOUSE ID="126729593" OBJECTID="165080929" OBJECTGUID="44bed6d3-91e0-4bb6-b6aa-bf79767f9ebb" CHANGEID="600544018" HOUSENUM="792" HOUSETYPE="2" OPERTYPEID="10" PREVID="0" NEXTID="0" UPDATEDATE="2024-09-05" STARTDATE="2024-09-05" ENDDATE="2079-06-06" ISACTUAL="1" ISACTIVE="1" /><HOUSE ID="126729596" OBJECTID="165080936" OBJECTGUID="cca80182-9a07-4a24-b2bb-8058b9d5bf7d" CHANGEID="600544031" HOUSENUM="18А" HOUSETYPE="2" OPERTYPEID="10" PREVID="0" NEXTID="0" UPDATEDATE="2024-09-05" STARTDATE="2024-09-05" ENDDATE="2079-06-06" ISACTUAL="1" ISACTIVE="1" /><HOUSE ID="126729597" OBJECTID="165080937" OBJECTGUID="4dcce608-75c4-471e-a413-185921dd318b" CHANGEID="600544034" HOUSENUM="75А" HOUSETYPE="2" OPERTYPEID="10" PREVID="0" NEXTID="0" UPDATEDATE="2024-09-05" STARTDATE="2024-09-05" ENDDATE="2079-06-06" ISACTUAL="1" ISACTIVE="1" /><HOUSE ID="126729605" OBJECTID="165080978" OBJECTGUID="8640def2-d480-4a57-9773-85fb4b9011a1" CHANGEID="600544111" HOUSENUM="22" HOUSETYPE="2" OPERTYPEID="10" PREVID="0" NEXTID="0" UPDATEDATE="2024-09-05" STARTDATE="2024-09-05" ENDDATE="2079-06-06" ISACTUAL="1" ISACTIVE="1" /><HOUSE ID="126729522" OBJECTID="165080577" OBJECTGUID="1116fdb5-f4d7-4632-b5eb-c7d8fb72e32e" CHANGEID="600543568" HOUSENUM="9" HOUSETYPE="2" OPERTYPEID="10" PREVID="0" NEXTID="0" UPDATEDATE="2024-09-05" STARTDATE="2024-09-05" ENDDATE="2079-06-06" ISACTUAL="1" ISACTIVE="1" /><HOUSE ID="126729552" OBJECTID="165080736" OBJECTGUID="108513ac-44fe-4ae2-94a6-b3a4e5bf7090" CHANGEID="600543776" HOUSENUM="76" HOUSETYPE="2" OPERTYPEID="10" PREVID="0" NEXTID="0" UPDATEDATE="2024-09-05" STARTDATE="2024-09-05" ENDDATE="2079-06-06" ISACTUAL="1" ISACTIVE="1" /><HOUSE ID="126729561" OBJECTID="165080797" OBJECTGUID="8031f5dc-c92e-41f0-9189-c50c3599a731" CHANGEID="600543851" HOUSENUM="2Б" HOUSETYPE="2" OPERTYPEID="10" PREVID="0" NEXTID="0" UPDATEDATE="2024-09-05" STARTDATE="2024-09-05" ENDDATE="2079-06-06" ISACTUAL="1" ISACTIVE="1" /><HOUSE ID="126729590" OBJECTID="165080923" OBJECTGUID="d2ac6d3e-3302-47dd-a0bb-180ca68287b6" CHANGEID="600544006" HOUSENUM="15В" HOUSETYPE="2" OPERTYPEID="10" PREVID="0" NEXTID="0" UPDATEDATE="2024-09-05" STARTDATE="2024-09-05" ENDDATE="2079-06-06" ISACTUAL="1" ISACTIVE="1" /><HOUSE ID="126729599" OBJECTID="165080939" OBJECTGUID="01c6f1c1-1893-48c4-a737-fba19aca39fe" CHANGEID="600544037" HOUSENUM="45Б" HOUSETYPE="2" OPERTYPEID="10" PREVID="0" NEXTID="0" UPDATEDATE="2024-09-05" STARTDATE="2024-09-05" ENDDATE="2079-06-06" ISACTUAL="1" ISACTIVE="1" /><HOUSE ID="126729988" OBJECTID="165082579" OBJECTGUID="6a6add84-bab2-4d3d-ad15-9192860675d2" CHANGEID="600547182" HOUSENUM="31" HOUSETYPE="2" OPERTYPEID="10" PREVID="0" NEXTID="0" UPDATEDATE="2024-09-05" STARTDATE="2024-09-05" ENDDATE="2079-06-06" ISACTUAL="1" ISACTIVE="1" /><HOUSE ID="126730043" OBJECTID="21833580" OBJECTGUID="8f23f91a-c766-48c2-adea-7f788190c6b4" CHANGEID="600547306" HOUSENUM="2А" HOUSETYPE="2" OPERTYPEID="20" PREVID="61520887" UPDATEDATE="2024-09-05" STARTDATE="2024-09-05" ENDDATE="2079-06-06" ISACTUAL="1" ISACTIVE="1" /><HOUSE ID="126730045" OBJECTID="165082688" OBJECTGUID="21faaba6-6141-460e-9f40-fd52a236cee0" CHANGEID="600547308" HOUSENUM="9А" HOUSETYPE="2" OPERTYPEID="10" PREVID="0" NEXTID="0" UPDATEDATE="2024-09-05" STARTDATE="2024-09-05" ENDDATE="2079-06-06" ISACTUAL="1" ISACTIVE="1" /><HOUSE ID="126731125" OBJECTID="165088563" OBJECTGUID="b84c3b02-937a-4864-b0c0-12d4af4e26fb" CHANGEID="600557668" HOUSENUM="180" HOUSETYPE="2" OPERTYPEID="10" PREVID="0" NEXTID="0" UPDATEDATE="2024-09-05" STARTDATE="2024-09-05" ENDDATE="2079-06-06" ISACTUAL="1" ISACTIVE="1" /><HOUSE ID="55358590" OBJECTID="2527383" OBJECTGUID="3829a3db-e272-4865-9592-6cbe3f3de205" CHANGEID="5619099" HOUSENUM="20" HOUSETYPE="3" OPERTYPEID="20" PREVID="647970" NEXTID="126732403" UPDATEDATE="2024-09-06" STARTDATE="2015-04-22" ENDDATE="2024-09-06" ISACTUAL="0" ISACTIVE="0" /><HOUSE ID="126732403" OBJECTID="2527383" OBJECTGUID="3829a3db-e272-4865-9592-6cbe3f3de205" CHANGEID="600568850" HOUSENUM="20" HOUSETYPE="5" OPERTYPEID="20" PREVID="55358590" UPDATEDATE="2024-09-06" STARTDATE="2024-09-06" ENDDATE="2079-06-06" ISACTUAL="1" ISACTIVE="1" /><HOUSE ID="33600350" OBJECTID="56162931" OBJECTGUID="2409f171-5afe-4199-bee3-61368d8f80bb" CHANGEID="84003461" HOUSENUM="18" HOUSETYPE="3" OPERTYPEID="10" PREVID="0" NEXTID="126732715" UPDATEDATE="2024-09-06" STARTDATE="2017-12-05" ENDDATE="2024-09-06" ISACTUAL="0" ISACTIVE="0" /><HOUSE ID="126732715" OBJECTID="56162931" OBJECTGUID="2409f171-5afe-4199-bee3-61368d8f80bb" CHANGEID="600570718" HOUSENUM="18" HOUSETYPE="2" OPERTYPEID="20" PREVID="33600350" UPDATEDATE="2024-09-06" STARTDATE="2024-09-06" ENDDATE="2079-06-06" ISACTUAL="1" ISACTIVE="1" /><HOUSE ID="126732748" OBJECTID="58181778" OBJECTGUID="7bc03fb9-effd-42ee-8515-0155d1540654" CHANGEID="600570954" HOUSENUM="68" HOUSETYPE="2" OPERTYPEID="20" PREVID="60147951" UPDATEDATE="2024-09-06" STARTDATE="2024-09-06" ENDDATE="2079-06-06" ISACTUAL="1" ISACTIVE="1" /><HOUSE ID="55214100" OBJECTID="73707263" OBJECTGUID="361f5f73-bd09-4642-8624-4b37e45be843" CHANGEID="109730685" HOUSENUM="12" HOUSETYPE="2" OPERTYPEID="20" PREVID="44511583" NEXTID="126733130" UPDATEDATE="2024-09-06" STARTDATE="2012-11-12" ENDDATE="2024-09-06" ISACTUAL="0" ISACTIVE="0" /><HOUSE ID="126733130" OBJECTID="73707263" OBJECTGUID="361f5f73-bd09-4642-8624-4b37e45be843" CHANGEID="600572862" HOUSENUM="12" HOUSETYPE="5" OPERTYPEID="20" PREVID="55214100" UPDATEDATE="2024-09-06" STARTDATE="2024-09-06" ENDDATE="2079-06-06" ISACTUAL="1" ISACTIVE="1" /><HOUSE ID="126733447" OBJECTID="165097841" OBJECTGUID="24989e3f-a8b2-4007-a77a-b755098cedd6" CHANGEID="600575118" HOUSENUM="6" HOUSETYPE="2" OPERTYPEID="10" PREVID="0" NEXTID="0" UPDATEDATE="2024-09-06" STARTDATE="2024-09-06" ENDDATE="2079-06-06" ISACTUAL="1" ISACTIVE="1" /><HOUSE ID="126733448" OBJECTID="165097842" OBJECTGUID="5b22da34-fdda-4bc4-99d3-d1e4a00a227c" CHANGEID="600575119" HOUSENUM="9" HOUSETYPE="2" OPERTYPEID="10" PREVID="0" NEXTID="0" UPDATEDATE="2024-09-06" STARTDATE="2024-09-06" ENDDATE="2079-06-06" ISACTUAL="1" ISACTIVE="1" /><HOUSE ID="126733449" OBJECTID="165097843" OBJECTGUID="f2e37c3e-ad27-4e09-828e-faa2698d4985" CHANGEID="600575120" HOUSENUM="21" HOUSETYPE="2" OPERTYPEID="10" PREVID="0" NEXTID="0" UPDATEDATE="2024-09-06" STARTDATE="2024-09-06" ENDDATE="2079-06-06" ISACTUAL="1" ISACTIVE="1" /><HOUSE ID="126733821" OBJECTID="165098440" OBJECTGUID="888d445a-7b37-4398-b442-34cd92c7de97" CHANGEID="600576511" HOUSENUM="1А" HOUSETYPE="5" OPERTYPEID="10" PREVID="0" NEXTID="0" UPDATEDATE="2024-09-06" STARTDATE="2024-09-06" ENDDATE="2079-06-06" ISACTUAL="1" ISACTIVE="1" /><HOUSE ID="126733819" OBJECTID="165098437" OBJECTGUID="4e5fd1f4-d7b2-446f-a246-5fd60b524bdf" CHANGEID="600576508" HOUSENUM="2А" HOUSETYPE="5" OPERTYPEID="10" PREVID="0" NEXTID="0" UPDATEDATE="2024-09-06" STARTDATE="2024-09-06" ENDDATE="2079-06-06" ISACTUAL="1" ISACTIVE="1" /><HOUSE ID="126733879" OBJECTID="165099080" OBJECTGUID="74fae265-9910-4640-9998-724779517c7e" CHANGEID="600577356" HOUSENUM="19" HOUSETYPE="2" OPERTYPEID="10" PREVID="0" NEXTID="0" UPDATEDATE="2024-09-06" STARTDATE="2024-09-06" ENDDATE="2079-06-06" ISACTUAL="1" ISACTIVE="1" /><HOUSE ID="126733880" OBJECTID="165099082" OBJECTGUID="84fab13e-d996-4c2d-b25d-bb9e7c473910" CHANGEID="600577358" HOUSENUM="15" HOUSETYPE="2" OPERTYPEID="10" PREVID="0" NEXTID="0" UPDATEDATE="2024-09-06" STARTDATE="2024-09-06" ENDDATE="2079-06-06" ISACTUAL="1" ISACTIVE="1" /><HOUSE ID="126733881" OBJECTID="165099084" OBJECTGUID="1a19fbfd-5516-4bb0-95f1-706d5ef27978" CHANGEID="600577360" HOUSENUM="44А" HOUSETYPE="2" OPERTYPEID="10" PREVID="0" NEXTID="0" UPDATEDATE="2024-09-06" STARTDATE="2024-09-06" ENDDATE="2079-06-06" ISACTUAL="1" ISACTIVE="1" /><HOUSE ID="126733891" OBJECTID="165099101" OBJECTGUID="c8fc8231-62bd-4b96-b877-631a57e675f1" CHANGEID="600577389" HOUSENUM="80" HOUSETYPE="2" OPERTYPEID="10" PREVID="0" NEXTID="0" UPDATEDATE="2024-09-06" STARTDATE="2024-09-06" ENDDATE="2079-06-06" ISACTUAL="1" ISACTIVE="1" /><HOUSE ID="126733924" OBJECTID="165099325" OBJECTGUID="682f8857-2754-428d-9b0b-aedc250b6cdb" CHANGEID="600577675" HOUSENUM="201" HOUSETYPE="2" OPERTYPEID="10" PREVID="0" NEXTID="0" UPDATEDATE="2024-09-06" STARTDATE="2024-09-06" ENDDATE="2079-06-06" ISACTUAL="1" ISACTIVE="1" /><HOUSE ID="126733931" OBJECTID="165099369" OBJECTGUID="153ec3b2-0d01-46fc-9dcf-97c5b16fed57" CHANGEID="600577736" HOUSENUM="19" HOUSETYPE="2" OPERTYPEID="10" PREVID="0" NEXTID="0" UPDATEDATE="2024-09-06" STARTDATE="2024-09-06" ENDDATE="2079-06-06" ISACTUAL="1" ISACTIVE="1" /><HOUSE ID="126734028" OBJECTID="15615053" OBJECTGUID="da05402c-1f5b-49ef-ae72-6010ce5b8cd7" CHANGEID="600579425" HOUSENUM="294А" HOUSETYPE="2" OPERTYPEID="20" PREVID="8833705" UPDATEDATE="2024-09-06" STARTDATE="2024-09-06" ENDDATE="2079-06-06" ISACTUAL="1" ISACTIVE="1" /><HOUSE ID="126734460" OBJECTID="165101549" OBJECTGUID="337f84d7-42e1-4f39-89dc-9ff1e2e72181" CHANGEID="600581597" HOUSENUM="18" HOUSETYPE="5" OPERTYPEID="10" PREVID="0" NEXTID="0" UPDATEDATE="2024-09-06" STARTDATE="2024-09-06" ENDDATE="2079-06-06" ISACTUAL="1" ISACTIVE="1" /><HOUSE ID="32722577" OBJECTID="54777543" OBJECTGUID="7a2e5687-c6d8-4fa2-8251-d21022286b45" CHANGEID="81950714" HOUSENUM="87А" HOUSETYPE="3" OPERTYPEID="10" PREVID="0" NEXTID="126734895" UPDATEDATE="2024-09-06" STARTDATE="2017-09-22" ENDDATE="2024-09-06" ISACTUAL="0" ISACTIVE="0" /><HOUSE ID="126734895" OBJECTID="54777543" OBJECTGUID="7a2e5687-c6d8-4fa2-8251-d21022286b45" CHANGEID="600584959" HOUSENUM="87А" HOUSETYPE="2" OPERTYPEID="20" PREVID="32722577" UPDATEDATE="2024-09-06" STARTDATE="2024-09-06" ENDDATE="2079-06-06" ISACTUAL="1" ISACTIVE="1" /><HOUSE ID="51704127" OBJECTID="68351986" OBJECTGUID="048fc4e3-90d2-4c58-983a-2e6113139482" CHANGEID="101884557" HOUSENUM="16" HOUSETYPE="3" OPERTYPEID="20" PREVID="41189299" NEXTID="126734897" UPDATEDATE="2024-09-06" STARTDATE="2012-12-10" ENDDATE="2024-09-06" ISACTUAL="0" ISACTIVE="0" /><HOUSE ID="126734897" OBJECTID="68351986" OBJECTGUID="048fc4e3-90d2-4c58-983a-2e6113139482" CHANGEID="600584961" HOUSENUM="16" HOUSETYPE="2" OPERTYPEID="20" PREVID="51704127" UPDATEDATE="2024-09-06" STARTDATE="2024-09-06" ENDDATE="2079-06-06" ISACTUAL="1" ISACTIVE="1" /><HOUSE ID="58680057" OBJECTID="68385020" OBJECTGUID="6707428f-8a4d-472f-9335-a53df62dc100" CHANGEID="101933432" HOUSENUM="21" HOUSETYPE="3" OPERTYPEID="20" PREVID="41210167" NEXTID="126734898" UPDATEDATE="2024-09-06" STARTDATE="2012-12-10" ENDDATE="2024-09-06" ISACTUAL="0" ISACTIVE="0" /><HOUSE ID="126734898" OBJECTID="68385020" OBJECTGUID="6707428f-8a4d-472f-9335-a53df62dc100" CHANGEID="600584962" HOUSENUM="21" HOUSETYPE="2" OPERTYPEID="20" PREVID="58680057" UPDATEDATE="2024-09-06" STARTDATE="2024-09-06" ENDDATE="2079-06-06" ISACTUAL="1" ISACTIVE="1" /><HOUSE ID="63686816" OBJECTID="67152694" OBJECTGUID="adb75f82-4509-4cb8-8de5-4ea26c107198" CHANGEID="100128484" HOUSENUM="25" HOUSETYPE="3" OPERTYPEID="20" PREVID="40442305" NEXTID="126735436" UPDATEDATE="2024-09-06" STARTDATE="2012-12-10" ENDDATE="2024-09-06" ISACTUAL="0" ISACTIVE="0" /><HOUSE ID="126735436" OBJECTID="67152694" OBJECTGUID="adb75f82-4509-4cb8-8de5-4ea26c107198" CHANGEID="600587196" HOUSENUM="25" HOUSETYPE="2" OPERTYPEID="20" PREVID="63686816" UPDATEDATE="2024-09-06" STARTDATE="2024-09-06" ENDDATE="2079-06-06" ISACTUAL="1" ISACTIVE="1" /><HOUSE ID="66105765" OBJECTID="81962490" OBJECTGUID="cfdc5bb2-581d-4bc3-9736-8170910f3747" CHANGEID="121788821" HOUSENUM="9" HOUSETYPE="3" OPERTYPEID="20" PREVID="49611125" NEXTID="126735437" UPDATEDATE="2024-09-06" STARTDATE="2012-12-10" ENDDATE="2024-09-06" ISACTUAL="0" ISACTIVE="0" /><HOUSE ID="126735437" OBJECTID="81962490" OBJECTGUID="cfdc5bb2-581d-4bc3-9736-8170910f3747" CHANGEID="600587197" HOUSENUM="9" HOUSETYPE="2" OPERTYPEID="20" PREVID="66105765" UPDATEDATE="2024-09-06" STARTDATE="2024-09-06" ENDDATE="2079-06-06" ISACTUAL="1" ISACTIVE="1" /><HOUSE ID="60911048" OBJECTID="19118743" OBJECTGUID="868a9162-d20d-4bc1-9f9d-30ee528813b4" CHANGEID="30009298" HOUSENUM="6" HOUSETYPE="3" OPERTYPEID="20" PREVID="11042763" NEXTID="126735438" UPDATEDATE="2024-09-06" STARTDATE="2012-12-10" ENDDATE="2024-09-06" ISACTUAL="0" ISACTIVE="0" /><HOUSE ID="126735438" OBJECTID="19118743" OBJECTGUID="868a9162-d20d-4bc1-9f9d-30ee528813b4" CHANGEID="600587198" HOUSENUM="6" HOUSETYPE="2" OPERTYPEID="20" PREVID="60911048" UPDATEDATE="2024-09-06" STARTDATE="2024-09-06" ENDDATE="2079-06-06" ISACTUAL="1" ISACTIVE="1" /><HOUSE ID="66421921" OBJECTID="61006819" OBJECTGUID="d452b084-bd5c-40b0-8271-538ae1e21b74" CHANGEID="91097122" HOUSENUM="37" HOUSETYPE="3" OPERTYPEID="20" PREVID="36590307" NEXTID="126735439" UPDATEDATE="2024-09-06" STARTDATE="2012-12-10" ENDDATE="2024-09-06" ISACTUAL="0" ISACTIVE="0" /><HOUSE ID="126735439" OBJECTID="61006819" OBJECTGUID="d452b084-bd5c-40b0-8271-538ae1e21b74" CHANGEID="600587199" HOUSENUM="37" HOUSETYPE="2" OPERTYPEID="20" PREVID="66421921" UPDATEDATE="2024-09-06" STARTDATE="2024-09-06" ENDDATE="2079-06-06" ISACTUAL="1" ISACTIVE="1" /><HOUSE ID="11050822" OBJECTID="19129754" OBJECTGUID="5e322758-b0fc-4318-9aa6-b1e59da4fbaa" CHANGEID="30026386" HOUSENUM="47" HOUSETYPE="3" OPERTYPEID="10" PREVID="0" NEXTID="126735440" UPDATEDATE="2024-09-06" STARTDATE="2017-09-29" ENDDATE="2024-09-06" ISACTUAL="0" ISACTIVE="0" /><HOUSE ID="126735440" OBJECTID="19129754" OBJECTGUID="5e322758-b0fc-4318-9aa6-b1e59da4fbaa" CHANGEID="600587200" HOUSENUM="47" HOUSETYPE="2" OPERTYPEID="20" PREVID="11050822" UPDATEDATE="2024-09-06" STARTDATE="2024-09-06" ENDDATE="2079-06-06" ISACTUAL="1" ISACTIVE="1" /><HOUSE ID="126735441" OBJECTID="13257974" OBJECTGUID="c8844798-bf1d-47ae-96e6-1dfdd92e044f" CHANGEID="600587201" HOUSENUM="40А" HOUSETYPE="2" OPERTYPEID="20" PREVID="65586970" UPDATEDATE="2024-09-06" STARTDATE="2024-09-06" ENDDATE="2079-06-06" ISACTUAL="1" ISACTIVE="1" /><HOUSE ID="126735442" OBJECTID="165104581" OBJECTGUID="9a56925b-57f8-43d9-8cd5-e706aeaa3598" CHANGEID="600587202" HOUSENUM="2" HOUSETYPE="2" OPERTYPEID="10" PREVID="0" NEXTID="0" UPDATEDATE="2024-09-06" STARTDATE="2024-09-06" ENDDATE="2079-06-06" ISACTUAL="1" ISACTIVE="1" /><HOUSE ID="52900614" OBJECTID="35983339" OBJECTGUID="1572b302-4519-4278-b5ac-51fbf873dd68" CHANGEID="54642500" HOUSENUM="53/1" HOUSETYPE="2" OPERTYPEID="20" PREVID="21387526" NEXTID="126735977" UPDATEDATE="2024-09-06" STARTDATE="2018-03-28" ENDDATE="2024-09-06" ISACTUAL="0" ISACTIVE="0" /><HOUSE ID="126735977" OBJECTID="35983339" OBJECTGUID="1572b302-4519-4278-b5ac-51fbf873dd68" CHANGEID="600589129" HOUSENUM="53" HOUSETYPE="2" OPERTYPEID="20" PREVID="52900614" UPDATEDATE="2024-09-06" STARTDATE="2024-09-06" ENDDATE="2079-06-06" ISACTUAL="1" ISACTIVE="1" /><HOUSE ID="18905365" OBJECTID="31821595" OBJECTGUID="244a3454-18f0-4377-8c6a-82a25df2c321" CHANGEID="48634345" HOUSENUM="4" HOUSETYPE="3" OPERTYPEID="10" PREVID="0" NEXTID="126735980" UPDATEDATE="2024-09-06" STARTDATE="2011-12-14" ENDDATE="2024-09-06" ISACTUAL="0" ISACTIVE="0" /><HOUSE ID="126735980" OBJECTID="31821595" OBJECTGUID="244a3454-18f0-4377-8c6a-82a25df2c321" CHANGEID="600589133" HOUSENUM="4" HOUSETYPE="2" OPERTYPEID="20" PREVID="18905365" UPDATEDATE="2024-09-06" STARTDATE="2024-09-06" ENDDATE="2079-06-06" ISACTUAL="1" ISACTIVE="1" /><HOUSE ID="126736082" OBJECTID="29864200" OBJECTGUID="5dafbcef-89df-4559-8b3c-c1a39fd58628" CHANGEID="600590018" HOUSENUM="1" HOUSETYPE="1" OPERTYPEID="30" PREVID="58017388" NEXTID="0" UPDATEDATE="2024-09-06" STARTDATE="2024-09-06" ENDDATE="2079-06-06" ISACTUAL="1" ISACTIVE="0" /><HOUSE ID="58017388" OBJECTID="29864200" OBJECTGUID="5dafbcef-89df-4559-8b3c-c1a39fd58628" CHANGEID="45774131" HOUSENUM="1" HOUSETYPE="1" OPERTYPEID="20" PREVID="17690556" NEXTID="126736082" UPDATEDATE="2024-09-06" STARTDATE="2012-11-12" ENDDATE="2024-09-06" ISACTUAL="0" ISACTIVE="0" /><HOUSE ID="126736272" OBJECTID="165106739" OBJECTGUID="deebd0db-5421-41b3-b3c7-5416f9f3f7ff" CHANGEID="600590932" HOUSENUM="32" HOUSETYPE="2" OPERTYPEID="10" PREVID="0" NEXTID="0" UPDATEDATE="2024-09-06" STARTDATE="2024-09-06" ENDDATE="2079-06-06" ISACTUAL="1" ISACTIVE="1" /><HOUSE ID="126736710" OBJECTID="165108551" OBJECTGUID="ae1ad401-dd50-4bca-a7ad-bf3c38e81429" CHANGEID="600593543" HOUSENUM="15А" HOUSETYPE="2" OPERTYPEID="10" PREVID="0" NEXTID="0" UPDATEDATE="2024-09-06" STARTDATE="2024-09-06" ENDDATE="2079-06-06" ISACTUAL="1" ISACTIVE="1" /><HOUSE ID="126737225" OBJECTID="165110370" OBJECTGUID="206125ea-5184-4aac-97f3-03263198f6f6" CHANGEID="600596035" HOUSENUM="11А" HOUSETYPE="2" OPERTYPEID="10" PREVID="0" NEXTID="0" UPDATEDATE="2024-09-06" STARTDATE="2024-09-06" ENDDATE="2079-06-06" ISACTUAL="1" ISACTIVE="1" /><HOUSE ID="126737231" OBJECTID="165110417" OBJECTGUID="ef6252c7-6751-4b1d-a0ea-b3794a192ffb" CHANGEID="600596097" HOUSENUM="16А" HOUSETYPE="2" OPERTYPEID="10" PREVID="0" NEXTID="0" UPDATEDATE="2024-09-06" STARTDATE="2024-09-06" ENDDATE="2079-06-06" ISACTUAL="1" ISACTIVE="1" /><HOUSE ID="126737226" OBJECTID="165110371" OBJECTGUID="629c8ff1-2e4f-4ce0-af14-c541150af389" CHANGEID="600596036" HOUSENUM="56А" HOUSETYPE="5" OPERTYPEID="10" PREVID="0" NEXTID="0" UPDATEDATE="2024-09-06" STARTDATE="2024-09-06" ENDDATE="2079-06-06" ISACTUAL="1" ISACTIVE="1" /><HOUSE ID="71180860" OBJECTID="100816706" OBJECTGUID="29cbb872-7604-4b7a-9881-e9a2e61647d4" CHANGEID="184642211" HOUSENUM="42Б" HOUSETYPE="2" OPERTYPEID="10" PREVID="0" NEXTID="126737230" UPDATEDATE="2024-09-06" STARTDATE="2021-04-05" ENDDATE="2024-09-06" ISACTUAL="0" ISACTIVE="0" /><HOUSE ID="126737230" OBJECTID="100816706" OBJECTGUID="29cbb872-7604-4b7a-9881-e9a2e61647d4" CHANGEID="600596082" HOUSENUM="70" HOUSETYPE="2" OPERTYPEID="20" PREVID="71180860" UPDATEDATE="2024-09-06" STARTDATE="2024-09-06" ENDDATE="2079-06-06" ISACTUAL="1" ISACTIVE="1" /><HOUSE ID="126737232" OBJECTID="165110424" OBJECTGUID="ef21eb55-eae9-4415-8a33-effaa904d81b" CHANGEID="600596104" HOUSENUM="32А" HOUSETYPE="2" OPERTYPEID="10" PREVID="0" NEXTID="0" UPDATEDATE="2024-09-06" STARTDATE="2024-09-06" ENDDATE="2079-06-06" ISACTUAL="1" ISACTIVE="1" /><HOUSE ID="126737233" OBJECTID="165110426" OBJECTGUID="b8870217-2fd0-4b1d-ad53-0c9f679b2569" CHANGEID="600596106" HOUSENUM="18А" HOUSETYPE="2" OPERTYPEID="10" PREVID="0" NEXTID="0" UPDATEDATE="2024-09-06" STARTDATE="2024-09-06" ENDDATE="2079-06-06" ISACTUAL="1" ISACTIVE="1" /><HOUSE ID="69334679" OBJECTID="40788238" OBJECTGUID="fd7ae302-6742-4f94-80d6-849161a2abd3" CHANGEID="61713050" HOUSENUM="1" HOUSETYPE="3" OPERTYPEID="20" PREVID="24377277" NEXTID="126737381" UPDATEDATE="2024-09-06" STARTDATE="2012-12-10" ENDDATE="2024-09-06" ISACTUAL="0" ISACTIVE="0" /><HOUSE ID="126737381" OBJECTID="40788238" OBJECTGUID="fd7ae302-6742-4f94-80d6-849161a2abd3" CHANGEID="600609595" HOUSENUM="1" HOUSETYPE="2" OPERTYPEID="20" PREVID="69334679" UPDATEDATE="2024-09-06" STARTDATE="2024-09-06" ENDDATE="2079-06-06" ISACTUAL="1" ISACTIVE="1" /><HOUSE ID="65569052" OBJECTID="40791282" OBJECTGUID="c8404512-7163-4f71-823e-d7cf81da3d32" CHANGEID="61718075" HOUSENUM="3" HOUSETYPE="3" OPERTYPEID="20" PREVID="24379500" NEXTID="126737388" UPDATEDATE="2024-09-06" STARTDATE="2012-12-10" ENDDATE="2024-09-06" ISACTUAL="0" ISACTIVE="0" /><HOUSE ID="126737388" OBJECTID="40791282" OBJECTGUID="c8404512-7163-4f71-823e-d7cf81da3d32" CHANGEID="600609916" HOUSENUM="3" HOUSETYPE="2" OPERTYPEID="20" PREVID="65569052" UPDATEDATE="2024-09-06" STARTDATE="2024-09-06" ENDDATE="2079-06-06" ISACTUAL="1" ISACTIVE="1" /><HOUSE ID="126737406" OBJECTID="40790947" OBJECTGUID="b960da4b-c7a7-4d08-aa4b-d7b17e80fd13" CHANGEID="600611232" HOUSENUM="5" HOUSETYPE="2" OPERTYPEID="20" PREVID="64514887" UPDATEDATE="2024-09-06" STARTDATE="2024-09-06" ENDDATE="2079-06-06" ISACTUAL="1" ISACTIVE="1" /><HOUSE ID="58568858" OBJECTID="40787624" OBJECTGUID="657849c9-a02e-47a6-851a-19bba6fd89bb" CHANGEID="61712135" HOUSENUM="6" HOUSETYPE="3" OPERTYPEID="20" PREVID="24376741" NEXTID="126737415" UPDATEDATE="2024-09-06" STARTDATE="2012-12-10" ENDDATE="2024-09-06" ISACTUAL="0" ISACTIVE="0" /><HOUSE ID="126737415" OBJECTID="40787624" OBJECTGUID="657849c9-a02e-47a6-851a-19bba6fd89bb" CHANGEID="600611985" HOUSENUM="6" HOUSETYPE="2" OPERTYPEID="20" PREVID="58568858" UPDATEDATE="2024-09-06" STARTDATE="2024-09-06" ENDDATE="2079-06-06" ISACTUAL="1" ISACTIVE="1" /><HOUSE ID="126737422" OBJECTID="40789501" OBJECTGUID="f3ca0c67-760a-4a08-a110-cf57e19ed774" CHANGEID="600612339" HOUSENUM="7" HOUSETYPE="2" OPERTYPEID="20" PREVID="68649887" UPDATEDATE="2024-09-06" STARTDATE="2024-09-06" ENDDATE="2079-06-06" ISACTUAL="1" ISACTIVE="1" /><HOUSE ID="64491073" OBJECTID="40788327" OBJECTGUID="b90e69d9-de9c-4ace-bd58-a72fdaaae6be" CHANGEID="61713362" HOUSENUM="11" HOUSETYPE="3" OPERTYPEID="20" PREVID="24377361" NEXTID="126737425" UPDATEDATE="2024-09-06" STARTDATE="2012-12-10" ENDDATE="2024-09-06" ISACTUAL="0" ISACTIVE="0" /><HOUSE ID="126737425" OBJECTID="40788327" OBJECTGUID="b90e69d9-de9c-4ace-bd58-a72fdaaae6be" CHANGEID="600612834" HOUSENUM="11" HOUSETYPE="2" OPERTYPEID="20" PREVID="64491073" UPDATEDATE="2024-09-06" STARTDATE="2024-09-06" ENDDATE="2079-06-06" ISACTUAL="1" ISACTIVE="1" /><HOUSE ID="57262406" OBJECTID="40787199" OBJECTGUID="53087c7c-750a-488a-83dc-0f19c47fdd1b" CHANGEID="61711689" HOUSENUM="13" HOUSETYPE="3" OPERTYPEID="20" PREVID="24376506" NEXTID="126737427" UPDATEDATE="2024-09-06" STARTDATE="2012-12-10" ENDDATE="2024-09-06" ISACTUAL="0" ISACTIVE="0" /><HOUSE ID="126737427" OBJECTID="40787199" OBJECTGUID="53087c7c-750a-488a-83dc-0f19c47fdd1b" CHANGEID="600613076" HOUSENUM="13" HOUSETYPE="2" OPERTYPEID="20" PREVID="57262406" UPDATEDATE="2024-09-06" STARTDATE="2024-09-06" ENDDATE="2079-06-06" ISACTUAL="1" ISACTIVE="1" /><HOUSE ID="126740294" OBJECTID="165123376" OBJECTGUID="27127c38-e6d7-48c7-998f-29f2fd2ddda6" CHANGEID="600747835" HOUSENUM="2" ADDNUM1="2" HOUSETYPE="2" ADDTYPE1="2" OPERTYPEID="10" PREVID="0" NEXTID="0" UPDATEDATE="2024-09-09" STARTDATE="2024-09-09" ENDDATE="2079-06-06" ISACTUAL="1" ISACTIVE="1" /><HOUSE ID="126740306" OBJECTID="165123703" OBJECTGUID="fe6128d8-9ad9-47ff-ab8a-8b5019543aea" CHANGEID="600748237" HOUSENUM="29Б" ADDNUM1="4" HOUSETYPE="5" ADDTYPE1="2" OPERTYPEID="10" PREVID="0" NEXTID="0" UPDATEDATE="2024-09-09" STARTDATE="2024-09-09" ENDDATE="2079-06-06" ISACTUAL="1" ISACTIVE="1" /><HOUSE ID="126740427" OBJECTID="165123873" OBJECTGUID="9dbd9e24-48a6-434d-bf0b-c1ab2d0f61fb" CHANGEID="600748713" HOUSENUM="72" HOUSETYPE="2" OPERTYPEID="10" PREVID="0" NEXTID="0" UPDATEDATE="2024-09-09" STARTDATE="2024-09-09" ENDDATE="2079-06-06" ISACTUAL="1" ISACTIVE="1" /><HOUSE ID="126740518" OBJECTID="165124976" OBJECTGUID="eaaebaf6-b71b-4a66-81b5-d6f4e6520d82" CHANGEID="600749999" HOUSENUM="28" HOUSETYPE="2" OPERTYPEID="10" PREVID="0" NEXTID="0" UPDATEDATE="2024-09-09" STARTDATE="2024-09-09" ENDDATE="2079-06-06" ISACTUAL="1" ISACTIVE="1" /><HOUSE ID="126740599" OBJECTID="165125152" OBJECTGUID="d24f540d-3eeb-4c92-8049-729057a3243e" CHANGEID="600750189" HOUSENUM="7" HOUSETYPE="2" OPERTYPEID="10" PREVID="0" NEXTID="0" UPDATEDATE="2024-09-09" STARTDATE="2024-09-09" ENDDATE="2079-06-06" ISACTUAL="1" ISACTIVE="1" /><HOUSE ID="126740602" OBJECTID="165125195" OBJECTGUID="13fcb0ad-70e7-48e3-ba6a-9aff77035072" CHANGEID="600750301" HOUSENUM="12/335" HOUSETYPE="2" OPERTYPEID="10" PREVID="0" NEXTID="0" UPDATEDATE="2024-09-09" STARTDATE="2024-09-09" ENDDATE="2079-06-06" ISACTUAL="1" ISACTIVE="1" /><HOUSE ID="126740604" OBJECTID="165125209" OBJECTGUID="9caacd81-da39-4ed6-8007-b8094a15d847" CHANGEID="600750317" HOUSENUM="28/61" HOUSETYPE="2" OPERTYPEID="10" PREVID="0" NEXTID="0" UPDATEDATE="2024-09-09" STARTDATE="2024-09-09" ENDDATE="2079-06-06" ISACTUAL="1" ISACTIVE="1" /><HOUSE ID="126740625" OBJECTID="165125289" OBJECTGUID="80870e70-b77f-4e1f-bf64-ed51a77d5e1e" CHANGEID="600750420" HOUSENUM="30/53" HOUSETYPE="2" OPERTYPEID="10" PREVID="0" NEXTID="0" UPDATEDATE="2024-09-09" STARTDATE="2024-09-09" ENDDATE="2079-06-06" ISACTUAL="1" ISACTIVE="1" /><HOUSE ID="126740627" OBJECTID="165125293" OBJECTGUID="45ac349b-0103-41af-91ee-7d5d675dc645" CHANGEID="600750428" HOUSENUM="12" HOUSETYPE="2" OPERTYPEID="10" PREVID="0" NEXTID="0" UPDATEDATE="2024-09-09" STARTDATE="2024-09-09" ENDDATE="2079-06-06" ISACTUAL="1" ISACTIVE="1" /><HOUSE ID="126740605" OBJECTID="165125246" OBJECTGUID="a54e5227-dc91-48b3-9b6b-f0130fcc0aa1" CHANGEID="600750356" HOUSENUM="58" HOUSETYPE="2" OPERTYPEID="10" PREVID="0" NEXTID="0" UPDATEDATE="2024-09-09" STARTDATE="2024-09-09" ENDDATE="2079-06-06" ISACTUAL="1" ISACTIVE="1" /><HOUSE ID="126740800" OBJECTID="165126213" OBJECTGUID="214547be-adfc-4858-91fa-b41a0df357e8" CHANGEID="600751890" HOUSENUM="2А" HOUSETYPE="2" OPERTYPEID="10" PREVID="0" NEXTID="0" UPDATEDATE="2024-09-09" STARTDATE="2024-09-09" ENDDATE="2079-06-06" ISACTUAL="1" ISACTIVE="1" /><HOUSE ID="126740808" OBJECTID="17617887" OBJECTGUID="da878df5-fb6e-4be3-b248-959fe80d5095" CHANGEID="600751901" HOUSENUM="58/28" HOUSETYPE="2" OPERTYPEID="20" PREVID="10113998" UPDATEDATE="2024-09-09" STARTDATE="2024-09-09" ENDDATE="2079-06-06" ISACTUAL="1" ISACTIVE="1" /><HOUSE ID="126740999" OBJECTID="165127550" OBJECTGUID="2c8d568a-9753-40e1-b31c-18ab8f009f6d" CHANGEID="600754472" HOUSENUM="64" HOUSETYPE="2" OPERTYPEID="10" PREVID="0" NEXTID="0" UPDATEDATE="2024-09-09" STARTDATE="2024-09-09" ENDDATE="2079-06-06" ISACTUAL="1" ISACTIVE="1" /><HOUSE ID="126741030" OBJECTID="165127593" OBJECTGUID="a019bebb-26e5-401a-b3b5-edefd6cd1251" CHANGEID="600754546" HOUSENUM="63А" HOUSETYPE="2" OPERTYPEID="10" PREVID="0" NEXTID="0" UPDATEDATE="2024-09-09" STARTDATE="2024-09-09" ENDDATE="2079-06-06" ISACTUAL="1" ISACTIVE="1" /><HOUSE ID="126741217" OBJECTID="165128317" OBJECTGUID="c5220ee0-9e1a-4f58-b871-ce1767440003" CHANGEID="600755748" HOUSENUM="9" HOUSETYPE="2" OPERTYPEID="10" PREVID="0" NEXTID="0" UPDATEDATE="2024-09-09" STARTDATE="2024-09-09" ENDDATE="2079-06-06" ISACTUAL="1" ISACTIVE="1" /><HOUSE ID="126741230" OBJECTID="3388293" OBJECTGUID="46f9e363-cf73-4dbc-adb8-6279a496335d" CHANGEID="600756060" HOUSENUM="134" ADDNUM1="1" HOUSETYPE="2" ADDTYPE1="2" OPERTYPEID="20" PREVID="56408340" UPDATEDATE="2024-09-09" STARTDATE="2024-09-09" ENDDATE="2079-06-06" ISACTUAL="1" ISACTIVE="1" /><HOUSE ID="126741727" OBJECTID="16801774" OBJECTGUID="5e7c434b-fe33-485f-aae9-8a0c3d181ee0" CHANGEID="600759400" HOUSENUM="179" HOUSETYPE="2" OPERTYPEID="20" PREVID="9588594" UPDATEDATE="2024-09-09" STARTDATE="2024-09-09" ENDDATE="2079-06-06" ISACTUAL="1" ISACTIVE="1" /><HOUSE ID="34170912" OBJECTID="57077121" OBJECTGUID="4910c033-04bf-4750-bf38-e5dfeb3b77cf" CHANGEID="85351963" HOUSENUM="8А" HOUSETYPE="5" OPERTYPEID="10" PREVID="0" NEXTID="126741824" UPDATEDATE="2024-09-09" STARTDATE="2019-09-10" ENDDATE="2024-09-09" ISACTUAL="0" ISACTIVE="0" /><HOUSE ID="126741824" OBJECTID="57077121" OBJECTGUID="4910c033-04bf-4750-bf38-e5dfeb3b77cf" CHANGEID="600760708" HOUSENUM="8А" HOUSETYPE="2" OPERTYPEID="20" PREVID="34170912" UPDATEDATE="2024-09-09" STARTDATE="2024-09-09" ENDDATE="2079-06-06" ISACTUAL="1" ISACTIVE="1" /><HOUSE ID="42762318" OBJECTID="70899195" OBJECTGUID="85ca726d-1026-466e-bdff-a06772d4c399" CHANGEID="105624810" HOUSENUM="32" HOUSETYPE="2" OPERTYPEID="10" PREVID="0" NEXTID="126742200" UPDATEDATE="2024-09-09" STARTDATE="1900-01-01" ENDDATE="2024-09-09" ISACTUAL="0" ISACTIVE="0" /><HOUSE ID="126742200" OBJECTID="70899195" OBJECTGUID="85ca726d-1026-466e-bdff-a06772d4c399" CHANGEID="600763615" HOUSENUM="32" HOUSETYPE="5" OPERTYPEID="20" PREVID="42762318" UPDATEDATE="2024-09-09" STARTDATE="2024-09-09" ENDDATE="2079-06-06" ISACTUAL="1" ISACTIVE="1" /><HOUSE ID="28077138" OBJECTID="46956294" OBJECTGUID="e1bbc0b4-9945-4664-a40e-8e525c7b14a6" CHANGEID="70654509" HOUSENUM="1" HOUSETYPE="2" OPERTYPEID="10" PREVID="0" NEXTID="126742204" UPDATEDATE="2024-09-09" STARTDATE="1900-01-01" ENDDATE="2024-09-09" ISACTUAL="0" ISACTIVE="0" /><HOUSE ID="126742204" OBJECTID="46956294" OBJECTGUID="e1bbc0b4-9945-4664-a40e-8e525c7b14a6" CHANGEID="600763759" HOUSENUM="1" HOUSETYPE="5" OPERTYPEID="20" PREVID="28077138" UPDATEDATE="2024-09-09" STARTDATE="2024-09-09" ENDDATE="2079-06-06" ISACTUAL="1" ISACTIVE="1" /><HOUSE ID="126742422" OBJECTID="3289299" OBJECTGUID="c2640c80-2e8c-4a85-acc1-97be220871c4" CHANGEID="600765988" HOUSENUM="35Б" HOUSETYPE="2" OPERTYPEID="60" PREVID="1110431" UPDATEDATE="2024-09-09" STARTDATE="2024-09-09" ENDDATE="2079-06-06" ISACTUAL="1" ISACTIVE="0" /><HOUSE ID="1110431" OBJECTID="3289299" OBJECTGUID="c2640c80-2e8c-4a85-acc1-97be220871c4" CHANGEID="6725897" HOUSENUM="35Б" HOUSETYPE="2" OPERTYPEID="20" PREVID="1110426" NEXTID="126742422" UPDATEDATE="2024-09-09" STARTDATE="2019-02-06" ENDDATE="2024-09-09" ISACTUAL="0" ISACTIVE="0" /><HOUSE ID="126742423" OBJECTID="165135247" OBJECTGUID="9e7afe63-fcdc-4683-9873-57cea6ed1d5a" CHANGEID="600765989" HOUSENUM="35Б/1" HOUSETYPE="2" OPERTYPEID="61" PREVID="126742422" NEXTID="0" UPDATEDATE="2024-09-09" STARTDATE="2024-09-09" ENDDATE="2079-06-06" ISACTUAL="1" ISACTIVE="1" /><HOUSE ID="126742424" OBJECTID="165135248" OBJECTGUID="a1f0e9d5-6b29-471d-9b7d-3187a5ad8251" CHANGEID="600765990" HOUSENUM="35Б/2" HOUSETYPE="2" OPERTYPEID="61" PREVID="126742422" NEXTID="0" UPDATEDATE="2024-09-09" STARTDATE="2024-09-09" ENDDATE="2079-06-06" ISACTUAL="1" ISACTIVE="1" /><HOUSE ID="126742574" OBJECTID="9837841" OBJECTGUID="2f1d1427-111f-4734-9655-b3fb7f5ceecf" CHANGEID="600767188" HOUSENUM="1б" HOUSETYPE="5" OPERTYPEID="20" PREVID="5133938" UPDATEDATE="2024-09-09" STARTDATE="2024-09-09" ENDDATE="2079-06-06" ISACTUAL="1" ISACTIVE="1" /><HOUSE ID="126742583" OBJECTID="58546193" OBJECTGUID="039335de-065c-4e7a-a47c-465e312f866e" CHANGEID="600767281" HOUSENUM="2" HOUSETYPE="5" OPERTYPEID="20" PREVID="35055003" UPDATEDATE="2024-09-09" STARTDATE="2024-09-09" ENDDATE="2079-06-06" ISACTUAL="1" ISACTIVE="1" /><HOUSE ID="5124767" OBJECTID="9821554" OBJECTGUID="b06bb6da-6807-4190-ae62-83f82a30a7de" CHANGEID="16261436" HOUSENUM="26" HOUSETYPE="2" OPERTYPEID="10" PREVID="0" NEXTID="126742595" UPDATEDATE="2024-09-09" STARTDATE="1900-01-01" ENDDATE="2024-09-09" ISACTUAL="0" ISACTIVE="0" /><HOUSE ID="126742595" OBJECTID="9821554" OBJECTGUID="b06bb6da-6807-4190-ae62-83f82a30a7de" CHANGEID="600767485" HOUSENUM="26" HOUSETYPE="5" OPERTYPEID="20" PREVID="5124767" UPDATEDATE="2024-09-09" STARTDATE="2024-09-09" ENDDATE="2079-06-06" ISACTUAL="1" ISACTIVE="1" /><HOUSE ID="5120317" OBJECTID="9812109" OBJECTGUID="19647a8b-2d6b-4e8f-be33-760f7230b12f" CHANGEID="16248809" HOUSENUM="34" HOUSETYPE="2" OPERTYPEID="10" PREVID="0" NEXTID="126742599" UPDATEDATE="2024-09-09" STARTDATE="1900-01-01" ENDDATE="2024-09-09" ISACTUAL="0" ISACTIVE="0" /><HOUSE ID="126742599" OBJECTID="9812109" OBJECTGUID="19647a8b-2d6b-4e8f-be33-760f7230b12f" CHANGEID="600767585" HOUSENUM="34" HOUSETYPE="5" OPERTYPEID="20" PREVID="5120317" UPDATEDATE="2024-09-09" STARTDATE="2024-09-09" ENDDATE="2079-06-06" ISACTUAL="1" ISACTIVE="1" /><HOUSE ID="126742625" OBJECTID="79220053" OBJECTGUID="44da148e-f5fc-4e63-8c58-ba5f0f02fd3e" CHANGEID="600767891" HOUSENUM="88а" HOUSETYPE="5" OPERTYPEID="20" PREVID="47870750" UPDATEDATE="2024-09-09" STARTDATE="2024-09-09" ENDDATE="2079-06-06" ISACTUAL="1" ISACTIVE="1" /><HOUSE ID="48539276" OBJECTID="80256828" OBJECTGUID="be3f3f2f-548d-4293-bf9d-00329c4ea25a" CHANGEID="119274369" HOUSENUM="35" HOUSETYPE="2" OPERTYPEID="10" PREVID="0" NEXTID="126742646" UPDATEDATE="2024-09-09" STARTDATE="1900-01-01" ENDDATE="2024-09-09" ISACTUAL="0" ISACTIVE="0" /><HOUSE ID="126742646" OBJECTID="80256828" OBJECTGUID="be3f3f2f-548d-4293-bf9d-00329c4ea25a" CHANGEID="600768103" HOUSENUM="35" HOUSETYPE="5" OPERTYPEID="20" PREVID="48539276" UPDATEDATE="2024-09-09" STARTDATE="2024-09-09" ENDDATE="2079-06-06" ISACTUAL="1" ISACTIVE="1" /><HOUSE ID="47861425" OBJECTID="79207186" OBJECTGUID="4c0352b8-ff3f-4f7a-84bb-a64932fe788a" CHANGEID="117725922" HOUSENUM="88" HOUSETYPE="2" OPERTYPEID="10" PREVID="0" NEXTID="126742613" UPDATEDATE="2024-09-09" STARTDATE="1900-01-01" ENDDATE="2024-09-09" ISACTUAL="0" ISACTIVE="0" /><HOUSE ID="126742613" OBJECTID="79207186" OBJECTGUID="4c0352b8-ff3f-4f7a-84bb-a64932fe788a" CHANGEID="600767821" HOUSENUM="88" HOUSETYPE="5" OPERTYPEID="20" PREVID="47861425" UPDATEDATE="2024-09-09" STARTDATE="2024-09-09" ENDDATE="2079-06-06" ISACTUAL="1" ISACTIVE="1" /><HOUSE ID="48474074" OBJECTID="80147237" OBJECTGUID="6af3616d-3696-4a98-bf49-c72470b36f98" CHANGEID="119117291" HOUSENUM="33" HOUSETYPE="2" OPERTYPEID="10" PREVID="0" NEXTID="126742637" UPDATEDATE="2024-09-09" STARTDATE="1900-01-01" ENDDATE="2024-09-09" ISACTUAL="0" ISACTIVE="0" /><HOUSE ID="126742637" OBJECTID="80147237" OBJECTGUID="6af3616d-3696-4a98-bf49-c72470b36f98" CHANGEID="600768043" HOUSENUM="33" HOUSETYPE="5" OPERTYPEID="20" PREVID="48474074" UPDATEDATE="2024-09-09" STARTDATE="2024-09-09" ENDDATE="2079-06-06" ISACTUAL="1" ISACTIVE="1" /><HOUSE ID="126742956" OBJECTID="163317986" OBJECTGUID="f3cbfec3-e2d4-44da-9cd8-2868fd2bf9a4" CHANGEID="600768723" HOUSENUM="154А" HOUSETYPE="2" OPERTYPEID="20" PREVID="126628773" UPDATEDATE="2024-09-09" STARTDATE="2024-09-09" ENDDATE="2079-06-06" ISACTUAL="1" ISACTIVE="1" /><HOUSE ID="126743024" OBJECTID="164777634" OBJECTGUID="a2750d2e-b085-4cf3-abaf-7a517b73963b" CHANGEID="600768984" HOUSENUM="22" ADDNUM1="2" HOUSETYPE="2" ADDTYPE1="2" OPERTYPEID="30" PREVID="126646415" NEXTID="0" UPDATEDATE="2024-09-09" STARTDATE="2024-09-09" ENDDATE="2079-06-06" ISACTUAL="1" ISACTIVE="0" /><HOUSE ID="126743601" OBJECTID="165137391" OBJECTGUID="4edee1ff-5ef7-435c-a9a1-0ca58e5bacdf" CHANGEID="600770369" HOUSENUM="35" ADDNUM1="2" HOUSETYPE="2" ADDTYPE1="2" OPERTYPEID="10" PREVID="0" NEXTID="0" UPDATEDATE="2024-09-09" STARTDATE="2024-09-09" ENDDATE="2079-06-06" ISACTUAL="1" ISACTIVE="1" /><HOUSE ID="126743602" OBJECTID="165137394" OBJECTGUID="cb1700f4-2e85-4da0-a3a9-c33e49f648a3" CHANGEID="600770377" HOUSENUM="9" HOUSETYPE="2" OPERTYPEID="10" PREVID="0" NEXTID="0" UPDATEDATE="2024-09-09" STARTDATE="2024-09-09" ENDDATE="2079-06-06" ISACTUAL="1" ISACTIVE="1" /><HOUSE ID="126743600" OBJECTID="165137390" OBJECTGUID="0116688a-0bd6-4fa6-bfac-77632e04c82a" CHANGEID="600770368" HOUSENUM="71" HOUSETYPE="2" OPERTYPEID="10" PREVID="0" NEXTID="0" UPDATEDATE="2024-09-09" STARTDATE="2024-09-09" ENDDATE="2079-06-06" ISACTUAL="1" ISACTIVE="1" /><HOUSE ID="126743604" OBJECTID="165137402" OBJECTGUID="06e2c313-a6ef-4d62-b579-744c364b4fc8" CHANGEID="600770394" HOUSENUM="7" ADDNUM1="2" HOUSETYPE="2" ADDTYPE1="2" OPERTYPEID="10" PREVID="0" NEXTID="0" UPDATEDATE="2024-09-09" STARTDATE="2024-09-09" ENDDATE="2079-06-06" ISACTUAL="1" ISACTIVE="1" /><HOUSE ID="126744345" OBJECTID="165139179" OBJECTGUID="79ea5609-1699-45ea-b0d8-b4742d93922b" CHANGEID="600772755" HOUSENUM="9Г" HOUSETYPE="2" OPERTYPEID="10" PREVID="0" NEXTID="0" UPDATEDATE="2024-09-09" STARTDATE="2024-09-09" ENDDATE="2079-06-06" ISACTUAL="1" ISACTIVE="1" /><HOUSE ID="126744457" OBJECTID="15559564" OBJECTGUID="1a893baa-17dd-4dcc-925c-560d53a8fdcd" CHANGEID="600773351" HOUSENUM="38" HOUSETYPE="2" OPERTYPEID="20" PREVID="8801388" UPDATEDATE="2024-09-09" STARTDATE="2024-09-09" ENDDATE="2079-06-06" ISACTUAL="1" ISACTIVE="1" /><HOUSE ID="126744467" OBJECTID="165139530" OBJECTGUID="b0297ecd-1e8f-4ba8-af8d-c3d08001419d" CHANGEID="600773365" HOUSENUM="40" HOUSETYPE="2" OPERTYPEID="10" PREVID="0" NEXTID="0" UPDATEDATE="2024-09-09" STARTDATE="2024-09-09" ENDDATE="2079-06-06" ISACTUAL="1" ISACTIVE="1" /><HOUSE ID="126744710" OBJECTID="165140274" OBJECTGUID="e1cadce7-1a4f-4fad-8717-4037d427ad3d" CHANGEID="600774757" HOUSENUM="52/3" HOUSETYPE="5" OPERTYPEID="10" PREVID="0" NEXTID="0" UPDATEDATE="2024-09-09" STARTDATE="2024-09-09" ENDDATE="2079-06-06" ISACTUAL="1" ISACTIVE="1" /><HOUSE ID="126744697" OBJECTID="16958060" OBJECTGUID="f64270d5-2526-4a12-9bc9-f49d63581526" CHANGEID="600774651" HOUSENUM="5А" HOUSETYPE="2" OPERTYPEID="20" PREVID="68822695" UPDATEDATE="2024-09-09" STARTDATE="2024-09-09" ENDDATE="2079-06-06" ISACTUAL="1" ISACTIVE="1" /><HOUSE ID="126744755" OBJECTID="9811784" OBJECTGUID="465357ae-895a-429e-9495-752c50bc8afa" CHANGEID="600774992" HOUSENUM="37" HOUSETYPE="5" OPERTYPEID="20" PREVID="5120103" UPDATEDATE="2024-09-09" STARTDATE="2024-09-09" ENDDATE="2079-06-06" ISACTUAL="1" ISACTIVE="1" /><HOUSE ID="126744823" OBJECTID="165140700" OBJECTGUID="71f7d4d9-0f3e-4d31-b4b5-fabe190c1189" CHANGEID="600775441" HOUSENUM="3А" HOUSETYPE="5" OPERTYPEID="10" PREVID="0" NEXTID="0" UPDATEDATE="2024-09-09" STARTDATE="2024-09-09" ENDDATE="2079-06-06" ISACTUAL="1" ISACTIVE="1" /><HOUSE ID="126744826" OBJECTID="165140703" OBJECTGUID="7a6af0bc-cfa2-4c8a-a01d-163ce0bcf7a3" CHANGEID="600775444" HOUSENUM="43А" HOUSETYPE="5" OPERTYPEID="10" PREVID="0" NEXTID="0" UPDATEDATE="2024-09-09" STARTDATE="2024-09-09" ENDDATE="2079-06-06" ISACTUAL="1" ISACTIVE="1" /><HOUSE ID="126744908" OBJECTID="165140924" OBJECTGUID="f5cbd40d-462e-4ae3-a421-23ad0e7044f8" CHANGEID="600775839" HOUSENUM="51" HOUSETYPE="5" OPERTYPEID="10" PREVID="0" NEXTID="0" UPDATEDATE="2024-09-09" STARTDATE="2024-09-09" ENDDATE="2079-06-06" ISACTUAL="1" ISACTIVE="1" /><HOUSE ID="126744878" OBJECTID="165140880" OBJECTGUID="0525bbef-abed-45a8-9357-5d4c5cc3ecc3" CHANGEID="600775671" HOUSENUM="1А" ADDNUM1="8" HOUSETYPE="5" ADDTYPE1="1" OPERTYPEID="10" PREVID="0" NEXTID="0" UPDATEDATE="2024-09-09" STARTDATE="2024-09-09" ENDDATE="2079-06-06" ISACTUAL="1" ISACTIVE="1" /><HOUSE ID="126744910" OBJECTID="165140926" OBJECTGUID="03bb56b8-6f13-47c7-be96-7a7e00b96f13" CHANGEID="600775841" HOUSENUM="7А" HOUSETYPE="5" OPERTYPEID="10" PREVID="0" NEXTID="0" UPDATEDATE="2024-09-09" STARTDATE="2024-09-09" ENDDATE="2079-06-06" ISACTUAL="1" ISACTIVE="1" /><HOUSE ID="126745038" OBJECTID="165141492" OBJECTGUID="c6842b2d-b933-41b4-9e16-268bcd46c58d" CHANGEID="600776620" HOUSENUM="68А" HOUSETYPE="2" OPERTYPEID="10" PREVID="0" NEXTID="0" UPDATEDATE="2024-09-09" STARTDATE="2024-09-09" ENDDATE="2079-06-06" ISACTUAL="1" ISACTIVE="1" /><HOUSE ID="126745127" OBJECTID="80150508" OBJECTGUID="b18da902-d30a-4948-b504-e261ac2baa7e" CHANGEID="600776884" HOUSENUM="48а" HOUSETYPE="5" OPERTYPEID="20" PREVID="48476658" UPDATEDATE="2024-09-09" STARTDATE="2024-09-09" ENDDATE="2079-06-06" ISACTUAL="1" ISACTIVE="1" /><HOUSE ID="126745134" OBJECTID="165141593" OBJECTGUID="fba0865c-71a8-406d-a0af-79de4b03f27d" CHANGEID="600776915" HOUSENUM="17" HOUSETYPE="5" OPERTYPEID="10" PREVID="0" NEXTID="0" UPDATEDATE="2024-09-09" STARTDATE="2024-09-09" ENDDATE="2079-06-06" ISACTUAL="1" ISACTIVE="1" /><HOUSE ID="1177073" OBJECTID="3402364" OBJECTGUID="962e5e44-a7ad-44f7-8e4b-e24a5efac15c" CHANGEID="6888949" HOUSENUM="25" HOUSETYPE="2" OPERTYPEID="10" PREVID="0" NEXTID="126745165" UPDATEDATE="2024-09-09" STARTDATE="1900-01-01" ENDDATE="2024-09-09" ISACTUAL="0" ISACTIVE="0" /><HOUSE ID="126745165" OBJECTID="3402364" OBJECTGUID="962e5e44-a7ad-44f7-8e4b-e24a5efac15c" CHANGEID="600777128" HOUSENUM="25" HOUSETYPE="5" OPERTYPEID="20" PREVID="1177073" UPDATEDATE="2024-09-09" STARTDATE="2024-09-09" ENDDATE="2079-06-06" ISACTUAL="1" ISACTIVE="1" /><HOUSE ID="48542930" OBJECTID="80262800" OBJECTGUID="03a3ccfb-055e-4779-ae88-15056933b7a9" CHANGEID="119283024" HOUSENUM="36" HOUSETYPE="2" OPERTYPEID="10" PREVID="0" NEXTID="126745136" UPDATEDATE="2024-09-09" STARTDATE="1900-01-01" ENDDATE="2024-09-09" ISACTUAL="0" ISACTIVE="0" /><HOUSE ID="126745136" OBJECTID="80262800" OBJECTGUID="03a3ccfb-055e-4779-ae88-15056933b7a9" CHANGEID="600776929" HOUSENUM="36" HOUSETYPE="5" OPERTYPEID="20" PREVID="48542930" UPDATEDATE="2024-09-09" STARTDATE="2024-09-09" ENDDATE="2079-06-06" ISACTUAL="1" ISACTIVE="1" /><HOUSE ID="48455760" OBJECTID="80118135" OBJECTGUID="cccf86eb-18c7-4237-8623-6720650bc817" CHANGEID="119074529" HOUSENUM="34" HOUSETYPE="2" OPERTYPEID="10" PREVID="0" NEXTID="126745147" UPDATEDATE="2024-09-09" STARTDATE="1900-01-01" ENDDATE="2024-09-09" ISACTUAL="0" ISACTIVE="0" /><HOUSE ID="126745147" OBJECTID="80118135" OBJECTGUID="cccf86eb-18c7-4237-8623-6720650bc817" CHANGEID="600777024" HOUSENUM="34" HOUSETYPE="5" OPERTYPEID="20" PREVID="48455760" UPDATEDATE="2024-09-09" STARTDATE="2024-09-09" ENDDATE="2079-06-06" ISACTUAL="1" ISACTIVE="1" /><HOUSE ID="126745189" OBJECTID="165141823" OBJECTGUID="ef8800b8-d5cc-42ca-9b81-f93629205dde" CHANGEID="600777256" HOUSENUM="51Б" HOUSETYPE="5" OPERTYPEID="10" PREVID="0" NEXTID="0" UPDATEDATE="2024-09-09" STARTDATE="2024-09-09" ENDDATE="2079-06-06" ISACTUAL="1" ISACTIVE="1" /><HOUSE ID="21963062" OBJECTID="36855604" OBJECTGUID="1919d4f4-4b0b-4b78-a4df-7c4e15ea2fbb" CHANGEID="55939448" HOUSENUM="18" HOUSETYPE="3" OPERTYPEID="10" PREVID="0" NEXTID="126745240" UPDATEDATE="2024-09-09" STARTDATE="1900-01-01" ENDDATE="2024-09-09" ISACTUAL="0" ISACTIVE="0" /><HOUSE ID="126745240" OBJECTID="36855604" OBJECTGUID="1919d4f4-4b0b-4b78-a4df-7c4e15ea2fbb" CHANGEID="600777509" HOUSENUM="18" HOUSETYPE="2" OPERTYPEID="20" PREVID="21963062" UPDATEDATE="2024-09-09" STARTDATE="2024-09-09" ENDDATE="2079-06-06" ISACTUAL="1" ISACTIVE="1" /><HOUSE ID="126745552" OBJECTID="165142832" OBJECTGUID="4e730e04-b64d-4713-8996-5545dece4815" CHANGEID="600779702" HOUSENUM="61" HOUSETYPE="2" OPERTYPEID="10" PREVID="0" NEXTID="0" UPDATEDATE="2024-09-09" STARTDATE="2024-09-09" ENDDATE="2079-06-06" ISACTUAL="1" ISACTIVE="1" /><HOUSE ID="58863139" OBJECTID="61835408" OBJECTGUID="699c2bab-412d-4fa4-a8bd-188d7756b1d0" CHANGEID="92337430" HOUSENUM="21А" HOUSETYPE="3" OPERTYPEID="20" PREVID="37147247" NEXTID="126745936" UPDATEDATE="2024-09-09" STARTDATE="2012-12-10" ENDDATE="2024-09-09" ISACTUAL="0" ISACTIVE="0" /><HOUSE ID="126745936" OBJECTID="61835408" OBJECTGUID="699c2bab-412d-4fa4-a8bd-188d7756b1d0" CHANGEID="600781769" HOUSENUM="21А" HOUSETYPE="2" OPERTYPEID="20" PREVID="58863139" UPDATEDATE="2024-09-09" STARTDATE="2024-09-09" ENDDATE="2079-06-06" ISACTUAL="1" ISACTIVE="1" /><HOUSE ID="126745940" OBJECTID="70400181" OBJECTGUID="1e90f528-c8b5-4209-8708-8b9922d5e809" CHANGEID="600781779" HOUSENUM="20" HOUSETYPE="2" OPERTYPEID="30" PREVID="42471907" NEXTID="0" UPDATEDATE="2024-09-09" STARTDATE="2024-09-09" ENDDATE="2079-06-06" ISACTUAL="1" ISACTIVE="0" /><HOUSE ID="42471907" OBJECTID="70400181" OBJECTGUID="1e90f528-c8b5-4209-8708-8b9922d5e809" CHANGEID="104901959" HOUSENUM="20" HOUSETYPE="2" OPERTYPEID="10" PREVID="0" NEXTID="126745940" UPDATEDATE="2024-09-09" STARTDATE="1900-01-01" ENDDATE="2024-09-09" ISACTUAL="0" ISACTIVE="0" /><HOUSE ID="126745980" OBJECTID="165144477" OBJECTGUID="7b5b7cbb-d53a-467c-a10e-b7065536a366" CHANGEID="600782064" HOUSENUM="4/1" HOUSETYPE="2" OPERTYPEID="10" PREVID="0" NEXTID="0" UPDATEDATE="2024-09-09" STARTDATE="2024-09-09" ENDDATE="2079-06-06" ISACTUAL="1" ISACTIVE="1" /><HOUSE ID="126745982" OBJECTID="165144481" OBJECTGUID="f469951f-12c7-4d94-be52-9d48c103088b" CHANGEID="600782069" HOUSENUM="11/2" HOUSETYPE="2" OPERTYPEID="10" PREVID="0" NEXTID="0" UPDATEDATE="2024-09-09" STARTDATE="2024-09-09" ENDDATE="2079-06-06" ISACTUAL="1" ISACTIVE="1" /><HOUSE ID="126745981" OBJECTID="165144479" OBJECTGUID="21b27ba5-ae57-4bcd-b6c5-bdbde1d114b8" CHANGEID="600782067" HOUSENUM="4/2" HOUSETYPE="2" OPERTYPEID="10" PREVID="0" NEXTID="0" UPDATEDATE="2024-09-09" STARTDATE="2024-09-09" ENDDATE="2079-06-06" ISACTUAL="1" ISACTIVE="1" /><HOUSE ID="126746668" OBJECTID="12826336" OBJECTGUID="d41144c1-17ca-4e45-841d-6d2e315bfd02" CHANGEID="600786501" HOUSENUM="1" HOUSETYPE="2" OPERTYPEID="30" PREVID="66404527" NEXTID="0" UPDATEDATE="2024-09-09" STARTDATE="2024-09-09" ENDDATE="2079-06-06" ISACTUAL="1" ISACTIVE="0" /><HOUSE ID="126746744" OBJECTID="165147730" OBJECTGUID="5d0e8917-65df-4b83-a45d-fbdd2c6381be" CHANGEID="600786986" HOUSENUM="14А" HOUSETYPE="5" OPERTYPEID="10" PREVID="0" NEXTID="0" UPDATEDATE="2024-09-09" STARTDATE="2024-09-09" ENDDATE="2079-06-06" ISACTUAL="1" ISACTIVE="1" /><HOUSE ID="126747069" OBJECTID="165149445" OBJECTGUID="35c4efa2-8ec7-4316-ac5c-e25cbfae4273" CHANGEID="600789597" HOUSENUM="73а" HOUSETYPE="2" OPERTYPEID="10" PREVID="0" NEXTID="0" UPDATEDATE="2024-09-09" STARTDATE="2024-09-09" ENDDATE="2079-06-06" ISACTUAL="1" ISACTIVE="1" /><HOUSE ID="126749084" OBJECTID="165160047" OBJECTGUID="0d833593-6ed5-416c-8820-7a2ed47ee6b3" CHANGEID="600811205" HOUSENUM="3/6" HOUSETYPE="2" OPERTYPEID="10" PREVID="0" NEXTID="0" UPDATEDATE="2024-09-10" STARTDATE="2024-09-10" ENDDATE="2079-06-06" ISACTUAL="1" ISACTIVE="1" /><HOUSE ID="126749085" OBJECTID="165160048" OBJECTGUID="13fac060-d72e-41f5-b064-b3829fb7cb15" CHANGEID="600811206" HOUSENUM="6" HOUSETYPE="2" OPERTYPEID="10" PREVID="0" NEXTID="0" UPDATEDATE="2024-09-10" STARTDATE="2024-09-10" ENDDATE="2079-06-06" ISACTUAL="1" ISACTIVE="1" /><HOUSE ID="126749086" OBJECTID="165160049" OBJECTGUID="c19ded01-e510-4a22-b168-d8d2f9849a57" CHANGEID="600811207" HOUSENUM="170" HOUSETYPE="2" OPERTYPEID="10" PREVID="0" NEXTID="0" UPDATEDATE="2024-09-10" STARTDATE="2024-09-10" ENDDATE="2079-06-06" ISACTUAL="1" ISACTIVE="1" /><HOUSE ID="126749087" OBJECTID="165160050" OBJECTGUID="a6ff19c9-f885-49b4-ae8b-294c46ffe2d9" CHANGEID="600811208" HOUSENUM="115/2" HOUSETYPE="2" OPERTYPEID="10" PREVID="0" NEXTID="0" UPDATEDATE="2024-09-10" STARTDATE="2024-09-10" ENDDATE="2079-06-06" ISACTUAL="1" ISACTIVE="1" /><HOUSE ID="126749088" OBJECTID="165160051" OBJECTGUID="448a004d-5c9c-4e15-abd4-8484a2b528c7" CHANGEID="600811209" HOUSENUM="15" HOUSETYPE="2" OPERTYPEID="10" PREVID="0" NEXTID="0" UPDATEDATE="2024-09-10" STARTDATE="2024-09-10" ENDDATE="2079-06-06" ISACTUAL="1" ISACTIVE="1" /><HOUSE ID="126749225" OBJECTID="165160282" OBJECTGUID="8debb0e3-3442-44d5-8973-e15bd6fddcc3" CHANGEID="600811492" HOUSENUM="41" HOUSETYPE="2" OPERTYPEID="10" PREVID="0" NEXTID="0" UPDATEDATE="2024-09-10" STARTDATE="2024-09-10" ENDDATE="2079-06-06" ISACTUAL="1" ISACTIVE="1" /><HOUSE ID="126749233" OBJECTID="165160306" OBJECTGUID="44d3af53-b4b2-4043-b516-7890fbc8719b" CHANGEID="600811525" HOUSENUM="217" HOUSETYPE="2" OPERTYPEID="10" PREVID="0" NEXTID="0" UPDATEDATE="2024-09-10" STARTDATE="2024-09-10" ENDDATE="2079-06-06" ISACTUAL="1" ISACTIVE="1" /><HOUSE ID="126749291" OBJECTID="165160593" OBJECTGUID="2a83ebc9-bb20-426d-aec3-a1b1ed403544" CHANGEID="600811897" HOUSENUM="75А" HOUSETYPE="2" OPERTYPEID="10" PREVID="0" NEXTID="0" UPDATEDATE="2024-09-10" STARTDATE="2024-09-10" ENDDATE="2079-06-06" ISACTUAL="1" ISACTIVE="1" /><HOUSE ID="126749232" OBJECTID="165160304" OBJECTGUID="16d50161-f196-468d-9693-b2b7b002bfce" CHANGEID="600811520" HOUSENUM="3" HOUSETYPE="2" OPERTYPEID="10" PREVID="0" NEXTID="0" UPDATEDATE="2024-09-10" STARTDATE="2024-09-10" ENDDATE="2079-06-06" ISACTUAL="1" ISACTIVE="1" /><HOUSE ID="124543484" OBJECTID="159570958" OBJECTGUID="1f91fe76-f394-46a3-9353-9105d9e28bbd" CHANGEID="507586430" HOUSENUM="33/2" HOUSETYPE="2" OPERTYPEID="10" PREVID="0" NEXTID="126749647" UPDATEDATE="2024-09-10" STARTDATE="2023-08-02" ENDDATE="2024-09-10" ISACTUAL="0" ISACTIVE="0" /><HOUSE ID="126749647" OBJECTID="159570958" OBJECTGUID="1f91fe76-f394-46a3-9353-9105d9e28bbd" CHANGEID="600813976" HOUSENUM="32/2" HOUSETYPE="2" OPERTYPEID="20" PREVID="124543484" UPDATEDATE="2024-09-10" STARTDATE="2024-09-10" ENDDATE="2079-06-06" ISACTUAL="1" ISACTIVE="1" /><HOUSE ID="126750583" OBJECTID="165166051" OBJECTGUID="fade717e-ce1d-4fd3-8103-dc552d6c6fb3" CHANGEID="600821043" HOUSENUM="1В" HOUSETYPE="2" OPERTYPEID="10" PREVID="0" NEXTID="0" UPDATEDATE="2024-09-10" STARTDATE="2024-09-10" ENDDATE="2079-06-06" ISACTUAL="1" ISACTIVE="1" /><HOUSE ID="126750587" OBJECTID="165166057" OBJECTGUID="b2a3aed9-7ac6-4324-babc-2b7d36c2c126" CHANGEID="600821049" HOUSENUM="44" HOUSETYPE="2" OPERTYPEID="10" PREVID="0" NEXTID="0" UPDATEDATE="2024-09-10" STARTDATE="2024-09-10" ENDDATE="2079-06-06" ISACTUAL="1" ISACTIVE="1" /><HOUSE ID="126750591" OBJECTID="165166071" OBJECTGUID="0eef7d92-0518-487d-9d78-42e439ff869f" CHANGEID="600821070" HOUSENUM="85А" HOUSETYPE="2" OPERTYPEID="10" PREVID="0" NEXTID="0" UPDATEDATE="2024-09-10" STARTDATE="2024-09-10" ENDDATE="2079-06-06" ISACTUAL="1" ISACTIVE="1" /><HOUSE ID="126750589" OBJECTID="165166059" OBJECTGUID="36385de4-328c-4ef8-9354-8f700173a615" CHANGEID="600821051" HOUSENUM="37" HOUSETYPE="2" OPERTYPEID="10" PREVID="0" NEXTID="0" UPDATEDATE="2024-09-10" STARTDATE="2024-09-10" ENDDATE="2079-06-06" ISACTUAL="1" ISACTIVE="1" /><HOUSE ID="126750593" OBJECTID="165166080" OBJECTGUID="1f48c042-c4e8-4905-be88-360a3ae579c8" CHANGEID="600821081" HOUSENUM="31Б" HOUSETYPE="4" OPERTYPEID="10" PREVID="0" NEXTID="0" UPDATEDATE="2024-09-10" STARTDATE="2024-09-10" ENDDATE="2079-06-06" ISACTUAL="1" ISACTIVE="1" /><HOUSE ID="126751225" OBJECTID="165169536" OBJECTGUID="c8c0f69e-8a99-4b3f-bc56-7f46709b88d2" CHANGEID="600825756" HOUSENUM="26А" HOUSETYPE="2" OPERTYPEID="10" PREVID="0" NEXTID="0" UPDATEDATE="2024-09-10" STARTDATE="2024-09-10" ENDDATE="2079-06-06" ISACTUAL="1" ISACTIVE="1" /><HOUSE ID="126751226" OBJECTID="165169622" OBJECTGUID="ef226678-6e31-41b5-8cf9-18a1aea85241" CHANGEID="600825842" HOUSENUM="157" HOUSETYPE="2" OPERTYPEID="10" PREVID="0" NEXTID="0" UPDATEDATE="2024-09-10" STARTDATE="2024-09-10" ENDDATE="2079-06-06" ISACTUAL="1" ISACTIVE="1" /><HOUSE ID="126751243" OBJECTID="165169811" OBJECTGUID="8cad97f4-01c8-402e-986d-dfe952db2340" CHANGEID="600826045" HOUSENUM="12" HOUSETYPE="2" OPERTYPEID="10" PREVID="0" NEXTID="0" UPDATEDATE="2024-09-10" STARTDATE="2024-09-10" ENDDATE="2079-06-06" ISACTUAL="1" ISACTIVE="1" /><HOUSE ID="126751227" OBJECTID="165169629" OBJECTGUID="790f6771-512f-467e-8de9-3d0b0d40a01c" CHANGEID="600825849" HOUSENUM="136" HOUSETYPE="2" OPERTYPEID="10" PREVID="0" NEXTID="0" UPDATEDATE="2024-09-10" STARTDATE="2024-09-10" ENDDATE="2079-06-06" ISACTUAL="1" ISACTIVE="1" /><HOUSE ID="126751241" OBJECTID="165169808" OBJECTGUID="4ef5b9c8-94dd-4413-a8fd-4fc3c89279f1" CHANGEID="600826042" HOUSENUM="6" HOUSETYPE="2" OPERTYPEID="10" PREVID="0" NEXTID="0" UPDATEDATE="2024-09-10" STARTDATE="2024-09-10" ENDDATE="2079-06-06" ISACTUAL="1" ISACTIVE="1" /><HOUSE ID="126751242" OBJECTID="165169810" OBJECTGUID="fba0b0ae-168c-4e95-b854-0c8438021e76" CHANGEID="600826044" HOUSENUM="8" HOUSETYPE="2" OPERTYPEID="10" PREVID="0" NEXTID="0" UPDATEDATE="2024-09-10" STARTDATE="2024-09-10" ENDDATE="2079-06-06" ISACTUAL="1" ISACTIVE="1" /><HOUSE ID="126751244" OBJECTID="165169812" OBJECTGUID="b3738f1a-aa52-4e1b-a8e8-11a3fe8a85c5" CHANGEID="600826046" HOUSENUM="14" HOUSETYPE="2" OPERTYPEID="10" PREVID="0" NEXTID="0" UPDATEDATE="2024-09-10" STARTDATE="2024-09-10" ENDDATE="2079-06-06" ISACTUAL="1" ISACTIVE="1" /><HOUSE ID="126751258" OBJECTID="165169837" OBJECTGUID="96330447-bb33-45b9-998f-bc5a313ea5f0" CHANGEID="600826079" HOUSENUM="60А" HOUSETYPE="5" OPERTYPEID="10" PREVID="0" NEXTID="0" UPDATEDATE="2024-09-10" STARTDATE="2024-09-10" ENDDATE="2079-06-06" ISACTUAL="1" ISACTIVE="1" /><HOUSE ID="126751271" OBJECTID="165169860" OBJECTGUID="d28564df-9a7f-461a-9a34-0ad395a8c013" CHANGEID="600826119" HOUSENUM="3" HOUSETYPE="2" OPERTYPEID="10" PREVID="0" NEXTID="0" UPDATEDATE="2024-09-10" STARTDATE="2024-09-10" ENDDATE="2079-06-06" ISACTUAL="1" ISACTIVE="1" /><HOUSE ID="126751273" OBJECTID="165169862" OBJECTGUID="89d48bc3-2552-4dda-935e-11939f58bbd5" CHANGEID="600826123" HOUSENUM="1" HOUSETYPE="2" OPERTYPEID="10" PREVID="0" NEXTID="0" UPDATEDATE="2024-09-10" STARTDATE="2024-09-10" ENDDATE="2079-06-06" ISACTUAL="1" ISACTIVE="1" /><HOUSE ID="126751537" OBJECTID="165170866" OBJECTGUID="917d2f2b-99dd-4177-85e6-14ae5f0b8729" CHANGEID="600827559" HOUSENUM="315" HOUSETYPE="2" OPERTYPEID="10" PREVID="0" NEXTID="0" UPDATEDATE="2024-09-10" STARTDATE="2024-09-10" ENDDATE="2079-06-06" ISACTUAL="1" ISACTIVE="1" /><HOUSE ID="126751538" OBJECTID="165170867" OBJECTGUID="b0cd380b-7267-45db-a454-6364736114b0" CHANGEID="600827560" HOUSENUM="93" HOUSETYPE="2" OPERTYPEID="10" PREVID="0" NEXTID="0" UPDATEDATE="2024-09-10" STARTDATE="2024-09-10" ENDDATE="2079-06-06" ISACTUAL="1" ISACTIVE="1" /><HOUSE ID="126751542" OBJECTID="165170946" OBJECTGUID="a1eb2283-d463-4cd0-b822-0af11bdfcf42" CHANGEID="600827644" HOUSENUM="39" HOUSETYPE="2" OPERTYPEID="10" PREVID="0" NEXTID="0" UPDATEDATE="2024-09-10" STARTDATE="2024-09-10" ENDDATE="2079-06-06" ISACTUAL="1" ISACTIVE="1" /><HOUSE ID="126751547" OBJECTID="165170963" OBJECTGUID="454f3e08-8756-47aa-91e7-30b3bf016b67" CHANGEID="600827703" HOUSENUM="57" HOUSETYPE="2" OPERTYPEID="10" PREVID="0" NEXTID="0" UPDATEDATE="2024-09-10" STARTDATE="2024-09-10" ENDDATE="2079-06-06" ISACTUAL="1" ISACTIVE="1" /><HOUSE ID="126751592" OBJECTID="165171125" OBJECTGUID="21a9882d-00e0-4738-b19d-f5af83ac9847" CHANGEID="600828078" HOUSENUM="13" HOUSETYPE="2" OPERTYPEID="10" PREVID="0" NEXTID="0" UPDATEDATE="2024-09-10" STARTDATE="2024-09-10" ENDDATE="2079-06-06" ISACTUAL="1" ISACTIVE="1" /><HOUSE ID="126751650" OBJECTID="39608367" OBJECTGUID="278229b4-2079-45c5-8016-2ec5d7f4132e" CHANGEID="600828467" HOUSENUM="136/35" HOUSETYPE="2" OPERTYPEID="20" PREVID="54178978" UPDATEDATE="2024-09-10" STARTDATE="2024-09-10" ENDDATE="2079-06-06" ISACTUAL="1" ISACTIVE="1" /><HOUSE ID="126751751" OBJECTID="165171826" OBJECTGUID="c49d2357-82ce-4d05-b60e-44ff48cb60d6" CHANGEID="600829160" HOUSENUM="35" HOUSETYPE="5" OPERTYPEID="10" PREVID="0" NEXTID="0" UPDATEDATE="2024-09-10" STARTDATE="2024-09-10" ENDDATE="2079-06-06" ISACTUAL="1" ISACTIVE="1" /><HOUSE ID="126751706" OBJECTID="165171700" OBJECTGUID="8fd762f8-7260-45f4-908f-532719bed43a" CHANGEID="600828920" HOUSENUM="7В" HOUSETYPE="2" OPERTYPEID="10" PREVID="0" NEXTID="0" UPDATEDATE="2024-09-10" STARTDATE="2024-09-10" ENDDATE="2079-06-06" ISACTUAL="1" ISACTIVE="1" /><HOUSE ID="126752097" OBJECTID="67741150" OBJECTGUID="1e0f2106-8978-4ba6-913c-34d4366a159f" CHANGEID="600831487" HOUSENUM="26В" HOUSETYPE="2" OPERTYPEID="20" PREVID="40810738" UPDATEDATE="2024-09-10" STARTDATE="2024-09-10" ENDDATE="2079-06-06" ISACTUAL="1" ISACTIVE="1" /><HOUSE ID="126752223" OBJECTID="165173334" OBJECTGUID="a8a075c9-8547-4638-9da7-742f5f861556" CHANGEID="600832001" HOUSENUM="59А" HOUSETYPE="2" OPERTYPEID="10" PREVID="0" NEXTID="0" UPDATEDATE="2024-09-10" STARTDATE="2024-09-10" ENDDATE="2079-06-06" ISACTUAL="1" ISACTIVE="1" /><HOUSE ID="126752325" OBJECTID="165173680" OBJECTGUID="5237f02f-7962-4fb2-85b5-f4e078c1c7b7" CHANGEID="600832562" HOUSENUM="16" HOUSETYPE="2" OPERTYPEID="10" PREVID="0" NEXTID="0" UPDATEDATE="2024-09-10" STARTDATE="2024-09-10" ENDDATE="2079-06-06" ISACTUAL="1" ISACTIVE="1" /><HOUSE ID="126752326" OBJECTID="165173683" OBJECTGUID="473f8eff-be07-464d-9a31-294b30f1a32b" CHANGEID="600832565" HOUSENUM="2" HOUSETYPE="2" OPERTYPEID="10" PREVID="0" NEXTID="0" UPDATEDATE="2024-09-10" STARTDATE="2024-09-10" ENDDATE="2079-06-06" ISACTUAL="1" ISACTIVE="1" /><HOUSE ID="3104816" OBJECTID="6568984" OBJECTGUID="bff683e6-8b20-4281-981a-6dd1454e4809" CHANGEID="11491519" HOUSENUM="1" HOUSETYPE="3" OPERTYPEID="10" PREVID="0" NEXTID="126752327" UPDATEDATE="2024-09-10" STARTDATE="2016-06-21" ENDDATE="2024-09-10" ISACTUAL="0" ISACTIVE="0" /><HOUSE ID="126752327" OBJECTID="6568984" OBJECTGUID="bff683e6-8b20-4281-981a-6dd1454e4809" CHANGEID="600832567" HOUSENUM="1" HOUSETYPE="2" OPERTYPEID="20" PREVID="3104816" UPDATEDATE="2024-09-10" STARTDATE="2024-09-10" ENDDATE="2079-06-06" ISACTUAL="1" ISACTIVE="1" /><HOUSE ID="126752512" OBJECTID="165173904" OBJECTGUID="3fd1367b-b678-4498-b54f-9371dfee3bac" CHANGEID="600832995" HOUSENUM="1" HOUSETYPE="2" OPERTYPEID="10" PREVID="0" NEXTID="0" UPDATEDATE="2024-09-10" STARTDATE="2024-09-10" ENDDATE="2079-06-06" ISACTUAL="1" ISACTIVE="1" /><HOUSE ID="34764106" OBJECTID="58059383" OBJECTGUID="194a2e68-4fec-44e9-ad78-10222ca90636" CHANGEID="86787552" HOUSENUM="2" HOUSETYPE="2" OPERTYPEID="10" PREVID="0" NEXTID="126752650" UPDATEDATE="2024-09-10" STARTDATE="1900-01-01" ENDDATE="2024-09-10" ISACTUAL="0" ISACTIVE="0" /><HOUSE ID="126752650" OBJECTID="58059383" OBJECTGUID="194a2e68-4fec-44e9-ad78-10222ca90636" CHANGEID="600834265" HOUSENUM="2" ADDNUM1="1" HOUSETYPE="2" ADDTYPE1="2" OPERTYPEID="20" PREVID="34764106" UPDATEDATE="2024-09-10" STARTDATE="2024-09-10" ENDDATE="2079-06-06" ISACTUAL="1" ISACTIVE="1" /><HOUSE ID="126752724" OBJECTID="165175162" OBJECTGUID="e40b472a-5727-4803-bc7d-b54e5d5dd3a2" CHANGEID="600834864" HOUSENUM="10/7/10Г" HOUSETYPE="5" OPERTYPEID="10" PREVID="0" NEXTID="0" UPDATEDATE="2024-09-10" STARTDATE="2024-09-10" ENDDATE="2079-06-06" ISACTUAL="1" ISACTIVE="1" /><HOUSE ID="126752733" OBJECTID="165175173" OBJECTGUID="a2647ff8-556a-4d25-922d-d44229619c0d" CHANGEID="600834880" HOUSENUM="16" HOUSETYPE="2" OPERTYPEID="10" PREVID="0" NEXTID="0" UPDATEDATE="2024-09-10" STARTDATE="2024-09-10" ENDDATE="2079-06-06" ISACTUAL="1" ISACTIVE="1" /><HOUSE ID="126752890" OBJECTID="165175605" OBJECTGUID="85736633-fba4-49f2-8d84-5fb3dd5d7bb6" CHANGEID="600835385" HOUSENUM="8/1/4Г" HOUSETYPE="5" OPERTYPEID="10" PREVID="0" NEXTID="0" UPDATEDATE="2024-09-10" STARTDATE="2024-09-10" ENDDATE="2079-06-06" ISACTUAL="1" ISACTIVE="1" /><HOUSE ID="126752888" OBJECTID="165175603" OBJECTGUID="f174baaa-8d67-45d2-9618-97c7211c2eb1" CHANGEID="600835374" HOUSENUM="1/5Г" HOUSETYPE="5" OPERTYPEID="10" PREVID="0" NEXTID="0" UPDATEDATE="2024-09-10" STARTDATE="2024-09-10" ENDDATE="2079-06-06" ISACTUAL="1" ISACTIVE="1" /><HOUSE ID="126752889" OBJECTID="165175604" OBJECTGUID="b85c587d-144d-4265-a08d-4cafa91145e7" CHANGEID="600835384" HOUSENUM="2/1/1Г" HOUSETYPE="5" OPERTYPEID="10" PREVID="0" NEXTID="0" UPDATEDATE="2024-09-10" STARTDATE="2024-09-10" ENDDATE="2079-06-06" ISACTUAL="1" ISACTIVE="1" /><HOUSE ID="126752891" OBJECTID="165175606" OBJECTGUID="32b010ae-c18c-4bf9-9ac4-2e7d23c621e9" CHANGEID="600835393" HOUSENUM="47а/5/9Г" HOUSETYPE="5" OPERTYPEID="10" PREVID="0" NEXTID="0" UPDATEDATE="2024-09-10" STARTDATE="2024-09-10" ENDDATE="2079-06-06" ISACTUAL="1" ISACTIVE="1" /><HOUSE ID="126752955" OBJECTID="165175655" OBJECTGUID="5915c4e7-24f4-4b84-9f98-30c691d3cb8d" CHANGEID="600835694" HOUSENUM="11В" HOUSETYPE="2" OPERTYPEID="10" PREVID="0" NEXTID="0" UPDATEDATE="2024-09-10" STARTDATE="2024-09-10" ENDDATE="2079-06-06" ISACTUAL="1" ISACTIVE="1" /><HOUSE ID="126752967" OBJECTID="36861695" OBJECTGUID="1e2f1cfa-7dc2-420d-9e63-a00279e5a435" CHANGEID="600835926" HOUSENUM="10" HOUSETYPE="5" OPERTYPEID="20" PREVID="53519001" UPDATEDATE="2024-09-10" STARTDATE="2024-09-10" ENDDATE="2079-06-06" ISACTUAL="1" ISACTIVE="1" /><HOUSE ID="126752968" OBJECTID="165176104" OBJECTGUID="54d44245-c3ff-46da-b9ba-949bfde8cbec" CHANGEID="600836167" HOUSENUM="343" HOUSETYPE="2" OPERTYPEID="10" PREVID="0" NEXTID="0" UPDATEDATE="2024-09-10" STARTDATE="2024-09-10" ENDDATE="2079-06-06" ISACTUAL="1" ISACTIVE="1" /><HOUSE ID="126752971" OBJECTID="165176115" OBJECTGUID="b9a8f742-b899-4809-b0d7-aa53d98a1993" CHANGEID="600836178" HOUSENUM="141А" HOUSETYPE="2" OPERTYPEID="10" PREVID="0" NEXTID="0" UPDATEDATE="2024-09-10" STARTDATE="2024-09-10" ENDDATE="2079-06-06" ISACTUAL="1" ISACTIVE="1" /><HOUSE ID="126752969" OBJECTID="165176105" OBJECTGUID="bcbf56ad-6ff3-4ed5-940f-f2ac374c8a5a" CHANGEID="600836168" HOUSENUM="338" HOUSETYPE="2" OPERTYPEID="10" PREVID="0" NEXTID="0" UPDATEDATE="2024-09-10" STARTDATE="2024-09-10" ENDDATE="2079-06-06" ISACTUAL="1" ISACTIVE="1" /><HOUSE ID="126752970" OBJECTID="165176114" OBJECTGUID="7def57e7-8fba-47dd-9daa-a9e1246e4b54" CHANGEID="600836177" HOUSENUM="141А" ADDNUM1="2" HOUSETYPE="2" ADDTYPE1="1" OPERTYPEID="10" PREVID="0" NEXTID="0" UPDATEDATE="2024-09-10" STARTDATE="2024-09-10" ENDDATE="2079-06-06" ISACTUAL="1" ISACTIVE="1" /><HOUSE ID="126752972" OBJECTID="21996516" OBJECTGUID="c28ac223-1ae3-4a25-bf3e-8f1653503fc4" CHANGEID="600836179" HOUSENUM="21" HOUSETYPE="5" OPERTYPEID="20" PREVID="65163857" UPDATEDATE="2024-09-10" STARTDATE="2024-09-10" ENDDATE="2079-06-06" ISACTUAL="1" ISACTIVE="1" /><HOUSE ID="126753011" OBJECTID="165176196" OBJECTGUID="f93bcc81-a7b4-4d22-907a-1e3368f9b322" CHANGEID="600836290" HOUSENUM="122" HOUSETYPE="2" OPERTYPEID="10" PREVID="0" NEXTID="0" UPDATEDATE="2024-09-10" STARTDATE="2024-09-10" ENDDATE="2079-06-06" ISACTUAL="1" ISACTIVE="1" /><HOUSE ID="126753075" OBJECTID="165176822" OBJECTGUID="2585b76c-d34e-42e4-9fa8-ddd38e8b7f81" CHANGEID="600837078" HOUSENUM="17А" HOUSETYPE="2" OPERTYPEID="10" PREVID="0" NEXTID="0" UPDATEDATE="2024-09-10" STARTDATE="2024-09-10" ENDDATE="2079-06-06" ISACTUAL="1" ISACTIVE="1" /><HOUSE ID="126753121" OBJECTID="165177002" OBJECTGUID="d79bd81a-725c-439f-915e-8c17fa34dff0" CHANGEID="600837353" HOUSENUM="4А" HOUSETYPE="2" OPERTYPEID="10" PREVID="0" NEXTID="0" UPDATEDATE="2024-09-10" STARTDATE="2024-09-10" ENDDATE="2079-06-06" ISACTUAL="1" ISACTIVE="1" /><HOUSE ID="126753151" OBJECTID="165177228" OBJECTGUID="056808b1-6f5e-48f1-b4ea-37e4f5722d78" CHANGEID="600837611" HOUSENUM="2а" HOUSETYPE="2" OPERTYPEID="10" PREVID="0" NEXTID="0" UPDATEDATE="2024-09-10" STARTDATE="2024-09-10" ENDDATE="2079-06-06" ISACTUAL="1" ISACTIVE="1" /><HOUSE ID="126753212" OBJECTID="165177828" OBJECTGUID="de580abc-abd0-456f-a23e-2255e0a1519e" CHANGEID="600838561" HOUSENUM="7Б" HOUSETYPE="2" OPERTYPEID="10" PREVID="0" NEXTID="0" UPDATEDATE="2024-09-10" STARTDATE="2024-09-10" ENDDATE="2079-06-06" ISACTUAL="1" ISACTIVE="1" /><HOUSE ID="126753385" OBJECTID="165178569" OBJECTGUID="e209ef63-19dc-479d-9bac-5acc970984de" CHANGEID="600839777" HOUSENUM="1А" HOUSETYPE="2" OPERTYPEID="10" PREVID="0" NEXTID="0" UPDATEDATE="2024-09-10" STARTDATE="2024-09-10" ENDDATE="2079-06-06" ISACTUAL="1" ISACTIVE="1" /><HOUSE ID="126753474" OBJECTID="165178883" OBJECTGUID="e535e5a7-336f-4506-9d2f-33981eab3052" CHANGEID="600840196" HOUSENUM="35" HOUSETYPE="2" OPERTYPEID="10" PREVID="0" NEXTID="0" UPDATEDATE="2024-09-10" STARTDATE="2024-09-10" ENDDATE="2079-06-06" ISACTUAL="1" ISACTIVE="1" /><HOUSE ID="126753372" OBJECTID="165178514" OBJECTGUID="3d79c4ba-1ee8-4ba0-b98a-92fbb2b957b7" CHANGEID="600839649" HOUSENUM="9" HOUSETYPE="2" OPERTYPEID="10" PREVID="0" NEXTID="0" UPDATEDATE="2024-09-10" STARTDATE="2024-09-10" ENDDATE="2079-06-06" ISACTUAL="1" ISACTIVE="1" /><HOUSE ID="126753387" OBJECTID="165178578" OBJECTGUID="5b112218-1b04-4703-96c1-bc45a75adf00" CHANGEID="600839788" HOUSENUM="45" HOUSETYPE="2" OPERTYPEID="10" PREVID="0" NEXTID="0" UPDATEDATE="2024-09-10" STARTDATE="2024-09-10" ENDDATE="2079-06-06" ISACTUAL="1" ISACTIVE="1" /><HOUSE ID="126753454" OBJECTID="165178827" OBJECTGUID="e3913bf1-c7e4-431b-a1fe-cdc0475359d5" CHANGEID="600840110" HOUSENUM="35" HOUSETYPE="2" OPERTYPEID="10" PREVID="0" NEXTID="0" UPDATEDATE="2024-09-10" STARTDATE="2024-09-10" ENDDATE="2079-06-06" ISACTUAL="1" ISACTIVE="1" /><HOUSE ID="126753471" OBJECTID="165178878" OBJECTGUID="522c4e06-13cb-4e1e-b0e6-a516780d3dcb" CHANGEID="600840189" HOUSENUM="27/131" HOUSETYPE="2" OPERTYPEID="10" PREVID="0" NEXTID="0" UPDATEDATE="2024-09-10" STARTDATE="2024-09-10" ENDDATE="2079-06-06" ISACTUAL="1" ISACTIVE="1" /><HOUSE ID="126753606" OBJECTID="165179262" OBJECTGUID="36313509-6b15-4f25-bd99-d159b193e6ec" CHANGEID="600841071" HOUSENUM="24" HOUSETYPE="2" OPERTYPEID="10" PREVID="0" NEXTID="0" UPDATEDATE="2024-09-10" STARTDATE="2024-09-10" ENDDATE="2079-06-06" ISACTUAL="1" ISACTIVE="1" /><HOUSE ID="126753843" OBJECTID="34150923" OBJECTGUID="4903b375-0e36-4491-998a-49c96db9693f" CHANGEID="600842560" HOUSENUM="10Б" HOUSETYPE="2" OPERTYPEID="30" PREVID="56551488" NEXTID="0" UPDATEDATE="2024-09-10" STARTDATE="2024-09-10" ENDDATE="2079-06-06" ISACTUAL="1" ISACTIVE="0" /><HOUSE ID="126754062" OBJECTID="62550758" OBJECTGUID="e153f386-d1ec-4e58-9982-0d293120360e" CHANGEID="600844156" HOUSENUM="30" HOUSETYPE="2" OPERTYPEID="30" PREVID="37594375" NEXTID="0" UPDATEDATE="2024-09-10" STARTDATE="2024-09-10" ENDDATE="2079-06-06" ISACTUAL="1" ISACTIVE="0" /><HOUSE ID="37594375" OBJECTID="62550758" OBJECTGUID="e153f386-d1ec-4e58-9982-0d293120360e" CHANGEID="93377844" HOUSENUM="30" HOUSETYPE="2" OPERTYPEID="10" PREVID="0" NEXTID="126754062" UPDATEDATE="2024-09-10" STARTDATE="1900-01-01" ENDDATE="2024-09-10" ISACTUAL="0" ISACTIVE="0" /><HOUSE ID="126754314" OBJECTID="165181893" OBJECTGUID="d923f10c-4f84-4179-af67-199cef5444a3" CHANGEID="600845846" HOUSENUM="44в" HOUSETYPE="2" OPERTYPEID="10" PREVID="0" NEXTID="0" UPDATEDATE="2024-09-10" STARTDATE="2024-09-10" ENDDATE="2079-06-06" ISACTUAL="1" ISACTIVE="1" /><HOUSE ID="126757150" OBJECTID="165197835" OBJECTGUID="0abea01d-5c69-48b6-b6e0-847b4d019066" CHANGEID="600893430" HOUSENUM="8А" HOUSETYPE="5" OPERTYPEID="10" PREVID="0" NEXTID="0" UPDATEDATE="2024-09-11" STARTDATE="2024-09-11" ENDDATE="2079-06-06" ISACTUAL="1" ISACTIVE="1" /><HOUSE ID="126757777" OBJECTID="165200322" OBJECTGUID="3bb082b7-6731-44a0-afb5-2669a01bf1eb" CHANGEID="600897465" HOUSENUM="19А" HOUSETYPE="5" OPERTYPEID="10" PREVID="0" NEXTID="0" UPDATEDATE="2024-09-11" STARTDATE="2024-09-11" ENDDATE="2079-06-06" ISACTUAL="1" ISACTIVE="1" /><HOUSE ID="126757778" OBJECTID="165200323" OBJECTGUID="35551f40-40c7-4ef1-9f50-66e0231c7da3" CHANGEID="600897466" HOUSENUM="31А" HOUSETYPE="5" OPERTYPEID="10" PREVID="0" NEXTID="0" UPDATEDATE="2024-09-11" STARTDATE="2024-09-11" ENDDATE="2079-06-06" ISACTUAL="1" ISACTIVE="1" /><HOUSE ID="126757779" OBJECTID="165200324" OBJECTGUID="460c0ff4-81ff-4d09-97ca-73ed32d66934" CHANGEID="600897467" HOUSENUM="8/2А" HOUSETYPE="5" OPERTYPEID="10" PREVID="0" NEXTID="0" UPDATEDATE="2024-09-11" STARTDATE="2024-09-11" ENDDATE="2079-06-06" ISACTUAL="1" ISACTIVE="1" /><HOUSE ID="126757780" OBJECTID="165200325" OBJECTGUID="1e8cfcf2-e9bd-4c5a-bf1a-25ab8a38e456" CHANGEID="600897468" HOUSENUM="20А" HOUSETYPE="5" OPERTYPEID="10" PREVID="0" NEXTID="0" UPDATEDATE="2024-09-11" STARTDATE="2024-09-11" ENDDATE="2079-06-06" ISACTUAL="1" ISACTIVE="1" /><HOUSE ID="126757781" OBJECTID="165200326" OBJECTGUID="28b4e40c-c7c7-40c6-aebe-6a6fd8fb77b7" CHANGEID="600897469" HOUSENUM="68А" HOUSETYPE="5" OPERTYPEID="10" PREVID="0" NEXTID="0" UPDATEDATE="2024-09-11" STARTDATE="2024-09-11" ENDDATE="2079-06-06" ISACTUAL="1" ISACTIVE="1" /><HOUSE ID="126757798" OBJECTID="165200760" OBJECTGUID="2d2be7cd-19fa-4af1-9ef7-8e22fcaf47e4" CHANGEID="600897957" HOUSENUM="15" HOUSETYPE="2" OPERTYPEID="10" PREVID="0" NEXTID="0" UPDATEDATE="2024-09-11" STARTDATE="2024-09-11" ENDDATE="2079-06-06" ISACTUAL="1" ISACTIVE="1" /><HOUSE ID="126758062" OBJECTID="165202991" OBJECTGUID="494ef8ef-52a4-4187-8255-1577389b7d69" CHANGEID="600900774" HOUSENUM="15" HOUSETYPE="2" OPERTYPEID="10" PREVID="0" NEXTID="0" UPDATEDATE="2024-09-11" STARTDATE="2024-09-11" ENDDATE="2079-06-06" ISACTUAL="1" ISACTIVE="1" /><HOUSE ID="126758553" OBJECTID="68575087" OBJECTGUID="452ed6fc-3339-4ff7-ab92-d5a0ba48d53b" CHANGEID="600904317" HOUSENUM="14" HOUSETYPE="2" OPERTYPEID="20" PREVID="56281498" UPDATEDATE="2024-09-11" STARTDATE="2024-09-11" ENDDATE="2079-06-06" ISACTUAL="1" ISACTIVE="1" /><HOUSE ID="126758562" OBJECTID="165205459" OBJECTGUID="357da96c-498d-4676-b3e5-ad75f03c284d" CHANGEID="600904447" HOUSENUM="9А" HOUSETYPE="5" OPERTYPEID="10" PREVID="0" NEXTID="0" UPDATEDATE="2024-09-11" STARTDATE="2024-09-11" ENDDATE="2079-06-06" ISACTUAL="1" ISACTIVE="1" /><HOUSE ID="126759112" OBJECTID="165207951" OBJECTGUID="df11cf7a-ef10-4f7d-99d2-a2a91905b65e" CHANGEID="600908327" HOUSENUM="128" HOUSETYPE="2" OPERTYPEID="10" PREVID="0" NEXTID="0" UPDATEDATE="2024-09-11" STARTDATE="2024-09-11" ENDDATE="2079-06-06" ISACTUAL="1" ISACTIVE="1" /><HOUSE ID="126759113" OBJECTID="165207952" OBJECTGUID="ab954c8e-86a8-407e-b52c-929a7f9e01a8" CHANGEID="600908328" HOUSENUM="26Б" HOUSETYPE="2" OPERTYPEID="10" PREVID="0" NEXTID="0" UPDATEDATE="2024-09-11" STARTDATE="2024-09-11" ENDDATE="2079-06-06" ISACTUAL="1" ISACTIVE="1" /><HOUSE ID="126759165" OBJECTID="165208235" OBJECTGUID="54e79b18-8286-4dde-b0b6-0475013f9703" CHANGEID="600908726" HOUSENUM="88" HOUSETYPE="2" OPERTYPEID="10" PREVID="0" NEXTID="0" UPDATEDATE="2024-09-11" STARTDATE="2024-09-11" ENDDATE="2079-06-06" ISACTUAL="1" ISACTIVE="1" /><HOUSE ID="126759148" OBJECTID="165208172" OBJECTGUID="4ceee303-581d-4fa3-9319-e8db17d9c1b6" CHANGEID="600908633" HOUSENUM="5" HOUSETYPE="2" OPERTYPEID="10" PREVID="0" NEXTID="0" UPDATEDATE="2024-09-11" STARTDATE="2024-09-11" ENDDATE="2079-06-06" ISACTUAL="1" ISACTIVE="1" /><HOUSE ID="126759167" OBJECTID="165208241" OBJECTGUID="17091391-43ef-452d-855d-d66f3ba818ad" CHANGEID="600908733" HOUSENUM="4П" HOUSETYPE="5" OPERTYPEID="10" PREVID="0" NEXTID="0" UPDATEDATE="2024-09-11" STARTDATE="2024-09-11" ENDDATE="2079-06-06" ISACTUAL="1" ISACTIVE="1" /><HOUSE ID="126759169" OBJECTID="165208266" OBJECTGUID="33f085ca-fa1c-4070-8e5d-438f91c000fd" CHANGEID="600908810" HOUSENUM="6" HOUSETYPE="2" OPERTYPEID="10" PREVID="0" NEXTID="0" UPDATEDATE="2024-09-11" STARTDATE="2024-09-11" ENDDATE="2079-06-06" ISACTUAL="1" ISACTIVE="1" /><HOUSE ID="126759191" OBJECTID="165208402" OBJECTGUID="43f96c6c-f32e-43aa-bfd8-727f09c76246" CHANGEID="600909435" HOUSENUM="20А" HOUSETYPE="2" OPERTYPEID="10" PREVID="0" NEXTID="0" UPDATEDATE="2024-09-11" STARTDATE="2024-09-11" ENDDATE="2079-06-06" ISACTUAL="1" ISACTIVE="1" /><HOUSE ID="21884071" OBJECTID="36735334" OBJECTGUID="e9333aa1-2cbb-4382-adde-8c4ecb63612e" CHANGEID="55759953" HOUSENUM="33" ADDNUM1="А" HOUSETYPE="2" ADDTYPE1="1" OPERTYPEID="10" PREVID="0" NEXTID="126759329" UPDATEDATE="2024-09-11" STARTDATE="1900-01-01" ENDDATE="2024-09-11" ISACTUAL="0" ISACTIVE="0" /><HOUSE ID="126759329" OBJECTID="36735334" OBJECTGUID="e9333aa1-2cbb-4382-adde-8c4ecb63612e" CHANGEID="600911034" HOUSENUM="33А" HOUSETYPE="2" OPERTYPEID="20" PREVID="21884071" UPDATEDATE="2024-09-11" STARTDATE="2024-09-11" ENDDATE="2079-06-06" ISACTUAL="1" ISACTIVE="1" /><HOUSE ID="126759917" OBJECTID="41492707" OBJECTGUID="e4a6fcc7-33f5-49e3-817e-31271a65c291" CHANGEID="600914799" HOUSENUM="6" HOUSETYPE="2" OPERTYPEID="20" PREVID="67576819" UPDATEDATE="2024-09-11" STARTDATE="2024-09-11" ENDDATE="2079-06-06" ISACTUAL="1" ISACTIVE="1" /><HOUSE ID="61171236" OBJECTID="41367396" OBJECTGUID="8a316b2e-e1bb-4ac6-b287-a21e86f48a44" CHANGEID="62559367" HOUSENUM="8" HOUSETYPE="3" OPERTYPEID="20" PREVID="24722668" NEXTID="126759918" UPDATEDATE="2024-09-11" STARTDATE="2012-12-10" ENDDATE="2024-09-11" ISACTUAL="0" ISACTIVE="0" /><HOUSE ID="126759918" OBJECTID="41367396" OBJECTGUID="8a316b2e-e1bb-4ac6-b287-a21e86f48a44" CHANGEID="600914800" HOUSENUM="8" HOUSETYPE="2" OPERTYPEID="20" PREVID="61171236" UPDATEDATE="2024-09-11" STARTDATE="2024-09-11" ENDDATE="2079-06-06" ISACTUAL="1" ISACTIVE="1" /><HOUSE ID="124781181" OBJECTID="33456696" OBJECTGUID="9dbaa4a6-a82e-4fde-b20c-e2d2d76c593b" CHANGEID="509262124" HOUSENUM="56" HOUSETYPE="2" OPERTYPEID="20" PREVID="19885855" NEXTID="126760394" UPDATEDATE="2024-09-11" STARTDATE="2023-09-08" ENDDATE="2024-09-11" ISACTUAL="0" ISACTIVE="0" /><HOUSE ID="126760394" OBJECTID="33456696" OBJECTGUID="9dbaa4a6-a82e-4fde-b20c-e2d2d76c593b" CHANGEID="600918820" HOUSENUM="56а" HOUSETYPE="2" OPERTYPEID="20" PREVID="124781181" UPDATEDATE="2024-09-11" STARTDATE="2024-09-11" ENDDATE="2079-06-06" ISACTUAL="1" ISACTIVE="1" /><HOUSE ID="17456403" OBJECTID="29456393" OBJECTGUID="94f257ac-eef7-450a-9355-012a2599a695" CHANGEID="45188612" HOUSENUM="8а" HOUSETYPE="2" OPERTYPEID="10" PREVID="0" NEXTID="126760659" UPDATEDATE="2024-09-11" STARTDATE="1900-01-01" ENDDATE="2024-09-11" ISACTUAL="0" ISACTIVE="0" /><HOUSE ID="126760659" OBJECTID="29456393" OBJECTGUID="94f257ac-eef7-450a-9355-012a2599a695" CHANGEID="600921600" HOUSENUM="8А" HOUSETYPE="2" OPERTYPEID="20" PREVID="17456403" UPDATEDATE="2024-09-11" STARTDATE="2024-09-11" ENDDATE="2079-06-06" ISACTUAL="1" ISACTIVE="1" /><HOUSE ID="126761027" OBJECTID="41359638" OBJECTGUID="e5794a17-4c27-44bc-8e73-737d05b10d2f" CHANGEID="600923543" HOUSENUM="1" HOUSETYPE="2" OPERTYPEID="20" PREVID="67635369" UPDATEDATE="2024-09-11" STARTDATE="2024-09-11" ENDDATE="2079-06-06" ISACTUAL="1" ISACTIVE="1" /><HOUSE ID="59006304" OBJECTID="41368773" OBJECTGUID="6ba5763e-ab6a-4140-be67-eb8213fe8d86" CHANGEID="62561237" HOUSENUM="4" HOUSETYPE="3" OPERTYPEID="20" PREVID="24723712" NEXTID="126761028" UPDATEDATE="2024-09-11" STARTDATE="2012-11-12" ENDDATE="2024-09-11" ISACTUAL="0" ISACTIVE="0" /><HOUSE ID="126761028" OBJECTID="41368773" OBJECTGUID="6ba5763e-ab6a-4140-be67-eb8213fe8d86" CHANGEID="600923545" HOUSENUM="4" HOUSETYPE="2" OPERTYPEID="20" PREVID="59006304" UPDATEDATE="2024-09-11" STARTDATE="2024-09-11" ENDDATE="2079-06-06" ISACTUAL="1" ISACTIVE="1" /><HOUSE ID="126761030" OBJECTID="41356181" OBJECTGUID="66122441-61e9-4d68-93b1-328e25a59fb8" CHANGEID="600923547" HOUSENUM="5" HOUSETYPE="2" OPERTYPEID="20" PREVID="58611851" UPDATEDATE="2024-09-11" STARTDATE="2024-09-11" ENDDATE="2079-06-06" ISACTUAL="1" ISACTIVE="1" /><HOUSE ID="126761031" OBJECTID="41357580" OBJECTGUID="fe9f26a7-a8e3-4110-a313-4d77fd3cc400" CHANGEID="600923549" HOUSENUM="8" HOUSETYPE="2" OPERTYPEID="20" PREVID="69416327" UPDATEDATE="2024-09-11" STARTDATE="2024-09-11" ENDDATE="2079-06-06" ISACTUAL="1" ISACTIVE="1" /><HOUSE ID="62709204" OBJECTID="41367666" OBJECTGUID="9fe10a6e-86b2-4535-97dc-e7d471fed14d" CHANGEID="62559838" HOUSENUM="10" HOUSETYPE="3" OPERTYPEID="20" PREVID="24723115" NEXTID="126761032" UPDATEDATE="2024-09-11" STARTDATE="2012-11-12" ENDDATE="2024-09-11" ISACTUAL="0" ISACTIVE="0" /><HOUSE ID="126761032" OBJECTID="41367666" OBJECTGUID="9fe10a6e-86b2-4535-97dc-e7d471fed14d" CHANGEID="600923550" HOUSENUM="10" HOUSETYPE="2" OPERTYPEID="20" PREVID="62709204" UPDATEDATE="2024-09-11" STARTDATE="2024-09-11" ENDDATE="2079-06-06" ISACTUAL="1" ISACTIVE="1" /><HOUSE ID="68637243" OBJECTID="41358278" OBJECTGUID="f39dd659-e17f-4e98-9df7-5e54fa46a913" CHANGEID="62546723" HOUSENUM="11" HOUSETYPE="3" OPERTYPEID="20" PREVID="24718127" NEXTID="126761033" UPDATEDATE="2024-09-11" STARTDATE="2012-11-12" ENDDATE="2024-09-11" ISACTUAL="0" ISACTIVE="0" /><HOUSE ID="126761033" OBJECTID="41358278" OBJECTGUID="f39dd659-e17f-4e98-9df7-5e54fa46a913" CHANGEID="600923555" HOUSENUM="11" HOUSETYPE="2" OPERTYPEID="20" PREVID="68637243" UPDATEDATE="2024-09-11" STARTDATE="2024-09-11" ENDDATE="2079-06-06" ISACTUAL="1" ISACTIVE="1" /><HOUSE ID="57887580" OBJECTID="41359993" OBJECTGUID="5bdd887b-3cbb-44b6-a754-ce90189f69d8" CHANGEID="62550131" HOUSENUM="12" HOUSETYPE="3" OPERTYPEID="20" PREVID="24719702" NEXTID="126761034" UPDATEDATE="2024-09-11" STARTDATE="2012-11-12" ENDDATE="2024-09-11" ISACTUAL="0" ISACTIVE="0" /><HOUSE ID="126761034" OBJECTID="41359993" OBJECTGUID="5bdd887b-3cbb-44b6-a754-ce90189f69d8" CHANGEID="600923557" HOUSENUM="12" HOUSETYPE="2" OPERTYPEID="20" PREVID="57887580" UPDATEDATE="2024-09-11" STARTDATE="2024-09-11" ENDDATE="2079-06-06" ISACTUAL="1" ISACTIVE="1" /><HOUSE ID="56115071" OBJECTID="41354814" OBJECTGUID="42d6f95f-7fb8-4d1b-ad1c-0e606cb67165" CHANGEID="62542039" HOUSENUM="14" HOUSETYPE="3" OPERTYPEID="20" PREVID="24716249" NEXTID="126761036" UPDATEDATE="2024-09-11" STARTDATE="2012-11-12" ENDDATE="2024-09-11" ISACTUAL="0" ISACTIVE="0" /><HOUSE ID="126761036" OBJECTID="41354814" OBJECTGUID="42d6f95f-7fb8-4d1b-ad1c-0e606cb67165" CHANGEID="600923560" HOUSENUM="14" HOUSETYPE="2" OPERTYPEID="20" PREVID="56115071" UPDATEDATE="2024-09-11" STARTDATE="2024-09-11" ENDDATE="2079-06-06" ISACTUAL="1" ISACTIVE="1" /><HOUSE ID="126761133" OBJECTID="165217673" OBJECTGUID="a92ed59f-4a99-46f0-9c64-3fdc020ab808" CHANGEID="600924834" HOUSENUM="36" HOUSETYPE="2" OPERTYPEID="10" PREVID="0" NEXTID="0" UPDATEDATE="2024-09-11" STARTDATE="2024-09-11" ENDDATE="2079-06-06" ISACTUAL="1" ISACTIVE="1" /></HOUSES>