﻿<?xml version="1.0" encoding="utf-8"?><ADDRESSOBJECTS><OBJECT ID="52125772" OBJECTID="165071430" OBJECTGUID="f6f1f44f-7ea1-45e6-bd56-c7205c58cf0d" CHANGEID="600529338" NAME="Советская" TYPENAME="ул." LEVEL="8" OPERTYPEID="10" PREVID="0" NEXTID="0" UPDATEDATE="2024-09-05" STARTDATE="2024-09-05" ENDDATE="2079-06-06" ISACTUAL="1" ISACTIVE="1" /><OBJECT ID="52125794" OBJECTID="165077993" OBJECTGUID="3099fff7-5ab7-431e-943d-a001854bc76b" CHANGEID="600539435" NAME="Школьная" TYPENAME="ул." LEVEL="8" OPERTYPEID="10" PREVID="0" NEXTID="0" UPDATEDATE="2024-09-05" STARTDATE="2024-09-05" ENDDATE="2079-06-06" ISACTUAL="1" ISACTIVE="1" /><OBJECT ID="52125808" OBJECTID="165084036" OBJECTGUID="9b1cb630-e206-4db0-b158-a8f6c4edce1f" CHANGEID="600549457" NAME="Вишневая" TYPENAME="ул." LEVEL="8" OPERTYPEID="10" PREVID="0" NEXTID="0" UPDATEDATE="2024-09-05" STARTDATE="2024-09-05" ENDDATE="2079-06-06" ISACTUAL="1" ISACTIVE="1" /><OBJECT ID="52125858" OBJECTID="165094071" OBJECTGUID="6541de27-6410-4d9e-a2a1-27a401bf7d71" CHANGEID="600566930" NAME="Зерноточная" TYPENAME="ул." LEVEL="8" OPERTYPEID="10" PREVID="0" NEXTID="0" UPDATEDATE="2024-09-06" STARTDATE="2024-09-06" ENDDATE="2079-06-06" ISACTUAL="1" ISACTIVE="1" /><OBJECT ID="52125859" OBJECTID="165094079" OBJECTGUID="68f31119-ab6b-4aa2-985c-68439b4ecd27" CHANGEID="600566939" NAME="52" TYPENAME="км" LEVEL="8" OPERTYPEID="10" PREVID="0" NEXTID="0" UPDATEDATE="2024-09-06" STARTDATE="2024-09-06" ENDDATE="2079-06-06" ISACTUAL="1" ISACTIVE="1" /><OBJECT ID="52125929" OBJECTID="165101581" OBJECTGUID="59d8221e-a4be-4a9b-8348-48a24eda97b4" CHANGEID="600581643" NAME="Центральная" TYPENAME="ул." LEVEL="8" OPERTYPEID="10" PREVID="0" NEXTID="0" UPDATEDATE="2024-09-06" STARTDATE="2024-09-06" ENDDATE="2079-06-06" ISACTUAL="1" ISACTIVE="1" /><OBJECT ID="52109841" OBJECTID="158078426" OBJECTGUID="83f7f673-4da1-4d6d-867b-ff758b9f1213" CHANGEID="595646094" NAME="Несокрушимости" TYPENAME="ул." LEVEL="8" OPERTYPEID="20" PREVID="52037127" NEXTID="52126042" UPDATEDATE="2024-09-09" STARTDATE="2024-05-14" ENDDATE="2024-09-09" ISACTUAL="0" ISACTIVE="0" /><OBJECT ID="52126042" OBJECTID="158078426" OBJECTGUID="83f7f673-4da1-4d6d-867b-ff758b9f1213" CHANGEID="600756070" NAME="1 Мая" TYPENAME="ул." LEVEL="8" OPERTYPEID="20" PREVID="52109841" UPDATEDATE="2024-09-09" STARTDATE="2024-09-09" ENDDATE="2079-06-06" ISACTUAL="1" ISACTIVE="1" /><OBJECT ID="52126045" OBJECTID="165130195" OBJECTGUID="ddfe51a3-55c5-4dc3-898a-2f1d0056b389" CHANGEID="600758504" NAME="Молодежная" TYPENAME="ул." LEVEL="8" OPERTYPEID="10" PREVID="0" NEXTID="0" UPDATEDATE="2024-09-09" STARTDATE="2024-09-09" ENDDATE="2079-06-06" ISACTUAL="1" ISACTIVE="1" /><OBJECT ID="52126072" OBJECTID="165139533" OBJECTGUID="d1aa8281-055c-4f19-baf9-bd6f4241d309" CHANGEID="600773369" NAME="Почтовая" TYPENAME="ул." LEVEL="8" OPERTYPEID="10" PREVID="0" NEXTID="0" UPDATEDATE="2024-09-09" STARTDATE="2024-09-09" ENDDATE="2079-06-06" ISACTUAL="1" ISACTIVE="1" /><OBJECT ID="52126073" OBJECTID="165139597" OBJECTGUID="1b622660-5426-47fa-8e52-018dfac54fb9" CHANGEID="600773499" NAME="200 лет с. Малая Лепетиха" TYPENAME="ул." LEVEL="8" OPERTYPEID="10" PREVID="0" NEXTID="0" UPDATEDATE="2024-09-09" STARTDATE="2024-09-09" ENDDATE="2079-06-06" ISACTUAL="1" ISACTIVE="1" /><OBJECT ID="52126376" OBJECTID="165189013" OBJECTGUID="98171e9a-bf42-475a-9d8f-693719fea2cb" CHANGEID="600881219" NAME="Молодежный" TYPENAME="пер." LEVEL="8" OPERTYPEID="10" PREVID="0" NEXTID="0" UPDATEDATE="2024-09-11" STARTDATE="2024-09-11" ENDDATE="2079-06-06" ISACTUAL="1" ISACTIVE="1" /></ADDRESSOBJECTS>