﻿<?xml version="1.0" encoding="utf-8"?><ADDRESSOBJECTS><OBJECT ID="52125687" OBJECTID="165063886" OBJECTGUID="00f6a5d3-07f8-4926-8cbb-59aecaf9cd6e" CHANGEID="600516992" NAME="Мира" TYPENAME="ул." LEVEL="8" OPERTYPEID="10" PREVID="0" NEXTID="0" UPDATEDATE="2024-09-05" STARTDATE="2024-09-05" ENDDATE="2079-06-06" ISACTUAL="1" ISACTIVE="1" /><OBJECT ID="52125688" OBJECTID="165063887" OBJECTGUID="c6973a9a-cdf7-415f-bd2e-60044ccb693a" CHANGEID="600516993" NAME="Солнечная" TYPENAME="ул." LEVEL="8" OPERTYPEID="10" PREVID="0" NEXTID="0" UPDATEDATE="2024-09-05" STARTDATE="2024-09-05" ENDDATE="2079-06-06" ISACTUAL="1" ISACTIVE="1" /><OBJECT ID="52125689" OBJECTID="165063888" OBJECTGUID="a83c135a-6296-49ea-8eac-23a44afbaf21" CHANGEID="600516994" NAME="Строителей" TYPENAME="ул." LEVEL="8" OPERTYPEID="10" PREVID="0" NEXTID="0" UPDATEDATE="2024-09-05" STARTDATE="2024-09-05" ENDDATE="2079-06-06" ISACTUAL="1" ISACTIVE="1" /><OBJECT ID="52125690" OBJECTID="165063889" OBJECTGUID="659515e6-fcd1-4bc6-8928-489d870559bd" CHANGEID="600516995" NAME="Урожайная" TYPENAME="ул." LEVEL="8" OPERTYPEID="10" PREVID="0" NEXTID="0" UPDATEDATE="2024-09-05" STARTDATE="2024-09-05" ENDDATE="2079-06-06" ISACTUAL="1" ISACTIVE="1" /><OBJECT ID="52125691" OBJECTID="165063890" OBJECTGUID="b2682fdf-fa8f-455b-9e05-1c78fcd17a00" CHANGEID="600516996" NAME="Кимрская" TYPENAME="ул." LEVEL="8" OPERTYPEID="10" PREVID="0" NEXTID="0" UPDATEDATE="2024-09-05" STARTDATE="2024-09-05" ENDDATE="2079-06-06" ISACTUAL="1" ISACTIVE="1" /><OBJECT ID="52126047" OBJECTID="165131034" OBJECTGUID="e967e758-d848-4e38-aeea-37760698be9b" CHANGEID="600759738" NAME="Козино" TYPENAME="тер." LEVEL="7" OPERTYPEID="10" PREVID="0" NEXTID="0" UPDATEDATE="2024-09-09" STARTDATE="2024-09-09" ENDDATE="2079-06-06" ISACTUAL="1" ISACTIVE="1" /><OBJECT ID="52126319" OBJECTID="165172208" OBJECTGUID="d9b3a2c3-1cf3-40c9-a14c-8bf0ca8ba4be" CHANGEID="600829947" NAME="5-я" TYPENAME="ул." LEVEL="8" OPERTYPEID="10" PREVID="0" NEXTID="0" UPDATEDATE="2024-09-10" STARTDATE="2024-09-10" ENDDATE="2079-06-06" ISACTUAL="1" ISACTIVE="1" /><OBJECT ID="52126394" OBJECTID="165193041" OBJECTGUID="67598770-18bc-4a48-ac48-bb10969a9984" CHANGEID="600887304" NAME="Островная" TYPENAME="ул." LEVEL="8" OPERTYPEID="10" PREVID="0" NEXTID="0" UPDATEDATE="2024-09-11" STARTDATE="2024-09-11" ENDDATE="2079-06-06" ISACTUAL="1" ISACTIVE="1" /></ADDRESSOBJECTS>