﻿<?xml version="1.0" encoding="utf-8"?><HOUSES><HOUSE ID="58946721" OBJECTID="32564130" OBJECTGUID="6acc784d-b75c-4699-8ed2-8251fefd6a9c" CHANGEID="49685931" HOUSENUM="7/21" HOUSETYPE="2" OPERTYPEID="20" PREVID="19326069" NEXTID="126757785" UPDATEDATE="2024-09-11" STARTDATE="2014-06-16" ENDDATE="2024-09-11" ISACTUAL="0" ISACTIVE="0" /><HOUSE ID="64443270" OBJECTID="57363949" OBJECTGUID="b85cbfc9-4b58-4a37-ba05-72a93fda5903" CHANGEID="85774214" HOUSENUM="20" HOUSETYPE="2" OPERTYPEID="20" PREVID="34339823" NEXTID="126742258" UPDATEDATE="2024-09-09" STARTDATE="2014-06-16" ENDDATE="2024-09-09" ISACTUAL="0" ISACTIVE="0" /><HOUSE ID="24495919" OBJECTID="41000375" OBJECTGUID="601f5cdb-a94f-45af-8e40-616df9bb850a" CHANGEID="62019599" HOUSENUM="59" HOUSETYPE="2" OPERTYPEID="10" PREVID="0" NEXTID="126753390" UPDATEDATE="2024-09-10" STARTDATE="1900-01-01" ENDDATE="2024-09-10" ISACTUAL="0" ISACTIVE="0" /><HOUSE ID="64136402" OBJECTID="32564973" OBJECTGUID="b40a91c3-c797-4c3b-954b-86e51ec5d0f3" CHANGEID="49686844" HOUSENUM="11/22" HOUSETYPE="2" OPERTYPEID="20" PREVID="19326662" NEXTID="126757786" UPDATEDATE="2024-09-11" STARTDATE="2014-06-16" ENDDATE="2024-09-11" ISACTUAL="0" ISACTIVE="0" /><HOUSE ID="52550646" OBJECTID="57362450" OBJECTGUID="10802534-8dc9-425f-9f16-71d79517a0df" CHANGEID="85772438" HOUSENUM="21/7" HOUSETYPE="2" OPERTYPEID="20" PREVID="34339086" NEXTID="126757784" UPDATEDATE="2024-09-11" STARTDATE="2014-06-16" ENDDATE="2024-09-11" ISACTUAL="0" ISACTIVE="0" /><HOUSE ID="126677773" OBJECTID="164879503" OBJECTGUID="74122ad4-2ac9-428c-9a3e-91556e37acf4" CHANGEID="600030491" HOUSENUM="23а" HOUSETYPE="5" OPERTYPEID="10" PREVID="0" NEXTID="126754063" UPDATEDATE="2024-09-10" STARTDATE="2024-08-26" ENDDATE="2024-09-10" ISACTUAL="0" ISACTIVE="0" /><HOUSE ID="126728602" OBJECTID="165075912" OBJECTGUID="e5b34cf0-af00-4abd-8791-4ade29d62c66" CHANGEID="600536520" HOUSENUM="57" HOUSETYPE="2" OPERTYPEID="10" PREVID="0" NEXTID="0" UPDATEDATE="2024-09-05" STARTDATE="2024-09-05" ENDDATE="2079-06-06" ISACTUAL="1" ISACTIVE="1" /><HOUSE ID="126728605" OBJECTID="165075923" OBJECTGUID="e3d5d09a-17ce-4d3e-bde0-3d4a060d5fd6" CHANGEID="600536533" HOUSENUM="57" ADDNUM1="1" HOUSETYPE="2" ADDTYPE1="2" OPERTYPEID="10" PREVID="0" NEXTID="0" UPDATEDATE="2024-09-05" STARTDATE="2024-09-05" ENDDATE="2079-06-06" ISACTUAL="1" ISACTIVE="1" /><HOUSE ID="126728609" OBJECTID="165075933" OBJECTGUID="e455f7b6-f509-49f9-aa0a-68d65c3ce1c8" CHANGEID="600536545" HOUSENUM="1Е" HOUSETYPE="2" OPERTYPEID="10" PREVID="0" NEXTID="0" UPDATEDATE="2024-09-05" STARTDATE="2024-09-05" ENDDATE="2079-06-06" ISACTUAL="1" ISACTIVE="1" /><HOUSE ID="126728633" OBJECTID="165075983" OBJECTGUID="f48ecefb-a51a-4a24-9394-6509b107afbb" CHANGEID="600536611" HOUSENUM="184" HOUSETYPE="2" OPERTYPEID="10" PREVID="0" NEXTID="0" UPDATEDATE="2024-09-05" STARTDATE="2024-09-05" ENDDATE="2079-06-06" ISACTUAL="1" ISACTIVE="1" /><HOUSE ID="126728607" OBJECTID="165075925" OBJECTGUID="2add5860-a31f-4f3a-8ca8-1f775fd716ac" CHANGEID="600536536" HOUSENUM="15" HOUSETYPE="2" OPERTYPEID="10" PREVID="0" NEXTID="0" UPDATEDATE="2024-09-05" STARTDATE="2024-09-05" ENDDATE="2079-06-06" ISACTUAL="1" ISACTIVE="1" /><HOUSE ID="126728626" OBJECTID="165075954" OBJECTGUID="dc53abd9-643a-423b-a074-b6d96cadb9f6" CHANGEID="600536570" HOUSENUM="213б" HOUSETYPE="2" OPERTYPEID="10" PREVID="0" NEXTID="0" UPDATEDATE="2024-09-05" STARTDATE="2024-09-05" ENDDATE="2079-06-06" ISACTUAL="1" ISACTIVE="1" /><HOUSE ID="126728823" OBJECTID="165077812" OBJECTGUID="627c2618-74c9-4f8a-a9b0-a12920f96159" CHANGEID="600539203" HOUSENUM="31" HOUSETYPE="2" OPERTYPEID="10" PREVID="0" NEXTID="0" UPDATEDATE="2024-09-05" STARTDATE="2024-09-05" ENDDATE="2079-06-06" ISACTUAL="1" ISACTIVE="1" /><HOUSE ID="126728831" OBJECTID="165077842" OBJECTGUID="c6fe1070-78d6-4c76-a9c6-cd8e30b5ebeb" CHANGEID="600539245" HOUSENUM="1" HOUSETYPE="2" OPERTYPEID="10" PREVID="0" NEXTID="0" UPDATEDATE="2024-09-05" STARTDATE="2024-09-05" ENDDATE="2079-06-06" ISACTUAL="1" ISACTIVE="1" /><HOUSE ID="126728833" OBJECTID="165077844" OBJECTGUID="3d788367-7258-4a55-aa10-1fb12d5897d1" CHANGEID="600539247" HOUSENUM="406" HOUSETYPE="2" OPERTYPEID="10" PREVID="0" NEXTID="0" UPDATEDATE="2024-09-05" STARTDATE="2024-09-05" ENDDATE="2079-06-06" ISACTUAL="1" ISACTIVE="1" /><HOUSE ID="126728842" OBJECTID="165077861" OBJECTGUID="3ec9e83e-add6-4914-a1e0-4539f1574984" CHANGEID="600539265" HOUSENUM="226" HOUSETYPE="2" OPERTYPEID="10" PREVID="0" NEXTID="0" UPDATEDATE="2024-09-05" STARTDATE="2024-09-05" ENDDATE="2079-06-06" ISACTUAL="1" ISACTIVE="1" /><HOUSE ID="126728844" OBJECTID="165077864" OBJECTGUID="b8b1c4ad-ee2f-4960-aa3b-194d2572f677" CHANGEID="600539269" HOUSENUM="227" HOUSETYPE="2" OPERTYPEID="10" PREVID="0" NEXTID="0" UPDATEDATE="2024-09-05" STARTDATE="2024-09-05" ENDDATE="2079-06-06" ISACTUAL="1" ISACTIVE="1" /><HOUSE ID="126728856" OBJECTID="165077915" OBJECTGUID="88e891d1-0763-42e5-8569-3fc394313bbe" CHANGEID="600539333" HOUSENUM="131" HOUSETYPE="2" OPERTYPEID="10" PREVID="0" NEXTID="0" UPDATEDATE="2024-09-05" STARTDATE="2024-09-05" ENDDATE="2079-06-06" ISACTUAL="1" ISACTIVE="1" /><HOUSE ID="126728862" OBJECTID="165077934" OBJECTGUID="966fc9bd-726b-4a6c-b4dd-c0dfc21e1f5f" CHANGEID="600539357" HOUSENUM="212б" HOUSETYPE="2" OPERTYPEID="10" PREVID="0" NEXTID="0" UPDATEDATE="2024-09-05" STARTDATE="2024-09-05" ENDDATE="2079-06-06" ISACTUAL="1" ISACTIVE="1" /><HOUSE ID="126728867" OBJECTID="165077961" OBJECTGUID="95d01182-9e59-47f9-b619-de0b40f73295" CHANGEID="600539392" HOUSENUM="3а" HOUSETYPE="2" OPERTYPEID="10" PREVID="0" NEXTID="0" UPDATEDATE="2024-09-05" STARTDATE="2024-09-05" ENDDATE="2079-06-06" ISACTUAL="1" ISACTIVE="1" /><HOUSE ID="126728869" OBJECTID="165077964" OBJECTGUID="5db2c43b-2c68-47a1-ba05-413db924feac" CHANGEID="600539396" HOUSENUM="41а" HOUSETYPE="2" OPERTYPEID="10" PREVID="0" NEXTID="0" UPDATEDATE="2024-09-05" STARTDATE="2024-09-05" ENDDATE="2079-06-06" ISACTUAL="1" ISACTIVE="1" /><HOUSE ID="126728870" OBJECTID="165077970" OBJECTGUID="3b1164fc-2b17-4885-bc11-60d92dd32a0e" CHANGEID="600539402" HOUSENUM="14" HOUSETYPE="2" OPERTYPEID="10" PREVID="0" NEXTID="0" UPDATEDATE="2024-09-05" STARTDATE="2024-09-05" ENDDATE="2079-06-06" ISACTUAL="1" ISACTIVE="1" /><HOUSE ID="126728872" OBJECTID="165077976" OBJECTGUID="e2bf6d16-892c-4469-8b6b-cc7ac72c8647" CHANGEID="600539409" HOUSENUM="6а" HOUSETYPE="2" OPERTYPEID="10" PREVID="0" NEXTID="0" UPDATEDATE="2024-09-05" STARTDATE="2024-09-05" ENDDATE="2079-06-06" ISACTUAL="1" ISACTIVE="1" /><HOUSE ID="126729280" OBJECTID="165079646" OBJECTGUID="f499520d-b690-4503-9421-36c7bb0bf934" CHANGEID="600541935" HOUSENUM="28" HOUSETYPE="2" OPERTYPEID="10" PREVID="0" NEXTID="0" UPDATEDATE="2024-09-05" STARTDATE="2024-09-05" ENDDATE="2079-06-06" ISACTUAL="1" ISACTIVE="1" /><HOUSE ID="126729282" OBJECTID="165079651" OBJECTGUID="279f300e-79a7-4bf9-903e-9fb1f1d1e647" CHANGEID="600541940" HOUSENUM="28" HOUSETYPE="2" OPERTYPEID="10" PREVID="0" NEXTID="0" UPDATEDATE="2024-09-05" STARTDATE="2024-09-05" ENDDATE="2079-06-06" ISACTUAL="1" ISACTIVE="1" /><HOUSE ID="126729284" OBJECTID="165079657" OBJECTGUID="d6098a7b-7263-43e8-938f-5e0f3cec4195" CHANGEID="600541948" HOUSENUM="9" HOUSETYPE="2" OPERTYPEID="10" PREVID="0" NEXTID="0" UPDATEDATE="2024-09-05" STARTDATE="2024-09-05" ENDDATE="2079-06-06" ISACTUAL="1" ISACTIVE="1" /><HOUSE ID="126729285" OBJECTID="165079660" OBJECTGUID="4244b16c-8e8c-4856-9381-53bc3dee76eb" CHANGEID="600541951" HOUSENUM="46а" HOUSETYPE="5" OPERTYPEID="10" PREVID="0" NEXTID="0" UPDATEDATE="2024-09-05" STARTDATE="2024-09-05" ENDDATE="2079-06-06" ISACTUAL="1" ISACTIVE="1" /><HOUSE ID="126729286" OBJECTID="165079663" OBJECTGUID="9f8d9a3b-fe03-4a9f-909f-34412e33bb0a" CHANGEID="600541955" HOUSENUM="12" HOUSETYPE="2" OPERTYPEID="10" PREVID="0" NEXTID="0" UPDATEDATE="2024-09-05" STARTDATE="2024-09-05" ENDDATE="2079-06-06" ISACTUAL="1" ISACTIVE="1" /><HOUSE ID="126729289" OBJECTID="165079665" OBJECTGUID="c2fd57c0-86d9-432b-a7fa-1bbe799984a9" CHANGEID="600541959" HOUSENUM="242" HOUSETYPE="2" OPERTYPEID="10" PREVID="0" NEXTID="0" UPDATEDATE="2024-09-05" STARTDATE="2024-09-05" ENDDATE="2079-06-06" ISACTUAL="1" ISACTIVE="1" /><HOUSE ID="126729397" OBJECTID="165080332" OBJECTGUID="4f7a1b92-2303-4edb-8029-529a60ef6a2d" CHANGEID="600543212" HOUSENUM="30" HOUSETYPE="2" OPERTYPEID="10" PREVID="0" NEXTID="0" UPDATEDATE="2024-09-05" STARTDATE="2024-09-05" ENDDATE="2079-06-06" ISACTUAL="1" ISACTIVE="1" /><HOUSE ID="126729518" OBJECTID="165080574" OBJECTGUID="422a6e39-b960-4474-8091-8ece2fc77615" CHANGEID="600543561" HOUSENUM="21" HOUSETYPE="2" OPERTYPEID="10" PREVID="0" NEXTID="0" UPDATEDATE="2024-09-05" STARTDATE="2024-09-05" ENDDATE="2079-06-06" ISACTUAL="1" ISACTIVE="1" /><HOUSE ID="126730024" OBJECTID="165082635" OBJECTGUID="f5829395-6c08-4e47-8eca-130487a2ce16" CHANGEID="600547240" HOUSENUM="37" HOUSETYPE="2" OPERTYPEID="10" PREVID="0" NEXTID="0" UPDATEDATE="2024-09-05" STARTDATE="2024-09-05" ENDDATE="2079-06-06" ISACTUAL="1" ISACTIVE="1" /><HOUSE ID="126730036" OBJECTID="165082653" OBJECTGUID="2c325966-7ccd-4252-a6ef-f97899eb6ac8" CHANGEID="600547271" HOUSENUM="5" HOUSETYPE="2" OPERTYPEID="10" PREVID="0" NEXTID="0" UPDATEDATE="2024-09-05" STARTDATE="2024-09-05" ENDDATE="2079-06-06" ISACTUAL="1" ISACTIVE="1" /><HOUSE ID="126730264" OBJECTID="165083965" OBJECTGUID="bf12fa74-bf5a-4407-aab8-a8b13b6ba240" CHANGEID="600549364" HOUSENUM="8" HOUSETYPE="2" OPERTYPEID="10" PREVID="0" NEXTID="0" UPDATEDATE="2024-09-05" STARTDATE="2024-09-05" ENDDATE="2079-06-06" ISACTUAL="1" ISACTIVE="1" /><HOUSE ID="126730268" OBJECTID="165083978" OBJECTGUID="894b6ea0-ae1c-4438-b1ef-771bd4140e17" CHANGEID="600549384" HOUSENUM="36" HOUSETYPE="2" OPERTYPEID="10" PREVID="0" NEXTID="0" UPDATEDATE="2024-09-05" STARTDATE="2024-09-05" ENDDATE="2079-06-06" ISACTUAL="1" ISACTIVE="1" /><HOUSE ID="126730269" OBJECTID="165083980" OBJECTGUID="474e82f7-42af-4201-97b9-19a3822ce16a" CHANGEID="600549388" HOUSENUM="18А" HOUSETYPE="2" OPERTYPEID="10" PREVID="0" NEXTID="0" UPDATEDATE="2024-09-05" STARTDATE="2024-09-05" ENDDATE="2079-06-06" ISACTUAL="1" ISACTIVE="1" /><HOUSE ID="126733456" OBJECTID="165097860" OBJECTGUID="cb9ffc08-a43a-4ebd-84d9-468d458f9cd3" CHANGEID="600575139" HOUSENUM="96" HOUSETYPE="2" OPERTYPEID="10" PREVID="0" NEXTID="0" UPDATEDATE="2024-09-06" STARTDATE="2024-09-06" ENDDATE="2079-06-06" ISACTUAL="1" ISACTIVE="1" /><HOUSE ID="126733457" OBJECTID="165097863" OBJECTGUID="cc697bb2-5a3e-4b26-9edd-560ccd9cb0c5" CHANGEID="600575142" HOUSENUM="9" HOUSETYPE="2" OPERTYPEID="10" PREVID="0" NEXTID="0" UPDATEDATE="2024-09-06" STARTDATE="2024-09-06" ENDDATE="2079-06-06" ISACTUAL="1" ISACTIVE="1" /><HOUSE ID="126733458" OBJECTID="165097864" OBJECTGUID="0c937ca0-cd6c-4505-9e37-de3339c3a6bd" CHANGEID="600575143" HOUSENUM="16" HOUSETYPE="2" OPERTYPEID="10" PREVID="0" NEXTID="0" UPDATEDATE="2024-09-06" STARTDATE="2024-09-06" ENDDATE="2079-06-06" ISACTUAL="1" ISACTIVE="1" /><HOUSE ID="126733459" OBJECTID="165097865" OBJECTGUID="e48acf5a-711f-409e-91a1-978090e0af2f" CHANGEID="600575144" HOUSENUM="14" HOUSETYPE="2" OPERTYPEID="10" PREVID="0" NEXTID="0" UPDATEDATE="2024-09-06" STARTDATE="2024-09-06" ENDDATE="2079-06-06" ISACTUAL="1" ISACTIVE="1" /><HOUSE ID="126733929" OBJECTID="165099345" OBJECTGUID="68959391-9602-4320-875f-2758859568cc" CHANGEID="600577704" HOUSENUM="8" HOUSETYPE="2" OPERTYPEID="10" PREVID="0" NEXTID="0" UPDATEDATE="2024-09-06" STARTDATE="2024-09-06" ENDDATE="2079-06-06" ISACTUAL="1" ISACTIVE="1" /><HOUSE ID="126741256" OBJECTID="165129149" OBJECTGUID="9de923b1-8627-473e-a398-5b2bc7e8ef8c" CHANGEID="600756676" HOUSENUM="1Б" HOUSETYPE="5" OPERTYPEID="10" PREVID="0" NEXTID="0" UPDATEDATE="2024-09-09" STARTDATE="2024-09-09" ENDDATE="2079-06-06" ISACTUAL="1" ISACTIVE="1" /><HOUSE ID="126741975" OBJECTID="165132167" OBJECTGUID="b325cb29-d464-41cd-bf8e-b8731887dea8" CHANGEID="600761794" HOUSENUM="18" HOUSETYPE="2" OPERTYPEID="10" PREVID="0" NEXTID="0" UPDATEDATE="2024-09-09" STARTDATE="2024-09-09" ENDDATE="2079-06-06" ISACTUAL="1" ISACTIVE="1" /><HOUSE ID="126741976" OBJECTID="165132169" OBJECTGUID="50c1d87d-f481-463d-aa8d-eafc98e24511" CHANGEID="600761796" HOUSENUM="26" HOUSETYPE="2" OPERTYPEID="10" PREVID="0" NEXTID="0" UPDATEDATE="2024-09-09" STARTDATE="2024-09-09" ENDDATE="2079-06-06" ISACTUAL="1" ISACTIVE="1" /><HOUSE ID="126742258" OBJECTID="57363949" OBJECTGUID="b85cbfc9-4b58-4a37-ba05-72a93fda5903" CHANGEID="600764158" HOUSENUM="20" HOUSETYPE="2" OPERTYPEID="30" PREVID="64443270" NEXTID="0" UPDATEDATE="2024-09-09" STARTDATE="2024-09-09" ENDDATE="2079-06-06" ISACTUAL="1" ISACTIVE="0" /><HOUSE ID="66685321" OBJECTID="57356153" OBJECTGUID="d80bd7e8-ba16-427c-b6cf-035a886199ba" CHANGEID="85763231" HOUSENUM="22А" HOUSETYPE="2" OPERTYPEID="20" PREVID="34336124" NEXTID="126742259" UPDATEDATE="2024-09-09" STARTDATE="2014-06-16" ENDDATE="2024-09-09" ISACTUAL="0" ISACTIVE="0" /><HOUSE ID="126742259" OBJECTID="57356153" OBJECTGUID="d80bd7e8-ba16-427c-b6cf-035a886199ba" CHANGEID="600764160" HOUSENUM="22а" HOUSETYPE="2" OPERTYPEID="20" PREVID="66685321" UPDATEDATE="2024-09-09" STARTDATE="2024-09-09" ENDDATE="2079-06-06" ISACTUAL="1" ISACTIVE="1" /><HOUSE ID="126743678" OBJECTID="165137960" OBJECTGUID="9768a264-fca5-45a1-9ce0-d7a40c69e060" CHANGEID="600771204" HOUSENUM="19/9" HOUSETYPE="2" OPERTYPEID="10" PREVID="0" NEXTID="0" UPDATEDATE="2024-09-09" STARTDATE="2024-09-09" ENDDATE="2079-06-06" ISACTUAL="1" ISACTIVE="1" /><HOUSE ID="126743679" OBJECTID="165137961" OBJECTGUID="69cab666-b93d-4c41-b441-8f3edd3a7934" CHANGEID="600771205" HOUSENUM="13/10" HOUSETYPE="2" OPERTYPEID="10" PREVID="0" NEXTID="0" UPDATEDATE="2024-09-09" STARTDATE="2024-09-09" ENDDATE="2079-06-06" ISACTUAL="1" ISACTIVE="1" /><HOUSE ID="126743680" OBJECTID="165137962" OBJECTGUID="ded66090-2df1-46cb-9ff7-fb96a8313031" CHANGEID="600771206" HOUSENUM="15/6" HOUSETYPE="2" OPERTYPEID="10" PREVID="0" NEXTID="0" UPDATEDATE="2024-09-09" STARTDATE="2024-09-09" ENDDATE="2079-06-06" ISACTUAL="1" ISACTIVE="1" /><HOUSE ID="126743681" OBJECTID="165137963" OBJECTGUID="375514f4-90b7-4a42-97d3-579c77e75daa" CHANGEID="600771207" HOUSENUM="1/21" HOUSETYPE="2" OPERTYPEID="10" PREVID="0" NEXTID="0" UPDATEDATE="2024-09-09" STARTDATE="2024-09-09" ENDDATE="2079-06-06" ISACTUAL="1" ISACTIVE="1" /><HOUSE ID="126743682" OBJECTID="165137964" OBJECTGUID="74129c91-0906-42ce-ac69-6fa849b5dbee" CHANGEID="600771208" HOUSENUM="27/9" HOUSETYPE="2" OPERTYPEID="10" PREVID="0" NEXTID="0" UPDATEDATE="2024-09-09" STARTDATE="2024-09-09" ENDDATE="2079-06-06" ISACTUAL="1" ISACTIVE="1" /><HOUSE ID="126743683" OBJECTID="165137965" OBJECTGUID="76c0974a-8f9b-405b-99f1-870bbe4da326" CHANGEID="600771209" HOUSENUM="14/19" HOUSETYPE="2" OPERTYPEID="10" PREVID="0" NEXTID="0" UPDATEDATE="2024-09-09" STARTDATE="2024-09-09" ENDDATE="2079-06-06" ISACTUAL="1" ISACTIVE="1" /><HOUSE ID="126743684" OBJECTID="165137966" OBJECTGUID="fe926a1f-bacb-48a1-8de4-bd55a958e4a7" CHANGEID="600771210" HOUSENUM="2/21" HOUSETYPE="2" OPERTYPEID="10" PREVID="0" NEXTID="0" UPDATEDATE="2024-09-09" STARTDATE="2024-09-09" ENDDATE="2079-06-06" ISACTUAL="1" ISACTIVE="1" /><HOUSE ID="126743685" OBJECTID="165137967" OBJECTGUID="1ad1840e-780e-47ca-9a3b-b44b54538b5e" CHANGEID="600771211" HOUSENUM="3/2" HOUSETYPE="2" OPERTYPEID="10" PREVID="0" NEXTID="0" UPDATEDATE="2024-09-09" STARTDATE="2024-09-09" ENDDATE="2079-06-06" ISACTUAL="1" ISACTIVE="1" /><HOUSE ID="126743686" OBJECTID="165137968" OBJECTGUID="d0085b5c-0008-433b-8ca5-689de542c67a" CHANGEID="600771212" HOUSENUM="6/14" HOUSETYPE="2" OPERTYPEID="10" PREVID="0" NEXTID="0" UPDATEDATE="2024-09-09" STARTDATE="2024-09-09" ENDDATE="2079-06-06" ISACTUAL="1" ISACTIVE="1" /><HOUSE ID="126743687" OBJECTID="165137972" OBJECTGUID="b1bb758d-23a1-4a52-b7c7-5dfd93e56641" CHANGEID="600771216" HOUSENUM="3" HOUSETYPE="2" OPERTYPEID="10" PREVID="0" NEXTID="0" UPDATEDATE="2024-09-09" STARTDATE="2024-09-09" ENDDATE="2079-06-06" ISACTUAL="1" ISACTIVE="1" /><HOUSE ID="126743688" OBJECTID="165137981" OBJECTGUID="eed8912c-7df4-48cd-88a0-0c54afc42c0d" CHANGEID="600771227" HOUSENUM="13" HOUSETYPE="2" OPERTYPEID="10" PREVID="0" NEXTID="0" UPDATEDATE="2024-09-09" STARTDATE="2024-09-09" ENDDATE="2079-06-06" ISACTUAL="1" ISACTIVE="1" /><HOUSE ID="126743689" OBJECTID="165137982" OBJECTGUID="d71b9d6b-36d6-4938-aea3-b3cb53bf43e3" CHANGEID="600771228" HOUSENUM="31" HOUSETYPE="2" OPERTYPEID="10" PREVID="0" NEXTID="0" UPDATEDATE="2024-09-09" STARTDATE="2024-09-09" ENDDATE="2079-06-06" ISACTUAL="1" ISACTIVE="1" /><HOUSE ID="126743690" OBJECTID="165137983" OBJECTGUID="d749dc67-55ea-4fd5-a8c6-e69036b0d398" CHANGEID="600771229" HOUSENUM="75а" HOUSETYPE="2" OPERTYPEID="10" PREVID="0" NEXTID="0" UPDATEDATE="2024-09-09" STARTDATE="2024-09-09" ENDDATE="2079-06-06" ISACTUAL="1" ISACTIVE="1" /><HOUSE ID="126743691" OBJECTID="165137984" OBJECTGUID="78bb45df-6e85-4ce7-aa24-7d3cc780640e" CHANGEID="600771230" HOUSENUM="319" HOUSETYPE="2" OPERTYPEID="10" PREVID="0" NEXTID="0" UPDATEDATE="2024-09-09" STARTDATE="2024-09-09" ENDDATE="2079-06-06" ISACTUAL="1" ISACTIVE="1" /><HOUSE ID="126743692" OBJECTID="165137985" OBJECTGUID="64c53946-7615-4ff5-a846-43bf32ce80a2" CHANGEID="600771231" HOUSENUM="62б" HOUSETYPE="2" OPERTYPEID="10" PREVID="0" NEXTID="0" UPDATEDATE="2024-09-09" STARTDATE="2024-09-09" ENDDATE="2079-06-06" ISACTUAL="1" ISACTIVE="1" /><HOUSE ID="126743693" OBJECTID="165137986" OBJECTGUID="7ccf3aa5-07ee-47f1-a3db-270d16b92376" CHANGEID="600771232" HOUSENUM="62в" HOUSETYPE="2" OPERTYPEID="10" PREVID="0" NEXTID="0" UPDATEDATE="2024-09-09" STARTDATE="2024-09-09" ENDDATE="2079-06-06" ISACTUAL="1" ISACTIVE="1" /><HOUSE ID="126743694" OBJECTID="165137987" OBJECTGUID="4ba77cd1-0963-454f-8f44-eb29d5644401" CHANGEID="600771233" HOUSENUM="21а" HOUSETYPE="2" OPERTYPEID="10" PREVID="0" NEXTID="0" UPDATEDATE="2024-09-09" STARTDATE="2024-09-09" ENDDATE="2079-06-06" ISACTUAL="1" ISACTIVE="1" /><HOUSE ID="126743695" OBJECTID="165137988" OBJECTGUID="552b3b31-ea3b-4198-8592-c3c254a59397" CHANGEID="600771234" HOUSENUM="20" HOUSETYPE="2" OPERTYPEID="10" PREVID="0" NEXTID="0" UPDATEDATE="2024-09-09" STARTDATE="2024-09-09" ENDDATE="2079-06-06" ISACTUAL="1" ISACTIVE="1" /><HOUSE ID="126743696" OBJECTID="165137989" OBJECTGUID="7e40e2a7-a28c-408f-8c8f-27eb8fabf7d5" CHANGEID="600771235" HOUSENUM="24" HOUSETYPE="2" OPERTYPEID="10" PREVID="0" NEXTID="0" UPDATEDATE="2024-09-09" STARTDATE="2024-09-09" ENDDATE="2079-06-06" ISACTUAL="1" ISACTIVE="1" /><HOUSE ID="126743697" OBJECTID="165137990" OBJECTGUID="df4d17eb-905c-4999-9233-3d3a4dae75eb" CHANGEID="600771236" HOUSENUM="27" HOUSETYPE="2" OPERTYPEID="10" PREVID="0" NEXTID="0" UPDATEDATE="2024-09-09" STARTDATE="2024-09-09" ENDDATE="2079-06-06" ISACTUAL="1" ISACTIVE="1" /><HOUSE ID="126743703" OBJECTID="165137996" OBJECTGUID="7c507ec3-cae2-4ff7-9ea7-dba0bc5098cb" CHANGEID="600771242" HOUSENUM="10" HOUSETYPE="2" OPERTYPEID="10" PREVID="0" NEXTID="0" UPDATEDATE="2024-09-09" STARTDATE="2024-09-09" ENDDATE="2079-06-06" ISACTUAL="1" ISACTIVE="1" /><HOUSE ID="126743706" OBJECTID="165137999" OBJECTGUID="161313cb-f5b1-46ff-8de8-7346798677ab" CHANGEID="600771245" HOUSENUM="33" HOUSETYPE="2" OPERTYPEID="10" PREVID="0" NEXTID="0" UPDATEDATE="2024-09-09" STARTDATE="2024-09-09" ENDDATE="2079-06-06" ISACTUAL="1" ISACTIVE="1" /><HOUSE ID="126743708" OBJECTID="165138001" OBJECTGUID="9d74eabe-e5c9-47f4-9d0c-3dd70c985899" CHANGEID="600771247" HOUSENUM="42" HOUSETYPE="2" OPERTYPEID="10" PREVID="0" NEXTID="0" UPDATEDATE="2024-09-09" STARTDATE="2024-09-09" ENDDATE="2079-06-06" ISACTUAL="1" ISACTIVE="1" /><HOUSE ID="126743709" OBJECTID="165138002" OBJECTGUID="a374b925-7ebb-472a-b7e2-f92d41dffcb3" CHANGEID="600771248" HOUSENUM="34" HOUSETYPE="2" OPERTYPEID="10" PREVID="0" NEXTID="0" UPDATEDATE="2024-09-09" STARTDATE="2024-09-09" ENDDATE="2079-06-06" ISACTUAL="1" ISACTIVE="1" /><HOUSE ID="126743714" OBJECTID="165138007" OBJECTGUID="b8be5d33-e004-47b3-ab5b-668cfdf0a9f6" CHANGEID="600771253" HOUSENUM="16" HOUSETYPE="2" OPERTYPEID="10" PREVID="0" NEXTID="0" UPDATEDATE="2024-09-09" STARTDATE="2024-09-09" ENDDATE="2079-06-06" ISACTUAL="1" ISACTIVE="1" /><HOUSE ID="126744461" OBJECTID="165139522" OBJECTGUID="ed447b07-36b9-4d23-bf4e-5d9be8657f26" CHANGEID="600773357" HOUSENUM="1" HOUSETYPE="5" OPERTYPEID="10" PREVID="0" NEXTID="0" UPDATEDATE="2024-09-09" STARTDATE="2024-09-09" ENDDATE="2079-06-06" ISACTUAL="1" ISACTIVE="1" /><HOUSE ID="126744832" OBJECTID="165140710" OBJECTGUID="6026978c-b403-4d02-811b-86a0392cf304" CHANGEID="600775451" HOUSENUM="1а" HOUSETYPE="5" OPERTYPEID="10" PREVID="0" NEXTID="0" UPDATEDATE="2024-09-09" STARTDATE="2024-09-09" ENDDATE="2079-06-06" ISACTUAL="1" ISACTIVE="1" /><HOUSE ID="126744834" OBJECTID="165140712" OBJECTGUID="349a9210-6f86-42e5-9455-84f0ec6c6c23" CHANGEID="600775453" HOUSENUM="134" HOUSETYPE="2" OPERTYPEID="10" PREVID="0" NEXTID="0" UPDATEDATE="2024-09-09" STARTDATE="2024-09-09" ENDDATE="2079-06-06" ISACTUAL="1" ISACTIVE="1" /><HOUSE ID="126744835" OBJECTID="165140716" OBJECTGUID="05743a65-4f3d-482f-b4b2-1008989ad875" CHANGEID="600775457" HOUSENUM="27а" HOUSETYPE="2" OPERTYPEID="10" PREVID="0" NEXTID="0" UPDATEDATE="2024-09-09" STARTDATE="2024-09-09" ENDDATE="2079-06-06" ISACTUAL="1" ISACTIVE="1" /><HOUSE ID="126744837" OBJECTID="165140717" OBJECTGUID="fa23fa09-ba41-4563-b366-3e7cebbea77b" CHANGEID="600775459" HOUSENUM="19" HOUSETYPE="2" OPERTYPEID="10" PREVID="0" NEXTID="0" UPDATEDATE="2024-09-09" STARTDATE="2024-09-09" ENDDATE="2079-06-06" ISACTUAL="1" ISACTIVE="1" /><HOUSE ID="126744839" OBJECTID="165140733" OBJECTGUID="f2cbf3c8-8576-4827-82d6-fc0d15afb45e" CHANGEID="600775481" HOUSENUM="124" HOUSETYPE="2" OPERTYPEID="10" PREVID="0" NEXTID="0" UPDATEDATE="2024-09-09" STARTDATE="2024-09-09" ENDDATE="2079-06-06" ISACTUAL="1" ISACTIVE="1" /><HOUSE ID="126744844" OBJECTID="165140742" OBJECTGUID="b1171cb0-26b6-440d-b040-f4cab2c3771c" CHANGEID="600775492" HOUSENUM="124" ADDNUM1="1" HOUSETYPE="2" ADDTYPE1="2" OPERTYPEID="10" PREVID="0" NEXTID="0" UPDATEDATE="2024-09-09" STARTDATE="2024-09-09" ENDDATE="2079-06-06" ISACTUAL="1" ISACTIVE="1" /><HOUSE ID="126745241" OBJECTID="165141980" OBJECTGUID="07251054-dcdc-471c-b9d3-8faadfc02de8" CHANGEID="600777517" HOUSENUM="124" ADDNUM1="2" HOUSETYPE="2" ADDTYPE1="2" OPERTYPEID="10" PREVID="0" NEXTID="0" UPDATEDATE="2024-09-09" STARTDATE="2024-09-09" ENDDATE="2079-06-06" ISACTUAL="1" ISACTIVE="1" /><HOUSE ID="126745242" OBJECTID="165141984" OBJECTGUID="ed72e9e9-76ee-48f0-a306-79914de68eef" CHANGEID="600777522" HOUSENUM="156а" HOUSETYPE="2" OPERTYPEID="10" PREVID="0" NEXTID="0" UPDATEDATE="2024-09-09" STARTDATE="2024-09-09" ENDDATE="2079-06-06" ISACTUAL="1" ISACTIVE="1" /><HOUSE ID="126745243" OBJECTID="165141987" OBJECTGUID="e20be82b-24a2-4c59-9ebc-b2f53b6dad07" CHANGEID="600777526" HOUSENUM="72а" HOUSETYPE="2" OPERTYPEID="10" PREVID="0" NEXTID="0" UPDATEDATE="2024-09-09" STARTDATE="2024-09-09" ENDDATE="2079-06-06" ISACTUAL="1" ISACTIVE="1" /><HOUSE ID="126745248" OBJECTID="165141992" OBJECTGUID="5a44a205-9e1f-4e1c-b34e-58095a4a261a" CHANGEID="600777534" HOUSENUM="195" HOUSETYPE="2" OPERTYPEID="10" PREVID="0" NEXTID="0" UPDATEDATE="2024-09-09" STARTDATE="2024-09-09" ENDDATE="2079-06-06" ISACTUAL="1" ISACTIVE="1" /><HOUSE ID="126745363" OBJECTID="165142161" OBJECTGUID="4af3842e-b9e7-4047-82d0-9e91ee6452a6" CHANGEID="600778240" HOUSENUM="31" HOUSETYPE="2" OPERTYPEID="10" PREVID="0" NEXTID="0" UPDATEDATE="2024-09-09" STARTDATE="2024-09-09" ENDDATE="2079-06-06" ISACTUAL="1" ISACTIVE="1" /><HOUSE ID="126745373" OBJECTID="165142178" OBJECTGUID="7986f37b-e7ce-4d92-b3c5-fdb4f8d72605" CHANGEID="600778428" HOUSENUM="199" HOUSETYPE="2" OPERTYPEID="10" PREVID="0" NEXTID="0" UPDATEDATE="2024-09-09" STARTDATE="2024-09-09" ENDDATE="2079-06-06" ISACTUAL="1" ISACTIVE="1" /><HOUSE ID="126745375" OBJECTID="165142180" OBJECTGUID="3dc206ab-5206-406c-ac62-934c69a58fa3" CHANGEID="600778430" HOUSENUM="116" HOUSETYPE="2" OPERTYPEID="10" PREVID="0" NEXTID="0" UPDATEDATE="2024-09-09" STARTDATE="2024-09-09" ENDDATE="2079-06-06" ISACTUAL="1" ISACTIVE="1" /><HOUSE ID="126745619" OBJECTID="165143116" OBJECTGUID="c65b7257-f113-4580-886a-ad2ffdb907a3" CHANGEID="600780066" HOUSENUM="5" HOUSETYPE="2" OPERTYPEID="10" PREVID="0" NEXTID="0" UPDATEDATE="2024-09-09" STARTDATE="2024-09-09" ENDDATE="2079-06-06" ISACTUAL="1" ISACTIVE="1" /><HOUSE ID="126745622" OBJECTID="165143132" OBJECTGUID="4f655e24-8677-4471-b090-2526030bd427" CHANGEID="600780084" HOUSENUM="1а" HOUSETYPE="5" OPERTYPEID="10" PREVID="0" NEXTID="0" UPDATEDATE="2024-09-09" STARTDATE="2024-09-09" ENDDATE="2079-06-06" ISACTUAL="1" ISACTIVE="1" /><HOUSE ID="126745624" OBJECTID="165143134" OBJECTGUID="1fa2b2b6-8298-4c75-bbec-190b06c68cf0" CHANGEID="600780086" HOUSENUM="1а" ADDNUM1="1" HOUSETYPE="5" ADDTYPE1="2" OPERTYPEID="10" PREVID="0" NEXTID="0" UPDATEDATE="2024-09-09" STARTDATE="2024-09-09" ENDDATE="2079-06-06" ISACTUAL="1" ISACTIVE="1" /><HOUSE ID="126745625" OBJECTID="165143135" OBJECTGUID="34a86bcd-3b9f-4dd5-83db-9ba4afbc26e3" CHANGEID="600780087" HOUSENUM="1а" ADDNUM1="2" HOUSETYPE="5" ADDTYPE1="2" OPERTYPEID="10" PREVID="0" NEXTID="0" UPDATEDATE="2024-09-09" STARTDATE="2024-09-09" ENDDATE="2079-06-06" ISACTUAL="1" ISACTIVE="1" /><HOUSE ID="126745626" OBJECTID="165143136" OBJECTGUID="08ca842a-bdfe-4581-a328-d639d6435545" CHANGEID="600780088" HOUSENUM="1б" ADDNUM1="1" HOUSETYPE="5" ADDTYPE1="2" OPERTYPEID="10" PREVID="0" NEXTID="0" UPDATEDATE="2024-09-09" STARTDATE="2024-09-09" ENDDATE="2079-06-06" ISACTUAL="1" ISACTIVE="1" /><HOUSE ID="126745627" OBJECTID="165143138" OBJECTGUID="c40fd294-c006-4674-a81d-b97260ee00cd" CHANGEID="600780090" HOUSENUM="14" HOUSETYPE="2" OPERTYPEID="10" PREVID="0" NEXTID="0" UPDATEDATE="2024-09-09" STARTDATE="2024-09-09" ENDDATE="2079-06-06" ISACTUAL="1" ISACTIVE="1" /><HOUSE ID="126745631" OBJECTID="165143149" OBJECTGUID="7143ab23-bb7b-46fc-8467-78c5a3ba1031" CHANGEID="600780104" HOUSENUM="1А" HOUSETYPE="2" OPERTYPEID="10" PREVID="0" NEXTID="0" UPDATEDATE="2024-09-09" STARTDATE="2024-09-09" ENDDATE="2079-06-06" ISACTUAL="1" ISACTIVE="1" /><HOUSE ID="126745633" OBJECTID="165143152" OBJECTGUID="0e699ec4-ca0e-4a6a-865c-b7789ff192c2" CHANGEID="600780108" HOUSENUM="48" HOUSETYPE="2" OPERTYPEID="10" PREVID="0" NEXTID="0" UPDATEDATE="2024-09-09" STARTDATE="2024-09-09" ENDDATE="2079-06-06" ISACTUAL="1" ISACTIVE="1" /><HOUSE ID="126745636" OBJECTID="165143156" OBJECTGUID="39fcc732-709a-40fd-93e9-761d0c0c469d" CHANGEID="600780113" HOUSENUM="1А" HOUSETYPE="2" OPERTYPEID="10" PREVID="0" NEXTID="0" UPDATEDATE="2024-09-09" STARTDATE="2024-09-09" ENDDATE="2079-06-06" ISACTUAL="1" ISACTIVE="1" /><HOUSE ID="126745638" OBJECTID="165143164" OBJECTGUID="e2422f9e-57f0-4720-a3fa-2d79fdaf037f" CHANGEID="600780122" HOUSENUM="9" HOUSETYPE="2" OPERTYPEID="10" PREVID="0" NEXTID="0" UPDATEDATE="2024-09-09" STARTDATE="2024-09-09" ENDDATE="2079-06-06" ISACTUAL="1" ISACTIVE="1" /><HOUSE ID="126745658" OBJECTID="165143234" OBJECTGUID="e9057e84-19e6-4ea9-96f3-4a160e2825c1" CHANGEID="600780204" HOUSENUM="9" HOUSETYPE="2" OPERTYPEID="10" PREVID="0" NEXTID="0" UPDATEDATE="2024-09-09" STARTDATE="2024-09-09" ENDDATE="2079-06-06" ISACTUAL="1" ISACTIVE="1" /><HOUSE ID="126745650" OBJECTID="165143218" OBJECTGUID="aee95439-bb55-49ef-9203-21465a3e7caf" CHANGEID="600780188" HOUSENUM="10А" HOUSETYPE="2" OPERTYPEID="10" PREVID="0" NEXTID="0" UPDATEDATE="2024-09-09" STARTDATE="2024-09-09" ENDDATE="2079-06-06" ISACTUAL="1" ISACTIVE="1" /><HOUSE ID="126745651" OBJECTID="165143222" OBJECTGUID="d5e58525-aaf1-4ef5-934a-859c30374e62" CHANGEID="600780192" HOUSENUM="14а" HOUSETYPE="2" OPERTYPEID="10" PREVID="0" NEXTID="0" UPDATEDATE="2024-09-09" STARTDATE="2024-09-09" ENDDATE="2079-06-06" ISACTUAL="1" ISACTIVE="1" /><HOUSE ID="126745948" OBJECTID="165144328" OBJECTGUID="01171551-f40d-4ca6-aae7-7f0eb82c58dd" CHANGEID="600781812" HOUSENUM="11" HOUSETYPE="2" OPERTYPEID="10" PREVID="0" NEXTID="0" UPDATEDATE="2024-09-09" STARTDATE="2024-09-09" ENDDATE="2079-06-06" ISACTUAL="1" ISACTIVE="1" /><HOUSE ID="126745953" OBJECTID="165144347" OBJECTGUID="72b99459-0e58-4bd4-a197-0b30437d2eb5" CHANGEID="600781834" HOUSENUM="5" HOUSETYPE="2" OPERTYPEID="10" PREVID="0" NEXTID="0" UPDATEDATE="2024-09-09" STARTDATE="2024-09-09" ENDDATE="2079-06-06" ISACTUAL="1" ISACTIVE="1" /><HOUSE ID="126745956" OBJECTID="165144349" OBJECTGUID="597728b6-9454-41ad-b540-3ca853582428" CHANGEID="600781837" HOUSENUM="13" HOUSETYPE="2" OPERTYPEID="10" PREVID="0" NEXTID="0" UPDATEDATE="2024-09-09" STARTDATE="2024-09-09" ENDDATE="2079-06-06" ISACTUAL="1" ISACTIVE="1" /><HOUSE ID="126745959" OBJECTID="165144356" OBJECTGUID="09426e6c-98a9-40c2-8b86-7137550fe1f0" CHANGEID="600781846" HOUSENUM="14А" HOUSETYPE="2" OPERTYPEID="10" PREVID="0" NEXTID="0" UPDATEDATE="2024-09-09" STARTDATE="2024-09-09" ENDDATE="2079-06-06" ISACTUAL="1" ISACTIVE="1" /><HOUSE ID="126746291" OBJECTID="165145840" OBJECTGUID="3d931d95-bb6e-4720-a9f6-1f6470719e9e" CHANGEID="600784069" HOUSENUM="14а" HOUSETYPE="2" OPERTYPEID="10" PREVID="0" NEXTID="0" UPDATEDATE="2024-09-09" STARTDATE="2024-09-09" ENDDATE="2079-06-06" ISACTUAL="1" ISACTIVE="1" /><HOUSE ID="126753381" OBJECTID="165178537" OBJECTGUID="5b45c154-b783-4c23-b752-d961ef09e545" CHANGEID="600839679" HOUSENUM="14" HOUSETYPE="2" OPERTYPEID="10" PREVID="0" NEXTID="0" UPDATEDATE="2024-09-10" STARTDATE="2024-09-10" ENDDATE="2079-06-06" ISACTUAL="1" ISACTIVE="1" /><HOUSE ID="126753390" OBJECTID="41000375" OBJECTGUID="601f5cdb-a94f-45af-8e40-616df9bb850a" CHANGEID="600839800" HOUSENUM="59" HOUSETYPE="2" OPERTYPEID="30" PREVID="24495919" NEXTID="0" UPDATEDATE="2024-09-10" STARTDATE="2024-09-10" ENDDATE="2079-06-06" ISACTUAL="1" ISACTIVE="0" /><HOUSE ID="126753765" OBJECTID="165179692" OBJECTGUID="a1ec5f89-f803-4d60-a469-9fe2a8ead700" CHANGEID="600842005" HOUSENUM="29А" HOUSETYPE="2" OPERTYPEID="10" PREVID="0" NEXTID="0" UPDATEDATE="2024-09-10" STARTDATE="2024-09-10" ENDDATE="2079-06-06" ISACTUAL="1" ISACTIVE="1" /><HOUSE ID="126753772" OBJECTID="165179705" OBJECTGUID="6dd6c78e-8124-4843-a02b-e86a167c9596" CHANGEID="600842027" HOUSENUM="12а" HOUSETYPE="2" OPERTYPEID="10" PREVID="0" NEXTID="0" UPDATEDATE="2024-09-10" STARTDATE="2024-09-10" ENDDATE="2079-06-06" ISACTUAL="1" ISACTIVE="1" /><HOUSE ID="126754063" OBJECTID="164879503" OBJECTGUID="74122ad4-2ac9-428c-9a3e-91556e37acf4" CHANGEID="600844158" HOUSENUM="23а" HOUSETYPE="2" OPERTYPEID="20" PREVID="126677773" UPDATEDATE="2024-09-10" STARTDATE="2024-09-10" ENDDATE="2079-06-06" ISACTUAL="1" ISACTIVE="1" /><HOUSE ID="63847707" OBJECTID="32565508" OBJECTGUID="aff95e28-38eb-4c7a-903f-97aaf3d9f04f" CHANGEID="49687473" HOUSENUM="6" HOUSETYPE="2" OPERTYPEID="20" PREVID="19327047" NEXTID="126757783" UPDATEDATE="2024-09-11" STARTDATE="2014-06-16" ENDDATE="2024-09-11" ISACTUAL="0" ISACTIVE="0" /><HOUSE ID="126757783" OBJECTID="32565508" OBJECTGUID="aff95e28-38eb-4c7a-903f-97aaf3d9f04f" CHANGEID="600897488" HOUSENUM="6" HOUSETYPE="5" OPERTYPEID="20" PREVID="63847707" UPDATEDATE="2024-09-11" STARTDATE="2024-09-11" ENDDATE="2079-06-06" ISACTUAL="1" ISACTIVE="1" /><HOUSE ID="126757784" OBJECTID="57362450" OBJECTGUID="10802534-8dc9-425f-9f16-71d79517a0df" CHANGEID="600897490" HOUSENUM="21" HOUSETYPE="2" OPERTYPEID="20" PREVID="52550646" UPDATEDATE="2024-09-11" STARTDATE="2024-09-11" ENDDATE="2079-06-06" ISACTUAL="1" ISACTIVE="1" /><HOUSE ID="126757785" OBJECTID="32564130" OBJECTGUID="6acc784d-b75c-4699-8ed2-8251fefd6a9c" CHANGEID="600897492" HOUSENUM="7/21" HOUSETYPE="2" OPERTYPEID="30" PREVID="58946721" NEXTID="0" UPDATEDATE="2024-09-11" STARTDATE="2024-09-11" ENDDATE="2079-06-06" ISACTUAL="1" ISACTIVE="0" /><HOUSE ID="126757787" OBJECTID="32569015" OBJECTGUID="2bda72b1-2f80-4a89-b564-f96e5e244723" CHANGEID="600897514" HOUSENUM="31/32" HOUSETYPE="2" OPERTYPEID="30" PREVID="54487868" NEXTID="0" UPDATEDATE="2024-09-11" STARTDATE="2024-09-11" ENDDATE="2079-06-06" ISACTUAL="1" ISACTIVE="0" /><HOUSE ID="54487868" OBJECTID="32569015" OBJECTGUID="2bda72b1-2f80-4a89-b564-f96e5e244723" CHANGEID="49692885" HOUSENUM="31/32" HOUSETYPE="2" OPERTYPEID="20" PREVID="19329280" NEXTID="126757787" UPDATEDATE="2024-09-11" STARTDATE="2014-06-16" ENDDATE="2024-09-11" ISACTUAL="0" ISACTIVE="0" /><HOUSE ID="126757786" OBJECTID="32564973" OBJECTGUID="b40a91c3-c797-4c3b-954b-86e51ec5d0f3" CHANGEID="600897497" HOUSENUM="11/22" HOUSETYPE="2" OPERTYPEID="30" PREVID="64136402" NEXTID="0" UPDATEDATE="2024-09-11" STARTDATE="2024-09-11" ENDDATE="2079-06-06" ISACTUAL="1" ISACTIVE="0" /><HOUSE ID="126758061" OBJECTID="165202985" OBJECTGUID="8a74e6a8-a203-4158-998b-becd133ff54e" CHANGEID="600900756" HOUSENUM="6" HOUSETYPE="2" OPERTYPEID="10" PREVID="0" NEXTID="0" UPDATEDATE="2024-09-11" STARTDATE="2024-09-11" ENDDATE="2079-06-06" ISACTUAL="1" ISACTIVE="1" /><HOUSE ID="126758324" OBJECTID="165204270" OBJECTGUID="54bb0167-8d9b-438f-90e2-6d0c4e0a5774" CHANGEID="600902626" HOUSENUM="41" HOUSETYPE="2" OPERTYPEID="10" PREVID="0" NEXTID="0" UPDATEDATE="2024-09-11" STARTDATE="2024-09-11" ENDDATE="2079-06-06" ISACTUAL="1" ISACTIVE="1" /><HOUSE ID="126758325" OBJECTID="165204277" OBJECTGUID="f3803d24-e5cd-4eb9-9028-4a458954f93b" CHANGEID="600902635" HOUSENUM="30" HOUSETYPE="2" OPERTYPEID="10" PREVID="0" NEXTID="0" UPDATEDATE="2024-09-11" STARTDATE="2024-09-11" ENDDATE="2079-06-06" ISACTUAL="1" ISACTIVE="1" /><HOUSE ID="126758326" OBJECTID="165204281" OBJECTGUID="aefa05da-5d2c-482a-8c8b-106dd3fc235c" CHANGEID="600902641" HOUSENUM="42" HOUSETYPE="2" OPERTYPEID="10" PREVID="0" NEXTID="0" UPDATEDATE="2024-09-11" STARTDATE="2024-09-11" ENDDATE="2079-06-06" ISACTUAL="1" ISACTIVE="1" /><HOUSE ID="126758327" OBJECTID="165204300" OBJECTGUID="57360a5f-7c48-4420-9cd3-de4ecf04674e" CHANGEID="600902670" HOUSENUM="110а" HOUSETYPE="5" OPERTYPEID="10" PREVID="0" NEXTID="0" UPDATEDATE="2024-09-11" STARTDATE="2024-09-11" ENDDATE="2079-06-06" ISACTUAL="1" ISACTIVE="1" /><HOUSE ID="126758328" OBJECTID="165204312" OBJECTGUID="59cdcbb9-b3ce-44f1-9f05-30106f2cc526" CHANGEID="600902689" HOUSENUM="209Б" HOUSETYPE="2" OPERTYPEID="10" PREVID="0" NEXTID="0" UPDATEDATE="2024-09-11" STARTDATE="2024-09-11" ENDDATE="2079-06-06" ISACTUAL="1" ISACTIVE="1" /><HOUSE ID="126758549" OBJECTID="165205331" OBJECTGUID="7c58b9c3-a022-48a8-846f-f7eb934aa8e9" CHANGEID="600904300" HOUSENUM="14а" HOUSETYPE="5" OPERTYPEID="10" PREVID="0" NEXTID="0" UPDATEDATE="2024-09-11" STARTDATE="2024-09-11" ENDDATE="2079-06-06" ISACTUAL="1" ISACTIVE="1" /><HOUSE ID="126758550" OBJECTID="165205336" OBJECTGUID="76b077a1-4bb6-41b4-ba67-b8bba1b39767" CHANGEID="600904305" HOUSENUM="36а" HOUSETYPE="5" OPERTYPEID="10" PREVID="0" NEXTID="0" UPDATEDATE="2024-09-11" STARTDATE="2024-09-11" ENDDATE="2079-06-06" ISACTUAL="1" ISACTIVE="1" /><HOUSE ID="126758854" OBJECTID="165206805" OBJECTGUID="0f0b1f6f-7dc3-4edc-af72-53237a6707dc" CHANGEID="600906504" HOUSENUM="21" HOUSETYPE="2" OPERTYPEID="10" PREVID="0" NEXTID="0" UPDATEDATE="2024-09-11" STARTDATE="2024-09-11" ENDDATE="2079-06-06" ISACTUAL="1" ISACTIVE="1" /><HOUSE ID="126758855" OBJECTID="165206807" OBJECTGUID="b85afea0-233d-408a-880a-19f533da6aa2" CHANGEID="600906506" HOUSENUM="23" HOUSETYPE="2" OPERTYPEID="10" PREVID="0" NEXTID="0" UPDATEDATE="2024-09-11" STARTDATE="2024-09-11" ENDDATE="2079-06-06" ISACTUAL="1" ISACTIVE="1" /><HOUSE ID="126758856" OBJECTID="165206809" OBJECTGUID="cb993a3e-f68b-428b-a577-ea824a77e3b9" CHANGEID="600906509" HOUSENUM="2" HOUSETYPE="2" OPERTYPEID="10" PREVID="0" NEXTID="0" UPDATEDATE="2024-09-11" STARTDATE="2024-09-11" ENDDATE="2079-06-06" ISACTUAL="1" ISACTIVE="1" /><HOUSE ID="126758857" OBJECTID="165206814" OBJECTGUID="467d5ab2-bee4-448c-a508-50b51954d516" CHANGEID="600906515" HOUSENUM="7" HOUSETYPE="2" OPERTYPEID="10" PREVID="0" NEXTID="0" UPDATEDATE="2024-09-11" STARTDATE="2024-09-11" ENDDATE="2079-06-06" ISACTUAL="1" ISACTIVE="1" /><HOUSE ID="126758858" OBJECTID="165206824" OBJECTGUID="21744f57-5eec-483a-abfd-7cff887791a9" CHANGEID="600906526" HOUSENUM="3" HOUSETYPE="2" OPERTYPEID="10" PREVID="0" NEXTID="0" UPDATEDATE="2024-09-11" STARTDATE="2024-09-11" ENDDATE="2079-06-06" ISACTUAL="1" ISACTIVE="1" /><HOUSE ID="126758859" OBJECTID="165206827" OBJECTGUID="cad033a2-6619-4a73-99a8-9e70cdcd2dd3" CHANGEID="600906529" HOUSENUM="9а" HOUSETYPE="2" OPERTYPEID="10" PREVID="0" NEXTID="0" UPDATEDATE="2024-09-11" STARTDATE="2024-09-11" ENDDATE="2079-06-06" ISACTUAL="1" ISACTIVE="1" /><HOUSE ID="126758860" OBJECTID="165206829" OBJECTGUID="e0920a99-73e8-4d35-aa4e-0c540434aef4" CHANGEID="600906532" HOUSENUM="2" HOUSETYPE="2" OPERTYPEID="10" PREVID="0" NEXTID="0" UPDATEDATE="2024-09-11" STARTDATE="2024-09-11" ENDDATE="2079-06-06" ISACTUAL="1" ISACTIVE="1" /><HOUSE ID="126758862" OBJECTID="165206834" OBJECTGUID="24c866cc-fc1a-46bd-9f13-206b13aa020b" CHANGEID="600906539" HOUSENUM="23" HOUSETYPE="2" OPERTYPEID="10" PREVID="0" NEXTID="0" UPDATEDATE="2024-09-11" STARTDATE="2024-09-11" ENDDATE="2079-06-06" ISACTUAL="1" ISACTIVE="1" /><HOUSE ID="126758863" OBJECTID="165206836" OBJECTGUID="7c5d8402-86e5-40e1-af59-cf7cac81305e" CHANGEID="600906541" HOUSENUM="61" HOUSETYPE="2" OPERTYPEID="10" PREVID="0" NEXTID="0" UPDATEDATE="2024-09-11" STARTDATE="2024-09-11" ENDDATE="2079-06-06" ISACTUAL="1" ISACTIVE="1" /><HOUSE ID="126759110" OBJECTID="165207942" OBJECTGUID="67fa335f-8db5-46df-9891-77c77f724094" CHANGEID="600908315" HOUSENUM="6" HOUSETYPE="2" OPERTYPEID="10" PREVID="0" NEXTID="0" UPDATEDATE="2024-09-11" STARTDATE="2024-09-11" ENDDATE="2079-06-06" ISACTUAL="1" ISACTIVE="1" /><HOUSE ID="126759320" OBJECTID="165209338" OBJECTGUID="7aab8d97-5a21-4f8e-9a0b-1101a38194bd" CHANGEID="600910963" HOUSENUM="16" HOUSETYPE="2" OPERTYPEID="10" PREVID="0" NEXTID="0" UPDATEDATE="2024-09-11" STARTDATE="2024-09-11" ENDDATE="2079-06-06" ISACTUAL="1" ISACTIVE="1" /><HOUSE ID="126759321" OBJECTID="165209339" OBJECTGUID="29f85651-6691-48e3-8828-abf36aff12ba" CHANGEID="600910965" HOUSENUM="4" HOUSETYPE="2" OPERTYPEID="10" PREVID="0" NEXTID="0" UPDATEDATE="2024-09-11" STARTDATE="2024-09-11" ENDDATE="2079-06-06" ISACTUAL="1" ISACTIVE="1" /><HOUSE ID="126759322" OBJECTID="165209345" OBJECTGUID="97c6827a-ea09-4fd5-85fc-d7ae72918341" CHANGEID="600910974" HOUSENUM="2а" HOUSETYPE="2" OPERTYPEID="10" PREVID="0" NEXTID="0" UPDATEDATE="2024-09-11" STARTDATE="2024-09-11" ENDDATE="2079-06-06" ISACTUAL="1" ISACTIVE="1" /><HOUSE ID="126760160" OBJECTID="51672388" OBJECTGUID="427a45ce-ac31-41c8-a6e6-29a1838cdea5" CHANGEID="600916161" HOUSENUM="30" HOUSETYPE="2" OPERTYPEID="30" PREVID="30873664" NEXTID="0" UPDATEDATE="2024-09-11" STARTDATE="2024-09-11" ENDDATE="2079-06-06" ISACTUAL="1" ISACTIVE="0" /><HOUSE ID="30873664" OBJECTID="51672388" OBJECTGUID="427a45ce-ac31-41c8-a6e6-29a1838cdea5" CHANGEID="77453917" HOUSENUM="30" HOUSETYPE="2" OPERTYPEID="10" PREVID="0" NEXTID="126760160" UPDATEDATE="2024-09-11" STARTDATE="1900-01-01" ENDDATE="2024-09-11" ISACTUAL="0" ISACTIVE="0" /><HOUSE ID="126760161" OBJECTID="165212454" OBJECTGUID="199816b6-b5e7-4f76-8bb2-3f3baa3131be" CHANGEID="600916170" HOUSENUM="70" ADDNUM1="1" HOUSETYPE="2" ADDTYPE1="1" OPERTYPEID="10" PREVID="0" NEXTID="0" UPDATEDATE="2024-09-11" STARTDATE="2024-09-11" ENDDATE="2079-06-06" ISACTUAL="1" ISACTIVE="1" /><HOUSE ID="126760397" OBJECTID="165214167" OBJECTGUID="5fb26a44-d61c-40df-8620-c61271c21f3b" CHANGEID="600918856" HOUSENUM="70" HOUSETYPE="2" OPERTYPEID="10" PREVID="0" NEXTID="0" UPDATEDATE="2024-09-11" STARTDATE="2024-09-11" ENDDATE="2079-06-06" ISACTUAL="1" ISACTIVE="1" /><HOUSE ID="126760395" OBJECTID="165214158" OBJECTGUID="9856421a-d366-44d6-8dc6-caae5cf1ed5e" CHANGEID="600918843" HOUSENUM="1б" HOUSETYPE="2" OPERTYPEID="10" PREVID="0" NEXTID="0" UPDATEDATE="2024-09-11" STARTDATE="2024-09-11" ENDDATE="2079-06-06" ISACTUAL="1" ISACTIVE="1" /><HOUSE ID="126760396" OBJECTID="165214166" OBJECTGUID="743b1e29-745c-4e69-ab5d-8f5cf6ed0235" CHANGEID="600918855" HOUSENUM="45" HOUSETYPE="2" OPERTYPEID="10" PREVID="0" NEXTID="0" UPDATEDATE="2024-09-11" STARTDATE="2024-09-11" ENDDATE="2079-06-06" ISACTUAL="1" ISACTIVE="1" /></HOUSES>