﻿<?xml version="1.0" encoding="utf-8"?><ADDRESSOBJECTS><OBJECT ID="1133130" OBJECTID="910741" OBJECTGUID="b91f0be0-ef12-4c5e-b603-cf21973f9da5" CHANGEID="2519260" NAME="Оптимист" TYPENAME="снт" LEVEL="7" OPERTYPEID="50" PREVID="1133065" NEXTID="52126163" UPDATEDATE="2024-09-09" STARTDATE="2016-09-29" ENDDATE="2024-09-09" ISACTUAL="0" ISACTIVE="0" /><OBJECT ID="1133662" OBJECTID="911165" OBJECTGUID="9157dd2b-e4d8-41a4-911f-c7450ba010a6" CHANGEID="2520266" NAME="Импульс" TYPENAME="снт" LEVEL="7" OPERTYPEID="50" PREVID="1133575" NEXTID="52126160" UPDATEDATE="2024-09-09" STARTDATE="2016-09-28" ENDDATE="2024-09-09" ISACTUAL="0" ISACTIVE="0" /><OBJECT ID="1134131" OBJECTID="911578" OBJECTGUID="38333d86-bcd8-4929-8af8-df9a910d5a2a" CHANGEID="2521196" NAME="Кременки" TYPENAME="снт" LEVEL="7" OPERTYPEID="50" PREVID="1134081" NEXTID="52126161" UPDATEDATE="2024-09-09" STARTDATE="2016-09-28" ENDDATE="2024-09-09" ISACTUAL="0" ISACTIVE="0" /><OBJECT ID="1138568" OBJECTID="915162" OBJECTGUID="ef41dec7-2758-495b-b401-5fef70a37eeb" CHANGEID="2529774" NAME="Промстроевец" TYPENAME="снт" LEVEL="7" OPERTYPEID="50" PREVID="1138516" NEXTID="52126164" UPDATEDATE="2024-09-09" STARTDATE="2016-09-28" ENDDATE="2024-09-09" ISACTUAL="0" ISACTIVE="0" /><OBJECT ID="52042146" OBJECTID="906089" OBJECTGUID="da8cd4ad-690f-45d5-90f0-24de40299d44" CHANGEID="496719666" NAME="Дорожник-2" TYPENAME="с/т" LEVEL="7" OPERTYPEID="20" PREVID="1127463" NEXTID="52126158" UPDATEDATE="2024-09-09" STARTDATE="2023-03-21" ENDDATE="2024-09-09" ISACTUAL="0" ISACTIVE="0" /><OBJECT ID="52125791" OBJECTID="165077374" OBJECTGUID="61afb338-c7cf-4f8a-9e8d-7d893cd5debd" CHANGEID="600538435" NAME="1-й Московский" TYPENAME="пер." LEVEL="8" OPERTYPEID="10" PREVID="0" NEXTID="0" UPDATEDATE="2024-09-05" STARTDATE="2024-09-05" ENDDATE="2079-06-06" ISACTUAL="1" ISACTIVE="1" /><OBJECT ID="52125792" OBJECTID="165077476" OBJECTGUID="4e542756-9ce6-480f-8d80-c3a7ed5c9fe5" CHANGEID="600538622" NAME="2-й Московский" TYPENAME="пер." LEVEL="8" OPERTYPEID="10" PREVID="0" NEXTID="0" UPDATEDATE="2024-09-05" STARTDATE="2024-09-05" ENDDATE="2079-06-06" ISACTUAL="1" ISACTIVE="1" /><OBJECT ID="52125816" OBJECTID="165086384" OBJECTGUID="fb92da6d-476d-4473-bd20-ae4cd8411e27" CHANGEID="600553179" NAME="3-й Московский" TYPENAME="пер." LEVEL="8" OPERTYPEID="10" PREVID="0" NEXTID="0" UPDATEDATE="2024-09-05" STARTDATE="2024-09-05" ENDDATE="2079-06-06" ISACTUAL="1" ISACTIVE="1" /><OBJECT ID="52125817" OBJECTID="165086510" OBJECTGUID="c4867c0c-edc0-4da0-80c3-b4785d0c3cd8" CHANGEID="600553485" NAME="Речная" TYPENAME="ул." LEVEL="8" OPERTYPEID="10" PREVID="0" NEXTID="0" UPDATEDATE="2024-09-05" STARTDATE="2024-09-05" ENDDATE="2079-06-06" ISACTUAL="1" ISACTIVE="1" /><OBJECT ID="52125818" OBJECTID="165086587" OBJECTGUID="f37d1118-61bc-4ec5-8ab4-2e5d67345506" CHANGEID="600553583" NAME="1-й Советский" TYPENAME="пер." LEVEL="8" OPERTYPEID="10" PREVID="0" NEXTID="0" UPDATEDATE="2024-09-05" STARTDATE="2024-09-05" ENDDATE="2079-06-06" ISACTUAL="1" ISACTIVE="1" /><OBJECT ID="52125820" OBJECTID="165086619" OBJECTGUID="b79f30bd-c8f7-4d85-8653-cb9f5150dbe9" CHANGEID="600553637" NAME="2-й Советский" TYPENAME="пер." LEVEL="8" OPERTYPEID="10" PREVID="0" NEXTID="0" UPDATEDATE="2024-09-05" STARTDATE="2024-09-05" ENDDATE="2079-06-06" ISACTUAL="1" ISACTIVE="1" /><OBJECT ID="52125821" OBJECTID="165086945" OBJECTGUID="bbb771e2-2b71-4514-a3f3-1049f24cb2e2" CHANGEID="600554064" NAME="3-й Советский" TYPENAME="пер." LEVEL="8" OPERTYPEID="10" PREVID="0" NEXTID="0" UPDATEDATE="2024-09-05" STARTDATE="2024-09-05" ENDDATE="2079-06-06" ISACTUAL="1" ISACTIVE="1" /><OBJECT ID="52125822" OBJECTID="165086970" OBJECTGUID="32dc1b22-395b-4d78-8c81-c02041573655" CHANGEID="600554098" NAME="4-й Советский" TYPENAME="пер." LEVEL="8" OPERTYPEID="10" PREVID="0" NEXTID="0" UPDATEDATE="2024-09-05" STARTDATE="2024-09-05" ENDDATE="2079-06-06" ISACTUAL="1" ISACTIVE="1" /><OBJECT ID="52125823" OBJECTID="165087073" OBJECTGUID="4af1e739-d9fd-4ea7-ad3a-3422655fde65" CHANGEID="600554246" NAME="Им Ленина" TYPENAME="пер." LEVEL="8" OPERTYPEID="10" PREVID="0" NEXTID="0" UPDATEDATE="2024-09-05" STARTDATE="2024-09-05" ENDDATE="2079-06-06" ISACTUAL="1" ISACTIVE="1" /><OBJECT ID="52125824" OBJECTID="165087115" OBJECTGUID="8af804cc-7ecf-42fe-adf7-d7879e4befde" CHANGEID="600554320" NAME="Парковый" TYPENAME="пер." LEVEL="8" OPERTYPEID="10" PREVID="0" NEXTID="0" UPDATEDATE="2024-09-05" STARTDATE="2024-09-05" ENDDATE="2079-06-06" ISACTUAL="1" ISACTIVE="1" /><OBJECT ID="52125825" OBJECTID="165087139" OBJECTGUID="8c35b3a3-82dc-4a80-a472-a1cc40262155" CHANGEID="600554366" NAME="1-й Садовый" TYPENAME="пер." LEVEL="8" OPERTYPEID="10" PREVID="0" NEXTID="0" UPDATEDATE="2024-09-05" STARTDATE="2024-09-05" ENDDATE="2079-06-06" ISACTUAL="1" ISACTIVE="1" /><OBJECT ID="52125826" OBJECTID="165087173" OBJECTGUID="b4ec78a3-f56a-435b-aea0-e1da4d537bf8" CHANGEID="600554415" NAME="2-й Садовый" TYPENAME="пер." LEVEL="8" OPERTYPEID="10" PREVID="0" NEXTID="0" UPDATEDATE="2024-09-05" STARTDATE="2024-09-05" ENDDATE="2079-06-06" ISACTUAL="1" ISACTIVE="1" /><OBJECT ID="52125827" OBJECTID="165087214" OBJECTGUID="5aed82f4-7c26-4c2f-a29e-a94ded0cf9bf" CHANGEID="600554475" NAME="им.Айсина Ильяса" TYPENAME="пер." LEVEL="8" OPERTYPEID="10" PREVID="0" NEXTID="0" UPDATEDATE="2024-09-05" STARTDATE="2024-09-05" ENDDATE="2079-06-06" ISACTUAL="1" ISACTIVE="1" /><OBJECT ID="52125828" OBJECTID="165087239" OBJECTGUID="5ef9bb7e-7158-4242-b421-74e5659e3ac9" CHANGEID="600554523" NAME="Новый" TYPENAME="пер." LEVEL="8" OPERTYPEID="10" PREVID="0" NEXTID="0" UPDATEDATE="2024-09-05" STARTDATE="2024-09-05" ENDDATE="2079-06-06" ISACTUAL="1" ISACTIVE="1" /><OBJECT ID="52125829" OBJECTID="165087437" OBJECTGUID="17100c15-76ed-4183-ae96-293883691c54" CHANGEID="600554782" NAME="Садовой башни" TYPENAME="пер." LEVEL="8" OPERTYPEID="10" PREVID="0" NEXTID="0" UPDATEDATE="2024-09-05" STARTDATE="2024-09-05" ENDDATE="2079-06-06" ISACTUAL="1" ISACTIVE="1" /><OBJECT ID="52125832" OBJECTID="165087459" OBJECTGUID="65a43fd3-e3d0-41bb-b4a1-619bf2aa7fa9" CHANGEID="600554978" NAME="Центральная" TYPENAME="ул." LEVEL="8" OPERTYPEID="10" PREVID="0" NEXTID="0" UPDATEDATE="2024-09-05" STARTDATE="2024-09-05" ENDDATE="2079-06-06" ISACTUAL="1" ISACTIVE="1" /><OBJECT ID="1135067" OBJECTID="912286" OBJECTGUID="27186dab-d502-47b1-9872-12519dd37072" CHANGEID="2522914" NAME="Березовая роща" TYPENAME="снт" LEVEL="7" OPERTYPEID="50" PREVID="1134991" NEXTID="52126050" UPDATEDATE="2024-09-09" STARTDATE="2016-09-28" ENDDATE="2024-09-09" ISACTUAL="0" ISACTIVE="0" /><OBJECT ID="52126050" OBJECTID="912286" OBJECTGUID="27186dab-d502-47b1-9872-12519dd37072" CHANGEID="600764876" NAME="Берёзовая роща" TYPENAME="тер. СНТ" LEVEL="7" OPERTYPEID="20" PREVID="1135067" UPDATEDATE="2024-09-09" STARTDATE="2024-09-09" ENDDATE="2079-06-06" ISACTUAL="1" ISACTIVE="1" /><OBJECT ID="1133271" OBJECTID="910880" OBJECTGUID="748e1030-30da-47b5-bd34-cd9e381d6d6e" CHANGEID="2519545" NAME="Березка-1" TYPENAME="снт" LEVEL="7" OPERTYPEID="50" PREVID="1133235" NEXTID="52126051" UPDATEDATE="2024-09-09" STARTDATE="2016-09-29" ENDDATE="2024-09-09" ISACTUAL="0" ISACTIVE="0" /><OBJECT ID="52126051" OBJECTID="910880" OBJECTGUID="748e1030-30da-47b5-bd34-cd9e381d6d6e" CHANGEID="600764943" NAME="Березки-1" TYPENAME="тер. СНТ" LEVEL="7" OPERTYPEID="20" PREVID="1133271" UPDATEDATE="2024-09-09" STARTDATE="2024-09-09" ENDDATE="2079-06-06" ISACTUAL="1" ISACTIVE="1" /><OBJECT ID="52126060" OBJECTID="165137926" OBJECTGUID="62b66c5b-6fec-4353-986f-7dea197e8175" CHANGEID="600771139" NAME="Юго-Западная" TYPENAME="тер." LEVEL="7" OPERTYPEID="10" PREVID="0" NEXTID="0" UPDATEDATE="2024-09-09" STARTDATE="2024-09-09" ENDDATE="2079-06-06" ISACTUAL="1" ISACTIVE="1" /><OBJECT ID="52126079" OBJECTID="165140645" OBJECTGUID="2b082d31-eb99-4ad1-bd8f-ac78985a6a26" CHANGEID="600775329" NAME="автодороги М-7 Волга" TYPENAME="тер." LEVEL="7" OPERTYPEID="10" PREVID="0" NEXTID="0" UPDATEDATE="2024-09-09" STARTDATE="2024-09-09" ENDDATE="2079-06-06" ISACTUAL="1" ISACTIVE="1" /><OBJECT ID="52126084" OBJECTID="165141501" OBJECTGUID="215afc03-2b59-46bd-9308-6c3f1df09463" CHANGEID="600776636" NAME="1-й Южный" TYPENAME="пер." LEVEL="8" OPERTYPEID="10" PREVID="0" NEXTID="0" UPDATEDATE="2024-09-09" STARTDATE="2024-09-09" ENDDATE="2079-06-06" ISACTUAL="1" ISACTIVE="1" /><OBJECT ID="52126085" OBJECTID="165141502" OBJECTGUID="2dea0a16-f95f-4a3a-8ab9-a6df0e8d3371" CHANGEID="600776637" NAME="2-й Южный" TYPENAME="пер." LEVEL="8" OPERTYPEID="10" PREVID="0" NEXTID="0" UPDATEDATE="2024-09-09" STARTDATE="2024-09-09" ENDDATE="2079-06-06" ISACTUAL="1" ISACTIVE="1" /><OBJECT ID="52126099" OBJECTID="165143605" OBJECTGUID="89f65579-d3a1-42d9-8a61-9069faafceba" CHANGEID="600780739" NAME="Дачная" TYPENAME="ул." LEVEL="8" OPERTYPEID="10" PREVID="0" NEXTID="0" UPDATEDATE="2024-09-09" STARTDATE="2024-09-09" ENDDATE="2079-06-06" ISACTUAL="1" ISACTIVE="1" /><OBJECT ID="1132559" OBJECTID="910290" OBJECTGUID="a16b922e-e235-421a-9983-ab36f02cec54" CHANGEID="2518195" NAME="Березка-2" TYPENAME="снт" LEVEL="7" OPERTYPEID="50" PREVID="1132529" NEXTID="52126154" UPDATEDATE="2024-09-09" STARTDATE="2016-09-29" ENDDATE="2024-09-09" ISACTUAL="0" ISACTIVE="0" /><OBJECT ID="52126154" OBJECTID="910290" OBJECTGUID="a16b922e-e235-421a-9983-ab36f02cec54" CHANGEID="600789919" NAME="Березка-2" TYPENAME="тер. СНТ" LEVEL="7" OPERTYPEID="20" PREVID="1132559" UPDATEDATE="2024-09-09" STARTDATE="2024-09-09" ENDDATE="2079-06-06" ISACTUAL="1" ISACTIVE="1" /><OBJECT ID="1135760" OBJECTID="912854" OBJECTGUID="4f5f4e9a-f250-4dd2-8097-27f5c6ee79b3" CHANGEID="2524268" NAME="Белая роща" TYPENAME="снт" LEVEL="7" OPERTYPEID="50" PREVID="1135696" NEXTID="52126155" UPDATEDATE="2024-09-09" STARTDATE="2016-09-28" ENDDATE="2024-09-09" ISACTUAL="0" ISACTIVE="0" /><OBJECT ID="52126155" OBJECTID="912854" OBJECTGUID="4f5f4e9a-f250-4dd2-8097-27f5c6ee79b3" CHANGEID="600789951" NAME="Белая роща" TYPENAME="тер. СНТ" LEVEL="7" OPERTYPEID="20" PREVID="1135760" UPDATEDATE="2024-09-09" STARTDATE="2024-09-09" ENDDATE="2079-06-06" ISACTUAL="1" ISACTIVE="1" /><OBJECT ID="1132015" OBJECTID="909846" OBJECTGUID="d8c8998f-ccbe-402c-9e7f-43810a146753" CHANGEID="2517184" NAME="Возрождение" TYPENAME="снт" LEVEL="7" OPERTYPEID="50" PREVID="1131969" NEXTID="52126156" UPDATEDATE="2024-09-09" STARTDATE="2016-09-29" ENDDATE="2024-09-09" ISACTUAL="0" ISACTIVE="0" /><OBJECT ID="52126156" OBJECTID="909846" OBJECTGUID="d8c8998f-ccbe-402c-9e7f-43810a146753" CHANGEID="600789993" NAME="Возрождение" TYPENAME="тер. СНТ" LEVEL="7" OPERTYPEID="20" PREVID="1132015" UPDATEDATE="2024-09-09" STARTDATE="2024-09-09" ENDDATE="2079-06-06" ISACTUAL="1" ISACTIVE="1" /><OBJECT ID="1133857" OBJECTID="911373" OBJECTGUID="1bf35b23-e038-4a25-9a7a-e5551ebca20a" CHANGEID="2520684" NAME="N17 Ветерок" TYPENAME="снт" LEVEL="7" OPERTYPEID="50" PREVID="1133822" NEXTID="52126157" UPDATEDATE="2024-09-09" STARTDATE="2016-09-29" ENDDATE="2024-09-09" ISACTUAL="0" ISACTIVE="0" /><OBJECT ID="52126157" OBJECTID="911373" OBJECTGUID="1bf35b23-e038-4a25-9a7a-e5551ebca20a" CHANGEID="600790066" NAME="№ 17 Ветерок" TYPENAME="тер. СНТ" LEVEL="7" OPERTYPEID="20" PREVID="1133857" UPDATEDATE="2024-09-09" STARTDATE="2024-09-09" ENDDATE="2079-06-06" ISACTUAL="1" ISACTIVE="1" /><OBJECT ID="52126158" OBJECTID="906089" OBJECTGUID="da8cd4ad-690f-45d5-90f0-24de40299d44" CHANGEID="600790112" NAME="Дорожник 2" TYPENAME="тер. СНТ" LEVEL="7" OPERTYPEID="20" PREVID="52042146" UPDATEDATE="2024-09-09" STARTDATE="2024-09-09" ENDDATE="2079-06-06" ISACTUAL="1" ISACTIVE="1" /><OBJECT ID="1127977" OBJECTID="906509" OBJECTGUID="704caefb-e419-420a-a4be-e0e9be9aaa34" CHANGEID="2509555" NAME="Дорожник-3" TYPENAME="снт" LEVEL="7" OPERTYPEID="50" PREVID="1127931" NEXTID="52126159" UPDATEDATE="2024-09-09" STARTDATE="2016-09-29" ENDDATE="2024-09-09" ISACTUAL="0" ISACTIVE="0" /><OBJECT ID="52126159" OBJECTID="906509" OBJECTGUID="704caefb-e419-420a-a4be-e0e9be9aaa34" CHANGEID="600790210" NAME="Дорожник 3" TYPENAME="тер. ТСН" LEVEL="7" OPERTYPEID="20" PREVID="1127977" UPDATEDATE="2024-09-09" STARTDATE="2024-09-09" ENDDATE="2079-06-06" ISACTUAL="1" ISACTIVE="1" /><OBJECT ID="52126160" OBJECTID="911165" OBJECTGUID="9157dd2b-e4d8-41a4-911f-c7450ba010a6" CHANGEID="600790437" NAME="Импульс" TYPENAME="тер. СНТ" LEVEL="7" OPERTYPEID="20" PREVID="1133662" UPDATEDATE="2024-09-09" STARTDATE="2024-09-09" ENDDATE="2079-06-06" ISACTUAL="1" ISACTIVE="1" /><OBJECT ID="52126161" OBJECTID="911578" OBJECTGUID="38333d86-bcd8-4929-8af8-df9a910d5a2a" CHANGEID="600790466" NAME="Кременки" TYPENAME="тер. СНТ" LEVEL="7" OPERTYPEID="20" PREVID="1134131" UPDATEDATE="2024-09-09" STARTDATE="2024-09-09" ENDDATE="2079-06-06" ISACTUAL="1" ISACTIVE="1" /><OBJECT ID="1133365" OBJECTID="910914" OBJECTGUID="56fd0cdf-00a2-4730-90ad-eb5ae1a777c6" CHANGEID="2519701" NAME="Наш выбор" TYPENAME="снт" LEVEL="7" OPERTYPEID="50" PREVID="1133284" NEXTID="52126162" UPDATEDATE="2024-09-09" STARTDATE="2016-09-28" ENDDATE="2024-09-09" ISACTUAL="0" ISACTIVE="0" /><OBJECT ID="52126162" OBJECTID="910914" OBJECTGUID="56fd0cdf-00a2-4730-90ad-eb5ae1a777c6" CHANGEID="600790482" NAME="Наш выбор" TYPENAME="тер. СНТ" LEVEL="7" OPERTYPEID="20" PREVID="1133365" UPDATEDATE="2024-09-09" STARTDATE="2024-09-09" ENDDATE="2079-06-06" ISACTUAL="1" ISACTIVE="1" /><OBJECT ID="52126163" OBJECTID="910741" OBJECTGUID="b91f0be0-ef12-4c5e-b603-cf21973f9da5" CHANGEID="600790559" NAME="Оптимист" TYPENAME="тер. СНТ" LEVEL="7" OPERTYPEID="20" PREVID="1133130" UPDATEDATE="2024-09-09" STARTDATE="2024-09-09" ENDDATE="2079-06-06" ISACTUAL="1" ISACTIVE="1" /><OBJECT ID="52126164" OBJECTID="915162" OBJECTGUID="ef41dec7-2758-495b-b401-5fef70a37eeb" CHANGEID="600790603" NAME="Промстроевец" TYPENAME="тер. СНТ" LEVEL="7" OPERTYPEID="20" PREVID="1138568" UPDATEDATE="2024-09-09" STARTDATE="2024-09-09" ENDDATE="2079-06-06" ISACTUAL="1" ISACTIVE="1" /><OBJECT ID="1132647" OBJECTID="910338" OBJECTGUID="bf9eb364-63f4-4b90-bdd9-b9fdba0ce510" CHANGEID="2518333" NAME="Пищевик-1" TYPENAME="снт" LEVEL="7" OPERTYPEID="50" PREVID="1132586" NEXTID="52126165" UPDATEDATE="2024-09-09" STARTDATE="2016-09-29" ENDDATE="2024-09-09" ISACTUAL="0" ISACTIVE="0" /><OBJECT ID="52126165" OBJECTID="910338" OBJECTGUID="bf9eb364-63f4-4b90-bdd9-b9fdba0ce510" CHANGEID="600790671" NAME="Пищевик-1" TYPENAME="тер. СНТ" LEVEL="7" OPERTYPEID="20" PREVID="1132647" UPDATEDATE="2024-09-09" STARTDATE="2024-09-09" ENDDATE="2079-06-06" ISACTUAL="1" ISACTIVE="1" /><OBJECT ID="1127563" OBJECTID="906194" OBJECTGUID="e3c05be1-0932-4bcc-9d72-03c17a9ddbf0" CHANGEID="2508719" NAME="Родник-40" TYPENAME="снт" LEVEL="7" OPERTYPEID="50" PREVID="1127561" NEXTID="52126166" UPDATEDATE="2024-09-09" STARTDATE="2016-09-29" ENDDATE="2024-09-09" ISACTUAL="0" ISACTIVE="0" /><OBJECT ID="52126166" OBJECTID="906194" OBJECTGUID="e3c05be1-0932-4bcc-9d72-03c17a9ddbf0" CHANGEID="600790703" NAME="Родник-40" TYPENAME="тер. СНТ" LEVEL="7" OPERTYPEID="20" PREVID="1127563" UPDATEDATE="2024-09-09" STARTDATE="2024-09-09" ENDDATE="2079-06-06" ISACTUAL="1" ISACTIVE="1" /><OBJECT ID="1131468" OBJECTID="909422" OBJECTGUID="1ebb5c95-220e-40d7-b82e-d84934021a50" CHANGEID="2516142" NAME="Ратник" TYPENAME="снт" LEVEL="7" OPERTYPEID="50" PREVID="1131464" NEXTID="52126167" UPDATEDATE="2024-09-09" STARTDATE="2016-09-29" ENDDATE="2024-09-09" ISACTUAL="0" ISACTIVE="0" /><OBJECT ID="52126167" OBJECTID="909422" OBJECTGUID="1ebb5c95-220e-40d7-b82e-d84934021a50" CHANGEID="600790727" NAME="Ратник" TYPENAME="тер. ТСН" LEVEL="7" OPERTYPEID="20" PREVID="1131468" UPDATEDATE="2024-09-09" STARTDATE="2024-09-09" ENDDATE="2079-06-06" ISACTUAL="1" ISACTIVE="1" /><OBJECT ID="52126168" OBJECTID="165150095" OBJECTGUID="4dee541e-782a-4e52-bd66-ba7647e92bb7" CHANGEID="600790758" NAME="505-й" TYPENAME="км" LEVEL="8" OPERTYPEID="10" PREVID="0" NEXTID="0" UPDATEDATE="2024-09-09" STARTDATE="2024-09-09" ENDDATE="2079-06-06" ISACTUAL="1" ISACTIVE="1" /><OBJECT ID="1129376" OBJECTID="907682" OBJECTGUID="9385dedd-6aef-4d99-93ba-b511b4fa5264" CHANGEID="2512210" NAME="Раздолье" TYPENAME="снт" LEVEL="7" OPERTYPEID="50" PREVID="1129342" NEXTID="52126169" UPDATEDATE="2024-09-09" STARTDATE="2016-09-29" ENDDATE="2024-09-09" ISACTUAL="0" ISACTIVE="0" /><OBJECT ID="52126169" OBJECTID="907682" OBJECTGUID="9385dedd-6aef-4d99-93ba-b511b4fa5264" CHANGEID="600790831" NAME="Раздолье" TYPENAME="тер. СНТ" LEVEL="7" OPERTYPEID="20" PREVID="1129376" UPDATEDATE="2024-09-09" STARTDATE="2024-09-09" ENDDATE="2079-06-06" ISACTUAL="1" ISACTIVE="1" /><OBJECT ID="1131773" OBJECTID="909647" OBJECTGUID="a54db118-d9a5-4e98-b3a0-cfe90d48582e" CHANGEID="2516720" NAME="Ручеек" TYPENAME="снт" LEVEL="7" OPERTYPEID="50" PREVID="1131731" NEXTID="52126172" UPDATEDATE="2024-09-09" STARTDATE="2016-09-29" ENDDATE="2024-09-09" ISACTUAL="0" ISACTIVE="0" /><OBJECT ID="52126172" OBJECTID="909647" OBJECTGUID="a54db118-d9a5-4e98-b3a0-cfe90d48582e" CHANGEID="600790978" NAME="Ручеёк" TYPENAME="тер. СНТ" LEVEL="7" OPERTYPEID="20" PREVID="1131773" UPDATEDATE="2024-09-09" STARTDATE="2024-09-09" ENDDATE="2079-06-06" ISACTUAL="1" ISACTIVE="1" /><OBJECT ID="1138454" OBJECTID="915087" OBJECTGUID="5f6be5f1-197c-444a-8bec-12b7048ce2f1" CHANGEID="2529555" NAME="Старт" TYPENAME="снт" LEVEL="7" OPERTYPEID="50" PREVID="1138419" NEXTID="52126174" UPDATEDATE="2024-09-09" STARTDATE="2016-09-28" ENDDATE="2024-09-09" ISACTUAL="0" ISACTIVE="0" /><OBJECT ID="52126174" OBJECTID="915087" OBJECTGUID="5f6be5f1-197c-444a-8bec-12b7048ce2f1" CHANGEID="600791004" NAME="Старт" TYPENAME="тер. СНТ" LEVEL="7" OPERTYPEID="20" PREVID="1138454" UPDATEDATE="2024-09-09" STARTDATE="2024-09-09" ENDDATE="2079-06-06" ISACTUAL="1" ISACTIVE="1" /><OBJECT ID="1132736" OBJECTID="910428" OBJECTGUID="1313a797-aefb-4ff1-89b3-c334a1b57520" CHANGEID="2518524" NAME="Юловка-1" TYPENAME="снт" LEVEL="7" OPERTYPEID="50" PREVID="1132689" NEXTID="52126175" UPDATEDATE="2024-09-09" STARTDATE="2016-09-29" ENDDATE="2024-09-09" ISACTUAL="0" ISACTIVE="0" /><OBJECT ID="52126175" OBJECTID="910428" OBJECTGUID="1313a797-aefb-4ff1-89b3-c334a1b57520" CHANGEID="600791030" NAME="Юловка-1" TYPENAME="тер. СНТ" LEVEL="7" OPERTYPEID="20" PREVID="1132736" UPDATEDATE="2024-09-09" STARTDATE="2024-09-09" ENDDATE="2079-06-06" ISACTUAL="1" ISACTIVE="1" /><OBJECT ID="1131183" OBJECTID="909154" OBJECTGUID="674c9bee-5969-4ae5-b9b3-89ae5c316e59" CHANGEID="2515605" NAME="Юловка-2" TYPENAME="снт" LEVEL="7" OPERTYPEID="50" PREVID="1131181" NEXTID="52126176" UPDATEDATE="2024-09-09" STARTDATE="2016-09-29" ENDDATE="2024-09-09" ISACTUAL="0" ISACTIVE="0" /><OBJECT ID="52126176" OBJECTID="909154" OBJECTGUID="674c9bee-5969-4ae5-b9b3-89ae5c316e59" CHANGEID="600791058" NAME="Юловка-2" TYPENAME="тер. СНТ" LEVEL="7" OPERTYPEID="20" PREVID="1131183" UPDATEDATE="2024-09-09" STARTDATE="2024-09-09" ENDDATE="2079-06-06" ISACTUAL="1" ISACTIVE="1" /><OBJECT ID="52126297" OBJECTID="165165645" OBJECTGUID="d9b830d9-25fc-4a79-bdfb-14838ea8159a" CHANGEID="600820442" NAME="Автодороги М-12 Восток" TYPENAME="тер." LEVEL="7" OPERTYPEID="10" PREVID="0" NEXTID="0" UPDATEDATE="2024-09-10" STARTDATE="2024-09-10" ENDDATE="2079-06-06" ISACTUAL="1" ISACTIVE="1" /><OBJECT ID="52126316" OBJECTID="165171432" OBJECTGUID="64207219-3e7c-4576-b1e2-fa18a96e40c7" CHANGEID="600828537" NAME="Автодороги М-12 Восток" TYPENAME="тер." LEVEL="7" OPERTYPEID="10" PREVID="0" NEXTID="0" UPDATEDATE="2024-09-10" STARTDATE="2024-09-10" ENDDATE="2079-06-06" ISACTUAL="1" ISACTIVE="1" /><OBJECT ID="52126460" OBJECTID="165205084" OBJECTGUID="46026a38-3952-4b58-8743-4a698bfad705" CHANGEID="600903931" NAME="422-й" TYPENAME="км" LEVEL="8" OPERTYPEID="10" PREVID="0" NEXTID="0" UPDATEDATE="2024-09-11" STARTDATE="2024-09-11" ENDDATE="2079-06-06" ISACTUAL="1" ISACTIVE="1" /><OBJECT ID="52126462" OBJECTID="165206448" OBJECTGUID="8ae81a43-d955-4bdc-bc75-c0120ab648c6" CHANGEID="600905964" NAME="Ворожейкина" TYPENAME="ул." LEVEL="8" OPERTYPEID="10" PREVID="0" NEXTID="0" UPDATEDATE="2024-09-11" STARTDATE="2024-09-11" ENDDATE="2079-06-06" ISACTUAL="1" ISACTIVE="1" /><OBJECT ID="52126463" OBJECTID="165206449" OBJECTGUID="82467248-a535-4a53-bab3-aab5b80223a2" CHANGEID="600905965" NAME="Цветковой" TYPENAME="ул." LEVEL="8" OPERTYPEID="10" PREVID="0" NEXTID="0" UPDATEDATE="2024-09-11" STARTDATE="2024-09-11" ENDDATE="2079-06-06" ISACTUAL="1" ISACTIVE="1" /><OBJECT ID="52126464" OBJECTID="165206450" OBJECTGUID="c42df7d0-2671-4752-be87-2e401a65a676" CHANGEID="600905966" NAME="Шмагрина" TYPENAME="ул." LEVEL="8" OPERTYPEID="10" PREVID="0" NEXTID="0" UPDATEDATE="2024-09-11" STARTDATE="2024-09-11" ENDDATE="2079-06-06" ISACTUAL="1" ISACTIVE="1" /><OBJECT ID="52126504" OBJECTID="165215763" OBJECTGUID="93902bae-86e5-4732-b827-61f3b3e8445e" CHANGEID="600922111" NAME="421-й" TYPENAME="км" LEVEL="8" OPERTYPEID="10" PREVID="0" NEXTID="0" UPDATEDATE="2024-09-11" STARTDATE="2024-09-11" ENDDATE="2079-06-06" ISACTUAL="1" ISACTIVE="1" /></ADDRESSOBJECTS>