﻿<?xml version="1.0" encoding="utf-8"?><HOUSES><HOUSE ID="56930949" OBJECTID="33921893" OBJECTGUID="4e5be5fa-47c2-4f9d-b4a1-8e1bb9254a9c" CHANGEID="51669022" HOUSENUM="15А" HOUSETYPE="2" OPERTYPEID="20" PREVID="20159465" NEXTID="126749011" UPDATEDATE="2024-09-10" STARTDATE="2017-04-10" ENDDATE="2024-09-10" ISACTUAL="0" ISACTIVE="0" /><HOUSE ID="58543176" OBJECTID="44039947" OBJECTGUID="65189174-e14e-4f04-906a-4c9b597342b7" CHANGEID="66424113" HOUSENUM="25" ADDNUM1="1" HOUSETYPE="2" ADDTYPE1="2" OPERTYPEID="20" PREVID="26308027" NEXTID="126734667" UPDATEDATE="2024-09-06" STARTDATE="2017-05-05" ENDDATE="2024-09-06" ISACTUAL="0" ISACTIVE="0" /><HOUSE ID="58634233" OBJECTID="34036624" OBJECTGUID="6660f5b7-321f-41cc-93c0-fb266aab7944" CHANGEID="51840627" HOUSENUM="15Б" HOUSETYPE="2" OPERTYPEID="20" PREVID="20236519" NEXTID="126749013" UPDATEDATE="2024-09-10" STARTDATE="2017-04-10" ENDDATE="2024-09-10" ISACTUAL="0" ISACTIVE="0" /><HOUSE ID="62147387" OBJECTID="35462103" OBJECTGUID="97f9efad-afaa-43c8-b3bb-83b7c734c903" CHANGEID="53887800" HOUSENUM="19" ADDNUM1="8" HOUSETYPE="2" ADDTYPE1="2" OPERTYPEID="20" PREVID="21071467" NEXTID="126751753" UPDATEDATE="2024-09-10" STARTDATE="2017-04-10" ENDDATE="2024-09-10" ISACTUAL="0" ISACTIVE="0" /><HOUSE ID="64676900" OBJECTID="33972671" OBJECTGUID="bbaceda6-a5e7-494c-9a63-c50d9ea78000" CHANGEID="51745517" HOUSENUM="10А" HOUSETYPE="2" OPERTYPEID="20" PREVID="20194723" NEXTID="126748998" UPDATEDATE="2024-09-10" STARTDATE="2017-04-10" ENDDATE="2024-09-10" ISACTUAL="0" ISACTIVE="0" /><HOUSE ID="66602279" OBJECTID="33844541" OBJECTGUID="d6e0342f-50bf-4851-b6e5-4ab2815bc976" CHANGEID="51553265" HOUSENUM="15В" HOUSETYPE="2" OPERTYPEID="20" PREVID="20110234" NEXTID="126749018" UPDATEDATE="2024-09-10" STARTDATE="2017-04-10" ENDDATE="2024-09-10" ISACTUAL="0" ISACTIVE="0" /><HOUSE ID="53058377" OBJECTID="33882384" OBJECTGUID="17ac65b0-5a84-498b-bd38-7b60d2db7075" CHANGEID="51610865" HOUSENUM="12А" HOUSETYPE="2" OPERTYPEID="20" PREVID="20134647" NEXTID="126749000" UPDATEDATE="2024-09-10" STARTDATE="2017-04-10" ENDDATE="2024-09-10" ISACTUAL="0" ISACTIVE="0" /><HOUSE ID="53895816" OBJECTID="34014555" OBJECTGUID="23827879-855c-45c4-9343-f779b2bb0b23" CHANGEID="51811877" HOUSENUM="24Б" HOUSETYPE="2" OPERTYPEID="20" PREVID="20223314" NEXTID="126749051" UPDATEDATE="2024-09-10" STARTDATE="2017-04-10" ENDDATE="2024-09-10" ISACTUAL="0" ISACTIVE="0" /><HOUSE ID="126726874" OBJECTID="165068506" OBJECTGUID="e0e391c9-12b9-4641-abb6-c2998cb45f5f" CHANGEID="600524688" HOUSENUM="70" HOUSETYPE="7" OPERTYPEID="10" PREVID="0" NEXTID="0" UPDATEDATE="2024-09-05" STARTDATE="2024-09-05" ENDDATE="2079-06-06" ISACTUAL="1" ISACTIVE="1" /><HOUSE ID="126728709" OBJECTID="165077437" OBJECTGUID="960376c1-7110-42e9-b6bb-2874ad359565" CHANGEID="600538546" HOUSENUM="81" HOUSETYPE="7" OPERTYPEID="10" PREVID="0" NEXTID="0" UPDATEDATE="2024-09-05" STARTDATE="2024-09-05" ENDDATE="2079-06-06" ISACTUAL="1" ISACTIVE="1" /><HOUSE ID="126728720" OBJECTID="165077474" OBJECTGUID="685f6240-5c5c-44f6-b5bc-eac626d92e52" CHANGEID="600538619" HOUSENUM="6а/106" HOUSETYPE="7" OPERTYPEID="10" PREVID="0" NEXTID="0" UPDATEDATE="2024-09-05" STARTDATE="2024-09-05" ENDDATE="2079-06-06" ISACTUAL="1" ISACTIVE="1" /><HOUSE ID="126728728" OBJECTID="165077491" OBJECTGUID="412bf0c8-674c-4024-9b91-7155047cf476" CHANGEID="600538655" HOUSENUM="101/6" HOUSETYPE="2" OPERTYPEID="10" PREVID="0" NEXTID="0" UPDATEDATE="2024-09-05" STARTDATE="2024-09-05" ENDDATE="2079-06-06" ISACTUAL="1" ISACTIVE="1" /><HOUSE ID="126728736" OBJECTID="165077505" OBJECTGUID="0b8f758b-da12-4d69-ba75-fc3cba62ae84" CHANGEID="600538684" HOUSENUM="32/8" HOUSETYPE="2" OPERTYPEID="10" PREVID="0" NEXTID="0" UPDATEDATE="2024-09-05" STARTDATE="2024-09-05" ENDDATE="2079-06-06" ISACTUAL="1" ISACTIVE="1" /><HOUSE ID="126728742" OBJECTID="165077512" OBJECTGUID="a67016d7-66c5-4903-8a75-6953b76c42ba" CHANGEID="600538698" HOUSENUM="32/7" HOUSETYPE="2" OPERTYPEID="10" PREVID="0" NEXTID="0" UPDATEDATE="2024-09-05" STARTDATE="2024-09-05" ENDDATE="2079-06-06" ISACTUAL="1" ISACTIVE="1" /><HOUSE ID="126728754" OBJECTID="165077538" OBJECTGUID="fa6e63e1-d9b2-48c9-96f4-d7a35008ea7e" CHANGEID="600538765" HOUSENUM="32/5" HOUSETYPE="2" OPERTYPEID="10" PREVID="0" NEXTID="0" UPDATEDATE="2024-09-05" STARTDATE="2024-09-05" ENDDATE="2079-06-06" ISACTUAL="1" ISACTIVE="1" /><HOUSE ID="126728760" OBJECTID="165077556" OBJECTGUID="d65ecadb-7e81-4ca3-b210-6b09ec62dbda" CHANGEID="600538788" HOUSENUM="32/10" HOUSETYPE="2" OPERTYPEID="10" PREVID="0" NEXTID="0" UPDATEDATE="2024-09-05" STARTDATE="2024-09-05" ENDDATE="2079-06-06" ISACTUAL="1" ISACTIVE="1" /><HOUSE ID="126728767" OBJECTID="165077571" OBJECTGUID="cb256c45-0a4f-4732-9e01-5b6dbfcd5fb9" CHANGEID="600538810" HOUSENUM="32/9" HOUSETYPE="2" OPERTYPEID="10" PREVID="0" NEXTID="0" UPDATEDATE="2024-09-05" STARTDATE="2024-09-05" ENDDATE="2079-06-06" ISACTUAL="1" ISACTIVE="1" /><HOUSE ID="126728771" OBJECTID="165077585" OBJECTGUID="8dcfa4c2-df38-4e2f-8db2-a9bf4318123c" CHANGEID="600538828" HOUSENUM="32/40" HOUSETYPE="2" OPERTYPEID="10" PREVID="0" NEXTID="0" UPDATEDATE="2024-09-05" STARTDATE="2024-09-05" ENDDATE="2079-06-06" ISACTUAL="1" ISACTIVE="1" /><HOUSE ID="126728748" OBJECTID="165077526" OBJECTGUID="54cc06eb-aca5-45ad-a2eb-0493aa6ce23e" CHANGEID="600538733" HOUSENUM="32/6" HOUSETYPE="2" OPERTYPEID="10" PREVID="0" NEXTID="0" UPDATEDATE="2024-09-05" STARTDATE="2024-09-05" ENDDATE="2079-06-06" ISACTUAL="1" ISACTIVE="1" /><HOUSE ID="126728772" OBJECTID="165077595" OBJECTGUID="f5245119-fa3b-4f24-8eb0-9412134a526e" CHANGEID="600538841" HOUSENUM="32/11" HOUSETYPE="2" OPERTYPEID="10" PREVID="0" NEXTID="0" UPDATEDATE="2024-09-05" STARTDATE="2024-09-05" ENDDATE="2079-06-06" ISACTUAL="1" ISACTIVE="1" /><HOUSE ID="126728775" OBJECTID="165077607" OBJECTGUID="10c4fb2c-61a5-446c-b204-348d78d14f89" CHANGEID="600538875" HOUSENUM="32/3" HOUSETYPE="2" OPERTYPEID="10" PREVID="0" NEXTID="0" UPDATEDATE="2024-09-05" STARTDATE="2024-09-05" ENDDATE="2079-06-06" ISACTUAL="1" ISACTIVE="1" /><HOUSE ID="126728779" OBJECTID="165077632" OBJECTGUID="1791581c-ce5e-432b-bd96-4b84d608859b" CHANGEID="600538908" HOUSENUM="32/4" HOUSETYPE="2" OPERTYPEID="10" PREVID="0" NEXTID="0" UPDATEDATE="2024-09-05" STARTDATE="2024-09-05" ENDDATE="2079-06-06" ISACTUAL="1" ISACTIVE="1" /><HOUSE ID="126730504" OBJECTID="165085487" OBJECTGUID="287e0338-b9e4-4488-aedb-accd0bbeb5ac" CHANGEID="600551629" HOUSENUM="10" HOUSETYPE="2" OPERTYPEID="10" PREVID="0" NEXTID="0" UPDATEDATE="2024-09-05" STARTDATE="2024-09-05" ENDDATE="2079-06-06" ISACTUAL="1" ISACTIVE="1" /><HOUSE ID="126730529" OBJECTID="165085563" OBJECTGUID="2debf9cf-e8be-4d99-93e0-5e16f637a9cd" CHANGEID="600551855" HOUSENUM="18" ADDNUM1="1" HOUSETYPE="2" ADDTYPE1="2" OPERTYPEID="10" PREVID="0" NEXTID="0" UPDATEDATE="2024-09-05" STARTDATE="2024-09-05" ENDDATE="2079-06-06" ISACTUAL="1" ISACTIVE="1" /><HOUSE ID="126730780" OBJECTID="165086513" OBJECTGUID="05188e99-fb07-40da-8d15-467951a70945" CHANGEID="600553492" HOUSENUM="48г" ADDNUM1="5/102" HOUSETYPE="2" ADDTYPE1="2" OPERTYPEID="10" PREVID="0" NEXTID="0" UPDATEDATE="2024-09-05" STARTDATE="2024-09-05" ENDDATE="2079-06-06" ISACTUAL="1" ISACTIVE="1" /><HOUSE ID="126731005" OBJECTID="165087972" OBJECTGUID="6b262564-7ab1-4725-9ac9-70a14da369ba" CHANGEID="600556258" HOUSENUM="10" HOUSETYPE="2" OPERTYPEID="10" PREVID="0" NEXTID="0" UPDATEDATE="2024-09-05" STARTDATE="2024-09-05" ENDDATE="2079-06-06" ISACTUAL="1" ISACTIVE="1" /><HOUSE ID="126731138" OBJECTID="165088595" OBJECTGUID="0e079ff4-8bb8-425f-8a23-0c91c16a9a7d" CHANGEID="600557720" HOUSENUM="48г" ADDNUM1="3/2г" HOUSETYPE="2" ADDTYPE1="2" OPERTYPEID="10" PREVID="0" NEXTID="0" UPDATEDATE="2024-09-05" STARTDATE="2024-09-05" ENDDATE="2079-06-06" ISACTUAL="1" ISACTIVE="1" /><HOUSE ID="126732326" OBJECTID="165094714" OBJECTGUID="03ad931a-7454-4a64-8cbf-2d04d409501c" CHANGEID="600568104" HOUSENUM="19" HOUSETYPE="2" OPERTYPEID="10" PREVID="0" NEXTID="0" UPDATEDATE="2024-09-06" STARTDATE="2024-09-06" ENDDATE="2079-06-06" ISACTUAL="1" ISACTIVE="1" /><HOUSE ID="126732719" OBJECTID="165096060" OBJECTGUID="088fbb6b-cddf-4641-85b5-8e7f7d397819" CHANGEID="600570761" HOUSENUM="12" HOUSETYPE="2" OPERTYPEID="10" PREVID="0" NEXTID="0" UPDATEDATE="2024-09-06" STARTDATE="2024-09-06" ENDDATE="2079-06-06" ISACTUAL="1" ISACTIVE="1" /><HOUSE ID="126734667" OBJECTID="44039947" OBJECTGUID="65189174-e14e-4f04-906a-4c9b597342b7" CHANGEID="600583356" HOUSENUM="25" HOUSETYPE="2" OPERTYPEID="20" PREVID="58543176" UPDATEDATE="2024-09-06" STARTDATE="2024-09-06" ENDDATE="2079-06-06" ISACTUAL="1" ISACTIVE="1" /><HOUSE ID="126735921" OBJECTID="165105676" OBJECTGUID="4221f626-0052-4b19-b3f9-d01201765376" CHANGEID="600588790" HOUSENUM="36" ADDNUM1="14а/6" HOUSETYPE="2" ADDTYPE1="2" OPERTYPEID="10" PREVID="0" NEXTID="0" UPDATEDATE="2024-09-06" STARTDATE="2024-09-06" ENDDATE="2079-06-06" ISACTUAL="1" ISACTIVE="1" /><HOUSE ID="126736441" OBJECTID="165108057" OBJECTGUID="baf8b554-aad9-48e1-ac1c-27772c6b0ae4" CHANGEID="600592911" HOUSENUM="27/2" HOUSETYPE="7" OPERTYPEID="10" PREVID="0" NEXTID="0" UPDATEDATE="2024-09-06" STARTDATE="2024-09-06" ENDDATE="2079-06-06" ISACTUAL="1" ISACTIVE="1" /><HOUSE ID="126737360" OBJECTID="165111343" OBJECTGUID="b6273100-17f2-4e01-9ef8-9fbe28705c9b" CHANGEID="600607005" HOUSENUM="5/6" HOUSETYPE="7" OPERTYPEID="10" PREVID="0" NEXTID="0" UPDATEDATE="2024-09-06" STARTDATE="2024-09-06" ENDDATE="2079-06-06" ISACTUAL="1" ISACTIVE="1" /><HOUSE ID="126737702" OBJECTID="165112845" OBJECTGUID="3d5dc52b-d073-4c8c-ae6c-3e9a1a248aa0" CHANGEID="600688316" HOUSENUM="5а" HOUSETYPE="2" OPERTYPEID="10" PREVID="0" NEXTID="0" UPDATEDATE="2024-09-06" STARTDATE="2024-09-06" ENDDATE="2079-06-06" ISACTUAL="1" ISACTIVE="1" /><HOUSE ID="126737760" OBJECTID="165113028" OBJECTGUID="8eee0da7-67c9-47f5-9105-a6f7b3329940" CHANGEID="600700959" HOUSENUM="8" HOUSETYPE="2" OPERTYPEID="10" PREVID="0" NEXTID="0" UPDATEDATE="2024-09-06" STARTDATE="2024-09-06" ENDDATE="2079-06-06" ISACTUAL="1" ISACTIVE="1" /><HOUSE ID="126737753" OBJECTID="165113002" OBJECTGUID="5114be28-6a68-40bf-a1cd-c1fe8b1f41b6" CHANGEID="600700890" HOUSENUM="4" HOUSETYPE="2" OPERTYPEID="10" PREVID="0" NEXTID="0" UPDATEDATE="2024-09-06" STARTDATE="2024-09-06" ENDDATE="2079-06-06" ISACTUAL="1" ISACTIVE="1" /><HOUSE ID="126738369" OBJECTID="165115289" OBJECTGUID="93c1396b-d723-4c4b-9d1c-944e3c148ae9" CHANGEID="600705029" HOUSENUM="23" HOUSETYPE="7" OPERTYPEID="10" PREVID="0" NEXTID="0" UPDATEDATE="2024-09-06" STARTDATE="2024-09-06" ENDDATE="2079-06-06" ISACTUAL="1" ISACTIVE="1" /><HOUSE ID="126738481" OBJECTID="165115440" OBJECTGUID="a8afa962-276d-4ff2-aae8-d28e24e7ee55" CHANGEID="600705362" HOUSENUM="16" HOUSETYPE="2" OPERTYPEID="10" PREVID="0" NEXTID="0" UPDATEDATE="2024-09-06" STARTDATE="2024-09-06" ENDDATE="2079-06-06" ISACTUAL="1" ISACTIVE="1" /><HOUSE ID="126738539" OBJECTID="165115624" OBJECTGUID="c66f3ed0-809f-4dcf-b377-a8eafdcdff11" CHANGEID="600705676" HOUSENUM="3/23" HOUSETYPE="7" OPERTYPEID="10" PREVID="0" NEXTID="0" UPDATEDATE="2024-09-06" STARTDATE="2024-09-06" ENDDATE="2079-06-06" ISACTUAL="1" ISACTIVE="1" /><HOUSE ID="126738532" OBJECTID="165115562" OBJECTGUID="2d2b3e91-6476-49b3-98bb-b3e2600ea49f" CHANGEID="600705578" HOUSENUM="1" HOUSETYPE="7" OPERTYPEID="10" PREVID="0" NEXTID="0" UPDATEDATE="2024-09-06" STARTDATE="2024-09-06" ENDDATE="2079-06-06" ISACTUAL="1" ISACTIVE="1" /><HOUSE ID="126738623" OBJECTID="165115865" OBJECTGUID="e3923f4e-f399-4cce-92f8-50079184a0bc" CHANGEID="600706170" HOUSENUM="21" HOUSETYPE="2" OPERTYPEID="10" PREVID="0" NEXTID="0" UPDATEDATE="2024-09-06" STARTDATE="2024-09-06" ENDDATE="2079-06-06" ISACTUAL="1" ISACTIVE="1" /><HOUSE ID="126740632" OBJECTID="165125327" OBJECTGUID="ca7fb0b6-06a9-4a0b-9d2b-995e770b9774" CHANGEID="600750464" HOUSENUM="134а" HOUSETYPE="2" OPERTYPEID="10" PREVID="0" NEXTID="0" UPDATEDATE="2024-09-09" STARTDATE="2024-09-09" ENDDATE="2079-06-06" ISACTUAL="1" ISACTIVE="1" /><HOUSE ID="126745058" OBJECTID="165141562" OBJECTGUID="0863b993-43cb-440f-aa11-475883d197e2" CHANGEID="600776800" HOUSENUM="1Б" HOUSETYPE="7" OPERTYPEID="10" PREVID="0" NEXTID="0" UPDATEDATE="2024-09-09" STARTDATE="2024-09-09" ENDDATE="2079-06-06" ISACTUAL="1" ISACTIVE="1" /><HOUSE ID="126745170" OBJECTID="165141762" OBJECTGUID="3a38bb30-6745-433d-a1ec-4c1a5b786a42" CHANGEID="600777166" HOUSENUM="25А" HOUSETYPE="2" OPERTYPEID="10" PREVID="0" NEXTID="0" UPDATEDATE="2024-09-09" STARTDATE="2024-09-09" ENDDATE="2079-06-06" ISACTUAL="1" ISACTIVE="1" /><HOUSE ID="126746168" OBJECTID="165144971" OBJECTGUID="6c5a5d29-73c1-4dec-bb5e-7af505c53301" CHANGEID="600782933" HOUSENUM="1а" ADDNUM1="2/106" HOUSETYPE="2" ADDTYPE1="2" OPERTYPEID="10" PREVID="0" NEXTID="0" UPDATEDATE="2024-09-09" STARTDATE="2024-09-09" ENDDATE="2079-06-06" ISACTUAL="1" ISACTIVE="1" /><HOUSE ID="126746162" OBJECTID="165144903" OBJECTGUID="93eaaf88-b62f-4480-a5a9-d3d22a699931" CHANGEID="600782854" HOUSENUM="1а" ADDNUM1="2/103" HOUSETYPE="2" ADDTYPE1="2" OPERTYPEID="10" PREVID="0" NEXTID="0" UPDATEDATE="2024-09-09" STARTDATE="2024-09-09" ENDDATE="2079-06-06" ISACTUAL="1" ISACTIVE="1" /><HOUSE ID="126746186" OBJECTID="165145015" OBJECTGUID="1aa458f5-340d-4185-bc9e-d01f8a38d54e" CHANGEID="600783010" HOUSENUM="49/1" HOUSETYPE="7" OPERTYPEID="10" PREVID="0" NEXTID="0" UPDATEDATE="2024-09-09" STARTDATE="2024-09-09" ENDDATE="2079-06-06" ISACTUAL="1" ISACTIVE="1" /><HOUSE ID="126746193" OBJECTID="165145112" OBJECTGUID="18bd0c30-4050-4a5c-b8d0-5ef8c5e5f191" CHANGEID="600783124" HOUSENUM="46/1" HOUSETYPE="2" OPERTYPEID="10" PREVID="0" NEXTID="0" UPDATEDATE="2024-09-09" STARTDATE="2024-09-09" ENDDATE="2079-06-06" ISACTUAL="1" ISACTIVE="1" /><HOUSE ID="126746205" OBJECTID="165145153" OBJECTGUID="c2432753-ef36-4bc4-8417-f8ed836ccd18" CHANGEID="600783182" HOUSENUM="31/1" HOUSETYPE="2" OPERTYPEID="10" PREVID="0" NEXTID="0" UPDATEDATE="2024-09-09" STARTDATE="2024-09-09" ENDDATE="2079-06-06" ISACTUAL="1" ISACTIVE="1" /><HOUSE ID="126746200" OBJECTID="165145128" OBJECTGUID="77c5c362-447f-4ee5-9ba8-8f0bee2ad838" CHANGEID="600783147" HOUSENUM="208/1" HOUSETYPE="2" OPERTYPEID="10" PREVID="0" NEXTID="0" UPDATEDATE="2024-09-09" STARTDATE="2024-09-09" ENDDATE="2079-06-06" ISACTUAL="1" ISACTIVE="1" /><HOUSE ID="126746877" OBJECTID="165148382" OBJECTGUID="75bbd715-d57e-4e21-b5be-30591eb8bf25" CHANGEID="600788004" HOUSENUM="22" HOUSETYPE="2" OPERTYPEID="10" PREVID="0" NEXTID="0" UPDATEDATE="2024-09-09" STARTDATE="2024-09-09" ENDDATE="2079-06-06" ISACTUAL="1" ISACTIVE="1" /><HOUSE ID="126747053" OBJECTID="35837184" OBJECTGUID="505da98c-233f-49ca-bcb2-fa2fa1cae1e4" CHANGEID="600789540" HOUSENUM="1" ADDNUM1="11а" HOUSETYPE="2" ADDTYPE1="2" OPERTYPEID="30" PREVID="57072859" NEXTID="0" UPDATEDATE="2024-09-09" STARTDATE="2024-09-09" ENDDATE="2079-06-06" ISACTUAL="1" ISACTIVE="0" /><HOUSE ID="57072859" OBJECTID="35837184" OBJECTGUID="505da98c-233f-49ca-bcb2-fa2fa1cae1e4" CHANGEID="54424526" HOUSENUM="1" ADDNUM1="11а" HOUSETYPE="2" ADDTYPE1="2" OPERTYPEID="20" PREVID="21292332" NEXTID="126747053" UPDATEDATE="2024-09-09" STARTDATE="2017-04-05" ENDDATE="2024-09-09" ISACTUAL="0" ISACTIVE="0" /><HOUSE ID="126747118" OBJECTID="165149644" OBJECTGUID="d43360a6-acb4-4b68-a925-f5e0b740de1f" CHANGEID="600789894" HOUSENUM="1" ADDNUM1="13" HOUSETYPE="2" ADDTYPE1="2" OPERTYPEID="10" PREVID="0" NEXTID="0" UPDATEDATE="2024-09-09" STARTDATE="2024-09-09" ENDDATE="2079-06-06" ISACTUAL="1" ISACTIVE="1" /><HOUSE ID="126747156" OBJECTID="165149762" OBJECTGUID="90f69121-c69a-411b-b533-e681ff2821a1" CHANGEID="600790090" HOUSENUM="23" HOUSETYPE="2" OPERTYPEID="10" PREVID="0" NEXTID="0" UPDATEDATE="2024-09-09" STARTDATE="2024-09-09" ENDDATE="2079-06-06" ISACTUAL="1" ISACTIVE="1" /><HOUSE ID="126747201" OBJECTID="165149890" OBJECTGUID="ff56a4c1-73c0-4015-b57e-6f3fc40514ac" CHANGEID="600790318" HOUSENUM="46" HOUSETYPE="2" OPERTYPEID="10" PREVID="0" NEXTID="0" UPDATEDATE="2024-09-09" STARTDATE="2024-09-09" ENDDATE="2079-06-06" ISACTUAL="1" ISACTIVE="1" /><HOUSE ID="126747290" OBJECTID="165150286" OBJECTGUID="81a3f962-0f79-4c9a-aa7e-4c66cd4e83ad" CHANGEID="600791010" HOUSENUM="2Г" HOUSETYPE="2" OPERTYPEID="10" PREVID="0" NEXTID="0" UPDATEDATE="2024-09-09" STARTDATE="2024-09-09" ENDDATE="2079-06-06" ISACTUAL="1" ISACTIVE="1" /><HOUSE ID="126747273" OBJECTID="165150127" OBJECTGUID="a053225e-101b-4538-b4bc-fe389938ce31" CHANGEID="600790817" HOUSENUM="1/3" HOUSETYPE="7" OPERTYPEID="10" PREVID="0" NEXTID="0" UPDATEDATE="2024-09-09" STARTDATE="2024-09-09" ENDDATE="2079-06-06" ISACTUAL="1" ISACTIVE="1" /><HOUSE ID="126747477" OBJECTID="165150790" OBJECTGUID="de350e1d-e28b-4d49-b1be-55006b633a95" CHANGEID="600795856" HOUSENUM="1" HOUSETYPE="2" OPERTYPEID="10" PREVID="0" NEXTID="0" UPDATEDATE="2024-09-09" STARTDATE="2024-09-09" ENDDATE="2079-06-06" ISACTUAL="1" ISACTIVE="1" /><HOUSE ID="126748998" OBJECTID="33972671" OBJECTGUID="bbaceda6-a5e7-494c-9a63-c50d9ea78000" CHANGEID="600810856" HOUSENUM="10а" HOUSETYPE="2" OPERTYPEID="20" PREVID="64676900" UPDATEDATE="2024-09-10" STARTDATE="2024-09-10" ENDDATE="2079-06-06" ISACTUAL="1" ISACTIVE="1" /><HOUSE ID="126749000" OBJECTID="33882384" OBJECTGUID="17ac65b0-5a84-498b-bd38-7b60d2db7075" CHANGEID="600810869" HOUSENUM="12а" HOUSETYPE="2" OPERTYPEID="20" PREVID="53058377" UPDATEDATE="2024-09-10" STARTDATE="2024-09-10" ENDDATE="2079-06-06" ISACTUAL="1" ISACTIVE="1" /><HOUSE ID="126749008" OBJECTID="165159856" OBJECTGUID="b942df66-4db4-4eba-bd9c-eac0069168d8" CHANGEID="600810885" HOUSENUM="12а" ADDNUM1="1" HOUSETYPE="2" ADDTYPE1="2" OPERTYPEID="10" PREVID="0" NEXTID="0" UPDATEDATE="2024-09-10" STARTDATE="2024-09-10" ENDDATE="2079-06-06" ISACTUAL="1" ISACTIVE="1" /><HOUSE ID="126749009" OBJECTID="165159857" OBJECTGUID="c3e12423-e52f-464a-9728-d1827420b640" CHANGEID="600810886" HOUSENUM="12а" ADDNUM1="2" HOUSETYPE="2" ADDTYPE1="2" OPERTYPEID="10" PREVID="0" NEXTID="0" UPDATEDATE="2024-09-10" STARTDATE="2024-09-10" ENDDATE="2079-06-06" ISACTUAL="1" ISACTIVE="1" /><HOUSE ID="126749011" OBJECTID="33921893" OBJECTGUID="4e5be5fa-47c2-4f9d-b4a1-8e1bb9254a9c" CHANGEID="600810896" HOUSENUM="15а" HOUSETYPE="2" OPERTYPEID="20" PREVID="56930949" UPDATEDATE="2024-09-10" STARTDATE="2024-09-10" ENDDATE="2079-06-06" ISACTUAL="1" ISACTIVE="1" /><HOUSE ID="126749013" OBJECTID="34036624" OBJECTGUID="6660f5b7-321f-41cc-93c0-fb266aab7944" CHANGEID="600810902" HOUSENUM="15б" HOUSETYPE="2" OPERTYPEID="20" PREVID="58634233" UPDATEDATE="2024-09-10" STARTDATE="2024-09-10" ENDDATE="2079-06-06" ISACTUAL="1" ISACTIVE="1" /><HOUSE ID="126749018" OBJECTID="33844541" OBJECTGUID="d6e0342f-50bf-4851-b6e5-4ab2815bc976" CHANGEID="600810913" HOUSENUM="15в" HOUSETYPE="2" OPERTYPEID="20" PREVID="66602279" UPDATEDATE="2024-09-10" STARTDATE="2024-09-10" ENDDATE="2079-06-06" ISACTUAL="1" ISACTIVE="1" /><HOUSE ID="126749058" OBJECTID="165159901" OBJECTGUID="d86eddde-fdef-4657-92b8-de3c72371abe" CHANGEID="600810990" HOUSENUM="28" ADDNUM1="1" HOUSETYPE="2" ADDTYPE1="2" OPERTYPEID="10" PREVID="0" NEXTID="0" UPDATEDATE="2024-09-10" STARTDATE="2024-09-10" ENDDATE="2079-06-06" ISACTUAL="1" ISACTIVE="1" /><HOUSE ID="62229276" OBJECTID="33949279" OBJECTGUID="991e21db-0454-4bba-b462-bb84e1838aa2" CHANGEID="51709116" HOUSENUM="22А" HOUSETYPE="2" OPERTYPEID="20" PREVID="20177325" NEXTID="126749048" UPDATEDATE="2024-09-10" STARTDATE="2017-04-10" ENDDATE="2024-09-10" ISACTUAL="0" ISACTIVE="0" /><HOUSE ID="126749048" OBJECTID="33949279" OBJECTGUID="991e21db-0454-4bba-b462-bb84e1838aa2" CHANGEID="600810953" HOUSENUM="22а" HOUSETYPE="2" OPERTYPEID="20" PREVID="62229276" UPDATEDATE="2024-09-10" STARTDATE="2024-09-10" ENDDATE="2079-06-06" ISACTUAL="1" ISACTIVE="1" /><HOUSE ID="65697154" OBJECTID="33985133" OBJECTGUID="ca0f8323-8e55-4be8-9535-dfc8755a9dbc" CHANGEID="51763811" HOUSENUM="24А" HOUSETYPE="2" OPERTYPEID="20" PREVID="20202579" NEXTID="126749050" UPDATEDATE="2024-09-10" STARTDATE="2017-04-10" ENDDATE="2024-09-10" ISACTUAL="0" ISACTIVE="0" /><HOUSE ID="126749050" OBJECTID="33985133" OBJECTGUID="ca0f8323-8e55-4be8-9535-dfc8755a9dbc" CHANGEID="600810959" HOUSENUM="24а" HOUSETYPE="2" OPERTYPEID="20" PREVID="65697154" UPDATEDATE="2024-09-10" STARTDATE="2024-09-10" ENDDATE="2079-06-06" ISACTUAL="1" ISACTIVE="1" /><HOUSE ID="126749051" OBJECTID="34014555" OBJECTGUID="23827879-855c-45c4-9343-f779b2bb0b23" CHANGEID="600810964" HOUSENUM="24б" HOUSETYPE="2" OPERTYPEID="20" PREVID="53895816" UPDATEDATE="2024-09-10" STARTDATE="2024-09-10" ENDDATE="2079-06-06" ISACTUAL="1" ISACTIVE="1" /><HOUSE ID="126749582" OBJECTID="165161721" OBJECTGUID="d8e18a9d-a2e0-4642-bf88-526e44f2ca80" CHANGEID="600813667" HOUSENUM="1" HOUSETYPE="2" OPERTYPEID="10" PREVID="0" NEXTID="0" UPDATEDATE="2024-09-10" STARTDATE="2024-09-10" ENDDATE="2079-06-06" ISACTUAL="1" ISACTIVE="1" /><HOUSE ID="126751753" OBJECTID="35462103" OBJECTGUID="97f9efad-afaa-43c8-b3bb-83b7c734c903" CHANGEID="600829162" HOUSENUM="19" ADDNUM1="8" HOUSETYPE="2" ADDTYPE1="2" OPERTYPEID="30" PREVID="62147387" NEXTID="0" UPDATEDATE="2024-09-10" STARTDATE="2024-09-10" ENDDATE="2079-06-06" ISACTUAL="1" ISACTIVE="0" /><HOUSE ID="126754549" OBJECTID="165182714" OBJECTGUID="e7d4270b-e855-4704-8ba2-44f9b15e99df" CHANGEID="600847473" HOUSENUM="11/5" HOUSETYPE="7" OPERTYPEID="10" PREVID="0" NEXTID="0" UPDATEDATE="2024-09-10" STARTDATE="2024-09-10" ENDDATE="2079-06-06" ISACTUAL="1" ISACTIVE="1" /><HOUSE ID="126754658" OBJECTID="2958186" OBJECTGUID="8a93e638-e9c0-4a34-8883-9035aa7b85fa" CHANGEID="600847869" HOUSENUM="3" HOUSETYPE="2" OPERTYPEID="30" PREVID="61198757" NEXTID="0" UPDATEDATE="2024-09-10" STARTDATE="2024-09-10" ENDDATE="2079-06-06" ISACTUAL="1" ISACTIVE="0" /><HOUSE ID="61198757" OBJECTID="2958186" OBJECTGUID="8a93e638-e9c0-4a34-8883-9035aa7b85fa" CHANGEID="6237167" HOUSENUM="3" HOUSETYPE="2" OPERTYPEID="20" PREVID="898017" NEXTID="126754658" UPDATEDATE="2024-09-10" STARTDATE="2017-04-10" ENDDATE="2024-09-10" ISACTUAL="0" ISACTIVE="0" /><HOUSE ID="126754681" OBJECTID="165183005" OBJECTGUID="df36ffe2-d79d-495d-82bf-f2caf3faf529" CHANGEID="600847980" HOUSENUM="10" HOUSETYPE="2" OPERTYPEID="10" PREVID="0" NEXTID="0" UPDATEDATE="2024-09-10" STARTDATE="2024-09-10" ENDDATE="2079-06-06" ISACTUAL="1" ISACTIVE="1" /><HOUSE ID="126756076" OBJECTID="165191957" OBJECTGUID="2143252b-de95-43ce-abce-0cafe047502c" CHANGEID="600885628" HOUSENUM="133" HOUSETYPE="2" OPERTYPEID="10" PREVID="0" NEXTID="0" UPDATEDATE="2024-09-11" STARTDATE="2024-09-11" ENDDATE="2079-06-06" ISACTUAL="1" ISACTIVE="1" /><HOUSE ID="126756068" OBJECTID="165191938" OBJECTGUID="c3ec5820-f240-4e6c-b42a-55c5bc074065" CHANGEID="600885599" HOUSENUM="132" HOUSETYPE="2" OPERTYPEID="10" PREVID="0" NEXTID="0" UPDATEDATE="2024-09-11" STARTDATE="2024-09-11" ENDDATE="2079-06-06" ISACTUAL="1" ISACTIVE="1" /><HOUSE ID="126758259" OBJECTID="165204016" OBJECTGUID="7b5ee714-a3a2-4683-a4a7-9bf643ce12b0" CHANGEID="600902209" HOUSENUM="24/206" HOUSETYPE="2" OPERTYPEID="10" PREVID="0" NEXTID="0" UPDATEDATE="2024-09-11" STARTDATE="2024-09-11" ENDDATE="2079-06-06" ISACTUAL="1" ISACTIVE="1" /><HOUSE ID="126758522" OBJECTID="165205176" OBJECTGUID="08cd8085-32ce-4b9c-8d9e-be6f5271a0a1" CHANGEID="600904055" HOUSENUM="22/1" HOUSETYPE="2" OPERTYPEID="10" PREVID="0" NEXTID="0" UPDATEDATE="2024-09-11" STARTDATE="2024-09-11" ENDDATE="2079-06-06" ISACTUAL="1" ISACTIVE="1" /><HOUSE ID="126759678" OBJECTID="165210540" OBJECTGUID="030a0652-94d8-470e-be72-1056184e3e46" CHANGEID="600913359" HOUSENUM="3б" HOUSETYPE="7" OPERTYPEID="10" PREVID="0" NEXTID="0" UPDATEDATE="2024-09-11" STARTDATE="2024-09-11" ENDDATE="2079-06-06" ISACTUAL="1" ISACTIVE="1" /><HOUSE ID="126761289" OBJECTID="165218463" OBJECTGUID="9ed35aaf-b9b9-40f5-b9e7-0663828810d7" CHANGEID="600926051" HOUSENUM="41/11" HOUSETYPE="7" OPERTYPEID="10" PREVID="0" NEXTID="0" UPDATEDATE="2024-09-11" STARTDATE="2024-09-11" ENDDATE="2079-06-06" ISACTUAL="1" ISACTIVE="1" /><HOUSE ID="126761679" OBJECTID="49808840" OBJECTGUID="3db17b5c-a94d-4a27-9363-0205d36d7c5b" CHANGEID="600930695" HOUSENUM="6" HOUSETYPE="2" OPERTYPEID="60" PREVID="55750834" UPDATEDATE="2024-09-11" STARTDATE="2024-09-11" ENDDATE="2079-06-06" ISACTUAL="1" ISACTIVE="0" /><HOUSE ID="55750834" OBJECTID="49808840" OBJECTGUID="3db17b5c-a94d-4a27-9363-0205d36d7c5b" CHANGEID="74788215" HOUSENUM="6" HOUSETYPE="2" OPERTYPEID="20" PREVID="29791937" NEXTID="126761679" UPDATEDATE="2024-09-11" STARTDATE="2017-05-04" ENDDATE="2024-09-11" ISACTUAL="0" ISACTIVE="0" /><HOUSE ID="126761680" OBJECTID="165220285" OBJECTGUID="606a4913-dfd3-488f-a244-025cc70c28cf" CHANGEID="600930696" HOUSENUM="6/1" HOUSETYPE="2" OPERTYPEID="61" PREVID="126761679" NEXTID="0" UPDATEDATE="2024-09-11" STARTDATE="2024-09-11" ENDDATE="2079-06-06" ISACTUAL="1" ISACTIVE="1" /><HOUSE ID="126761681" OBJECTID="165220286" OBJECTGUID="0d28cd49-7a36-4401-8178-0901cb65a32e" CHANGEID="600930697" HOUSENUM="6/2" HOUSETYPE="2" OPERTYPEID="61" PREVID="126761679" NEXTID="0" UPDATEDATE="2024-09-11" STARTDATE="2024-09-11" ENDDATE="2079-06-06" ISACTUAL="1" ISACTIVE="1" /><HOUSE ID="126761756" OBJECTID="165220630" OBJECTGUID="1b8a5529-2090-4c82-8b17-d1809ffa85a2" CHANGEID="600931492" HOUSENUM="8" HOUSETYPE="2" OPERTYPEID="10" PREVID="0" NEXTID="0" UPDATEDATE="2024-09-11" STARTDATE="2024-09-11" ENDDATE="2079-06-06" ISACTUAL="1" ISACTIVE="1" /><HOUSE ID="126761767" OBJECTID="165220696" OBJECTGUID="8973f46e-dbbf-4ad4-80a3-186e4a8320ba" CHANGEID="600931577" HOUSENUM="1" HOUSETYPE="2" OPERTYPEID="10" PREVID="0" NEXTID="0" UPDATEDATE="2024-09-11" STARTDATE="2024-09-11" ENDDATE="2079-06-06" ISACTUAL="1" ISACTIVE="1" /><HOUSE ID="126761905" OBJECTID="165221400" OBJECTGUID="6378be07-96a6-4525-9a85-ea440c49e49b" CHANGEID="600932779" HOUSENUM="3/18" HOUSETYPE="7" OPERTYPEID="10" PREVID="0" NEXTID="0" UPDATEDATE="2024-09-11" STARTDATE="2024-09-11" ENDDATE="2079-06-06" ISACTUAL="1" ISACTIVE="1" /></HOUSES>