﻿<?xml version="1.0" encoding="utf-8"?><REESTR_OBJECTS><OBJECT OBJECTID="26297096" OBJECTGUID="5fce55b6-1cbd-4f19-9326-72a405503cd4" CHANGEID="600905469" ISACTIVE="1" LEVELID="11" CREATEDATE="2017-05-17" UPDATEDATE="2024-09-11" /><OBJECT OBJECTID="21078648" OBJECTGUID="f7d6e826-2f1b-4e1f-be89-d79860f8adda" CHANGEID="600826343" ISACTIVE="1" LEVELID="10" CREATEDATE="2019-07-14" UPDATEDATE="2024-09-10" /><OBJECT OBJECTID="26318852" OBJECTGUID="53564772-4db0-4842-ac5b-4061a7a73fe2" CHANGEID="600905271" ISACTIVE="1" LEVELID="11" CREATEDATE="2017-05-16" UPDATEDATE="2024-09-11" /><OBJECT OBJECTID="21081984" OBJECTGUID="a175f366-2f9e-42b6-b4c3-b57722cbec64" CHANGEID="600843933" ISACTIVE="1" LEVELID="11" CREATEDATE="2017-05-18" UPDATEDATE="2024-09-10" /><OBJECT OBJECTID="21081151" OBJECTGUID="5421180c-d7d1-4d1c-862f-3d577cc60179" CHANGEID="600843935" ISACTIVE="1" LEVELID="11" CREATEDATE="2017-05-18" UPDATEDATE="2024-09-10" /><OBJECT OBJECTID="26325656" OBJECTGUID="e2ed214c-0954-4877-8189-ad701e0091a4" CHANGEID="600905273" ISACTIVE="1" LEVELID="11" CREATEDATE="2017-05-16" UPDATEDATE="2024-09-11" /><OBJECT OBJECTID="21082697" OBJECTGUID="ff929c5d-abab-4fdb-ac8b-9d496fea8e00" CHANGEID="600844762" ISACTIVE="1" LEVELID="11" CREATEDATE="2017-05-18" UPDATEDATE="2024-09-10" /><OBJECT OBJECTID="21072433" OBJECTGUID="bed1fafc-0eb2-4884-950c-751315a7f1cf" CHANGEID="600932870" ISACTIVE="1" LEVELID="11" CREATEDATE="2017-05-17" UPDATEDATE="2024-09-11" /><OBJECT OBJECTID="21080611" OBJECTGUID="0dd93ee5-18e7-4b22-bb8d-a6150f7c6f28" CHANGEID="600844880" ISACTIVE="1" LEVELID="11" CREATEDATE="2017-05-18" UPDATEDATE="2024-09-10" /><OBJECT OBJECTID="21071788" OBJECTGUID="6d20371e-9f57-4c87-9493-60dcee008044" CHANGEID="600932876" ISACTIVE="1" LEVELID="11" CREATEDATE="2017-05-17" UPDATEDATE="2024-09-11" /><OBJECT OBJECTID="21072352" OBJECTGUID="ac215cec-5a43-408a-8211-15ea0dd5ff7b" CHANGEID="600932886" ISACTIVE="1" LEVELID="11" CREATEDATE="2017-05-17" UPDATEDATE="2024-09-11" /><OBJECT OBJECTID="21081156" OBJECTGUID="6046eb57-3185-446e-9229-61baffd72922" CHANGEID="600844878" ISACTIVE="1" LEVELID="11" CREATEDATE="2017-05-18" UPDATEDATE="2024-09-10" /><OBJECT OBJECTID="21080705" OBJECTGUID="33c9a5c0-02ce-41a2-818c-ef2b7cd1f351" CHANGEID="600843930" ISACTIVE="1" LEVELID="11" CREATEDATE="2017-05-18" UPDATEDATE="2024-09-10" /><OBJECT OBJECTID="46741244" OBJECTGUID="330b8518-d526-47f0-8ef1-b2b2929a8f34" CHANGEID="600927276" ISACTIVE="0" LEVELID="11" CREATEDATE="2019-03-29" UPDATEDATE="2024-09-11" /><OBJECT OBJECTID="21081707" OBJECTGUID="820cd8a1-408d-41a3-a163-6ad354f892a5" CHANGEID="600844765" ISACTIVE="1" LEVELID="11" CREATEDATE="2017-05-18" UPDATEDATE="2024-09-10" /><OBJECT OBJECTID="159147591" OBJECTGUID="f01b1101-5c61-494d-8f74-351e2d3d2c06" CHANGEID="600928750" ISACTIVE="1" LEVELID="9" CREATEDATE="2023-06-15" UPDATEDATE="2024-09-11" /><OBJECT OBJECTID="159169140" OBJECTGUID="25804e8a-41da-45af-93b1-c9b2eacb1ddf" CHANGEID="600930032" ISACTIVE="1" LEVELID="9" CREATEDATE="2023-06-19" UPDATEDATE="2024-09-11" /><OBJECT OBJECTID="21064656" OBJECTGUID="a85baf9e-e135-4434-8ebb-68d0951e2638" CHANGEID="600903940" ISACTIVE="1" LEVELID="10" CREATEDATE="2019-07-14" UPDATEDATE="2024-09-11" /><OBJECT OBJECTID="89980645" OBJECTGUID="98ed0205-add3-4eca-9210-8c2bfae580ee" CHANGEID="600549200" ISACTIVE="1" LEVELID="9" CREATEDATE="2017-08-08" UPDATEDATE="2024-09-05" /><OBJECT OBJECTID="89980819" OBJECTGUID="e9c73d76-7bed-433a-86b7-f19341028c36" CHANGEID="600568674" ISACTIVE="1" LEVELID="9" CREATEDATE="2017-08-08" UPDATEDATE="2024-09-06" /><OBJECT OBJECTID="33843721" OBJECTGUID="1c880d46-fd20-428a-8a9a-46df9c0a4dd6" CHANGEID="600810890" ISACTIVE="1" LEVELID="10" CREATEDATE="2019-07-14" UPDATEDATE="2024-09-10" /><OBJECT OBJECTID="66443843" OBJECTGUID="9a0c01cf-1626-475e-9670-35971e44070d" CHANGEID="600558199" ISACTIVE="1" LEVELID="10" CREATEDATE="2017-12-18" UPDATEDATE="2024-09-05" /><OBJECT OBJECTID="2958186" OBJECTGUID="8a93e638-e9c0-4a34-8883-9035aa7b85fa" CHANGEID="600847869" ISACTIVE="0" LEVELID="10" CREATEDATE="2019-07-14" UPDATEDATE="2024-09-10" /><OBJECT OBJECTID="7096223" OBJECTGUID="e69df825-42fe-4202-934b-28ddf6d9950b" CHANGEID="600829066" ISACTIVE="1" LEVELID="10" CREATEDATE="2017-06-28" UPDATEDATE="2024-09-10" /><OBJECT OBJECTID="10898641" OBJECTGUID="f693d1eb-000c-4407-99b3-156c46672bba" CHANGEID="600590493" ISACTIVE="1" LEVELID="10" CREATEDATE="2019-05-29" UPDATEDATE="2024-09-06" /><OBJECT OBJECTID="33844541" OBJECTGUID="d6e0342f-50bf-4851-b6e5-4ab2815bc976" CHANGEID="600810913" ISACTIVE="1" LEVELID="10" CREATEDATE="2019-07-14" UPDATEDATE="2024-09-10" /><OBJECT OBJECTID="33972671" OBJECTGUID="bbaceda6-a5e7-494c-9a63-c50d9ea78000" CHANGEID="600810856" ISACTIVE="1" LEVELID="10" CREATEDATE="2019-07-14" UPDATEDATE="2024-09-10" /><OBJECT OBJECTID="33921893" OBJECTGUID="4e5be5fa-47c2-4f9d-b4a1-8e1bb9254a9c" CHANGEID="600810896" ISACTIVE="1" LEVELID="10" CREATEDATE="2019-07-14" UPDATEDATE="2024-09-10" /><OBJECT OBJECTID="34045005" OBJECTGUID="2e96748f-858b-4c71-a030-c1aeeb0a176e" CHANGEID="600810976" ISACTIVE="1" LEVELID="10" CREATEDATE="2017-06-26" UPDATEDATE="2024-09-10" /><OBJECT OBJECTID="35462103" OBJECTGUID="97f9efad-afaa-43c8-b3bb-83b7c734c903" CHANGEID="600829162" ISACTIVE="0" LEVELID="10" CREATEDATE="2019-07-14" UPDATEDATE="2024-09-10" /><OBJECT OBJECTID="156961053" OBJECTGUID="7817fe04-27e5-45b5-a238-f8d0f4d08571" CHANGEID="600831726" ISACTIVE="1" LEVELID="10" CREATEDATE="2022-11-09" UPDATEDATE="2024-09-10" /><OBJECT OBJECTID="165065294" OBJECTGUID="242defdb-c853-493d-86bd-86cc1c3451ae" CHANGEID="600519828" ISACTIVE="1" LEVELID="9" CREATEDATE="2024-09-05" UPDATEDATE="2024-09-05" /><OBJECT OBJECTID="165065326" OBJECTGUID="efc8ee72-2cb2-45aa-8cbd-b11d5e554c31" CHANGEID="600519869" ISACTIVE="1" LEVELID="9" CREATEDATE="2024-09-05" UPDATEDATE="2024-09-05" /><OBJECT OBJECTID="45220362" OBJECTGUID="899d8634-d970-4664-96d7-7f5ad117088e" CHANGEID="600519882" ISACTIVE="1" LEVELID="10" CREATEDATE="2019-07-14" UPDATEDATE="2024-09-05" /><OBJECT OBJECTID="45212486" OBJECTGUID="911df8a6-6529-4507-bb57-1bf4b9ddd16c" CHANGEID="600519891" ISACTIVE="1" LEVELID="10" CREATEDATE="2012-01-13" UPDATEDATE="2024-09-05" /><OBJECT OBJECTID="165065356" OBJECTGUID="d631e1b5-73bf-4ea6-a13e-908931acfab3" CHANGEID="600519917" ISACTIVE="1" LEVELID="9" CREATEDATE="2024-09-05" UPDATEDATE="2024-09-05" /><OBJECT OBJECTID="165065362" OBJECTGUID="a720efae-350c-4c30-b6c3-5236ea3a883f" CHANGEID="600519928" ISACTIVE="1" LEVELID="9" CREATEDATE="2024-09-05" UPDATEDATE="2024-09-05" /><OBJECT OBJECTID="45224240" OBJECTGUID="4ba5434d-a37d-4b9f-9126-8f9234c6e01f" CHANGEID="600519936" ISACTIVE="1" LEVELID="10" CREATEDATE="2019-07-14" UPDATEDATE="2024-09-05" /><OBJECT OBJECTID="165065391" OBJECTGUID="0b347429-35f1-43f8-adbc-9f6a509a2e0e" CHANGEID="600519965" ISACTIVE="1" LEVELID="9" CREATEDATE="2024-09-05" UPDATEDATE="2024-09-05" /><OBJECT OBJECTID="45213420" OBJECTGUID="0108c523-2095-4ff5-b5cc-32a6d474347c" CHANGEID="600519990" ISACTIVE="1" LEVELID="10" CREATEDATE="2019-07-14" UPDATEDATE="2024-09-05" /><OBJECT OBJECTID="165065726" OBJECTGUID="61267aac-56c2-4cc0-b0d5-9cda1355410a" CHANGEID="600520450" ISACTIVE="1" LEVELID="9" CREATEDATE="2024-09-05" UPDATEDATE="2024-09-05" /><OBJECT OBJECTID="165068506" OBJECTGUID="e0e391c9-12b9-4641-abb6-c2998cb45f5f" CHANGEID="600524688" ISACTIVE="1" LEVELID="10" CREATEDATE="2024-09-05" UPDATEDATE="2024-09-05" /><OBJECT OBJECTID="165069412" OBJECTGUID="db671d96-b1ef-4c81-a2d1-479aa468d818" CHANGEID="600526181" ISACTIVE="1" LEVELID="7" CREATEDATE="2024-09-05" UPDATEDATE="2024-09-05" /><OBJECT OBJECTID="85790292" OBJECTGUID="4a2c4c04-5708-4a38-90e1-9bba34c37b06" CHANGEID="600526465" ISACTIVE="1" LEVELID="9" CREATEDATE="2017-07-03" UPDATEDATE="2024-09-05" /><OBJECT OBJECTID="165077437" OBJECTGUID="960376c1-7110-42e9-b6bb-2874ad359565" CHANGEID="600538546" ISACTIVE="1" LEVELID="10" CREATEDATE="2024-09-05" UPDATEDATE="2024-09-05" /><OBJECT OBJECTID="165077474" OBJECTGUID="685f6240-5c5c-44f6-b5bc-eac626d92e52" CHANGEID="600538619" ISACTIVE="1" LEVELID="10" CREATEDATE="2024-09-05" UPDATEDATE="2024-09-05" /><OBJECT OBJECTID="165077491" OBJECTGUID="412bf0c8-674c-4024-9b91-7155047cf476" CHANGEID="600538655" ISACTIVE="1" LEVELID="10" CREATEDATE="2024-09-05" UPDATEDATE="2024-09-05" /><OBJECT OBJECTID="165077505" OBJECTGUID="0b8f758b-da12-4d69-ba75-fc3cba62ae84" CHANGEID="600538684" ISACTIVE="1" LEVELID="10" CREATEDATE="2024-09-05" UPDATEDATE="2024-09-05" /><OBJECT OBJECTID="165077512" OBJECTGUID="a67016d7-66c5-4903-8a75-6953b76c42ba" CHANGEID="600538698" ISACTIVE="1" LEVELID="10" CREATEDATE="2024-09-05" UPDATEDATE="2024-09-05" /><OBJECT OBJECTID="165077526" OBJECTGUID="54cc06eb-aca5-45ad-a2eb-0493aa6ce23e" CHANGEID="600538733" ISACTIVE="1" LEVELID="10" CREATEDATE="2024-09-05" UPDATEDATE="2024-09-05" /><OBJECT OBJECTID="165077538" OBJECTGUID="fa6e63e1-d9b2-48c9-96f4-d7a35008ea7e" CHANGEID="600538765" ISACTIVE="1" LEVELID="10" CREATEDATE="2024-09-05" UPDATEDATE="2024-09-05" /><OBJECT OBJECTID="165077556" OBJECTGUID="d65ecadb-7e81-4ca3-b210-6b09ec62dbda" CHANGEID="600538788" ISACTIVE="1" LEVELID="10" CREATEDATE="2024-09-05" UPDATEDATE="2024-09-05" /><OBJECT OBJECTID="165077571" OBJECTGUID="cb256c45-0a4f-4732-9e01-5b6dbfcd5fb9" CHANGEID="600538810" ISACTIVE="1" LEVELID="10" CREATEDATE="2024-09-05" UPDATEDATE="2024-09-05" /><OBJECT OBJECTID="165077585" OBJECTGUID="8dcfa4c2-df38-4e2f-8db2-a9bf4318123c" CHANGEID="600538828" ISACTIVE="1" LEVELID="10" CREATEDATE="2024-09-05" UPDATEDATE="2024-09-05" /><OBJECT OBJECTID="165077595" OBJECTGUID="f5245119-fa3b-4f24-8eb0-9412134a526e" CHANGEID="600538841" ISACTIVE="1" LEVELID="10" CREATEDATE="2024-09-05" UPDATEDATE="2024-09-05" /><OBJECT OBJECTID="165077607" OBJECTGUID="10c4fb2c-61a5-446c-b204-348d78d14f89" CHANGEID="600538875" ISACTIVE="1" LEVELID="10" CREATEDATE="2024-09-05" UPDATEDATE="2024-09-05" /><OBJECT OBJECTID="165077632" OBJECTGUID="1791581c-ce5e-432b-bd96-4b84d608859b" CHANGEID="600538908" ISACTIVE="1" LEVELID="10" CREATEDATE="2024-09-05" UPDATEDATE="2024-09-05" /><OBJECT OBJECTID="165085487" OBJECTGUID="287e0338-b9e4-4488-aedb-accd0bbeb5ac" CHANGEID="600551629" ISACTIVE="1" LEVELID="10" CREATEDATE="2024-09-05" UPDATEDATE="2024-09-05" /><OBJECT OBJECTID="165085563" OBJECTGUID="2debf9cf-e8be-4d99-93e0-5e16f637a9cd" CHANGEID="600551855" ISACTIVE="1" LEVELID="10" CREATEDATE="2024-09-05" UPDATEDATE="2024-09-05" /><OBJECT OBJECTID="165085689" OBJECTGUID="740d1565-e042-43e3-936c-0d75f233b219" CHANGEID="600552012" ISACTIVE="1" LEVELID="11" CREATEDATE="2024-09-05" UPDATEDATE="2024-09-05" /><OBJECT OBJECTID="165086318" OBJECTGUID="8c5b5a2e-1f4b-4bcd-b7e4-5311859de291" CHANGEID="600553007" ISACTIVE="1" LEVELID="9" CREATEDATE="2024-09-05" UPDATEDATE="2024-09-05" /><OBJECT OBJECTID="38938649" OBJECTGUID="8174ed87-3f07-46ce-8308-57a6807b8e2e" CHANGEID="600553468" ISACTIVE="0" LEVELID="11" CREATEDATE="2019-03-22" UPDATEDATE="2024-09-05" /><OBJECT OBJECTID="165086513" OBJECTGUID="05188e99-fb07-40da-8d15-467951a70945" CHANGEID="600553492" ISACTIVE="1" LEVELID="10" CREATEDATE="2024-09-05" UPDATEDATE="2024-09-05" /><OBJECT OBJECTID="165087972" OBJECTGUID="6b262564-7ab1-4725-9ac9-70a14da369ba" CHANGEID="600556258" ISACTIVE="1" LEVELID="10" CREATEDATE="2024-09-05" UPDATEDATE="2024-09-05" /><OBJECT OBJECTID="165087892" OBJECTGUID="702dad82-e602-4142-a5e3-23dcffe82930" CHANGEID="600555998" ISACTIVE="1" LEVELID="9" CREATEDATE="2024-09-05" UPDATEDATE="2024-09-05" /><OBJECT OBJECTID="165088595" OBJECTGUID="0e079ff4-8bb8-425f-8a23-0c91c16a9a7d" CHANGEID="600557720" ISACTIVE="1" LEVELID="10" CREATEDATE="2024-09-05" UPDATEDATE="2024-09-05" /><OBJECT OBJECTID="165088608" OBJECTGUID="820f0798-390b-4a25-9317-237658ffe56d" CHANGEID="600557785" ISACTIVE="1" LEVELID="9" CREATEDATE="2024-09-05" UPDATEDATE="2024-09-05" /><OBJECT OBJECTID="54054418" OBJECTGUID="585b9693-3cc1-4e9a-b9d1-91d42d63e36b" CHANGEID="600559993" ISACTIVE="1" LEVELID="10" CREATEDATE="2015-12-14" UPDATEDATE="2024-09-05" /><OBJECT OBJECTID="165094711" OBJECTGUID="f8cb5d1f-1d8b-4d54-98f0-56eb639f797a" CHANGEID="600568100" ISACTIVE="1" LEVELID="9" CREATEDATE="2024-09-06" UPDATEDATE="2024-09-06" /><OBJECT OBJECTID="165094714" OBJECTGUID="03ad931a-7454-4a64-8cbf-2d04d409501c" CHANGEID="600568104" ISACTIVE="1" LEVELID="10" CREATEDATE="2024-09-06" UPDATEDATE="2024-09-06" /><OBJECT OBJECTID="165094718" OBJECTGUID="7132e5ab-6703-4ad4-b5c7-bc88358a1816" CHANGEID="600568109" ISACTIVE="1" LEVELID="9" CREATEDATE="2024-09-06" UPDATEDATE="2024-09-06" /><OBJECT OBJECTID="164314370" OBJECTGUID="7e81943d-df20-4cac-9070-7d830ace2b0c" CHANGEID="600716108" ISACTIVE="1" LEVELID="10" CREATEDATE="2024-07-18" UPDATEDATE="2024-09-07" /><OBJECT OBJECTID="164314356" OBJECTGUID="43a7da04-6617-4c17-8f25-6d4be855af26" CHANGEID="600716109" ISACTIVE="1" LEVELID="10" CREATEDATE="2024-07-18" UPDATEDATE="2024-09-07" /><OBJECT OBJECTID="165096060" OBJECTGUID="088fbb6b-cddf-4641-85b5-8e7f7d397819" CHANGEID="600570761" ISACTIVE="1" LEVELID="10" CREATEDATE="2024-09-06" UPDATEDATE="2024-09-06" /><OBJECT OBJECTID="165099049" OBJECTGUID="12d2f6d0-a73b-4bc9-8f51-aa3f728ce0fb" CHANGEID="600577288" ISACTIVE="1" LEVELID="9" CREATEDATE="2024-09-06" UPDATEDATE="2024-09-06" /><OBJECT OBJECTID="77668934" OBJECTGUID="f9c9d596-bfe9-4dc4-93a5-23ec23003413" CHANGEID="600577342" ISACTIVE="1" LEVELID="10" CREATEDATE="2017-01-17" UPDATEDATE="2024-09-06" /><OBJECT OBJECTID="165101478" OBJECTGUID="9b962765-279c-40a6-8bbb-5dc9adfac70e" CHANGEID="600581503" ISACTIVE="1" LEVELID="9" CREATEDATE="2024-09-06" UPDATEDATE="2024-09-06" /><OBJECT OBJECTID="165102511" OBJECTGUID="ffecee04-b005-4d88-9b3a-42c187d91d33" CHANGEID="600583383" ISACTIVE="1" LEVELID="11" CREATEDATE="2024-09-06" UPDATEDATE="2024-09-06" /><OBJECT OBJECTID="165102512" OBJECTGUID="9a6e8865-0ef3-417c-9140-dcc8428c1cbc" CHANGEID="600583384" ISACTIVE="1" LEVELID="11" CREATEDATE="2024-09-06" UPDATEDATE="2024-09-06" /><OBJECT OBJECTID="165102513" OBJECTGUID="b1a4bec3-0a4d-475d-9770-d0c971e1850b" CHANGEID="600583385" ISACTIVE="1" LEVELID="11" CREATEDATE="2024-09-06" UPDATEDATE="2024-09-06" /><OBJECT OBJECTID="165102514" OBJECTGUID="aedbfd45-112c-4579-8b65-5ee4217c57cf" CHANGEID="600583386" ISACTIVE="1" LEVELID="11" CREATEDATE="2024-09-06" UPDATEDATE="2024-09-06" /><OBJECT OBJECTID="165102515" OBJECTGUID="d23a67af-f664-434e-9754-4132854b35b9" CHANGEID="600583387" ISACTIVE="1" LEVELID="11" CREATEDATE="2024-09-06" UPDATEDATE="2024-09-06" /><OBJECT OBJECTID="165102516" OBJECTGUID="4e0a0a99-9158-43bd-bf70-a1ee6e46d727" CHANGEID="600583388" ISACTIVE="1" LEVELID="11" CREATEDATE="2024-09-06" UPDATEDATE="2024-09-06" /><OBJECT OBJECTID="165102517" OBJECTGUID="8ddbbbaf-3f5a-42ec-ade8-6d50b1489775" CHANGEID="600583389" ISACTIVE="1" LEVELID="11" CREATEDATE="2024-09-06" UPDATEDATE="2024-09-06" /><OBJECT OBJECTID="165102518" OBJECTGUID="b6aaf2b9-b3ed-4ea0-9cc4-80e4ee1b6f5b" CHANGEID="600583390" ISACTIVE="1" LEVELID="11" CREATEDATE="2024-09-06" UPDATEDATE="2024-09-06" /><OBJECT OBJECTID="165102519" OBJECTGUID="59c5e6df-e6e1-4b03-96cd-5d0a239f426d" CHANGEID="600583391" ISACTIVE="1" LEVELID="11" CREATEDATE="2024-09-06" UPDATEDATE="2024-09-06" /><OBJECT OBJECTID="165102522" OBJECTGUID="555acc9f-6725-4aff-a5b9-a186d6d692a1" CHANGEID="600583394" ISACTIVE="1" LEVELID="9" CREATEDATE="2024-09-06" UPDATEDATE="2024-09-06" /><OBJECT OBJECTID="164334716" OBJECTGUID="e1dd54af-85a0-4551-b1db-b0ac7694c3d6" CHANGEID="600716107" ISACTIVE="1" LEVELID="10" CREATEDATE="2024-07-19" UPDATEDATE="2024-09-07" /><OBJECT OBJECTID="165104267" OBJECTGUID="4878b430-4684-416e-8e5f-eabbad13debe" CHANGEID="600586693" ISACTIVE="1" LEVELID="9" CREATEDATE="2024-09-06" UPDATEDATE="2024-09-06" /><OBJECT OBJECTID="165105676" OBJECTGUID="4221f626-0052-4b19-b3f9-d01201765376" CHANGEID="600588790" ISACTIVE="1" LEVELID="10" CREATEDATE="2024-09-06" UPDATEDATE="2024-09-06" /><OBJECT OBJECTID="165105687" OBJECTGUID="dc88fce3-bef4-497e-96da-5f3f31a7b37b" CHANGEID="600588815" ISACTIVE="1" LEVELID="9" CREATEDATE="2024-09-06" UPDATEDATE="2024-09-06" /><OBJECT OBJECTID="165105718" OBJECTGUID="f91cf6c6-1e28-49cc-855e-0725bbe9e903" CHANGEID="600588865" ISACTIVE="1" LEVELID="9" CREATEDATE="2024-09-06" UPDATEDATE="2024-09-06" /><OBJECT OBJECTID="165105764" OBJECTGUID="b548ad40-9b35-42b5-9f49-956b733236b0" CHANGEID="600589000" ISACTIVE="1" LEVELID="9" CREATEDATE="2024-09-06" UPDATEDATE="2024-09-06" /><OBJECT OBJECTID="165106383" OBJECTGUID="6b06914c-4616-4327-a654-1e1002e8c09d" CHANGEID="600590188" ISACTIVE="1" LEVELID="9" CREATEDATE="2024-09-06" UPDATEDATE="2024-09-06" /><OBJECT OBJECTID="165106499" OBJECTGUID="59abb1cf-575a-4d6a-9ac1-2d19a994cff9" CHANGEID="600590455" ISACTIVE="1" LEVELID="9" CREATEDATE="2024-09-06" UPDATEDATE="2024-09-06" /><OBJECT OBJECTID="165107748" OBJECTGUID="52556325-9581-425a-96a7-dde55e4711b6" CHANGEID="600592405" ISACTIVE="1" LEVELID="11" CREATEDATE="2024-09-06" UPDATEDATE="2024-09-06" /><OBJECT OBJECTID="165108057" OBJECTGUID="baf8b554-aad9-48e1-ac1c-27772c6b0ae4" CHANGEID="600592911" ISACTIVE="1" LEVELID="10" CREATEDATE="2024-09-06" UPDATEDATE="2024-09-06" /><OBJECT OBJECTID="165110751" OBJECTGUID="a4251095-5575-43f0-bbfb-a4a3fbac57e6" CHANGEID="600599075" ISACTIVE="1" LEVELID="9" CREATEDATE="2024-09-06" UPDATEDATE="2024-09-06" /><OBJECT OBJECTID="103506845" OBJECTGUID="fb07d8f6-2c35-4371-86be-34197844cd25" CHANGEID="600600842" ISACTIVE="1" LEVELID="9" CREATEDATE="2022-01-19" UPDATEDATE="2024-09-06" /><OBJECT OBJECTID="165111343" OBJECTGUID="b6273100-17f2-4e01-9ef8-9fbe28705c9b" CHANGEID="600607005" ISACTIVE="1" LEVELID="10" CREATEDATE="2024-09-06" UPDATEDATE="2024-09-06" /><OBJECT OBJECTID="165112845" OBJECTGUID="3d5dc52b-d073-4c8c-ae6c-3e9a1a248aa0" CHANGEID="600688316" ISACTIVE="1" LEVELID="10" CREATEDATE="2024-09-06" UPDATEDATE="2024-09-06" /><OBJECT OBJECTID="165112867" OBJECTGUID="353300da-a69b-4201-9297-eb61c5dd9e39" CHANGEID="600688994" ISACTIVE="1" LEVELID="9" CREATEDATE="2024-09-06" UPDATEDATE="2024-09-06" /><OBJECT OBJECTID="165112877" OBJECTGUID="138c0775-e8d5-4115-b153-b03063537b1e" CHANGEID="600689460" ISACTIVE="1" LEVELID="9" CREATEDATE="2024-09-06" UPDATEDATE="2024-09-06" /><OBJECT OBJECTID="165159856" OBJECTGUID="b942df66-4db4-4eba-bd9c-eac0069168d8" CHANGEID="600810885" ISACTIVE="1" LEVELID="10" CREATEDATE="2024-09-10" UPDATEDATE="2024-09-10" /><OBJECT OBJECTID="165159857" OBJECTGUID="c3e12423-e52f-464a-9728-d1827420b640" CHANGEID="600810886" ISACTIVE="1" LEVELID="10" CREATEDATE="2024-09-10" UPDATEDATE="2024-09-10" /><OBJECT OBJECTID="34036624" OBJECTGUID="6660f5b7-321f-41cc-93c0-fb266aab7944" CHANGEID="600810902" ISACTIVE="1" LEVELID="10" CREATEDATE="2019-07-14" UPDATEDATE="2024-09-10" /><OBJECT OBJECTID="33944095" OBJECTGUID="677aca01-bbb6-45c9-aae5-a0a6805790c8" CHANGEID="600810919" ISACTIVE="1" LEVELID="10" CREATEDATE="2019-07-14" UPDATEDATE="2024-09-10" /><OBJECT OBJECTID="33976508" OBJECTGUID="0a94cd2b-7c49-4d3b-987b-cf46356f5250" CHANGEID="600810977" ISACTIVE="1" LEVELID="10" CREATEDATE="2019-07-14" UPDATEDATE="2024-09-10" /><OBJECT OBJECTID="165159901" OBJECTGUID="d86eddde-fdef-4657-92b8-de3c72371abe" CHANGEID="600810990" ISACTIVE="1" LEVELID="10" CREATEDATE="2024-09-10" UPDATEDATE="2024-09-10" /><OBJECT OBJECTID="33985133" OBJECTGUID="ca0f8323-8e55-4be8-9535-dfc8755a9dbc" CHANGEID="600810959" ISACTIVE="1" LEVELID="10" CREATEDATE="2019-07-14" UPDATEDATE="2024-09-10" /><OBJECT OBJECTID="34014555" OBJECTGUID="23827879-855c-45c4-9343-f779b2bb0b23" CHANGEID="600810964" ISACTIVE="1" LEVELID="10" CREATEDATE="2019-07-14" UPDATEDATE="2024-09-10" /><OBJECT OBJECTID="165113002" OBJECTGUID="5114be28-6a68-40bf-a1cd-c1fe8b1f41b6" CHANGEID="600700890" ISACTIVE="1" LEVELID="10" CREATEDATE="2024-09-06" UPDATEDATE="2024-09-06" /><OBJECT OBJECTID="165113018" OBJECTGUID="858011ea-300b-4a92-8a07-c5baef33818c" CHANGEID="600700943" ISACTIVE="1" LEVELID="9" CREATEDATE="2024-09-06" UPDATEDATE="2024-09-06" /><OBJECT OBJECTID="165113028" OBJECTGUID="8eee0da7-67c9-47f5-9105-a6f7b3329940" CHANGEID="600700959" ISACTIVE="1" LEVELID="10" CREATEDATE="2024-09-06" UPDATEDATE="2024-09-06" /><OBJECT OBJECTID="165113421" OBJECTGUID="48530ae7-20d3-4839-84a0-05eff07ab926" CHANGEID="600701701" ISACTIVE="1" LEVELID="9" CREATEDATE="2024-09-06" UPDATEDATE="2024-09-06" /><OBJECT OBJECTID="165115270" OBJECTGUID="bb9d9519-5691-4c62-a14d-187f41dc06b3" CHANGEID="600704978" ISACTIVE="1" LEVELID="9" CREATEDATE="2024-09-06" UPDATEDATE="2024-09-06" /><OBJECT OBJECTID="165115289" OBJECTGUID="93c1396b-d723-4c4b-9d1c-944e3c148ae9" CHANGEID="600705029" ISACTIVE="1" LEVELID="10" CREATEDATE="2024-09-06" UPDATEDATE="2024-09-06" /><OBJECT OBJECTID="164422743" OBJECTGUID="4631568b-92d3-4ca5-acfa-9f0631ef37b7" CHANGEID="600716105" ISACTIVE="1" LEVELID="10" CREATEDATE="2024-07-25" UPDATEDATE="2024-09-07" /><OBJECT OBJECTID="165115413" OBJECTGUID="89527c23-630b-4723-9e4c-d4ce4f1e759f" CHANGEID="600705283" ISACTIVE="1" LEVELID="9" CREATEDATE="2024-09-06" UPDATEDATE="2024-09-06" /><OBJECT OBJECTID="165115440" OBJECTGUID="a8afa962-276d-4ff2-aae8-d28e24e7ee55" CHANGEID="600705362" ISACTIVE="1" LEVELID="10" CREATEDATE="2024-09-06" UPDATEDATE="2024-09-06" /><OBJECT OBJECTID="165115562" OBJECTGUID="2d2b3e91-6476-49b3-98bb-b3e2600ea49f" CHANGEID="600705578" ISACTIVE="1" LEVELID="10" CREATEDATE="2024-09-06" UPDATEDATE="2024-09-06" /><OBJECT OBJECTID="165115624" OBJECTGUID="c66f3ed0-809f-4dcf-b377-a8eafdcdff11" CHANGEID="600705676" ISACTIVE="1" LEVELID="10" CREATEDATE="2024-09-06" UPDATEDATE="2024-09-06" /><OBJECT OBJECTID="165115865" OBJECTGUID="e3923f4e-f399-4cce-92f8-50079184a0bc" CHANGEID="600706170" ISACTIVE="1" LEVELID="10" CREATEDATE="2024-09-06" UPDATEDATE="2024-09-06" /><OBJECT OBJECTID="165115912" OBJECTGUID="112d7e1c-3cb2-4c78-82ae-5c837963b9f6" CHANGEID="600706298" ISACTIVE="1" LEVELID="9" CREATEDATE="2024-09-06" UPDATEDATE="2024-09-06" /><OBJECT OBJECTID="165116330" OBJECTGUID="1434c163-388b-440a-8e9e-eb227d939d37" CHANGEID="600707415" ISACTIVE="1" LEVELID="9" CREATEDATE="2024-09-06" UPDATEDATE="2024-09-06" /><OBJECT OBJECTID="100506093" OBJECTGUID="904044e2-f380-425b-8b6f-734e085cc438" CHANGEID="600716066" ISACTIVE="1" LEVELID="10" CREATEDATE="2021-03-09" UPDATEDATE="2024-09-07" /><OBJECT OBJECTID="164416863" OBJECTGUID="af4e800b-e545-41c2-9575-f3c4efb82f07" CHANGEID="600716106" ISACTIVE="1" LEVELID="10" CREATEDATE="2024-07-25" UPDATEDATE="2024-09-07" /><OBJECT OBJECTID="164159971" OBJECTGUID="8b062ee4-7dd3-4a54-84b4-0f46eb71d178" CHANGEID="600716110" ISACTIVE="1" LEVELID="10" CREATEDATE="2024-07-08" UPDATEDATE="2024-09-07" /><OBJECT OBJECTID="164962546" OBJECTGUID="020d85df-8f9e-46ed-bacf-fd28d70e673f" CHANGEID="600716129" ISACTIVE="1" LEVELID="10" CREATEDATE="2024-08-30" UPDATEDATE="2024-09-07" /><OBJECT OBJECTID="164961321" OBJECTGUID="c38f5f40-3022-49d6-8e64-0cbed77958ff" CHANGEID="600716130" ISACTIVE="1" LEVELID="10" CREATEDATE="2024-08-30" UPDATEDATE="2024-09-07" /><OBJECT OBJECTID="164961320" OBJECTGUID="658f59e0-3c6b-413e-b008-7f35e3c4b71f" CHANGEID="600716131" ISACTIVE="1" LEVELID="10" CREATEDATE="2024-08-30" UPDATEDATE="2024-09-07" /><OBJECT OBJECTID="164960769" OBJECTGUID="f6a61d26-6c4b-43f1-b349-f0e2199e72ad" CHANGEID="600716133" ISACTIVE="1" LEVELID="10" CREATEDATE="2024-08-30" UPDATEDATE="2024-09-07" /><OBJECT OBJECTID="164960768" OBJECTGUID="9cc57b30-69f6-4baf-b1a4-6440c2e7d1be" CHANGEID="600716134" ISACTIVE="1" LEVELID="10" CREATEDATE="2024-08-30" UPDATEDATE="2024-09-07" /><OBJECT OBJECTID="164960767" OBJECTGUID="2e667b50-0b98-4e0a-9cf1-920c1988a3b2" CHANGEID="600716135" ISACTIVE="1" LEVELID="10" CREATEDATE="2024-08-30" UPDATEDATE="2024-09-07" /><OBJECT OBJECTID="164960766" OBJECTGUID="2e9a7d66-ffcf-48d3-b9df-d0e45dd88d4f" CHANGEID="600716136" ISACTIVE="1" LEVELID="10" CREATEDATE="2024-08-30" UPDATEDATE="2024-09-07" /><OBJECT OBJECTID="164955427" OBJECTGUID="02344cac-e184-4fa4-bb10-92a0bb8d1f65" CHANGEID="600716139" ISACTIVE="1" LEVELID="10" CREATEDATE="2024-08-30" UPDATEDATE="2024-09-07" /><OBJECT OBJECTID="164948845" OBJECTGUID="49bce1d0-1c01-48fe-8324-93c90e323e58" CHANGEID="600716144" ISACTIVE="1" LEVELID="10" CREATEDATE="2024-08-29" UPDATEDATE="2024-09-07" /><OBJECT OBJECTID="164948823" OBJECTGUID="b17912ac-607c-409c-8427-633fbeb48621" CHANGEID="600716145" ISACTIVE="1" LEVELID="10" CREATEDATE="2024-08-29" UPDATEDATE="2024-09-07" /><OBJECT OBJECTID="164948707" OBJECTGUID="d64fbda8-233d-4708-aa52-8b113ce7ebfe" CHANGEID="600716146" ISACTIVE="1" LEVELID="10" CREATEDATE="2024-08-29" UPDATEDATE="2024-09-07" /><OBJECT OBJECTID="164948210" OBJECTGUID="6ecbbc5e-e9a8-435c-842c-7b8b47256a1c" CHANGEID="600716147" ISACTIVE="1" LEVELID="10" CREATEDATE="2024-08-29" UPDATEDATE="2024-09-07" /><OBJECT OBJECTID="164945769" OBJECTGUID="c1508878-ae27-4c46-b235-667bb085bbd0" CHANGEID="600716150" ISACTIVE="1" LEVELID="10" CREATEDATE="2024-08-29" UPDATEDATE="2024-09-07" /><OBJECT OBJECTID="164941151" OBJECTGUID="5e3460ca-8c96-49e7-9d69-fbba32b8ad12" CHANGEID="600716151" ISACTIVE="1" LEVELID="10" CREATEDATE="2024-08-29" UPDATEDATE="2024-09-07" /><OBJECT OBJECTID="164926345" OBJECTGUID="7f3d37a8-164a-480f-b503-1ae69c86ccbe" CHANGEID="600716153" ISACTIVE="1" LEVELID="10" CREATEDATE="2024-08-28" UPDATEDATE="2024-09-07" /><OBJECT OBJECTID="164894563" OBJECTGUID="3cfdcb6b-5e23-49ba-9c3a-0ec6202cc6de" CHANGEID="600716170" ISACTIVE="1" LEVELID="10" CREATEDATE="2024-08-27" UPDATEDATE="2024-09-07" /><OBJECT OBJECTID="164875795" OBJECTGUID="0d59d43b-7e0c-4465-9752-b1151a0622a4" CHANGEID="600716173" ISACTIVE="1" LEVELID="10" CREATEDATE="2024-08-26" UPDATEDATE="2024-09-07" /><OBJECT OBJECTID="164875793" OBJECTGUID="8e89a3a4-46c4-4a1b-9e81-3d0eb5bdddae" CHANGEID="600716175" ISACTIVE="1" LEVELID="10" CREATEDATE="2024-08-26" UPDATEDATE="2024-09-07" /><OBJECT OBJECTID="164875792" OBJECTGUID="6a7c8d8b-35a8-4122-a014-35b69babce6f" CHANGEID="600716176" ISACTIVE="1" LEVELID="10" CREATEDATE="2024-08-26" UPDATEDATE="2024-09-07" /><OBJECT OBJECTID="164856185" OBJECTGUID="78601aac-c259-4664-be61-9bef878d8e57" CHANGEID="600716183" ISACTIVE="1" LEVELID="10" CREATEDATE="2024-08-23" UPDATEDATE="2024-09-07" /><OBJECT OBJECTID="164784443" OBJECTGUID="37ba5af0-1c1f-45d4-83ff-71d169a7562b" CHANGEID="600716184" ISACTIVE="1" LEVELID="10" CREATEDATE="2024-08-20" UPDATEDATE="2024-09-07" /><OBJECT OBJECTID="164747444" OBJECTGUID="afd7f5cc-8b38-4b56-8939-71fc1afff777" CHANGEID="600716185" ISACTIVE="1" LEVELID="10" CREATEDATE="2024-08-16" UPDATEDATE="2024-09-07" /><OBJECT OBJECTID="164735505" OBJECTGUID="4792a815-af95-4d6c-9601-656a2710d256" CHANGEID="600716186" ISACTIVE="1" LEVELID="10" CREATEDATE="2024-08-16" UPDATEDATE="2024-09-07" /><OBJECT OBJECTID="164725642" OBJECTGUID="62f8016d-843a-4976-af69-6288861345c4" CHANGEID="600716188" ISACTIVE="1" LEVELID="10" CREATEDATE="2024-08-15" UPDATEDATE="2024-09-07" /><OBJECT OBJECTID="164725533" OBJECTGUID="6c7ede4f-4834-47cc-bb00-d0ef8bb39fe4" CHANGEID="600716190" ISACTIVE="1" LEVELID="10" CREATEDATE="2024-08-15" UPDATEDATE="2024-09-07" /><OBJECT OBJECTID="164725516" OBJECTGUID="d84c6a9e-73cf-4af1-8f33-a2020838364a" CHANGEID="600716191" ISACTIVE="1" LEVELID="10" CREATEDATE="2024-08-15" UPDATEDATE="2024-09-07" /><OBJECT OBJECTID="164725493" OBJECTGUID="92d1aab7-97a8-4ac5-bf4d-b5e4431a2bdc" CHANGEID="600716193" ISACTIVE="1" LEVELID="10" CREATEDATE="2024-08-15" UPDATEDATE="2024-09-07" /><OBJECT OBJECTID="164721026" OBJECTGUID="b0c7e2ba-8a69-404c-890f-17f9879701cf" CHANGEID="600716194" ISACTIVE="1" LEVELID="10" CREATEDATE="2024-08-15" UPDATEDATE="2024-09-07" /><OBJECT OBJECTID="164691044" OBJECTGUID="c9354524-6b68-4c0b-83f5-7dcdf2bf130c" CHANGEID="600716196" ISACTIVE="1" LEVELID="10" CREATEDATE="2024-08-14" UPDATEDATE="2024-09-07" /><OBJECT OBJECTID="164955489" OBJECTGUID="6c183195-9f4d-4b47-b511-c974e9a90bfc" CHANGEID="600851105" ISACTIVE="1" LEVELID="10" CREATEDATE="2024-08-30" UPDATEDATE="2024-09-11" /><OBJECT OBJECTID="164925832" OBJECTGUID="16b9ed10-285b-4242-995e-4b5a7e3e26ae" CHANGEID="600851108" ISACTIVE="1" LEVELID="10" CREATEDATE="2024-08-28" UPDATEDATE="2024-09-11" /><OBJECT OBJECTID="164872852" OBJECTGUID="92ea8ec5-8556-4a85-97ca-5a48e7aee716" CHANGEID="600851120" ISACTIVE="1" LEVELID="10" CREATEDATE="2024-08-26" UPDATEDATE="2024-09-11" /><OBJECT OBJECTID="164931247" OBJECTGUID="553fc4b3-c037-49a5-a6ce-69df17c147eb" CHANGEID="600874603" ISACTIVE="1" LEVELID="10" CREATEDATE="2024-08-28" UPDATEDATE="2024-09-11" /><OBJECT OBJECTID="164446489" OBJECTGUID="98f656f2-7b20-4d8f-8572-7da38290873a" CHANGEID="600851060" ISACTIVE="1" LEVELID="10" CREATEDATE="2024-07-26" UPDATEDATE="2024-09-11" /><OBJECT OBJECTID="165124919" OBJECTGUID="9a55dbfe-6f31-4714-a0f7-a5ff6ad43090" CHANGEID="600749892" ISACTIVE="1" LEVELID="9" CREATEDATE="2024-09-09" UPDATEDATE="2024-09-09" /><OBJECT OBJECTID="165125327" OBJECTGUID="ca7fb0b6-06a9-4a0b-9d2b-995e770b9774" CHANGEID="600750464" ISACTIVE="1" LEVELID="10" CREATEDATE="2024-09-09" UPDATEDATE="2024-09-09" /><OBJECT OBJECTID="165126641" OBJECTGUID="83fb6fe2-d6ed-4ff6-a281-994445167d7b" CHANGEID="600753213" ISACTIVE="1" LEVELID="9" CREATEDATE="2024-09-09" UPDATEDATE="2024-09-09" /><OBJECT OBJECTID="165126642" OBJECTGUID="6949286b-cdbb-4ad6-9cd9-c4215f047e74" CHANGEID="600753214" ISACTIVE="1" LEVELID="9" CREATEDATE="2024-09-09" UPDATEDATE="2024-09-09" /><OBJECT OBJECTID="165127426" OBJECTGUID="e8ebb010-d917-41b2-a6c8-88961c0b5af5" CHANGEID="600754286" ISACTIVE="1" LEVELID="9" CREATEDATE="2024-09-09" UPDATEDATE="2024-09-09" /><OBJECT OBJECTID="33880567" OBJECTGUID="af6e6cde-909a-4cfb-af9a-8f9d05f1517c" CHANGEID="600813094" ISACTIVE="1" LEVELID="11" CREATEDATE="2017-10-18" UPDATEDATE="2024-09-10" /><OBJECT OBJECTID="33880558" OBJECTGUID="9c661ac1-72bd-4ddc-82f2-22344d1230c3" CHANGEID="600813095" ISACTIVE="1" LEVELID="11" CREATEDATE="2017-10-18" UPDATEDATE="2024-09-10" /><OBJECT OBJECTID="165161426" OBJECTGUID="e8d48e26-cd5c-44b3-bbb3-716f449ce9a5" CHANGEID="600813119" ISACTIVE="1" LEVELID="11" CREATEDATE="2024-09-10" UPDATEDATE="2024-09-10" /><OBJECT OBJECTID="165161427" OBJECTGUID="5dde57c2-2d3c-4a52-a395-3f389153887f" CHANGEID="600813120" ISACTIVE="1" LEVELID="11" CREATEDATE="2024-09-10" UPDATEDATE="2024-09-10" /><OBJECT OBJECTID="165161428" OBJECTGUID="137226e8-c614-43ad-945b-2f5a685a4a8e" CHANGEID="600813121" ISACTIVE="1" LEVELID="11" CREATEDATE="2024-09-10" UPDATEDATE="2024-09-10" /><OBJECT OBJECTID="165161416" OBJECTGUID="974f606a-c7fa-4ab8-80fe-1621d01e66ac" CHANGEID="600813103" ISACTIVE="1" LEVELID="11" CREATEDATE="2024-09-10" UPDATEDATE="2024-09-10" /><OBJECT OBJECTID="165132109" OBJECTGUID="3035aaa2-e6d8-4f1a-aaba-c7fdae4de6cc" CHANGEID="600761696" ISACTIVE="1" LEVELID="9" CREATEDATE="2024-09-09" UPDATEDATE="2024-09-09" /><OBJECT OBJECTID="165135112" OBJECTGUID="a120d8f7-6255-4931-8454-2c16b9bb083b" CHANGEID="600765790" ISACTIVE="1" LEVELID="9" CREATEDATE="2024-09-09" UPDATEDATE="2024-09-09" /><OBJECT OBJECTID="165135113" OBJECTGUID="a1e81cbb-77c0-4359-8946-f9f47a956ecc" CHANGEID="600765791" ISACTIVE="1" LEVELID="9" CREATEDATE="2024-09-09" UPDATEDATE="2024-09-09" /><OBJECT OBJECTID="165135114" OBJECTGUID="5e9af490-b6c6-4b10-aeb4-1b4ee8ac3b58" CHANGEID="600765792" ISACTIVE="1" LEVELID="9" CREATEDATE="2024-09-09" UPDATEDATE="2024-09-09" /><OBJECT OBJECTID="165135115" OBJECTGUID="012ea07f-75cb-4da9-87d8-cf80018ee05d" CHANGEID="600765793" ISACTIVE="1" LEVELID="9" CREATEDATE="2024-09-09" UPDATEDATE="2024-09-09" /><OBJECT OBJECTID="165135116" OBJECTGUID="1280df9e-367e-48a8-883f-56a032903ccb" CHANGEID="600765794" ISACTIVE="1" LEVELID="9" CREATEDATE="2024-09-09" UPDATEDATE="2024-09-09" /><OBJECT OBJECTID="165135117" OBJECTGUID="e34c8c09-8b8d-4432-9e1e-f3a153a17f5a" CHANGEID="600765795" ISACTIVE="1" LEVELID="9" CREATEDATE="2024-09-09" UPDATEDATE="2024-09-09" /><OBJECT OBJECTID="165135118" OBJECTGUID="72753d21-3a0a-42a9-924f-10db35bae749" CHANGEID="600765796" ISACTIVE="1" LEVELID="9" CREATEDATE="2024-09-09" UPDATEDATE="2024-09-09" /><OBJECT OBJECTID="165135119" OBJECTGUID="d6f8a2ed-9663-4c00-8df6-ce65c68f24c8" CHANGEID="600765797" ISACTIVE="1" LEVELID="9" CREATEDATE="2024-09-09" UPDATEDATE="2024-09-09" /><OBJECT OBJECTID="165135120" OBJECTGUID="7123ad71-36ec-4964-b1ac-6b35f9f86840" CHANGEID="600765798" ISACTIVE="1" LEVELID="9" CREATEDATE="2024-09-09" UPDATEDATE="2024-09-09" /><OBJECT OBJECTID="165135121" OBJECTGUID="2ebe6870-fac5-4ebb-9a92-44215fa58828" CHANGEID="600765799" ISACTIVE="1" LEVELID="9" CREATEDATE="2024-09-09" UPDATEDATE="2024-09-09" /><OBJECT OBJECTID="165135122" OBJECTGUID="6a6f0109-566f-4c18-835e-61f73ae0f68f" CHANGEID="600765800" ISACTIVE="1" LEVELID="9" CREATEDATE="2024-09-09" UPDATEDATE="2024-09-09" /><OBJECT OBJECTID="165135123" OBJECTGUID="49c98a71-f24a-473b-9ac0-4ea47f9c2c9a" CHANGEID="600765801" ISACTIVE="1" LEVELID="9" CREATEDATE="2024-09-09" UPDATEDATE="2024-09-09" /><OBJECT OBJECTID="165135124" OBJECTGUID="e98cf057-4da0-4592-a8f7-d7e06427cefd" CHANGEID="600765802" ISACTIVE="1" LEVELID="9" CREATEDATE="2024-09-09" UPDATEDATE="2024-09-09" /><OBJECT OBJECTID="165135125" OBJECTGUID="fbe83225-d32b-4751-b0f7-9bd538155570" CHANGEID="600765803" ISACTIVE="1" LEVELID="9" CREATEDATE="2024-09-09" UPDATEDATE="2024-09-09" /><OBJECT OBJECTID="165135126" OBJECTGUID="99d8218f-3cb8-40b6-904b-c13a8d3912d3" CHANGEID="600765804" ISACTIVE="1" LEVELID="9" CREATEDATE="2024-09-09" UPDATEDATE="2024-09-09" /><OBJECT OBJECTID="165135127" OBJECTGUID="4c0e8253-436a-4dd5-a193-c6b0e0f618e4" CHANGEID="600765805" ISACTIVE="1" LEVELID="9" CREATEDATE="2024-09-09" UPDATEDATE="2024-09-09" /><OBJECT OBJECTID="165135128" OBJECTGUID="32c1f352-84e1-42d1-a752-801adff017a9" CHANGEID="600765806" ISACTIVE="1" LEVELID="9" CREATEDATE="2024-09-09" UPDATEDATE="2024-09-09" /><OBJECT OBJECTID="165135129" OBJECTGUID="dde84a90-79ab-4a9d-ae6e-f0b64e0834a7" CHANGEID="600765807" ISACTIVE="1" LEVELID="9" CREATEDATE="2024-09-09" UPDATEDATE="2024-09-09" /><OBJECT OBJECTID="165135130" OBJECTGUID="44cf3755-6884-4422-8597-5d171b3ddf0e" CHANGEID="600765808" ISACTIVE="1" LEVELID="9" CREATEDATE="2024-09-09" UPDATEDATE="2024-09-09" /><OBJECT OBJECTID="165135131" OBJECTGUID="566712ba-5965-46ac-b790-7603b20dc7e3" CHANGEID="600765809" ISACTIVE="1" LEVELID="9" CREATEDATE="2024-09-09" UPDATEDATE="2024-09-09" /><OBJECT OBJECTID="165135132" OBJECTGUID="1622b791-b123-4405-8cd9-b8fed6c2d24d" CHANGEID="600765810" ISACTIVE="1" LEVELID="9" CREATEDATE="2024-09-09" UPDATEDATE="2024-09-09" /><OBJECT OBJECTID="165135133" OBJECTGUID="c31f14e4-f4a2-4f3c-b42e-011137b9fe99" CHANGEID="600765811" ISACTIVE="1" LEVELID="9" CREATEDATE="2024-09-09" UPDATEDATE="2024-09-09" /><OBJECT OBJECTID="165135134" OBJECTGUID="5e486a60-a846-4802-b156-dc37a5ea5ca4" CHANGEID="600765812" ISACTIVE="1" LEVELID="9" CREATEDATE="2024-09-09" UPDATEDATE="2024-09-09" /><OBJECT OBJECTID="165135135" OBJECTGUID="44aed90a-0e6f-4b1a-8960-e7d622d3f43f" CHANGEID="600765813" ISACTIVE="1" LEVELID="9" CREATEDATE="2024-09-09" UPDATEDATE="2024-09-09" /><OBJECT OBJECTID="165161721" OBJECTGUID="d8e18a9d-a2e0-4642-bf88-526e44f2ca80" CHANGEID="600813667" ISACTIVE="1" LEVELID="10" CREATEDATE="2024-09-10" UPDATEDATE="2024-09-10" /><OBJECT OBJECTID="164479923" OBJECTGUID="08dff269-1244-4e15-a637-8e5b295cd256" CHANGEID="600716104" ISACTIVE="1" LEVELID="10" CREATEDATE="2024-07-31" UPDATEDATE="2024-09-07" /><OBJECT OBJECTID="164480981" OBJECTGUID="cc9c79ca-f085-4720-b7c2-08ceb3817819" CHANGEID="600716103" ISACTIVE="1" LEVELID="10" CREATEDATE="2024-07-31" UPDATEDATE="2024-09-07" /><OBJECT OBJECTID="165141562" OBJECTGUID="0863b993-43cb-440f-aa11-475883d197e2" CHANGEID="600776800" ISACTIVE="1" LEVELID="10" CREATEDATE="2024-09-09" UPDATEDATE="2024-09-09" /><OBJECT OBJECTID="165141555" OBJECTGUID="126f7842-a43a-47cb-852d-8436d0b7464a" CHANGEID="600776768" ISACTIVE="1" LEVELID="9" CREATEDATE="2024-09-09" UPDATEDATE="2024-09-09" /><OBJECT OBJECTID="165141735" OBJECTGUID="61f1371e-759e-46cb-9ee2-d0f71877101f" CHANGEID="600777133" ISACTIVE="1" LEVELID="9" CREATEDATE="2024-09-09" UPDATEDATE="2024-09-09" /><OBJECT OBJECTID="165141762" OBJECTGUID="3a38bb30-6745-433d-a1ec-4c1a5b786a42" CHANGEID="600777166" ISACTIVE="1" LEVELID="10" CREATEDATE="2024-09-09" UPDATEDATE="2024-09-09" /><OBJECT OBJECTID="165144779" OBJECTGUID="0c08b462-4e7e-427f-b9e2-e76855ce2663" CHANGEID="600782673" ISACTIVE="1" LEVELID="9" CREATEDATE="2024-09-09" UPDATEDATE="2024-09-09" /><OBJECT OBJECTID="165144903" OBJECTGUID="93eaaf88-b62f-4480-a5a9-d3d22a699931" CHANGEID="600782854" ISACTIVE="1" LEVELID="10" CREATEDATE="2024-09-09" UPDATEDATE="2024-09-09" /><OBJECT OBJECTID="165144971" OBJECTGUID="6c5a5d29-73c1-4dec-bb5e-7af505c53301" CHANGEID="600782933" ISACTIVE="1" LEVELID="10" CREATEDATE="2024-09-09" UPDATEDATE="2024-09-09" /><OBJECT OBJECTID="165144988" OBJECTGUID="76df9f86-ceee-48cb-b327-2de103fa6789" CHANGEID="600782972" ISACTIVE="1" LEVELID="9" CREATEDATE="2024-09-09" UPDATEDATE="2024-09-09" /><OBJECT OBJECTID="54873462" OBJECTGUID="ad6bffa1-c8e8-4077-8100-b345dfca6489" CHANGEID="600782994" ISACTIVE="0" LEVELID="11" CREATEDATE="2017-05-29" UPDATEDATE="2024-09-09" /><OBJECT OBJECTID="165145015" OBJECTGUID="1aa458f5-340d-4185-bc9e-d01f8a38d54e" CHANGEID="600783010" ISACTIVE="1" LEVELID="10" CREATEDATE="2024-09-09" UPDATEDATE="2024-09-09" /><OBJECT OBJECTID="165145128" OBJECTGUID="77c5c362-447f-4ee5-9ba8-8f0bee2ad838" CHANGEID="600783147" ISACTIVE="1" LEVELID="10" CREATEDATE="2024-09-09" UPDATEDATE="2024-09-09" /><OBJECT OBJECTID="165145112" OBJECTGUID="18bd0c30-4050-4a5c-b8d0-5ef8c5e5f191" CHANGEID="600783124" ISACTIVE="1" LEVELID="10" CREATEDATE="2024-09-09" UPDATEDATE="2024-09-09" /><OBJECT OBJECTID="165145153" OBJECTGUID="c2432753-ef36-4bc4-8417-f8ed836ccd18" CHANGEID="600783182" ISACTIVE="1" LEVELID="10" CREATEDATE="2024-09-09" UPDATEDATE="2024-09-09" /><OBJECT OBJECTID="164503344" OBJECTGUID="c1f018bb-20ea-43ac-9587-623e12171b54" CHANGEID="600716102" ISACTIVE="1" LEVELID="10" CREATEDATE="2024-08-01" UPDATEDATE="2024-09-07" /><OBJECT OBJECTID="165148382" OBJECTGUID="75bbd715-d57e-4e21-b5be-30591eb8bf25" CHANGEID="600788004" ISACTIVE="1" LEVELID="10" CREATEDATE="2024-09-09" UPDATEDATE="2024-09-09" /><OBJECT OBJECTID="165149644" OBJECTGUID="d43360a6-acb4-4b68-a925-f5e0b740de1f" CHANGEID="600789894" ISACTIVE="1" LEVELID="10" CREATEDATE="2024-09-09" UPDATEDATE="2024-09-09" /><OBJECT OBJECTID="165149751" OBJECTGUID="931035a1-d254-4c55-82c6-e2d6e28deca5" CHANGEID="600790069" ISACTIVE="1" LEVELID="9" CREATEDATE="2024-09-09" UPDATEDATE="2024-09-09" /><OBJECT OBJECTID="165149762" OBJECTGUID="90f69121-c69a-411b-b533-e681ff2821a1" CHANGEID="600790090" ISACTIVE="1" LEVELID="10" CREATEDATE="2024-09-09" UPDATEDATE="2024-09-09" /><OBJECT OBJECTID="165149879" OBJECTGUID="16c9ce2b-518a-40ed-89ab-1f16f880194d" CHANGEID="600790296" ISACTIVE="1" LEVELID="9" CREATEDATE="2024-09-09" UPDATEDATE="2024-09-09" /><OBJECT OBJECTID="165149890" OBJECTGUID="ff56a4c1-73c0-4015-b57e-6f3fc40514ac" CHANGEID="600790318" ISACTIVE="1" LEVELID="10" CREATEDATE="2024-09-09" UPDATEDATE="2024-09-09" /><OBJECT OBJECTID="165149894" OBJECTGUID="3cccbd43-179f-4a35-ad1f-7759ac3920e0" CHANGEID="600790324" ISACTIVE="1" LEVELID="9" CREATEDATE="2024-09-09" UPDATEDATE="2024-09-09" /><OBJECT OBJECTID="165149953" OBJECTGUID="a900b235-9a4e-4991-8cdb-6c5a3ae79dc2" CHANGEID="600790464" ISACTIVE="1" LEVELID="9" CREATEDATE="2024-09-09" UPDATEDATE="2024-09-09" /><OBJECT OBJECTID="33906482" OBJECTGUID="e8ec6829-6b57-4ba3-8fce-2e14dde0c3a6" CHANGEID="600790692" ISACTIVE="1" LEVELID="11" CREATEDATE="2017-10-18" UPDATEDATE="2024-09-09" /><OBJECT OBJECTID="33906471" OBJECTGUID="e6946603-76b9-43c4-bc45-d14a4263737f" CHANGEID="600790693" ISACTIVE="1" LEVELID="11" CREATEDATE="2017-10-18" UPDATEDATE="2024-09-09" /><OBJECT OBJECTID="33906463" OBJECTGUID="e55e795d-c9b1-4d28-84d2-d54362460d30" CHANGEID="600790694" ISACTIVE="1" LEVELID="11" CREATEDATE="2017-10-18" UPDATEDATE="2024-09-09" /><OBJECT OBJECTID="33906147" OBJECTGUID="c939385e-3ccd-4970-8630-4f6eb26d9439" CHANGEID="600790695" ISACTIVE="1" LEVELID="11" CREATEDATE="2017-10-18" UPDATEDATE="2024-09-09" /><OBJECT OBJECTID="33905711" OBJECTGUID="5aadab36-3286-498e-a773-238861f80d45" CHANGEID="600790697" ISACTIVE="1" LEVELID="11" CREATEDATE="2017-10-18" UPDATEDATE="2024-09-09" /><OBJECT OBJECTID="33905576" OBJECTGUID="33b67906-9f89-4b93-a86e-cf8a370dd616" CHANGEID="600790698" ISACTIVE="1" LEVELID="11" CREATEDATE="2017-10-18" UPDATEDATE="2024-09-09" /><OBJECT OBJECTID="33905557" OBJECTGUID="0a4e6145-80ee-413f-99ba-2c3f417fbe0e" CHANGEID="600790699" ISACTIVE="1" LEVELID="11" CREATEDATE="2017-10-18" UPDATEDATE="2024-09-09" /><OBJECT OBJECTID="165150073" OBJECTGUID="94345155-aba4-4548-9e7d-67f8976fe260" CHANGEID="600790706" ISACTIVE="1" LEVELID="11" CREATEDATE="2024-09-09" UPDATEDATE="2024-09-09" /><OBJECT OBJECTID="165150135" OBJECTGUID="9b792a92-ccdf-46a1-bf2b-2991e6fe3abf" CHANGEID="600790829" ISACTIVE="1" LEVELID="9" CREATEDATE="2024-09-09" UPDATEDATE="2024-09-09" /><OBJECT OBJECTID="165150127" OBJECTGUID="a053225e-101b-4538-b4bc-fe389938ce31" CHANGEID="600790817" ISACTIVE="1" LEVELID="10" CREATEDATE="2024-09-09" UPDATEDATE="2024-09-09" /><OBJECT OBJECTID="165150279" OBJECTGUID="7da4bbf6-34f5-4f7f-badf-085bde92610f" CHANGEID="600790997" ISACTIVE="1" LEVELID="8" CREATEDATE="2024-09-09" UPDATEDATE="2024-09-09" /><OBJECT OBJECTID="165150286" OBJECTGUID="81a3f962-0f79-4c9a-aa7e-4c66cd4e83ad" CHANGEID="600791010" ISACTIVE="1" LEVELID="10" CREATEDATE="2024-09-09" UPDATEDATE="2024-09-09" /><OBJECT OBJECTID="165150190" OBJECTGUID="87e61430-dac0-435a-a2a3-edf939b0c602" CHANGEID="600790888" ISACTIVE="1" LEVELID="8" CREATEDATE="2024-09-09" UPDATEDATE="2024-09-09" /><OBJECT OBJECTID="165150321" OBJECTGUID="deead515-3a4f-44d5-b0be-d358bb5a52dc" CHANGEID="600791073" ISACTIVE="1" LEVELID="8" CREATEDATE="2024-09-09" UPDATEDATE="2024-09-09" /><OBJECT OBJECTID="165150397" OBJECTGUID="40934b8c-2766-469d-b9c3-dc3b46b8120a" CHANGEID="600791203" ISACTIVE="1" LEVELID="8" CREATEDATE="2024-09-09" UPDATEDATE="2024-09-09" /><OBJECT OBJECTID="165150432" OBJECTGUID="4badbdd5-396a-4c61-b558-e0e19ffde5e7" CHANGEID="600791290" ISACTIVE="1" LEVELID="8" CREATEDATE="2024-09-09" UPDATEDATE="2024-09-09" /><OBJECT OBJECTID="165150461" OBJECTGUID="c55dad08-5be4-4c20-b8b1-eef5edb61c7a" CHANGEID="600791355" ISACTIVE="1" LEVELID="8" CREATEDATE="2024-09-09" UPDATEDATE="2024-09-09" /><OBJECT OBJECTID="33861930" OBJECTGUID="972fb261-8e37-41ed-8f24-d4615ebf1bfc" CHANGEID="600795757" ISACTIVE="1" LEVELID="11" CREATEDATE="2017-10-18" UPDATEDATE="2024-09-09" /><OBJECT OBJECTID="33859925" OBJECTGUID="2056afac-c418-4107-bde2-daf9477fd01d" CHANGEID="600795758" ISACTIVE="1" LEVELID="11" CREATEDATE="2017-10-18" UPDATEDATE="2024-09-09" /><OBJECT OBJECTID="33859539" OBJECTGUID="10f749ba-174a-42c6-9527-88d88f0ea0aa" CHANGEID="600795759" ISACTIVE="1" LEVELID="11" CREATEDATE="2017-10-18" UPDATEDATE="2024-09-09" /><OBJECT OBJECTID="33859490" OBJECTGUID="0102c993-d1fb-49f6-a305-5b28ec9fc0cb" CHANGEID="600795760" ISACTIVE="1" LEVELID="11" CREATEDATE="2017-10-18" UPDATEDATE="2024-09-09" /><OBJECT OBJECTID="165150697" OBJECTGUID="0210548d-a79a-4ca6-9451-00524e1df16e" CHANGEID="600795714" ISACTIVE="1" LEVELID="9" CREATEDATE="2024-09-09" UPDATEDATE="2024-09-09" /><OBJECT OBJECTID="165150734" OBJECTGUID="35c8dc88-2290-4277-be31-43db0fd76f44" CHANGEID="600795771" ISACTIVE="1" LEVELID="11" CREATEDATE="2024-09-09" UPDATEDATE="2024-09-09" /><OBJECT OBJECTID="165150754" OBJECTGUID="3c87d9b6-92ea-4310-ab00-8e3cd88bff04" CHANGEID="600795802" ISACTIVE="1" LEVELID="11" CREATEDATE="2024-09-09" UPDATEDATE="2024-09-09" /><OBJECT OBJECTID="165150790" OBJECTGUID="de350e1d-e28b-4d49-b1be-55006b633a95" CHANGEID="600795856" ISACTIVE="1" LEVELID="10" CREATEDATE="2024-09-09" UPDATEDATE="2024-09-09" /><OBJECT OBJECTID="165158153" OBJECTGUID="01912851-e432-4901-acdf-5be03cc333bf" CHANGEID="600808079" ISACTIVE="1" LEVELID="11" CREATEDATE="2024-09-10" UPDATEDATE="2024-09-10" /><OBJECT OBJECTID="165158154" OBJECTGUID="620a30fe-eaf8-4d72-8198-db2b7f64f5c7" CHANGEID="600808080" ISACTIVE="1" LEVELID="11" CREATEDATE="2024-09-10" UPDATEDATE="2024-09-10" /><OBJECT OBJECTID="34004070" OBJECTGUID="f9777b01-15fa-4b0d-ac3e-661dec9e0f4a" CHANGEID="600808071" ISACTIVE="1" LEVELID="11" CREATEDATE="2017-10-18" UPDATEDATE="2024-09-10" /><OBJECT OBJECTID="34003935" OBJECTGUID="d3611f07-a5c3-4d82-bb9b-20e052a60298" CHANGEID="600808072" ISACTIVE="1" LEVELID="11" CREATEDATE="2017-10-18" UPDATEDATE="2024-09-10" /><OBJECT OBJECTID="34003068" OBJECTGUID="a06260a2-cc24-46b3-aba9-4916b5cc96ee" CHANGEID="600808074" ISACTIVE="1" LEVELID="11" CREATEDATE="2017-10-18" UPDATEDATE="2024-09-10" /><OBJECT OBJECTID="34002997" OBJECTGUID="9a8e4809-6b30-444f-bc35-3ed888faa90a" CHANGEID="600808075" ISACTIVE="1" LEVELID="11" CREATEDATE="2017-10-18" UPDATEDATE="2024-09-10" /><OBJECT OBJECTID="34002609" OBJECTGUID="8d5766ff-4658-49c0-8954-89808d493d82" CHANGEID="600808076" ISACTIVE="1" LEVELID="11" CREATEDATE="2017-10-18" UPDATEDATE="2024-09-10" /><OBJECT OBJECTID="17307285" OBJECTGUID="577f88eb-bad7-411f-9e9b-6597d203463b" CHANGEID="600907978" ISACTIVE="1" LEVELID="11" CREATEDATE="2017-05-29" UPDATEDATE="2024-09-11" /><OBJECT OBJECTID="17318406" OBJECTGUID="df1bb7eb-d2fe-4766-b5eb-f7e26e63b549" CHANGEID="600907980" ISACTIVE="1" LEVELID="11" CREATEDATE="2017-05-29" UPDATEDATE="2024-09-11" /><OBJECT OBJECTID="17305486" OBJECTGUID="387ce1f7-e661-4e13-ae35-6d3f37f00650" CHANGEID="600907981" ISACTIVE="1" LEVELID="11" CREATEDATE="2017-05-29" UPDATEDATE="2024-09-11" /><OBJECT OBJECTID="165207824" OBJECTGUID="059476fa-5b89-4b1e-8fa0-dc9672b7d159" CHANGEID="600908014" ISACTIVE="1" LEVELID="11" CREATEDATE="2024-09-11" UPDATEDATE="2024-09-11" /><OBJECT OBJECTID="165165661" OBJECTGUID="c58d20c2-3691-44c4-bc60-d561eb2675ac" CHANGEID="600820495" ISACTIVE="1" LEVELID="11" CREATEDATE="2024-09-10" UPDATEDATE="2024-09-10" /><OBJECT OBJECTID="165165662" OBJECTGUID="c34ef7ea-4de9-49f2-9544-96edf83ea659" CHANGEID="600820496" ISACTIVE="1" LEVELID="11" CREATEDATE="2024-09-10" UPDATEDATE="2024-09-10" /><OBJECT OBJECTID="165165663" OBJECTGUID="44cd5563-6ded-4493-8615-0304fa75c82e" CHANGEID="600820497" ISACTIVE="1" LEVELID="11" CREATEDATE="2024-09-10" UPDATEDATE="2024-09-10" /><OBJECT OBJECTID="164548655" OBJECTGUID="819843e4-5af1-4052-ab00-da1ea58612ce" CHANGEID="600716101" ISACTIVE="1" LEVELID="10" CREATEDATE="2024-08-05" UPDATEDATE="2024-09-07" /><OBJECT OBJECTID="87207387" OBJECTGUID="ddd55c20-2ecb-4b6e-ae43-22d1ae1f4951" CHANGEID="600828602" ISACTIVE="1" LEVELID="9" CREATEDATE="2017-05-10" UPDATEDATE="2024-09-10" /><OBJECT OBJECTID="87040318" OBJECTGUID="9768bce8-40e0-4872-b0b7-be16be4728ab" CHANGEID="600828603" ISACTIVE="0" LEVELID="9" CREATEDATE="2017-05-12" UPDATEDATE="2024-09-10" /><OBJECT OBJECTID="165171810" OBJECTGUID="1ebef277-ec12-45a7-9d08-9331341089ce" CHANGEID="600829091" ISACTIVE="1" LEVELID="9" CREATEDATE="2024-09-10" UPDATEDATE="2024-09-10" /><OBJECT OBJECTID="165172354" OBJECTGUID="3169d501-b9d3-4c77-a626-3be397a5a176" CHANGEID="600830193" ISACTIVE="1" LEVELID="9" CREATEDATE="2024-09-10" UPDATEDATE="2024-09-10" /><OBJECT OBJECTID="165173225" OBJECTGUID="23a406e6-ff76-4b70-8626-d7b5d9b09898" CHANGEID="600831757" ISACTIVE="1" LEVELID="9" CREATEDATE="2024-09-10" UPDATEDATE="2024-09-10" /><OBJECT OBJECTID="165174906" OBJECTGUID="fe0a577c-94e9-47ed-be30-69a25bd4d431" CHANGEID="600834577" ISACTIVE="1" LEVELID="11" CREATEDATE="2024-09-10" UPDATEDATE="2024-09-10" /><OBJECT OBJECTID="165174907" OBJECTGUID="3cc17a88-f59c-4b10-a9a3-c66a36604cf1" CHANGEID="600834578" ISACTIVE="1" LEVELID="11" CREATEDATE="2024-09-10" UPDATEDATE="2024-09-10" /><OBJECT OBJECTID="33899690" OBJECTGUID="f8703bf3-af66-49b7-991e-a0d4dfe4b99f" CHANGEID="600836677" ISACTIVE="1" LEVELID="11" CREATEDATE="2017-10-18" UPDATEDATE="2024-09-10" /><OBJECT OBJECTID="33899665" OBJECTGUID="ed5adcde-bd41-45d6-937e-5a16599e8580" CHANGEID="600836678" ISACTIVE="1" LEVELID="11" CREATEDATE="2017-10-18" UPDATEDATE="2024-09-10" /><OBJECT OBJECTID="33895545" OBJECTGUID="607cacac-5e80-45d6-bfca-d03edd96801d" CHANGEID="600836679" ISACTIVE="1" LEVELID="11" CREATEDATE="2017-10-18" UPDATEDATE="2024-09-10" /><OBJECT OBJECTID="33895381" OBJECTGUID="478315aa-ffb5-4576-b052-6c3558fc75a3" CHANGEID="600836680" ISACTIVE="1" LEVELID="11" CREATEDATE="2017-10-18" UPDATEDATE="2024-09-10" /><OBJECT OBJECTID="33895302" OBJECTGUID="1964004a-09f1-4f63-9a4e-94d8ffe1f9a2" CHANGEID="600836681" ISACTIVE="1" LEVELID="11" CREATEDATE="2017-10-18" UPDATEDATE="2024-09-10" /><OBJECT OBJECTID="33895270" OBJECTGUID="16cd0ce6-138f-4483-bce4-e1947781cde9" CHANGEID="600836682" ISACTIVE="1" LEVELID="11" CREATEDATE="2017-10-18" UPDATEDATE="2024-09-10" /><OBJECT OBJECTID="165176624" OBJECTGUID="01c36846-3d48-4575-96b9-7fccf10c0d62" CHANGEID="600836784" ISACTIVE="1" LEVELID="11" CREATEDATE="2024-09-10" UPDATEDATE="2024-09-10" /><OBJECT OBJECTID="165176625" OBJECTGUID="049a0502-023e-46bf-8bf2-d286771bba8d" CHANGEID="600836785" ISACTIVE="1" LEVELID="11" CREATEDATE="2024-09-10" UPDATEDATE="2024-09-10" /><OBJECT OBJECTID="165176626" OBJECTGUID="96798298-257f-49d6-88f4-d0c145f96c52" CHANGEID="600836786" ISACTIVE="1" LEVELID="11" CREATEDATE="2024-09-10" UPDATEDATE="2024-09-10" /><OBJECT OBJECTID="165176627" OBJECTGUID="dd5795ab-15eb-4f76-b067-a871adcc006b" CHANGEID="600836787" ISACTIVE="1" LEVELID="11" CREATEDATE="2024-09-10" UPDATEDATE="2024-09-10" /><OBJECT OBJECTID="165176628" OBJECTGUID="e9dcbcd3-763b-418c-bfa7-3914b237efaa" CHANGEID="600836788" ISACTIVE="1" LEVELID="11" CREATEDATE="2024-09-10" UPDATEDATE="2024-09-10" /><OBJECT OBJECTID="165176629" OBJECTGUID="b6467120-6949-4a07-bb61-07ced643ccf7" CHANGEID="600836789" ISACTIVE="1" LEVELID="11" CREATEDATE="2024-09-10" UPDATEDATE="2024-09-10" /><OBJECT OBJECTID="165176630" OBJECTGUID="dbcda515-6e1c-48ec-bf40-6f20c6d6cebd" CHANGEID="600836790" ISACTIVE="1" LEVELID="11" CREATEDATE="2024-09-10" UPDATEDATE="2024-09-10" /><OBJECT OBJECTID="33895819" OBJECTGUID="bd7ce1fb-5008-4aca-9a73-f35e448ec388" CHANGEID="600836902" ISACTIVE="1" LEVELID="11" CREATEDATE="2017-10-18" UPDATEDATE="2024-09-10" /><OBJECT OBJECTID="21082444" OBJECTGUID="eea82ff7-d589-49b9-8767-5579981473b4" CHANGEID="600843931" ISACTIVE="1" LEVELID="11" CREATEDATE="2017-05-18" UPDATEDATE="2024-09-10" /><OBJECT OBJECTID="21082110" OBJECTGUID="d913ad23-bd7a-445c-aa1c-481f71123e8f" CHANGEID="600843932" ISACTIVE="1" LEVELID="11" CREATEDATE="2017-05-18" UPDATEDATE="2024-09-10" /><OBJECT OBJECTID="21081896" OBJECTGUID="985cc0f9-1636-41ef-bf65-6cb7a13f97af" CHANGEID="600843934" ISACTIVE="1" LEVELID="11" CREATEDATE="2017-05-18" UPDATEDATE="2024-09-10" /><OBJECT OBJECTID="21080876" OBJECTGUID="412f345c-78b5-4cc6-8b83-b544a258373e" CHANGEID="600843936" ISACTIVE="1" LEVELID="11" CREATEDATE="2017-05-18" UPDATEDATE="2024-09-10" /><OBJECT OBJECTID="21082118" OBJECTGUID="dd14df2b-1a62-460f-b043-3f616999ed41" CHANGEID="600844763" ISACTIVE="1" LEVELID="11" CREATEDATE="2017-05-18" UPDATEDATE="2024-09-10" /><OBJECT OBJECTID="21081721" OBJECTGUID="82349e60-e0d3-4348-8f58-1f3651edf8a8" CHANGEID="600844764" ISACTIVE="1" LEVELID="11" CREATEDATE="2017-05-18" UPDATEDATE="2024-09-10" /><OBJECT OBJECTID="21081176" OBJECTGUID="683ffa4b-a67c-46f0-8925-5b4610cf9b5d" CHANGEID="600844766" ISACTIVE="1" LEVELID="11" CREATEDATE="2017-05-18" UPDATEDATE="2024-09-10" /><OBJECT OBJECTID="21080803" OBJECTGUID="3d1fc29a-61ff-4d82-b111-5093a7f4518b" CHANGEID="600844767" ISACTIVE="1" LEVELID="11" CREATEDATE="2017-05-18" UPDATEDATE="2024-09-10" /><OBJECT OBJECTID="21080617" OBJECTGUID="1b6a460b-b3ae-4aca-b8ea-9c8eb60a164d" CHANGEID="600844768" ISACTIVE="1" LEVELID="11" CREATEDATE="2017-05-18" UPDATEDATE="2024-09-10" /><OBJECT OBJECTID="21082466" OBJECTGUID="f99f5060-115e-4926-b835-1a33a4cf9109" CHANGEID="600844876" ISACTIVE="1" LEVELID="11" CREATEDATE="2017-05-18" UPDATEDATE="2024-09-10" /><OBJECT OBJECTID="21081905" OBJECTGUID="9cc7eabd-8483-4164-9f52-306b396d1f07" CHANGEID="600844877" ISACTIVE="1" LEVELID="11" CREATEDATE="2017-05-18" UPDATEDATE="2024-09-10" /><OBJECT OBJECTID="21080860" OBJECTGUID="408c798d-1fcb-4480-942d-4fb602b8be28" CHANGEID="600844879" ISACTIVE="1" LEVELID="11" CREATEDATE="2017-05-18" UPDATEDATE="2024-09-10" /><OBJECT OBJECTID="21080221" OBJECTGUID="0cf204c4-f662-4128-ae6b-69647112debe" CHANGEID="600844881" ISACTIVE="1" LEVELID="11" CREATEDATE="2017-05-18" UPDATEDATE="2024-09-10" /><OBJECT OBJECTID="21081890" OBJECTGUID="86c0ee7d-8b20-492d-862c-45517e9a4057" CHANGEID="600844911" ISACTIVE="1" LEVELID="11" CREATEDATE="2017-05-18" UPDATEDATE="2024-09-10" /><OBJECT OBJECTID="21081428" OBJECTGUID="6dbef935-bb30-4b44-bbcf-445fe5826e44" CHANGEID="600844912" ISACTIVE="1" LEVELID="11" CREATEDATE="2017-05-18" UPDATEDATE="2024-09-10" /><OBJECT OBJECTID="21081164" OBJECTGUID="60eead30-35d0-4eb7-9bec-6d8770c3f9b3" CHANGEID="600844913" ISACTIVE="1" LEVELID="11" CREATEDATE="2017-05-18" UPDATEDATE="2024-09-10" /><OBJECT OBJECTID="21080982" OBJECTGUID="50cb2012-f93c-46b8-adeb-235e92b10e8e" CHANGEID="600844914" ISACTIVE="1" LEVELID="11" CREATEDATE="2017-05-18" UPDATEDATE="2024-09-10" /><OBJECT OBJECTID="165182497" OBJECTGUID="1ecadc83-45ae-4264-a85a-f3df7568caed" CHANGEID="600847133" ISACTIVE="1" LEVELID="11" CREATEDATE="2024-09-10" UPDATEDATE="2024-09-10" /><OBJECT OBJECTID="165182638" OBJECTGUID="a98072db-ff5e-458e-a791-0a3d8319ad34" CHANGEID="600847345" ISACTIVE="1" LEVELID="9" CREATEDATE="2024-09-10" UPDATEDATE="2024-09-10" /><OBJECT OBJECTID="165182714" OBJECTGUID="e7d4270b-e855-4704-8ba2-44f9b15e99df" CHANGEID="600847473" ISACTIVE="1" LEVELID="10" CREATEDATE="2024-09-10" UPDATEDATE="2024-09-10" /><OBJECT OBJECTID="165183005" OBJECTGUID="df36ffe2-d79d-495d-82bf-f2caf3faf529" CHANGEID="600847980" ISACTIVE="1" LEVELID="10" CREATEDATE="2024-09-10" UPDATEDATE="2024-09-10" /><OBJECT OBJECTID="156593360" OBJECTGUID="774076f2-0eaa-4ae1-b490-cce33a38b6f8" CHANGEID="600851049" ISACTIVE="1" LEVELID="10" CREATEDATE="2022-10-06" UPDATEDATE="2024-09-11" /><OBJECT OBJECTID="164896194" OBJECTGUID="28af44e7-dbca-41e9-8d4a-3f4a504deb0d" CHANGEID="600851116" ISACTIVE="1" LEVELID="10" CREATEDATE="2024-08-27" UPDATEDATE="2024-09-11" /><OBJECT OBJECTID="164892383" OBJECTGUID="77bccc89-82f6-49c6-8984-0cd7d2610f51" CHANGEID="600851119" ISACTIVE="1" LEVELID="10" CREATEDATE="2024-08-27" UPDATEDATE="2024-09-11" /><OBJECT OBJECTID="164597107" OBJECTGUID="103f01ac-2f4e-44d4-b2c4-e1f6be1020c5" CHANGEID="600716200" ISACTIVE="1" LEVELID="10" CREATEDATE="2024-08-08" UPDATEDATE="2024-09-07" /><OBJECT OBJECTID="164607321" OBJECTGUID="cfb8bf08-f1fe-460b-a97b-adf4cabf05e7" CHANGEID="600716199" ISACTIVE="1" LEVELID="10" CREATEDATE="2024-08-08" UPDATEDATE="2024-09-07" /><OBJECT OBJECTID="165189342" OBJECTGUID="17d9efb9-ed1b-4a97-b8ac-5f6bb323867b" CHANGEID="600881851" ISACTIVE="1" LEVELID="9" CREATEDATE="2024-09-11" UPDATEDATE="2024-09-11" /><OBJECT OBJECTID="165191957" OBJECTGUID="2143252b-de95-43ce-abce-0cafe047502c" CHANGEID="600885628" ISACTIVE="1" LEVELID="10" CREATEDATE="2024-09-11" UPDATEDATE="2024-09-11" /><OBJECT OBJECTID="165191938" OBJECTGUID="c3ec5820-f240-4e6c-b42a-55c5bc074065" CHANGEID="600885599" ISACTIVE="1" LEVELID="10" CREATEDATE="2024-09-11" UPDATEDATE="2024-09-11" /><OBJECT OBJECTID="34010926" OBJECTGUID="f9254909-99e8-4d4b-94b3-9815edfd9905" CHANGEID="600890155" ISACTIVE="1" LEVELID="11" CREATEDATE="2017-10-18" UPDATEDATE="2024-09-11" /><OBJECT OBJECTID="34010548" OBJECTGUID="c09cd2a3-6f6c-4003-aec0-4bb5b0c331fe" CHANGEID="600890156" ISACTIVE="1" LEVELID="11" CREATEDATE="2017-10-18" UPDATEDATE="2024-09-11" /><OBJECT OBJECTID="165195353" OBJECTGUID="31c7da15-ea2e-45f8-a545-2ed9efc3edc9" CHANGEID="600890194" ISACTIVE="1" LEVELID="11" CREATEDATE="2024-09-11" UPDATEDATE="2024-09-11" /><OBJECT OBJECTID="165195354" OBJECTGUID="46e18259-ad5c-4864-8d09-abe28f0da9c9" CHANGEID="600890195" ISACTIVE="1" LEVELID="11" CREATEDATE="2024-09-11" UPDATEDATE="2024-09-11" /><OBJECT OBJECTID="165195355" OBJECTGUID="307a8b98-7444-44b0-a2f9-5286911a63d6" CHANGEID="600890196" ISACTIVE="1" LEVELID="11" CREATEDATE="2024-09-11" UPDATEDATE="2024-09-11" /><OBJECT OBJECTID="165195356" OBJECTGUID="2eedb7f1-df0a-4699-b351-a4b6d69c0698" CHANGEID="600890197" ISACTIVE="1" LEVELID="11" CREATEDATE="2024-09-11" UPDATEDATE="2024-09-11" /><OBJECT OBJECTID="164637213" OBJECTGUID="7dc0dcb0-56a0-4bb1-a2c2-f191f9321578" CHANGEID="600716198" ISACTIVE="1" LEVELID="10" CREATEDATE="2024-08-12" UPDATEDATE="2024-09-07" /><OBJECT OBJECTID="165203842" OBJECTGUID="927a95c2-0ac3-49a8-bdaf-3b793852b8ac" CHANGEID="600901859" ISACTIVE="1" LEVELID="11" CREATEDATE="2024-09-11" UPDATEDATE="2024-09-11" /><OBJECT OBJECTID="165203843" OBJECTGUID="16ded47c-0256-4e76-94bb-e9c1804febec" CHANGEID="600901860" ISACTIVE="1" LEVELID="11" CREATEDATE="2024-09-11" UPDATEDATE="2024-09-11" /><OBJECT OBJECTID="165203940" OBJECTGUID="e64b5474-75c3-4681-b170-7f87b03f2c66" CHANGEID="600902041" ISACTIVE="1" LEVELID="9" CREATEDATE="2024-09-11" UPDATEDATE="2024-09-11" /><OBJECT OBJECTID="165204016" OBJECTGUID="7b5ee714-a3a2-4683-a4a7-9bf643ce12b0" CHANGEID="600902209" ISACTIVE="1" LEVELID="10" CREATEDATE="2024-09-11" UPDATEDATE="2024-09-11" /><OBJECT OBJECTID="165205176" OBJECTGUID="08cd8085-32ce-4b9c-8d9e-be6f5271a0a1" CHANGEID="600904055" ISACTIVE="1" LEVELID="10" CREATEDATE="2024-09-11" UPDATEDATE="2024-09-11" /><OBJECT OBJECTID="165205225" OBJECTGUID="1a19eeda-ec93-4d65-93aa-1cbc829506ae" CHANGEID="600904132" ISACTIVE="1" LEVELID="11" CREATEDATE="2024-09-11" UPDATEDATE="2024-09-11" /><OBJECT OBJECTID="26326009" OBJECTGUID="ed9e6296-4b4e-4c2a-86d5-250ca8fb49d2" CHANGEID="600905272" ISACTIVE="1" LEVELID="11" CREATEDATE="2017-05-16" UPDATEDATE="2024-09-11" /><OBJECT OBJECTID="26325559" OBJECTGUID="c90933ab-445e-4a20-984a-ddb90cf81918" CHANGEID="600905274" ISACTIVE="1" LEVELID="11" CREATEDATE="2017-05-16" UPDATEDATE="2024-09-11" /><OBJECT OBJECTID="26319573" OBJECTGUID="80f966fc-6f1e-4ec6-af4c-792e4f054bac" CHANGEID="600905275" ISACTIVE="1" LEVELID="11" CREATEDATE="2017-05-16" UPDATEDATE="2024-09-11" /><OBJECT OBJECTID="165206072" OBJECTGUID="13ec2205-2e36-4623-8c1c-cadab9e6362e" CHANGEID="600905313" ISACTIVE="1" LEVELID="9" CREATEDATE="2024-09-11" UPDATEDATE="2024-09-11" /><OBJECT OBJECTID="26300194" OBJECTGUID="b826b1d6-506c-4ec7-9eb6-8891b1d955ab" CHANGEID="600905467" ISACTIVE="1" LEVELID="11" CREATEDATE="2017-05-17" UPDATEDATE="2024-09-11" /><OBJECT OBJECTID="26298106" OBJECTGUID="7a91749e-6e56-4de9-b25d-67363e7bda54" CHANGEID="600905468" ISACTIVE="1" LEVELID="11" CREATEDATE="2017-05-17" UPDATEDATE="2024-09-11" /><OBJECT OBJECTID="26295721" OBJECTGUID="13d836ef-f093-4173-8574-c30727409320" CHANGEID="600905470" ISACTIVE="1" LEVELID="11" CREATEDATE="2017-05-17" UPDATEDATE="2024-09-11" /><OBJECT OBJECTID="165207558" OBJECTGUID="b1f078cf-9df5-46dd-878e-a6c9b3069e93" CHANGEID="600907639" ISACTIVE="1" LEVELID="9" CREATEDATE="2024-09-11" UPDATEDATE="2024-09-11" /><OBJECT OBJECTID="165210540" OBJECTGUID="030a0652-94d8-470e-be72-1056184e3e46" CHANGEID="600913359" ISACTIVE="1" LEVELID="10" CREATEDATE="2024-09-11" UPDATEDATE="2024-09-11" /><OBJECT OBJECTID="33830589" OBJECTGUID="3edb114a-6edb-4476-994b-547247e05ec6" CHANGEID="600915651" ISACTIVE="1" LEVELID="11" CREATEDATE="2017-10-18" UPDATEDATE="2024-09-11" /><OBJECT OBJECTID="33830580" OBJECTGUID="3241d17f-e174-45d1-8d3a-4333e71b728d" CHANGEID="600915652" ISACTIVE="1" LEVELID="11" CREATEDATE="2017-10-18" UPDATEDATE="2024-09-11" /><OBJECT OBJECTID="165212153" OBJECTGUID="88e8fcff-5964-44cc-a459-2a6cec36798e" CHANGEID="600915750" ISACTIVE="1" LEVELID="11" CREATEDATE="2024-09-11" UPDATEDATE="2024-09-11" /><OBJECT OBJECTID="165212154" OBJECTGUID="1ae4e91c-f6d3-4c0c-8815-fc7f7e352b07" CHANGEID="600915751" ISACTIVE="1" LEVELID="11" CREATEDATE="2024-09-11" UPDATEDATE="2024-09-11" /><OBJECT OBJECTID="165212155" OBJECTGUID="ff50e310-08c3-4f5f-9dee-c92703853535" CHANGEID="600915752" ISACTIVE="1" LEVELID="11" CREATEDATE="2024-09-11" UPDATEDATE="2024-09-11" /><OBJECT OBJECTID="33971889" OBJECTGUID="da639fd7-b827-493e-965c-5fad52f89b0a" CHANGEID="600915799" ISACTIVE="1" LEVELID="11" CREATEDATE="2017-10-18" UPDATEDATE="2024-09-11" /><OBJECT OBJECTID="33970243" OBJECTGUID="2e0196a8-7010-4db8-8928-0cd88d3b5902" CHANGEID="600915800" ISACTIVE="1" LEVELID="11" CREATEDATE="2017-10-18" UPDATEDATE="2024-09-11" /><OBJECT OBJECTID="165212194" OBJECTGUID="b7dc77dd-76f7-419d-9742-b8f9e6cc2be9" CHANGEID="600915814" ISACTIVE="1" LEVELID="11" CREATEDATE="2024-09-11" UPDATEDATE="2024-09-11" /><OBJECT OBJECTID="165212285" OBJECTGUID="bd428ff9-0b2d-457d-a9bc-faea121ff336" CHANGEID="600915948" ISACTIVE="1" LEVELID="11" CREATEDATE="2024-09-11" UPDATEDATE="2024-09-11" /><OBJECT OBJECTID="165212286" OBJECTGUID="a270b865-985b-45c6-9f53-e09b217af9de" CHANGEID="600915949" ISACTIVE="1" LEVELID="11" CREATEDATE="2024-09-11" UPDATEDATE="2024-09-11" /><OBJECT OBJECTID="33996259" OBJECTGUID="3001da45-030f-44b8-ab0d-95a4e4bed1e7" CHANGEID="600915907" ISACTIVE="1" LEVELID="11" CREATEDATE="2017-10-18" UPDATEDATE="2024-09-11" /><OBJECT OBJECTID="165214777" OBJECTGUID="2e2fae6f-a6a2-497c-8c9c-3667230df9cb" CHANGEID="600919639" ISACTIVE="1" LEVELID="9" CREATEDATE="2024-09-11" UPDATEDATE="2024-09-11" /><OBJECT OBJECTID="164016291" OBJECTGUID="1d4d859a-ee14-49d9-8b1f-4f14f79325d3" CHANGEID="600925093" ISACTIVE="1" LEVELID="10" CREATEDATE="2024-06-26" UPDATEDATE="2024-09-11" /><OBJECT OBJECTID="165218463" OBJECTGUID="9ed35aaf-b9b9-40f5-b9e7-0663828810d7" CHANGEID="600926051" ISACTIVE="1" LEVELID="10" CREATEDATE="2024-09-11" UPDATEDATE="2024-09-11" /><OBJECT OBJECTID="165218490" OBJECTGUID="ad079f77-e54b-4331-bfc2-437c9a906b0e" CHANGEID="600926093" ISACTIVE="1" LEVELID="9" CREATEDATE="2024-09-11" UPDATEDATE="2024-09-11" /><OBJECT OBJECTID="165218546" OBJECTGUID="51c1921c-4436-4495-95e1-b04603be70c6" CHANGEID="600926205" ISACTIVE="1" LEVELID="9" CREATEDATE="2024-09-11" UPDATEDATE="2024-09-11" /><OBJECT OBJECTID="89089118" OBJECTGUID="8747c226-628b-4d6a-87ec-70800e9f668c" CHANGEID="600926231" ISACTIVE="1" LEVELID="9" CREATEDATE="2016-04-19" UPDATEDATE="2024-09-11" /><OBJECT OBJECTID="165218623" OBJECTGUID="a24f7069-60a9-4bb3-a8b3-2bb78feaa610" CHANGEID="600926479" ISACTIVE="1" LEVELID="9" CREATEDATE="2024-09-11" UPDATEDATE="2024-09-11" /><OBJECT OBJECTID="165218713" OBJECTGUID="970b0341-24e9-4bbc-a605-f3b9ee5357b8" CHANGEID="600927231" ISACTIVE="1" LEVELID="9" CREATEDATE="2024-09-11" UPDATEDATE="2024-09-11" /><OBJECT OBJECTID="46741605" OBJECTGUID="aa3667c9-dfdf-417b-b313-b699beb05390" CHANGEID="600927273" ISACTIVE="0" LEVELID="11" CREATEDATE="2019-03-29" UPDATEDATE="2024-09-11" /><OBJECT OBJECTID="46741255" OBJECTGUID="60c752b4-0497-4c69-b4c3-f38bfb064971" CHANGEID="600927275" ISACTIVE="0" LEVELID="11" CREATEDATE="2019-03-29" UPDATEDATE="2024-09-11" /><OBJECT OBJECTID="46741231" OBJECTGUID="2fa71a63-e5bf-4149-8495-c4ea4369b753" CHANGEID="600927277" ISACTIVE="0" LEVELID="11" CREATEDATE="2019-03-29" UPDATEDATE="2024-09-11" /><OBJECT OBJECTID="77725234" OBJECTGUID="0a16ae1e-9d23-42c5-a640-ab904b425ad5" CHANGEID="600927661" ISACTIVE="0" LEVELID="11" CREATEDATE="2019-03-29" UPDATEDATE="2024-09-11" /><OBJECT OBJECTID="37556059" OBJECTGUID="e0762668-cab1-4d34-ad9d-d4b5eca199c3" CHANGEID="600927713" ISACTIVE="0" LEVELID="11" CREATEDATE="2017-07-13" UPDATEDATE="2024-09-11" /><OBJECT OBJECTID="37556053" OBJECTGUID="d434bc86-4655-4811-8c61-e734a9a31a7a" CHANGEID="600927714" ISACTIVE="0" LEVELID="11" CREATEDATE="2017-07-13" UPDATEDATE="2024-09-11" /><OBJECT OBJECTID="162735025" OBJECTGUID="4835baf8-11fb-4efa-9d01-e603b7aa1f5f" CHANGEID="600928564" ISACTIVE="1" LEVELID="9" CREATEDATE="2024-03-07" UPDATEDATE="2024-09-11" /><OBJECT OBJECTID="159123649" OBJECTGUID="fb62ad97-0d7b-45bf-8166-2f16876fe2d5" CHANGEID="600928700" ISACTIVE="1" LEVELID="9" CREATEDATE="2023-06-13" UPDATEDATE="2024-09-11" /><OBJECT OBJECTID="104458664" OBJECTGUID="f859f176-e0a7-4c43-b1e5-cfb3f08f132c" CHANGEID="600928665" ISACTIVE="1" LEVELID="9" CREATEDATE="2022-05-12" UPDATEDATE="2024-09-11" /><OBJECT OBJECTID="160878125" OBJECTGUID="64973336-6624-4fad-81be-1e6e1ff0f144" CHANGEID="600929291" ISACTIVE="1" LEVELID="9" CREATEDATE="2023-10-26" UPDATEDATE="2024-09-11" /><OBJECT OBJECTID="158822631" OBJECTGUID="f374f091-e043-4b14-be18-86445ae0b242" CHANGEID="600929391" ISACTIVE="1" LEVELID="9" CREATEDATE="2023-05-11" UPDATEDATE="2024-09-11" /><OBJECT OBJECTID="158678110" OBJECTGUID="6f56d120-0868-4215-8efe-a583dbbc1a6b" CHANGEID="600929429" ISACTIVE="1" LEVELID="9" CREATEDATE="2023-04-21" UPDATEDATE="2024-09-11" /><OBJECT OBJECTID="86534426" OBJECTGUID="dd61a7a2-edf7-4b96-99d8-19ce6faeacfb" CHANGEID="600929540" ISACTIVE="1" LEVELID="9" CREATEDATE="2017-05-11" UPDATEDATE="2024-09-11" /><OBJECT OBJECTID="102774171" OBJECTGUID="2370648f-0d14-4b2b-bcb3-b5d5bbdd14bb" CHANGEID="600930103" ISACTIVE="1" LEVELID="9" CREATEDATE="2021-10-26" UPDATEDATE="2024-09-11" /><OBJECT OBJECTID="49808840" OBJECTGUID="3db17b5c-a94d-4a27-9363-0205d36d7c5b" CHANGEID="600930695" ISACTIVE="0" LEVELID="10" CREATEDATE="2017-12-17" UPDATEDATE="2024-09-11" /><OBJECT OBJECTID="165220285" OBJECTGUID="606a4913-dfd3-488f-a244-025cc70c28cf" CHANGEID="600930696" ISACTIVE="1" LEVELID="10" CREATEDATE="2024-09-11" UPDATEDATE="2024-09-11" /><OBJECT OBJECTID="165220286" OBJECTGUID="0d28cd49-7a36-4401-8178-0901cb65a32e" CHANGEID="600930697" ISACTIVE="1" LEVELID="10" CREATEDATE="2024-09-11" UPDATEDATE="2024-09-11" /><OBJECT OBJECTID="165220630" OBJECTGUID="1b8a5529-2090-4c82-8b17-d1809ffa85a2" CHANGEID="600931492" ISACTIVE="1" LEVELID="10" CREATEDATE="2024-09-11" UPDATEDATE="2024-09-11" /><OBJECT OBJECTID="165220696" OBJECTGUID="8973f46e-dbbf-4ad4-80a3-186e4a8320ba" CHANGEID="600931577" ISACTIVE="1" LEVELID="10" CREATEDATE="2024-09-11" UPDATEDATE="2024-09-11" /><OBJECT OBJECTID="165221400" OBJECTGUID="6378be07-96a6-4525-9a85-ea440c49e49b" CHANGEID="600932779" ISACTIVE="1" LEVELID="10" CREATEDATE="2024-09-11" UPDATEDATE="2024-09-11" /><OBJECT OBJECTID="21073031" OBJECTGUID="fb626e65-fb00-4e4a-ac00-a9e1bfcb8e40" CHANGEID="600932866" ISACTIVE="1" LEVELID="11" CREATEDATE="2017-05-17" UPDATEDATE="2024-09-11" /><OBJECT OBJECTID="21072954" OBJECTGUID="f1d3a2e6-55b5-400d-b40d-0c209ef481fe" CHANGEID="600932867" ISACTIVE="1" LEVELID="11" CREATEDATE="2017-05-17" UPDATEDATE="2024-09-11" /><OBJECT OBJECTID="21072740" OBJECTGUID="dc56f619-c91a-4d4b-b07c-66821647673a" CHANGEID="600932868" ISACTIVE="1" LEVELID="11" CREATEDATE="2017-05-18" UPDATEDATE="2024-09-11" /><OBJECT OBJECTID="21072509" OBJECTGUID="c4938916-ae80-4244-89ea-137eaf1e7750" CHANGEID="600932869" ISACTIVE="1" LEVELID="11" CREATEDATE="2017-05-17" UPDATEDATE="2024-09-11" /><OBJECT OBJECTID="21072124" OBJECTGUID="98629c42-f3e0-4582-924c-bea9baa54439" CHANGEID="600932871" ISACTIVE="1" LEVELID="11" CREATEDATE="2017-05-18" UPDATEDATE="2024-09-11" /><OBJECT OBJECTID="21071913" OBJECTGUID="957d4e31-fc7a-417c-8587-d9ec58389298" CHANGEID="600932872" ISACTIVE="1" LEVELID="11" CREATEDATE="2017-05-17" UPDATEDATE="2024-09-11" /><OBJECT OBJECTID="21071798" OBJECTGUID="9320ca35-b05a-43ef-b06b-2110dbff7606" CHANGEID="600932873" ISACTIVE="1" LEVELID="11" CREATEDATE="2017-05-17" UPDATEDATE="2024-09-11" /><OBJECT OBJECTID="21071797" OBJECTGUID="7689a2e3-c692-47be-897b-7ce7a88b655b" CHANGEID="600932874" ISACTIVE="1" LEVELID="11" CREATEDATE="2017-05-17" UPDATEDATE="2024-09-11" /><OBJECT OBJECTID="21071793" OBJECTGUID="73af9c54-b419-4e51-9eca-eae9e8a63549" CHANGEID="600932875" ISACTIVE="1" LEVELID="11" CREATEDATE="2017-05-17" UPDATEDATE="2024-09-11" /><OBJECT OBJECTID="21071785" OBJECTGUID="60a3929e-588f-4bf0-8240-59be41488098" CHANGEID="600932877" ISACTIVE="1" LEVELID="11" CREATEDATE="2017-05-18" UPDATEDATE="2024-09-11" /><OBJECT OBJECTID="21071769" OBJECTGUID="57f23846-cfa2-41f0-8cf9-7a278ae38934" CHANGEID="600932878" ISACTIVE="1" LEVELID="11" CREATEDATE="2017-05-17" UPDATEDATE="2024-09-11" /><OBJECT OBJECTID="21071599" OBJECTGUID="4ec5cc0c-f045-43e1-9cd3-5d3207018c82" CHANGEID="600932879" ISACTIVE="1" LEVELID="11" CREATEDATE="2017-05-17" UPDATEDATE="2024-09-11" /><OBJECT OBJECTID="21071471" OBJECTGUID="3c34fe92-8b13-4235-8878-060cd3cca599" CHANGEID="600932880" ISACTIVE="1" LEVELID="11" CREATEDATE="2017-05-18" UPDATEDATE="2024-09-11" /><OBJECT OBJECTID="21071464" OBJECTGUID="3474a105-0864-4337-af71-2421b2a06d4c" CHANGEID="600932881" ISACTIVE="1" LEVELID="11" CREATEDATE="2017-05-18" UPDATEDATE="2024-09-11" /><OBJECT OBJECTID="21071453" OBJECTGUID="24132b88-1aac-4959-ae11-4a5a171429cf" CHANGEID="600932882" ISACTIVE="1" LEVELID="11" CREATEDATE="2017-05-18" UPDATEDATE="2024-09-11" /><OBJECT OBJECTID="21070750" OBJECTGUID="0d7e4a9a-5977-4886-88d8-ffe28e35e4c4" CHANGEID="600932883" ISACTIVE="1" LEVELID="11" CREATEDATE="2017-05-17" UPDATEDATE="2024-09-11" /><OBJECT OBJECTID="21070485" OBJECTGUID="09b3f0f5-0406-49b7-905e-81c770757cd8" CHANGEID="600932884" ISACTIVE="1" LEVELID="11" CREATEDATE="2017-05-17" UPDATEDATE="2024-09-11" /><OBJECT OBJECTID="21072425" OBJECTGUID="b4a1b5e7-0106-4505-a54a-51acfc074404" CHANGEID="600932885" ISACTIVE="1" LEVELID="11" CREATEDATE="2017-05-17" UPDATEDATE="2024-09-11" /><OBJECT OBJECTID="21072188" OBJECTGUID="a5c7363f-63a1-4a3d-9fc3-ebda8beb63d5" CHANGEID="600932887" ISACTIVE="1" LEVELID="11" CREATEDATE="2017-05-17" UPDATEDATE="2024-09-11" /><OBJECT OBJECTID="21070105" OBJECTGUID="07c3e49a-1a4d-4fef-8266-1c2fb5d79aec" CHANGEID="600932888" ISACTIVE="1" LEVELID="11" CREATEDATE="2017-05-17" UPDATEDATE="2024-09-11" /><OBJECT OBJECTID="165221487" OBJECTGUID="4fb90103-fe13-4ec7-a1e6-f9aba9a43ed5" CHANGEID="600932928" ISACTIVE="1" LEVELID="11" CREATEDATE="2024-09-11" UPDATEDATE="2024-09-11" /><OBJECT OBJECTID="165221527" OBJECTGUID="645a24de-5045-4a2b-91e8-19f777fbb447" CHANGEID="600932972" ISACTIVE="1" LEVELID="9" CREATEDATE="2024-09-11" UPDATEDATE="2024-09-11" /><OBJECT OBJECTID="165221617" OBJECTGUID="da5c4c70-58a7-4b1d-afe0-c4509b6eb8c8" CHANGEID="600933139" ISACTIVE="1" LEVELID="9" CREATEDATE="2024-09-11" UPDATEDATE="2024-09-11" /><OBJECT OBJECTID="164665863" OBJECTGUID="0a4f4a89-6df0-4886-8b16-04ccbf134d45" CHANGEID="600716197" ISACTIVE="1" LEVELID="10" CREATEDATE="2024-08-13" UPDATEDATE="2024-09-07" /><OBJECT OBJECTID="91698982" OBJECTGUID="1b5095f3-2e4d-4ced-99dd-0aff2dfc5ca7" CHANGEID="600750855" ISACTIVE="1" LEVELID="9" CREATEDATE="2016-04-19" UPDATEDATE="2024-09-09" /><OBJECT OBJECTID="103564412" OBJECTGUID="a622af80-e306-4d24-bb0d-5e38a8d2d748" CHANGEID="600551694" ISACTIVE="1" LEVELID="10" CREATEDATE="2022-01-26" UPDATEDATE="2024-09-05" /><OBJECT OBJECTID="33832510" OBJECTGUID="936b45f1-b793-4bd7-8153-930ce729cfbb" CHANGEID="600915650" ISACTIVE="1" LEVELID="11" CREATEDATE="2017-10-18" UPDATEDATE="2024-09-11" /><OBJECT OBJECTID="33862795" OBJECTGUID="d5530bd8-e892-48ce-8f75-1bda142dca36" CHANGEID="600795756" ISACTIVE="1" LEVELID="11" CREATEDATE="2017-10-18" UPDATEDATE="2024-09-09" /><OBJECT OBJECTID="33882384" OBJECTGUID="17ac65b0-5a84-498b-bd38-7b60d2db7075" CHANGEID="600810869" ISACTIVE="1" LEVELID="10" CREATEDATE="2019-07-14" UPDATEDATE="2024-09-10" /><OBJECT OBJECTID="33906030" OBJECTGUID="ac303c2a-a0c9-4699-8372-eecd48717413" CHANGEID="600790696" ISACTIVE="1" LEVELID="11" CREATEDATE="2017-10-18" UPDATEDATE="2024-09-09" /><OBJECT OBJECTID="33924784" OBJECTGUID="d05065cd-1319-4f4d-bbe5-74d5bfc93e66" CHANGEID="600795790" ISACTIVE="1" LEVELID="11" CREATEDATE="2017-10-18" UPDATEDATE="2024-09-09" /><OBJECT OBJECTID="33996374" OBJECTGUID="5b88e6e8-1c7e-4de6-8890-5090fc635038" CHANGEID="600915906" ISACTIVE="1" LEVELID="11" CREATEDATE="2017-10-18" UPDATEDATE="2024-09-11" /><OBJECT OBJECTID="34003569" OBJECTGUID="ac24488c-8c26-4425-bc7e-6a8072dff7ad" CHANGEID="600808073" ISACTIVE="1" LEVELID="11" CREATEDATE="2017-10-18" UPDATEDATE="2024-09-10" /><OBJECT OBJECTID="34009981" OBJECTGUID="21d402a5-2c06-4be4-b7e5-8f7bc67b7379" CHANGEID="600890154" ISACTIVE="1" LEVELID="11" CREATEDATE="2017-10-18" UPDATEDATE="2024-09-11" /><OBJECT OBJECTID="34040205" OBJECTGUID="c734659a-5411-45ed-98e9-0fe47b36d8d0" CHANGEID="600834554" ISACTIVE="1" LEVELID="11" CREATEDATE="2019-02-06" UPDATEDATE="2024-09-10" /><OBJECT OBJECTID="35837184" OBJECTGUID="505da98c-233f-49ca-bcb2-fa2fa1cae1e4" CHANGEID="600789540" ISACTIVE="0" LEVELID="10" CREATEDATE="2017-04-05" UPDATEDATE="2024-09-09" /><OBJECT OBJECTID="164715634" OBJECTGUID="59d9bc28-dd40-47f9-bdb5-3cff4eea70d1" CHANGEID="600716195" ISACTIVE="1" LEVELID="10" CREATEDATE="2024-08-15" UPDATEDATE="2024-09-07" /><OBJECT OBJECTID="164725497" OBJECTGUID="44feab66-2984-44e6-9609-9e0fcbe4c5f7" CHANGEID="600716192" ISACTIVE="1" LEVELID="10" CREATEDATE="2024-08-15" UPDATEDATE="2024-09-07" /><OBJECT OBJECTID="164725620" OBJECTGUID="e5c74623-e03c-47a4-869c-235d101d3a67" CHANGEID="600716189" ISACTIVE="1" LEVELID="10" CREATEDATE="2024-08-15" UPDATEDATE="2024-09-07" /><OBJECT OBJECTID="164725653" OBJECTGUID="d9bb13a5-30dc-4373-9259-06639b785f89" CHANGEID="600716187" ISACTIVE="1" LEVELID="10" CREATEDATE="2024-08-15" UPDATEDATE="2024-09-07" /><OBJECT OBJECTID="54945951" OBJECTGUID="84aeb2f4-5b7c-4179-a990-83dfaaa1d732" CHANGEID="600926013" ISACTIVE="0" LEVELID="11" CREATEDATE="2017-05-29" UPDATEDATE="2024-09-11" /><OBJECT OBJECTID="164872524" OBJECTGUID="20cb10aa-ede0-4c9f-b83b-12a04488a853" CHANGEID="600716182" ISACTIVE="1" LEVELID="10" CREATEDATE="2024-08-26" UPDATEDATE="2024-09-07" /><OBJECT OBJECTID="164872779" OBJECTGUID="b2c5152d-2793-41dd-a69f-464226131504" CHANGEID="600716181" ISACTIVE="1" LEVELID="10" CREATEDATE="2024-08-26" UPDATEDATE="2024-09-07" /><OBJECT OBJECTID="164873484" OBJECTGUID="532f62c1-73c5-4641-9db1-c237b91a19fd" CHANGEID="600716179" ISACTIVE="1" LEVELID="10" CREATEDATE="2024-08-26" UPDATEDATE="2024-09-07" /><OBJECT OBJECTID="164875791" OBJECTGUID="7b9ff866-725d-45f0-82a1-316787a12fa4" CHANGEID="600716177" ISACTIVE="1" LEVELID="10" CREATEDATE="2024-08-26" UPDATEDATE="2024-09-07" /><OBJECT OBJECTID="164875794" OBJECTGUID="d189ad71-eaa0-4a39-9e94-7b3909da4c6c" CHANGEID="600716174" ISACTIVE="1" LEVELID="10" CREATEDATE="2024-08-26" UPDATEDATE="2024-09-07" /><OBJECT OBJECTID="90481869" OBJECTGUID="e0907daf-74d7-417d-b711-1dd1981e2d30" CHANGEID="600928609" ISACTIVE="1" LEVELID="9" CREATEDATE="2019-04-17" UPDATEDATE="2024-09-11" /><OBJECT OBJECTID="164881632" OBJECTGUID="e6f30c6e-a0c7-41a4-ad49-22463786d99f" CHANGEID="600716172" ISACTIVE="1" LEVELID="10" CREATEDATE="2024-08-26" UPDATEDATE="2024-09-07" /><OBJECT OBJECTID="94852132" OBJECTGUID="7d356232-3381-439a-ac11-2255effcfdd8" CHANGEID="600706159" ISACTIVE="1" LEVELID="9" CREATEDATE="2019-07-09" UPDATEDATE="2024-09-06" /><OBJECT OBJECTID="158702398" OBJECTGUID="d95df220-1a30-4e0a-8b56-50f09a329586" CHANGEID="600929486" ISACTIVE="1" LEVELID="9" CREATEDATE="2023-04-25" UPDATEDATE="2024-09-11" /><OBJECT OBJECTID="164896191" OBJECTGUID="4c1ededb-0d17-4470-af12-dd6fcb31935a" CHANGEID="600716169" ISACTIVE="1" LEVELID="10" CREATEDATE="2024-08-27" UPDATEDATE="2024-09-07" /><OBJECT OBJECTID="164896193" OBJECTGUID="5c3e519e-d5e0-4a27-b5e1-16c561ea16e2" CHANGEID="600851117" ISACTIVE="1" LEVELID="10" CREATEDATE="2024-08-27" UPDATEDATE="2024-09-11" /><OBJECT OBJECTID="164896192" OBJECTGUID="c9aadd44-326a-49ae-93b6-f2bbcd7fc743" CHANGEID="600851118" ISACTIVE="1" LEVELID="10" CREATEDATE="2024-08-27" UPDATEDATE="2024-09-11" /><OBJECT OBJECTID="164896198" OBJECTGUID="d17a8d4f-2541-4ffb-a7b3-d54ad4a3598a" CHANGEID="600716162" ISACTIVE="1" LEVELID="10" CREATEDATE="2024-08-27" UPDATEDATE="2024-09-07" /><OBJECT OBJECTID="164896195" OBJECTGUID="547d0179-cdb7-4294-a02d-758d38a7b815" CHANGEID="600716165" ISACTIVE="1" LEVELID="10" CREATEDATE="2024-08-27" UPDATEDATE="2024-09-07" /><OBJECT OBJECTID="164896203" OBJECTGUID="a36947af-4686-4807-9b20-a81582ffbfa3" CHANGEID="600851109" ISACTIVE="1" LEVELID="10" CREATEDATE="2024-08-27" UPDATEDATE="2024-09-11" /><OBJECT OBJECTID="164896202" OBJECTGUID="55cdc9b6-e3b3-4e6a-bcdd-cda649556768" CHANGEID="600851110" ISACTIVE="1" LEVELID="10" CREATEDATE="2024-08-27" UPDATEDATE="2024-09-11" /><OBJECT OBJECTID="164896201" OBJECTGUID="a1627cc5-c678-4847-8842-a2e958506de6" CHANGEID="600851111" ISACTIVE="1" LEVELID="10" CREATEDATE="2024-08-27" UPDATEDATE="2024-09-11" /><OBJECT OBJECTID="164896200" OBJECTGUID="dd0f3d17-83fc-45dd-aeea-dd466ed6f7c3" CHANGEID="600851112" ISACTIVE="1" LEVELID="10" CREATEDATE="2024-08-27" UPDATEDATE="2024-09-11" /><OBJECT OBJECTID="164896199" OBJECTGUID="87f5076e-8922-4744-8043-f6b196c37b2d" CHANGEID="600851113" ISACTIVE="1" LEVELID="10" CREATEDATE="2024-08-27" UPDATEDATE="2024-09-11" /><OBJECT OBJECTID="164896197" OBJECTGUID="396345dd-475b-4f6f-98c0-8629b0e2f549" CHANGEID="600851114" ISACTIVE="1" LEVELID="10" CREATEDATE="2024-08-27" UPDATEDATE="2024-09-11" /><OBJECT OBJECTID="164896196" OBJECTGUID="b3b3143f-fb8b-4035-abf9-11bb95ef9778" CHANGEID="600851115" ISACTIVE="1" LEVELID="10" CREATEDATE="2024-08-27" UPDATEDATE="2024-09-11" /><OBJECT OBJECTID="164898477" OBJECTGUID="326e82ea-776d-443a-b4c5-e0bd5ac68c9b" CHANGEID="600716156" ISACTIVE="1" LEVELID="10" CREATEDATE="2024-08-27" UPDATEDATE="2024-09-07" /><OBJECT OBJECTID="38588345" OBJECTGUID="b6331bdf-b00d-4b62-9e2e-d88556badf24" CHANGEID="600705650" ISACTIVE="0" LEVELID="11" CREATEDATE="2019-07-12" UPDATEDATE="2024-09-06" /><OBJECT OBJECTID="38643601" OBJECTGUID="8506b387-9f1e-4be5-88f1-66341bed7f56" CHANGEID="600594369" ISACTIVE="0" LEVELID="11" CREATEDATE="2019-07-12" UPDATEDATE="2024-09-06" /><OBJECT OBJECTID="38700546" OBJECTGUID="4b61562d-bd57-46ff-af56-c2b6d27f881f" CHANGEID="600592850" ISACTIVE="0" LEVELID="11" CREATEDATE="2019-04-21" UPDATEDATE="2024-09-06" /><OBJECT OBJECTID="164875729" OBJECTGUID="5efa5f5d-56dd-438b-ae62-c0001ac79cd4" CHANGEID="600716178" ISACTIVE="1" LEVELID="10" CREATEDATE="2024-08-26" UPDATEDATE="2024-09-07" /><OBJECT OBJECTID="44039947" OBJECTGUID="65189174-e14e-4f04-906a-4c9b597342b7" CHANGEID="600583356" ISACTIVE="1" LEVELID="10" CREATEDATE="2019-07-14" UPDATEDATE="2024-09-06" /><OBJECT OBJECTID="164925851" OBJECTGUID="2b5ef2c1-196e-4f17-a77d-2b0340592e93" CHANGEID="600716154" ISACTIVE="1" LEVELID="10" CREATEDATE="2024-08-28" UPDATEDATE="2024-09-07" /><OBJECT OBJECTID="164926419" OBJECTGUID="d2fab399-2f20-431e-83ab-de38a030c951" CHANGEID="600716152" ISACTIVE="1" LEVELID="10" CREATEDATE="2024-08-28" UPDATEDATE="2024-09-07" /><OBJECT OBJECTID="99016646" OBJECTGUID="4a41633b-1fd1-4f27-9ed4-b08f1907e735" CHANGEID="600932755" ISACTIVE="0" LEVELID="11" CREATEDATE="2020-11-10" UPDATEDATE="2024-09-11" /><OBJECT OBJECTID="99016766" OBJECTGUID="6accc84f-a125-4c00-ae63-561b72147f1a" CHANGEID="600596161" ISACTIVE="0" LEVELID="11" CREATEDATE="2020-11-10" UPDATEDATE="2024-09-06" /><OBJECT OBJECTID="99017983" OBJECTGUID="8b83ffb4-8142-4d4a-8258-9742614f693b" CHANGEID="600847463" ISACTIVE="0" LEVELID="11" CREATEDATE="2020-11-10" UPDATEDATE="2024-09-10" /><OBJECT OBJECTID="162933177" OBJECTGUID="d5c14181-9ef8-4a63-a5ea-cb6bfd7f958f" CHANGEID="600928494" ISACTIVE="1" LEVELID="9" CREATEDATE="2024-03-26" UPDATEDATE="2024-09-11" /><OBJECT OBJECTID="164947034" OBJECTGUID="5d352bbe-0fee-4b70-a594-b820e144f527" CHANGEID="600716149" ISACTIVE="1" LEVELID="10" CREATEDATE="2024-08-29" UPDATEDATE="2024-09-07" /><OBJECT OBJECTID="164947708" OBJECTGUID="695f3500-0c42-42ce-b126-356a8b6970d2" CHANGEID="600851107" ISACTIVE="1" LEVELID="10" CREATEDATE="2024-08-29" UPDATEDATE="2024-09-11" /><OBJECT OBJECTID="41393010" OBJECTGUID="907a0d86-e762-4761-a06e-6ca48c351224" CHANGEID="600538596" ISACTIVE="0" LEVELID="11" CREATEDATE="2017-08-04" UPDATEDATE="2024-09-05" /><OBJECT OBJECTID="164953059" OBJECTGUID="f8a63e31-6df4-4a31-b53b-10b77d464503" CHANGEID="600716143" ISACTIVE="1" LEVELID="10" CREATEDATE="2024-08-30" UPDATEDATE="2024-09-07" /><OBJECT OBJECTID="164953060" OBJECTGUID="1c9d5600-4ada-41c0-b53f-74b887af6dd8" CHANGEID="600851106" ISACTIVE="1" LEVELID="10" CREATEDATE="2024-08-30" UPDATEDATE="2024-09-11" /><OBJECT OBJECTID="164953535" OBJECTGUID="f9fbef14-3c8c-4856-ab3f-4dab847c9c20" CHANGEID="600688561" ISACTIVE="1" LEVELID="9" CREATEDATE="2024-08-30" UPDATEDATE="2024-09-06" /><OBJECT OBJECTID="164953894" OBJECTGUID="fbaadb95-eb60-4a06-bdd5-9b233cf36223" CHANGEID="600716141" ISACTIVE="1" LEVELID="10" CREATEDATE="2024-08-30" UPDATEDATE="2024-09-07" /><OBJECT OBJECTID="164955389" OBJECTGUID="c29421bd-a6bd-49f7-a173-5ba88cd9a20b" CHANGEID="600716140" ISACTIVE="1" LEVELID="10" CREATEDATE="2024-08-30" UPDATEDATE="2024-09-07" /><OBJECT OBJECTID="164960765" OBJECTGUID="9ec8282b-fe1c-4fe9-972b-e97f7547a63b" CHANGEID="600716137" ISACTIVE="1" LEVELID="10" CREATEDATE="2024-08-30" UPDATEDATE="2024-09-07" /><OBJECT OBJECTID="164961319" OBJECTGUID="7720132d-231c-4a98-b58c-69b2aa0574bb" CHANGEID="600716132" ISACTIVE="1" LEVELID="10" CREATEDATE="2024-08-30" UPDATEDATE="2024-09-07" /><OBJECT OBJECTID="70148396" OBJECTGUID="044f29ea-69ae-47ec-a317-9b860a3bdb62" CHANGEID="600791871" ISACTIVE="1" LEVELID="10" CREATEDATE="2019-07-14" UPDATEDATE="2024-09-09" /><OBJECT OBJECTID="17307499" OBJECTGUID="59ffbd0a-1b34-408c-ae94-50b0a4a65b73" CHANGEID="600907977" ISACTIVE="1" LEVELID="11" CREATEDATE="2017-05-29" UPDATEDATE="2024-09-11" /><OBJECT OBJECTID="17318411" OBJECTGUID="e0f7895e-0e13-47a4-82f5-a00b597a12d3" CHANGEID="600907979" ISACTIVE="1" LEVELID="11" CREATEDATE="2017-05-29" UPDATEDATE="2024-09-11" /><OBJECT OBJECTID="33949279" OBJECTGUID="991e21db-0454-4bba-b462-bb84e1838aa2" CHANGEID="600810953" ISACTIVE="1" LEVELID="10" CREATEDATE="2019-07-14" UPDATEDATE="2024-09-10" /><OBJECT OBJECTID="46741194" OBJECTGUID="02d4a84d-8429-40ee-b43b-7f4a7ffd2b5d" CHANGEID="600927278" ISACTIVE="0" LEVELID="11" CREATEDATE="2019-03-29" UPDATEDATE="2024-09-11" /><OBJECT OBJECTID="77725310" OBJECTGUID="98c7411f-3f33-4ab5-a9f6-399b0eb7b1c6" CHANGEID="600927660" ISACTIVE="0" LEVELID="11" CREATEDATE="2019-03-29" UPDATEDATE="2024-09-11" /><OBJECT OBJECTID="46741267" OBJECTGUID="6b179eb0-bca9-4530-9c82-33f693025c0f" CHANGEID="600927274" ISACTIVE="0" LEVELID="11" CREATEDATE="2019-03-29" UPDATEDATE="2024-09-11" /></REESTR_OBJECTS>