﻿<?xml version="1.0" encoding="utf-8"?><STEADS><STEAD ID="68616695" OBJECTID="165065294" OBJECTGUID="242defdb-c853-493d-86bd-86cc1c3451ae" CHANGEID="600519828" NUMBER="7" OPERTYPEID="10" PREVID="0" NEXTID="0" UPDATEDATE="2024-09-05" STARTDATE="2024-09-05" ENDDATE="2079-06-06" ISACTUAL="1" ISACTIVE="1" /><STEAD ID="68616748" OBJECTID="165065362" OBJECTGUID="a720efae-350c-4c30-b6c3-5236ea3a883f" CHANGEID="600519928" NUMBER="5" OPERTYPEID="10" PREVID="0" NEXTID="0" UPDATEDATE="2024-09-05" STARTDATE="2024-09-05" ENDDATE="2079-06-06" ISACTUAL="1" ISACTIVE="1" /><STEAD ID="68616721" OBJECTID="165065326" OBJECTGUID="efc8ee72-2cb2-45aa-8cbd-b11d5e554c31" CHANGEID="600519869" NUMBER="1" OPERTYPEID="10" PREVID="0" NEXTID="0" UPDATEDATE="2024-09-05" STARTDATE="2024-09-05" ENDDATE="2079-06-06" ISACTUAL="1" ISACTIVE="1" /><STEAD ID="68616743" OBJECTID="165065356" OBJECTGUID="d631e1b5-73bf-4ea6-a13e-908931acfab3" CHANGEID="600519917" NUMBER="3" OPERTYPEID="10" PREVID="0" NEXTID="0" UPDATEDATE="2024-09-05" STARTDATE="2024-09-05" ENDDATE="2079-06-06" ISACTUAL="1" ISACTIVE="1" /><STEAD ID="68616753" OBJECTID="165065391" OBJECTGUID="0b347429-35f1-43f8-adbc-9f6a509a2e0e" CHANGEID="600519965" NUMBER="9" OPERTYPEID="10" PREVID="0" NEXTID="0" UPDATEDATE="2024-09-05" STARTDATE="2024-09-05" ENDDATE="2079-06-06" ISACTUAL="1" ISACTIVE="1" /><STEAD ID="68616967" OBJECTID="165065726" OBJECTGUID="61267aac-56c2-4cc0-b0d5-9cda1355410a" CHANGEID="600520450" NUMBER="11" OPERTYPEID="10" PREVID="0" NEXTID="0" UPDATEDATE="2024-09-05" STARTDATE="2024-09-05" ENDDATE="2079-06-06" ISACTUAL="1" ISACTIVE="1" /><STEAD ID="68626013" OBJECTID="165086318" OBJECTGUID="8c5b5a2e-1f4b-4bcd-b7e4-5311859de291" CHANGEID="600553007" NUMBER="22д" OPERTYPEID="10" PREVID="0" NEXTID="0" UPDATEDATE="2024-09-05" STARTDATE="2024-09-05" ENDDATE="2079-06-06" ISACTUAL="1" ISACTIVE="1" /><STEAD ID="68626754" OBJECTID="165087892" OBJECTGUID="702dad82-e602-4142-a5e3-23dcffe82930" CHANGEID="600555998" NUMBER="10" OPERTYPEID="10" PREVID="0" NEXTID="0" UPDATEDATE="2024-09-05" STARTDATE="2024-09-05" ENDDATE="2079-06-06" ISACTUAL="1" ISACTIVE="1" /><STEAD ID="68627143" OBJECTID="165088608" OBJECTGUID="820f0798-390b-4a25-9317-237658ffe56d" CHANGEID="600557785" NUMBER="48г/3/2г" OPERTYPEID="10" PREVID="0" NEXTID="0" UPDATEDATE="2024-09-05" STARTDATE="2024-09-05" ENDDATE="2079-06-06" ISACTUAL="1" ISACTIVE="1" /><STEAD ID="68630534" OBJECTID="165094711" OBJECTGUID="f8cb5d1f-1d8b-4d54-98f0-56eb639f797a" CHANGEID="600568100" NUMBER="19" OPERTYPEID="10" PREVID="0" NEXTID="0" UPDATEDATE="2024-09-06" STARTDATE="2024-09-06" ENDDATE="2079-06-06" ISACTUAL="1" ISACTIVE="1" /><STEAD ID="68630539" OBJECTID="165094718" OBJECTGUID="7132e5ab-6703-4ad4-b5c7-bc88358a1816" CHANGEID="600568109" NUMBER="12" OPERTYPEID="10" PREVID="0" NEXTID="0" UPDATEDATE="2024-09-06" STARTDATE="2024-09-06" ENDDATE="2079-06-06" ISACTUAL="1" ISACTIVE="1" /><STEAD ID="68633406" OBJECTID="165099049" OBJECTGUID="12d2f6d0-a73b-4bc9-8f51-aa3f728ce0fb" CHANGEID="600577288" NUMBER="19б" OPERTYPEID="10" PREVID="0" NEXTID="0" UPDATEDATE="2024-09-06" STARTDATE="2024-09-06" ENDDATE="2079-06-06" ISACTUAL="1" ISACTIVE="1" /><STEAD ID="68634804" OBJECTID="165101478" OBJECTGUID="9b962765-279c-40a6-8bbb-5dc9adfac70e" CHANGEID="600581503" NUMBER="19в" OPERTYPEID="10" PREVID="0" NEXTID="0" UPDATEDATE="2024-09-06" STARTDATE="2024-09-06" ENDDATE="2079-06-06" ISACTUAL="1" ISACTIVE="1" /><STEAD ID="68635373" OBJECTID="165102522" OBJECTGUID="555acc9f-6725-4aff-a5b9-a186d6d692a1" CHANGEID="600583394" NUMBER="25" OPERTYPEID="10" PREVID="0" NEXTID="0" UPDATEDATE="2024-09-06" STARTDATE="2024-09-06" ENDDATE="2079-06-06" ISACTUAL="1" ISACTIVE="1" /><STEAD ID="68636809" OBJECTID="165104267" OBJECTGUID="4878b430-4684-416e-8e5f-eabbad13debe" CHANGEID="600586693" NUMBER="4" OPERTYPEID="10" PREVID="0" NEXTID="0" UPDATEDATE="2024-09-06" STARTDATE="2024-09-06" ENDDATE="2079-06-06" ISACTUAL="1" ISACTIVE="1" /><STEAD ID="68637749" OBJECTID="165105687" OBJECTGUID="dc88fce3-bef4-497e-96da-5f3f31a7b37b" CHANGEID="600588815" NUMBER="67" OPERTYPEID="10" PREVID="0" NEXTID="0" UPDATEDATE="2024-09-06" STARTDATE="2024-09-06" ENDDATE="2079-06-06" ISACTUAL="1" ISACTIVE="1" /><STEAD ID="68637768" OBJECTID="165105718" OBJECTGUID="f91cf6c6-1e28-49cc-855e-0725bbe9e903" CHANGEID="600588865" NUMBER="67а" OPERTYPEID="10" PREVID="0" NEXTID="0" UPDATEDATE="2024-09-06" STARTDATE="2024-09-06" ENDDATE="2079-06-06" ISACTUAL="1" ISACTIVE="1" /><STEAD ID="68637799" OBJECTID="165105764" OBJECTGUID="b548ad40-9b35-42b5-9f49-956b733236b0" CHANGEID="600589000" NUMBER="8а" OPERTYPEID="10" PREVID="0" NEXTID="0" UPDATEDATE="2024-09-06" STARTDATE="2024-09-06" ENDDATE="2079-06-06" ISACTUAL="1" ISACTIVE="1" /><STEAD ID="68638305" OBJECTID="165106383" OBJECTGUID="6b06914c-4616-4327-a654-1e1002e8c09d" CHANGEID="600590188" NUMBER="36/14а/6" OPERTYPEID="10" PREVID="0" NEXTID="0" UPDATEDATE="2024-09-06" STARTDATE="2024-09-06" ENDDATE="2079-06-06" ISACTUAL="1" ISACTIVE="1" /><STEAD ID="68638403" OBJECTID="165106499" OBJECTGUID="59abb1cf-575a-4d6a-9ac1-2d19a994cff9" CHANGEID="600590455" NUMBER="4/144" OPERTYPEID="10" PREVID="0" NEXTID="0" UPDATEDATE="2024-09-06" STARTDATE="2024-09-06" ENDDATE="2079-06-06" ISACTUAL="1" ISACTIVE="1" /><STEAD ID="68640413" OBJECTID="165110751" OBJECTGUID="a4251095-5575-43f0-bbfb-a4a3fbac57e6" CHANGEID="600599075" NUMBER="29" OPERTYPEID="10" PREVID="0" NEXTID="0" UPDATEDATE="2024-09-06" STARTDATE="2024-09-06" ENDDATE="2079-06-06" ISACTUAL="1" ISACTIVE="1" /><STEAD ID="68641613" OBJECTID="165112867" OBJECTGUID="353300da-a69b-4201-9297-eb61c5dd9e39" CHANGEID="600688994" NUMBER="5б" OPERTYPEID="10" PREVID="0" NEXTID="0" UPDATEDATE="2024-09-06" STARTDATE="2024-09-06" ENDDATE="2079-06-06" ISACTUAL="1" ISACTIVE="1" /><STEAD ID="68641616" OBJECTID="165112877" OBJECTGUID="138c0775-e8d5-4115-b153-b03063537b1e" CHANGEID="600689460" NUMBER="4/7" OPERTYPEID="10" PREVID="0" NEXTID="0" UPDATEDATE="2024-09-06" STARTDATE="2024-09-06" ENDDATE="2079-06-06" ISACTUAL="1" ISACTIVE="1" /><STEAD ID="68641661" OBJECTID="165113018" OBJECTGUID="858011ea-300b-4a92-8a07-c5baef33818c" CHANGEID="600700943" NUMBER="8" OPERTYPEID="10" PREVID="0" NEXTID="0" UPDATEDATE="2024-09-06" STARTDATE="2024-09-06" ENDDATE="2079-06-06" ISACTUAL="1" ISACTIVE="1" /><STEAD ID="68642015" OBJECTID="165113421" OBJECTGUID="48530ae7-20d3-4839-84a0-05eff07ab926" CHANGEID="600701701" NUMBER="17б" OPERTYPEID="10" PREVID="0" NEXTID="0" UPDATEDATE="2024-09-06" STARTDATE="2024-09-06" ENDDATE="2079-06-06" ISACTUAL="1" ISACTIVE="1" /><STEAD ID="68643321" OBJECTID="165115270" OBJECTGUID="bb9d9519-5691-4c62-a14d-187f41dc06b3" CHANGEID="600704978" NUMBER="23" OPERTYPEID="10" PREVID="0" NEXTID="0" UPDATEDATE="2024-09-06" STARTDATE="2024-09-06" ENDDATE="2079-06-06" ISACTUAL="1" ISACTIVE="1" /><STEAD ID="68643427" OBJECTID="165115413" OBJECTGUID="89527c23-630b-4723-9e4c-d4ce4f1e759f" CHANGEID="600705283" NUMBER="16" OPERTYPEID="10" PREVID="0" NEXTID="0" UPDATEDATE="2024-09-06" STARTDATE="2024-09-06" ENDDATE="2079-06-06" ISACTUAL="1" ISACTIVE="1" /><STEAD ID="68643792" OBJECTID="165115912" OBJECTGUID="112d7e1c-3cb2-4c78-82ae-5c837963b9f6" CHANGEID="600706298" NUMBER="40" OPERTYPEID="10" PREVID="0" NEXTID="0" UPDATEDATE="2024-09-06" STARTDATE="2024-09-06" ENDDATE="2079-06-06" ISACTUAL="1" ISACTIVE="1" /><STEAD ID="68644026" OBJECTID="165116330" OBJECTGUID="1434c163-388b-440a-8e9e-eb227d939d37" CHANGEID="600707415" NUMBER="13" OPERTYPEID="10" PREVID="0" NEXTID="0" UPDATEDATE="2024-09-06" STARTDATE="2024-09-06" ENDDATE="2079-06-06" ISACTUAL="1" ISACTIVE="1" /><STEAD ID="68649304" OBJECTID="165124919" OBJECTGUID="9a55dbfe-6f31-4714-a0f7-a5ff6ad43090" CHANGEID="600749892" NUMBER="2" OPERTYPEID="10" PREVID="0" NEXTID="0" UPDATEDATE="2024-09-09" STARTDATE="2024-09-09" ENDDATE="2079-06-06" ISACTUAL="1" ISACTIVE="1" /><STEAD ID="68650642" OBJECTID="165126641" OBJECTGUID="83fb6fe2-d6ed-4ff6-a281-994445167d7b" CHANGEID="600753213" NUMBER="36И/1/17" OPERTYPEID="10" PREVID="0" NEXTID="0" UPDATEDATE="2024-09-09" STARTDATE="2024-09-09" ENDDATE="2079-06-06" ISACTUAL="1" ISACTIVE="1" /><STEAD ID="68650643" OBJECTID="165126642" OBJECTGUID="6949286b-cdbb-4ad6-9cd9-c4215f047e74" CHANGEID="600753214" NUMBER="36И/2/17" OPERTYPEID="10" PREVID="0" NEXTID="0" UPDATEDATE="2024-09-09" STARTDATE="2024-09-09" ENDDATE="2079-06-06" ISACTUAL="1" ISACTIVE="1" /><STEAD ID="68651342" OBJECTID="165127426" OBJECTGUID="e8ebb010-d917-41b2-a6c8-88961c0b5af5" CHANGEID="600754286" NUMBER="55А" OPERTYPEID="10" PREVID="0" NEXTID="0" UPDATEDATE="2024-09-09" STARTDATE="2024-09-09" ENDDATE="2079-06-06" ISACTUAL="1" ISACTIVE="1" /><STEAD ID="68653768" OBJECTID="165132109" OBJECTGUID="3035aaa2-e6d8-4f1a-aaba-c7fdae4de6cc" CHANGEID="600761696" NUMBER="1/10/255" OPERTYPEID="10" PREVID="0" NEXTID="0" UPDATEDATE="2024-09-09" STARTDATE="2024-09-09" ENDDATE="2079-06-06" ISACTUAL="1" ISACTIVE="1" /><STEAD ID="68655803" OBJECTID="165135112" OBJECTGUID="a120d8f7-6255-4931-8454-2c16b9bb083b" CHANGEID="600765790" NUMBER="6" OPERTYPEID="10" PREVID="0" NEXTID="0" UPDATEDATE="2024-09-09" STARTDATE="2024-09-09" ENDDATE="2079-06-06" ISACTUAL="1" ISACTIVE="1" /><STEAD ID="68655804" OBJECTID="165135113" OBJECTGUID="a1e81cbb-77c0-4359-8946-f9f47a956ecc" CHANGEID="600765791" NUMBER="7" OPERTYPEID="10" PREVID="0" NEXTID="0" UPDATEDATE="2024-09-09" STARTDATE="2024-09-09" ENDDATE="2079-06-06" ISACTUAL="1" ISACTIVE="1" /><STEAD ID="68655805" OBJECTID="165135114" OBJECTGUID="5e9af490-b6c6-4b10-aeb4-1b4ee8ac3b58" CHANGEID="600765792" NUMBER="8" OPERTYPEID="10" PREVID="0" NEXTID="0" UPDATEDATE="2024-09-09" STARTDATE="2024-09-09" ENDDATE="2079-06-06" ISACTUAL="1" ISACTIVE="1" /><STEAD ID="68655806" OBJECTID="165135115" OBJECTGUID="012ea07f-75cb-4da9-87d8-cf80018ee05d" CHANGEID="600765793" NUMBER="9" OPERTYPEID="10" PREVID="0" NEXTID="0" UPDATEDATE="2024-09-09" STARTDATE="2024-09-09" ENDDATE="2079-06-06" ISACTUAL="1" ISACTIVE="1" /><STEAD ID="68655807" OBJECTID="165135116" OBJECTGUID="1280df9e-367e-48a8-883f-56a032903ccb" CHANGEID="600765794" NUMBER="10" OPERTYPEID="10" PREVID="0" NEXTID="0" UPDATEDATE="2024-09-09" STARTDATE="2024-09-09" ENDDATE="2079-06-06" ISACTUAL="1" ISACTIVE="1" /><STEAD ID="68655808" OBJECTID="165135117" OBJECTGUID="e34c8c09-8b8d-4432-9e1e-f3a153a17f5a" CHANGEID="600765795" NUMBER="11" OPERTYPEID="10" PREVID="0" NEXTID="0" UPDATEDATE="2024-09-09" STARTDATE="2024-09-09" ENDDATE="2079-06-06" ISACTUAL="1" ISACTIVE="1" /><STEAD ID="68655809" OBJECTID="165135118" OBJECTGUID="72753d21-3a0a-42a9-924f-10db35bae749" CHANGEID="600765796" NUMBER="15" OPERTYPEID="10" PREVID="0" NEXTID="0" UPDATEDATE="2024-09-09" STARTDATE="2024-09-09" ENDDATE="2079-06-06" ISACTUAL="1" ISACTIVE="1" /><STEAD ID="68655810" OBJECTID="165135119" OBJECTGUID="d6f8a2ed-9663-4c00-8df6-ce65c68f24c8" CHANGEID="600765797" NUMBER="16" OPERTYPEID="10" PREVID="0" NEXTID="0" UPDATEDATE="2024-09-09" STARTDATE="2024-09-09" ENDDATE="2079-06-06" ISACTUAL="1" ISACTIVE="1" /><STEAD ID="68655811" OBJECTID="165135120" OBJECTGUID="7123ad71-36ec-4964-b1ac-6b35f9f86840" CHANGEID="600765798" NUMBER="17" OPERTYPEID="10" PREVID="0" NEXTID="0" UPDATEDATE="2024-09-09" STARTDATE="2024-09-09" ENDDATE="2079-06-06" ISACTUAL="1" ISACTIVE="1" /><STEAD ID="68655812" OBJECTID="165135121" OBJECTGUID="2ebe6870-fac5-4ebb-9a92-44215fa58828" CHANGEID="600765799" NUMBER="26" OPERTYPEID="10" PREVID="0" NEXTID="0" UPDATEDATE="2024-09-09" STARTDATE="2024-09-09" ENDDATE="2079-06-06" ISACTUAL="1" ISACTIVE="1" /><STEAD ID="68655813" OBJECTID="165135122" OBJECTGUID="6a6f0109-566f-4c18-835e-61f73ae0f68f" CHANGEID="600765800" NUMBER="25" OPERTYPEID="10" PREVID="0" NEXTID="0" UPDATEDATE="2024-09-09" STARTDATE="2024-09-09" ENDDATE="2079-06-06" ISACTUAL="1" ISACTIVE="1" /><STEAD ID="68655814" OBJECTID="165135123" OBJECTGUID="49c98a71-f24a-473b-9ac0-4ea47f9c2c9a" CHANGEID="600765801" NUMBER="30" OPERTYPEID="10" PREVID="0" NEXTID="0" UPDATEDATE="2024-09-09" STARTDATE="2024-09-09" ENDDATE="2079-06-06" ISACTUAL="1" ISACTIVE="1" /><STEAD ID="68655815" OBJECTID="165135124" OBJECTGUID="e98cf057-4da0-4592-a8f7-d7e06427cefd" CHANGEID="600765802" NUMBER="31" OPERTYPEID="10" PREVID="0" NEXTID="0" UPDATEDATE="2024-09-09" STARTDATE="2024-09-09" ENDDATE="2079-06-06" ISACTUAL="1" ISACTIVE="1" /><STEAD ID="68655816" OBJECTID="165135125" OBJECTGUID="fbe83225-d32b-4751-b0f7-9bd538155570" CHANGEID="600765803" NUMBER="32" OPERTYPEID="10" PREVID="0" NEXTID="0" UPDATEDATE="2024-09-09" STARTDATE="2024-09-09" ENDDATE="2079-06-06" ISACTUAL="1" ISACTIVE="1" /><STEAD ID="68655817" OBJECTID="165135126" OBJECTGUID="99d8218f-3cb8-40b6-904b-c13a8d3912d3" CHANGEID="600765804" NUMBER="34" OPERTYPEID="10" PREVID="0" NEXTID="0" UPDATEDATE="2024-09-09" STARTDATE="2024-09-09" ENDDATE="2079-06-06" ISACTUAL="1" ISACTIVE="1" /><STEAD ID="68655818" OBJECTID="165135127" OBJECTGUID="4c0e8253-436a-4dd5-a193-c6b0e0f618e4" CHANGEID="600765805" NUMBER="35" OPERTYPEID="10" PREVID="0" NEXTID="0" UPDATEDATE="2024-09-09" STARTDATE="2024-09-09" ENDDATE="2079-06-06" ISACTUAL="1" ISACTIVE="1" /><STEAD ID="68655819" OBJECTID="165135128" OBJECTGUID="32c1f352-84e1-42d1-a752-801adff017a9" CHANGEID="600765806" NUMBER="36" OPERTYPEID="10" PREVID="0" NEXTID="0" UPDATEDATE="2024-09-09" STARTDATE="2024-09-09" ENDDATE="2079-06-06" ISACTUAL="1" ISACTIVE="1" /><STEAD ID="68655820" OBJECTID="165135129" OBJECTGUID="dde84a90-79ab-4a9d-ae6e-f0b64e0834a7" CHANGEID="600765807" NUMBER="40" OPERTYPEID="10" PREVID="0" NEXTID="0" UPDATEDATE="2024-09-09" STARTDATE="2024-09-09" ENDDATE="2079-06-06" ISACTUAL="1" ISACTIVE="1" /><STEAD ID="68655821" OBJECTID="165135130" OBJECTGUID="44cf3755-6884-4422-8597-5d171b3ddf0e" CHANGEID="600765808" NUMBER="42" OPERTYPEID="10" PREVID="0" NEXTID="0" UPDATEDATE="2024-09-09" STARTDATE="2024-09-09" ENDDATE="2079-06-06" ISACTUAL="1" ISACTIVE="1" /><STEAD ID="68655822" OBJECTID="165135131" OBJECTGUID="566712ba-5965-46ac-b790-7603b20dc7e3" CHANGEID="600765809" NUMBER="57" OPERTYPEID="10" PREVID="0" NEXTID="0" UPDATEDATE="2024-09-09" STARTDATE="2024-09-09" ENDDATE="2079-06-06" ISACTUAL="1" ISACTIVE="1" /><STEAD ID="68655823" OBJECTID="165135132" OBJECTGUID="1622b791-b123-4405-8cd9-b8fed6c2d24d" CHANGEID="600765810" NUMBER="62" OPERTYPEID="10" PREVID="0" NEXTID="0" UPDATEDATE="2024-09-09" STARTDATE="2024-09-09" ENDDATE="2079-06-06" ISACTUAL="1" ISACTIVE="1" /><STEAD ID="68655824" OBJECTID="165135133" OBJECTGUID="c31f14e4-f4a2-4f3c-b42e-011137b9fe99" CHANGEID="600765811" NUMBER="67" OPERTYPEID="10" PREVID="0" NEXTID="0" UPDATEDATE="2024-09-09" STARTDATE="2024-09-09" ENDDATE="2079-06-06" ISACTUAL="1" ISACTIVE="1" /><STEAD ID="68655825" OBJECTID="165135134" OBJECTGUID="5e486a60-a846-4802-b156-dc37a5ea5ca4" CHANGEID="600765812" NUMBER="69" OPERTYPEID="10" PREVID="0" NEXTID="0" UPDATEDATE="2024-09-09" STARTDATE="2024-09-09" ENDDATE="2079-06-06" ISACTUAL="1" ISACTIVE="1" /><STEAD ID="68655826" OBJECTID="165135135" OBJECTGUID="44aed90a-0e6f-4b1a-8960-e7d622d3f43f" CHANGEID="600765813" NUMBER="70" OPERTYPEID="10" PREVID="0" NEXTID="0" UPDATEDATE="2024-09-09" STARTDATE="2024-09-09" ENDDATE="2079-06-06" ISACTUAL="1" ISACTIVE="1" /><STEAD ID="68658888" OBJECTID="165141555" OBJECTGUID="126f7842-a43a-47cb-852d-8436d0b7464a" CHANGEID="600776768" NUMBER="1Б" OPERTYPEID="10" PREVID="0" NEXTID="0" UPDATEDATE="2024-09-09" STARTDATE="2024-09-09" ENDDATE="2079-06-06" ISACTUAL="1" ISACTIVE="1" /><STEAD ID="68658985" OBJECTID="165141735" OBJECTGUID="61f1371e-759e-46cb-9ee2-d0f71877101f" CHANGEID="600777133" NUMBER="25" OPERTYPEID="10" PREVID="0" NEXTID="0" UPDATEDATE="2024-09-09" STARTDATE="2024-09-09" ENDDATE="2079-06-06" ISACTUAL="1" ISACTIVE="1" /><STEAD ID="68660700" OBJECTID="165144779" OBJECTGUID="0c08b462-4e7e-427f-b9e2-e76855ce2663" CHANGEID="600782673" NUMBER="22" OPERTYPEID="10" PREVID="0" NEXTID="0" UPDATEDATE="2024-09-09" STARTDATE="2024-09-09" ENDDATE="2079-06-06" ISACTUAL="1" ISACTIVE="1" /><STEAD ID="68660846" OBJECTID="165144988" OBJECTGUID="76df9f86-ceee-48cb-b327-2de103fa6789" CHANGEID="600782972" NUMBER="49/1" OPERTYPEID="10" PREVID="0" NEXTID="0" UPDATEDATE="2024-09-09" STARTDATE="2024-09-09" ENDDATE="2079-06-06" ISACTUAL="1" ISACTIVE="1" /><STEAD ID="68663500" OBJECTID="165149751" OBJECTGUID="931035a1-d254-4c55-82c6-e2d6e28deca5" CHANGEID="600790069" NUMBER="23" OPERTYPEID="10" PREVID="0" NEXTID="0" UPDATEDATE="2024-09-09" STARTDATE="2024-09-09" ENDDATE="2079-06-06" ISACTUAL="1" ISACTIVE="1" /><STEAD ID="68663533" OBJECTID="165149879" OBJECTGUID="16c9ce2b-518a-40ed-89ab-1f16f880194d" CHANGEID="600790296" NUMBER="46" OPERTYPEID="10" PREVID="0" NEXTID="0" UPDATEDATE="2024-09-09" STARTDATE="2024-09-09" ENDDATE="2079-06-06" ISACTUAL="1" ISACTIVE="1" /><STEAD ID="68663538" OBJECTID="165149894" OBJECTGUID="3cccbd43-179f-4a35-ad1f-7759ac3920e0" CHANGEID="600790324" NUMBER="63" OPERTYPEID="10" PREVID="0" NEXTID="0" UPDATEDATE="2024-09-09" STARTDATE="2024-09-09" ENDDATE="2079-06-06" ISACTUAL="1" ISACTIVE="1" /><STEAD ID="68663572" OBJECTID="165149953" OBJECTGUID="a900b235-9a4e-4991-8cdb-6c5a3ae79dc2" CHANGEID="600790464" NUMBER="10а" OPERTYPEID="10" PREVID="0" NEXTID="0" UPDATEDATE="2024-09-09" STARTDATE="2024-09-09" ENDDATE="2079-06-06" ISACTUAL="1" ISACTIVE="1" /><STEAD ID="68663732" OBJECTID="165150135" OBJECTGUID="9b792a92-ccdf-46a1-bf2b-2991e6fe3abf" CHANGEID="600790829" NUMBER="1/3" OPERTYPEID="10" PREVID="0" NEXTID="0" UPDATEDATE="2024-09-09" STARTDATE="2024-09-09" ENDDATE="2079-06-06" ISACTUAL="1" ISACTIVE="1" /><STEAD ID="68664122" OBJECTID="165150697" OBJECTGUID="0210548d-a79a-4ca6-9451-00524e1df16e" CHANGEID="600795714" NUMBER="39/2" OPERTYPEID="10" PREVID="0" NEXTID="0" UPDATEDATE="2024-09-09" STARTDATE="2024-09-09" ENDDATE="2079-06-06" ISACTUAL="1" ISACTIVE="1" /><STEAD ID="68676422" OBJECTID="87207387" OBJECTGUID="ddd55c20-2ecb-4b6e-ae43-22d1ae1f4951" CHANGEID="600828602" NUMBER="47" OPERTYPEID="40" PREVID="2664523" UPDATEDATE="2024-09-10" STARTDATE="2024-09-10" ENDDATE="2079-06-06" ISACTUAL="1" ISACTIVE="1" /><STEAD ID="2664523" OBJECTID="87207387" OBJECTGUID="ddd55c20-2ecb-4b6e-ae43-22d1ae1f4951" CHANGEID="129223918" NUMBER="47" OPERTYPEID="10" NEXTID="68676422" UPDATEDATE="2024-09-10" STARTDATE="2017-05-10" ENDDATE="2024-09-10" ISACTUAL="0" ISACTIVE="0" /><STEAD ID="2496853" OBJECTID="87040318" OBJECTGUID="9768bce8-40e0-4872-b0b7-be16be4728ab" CHANGEID="129006741" NUMBER="47/1" OPERTYPEID="10" NEXTID="68676423" UPDATEDATE="2024-09-10" STARTDATE="2017-05-12" ENDDATE="2024-09-10" ISACTUAL="0" ISACTIVE="0" /><STEAD ID="68676423" OBJECTID="87040318" OBJECTGUID="9768bce8-40e0-4872-b0b7-be16be4728ab" CHANGEID="600828603" NUMBER="47/1" OPERTYPEID="42" PREVID="2496853" NEXTID="68676422" UPDATEDATE="2024-09-10" STARTDATE="2024-09-10" ENDDATE="2079-06-06" ISACTUAL="1" ISACTIVE="0" /><STEAD ID="68676697" OBJECTID="165171810" OBJECTGUID="1ebef277-ec12-45a7-9d08-9331341089ce" CHANGEID="600829091" NUMBER="1в" OPERTYPEID="10" PREVID="0" NEXTID="0" UPDATEDATE="2024-09-10" STARTDATE="2024-09-10" ENDDATE="2079-06-06" ISACTUAL="1" ISACTIVE="1" /><STEAD ID="68677000" OBJECTID="165172354" OBJECTGUID="3169d501-b9d3-4c77-a626-3be397a5a176" CHANGEID="600830193" NUMBER="18" OPERTYPEID="10" PREVID="0" NEXTID="0" UPDATEDATE="2024-09-10" STARTDATE="2024-09-10" ENDDATE="2079-06-06" ISACTUAL="1" ISACTIVE="1" /><STEAD ID="68677535" OBJECTID="165173225" OBJECTGUID="23a406e6-ff76-4b70-8626-d7b5d9b09898" CHANGEID="600831757" NUMBER="49а/1/1" OPERTYPEID="10" PREVID="0" NEXTID="0" UPDATEDATE="2024-09-10" STARTDATE="2024-09-10" ENDDATE="2079-06-06" ISACTUAL="1" ISACTIVE="1" /><STEAD ID="68683094" OBJECTID="165182638" OBJECTGUID="a98072db-ff5e-458e-a791-0a3d8319ad34" CHANGEID="600847345" NUMBER="18" OPERTYPEID="10" PREVID="0" NEXTID="0" UPDATEDATE="2024-09-10" STARTDATE="2024-09-10" ENDDATE="2079-06-06" ISACTUAL="1" ISACTIVE="1" /><STEAD ID="68687046" OBJECTID="165189342" OBJECTGUID="17d9efb9-ed1b-4a97-b8ac-5f6bb323867b" CHANGEID="600881851" NUMBER="10" OPERTYPEID="10" PREVID="0" NEXTID="0" UPDATEDATE="2024-09-11" STARTDATE="2024-09-11" ENDDATE="2079-06-06" ISACTUAL="1" ISACTIVE="1" /><STEAD ID="68693343" OBJECTID="165203940" OBJECTGUID="e64b5474-75c3-4681-b170-7f87b03f2c66" CHANGEID="600902041" NUMBER="1/23/76" OPERTYPEID="10" PREVID="0" NEXTID="0" UPDATEDATE="2024-09-11" STARTDATE="2024-09-11" ENDDATE="2079-06-06" ISACTUAL="1" ISACTIVE="1" /><STEAD ID="68694902" OBJECTID="165206072" OBJECTGUID="13ec2205-2e36-4623-8c1c-cadab9e6362e" CHANGEID="600905313" NUMBER="8" OPERTYPEID="10" PREVID="0" NEXTID="0" UPDATEDATE="2024-09-11" STARTDATE="2024-09-11" ENDDATE="2079-06-06" ISACTUAL="1" ISACTIVE="1" /><STEAD ID="68695896" OBJECTID="165207558" OBJECTGUID="b1f078cf-9df5-46dd-878e-a6c9b3069e93" CHANGEID="600907639" NUMBER="57" OPERTYPEID="10" PREVID="0" NEXTID="0" UPDATEDATE="2024-09-11" STARTDATE="2024-09-11" ENDDATE="2079-06-06" ISACTUAL="1" ISACTIVE="1" /><STEAD ID="68700515" OBJECTID="165214777" OBJECTGUID="2e2fae6f-a6a2-497c-8c9c-3667230df9cb" CHANGEID="600919639" NUMBER="4" OPERTYPEID="10" PREVID="0" NEXTID="0" UPDATEDATE="2024-09-11" STARTDATE="2024-09-11" ENDDATE="2079-06-06" ISACTUAL="1" ISACTIVE="1" /><STEAD ID="68702821" OBJECTID="165218490" OBJECTGUID="ad079f77-e54b-4331-bfc2-437c9a906b0e" CHANGEID="600926093" NUMBER="16/19" OPERTYPEID="10" PREVID="0" NEXTID="0" UPDATEDATE="2024-09-11" STARTDATE="2024-09-11" ENDDATE="2079-06-06" ISACTUAL="1" ISACTIVE="1" /><STEAD ID="68702872" OBJECTID="165218546" OBJECTGUID="51c1921c-4436-4495-95e1-b04603be70c6" CHANGEID="600926205" NUMBER="32" OPERTYPEID="10" PREVID="0" NEXTID="0" UPDATEDATE="2024-09-11" STARTDATE="2024-09-11" ENDDATE="2079-06-06" ISACTUAL="1" ISACTIVE="1" /><STEAD ID="68702924" OBJECTID="165218623" OBJECTGUID="a24f7069-60a9-4bb3-a8b3-2bb78feaa610" CHANGEID="600926479" NUMBER="16" OPERTYPEID="10" PREVID="0" NEXTID="0" UPDATEDATE="2024-09-11" STARTDATE="2024-09-11" ENDDATE="2079-06-06" ISACTUAL="1" ISACTIVE="1" /><STEAD ID="68703001" OBJECTID="165218713" OBJECTGUID="970b0341-24e9-4bbc-a605-f3b9ee5357b8" CHANGEID="600927231" NUMBER="150" OPERTYPEID="10" PREVID="0" NEXTID="0" UPDATEDATE="2024-09-11" STARTDATE="2024-09-11" ENDDATE="2079-06-06" ISACTUAL="1" ISACTIVE="1" /><STEAD ID="68704910" OBJECTID="165221527" OBJECTGUID="645a24de-5045-4a2b-91e8-19f777fbb447" CHANGEID="600932972" NUMBER="16" OPERTYPEID="10" PREVID="0" NEXTID="0" UPDATEDATE="2024-09-11" STARTDATE="2024-09-11" ENDDATE="2079-06-06" ISACTUAL="1" ISACTIVE="1" /><STEAD ID="68704976" OBJECTID="165221617" OBJECTGUID="da5c4c70-58a7-4b1d-afe0-c4509b6eb8c8" CHANGEID="600933139" NUMBER="20" OPERTYPEID="10" PREVID="0" NEXTID="0" UPDATEDATE="2024-09-11" STARTDATE="2024-09-11" ENDDATE="2079-06-06" ISACTUAL="1" ISACTIVE="1" /></STEADS>