﻿<?xml version="1.0" encoding="utf-8"?><HOUSES><HOUSE ID="126724670" OBJECTID="165057625" OBJECTGUID="7a36662a-e4b0-4c0c-8555-b8aa96aa8ef7" CHANGEID="600507575" HOUSENUM="18" HOUSETYPE="2" OPERTYPEID="10" PREVID="0" NEXTID="0" UPDATEDATE="2024-09-05" STARTDATE="2024-09-05" ENDDATE="2079-06-06" ISACTUAL="1" ISACTIVE="1" /><HOUSE ID="126724671" OBJECTID="165057629" OBJECTGUID="390be195-7c6a-4e87-ae67-a493b04cbe03" CHANGEID="600507588" HOUSENUM="3" HOUSETYPE="2" OPERTYPEID="10" PREVID="0" NEXTID="0" UPDATEDATE="2024-09-05" STARTDATE="2024-09-05" ENDDATE="2079-06-06" ISACTUAL="1" ISACTIVE="1" /><HOUSE ID="126731537" OBJECTID="165089999" OBJECTGUID="0cd9c7d4-7944-4abb-a8cf-43967ed803f2" CHANGEID="600560187" HOUSENUM="70" HOUSETYPE="2" OPERTYPEID="10" PREVID="0" NEXTID="0" UPDATEDATE="2024-09-06" STARTDATE="2024-09-06" ENDDATE="2079-06-06" ISACTUAL="1" ISACTIVE="1" /><HOUSE ID="126731538" OBJECTID="165090001" OBJECTGUID="1bd6e071-4b74-4831-b2d0-0b8d29eb79d2" CHANGEID="600560189" HOUSENUM="4" HOUSETYPE="2" OPERTYPEID="10" PREVID="0" NEXTID="0" UPDATEDATE="2024-09-06" STARTDATE="2024-09-06" ENDDATE="2079-06-06" ISACTUAL="1" ISACTIVE="1" /><HOUSE ID="126731539" OBJECTID="165090003" OBJECTGUID="621458be-02c3-407b-957e-5e75bf26b60c" CHANGEID="600560191" HOUSENUM="113" HOUSETYPE="2" OPERTYPEID="10" PREVID="0" NEXTID="0" UPDATEDATE="2024-09-06" STARTDATE="2024-09-06" ENDDATE="2079-06-06" ISACTUAL="1" ISACTIVE="1" /><HOUSE ID="126731540" OBJECTID="165090006" OBJECTGUID="e7f22004-d257-4df2-8a49-d5e2665b6890" CHANGEID="600560194" HOUSENUM="1г" HOUSETYPE="5" OPERTYPEID="10" PREVID="0" NEXTID="0" UPDATEDATE="2024-09-06" STARTDATE="2024-09-06" ENDDATE="2079-06-06" ISACTUAL="1" ISACTIVE="1" /><HOUSE ID="126731541" OBJECTID="165090009" OBJECTGUID="c19cf69b-dc8f-4183-95a4-8daf70645809" CHANGEID="600560197" HOUSENUM="98" HOUSETYPE="2" OPERTYPEID="10" PREVID="0" NEXTID="0" UPDATEDATE="2024-09-06" STARTDATE="2024-09-06" ENDDATE="2079-06-06" ISACTUAL="1" ISACTIVE="1" /><HOUSE ID="126731542" OBJECTID="165090012" OBJECTGUID="9593613d-008a-4f24-b814-f13031800089" CHANGEID="600560200" HOUSENUM="84" HOUSETYPE="2" OPERTYPEID="10" PREVID="0" NEXTID="0" UPDATEDATE="2024-09-06" STARTDATE="2024-09-06" ENDDATE="2079-06-06" ISACTUAL="1" ISACTIVE="1" /><HOUSE ID="126731563" OBJECTID="165090131" OBJECTGUID="64dcf0ad-023c-4e01-8004-4ec8eec0f86e" CHANGEID="600560339" HOUSENUM="63" HOUSETYPE="2" OPERTYPEID="10" PREVID="0" NEXTID="0" UPDATEDATE="2024-09-06" STARTDATE="2024-09-06" ENDDATE="2079-06-06" ISACTUAL="1" ISACTIVE="1" /><HOUSE ID="126731564" OBJECTID="165090133" OBJECTGUID="de4bed67-0568-4d8e-9ec4-c0014a19a83f" CHANGEID="600560341" HOUSENUM="37" HOUSETYPE="2" OPERTYPEID="10" PREVID="0" NEXTID="0" UPDATEDATE="2024-09-06" STARTDATE="2024-09-06" ENDDATE="2079-06-06" ISACTUAL="1" ISACTIVE="1" /><HOUSE ID="126731588" OBJECTID="165090652" OBJECTGUID="c4b8fa62-74ca-4747-91dd-e6f8330b447d" CHANGEID="600561007" HOUSENUM="49" HOUSETYPE="2" OPERTYPEID="10" PREVID="0" NEXTID="0" UPDATEDATE="2024-09-06" STARTDATE="2024-09-06" ENDDATE="2079-06-06" ISACTUAL="1" ISACTIVE="1" /><HOUSE ID="126731589" OBJECTID="165090693" OBJECTGUID="6bbaf6fb-75fe-416f-b8c7-08b65e4858ca" CHANGEID="600561058" HOUSENUM="73" HOUSETYPE="2" OPERTYPEID="10" PREVID="0" NEXTID="0" UPDATEDATE="2024-09-06" STARTDATE="2024-09-06" ENDDATE="2079-06-06" ISACTUAL="1" ISACTIVE="1" /><HOUSE ID="126738764" OBJECTID="165116333" OBJECTGUID="b482b94e-a747-4fe1-b0a4-144160510584" CHANGEID="600736669" HOUSENUM="35" HOUSETYPE="2" OPERTYPEID="10" PREVID="0" NEXTID="0" UPDATEDATE="2024-09-09" STARTDATE="2024-09-09" ENDDATE="2079-06-06" ISACTUAL="1" ISACTIVE="1" /><HOUSE ID="126738765" OBJECTID="165116334" OBJECTGUID="ba8928e7-f83d-42bc-9f66-e97a48bb42b7" CHANGEID="600736671" HOUSENUM="17" HOUSETYPE="2" OPERTYPEID="10" PREVID="0" NEXTID="0" UPDATEDATE="2024-09-09" STARTDATE="2024-09-09" ENDDATE="2079-06-06" ISACTUAL="1" ISACTIVE="1" /><HOUSE ID="126738766" OBJECTID="165116335" OBJECTGUID="f0997c8e-bbf9-4c92-a73d-5ba4ce10c406" CHANGEID="600736672" HOUSENUM="7" HOUSETYPE="2" OPERTYPEID="10" PREVID="0" NEXTID="0" UPDATEDATE="2024-09-09" STARTDATE="2024-09-09" ENDDATE="2079-06-06" ISACTUAL="1" ISACTIVE="1" /><HOUSE ID="126738767" OBJECTID="165116336" OBJECTGUID="eac575de-a97b-443a-a0ee-448c11761151" CHANGEID="600736673" HOUSENUM="32" HOUSETYPE="2" OPERTYPEID="10" PREVID="0" NEXTID="0" UPDATEDATE="2024-09-09" STARTDATE="2024-09-09" ENDDATE="2079-06-06" ISACTUAL="1" ISACTIVE="1" /><HOUSE ID="126738768" OBJECTID="165116337" OBJECTGUID="ac657d36-7b94-40c3-ad87-722651374dbd" CHANGEID="600736674" HOUSENUM="71а" HOUSETYPE="2" OPERTYPEID="10" PREVID="0" NEXTID="0" UPDATEDATE="2024-09-09" STARTDATE="2024-09-09" ENDDATE="2079-06-06" ISACTUAL="1" ISACTIVE="1" /><HOUSE ID="126738769" OBJECTID="165116338" OBJECTGUID="a22adcd5-272a-4fc3-b51a-80cd22e831e4" CHANGEID="600736675" HOUSENUM="2а" HOUSETYPE="2" OPERTYPEID="10" PREVID="0" NEXTID="0" UPDATEDATE="2024-09-09" STARTDATE="2024-09-09" ENDDATE="2079-06-06" ISACTUAL="1" ISACTIVE="1" /><HOUSE ID="126738770" OBJECTID="165116339" OBJECTGUID="04b474ae-6be2-4a77-995c-413aaf1f4bd1" CHANGEID="600736677" HOUSENUM="48" HOUSETYPE="2" OPERTYPEID="10" PREVID="0" NEXTID="0" UPDATEDATE="2024-09-09" STARTDATE="2024-09-09" ENDDATE="2079-06-06" ISACTUAL="1" ISACTIVE="1" /><HOUSE ID="126738771" OBJECTID="165116340" OBJECTGUID="3cc683da-ef8d-4076-9fa1-ad9892162359" CHANGEID="600736678" HOUSENUM="82" HOUSETYPE="2" OPERTYPEID="10" PREVID="0" NEXTID="0" UPDATEDATE="2024-09-09" STARTDATE="2024-09-09" ENDDATE="2079-06-06" ISACTUAL="1" ISACTIVE="1" /><HOUSE ID="126738772" OBJECTID="165116341" OBJECTGUID="c3993c08-1935-4efa-a14d-75919cd94d3b" CHANGEID="600736679" HOUSENUM="22" HOUSETYPE="2" OPERTYPEID="10" PREVID="0" NEXTID="0" UPDATEDATE="2024-09-09" STARTDATE="2024-09-09" ENDDATE="2079-06-06" ISACTUAL="1" ISACTIVE="1" /><HOUSE ID="126738773" OBJECTID="165116342" OBJECTGUID="1d4aaf6a-bef3-4181-9b27-395383ef776a" CHANGEID="600736680" HOUSENUM="23" HOUSETYPE="2" OPERTYPEID="10" PREVID="0" NEXTID="0" UPDATEDATE="2024-09-09" STARTDATE="2024-09-09" ENDDATE="2079-06-06" ISACTUAL="1" ISACTIVE="1" /><HOUSE ID="126738774" OBJECTID="165116343" OBJECTGUID="d279e821-2142-4b56-b3ac-01d32f1041be" CHANGEID="600736681" HOUSENUM="6а" HOUSETYPE="2" OPERTYPEID="10" PREVID="0" NEXTID="0" UPDATEDATE="2024-09-09" STARTDATE="2024-09-09" ENDDATE="2079-06-06" ISACTUAL="1" ISACTIVE="1" /><HOUSE ID="126738775" OBJECTID="165116344" OBJECTGUID="0affc28c-1b5c-4f3b-a938-3f4bb73912cc" CHANGEID="600736683" HOUSENUM="9а" HOUSETYPE="2" OPERTYPEID="10" PREVID="0" NEXTID="0" UPDATEDATE="2024-09-09" STARTDATE="2024-09-09" ENDDATE="2079-06-06" ISACTUAL="1" ISACTIVE="1" /><HOUSE ID="126738776" OBJECTID="165116345" OBJECTGUID="49020098-e76b-4613-867a-74af7c456718" CHANGEID="600736685" HOUSENUM="14" HOUSETYPE="2" OPERTYPEID="10" PREVID="0" NEXTID="0" UPDATEDATE="2024-09-09" STARTDATE="2024-09-09" ENDDATE="2079-06-06" ISACTUAL="1" ISACTIVE="1" /><HOUSE ID="126738777" OBJECTID="165116346" OBJECTGUID="c4a43818-4148-49cf-805b-f27aeb22c595" CHANGEID="600736686" HOUSENUM="12" HOUSETYPE="2" OPERTYPEID="10" PREVID="0" NEXTID="0" UPDATEDATE="2024-09-09" STARTDATE="2024-09-09" ENDDATE="2079-06-06" ISACTUAL="1" ISACTIVE="1" /><HOUSE ID="126738778" OBJECTID="165116347" OBJECTGUID="9ddf73f2-128b-40e6-a16e-db893d310c84" CHANGEID="600736688" HOUSENUM="9" HOUSETYPE="2" OPERTYPEID="10" PREVID="0" NEXTID="0" UPDATEDATE="2024-09-09" STARTDATE="2024-09-09" ENDDATE="2079-06-06" ISACTUAL="1" ISACTIVE="1" /><HOUSE ID="126738779" OBJECTID="165116348" OBJECTGUID="0ef36747-6e65-4141-8fb3-56d4f7099cf0" CHANGEID="600736689" HOUSENUM="11" HOUSETYPE="2" OPERTYPEID="10" PREVID="0" NEXTID="0" UPDATEDATE="2024-09-09" STARTDATE="2024-09-09" ENDDATE="2079-06-06" ISACTUAL="1" ISACTIVE="1" /><HOUSE ID="126738780" OBJECTID="165116349" OBJECTGUID="1fa14d29-76e8-41c6-aaa5-66d1226b9224" CHANGEID="600736690" HOUSENUM="8" HOUSETYPE="2" OPERTYPEID="10" PREVID="0" NEXTID="0" UPDATEDATE="2024-09-09" STARTDATE="2024-09-09" ENDDATE="2079-06-06" ISACTUAL="1" ISACTIVE="1" /><HOUSE ID="126738781" OBJECTID="165116351" OBJECTGUID="9018d7ee-8f58-4840-99ee-a4f8f19d7577" CHANGEID="600736692" HOUSENUM="10" HOUSETYPE="2" OPERTYPEID="10" PREVID="0" NEXTID="0" UPDATEDATE="2024-09-09" STARTDATE="2024-09-09" ENDDATE="2079-06-06" ISACTUAL="1" ISACTIVE="1" /><HOUSE ID="126738782" OBJECTID="165116352" OBJECTGUID="823044c8-0abc-479d-b409-b28d76368001" CHANGEID="600736693" HOUSENUM="114" HOUSETYPE="2" OPERTYPEID="10" PREVID="0" NEXTID="0" UPDATEDATE="2024-09-09" STARTDATE="2024-09-09" ENDDATE="2079-06-06" ISACTUAL="1" ISACTIVE="1" /><HOUSE ID="126738863" OBJECTID="165116595" OBJECTGUID="2db132f8-2bd3-4340-96e9-ac33df97db8a" CHANGEID="600737137" HOUSENUM="3" HOUSETYPE="2" OPERTYPEID="10" PREVID="0" NEXTID="0" UPDATEDATE="2024-09-09" STARTDATE="2024-09-09" ENDDATE="2079-06-06" ISACTUAL="1" ISACTIVE="1" /><HOUSE ID="126738892" OBJECTID="165116847" OBJECTGUID="6a017edd-0371-46cf-bfc5-7113edd6d653" CHANGEID="600737559" HOUSENUM="2" HOUSETYPE="2" OPERTYPEID="10" PREVID="0" NEXTID="0" UPDATEDATE="2024-09-09" STARTDATE="2024-09-09" ENDDATE="2079-06-06" ISACTUAL="1" ISACTIVE="1" /><HOUSE ID="126738894" OBJECTID="165116854" OBJECTGUID="5887b533-71cd-4af3-adb9-f81649d61aa6" CHANGEID="600737566" HOUSENUM="23а" HOUSETYPE="2" OPERTYPEID="10" PREVID="0" NEXTID="0" UPDATEDATE="2024-09-09" STARTDATE="2024-09-09" ENDDATE="2079-06-06" ISACTUAL="1" ISACTIVE="1" /><HOUSE ID="126738896" OBJECTID="165116857" OBJECTGUID="87290e71-76ef-43fb-86db-8d3fe8e0bc21" CHANGEID="600737569" HOUSENUM="241" HOUSETYPE="2" OPERTYPEID="10" PREVID="0" NEXTID="0" UPDATEDATE="2024-09-09" STARTDATE="2024-09-09" ENDDATE="2079-06-06" ISACTUAL="1" ISACTIVE="1" /><HOUSE ID="126738897" OBJECTID="165116859" OBJECTGUID="b8c19d74-7a50-4285-a777-986850e4b421" CHANGEID="600737571" HOUSENUM="1" HOUSETYPE="2" OPERTYPEID="10" PREVID="0" NEXTID="0" UPDATEDATE="2024-09-09" STARTDATE="2024-09-09" ENDDATE="2079-06-06" ISACTUAL="1" ISACTIVE="1" /><HOUSE ID="7206106" OBJECTID="13214314" OBJECTGUID="fe371b58-7678-41a0-8950-6c5face71c02" CHANGEID="21226362" HOUSENUM="15" HOUSETYPE="7" OPERTYPEID="20" PREVID="7206078" NEXTID="126747609" UPDATEDATE="2024-09-10" STARTDATE="2015-12-21" ENDDATE="2024-09-10" ISACTUAL="0" ISACTIVE="0" /><HOUSE ID="126747609" OBJECTID="13214314" OBJECTGUID="fe371b58-7678-41a0-8950-6c5face71c02" CHANGEID="600796890" HOUSENUM="15" HOUSETYPE="5" OPERTYPEID="20" PREVID="7206106" UPDATEDATE="2024-09-10" STARTDATE="2024-09-10" ENDDATE="2079-06-06" ISACTUAL="1" ISACTIVE="1" /><HOUSE ID="126747610" OBJECTID="165151409" OBJECTGUID="7c86bf9f-3369-4569-b0d6-09c4bc88dfd7" CHANGEID="600796892" HOUSENUM="11" HOUSETYPE="2" OPERTYPEID="10" PREVID="0" NEXTID="0" UPDATEDATE="2024-09-10" STARTDATE="2024-09-10" ENDDATE="2079-06-06" ISACTUAL="1" ISACTIVE="1" /><HOUSE ID="126754774" OBJECTID="165183599" OBJECTGUID="c042dc0e-784c-4944-b294-e83428c33b03" CHANGEID="600848718" HOUSENUM="29" HOUSETYPE="2" OPERTYPEID="10" PREVID="0" NEXTID="0" UPDATEDATE="2024-09-11" STARTDATE="2024-09-11" ENDDATE="2079-06-06" ISACTUAL="1" ISACTIVE="1" /><HOUSE ID="126754892" OBJECTID="165185109" OBJECTGUID="7e534837-7394-4008-ac9a-ac1c34cb657d" CHANGEID="600875427" HOUSENUM="40" HOUSETYPE="2" OPERTYPEID="10" PREVID="0" NEXTID="0" UPDATEDATE="2024-09-11" STARTDATE="2024-09-11" ENDDATE="2079-06-06" ISACTUAL="1" ISACTIVE="1" /><HOUSE ID="126755000" OBJECTID="165186497" OBJECTGUID="42e8b72b-267c-4baf-95a2-c30203a0b8ca" CHANGEID="600877646" HOUSENUM="14" HOUSETYPE="2" OPERTYPEID="10" PREVID="0" NEXTID="0" UPDATEDATE="2024-09-11" STARTDATE="2024-09-11" ENDDATE="2079-06-06" ISACTUAL="1" ISACTIVE="1" /></HOUSES>