﻿<?xml version="1.0" encoding="utf-8"?><REESTR_OBJECTS><OBJECT OBJECTID="20360872" OBJECTGUID="2dfd4599-00ba-4aca-bfc6-d3798599d8fc" CHANGEID="600741614" ISACTIVE="1" LEVELID="10" CREATEDATE="2019-07-10" UPDATEDATE="2024-09-09" /><OBJECT OBJECTID="23348799" OBJECTGUID="ea56159a-7385-44bb-91b3-69e22313abf5" CHANGEID="600796893" ISACTIVE="1" LEVELID="10" CREATEDATE="2019-07-10" UPDATEDATE="2024-09-10" /><OBJECT OBJECTID="165056169" OBJECTGUID="bd537910-27d1-4bc4-ae26-1a760f638c3e" CHANGEID="600504997" ISACTIVE="1" LEVELID="9" CREATEDATE="2024-09-05" UPDATEDATE="2024-09-05" /><OBJECT OBJECTID="87629213" OBJECTGUID="d219a8b4-b5b8-4be5-bf31-e8ffe0380e38" CHANGEID="600504998" ISACTIVE="1" LEVELID="9" CREATEDATE="2017-03-02" UPDATEDATE="2024-09-05" /><OBJECT OBJECTID="84630386" OBJECTGUID="8536a9c7-a80b-4a53-85e5-0f3a69464901" CHANGEID="600504999" ISACTIVE="1" LEVELID="9" CREATEDATE="2017-11-15" UPDATEDATE="2024-09-05" /><OBJECT OBJECTID="88777223" OBJECTGUID="23d68ec9-03aa-4b10-a8a2-eea0a1421222" CHANGEID="600505000" ISACTIVE="1" LEVELID="9" CREATEDATE="2017-12-01" UPDATEDATE="2024-09-05" /><OBJECT OBJECTID="88777577" OBJECTGUID="6e5f42e8-6971-4979-bae3-89e5b1ed7553" CHANGEID="600505002" ISACTIVE="1" LEVELID="9" CREATEDATE="2017-12-01" UPDATEDATE="2024-09-05" /><OBJECT OBJECTID="88777485" OBJECTGUID="543dbc18-e599-4bb7-b163-0223d9538d4b" CHANGEID="600505001" ISACTIVE="1" LEVELID="9" CREATEDATE="2017-12-01" UPDATEDATE="2024-09-05" /><OBJECT OBJECTID="165057624" OBJECTGUID="819a937d-40a6-400c-aeac-cdc71b729a6e" CHANGEID="600507572" ISACTIVE="1" LEVELID="9" CREATEDATE="2024-09-05" UPDATEDATE="2024-09-05" /><OBJECT OBJECTID="165057625" OBJECTGUID="7a36662a-e4b0-4c0c-8555-b8aa96aa8ef7" CHANGEID="600507575" ISACTIVE="1" LEVELID="10" CREATEDATE="2024-09-05" UPDATEDATE="2024-09-05" /><OBJECT OBJECTID="165057628" OBJECTGUID="e3b522be-dc96-4ed0-9454-b094647baebe" CHANGEID="600507583" ISACTIVE="1" LEVELID="9" CREATEDATE="2024-09-05" UPDATEDATE="2024-09-05" /><OBJECT OBJECTID="165057629" OBJECTGUID="390be195-7c6a-4e87-ae67-a493b04cbe03" CHANGEID="600507588" ISACTIVE="1" LEVELID="10" CREATEDATE="2024-09-05" UPDATEDATE="2024-09-05" /><OBJECT OBJECTID="33674459" OBJECTGUID="0edab7ea-7625-4342-b24a-4a8bb9124f1b" CHANGEID="600560151" ISACTIVE="1" LEVELID="11" CREATEDATE="2017-11-15" UPDATEDATE="2024-09-06" /><OBJECT OBJECTID="165089988" OBJECTGUID="debb88ed-7803-47d2-a440-8f25e18dfbe4" CHANGEID="600560176" ISACTIVE="1" LEVELID="9" CREATEDATE="2024-09-06" UPDATEDATE="2024-09-06" /><OBJECT OBJECTID="165089989" OBJECTGUID="1140a4f6-85a8-47bc-951e-5e8f7ed67590" CHANGEID="600560177" ISACTIVE="1" LEVELID="9" CREATEDATE="2024-09-06" UPDATEDATE="2024-09-06" /><OBJECT OBJECTID="165089990" OBJECTGUID="27759b05-b253-4647-977b-70d0faee1ace" CHANGEID="600560178" ISACTIVE="1" LEVELID="9" CREATEDATE="2024-09-06" UPDATEDATE="2024-09-06" /><OBJECT OBJECTID="165089991" OBJECTGUID="6f30cf7c-c4f2-4970-9d6b-8a76bd1af516" CHANGEID="600560179" ISACTIVE="1" LEVELID="9" CREATEDATE="2024-09-06" UPDATEDATE="2024-09-06" /><OBJECT OBJECTID="165089992" OBJECTGUID="554981e3-b162-476b-a62d-213bc84e87d5" CHANGEID="600560180" ISACTIVE="1" LEVELID="9" CREATEDATE="2024-09-06" UPDATEDATE="2024-09-06" /><OBJECT OBJECTID="165089999" OBJECTGUID="0cd9c7d4-7944-4abb-a8cf-43967ed803f2" CHANGEID="600560187" ISACTIVE="1" LEVELID="10" CREATEDATE="2024-09-06" UPDATEDATE="2024-09-06" /><OBJECT OBJECTID="165089978" OBJECTGUID="578fada2-bfb7-4829-a272-b2ff78de84f0" CHANGEID="600560166" ISACTIVE="1" LEVELID="9" CREATEDATE="2024-09-06" UPDATEDATE="2024-09-06" /><OBJECT OBJECTID="165089979" OBJECTGUID="90e7f55e-5b36-4171-be12-f44fb8914a6c" CHANGEID="600560167" ISACTIVE="1" LEVELID="9" CREATEDATE="2024-09-06" UPDATEDATE="2024-09-06" /><OBJECT OBJECTID="165089980" OBJECTGUID="ef127834-4fdc-4612-8890-22428ccc7b9a" CHANGEID="600560168" ISACTIVE="1" LEVELID="9" CREATEDATE="2024-09-06" UPDATEDATE="2024-09-06" /><OBJECT OBJECTID="165089981" OBJECTGUID="b2f4d60c-9542-4bf3-97dc-40c35283f066" CHANGEID="600560169" ISACTIVE="1" LEVELID="9" CREATEDATE="2024-09-06" UPDATEDATE="2024-09-06" /><OBJECT OBJECTID="165089982" OBJECTGUID="44e16d2e-2bd8-4b79-aff5-d1c7593e3193" CHANGEID="600560170" ISACTIVE="1" LEVELID="9" CREATEDATE="2024-09-06" UPDATEDATE="2024-09-06" /><OBJECT OBJECTID="165089983" OBJECTGUID="3d5716c1-ad77-4d13-a7f8-bbae9ba45758" CHANGEID="600560171" ISACTIVE="1" LEVELID="9" CREATEDATE="2024-09-06" UPDATEDATE="2024-09-06" /><OBJECT OBJECTID="165089984" OBJECTGUID="bd6e82d7-2642-47c8-851e-6750dd439026" CHANGEID="600560172" ISACTIVE="1" LEVELID="9" CREATEDATE="2024-09-06" UPDATEDATE="2024-09-06" /><OBJECT OBJECTID="165089985" OBJECTGUID="a18a908d-c393-45a3-a855-f38791f21ec6" CHANGEID="600560173" ISACTIVE="1" LEVELID="9" CREATEDATE="2024-09-06" UPDATEDATE="2024-09-06" /><OBJECT OBJECTID="165089986" OBJECTGUID="c8b1c163-fe84-4d10-bc77-27bef8e54c39" CHANGEID="600560174" ISACTIVE="1" LEVELID="9" CREATEDATE="2024-09-06" UPDATEDATE="2024-09-06" /><OBJECT OBJECTID="165089987" OBJECTGUID="8164d502-4785-4a2a-a491-b2e029ceac32" CHANGEID="600560175" ISACTIVE="1" LEVELID="9" CREATEDATE="2024-09-06" UPDATEDATE="2024-09-06" /><OBJECT OBJECTID="165089993" OBJECTGUID="ec68e02b-4ffc-4012-8886-f69a193658ad" CHANGEID="600560181" ISACTIVE="1" LEVELID="9" CREATEDATE="2024-09-06" UPDATEDATE="2024-09-06" /><OBJECT OBJECTID="165089994" OBJECTGUID="5db0a5b2-ae3e-4639-9122-2df6b8e8aea9" CHANGEID="600560182" ISACTIVE="1" LEVELID="9" CREATEDATE="2024-09-06" UPDATEDATE="2024-09-06" /><OBJECT OBJECTID="165089995" OBJECTGUID="19edbd17-a3fd-4313-8c1d-fd0ab10fc255" CHANGEID="600560183" ISACTIVE="1" LEVELID="9" CREATEDATE="2024-09-06" UPDATEDATE="2024-09-06" /><OBJECT OBJECTID="165089996" OBJECTGUID="f4b7a188-4d8b-4bd5-9946-385567afb0e0" CHANGEID="600560184" ISACTIVE="1" LEVELID="9" CREATEDATE="2024-09-06" UPDATEDATE="2024-09-06" /><OBJECT OBJECTID="165089997" OBJECTGUID="879d31e6-835f-4857-bc62-57e3251befda" CHANGEID="600560185" ISACTIVE="1" LEVELID="9" CREATEDATE="2024-09-06" UPDATEDATE="2024-09-06" /><OBJECT OBJECTID="165089998" OBJECTGUID="3aa1424f-2827-4012-b61a-2d0f90a85d14" CHANGEID="600560186" ISACTIVE="1" LEVELID="9" CREATEDATE="2024-09-06" UPDATEDATE="2024-09-06" /><OBJECT OBJECTID="165090000" OBJECTGUID="564f5772-3a26-4b85-92f4-8d6a09000e36" CHANGEID="600560188" ISACTIVE="1" LEVELID="9" CREATEDATE="2024-09-06" UPDATEDATE="2024-09-06" /><OBJECT OBJECTID="165090002" OBJECTGUID="0b7e2ca6-e6ad-4230-a51a-b1f08b39c6c8" CHANGEID="600560190" ISACTIVE="1" LEVELID="9" CREATEDATE="2024-09-06" UPDATEDATE="2024-09-06" /><OBJECT OBJECTID="165090004" OBJECTGUID="eee11cd6-460d-45c7-a4e0-94118f69cd5a" CHANGEID="600560192" ISACTIVE="1" LEVELID="9" CREATEDATE="2024-09-06" UPDATEDATE="2024-09-06" /><OBJECT OBJECTID="165090006" OBJECTGUID="e7f22004-d257-4df2-8a49-d5e2665b6890" CHANGEID="600560194" ISACTIVE="1" LEVELID="10" CREATEDATE="2024-09-06" UPDATEDATE="2024-09-06" /><OBJECT OBJECTID="165090008" OBJECTGUID="cca53b9d-ded5-4b54-b2bf-51936f35453c" CHANGEID="600560196" ISACTIVE="1" LEVELID="9" CREATEDATE="2024-09-06" UPDATEDATE="2024-09-06" /><OBJECT OBJECTID="165090010" OBJECTGUID="6da715ec-ea20-463e-9b02-b17d23f1d192" CHANGEID="600560198" ISACTIVE="1" LEVELID="9" CREATEDATE="2024-09-06" UPDATEDATE="2024-09-06" /><OBJECT OBJECTID="165090001" OBJECTGUID="1bd6e071-4b74-4831-b2d0-0b8d29eb79d2" CHANGEID="600560189" ISACTIVE="1" LEVELID="10" CREATEDATE="2024-09-06" UPDATEDATE="2024-09-06" /><OBJECT OBJECTID="165090003" OBJECTGUID="621458be-02c3-407b-957e-5e75bf26b60c" CHANGEID="600560191" ISACTIVE="1" LEVELID="10" CREATEDATE="2024-09-06" UPDATEDATE="2024-09-06" /><OBJECT OBJECTID="165090005" OBJECTGUID="7bde8ce2-3f8d-4d1c-a834-815270182e17" CHANGEID="600560193" ISACTIVE="1" LEVELID="9" CREATEDATE="2024-09-06" UPDATEDATE="2024-09-06" /><OBJECT OBJECTID="165090007" OBJECTGUID="2cba5c46-7646-4f66-9202-e8a5daa6ff3d" CHANGEID="600560195" ISACTIVE="1" LEVELID="9" CREATEDATE="2024-09-06" UPDATEDATE="2024-09-06" /><OBJECT OBJECTID="165090009" OBJECTGUID="c19cf69b-dc8f-4183-95a4-8daf70645809" CHANGEID="600560197" ISACTIVE="1" LEVELID="10" CREATEDATE="2024-09-06" UPDATEDATE="2024-09-06" /><OBJECT OBJECTID="165090011" OBJECTGUID="dd2681bf-85d2-4e10-826d-44755668f42b" CHANGEID="600560199" ISACTIVE="1" LEVELID="9" CREATEDATE="2024-09-06" UPDATEDATE="2024-09-06" /><OBJECT OBJECTID="165090012" OBJECTGUID="9593613d-008a-4f24-b814-f13031800089" CHANGEID="600560200" ISACTIVE="1" LEVELID="10" CREATEDATE="2024-09-06" UPDATEDATE="2024-09-06" /><OBJECT OBJECTID="165090013" OBJECTGUID="45158b5d-72a8-4357-88e0-45a6a3396968" CHANGEID="600560201" ISACTIVE="1" LEVELID="9" CREATEDATE="2024-09-06" UPDATEDATE="2024-09-06" /><OBJECT OBJECTID="165090132" OBJECTGUID="4e2069b7-e8dd-4ec9-87e9-1a98bbfe8806" CHANGEID="600560340" ISACTIVE="1" LEVELID="9" CREATEDATE="2024-09-06" UPDATEDATE="2024-09-06" /><OBJECT OBJECTID="165090134" OBJECTGUID="20df5623-aae0-4f5e-94d3-a75639d3ac78" CHANGEID="600560342" ISACTIVE="1" LEVELID="9" CREATEDATE="2024-09-06" UPDATEDATE="2024-09-06" /><OBJECT OBJECTID="165090131" OBJECTGUID="64dcf0ad-023c-4e01-8004-4ec8eec0f86e" CHANGEID="600560339" ISACTIVE="1" LEVELID="10" CREATEDATE="2024-09-06" UPDATEDATE="2024-09-06" /><OBJECT OBJECTID="165090133" OBJECTGUID="de4bed67-0568-4d8e-9ec4-c0014a19a83f" CHANGEID="600560341" ISACTIVE="1" LEVELID="10" CREATEDATE="2024-09-06" UPDATEDATE="2024-09-06" /><OBJECT OBJECTID="165090648" OBJECTGUID="8801a2f3-7708-4f34-92f8-73a75c8b3eaa" CHANGEID="600560999" ISACTIVE="1" LEVELID="9" CREATEDATE="2024-09-06" UPDATEDATE="2024-09-06" /><OBJECT OBJECTID="165090651" OBJECTGUID="bea1245b-c94d-47f0-a8b4-cfc21318e085" CHANGEID="600561005" ISACTIVE="1" LEVELID="9" CREATEDATE="2024-09-06" UPDATEDATE="2024-09-06" /><OBJECT OBJECTID="165090652" OBJECTGUID="c4b8fa62-74ca-4747-91dd-e6f8330b447d" CHANGEID="600561007" ISACTIVE="1" LEVELID="10" CREATEDATE="2024-09-06" UPDATEDATE="2024-09-06" /><OBJECT OBJECTID="165090647" OBJECTGUID="1315f77d-dc01-4827-9e75-686aacd73b8e" CHANGEID="600560998" ISACTIVE="1" LEVELID="9" CREATEDATE="2024-09-06" UPDATEDATE="2024-09-06" /><OBJECT OBJECTID="165090649" OBJECTGUID="ffb6d8e0-193d-4623-8737-33de4e7525ec" CHANGEID="600561002" ISACTIVE="1" LEVELID="9" CREATEDATE="2024-09-06" UPDATEDATE="2024-09-06" /><OBJECT OBJECTID="165090650" OBJECTGUID="1dac1b7e-f5e7-46b3-8fdc-59ed15f10557" CHANGEID="600561004" ISACTIVE="1" LEVELID="9" CREATEDATE="2024-09-06" UPDATEDATE="2024-09-06" /><OBJECT OBJECTID="165090653" OBJECTGUID="bd5b9a87-d9b2-492d-97ee-0b4ac05437d6" CHANGEID="600561010" ISACTIVE="1" LEVELID="9" CREATEDATE="2024-09-06" UPDATEDATE="2024-09-06" /><OBJECT OBJECTID="165090692" OBJECTGUID="69da6a84-1a10-4ff9-bb85-e33b3d947a51" CHANGEID="600561051" ISACTIVE="1" LEVELID="9" CREATEDATE="2024-09-06" UPDATEDATE="2024-09-06" /><OBJECT OBJECTID="165090695" OBJECTGUID="3e1508f9-8230-4ab8-80ac-0be5f5457c84" CHANGEID="600561061" ISACTIVE="1" LEVELID="9" CREATEDATE="2024-09-06" UPDATEDATE="2024-09-06" /><OBJECT OBJECTID="165090693" OBJECTGUID="6bbaf6fb-75fe-416f-b8c7-08b65e4858ca" CHANGEID="600561058" ISACTIVE="1" LEVELID="10" CREATEDATE="2024-09-06" UPDATEDATE="2024-09-06" /><OBJECT OBJECTID="164963477" OBJECTGUID="6b6bb927-a765-4645-9f22-af3287661fbd" CHANGEID="600724953" ISACTIVE="1" LEVELID="10" CREATEDATE="2024-09-02" UPDATEDATE="2024-09-07" /><OBJECT OBJECTID="164949331" OBJECTGUID="0a3e17ef-89ac-46ce-aa38-a334d8e0e19d" CHANGEID="600724955" ISACTIVE="1" LEVELID="10" CREATEDATE="2024-08-30" UPDATEDATE="2024-09-07" /><OBJECT OBJECTID="164949143" OBJECTGUID="8b08fc43-0dfe-4a5f-9e5a-325a510e5a93" CHANGEID="600724957" ISACTIVE="1" LEVELID="10" CREATEDATE="2024-08-30" UPDATEDATE="2024-09-07" /><OBJECT OBJECTID="164949138" OBJECTGUID="35ee6984-b7a6-467c-90ac-3fbea6983f58" CHANGEID="600724959" ISACTIVE="1" LEVELID="10" CREATEDATE="2024-08-30" UPDATEDATE="2024-09-07" /><OBJECT OBJECTID="164935756" OBJECTGUID="07d49c05-9274-4413-9842-e387c4404857" CHANGEID="600724963" ISACTIVE="1" LEVELID="10" CREATEDATE="2024-08-29" UPDATEDATE="2024-09-07" /><OBJECT OBJECTID="164910188" OBJECTGUID="24a54df8-244c-411a-ad81-eff9714edb93" CHANGEID="600724969" ISACTIVE="1" LEVELID="10" CREATEDATE="2024-08-28" UPDATEDATE="2024-09-07" /><OBJECT OBJECTID="164908995" OBJECTGUID="ce0f3985-8dfd-4a45-947c-014f489ad72b" CHANGEID="600724971" ISACTIVE="1" LEVELID="10" CREATEDATE="2024-08-28" UPDATEDATE="2024-09-07" /><OBJECT OBJECTID="164908990" OBJECTGUID="cf214877-35b9-4285-9f3e-475811d37da0" CHANGEID="600724972" ISACTIVE="1" LEVELID="10" CREATEDATE="2024-08-28" UPDATEDATE="2024-09-07" /><OBJECT OBJECTID="164908988" OBJECTGUID="a040c3b8-cbc9-40c0-828e-ded1fa9db17d" CHANGEID="600724973" ISACTIVE="1" LEVELID="10" CREATEDATE="2024-08-28" UPDATEDATE="2024-09-07" /><OBJECT OBJECTID="164908983" OBJECTGUID="275ee82c-290d-41ea-8564-8e0b23c00f23" CHANGEID="600724975" ISACTIVE="1" LEVELID="10" CREATEDATE="2024-08-28" UPDATEDATE="2024-09-07" /><OBJECT OBJECTID="164949126" OBJECTGUID="3cf23d58-f6b1-4b6a-bf18-0bc02b8b9e55" CHANGEID="600725001" ISACTIVE="1" LEVELID="10" CREATEDATE="2024-08-30" UPDATEDATE="2024-09-07" /><OBJECT OBJECTID="164860011" OBJECTGUID="77235145-4f5d-46ba-a864-ebe6cd0314c1" CHANGEID="600725002" ISACTIVE="1" LEVELID="10" CREATEDATE="2024-08-26" UPDATEDATE="2024-09-07" /><OBJECT OBJECTID="164860008" OBJECTGUID="50ab1e15-763a-445f-b3b0-b36c0f43f547" CHANGEID="600725004" ISACTIVE="1" LEVELID="10" CREATEDATE="2024-08-26" UPDATEDATE="2024-09-07" /><OBJECT OBJECTID="164841472" OBJECTGUID="9ccff97d-cee6-4499-9363-cb4340eddc04" CHANGEID="600725007" ISACTIVE="1" LEVELID="10" CREATEDATE="2024-08-23" UPDATEDATE="2024-09-07" /><OBJECT OBJECTID="164841467" OBJECTGUID="11c46309-b1c7-458d-b9e3-ea2d6043fd80" CHANGEID="600725008" ISACTIVE="1" LEVELID="10" CREATEDATE="2024-08-23" UPDATEDATE="2024-09-07" /><OBJECT OBJECTID="164841456" OBJECTGUID="af3891d9-3258-4a07-af51-2f941b8fee1b" CHANGEID="600725009" ISACTIVE="1" LEVELID="10" CREATEDATE="2024-08-23" UPDATEDATE="2024-09-07" /><OBJECT OBJECTID="164841449" OBJECTGUID="ee56a33a-8fea-49a5-aaed-65f5925526e4" CHANGEID="600725010" ISACTIVE="1" LEVELID="10" CREATEDATE="2024-08-23" UPDATEDATE="2024-09-07" /><OBJECT OBJECTID="164841437" OBJECTGUID="fb68e13f-6eef-43c6-9762-4e0f1ceb3b8f" CHANGEID="600725011" ISACTIVE="1" LEVELID="10" CREATEDATE="2024-08-23" UPDATEDATE="2024-09-07" /><OBJECT OBJECTID="164841432" OBJECTGUID="f6d8d04e-67a4-4ecf-84a8-c5b3235e69b0" CHANGEID="600725012" ISACTIVE="1" LEVELID="10" CREATEDATE="2024-08-23" UPDATEDATE="2024-09-07" /><OBJECT OBJECTID="164841091" OBJECTGUID="6b68ee8d-b7fe-46bf-809d-f39fc384bad6" CHANGEID="600725015" ISACTIVE="1" LEVELID="10" CREATEDATE="2024-08-23" UPDATEDATE="2024-09-07" /><OBJECT OBJECTID="164841090" OBJECTGUID="5968960f-49ad-4118-8a39-f90529e3d153" CHANGEID="600725016" ISACTIVE="1" LEVELID="10" CREATEDATE="2024-08-23" UPDATEDATE="2024-09-07" /><OBJECT OBJECTID="164841089" OBJECTGUID="eb7bdd51-b383-4de4-8f7a-9d6f4b400637" CHANGEID="600725017" ISACTIVE="1" LEVELID="10" CREATEDATE="2024-08-23" UPDATEDATE="2024-09-07" /><OBJECT OBJECTID="164841088" OBJECTGUID="304381ee-19e2-4d48-8334-00f77370c71f" CHANGEID="600725018" ISACTIVE="1" LEVELID="10" CREATEDATE="2024-08-23" UPDATEDATE="2024-09-07" /><OBJECT OBJECTID="164841087" OBJECTGUID="4d3d2209-b096-493d-87c7-a35fc4d08d6f" CHANGEID="600725019" ISACTIVE="1" LEVELID="10" CREATEDATE="2024-08-23" UPDATEDATE="2024-09-07" /><OBJECT OBJECTID="164841086" OBJECTGUID="95a83f40-0bed-4e19-911d-34b33da1b6e6" CHANGEID="600725020" ISACTIVE="1" LEVELID="10" CREATEDATE="2024-08-23" UPDATEDATE="2024-09-07" /><OBJECT OBJECTID="164841085" OBJECTGUID="f58304f3-90cd-40a4-9eef-9ee3911341d2" CHANGEID="600725021" ISACTIVE="1" LEVELID="10" CREATEDATE="2024-08-23" UPDATEDATE="2024-09-07" /><OBJECT OBJECTID="164840602" OBJECTGUID="42bea641-1387-4583-b05a-1a65c45f351f" CHANGEID="600725022" ISACTIVE="1" LEVELID="10" CREATEDATE="2024-08-23" UPDATEDATE="2024-09-07" /><OBJECT OBJECTID="164815733" OBJECTGUID="98373049-9e35-42d8-af0c-5d3e489d594d" CHANGEID="600725023" ISACTIVE="1" LEVELID="10" CREATEDATE="2024-08-22" UPDATEDATE="2024-09-07" /><OBJECT OBJECTID="164814592" OBJECTGUID="f49294b9-5e97-497f-98b3-413212d7aca6" CHANGEID="600725024" ISACTIVE="1" LEVELID="10" CREATEDATE="2024-08-22" UPDATEDATE="2024-09-07" /><OBJECT OBJECTID="164814590" OBJECTGUID="7a8b296f-0f01-4acf-8dfe-09160377f1e5" CHANGEID="600725025" ISACTIVE="1" LEVELID="10" CREATEDATE="2024-08-22" UPDATEDATE="2024-09-07" /><OBJECT OBJECTID="164814588" OBJECTGUID="9e8b7ee2-37de-4e62-ba31-b21c6bb241d0" CHANGEID="600725026" ISACTIVE="1" LEVELID="10" CREATEDATE="2024-08-22" UPDATEDATE="2024-09-07" /><OBJECT OBJECTID="164814586" OBJECTGUID="7ea8de02-8196-498e-b2de-a7389f3b8adb" CHANGEID="600725027" ISACTIVE="1" LEVELID="10" CREATEDATE="2024-08-22" UPDATEDATE="2024-09-07" /><OBJECT OBJECTID="164793109" OBJECTGUID="d4bee1cb-1037-4645-bbd7-8c4c5f3fe6e6" CHANGEID="600725028" ISACTIVE="1" LEVELID="10" CREATEDATE="2024-08-21" UPDATEDATE="2024-09-07" /><OBJECT OBJECTID="164793108" OBJECTGUID="f201bd4e-e8f4-48b7-becb-b40c53961b97" CHANGEID="600725029" ISACTIVE="1" LEVELID="10" CREATEDATE="2024-08-21" UPDATEDATE="2024-09-07" /><OBJECT OBJECTID="164908981" OBJECTGUID="4c7eedcf-14ac-434f-bbf7-88de05745ea1" CHANGEID="600735401" ISACTIVE="1" LEVELID="10" CREATEDATE="2024-08-28" UPDATEDATE="2024-09-07" /><OBJECT OBJECTID="165116333" OBJECTGUID="b482b94e-a747-4fe1-b0a4-144160510584" CHANGEID="600736669" ISACTIVE="1" LEVELID="10" CREATEDATE="2024-09-09" UPDATEDATE="2024-09-09" /><OBJECT OBJECTID="165116334" OBJECTGUID="ba8928e7-f83d-42bc-9f66-e97a48bb42b7" CHANGEID="600736671" ISACTIVE="1" LEVELID="10" CREATEDATE="2024-09-09" UPDATEDATE="2024-09-09" /><OBJECT OBJECTID="165116336" OBJECTGUID="eac575de-a97b-443a-a0ee-448c11761151" CHANGEID="600736673" ISACTIVE="1" LEVELID="10" CREATEDATE="2024-09-09" UPDATEDATE="2024-09-09" /><OBJECT OBJECTID="165116338" OBJECTGUID="a22adcd5-272a-4fc3-b51a-80cd22e831e4" CHANGEID="600736675" ISACTIVE="1" LEVELID="10" CREATEDATE="2024-09-09" UPDATEDATE="2024-09-09" /><OBJECT OBJECTID="165116339" OBJECTGUID="04b474ae-6be2-4a77-995c-413aaf1f4bd1" CHANGEID="600736677" ISACTIVE="1" LEVELID="10" CREATEDATE="2024-09-09" UPDATEDATE="2024-09-09" /><OBJECT OBJECTID="165116341" OBJECTGUID="c3993c08-1935-4efa-a14d-75919cd94d3b" CHANGEID="600736679" ISACTIVE="1" LEVELID="10" CREATEDATE="2024-09-09" UPDATEDATE="2024-09-09" /><OBJECT OBJECTID="165116343" OBJECTGUID="d279e821-2142-4b56-b3ac-01d32f1041be" CHANGEID="600736681" ISACTIVE="1" LEVELID="10" CREATEDATE="2024-09-09" UPDATEDATE="2024-09-09" /><OBJECT OBJECTID="165116344" OBJECTGUID="0affc28c-1b5c-4f3b-a938-3f4bb73912cc" CHANGEID="600736683" ISACTIVE="1" LEVELID="10" CREATEDATE="2024-09-09" UPDATEDATE="2024-09-09" /><OBJECT OBJECTID="165116345" OBJECTGUID="49020098-e76b-4613-867a-74af7c456718" CHANGEID="600736685" ISACTIVE="1" LEVELID="10" CREATEDATE="2024-09-09" UPDATEDATE="2024-09-09" /><OBJECT OBJECTID="165116348" OBJECTGUID="0ef36747-6e65-4141-8fb3-56d4f7099cf0" CHANGEID="600736689" ISACTIVE="1" LEVELID="10" CREATEDATE="2024-09-09" UPDATEDATE="2024-09-09" /><OBJECT OBJECTID="165116350" OBJECTGUID="2603ac01-27c3-4085-93b9-ab33cb7407fe" CHANGEID="600736691" ISACTIVE="1" LEVELID="9" CREATEDATE="2024-09-09" UPDATEDATE="2024-09-09" /><OBJECT OBJECTID="165116352" OBJECTGUID="823044c8-0abc-479d-b409-b28d76368001" CHANGEID="600736693" ISACTIVE="1" LEVELID="10" CREATEDATE="2024-09-09" UPDATEDATE="2024-09-09" /><OBJECT OBJECTID="165116354" OBJECTGUID="20dabe35-91df-4b5b-8596-ca262cae753d" CHANGEID="600736695" ISACTIVE="1" LEVELID="9" CREATEDATE="2024-09-09" UPDATEDATE="2024-09-09" /><OBJECT OBJECTID="165116335" OBJECTGUID="f0997c8e-bbf9-4c92-a73d-5ba4ce10c406" CHANGEID="600736672" ISACTIVE="1" LEVELID="10" CREATEDATE="2024-09-09" UPDATEDATE="2024-09-09" /><OBJECT OBJECTID="165116337" OBJECTGUID="ac657d36-7b94-40c3-ad87-722651374dbd" CHANGEID="600736674" ISACTIVE="1" LEVELID="10" CREATEDATE="2024-09-09" UPDATEDATE="2024-09-09" /><OBJECT OBJECTID="32691124" OBJECTGUID="e3b8f3f4-6a42-46fe-87c9-88a228435bbe" CHANGEID="600736676" ISACTIVE="1" LEVELID="10" CREATEDATE="2012-02-15" UPDATEDATE="2024-09-09" /><OBJECT OBJECTID="165116340" OBJECTGUID="3cc683da-ef8d-4076-9fa1-ad9892162359" CHANGEID="600736678" ISACTIVE="1" LEVELID="10" CREATEDATE="2024-09-09" UPDATEDATE="2024-09-09" /><OBJECT OBJECTID="165116342" OBJECTGUID="1d4aaf6a-bef3-4181-9b27-395383ef776a" CHANGEID="600736680" ISACTIVE="1" LEVELID="10" CREATEDATE="2024-09-09" UPDATEDATE="2024-09-09" /><OBJECT OBJECTID="165116346" OBJECTGUID="c4a43818-4148-49cf-805b-f27aeb22c595" CHANGEID="600736686" ISACTIVE="1" LEVELID="10" CREATEDATE="2024-09-09" UPDATEDATE="2024-09-09" /><OBJECT OBJECTID="165116347" OBJECTGUID="9ddf73f2-128b-40e6-a16e-db893d310c84" CHANGEID="600736688" ISACTIVE="1" LEVELID="10" CREATEDATE="2024-09-09" UPDATEDATE="2024-09-09" /><OBJECT OBJECTID="165116349" OBJECTGUID="1fa14d29-76e8-41c6-aaa5-66d1226b9224" CHANGEID="600736690" ISACTIVE="1" LEVELID="10" CREATEDATE="2024-09-09" UPDATEDATE="2024-09-09" /><OBJECT OBJECTID="165116351" OBJECTGUID="9018d7ee-8f58-4840-99ee-a4f8f19d7577" CHANGEID="600736692" ISACTIVE="1" LEVELID="10" CREATEDATE="2024-09-09" UPDATEDATE="2024-09-09" /><OBJECT OBJECTID="165116353" OBJECTGUID="26996d77-6c23-4a88-a4ef-a14f382a26db" CHANGEID="600736694" ISACTIVE="1" LEVELID="9" CREATEDATE="2024-09-09" UPDATEDATE="2024-09-09" /><OBJECT OBJECTID="165116595" OBJECTGUID="2db132f8-2bd3-4340-96e9-ac33df97db8a" CHANGEID="600737137" ISACTIVE="1" LEVELID="10" CREATEDATE="2024-09-09" UPDATEDATE="2024-09-09" /><OBJECT OBJECTID="165116751" OBJECTGUID="b09604ef-3bac-4a35-a9ab-14869ef492b3" CHANGEID="600737450" ISACTIVE="1" LEVELID="11" CREATEDATE="2024-09-09" UPDATEDATE="2024-09-09" /><OBJECT OBJECTID="165116753" OBJECTGUID="d8894f59-35e7-4524-88ca-8fc05883890c" CHANGEID="600737452" ISACTIVE="1" LEVELID="11" CREATEDATE="2024-09-09" UPDATEDATE="2024-09-09" /><OBJECT OBJECTID="165116755" OBJECTGUID="36f3658a-a079-4de7-b1e9-908246d434fd" CHANGEID="600737454" ISACTIVE="1" LEVELID="11" CREATEDATE="2024-09-09" UPDATEDATE="2024-09-09" /><OBJECT OBJECTID="165116752" OBJECTGUID="78be5193-9a82-40eb-a2e2-ddfa5a2ca1c9" CHANGEID="600737451" ISACTIVE="1" LEVELID="11" CREATEDATE="2024-09-09" UPDATEDATE="2024-09-09" /><OBJECT OBJECTID="165116754" OBJECTGUID="34480c71-4d48-4ca1-9903-4eaa1d2ff3d1" CHANGEID="600737453" ISACTIVE="1" LEVELID="11" CREATEDATE="2024-09-09" UPDATEDATE="2024-09-09" /><OBJECT OBJECTID="165116847" OBJECTGUID="6a017edd-0371-46cf-bfc5-7113edd6d653" CHANGEID="600737559" ISACTIVE="1" LEVELID="10" CREATEDATE="2024-09-09" UPDATEDATE="2024-09-09" /><OBJECT OBJECTID="165116846" OBJECTGUID="298b4501-a9f8-4d5e-8003-f594a40e2ff6" CHANGEID="600737556" ISACTIVE="1" LEVELID="9" CREATEDATE="2024-09-09" UPDATEDATE="2024-09-09" /><OBJECT OBJECTID="165116852" OBJECTGUID="c290947f-0003-476b-88e8-67f18899614b" CHANGEID="600737564" ISACTIVE="1" LEVELID="9" CREATEDATE="2024-09-09" UPDATEDATE="2024-09-09" /><OBJECT OBJECTID="165116854" OBJECTGUID="5887b533-71cd-4af3-adb9-f81649d61aa6" CHANGEID="600737566" ISACTIVE="1" LEVELID="10" CREATEDATE="2024-09-09" UPDATEDATE="2024-09-09" /><OBJECT OBJECTID="165116856" OBJECTGUID="1dff84c9-284c-4221-af79-ea176120ba51" CHANGEID="600737568" ISACTIVE="1" LEVELID="9" CREATEDATE="2024-09-09" UPDATEDATE="2024-09-09" /><OBJECT OBJECTID="165116858" OBJECTGUID="347e7776-bdd6-4830-81d6-9f4a093c544b" CHANGEID="600737570" ISACTIVE="1" LEVELID="9" CREATEDATE="2024-09-09" UPDATEDATE="2024-09-09" /><OBJECT OBJECTID="165116857" OBJECTGUID="87290e71-76ef-43fb-86db-8d3fe8e0bc21" CHANGEID="600737569" ISACTIVE="1" LEVELID="10" CREATEDATE="2024-09-09" UPDATEDATE="2024-09-09" /><OBJECT OBJECTID="165116859" OBJECTGUID="b8c19d74-7a50-4285-a777-986850e4b421" CHANGEID="600737571" ISACTIVE="1" LEVELID="10" CREATEDATE="2024-09-09" UPDATEDATE="2024-09-09" /><OBJECT OBJECTID="165120306" OBJECTGUID="02c8b424-f758-48c1-b581-bc0919a1cacd" CHANGEID="600743003" ISACTIVE="1" LEVELID="9" CREATEDATE="2024-09-09" UPDATEDATE="2024-09-09" /><OBJECT OBJECTID="165151015" OBJECTGUID="174aa542-b6fc-49b3-a2d3-9db99ab368ca" CHANGEID="600796233" ISACTIVE="1" LEVELID="9" CREATEDATE="2024-09-10" UPDATEDATE="2024-09-10" /><OBJECT OBJECTID="165151016" OBJECTGUID="0d427d6b-4d3d-4a1d-9c7b-77684eb7a4c8" CHANGEID="600796234" ISACTIVE="1" LEVELID="9" CREATEDATE="2024-09-10" UPDATEDATE="2024-09-10" /><OBJECT OBJECTID="165151017" OBJECTGUID="90ab4daf-61ca-43bc-91c6-bce08c54a201" CHANGEID="600796235" ISACTIVE="1" LEVELID="9" CREATEDATE="2024-09-10" UPDATEDATE="2024-09-10" /><OBJECT OBJECTID="165151018" OBJECTGUID="39708dd1-5a5a-4320-bf7f-81a5fe55d182" CHANGEID="600796236" ISACTIVE="1" LEVELID="9" CREATEDATE="2024-09-10" UPDATEDATE="2024-09-10" /><OBJECT OBJECTID="165151019" OBJECTGUID="39f70877-46d9-479e-91e0-3753af32afc0" CHANGEID="600796237" ISACTIVE="1" LEVELID="9" CREATEDATE="2024-09-10" UPDATEDATE="2024-09-10" /><OBJECT OBJECTID="165151020" OBJECTGUID="35125e40-040f-4a34-9a1e-1cc2d94be863" CHANGEID="600796238" ISACTIVE="1" LEVELID="9" CREATEDATE="2024-09-10" UPDATEDATE="2024-09-10" /><OBJECT OBJECTID="165151021" OBJECTGUID="922e6e50-c37f-4391-af3f-0e909e786a76" CHANGEID="600796239" ISACTIVE="1" LEVELID="9" CREATEDATE="2024-09-10" UPDATEDATE="2024-09-10" /><OBJECT OBJECTID="165151022" OBJECTGUID="a634f772-7661-42d4-ada9-99614d834e08" CHANGEID="600796240" ISACTIVE="1" LEVELID="9" CREATEDATE="2024-09-10" UPDATEDATE="2024-09-10" /><OBJECT OBJECTID="165151023" OBJECTGUID="f928bb2b-ba59-4d93-aa30-7d6786ab788e" CHANGEID="600796241" ISACTIVE="1" LEVELID="9" CREATEDATE="2024-09-10" UPDATEDATE="2024-09-10" /><OBJECT OBJECTID="165151024" OBJECTGUID="c79ef1ec-5ca8-4f2f-b7da-553edc6028b4" CHANGEID="600796242" ISACTIVE="1" LEVELID="9" CREATEDATE="2024-09-10" UPDATEDATE="2024-09-10" /><OBJECT OBJECTID="165151025" OBJECTGUID="fcaa2351-3932-4040-af0d-bb86d9afe840" CHANGEID="600796243" ISACTIVE="1" LEVELID="9" CREATEDATE="2024-09-10" UPDATEDATE="2024-09-10" /><OBJECT OBJECTID="165151026" OBJECTGUID="e7dc4fc0-848c-489b-bf41-bcd0d67ab845" CHANGEID="600796244" ISACTIVE="1" LEVELID="9" CREATEDATE="2024-09-10" UPDATEDATE="2024-09-10" /><OBJECT OBJECTID="165151027" OBJECTGUID="a5ef12b3-349e-43ac-aefe-7cb31255e304" CHANGEID="600796245" ISACTIVE="1" LEVELID="9" CREATEDATE="2024-09-10" UPDATEDATE="2024-09-10" /><OBJECT OBJECTID="165151028" OBJECTGUID="34e7255d-a0d1-4767-91a5-fb93fb4b5c87" CHANGEID="600796246" ISACTIVE="1" LEVELID="9" CREATEDATE="2024-09-10" UPDATEDATE="2024-09-10" /><OBJECT OBJECTID="165151029" OBJECTGUID="b4fe684c-35cb-4fcb-8cc6-6076765e9b59" CHANGEID="600796247" ISACTIVE="1" LEVELID="9" CREATEDATE="2024-09-10" UPDATEDATE="2024-09-10" /><OBJECT OBJECTID="165151030" OBJECTGUID="424ac7f9-4d94-4658-ba54-e3d1cd6c2030" CHANGEID="600796248" ISACTIVE="1" LEVELID="9" CREATEDATE="2024-09-10" UPDATEDATE="2024-09-10" /><OBJECT OBJECTID="165151031" OBJECTGUID="4a034820-940d-4e99-8bdf-b183ca0a8d8a" CHANGEID="600796249" ISACTIVE="1" LEVELID="9" CREATEDATE="2024-09-10" UPDATEDATE="2024-09-10" /><OBJECT OBJECTID="165151032" OBJECTGUID="7eab8152-1556-4a9e-a703-6804cbe93736" CHANGEID="600796250" ISACTIVE="1" LEVELID="9" CREATEDATE="2024-09-10" UPDATEDATE="2024-09-10" /><OBJECT OBJECTID="13214314" OBJECTGUID="fe371b58-7678-41a0-8950-6c5face71c02" CHANGEID="600796890" ISACTIVE="1" LEVELID="10" CREATEDATE="2017-04-24" UPDATEDATE="2024-09-10" /><OBJECT OBJECTID="165151409" OBJECTGUID="7c86bf9f-3369-4569-b0d6-09c4bc88dfd7" CHANGEID="600796892" ISACTIVE="1" LEVELID="10" CREATEDATE="2024-09-10" UPDATEDATE="2024-09-10" /><OBJECT OBJECTID="165151408" OBJECTGUID="531afa31-04d1-4eb6-b213-6109b6fb71c1" CHANGEID="600796891" ISACTIVE="1" LEVELID="9" CREATEDATE="2024-09-10" UPDATEDATE="2024-09-10" /><OBJECT OBJECTID="165155102" OBJECTGUID="adbfa8d7-d10e-44af-af04-c06e9128c966" CHANGEID="600801903" ISACTIVE="1" LEVELID="9" CREATEDATE="2024-09-10" UPDATEDATE="2024-09-10" /><OBJECT OBJECTID="165155103" OBJECTGUID="7a3f4c04-bf74-440b-b9c5-80d9c15f6fe1" CHANGEID="600801904" ISACTIVE="1" LEVELID="9" CREATEDATE="2024-09-10" UPDATEDATE="2024-09-10" /><OBJECT OBJECTID="165155104" OBJECTGUID="0a1e829a-9f67-44eb-b421-132a48d6b373" CHANGEID="600801905" ISACTIVE="1" LEVELID="9" CREATEDATE="2024-09-10" UPDATEDATE="2024-09-10" /><OBJECT OBJECTID="165155105" OBJECTGUID="04db6bc5-ec49-40ce-885a-6eb5193a7d98" CHANGEID="600801906" ISACTIVE="1" LEVELID="9" CREATEDATE="2024-09-10" UPDATEDATE="2024-09-10" /><OBJECT OBJECTID="164551760" OBJECTGUID="9029d251-3e3f-4751-893f-f638a19f0f51" CHANGEID="600737474" ISACTIVE="1" LEVELID="9" CREATEDATE="2024-08-06" UPDATEDATE="2024-09-09" /><OBJECT OBJECTID="165183594" OBJECTGUID="475400dc-802c-4e82-9926-f6f09a094a06" CHANGEID="600848707" ISACTIVE="1" LEVELID="9" CREATEDATE="2024-09-11" UPDATEDATE="2024-09-11" /><OBJECT OBJECTID="165183596" OBJECTGUID="911a8c53-c4bb-4cc4-b504-c30a8a720e3b" CHANGEID="600848715" ISACTIVE="1" LEVELID="9" CREATEDATE="2024-09-11" UPDATEDATE="2024-09-11" /><OBJECT OBJECTID="165183599" OBJECTGUID="c042dc0e-784c-4944-b294-e83428c33b03" CHANGEID="600848718" ISACTIVE="1" LEVELID="10" CREATEDATE="2024-09-11" UPDATEDATE="2024-09-11" /><OBJECT OBJECTID="165183598" OBJECTGUID="02969a85-1c11-4d59-a99f-60bc07212b7b" CHANGEID="600848717" ISACTIVE="1" LEVELID="9" CREATEDATE="2024-09-11" UPDATEDATE="2024-09-11" /><OBJECT OBJECTID="165185108" OBJECTGUID="df86d0cc-b6f1-4ce1-9be1-9848d7f4a144" CHANGEID="600875425" ISACTIVE="1" LEVELID="9" CREATEDATE="2024-09-11" UPDATEDATE="2024-09-11" /><OBJECT OBJECTID="165185109" OBJECTGUID="7e534837-7394-4008-ac9a-ac1c34cb657d" CHANGEID="600875427" ISACTIVE="1" LEVELID="10" CREATEDATE="2024-09-11" UPDATEDATE="2024-09-11" /><OBJECT OBJECTID="165186496" OBJECTGUID="e042e9f4-3fa5-4371-9436-ec0183660c47" CHANGEID="600877644" ISACTIVE="1" LEVELID="9" CREATEDATE="2024-09-11" UPDATEDATE="2024-09-11" /><OBJECT OBJECTID="165186497" OBJECTGUID="42e8b72b-267c-4baf-95a2-c30203a0b8ca" CHANGEID="600877646" ISACTIVE="1" LEVELID="10" CREATEDATE="2024-09-11" UPDATEDATE="2024-09-11" /><OBJECT OBJECTID="78881235" OBJECTGUID="cc773e4a-df8f-48f3-be90-5673c7dc0d56" CHANGEID="600879671" ISACTIVE="1" LEVELID="11" CREATEDATE="2018-01-17" UPDATEDATE="2024-09-11" /><OBJECT OBJECTID="78880450" OBJECTGUID="517dae69-bf5b-4d6c-bf1f-a0b5d73e09c9" CHANGEID="600879681" ISACTIVE="1" LEVELID="11" CREATEDATE="2018-01-17" UPDATEDATE="2024-09-11" /><OBJECT OBJECTID="78878803" OBJECTGUID="0d9b65eb-2313-4ed3-8868-616f93486e89" CHANGEID="600879730" ISACTIVE="1" LEVELID="11" CREATEDATE="2018-01-17" UPDATEDATE="2024-09-11" /><OBJECT OBJECTID="78880463" OBJECTGUID="6fd4ee7b-4086-4006-840f-6f507797e366" CHANGEID="600879717" ISACTIVE="1" LEVELID="11" CREATEDATE="2018-01-17" UPDATEDATE="2024-09-11" /><OBJECT OBJECTID="33674761" OBJECTGUID="742c4718-dd63-44a5-8140-cf056b1d35e0" CHANGEID="600560150" ISACTIVE="1" LEVELID="11" CREATEDATE="2017-11-15" UPDATEDATE="2024-09-06" /><OBJECT OBJECTID="10852605" OBJECTGUID="11a22db4-7c62-4c1d-a7a7-01de434d08a6" CHANGEID="600736670" ISACTIVE="1" LEVELID="11" CREATEDATE="2017-11-29" UPDATEDATE="2024-09-09" /><OBJECT OBJECTID="163932531" OBJECTGUID="e7946ba9-a22b-4007-a152-2ba00e52d0a2" CHANGEID="600737138" ISACTIVE="1" LEVELID="9" CREATEDATE="2024-06-20" UPDATEDATE="2024-09-09" /><OBJECT OBJECTID="164841420" OBJECTGUID="5a8db657-066b-4f11-a295-c97911feb1c6" CHANGEID="600725014" ISACTIVE="1" LEVELID="10" CREATEDATE="2024-08-23" UPDATEDATE="2024-09-07" /><OBJECT OBJECTID="164841424" OBJECTGUID="1577be62-1a12-447f-bf65-d9b3bdafb0ca" CHANGEID="600725013" ISACTIVE="1" LEVELID="10" CREATEDATE="2024-08-23" UPDATEDATE="2024-09-07" /><OBJECT OBJECTID="78879797" OBJECTGUID="393386aa-8147-4573-b507-d6314d7a8276" CHANGEID="600878561" ISACTIVE="1" LEVELID="11" CREATEDATE="2018-01-17" UPDATEDATE="2024-09-11" /><OBJECT OBJECTID="78880796" OBJECTGUID="87b94a47-c213-4982-a956-a88dadce9374" CHANGEID="600878596" ISACTIVE="1" LEVELID="11" CREATEDATE="2018-01-17" UPDATEDATE="2024-09-11" /><OBJECT OBJECTID="78879760" OBJECTGUID="327fe374-d9d7-4515-8753-a0f615bb7327" CHANGEID="600879601" ISACTIVE="1" LEVELID="11" CREATEDATE="2018-01-17" UPDATEDATE="2024-09-11" /><OBJECT OBJECTID="78881403" OBJECTGUID="df2b3ba2-fd22-4d4c-a3ff-b4ad1f8bf9ae" CHANGEID="600879616" ISACTIVE="1" LEVELID="11" CREATEDATE="2018-01-17" UPDATEDATE="2024-09-11" /><OBJECT OBJECTID="78879434" OBJECTGUID="1db9cd25-05e5-4eb3-8e1f-1fe92e1b86a2" CHANGEID="600879630" ISACTIVE="1" LEVELID="11" CREATEDATE="2018-01-17" UPDATEDATE="2024-09-11" /><OBJECT OBJECTID="164860007" OBJECTGUID="e43a8d1a-2992-405a-8611-f0c0fa811806" CHANGEID="600725005" ISACTIVE="1" LEVELID="10" CREATEDATE="2024-08-26" UPDATEDATE="2024-09-07" /><OBJECT OBJECTID="164860006" OBJECTGUID="e6b747f7-fcd9-4c5e-9bcd-ba36c02504e2" CHANGEID="600725006" ISACTIVE="1" LEVELID="10" CREATEDATE="2024-08-26" UPDATEDATE="2024-09-07" /><OBJECT OBJECTID="164860009" OBJECTGUID="20c39da0-3223-4918-bfdd-9553a884c224" CHANGEID="600725003" ISACTIVE="1" LEVELID="10" CREATEDATE="2024-08-26" UPDATEDATE="2024-09-07" /><OBJECT OBJECTID="164908980" OBJECTGUID="53ed32ab-4822-4df4-9a1b-c073a84f3115" CHANGEID="600724976" ISACTIVE="1" LEVELID="10" CREATEDATE="2024-08-28" UPDATEDATE="2024-09-07" /><OBJECT OBJECTID="164908984" OBJECTGUID="1149d5fd-311c-44de-9937-b7c2b597d186" CHANGEID="600724974" ISACTIVE="1" LEVELID="10" CREATEDATE="2024-08-28" UPDATEDATE="2024-09-07" /><OBJECT OBJECTID="164909047" OBJECTGUID="5b486f1d-4fe4-4459-ab2c-5d1e0ab21e63" CHANGEID="600724970" ISACTIVE="1" LEVELID="10" CREATEDATE="2024-08-28" UPDATEDATE="2024-09-07" /><OBJECT OBJECTID="164910515" OBJECTGUID="d0f41500-babd-4701-b9d5-336a163cd671" CHANGEID="600724968" ISACTIVE="1" LEVELID="10" CREATEDATE="2024-08-28" UPDATEDATE="2024-09-07" /><OBJECT OBJECTID="164933910" OBJECTGUID="3865aa24-a06e-43ff-8823-6708044b61c0" CHANGEID="600724967" ISACTIVE="1" LEVELID="10" CREATEDATE="2024-08-29" UPDATEDATE="2024-09-07" /><OBJECT OBJECTID="164935739" OBJECTGUID="e497e96e-29bc-450c-bf95-b0fb754a4c72" CHANGEID="600724965" ISACTIVE="1" LEVELID="10" CREATEDATE="2024-08-29" UPDATEDATE="2024-09-07" /><OBJECT OBJECTID="164935737" OBJECTGUID="8f8ed9a7-b427-4283-83de-621ea49068bc" CHANGEID="600724966" ISACTIVE="1" LEVELID="10" CREATEDATE="2024-08-29" UPDATEDATE="2024-09-07" /><OBJECT OBJECTID="164935754" OBJECTGUID="6baaf828-8072-406f-aa0c-f69d36349418" CHANGEID="600724964" ISACTIVE="1" LEVELID="10" CREATEDATE="2024-08-29" UPDATEDATE="2024-09-07" /><OBJECT OBJECTID="164949132" OBJECTGUID="76227eb8-1ede-4eaa-b249-09c2b9bcbc32" CHANGEID="600724961" ISACTIVE="1" LEVELID="10" CREATEDATE="2024-08-30" UPDATEDATE="2024-09-07" /><OBJECT OBJECTID="164949128" OBJECTGUID="a96e2f5b-1708-404c-abca-1ffa7734ab74" CHANGEID="600724962" ISACTIVE="1" LEVELID="10" CREATEDATE="2024-08-30" UPDATEDATE="2024-09-07" /><OBJECT OBJECTID="164949135" OBJECTGUID="f1b6c698-3511-4330-9cd2-6ef38bdae7c2" CHANGEID="600724960" ISACTIVE="1" LEVELID="10" CREATEDATE="2024-08-30" UPDATEDATE="2024-09-07" /><OBJECT OBJECTID="164949141" OBJECTGUID="bef3c184-0703-4b3a-a177-fb007ef4fe3e" CHANGEID="600724958" ISACTIVE="1" LEVELID="10" CREATEDATE="2024-08-30" UPDATEDATE="2024-09-07" /><OBJECT OBJECTID="164949328" OBJECTGUID="b667229c-f622-44ce-86a7-44b6c861f185" CHANGEID="600724956" ISACTIVE="1" LEVELID="10" CREATEDATE="2024-08-30" UPDATEDATE="2024-09-07" /><OBJECT OBJECTID="164949333" OBJECTGUID="225423e6-2f97-42af-ba7d-e35fc1a2ed24" CHANGEID="600724954" ISACTIVE="1" LEVELID="10" CREATEDATE="2024-08-30" UPDATEDATE="2024-09-07" /><OBJECT OBJECTID="164964380" OBJECTGUID="014a2482-8cc5-45b7-9be3-78136e204fe2" CHANGEID="600724952" ISACTIVE="1" LEVELID="10" CREATEDATE="2024-09-02" UPDATEDATE="2024-09-07" /></REESTR_OBJECTS>