﻿<?xml version="1.0" encoding="utf-8"?><STEADS><STEAD ID="68610975" OBJECTID="165056169" OBJECTGUID="bd537910-27d1-4bc4-ae26-1a760f638c3e" CHANGEID="600504997" NUMBER="26" OPERTYPEID="10" PREVID="0" NEXTID="0" UPDATEDATE="2024-09-05" STARTDATE="2024-09-05" ENDDATE="2079-06-06" ISACTUAL="1" ISACTIVE="1" /><STEAD ID="68611868" OBJECTID="165057628" OBJECTGUID="e3b522be-dc96-4ed0-9454-b094647baebe" CHANGEID="600507583" NUMBER="3" OPERTYPEID="10" PREVID="0" NEXTID="0" UPDATEDATE="2024-09-05" STARTDATE="2024-09-05" ENDDATE="2079-06-06" ISACTUAL="1" ISACTIVE="1" /><STEAD ID="68611863" OBJECTID="165057624" OBJECTGUID="819a937d-40a6-400c-aeac-cdc71b729a6e" CHANGEID="600507572" NUMBER="18" OPERTYPEID="10" PREVID="0" NEXTID="0" UPDATEDATE="2024-09-05" STARTDATE="2024-09-05" ENDDATE="2079-06-06" ISACTUAL="1" ISACTIVE="1" /><STEAD ID="68627797" OBJECTID="165089978" OBJECTGUID="578fada2-bfb7-4829-a272-b2ff78de84f0" CHANGEID="600560166" NUMBER="1" OPERTYPEID="10" PREVID="0" NEXTID="0" UPDATEDATE="2024-09-06" STARTDATE="2024-09-06" ENDDATE="2079-06-06" ISACTUAL="1" ISACTIVE="1" /><STEAD ID="68627798" OBJECTID="165089979" OBJECTGUID="90e7f55e-5b36-4171-be12-f44fb8914a6c" CHANGEID="600560167" NUMBER="2" OPERTYPEID="10" PREVID="0" NEXTID="0" UPDATEDATE="2024-09-06" STARTDATE="2024-09-06" ENDDATE="2079-06-06" ISACTUAL="1" ISACTIVE="1" /><STEAD ID="68627799" OBJECTID="165089980" OBJECTGUID="ef127834-4fdc-4612-8890-22428ccc7b9a" CHANGEID="600560168" NUMBER="2а" OPERTYPEID="10" PREVID="0" NEXTID="0" UPDATEDATE="2024-09-06" STARTDATE="2024-09-06" ENDDATE="2079-06-06" ISACTUAL="1" ISACTIVE="1" /><STEAD ID="68627800" OBJECTID="165089981" OBJECTGUID="b2f4d60c-9542-4bf3-97dc-40c35283f066" CHANGEID="600560169" NUMBER="2б" OPERTYPEID="10" PREVID="0" NEXTID="0" UPDATEDATE="2024-09-06" STARTDATE="2024-09-06" ENDDATE="2079-06-06" ISACTUAL="1" ISACTIVE="1" /><STEAD ID="68627801" OBJECTID="165089982" OBJECTGUID="44e16d2e-2bd8-4b79-aff5-d1c7593e3193" CHANGEID="600560170" NUMBER="5" OPERTYPEID="10" PREVID="0" NEXTID="0" UPDATEDATE="2024-09-06" STARTDATE="2024-09-06" ENDDATE="2079-06-06" ISACTUAL="1" ISACTIVE="1" /><STEAD ID="68627802" OBJECTID="165089983" OBJECTGUID="3d5716c1-ad77-4d13-a7f8-bbae9ba45758" CHANGEID="600560171" NUMBER="7" OPERTYPEID="10" PREVID="0" NEXTID="0" UPDATEDATE="2024-09-06" STARTDATE="2024-09-06" ENDDATE="2079-06-06" ISACTUAL="1" ISACTIVE="1" /><STEAD ID="68627803" OBJECTID="165089984" OBJECTGUID="bd6e82d7-2642-47c8-851e-6750dd439026" CHANGEID="600560172" NUMBER="9" OPERTYPEID="10" PREVID="0" NEXTID="0" UPDATEDATE="2024-09-06" STARTDATE="2024-09-06" ENDDATE="2079-06-06" ISACTUAL="1" ISACTIVE="1" /><STEAD ID="68627804" OBJECTID="165089985" OBJECTGUID="a18a908d-c393-45a3-a855-f38791f21ec6" CHANGEID="600560173" NUMBER="10" OPERTYPEID="10" PREVID="0" NEXTID="0" UPDATEDATE="2024-09-06" STARTDATE="2024-09-06" ENDDATE="2079-06-06" ISACTUAL="1" ISACTIVE="1" /><STEAD ID="68627805" OBJECTID="165089986" OBJECTGUID="c8b1c163-fe84-4d10-bc77-27bef8e54c39" CHANGEID="600560174" NUMBER="11" OPERTYPEID="10" PREVID="0" NEXTID="0" UPDATEDATE="2024-09-06" STARTDATE="2024-09-06" ENDDATE="2079-06-06" ISACTUAL="1" ISACTIVE="1" /><STEAD ID="68627806" OBJECTID="165089987" OBJECTGUID="8164d502-4785-4a2a-a491-b2e029ceac32" CHANGEID="600560175" NUMBER="19" OPERTYPEID="10" PREVID="0" NEXTID="0" UPDATEDATE="2024-09-06" STARTDATE="2024-09-06" ENDDATE="2079-06-06" ISACTUAL="1" ISACTIVE="1" /><STEAD ID="68627807" OBJECTID="165089988" OBJECTGUID="debb88ed-7803-47d2-a440-8f25e18dfbe4" CHANGEID="600560176" NUMBER="14/1" OPERTYPEID="10" PREVID="0" NEXTID="0" UPDATEDATE="2024-09-06" STARTDATE="2024-09-06" ENDDATE="2079-06-06" ISACTUAL="1" ISACTIVE="1" /><STEAD ID="68627808" OBJECTID="165089989" OBJECTGUID="1140a4f6-85a8-47bc-951e-5e8f7ed67590" CHANGEID="600560177" NUMBER="1/2" OPERTYPEID="10" PREVID="0" NEXTID="0" UPDATEDATE="2024-09-06" STARTDATE="2024-09-06" ENDDATE="2079-06-06" ISACTUAL="1" ISACTIVE="1" /><STEAD ID="68627809" OBJECTID="165089990" OBJECTGUID="27759b05-b253-4647-977b-70d0faee1ace" CHANGEID="600560178" NUMBER="2/1" OPERTYPEID="10" PREVID="0" NEXTID="0" UPDATEDATE="2024-09-06" STARTDATE="2024-09-06" ENDDATE="2079-06-06" ISACTUAL="1" ISACTIVE="1" /><STEAD ID="68627810" OBJECTID="165089991" OBJECTGUID="6f30cf7c-c4f2-4970-9d6b-8a76bd1af516" CHANGEID="600560179" NUMBER="2/2" OPERTYPEID="10" PREVID="0" NEXTID="0" UPDATEDATE="2024-09-06" STARTDATE="2024-09-06" ENDDATE="2079-06-06" ISACTUAL="1" ISACTIVE="1" /><STEAD ID="68627811" OBJECTID="165089992" OBJECTGUID="554981e3-b162-476b-a62d-213bc84e87d5" CHANGEID="600560180" NUMBER="3/2" OPERTYPEID="10" PREVID="0" NEXTID="0" UPDATEDATE="2024-09-06" STARTDATE="2024-09-06" ENDDATE="2079-06-06" ISACTUAL="1" ISACTIVE="1" /><STEAD ID="68627812" OBJECTID="165089993" OBJECTGUID="ec68e02b-4ffc-4012-8886-f69a193658ad" CHANGEID="600560181" NUMBER="1" OPERTYPEID="10" PREVID="0" NEXTID="0" UPDATEDATE="2024-09-06" STARTDATE="2024-09-06" ENDDATE="2079-06-06" ISACTUAL="1" ISACTIVE="1" /><STEAD ID="68627813" OBJECTID="165089994" OBJECTGUID="5db0a5b2-ae3e-4639-9122-2df6b8e8aea9" CHANGEID="600560182" NUMBER="7/1" OPERTYPEID="10" PREVID="0" NEXTID="0" UPDATEDATE="2024-09-06" STARTDATE="2024-09-06" ENDDATE="2079-06-06" ISACTUAL="1" ISACTIVE="1" /><STEAD ID="68627814" OBJECTID="165089995" OBJECTGUID="19edbd17-a3fd-4313-8c1d-fd0ab10fc255" CHANGEID="600560183" NUMBER="8/1" OPERTYPEID="10" PREVID="0" NEXTID="0" UPDATEDATE="2024-09-06" STARTDATE="2024-09-06" ENDDATE="2079-06-06" ISACTUAL="1" ISACTIVE="1" /><STEAD ID="68627815" OBJECTID="165089996" OBJECTGUID="f4b7a188-4d8b-4bd5-9946-385567afb0e0" CHANGEID="600560184" NUMBER="8/2" OPERTYPEID="10" PREVID="0" NEXTID="0" UPDATEDATE="2024-09-06" STARTDATE="2024-09-06" ENDDATE="2079-06-06" ISACTUAL="1" ISACTIVE="1" /><STEAD ID="68627816" OBJECTID="165089997" OBJECTGUID="879d31e6-835f-4857-bc62-57e3251befda" CHANGEID="600560185" NUMBER="10/2" OPERTYPEID="10" PREVID="0" NEXTID="0" UPDATEDATE="2024-09-06" STARTDATE="2024-09-06" ENDDATE="2079-06-06" ISACTUAL="1" ISACTIVE="1" /><STEAD ID="68627817" OBJECTID="165089998" OBJECTGUID="3aa1424f-2827-4012-b61a-2d0f90a85d14" CHANGEID="600560186" NUMBER="11/1" OPERTYPEID="10" PREVID="0" NEXTID="0" UPDATEDATE="2024-09-06" STARTDATE="2024-09-06" ENDDATE="2079-06-06" ISACTUAL="1" ISACTIVE="1" /><STEAD ID="68627818" OBJECTID="165090000" OBJECTGUID="564f5772-3a26-4b85-92f4-8d6a09000e36" CHANGEID="600560188" NUMBER="70" OPERTYPEID="10" PREVID="0" NEXTID="0" UPDATEDATE="2024-09-06" STARTDATE="2024-09-06" ENDDATE="2079-06-06" ISACTUAL="1" ISACTIVE="1" /><STEAD ID="68627819" OBJECTID="165090002" OBJECTGUID="0b7e2ca6-e6ad-4230-a51a-b1f08b39c6c8" CHANGEID="600560190" NUMBER="28" OPERTYPEID="10" PREVID="0" NEXTID="0" UPDATEDATE="2024-09-06" STARTDATE="2024-09-06" ENDDATE="2079-06-06" ISACTUAL="1" ISACTIVE="1" /><STEAD ID="68627820" OBJECTID="165090004" OBJECTGUID="eee11cd6-460d-45c7-a4e0-94118f69cd5a" CHANGEID="600560192" NUMBER="113" OPERTYPEID="10" PREVID="0" NEXTID="0" UPDATEDATE="2024-09-06" STARTDATE="2024-09-06" ENDDATE="2079-06-06" ISACTUAL="1" ISACTIVE="1" /><STEAD ID="68627821" OBJECTID="165090005" OBJECTGUID="7bde8ce2-3f8d-4d1c-a834-815270182e17" CHANGEID="600560193" NUMBER="148" OPERTYPEID="10" PREVID="0" NEXTID="0" UPDATEDATE="2024-09-06" STARTDATE="2024-09-06" ENDDATE="2079-06-06" ISACTUAL="1" ISACTIVE="1" /><STEAD ID="68627822" OBJECTID="165090007" OBJECTGUID="2cba5c46-7646-4f66-9202-e8a5daa6ff3d" CHANGEID="600560195" NUMBER="144" OPERTYPEID="10" PREVID="0" NEXTID="0" UPDATEDATE="2024-09-06" STARTDATE="2024-09-06" ENDDATE="2079-06-06" ISACTUAL="1" ISACTIVE="1" /><STEAD ID="68627823" OBJECTID="165090008" OBJECTGUID="cca53b9d-ded5-4b54-b2bf-51936f35453c" CHANGEID="600560196" NUMBER="93" OPERTYPEID="10" PREVID="0" NEXTID="0" UPDATEDATE="2024-09-06" STARTDATE="2024-09-06" ENDDATE="2079-06-06" ISACTUAL="1" ISACTIVE="1" /><STEAD ID="68627824" OBJECTID="165090010" OBJECTGUID="6da715ec-ea20-463e-9b02-b17d23f1d192" CHANGEID="600560198" NUMBER="98" OPERTYPEID="10" PREVID="0" NEXTID="0" UPDATEDATE="2024-09-06" STARTDATE="2024-09-06" ENDDATE="2079-06-06" ISACTUAL="1" ISACTIVE="1" /><STEAD ID="68627825" OBJECTID="165090011" OBJECTGUID="dd2681bf-85d2-4e10-826d-44755668f42b" CHANGEID="600560199" NUMBER="62" OPERTYPEID="10" PREVID="0" NEXTID="0" UPDATEDATE="2024-09-06" STARTDATE="2024-09-06" ENDDATE="2079-06-06" ISACTUAL="1" ISACTIVE="1" /><STEAD ID="68627826" OBJECTID="165090013" OBJECTGUID="45158b5d-72a8-4357-88e0-45a6a3396968" CHANGEID="600560201" NUMBER="84" OPERTYPEID="10" PREVID="0" NEXTID="0" UPDATEDATE="2024-09-06" STARTDATE="2024-09-06" ENDDATE="2079-06-06" ISACTUAL="1" ISACTIVE="1" /><STEAD ID="68627886" OBJECTID="165090132" OBJECTGUID="4e2069b7-e8dd-4ec9-87e9-1a98bbfe8806" CHANGEID="600560340" NUMBER="63" OPERTYPEID="10" PREVID="0" NEXTID="0" UPDATEDATE="2024-09-06" STARTDATE="2024-09-06" ENDDATE="2079-06-06" ISACTUAL="1" ISACTIVE="1" /><STEAD ID="68627887" OBJECTID="165090134" OBJECTGUID="20df5623-aae0-4f5e-94d3-a75639d3ac78" CHANGEID="600560342" NUMBER="37" OPERTYPEID="10" PREVID="0" NEXTID="0" UPDATEDATE="2024-09-06" STARTDATE="2024-09-06" ENDDATE="2079-06-06" ISACTUAL="1" ISACTIVE="1" /><STEAD ID="68628189" OBJECTID="165090647" OBJECTGUID="1315f77d-dc01-4827-9e75-686aacd73b8e" CHANGEID="600560998" NUMBER="111" OPERTYPEID="10" PREVID="0" NEXTID="0" UPDATEDATE="2024-09-06" STARTDATE="2024-09-06" ENDDATE="2079-06-06" ISACTUAL="1" ISACTIVE="1" /><STEAD ID="68628191" OBJECTID="165090649" OBJECTGUID="ffb6d8e0-193d-4623-8737-33de4e7525ec" CHANGEID="600561002" NUMBER="23" OPERTYPEID="10" PREVID="0" NEXTID="0" UPDATEDATE="2024-09-06" STARTDATE="2024-09-06" ENDDATE="2079-06-06" ISACTUAL="1" ISACTIVE="1" /><STEAD ID="68628192" OBJECTID="165090650" OBJECTGUID="1dac1b7e-f5e7-46b3-8fdc-59ed15f10557" CHANGEID="600561004" NUMBER="25/26" OPERTYPEID="10" PREVID="0" NEXTID="0" UPDATEDATE="2024-09-06" STARTDATE="2024-09-06" ENDDATE="2079-06-06" ISACTUAL="1" ISACTIVE="1" /><STEAD ID="68628194" OBJECTID="165090653" OBJECTGUID="bd5b9a87-d9b2-492d-97ee-0b4ac05437d6" CHANGEID="600561010" NUMBER="49" OPERTYPEID="10" PREVID="0" NEXTID="0" UPDATEDATE="2024-09-06" STARTDATE="2024-09-06" ENDDATE="2079-06-06" ISACTUAL="1" ISACTIVE="1" /><STEAD ID="68628231" OBJECTID="165090692" OBJECTGUID="69da6a84-1a10-4ff9-bb85-e33b3d947a51" CHANGEID="600561051" NUMBER="176" OPERTYPEID="10" PREVID="0" NEXTID="0" UPDATEDATE="2024-09-06" STARTDATE="2024-09-06" ENDDATE="2079-06-06" ISACTUAL="1" ISACTIVE="1" /><STEAD ID="68628233" OBJECTID="165090695" OBJECTGUID="3e1508f9-8230-4ab8-80ac-0be5f5457c84" CHANGEID="600561061" NUMBER="73" OPERTYPEID="10" PREVID="0" NEXTID="0" UPDATEDATE="2024-09-06" STARTDATE="2024-09-06" ENDDATE="2079-06-06" ISACTUAL="1" ISACTIVE="1" /><STEAD ID="68628190" OBJECTID="165090648" OBJECTGUID="8801a2f3-7708-4f34-92f8-73a75c8b3eaa" CHANGEID="600560999" NUMBER="112" OPERTYPEID="10" PREVID="0" NEXTID="0" UPDATEDATE="2024-09-06" STARTDATE="2024-09-06" ENDDATE="2079-06-06" ISACTUAL="1" ISACTIVE="1" /><STEAD ID="68628193" OBJECTID="165090651" OBJECTGUID="bea1245b-c94d-47f0-a8b4-cfc21318e085" CHANGEID="600561005" NUMBER="73" OPERTYPEID="10" PREVID="0" NEXTID="0" UPDATEDATE="2024-09-06" STARTDATE="2024-09-06" ENDDATE="2079-06-06" ISACTUAL="1" ISACTIVE="1" /><STEAD ID="68644029" OBJECTID="165116350" OBJECTGUID="2603ac01-27c3-4085-93b9-ab33cb7407fe" CHANGEID="600736691" NUMBER="33" OPERTYPEID="10" PREVID="0" NEXTID="0" UPDATEDATE="2024-09-09" STARTDATE="2024-09-09" ENDDATE="2079-06-06" ISACTUAL="1" ISACTIVE="1" /><STEAD ID="68644030" OBJECTID="165116353" OBJECTGUID="26996d77-6c23-4a88-a4ef-a14f382a26db" CHANGEID="600736694" NUMBER="114" OPERTYPEID="10" PREVID="0" NEXTID="0" UPDATEDATE="2024-09-09" STARTDATE="2024-09-09" ENDDATE="2079-06-06" ISACTUAL="1" ISACTIVE="1" /><STEAD ID="68644031" OBJECTID="165116354" OBJECTGUID="20dabe35-91df-4b5b-8596-ca262cae753d" CHANGEID="600736695" NUMBER="117" OPERTYPEID="10" PREVID="0" NEXTID="0" UPDATEDATE="2024-09-09" STARTDATE="2024-09-09" ENDDATE="2079-06-06" ISACTUAL="1" ISACTIVE="1" /><STEAD ID="68644298" OBJECTID="165116846" OBJECTGUID="298b4501-a9f8-4d5e-8003-f594a40e2ff6" CHANGEID="600737556" NUMBER="2" OPERTYPEID="10" PREVID="0" NEXTID="0" UPDATEDATE="2024-09-09" STARTDATE="2024-09-09" ENDDATE="2079-06-06" ISACTUAL="1" ISACTIVE="1" /><STEAD ID="68644302" OBJECTID="165116852" OBJECTGUID="c290947f-0003-476b-88e8-67f18899614b" CHANGEID="600737564" NUMBER="23а" OPERTYPEID="10" PREVID="0" NEXTID="0" UPDATEDATE="2024-09-09" STARTDATE="2024-09-09" ENDDATE="2079-06-06" ISACTUAL="1" ISACTIVE="1" /><STEAD ID="68644304" OBJECTID="165116856" OBJECTGUID="1dff84c9-284c-4221-af79-ea176120ba51" CHANGEID="600737568" NUMBER="241" OPERTYPEID="10" PREVID="0" NEXTID="0" UPDATEDATE="2024-09-09" STARTDATE="2024-09-09" ENDDATE="2079-06-06" ISACTUAL="1" ISACTIVE="1" /><STEAD ID="68644305" OBJECTID="165116858" OBJECTGUID="347e7776-bdd6-4830-81d6-9f4a093c544b" CHANGEID="600737570" NUMBER="1" OPERTYPEID="10" PREVID="0" NEXTID="0" UPDATEDATE="2024-09-09" STARTDATE="2024-09-09" ENDDATE="2079-06-06" ISACTUAL="1" ISACTIVE="1" /><STEAD ID="68646501" OBJECTID="165120306" OBJECTGUID="02c8b424-f758-48c1-b581-bc0919a1cacd" CHANGEID="600743003" NUMBER="13" OPERTYPEID="10" PREVID="0" NEXTID="0" UPDATEDATE="2024-09-09" STARTDATE="2024-09-09" ENDDATE="2079-06-06" ISACTUAL="1" ISACTIVE="1" /><STEAD ID="68664392" OBJECTID="165151015" OBJECTGUID="174aa542-b6fc-49b3-a2d3-9db99ab368ca" CHANGEID="600796233" NUMBER="1" OPERTYPEID="10" PREVID="0" NEXTID="0" UPDATEDATE="2024-09-10" STARTDATE="2024-09-10" ENDDATE="2079-06-06" ISACTUAL="1" ISACTIVE="1" /><STEAD ID="68664393" OBJECTID="165151016" OBJECTGUID="0d427d6b-4d3d-4a1d-9c7b-77684eb7a4c8" CHANGEID="600796234" NUMBER="2" OPERTYPEID="10" PREVID="0" NEXTID="0" UPDATEDATE="2024-09-10" STARTDATE="2024-09-10" ENDDATE="2079-06-06" ISACTUAL="1" ISACTIVE="1" /><STEAD ID="68664394" OBJECTID="165151017" OBJECTGUID="90ab4daf-61ca-43bc-91c6-bce08c54a201" CHANGEID="600796235" NUMBER="4/2" OPERTYPEID="10" PREVID="0" NEXTID="0" UPDATEDATE="2024-09-10" STARTDATE="2024-09-10" ENDDATE="2079-06-06" ISACTUAL="1" ISACTIVE="1" /><STEAD ID="68664395" OBJECTID="165151018" OBJECTGUID="39708dd1-5a5a-4320-bf7f-81a5fe55d182" CHANGEID="600796236" NUMBER="5/1" OPERTYPEID="10" PREVID="0" NEXTID="0" UPDATEDATE="2024-09-10" STARTDATE="2024-09-10" ENDDATE="2079-06-06" ISACTUAL="1" ISACTIVE="1" /><STEAD ID="68664396" OBJECTID="165151019" OBJECTGUID="39f70877-46d9-479e-91e0-3753af32afc0" CHANGEID="600796237" NUMBER="5/2" OPERTYPEID="10" PREVID="0" NEXTID="0" UPDATEDATE="2024-09-10" STARTDATE="2024-09-10" ENDDATE="2079-06-06" ISACTUAL="1" ISACTIVE="1" /><STEAD ID="68664397" OBJECTID="165151020" OBJECTGUID="35125e40-040f-4a34-9a1e-1cc2d94be863" CHANGEID="600796238" NUMBER="8" OPERTYPEID="10" PREVID="0" NEXTID="0" UPDATEDATE="2024-09-10" STARTDATE="2024-09-10" ENDDATE="2079-06-06" ISACTUAL="1" ISACTIVE="1" /><STEAD ID="68664398" OBJECTID="165151021" OBJECTGUID="922e6e50-c37f-4391-af3f-0e909e786a76" CHANGEID="600796239" NUMBER="10а/1" OPERTYPEID="10" PREVID="0" NEXTID="0" UPDATEDATE="2024-09-10" STARTDATE="2024-09-10" ENDDATE="2079-06-06" ISACTUAL="1" ISACTIVE="1" /><STEAD ID="68664399" OBJECTID="165151022" OBJECTGUID="a634f772-7661-42d4-ada9-99614d834e08" CHANGEID="600796240" NUMBER="10/2" OPERTYPEID="10" PREVID="0" NEXTID="0" UPDATEDATE="2024-09-10" STARTDATE="2024-09-10" ENDDATE="2079-06-06" ISACTUAL="1" ISACTIVE="1" /><STEAD ID="68664400" OBJECTID="165151023" OBJECTGUID="f928bb2b-ba59-4d93-aa30-7d6786ab788e" CHANGEID="600796241" NUMBER="12" OPERTYPEID="10" PREVID="0" NEXTID="0" UPDATEDATE="2024-09-10" STARTDATE="2024-09-10" ENDDATE="2079-06-06" ISACTUAL="1" ISACTIVE="1" /><STEAD ID="68664401" OBJECTID="165151024" OBJECTGUID="c79ef1ec-5ca8-4f2f-b7da-553edc6028b4" CHANGEID="600796242" NUMBER="12/1" OPERTYPEID="10" PREVID="0" NEXTID="0" UPDATEDATE="2024-09-10" STARTDATE="2024-09-10" ENDDATE="2079-06-06" ISACTUAL="1" ISACTIVE="1" /><STEAD ID="68664402" OBJECTID="165151025" OBJECTGUID="fcaa2351-3932-4040-af0d-bb86d9afe840" CHANGEID="600796243" NUMBER="12/3" OPERTYPEID="10" PREVID="0" NEXTID="0" UPDATEDATE="2024-09-10" STARTDATE="2024-09-10" ENDDATE="2079-06-06" ISACTUAL="1" ISACTIVE="1" /><STEAD ID="68664403" OBJECTID="165151026" OBJECTGUID="e7dc4fc0-848c-489b-bf41-bcd0d67ab845" CHANGEID="600796244" NUMBER="13/1" OPERTYPEID="10" PREVID="0" NEXTID="0" UPDATEDATE="2024-09-10" STARTDATE="2024-09-10" ENDDATE="2079-06-06" ISACTUAL="1" ISACTIVE="1" /><STEAD ID="68664404" OBJECTID="165151027" OBJECTGUID="a5ef12b3-349e-43ac-aefe-7cb31255e304" CHANGEID="600796245" NUMBER="13к2" OPERTYPEID="10" PREVID="0" NEXTID="0" UPDATEDATE="2024-09-10" STARTDATE="2024-09-10" ENDDATE="2079-06-06" ISACTUAL="1" ISACTIVE="1" /><STEAD ID="68664405" OBJECTID="165151028" OBJECTGUID="34e7255d-a0d1-4767-91a5-fb93fb4b5c87" CHANGEID="600796246" NUMBER="13/2" OPERTYPEID="10" PREVID="0" NEXTID="0" UPDATEDATE="2024-09-10" STARTDATE="2024-09-10" ENDDATE="2079-06-06" ISACTUAL="1" ISACTIVE="1" /><STEAD ID="68664406" OBJECTID="165151029" OBJECTGUID="b4fe684c-35cb-4fcb-8cc6-6076765e9b59" CHANGEID="600796247" NUMBER="14/1" OPERTYPEID="10" PREVID="0" NEXTID="0" UPDATEDATE="2024-09-10" STARTDATE="2024-09-10" ENDDATE="2079-06-06" ISACTUAL="1" ISACTIVE="1" /><STEAD ID="68664407" OBJECTID="165151030" OBJECTGUID="424ac7f9-4d94-4658-ba54-e3d1cd6c2030" CHANGEID="600796248" NUMBER="14/2" OPERTYPEID="10" PREVID="0" NEXTID="0" UPDATEDATE="2024-09-10" STARTDATE="2024-09-10" ENDDATE="2079-06-06" ISACTUAL="1" ISACTIVE="1" /><STEAD ID="68664408" OBJECTID="165151031" OBJECTGUID="4a034820-940d-4e99-8bdf-b183ca0a8d8a" CHANGEID="600796249" NUMBER="16/2" OPERTYPEID="10" PREVID="0" NEXTID="0" UPDATEDATE="2024-09-10" STARTDATE="2024-09-10" ENDDATE="2079-06-06" ISACTUAL="1" ISACTIVE="1" /><STEAD ID="68664409" OBJECTID="165151032" OBJECTGUID="7eab8152-1556-4a9e-a703-6804cbe93736" CHANGEID="600796250" NUMBER="19/1-2" OPERTYPEID="10" PREVID="0" NEXTID="0" UPDATEDATE="2024-09-10" STARTDATE="2024-09-10" ENDDATE="2079-06-06" ISACTUAL="1" ISACTIVE="1" /><STEAD ID="68664662" OBJECTID="165151408" OBJECTGUID="531afa31-04d1-4eb6-b213-6109b6fb71c1" CHANGEID="600796891" NUMBER="11" OPERTYPEID="10" PREVID="0" NEXTID="0" UPDATEDATE="2024-09-10" STARTDATE="2024-09-10" ENDDATE="2079-06-06" ISACTUAL="1" ISACTIVE="1" /><STEAD ID="68666347" OBJECTID="165155102" OBJECTGUID="adbfa8d7-d10e-44af-af04-c06e9128c966" CHANGEID="600801903" NUMBER="24/1" OPERTYPEID="10" PREVID="0" NEXTID="0" UPDATEDATE="2024-09-10" STARTDATE="2024-09-10" ENDDATE="2079-06-06" ISACTUAL="1" ISACTIVE="1" /><STEAD ID="68666348" OBJECTID="165155103" OBJECTGUID="7a3f4c04-bf74-440b-b9c5-80d9c15f6fe1" CHANGEID="600801904" NUMBER="32" OPERTYPEID="10" PREVID="0" NEXTID="0" UPDATEDATE="2024-09-10" STARTDATE="2024-09-10" ENDDATE="2079-06-06" ISACTUAL="1" ISACTIVE="1" /><STEAD ID="68666349" OBJECTID="165155104" OBJECTGUID="0a1e829a-9f67-44eb-b421-132a48d6b373" CHANGEID="600801905" NUMBER="23" OPERTYPEID="10" PREVID="0" NEXTID="0" UPDATEDATE="2024-09-10" STARTDATE="2024-09-10" ENDDATE="2079-06-06" ISACTUAL="1" ISACTIVE="1" /><STEAD ID="68666350" OBJECTID="165155105" OBJECTGUID="04db6bc5-ec49-40ce-885a-6eb5193a7d98" CHANGEID="600801906" NUMBER="22" OPERTYPEID="10" PREVID="0" NEXTID="0" UPDATEDATE="2024-09-10" STARTDATE="2024-09-10" ENDDATE="2079-06-06" ISACTUAL="1" ISACTIVE="1" /><STEAD ID="68683502" OBJECTID="165183594" OBJECTGUID="475400dc-802c-4e82-9926-f6f09a094a06" CHANGEID="600848707" NUMBER="14" OPERTYPEID="10" PREVID="0" NEXTID="0" UPDATEDATE="2024-09-11" STARTDATE="2024-09-11" ENDDATE="2079-06-06" ISACTUAL="1" ISACTIVE="1" /><STEAD ID="68683503" OBJECTID="165183596" OBJECTGUID="911a8c53-c4bb-4cc4-b504-c30a8a720e3b" CHANGEID="600848715" NUMBER="3" OPERTYPEID="10" PREVID="0" NEXTID="0" UPDATEDATE="2024-09-11" STARTDATE="2024-09-11" ENDDATE="2079-06-06" ISACTUAL="1" ISACTIVE="1" /><STEAD ID="68683504" OBJECTID="165183598" OBJECTGUID="02969a85-1c11-4d59-a99f-60bc07212b7b" CHANGEID="600848717" NUMBER="29" OPERTYPEID="10" PREVID="0" NEXTID="0" UPDATEDATE="2024-09-11" STARTDATE="2024-09-11" ENDDATE="2079-06-06" ISACTUAL="1" ISACTIVE="1" /><STEAD ID="68684442" OBJECTID="165185108" OBJECTGUID="df86d0cc-b6f1-4ce1-9be1-9848d7f4a144" CHANGEID="600875425" NUMBER="40" OPERTYPEID="10" PREVID="0" NEXTID="0" UPDATEDATE="2024-09-11" STARTDATE="2024-09-11" ENDDATE="2079-06-06" ISACTUAL="1" ISACTIVE="1" /><STEAD ID="68685527" OBJECTID="165186496" OBJECTGUID="e042e9f4-3fa5-4371-9436-ec0183660c47" CHANGEID="600877644" NUMBER="14" OPERTYPEID="10" PREVID="0" NEXTID="0" UPDATEDATE="2024-09-11" STARTDATE="2024-09-11" ENDDATE="2079-06-06" ISACTUAL="1" ISACTIVE="1" /></STEADS>