﻿<?xml version="1.0" encoding="utf-8"?><HOUSES><HOUSE ID="126742024" OBJECTID="165132746" OBJECTGUID="49e7efb5-899c-4cd2-865f-e5abcbcb2955" CHANGEID="600762414" HOUSENUM="11" HOUSETYPE="2" OPERTYPEID="10" PREVID="0" NEXTID="0" UPDATEDATE="2024-09-09" STARTDATE="2024-09-09" ENDDATE="2079-06-06" ISACTUAL="1" ISACTIVE="1" /><HOUSE ID="126755482" OBJECTID="159310101" OBJECTGUID="fa79a597-033f-48a3-b5d5-44561af96542" CHANGEID="600881321" HOUSENUM="12" HOUSETYPE="2" OPERTYPEID="30" PREVID="124462634" NEXTID="0" UPDATEDATE="2024-09-11" STARTDATE="2024-09-11" ENDDATE="2079-06-06" ISACTUAL="1" ISACTIVE="0" /><HOUSE ID="124462634" OBJECTID="159310101" OBJECTGUID="fa79a597-033f-48a3-b5d5-44561af96542" CHANGEID="506836379" HOUSENUM="12" HOUSETYPE="2" OPERTYPEID="10" PREVID="0" NEXTID="126755482" UPDATEDATE="2024-09-11" STARTDATE="2023-07-04" ENDDATE="2024-09-11" ISACTUAL="0" ISACTIVE="0" /><HOUSE ID="126757816" OBJECTID="165200811" OBJECTGUID="99adabf1-3750-4533-86f6-143c33b71165" CHANGEID="600898058" HOUSENUM="35" HOUSETYPE="2" OPERTYPEID="10" PREVID="0" NEXTID="0" UPDATEDATE="2024-09-11" STARTDATE="2024-09-11" ENDDATE="2079-06-06" ISACTUAL="1" ISACTIVE="1" /><HOUSE ID="126757818" OBJECTID="165200822" OBJECTGUID="acbf8602-f093-4fcb-adba-ac44de9fdd3b" CHANGEID="600898077" HOUSENUM="70а" HOUSETYPE="2" OPERTYPEID="10" PREVID="0" NEXTID="0" UPDATEDATE="2024-09-11" STARTDATE="2024-09-11" ENDDATE="2079-06-06" ISACTUAL="1" ISACTIVE="1" /><HOUSE ID="126757826" OBJECTID="165200839" OBJECTGUID="433828f6-ec30-472b-a383-b078a0e72f2d" CHANGEID="600898100" HOUSENUM="1" HOUSETYPE="2" OPERTYPEID="10" PREVID="0" NEXTID="0" UPDATEDATE="2024-09-11" STARTDATE="2024-09-11" ENDDATE="2079-06-06" ISACTUAL="1" ISACTIVE="1" /><HOUSE ID="126757828" OBJECTID="165200843" OBJECTGUID="6c9e6d8c-2439-4795-ba87-77696e304bc4" CHANGEID="600898106" HOUSENUM="5а" HOUSETYPE="2" OPERTYPEID="10" PREVID="0" NEXTID="0" UPDATEDATE="2024-09-11" STARTDATE="2024-09-11" ENDDATE="2079-06-06" ISACTUAL="1" ISACTIVE="1" /><HOUSE ID="126758087" OBJECTID="165203416" OBJECTGUID="8db55896-0505-42f2-ad00-3cd575297afa" CHANGEID="600901268" HOUSENUM="35" HOUSETYPE="2" OPERTYPEID="10" PREVID="0" NEXTID="0" UPDATEDATE="2024-09-11" STARTDATE="2024-09-11" ENDDATE="2079-06-06" ISACTUAL="1" ISACTIVE="1" /><HOUSE ID="126758088" OBJECTID="165203418" OBJECTGUID="2e498cab-4171-49b0-82b7-1385188e85b9" CHANGEID="600901270" HOUSENUM="33" HOUSETYPE="2" OPERTYPEID="10" PREVID="0" NEXTID="0" UPDATEDATE="2024-09-11" STARTDATE="2024-09-11" ENDDATE="2079-06-06" ISACTUAL="1" ISACTIVE="1" /><HOUSE ID="126758090" OBJECTID="165203420" OBJECTGUID="a77f095b-bed0-4aa1-ae17-62b1c7543c26" CHANGEID="600901272" HOUSENUM="3" HOUSETYPE="2" OPERTYPEID="10" PREVID="0" NEXTID="0" UPDATEDATE="2024-09-11" STARTDATE="2024-09-11" ENDDATE="2079-06-06" ISACTUAL="1" ISACTIVE="1" /><HOUSE ID="126758091" OBJECTID="165203421" OBJECTGUID="f4832f81-61eb-4e45-bc13-ab20d22ad134" CHANGEID="600901274" HOUSENUM="3" HOUSETYPE="2" OPERTYPEID="10" PREVID="0" NEXTID="0" UPDATEDATE="2024-09-11" STARTDATE="2024-09-11" ENDDATE="2079-06-06" ISACTUAL="1" ISACTIVE="1" /><HOUSE ID="126758093" OBJECTID="165203427" OBJECTGUID="ae00d4a5-1a72-467e-b8db-c8775a0cf2a4" CHANGEID="600901282" HOUSENUM="72" HOUSETYPE="2" OPERTYPEID="10" PREVID="0" NEXTID="0" UPDATEDATE="2024-09-11" STARTDATE="2024-09-11" ENDDATE="2079-06-06" ISACTUAL="1" ISACTIVE="1" /><HOUSE ID="126758097" OBJECTID="165203437" OBJECTGUID="29df2398-af69-4e64-8735-1f0789b55a0e" CHANGEID="600901292" HOUSENUM="25" HOUSETYPE="2" OPERTYPEID="10" PREVID="0" NEXTID="0" UPDATEDATE="2024-09-11" STARTDATE="2024-09-11" ENDDATE="2079-06-06" ISACTUAL="1" ISACTIVE="1" /><HOUSE ID="126758089" OBJECTID="165203419" OBJECTGUID="a6e11a6e-4094-40ad-bc9d-273142b7b66f" CHANGEID="600901271" HOUSENUM="8а" HOUSETYPE="2" OPERTYPEID="10" PREVID="0" NEXTID="0" UPDATEDATE="2024-09-11" STARTDATE="2024-09-11" ENDDATE="2079-06-06" ISACTUAL="1" ISACTIVE="1" /><HOUSE ID="126758092" OBJECTID="165203422" OBJECTGUID="b0310a16-2bc5-4b8a-8a13-b65716e9aa46" CHANGEID="600901275" HOUSENUM="10а" HOUSETYPE="5" OPERTYPEID="10" PREVID="0" NEXTID="0" UPDATEDATE="2024-09-11" STARTDATE="2024-09-11" ENDDATE="2079-06-06" ISACTUAL="1" ISACTIVE="1" /><HOUSE ID="126758094" OBJECTID="165203430" OBJECTGUID="7cd908e6-a9b3-4eaa-a699-0fc84fb38e2d" CHANGEID="600901285" HOUSENUM="26" HOUSETYPE="2" OPERTYPEID="10" PREVID="0" NEXTID="0" UPDATEDATE="2024-09-11" STARTDATE="2024-09-11" ENDDATE="2079-06-06" ISACTUAL="1" ISACTIVE="1" /><HOUSE ID="126758095" OBJECTID="165203432" OBJECTGUID="7d943311-ba37-472f-918a-b1d82bd66e79" CHANGEID="600901287" HOUSENUM="38" HOUSETYPE="2" OPERTYPEID="10" PREVID="0" NEXTID="0" UPDATEDATE="2024-09-11" STARTDATE="2024-09-11" ENDDATE="2079-06-06" ISACTUAL="1" ISACTIVE="1" /><HOUSE ID="126758096" OBJECTID="165203434" OBJECTGUID="560a5106-9a41-452f-9060-c20de7c46b88" CHANGEID="600901289" HOUSENUM="52а" HOUSETYPE="2" OPERTYPEID="10" PREVID="0" NEXTID="0" UPDATEDATE="2024-09-11" STARTDATE="2024-09-11" ENDDATE="2079-06-06" ISACTUAL="1" ISACTIVE="1" /></HOUSES>