﻿<?xml version="1.0" encoding="utf-8"?><REESTR_OBJECTS><OBJECT OBJECTID="86503907" OBJECTGUID="5ef1491e-a304-4f07-9d6a-6d7e300e2c29" CHANGEID="600901297" ISACTIVE="1" LEVELID="9" CREATEDATE="2019-01-10" UPDATEDATE="2024-09-11" /><OBJECT OBJECTID="86276612" OBJECTGUID="6d1e8918-c125-4e01-9a42-8fde3440d0cf" CHANGEID="600898073" ISACTIVE="1" LEVELID="9" CREATEDATE="2018-12-18" UPDATEDATE="2024-09-11" /><OBJECT OBJECTID="165062713" OBJECTGUID="fa6098ec-54d8-471f-afe8-40e517f93613" CHANGEID="600515102" ISACTIVE="1" LEVELID="8" CREATEDATE="2024-09-05" UPDATEDATE="2024-09-05" /><OBJECT OBJECTID="165062714" OBJECTGUID="253bd538-861c-4700-83c4-fa2c09db5c6e" CHANGEID="600515103" ISACTIVE="1" LEVELID="8" CREATEDATE="2024-09-05" UPDATEDATE="2024-09-05" /><OBJECT OBJECTID="165062715" OBJECTGUID="90724c26-4ae2-48a4-b5c1-261904bf37db" CHANGEID="600515104" ISACTIVE="1" LEVELID="8" CREATEDATE="2024-09-05" UPDATEDATE="2024-09-05" /><OBJECT OBJECTID="165062716" OBJECTGUID="a337f577-729d-4b0e-b272-3c47130e8696" CHANGEID="600515105" ISACTIVE="1" LEVELID="8" CREATEDATE="2024-09-05" UPDATEDATE="2024-09-05" /><OBJECT OBJECTID="165062717" OBJECTGUID="ed7019ba-1b5f-4ff4-b0a7-fa111a24141c" CHANGEID="600515106" ISACTIVE="1" LEVELID="8" CREATEDATE="2024-09-05" UPDATEDATE="2024-09-05" /><OBJECT OBJECTID="165063236" OBJECTGUID="d9a64dcc-2f60-4cef-bab6-54b65ec58764" CHANGEID="600515978" ISACTIVE="1" LEVELID="8" CREATEDATE="2024-09-05" UPDATEDATE="2024-09-05" /><OBJECT OBJECTID="165067906" OBJECTGUID="a99e5b0b-1f83-41d7-88a8-15b1a717f4cf" CHANGEID="600523691" ISACTIVE="1" LEVELID="9" CREATEDATE="2024-09-05" UPDATEDATE="2024-09-05" /><OBJECT OBJECTID="85677838" OBJECTGUID="6c662a2a-657a-4243-85aa-d4c698fca952" CHANGEID="600523721" ISACTIVE="0" LEVELID="9" CREATEDATE="2019-01-09" UPDATEDATE="2024-09-05" /><OBJECT OBJECTID="165097904" OBJECTGUID="48011571-3333-4e47-80fb-8f22f2e4061f" CHANGEID="600575187" ISACTIVE="1" LEVELID="9" CREATEDATE="2024-09-06" UPDATEDATE="2024-09-06" /><OBJECT OBJECTID="165099437" OBJECTGUID="dd0fdabd-115b-48cd-8b75-d3efbd6429e7" CHANGEID="600577815" ISACTIVE="1" LEVELID="9" CREATEDATE="2024-09-06" UPDATEDATE="2024-09-06" /><OBJECT OBJECTID="165099438" OBJECTGUID="fc3f2bda-98b5-4338-80ea-e3a4a5090535" CHANGEID="600577816" ISACTIVE="1" LEVELID="9" CREATEDATE="2024-09-06" UPDATEDATE="2024-09-06" /><OBJECT OBJECTID="165099439" OBJECTGUID="a2d5da34-926f-48fb-9f6b-81b04c407b25" CHANGEID="600577817" ISACTIVE="1" LEVELID="9" CREATEDATE="2024-09-06" UPDATEDATE="2024-09-06" /><OBJECT OBJECTID="165099440" OBJECTGUID="153c6901-898b-4764-ac46-dc138ff0c5c2" CHANGEID="600577818" ISACTIVE="1" LEVELID="9" CREATEDATE="2024-09-06" UPDATEDATE="2024-09-06" /><OBJECT OBJECTID="165099441" OBJECTGUID="be85f2c1-af30-4e5f-b1c3-8d345497edf9" CHANGEID="600577819" ISACTIVE="1" LEVELID="9" CREATEDATE="2024-09-06" UPDATEDATE="2024-09-06" /><OBJECT OBJECTID="165099442" OBJECTGUID="8cb87c2f-a6cd-4d68-9515-9d4d0c9e05d3" CHANGEID="600577820" ISACTIVE="1" LEVELID="9" CREATEDATE="2024-09-06" UPDATEDATE="2024-09-06" /><OBJECT OBJECTID="165099443" OBJECTGUID="6ad9665c-8938-46ce-8a73-2f4ea450efec" CHANGEID="600577821" ISACTIVE="1" LEVELID="9" CREATEDATE="2024-09-06" UPDATEDATE="2024-09-06" /><OBJECT OBJECTID="165099444" OBJECTGUID="56b06c16-7832-4f5e-8408-13d41341098b" CHANGEID="600577822" ISACTIVE="1" LEVELID="9" CREATEDATE="2024-09-06" UPDATEDATE="2024-09-06" /><OBJECT OBJECTID="165099445" OBJECTGUID="40fd7705-a23b-419e-bc7c-f90ba502b2fe" CHANGEID="600577823" ISACTIVE="1" LEVELID="9" CREATEDATE="2024-09-06" UPDATEDATE="2024-09-06" /><OBJECT OBJECTID="165099446" OBJECTGUID="7fe28928-8b0f-452e-8f69-11f9ae2f2fc7" CHANGEID="600577824" ISACTIVE="1" LEVELID="9" CREATEDATE="2024-09-06" UPDATEDATE="2024-09-06" /><OBJECT OBJECTID="165099447" OBJECTGUID="94a7c693-1970-4271-864a-277dee23d5fe" CHANGEID="600577825" ISACTIVE="1" LEVELID="9" CREATEDATE="2024-09-06" UPDATEDATE="2024-09-06" /><OBJECT OBJECTID="165099448" OBJECTGUID="5bd7ffe8-1e3c-4040-82e0-e750a2b74e58" CHANGEID="600577826" ISACTIVE="1" LEVELID="9" CREATEDATE="2024-09-06" UPDATEDATE="2024-09-06" /><OBJECT OBJECTID="165099449" OBJECTGUID="e1b1682b-cf65-4473-bb60-8788f98060b5" CHANGEID="600577827" ISACTIVE="1" LEVELID="9" CREATEDATE="2024-09-06" UPDATEDATE="2024-09-06" /><OBJECT OBJECTID="165099450" OBJECTGUID="b01fcc9e-6a5b-4bfa-9339-2c3f6f4cd6ff" CHANGEID="600577828" ISACTIVE="1" LEVELID="9" CREATEDATE="2024-09-06" UPDATEDATE="2024-09-06" /><OBJECT OBJECTID="165099451" OBJECTGUID="23a5a62d-a2e6-43b4-98be-8d57b02a2c75" CHANGEID="600577829" ISACTIVE="1" LEVELID="9" CREATEDATE="2024-09-06" UPDATEDATE="2024-09-06" /><OBJECT OBJECTID="165099452" OBJECTGUID="9bdd00a9-58d7-4f36-8f8b-9f7ee1bb6c2d" CHANGEID="600577830" ISACTIVE="1" LEVELID="9" CREATEDATE="2024-09-06" UPDATEDATE="2024-09-06" /><OBJECT OBJECTID="165099454" OBJECTGUID="90742649-f5aa-483b-b2ac-89773a1fd0e7" CHANGEID="600577832" ISACTIVE="1" LEVELID="9" CREATEDATE="2024-09-06" UPDATEDATE="2024-09-06" /><OBJECT OBJECTID="165099455" OBJECTGUID="aad7a914-7b75-45f1-a785-2f9344b97b51" CHANGEID="600577833" ISACTIVE="1" LEVELID="9" CREATEDATE="2024-09-06" UPDATEDATE="2024-09-06" /><OBJECT OBJECTID="165099456" OBJECTGUID="74743df9-2dd5-4a09-9af2-588e2340a9dd" CHANGEID="600577834" ISACTIVE="1" LEVELID="9" CREATEDATE="2024-09-06" UPDATEDATE="2024-09-06" /><OBJECT OBJECTID="165099457" OBJECTGUID="65aa3be8-4cd6-4496-b826-4b106e74c641" CHANGEID="600577835" ISACTIVE="1" LEVELID="9" CREATEDATE="2024-09-06" UPDATEDATE="2024-09-06" /><OBJECT OBJECTID="165099458" OBJECTGUID="6de784eb-816d-4df8-8815-e6b55e2545f8" CHANGEID="600577836" ISACTIVE="1" LEVELID="9" CREATEDATE="2024-09-06" UPDATEDATE="2024-09-06" /><OBJECT OBJECTID="165099459" OBJECTGUID="bb8025d3-bf01-43ab-b591-cef0274ff461" CHANGEID="600577837" ISACTIVE="1" LEVELID="9" CREATEDATE="2024-09-06" UPDATEDATE="2024-09-06" /><OBJECT OBJECTID="165099460" OBJECTGUID="5bc8019e-fdd1-4340-a75d-96fad1c324bf" CHANGEID="600577838" ISACTIVE="1" LEVELID="9" CREATEDATE="2024-09-06" UPDATEDATE="2024-09-06" /><OBJECT OBJECTID="165099461" OBJECTGUID="7797d048-4fbd-46de-834e-aeda6e0a146d" CHANGEID="600577839" ISACTIVE="1" LEVELID="9" CREATEDATE="2024-09-06" UPDATEDATE="2024-09-06" /><OBJECT OBJECTID="165099462" OBJECTGUID="27ff36a5-f8dc-4ca7-96c4-95f6992b72ae" CHANGEID="600577840" ISACTIVE="1" LEVELID="9" CREATEDATE="2024-09-06" UPDATEDATE="2024-09-06" /><OBJECT OBJECTID="165099463" OBJECTGUID="34e99b27-f5f9-4896-8af5-8a71f8a42bab" CHANGEID="600577841" ISACTIVE="1" LEVELID="9" CREATEDATE="2024-09-06" UPDATEDATE="2024-09-06" /><OBJECT OBJECTID="165099464" OBJECTGUID="d7b1bb89-d02e-4bc0-8d6c-5f6531107665" CHANGEID="600577842" ISACTIVE="1" LEVELID="9" CREATEDATE="2024-09-06" UPDATEDATE="2024-09-06" /><OBJECT OBJECTID="165099465" OBJECTGUID="8b969e77-93b4-46c1-9a63-415c4d8e76da" CHANGEID="600577843" ISACTIVE="1" LEVELID="9" CREATEDATE="2024-09-06" UPDATEDATE="2024-09-06" /><OBJECT OBJECTID="165099466" OBJECTGUID="ce0d64e9-1334-49a9-be9e-f6a3ead5024c" CHANGEID="600577844" ISACTIVE="1" LEVELID="9" CREATEDATE="2024-09-06" UPDATEDATE="2024-09-06" /><OBJECT OBJECTID="165099467" OBJECTGUID="20567638-9fca-4bbf-bf8b-a26138d11a80" CHANGEID="600577845" ISACTIVE="1" LEVELID="9" CREATEDATE="2024-09-06" UPDATEDATE="2024-09-06" /><OBJECT OBJECTID="165099468" OBJECTGUID="f94405a6-eaad-440a-9a08-af67c83edf1f" CHANGEID="600577846" ISACTIVE="1" LEVELID="9" CREATEDATE="2024-09-06" UPDATEDATE="2024-09-06" /><OBJECT OBJECTID="165099469" OBJECTGUID="242114a7-3be7-42b8-8b62-53807fd8f27f" CHANGEID="600577847" ISACTIVE="1" LEVELID="9" CREATEDATE="2024-09-06" UPDATEDATE="2024-09-06" /><OBJECT OBJECTID="165099493" OBJECTGUID="b1a1f4d7-c40f-4857-9a08-315f294895c8" CHANGEID="600577871" ISACTIVE="1" LEVELID="9" CREATEDATE="2024-09-06" UPDATEDATE="2024-09-06" /><OBJECT OBJECTID="165099494" OBJECTGUID="3e35ca95-3e47-486b-a52a-4518908de932" CHANGEID="600577872" ISACTIVE="1" LEVELID="9" CREATEDATE="2024-09-06" UPDATEDATE="2024-09-06" /><OBJECT OBJECTID="165099495" OBJECTGUID="02d68a12-9269-4ce0-9b61-90cabc622627" CHANGEID="600577873" ISACTIVE="1" LEVELID="9" CREATEDATE="2024-09-06" UPDATEDATE="2024-09-06" /><OBJECT OBJECTID="165099496" OBJECTGUID="7ef32ff0-2a37-4919-b0f7-4d450d8ae48b" CHANGEID="600577874" ISACTIVE="1" LEVELID="9" CREATEDATE="2024-09-06" UPDATEDATE="2024-09-06" /><OBJECT OBJECTID="165099497" OBJECTGUID="a780ea2b-18ea-4786-83c6-a5ca2c6e44c2" CHANGEID="600577875" ISACTIVE="1" LEVELID="9" CREATEDATE="2024-09-06" UPDATEDATE="2024-09-06" /><OBJECT OBJECTID="165099498" OBJECTGUID="bfef8174-3589-4660-aa33-73ad3e7739fc" CHANGEID="600577876" ISACTIVE="1" LEVELID="9" CREATEDATE="2024-09-06" UPDATEDATE="2024-09-06" /><OBJECT OBJECTID="165099499" OBJECTGUID="5dadd9fd-5da1-45ad-a87c-f3029f6dfeb1" CHANGEID="600577877" ISACTIVE="1" LEVELID="9" CREATEDATE="2024-09-06" UPDATEDATE="2024-09-06" /><OBJECT OBJECTID="165099500" OBJECTGUID="944a52ea-6c9d-464f-a4b4-3a4ff37b8025" CHANGEID="600577878" ISACTIVE="1" LEVELID="9" CREATEDATE="2024-09-06" UPDATEDATE="2024-09-06" /><OBJECT OBJECTID="165099501" OBJECTGUID="bfbaf0af-c2fb-4050-8f17-a746c25a6bfe" CHANGEID="600577879" ISACTIVE="1" LEVELID="9" CREATEDATE="2024-09-06" UPDATEDATE="2024-09-06" /><OBJECT OBJECTID="165099502" OBJECTGUID="bd827800-35c4-48ae-9c86-e450080d5707" CHANGEID="600577880" ISACTIVE="1" LEVELID="9" CREATEDATE="2024-09-06" UPDATEDATE="2024-09-06" /><OBJECT OBJECTID="165099503" OBJECTGUID="0e39d670-9256-43d3-836b-353a8f9af653" CHANGEID="600577881" ISACTIVE="1" LEVELID="9" CREATEDATE="2024-09-06" UPDATEDATE="2024-09-06" /><OBJECT OBJECTID="165099504" OBJECTGUID="6247fb6d-3759-40aa-be3c-d6cfa81bf78d" CHANGEID="600577882" ISACTIVE="1" LEVELID="9" CREATEDATE="2024-09-06" UPDATEDATE="2024-09-06" /><OBJECT OBJECTID="165099505" OBJECTGUID="fa317e6e-55ec-4810-b215-ad9f27a1125d" CHANGEID="600577883" ISACTIVE="1" LEVELID="9" CREATEDATE="2024-09-06" UPDATEDATE="2024-09-06" /><OBJECT OBJECTID="165099506" OBJECTGUID="9da4cb06-890b-4831-9ed6-d487316191c7" CHANGEID="600577884" ISACTIVE="1" LEVELID="9" CREATEDATE="2024-09-06" UPDATEDATE="2024-09-06" /><OBJECT OBJECTID="165099507" OBJECTGUID="5bf67a65-da2d-41d3-9967-b5947ccf8905" CHANGEID="600577885" ISACTIVE="1" LEVELID="9" CREATEDATE="2024-09-06" UPDATEDATE="2024-09-06" /><OBJECT OBJECTID="165099509" OBJECTGUID="809bb44b-8119-4931-bd28-5b0d60dae76f" CHANGEID="600577888" ISACTIVE="1" LEVELID="9" CREATEDATE="2024-09-06" UPDATEDATE="2024-09-06" /><OBJECT OBJECTID="165099510" OBJECTGUID="0b7f9b5c-6e60-4b78-8475-070f921e1e8e" CHANGEID="600577889" ISACTIVE="1" LEVELID="9" CREATEDATE="2024-09-06" UPDATEDATE="2024-09-06" /><OBJECT OBJECTID="165099511" OBJECTGUID="31bde0bf-7466-41d5-afe5-e62ab0eab1ea" CHANGEID="600577890" ISACTIVE="1" LEVELID="9" CREATEDATE="2024-09-06" UPDATEDATE="2024-09-06" /><OBJECT OBJECTID="165099512" OBJECTGUID="72cf9370-ce9b-4830-ba39-9b21f6d6d034" CHANGEID="600577891" ISACTIVE="1" LEVELID="9" CREATEDATE="2024-09-06" UPDATEDATE="2024-09-06" /><OBJECT OBJECTID="165099513" OBJECTGUID="09ea9dc8-b20c-4de5-a70f-7532f8c8699f" CHANGEID="600577892" ISACTIVE="1" LEVELID="9" CREATEDATE="2024-09-06" UPDATEDATE="2024-09-06" /><OBJECT OBJECTID="165099514" OBJECTGUID="7de1899b-6904-4982-b8d7-447846bdc05c" CHANGEID="600577893" ISACTIVE="1" LEVELID="9" CREATEDATE="2024-09-06" UPDATEDATE="2024-09-06" /><OBJECT OBJECTID="165099515" OBJECTGUID="bcc75ca5-de4a-4f5b-a339-ee527fdf9884" CHANGEID="600577894" ISACTIVE="1" LEVELID="9" CREATEDATE="2024-09-06" UPDATEDATE="2024-09-06" /><OBJECT OBJECTID="165099516" OBJECTGUID="aa71716a-a6e6-464c-87de-cf36ae47d7ef" CHANGEID="600577895" ISACTIVE="1" LEVELID="9" CREATEDATE="2024-09-06" UPDATEDATE="2024-09-06" /><OBJECT OBJECTID="165099517" OBJECTGUID="97276363-088b-4a2e-9041-24a3d6934433" CHANGEID="600577896" ISACTIVE="1" LEVELID="9" CREATEDATE="2024-09-06" UPDATEDATE="2024-09-06" /><OBJECT OBJECTID="165099518" OBJECTGUID="c2467596-06c0-40d5-8c78-df1b3a4cc2ec" CHANGEID="600577897" ISACTIVE="1" LEVELID="9" CREATEDATE="2024-09-06" UPDATEDATE="2024-09-06" /><OBJECT OBJECTID="165099520" OBJECTGUID="7eb70346-d4b8-4716-8746-df436e1917eb" CHANGEID="600577899" ISACTIVE="1" LEVELID="9" CREATEDATE="2024-09-06" UPDATEDATE="2024-09-06" /><OBJECT OBJECTID="165099521" OBJECTGUID="63e37c2d-74d8-428b-8ba0-7b0d431ef01f" CHANGEID="600577900" ISACTIVE="1" LEVELID="9" CREATEDATE="2024-09-06" UPDATEDATE="2024-09-06" /><OBJECT OBJECTID="165099522" OBJECTGUID="16c51196-90b4-4dcd-af45-56f589a3f2da" CHANGEID="600577901" ISACTIVE="1" LEVELID="9" CREATEDATE="2024-09-06" UPDATEDATE="2024-09-06" /><OBJECT OBJECTID="165099523" OBJECTGUID="0307e037-753d-417a-ac23-e5126171211a" CHANGEID="600577902" ISACTIVE="1" LEVELID="9" CREATEDATE="2024-09-06" UPDATEDATE="2024-09-06" /><OBJECT OBJECTID="165099524" OBJECTGUID="d183f99a-80c7-4965-90c1-472058ade58f" CHANGEID="600577903" ISACTIVE="1" LEVELID="9" CREATEDATE="2024-09-06" UPDATEDATE="2024-09-06" /><OBJECT OBJECTID="165099525" OBJECTGUID="037a14d3-54ba-4ae2-a5f3-a148805acb6a" CHANGEID="600577904" ISACTIVE="1" LEVELID="9" CREATEDATE="2024-09-06" UPDATEDATE="2024-09-06" /><OBJECT OBJECTID="165099526" OBJECTGUID="3548ff4b-6b91-4e93-88f9-f798953951ec" CHANGEID="600577905" ISACTIVE="1" LEVELID="9" CREATEDATE="2024-09-06" UPDATEDATE="2024-09-06" /><OBJECT OBJECTID="165099527" OBJECTGUID="6270834c-9ba3-4542-ac31-ead7cb94e77e" CHANGEID="600577906" ISACTIVE="1" LEVELID="9" CREATEDATE="2024-09-06" UPDATEDATE="2024-09-06" /><OBJECT OBJECTID="165099528" OBJECTGUID="599ebb93-8cbe-4a49-89f4-be443a090c33" CHANGEID="600577907" ISACTIVE="1" LEVELID="9" CREATEDATE="2024-09-06" UPDATEDATE="2024-09-06" /><OBJECT OBJECTID="165099529" OBJECTGUID="eb2f4a06-ee79-4907-beac-c3635f21870d" CHANGEID="600577908" ISACTIVE="1" LEVELID="9" CREATEDATE="2024-09-06" UPDATEDATE="2024-09-06" /><OBJECT OBJECTID="165099530" OBJECTGUID="c7717a91-ed89-41d7-a9f2-b8abf045c9e7" CHANGEID="600577909" ISACTIVE="1" LEVELID="9" CREATEDATE="2024-09-06" UPDATEDATE="2024-09-06" /><OBJECT OBJECTID="165099531" OBJECTGUID="d0f11ced-b658-4b04-83f3-45bcd431d2ee" CHANGEID="600577910" ISACTIVE="1" LEVELID="9" CREATEDATE="2024-09-06" UPDATEDATE="2024-09-06" /><OBJECT OBJECTID="165099532" OBJECTGUID="62c88713-48be-4187-b18b-f1bc8cab49da" CHANGEID="600577911" ISACTIVE="1" LEVELID="9" CREATEDATE="2024-09-06" UPDATEDATE="2024-09-06" /><OBJECT OBJECTID="165099533" OBJECTGUID="79ae478f-b059-4386-aca6-fd7540b4ad28" CHANGEID="600577912" ISACTIVE="1" LEVELID="9" CREATEDATE="2024-09-06" UPDATEDATE="2024-09-06" /><OBJECT OBJECTID="165099534" OBJECTGUID="0978f013-2181-4951-8102-ec68a25d5a07" CHANGEID="600577913" ISACTIVE="1" LEVELID="9" CREATEDATE="2024-09-06" UPDATEDATE="2024-09-06" /><OBJECT OBJECTID="165099535" OBJECTGUID="9e6daf81-5378-43c9-98ce-26eb07b42f64" CHANGEID="600577914" ISACTIVE="1" LEVELID="9" CREATEDATE="2024-09-06" UPDATEDATE="2024-09-06" /><OBJECT OBJECTID="165099536" OBJECTGUID="c545ffa9-1696-4d56-a951-d8232f1da137" CHANGEID="600577915" ISACTIVE="1" LEVELID="9" CREATEDATE="2024-09-06" UPDATEDATE="2024-09-06" /><OBJECT OBJECTID="165099537" OBJECTGUID="feb9ab54-f458-48f8-8bd4-92359c18fbb4" CHANGEID="600577916" ISACTIVE="1" LEVELID="9" CREATEDATE="2024-09-06" UPDATEDATE="2024-09-06" /><OBJECT OBJECTID="165099538" OBJECTGUID="51c1bd95-0787-4c8f-b643-589fe68c758b" CHANGEID="600577917" ISACTIVE="1" LEVELID="9" CREATEDATE="2024-09-06" UPDATEDATE="2024-09-06" /><OBJECT OBJECTID="164919097" OBJECTGUID="fbe7e10c-d43a-4007-a773-0ada14daf996" CHANGEID="600718336" ISACTIVE="1" LEVELID="10" CREATEDATE="2024-08-28" UPDATEDATE="2024-09-07" /><OBJECT OBJECTID="164919090" OBJECTGUID="209d3f35-0b08-41c5-8095-8e68eee9d190" CHANGEID="600718337" ISACTIVE="1" LEVELID="10" CREATEDATE="2024-08-28" UPDATEDATE="2024-09-07" /><OBJECT OBJECTID="164919080" OBJECTGUID="4dd66a52-7581-453e-bffb-438a6d3016ae" CHANGEID="600718338" ISACTIVE="1" LEVELID="10" CREATEDATE="2024-08-28" UPDATEDATE="2024-09-07" /><OBJECT OBJECTID="164919076" OBJECTGUID="5dac7012-613d-4b92-be50-10f9e5feee43" CHANGEID="600718339" ISACTIVE="1" LEVELID="10" CREATEDATE="2024-08-28" UPDATEDATE="2024-09-07" /><OBJECT OBJECTID="164917526" OBJECTGUID="78ff3aba-5a74-44b4-8a32-139cdd136a5f" CHANGEID="600718340" ISACTIVE="1" LEVELID="10" CREATEDATE="2024-08-28" UPDATEDATE="2024-09-07" /><OBJECT OBJECTID="164917512" OBJECTGUID="cb9ff396-b6d7-444d-b556-517c6dc8a7a6" CHANGEID="600718341" ISACTIVE="1" LEVELID="10" CREATEDATE="2024-08-28" UPDATEDATE="2024-09-07" /><OBJECT OBJECTID="164917505" OBJECTGUID="dae5fee0-6e64-4174-9216-cedbe38972f8" CHANGEID="600718342" ISACTIVE="1" LEVELID="10" CREATEDATE="2024-08-28" UPDATEDATE="2024-09-07" /><OBJECT OBJECTID="164884010" OBJECTGUID="974052bf-8ecd-4965-af85-5b69d72d6adc" CHANGEID="600718343" ISACTIVE="1" LEVELID="10" CREATEDATE="2024-08-27" UPDATEDATE="2024-09-07" /><OBJECT OBJECTID="164861106" OBJECTGUID="a3338072-7a2d-4fff-8769-de2b6d4f3dc7" CHANGEID="600718344" ISACTIVE="1" LEVELID="10" CREATEDATE="2024-08-26" UPDATEDATE="2024-09-07" /><OBJECT OBJECTID="165130840" OBJECTGUID="88dbbe56-74ba-4e04-9c57-b308489da87f" CHANGEID="600759475" ISACTIVE="1" LEVELID="9" CREATEDATE="2024-09-09" UPDATEDATE="2024-09-09" /><OBJECT OBJECTID="165132746" OBJECTGUID="49e7efb5-899c-4cd2-865f-e5abcbcb2955" CHANGEID="600762414" ISACTIVE="1" LEVELID="10" CREATEDATE="2024-09-09" UPDATEDATE="2024-09-09" /><OBJECT OBJECTID="165132859" OBJECTGUID="c490ddd1-e434-402c-8ed8-04cabda0786b" CHANGEID="600762592" ISACTIVE="1" LEVELID="9" CREATEDATE="2024-09-09" UPDATEDATE="2024-09-09" /><OBJECT OBJECTID="159310101" OBJECTGUID="fa79a597-033f-48a3-b5d5-44561af96542" CHANGEID="600881321" ISACTIVE="0" LEVELID="10" CREATEDATE="2023-07-04" UPDATEDATE="2024-09-11" /><OBJECT OBJECTID="165200811" OBJECTGUID="99adabf1-3750-4533-86f6-143c33b71165" CHANGEID="600898058" ISACTIVE="1" LEVELID="10" CREATEDATE="2024-09-11" UPDATEDATE="2024-09-11" /><OBJECT OBJECTID="165200816" OBJECTGUID="8fd9e01f-c2ee-40e6-ba48-2c60b77b23bb" CHANGEID="600898064" ISACTIVE="1" LEVELID="9" CREATEDATE="2024-09-11" UPDATEDATE="2024-09-11" /><OBJECT OBJECTID="165200818" OBJECTGUID="00c30b27-66e7-468f-931d-7de29eaa3c65" CHANGEID="600898069" ISACTIVE="1" LEVELID="9" CREATEDATE="2024-09-11" UPDATEDATE="2024-09-11" /><OBJECT OBJECTID="165200822" OBJECTGUID="acbf8602-f093-4fcb-adba-ac44de9fdd3b" CHANGEID="600898077" ISACTIVE="1" LEVELID="10" CREATEDATE="2024-09-11" UPDATEDATE="2024-09-11" /><OBJECT OBJECTID="165200809" OBJECTGUID="3ef3aabc-8055-46e1-8d3a-c25b73cbe0dc" CHANGEID="600898056" ISACTIVE="1" LEVELID="9" CREATEDATE="2024-09-11" UPDATEDATE="2024-09-11" /><OBJECT OBJECTID="105139170" OBJECTGUID="c589d454-45c7-4778-a6b8-93659e5a2b43" CHANGEID="600898062" ISACTIVE="1" LEVELID="10" CREATEDATE="2022-08-02" UPDATEDATE="2024-09-11" /><OBJECT OBJECTID="165200817" OBJECTGUID="26fc1426-2190-4ef6-8bc3-512dff3ec1d9" CHANGEID="600898066" ISACTIVE="1" LEVELID="9" CREATEDATE="2024-09-11" UPDATEDATE="2024-09-11" /><OBJECT OBJECTID="165200820" OBJECTGUID="d5d9ddd3-f834-480f-8a27-8658672944d8" CHANGEID="600898071" ISACTIVE="1" LEVELID="9" CREATEDATE="2024-09-11" UPDATEDATE="2024-09-11" /><OBJECT OBJECTID="165200821" OBJECTGUID="8beb74de-c4e0-47cd-8763-831586775e81" CHANGEID="600898076" ISACTIVE="1" LEVELID="9" CREATEDATE="2024-09-11" UPDATEDATE="2024-09-11" /><OBJECT OBJECTID="165200830" OBJECTGUID="34a884df-333b-4657-8916-7ad7fe7f36bf" CHANGEID="600898085" ISACTIVE="1" LEVELID="9" CREATEDATE="2024-09-11" UPDATEDATE="2024-09-11" /><OBJECT OBJECTID="165200839" OBJECTGUID="433828f6-ec30-472b-a383-b078a0e72f2d" CHANGEID="600898100" ISACTIVE="1" LEVELID="10" CREATEDATE="2024-09-11" UPDATEDATE="2024-09-11" /><OBJECT OBJECTID="165200841" OBJECTGUID="0eacd683-dd29-46e5-9469-bf6626d136d8" CHANGEID="600898104" ISACTIVE="1" LEVELID="9" CREATEDATE="2024-09-11" UPDATEDATE="2024-09-11" /><OBJECT OBJECTID="165200840" OBJECTGUID="51018f76-dc13-4922-843f-87db6700affe" CHANGEID="600898102" ISACTIVE="1" LEVELID="9" CREATEDATE="2024-09-11" UPDATEDATE="2024-09-11" /><OBJECT OBJECTID="165200843" OBJECTGUID="6c9e6d8c-2439-4795-ba87-77696e304bc4" CHANGEID="600898106" ISACTIVE="1" LEVELID="10" CREATEDATE="2024-09-11" UPDATEDATE="2024-09-11" /><OBJECT OBJECTID="165203417" OBJECTGUID="58cdb974-bf57-4798-bf1b-28b73531bc9a" CHANGEID="600901269" ISACTIVE="1" LEVELID="9" CREATEDATE="2024-09-11" UPDATEDATE="2024-09-11" /><OBJECT OBJECTID="165203419" OBJECTGUID="a6e11a6e-4094-40ad-bc9d-273142b7b66f" CHANGEID="600901271" ISACTIVE="1" LEVELID="10" CREATEDATE="2024-09-11" UPDATEDATE="2024-09-11" /><OBJECT OBJECTID="86502155" OBJECTGUID="786d72d5-3bbe-4839-8398-388100265c04" CHANGEID="600901273" ISACTIVE="1" LEVELID="9" CREATEDATE="2019-01-10" UPDATEDATE="2024-09-11" /><OBJECT OBJECTID="165203422" OBJECTGUID="b0310a16-2bc5-4b8a-8a13-b65716e9aa46" CHANGEID="600901275" ISACTIVE="1" LEVELID="10" CREATEDATE="2024-09-11" UPDATEDATE="2024-09-11" /><OBJECT OBJECTID="165203424" OBJECTGUID="33d97a3b-c84b-41cf-a9f9-019a022d89cd" CHANGEID="600901277" ISACTIVE="1" LEVELID="11" CREATEDATE="2024-09-11" UPDATEDATE="2024-09-11" /><OBJECT OBJECTID="165203416" OBJECTGUID="8db55896-0505-42f2-ad00-3cd575297afa" CHANGEID="600901268" ISACTIVE="1" LEVELID="10" CREATEDATE="2024-09-11" UPDATEDATE="2024-09-11" /><OBJECT OBJECTID="165203418" OBJECTGUID="2e498cab-4171-49b0-82b7-1385188e85b9" CHANGEID="600901270" ISACTIVE="1" LEVELID="10" CREATEDATE="2024-09-11" UPDATEDATE="2024-09-11" /><OBJECT OBJECTID="165203420" OBJECTGUID="a77f095b-bed0-4aa1-ae17-62b1c7543c26" CHANGEID="600901272" ISACTIVE="1" LEVELID="10" CREATEDATE="2024-09-11" UPDATEDATE="2024-09-11" /><OBJECT OBJECTID="165203421" OBJECTGUID="f4832f81-61eb-4e45-bc13-ab20d22ad134" CHANGEID="600901274" ISACTIVE="1" LEVELID="10" CREATEDATE="2024-09-11" UPDATEDATE="2024-09-11" /><OBJECT OBJECTID="165203423" OBJECTGUID="b41f7d40-af40-4f74-b30d-7b1ab24c2eaf" CHANGEID="600901276" ISACTIVE="1" LEVELID="9" CREATEDATE="2024-09-11" UPDATEDATE="2024-09-11" /><OBJECT OBJECTID="85553687" OBJECTGUID="f8d87271-eba6-4cc9-92bd-9cf27f162bd7" CHANGEID="600901278" ISACTIVE="1" LEVELID="9" CREATEDATE="2018-12-18" UPDATEDATE="2024-09-11" /><OBJECT OBJECTID="165203425" OBJECTGUID="ca80d76b-1932-469d-ae47-83c670dfb7ba" CHANGEID="600901280" ISACTIVE="1" LEVELID="9" CREATEDATE="2024-09-11" UPDATEDATE="2024-09-11" /><OBJECT OBJECTID="165203427" OBJECTGUID="ae00d4a5-1a72-467e-b8db-c8775a0cf2a4" CHANGEID="600901282" ISACTIVE="1" LEVELID="10" CREATEDATE="2024-09-11" UPDATEDATE="2024-09-11" /><OBJECT OBJECTID="165203431" OBJECTGUID="8f92442a-a09a-46f3-82b3-8d3d0915e9fb" CHANGEID="600901286" ISACTIVE="1" LEVELID="9" CREATEDATE="2024-09-11" UPDATEDATE="2024-09-11" /><OBJECT OBJECTID="165203433" OBJECTGUID="fc8690a1-4edf-45a2-8448-1f7fc48c2ee9" CHANGEID="600901288" ISACTIVE="1" LEVELID="9" CREATEDATE="2024-09-11" UPDATEDATE="2024-09-11" /><OBJECT OBJECTID="165203435" OBJECTGUID="557c3968-26fa-42f2-b0df-32ecd03cfa45" CHANGEID="600901290" ISACTIVE="1" LEVELID="9" CREATEDATE="2024-09-11" UPDATEDATE="2024-09-11" /><OBJECT OBJECTID="165203437" OBJECTGUID="29df2398-af69-4e64-8735-1f0789b55a0e" CHANGEID="600901292" ISACTIVE="1" LEVELID="10" CREATEDATE="2024-09-11" UPDATEDATE="2024-09-11" /><OBJECT OBJECTID="165203438" OBJECTGUID="c0d4ddcc-47de-4829-8cef-1647044d551d" CHANGEID="600901294" ISACTIVE="1" LEVELID="9" CREATEDATE="2024-09-11" UPDATEDATE="2024-09-11" /><OBJECT OBJECTID="165203440" OBJECTGUID="845fc141-ff39-4e76-9dad-f630009f7d4e" CHANGEID="600901296" ISACTIVE="1" LEVELID="9" CREATEDATE="2024-09-11" UPDATEDATE="2024-09-11" /><OBJECT OBJECTID="165203426" OBJECTGUID="a901f16f-9407-465c-a929-1663facd05a8" CHANGEID="600901281" ISACTIVE="1" LEVELID="9" CREATEDATE="2024-09-11" UPDATEDATE="2024-09-11" /><OBJECT OBJECTID="165203428" OBJECTGUID="85c0a1f3-cd0e-4055-9c7d-96970ed1ff30" CHANGEID="600901283" ISACTIVE="1" LEVELID="9" CREATEDATE="2024-09-11" UPDATEDATE="2024-09-11" /><OBJECT OBJECTID="165203430" OBJECTGUID="7cd908e6-a9b3-4eaa-a699-0fc84fb38e2d" CHANGEID="600901285" ISACTIVE="1" LEVELID="10" CREATEDATE="2024-09-11" UPDATEDATE="2024-09-11" /><OBJECT OBJECTID="165203432" OBJECTGUID="7d943311-ba37-472f-918a-b1d82bd66e79" CHANGEID="600901287" ISACTIVE="1" LEVELID="10" CREATEDATE="2024-09-11" UPDATEDATE="2024-09-11" /><OBJECT OBJECTID="165203434" OBJECTGUID="560a5106-9a41-452f-9060-c20de7c46b88" CHANGEID="600901289" ISACTIVE="1" LEVELID="10" CREATEDATE="2024-09-11" UPDATEDATE="2024-09-11" /><OBJECT OBJECTID="165203436" OBJECTGUID="0bff63d4-38fc-4598-8e09-783999e8b3df" CHANGEID="600901291" ISACTIVE="1" LEVELID="9" CREATEDATE="2024-09-11" UPDATEDATE="2024-09-11" /><OBJECT OBJECTID="165203439" OBJECTGUID="8e08aa03-fdb0-4f1d-ba3a-eabd19166f63" CHANGEID="600901295" ISACTIVE="1" LEVELID="9" CREATEDATE="2024-09-11" UPDATEDATE="2024-09-11" /><OBJECT OBJECTID="160620646" OBJECTGUID="287a6dd6-88c2-4dab-b400-9d4f00a565da" CHANGEID="600523722" ISACTIVE="0" LEVELID="9" CREATEDATE="2023-10-09" UPDATEDATE="2024-09-05" /><OBJECT OBJECTID="71253297" OBJECTGUID="39edec30-1871-4340-845a-6dafde18e714" CHANGEID="600901279" ISACTIVE="1" LEVELID="10" CREATEDATE="2019-03-20" UPDATEDATE="2024-09-11" /><OBJECT OBJECTID="158276831" OBJECTGUID="380086ac-bcf5-4890-b476-09aef6cffe51" CHANGEID="600901293" ISACTIVE="1" LEVELID="10" CREATEDATE="2023-03-13" UPDATEDATE="2024-09-11" /><OBJECT OBJECTID="164919110" OBJECTGUID="c5fc0729-4063-4d9d-99db-2fc07f357540" CHANGEID="600718335" ISACTIVE="1" LEVELID="10" CREATEDATE="2024-08-28" UPDATEDATE="2024-09-07" /><OBJECT OBJECTID="164920715" OBJECTGUID="7417f0f6-ae1d-4b3d-b421-5b9abd590214" CHANGEID="600718334" ISACTIVE="1" LEVELID="10" CREATEDATE="2024-08-28" UPDATEDATE="2024-09-07" /><OBJECT OBJECTID="164920717" OBJECTGUID="27da5ca7-98eb-433b-9619-4a45bacd75d9" CHANGEID="600718333" ISACTIVE="1" LEVELID="10" CREATEDATE="2024-08-28" UPDATEDATE="2024-09-07" /><OBJECT OBJECTID="164920719" OBJECTGUID="73209bf8-695b-4c30-a852-cd5c4d04b4b7" CHANGEID="600718332" ISACTIVE="1" LEVELID="10" CREATEDATE="2024-08-28" UPDATEDATE="2024-09-07" /></REESTR_OBJECTS>