﻿<?xml version="1.0" encoding="utf-8"?><STEADS><STEAD ID="68618032" OBJECTID="165067906" OBJECTGUID="a99e5b0b-1f83-41d7-88a8-15b1a717f4cf" CHANGEID="600523691" NUMBER="10" OPERTYPEID="10" PREVID="0" NEXTID="0" UPDATEDATE="2024-09-05" STARTDATE="2024-09-05" ENDDATE="2079-06-06" ISACTUAL="1" ISACTIVE="1" /><STEAD ID="68618047" OBJECTID="85677838" OBJECTGUID="6c662a2a-657a-4243-85aa-d4c698fca952" CHANGEID="600523721" NUMBER="4" OPERTYPEID="30" PREVID="1128249" NEXTID="0" UPDATEDATE="2024-09-05" STARTDATE="2024-09-05" ENDDATE="2079-06-06" ISACTUAL="1" ISACTIVE="0" /><STEAD ID="1128249" OBJECTID="85677838" OBJECTGUID="6c662a2a-657a-4243-85aa-d4c698fca952" CHANGEID="127193026" NUMBER="4" OPERTYPEID="10" NEXTID="68618047" UPDATEDATE="2024-09-05" STARTDATE="2018-12-27" ENDDATE="2024-09-05" ISACTUAL="0" ISACTIVE="0" /><STEAD ID="68618048" OBJECTID="160620646" OBJECTGUID="287a6dd6-88c2-4dab-b400-9d4f00a565da" CHANGEID="600523722" NUMBER="4б" OPERTYPEID="30" PREVID="67103327" NEXTID="0" UPDATEDATE="2024-09-05" STARTDATE="2024-09-05" ENDDATE="2079-06-06" ISACTUAL="1" ISACTIVE="0" /><STEAD ID="67103327" OBJECTID="160620646" OBJECTGUID="287a6dd6-88c2-4dab-b400-9d4f00a565da" CHANGEID="563981993" NUMBER="4б" OPERTYPEID="10" PREVID="0" NEXTID="68618048" UPDATEDATE="2024-09-05" STARTDATE="2023-10-09" ENDDATE="2024-09-05" ISACTUAL="0" ISACTIVE="0" /><STEAD ID="68632738" OBJECTID="165097904" OBJECTGUID="48011571-3333-4e47-80fb-8f22f2e4061f" CHANGEID="600575187" NUMBER="2л" OPERTYPEID="10" PREVID="0" NEXTID="0" UPDATEDATE="2024-09-06" STARTDATE="2024-09-06" ENDDATE="2079-06-06" ISACTUAL="1" ISACTIVE="1" /><STEAD ID="68633652" OBJECTID="165099437" OBJECTGUID="dd0fdabd-115b-48cd-8b75-d3efbd6429e7" CHANGEID="600577815" NUMBER="2к" OPERTYPEID="10" PREVID="0" NEXTID="0" UPDATEDATE="2024-09-06" STARTDATE="2024-09-06" ENDDATE="2079-06-06" ISACTUAL="1" ISACTIVE="1" /><STEAD ID="68633653" OBJECTID="165099438" OBJECTGUID="fc3f2bda-98b5-4338-80ea-e3a4a5090535" CHANGEID="600577816" NUMBER="2ж" OPERTYPEID="10" PREVID="0" NEXTID="0" UPDATEDATE="2024-09-06" STARTDATE="2024-09-06" ENDDATE="2079-06-06" ISACTUAL="1" ISACTIVE="1" /><STEAD ID="68633654" OBJECTID="165099439" OBJECTGUID="a2d5da34-926f-48fb-9f6b-81b04c407b25" CHANGEID="600577817" NUMBER="2е" OPERTYPEID="10" PREVID="0" NEXTID="0" UPDATEDATE="2024-09-06" STARTDATE="2024-09-06" ENDDATE="2079-06-06" ISACTUAL="1" ISACTIVE="1" /><STEAD ID="68633655" OBJECTID="165099440" OBJECTGUID="153c6901-898b-4764-ac46-dc138ff0c5c2" CHANGEID="600577818" NUMBER="2д" OPERTYPEID="10" PREVID="0" NEXTID="0" UPDATEDATE="2024-09-06" STARTDATE="2024-09-06" ENDDATE="2079-06-06" ISACTUAL="1" ISACTIVE="1" /><STEAD ID="68633656" OBJECTID="165099441" OBJECTGUID="be85f2c1-af30-4e5f-b1c3-8d345497edf9" CHANGEID="600577819" NUMBER="2г" OPERTYPEID="10" PREVID="0" NEXTID="0" UPDATEDATE="2024-09-06" STARTDATE="2024-09-06" ENDDATE="2079-06-06" ISACTUAL="1" ISACTIVE="1" /><STEAD ID="68633657" OBJECTID="165099442" OBJECTGUID="8cb87c2f-a6cd-4d68-9515-9d4d0c9e05d3" CHANGEID="600577820" NUMBER="2в" OPERTYPEID="10" PREVID="0" NEXTID="0" UPDATEDATE="2024-09-06" STARTDATE="2024-09-06" ENDDATE="2079-06-06" ISACTUAL="1" ISACTIVE="1" /><STEAD ID="68633658" OBJECTID="165099443" OBJECTGUID="6ad9665c-8938-46ce-8a73-2f4ea450efec" CHANGEID="600577821" NUMBER="2б" OPERTYPEID="10" PREVID="0" NEXTID="0" UPDATEDATE="2024-09-06" STARTDATE="2024-09-06" ENDDATE="2079-06-06" ISACTUAL="1" ISACTIVE="1" /><STEAD ID="68633659" OBJECTID="165099444" OBJECTGUID="56b06c16-7832-4f5e-8408-13d41341098b" CHANGEID="600577822" NUMBER="2а" OPERTYPEID="10" PREVID="0" NEXTID="0" UPDATEDATE="2024-09-06" STARTDATE="2024-09-06" ENDDATE="2079-06-06" ISACTUAL="1" ISACTIVE="1" /><STEAD ID="68633660" OBJECTID="165099445" OBJECTGUID="40fd7705-a23b-419e-bc7c-f90ba502b2fe" CHANGEID="600577823" NUMBER="1к" OPERTYPEID="10" PREVID="0" NEXTID="0" UPDATEDATE="2024-09-06" STARTDATE="2024-09-06" ENDDATE="2079-06-06" ISACTUAL="1" ISACTIVE="1" /><STEAD ID="68633661" OBJECTID="165099446" OBJECTGUID="7fe28928-8b0f-452e-8f69-11f9ae2f2fc7" CHANGEID="600577824" NUMBER="1ж" OPERTYPEID="10" PREVID="0" NEXTID="0" UPDATEDATE="2024-09-06" STARTDATE="2024-09-06" ENDDATE="2079-06-06" ISACTUAL="1" ISACTIVE="1" /><STEAD ID="68633662" OBJECTID="165099447" OBJECTGUID="94a7c693-1970-4271-864a-277dee23d5fe" CHANGEID="600577825" NUMBER="1е" OPERTYPEID="10" PREVID="0" NEXTID="0" UPDATEDATE="2024-09-06" STARTDATE="2024-09-06" ENDDATE="2079-06-06" ISACTUAL="1" ISACTIVE="1" /><STEAD ID="68633663" OBJECTID="165099448" OBJECTGUID="5bd7ffe8-1e3c-4040-82e0-e750a2b74e58" CHANGEID="600577826" NUMBER="1д" OPERTYPEID="10" PREVID="0" NEXTID="0" UPDATEDATE="2024-09-06" STARTDATE="2024-09-06" ENDDATE="2079-06-06" ISACTUAL="1" ISACTIVE="1" /><STEAD ID="68633664" OBJECTID="165099449" OBJECTGUID="e1b1682b-cf65-4473-bb60-8788f98060b5" CHANGEID="600577827" NUMBER="1г" OPERTYPEID="10" PREVID="0" NEXTID="0" UPDATEDATE="2024-09-06" STARTDATE="2024-09-06" ENDDATE="2079-06-06" ISACTUAL="1" ISACTIVE="1" /><STEAD ID="68633665" OBJECTID="165099450" OBJECTGUID="b01fcc9e-6a5b-4bfa-9339-2c3f6f4cd6ff" CHANGEID="600577828" NUMBER="1в" OPERTYPEID="10" PREVID="0" NEXTID="0" UPDATEDATE="2024-09-06" STARTDATE="2024-09-06" ENDDATE="2079-06-06" ISACTUAL="1" ISACTIVE="1" /><STEAD ID="68633666" OBJECTID="165099451" OBJECTGUID="23a5a62d-a2e6-43b4-98be-8d57b02a2c75" CHANGEID="600577829" NUMBER="1б" OPERTYPEID="10" PREVID="0" NEXTID="0" UPDATEDATE="2024-09-06" STARTDATE="2024-09-06" ENDDATE="2079-06-06" ISACTUAL="1" ISACTIVE="1" /><STEAD ID="68633667" OBJECTID="165099452" OBJECTGUID="9bdd00a9-58d7-4f36-8f8b-9f7ee1bb6c2d" CHANGEID="600577830" NUMBER="1а" OPERTYPEID="10" PREVID="0" NEXTID="0" UPDATEDATE="2024-09-06" STARTDATE="2024-09-06" ENDDATE="2079-06-06" ISACTUAL="1" ISACTIVE="1" /><STEAD ID="68633668" OBJECTID="165099454" OBJECTGUID="90742649-f5aa-483b-b2ac-89773a1fd0e7" CHANGEID="600577832" NUMBER="2к" OPERTYPEID="10" PREVID="0" NEXTID="0" UPDATEDATE="2024-09-06" STARTDATE="2024-09-06" ENDDATE="2079-06-06" ISACTUAL="1" ISACTIVE="1" /><STEAD ID="68633669" OBJECTID="165099455" OBJECTGUID="aad7a914-7b75-45f1-a785-2f9344b97b51" CHANGEID="600577833" NUMBER="2ж" OPERTYPEID="10" PREVID="0" NEXTID="0" UPDATEDATE="2024-09-06" STARTDATE="2024-09-06" ENDDATE="2079-06-06" ISACTUAL="1" ISACTIVE="1" /><STEAD ID="68633670" OBJECTID="165099456" OBJECTGUID="74743df9-2dd5-4a09-9af2-588e2340a9dd" CHANGEID="600577834" NUMBER="2е" OPERTYPEID="10" PREVID="0" NEXTID="0" UPDATEDATE="2024-09-06" STARTDATE="2024-09-06" ENDDATE="2079-06-06" ISACTUAL="1" ISACTIVE="1" /><STEAD ID="68633671" OBJECTID="165099457" OBJECTGUID="65aa3be8-4cd6-4496-b826-4b106e74c641" CHANGEID="600577835" NUMBER="2д" OPERTYPEID="10" PREVID="0" NEXTID="0" UPDATEDATE="2024-09-06" STARTDATE="2024-09-06" ENDDATE="2079-06-06" ISACTUAL="1" ISACTIVE="1" /><STEAD ID="68633707" OBJECTID="165099493" OBJECTGUID="b1a1f4d7-c40f-4857-9a08-315f294895c8" CHANGEID="600577871" NUMBER="2л" OPERTYPEID="10" PREVID="0" NEXTID="0" UPDATEDATE="2024-09-06" STARTDATE="2024-09-06" ENDDATE="2079-06-06" ISACTUAL="1" ISACTIVE="1" /><STEAD ID="68633708" OBJECTID="165099494" OBJECTGUID="3e35ca95-3e47-486b-a52a-4518908de932" CHANGEID="600577872" NUMBER="2к" OPERTYPEID="10" PREVID="0" NEXTID="0" UPDATEDATE="2024-09-06" STARTDATE="2024-09-06" ENDDATE="2079-06-06" ISACTUAL="1" ISACTIVE="1" /><STEAD ID="68633709" OBJECTID="165099495" OBJECTGUID="02d68a12-9269-4ce0-9b61-90cabc622627" CHANGEID="600577873" NUMBER="2ж" OPERTYPEID="10" PREVID="0" NEXTID="0" UPDATEDATE="2024-09-06" STARTDATE="2024-09-06" ENDDATE="2079-06-06" ISACTUAL="1" ISACTIVE="1" /><STEAD ID="68633710" OBJECTID="165099496" OBJECTGUID="7ef32ff0-2a37-4919-b0f7-4d450d8ae48b" CHANGEID="600577874" NUMBER="2е" OPERTYPEID="10" PREVID="0" NEXTID="0" UPDATEDATE="2024-09-06" STARTDATE="2024-09-06" ENDDATE="2079-06-06" ISACTUAL="1" ISACTIVE="1" /><STEAD ID="68633711" OBJECTID="165099497" OBJECTGUID="a780ea2b-18ea-4786-83c6-a5ca2c6e44c2" CHANGEID="600577875" NUMBER="2д" OPERTYPEID="10" PREVID="0" NEXTID="0" UPDATEDATE="2024-09-06" STARTDATE="2024-09-06" ENDDATE="2079-06-06" ISACTUAL="1" ISACTIVE="1" /><STEAD ID="68633712" OBJECTID="165099498" OBJECTGUID="bfef8174-3589-4660-aa33-73ad3e7739fc" CHANGEID="600577876" NUMBER="2г" OPERTYPEID="10" PREVID="0" NEXTID="0" UPDATEDATE="2024-09-06" STARTDATE="2024-09-06" ENDDATE="2079-06-06" ISACTUAL="1" ISACTIVE="1" /><STEAD ID="68633713" OBJECTID="165099499" OBJECTGUID="5dadd9fd-5da1-45ad-a87c-f3029f6dfeb1" CHANGEID="600577877" NUMBER="2в" OPERTYPEID="10" PREVID="0" NEXTID="0" UPDATEDATE="2024-09-06" STARTDATE="2024-09-06" ENDDATE="2079-06-06" ISACTUAL="1" ISACTIVE="1" /><STEAD ID="68633714" OBJECTID="165099500" OBJECTGUID="944a52ea-6c9d-464f-a4b4-3a4ff37b8025" CHANGEID="600577878" NUMBER="2б" OPERTYPEID="10" PREVID="0" NEXTID="0" UPDATEDATE="2024-09-06" STARTDATE="2024-09-06" ENDDATE="2079-06-06" ISACTUAL="1" ISACTIVE="1" /><STEAD ID="68633715" OBJECTID="165099501" OBJECTGUID="bfbaf0af-c2fb-4050-8f17-a746c25a6bfe" CHANGEID="600577879" NUMBER="2а" OPERTYPEID="10" PREVID="0" NEXTID="0" UPDATEDATE="2024-09-06" STARTDATE="2024-09-06" ENDDATE="2079-06-06" ISACTUAL="1" ISACTIVE="1" /><STEAD ID="68633716" OBJECTID="165099502" OBJECTGUID="bd827800-35c4-48ae-9c86-e450080d5707" CHANGEID="600577880" NUMBER="1е" OPERTYPEID="10" PREVID="0" NEXTID="0" UPDATEDATE="2024-09-06" STARTDATE="2024-09-06" ENDDATE="2079-06-06" ISACTUAL="1" ISACTIVE="1" /><STEAD ID="68633717" OBJECTID="165099503" OBJECTGUID="0e39d670-9256-43d3-836b-353a8f9af653" CHANGEID="600577881" NUMBER="1д" OPERTYPEID="10" PREVID="0" NEXTID="0" UPDATEDATE="2024-09-06" STARTDATE="2024-09-06" ENDDATE="2079-06-06" ISACTUAL="1" ISACTIVE="1" /><STEAD ID="68633718" OBJECTID="165099504" OBJECTGUID="6247fb6d-3759-40aa-be3c-d6cfa81bf78d" CHANGEID="600577882" NUMBER="1г" OPERTYPEID="10" PREVID="0" NEXTID="0" UPDATEDATE="2024-09-06" STARTDATE="2024-09-06" ENDDATE="2079-06-06" ISACTUAL="1" ISACTIVE="1" /><STEAD ID="68633719" OBJECTID="165099505" OBJECTGUID="fa317e6e-55ec-4810-b215-ad9f27a1125d" CHANGEID="600577883" NUMBER="1в" OPERTYPEID="10" PREVID="0" NEXTID="0" UPDATEDATE="2024-09-06" STARTDATE="2024-09-06" ENDDATE="2079-06-06" ISACTUAL="1" ISACTIVE="1" /><STEAD ID="68633720" OBJECTID="165099506" OBJECTGUID="9da4cb06-890b-4831-9ed6-d487316191c7" CHANGEID="600577884" NUMBER="1б" OPERTYPEID="10" PREVID="0" NEXTID="0" UPDATEDATE="2024-09-06" STARTDATE="2024-09-06" ENDDATE="2079-06-06" ISACTUAL="1" ISACTIVE="1" /><STEAD ID="68633721" OBJECTID="165099507" OBJECTGUID="5bf67a65-da2d-41d3-9967-b5947ccf8905" CHANGEID="600577885" NUMBER="1а" OPERTYPEID="10" PREVID="0" NEXTID="0" UPDATEDATE="2024-09-06" STARTDATE="2024-09-06" ENDDATE="2079-06-06" ISACTUAL="1" ISACTIVE="1" /><STEAD ID="68633745" OBJECTID="165099532" OBJECTGUID="62c88713-48be-4187-b18b-f1bc8cab49da" CHANGEID="600577911" NUMBER="1б" OPERTYPEID="10" PREVID="0" NEXTID="0" UPDATEDATE="2024-09-06" STARTDATE="2024-09-06" ENDDATE="2079-06-06" ISACTUAL="1" ISACTIVE="1" /><STEAD ID="68633746" OBJECTID="165099533" OBJECTGUID="79ae478f-b059-4386-aca6-fd7540b4ad28" CHANGEID="600577912" NUMBER="1в" OPERTYPEID="10" PREVID="0" NEXTID="0" UPDATEDATE="2024-09-06" STARTDATE="2024-09-06" ENDDATE="2079-06-06" ISACTUAL="1" ISACTIVE="1" /><STEAD ID="68633747" OBJECTID="165099534" OBJECTGUID="0978f013-2181-4951-8102-ec68a25d5a07" CHANGEID="600577913" NUMBER="1г" OPERTYPEID="10" PREVID="0" NEXTID="0" UPDATEDATE="2024-09-06" STARTDATE="2024-09-06" ENDDATE="2079-06-06" ISACTUAL="1" ISACTIVE="1" /><STEAD ID="68633748" OBJECTID="165099535" OBJECTGUID="9e6daf81-5378-43c9-98ce-26eb07b42f64" CHANGEID="600577914" NUMBER="1д" OPERTYPEID="10" PREVID="0" NEXTID="0" UPDATEDATE="2024-09-06" STARTDATE="2024-09-06" ENDDATE="2079-06-06" ISACTUAL="1" ISACTIVE="1" /><STEAD ID="68633749" OBJECTID="165099536" OBJECTGUID="c545ffa9-1696-4d56-a951-d8232f1da137" CHANGEID="600577915" NUMBER="1е" OPERTYPEID="10" PREVID="0" NEXTID="0" UPDATEDATE="2024-09-06" STARTDATE="2024-09-06" ENDDATE="2079-06-06" ISACTUAL="1" ISACTIVE="1" /><STEAD ID="68633750" OBJECTID="165099537" OBJECTGUID="feb9ab54-f458-48f8-8bd4-92359c18fbb4" CHANGEID="600577916" NUMBER="1ж" OPERTYPEID="10" PREVID="0" NEXTID="0" UPDATEDATE="2024-09-06" STARTDATE="2024-09-06" ENDDATE="2079-06-06" ISACTUAL="1" ISACTIVE="1" /><STEAD ID="68633751" OBJECTID="165099538" OBJECTGUID="51c1bd95-0787-4c8f-b643-589fe68c758b" CHANGEID="600577917" NUMBER="1к" OPERTYPEID="10" PREVID="0" NEXTID="0" UPDATEDATE="2024-09-06" STARTDATE="2024-09-06" ENDDATE="2079-06-06" ISACTUAL="1" ISACTIVE="1" /><STEAD ID="68633672" OBJECTID="165099458" OBJECTGUID="6de784eb-816d-4df8-8815-e6b55e2545f8" CHANGEID="600577836" NUMBER="2г" OPERTYPEID="10" PREVID="0" NEXTID="0" UPDATEDATE="2024-09-06" STARTDATE="2024-09-06" ENDDATE="2079-06-06" ISACTUAL="1" ISACTIVE="1" /><STEAD ID="68633673" OBJECTID="165099459" OBJECTGUID="bb8025d3-bf01-43ab-b591-cef0274ff461" CHANGEID="600577837" NUMBER="2в" OPERTYPEID="10" PREVID="0" NEXTID="0" UPDATEDATE="2024-09-06" STARTDATE="2024-09-06" ENDDATE="2079-06-06" ISACTUAL="1" ISACTIVE="1" /><STEAD ID="68633674" OBJECTID="165099460" OBJECTGUID="5bc8019e-fdd1-4340-a75d-96fad1c324bf" CHANGEID="600577838" NUMBER="2б" OPERTYPEID="10" PREVID="0" NEXTID="0" UPDATEDATE="2024-09-06" STARTDATE="2024-09-06" ENDDATE="2079-06-06" ISACTUAL="1" ISACTIVE="1" /><STEAD ID="68633675" OBJECTID="165099461" OBJECTGUID="7797d048-4fbd-46de-834e-aeda6e0a146d" CHANGEID="600577839" NUMBER="2а" OPERTYPEID="10" PREVID="0" NEXTID="0" UPDATEDATE="2024-09-06" STARTDATE="2024-09-06" ENDDATE="2079-06-06" ISACTUAL="1" ISACTIVE="1" /><STEAD ID="68633676" OBJECTID="165099462" OBJECTGUID="27ff36a5-f8dc-4ca7-96c4-95f6992b72ae" CHANGEID="600577840" NUMBER="1к" OPERTYPEID="10" PREVID="0" NEXTID="0" UPDATEDATE="2024-09-06" STARTDATE="2024-09-06" ENDDATE="2079-06-06" ISACTUAL="1" ISACTIVE="1" /><STEAD ID="68633677" OBJECTID="165099463" OBJECTGUID="34e99b27-f5f9-4896-8af5-8a71f8a42bab" CHANGEID="600577841" NUMBER="1ж" OPERTYPEID="10" PREVID="0" NEXTID="0" UPDATEDATE="2024-09-06" STARTDATE="2024-09-06" ENDDATE="2079-06-06" ISACTUAL="1" ISACTIVE="1" /><STEAD ID="68633678" OBJECTID="165099464" OBJECTGUID="d7b1bb89-d02e-4bc0-8d6c-5f6531107665" CHANGEID="600577842" NUMBER="1е" OPERTYPEID="10" PREVID="0" NEXTID="0" UPDATEDATE="2024-09-06" STARTDATE="2024-09-06" ENDDATE="2079-06-06" ISACTUAL="1" ISACTIVE="1" /><STEAD ID="68633679" OBJECTID="165099465" OBJECTGUID="8b969e77-93b4-46c1-9a63-415c4d8e76da" CHANGEID="600577843" NUMBER="1д" OPERTYPEID="10" PREVID="0" NEXTID="0" UPDATEDATE="2024-09-06" STARTDATE="2024-09-06" ENDDATE="2079-06-06" ISACTUAL="1" ISACTIVE="1" /><STEAD ID="68633680" OBJECTID="165099466" OBJECTGUID="ce0d64e9-1334-49a9-be9e-f6a3ead5024c" CHANGEID="600577844" NUMBER="1г" OPERTYPEID="10" PREVID="0" NEXTID="0" UPDATEDATE="2024-09-06" STARTDATE="2024-09-06" ENDDATE="2079-06-06" ISACTUAL="1" ISACTIVE="1" /><STEAD ID="68633681" OBJECTID="165099467" OBJECTGUID="20567638-9fca-4bbf-bf8b-a26138d11a80" CHANGEID="600577845" NUMBER="1в" OPERTYPEID="10" PREVID="0" NEXTID="0" UPDATEDATE="2024-09-06" STARTDATE="2024-09-06" ENDDATE="2079-06-06" ISACTUAL="1" ISACTIVE="1" /><STEAD ID="68633682" OBJECTID="165099468" OBJECTGUID="f94405a6-eaad-440a-9a08-af67c83edf1f" CHANGEID="600577846" NUMBER="1б" OPERTYPEID="10" PREVID="0" NEXTID="0" UPDATEDATE="2024-09-06" STARTDATE="2024-09-06" ENDDATE="2079-06-06" ISACTUAL="1" ISACTIVE="1" /><STEAD ID="68633683" OBJECTID="165099469" OBJECTGUID="242114a7-3be7-42b8-8b62-53807fd8f27f" CHANGEID="600577847" NUMBER="1а" OPERTYPEID="10" PREVID="0" NEXTID="0" UPDATEDATE="2024-09-06" STARTDATE="2024-09-06" ENDDATE="2079-06-06" ISACTUAL="1" ISACTIVE="1" /><STEAD ID="68633722" OBJECTID="165099509" OBJECTGUID="809bb44b-8119-4931-bd28-5b0d60dae76f" CHANGEID="600577888" NUMBER="2д" OPERTYPEID="10" PREVID="0" NEXTID="0" UPDATEDATE="2024-09-06" STARTDATE="2024-09-06" ENDDATE="2079-06-06" ISACTUAL="1" ISACTIVE="1" /><STEAD ID="68633723" OBJECTID="165099510" OBJECTGUID="0b7f9b5c-6e60-4b78-8475-070f921e1e8e" CHANGEID="600577889" NUMBER="2г" OPERTYPEID="10" PREVID="0" NEXTID="0" UPDATEDATE="2024-09-06" STARTDATE="2024-09-06" ENDDATE="2079-06-06" ISACTUAL="1" ISACTIVE="1" /><STEAD ID="68633724" OBJECTID="165099511" OBJECTGUID="31bde0bf-7466-41d5-afe5-e62ab0eab1ea" CHANGEID="600577890" NUMBER="2в" OPERTYPEID="10" PREVID="0" NEXTID="0" UPDATEDATE="2024-09-06" STARTDATE="2024-09-06" ENDDATE="2079-06-06" ISACTUAL="1" ISACTIVE="1" /><STEAD ID="68633725" OBJECTID="165099512" OBJECTGUID="72cf9370-ce9b-4830-ba39-9b21f6d6d034" CHANGEID="600577891" NUMBER="2б" OPERTYPEID="10" PREVID="0" NEXTID="0" UPDATEDATE="2024-09-06" STARTDATE="2024-09-06" ENDDATE="2079-06-06" ISACTUAL="1" ISACTIVE="1" /><STEAD ID="68633726" OBJECTID="165099513" OBJECTGUID="09ea9dc8-b20c-4de5-a70f-7532f8c8699f" CHANGEID="600577892" NUMBER="2а" OPERTYPEID="10" PREVID="0" NEXTID="0" UPDATEDATE="2024-09-06" STARTDATE="2024-09-06" ENDDATE="2079-06-06" ISACTUAL="1" ISACTIVE="1" /><STEAD ID="68633727" OBJECTID="165099514" OBJECTGUID="7de1899b-6904-4982-b8d7-447846bdc05c" CHANGEID="600577893" NUMBER="1д" OPERTYPEID="10" PREVID="0" NEXTID="0" UPDATEDATE="2024-09-06" STARTDATE="2024-09-06" ENDDATE="2079-06-06" ISACTUAL="1" ISACTIVE="1" /><STEAD ID="68633728" OBJECTID="165099515" OBJECTGUID="bcc75ca5-de4a-4f5b-a339-ee527fdf9884" CHANGEID="600577894" NUMBER="1г" OPERTYPEID="10" PREVID="0" NEXTID="0" UPDATEDATE="2024-09-06" STARTDATE="2024-09-06" ENDDATE="2079-06-06" ISACTUAL="1" ISACTIVE="1" /><STEAD ID="68633729" OBJECTID="165099516" OBJECTGUID="aa71716a-a6e6-464c-87de-cf36ae47d7ef" CHANGEID="600577895" NUMBER="1в" OPERTYPEID="10" PREVID="0" NEXTID="0" UPDATEDATE="2024-09-06" STARTDATE="2024-09-06" ENDDATE="2079-06-06" ISACTUAL="1" ISACTIVE="1" /><STEAD ID="68633730" OBJECTID="165099517" OBJECTGUID="97276363-088b-4a2e-9041-24a3d6934433" CHANGEID="600577896" NUMBER="1б" OPERTYPEID="10" PREVID="0" NEXTID="0" UPDATEDATE="2024-09-06" STARTDATE="2024-09-06" ENDDATE="2079-06-06" ISACTUAL="1" ISACTIVE="1" /><STEAD ID="68633731" OBJECTID="165099518" OBJECTGUID="c2467596-06c0-40d5-8c78-df1b3a4cc2ec" CHANGEID="600577897" NUMBER="1а" OPERTYPEID="10" PREVID="0" NEXTID="0" UPDATEDATE="2024-09-06" STARTDATE="2024-09-06" ENDDATE="2079-06-06" ISACTUAL="1" ISACTIVE="1" /><STEAD ID="68633733" OBJECTID="165099520" OBJECTGUID="7eb70346-d4b8-4716-8746-df436e1917eb" CHANGEID="600577899" NUMBER="2ж" OPERTYPEID="10" PREVID="0" NEXTID="0" UPDATEDATE="2024-09-06" STARTDATE="2024-09-06" ENDDATE="2079-06-06" ISACTUAL="1" ISACTIVE="1" /><STEAD ID="68633734" OBJECTID="165099521" OBJECTGUID="63e37c2d-74d8-428b-8ba0-7b0d431ef01f" CHANGEID="600577900" NUMBER="2е" OPERTYPEID="10" PREVID="0" NEXTID="0" UPDATEDATE="2024-09-06" STARTDATE="2024-09-06" ENDDATE="2079-06-06" ISACTUAL="1" ISACTIVE="1" /><STEAD ID="68633735" OBJECTID="165099522" OBJECTGUID="16c51196-90b4-4dcd-af45-56f589a3f2da" CHANGEID="600577901" NUMBER="2д" OPERTYPEID="10" PREVID="0" NEXTID="0" UPDATEDATE="2024-09-06" STARTDATE="2024-09-06" ENDDATE="2079-06-06" ISACTUAL="1" ISACTIVE="1" /><STEAD ID="68633736" OBJECTID="165099523" OBJECTGUID="0307e037-753d-417a-ac23-e5126171211a" CHANGEID="600577902" NUMBER="2г" OPERTYPEID="10" PREVID="0" NEXTID="0" UPDATEDATE="2024-09-06" STARTDATE="2024-09-06" ENDDATE="2079-06-06" ISACTUAL="1" ISACTIVE="1" /><STEAD ID="68633737" OBJECTID="165099524" OBJECTGUID="d183f99a-80c7-4965-90c1-472058ade58f" CHANGEID="600577903" NUMBER="2в" OPERTYPEID="10" PREVID="0" NEXTID="0" UPDATEDATE="2024-09-06" STARTDATE="2024-09-06" ENDDATE="2079-06-06" ISACTUAL="1" ISACTIVE="1" /><STEAD ID="68633738" OBJECTID="165099525" OBJECTGUID="037a14d3-54ba-4ae2-a5f3-a148805acb6a" CHANGEID="600577904" NUMBER="2б" OPERTYPEID="10" PREVID="0" NEXTID="0" UPDATEDATE="2024-09-06" STARTDATE="2024-09-06" ENDDATE="2079-06-06" ISACTUAL="1" ISACTIVE="1" /><STEAD ID="68633739" OBJECTID="165099526" OBJECTGUID="3548ff4b-6b91-4e93-88f9-f798953951ec" CHANGEID="600577905" NUMBER="2а" OPERTYPEID="10" PREVID="0" NEXTID="0" UPDATEDATE="2024-09-06" STARTDATE="2024-09-06" ENDDATE="2079-06-06" ISACTUAL="1" ISACTIVE="1" /><STEAD ID="68633740" OBJECTID="165099527" OBJECTGUID="6270834c-9ba3-4542-ac31-ead7cb94e77e" CHANGEID="600577906" NUMBER="1д" OPERTYPEID="10" PREVID="0" NEXTID="0" UPDATEDATE="2024-09-06" STARTDATE="2024-09-06" ENDDATE="2079-06-06" ISACTUAL="1" ISACTIVE="1" /><STEAD ID="68633741" OBJECTID="165099528" OBJECTGUID="599ebb93-8cbe-4a49-89f4-be443a090c33" CHANGEID="600577907" NUMBER="1г" OPERTYPEID="10" PREVID="0" NEXTID="0" UPDATEDATE="2024-09-06" STARTDATE="2024-09-06" ENDDATE="2079-06-06" ISACTUAL="1" ISACTIVE="1" /><STEAD ID="68633742" OBJECTID="165099529" OBJECTGUID="eb2f4a06-ee79-4907-beac-c3635f21870d" CHANGEID="600577908" NUMBER="1в" OPERTYPEID="10" PREVID="0" NEXTID="0" UPDATEDATE="2024-09-06" STARTDATE="2024-09-06" ENDDATE="2079-06-06" ISACTUAL="1" ISACTIVE="1" /><STEAD ID="68633743" OBJECTID="165099530" OBJECTGUID="c7717a91-ed89-41d7-a9f2-b8abf045c9e7" CHANGEID="600577909" NUMBER="1б" OPERTYPEID="10" PREVID="0" NEXTID="0" UPDATEDATE="2024-09-06" STARTDATE="2024-09-06" ENDDATE="2079-06-06" ISACTUAL="1" ISACTIVE="1" /><STEAD ID="68633744" OBJECTID="165099531" OBJECTGUID="d0f11ced-b658-4b04-83f3-45bcd431d2ee" CHANGEID="600577910" NUMBER="1а" OPERTYPEID="10" PREVID="0" NEXTID="0" UPDATEDATE="2024-09-06" STARTDATE="2024-09-06" ENDDATE="2079-06-06" ISACTUAL="1" ISACTIVE="1" /><STEAD ID="68653458" OBJECTID="165130840" OBJECTGUID="88dbbe56-74ba-4e04-9c57-b308489da87f" CHANGEID="600759475" NUMBER="38" OPERTYPEID="10" PREVID="0" NEXTID="0" UPDATEDATE="2024-09-09" STARTDATE="2024-09-09" ENDDATE="2079-06-06" ISACTUAL="1" ISACTIVE="1" /><STEAD ID="68654380" OBJECTID="165132859" OBJECTGUID="c490ddd1-e434-402c-8ed8-04cabda0786b" CHANGEID="600762592" NUMBER="4б" OPERTYPEID="10" PREVID="0" NEXTID="0" UPDATEDATE="2024-09-09" STARTDATE="2024-09-09" ENDDATE="2079-06-06" ISACTUAL="1" ISACTIVE="1" /><STEAD ID="68692066" OBJECTID="165200816" OBJECTGUID="8fd9e01f-c2ee-40e6-ba48-2c60b77b23bb" CHANGEID="600898064" NUMBER="30а" OPERTYPEID="10" PREVID="0" NEXTID="0" UPDATEDATE="2024-09-11" STARTDATE="2024-09-11" ENDDATE="2079-06-06" ISACTUAL="1" ISACTIVE="1" /><STEAD ID="68692068" OBJECTID="165200818" OBJECTGUID="00c30b27-66e7-468f-931d-7de29eaa3c65" CHANGEID="600898069" NUMBER="51" OPERTYPEID="10" PREVID="0" NEXTID="0" UPDATEDATE="2024-09-11" STARTDATE="2024-09-11" ENDDATE="2079-06-06" ISACTUAL="1" ISACTIVE="1" /><STEAD ID="68692073" OBJECTID="165200840" OBJECTGUID="51018f76-dc13-4922-843f-87db6700affe" CHANGEID="600898102" NUMBER="25" OPERTYPEID="10" PREVID="0" NEXTID="0" UPDATEDATE="2024-09-11" STARTDATE="2024-09-11" ENDDATE="2079-06-06" ISACTUAL="1" ISACTIVE="1" /><STEAD ID="68692065" OBJECTID="165200809" OBJECTGUID="3ef3aabc-8055-46e1-8d3a-c25b73cbe0dc" CHANGEID="600898056" NUMBER="35" OPERTYPEID="10" PREVID="0" NEXTID="0" UPDATEDATE="2024-09-11" STARTDATE="2024-09-11" ENDDATE="2079-06-06" ISACTUAL="1" ISACTIVE="1" /><STEAD ID="68692067" OBJECTID="165200817" OBJECTGUID="26fc1426-2190-4ef6-8bc3-512dff3ec1d9" CHANGEID="600898066" NUMBER="24в" OPERTYPEID="10" PREVID="0" NEXTID="0" UPDATEDATE="2024-09-11" STARTDATE="2024-09-11" ENDDATE="2079-06-06" ISACTUAL="1" ISACTIVE="1" /><STEAD ID="68692069" OBJECTID="165200820" OBJECTGUID="d5d9ddd3-f834-480f-8a27-8658672944d8" CHANGEID="600898071" NUMBER="35" OPERTYPEID="10" PREVID="0" NEXTID="0" UPDATEDATE="2024-09-11" STARTDATE="2024-09-11" ENDDATE="2079-06-06" ISACTUAL="1" ISACTIVE="1" /><STEAD ID="68692070" OBJECTID="165200821" OBJECTGUID="8beb74de-c4e0-47cd-8763-831586775e81" CHANGEID="600898076" NUMBER="70а" OPERTYPEID="10" PREVID="0" NEXTID="0" UPDATEDATE="2024-09-11" STARTDATE="2024-09-11" ENDDATE="2079-06-06" ISACTUAL="1" ISACTIVE="1" /><STEAD ID="68692071" OBJECTID="165200830" OBJECTGUID="34a884df-333b-4657-8916-7ad7fe7f36bf" CHANGEID="600898085" NUMBER="35" OPERTYPEID="10" PREVID="0" NEXTID="0" UPDATEDATE="2024-09-11" STARTDATE="2024-09-11" ENDDATE="2079-06-06" ISACTUAL="1" ISACTIVE="1" /><STEAD ID="68692074" OBJECTID="165200841" OBJECTGUID="0eacd683-dd29-46e5-9469-bf6626d136d8" CHANGEID="600898104" NUMBER="5а" OPERTYPEID="10" PREVID="0" NEXTID="0" UPDATEDATE="2024-09-11" STARTDATE="2024-09-11" ENDDATE="2079-06-06" ISACTUAL="1" ISACTIVE="1" /><STEAD ID="68693099" OBJECTID="165203423" OBJECTGUID="b41f7d40-af40-4f74-b30d-7b1ab24c2eaf" CHANGEID="600901276" NUMBER="23а" OPERTYPEID="10" PREVID="0" NEXTID="0" UPDATEDATE="2024-09-11" STARTDATE="2024-09-11" ENDDATE="2079-06-06" ISACTUAL="1" ISACTIVE="1" /><STEAD ID="68693100" OBJECTID="165203425" OBJECTGUID="ca80d76b-1932-469d-ae47-83c670dfb7ba" CHANGEID="600901280" NUMBER="40" OPERTYPEID="10" PREVID="0" NEXTID="0" UPDATEDATE="2024-09-11" STARTDATE="2024-09-11" ENDDATE="2079-06-06" ISACTUAL="1" ISACTIVE="1" /><STEAD ID="68693104" OBJECTID="165203431" OBJECTGUID="8f92442a-a09a-46f3-82b3-8d3d0915e9fb" CHANGEID="600901286" NUMBER="38" OPERTYPEID="10" PREVID="0" NEXTID="0" UPDATEDATE="2024-09-11" STARTDATE="2024-09-11" ENDDATE="2079-06-06" ISACTUAL="1" ISACTIVE="1" /><STEAD ID="68693105" OBJECTID="165203433" OBJECTGUID="fc8690a1-4edf-45a2-8448-1f7fc48c2ee9" CHANGEID="600901288" NUMBER="52а" OPERTYPEID="10" PREVID="0" NEXTID="0" UPDATEDATE="2024-09-11" STARTDATE="2024-09-11" ENDDATE="2079-06-06" ISACTUAL="1" ISACTIVE="1" /><STEAD ID="68693106" OBJECTID="165203435" OBJECTGUID="557c3968-26fa-42f2-b0df-32ecd03cfa45" CHANGEID="600901290" NUMBER="12" OPERTYPEID="10" PREVID="0" NEXTID="0" UPDATEDATE="2024-09-11" STARTDATE="2024-09-11" ENDDATE="2079-06-06" ISACTUAL="1" ISACTIVE="1" /><STEAD ID="68693108" OBJECTID="165203438" OBJECTGUID="c0d4ddcc-47de-4829-8cef-1647044d551d" CHANGEID="600901294" NUMBER="28" OPERTYPEID="10" PREVID="0" NEXTID="0" UPDATEDATE="2024-09-11" STARTDATE="2024-09-11" ENDDATE="2079-06-06" ISACTUAL="1" ISACTIVE="1" /><STEAD ID="68693110" OBJECTID="165203440" OBJECTGUID="845fc141-ff39-4e76-9dad-f630009f7d4e" CHANGEID="600901296" NUMBER="13" OPERTYPEID="10" PREVID="0" NEXTID="0" UPDATEDATE="2024-09-11" STARTDATE="2024-09-11" ENDDATE="2079-06-06" ISACTUAL="1" ISACTIVE="1" /><STEAD ID="68693098" OBJECTID="165203417" OBJECTGUID="58cdb974-bf57-4798-bf1b-28b73531bc9a" CHANGEID="600901269" NUMBER="33" OPERTYPEID="10" PREVID="0" NEXTID="0" UPDATEDATE="2024-09-11" STARTDATE="2024-09-11" ENDDATE="2079-06-06" ISACTUAL="1" ISACTIVE="1" /><STEAD ID="68693101" OBJECTID="165203426" OBJECTGUID="a901f16f-9407-465c-a929-1663facd05a8" CHANGEID="600901281" NUMBER="72" OPERTYPEID="10" PREVID="0" NEXTID="0" UPDATEDATE="2024-09-11" STARTDATE="2024-09-11" ENDDATE="2079-06-06" ISACTUAL="1" ISACTIVE="1" /><STEAD ID="68693102" OBJECTID="165203428" OBJECTGUID="85c0a1f3-cd0e-4055-9c7d-96970ed1ff30" CHANGEID="600901283" NUMBER="26" OPERTYPEID="10" PREVID="0" NEXTID="0" UPDATEDATE="2024-09-11" STARTDATE="2024-09-11" ENDDATE="2079-06-06" ISACTUAL="1" ISACTIVE="1" /><STEAD ID="68693107" OBJECTID="165203436" OBJECTGUID="0bff63d4-38fc-4598-8e09-783999e8b3df" CHANGEID="600901291" NUMBER="25" OPERTYPEID="10" PREVID="0" NEXTID="0" UPDATEDATE="2024-09-11" STARTDATE="2024-09-11" ENDDATE="2079-06-06" ISACTUAL="1" ISACTIVE="1" /><STEAD ID="68693109" OBJECTID="165203439" OBJECTGUID="8e08aa03-fdb0-4f1d-ba3a-eabd19166f63" CHANGEID="600901295" NUMBER="13" OPERTYPEID="10" PREVID="0" NEXTID="0" UPDATEDATE="2024-09-11" STARTDATE="2024-09-11" ENDDATE="2079-06-06" ISACTUAL="1" ISACTIVE="1" /></STEADS>