﻿<?xml version="1.0" encoding="utf-8"?><HOUSES><HOUSE ID="124744208" OBJECTID="160180590" OBJECTGUID="7673923e-6228-4521-ba9e-7cdb51c1d225" CHANGEID="508976778" HOUSENUM="37/1" HOUSETYPE="2" OPERTYPEID="61" PREVID="124744206" NEXTID="126755962" UPDATEDATE="2024-09-11" STARTDATE="2023-08-31" ENDDATE="2024-09-11" ISACTUAL="0" ISACTIVE="0" /><HOUSE ID="126735950" OBJECTID="165105736" OBJECTGUID="a5ce685d-8e81-4383-8b0b-65b4efa03dc6" CHANGEID="600588919" HOUSENUM="г/16/3" HOUSETYPE="4" OPERTYPEID="10" PREVID="0" NEXTID="0" UPDATEDATE="2024-09-06" STARTDATE="2024-09-06" ENDDATE="2079-06-06" ISACTUAL="1" ISACTIVE="1" /><HOUSE ID="126745137" OBJECTID="165141595" OBJECTGUID="ccc48791-fb2e-4064-99d7-e89e265f3411" CHANGEID="600776930" HOUSENUM="27" HOUSETYPE="2" OPERTYPEID="10" PREVID="0" NEXTID="0" UPDATEDATE="2024-09-09" STARTDATE="2024-09-09" ENDDATE="2079-06-06" ISACTUAL="1" ISACTIVE="1" /><HOUSE ID="126745148" OBJECTID="165141676" OBJECTGUID="ccd6f652-4747-4954-b086-8b4feb02e770" CHANGEID="600777029" HOUSENUM="31" HOUSETYPE="2" OPERTYPEID="10" PREVID="0" NEXTID="0" UPDATEDATE="2024-09-09" STARTDATE="2024-09-09" ENDDATE="2079-06-06" ISACTUAL="1" ISACTIVE="1" /><HOUSE ID="126745180" OBJECTID="165141783" OBJECTGUID="3262eda4-a114-4057-a484-d099593e3fb4" CHANGEID="600777203" HOUSENUM="26А" HOUSETYPE="2" OPERTYPEID="10" PREVID="0" NEXTID="0" UPDATEDATE="2024-09-09" STARTDATE="2024-09-09" ENDDATE="2079-06-06" ISACTUAL="1" ISACTIVE="1" /><HOUSE ID="126745194" OBJECTID="165141833" OBJECTGUID="deabfd8b-9352-4125-ae40-581fb6265798" CHANGEID="600777275" HOUSENUM="4" HOUSETYPE="5" OPERTYPEID="10" PREVID="0" NEXTID="0" UPDATEDATE="2024-09-09" STARTDATE="2024-09-09" ENDDATE="2079-06-06" ISACTUAL="1" ISACTIVE="1" /><HOUSE ID="126745468" OBJECTID="165142686" OBJECTGUID="9b6e8d45-121d-4147-994b-3560bd5adfda" CHANGEID="600779238" HOUSENUM="7/1" HOUSETYPE="2" OPERTYPEID="10" PREVID="0" NEXTID="0" UPDATEDATE="2024-09-09" STARTDATE="2024-09-09" ENDDATE="2079-06-06" ISACTUAL="1" ISACTIVE="1" /><HOUSE ID="126745469" OBJECTID="165142687" OBJECTGUID="e7d06f40-ddd9-43fc-98e6-b524a34306e9" CHANGEID="600779239" HOUSENUM="7/2" HOUSETYPE="2" OPERTYPEID="10" PREVID="0" NEXTID="0" UPDATEDATE="2024-09-09" STARTDATE="2024-09-09" ENDDATE="2079-06-06" ISACTUAL="1" ISACTIVE="1" /><HOUSE ID="126745470" OBJECTID="165142688" OBJECTGUID="fa868bc6-e720-440c-81a9-50382b81f8ca" CHANGEID="600779240" HOUSENUM="7/3" HOUSETYPE="2" OPERTYPEID="10" PREVID="0" NEXTID="0" UPDATEDATE="2024-09-09" STARTDATE="2024-09-09" ENDDATE="2079-06-06" ISACTUAL="1" ISACTIVE="1" /><HOUSE ID="126755962" OBJECTID="160180590" OBJECTGUID="7673923e-6228-4521-ba9e-7cdb51c1d225" CHANGEID="600883802" HOUSENUM="37" HOUSETYPE="2" OPERTYPEID="40" PREVID="124744208" UPDATEDATE="2024-09-11" STARTDATE="2024-09-11" ENDDATE="2079-06-06" ISACTUAL="1" ISACTIVE="1" /><HOUSE ID="124744207" OBJECTID="160180589" OBJECTGUID="a64cd587-3a74-46a2-89d1-af8283e8c73c" CHANGEID="508976777" HOUSENUM="37/2" HOUSETYPE="2" OPERTYPEID="61" PREVID="124744206" NEXTID="126755963" UPDATEDATE="2024-09-11" STARTDATE="2023-08-31" ENDDATE="2024-09-11" ISACTUAL="0" ISACTIVE="0" /><HOUSE ID="126755963" OBJECTID="160180589" OBJECTGUID="a64cd587-3a74-46a2-89d1-af8283e8c73c" CHANGEID="600883803" HOUSENUM="37/2" HOUSETYPE="2" OPERTYPEID="42" PREVID="124744207" NEXTID="126755962" UPDATEDATE="2024-09-11" STARTDATE="2024-09-11" ENDDATE="2079-06-06" ISACTUAL="1" ISACTIVE="0" /><HOUSE ID="126761934" OBJECTID="165221493" OBJECTGUID="aa5ba1e1-c2be-443f-97c4-9ca647767791" CHANGEID="600932936" HOUSENUM="15А" HOUSETYPE="2" OPERTYPEID="10" PREVID="0" NEXTID="0" UPDATEDATE="2024-09-11" STARTDATE="2024-09-11" ENDDATE="2079-06-06" ISACTUAL="1" ISACTIVE="1" /></HOUSES>