﻿<?xml version="1.0" encoding="utf-8"?><REESTR_OBJECTS><OBJECT OBJECTID="165061803" OBJECTGUID="1211912e-5c48-484c-8419-31cb2b6c89f9" CHANGEID="600513576" ISACTIVE="1" LEVELID="9" CREATEDATE="2024-09-05" UPDATEDATE="2024-09-05" /><OBJECT OBJECTID="165061811" OBJECTGUID="1a34a371-a2ef-4537-b245-1120917e609e" CHANGEID="600513586" ISACTIVE="1" LEVELID="9" CREATEDATE="2024-09-05" UPDATEDATE="2024-09-05" /><OBJECT OBJECTID="165061812" OBJECTGUID="ecc0bd70-d491-47c9-b838-14e0a69d80b5" CHANGEID="600513589" ISACTIVE="1" LEVELID="9" CREATEDATE="2024-09-05" UPDATEDATE="2024-09-05" /><OBJECT OBJECTID="165061813" OBJECTGUID="236602bb-5197-4741-9477-4f044347e239" CHANGEID="600513591" ISACTIVE="1" LEVELID="9" CREATEDATE="2024-09-05" UPDATEDATE="2024-09-05" /><OBJECT OBJECTID="165061814" OBJECTGUID="63f3ebb0-1437-4027-8f5c-917e26fb5033" CHANGEID="600513592" ISACTIVE="1" LEVELID="9" CREATEDATE="2024-09-05" UPDATEDATE="2024-09-05" /><OBJECT OBJECTID="165061815" OBJECTGUID="ce92e410-20d1-4d8b-bc1b-8cbcde698911" CHANGEID="600513593" ISACTIVE="1" LEVELID="9" CREATEDATE="2024-09-05" UPDATEDATE="2024-09-05" /><OBJECT OBJECTID="165061816" OBJECTGUID="0db18199-0071-4f77-9afd-f4ada3d5df88" CHANGEID="600513594" ISACTIVE="1" LEVELID="9" CREATEDATE="2024-09-05" UPDATEDATE="2024-09-05" /><OBJECT OBJECTID="165061817" OBJECTGUID="1eeaa145-be01-42b0-8dc1-b96175b990b7" CHANGEID="600513595" ISACTIVE="1" LEVELID="9" CREATEDATE="2024-09-05" UPDATEDATE="2024-09-05" /><OBJECT OBJECTID="165061818" OBJECTGUID="8468a005-8d8a-4157-b2e5-73cef6ea378c" CHANGEID="600513597" ISACTIVE="1" LEVELID="9" CREATEDATE="2024-09-05" UPDATEDATE="2024-09-05" /><OBJECT OBJECTID="165061819" OBJECTGUID="0dd044b9-e9bc-47d0-bf14-4c52df361baa" CHANGEID="600513599" ISACTIVE="1" LEVELID="9" CREATEDATE="2024-09-05" UPDATEDATE="2024-09-05" /><OBJECT OBJECTID="165061834" OBJECTGUID="4e764a06-b93a-4735-ad05-2af2a543c8b9" CHANGEID="600513618" ISACTIVE="1" LEVELID="9" CREATEDATE="2024-09-05" UPDATEDATE="2024-09-05" /><OBJECT OBJECTID="165061835" OBJECTGUID="2f0ea21b-0344-401f-89fe-e509b61b97af" CHANGEID="600513621" ISACTIVE="1" LEVELID="9" CREATEDATE="2024-09-05" UPDATEDATE="2024-09-05" /><OBJECT OBJECTID="165061836" OBJECTGUID="339f36d8-6bd1-4554-93f3-ac404b3c3a1a" CHANGEID="600513623" ISACTIVE="1" LEVELID="9" CREATEDATE="2024-09-05" UPDATEDATE="2024-09-05" /><OBJECT OBJECTID="165061845" OBJECTGUID="35a239bf-23b5-42ac-8b2c-98b0272f3b8e" CHANGEID="600513632" ISACTIVE="1" LEVELID="9" CREATEDATE="2024-09-05" UPDATEDATE="2024-09-05" /><OBJECT OBJECTID="165061846" OBJECTGUID="a9838834-efa0-42fb-b852-60382f262457" CHANGEID="600513633" ISACTIVE="1" LEVELID="9" CREATEDATE="2024-09-05" UPDATEDATE="2024-09-05" /><OBJECT OBJECTID="165063143" OBJECTGUID="48d39908-5119-48ed-a6cb-030f3be884ea" CHANGEID="600515736" ISACTIVE="1" LEVELID="9" CREATEDATE="2024-09-05" UPDATEDATE="2024-09-05" /><OBJECT OBJECTID="165063146" OBJECTGUID="f97b13bd-0f8d-4d95-92bc-900985c00338" CHANGEID="600515739" ISACTIVE="1" LEVELID="9" CREATEDATE="2024-09-05" UPDATEDATE="2024-09-05" /><OBJECT OBJECTID="165063148" OBJECTGUID="da35ea01-f286-485a-96b3-4219f12b526b" CHANGEID="600515745" ISACTIVE="1" LEVELID="9" CREATEDATE="2024-09-05" UPDATEDATE="2024-09-05" /><OBJECT OBJECTID="165063150" OBJECTGUID="552521b7-a1cc-4154-bd78-5519354b2b97" CHANGEID="600515748" ISACTIVE="1" LEVELID="9" CREATEDATE="2024-09-05" UPDATEDATE="2024-09-05" /><OBJECT OBJECTID="165063153" OBJECTGUID="970ea4ad-43b7-41bb-9aff-acaca0ea79b1" CHANGEID="600515751" ISACTIVE="1" LEVELID="9" CREATEDATE="2024-09-05" UPDATEDATE="2024-09-05" /><OBJECT OBJECTID="165063157" OBJECTGUID="4867f605-ae5f-40a3-8da3-ebb837d30f83" CHANGEID="600515755" ISACTIVE="1" LEVELID="9" CREATEDATE="2024-09-05" UPDATEDATE="2024-09-05" /><OBJECT OBJECTID="165063159" OBJECTGUID="019b8424-9bbc-4d7e-873b-2fb128be04b0" CHANGEID="600515757" ISACTIVE="1" LEVELID="9" CREATEDATE="2024-09-05" UPDATEDATE="2024-09-05" /><OBJECT OBJECTID="165063172" OBJECTGUID="d8745573-57a1-4887-8e8a-cf86dacb4438" CHANGEID="600515771" ISACTIVE="1" LEVELID="9" CREATEDATE="2024-09-05" UPDATEDATE="2024-09-05" /><OBJECT OBJECTID="165063174" OBJECTGUID="4fe26cd3-a393-4e7e-b51d-15e01322968a" CHANGEID="600515774" ISACTIVE="1" LEVELID="9" CREATEDATE="2024-09-05" UPDATEDATE="2024-09-05" /><OBJECT OBJECTID="165063176" OBJECTGUID="9de1ac4b-038f-48fa-abf4-5863a61a2a1d" CHANGEID="600515776" ISACTIVE="1" LEVELID="9" CREATEDATE="2024-09-05" UPDATEDATE="2024-09-05" /><OBJECT OBJECTID="165063178" OBJECTGUID="c8ca901d-5cac-4955-a5cc-7ba7b6b51354" CHANGEID="600515779" ISACTIVE="1" LEVELID="9" CREATEDATE="2024-09-05" UPDATEDATE="2024-09-05" /><OBJECT OBJECTID="165063187" OBJECTGUID="eed5d131-6fa5-4426-8736-f40b3f5542bd" CHANGEID="600515788" ISACTIVE="1" LEVELID="9" CREATEDATE="2024-09-05" UPDATEDATE="2024-09-05" /><OBJECT OBJECTID="165063188" OBJECTGUID="492083b8-e2b8-4163-af83-54f257bb6d4e" CHANGEID="600515789" ISACTIVE="1" LEVELID="9" CREATEDATE="2024-09-05" UPDATEDATE="2024-09-05" /><OBJECT OBJECTID="165070820" OBJECTGUID="731e8650-f4f1-4a67-9812-6d0351aeddfc" CHANGEID="600528426" ISACTIVE="1" LEVELID="9" CREATEDATE="2024-09-05" UPDATEDATE="2024-09-05" /><OBJECT OBJECTID="165070790" OBJECTGUID="b4494e7a-9ff4-449a-8767-78de05ac6c01" CHANGEID="600528379" ISACTIVE="1" LEVELID="9" CREATEDATE="2024-09-05" UPDATEDATE="2024-09-05" /><OBJECT OBJECTID="161342261" OBJECTGUID="687c46fa-46f7-4084-b580-a929ba316383" CHANGEID="600568225" ISACTIVE="1" LEVELID="9" CREATEDATE="2023-11-16" UPDATEDATE="2024-09-06" /><OBJECT OBJECTID="165070175" OBJECTGUID="020c308b-486f-4816-9e14-68edee0f6d3a" CHANGEID="600527478" ISACTIVE="1" LEVELID="9" CREATEDATE="2024-09-05" UPDATEDATE="2024-09-05" /><OBJECT OBJECTID="165070232" OBJECTGUID="6390dc73-044b-4784-9f21-07c42356391a" CHANGEID="600527575" ISACTIVE="1" LEVELID="9" CREATEDATE="2024-09-05" UPDATEDATE="2024-09-05" /><OBJECT OBJECTID="165070279" OBJECTGUID="078a6890-6321-4a62-93be-00c820d40cf9" CHANGEID="600527645" ISACTIVE="1" LEVELID="9" CREATEDATE="2024-09-05" UPDATEDATE="2024-09-05" /><OBJECT OBJECTID="165070412" OBJECTGUID="037eb159-edb2-4758-a7c7-3e88edd6d237" CHANGEID="600527861" ISACTIVE="1" LEVELID="9" CREATEDATE="2024-09-05" UPDATEDATE="2024-09-05" /><OBJECT OBJECTID="165070453" OBJECTGUID="335d7bd7-7f79-45d7-baa7-3380262fdbbc" CHANGEID="600527936" ISACTIVE="1" LEVELID="9" CREATEDATE="2024-09-05" UPDATEDATE="2024-09-05" /><OBJECT OBJECTID="165070514" OBJECTGUID="33f52e52-fb8f-4967-9594-2af5b3b6fbca" CHANGEID="600528026" ISACTIVE="1" LEVELID="9" CREATEDATE="2024-09-05" UPDATEDATE="2024-09-05" /><OBJECT OBJECTID="165070706" OBJECTGUID="3f56c49f-5bd8-460b-b375-866b85e1fcb6" CHANGEID="600528235" ISACTIVE="1" LEVELID="9" CREATEDATE="2024-09-05" UPDATEDATE="2024-09-05" /><OBJECT OBJECTID="165070763" OBJECTGUID="2329e883-8e61-40ed-bd39-44096ca3fee6" CHANGEID="600528344" ISACTIVE="1" LEVELID="9" CREATEDATE="2024-09-05" UPDATEDATE="2024-09-05" /><OBJECT OBJECTID="165070839" OBJECTGUID="67d60b87-de32-4222-86bf-ef8dc6a26e66" CHANGEID="600528456" ISACTIVE="1" LEVELID="9" CREATEDATE="2024-09-05" UPDATEDATE="2024-09-05" /><OBJECT OBJECTID="165071905" OBJECTGUID="d9629aaa-ded1-4a80-8d0f-d498e84d36b7" CHANGEID="600530115" ISACTIVE="1" LEVELID="9" CREATEDATE="2024-09-05" UPDATEDATE="2024-09-05" /><OBJECT OBJECTID="165071932" OBJECTGUID="9ffe8736-b8a8-40a8-ab69-3b8c7a25b891" CHANGEID="600530157" ISACTIVE="1" LEVELID="9" CREATEDATE="2024-09-05" UPDATEDATE="2024-09-05" /><OBJECT OBJECTID="165072016" OBJECTGUID="e481f3e2-2388-452c-82d9-5c7ba1259ab1" CHANGEID="600530255" ISACTIVE="1" LEVELID="9" CREATEDATE="2024-09-05" UPDATEDATE="2024-09-05" /><OBJECT OBJECTID="165072063" OBJECTGUID="74f6cf89-68c3-46ee-a9c9-e9b7a4aca743" CHANGEID="600530316" ISACTIVE="1" LEVELID="9" CREATEDATE="2024-09-05" UPDATEDATE="2024-09-05" /><OBJECT OBJECTID="165072109" OBJECTGUID="a8b1ef02-d907-4930-a9c9-7ef9c59cc5b9" CHANGEID="600530385" ISACTIVE="1" LEVELID="9" CREATEDATE="2024-09-05" UPDATEDATE="2024-09-05" /><OBJECT OBJECTID="165072144" OBJECTGUID="9244db83-5f43-406f-9a06-94004f443fe0" CHANGEID="600530442" ISACTIVE="1" LEVELID="9" CREATEDATE="2024-09-05" UPDATEDATE="2024-09-05" /><OBJECT OBJECTID="165072207" OBJECTGUID="b71acbe5-72d8-4b8d-a82f-d969d2ab63a8" CHANGEID="600530521" ISACTIVE="1" LEVELID="9" CREATEDATE="2024-09-05" UPDATEDATE="2024-09-05" /><OBJECT OBJECTID="165072276" OBJECTGUID="a66c938f-c0ee-4d98-b400-cd1c36c0c2e5" CHANGEID="600530602" ISACTIVE="1" LEVELID="9" CREATEDATE="2024-09-05" UPDATEDATE="2024-09-05" /><OBJECT OBJECTID="165072288" OBJECTGUID="1f288114-1828-4af3-9012-0156575f04f1" CHANGEID="600530633" ISACTIVE="1" LEVELID="9" CREATEDATE="2024-09-05" UPDATEDATE="2024-09-05" /><OBJECT OBJECTID="165072303" OBJECTGUID="f0cb82b0-9389-4624-b55f-30d390f5e36f" CHANGEID="600530664" ISACTIVE="1" LEVELID="9" CREATEDATE="2024-09-05" UPDATEDATE="2024-09-05" /><OBJECT OBJECTID="165072432" OBJECTGUID="93832fa8-c7e5-43a1-bb46-8feac92cc481" CHANGEID="600530808" ISACTIVE="1" LEVELID="9" CREATEDATE="2024-09-05" UPDATEDATE="2024-09-05" /><OBJECT OBJECTID="165072742" OBJECTGUID="af01fe47-2c48-4111-a67e-a989cdf039f8" CHANGEID="600531174" ISACTIVE="1" LEVELID="9" CREATEDATE="2024-09-05" UPDATEDATE="2024-09-05" /><OBJECT OBJECTID="165073132" OBJECTGUID="31ebd05a-7bdd-4b59-a2b8-3aa5a1b79c75" CHANGEID="600531848" ISACTIVE="1" LEVELID="9" CREATEDATE="2024-09-05" UPDATEDATE="2024-09-05" /><OBJECT OBJECTID="165073152" OBJECTGUID="795424f1-319d-4505-b436-e091f527c46b" CHANGEID="600531892" ISACTIVE="1" LEVELID="9" CREATEDATE="2024-09-05" UPDATEDATE="2024-09-05" /><OBJECT OBJECTID="165073270" OBJECTGUID="0ef5fd44-4d3f-49ef-8bdf-8da31625bf02" CHANGEID="600532037" ISACTIVE="1" LEVELID="9" CREATEDATE="2024-09-05" UPDATEDATE="2024-09-05" /><OBJECT OBJECTID="165073291" OBJECTGUID="8af8b2b5-1a55-4ea6-9430-831a769ab4e1" CHANGEID="600532081" ISACTIVE="1" LEVELID="9" CREATEDATE="2024-09-05" UPDATEDATE="2024-09-05" /><OBJECT OBJECTID="165073312" OBJECTGUID="b3cd7bab-f2d0-49bf-96c3-7485efa14738" CHANGEID="600532133" ISACTIVE="1" LEVELID="9" CREATEDATE="2024-09-05" UPDATEDATE="2024-09-05" /><OBJECT OBJECTID="165073439" OBJECTGUID="31a24255-5816-49e7-837d-1209aa5942d4" CHANGEID="600532278" ISACTIVE="1" LEVELID="9" CREATEDATE="2024-09-05" UPDATEDATE="2024-09-05" /><OBJECT OBJECTID="165073457" OBJECTGUID="0889e6cd-bab6-4cb2-ab36-74847921a502" CHANGEID="600532322" ISACTIVE="1" LEVELID="9" CREATEDATE="2024-09-05" UPDATEDATE="2024-09-05" /><OBJECT OBJECTID="165073477" OBJECTGUID="70f65bf1-ea50-45bb-b18a-1769e2d707d9" CHANGEID="600532364" ISACTIVE="1" LEVELID="9" CREATEDATE="2024-09-05" UPDATEDATE="2024-09-05" /><OBJECT OBJECTID="165073727" OBJECTGUID="402d1e56-d682-484c-8649-8a2501cdcd87" CHANGEID="600532640" ISACTIVE="1" LEVELID="9" CREATEDATE="2024-09-05" UPDATEDATE="2024-09-05" /><OBJECT OBJECTID="165073756" OBJECTGUID="b114cf7e-e4f3-4b39-9d0a-d60246da2e3d" CHANGEID="600532693" ISACTIVE="1" LEVELID="9" CREATEDATE="2024-09-05" UPDATEDATE="2024-09-05" /><OBJECT OBJECTID="165073768" OBJECTGUID="5c9aebda-d0cc-4719-966d-addfbb4b09c3" CHANGEID="600532724" ISACTIVE="1" LEVELID="9" CREATEDATE="2024-09-05" UPDATEDATE="2024-09-05" /><OBJECT OBJECTID="165074187" OBJECTGUID="892c48f7-be23-4f05-9315-16a2c5ab6fc0" CHANGEID="600533266" ISACTIVE="1" LEVELID="9" CREATEDATE="2024-09-05" UPDATEDATE="2024-09-05" /><OBJECT OBJECTID="165074208" OBJECTGUID="ebf0d53d-85b3-4dd2-8806-03651f8bf1a5" CHANGEID="600533305" ISACTIVE="1" LEVELID="9" CREATEDATE="2024-09-05" UPDATEDATE="2024-09-05" /><OBJECT OBJECTID="165074295" OBJECTGUID="7857855d-ad67-423b-a788-3082d83f8518" CHANGEID="600533414" ISACTIVE="1" LEVELID="9" CREATEDATE="2024-09-05" UPDATEDATE="2024-09-05" /><OBJECT OBJECTID="165074321" OBJECTGUID="9c72111f-ba69-4ea0-94a7-5524052f3ef7" CHANGEID="600533447" ISACTIVE="1" LEVELID="9" CREATEDATE="2024-09-05" UPDATEDATE="2024-09-05" /><OBJECT OBJECTID="165074333" OBJECTGUID="0484f7fc-63b0-4c67-9c23-5bbce50af7b6" CHANGEID="600533492" ISACTIVE="1" LEVELID="9" CREATEDATE="2024-09-05" UPDATEDATE="2024-09-05" /><OBJECT OBJECTID="165074346" OBJECTGUID="177716be-f188-4a60-9145-411787fa4d56" CHANGEID="600533527" ISACTIVE="1" LEVELID="9" CREATEDATE="2024-09-05" UPDATEDATE="2024-09-05" /><OBJECT OBJECTID="165075183" OBJECTGUID="597da9a9-4b30-4f95-8b36-0836b45fdae4" CHANGEID="600535357" ISACTIVE="1" LEVELID="9" CREATEDATE="2024-09-05" UPDATEDATE="2024-09-05" /><OBJECT OBJECTID="165075202" OBJECTGUID="933232f7-9571-4011-a474-8d8cc7a2fbe8" CHANGEID="600535391" ISACTIVE="1" LEVELID="9" CREATEDATE="2024-09-05" UPDATEDATE="2024-09-05" /><OBJECT OBJECTID="165075220" OBJECTGUID="d90b0c19-f874-4191-bd6c-6003e1ff6ee6" CHANGEID="600535429" ISACTIVE="1" LEVELID="9" CREATEDATE="2024-09-05" UPDATEDATE="2024-09-05" /><OBJECT OBJECTID="165075236" OBJECTGUID="94a5ea9d-9fe2-4b93-a522-0d6024653ea8" CHANGEID="600535495" ISACTIVE="1" LEVELID="9" CREATEDATE="2024-09-05" UPDATEDATE="2024-09-05" /><OBJECT OBJECTID="165075319" OBJECTGUID="d179ffaf-a5c1-4667-886f-2e7a50777b97" CHANGEID="600535590" ISACTIVE="1" LEVELID="9" CREATEDATE="2024-09-05" UPDATEDATE="2024-09-05" /><OBJECT OBJECTID="165075342" OBJECTGUID="6dada9f6-5b8f-4cb8-a02f-e5b3ad4d7248" CHANGEID="600535622" ISACTIVE="1" LEVELID="9" CREATEDATE="2024-09-05" UPDATEDATE="2024-09-05" /><OBJECT OBJECTID="165075597" OBJECTGUID="18e30781-5207-4484-8bc1-3498a7323c54" CHANGEID="600535989" ISACTIVE="1" LEVELID="9" CREATEDATE="2024-09-05" UPDATEDATE="2024-09-05" /><OBJECT OBJECTID="165075635" OBJECTGUID="35f1bde4-7aa0-4e01-a3db-3624e3167185" CHANGEID="600536043" ISACTIVE="1" LEVELID="9" CREATEDATE="2024-09-05" UPDATEDATE="2024-09-05" /><OBJECT OBJECTID="165075649" OBJECTGUID="97c65f5e-c6ac-4bf2-a623-c6571039aa4a" CHANGEID="600536078" ISACTIVE="1" LEVELID="9" CREATEDATE="2024-09-05" UPDATEDATE="2024-09-05" /><OBJECT OBJECTID="165075681" OBJECTGUID="b747584b-1b11-4b80-af11-c1bca1bed0c0" CHANGEID="600536121" ISACTIVE="1" LEVELID="9" CREATEDATE="2024-09-05" UPDATEDATE="2024-09-05" /><OBJECT OBJECTID="165075703" OBJECTGUID="654cc547-1497-47ce-b313-a9cd84d6df07" CHANGEID="600536149" ISACTIVE="1" LEVELID="9" CREATEDATE="2024-09-05" UPDATEDATE="2024-09-05" /><OBJECT OBJECTID="165075712" OBJECTGUID="a556cf93-db6d-4963-bff2-78c135f98892" CHANGEID="600536170" ISACTIVE="1" LEVELID="9" CREATEDATE="2024-09-05" UPDATEDATE="2024-09-05" /><OBJECT OBJECTID="165075727" OBJECTGUID="ee6bc5f8-a879-419f-8275-d66826d62095" CHANGEID="600536189" ISACTIVE="1" LEVELID="9" CREATEDATE="2024-09-05" UPDATEDATE="2024-09-05" /><OBJECT OBJECTID="165075742" OBJECTGUID="a2e2880a-32b6-4619-bfa7-0166eed647b8" CHANGEID="600536228" ISACTIVE="1" LEVELID="9" CREATEDATE="2024-09-05" UPDATEDATE="2024-09-05" /><OBJECT OBJECTID="165075774" OBJECTGUID="26401390-aa39-4f00-88c7-3fbe538e5280" CHANGEID="600536270" ISACTIVE="1" LEVELID="9" CREATEDATE="2024-09-05" UPDATEDATE="2024-09-05" /><OBJECT OBJECTID="165075861" OBJECTGUID="804c7f10-f2d3-43f4-99a9-6bf47e3c5766" CHANGEID="600536445" ISACTIVE="1" LEVELID="9" CREATEDATE="2024-09-05" UPDATEDATE="2024-09-05" /><OBJECT OBJECTID="165077378" OBJECTGUID="03bb58a0-0ad9-4e7a-a7db-4ebf7c2ed65e" CHANGEID="600538443" ISACTIVE="1" LEVELID="9" CREATEDATE="2024-09-05" UPDATEDATE="2024-09-05" /><OBJECT OBJECTID="165077400" OBJECTGUID="b4216274-bcbe-4b9c-9a79-65917137d4d0" CHANGEID="600538493" ISACTIVE="1" LEVELID="9" CREATEDATE="2024-09-05" UPDATEDATE="2024-09-05" /><OBJECT OBJECTID="165077415" OBJECTGUID="131f6d18-dcf7-4a06-bb65-331106b6d718" CHANGEID="600538512" ISACTIVE="1" LEVELID="9" CREATEDATE="2024-09-05" UPDATEDATE="2024-09-05" /><OBJECT OBJECTID="165077440" OBJECTGUID="95bfc12c-7304-443a-a3c1-a850f10ba085" CHANGEID="600538550" ISACTIVE="1" LEVELID="9" CREATEDATE="2024-09-05" UPDATEDATE="2024-09-05" /><OBJECT OBJECTID="165079266" OBJECTGUID="bb7b47c1-f0ca-40b0-b8ef-1b258592ff35" CHANGEID="600541190" ISACTIVE="1" LEVELID="9" CREATEDATE="2024-09-05" UPDATEDATE="2024-09-05" /><OBJECT OBJECTID="165077455" OBJECTGUID="ce6d81f0-41ab-4563-9277-0a78017bcaab" CHANGEID="600538588" ISACTIVE="1" LEVELID="9" CREATEDATE="2024-09-05" UPDATEDATE="2024-09-05" /><OBJECT OBJECTID="165077478" OBJECTGUID="f46cfe35-b8f4-41d1-adba-a7a6ff451842" CHANGEID="600538626" ISACTIVE="1" LEVELID="9" CREATEDATE="2024-09-05" UPDATEDATE="2024-09-05" /><OBJECT OBJECTID="165077508" OBJECTGUID="b4506267-37bd-45cb-9a02-b35f634c448f" CHANGEID="600538689" ISACTIVE="1" LEVELID="9" CREATEDATE="2024-09-05" UPDATEDATE="2024-09-05" /><OBJECT OBJECTID="165077514" OBJECTGUID="c52fb4ab-0566-419d-883d-26eaede05d8b" CHANGEID="600538703" ISACTIVE="1" LEVELID="9" CREATEDATE="2024-09-05" UPDATEDATE="2024-09-05" /><OBJECT OBJECTID="165077533" OBJECTGUID="fd6e8e39-23e9-484f-b905-39b6e92f7cf2" CHANGEID="600538744" ISACTIVE="1" LEVELID="9" CREATEDATE="2024-09-05" UPDATEDATE="2024-09-05" /><OBJECT OBJECTID="165077546" OBJECTGUID="98a42147-340d-466a-b8ca-9c4c7cd2ee4c" CHANGEID="600538775" ISACTIVE="1" LEVELID="9" CREATEDATE="2024-09-05" UPDATEDATE="2024-09-05" /><OBJECT OBJECTID="165077564" OBJECTGUID="f5238dbd-ce34-4e16-a6ff-b03ebf199892" CHANGEID="600538800" ISACTIVE="1" LEVELID="9" CREATEDATE="2024-09-05" UPDATEDATE="2024-09-05" /><OBJECT OBJECTID="165077616" OBJECTGUID="ba5dfc06-f3f5-4c77-b868-66a0b2a5ccc8" CHANGEID="600538886" ISACTIVE="1" LEVELID="9" CREATEDATE="2024-09-05" UPDATEDATE="2024-09-05" /><OBJECT OBJECTID="165077637" OBJECTGUID="704c2d68-53e6-4760-bff5-3d25a417be53" CHANGEID="600538914" ISACTIVE="1" LEVELID="9" CREATEDATE="2024-09-05" UPDATEDATE="2024-09-05" /><OBJECT OBJECTID="165077655" OBJECTGUID="f7bf1867-135f-442e-ad34-e39ab54ed599" CHANGEID="600538939" ISACTIVE="1" LEVELID="9" CREATEDATE="2024-09-05" UPDATEDATE="2024-09-05" /><OBJECT OBJECTID="165077673" OBJECTGUID="2586f597-0854-4474-985d-027e476046df" CHANGEID="600538961" ISACTIVE="1" LEVELID="9" CREATEDATE="2024-09-05" UPDATEDATE="2024-09-05" /><OBJECT OBJECTID="165077703" OBJECTGUID="7e341f96-2e22-4ccc-9f68-f800c78fe9d5" CHANGEID="600538996" ISACTIVE="1" LEVELID="9" CREATEDATE="2024-09-05" UPDATEDATE="2024-09-05" /><OBJECT OBJECTID="165077712" OBJECTGUID="93d5d027-2471-4f33-b93d-c616f38d4fae" CHANGEID="600539021" ISACTIVE="1" LEVELID="9" CREATEDATE="2024-09-05" UPDATEDATE="2024-09-05" /><OBJECT OBJECTID="165077733" OBJECTGUID="1ed8ecea-7959-4def-bc77-7a7c64d7b31f" CHANGEID="600539047" ISACTIVE="1" LEVELID="9" CREATEDATE="2024-09-05" UPDATEDATE="2024-09-05" /><OBJECT OBJECTID="165077741" OBJECTGUID="09bd9c2a-a868-4e00-b60b-28e208fd2374" CHANGEID="600539061" ISACTIVE="1" LEVELID="9" CREATEDATE="2024-09-05" UPDATEDATE="2024-09-05" /><OBJECT OBJECTID="165079279" OBJECTGUID="5235116d-d31f-4742-86ca-d6d9b9a15db5" CHANGEID="600541212" ISACTIVE="1" LEVELID="9" CREATEDATE="2024-09-05" UPDATEDATE="2024-09-05" /><OBJECT OBJECTID="165079230" OBJECTGUID="5b1b5f2f-dd9b-43fe-bddc-6151e64e7122" CHANGEID="600541122" ISACTIVE="1" LEVELID="9" CREATEDATE="2024-09-05" UPDATEDATE="2024-09-05" /><OBJECT OBJECTID="165079243" OBJECTGUID="a57b9d2d-e99b-4061-9d12-637883d65ec0" CHANGEID="600541144" ISACTIVE="1" LEVELID="9" CREATEDATE="2024-09-05" UPDATEDATE="2024-09-05" /><OBJECT OBJECTID="165079255" OBJECTGUID="6bb444c4-4b49-4d36-9f09-23576e46ecd3" CHANGEID="600541171" ISACTIVE="1" LEVELID="9" CREATEDATE="2024-09-05" UPDATEDATE="2024-09-05" /><OBJECT OBJECTID="165079295" OBJECTGUID="b547645d-9553-42ad-a75d-0137c53e037a" CHANGEID="600541232" ISACTIVE="1" LEVELID="9" CREATEDATE="2024-09-05" UPDATEDATE="2024-09-05" /><OBJECT OBJECTID="165079306" OBJECTGUID="ae088f60-cf7d-4911-b381-c59e20b9b943" CHANGEID="600541260" ISACTIVE="1" LEVELID="9" CREATEDATE="2024-09-05" UPDATEDATE="2024-09-05" /><OBJECT OBJECTID="165079315" OBJECTGUID="008add63-8252-48f8-9983-cfac1c09d486" CHANGEID="600541280" ISACTIVE="1" LEVELID="9" CREATEDATE="2024-09-05" UPDATEDATE="2024-09-05" /><OBJECT OBJECTID="165079345" OBJECTGUID="e034d204-6218-435d-8f0e-7d0137b9fd3a" CHANGEID="600541318" ISACTIVE="1" LEVELID="9" CREATEDATE="2024-09-05" UPDATEDATE="2024-09-05" /><OBJECT OBJECTID="165079360" OBJECTGUID="cfc87d7f-7215-4cf5-987c-c23909eb5958" CHANGEID="600541340" ISACTIVE="1" LEVELID="9" CREATEDATE="2024-09-05" UPDATEDATE="2024-09-05" /><OBJECT OBJECTID="165079390" OBJECTGUID="9179c490-db49-4a89-a1af-bd1434040806" CHANGEID="600541377" ISACTIVE="1" LEVELID="9" CREATEDATE="2024-09-05" UPDATEDATE="2024-09-05" /><OBJECT OBJECTID="165079407" OBJECTGUID="02a286af-2368-4c64-b6f8-b51dd80a549c" CHANGEID="600541616" ISACTIVE="1" LEVELID="9" CREATEDATE="2024-09-05" UPDATEDATE="2024-09-05" /><OBJECT OBJECTID="165082116" OBJECTGUID="bc899824-0e32-4bef-b120-d2ad7d7423e3" CHANGEID="600546231" ISACTIVE="1" LEVELID="9" CREATEDATE="2024-09-05" UPDATEDATE="2024-09-05" /><OBJECT OBJECTID="165082121" OBJECTGUID="99d06e0c-827e-416d-8e68-888a5e8f1995" CHANGEID="600546249" ISACTIVE="1" LEVELID="9" CREATEDATE="2024-09-05" UPDATEDATE="2024-09-05" /><OBJECT OBJECTID="165082134" OBJECTGUID="a07456e1-51c9-4e6c-913b-f404ff9e86fe" CHANGEID="600546289" ISACTIVE="1" LEVELID="9" CREATEDATE="2024-09-05" UPDATEDATE="2024-09-05" /><OBJECT OBJECTID="165081148" OBJECTGUID="961c5cac-215d-457f-a902-05db3989e31f" CHANGEID="600544894" ISACTIVE="1" LEVELID="9" CREATEDATE="2024-09-05" UPDATEDATE="2024-09-05" /><OBJECT OBJECTID="165081160" OBJECTGUID="0ae4ad3a-d0a8-48c6-9390-1924770437d4" CHANGEID="600544949" ISACTIVE="1" LEVELID="9" CREATEDATE="2024-09-05" UPDATEDATE="2024-09-05" /><OBJECT OBJECTID="165082020" OBJECTGUID="91f2102d-6bc4-4a2d-95ce-a0b0e92d17ed" CHANGEID="600546053" ISACTIVE="1" LEVELID="9" CREATEDATE="2024-09-05" UPDATEDATE="2024-09-05" /><OBJECT OBJECTID="165082036" OBJECTGUID="0ed04707-fca1-4721-98fd-68f5c2258a20" CHANGEID="600546079" ISACTIVE="1" LEVELID="9" CREATEDATE="2024-09-05" UPDATEDATE="2024-09-05" /><OBJECT OBJECTID="165082072" OBJECTGUID="949e3e06-9f19-4cb0-af8c-62937e5b94c5" CHANGEID="600546162" ISACTIVE="1" LEVELID="9" CREATEDATE="2024-09-05" UPDATEDATE="2024-09-05" /><OBJECT OBJECTID="165082089" OBJECTGUID="927a607d-4a37-4db6-80cb-f99935315add" CHANGEID="600546184" ISACTIVE="1" LEVELID="9" CREATEDATE="2024-09-05" UPDATEDATE="2024-09-05" /><OBJECT OBJECTID="165082102" OBJECTGUID="f0b3e41a-b24e-44c6-b7ef-d416fdaf643f" CHANGEID="600546206" ISACTIVE="1" LEVELID="9" CREATEDATE="2024-09-05" UPDATEDATE="2024-09-05" /><OBJECT OBJECTID="165082174" OBJECTGUID="77bd1bb2-db6a-40a8-8a87-b5b9cc2a20f7" CHANGEID="600546340" ISACTIVE="1" LEVELID="9" CREATEDATE="2024-09-05" UPDATEDATE="2024-09-05" /><OBJECT OBJECTID="165082204" OBJECTGUID="9302794d-f611-4f92-a17a-00759d5e8250" CHANGEID="600546404" ISACTIVE="1" LEVELID="9" CREATEDATE="2024-09-05" UPDATEDATE="2024-09-05" /><OBJECT OBJECTID="165094743" OBJECTGUID="e263494f-515b-4a70-ac15-879a2f787ef7" CHANGEID="600568156" ISACTIVE="1" LEVELID="9" CREATEDATE="2024-09-06" UPDATEDATE="2024-09-06" /><OBJECT OBJECTID="165094749" OBJECTGUID="0f61bf70-cf0f-4d5e-872e-a4ca99cd5a1d" CHANGEID="600568163" ISACTIVE="1" LEVELID="9" CREATEDATE="2024-09-06" UPDATEDATE="2024-09-06" /><OBJECT OBJECTID="165094741" OBJECTGUID="613c0695-df9f-4074-a9f7-663dcc1d4654" CHANGEID="600568152" ISACTIVE="1" LEVELID="9" CREATEDATE="2024-09-06" UPDATEDATE="2024-09-06" /><OBJECT OBJECTID="165094742" OBJECTGUID="7faae422-68e1-48b6-9efe-96e6c1b77e97" CHANGEID="600568155" ISACTIVE="1" LEVELID="9" CREATEDATE="2024-09-06" UPDATEDATE="2024-09-06" /><OBJECT OBJECTID="165094744" OBJECTGUID="79c0b50a-9750-4ca5-a252-a2ad64cb8d3d" CHANGEID="600568157" ISACTIVE="1" LEVELID="9" CREATEDATE="2024-09-06" UPDATEDATE="2024-09-06" /><OBJECT OBJECTID="165094751" OBJECTGUID="8e99aaed-ca17-442a-a590-a84d8d1e2d5f" CHANGEID="600568165" ISACTIVE="1" LEVELID="9" CREATEDATE="2024-09-06" UPDATEDATE="2024-09-06" /><OBJECT OBJECTID="165094753" OBJECTGUID="7a7d07c3-d4ab-4149-88c7-1ad3e35ae9e8" CHANGEID="600568167" ISACTIVE="1" LEVELID="9" CREATEDATE="2024-09-06" UPDATEDATE="2024-09-06" /><OBJECT OBJECTID="165094756" OBJECTGUID="c5816972-ba2b-46fc-a3c5-4b2827bfd45d" CHANGEID="600568185" ISACTIVE="1" LEVELID="9" CREATEDATE="2024-09-06" UPDATEDATE="2024-09-06" /><OBJECT OBJECTID="165094758" OBJECTGUID="8d41240d-5f86-4bf7-b9cf-f3aff17cdb4e" CHANGEID="600568187" ISACTIVE="1" LEVELID="9" CREATEDATE="2024-09-06" UPDATEDATE="2024-09-06" /><OBJECT OBJECTID="165094760" OBJECTGUID="ed2f9a6d-4969-465a-9143-0b24a86709c3" CHANGEID="600568189" ISACTIVE="1" LEVELID="9" CREATEDATE="2024-09-06" UPDATEDATE="2024-09-06" /><OBJECT OBJECTID="165094752" OBJECTGUID="fc3b1734-1cf8-4cba-a7e4-e1e70444a97d" CHANGEID="600568166" ISACTIVE="1" LEVELID="9" CREATEDATE="2024-09-06" UPDATEDATE="2024-09-06" /><OBJECT OBJECTID="165094754" OBJECTGUID="a047ed4f-59bb-458d-9b7c-6701570409c0" CHANGEID="600568168" ISACTIVE="1" LEVELID="9" CREATEDATE="2024-09-06" UPDATEDATE="2024-09-06" /><OBJECT OBJECTID="165094757" OBJECTGUID="c5fb0c38-701b-4f91-90a9-4b7aa4ea86a7" CHANGEID="600568186" ISACTIVE="1" LEVELID="9" CREATEDATE="2024-09-06" UPDATEDATE="2024-09-06" /><OBJECT OBJECTID="165094759" OBJECTGUID="5ebaf169-0cc2-4fd8-a020-0787a7585397" CHANGEID="600568188" ISACTIVE="1" LEVELID="9" CREATEDATE="2024-09-06" UPDATEDATE="2024-09-06" /><OBJECT OBJECTID="165094765" OBJECTGUID="c4e00107-d835-4670-a2fe-888642844a74" CHANGEID="600568195" ISACTIVE="1" LEVELID="9" CREATEDATE="2024-09-06" UPDATEDATE="2024-09-06" /><OBJECT OBJECTID="165094767" OBJECTGUID="34639177-2735-4dc9-895f-f334d27ab683" CHANGEID="600568197" ISACTIVE="1" LEVELID="9" CREATEDATE="2024-09-06" UPDATEDATE="2024-09-06" /><OBJECT OBJECTID="165094762" OBJECTGUID="74daa99e-6f0e-4be4-a4b0-6bc456d2aa35" CHANGEID="600568192" ISACTIVE="1" LEVELID="9" CREATEDATE="2024-09-06" UPDATEDATE="2024-09-06" /><OBJECT OBJECTID="165094768" OBJECTGUID="3ef13eba-6c58-428a-8c4b-c45196d5675a" CHANGEID="600568198" ISACTIVE="1" LEVELID="9" CREATEDATE="2024-09-06" UPDATEDATE="2024-09-06" /><OBJECT OBJECTID="165094770" OBJECTGUID="497e8598-1f6d-4bf2-9479-3fbe12e5cb18" CHANGEID="600568200" ISACTIVE="1" LEVELID="9" CREATEDATE="2024-09-06" UPDATEDATE="2024-09-06" /><OBJECT OBJECTID="165094769" OBJECTGUID="422a3303-2048-4326-8cde-0091dbc3a617" CHANGEID="600568199" ISACTIVE="1" LEVELID="9" CREATEDATE="2024-09-06" UPDATEDATE="2024-09-06" /><OBJECT OBJECTID="165094783" OBJECTGUID="e13ebe34-b165-4754-bd95-a0b921b129d9" CHANGEID="600568226" ISACTIVE="1" LEVELID="9" CREATEDATE="2024-09-06" UPDATEDATE="2024-09-06" /><OBJECT OBJECTID="165094785" OBJECTGUID="5ffdc354-82f1-46cc-88e3-5c54b4862628" CHANGEID="600568228" ISACTIVE="1" LEVELID="9" CREATEDATE="2024-09-06" UPDATEDATE="2024-09-06" /><OBJECT OBJECTID="165094787" OBJECTGUID="2e0f9fb2-03ba-4154-a327-a658c4128721" CHANGEID="600568230" ISACTIVE="1" LEVELID="9" CREATEDATE="2024-09-06" UPDATEDATE="2024-09-06" /><OBJECT OBJECTID="165094789" OBJECTGUID="2d65cd37-389c-4ce8-b0dc-4b432f8fa6c2" CHANGEID="600568232" ISACTIVE="1" LEVELID="9" CREATEDATE="2024-09-06" UPDATEDATE="2024-09-06" /><OBJECT OBJECTID="165094791" OBJECTGUID="c5ad4f5f-14cf-4ff9-b66a-1e1714304fab" CHANGEID="600568234" ISACTIVE="1" LEVELID="9" CREATEDATE="2024-09-06" UPDATEDATE="2024-09-06" /><OBJECT OBJECTID="165094784" OBJECTGUID="e2d07f70-b584-48b4-9f85-32c86bbb39e9" CHANGEID="600568227" ISACTIVE="1" LEVELID="9" CREATEDATE="2024-09-06" UPDATEDATE="2024-09-06" /><OBJECT OBJECTID="165094786" OBJECTGUID="6b399a3e-9953-4b19-b923-58339115bc68" CHANGEID="600568229" ISACTIVE="1" LEVELID="9" CREATEDATE="2024-09-06" UPDATEDATE="2024-09-06" /><OBJECT OBJECTID="165094788" OBJECTGUID="91d31bfd-9f80-4c78-81b7-f444f18cb2cc" CHANGEID="600568231" ISACTIVE="1" LEVELID="9" CREATEDATE="2024-09-06" UPDATEDATE="2024-09-06" /><OBJECT OBJECTID="165094790" OBJECTGUID="3084dff5-f36b-4c36-ac9d-16bfba2c9ca2" CHANGEID="600568233" ISACTIVE="1" LEVELID="9" CREATEDATE="2024-09-06" UPDATEDATE="2024-09-06" /><OBJECT OBJECTID="165105442" OBJECTGUID="94c2be71-e449-4810-8111-27d6e350087b" CHANGEID="600588447" ISACTIVE="1" LEVELID="9" CREATEDATE="2024-09-06" UPDATEDATE="2024-09-06" /><OBJECT OBJECTID="165105523" OBJECTGUID="8e9dab60-0953-4fe0-a3cc-2d39963f6e1d" CHANGEID="600588545" ISACTIVE="1" LEVELID="9" CREATEDATE="2024-09-06" UPDATEDATE="2024-09-06" /><OBJECT OBJECTID="165105531" OBJECTGUID="09837f77-3e4c-4d2c-9538-b4b92fca693e" CHANGEID="600588566" ISACTIVE="1" LEVELID="9" CREATEDATE="2024-09-06" UPDATEDATE="2024-09-06" /><OBJECT OBJECTID="165105527" OBJECTGUID="3f00850d-d486-4b86-bde6-32f3323d1bd6" CHANGEID="600588561" ISACTIVE="1" LEVELID="9" CREATEDATE="2024-09-06" UPDATEDATE="2024-09-06" /><OBJECT OBJECTID="165105538" OBJECTGUID="6222d91c-e607-42c7-9261-d3c77eba4ede" CHANGEID="600588589" ISACTIVE="1" LEVELID="9" CREATEDATE="2024-09-06" UPDATEDATE="2024-09-06" /><OBJECT OBJECTID="165105576" OBJECTGUID="f42ecc32-fd06-4c85-8224-c4f046965c7d" CHANGEID="600588645" ISACTIVE="1" LEVELID="9" CREATEDATE="2024-09-06" UPDATEDATE="2024-09-06" /><OBJECT OBJECTID="165105622" OBJECTGUID="a1817fcd-947c-4be6-b4c0-d94fe58410ad" CHANGEID="600588726" ISACTIVE="1" LEVELID="9" CREATEDATE="2024-09-06" UPDATEDATE="2024-09-06" /><OBJECT OBJECTID="165105623" OBJECTGUID="eb70d9d3-0383-4a31-867a-1a15aaad6c9c" CHANGEID="600588727" ISACTIVE="1" LEVELID="9" CREATEDATE="2024-09-06" UPDATEDATE="2024-09-06" /><OBJECT OBJECTID="165105624" OBJECTGUID="39fde69e-e545-44aa-af95-d2404b7e966f" CHANGEID="600588728" ISACTIVE="1" LEVELID="9" CREATEDATE="2024-09-06" UPDATEDATE="2024-09-06" /><OBJECT OBJECTID="165105625" OBJECTGUID="42eea726-7521-47bb-abcf-8870a20b2eac" CHANGEID="600588729" ISACTIVE="1" LEVELID="9" CREATEDATE="2024-09-06" UPDATEDATE="2024-09-06" /><OBJECT OBJECTID="165105689" OBJECTGUID="4e5ecbf2-c153-446c-ba99-c55b8cd6d029" CHANGEID="600588818" ISACTIVE="1" LEVELID="9" CREATEDATE="2024-09-06" UPDATEDATE="2024-09-06" /><OBJECT OBJECTID="165105717" OBJECTGUID="955a3720-0890-4c7f-a224-31ab86d9dd5f" CHANGEID="600588864" ISACTIVE="1" LEVELID="9" CREATEDATE="2024-09-06" UPDATEDATE="2024-09-06" /><OBJECT OBJECTID="165105723" OBJECTGUID="64d09f76-7fdb-4fa7-9d69-18805b60d769" CHANGEID="600588882" ISACTIVE="1" LEVELID="9" CREATEDATE="2024-09-06" UPDATEDATE="2024-09-06" /><OBJECT OBJECTID="165105727" OBJECTGUID="73b405b5-5b34-4d8d-bc69-c252ba885c0b" CHANGEID="600588897" ISACTIVE="1" LEVELID="9" CREATEDATE="2024-09-06" UPDATEDATE="2024-09-06" /><OBJECT OBJECTID="165105736" OBJECTGUID="a5ce685d-8e81-4383-8b0b-65b4efa03dc6" CHANGEID="600588919" ISACTIVE="1" LEVELID="10" CREATEDATE="2024-09-06" UPDATEDATE="2024-09-06" /><OBJECT OBJECTID="165105743" OBJECTGUID="b692cc81-50f1-4f9c-a71c-c28e141004ba" CHANGEID="600588948" ISACTIVE="1" LEVELID="9" CREATEDATE="2024-09-06" UPDATEDATE="2024-09-06" /><OBJECT OBJECTID="165106496" OBJECTGUID="7c87c695-5ceb-4c26-b90e-1286a37e8537" CHANGEID="600590448" ISACTIVE="1" LEVELID="9" CREATEDATE="2024-09-06" UPDATEDATE="2024-09-06" /><OBJECT OBJECTID="165106503" OBJECTGUID="8fdf8e92-0984-4574-9480-261f30855286" CHANGEID="600590470" ISACTIVE="1" LEVELID="9" CREATEDATE="2024-09-06" UPDATEDATE="2024-09-06" /><OBJECT OBJECTID="165108956" OBJECTGUID="082c39e3-e69c-480c-ac51-e205ba2ee4e3" CHANGEID="600594215" ISACTIVE="1" LEVELID="9" CREATEDATE="2024-09-06" UPDATEDATE="2024-09-06" /><OBJECT OBJECTID="165108957" OBJECTGUID="bf9d7e1c-a2f2-429e-ae27-f5daa94cd624" CHANGEID="600594216" ISACTIVE="1" LEVELID="9" CREATEDATE="2024-09-06" UPDATEDATE="2024-09-06" /><OBJECT OBJECTID="165108958" OBJECTGUID="57b7bf80-7cef-46e0-bde5-ffc5e38f79bd" CHANGEID="600594217" ISACTIVE="1" LEVELID="9" CREATEDATE="2024-09-06" UPDATEDATE="2024-09-06" /><OBJECT OBJECTID="165108959" OBJECTGUID="dcd04bff-17ce-4e4f-92f2-3ee3dfa44dd1" CHANGEID="600594218" ISACTIVE="1" LEVELID="9" CREATEDATE="2024-09-06" UPDATEDATE="2024-09-06" /><OBJECT OBJECTID="165113634" OBJECTGUID="66487e1c-7104-4ec1-a00f-5b54703d4a8f" CHANGEID="600702063" ISACTIVE="1" LEVELID="9" CREATEDATE="2024-09-06" UPDATEDATE="2024-09-06" /><OBJECT OBJECTID="165114026" OBJECTGUID="8c32f9c0-f1e0-43d4-894e-f2a1a938151b" CHANGEID="600702747" ISACTIVE="1" LEVELID="9" CREATEDATE="2024-09-06" UPDATEDATE="2024-09-06" /><OBJECT OBJECTID="165114027" OBJECTGUID="eff9ad35-fd63-4f6b-bbbd-b7c4853dee82" CHANGEID="600702748" ISACTIVE="1" LEVELID="9" CREATEDATE="2024-09-06" UPDATEDATE="2024-09-06" /><OBJECT OBJECTID="165114028" OBJECTGUID="91475d25-7c83-42b3-9016-7e09bdfddae8" CHANGEID="600702749" ISACTIVE="1" LEVELID="9" CREATEDATE="2024-09-06" UPDATEDATE="2024-09-06" /><OBJECT OBJECTID="165114477" OBJECTGUID="9d8fc695-8dd8-45e2-8e21-31e6070550af" CHANGEID="600703375" ISACTIVE="1" LEVELID="9" CREATEDATE="2024-09-06" UPDATEDATE="2024-09-06" /><OBJECT OBJECTID="165114605" OBJECTGUID="03039cf2-c0f5-4a51-95bc-146aef8c37f6" CHANGEID="600703607" ISACTIVE="1" LEVELID="9" CREATEDATE="2024-09-06" UPDATEDATE="2024-09-06" /><OBJECT OBJECTID="165114606" OBJECTGUID="e1131042-d873-44df-bb4a-be10f9cc7192" CHANGEID="600703608" ISACTIVE="1" LEVELID="9" CREATEDATE="2024-09-06" UPDATEDATE="2024-09-06" /><OBJECT OBJECTID="165114607" OBJECTGUID="225328a0-5ce0-4011-a66b-7035fb0913c7" CHANGEID="600703609" ISACTIVE="1" LEVELID="9" CREATEDATE="2024-09-06" UPDATEDATE="2024-09-06" /><OBJECT OBJECTID="165114608" OBJECTGUID="51c131ce-9ac0-48ac-a363-4f419f5b27a7" CHANGEID="600703610" ISACTIVE="1" LEVELID="9" CREATEDATE="2024-09-06" UPDATEDATE="2024-09-06" /><OBJECT OBJECTID="165114822" OBJECTGUID="9c26bb93-72d8-4c6b-a2ba-082b8f2c9ec4" CHANGEID="600703955" ISACTIVE="1" LEVELID="9" CREATEDATE="2024-09-06" UPDATEDATE="2024-09-06" /><OBJECT OBJECTID="165114823" OBJECTGUID="f80f4175-a3af-4f2b-96b4-f502a88a6f61" CHANGEID="600703956" ISACTIVE="1" LEVELID="9" CREATEDATE="2024-09-06" UPDATEDATE="2024-09-06" /><OBJECT OBJECTID="165114824" OBJECTGUID="5950116b-5a46-4183-9fa3-dc7627553663" CHANGEID="600703957" ISACTIVE="1" LEVELID="9" CREATEDATE="2024-09-06" UPDATEDATE="2024-09-06" /><OBJECT OBJECTID="165114825" OBJECTGUID="b069647d-ea3c-479e-b22a-6b5923d397ac" CHANGEID="600703958" ISACTIVE="1" LEVELID="9" CREATEDATE="2024-09-06" UPDATEDATE="2024-09-06" /><OBJECT OBJECTID="165114826" OBJECTGUID="4efdb45a-6c06-4a43-b0c5-7ff5a6002be2" CHANGEID="600703959" ISACTIVE="1" LEVELID="9" CREATEDATE="2024-09-06" UPDATEDATE="2024-09-06" /><OBJECT OBJECTID="165114827" OBJECTGUID="24e471e0-3247-4541-bc03-40bc730a8c7c" CHANGEID="600703960" ISACTIVE="1" LEVELID="9" CREATEDATE="2024-09-06" UPDATEDATE="2024-09-06" /><OBJECT OBJECTID="165114828" OBJECTGUID="d9561a6f-03df-4f0d-81db-54335cf205a6" CHANGEID="600703961" ISACTIVE="1" LEVELID="9" CREATEDATE="2024-09-06" UPDATEDATE="2024-09-06" /><OBJECT OBJECTID="165114829" OBJECTGUID="f4e29a0c-8f9d-49f3-9d5d-933d86b8b076" CHANGEID="600703962" ISACTIVE="1" LEVELID="9" CREATEDATE="2024-09-06" UPDATEDATE="2024-09-06" /><OBJECT OBJECTID="165114830" OBJECTGUID="0b92cf4f-40e4-442d-b822-bfb2796ffebe" CHANGEID="600703963" ISACTIVE="1" LEVELID="9" CREATEDATE="2024-09-06" UPDATEDATE="2024-09-06" /><OBJECT OBJECTID="165114831" OBJECTGUID="fe7adb50-a09c-47b7-8f26-2e693ef6646b" CHANGEID="600703964" ISACTIVE="1" LEVELID="9" CREATEDATE="2024-09-06" UPDATEDATE="2024-09-06" /><OBJECT OBJECTID="165114832" OBJECTGUID="8d063e81-93ae-4637-9798-6f882c14f4ed" CHANGEID="600703965" ISACTIVE="1" LEVELID="9" CREATEDATE="2024-09-06" UPDATEDATE="2024-09-06" /><OBJECT OBJECTID="165115136" OBJECTGUID="3545a499-d422-4ef8-90b1-a2e784edb5b3" CHANGEID="600704636" ISACTIVE="1" LEVELID="9" CREATEDATE="2024-09-06" UPDATEDATE="2024-09-06" /><OBJECT OBJECTID="165115137" OBJECTGUID="c5c9c6dc-0cbd-4eac-8006-8b9ff441dcd0" CHANGEID="600704637" ISACTIVE="1" LEVELID="9" CREATEDATE="2024-09-06" UPDATEDATE="2024-09-06" /><OBJECT OBJECTID="165115138" OBJECTGUID="f1041acc-3191-48e5-bf93-5244b7ab7190" CHANGEID="600704638" ISACTIVE="1" LEVELID="9" CREATEDATE="2024-09-06" UPDATEDATE="2024-09-06" /><OBJECT OBJECTID="165115139" OBJECTGUID="e2846dbf-9d8a-456a-a166-dc98c0efeed1" CHANGEID="600704639" ISACTIVE="1" LEVELID="9" CREATEDATE="2024-09-06" UPDATEDATE="2024-09-06" /><OBJECT OBJECTID="165115140" OBJECTGUID="e37f8c57-db84-44cb-95aa-e246822d80ef" CHANGEID="600704640" ISACTIVE="1" LEVELID="9" CREATEDATE="2024-09-06" UPDATEDATE="2024-09-06" /><OBJECT OBJECTID="165115141" OBJECTGUID="1363e571-4b94-4be0-8da8-49e395a5fd84" CHANGEID="600704641" ISACTIVE="1" LEVELID="9" CREATEDATE="2024-09-06" UPDATEDATE="2024-09-06" /><OBJECT OBJECTID="165115142" OBJECTGUID="ce8064b0-8134-4e4f-a7b7-1d4acd6b2cb9" CHANGEID="600704642" ISACTIVE="1" LEVELID="9" CREATEDATE="2024-09-06" UPDATEDATE="2024-09-06" /><OBJECT OBJECTID="165115143" OBJECTGUID="2e7bbbe6-1dbb-40d0-96e4-411ebd101cc2" CHANGEID="600704643" ISACTIVE="1" LEVELID="9" CREATEDATE="2024-09-06" UPDATEDATE="2024-09-06" /><OBJECT OBJECTID="165115144" OBJECTGUID="b4f46dbf-96dc-47dc-898e-24a27a3aee6c" CHANGEID="600704644" ISACTIVE="1" LEVELID="9" CREATEDATE="2024-09-06" UPDATEDATE="2024-09-06" /><OBJECT OBJECTID="165115145" OBJECTGUID="3ceef4d6-dc84-435a-baec-ba203d8021aa" CHANGEID="600704645" ISACTIVE="1" LEVELID="9" CREATEDATE="2024-09-06" UPDATEDATE="2024-09-06" /><OBJECT OBJECTID="165115260" OBJECTGUID="1664d263-8144-4058-bc56-5778d35ddcdb" CHANGEID="600704968" ISACTIVE="1" LEVELID="9" CREATEDATE="2024-09-06" UPDATEDATE="2024-09-06" /><OBJECT OBJECTID="165115261" OBJECTGUID="3af7af7b-3ed8-41e4-be31-b4ebd9fc45df" CHANGEID="600704969" ISACTIVE="1" LEVELID="9" CREATEDATE="2024-09-06" UPDATEDATE="2024-09-06" /><OBJECT OBJECTID="165115262" OBJECTGUID="91912649-c76f-4f37-97a9-af68a0902563" CHANGEID="600704970" ISACTIVE="1" LEVELID="9" CREATEDATE="2024-09-06" UPDATEDATE="2024-09-06" /><OBJECT OBJECTID="165115263" OBJECTGUID="8eb1bd43-8718-47c6-8d53-660f9a6f3a01" CHANGEID="600704971" ISACTIVE="1" LEVELID="9" CREATEDATE="2024-09-06" UPDATEDATE="2024-09-06" /><OBJECT OBJECTID="165115264" OBJECTGUID="b204a637-aada-4906-bc3b-34ee85511ffe" CHANGEID="600704972" ISACTIVE="1" LEVELID="9" CREATEDATE="2024-09-06" UPDATEDATE="2024-09-06" /><OBJECT OBJECTID="165115265" OBJECTGUID="315f1731-fc22-4bdd-9568-bb6d02707bb3" CHANGEID="600704973" ISACTIVE="1" LEVELID="9" CREATEDATE="2024-09-06" UPDATEDATE="2024-09-06" /><OBJECT OBJECTID="165115266" OBJECTGUID="215e42e8-8870-40b8-bf0e-affd72e6f20e" CHANGEID="600704974" ISACTIVE="1" LEVELID="9" CREATEDATE="2024-09-06" UPDATEDATE="2024-09-06" /><OBJECT OBJECTID="165115267" OBJECTGUID="ea84ca2e-06f8-4694-b8a8-aae2ada210a5" CHANGEID="600704975" ISACTIVE="1" LEVELID="9" CREATEDATE="2024-09-06" UPDATEDATE="2024-09-06" /><OBJECT OBJECTID="165115268" OBJECTGUID="810344ae-858b-471d-9409-a3fe34f572a7" CHANGEID="600704976" ISACTIVE="1" LEVELID="9" CREATEDATE="2024-09-06" UPDATEDATE="2024-09-06" /><OBJECT OBJECTID="165115269" OBJECTGUID="b3e250df-dff5-46cd-ad14-5a0b73fc84c5" CHANGEID="600704977" ISACTIVE="1" LEVELID="9" CREATEDATE="2024-09-06" UPDATEDATE="2024-09-06" /><OBJECT OBJECTID="165115631" OBJECTGUID="f58a2343-c235-4460-a4a9-cc9542228009" CHANGEID="600705698" ISACTIVE="1" LEVELID="9" CREATEDATE="2024-09-06" UPDATEDATE="2024-09-06" /><OBJECT OBJECTID="165115632" OBJECTGUID="31789b19-eaea-4d36-b087-2fa889e0dc56" CHANGEID="600705699" ISACTIVE="1" LEVELID="9" CREATEDATE="2024-09-06" UPDATEDATE="2024-09-06" /><OBJECT OBJECTID="165115633" OBJECTGUID="db7e3318-1351-4bde-b170-0849ca34093b" CHANGEID="600705700" ISACTIVE="1" LEVELID="9" CREATEDATE="2024-09-06" UPDATEDATE="2024-09-06" /><OBJECT OBJECTID="165115634" OBJECTGUID="20fda61b-2db3-4ec3-8f80-b43b87b80654" CHANGEID="600705701" ISACTIVE="1" LEVELID="9" CREATEDATE="2024-09-06" UPDATEDATE="2024-09-06" /><OBJECT OBJECTID="165115635" OBJECTGUID="fe4531ca-d522-4a91-9fb2-51b35ab6e63a" CHANGEID="600705702" ISACTIVE="1" LEVELID="9" CREATEDATE="2024-09-06" UPDATEDATE="2024-09-06" /><OBJECT OBJECTID="164888813" OBJECTGUID="d2e761e7-4831-4974-a1a1-26d4a59e5226" CHANGEID="600735981" ISACTIVE="1" LEVELID="10" CREATEDATE="2024-08-27" UPDATEDATE="2024-09-07" /><OBJECT OBJECTID="164888812" OBJECTGUID="80b0fcfb-5366-4beb-a585-2810928bc459" CHANGEID="600735982" ISACTIVE="1" LEVELID="10" CREATEDATE="2024-08-27" UPDATEDATE="2024-09-07" /><OBJECT OBJECTID="165121734" OBJECTGUID="0b7f2656-fc00-41af-9023-f627af5cad30" CHANGEID="600745730" ISACTIVE="1" LEVELID="9" CREATEDATE="2024-09-09" UPDATEDATE="2024-09-09" /><OBJECT OBJECTID="165121735" OBJECTGUID="2b369a89-f88e-420e-b8bf-1a60aae509ca" CHANGEID="600745731" ISACTIVE="1" LEVELID="9" CREATEDATE="2024-09-09" UPDATEDATE="2024-09-09" /><OBJECT OBJECTID="165121739" OBJECTGUID="cd2b4753-b545-48da-b453-f8334f01fda9" CHANGEID="600745749" ISACTIVE="1" LEVELID="9" CREATEDATE="2024-09-09" UPDATEDATE="2024-09-09" /><OBJECT OBJECTID="165121740" OBJECTGUID="161ae175-1805-42d9-a781-25244327c5e3" CHANGEID="600745753" ISACTIVE="1" LEVELID="9" CREATEDATE="2024-09-09" UPDATEDATE="2024-09-09" /><OBJECT OBJECTID="165121751" OBJECTGUID="ca61ed0d-1a61-47d4-a31b-0867dcfa03a0" CHANGEID="600745766" ISACTIVE="1" LEVELID="9" CREATEDATE="2024-09-09" UPDATEDATE="2024-09-09" /><OBJECT OBJECTID="165141595" OBJECTGUID="ccc48791-fb2e-4064-99d7-e89e265f3411" CHANGEID="600776930" ISACTIVE="1" LEVELID="10" CREATEDATE="2024-09-09" UPDATEDATE="2024-09-09" /><OBJECT OBJECTID="165141652" OBJECTGUID="f9dbe14d-8bee-42a2-b942-aee0dbd90c74" CHANGEID="600776994" ISACTIVE="1" LEVELID="9" CREATEDATE="2024-09-09" UPDATEDATE="2024-09-09" /><OBJECT OBJECTID="165141676" OBJECTGUID="ccd6f652-4747-4954-b086-8b4feb02e770" CHANGEID="600777029" ISACTIVE="1" LEVELID="10" CREATEDATE="2024-09-09" UPDATEDATE="2024-09-09" /><OBJECT OBJECTID="165141717" OBJECTGUID="bb14444a-d429-4d3e-90f9-f628b7df0c3d" CHANGEID="600777100" ISACTIVE="1" LEVELID="9" CREATEDATE="2024-09-09" UPDATEDATE="2024-09-09" /><OBJECT OBJECTID="165141783" OBJECTGUID="3262eda4-a114-4057-a484-d099593e3fb4" CHANGEID="600777203" ISACTIVE="1" LEVELID="10" CREATEDATE="2024-09-09" UPDATEDATE="2024-09-09" /><OBJECT OBJECTID="165141817" OBJECTGUID="def43a61-e4f5-4404-926d-7d2c5d3358bc" CHANGEID="600777246" ISACTIVE="1" LEVELID="9" CREATEDATE="2024-09-09" UPDATEDATE="2024-09-09" /><OBJECT OBJECTID="165141833" OBJECTGUID="deabfd8b-9352-4125-ae40-581fb6265798" CHANGEID="600777275" ISACTIVE="1" LEVELID="10" CREATEDATE="2024-09-09" UPDATEDATE="2024-09-09" /><OBJECT OBJECTID="165141842" OBJECTGUID="71c5e7c6-7c0c-431e-b2ba-498fadb7d432" CHANGEID="600777293" ISACTIVE="1" LEVELID="9" CREATEDATE="2024-09-09" UPDATEDATE="2024-09-09" /><OBJECT OBJECTID="165142686" OBJECTGUID="9b6e8d45-121d-4147-994b-3560bd5adfda" CHANGEID="600779238" ISACTIVE="1" LEVELID="10" CREATEDATE="2024-09-09" UPDATEDATE="2024-09-09" /><OBJECT OBJECTID="165142687" OBJECTGUID="e7d06f40-ddd9-43fc-98e6-b524a34306e9" CHANGEID="600779239" ISACTIVE="1" LEVELID="10" CREATEDATE="2024-09-09" UPDATEDATE="2024-09-09" /><OBJECT OBJECTID="165142688" OBJECTGUID="fa868bc6-e720-440c-81a9-50382b81f8ca" CHANGEID="600779240" ISACTIVE="1" LEVELID="10" CREATEDATE="2024-09-09" UPDATEDATE="2024-09-09" /><OBJECT OBJECTID="160180590" OBJECTGUID="7673923e-6228-4521-ba9e-7cdb51c1d225" CHANGEID="600883802" ISACTIVE="1" LEVELID="10" CREATEDATE="2023-08-31" UPDATEDATE="2024-09-11" /><OBJECT OBJECTID="160180589" OBJECTGUID="a64cd587-3a74-46a2-89d1-af8283e8c73c" CHANGEID="600883803" ISACTIVE="0" LEVELID="10" CREATEDATE="2023-08-31" UPDATEDATE="2024-09-11" /><OBJECT OBJECTID="165213062" OBJECTGUID="0b3942f7-e5dd-4be9-acfb-3cb125a8f9d6" CHANGEID="600917027" ISACTIVE="1" LEVELID="11" CREATEDATE="2024-09-11" UPDATEDATE="2024-09-11" /><OBJECT OBJECTID="165213063" OBJECTGUID="ea13c3a7-9b1a-4242-beea-2e471923e766" CHANGEID="600917028" ISACTIVE="1" LEVELID="11" CREATEDATE="2024-09-11" UPDATEDATE="2024-09-11" /><OBJECT OBJECTID="165221493" OBJECTGUID="aa5ba1e1-c2be-443f-97c4-9ca647767791" CHANGEID="600932936" ISACTIVE="1" LEVELID="10" CREATEDATE="2024-09-11" UPDATEDATE="2024-09-11" /><OBJECT OBJECTID="165221485" OBJECTGUID="b28dd127-1e91-4903-af66-f22c746383ff" CHANGEID="600932925" ISACTIVE="1" LEVELID="9" CREATEDATE="2024-09-11" UPDATEDATE="2024-09-11" /><OBJECT OBJECTID="164895256" OBJECTGUID="bbab727f-123b-4713-b7c5-2bf7dc5483d6" CHANGEID="600735980" ISACTIVE="1" LEVELID="10" CREATEDATE="2024-08-27" UPDATEDATE="2024-09-07" /></REESTR_OBJECTS>