﻿<?xml version="1.0" encoding="utf-8"?><ADDRESSOBJECTS><OBJECT ID="52028416" OBJECTID="157729126" OBJECTGUID="7bc2070e-34a7-4512-9615-1094b997d420" CHANGEID="492393021" NAME="Артёма" TYPENAME="ул." LEVEL="8" OPERTYPEID="10" PREVID="0" NEXTID="52125951" UPDATEDATE="2024-09-06" STARTDATE="2023-01-12" ENDDATE="2024-09-06" ISACTUAL="0" ISACTIVE="0" /><OBJECT ID="52036301" OBJECTID="158038372" OBJECTGUID="da15041f-1209-449d-b4e8-230286dd0c2e" CHANGEID="495156526" NAME="Железнодорожная" TYPENAME="ул." LEVEL="8" OPERTYPEID="10" PREVID="0" NEXTID="52126490" UPDATEDATE="2024-09-11" STARTDATE="2023-02-09" ENDDATE="2024-09-11" ISACTUAL="0" ISACTIVE="0" /><OBJECT ID="52036896" OBJECTID="158067235" OBJECTGUID="0e555c10-8df9-449f-aaf8-d784b3496d2e" CHANGEID="495368516" NAME="Зоряный" TYPENAME="пер." LEVEL="8" OPERTYPEID="10" PREVID="0" NEXTID="52125950" UPDATEDATE="2024-09-06" STARTDATE="2023-02-13" ENDDATE="2024-09-06" ISACTUAL="0" ISACTIVE="0" /><OBJECT ID="52032160" OBJECTID="157864462" OBJECTGUID="a523adf4-5eb6-4e2d-8a8c-7f374a959abb" CHANGEID="493980626" NAME="Мануильского" TYPENAME="ул." LEVEL="8" OPERTYPEID="10" PREVID="0" NEXTID="52126237" UPDATEDATE="2024-09-10" STARTDATE="2023-01-23" ENDDATE="2024-09-10" ISACTUAL="0" ISACTIVE="0" /><OBJECT ID="52021418" OBJECTID="157328821" OBJECTGUID="b7e85b7e-3ff7-43c3-aad5-247a509615fd" CHANGEID="488428309" NAME="Леси Украинки" TYPENAME="ул." LEVEL="8" OPERTYPEID="10" PREVID="0" NEXTID="52125953" UPDATEDATE="2024-09-06" STARTDATE="2022-11-29" ENDDATE="2024-09-06" ISACTUAL="0" ISACTIVE="0" /><OBJECT ID="52032587" OBJECTID="157883471" OBJECTGUID="6a53f2f6-14eb-4167-9f4e-9d0ec731b99e" CHANGEID="494067042" NAME="Урожайная" TYPENAME="ул." LEVEL="8" OPERTYPEID="10" PREVID="0" NEXTID="52126248" UPDATEDATE="2024-09-10" STARTDATE="2023-01-25" ENDDATE="2024-09-10" ISACTUAL="0" ISACTIVE="0" /><OBJECT ID="52023302" OBJECTID="157456284" OBJECTGUID="3c602e2b-0643-4d08-b6c6-a6adebcec584" CHANGEID="489021137" NAME="Кирова" TYPENAME="ул." LEVEL="8" OPERTYPEID="10" PREVID="0" NEXTID="52125952" UPDATEDATE="2024-09-06" STARTDATE="2022-12-12" ENDDATE="2024-09-06" ISACTUAL="0" ISACTIVE="0" /><OBJECT ID="52023850" OBJECTID="157488981" OBJECTGUID="aeabb3a2-0a2a-4ac5-bb5d-5141eb4829d1" CHANGEID="489117292" NAME="Пролетарская" TYPENAME="ул." LEVEL="8" OPERTYPEID="10" PREVID="0" NEXTID="52126246" UPDATEDATE="2024-09-10" STARTDATE="2022-12-14" ENDDATE="2024-09-10" ISACTUAL="0" ISACTIVE="0" /><OBJECT ID="52028018" OBJECTID="157716655" OBJECTGUID="264d51b3-72db-4fa6-b1ff-c8aa4ee9f0d8" CHANGEID="492202754" NAME="Железнодорожный дом" TYPENAME="ул." LEVEL="8" OPERTYPEID="10" PREVID="0" NEXTID="52126496" UPDATEDATE="2024-09-11" STARTDATE="2023-01-11" ENDDATE="2024-09-11" ISACTUAL="0" ISACTIVE="0" /><OBJECT ID="52042323" OBJECTID="157602361" OBJECTGUID="0621a746-03eb-472c-bfb3-5257e818b7c1" CHANGEID="496795133" NAME="1 Мая" TYPENAME="ул." LEVEL="8" OPERTYPEID="20" PREVID="52025098" NEXTID="52126287" UPDATEDATE="2024-09-10" STARTDATE="2023-03-23" ENDDATE="2024-09-10" ISACTUAL="0" ISACTIVE="0" /><OBJECT ID="52046171" OBJECTID="158593940" OBJECTGUID="d5d5403d-4a43-49c7-aeae-690f81793171" CHANGEID="499237347" NAME="Червона Рута" TYPENAME="ул." LEVEL="8" OPERTYPEID="10" PREVID="0" NEXTID="52125955" UPDATEDATE="2024-09-06" STARTDATE="2023-04-13" ENDDATE="2024-09-06" ISACTUAL="0" ISACTIVE="0" /><OBJECT ID="52049453" OBJECTID="158818154" OBJECTGUID="e9d67cb9-7dd4-4b25-8d74-f61609f3e077" CHANGEID="501671758" NAME="Октябрьская" TYPENAME="ул." LEVEL="8" OPERTYPEID="10" PREVID="0" NEXTID="52126244" UPDATEDATE="2024-09-10" STARTDATE="2023-05-11" ENDDATE="2024-09-10" ISACTUAL="0" ISACTIVE="0" /><OBJECT ID="52054509" OBJECTID="159131894" OBJECTGUID="cf25f18b-f3ab-4030-be3e-415b777a4aa9" CHANGEID="506182516" NAME="Подлесная" TYPENAME="ул." LEVEL="8" OPERTYPEID="10" PREVID="0" NEXTID="52126193" UPDATEDATE="2024-09-10" STARTDATE="2023-06-14" ENDDATE="2024-09-10" ISACTUAL="0" ISACTIVE="0" /><OBJECT ID="52058959" OBJECTID="159376556" OBJECTGUID="f26c603c-9203-4efb-b2f9-bda00a053fc1" CHANGEID="507059852" NAME="Урожайный" TYPENAME="пер." LEVEL="8" OPERTYPEID="10" PREVID="0" NEXTID="52126249" UPDATEDATE="2024-09-10" STARTDATE="2023-07-10" ENDDATE="2024-09-10" ISACTUAL="0" ISACTIVE="0" /><OBJECT ID="52060581" OBJECTID="159477860" OBJECTGUID="193a364c-df92-4a00-bbc0-0b4a4c99523c" CHANGEID="507315544" NAME="Тихая" TYPENAME="ул." LEVEL="8" OPERTYPEID="10" PREVID="0" NEXTID="52126238" UPDATEDATE="2024-09-10" STARTDATE="2023-07-20" ENDDATE="2024-09-10" ISACTUAL="0" ISACTIVE="0" /><OBJECT ID="52068106" OBJECTID="160214228" OBJECTGUID="83c08660-8086-46bc-8e40-3c81011def27" CHANGEID="509080879" NAME="Молодёжная" TYPENAME="ул." LEVEL="8" OPERTYPEID="10" PREVID="0" NEXTID="52126247" UPDATEDATE="2024-09-10" STARTDATE="2023-09-04" ENDDATE="2024-09-10" ISACTUAL="0" ISACTIVE="0" /><OBJECT ID="52070380" OBJECTID="160316367" OBJECTGUID="8faa9729-75fd-4d4b-8b6e-a1a9f82515ab" CHANGEID="528186538" NAME="Безкаравайной" TYPENAME="ул." LEVEL="8" OPERTYPEID="10" PREVID="0" NEXTID="52125801" UPDATEDATE="2024-09-05" STARTDATE="2023-09-12" ENDDATE="2024-09-05" ISACTUAL="0" ISACTIVE="0" /><OBJECT ID="52071100" OBJECTID="156560049" OBJECTGUID="196c79dd-ea9f-4305-857c-9c3a8cb4b26f" CHANGEID="528294574" NAME="Власа Волошина" TYPENAME="пер." LEVEL="8" OPERTYPEID="40" PREVID="52002438" NEXTID="52125860" UPDATEDATE="2024-09-06" STARTDATE="2023-09-14" ENDDATE="2024-09-06" ISACTUAL="0" ISACTIVE="0" /><OBJECT ID="52075705" OBJECTID="160575478" OBJECTGUID="2ba6517d-8a49-4d28-a625-3f257ab06147" CHANGEID="563376184" NAME="Артема" TYPENAME="ул." LEVEL="8" OPERTYPEID="10" PREVID="0" NEXTID="52126192" UPDATEDATE="2024-09-10" STARTDATE="2023-10-04" ENDDATE="2024-09-10" ISACTUAL="0" ISACTIVE="0" /><OBJECT ID="52078991" OBJECTID="160819030" OBJECTGUID="5d30a4a1-b8f3-4622-b723-4ee124333c28" CHANGEID="568333604" NAME="Кирова" TYPENAME="ул." LEVEL="8" OPERTYPEID="10" PREVID="0" NEXTID="52126194" UPDATEDATE="2024-09-10" STARTDATE="2023-10-24" ENDDATE="2024-09-10" ISACTUAL="0" ISACTIVE="0" /><OBJECT ID="52091910" OBJECTID="161957612" OBJECTGUID="45ac1e95-8631-4fa0-8507-c76a3a7c2be4" CHANGEID="579848495" NAME="Совхозная" TYPENAME="ул." LEVEL="8" OPERTYPEID="10" PREVID="0" NEXTID="52125867" UPDATEDATE="2024-09-06" STARTDATE="2023-12-27" ENDDATE="2024-09-06" ISACTUAL="0" ISACTIVE="0" /><OBJECT ID="52112488" OBJECTID="163712183" OBJECTGUID="464e5730-2a19-46ff-8b41-fdd095558514" CHANGEID="596262724" NAME="Чкалова" TYPENAME="ул." LEVEL="8" OPERTYPEID="10" PREVID="0" NEXTID="52126283" UPDATEDATE="2024-09-10" STARTDATE="2024-05-29" ENDDATE="2024-09-10" ISACTUAL="0" ISACTIVE="0" /><OBJECT ID="52112487" OBJECTID="163712182" OBJECTGUID="370d1059-6586-4067-ac76-b2897b0bce88" CHANGEID="596262723" NAME="Чкалова" TYPENAME="пер." LEVEL="8" OPERTYPEID="10" PREVID="0" NEXTID="52126284" UPDATEDATE="2024-09-10" STARTDATE="2024-05-29" ENDDATE="2024-09-10" ISACTUAL="0" ISACTIVE="0" /><OBJECT ID="52125787" OBJECTID="165076009" OBJECTGUID="df177c0a-6415-4589-ab96-883b0d5485b4" CHANGEID="600536643" NAME="Садовая" TYPENAME="ул." LEVEL="8" OPERTYPEID="10" PREVID="0" NEXTID="0" UPDATEDATE="2024-09-05" STARTDATE="2024-09-05" ENDDATE="2079-06-06" ISACTUAL="1" ISACTIVE="1" /><OBJECT ID="52125801" OBJECTID="160316367" OBJECTGUID="8faa9729-75fd-4d4b-8b6e-a1a9f82515ab" CHANGEID="600543267" NAME="Безкаравайного" TYPENAME="ул." LEVEL="8" OPERTYPEID="20" PREVID="52070380" UPDATEDATE="2024-09-05" STARTDATE="2024-09-05" ENDDATE="2079-06-06" ISACTUAL="1" ISACTIVE="1" /><OBJECT ID="52125857" OBJECTID="165094059" OBJECTGUID="cae68d24-9c44-4133-a146-1c73bcd60b4d" CHANGEID="600566917" NAME="30 лет Победы" TYPENAME="мкр." LEVEL="7" OPERTYPEID="10" PREVID="0" NEXTID="0" UPDATEDATE="2024-09-06" STARTDATE="2024-09-06" ENDDATE="2079-06-06" ISACTUAL="1" ISACTIVE="1" /><OBJECT ID="52125860" OBJECTID="156560049" OBJECTGUID="196c79dd-ea9f-4305-857c-9c3a8cb4b26f" CHANGEID="600573250" NAME="Власа Волошина" TYPENAME="ул." LEVEL="8" OPERTYPEID="20" PREVID="52071100" UPDATEDATE="2024-09-06" STARTDATE="2024-09-06" ENDDATE="2079-06-06" ISACTUAL="1" ISACTIVE="1" /><OBJECT ID="52125867" OBJECTID="161957612" OBJECTGUID="45ac1e95-8631-4fa0-8507-c76a3a7c2be4" CHANGEID="600577591" NAME="Совхозная" TYPENAME="ул." LEVEL="8" OPERTYPEID="40" PREVID="52091910" UPDATEDATE="2024-09-06" STARTDATE="2024-09-06" ENDDATE="2079-06-06" ISACTUAL="1" ISACTIVE="1" /><OBJECT ID="52041690" OBJECTID="158331643" OBJECTGUID="8f6a8b66-a52a-4194-9456-7fa27a240ee6" CHANGEID="496556810" NAME="Подлесная" TYPENAME="ул." LEVEL="8" OPERTYPEID="10" PREVID="0" NEXTID="52125868" UPDATEDATE="2024-09-06" STARTDATE="2023-03-17" ENDDATE="2024-09-06" ISACTUAL="0" ISACTIVE="0" /><OBJECT ID="52125868" OBJECTID="158331643" OBJECTGUID="8f6a8b66-a52a-4194-9456-7fa27a240ee6" CHANGEID="600577593" NAME="Подлесная" TYPENAME="ул." LEVEL="8" OPERTYPEID="42" PREVID="52041690" NEXTID="52125867" UPDATEDATE="2024-09-06" STARTDATE="2024-09-06" ENDDATE="2079-06-06" ISACTUAL="1" ISACTIVE="0" /><OBJECT ID="52125869" OBJECTID="165099278" OBJECTGUID="b7d52585-3c35-477f-8681-291732d78351" CHANGEID="600577617" NAME="Зеленый Клин" TYPENAME="ул." LEVEL="8" OPERTYPEID="10" PREVID="0" NEXTID="0" UPDATEDATE="2024-09-06" STARTDATE="2024-09-06" ENDDATE="2079-06-06" ISACTUAL="1" ISACTIVE="1" /><OBJECT ID="52125915" OBJECTID="165100481" OBJECTGUID="72c9f131-41f1-47c3-a003-cf7ed8f15531" CHANGEID="600579601" NAME="Короткая" TYPENAME="ул." LEVEL="8" OPERTYPEID="10" PREVID="0" NEXTID="0" UPDATEDATE="2024-09-06" STARTDATE="2024-09-06" ENDDATE="2079-06-06" ISACTUAL="1" ISACTIVE="1" /><OBJECT ID="52125918" OBJECTID="165100586" OBJECTGUID="17ca7970-1c38-4b2c-9631-b8709d5c33e1" CHANGEID="600579729" NAME="Мостовая" TYPENAME="ул." LEVEL="8" OPERTYPEID="10" PREVID="0" NEXTID="0" UPDATEDATE="2024-09-06" STARTDATE="2024-09-06" ENDDATE="2079-06-06" ISACTUAL="1" ISACTIVE="1" /><OBJECT ID="52125937" OBJECTID="165102558" OBJECTGUID="df5a4a85-d136-46f4-ac62-353aa0075fd3" CHANGEID="600583629" NAME="Восточная" TYPENAME="ул." LEVEL="8" OPERTYPEID="10" PREVID="0" NEXTID="0" UPDATEDATE="2024-09-06" STARTDATE="2024-09-06" ENDDATE="2079-06-06" ISACTUAL="1" ISACTIVE="1" /><OBJECT ID="52125946" OBJECTID="165105881" OBJECTGUID="68b65d03-6520-43b4-8beb-e9c2abb656b6" CHANGEID="600589149" NAME="Школьная" TYPENAME="ул." LEVEL="8" OPERTYPEID="10" PREVID="0" NEXTID="0" UPDATEDATE="2024-09-06" STARTDATE="2024-09-06" ENDDATE="2079-06-06" ISACTUAL="1" ISACTIVE="1" /><OBJECT ID="52125947" OBJECTID="165105882" OBJECTGUID="63adfadc-3a8d-4707-ae40-23ad487ac92c" CHANGEID="600589150" NAME="Западный" TYPENAME="пер." LEVEL="8" OPERTYPEID="10" PREVID="0" NEXTID="0" UPDATEDATE="2024-09-06" STARTDATE="2024-09-06" ENDDATE="2079-06-06" ISACTUAL="1" ISACTIVE="1" /><OBJECT ID="52125948" OBJECTID="165105883" OBJECTGUID="c96ab905-8503-45e8-83fd-5d701abac142" CHANGEID="600589151" NAME="Северный" TYPENAME="пер." LEVEL="8" OPERTYPEID="10" PREVID="0" NEXTID="0" UPDATEDATE="2024-09-06" STARTDATE="2024-09-06" ENDDATE="2079-06-06" ISACTUAL="1" ISACTIVE="1" /><OBJECT ID="52125950" OBJECTID="158067235" OBJECTGUID="0e555c10-8df9-449f-aaf8-d784b3496d2e" CHANGEID="600590953" NAME="Артема" TYPENAME="пер." LEVEL="8" OPERTYPEID="20" PREVID="52036896" UPDATEDATE="2024-09-06" STARTDATE="2024-09-06" ENDDATE="2079-06-06" ISACTUAL="1" ISACTIVE="1" /><OBJECT ID="52125951" OBJECTID="157729126" OBJECTGUID="7bc2070e-34a7-4512-9615-1094b997d420" CHANGEID="600590957" NAME="Артема" TYPENAME="ул." LEVEL="8" OPERTYPEID="20" PREVID="52028416" UPDATEDATE="2024-09-06" STARTDATE="2024-09-06" ENDDATE="2079-06-06" ISACTUAL="1" ISACTIVE="1" /><OBJECT ID="52125952" OBJECTID="157456284" OBJECTGUID="3c602e2b-0643-4d08-b6c6-a6adebcec584" CHANGEID="600590958" NAME="Кирова" TYPENAME="ул." LEVEL="8" OPERTYPEID="40" PREVID="52023302" UPDATEDATE="2024-09-06" STARTDATE="2024-09-06" ENDDATE="2079-06-06" ISACTUAL="1" ISACTIVE="1" /><OBJECT ID="52125953" OBJECTID="157328821" OBJECTGUID="b7e85b7e-3ff7-43c3-aad5-247a509615fd" CHANGEID="600590959" NAME="Леси Украинки" TYPENAME="ул." LEVEL="8" OPERTYPEID="42" PREVID="52021418" NEXTID="52125952" UPDATEDATE="2024-09-06" STARTDATE="2024-09-06" ENDDATE="2079-06-06" ISACTUAL="1" ISACTIVE="0" /><OBJECT ID="52080499" OBJECTID="160959346" OBJECTGUID="d04b7747-f896-4231-9c83-ea66485bf969" CHANGEID="571867200" NAME="Центральная" TYPENAME="ул." LEVEL="8" OPERTYPEID="10" PREVID="0" NEXTID="52125954" UPDATEDATE="2024-09-06" STARTDATE="2023-11-01" ENDDATE="2024-09-06" ISACTUAL="0" ISACTIVE="0" /><OBJECT ID="52125954" OBJECTID="160959346" OBJECTGUID="d04b7747-f896-4231-9c83-ea66485bf969" CHANGEID="600590961" NAME="Комсомольская" TYPENAME="ул." LEVEL="8" OPERTYPEID="20" PREVID="52080499" UPDATEDATE="2024-09-06" STARTDATE="2024-09-06" ENDDATE="2079-06-06" ISACTUAL="1" ISACTIVE="1" /><OBJECT ID="52125955" OBJECTID="158593940" OBJECTGUID="d5d5403d-4a43-49c7-aeae-690f81793171" CHANGEID="600590962" NAME="Красноармейская" TYPENAME="ул." LEVEL="8" OPERTYPEID="20" PREVID="52046171" UPDATEDATE="2024-09-06" STARTDATE="2024-09-06" ENDDATE="2079-06-06" ISACTUAL="1" ISACTIVE="1" /><OBJECT ID="52125980" OBJECTID="165121309" OBJECTGUID="47627707-dd50-4a43-a2fc-ff6598d53c80" CHANGEID="600745025" NAME="Дружбы" TYPENAME="ул." LEVEL="8" OPERTYPEID="10" PREVID="0" NEXTID="0" UPDATEDATE="2024-09-09" STARTDATE="2024-09-09" ENDDATE="2079-06-06" ISACTUAL="1" ISACTIVE="1" /><OBJECT ID="52125981" OBJECTID="165124975" OBJECTGUID="41373521-a1c9-49c7-aaec-e8bdfe419efa" CHANGEID="600749998" NAME="Колхозный" TYPENAME="пер." LEVEL="8" OPERTYPEID="10" PREVID="0" NEXTID="0" UPDATEDATE="2024-09-09" STARTDATE="2024-09-09" ENDDATE="2079-06-06" ISACTUAL="1" ISACTIVE="1" /><OBJECT ID="52125982" OBJECTID="165124977" OBJECTGUID="734b4d0d-e6d6-4be4-a4b9-63620639dcf4" CHANGEID="600750000" NAME="Донецких шахтеров" TYPENAME="ул." LEVEL="8" OPERTYPEID="10" PREVID="0" NEXTID="0" UPDATEDATE="2024-09-09" STARTDATE="2024-09-09" ENDDATE="2079-06-06" ISACTUAL="1" ISACTIVE="1" /><OBJECT ID="52125983" OBJECTID="165124978" OBJECTGUID="fad9d0b8-4c7a-4a27-8c71-fcfb065595d4" CHANGEID="600750001" NAME="Комсомольский" TYPENAME="пер." LEVEL="8" OPERTYPEID="10" PREVID="0" NEXTID="0" UPDATEDATE="2024-09-09" STARTDATE="2024-09-09" ENDDATE="2079-06-06" ISACTUAL="1" ISACTIVE="1" /><OBJECT ID="52125984" OBJECTID="165124979" OBJECTGUID="c107be88-93e7-4cff-b154-ec69bc9ee553" CHANGEID="600750002" NAME="Курортный" TYPENAME="пер." LEVEL="8" OPERTYPEID="10" PREVID="0" NEXTID="0" UPDATEDATE="2024-09-09" STARTDATE="2024-09-09" ENDDATE="2079-06-06" ISACTUAL="1" ISACTIVE="1" /><OBJECT ID="52125985" OBJECTID="165124980" OBJECTGUID="666599d5-bae7-4d90-9958-493b38541f10" CHANGEID="600750004" NAME="Лесной" TYPENAME="пер." LEVEL="8" OPERTYPEID="10" PREVID="0" NEXTID="0" UPDATEDATE="2024-09-09" STARTDATE="2024-09-09" ENDDATE="2079-06-06" ISACTUAL="1" ISACTIVE="1" /><OBJECT ID="52125986" OBJECTID="165124981" OBJECTGUID="9cfba63b-0c3c-4ade-8939-a47d895c2856" CHANGEID="600750005" NAME="Луговой" TYPENAME="пер." LEVEL="8" OPERTYPEID="10" PREVID="0" NEXTID="0" UPDATEDATE="2024-09-09" STARTDATE="2024-09-09" ENDDATE="2079-06-06" ISACTUAL="1" ISACTIVE="1" /><OBJECT ID="52125987" OBJECTID="165124983" OBJECTGUID="41f13d22-6d93-48ff-a210-71fa84b4550b" CHANGEID="600750007" NAME="Новосадовая" TYPENAME="ул." LEVEL="8" OPERTYPEID="10" PREVID="0" NEXTID="0" UPDATEDATE="2024-09-09" STARTDATE="2024-09-09" ENDDATE="2079-06-06" ISACTUAL="1" ISACTIVE="1" /><OBJECT ID="52125988" OBJECTID="165124984" OBJECTGUID="0ef5cee2-795f-4258-8acd-cf4ed8508a4b" CHANGEID="600750008" NAME="Первомайская" TYPENAME="ул." LEVEL="8" OPERTYPEID="10" PREVID="0" NEXTID="0" UPDATEDATE="2024-09-09" STARTDATE="2024-09-09" ENDDATE="2079-06-06" ISACTUAL="1" ISACTIVE="1" /><OBJECT ID="52125989" OBJECTID="165124985" OBJECTGUID="33aff040-d3c4-4a80-befe-a7f95fa65286" CHANGEID="600750010" NAME="Пионерская" TYPENAME="ул." LEVEL="8" OPERTYPEID="10" PREVID="0" NEXTID="0" UPDATEDATE="2024-09-09" STARTDATE="2024-09-09" ENDDATE="2079-06-06" ISACTUAL="1" ISACTIVE="1" /><OBJECT ID="52125990" OBJECTID="165124986" OBJECTGUID="b180acaa-62fc-4f52-a01c-36be9818c76c" CHANGEID="600750011" NAME="Почтовая" TYPENAME="ул." LEVEL="8" OPERTYPEID="10" PREVID="0" NEXTID="0" UPDATEDATE="2024-09-09" STARTDATE="2024-09-09" ENDDATE="2079-06-06" ISACTUAL="1" ISACTIVE="1" /><OBJECT ID="52125991" OBJECTID="165124987" OBJECTGUID="325b2503-baed-4386-8676-1e8216ea7440" CHANGEID="600750012" NAME="Совхозная" TYPENAME="ул." LEVEL="8" OPERTYPEID="10" PREVID="0" NEXTID="0" UPDATEDATE="2024-09-09" STARTDATE="2024-09-09" ENDDATE="2079-06-06" ISACTUAL="1" ISACTIVE="1" /><OBJECT ID="52125992" OBJECTID="165124988" OBJECTGUID="a28ee83e-a9d5-47e6-be28-1a25a011d567" CHANGEID="600750014" NAME="Строительная" TYPENAME="ул." LEVEL="8" OPERTYPEID="10" PREVID="0" NEXTID="0" UPDATEDATE="2024-09-09" STARTDATE="2024-09-09" ENDDATE="2079-06-06" ISACTUAL="1" ISACTIVE="1" /><OBJECT ID="52125993" OBJECTID="165124989" OBJECTGUID="86d2117b-4e4b-4fd4-bf02-68c9ad44be77" CHANGEID="600750015" NAME="Урожайный" TYPENAME="пер." LEVEL="8" OPERTYPEID="10" PREVID="0" NEXTID="0" UPDATEDATE="2024-09-09" STARTDATE="2024-09-09" ENDDATE="2079-06-06" ISACTUAL="1" ISACTIVE="1" /><OBJECT ID="52125994" OBJECTID="165124991" OBJECTGUID="8d9a844c-f219-42d0-98df-a296a8266ed6" CHANGEID="600750017" NAME="Чапаева" TYPENAME="ул." LEVEL="8" OPERTYPEID="10" PREVID="0" NEXTID="0" UPDATEDATE="2024-09-09" STARTDATE="2024-09-09" ENDDATE="2079-06-06" ISACTUAL="1" ISACTIVE="1" /><OBJECT ID="52126040" OBJECTID="165127556" OBJECTGUID="fc22f28a-f9d3-48a5-98a7-74203759936a" CHANGEID="600754479" NAME="Карла Либкнехта" TYPENAME="ул." LEVEL="8" OPERTYPEID="10" PREVID="0" NEXTID="0" UPDATEDATE="2024-09-09" STARTDATE="2024-09-09" ENDDATE="2079-06-06" ISACTUAL="1" ISACTIVE="1" /><OBJECT ID="52126044" OBJECTID="165130194" OBJECTGUID="bb218b32-e52f-4a95-82e5-f59ede7eaa1b" CHANGEID="600758503" NAME="Карла Маркса" TYPENAME="ул." LEVEL="8" OPERTYPEID="10" PREVID="0" NEXTID="0" UPDATEDATE="2024-09-09" STARTDATE="2024-09-09" ENDDATE="2079-06-06" ISACTUAL="1" ISACTIVE="1" /><OBJECT ID="52126061" OBJECTID="165138211" OBJECTGUID="6e4ba034-f156-4634-8862-41853f1eefa2" CHANGEID="600771470" NAME="Вишенка" TYPENAME="тер. СНТ" LEVEL="7" OPERTYPEID="10" PREVID="0" NEXTID="0" UPDATEDATE="2024-09-09" STARTDATE="2024-09-09" ENDDATE="2079-06-06" ISACTUAL="1" ISACTIVE="1" /><OBJECT ID="52126074" OBJECTID="165139608" OBJECTGUID="4cafad4d-686d-4297-8677-9d6822dff023" CHANGEID="600773529" NAME="Товарищ-2" TYPENAME="тер. СНТ" LEVEL="7" OPERTYPEID="10" PREVID="0" NEXTID="0" UPDATEDATE="2024-09-09" STARTDATE="2024-09-09" ENDDATE="2079-06-06" ISACTUAL="1" ISACTIVE="1" /><OBJECT ID="52126117" OBJECTID="165144556" OBJECTGUID="1bd95c1e-2e72-4224-a2cc-97d3e8d525ff" CHANGEID="600782266" NAME="Новая" TYPENAME="ул." LEVEL="8" OPERTYPEID="10" PREVID="0" NEXTID="0" UPDATEDATE="2024-09-09" STARTDATE="2024-09-09" ENDDATE="2079-06-06" ISACTUAL="1" ISACTIVE="1" /><OBJECT ID="52126119" OBJECTID="165145872" OBJECTGUID="9ef01aa6-f014-454f-a618-266791428d38" CHANGEID="600784102" NAME="Железнодорожная" TYPENAME="ул." LEVEL="8" OPERTYPEID="10" PREVID="0" NEXTID="0" UPDATEDATE="2024-09-09" STARTDATE="2024-09-09" ENDDATE="2079-06-06" ISACTUAL="1" ISACTIVE="1" /><OBJECT ID="52126120" OBJECTID="165146006" OBJECTGUID="a2b3928e-4f37-4c9d-b917-f434905e72bd" CHANGEID="600784272" NAME="Советская" TYPENAME="ул." LEVEL="8" OPERTYPEID="10" PREVID="0" NEXTID="0" UPDATEDATE="2024-09-09" STARTDATE="2024-09-09" ENDDATE="2079-06-06" ISACTUAL="1" ISACTIVE="1" /><OBJECT ID="52126182" OBJECTID="165158807" OBJECTGUID="18b9863f-f792-40d7-99d1-1101df640a69" CHANGEID="600809005" NAME="Восточная" TYPENAME="ул." LEVEL="8" OPERTYPEID="10" PREVID="0" NEXTID="0" UPDATEDATE="2024-09-10" STARTDATE="2024-09-10" ENDDATE="2079-06-06" ISACTUAL="1" ISACTIVE="1" /><OBJECT ID="52126183" OBJECTID="165158833" OBJECTGUID="4e60e1b5-9e72-4510-a622-b4269a87465d" CHANGEID="600809037" NAME="Вишневая" TYPENAME="ул." LEVEL="8" OPERTYPEID="10" PREVID="0" NEXTID="0" UPDATEDATE="2024-09-10" STARTDATE="2024-09-10" ENDDATE="2079-06-06" ISACTUAL="1" ISACTIVE="1" /><OBJECT ID="52126192" OBJECTID="160575478" OBJECTGUID="2ba6517d-8a49-4d28-a625-3f257ab06147" CHANGEID="600811430" NAME="Артема" TYPENAME="ул." LEVEL="8" OPERTYPEID="40" PREVID="52075705" UPDATEDATE="2024-09-10" STARTDATE="2024-09-10" ENDDATE="2079-06-06" ISACTUAL="1" ISACTIVE="1" /><OBJECT ID="52126193" OBJECTID="159131894" OBJECTGUID="cf25f18b-f3ab-4030-be3e-415b777a4aa9" CHANGEID="600811431" NAME="Подлесная" TYPENAME="ул." LEVEL="8" OPERTYPEID="42" PREVID="52054509" NEXTID="52126192" UPDATEDATE="2024-09-10" STARTDATE="2024-09-10" ENDDATE="2079-06-06" ISACTUAL="1" ISACTIVE="0" /><OBJECT ID="52126194" OBJECTID="160819030" OBJECTGUID="5d30a4a1-b8f3-4622-b723-4ee124333c28" CHANGEID="600811443" NAME="Кирова" TYPENAME="ул." LEVEL="8" OPERTYPEID="40" PREVID="52078991" UPDATEDATE="2024-09-10" STARTDATE="2024-09-10" ENDDATE="2079-06-06" ISACTUAL="1" ISACTIVE="1" /><OBJECT ID="52124838" OBJECTID="164901196" OBJECTGUID="0eaee296-8fdb-4276-9714-1fb426ad147d" CHANGEID="600071163" NAME="Мира" TYPENAME="ул." LEVEL="8" OPERTYPEID="10" PREVID="0" NEXTID="52126195" UPDATEDATE="2024-09-10" STARTDATE="2024-08-27" ENDDATE="2024-09-10" ISACTUAL="0" ISACTIVE="0" /><OBJECT ID="52126195" OBJECTID="164901196" OBJECTGUID="0eaee296-8fdb-4276-9714-1fb426ad147d" CHANGEID="600811444" NAME="Мира" TYPENAME="ул." LEVEL="8" OPERTYPEID="42" PREVID="52124838" NEXTID="52126194" UPDATEDATE="2024-09-10" STARTDATE="2024-09-10" ENDDATE="2079-06-06" ISACTUAL="1" ISACTIVE="0" /><OBJECT ID="52126196" OBJECTID="160743404" OBJECTGUID="e67627ef-c5ea-4ebe-bc34-49537c5b9925" CHANGEID="600811521" NAME="Комсомольская" TYPENAME="ул." LEVEL="8" OPERTYPEID="40" PREVID="52078031" UPDATEDATE="2024-09-10" STARTDATE="2024-09-10" ENDDATE="2079-06-06" ISACTUAL="1" ISACTIVE="1" /><OBJECT ID="52078031" OBJECTID="160743404" OBJECTGUID="e67627ef-c5ea-4ebe-bc34-49537c5b9925" CHANGEID="567633815" NAME="Комсомольская" TYPENAME="ул." LEVEL="8" OPERTYPEID="10" PREVID="0" NEXTID="52126196" UPDATEDATE="2024-09-10" STARTDATE="2023-10-19" ENDDATE="2024-09-10" ISACTUAL="0" ISACTIVE="0" /><OBJECT ID="52044663" OBJECTID="158512101" OBJECTGUID="9b8cca7e-3cff-4ded-83c1-f6010e367185" CHANGEID="498962122" NAME="Клубничная" TYPENAME="ул." LEVEL="8" OPERTYPEID="10" PREVID="0" NEXTID="52126197" UPDATEDATE="2024-09-10" STARTDATE="2023-04-06" ENDDATE="2024-09-10" ISACTUAL="0" ISACTIVE="0" /><OBJECT ID="52126197" OBJECTID="158512101" OBJECTGUID="9b8cca7e-3cff-4ded-83c1-f6010e367185" CHANGEID="600811522" NAME="Клубничная" TYPENAME="ул." LEVEL="8" OPERTYPEID="42" PREVID="52044663" NEXTID="52126196" UPDATEDATE="2024-09-10" STARTDATE="2024-09-10" ENDDATE="2079-06-06" ISACTUAL="1" ISACTIVE="0" /><OBJECT ID="52126198" OBJECTID="165160458" OBJECTGUID="87d47c66-3174-4e41-92b0-28d8be24b33c" CHANGEID="600811699" NAME="Садовая" TYPENAME="ул." LEVEL="8" OPERTYPEID="10" PREVID="0" NEXTID="0" UPDATEDATE="2024-09-10" STARTDATE="2024-09-10" ENDDATE="2079-06-06" ISACTUAL="1" ISACTIVE="1" /><OBJECT ID="52126237" OBJECTID="157864462" OBJECTGUID="a523adf4-5eb6-4e2d-8a8c-7f374a959abb" CHANGEID="600813560" NAME="Мануильского" TYPENAME="ул." LEVEL="8" OPERTYPEID="40" PREVID="52032160" UPDATEDATE="2024-09-10" STARTDATE="2024-09-10" ENDDATE="2079-06-06" ISACTUAL="1" ISACTIVE="1" /><OBJECT ID="52126238" OBJECTID="159477860" OBJECTGUID="193a364c-df92-4a00-bbc0-0b4a4c99523c" CHANGEID="600813561" NAME="Тихая" TYPENAME="ул." LEVEL="8" OPERTYPEID="42" PREVID="52060581" NEXTID="52126237" UPDATEDATE="2024-09-10" STARTDATE="2024-09-10" ENDDATE="2079-06-06" ISACTUAL="1" ISACTIVE="0" /><OBJECT ID="52126244" OBJECTID="158818154" OBJECTGUID="e9d67cb9-7dd4-4b25-8d74-f61609f3e077" CHANGEID="600813724" NAME="Октябрьская" TYPENAME="ул." LEVEL="8" OPERTYPEID="40" PREVID="52049453" UPDATEDATE="2024-09-10" STARTDATE="2024-09-10" ENDDATE="2079-06-06" ISACTUAL="1" ISACTIVE="1" /><OBJECT ID="52078030" OBJECTID="160743403" OBJECTGUID="90754b62-6a88-4b17-973c-d59f1b2385aa" CHANGEID="567633814" NAME="Приозерная" TYPENAME="ул." LEVEL="8" OPERTYPEID="10" PREVID="0" NEXTID="52126245" UPDATEDATE="2024-09-10" STARTDATE="2023-10-19" ENDDATE="2024-09-10" ISACTUAL="0" ISACTIVE="0" /><OBJECT ID="52126245" OBJECTID="160743403" OBJECTGUID="90754b62-6a88-4b17-973c-d59f1b2385aa" CHANGEID="600813725" NAME="Приозерная" TYPENAME="ул." LEVEL="8" OPERTYPEID="42" PREVID="52078030" NEXTID="52126244" UPDATEDATE="2024-09-10" STARTDATE="2024-09-10" ENDDATE="2079-06-06" ISACTUAL="1" ISACTIVE="0" /><OBJECT ID="52126246" OBJECTID="157488981" OBJECTGUID="aeabb3a2-0a2a-4ac5-bb5d-5141eb4829d1" CHANGEID="600813763" NAME="Пролетарская" TYPENAME="ул." LEVEL="8" OPERTYPEID="40" PREVID="52023850" UPDATEDATE="2024-09-10" STARTDATE="2024-09-10" ENDDATE="2079-06-06" ISACTUAL="1" ISACTIVE="1" /><OBJECT ID="52126247" OBJECTID="160214228" OBJECTGUID="83c08660-8086-46bc-8e40-3c81011def27" CHANGEID="600813764" NAME="Молодёжная" TYPENAME="ул." LEVEL="8" OPERTYPEID="42" PREVID="52068106" NEXTID="52126246" UPDATEDATE="2024-09-10" STARTDATE="2024-09-10" ENDDATE="2079-06-06" ISACTUAL="1" ISACTIVE="0" /><OBJECT ID="52126248" OBJECTID="157883471" OBJECTGUID="6a53f2f6-14eb-4167-9f4e-9d0ec731b99e" CHANGEID="600813804" NAME="Урожайная" TYPENAME="ул." LEVEL="8" OPERTYPEID="40" PREVID="52032587" UPDATEDATE="2024-09-10" STARTDATE="2024-09-10" ENDDATE="2079-06-06" ISACTUAL="1" ISACTIVE="1" /><OBJECT ID="52126249" OBJECTID="159376556" OBJECTGUID="f26c603c-9203-4efb-b2f9-bda00a053fc1" CHANGEID="600813805" NAME="Урожайный" TYPENAME="пер." LEVEL="8" OPERTYPEID="42" PREVID="52058959" NEXTID="52126248" UPDATEDATE="2024-09-10" STARTDATE="2024-09-10" ENDDATE="2079-06-06" ISACTUAL="1" ISACTIVE="0" /><OBJECT ID="52126283" OBJECTID="163712183" OBJECTGUID="464e5730-2a19-46ff-8b41-fdd095558514" CHANGEID="600815703" NAME="Чкалова" TYPENAME="ул." LEVEL="8" OPERTYPEID="40" PREVID="52112488" UPDATEDATE="2024-09-10" STARTDATE="2024-09-10" ENDDATE="2079-06-06" ISACTUAL="1" ISACTIVE="1" /><OBJECT ID="52126284" OBJECTID="163712182" OBJECTGUID="370d1059-6586-4067-ac76-b2897b0bce88" CHANGEID="600815704" NAME="Чкалова" TYPENAME="пер." LEVEL="8" OPERTYPEID="42" PREVID="52112487" NEXTID="52126283" UPDATEDATE="2024-09-10" STARTDATE="2024-09-10" ENDDATE="2079-06-06" ISACTUAL="1" ISACTIVE="0" /><OBJECT ID="52126287" OBJECTID="157602361" OBJECTGUID="0621a746-03eb-472c-bfb3-5257e818b7c1" CHANGEID="600818004" NAME="1 Мая" TYPENAME="ул." LEVEL="8" OPERTYPEID="40" PREVID="52042323" UPDATEDATE="2024-09-10" STARTDATE="2024-09-10" ENDDATE="2079-06-06" ISACTUAL="1" ISACTIVE="1" /><OBJECT ID="52042324" OBJECTID="158369458" OBJECTGUID="3381bbbd-1b6d-410f-90e9-b54bf97cb963" CHANGEID="496795135" NAME="1 Мая" TYPENAME="пер." LEVEL="8" OPERTYPEID="10" PREVID="0" NEXTID="52126288" UPDATEDATE="2024-09-10" STARTDATE="2023-03-23" ENDDATE="2024-09-10" ISACTUAL="0" ISACTIVE="0" /><OBJECT ID="52126288" OBJECTID="158369458" OBJECTGUID="3381bbbd-1b6d-410f-90e9-b54bf97cb963" CHANGEID="600818005" NAME="1 Мая" TYPENAME="пер." LEVEL="8" OPERTYPEID="42" PREVID="52042324" NEXTID="52126287" UPDATEDATE="2024-09-10" STARTDATE="2024-09-10" ENDDATE="2079-06-06" ISACTUAL="1" ISACTIVE="0" /><OBJECT ID="52126301" OBJECTID="165167483" OBJECTGUID="d94fe037-facb-4c3d-be53-8acf63955cbf" CHANGEID="600823043" NAME="Артёма" TYPENAME="ул." LEVEL="8" OPERTYPEID="10" PREVID="0" NEXTID="0" UPDATEDATE="2024-09-10" STARTDATE="2024-09-10" ENDDATE="2079-06-06" ISACTUAL="1" ISACTIVE="1" /><OBJECT ID="52126306" OBJECTID="165169476" OBJECTGUID="f78b6d06-1846-482b-b017-196f48a0f8eb" CHANGEID="600825691" NAME="Набережная" TYPENAME="ул." LEVEL="8" OPERTYPEID="10" PREVID="0" NEXTID="0" UPDATEDATE="2024-09-10" STARTDATE="2024-09-10" ENDDATE="2079-06-06" ISACTUAL="1" ISACTIVE="1" /><OBJECT ID="52126307" OBJECTID="165169522" OBJECTGUID="f48164ba-04ef-4def-862b-76b6f78849da" CHANGEID="600825742" NAME="Набережная" TYPENAME="ул." LEVEL="8" OPERTYPEID="10" PREVID="0" NEXTID="0" UPDATEDATE="2024-09-10" STARTDATE="2024-09-10" ENDDATE="2079-06-06" ISACTUAL="1" ISACTIVE="1" /><OBJECT ID="52126318" OBJECTID="165171893" OBJECTGUID="d5b2d9b1-7281-462b-8d6d-e348346be0bd" CHANGEID="600829260" NAME="Космонавтов" TYPENAME="ул." LEVEL="8" OPERTYPEID="10" PREVID="0" NEXTID="0" UPDATEDATE="2024-09-10" STARTDATE="2024-09-10" ENDDATE="2079-06-06" ISACTUAL="1" ISACTIVE="1" /><OBJECT ID="52126322" OBJECTID="165172694" OBJECTGUID="88ecfb3c-3f43-485e-a0c1-d86c879e37b1" CHANGEID="600830986" NAME="Совхозная" TYPENAME="ул." LEVEL="8" OPERTYPEID="10" PREVID="0" NEXTID="0" UPDATEDATE="2024-09-10" STARTDATE="2024-09-10" ENDDATE="2079-06-06" ISACTUAL="1" ISACTIVE="1" /><OBJECT ID="52126327" OBJECTID="165174925" OBJECTGUID="1e9c7f49-caf2-4051-bf87-9f71f9c55f34" CHANGEID="600834600" NAME="Восток" TYPENAME="тер. СНТ" LEVEL="7" OPERTYPEID="10" PREVID="0" NEXTID="0" UPDATEDATE="2024-09-10" STARTDATE="2024-09-10" ENDDATE="2079-06-06" ISACTUAL="1" ISACTIVE="1" /><OBJECT ID="52126328" OBJECTID="165174932" OBJECTGUID="389b210a-087d-40e5-89f9-a085cf8ce4af" CHANGEID="600834607" NAME="Надежда" TYPENAME="тер. СНТ" LEVEL="7" OPERTYPEID="10" PREVID="0" NEXTID="0" UPDATEDATE="2024-09-10" STARTDATE="2024-09-10" ENDDATE="2079-06-06" ISACTUAL="1" ISACTIVE="1" /><OBJECT ID="52126329" OBJECTID="165175024" OBJECTGUID="042b9df9-7b24-4a5e-a29d-850a82261a79" CHANGEID="600834705" NAME="Ветеран-2" TYPENAME="тер. СНТ" LEVEL="7" OPERTYPEID="10" PREVID="0" NEXTID="0" UPDATEDATE="2024-09-10" STARTDATE="2024-09-10" ENDDATE="2079-06-06" ISACTUAL="1" ISACTIVE="1" /><OBJECT ID="52126331" OBJECTID="165177132" OBJECTGUID="2fbb8cdc-6716-4745-be31-61262599600c" CHANGEID="600837495" NAME="Содружество" TYPENAME="тер. СНТ" LEVEL="7" OPERTYPEID="10" PREVID="0" NEXTID="0" UPDATEDATE="2024-09-10" STARTDATE="2024-09-10" ENDDATE="2079-06-06" ISACTUAL="1" ISACTIVE="1" /><OBJECT ID="52126332" OBJECTID="165177202" OBJECTGUID="9c9fccfe-c870-4371-94ee-4f499fcecdd8" CHANGEID="600837572" NAME="Комсомольский" TYPENAME="пер." LEVEL="8" OPERTYPEID="10" PREVID="0" NEXTID="0" UPDATEDATE="2024-09-10" STARTDATE="2024-09-10" ENDDATE="2079-06-06" ISACTUAL="1" ISACTIVE="1" /><OBJECT ID="52126350" OBJECTID="165178538" OBJECTGUID="bb4937fc-8f3c-4711-82d7-20b49c16ecdb" CHANGEID="600839682" NAME="Луч" TYPENAME="тер. СНТ" LEVEL="7" OPERTYPEID="10" PREVID="0" NEXTID="0" UPDATEDATE="2024-09-10" STARTDATE="2024-09-10" ENDDATE="2079-06-06" ISACTUAL="1" ISACTIVE="1" /><OBJECT ID="52126351" OBJECTID="165178589" OBJECTGUID="9dd6fa24-7485-40c1-9cfe-089d59e0312d" CHANGEID="600839805" NAME="Геолог" TYPENAME="тер. СНТ" LEVEL="7" OPERTYPEID="10" PREVID="0" NEXTID="0" UPDATEDATE="2024-09-10" STARTDATE="2024-09-10" ENDDATE="2079-06-06" ISACTUAL="1" ISACTIVE="1" /><OBJECT ID="52126364" OBJECTID="165179736" OBJECTGUID="d4a46850-dbb3-4bd2-a973-a6aaf2bf8389" CHANGEID="600842075" NAME="Донбас" TYPENAME="тер. СНТ" LEVEL="7" OPERTYPEID="10" PREVID="0" NEXTID="0" UPDATEDATE="2024-09-10" STARTDATE="2024-09-10" ENDDATE="2079-06-06" ISACTUAL="1" ISACTIVE="1" /><OBJECT ID="52126377" OBJECTID="165192013" OBJECTGUID="7d4057a6-f92a-48c7-9252-570ace3939d0" CHANGEID="600885709" NAME="Вагина" TYPENAME="ул." LEVEL="8" OPERTYPEID="10" PREVID="0" NEXTID="0" UPDATEDATE="2024-09-11" STARTDATE="2024-09-11" ENDDATE="2079-06-06" ISACTUAL="1" ISACTIVE="1" /><OBJECT ID="52126378" OBJECTID="165192014" OBJECTGUID="f232d6d2-d0cb-4ef9-8a29-e2c67c48a13e" CHANGEID="600885711" NAME="Гагарина" TYPENAME="ул." LEVEL="8" OPERTYPEID="10" PREVID="0" NEXTID="0" UPDATEDATE="2024-09-11" STARTDATE="2024-09-11" ENDDATE="2079-06-06" ISACTUAL="1" ISACTIVE="1" /><OBJECT ID="52126379" OBJECTID="165192015" OBJECTGUID="b3f14b32-ed04-49a2-be59-2ab4d5f4bed0" CHANGEID="600885713" NAME="Донецкий" TYPENAME="пер." LEVEL="8" OPERTYPEID="10" PREVID="0" NEXTID="0" UPDATEDATE="2024-09-11" STARTDATE="2024-09-11" ENDDATE="2079-06-06" ISACTUAL="1" ISACTIVE="1" /><OBJECT ID="52126380" OBJECTID="165192016" OBJECTGUID="fbf81a2c-112e-4db1-81c4-30a45595ba79" CHANGEID="600885714" NAME="Железнодорожная" TYPENAME="ул." LEVEL="8" OPERTYPEID="10" PREVID="0" NEXTID="0" UPDATEDATE="2024-09-11" STARTDATE="2024-09-11" ENDDATE="2079-06-06" ISACTUAL="1" ISACTIVE="1" /><OBJECT ID="52126381" OBJECTID="165192017" OBJECTGUID="1120c219-2c5c-4dd6-a1a9-98fe2d76b6c9" CHANGEID="600885716" NAME="Жданова" TYPENAME="ул." LEVEL="8" OPERTYPEID="10" PREVID="0" NEXTID="0" UPDATEDATE="2024-09-11" STARTDATE="2024-09-11" ENDDATE="2079-06-06" ISACTUAL="1" ISACTIVE="1" /><OBJECT ID="52126382" OBJECTID="165192018" OBJECTGUID="172e09b9-3a6c-4960-b7cd-69537a109e43" CHANGEID="600885717" NAME="Кирова" TYPENAME="пер." LEVEL="8" OPERTYPEID="10" PREVID="0" NEXTID="0" UPDATEDATE="2024-09-11" STARTDATE="2024-09-11" ENDDATE="2079-06-06" ISACTUAL="1" ISACTIVE="1" /><OBJECT ID="52126383" OBJECTID="165192019" OBJECTGUID="c03fa502-8e46-4c35-9afd-2f3fc2a3b336" CHANGEID="600885719" NAME="Колхозная" TYPENAME="ул." LEVEL="8" OPERTYPEID="10" PREVID="0" NEXTID="0" UPDATEDATE="2024-09-11" STARTDATE="2024-09-11" ENDDATE="2079-06-06" ISACTUAL="1" ISACTIVE="1" /><OBJECT ID="52126384" OBJECTID="165192020" OBJECTGUID="abfe965c-eca7-41a6-9813-7ff453593ddc" CHANGEID="600885720" NAME="Короткая" TYPENAME="ул." LEVEL="8" OPERTYPEID="10" PREVID="0" NEXTID="0" UPDATEDATE="2024-09-11" STARTDATE="2024-09-11" ENDDATE="2079-06-06" ISACTUAL="1" ISACTIVE="1" /><OBJECT ID="52126385" OBJECTID="165192022" OBJECTGUID="babf15f4-86ee-42b5-ab37-04815d537dd5" CHANGEID="600885722" NAME="Леваневского" TYPENAME="пер." LEVEL="8" OPERTYPEID="10" PREVID="0" NEXTID="0" UPDATEDATE="2024-09-11" STARTDATE="2024-09-11" ENDDATE="2079-06-06" ISACTUAL="1" ISACTIVE="1" /><OBJECT ID="52126386" OBJECTID="165192023" OBJECTGUID="45480795-e065-41b6-8924-8ab1eef9c84b" CHANGEID="600885723" NAME="Луговая" TYPENAME="ул." LEVEL="8" OPERTYPEID="10" PREVID="0" NEXTID="0" UPDATEDATE="2024-09-11" STARTDATE="2024-09-11" ENDDATE="2079-06-06" ISACTUAL="1" ISACTIVE="1" /><OBJECT ID="52126387" OBJECTID="165192024" OBJECTGUID="56f4619e-5519-4fa2-9f39-066971033064" CHANGEID="600885724" NAME="Мануильского" TYPENAME="пер." LEVEL="8" OPERTYPEID="10" PREVID="0" NEXTID="0" UPDATEDATE="2024-09-11" STARTDATE="2024-09-11" ENDDATE="2079-06-06" ISACTUAL="1" ISACTIVE="1" /><OBJECT ID="52126388" OBJECTID="165192025" OBJECTGUID="7b908605-09b8-4b43-9656-ba2917aee1b3" CHANGEID="600885725" NAME="Мичурина" TYPENAME="ул." LEVEL="8" OPERTYPEID="10" PREVID="0" NEXTID="0" UPDATEDATE="2024-09-11" STARTDATE="2024-09-11" ENDDATE="2079-06-06" ISACTUAL="1" ISACTIVE="1" /><OBJECT ID="52126389" OBJECTID="165192026" OBJECTGUID="519b0656-7a23-449d-85d0-6df83c88faf0" CHANGEID="600885726" NAME="Мичурина" TYPENAME="пер." LEVEL="8" OPERTYPEID="10" PREVID="0" NEXTID="0" UPDATEDATE="2024-09-11" STARTDATE="2024-09-11" ENDDATE="2079-06-06" ISACTUAL="1" ISACTIVE="1" /><OBJECT ID="52126390" OBJECTID="165192027" OBJECTGUID="0776ae93-8efb-40cb-b325-aecf6ef894c9" CHANGEID="600885727" NAME="Октябрьская Площадь" TYPENAME="ул." LEVEL="8" OPERTYPEID="10" PREVID="0" NEXTID="0" UPDATEDATE="2024-09-11" STARTDATE="2024-09-11" ENDDATE="2079-06-06" ISACTUAL="1" ISACTIVE="1" /><OBJECT ID="52126391" OBJECTID="165192028" OBJECTGUID="dc2de2e3-7c29-409c-ae8f-a39d70757617" CHANGEID="600885728" NAME="Пролетарский" TYPENAME="пер." LEVEL="8" OPERTYPEID="10" PREVID="0" NEXTID="0" UPDATEDATE="2024-09-11" STARTDATE="2024-09-11" ENDDATE="2079-06-06" ISACTUAL="1" ISACTIVE="1" /><OBJECT ID="52126392" OBJECTID="165192029" OBJECTGUID="df001f54-641b-4706-a379-c40f9c7d1d55" CHANGEID="600885729" NAME="Чапаева" TYPENAME="ул." LEVEL="8" OPERTYPEID="10" PREVID="0" NEXTID="0" UPDATEDATE="2024-09-11" STARTDATE="2024-09-11" ENDDATE="2079-06-06" ISACTUAL="1" ISACTIVE="1" /><OBJECT ID="52126393" OBJECTID="165192030" OBJECTGUID="9669aec5-6b8f-446d-b419-dfd46eb0db63" CHANGEID="600885730" NAME="Школьный" TYPENAME="пер." LEVEL="8" OPERTYPEID="10" PREVID="0" NEXTID="0" UPDATEDATE="2024-09-11" STARTDATE="2024-09-11" ENDDATE="2079-06-06" ISACTUAL="1" ISACTIVE="1" /><OBJECT ID="52126457" OBJECTID="165203015" OBJECTGUID="4abad794-3cdb-48d6-a5b5-80831c2cda6d" CHANGEID="600900804" NAME="Уголек" TYPENAME="тер. СНТ" LEVEL="7" OPERTYPEID="10" PREVID="0" NEXTID="0" UPDATEDATE="2024-09-11" STARTDATE="2024-09-11" ENDDATE="2079-06-06" ISACTUAL="1" ISACTIVE="1" /><OBJECT ID="52126458" OBJECTID="165203166" OBJECTGUID="7015ee0d-689b-45b7-8179-d3a1e6564293" CHANGEID="600900989" NAME="Новая" TYPENAME="ул." LEVEL="8" OPERTYPEID="10" PREVID="0" NEXTID="0" UPDATEDATE="2024-09-11" STARTDATE="2024-09-11" ENDDATE="2079-06-06" ISACTUAL="1" ISACTIVE="1" /><OBJECT ID="52126477" OBJECTID="165208048" OBJECTGUID="7ad38d29-672a-4d8e-a10f-f964bfc9fed1" CHANGEID="600908448" NAME="Косматенко" TYPENAME="ул." LEVEL="8" OPERTYPEID="10" PREVID="0" NEXTID="0" UPDATEDATE="2024-09-11" STARTDATE="2024-09-11" ENDDATE="2079-06-06" ISACTUAL="1" ISACTIVE="1" /><OBJECT ID="52126490" OBJECTID="158038372" OBJECTGUID="da15041f-1209-449d-b4e8-230286dd0c2e" CHANGEID="600913621" NAME="Дзержинского" TYPENAME="ул." LEVEL="8" OPERTYPEID="20" PREVID="52036301" UPDATEDATE="2024-09-11" STARTDATE="2024-09-11" ENDDATE="2079-06-06" ISACTUAL="1" ISACTIVE="1" /><OBJECT ID="52126496" OBJECTID="157716655" OBJECTGUID="264d51b3-72db-4fa6-b1ff-c8aa4ee9f0d8" CHANGEID="600916350" NAME="Железнодорожный дом" TYPENAME="пер." LEVEL="8" OPERTYPEID="20" PREVID="52028018" UPDATEDATE="2024-09-11" STARTDATE="2024-09-11" ENDDATE="2079-06-06" ISACTUAL="1" ISACTIVE="1" /></ADDRESSOBJECTS>