﻿<?xml version="1.0" encoding="utf-8"?><HOUSES><HOUSE ID="58281579" OBJECTID="57705932" OBJECTGUID="616999fc-280e-4377-bd43-decadc3cd437" CHANGEID="86266034" HOUSENUM="32" HOUSETYPE="2" OPERTYPEID="20" PREVID="34540605" NEXTID="126749431" UPDATEDATE="2024-09-10" STARTDATE="2018-12-07" ENDDATE="2024-09-10" ISACTUAL="0" ISACTIVE="0" /><HOUSE ID="5151495" OBJECTID="9872709" OBJECTGUID="67efbfb5-3148-4d67-9367-6bfc54b05539" CHANGEID="16332528" HOUSENUM="33" HOUSETYPE="2" OPERTYPEID="10" PREVID="0" NEXTID="126753896" UPDATEDATE="2024-09-10" STARTDATE="1900-01-01" ENDDATE="2024-09-10" ISACTUAL="0" ISACTIVE="0" /><HOUSE ID="5277159" OBJECTID="10102955" OBJECTGUID="c34d9a66-3195-4b3f-8d4d-1ed504188e46" CHANGEID="16656027" HOUSENUM="41" HOUSETYPE="2" OPERTYPEID="10" PREVID="0" NEXTID="126753920" UPDATEDATE="2024-09-10" STARTDATE="1900-01-01" ENDDATE="2024-09-10" ISACTUAL="0" ISACTIVE="0" /><HOUSE ID="5669023" OBJECTID="10746040" OBJECTGUID="4c79c059-1675-4433-af49-85ca50a59f79" CHANGEID="17592188" HOUSENUM="46" ADDNUM1="2" HOUSETYPE="2" ADDTYPE1="1" OPERTYPEID="10" PREVID="0" NEXTID="126749427" UPDATEDATE="2024-09-10" STARTDATE="1900-01-01" ENDDATE="2024-09-10" ISACTUAL="0" ISACTIVE="0" /><HOUSE ID="15009813" OBJECTID="25358435" OBJECTGUID="7efb5261-55f6-4ab6-b1ba-7adae9928b4e" CHANGEID="39238165" HOUSENUM="1" ADDNUM1="2" HOUSETYPE="2" ADDTYPE1="1" OPERTYPEID="10" PREVID="0" NEXTID="126749438" UPDATEDATE="2024-09-10" STARTDATE="1900-01-01" ENDDATE="2024-09-10" ISACTUAL="0" ISACTIVE="0" /><HOUSE ID="19687253" OBJECTID="33108940" OBJECTGUID="c87a4993-7732-4919-952d-c78fe6330e6d" CHANGEID="50496007" HOUSENUM="44" ADDNUM1="3" HOUSETYPE="2" ADDTYPE1="1" OPERTYPEID="10" PREVID="0" NEXTID="126749420" UPDATEDATE="2024-09-10" STARTDATE="1900-01-01" ENDDATE="2024-09-10" ISACTUAL="0" ISACTIVE="0" /><HOUSE ID="33640270" OBJECTID="56229776" OBJECTGUID="f9c05eb1-a492-4d35-82f2-63334c7c1fcd" CHANGEID="84100163" HOUSENUM="85" ADDNUM1="1" HOUSETYPE="1" ADDTYPE1="2" OPERTYPEID="10" PREVID="0" NEXTID="126730062" UPDATEDATE="2024-09-05" STARTDATE="2019-04-02" ENDDATE="2024-09-05" ISACTUAL="0" ISACTIVE="0" /><HOUSE ID="37383005" OBJECTID="62198835" OBJECTGUID="8ff4beaa-8c85-4fe0-8dcd-404aac2e48cc" CHANGEID="92875054" HOUSENUM="13" HOUSETYPE="2" OPERTYPEID="10" PREVID="0" NEXTID="126749423" UPDATEDATE="2024-09-10" STARTDATE="1900-01-01" ENDDATE="2024-09-10" ISACTUAL="0" ISACTIVE="0" /><HOUSE ID="71406166" OBJECTID="101608806" OBJECTGUID="ec436a02-a1c3-4b8b-82e5-5c92249cce46" CHANGEID="195534046" HOUSENUM="20" HOUSETYPE="2" OPERTYPEID="10" PREVID="0" NEXTID="126737842" UPDATEDATE="2024-09-06" STARTDATE="2021-06-21" ENDDATE="2024-09-06" ISACTUAL="0" ISACTIVE="0" /><HOUSE ID="49751803" OBJECTID="82195148" OBJECTGUID="749b7245-d4a3-4546-9cdb-1caad14be7c4" CHANGEID="122130122" HOUSENUM="28" ADDNUM1="2" HOUSETYPE="2" ADDTYPE1="1" OPERTYPEID="10" PREVID="0" NEXTID="126761722" UPDATEDATE="2024-09-11" STARTDATE="1900-01-01" ENDDATE="2024-09-11" ISACTUAL="0" ISACTIVE="0" /><HOUSE ID="125613426" OBJECTID="45317883" OBJECTGUID="050143bd-5b2a-4c2a-9a89-31c6da44684d" CHANGEID="586287465" HOUSENUM="25" ADDNUM1="1" HOUSETYPE="2" ADDTYPE1="2" OPERTYPEID="50" PREVID="27060287" NEXTID="126730059" UPDATEDATE="2024-09-05" STARTDATE="2024-01-18" ENDDATE="2024-09-05" ISACTUAL="0" ISACTIVE="0" /><HOUSE ID="126706520" OBJECTID="43848090" OBJECTGUID="b8beb58b-1fa0-4498-a426-0ecf6105ac06" CHANGEID="600266796" HOUSENUM="4" ADDNUM1="2" HOUSETYPE="2" ADDTYPE1="2" OPERTYPEID="20" PREVID="64469231" NEXTID="126736043" UPDATEDATE="2024-09-06" STARTDATE="2024-09-02" ENDDATE="2024-09-06" ISACTUAL="0" ISACTIVE="0" /><HOUSE ID="126725676" OBJECTID="165062627" OBJECTGUID="752ce31e-8faa-43f5-ba5b-309565a7863e" CHANGEID="600514985" HOUSENUM="29" HOUSETYPE="2" OPERTYPEID="10" PREVID="0" NEXTID="0" UPDATEDATE="2024-09-05" STARTDATE="2024-09-05" ENDDATE="2079-06-06" ISACTUAL="1" ISACTIVE="1" /><HOUSE ID="126725663" OBJECTID="165062552" OBJECTGUID="375a8aae-7322-4b87-b500-e65310c1840e" CHANGEID="600514879" HOUSENUM="3" HOUSETYPE="2" OPERTYPEID="10" PREVID="0" NEXTID="0" UPDATEDATE="2024-09-05" STARTDATE="2024-09-05" ENDDATE="2079-06-06" ISACTUAL="1" ISACTIVE="1" /><HOUSE ID="126726816" OBJECTID="165068227" OBJECTGUID="cff3bba8-d955-442f-a375-076544c5e8b7" CHANGEID="600524116" HOUSENUM="17/1" ADDNUM1="3" HOUSETYPE="2" ADDTYPE1="2" OPERTYPEID="10" PREVID="0" NEXTID="0" UPDATEDATE="2024-09-05" STARTDATE="2024-09-05" ENDDATE="2079-06-06" ISACTUAL="1" ISACTIVE="1" /><HOUSE ID="126726818" OBJECTID="165068229" OBJECTGUID="290000f8-93c6-4e2e-971c-e6a4da0d28ea" CHANGEID="600524118" HOUSENUM="17" HOUSETYPE="2" OPERTYPEID="10" PREVID="0" NEXTID="0" UPDATEDATE="2024-09-05" STARTDATE="2024-09-05" ENDDATE="2079-06-06" ISACTUAL="1" ISACTIVE="1" /><HOUSE ID="126726820" OBJECTID="165068231" OBJECTGUID="94327e00-83a6-4fb2-b18e-98d5ce0c4984" CHANGEID="600524120" HOUSENUM="187/1" HOUSETYPE="2" OPERTYPEID="10" PREVID="0" NEXTID="0" UPDATEDATE="2024-09-05" STARTDATE="2024-09-05" ENDDATE="2079-06-06" ISACTUAL="1" ISACTIVE="1" /><HOUSE ID="126726822" OBJECTID="165068233" OBJECTGUID="05cc1413-d8cd-4575-9200-a480ae1a26be" CHANGEID="600524122" HOUSENUM="28" HOUSETYPE="2" OPERTYPEID="10" PREVID="0" NEXTID="0" UPDATEDATE="2024-09-05" STARTDATE="2024-09-05" ENDDATE="2079-06-06" ISACTUAL="1" ISACTIVE="1" /><HOUSE ID="126726824" OBJECTID="165068235" OBJECTGUID="ab1b25b1-0f9f-4f18-a94b-8e2084275ceb" CHANGEID="600524124" HOUSENUM="17/1" ADDNUM1="2" HOUSETYPE="2" ADDTYPE1="2" OPERTYPEID="10" PREVID="0" NEXTID="0" UPDATEDATE="2024-09-05" STARTDATE="2024-09-05" ENDDATE="2079-06-06" ISACTUAL="1" ISACTIVE="1" /><HOUSE ID="126726825" OBJECTID="165068236" OBJECTGUID="290609b4-b4af-413e-aa67-bd43a9fbb66e" CHANGEID="600524125" HOUSENUM="17/1" ADDNUM1="1" HOUSETYPE="2" ADDTYPE1="2" OPERTYPEID="10" PREVID="0" NEXTID="0" UPDATEDATE="2024-09-05" STARTDATE="2024-09-05" ENDDATE="2079-06-06" ISACTUAL="1" ISACTIVE="1" /><HOUSE ID="126726827" OBJECTID="165068238" OBJECTGUID="08483fc6-1f55-49af-91bf-1cd0ec1a7f1c" CHANGEID="600524127" HOUSENUM="146" ADDNUM1="1" HOUSETYPE="2" ADDTYPE1="2" OPERTYPEID="10" PREVID="0" NEXTID="0" UPDATEDATE="2024-09-05" STARTDATE="2024-09-05" ENDDATE="2079-06-06" ISACTUAL="1" ISACTIVE="1" /><HOUSE ID="126726817" OBJECTID="165068228" OBJECTGUID="17c5513b-ca4a-40f8-a76c-66476d529108" CHANGEID="600524117" HOUSENUM="26Б" HOUSETYPE="2" OPERTYPEID="10" PREVID="0" NEXTID="0" UPDATEDATE="2024-09-05" STARTDATE="2024-09-05" ENDDATE="2079-06-06" ISACTUAL="1" ISACTIVE="1" /><HOUSE ID="126726819" OBJECTID="165068230" OBJECTGUID="c58f76d7-5d15-41ac-b623-758340f17bd4" CHANGEID="600524119" HOUSENUM="60" HOUSETYPE="2" OPERTYPEID="10" PREVID="0" NEXTID="0" UPDATEDATE="2024-09-05" STARTDATE="2024-09-05" ENDDATE="2079-06-06" ISACTUAL="1" ISACTIVE="1" /><HOUSE ID="126726821" OBJECTID="165068232" OBJECTGUID="ccdcafa7-a5a6-4b2e-b364-9f4ea03513e6" CHANGEID="600524121" HOUSENUM="227" HOUSETYPE="2" OPERTYPEID="10" PREVID="0" NEXTID="0" UPDATEDATE="2024-09-05" STARTDATE="2024-09-05" ENDDATE="2079-06-06" ISACTUAL="1" ISACTIVE="1" /><HOUSE ID="126726823" OBJECTID="165068234" OBJECTGUID="92f8354d-7f16-45dd-b712-b3297d71ebe0" CHANGEID="600524123" HOUSENUM="17" HOUSETYPE="2" OPERTYPEID="10" PREVID="0" NEXTID="0" UPDATEDATE="2024-09-05" STARTDATE="2024-09-05" ENDDATE="2079-06-06" ISACTUAL="1" ISACTIVE="1" /><HOUSE ID="126726826" OBJECTID="165068237" OBJECTGUID="3a210e31-2b5a-43a1-b148-04774e042f91" CHANGEID="600524126" HOUSENUM="214" HOUSETYPE="2" OPERTYPEID="10" PREVID="0" NEXTID="0" UPDATEDATE="2024-09-05" STARTDATE="2024-09-05" ENDDATE="2079-06-06" ISACTUAL="1" ISACTIVE="1" /><HOUSE ID="126726828" OBJECTID="165068239" OBJECTGUID="ccb3d42a-6fd9-439e-b7e0-b264eb8d873e" CHANGEID="600524128" HOUSENUM="13А" HOUSETYPE="2" OPERTYPEID="10" PREVID="0" NEXTID="0" UPDATEDATE="2024-09-05" STARTDATE="2024-09-05" ENDDATE="2079-06-06" ISACTUAL="1" ISACTIVE="1" /><HOUSE ID="126727133" OBJECTID="165069247" OBJECTGUID="3ea9aab9-a752-43d4-85f2-80e6aee68fef" CHANGEID="600525980" HOUSENUM="26Б/1" HOUSETYPE="2" OPERTYPEID="10" PREVID="0" NEXTID="0" UPDATEDATE="2024-09-05" STARTDATE="2024-09-05" ENDDATE="2079-06-06" ISACTUAL="1" ISACTIVE="1" /><HOUSE ID="126727135" OBJECTID="165069249" OBJECTGUID="9cd956a7-9dd9-4ccd-afd0-06c98ce70656" CHANGEID="600525982" HOUSENUM="27" HOUSETYPE="2" OPERTYPEID="10" PREVID="0" NEXTID="0" UPDATEDATE="2024-09-05" STARTDATE="2024-09-05" ENDDATE="2079-06-06" ISACTUAL="1" ISACTIVE="1" /><HOUSE ID="126727137" OBJECTID="165069251" OBJECTGUID="ec0d6671-5e73-475e-90eb-a7b5a406eb13" CHANGEID="600525984" HOUSENUM="47" HOUSETYPE="2" OPERTYPEID="10" PREVID="0" NEXTID="0" UPDATEDATE="2024-09-05" STARTDATE="2024-09-05" ENDDATE="2079-06-06" ISACTUAL="1" ISACTIVE="1" /><HOUSE ID="126727140" OBJECTID="165069257" OBJECTGUID="0f92f2e7-7229-4816-b697-5d4405c8f636" CHANGEID="600525990" HOUSENUM="30" HOUSETYPE="2" OPERTYPEID="10" PREVID="0" NEXTID="0" UPDATEDATE="2024-09-05" STARTDATE="2024-09-05" ENDDATE="2079-06-06" ISACTUAL="1" ISACTIVE="1" /><HOUSE ID="126727143" OBJECTID="165069263" OBJECTGUID="cac6a582-c181-4fdc-ab20-d7b8d2bb8d6a" CHANGEID="600525996" HOUSENUM="19" ADDNUM1="25/1" HOUSETYPE="2" ADDTYPE1="2" OPERTYPEID="10" PREVID="0" NEXTID="0" UPDATEDATE="2024-09-05" STARTDATE="2024-09-05" ENDDATE="2079-06-06" ISACTUAL="1" ISACTIVE="1" /><HOUSE ID="126727145" OBJECTID="165069267" OBJECTGUID="b0d6817e-500b-465c-acf4-cf3c1fe100f5" CHANGEID="600526008" HOUSENUM="4" HOUSETYPE="2" OPERTYPEID="10" PREVID="0" NEXTID="0" UPDATEDATE="2024-09-05" STARTDATE="2024-09-05" ENDDATE="2079-06-06" ISACTUAL="1" ISACTIVE="1" /><HOUSE ID="126727147" OBJECTID="165069272" OBJECTGUID="c010e1d8-f644-4435-8092-7a42869483f9" CHANGEID="600526014" HOUSENUM="18А" HOUSETYPE="8" OPERTYPEID="10" PREVID="0" NEXTID="0" UPDATEDATE="2024-09-05" STARTDATE="2024-09-05" ENDDATE="2079-06-06" ISACTUAL="1" ISACTIVE="1" /><HOUSE ID="126727132" OBJECTID="165069246" OBJECTGUID="6d463014-f398-403f-b6a0-e5ca9f98434a" CHANGEID="600525979" HOUSENUM="24" HOUSETYPE="2" OPERTYPEID="10" PREVID="0" NEXTID="0" UPDATEDATE="2024-09-05" STARTDATE="2024-09-05" ENDDATE="2079-06-06" ISACTUAL="1" ISACTIVE="1" /><HOUSE ID="126727134" OBJECTID="165069248" OBJECTGUID="77874c0e-2bd5-48aa-9626-3f5cd7807f11" CHANGEID="600525981" HOUSENUM="264" ADDNUM1="2" HOUSETYPE="2" ADDTYPE1="2" OPERTYPEID="10" PREVID="0" NEXTID="0" UPDATEDATE="2024-09-05" STARTDATE="2024-09-05" ENDDATE="2079-06-06" ISACTUAL="1" ISACTIVE="1" /><HOUSE ID="126727136" OBJECTID="165069250" OBJECTGUID="7d6437e0-5e6e-4dfa-8a39-9b1fb8f0701a" CHANGEID="600525983" HOUSENUM="2" HOUSETYPE="2" OPERTYPEID="10" PREVID="0" NEXTID="0" UPDATEDATE="2024-09-05" STARTDATE="2024-09-05" ENDDATE="2079-06-06" ISACTUAL="1" ISACTIVE="1" /><HOUSE ID="126727138" OBJECTID="165069252" OBJECTGUID="955c7f56-0e62-47d8-96cf-1e51d611b564" CHANGEID="600525985" HOUSENUM="13" HOUSETYPE="2" OPERTYPEID="10" PREVID="0" NEXTID="0" UPDATEDATE="2024-09-05" STARTDATE="2024-09-05" ENDDATE="2079-06-06" ISACTUAL="1" ISACTIVE="1" /><HOUSE ID="126727139" OBJECTID="165069256" OBJECTGUID="333e26fa-a3c1-407d-a8cb-b92b65386707" CHANGEID="600525989" HOUSENUM="40А" HOUSETYPE="2" OPERTYPEID="10" PREVID="0" NEXTID="0" UPDATEDATE="2024-09-05" STARTDATE="2024-09-05" ENDDATE="2079-06-06" ISACTUAL="1" ISACTIVE="1" /><HOUSE ID="126727141" OBJECTID="165069258" OBJECTGUID="e3317c61-85ed-4c04-ab3d-c8cf91876783" CHANGEID="600525991" HOUSENUM="12" ADDNUM1="2" HOUSETYPE="8" ADDTYPE1="2" OPERTYPEID="10" PREVID="0" NEXTID="0" UPDATEDATE="2024-09-05" STARTDATE="2024-09-05" ENDDATE="2079-06-06" ISACTUAL="1" ISACTIVE="1" /><HOUSE ID="126727142" OBJECTID="165069262" OBJECTGUID="a1828d73-aef1-4a16-95b8-98ef6c155133" CHANGEID="600525995" HOUSENUM="18А" ADDNUM1="7" HOUSETYPE="2" ADDTYPE1="1" OPERTYPEID="10" PREVID="0" NEXTID="0" UPDATEDATE="2024-09-05" STARTDATE="2024-09-05" ENDDATE="2079-06-06" ISACTUAL="1" ISACTIVE="1" /><HOUSE ID="126727144" OBJECTID="165069264" OBJECTGUID="64f91da0-8f54-4c6c-949a-bd8f7aaddee7" CHANGEID="600525997" HOUSENUM="48А" HOUSETYPE="2" OPERTYPEID="10" PREVID="0" NEXTID="0" UPDATEDATE="2024-09-05" STARTDATE="2024-09-05" ENDDATE="2079-06-06" ISACTUAL="1" ISACTIVE="1" /><HOUSE ID="126727146" OBJECTID="165069271" OBJECTGUID="961187b5-3bac-42ee-93e3-6373b60bd6a8" CHANGEID="600526013" HOUSENUM="83" HOUSETYPE="2" OPERTYPEID="10" PREVID="0" NEXTID="0" UPDATEDATE="2024-09-05" STARTDATE="2024-09-05" ENDDATE="2079-06-06" ISACTUAL="1" ISACTIVE="1" /><HOUSE ID="126728359" OBJECTID="165074960" OBJECTGUID="0ce7d933-aa24-4a3a-b403-62cdaaaaac99" CHANGEID="600534866" HOUSENUM="12" ADDNUM1="2" HOUSETYPE="2" ADDTYPE1="2" OPERTYPEID="10" PREVID="0" NEXTID="0" UPDATEDATE="2024-09-05" STARTDATE="2024-09-05" ENDDATE="2079-06-06" ISACTUAL="1" ISACTIVE="1" /><HOUSE ID="126728360" OBJECTID="165074961" OBJECTGUID="c704160a-1d3d-4e4c-9fa7-0c1f88e1b900" CHANGEID="600534868" HOUSENUM="12" ADDNUM1="1" HOUSETYPE="2" ADDTYPE1="2" OPERTYPEID="10" PREVID="0" NEXTID="0" UPDATEDATE="2024-09-05" STARTDATE="2024-09-05" ENDDATE="2079-06-06" ISACTUAL="1" ISACTIVE="1" /><HOUSE ID="126728361" OBJECTID="165074963" OBJECTGUID="ad029b64-9a24-41f8-9491-9373920ac7b1" CHANGEID="600534874" HOUSENUM="8" ADDNUM1="6" HOUSETYPE="2" ADDTYPE1="2" OPERTYPEID="10" PREVID="0" NEXTID="0" UPDATEDATE="2024-09-05" STARTDATE="2024-09-05" ENDDATE="2079-06-06" ISACTUAL="1" ISACTIVE="1" /><HOUSE ID="126729060" OBJECTID="165079109" OBJECTGUID="9b173cac-68e8-4586-bd3f-78ce879667d9" CHANGEID="600540767" HOUSENUM="7" ADDNUM1="1" HOUSETYPE="2" ADDTYPE1="1" OPERTYPEID="10" PREVID="0" NEXTID="0" UPDATEDATE="2024-09-05" STARTDATE="2024-09-05" ENDDATE="2079-06-06" ISACTUAL="1" ISACTIVE="1" /><HOUSE ID="126729981" OBJECTID="165082528" OBJECTGUID="d4a227de-3ae7-4920-8c4c-2b1af6770915" CHANGEID="600546891" HOUSENUM="24" HOUSETYPE="2" OPERTYPEID="10" PREVID="0" NEXTID="0" UPDATEDATE="2024-09-05" STARTDATE="2024-09-05" ENDDATE="2079-06-06" ISACTUAL="1" ISACTIVE="1" /><HOUSE ID="126730059" OBJECTID="45317883" OBJECTGUID="050143bd-5b2a-4c2a-9a89-31c6da44684d" CHANGEID="600547493" HOUSENUM="25" ADDNUM1="1" HOUSETYPE="2" ADDTYPE1="2" OPERTYPEID="30" PREVID="125613426" NEXTID="0" UPDATEDATE="2024-09-05" STARTDATE="2024-09-05" ENDDATE="2079-06-06" ISACTUAL="1" ISACTIVE="0" /><HOUSE ID="126730060" OBJECTID="69862777" OBJECTGUID="b5076af4-45cc-4dd7-8d7b-ea6b9985d7e9" CHANGEID="600547495" HOUSENUM="155" ADDNUM1="1" HOUSETYPE="1" ADDTYPE1="2" OPERTYPEID="30" PREVID="42132421" NEXTID="0" UPDATEDATE="2024-09-05" STARTDATE="2024-09-05" ENDDATE="2079-06-06" ISACTUAL="1" ISACTIVE="0" /><HOUSE ID="42132421" OBJECTID="69862777" OBJECTGUID="b5076af4-45cc-4dd7-8d7b-ea6b9985d7e9" CHANGEID="104109735" HOUSENUM="155" ADDNUM1="1" HOUSETYPE="1" ADDTYPE1="2" OPERTYPEID="10" PREVID="0" NEXTID="126730060" UPDATEDATE="2024-09-05" STARTDATE="2018-03-06" ENDDATE="2024-09-05" ISACTUAL="0" ISACTIVE="0" /><HOUSE ID="126730061" OBJECTID="43687554" OBJECTGUID="9622c1cd-6a94-4497-ad07-e7c0de6660ed" CHANGEID="600547497" HOUSENUM="40" ADDNUM1="1" HOUSETYPE="1" ADDTYPE1="2" OPERTYPEID="30" PREVID="26108164" NEXTID="0" UPDATEDATE="2024-09-05" STARTDATE="2024-09-05" ENDDATE="2079-06-06" ISACTUAL="1" ISACTIVE="0" /><HOUSE ID="26108164" OBJECTID="43687554" OBJECTGUID="9622c1cd-6a94-4497-ad07-e7c0de6660ed" CHANGEID="65923867" HOUSENUM="40" ADDNUM1="1" HOUSETYPE="1" ADDTYPE1="2" OPERTYPEID="10" PREVID="0" NEXTID="126730061" UPDATEDATE="2024-09-05" STARTDATE="2019-04-01" ENDDATE="2024-09-05" ISACTUAL="0" ISACTIVE="0" /><HOUSE ID="126730062" OBJECTID="56229776" OBJECTGUID="f9c05eb1-a492-4d35-82f2-63334c7c1fcd" CHANGEID="600547498" HOUSENUM="85" ADDNUM1="1" HOUSETYPE="1" ADDTYPE1="2" OPERTYPEID="30" PREVID="33640270" NEXTID="0" UPDATEDATE="2024-09-05" STARTDATE="2024-09-05" ENDDATE="2079-06-06" ISACTUAL="1" ISACTIVE="0" /><HOUSE ID="126730071" OBJECTID="165082890" OBJECTGUID="d5943c95-786c-4792-bdd2-8305e353cddf" CHANGEID="600547576" HOUSENUM="1А" HOUSETYPE="2" OPERTYPEID="10" PREVID="0" NEXTID="0" UPDATEDATE="2024-09-05" STARTDATE="2024-09-05" ENDDATE="2079-06-06" ISACTUAL="1" ISACTIVE="1" /><HOUSE ID="126734347" OBJECTID="165100884" OBJECTGUID="ff5cf6dc-7d74-44e7-9f16-aeaa9dcadc6e" CHANGEID="600580098" HOUSENUM="8" ADDNUM1="1" HOUSETYPE="2" ADDTYPE1="1" OPERTYPEID="10" PREVID="0" NEXTID="0" UPDATEDATE="2024-09-06" STARTDATE="2024-09-06" ENDDATE="2079-06-06" ISACTUAL="1" ISACTIVE="1" /><HOUSE ID="126734324" OBJECTID="157899679" OBJECTGUID="1601cd61-9a6e-48c5-9fb0-2e1021c416ad" CHANGEID="600579930" HOUSENUM="8" ADDNUM1="3" HOUSETYPE="2" ADDTYPE1="2" OPERTYPEID="30" PREVID="124057715" NEXTID="0" UPDATEDATE="2024-09-06" STARTDATE="2024-09-06" ENDDATE="2079-06-06" ISACTUAL="1" ISACTIVE="0" /><HOUSE ID="124057715" OBJECTID="157899679" OBJECTGUID="1601cd61-9a6e-48c5-9fb0-2e1021c416ad" CHANGEID="494123438" HOUSENUM="8" ADDNUM1="3" HOUSETYPE="2" ADDTYPE1="2" OPERTYPEID="10" PREVID="0" NEXTID="126734324" UPDATEDATE="2024-09-06" STARTDATE="2023-01-26" ENDDATE="2024-09-06" ISACTUAL="0" ISACTIVE="0" /><HOUSE ID="126734426" OBJECTID="165101330" OBJECTGUID="ed675027-4961-4c83-848b-569101a27ea9" CHANGEID="600581305" HOUSENUM="22" HOUSETYPE="2" OPERTYPEID="10" PREVID="0" NEXTID="0" UPDATEDATE="2024-09-06" STARTDATE="2024-09-06" ENDDATE="2079-06-06" ISACTUAL="1" ISACTIVE="1" /><HOUSE ID="126734753" OBJECTID="165102654" OBJECTGUID="32f6ce54-f0cb-41a6-b3a9-cce3b723234a" CHANGEID="600583917" HOUSENUM="4/1" ADDNUM1="1" HOUSETYPE="2" ADDTYPE1="2" OPERTYPEID="10" PREVID="0" NEXTID="0" UPDATEDATE="2024-09-06" STARTDATE="2024-09-06" ENDDATE="2079-06-06" ISACTUAL="1" ISACTIVE="1" /><HOUSE ID="126734794" OBJECTID="165102969" OBJECTGUID="acf03052-98c8-4758-8359-2e7de05d811e" CHANGEID="600584432" HOUSENUM="45" HOUSETYPE="2" OPERTYPEID="10" PREVID="0" NEXTID="0" UPDATEDATE="2024-09-06" STARTDATE="2024-09-06" ENDDATE="2079-06-06" ISACTUAL="1" ISACTIVE="1" /><HOUSE ID="126734796" OBJECTID="165102971" OBJECTGUID="52a4d311-cbb0-4cac-952e-d5cd5b7760ac" CHANGEID="600584434" HOUSENUM="20" HOUSETYPE="2" OPERTYPEID="10" PREVID="0" NEXTID="0" UPDATEDATE="2024-09-06" STARTDATE="2024-09-06" ENDDATE="2079-06-06" ISACTUAL="1" ISACTIVE="1" /><HOUSE ID="126734798" OBJECTID="165102973" OBJECTGUID="6167c9a1-ec12-4430-b8b6-29185eb359c1" CHANGEID="600584436" HOUSENUM="77" HOUSETYPE="2" OPERTYPEID="10" PREVID="0" NEXTID="0" UPDATEDATE="2024-09-06" STARTDATE="2024-09-06" ENDDATE="2079-06-06" ISACTUAL="1" ISACTIVE="1" /><HOUSE ID="126734800" OBJECTID="165102975" OBJECTGUID="d5942051-2b5d-4d33-85e8-1ad56d79ab34" CHANGEID="600584438" HOUSENUM="85Б" HOUSETYPE="2" OPERTYPEID="10" PREVID="0" NEXTID="0" UPDATEDATE="2024-09-06" STARTDATE="2024-09-06" ENDDATE="2079-06-06" ISACTUAL="1" ISACTIVE="1" /><HOUSE ID="126734802" OBJECTID="165102977" OBJECTGUID="7001ee75-bb9c-456c-a2e3-ea141223da9f" CHANGEID="600584440" HOUSENUM="190" HOUSETYPE="2" OPERTYPEID="10" PREVID="0" NEXTID="0" UPDATEDATE="2024-09-06" STARTDATE="2024-09-06" ENDDATE="2079-06-06" ISACTUAL="1" ISACTIVE="1" /><HOUSE ID="126734804" OBJECTID="165102979" OBJECTGUID="121df342-096b-4a5e-b598-43dafe646e82" CHANGEID="600584442" HOUSENUM="132" HOUSETYPE="2" OPERTYPEID="10" PREVID="0" NEXTID="0" UPDATEDATE="2024-09-06" STARTDATE="2024-09-06" ENDDATE="2079-06-06" ISACTUAL="1" ISACTIVE="1" /><HOUSE ID="126734806" OBJECTID="165102981" OBJECTGUID="51194401-977f-4627-a081-e5c3d829d200" CHANGEID="600584444" HOUSENUM="13" HOUSETYPE="2" OPERTYPEID="10" PREVID="0" NEXTID="0" UPDATEDATE="2024-09-06" STARTDATE="2024-09-06" ENDDATE="2079-06-06" ISACTUAL="1" ISACTIVE="1" /><HOUSE ID="126734808" OBJECTID="165102983" OBJECTGUID="faacee87-7ff7-4179-bb5a-ef8541cb4e28" CHANGEID="600584446" HOUSENUM="43" HOUSETYPE="2" OPERTYPEID="10" PREVID="0" NEXTID="0" UPDATEDATE="2024-09-06" STARTDATE="2024-09-06" ENDDATE="2079-06-06" ISACTUAL="1" ISACTIVE="1" /><HOUSE ID="126734810" OBJECTID="165102985" OBJECTGUID="d4134c7c-9402-4456-8f29-702b586acefa" CHANGEID="600584448" HOUSENUM="64" HOUSETYPE="2" OPERTYPEID="10" PREVID="0" NEXTID="0" UPDATEDATE="2024-09-06" STARTDATE="2024-09-06" ENDDATE="2079-06-06" ISACTUAL="1" ISACTIVE="1" /><HOUSE ID="126734795" OBJECTID="165102970" OBJECTGUID="aaf49b35-ac3b-4d6c-926e-1147208c021a" CHANGEID="600584433" HOUSENUM="22" HOUSETYPE="2" OPERTYPEID="10" PREVID="0" NEXTID="0" UPDATEDATE="2024-09-06" STARTDATE="2024-09-06" ENDDATE="2079-06-06" ISACTUAL="1" ISACTIVE="1" /><HOUSE ID="126734797" OBJECTID="165102972" OBJECTGUID="48bd1947-befe-49b5-945c-291971b8dfa4" CHANGEID="600584435" HOUSENUM="265" HOUSETYPE="2" OPERTYPEID="10" PREVID="0" NEXTID="0" UPDATEDATE="2024-09-06" STARTDATE="2024-09-06" ENDDATE="2079-06-06" ISACTUAL="1" ISACTIVE="1" /><HOUSE ID="126734799" OBJECTID="165102974" OBJECTGUID="8ca0c276-6f62-4887-b253-3291cc9fec11" CHANGEID="600584437" HOUSENUM="1" HOUSETYPE="2" OPERTYPEID="10" PREVID="0" NEXTID="0" UPDATEDATE="2024-09-06" STARTDATE="2024-09-06" ENDDATE="2079-06-06" ISACTUAL="1" ISACTIVE="1" /><HOUSE ID="126734801" OBJECTID="165102976" OBJECTGUID="bf2d24e2-741a-423b-b8a6-e4dd66f437a4" CHANGEID="600584439" HOUSENUM="16" ADDNUM1="1" HOUSETYPE="2" ADDTYPE1="2" OPERTYPEID="10" PREVID="0" NEXTID="0" UPDATEDATE="2024-09-06" STARTDATE="2024-09-06" ENDDATE="2079-06-06" ISACTUAL="1" ISACTIVE="1" /><HOUSE ID="126734803" OBJECTID="165102978" OBJECTGUID="80e27a35-5a4a-4071-bce9-3387a607ddc8" CHANGEID="600584441" HOUSENUM="235" HOUSETYPE="2" OPERTYPEID="10" PREVID="0" NEXTID="0" UPDATEDATE="2024-09-06" STARTDATE="2024-09-06" ENDDATE="2079-06-06" ISACTUAL="1" ISACTIVE="1" /><HOUSE ID="126734805" OBJECTID="165102980" OBJECTGUID="0fd5047b-32ac-41e4-9f16-cd3b42fec8f4" CHANGEID="600584443" HOUSENUM="123" HOUSETYPE="2" OPERTYPEID="10" PREVID="0" NEXTID="0" UPDATEDATE="2024-09-06" STARTDATE="2024-09-06" ENDDATE="2079-06-06" ISACTUAL="1" ISACTIVE="1" /><HOUSE ID="126734807" OBJECTID="165102982" OBJECTGUID="0bfd2049-be7a-48d9-92b4-38ec3a76a188" CHANGEID="600584445" HOUSENUM="8Б" HOUSETYPE="2" OPERTYPEID="10" PREVID="0" NEXTID="0" UPDATEDATE="2024-09-06" STARTDATE="2024-09-06" ENDDATE="2079-06-06" ISACTUAL="1" ISACTIVE="1" /><HOUSE ID="126734809" OBJECTID="165102984" OBJECTGUID="a7c48fb2-d44e-4d6a-91a8-c3fee91f5b53" CHANGEID="600584447" HOUSENUM="3Б" HOUSETYPE="2" OPERTYPEID="10" PREVID="0" NEXTID="0" UPDATEDATE="2024-09-06" STARTDATE="2024-09-06" ENDDATE="2079-06-06" ISACTUAL="1" ISACTIVE="1" /><HOUSE ID="126734811" OBJECTID="165102986" OBJECTGUID="ff947719-3722-43ad-900d-3457d9b66581" CHANGEID="600584449" HOUSENUM="15" HOUSETYPE="2" OPERTYPEID="10" PREVID="0" NEXTID="0" UPDATEDATE="2024-09-06" STARTDATE="2024-09-06" ENDDATE="2079-06-06" ISACTUAL="1" ISACTIVE="1" /><HOUSE ID="126735299" OBJECTID="103582954" OBJECTGUID="61b4dcda-fbbf-470e-9418-53a2eb7e38b7" CHANGEID="600586005" HOUSENUM="73" HOUSETYPE="2" OPERTYPEID="30" PREVID="72103444" NEXTID="0" UPDATEDATE="2024-09-06" STARTDATE="2024-09-06" ENDDATE="2079-06-06" ISACTUAL="1" ISACTIVE="0" /><HOUSE ID="72103444" OBJECTID="103582954" OBJECTGUID="61b4dcda-fbbf-470e-9418-53a2eb7e38b7" CHANGEID="269036644" HOUSENUM="73" HOUSETYPE="2" OPERTYPEID="10" PREVID="0" NEXTID="126735299" UPDATEDATE="2024-09-06" STARTDATE="2022-01-28" ENDDATE="2024-09-06" ISACTUAL="0" ISACTIVE="0" /><HOUSE ID="70182391" OBJECTID="99266106" OBJECTGUID="ea61907b-1bbc-47ca-9f8e-bb8a4b38d022" CHANGEID="158935714" HOUSENUM="2" ADDNUM1="1" HOUSETYPE="2" ADDTYPE1="2" OPERTYPEID="10" PREVID="0" NEXTID="126735565" UPDATEDATE="2024-09-06" STARTDATE="2020-11-25" ENDDATE="2024-09-06" ISACTUAL="0" ISACTIVE="0" /><HOUSE ID="126735565" OBJECTID="99266106" OBJECTGUID="ea61907b-1bbc-47ca-9f8e-bb8a4b38d022" CHANGEID="600587507" HOUSENUM="2" HOUSETYPE="8" OPERTYPEID="20" PREVID="70182391" UPDATEDATE="2024-09-06" STARTDATE="2024-09-06" ENDDATE="2079-06-06" ISACTUAL="1" ISACTIVE="1" /><HOUSE ID="126735811" OBJECTID="165105249" OBJECTGUID="688622e3-5c51-4078-8947-161f390e1cf1" CHANGEID="600588129" HOUSENUM="21" HOUSETYPE="2" OPERTYPEID="10" PREVID="0" NEXTID="0" UPDATEDATE="2024-09-06" STARTDATE="2024-09-06" ENDDATE="2079-06-06" ISACTUAL="1" ISACTIVE="1" /><HOUSE ID="126735812" OBJECTID="165105250" OBJECTGUID="b020ce8f-0e72-4c72-8a4e-88fa9d5bd26d" CHANGEID="600588130" HOUSENUM="30" HOUSETYPE="2" OPERTYPEID="10" PREVID="0" NEXTID="0" UPDATEDATE="2024-09-06" STARTDATE="2024-09-06" ENDDATE="2079-06-06" ISACTUAL="1" ISACTIVE="1" /><HOUSE ID="126736043" OBJECTID="43848090" OBJECTGUID="b8beb58b-1fa0-4498-a426-0ecf6105ac06" CHANGEID="600589675" HOUSENUM="4" ADDNUM1="2" HOUSETYPE="3" ADDTYPE1="2" OPERTYPEID="20" PREVID="126706520" NEXTID="126750357" UPDATEDATE="2024-09-10" STARTDATE="2024-09-06" ENDDATE="2024-09-10" ISACTUAL="0" ISACTIVE="0" /><HOUSE ID="126736715" OBJECTID="165108626" OBJECTGUID="d5b12e39-05df-46cc-a85b-0619b7597895" CHANGEID="600593627" HOUSENUM="12" HOUSETYPE="2" OPERTYPEID="10" PREVID="0" NEXTID="0" UPDATEDATE="2024-09-06" STARTDATE="2024-09-06" ENDDATE="2079-06-06" ISACTUAL="1" ISACTIVE="1" /><HOUSE ID="126736714" OBJECTID="165108625" OBJECTGUID="58abc66c-368d-430d-993d-af90978bcfae" CHANGEID="600593626" HOUSENUM="18А" ADDNUM1="6" HOUSETYPE="2" ADDTYPE1="1" OPERTYPEID="10" PREVID="0" NEXTID="0" UPDATEDATE="2024-09-06" STARTDATE="2024-09-06" ENDDATE="2079-06-06" ISACTUAL="1" ISACTIVE="1" /><HOUSE ID="126737842" OBJECTID="101608806" OBJECTGUID="ec436a02-a1c3-4b8b-82e5-5c92249cce46" CHANGEID="600701582" HOUSENUM="20" HOUSETYPE="2" OPERTYPEID="30" PREVID="71406166" NEXTID="0" UPDATEDATE="2024-09-06" STARTDATE="2024-09-06" ENDDATE="2079-06-06" ISACTUAL="1" ISACTIVE="0" /><HOUSE ID="126737840" OBJECTID="103179731" OBJECTGUID="fb5ba963-7002-44b4-a955-8136d49fe0ee" CHANGEID="600701532" HOUSENUM="62/2" HOUSETYPE="2" OPERTYPEID="30" PREVID="71983646" NEXTID="0" UPDATEDATE="2024-09-06" STARTDATE="2024-09-06" ENDDATE="2079-06-06" ISACTUAL="1" ISACTIVE="0" /><HOUSE ID="71983646" OBJECTID="103179731" OBJECTGUID="fb5ba963-7002-44b4-a955-8136d49fe0ee" CHANGEID="235018872" HOUSENUM="62/2" HOUSETYPE="2" OPERTYPEID="10" PREVID="0" NEXTID="126737840" UPDATEDATE="2024-09-06" STARTDATE="2021-12-09" ENDDATE="2024-09-06" ISACTUAL="0" ISACTIVE="0" /><HOUSE ID="126738601" OBJECTID="60036653" OBJECTGUID="efffc560-ed14-47b6-a5e5-885abb00a078" CHANGEID="600706091" HOUSENUM="18А" ADDNUM1="6" HOUSETYPE="2" ADDTYPE1="2" OPERTYPEID="30" PREVID="35960921" NEXTID="0" UPDATEDATE="2024-09-06" STARTDATE="2024-09-06" ENDDATE="2079-06-06" ISACTUAL="1" ISACTIVE="0" /><HOUSE ID="35960921" OBJECTID="60036653" OBJECTGUID="efffc560-ed14-47b6-a5e5-885abb00a078" CHANGEID="89659895" HOUSENUM="18А" ADDNUM1="6" HOUSETYPE="2" ADDTYPE1="2" OPERTYPEID="10" PREVID="0" NEXTID="126738601" UPDATEDATE="2024-09-06" STARTDATE="1900-01-01" ENDDATE="2024-09-06" ISACTUAL="0" ISACTIVE="0" /><HOUSE ID="126738627" OBJECTID="9248254" OBJECTGUID="dbeed2d6-c9e3-40b0-8b2a-57fd0c42087f" CHANGEID="600706193" HOUSENUM="1" ADDNUM1="1" HOUSETYPE="1" ADDTYPE1="2" OPERTYPEID="30" PREVID="4790531" NEXTID="0" UPDATEDATE="2024-09-06" STARTDATE="2024-09-06" ENDDATE="2079-06-06" ISACTUAL="1" ISACTIVE="0" /><HOUSE ID="4790531" OBJECTID="9248254" OBJECTGUID="dbeed2d6-c9e3-40b0-8b2a-57fd0c42087f" CHANGEID="15437936" HOUSENUM="1" ADDNUM1="1" HOUSETYPE="1" ADDTYPE1="2" OPERTYPEID="10" PREVID="0" NEXTID="126738627" UPDATEDATE="2024-09-06" STARTDATE="1900-01-01" ENDDATE="2024-09-06" ISACTUAL="0" ISACTIVE="0" /><HOUSE ID="126738602" OBJECTID="59702086" OBJECTGUID="ce3abc58-4759-40f4-9e8d-b0296d2f04ac" CHANGEID="600706114" HOUSENUM="18А" ADDNUM1="7" HOUSETYPE="2" ADDTYPE1="2" OPERTYPEID="30" PREVID="35755667" NEXTID="0" UPDATEDATE="2024-09-06" STARTDATE="2024-09-06" ENDDATE="2079-06-06" ISACTUAL="1" ISACTIVE="0" /><HOUSE ID="35755667" OBJECTID="59702086" OBJECTGUID="ce3abc58-4759-40f4-9e8d-b0296d2f04ac" CHANGEID="89170385" HOUSENUM="18А" ADDNUM1="7" HOUSETYPE="2" ADDTYPE1="2" OPERTYPEID="10" PREVID="0" NEXTID="126738602" UPDATEDATE="2024-09-06" STARTDATE="1900-01-01" ENDDATE="2024-09-06" ISACTUAL="0" ISACTIVE="0" /><HOUSE ID="126740281" OBJECTID="165122951" OBJECTGUID="eb7b0068-8b49-48c8-86a5-98c71de083aa" CHANGEID="600747376" HOUSENUM="1" HOUSETYPE="2" OPERTYPEID="10" PREVID="0" NEXTID="0" UPDATEDATE="2024-09-09" STARTDATE="2024-09-09" ENDDATE="2079-06-06" ISACTUAL="1" ISACTIVE="1" /><HOUSE ID="126740282" OBJECTID="165122953" OBJECTGUID="a1ea5e33-ca9a-4b36-8f8f-76bac45e13b3" CHANGEID="600747378" HOUSENUM="21А" HOUSETYPE="2" OPERTYPEID="10" PREVID="0" NEXTID="0" UPDATEDATE="2024-09-09" STARTDATE="2024-09-09" ENDDATE="2079-06-06" ISACTUAL="1" ISACTIVE="1" /><HOUSE ID="126741731" OBJECTID="165130839" OBJECTGUID="ee815d6b-abf2-4b31-b9fa-c50424d517ff" CHANGEID="600759474" HOUSENUM="12" ADDNUM1="3" HOUSETYPE="8" ADDTYPE1="2" OPERTYPEID="10" PREVID="0" NEXTID="0" UPDATEDATE="2024-09-09" STARTDATE="2024-09-09" ENDDATE="2079-06-06" ISACTUAL="1" ISACTIVE="1" /><HOUSE ID="126744994" OBJECTID="165141308" OBJECTGUID="ac8f5547-cde9-4f04-8c47-6019a935e4de" CHANGEID="600776310" HOUSENUM="202А" HOUSETYPE="2" OPERTYPEID="10" PREVID="0" NEXTID="0" UPDATEDATE="2024-09-09" STARTDATE="2024-09-09" ENDDATE="2079-06-06" ISACTUAL="1" ISACTIVE="1" /><HOUSE ID="126745006" OBJECTID="165141430" OBJECTGUID="e55f00d5-df33-40e5-9fc6-03cbee3dca17" CHANGEID="600776495" HOUSENUM="73" HOUSETYPE="2" OPERTYPEID="10" PREVID="0" NEXTID="0" UPDATEDATE="2024-09-09" STARTDATE="2024-09-09" ENDDATE="2079-06-06" ISACTUAL="1" ISACTIVE="1" /><HOUSE ID="126745700" OBJECTID="26537344" OBJECTGUID="bab877b8-8e62-4a3e-a815-c9eecfe770b3" CHANGEID="600780494" HOUSENUM="33" HOUSETYPE="2" OPERTYPEID="30" PREVID="15758191" NEXTID="0" UPDATEDATE="2024-09-09" STARTDATE="2024-09-09" ENDDATE="2079-06-06" ISACTUAL="1" ISACTIVE="0" /><HOUSE ID="15758191" OBJECTID="26537344" OBJECTGUID="bab877b8-8e62-4a3e-a815-c9eecfe770b3" CHANGEID="40979992" HOUSENUM="33" HOUSETYPE="2" OPERTYPEID="10" PREVID="0" NEXTID="126745700" UPDATEDATE="2024-09-09" STARTDATE="1900-01-01" ENDDATE="2024-09-09" ISACTUAL="0" ISACTIVE="0" /><HOUSE ID="126745699" OBJECTID="19408659" OBJECTGUID="baa9fc91-f511-4f83-876a-a56b365524d2" CHANGEID="600780493" HOUSENUM="2А" HOUSETYPE="2" OPERTYPEID="30" PREVID="11241016" NEXTID="0" UPDATEDATE="2024-09-09" STARTDATE="2024-09-09" ENDDATE="2079-06-06" ISACTUAL="1" ISACTIVE="0" /><HOUSE ID="11241016" OBJECTID="19408659" OBJECTGUID="baa9fc91-f511-4f83-876a-a56b365524d2" CHANGEID="30449303" HOUSENUM="2А" HOUSETYPE="2" OPERTYPEID="10" PREVID="0" NEXTID="126745699" UPDATEDATE="2024-09-09" STARTDATE="1900-01-01" ENDDATE="2024-09-09" ISACTUAL="0" ISACTIVE="0" /><HOUSE ID="69720883" OBJECTID="96936258" OBJECTGUID="215d616d-46fa-476f-842c-747770d1f497" CHANGEID="150718217" HOUSENUM="33" ADDNUM1="1" HOUSETYPE="2" ADDTYPE1="2" OPERTYPEID="10" PREVID="0" NEXTID="126745713" UPDATEDATE="2024-09-09" STARTDATE="2020-05-28" ENDDATE="2024-09-09" ISACTUAL="0" ISACTIVE="0" /><HOUSE ID="126745713" OBJECTID="96936258" OBJECTGUID="215d616d-46fa-476f-842c-747770d1f497" CHANGEID="600780539" HOUSENUM="33В" ADDNUM1="1" HOUSETYPE="2" ADDTYPE1="2" OPERTYPEID="20" PREVID="69720883" UPDATEDATE="2024-09-09" STARTDATE="2024-09-09" ENDDATE="2079-06-06" ISACTUAL="1" ISACTIVE="1" /><HOUSE ID="126749391" OBJECTID="165160890" OBJECTGUID="792a71e9-f4d2-4973-b3cd-1ab4bb43533c" CHANGEID="600812451" HOUSENUM="19" HOUSETYPE="2" OPERTYPEID="10" PREVID="0" NEXTID="0" UPDATEDATE="2024-09-10" STARTDATE="2024-09-10" ENDDATE="2079-06-06" ISACTUAL="1" ISACTIVE="1" /><HOUSE ID="126749393" OBJECTID="165160896" OBJECTGUID="2ce83bbb-a7e1-4613-9352-66638427a1c5" CHANGEID="600812461" HOUSENUM="35" HOUSETYPE="2" OPERTYPEID="10" PREVID="0" NEXTID="0" UPDATEDATE="2024-09-10" STARTDATE="2024-09-10" ENDDATE="2079-06-06" ISACTUAL="1" ISACTIVE="1" /><HOUSE ID="126749395" OBJECTID="33785391" OBJECTGUID="8b46ee1b-43d7-4247-8d35-1c36063f2797" CHANGEID="600812463" HOUSENUM="9" HOUSETYPE="2" OPERTYPEID="30" PREVID="20080483" NEXTID="0" UPDATEDATE="2024-09-10" STARTDATE="2024-09-10" ENDDATE="2079-06-06" ISACTUAL="1" ISACTIVE="0" /><HOUSE ID="20080483" OBJECTID="33785391" OBJECTGUID="8b46ee1b-43d7-4247-8d35-1c36063f2797" CHANGEID="51471045" HOUSENUM="9" HOUSETYPE="2" OPERTYPEID="10" PREVID="0" NEXTID="126749395" UPDATEDATE="2024-09-10" STARTDATE="1900-01-01" ENDDATE="2024-09-10" ISACTUAL="0" ISACTIVE="0" /><HOUSE ID="126749396" OBJECTID="68403770" OBJECTGUID="18208ca6-9c63-4967-a048-31a9ba98823d" CHANGEID="600812469" HOUSENUM="2/1" ADDNUM1="19" HOUSETYPE="2" ADDTYPE1="1" OPERTYPEID="30" PREVID="41222066" NEXTID="0" UPDATEDATE="2024-09-10" STARTDATE="2024-09-10" ENDDATE="2079-06-06" ISACTUAL="1" ISACTIVE="0" /><HOUSE ID="41222066" OBJECTID="68403770" OBJECTGUID="18208ca6-9c63-4967-a048-31a9ba98823d" CHANGEID="101960556" HOUSENUM="2/1" ADDNUM1="19" HOUSETYPE="2" ADDTYPE1="1" OPERTYPEID="10" PREVID="0" NEXTID="126749396" UPDATEDATE="2024-09-10" STARTDATE="1900-01-01" ENDDATE="2024-09-10" ISACTUAL="0" ISACTIVE="0" /><HOUSE ID="126749400" OBJECTID="23075615" OBJECTGUID="ad92877b-53b0-4b84-9bc4-efd67a2e85a9" CHANGEID="600812753" HOUSENUM="2" ADDNUM1="9" HOUSETYPE="2" ADDTYPE1="2" OPERTYPEID="30" PREVID="13616844" NEXTID="0" UPDATEDATE="2024-09-10" STARTDATE="2024-09-10" ENDDATE="2079-06-06" ISACTUAL="1" ISACTIVE="0" /><HOUSE ID="13616844" OBJECTID="23075615" OBJECTGUID="ad92877b-53b0-4b84-9bc4-efd67a2e85a9" CHANGEID="35899994" HOUSENUM="2" ADDNUM1="9" HOUSETYPE="2" ADDTYPE1="2" OPERTYPEID="10" PREVID="0" NEXTID="126749400" UPDATEDATE="2024-09-10" STARTDATE="1900-01-01" ENDDATE="2024-09-10" ISACTUAL="0" ISACTIVE="0" /><HOUSE ID="126749412" OBJECTID="54699747" OBJECTGUID="ab660114-6b20-4a40-9c0e-3c4b9bc6c537" CHANGEID="600812810" HOUSENUM="4" HOUSETYPE="2" OPERTYPEID="30" PREVID="32675324" NEXTID="0" UPDATEDATE="2024-09-10" STARTDATE="2024-09-10" ENDDATE="2079-06-06" ISACTUAL="1" ISACTIVE="0" /><HOUSE ID="32675324" OBJECTID="54699747" OBJECTGUID="ab660114-6b20-4a40-9c0e-3c4b9bc6c537" CHANGEID="81836740" HOUSENUM="4" HOUSETYPE="2" OPERTYPEID="10" PREVID="0" NEXTID="126749412" UPDATEDATE="2024-09-10" STARTDATE="1900-01-01" ENDDATE="2024-09-10" ISACTUAL="0" ISACTIVE="0" /><HOUSE ID="126749394" OBJECTID="11781860" OBJECTGUID="f974b37b-c921-40a4-9fce-3e9334e122cc" CHANGEID="600812462" HOUSENUM="78" HOUSETYPE="2" OPERTYPEID="30" PREVID="6312982" NEXTID="0" UPDATEDATE="2024-09-10" STARTDATE="2024-09-10" ENDDATE="2079-06-06" ISACTUAL="1" ISACTIVE="0" /><HOUSE ID="6312982" OBJECTID="11781860" OBJECTGUID="f974b37b-c921-40a4-9fce-3e9334e122cc" CHANGEID="19109851" HOUSENUM="78" HOUSETYPE="2" OPERTYPEID="10" PREVID="0" NEXTID="126749394" UPDATEDATE="2024-09-10" STARTDATE="1900-01-01" ENDDATE="2024-09-10" ISACTUAL="0" ISACTIVE="0" /><HOUSE ID="126749417" OBJECTID="71034500" OBJECTGUID="a5195559-1890-4b45-b6c2-b254d3af7ece" CHANGEID="600812939" HOUSENUM="19" HOUSETYPE="2" OPERTYPEID="30" PREVID="42844969" NEXTID="0" UPDATEDATE="2024-09-10" STARTDATE="2024-09-10" ENDDATE="2079-06-06" ISACTUAL="1" ISACTIVE="0" /><HOUSE ID="42844969" OBJECTID="71034500" OBJECTGUID="a5195559-1890-4b45-b6c2-b254d3af7ece" CHANGEID="105820403" HOUSENUM="19" HOUSETYPE="2" OPERTYPEID="10" PREVID="0" NEXTID="126749417" UPDATEDATE="2024-09-10" STARTDATE="1900-01-01" ENDDATE="2024-09-10" ISACTUAL="0" ISACTIVE="0" /><HOUSE ID="126749420" OBJECTID="33108940" OBJECTGUID="c87a4993-7732-4919-952d-c78fe6330e6d" CHANGEID="600812973" HOUSENUM="44" ADDNUM1="3" HOUSETYPE="2" ADDTYPE1="1" OPERTYPEID="30" PREVID="19687253" NEXTID="0" UPDATEDATE="2024-09-10" STARTDATE="2024-09-10" ENDDATE="2079-06-06" ISACTUAL="1" ISACTIVE="0" /><HOUSE ID="126749421" OBJECTID="18985789" OBJECTGUID="2b8f9277-0b4f-4ed6-9687-af5355e39d40" CHANGEID="600812990" HOUSENUM="20" HOUSETYPE="2" OPERTYPEID="30" PREVID="10954713" NEXTID="0" UPDATEDATE="2024-09-10" STARTDATE="2024-09-10" ENDDATE="2079-06-06" ISACTUAL="1" ISACTIVE="0" /><HOUSE ID="10954713" OBJECTID="18985789" OBJECTGUID="2b8f9277-0b4f-4ed6-9687-af5355e39d40" CHANGEID="29809101" HOUSENUM="20" HOUSETYPE="2" OPERTYPEID="10" PREVID="0" NEXTID="126749421" UPDATEDATE="2024-09-10" STARTDATE="1900-01-01" ENDDATE="2024-09-10" ISACTUAL="0" ISACTIVE="0" /><HOUSE ID="126749423" OBJECTID="62198835" OBJECTGUID="8ff4beaa-8c85-4fe0-8dcd-404aac2e48cc" CHANGEID="600812998" HOUSENUM="13" HOUSETYPE="2" OPERTYPEID="30" PREVID="37383005" NEXTID="0" UPDATEDATE="2024-09-10" STARTDATE="2024-09-10" ENDDATE="2079-06-06" ISACTUAL="1" ISACTIVE="0" /><HOUSE ID="126749426" OBJECTID="33818466" OBJECTGUID="3936e765-1b37-4215-a8f7-44c27bf5625a" CHANGEID="600813042" HOUSENUM="5" HOUSETYPE="2" OPERTYPEID="30" PREVID="20096452" NEXTID="0" UPDATEDATE="2024-09-10" STARTDATE="2024-09-10" ENDDATE="2079-06-06" ISACTUAL="1" ISACTIVE="0" /><HOUSE ID="20096452" OBJECTID="33818466" OBJECTGUID="3936e765-1b37-4215-a8f7-44c27bf5625a" CHANGEID="51516176" HOUSENUM="5" HOUSETYPE="2" OPERTYPEID="10" PREVID="0" NEXTID="126749426" UPDATEDATE="2024-09-10" STARTDATE="1900-01-01" ENDDATE="2024-09-10" ISACTUAL="0" ISACTIVE="0" /><HOUSE ID="126749438" OBJECTID="25358435" OBJECTGUID="7efb5261-55f6-4ab6-b1ba-7adae9928b4e" CHANGEID="600813101" HOUSENUM="1" ADDNUM1="2" HOUSETYPE="2" ADDTYPE1="1" OPERTYPEID="30" PREVID="15009813" NEXTID="0" UPDATEDATE="2024-09-10" STARTDATE="2024-09-10" ENDDATE="2079-06-06" ISACTUAL="1" ISACTIVE="0" /><HOUSE ID="126749419" OBJECTID="33022980" OBJECTGUID="4446395d-23e2-4b30-9e59-3c0cb8da2a8e" CHANGEID="600812968" HOUSENUM="12" ADDNUM1="1" HOUSETYPE="2" ADDTYPE1="1" OPERTYPEID="30" PREVID="19630407" NEXTID="0" UPDATEDATE="2024-09-10" STARTDATE="2024-09-10" ENDDATE="2079-06-06" ISACTUAL="1" ISACTIVE="0" /><HOUSE ID="19630407" OBJECTID="33022980" OBJECTGUID="4446395d-23e2-4b30-9e59-3c0cb8da2a8e" CHANGEID="50370670" HOUSENUM="12" ADDNUM1="1" HOUSETYPE="2" ADDTYPE1="1" OPERTYPEID="10" PREVID="0" NEXTID="126749419" UPDATEDATE="2024-09-10" STARTDATE="1900-01-01" ENDDATE="2024-09-10" ISACTUAL="0" ISACTIVE="0" /><HOUSE ID="126749424" OBJECTID="69356012" OBJECTGUID="3237666e-e5a2-48b3-98e7-0d9fa1711e70" CHANGEID="600813031" HOUSENUM="47" ADDNUM1="2" HOUSETYPE="2" ADDTYPE1="1" OPERTYPEID="30" PREVID="41821913" NEXTID="0" UPDATEDATE="2024-09-10" STARTDATE="2024-09-10" ENDDATE="2079-06-06" ISACTUAL="1" ISACTIVE="0" /><HOUSE ID="41821913" OBJECTID="69356012" OBJECTGUID="3237666e-e5a2-48b3-98e7-0d9fa1711e70" CHANGEID="103367155" HOUSENUM="47" ADDNUM1="2" HOUSETYPE="2" ADDTYPE1="1" OPERTYPEID="10" PREVID="0" NEXTID="126749424" UPDATEDATE="2024-09-10" STARTDATE="1900-01-01" ENDDATE="2024-09-10" ISACTUAL="0" ISACTIVE="0" /><HOUSE ID="126749425" OBJECTID="33839675" OBJECTGUID="b3b9d7d9-8bed-4530-a237-715bca9129c3" CHANGEID="600813037" HOUSENUM="3" HOUSETYPE="2" OPERTYPEID="30" PREVID="20105681" NEXTID="0" UPDATEDATE="2024-09-10" STARTDATE="2024-09-10" ENDDATE="2079-06-06" ISACTUAL="1" ISACTIVE="0" /><HOUSE ID="20105681" OBJECTID="33839675" OBJECTGUID="b3b9d7d9-8bed-4530-a237-715bca9129c3" CHANGEID="51544821" HOUSENUM="3" HOUSETYPE="2" OPERTYPEID="10" PREVID="0" NEXTID="126749425" UPDATEDATE="2024-09-10" STARTDATE="1900-01-01" ENDDATE="2024-09-10" ISACTUAL="0" ISACTIVE="0" /><HOUSE ID="126749427" OBJECTID="10746040" OBJECTGUID="4c79c059-1675-4433-af49-85ca50a59f79" CHANGEID="600813047" HOUSENUM="46" ADDNUM1="2" HOUSETYPE="2" ADDTYPE1="1" OPERTYPEID="30" PREVID="5669023" NEXTID="0" UPDATEDATE="2024-09-10" STARTDATE="2024-09-10" ENDDATE="2079-06-06" ISACTUAL="1" ISACTIVE="0" /><HOUSE ID="126749430" OBJECTID="35214887" OBJECTGUID="d7dc26d0-a201-404a-a9b4-ea8899a1dfca" CHANGEID="600813059" HOUSENUM="27" HOUSETYPE="2" OPERTYPEID="30" PREVID="20929328" NEXTID="0" UPDATEDATE="2024-09-10" STARTDATE="2024-09-10" ENDDATE="2079-06-06" ISACTUAL="1" ISACTIVE="0" /><HOUSE ID="20929328" OBJECTID="35214887" OBJECTGUID="d7dc26d0-a201-404a-a9b4-ea8899a1dfca" CHANGEID="53532443" HOUSENUM="27" HOUSETYPE="2" OPERTYPEID="10" PREVID="0" NEXTID="126749430" UPDATEDATE="2024-09-10" STARTDATE="1900-01-01" ENDDATE="2024-09-10" ISACTUAL="0" ISACTIVE="0" /><HOUSE ID="126749431" OBJECTID="57705932" OBJECTGUID="616999fc-280e-4377-bd43-decadc3cd437" CHANGEID="600813067" HOUSENUM="32" HOUSETYPE="2" OPERTYPEID="30" PREVID="58281579" NEXTID="0" UPDATEDATE="2024-09-10" STARTDATE="2024-09-10" ENDDATE="2079-06-06" ISACTUAL="1" ISACTIVE="0" /><HOUSE ID="126750357" OBJECTID="43848090" OBJECTGUID="b8beb58b-1fa0-4498-a426-0ecf6105ac06" CHANGEID="600819526" HOUSENUM="4" ADDNUM1="2" HOUSETYPE="2" ADDTYPE1="2" OPERTYPEID="20" PREVID="126736043" UPDATEDATE="2024-09-10" STARTDATE="2024-09-10" ENDDATE="2079-06-06" ISACTUAL="1" ISACTIVE="1" /><HOUSE ID="126750744" OBJECTID="165167132" OBJECTGUID="94d74a3d-6e1c-4d10-a134-38b13d1a3565" CHANGEID="600822520" HOUSENUM="12" HOUSETYPE="2" OPERTYPEID="10" PREVID="0" NEXTID="0" UPDATEDATE="2024-09-10" STARTDATE="2024-09-10" ENDDATE="2079-06-06" ISACTUAL="1" ISACTIVE="1" /><HOUSE ID="126753884" OBJECTID="25415344" OBJECTGUID="e40039eb-23a8-48ec-89ba-ccdd4c247fe6" CHANGEID="600843018" HOUSENUM="1" HOUSETYPE="2" OPERTYPEID="30" PREVID="15042718" NEXTID="0" UPDATEDATE="2024-09-10" STARTDATE="2024-09-10" ENDDATE="2079-06-06" ISACTUAL="1" ISACTIVE="0" /><HOUSE ID="15042718" OBJECTID="25415344" OBJECTGUID="e40039eb-23a8-48ec-89ba-ccdd4c247fe6" CHANGEID="39318715" HOUSENUM="1" HOUSETYPE="2" OPERTYPEID="10" PREVID="0" NEXTID="126753884" UPDATEDATE="2024-09-10" STARTDATE="1900-01-01" ENDDATE="2024-09-10" ISACTUAL="0" ISACTIVE="0" /><HOUSE ID="126753896" OBJECTID="9872709" OBJECTGUID="67efbfb5-3148-4d67-9367-6bfc54b05539" CHANGEID="600843045" HOUSENUM="33" HOUSETYPE="2" OPERTYPEID="30" PREVID="5151495" NEXTID="0" UPDATEDATE="2024-09-10" STARTDATE="2024-09-10" ENDDATE="2079-06-06" ISACTUAL="1" ISACTIVE="0" /><HOUSE ID="126753920" OBJECTID="10102955" OBJECTGUID="c34d9a66-3195-4b3f-8d4d-1ed504188e46" CHANGEID="600843138" HOUSENUM="41" HOUSETYPE="2" OPERTYPEID="30" PREVID="5277159" NEXTID="0" UPDATEDATE="2024-09-10" STARTDATE="2024-09-10" ENDDATE="2079-06-06" ISACTUAL="1" ISACTIVE="0" /><HOUSE ID="126753918" OBJECTID="10061051" OBJECTGUID="2514839b-daae-4f75-877f-845e0f36533d" CHANGEID="600843093" HOUSENUM="37" HOUSETYPE="2" OPERTYPEID="30" PREVID="5255600" NEXTID="0" UPDATEDATE="2024-09-10" STARTDATE="2024-09-10" ENDDATE="2079-06-06" ISACTUAL="1" ISACTIVE="0" /><HOUSE ID="5255600" OBJECTID="10061051" OBJECTGUID="2514839b-daae-4f75-877f-845e0f36533d" CHANGEID="16597889" HOUSENUM="37" HOUSETYPE="2" OPERTYPEID="10" PREVID="0" NEXTID="126753918" UPDATEDATE="2024-09-10" STARTDATE="1900-01-01" ENDDATE="2024-09-10" ISACTUAL="0" ISACTIVE="0" /><HOUSE ID="126753941" OBJECTID="25238341" OBJECTGUID="2e5d3a36-eaff-47d8-8681-351ca4560821" CHANGEID="600843228" HOUSENUM="1" ADDNUM1="1" HOUSETYPE="2" ADDTYPE1="1" OPERTYPEID="30" PREVID="14940137" NEXTID="0" UPDATEDATE="2024-09-10" STARTDATE="2024-09-10" ENDDATE="2079-06-06" ISACTUAL="1" ISACTIVE="0" /><HOUSE ID="14940137" OBJECTID="25238341" OBJECTGUID="2e5d3a36-eaff-47d8-8681-351ca4560821" CHANGEID="39068309" HOUSENUM="1" ADDNUM1="1" HOUSETYPE="2" ADDTYPE1="1" OPERTYPEID="10" PREVID="0" NEXTID="126753941" UPDATEDATE="2024-09-10" STARTDATE="1900-01-01" ENDDATE="2024-09-10" ISACTUAL="0" ISACTIVE="0" /><HOUSE ID="126754464" OBJECTID="82215171" OBJECTGUID="17c89bbc-220e-4708-b186-1cd4e6bda48d" CHANGEID="600847111" HOUSENUM="26" ADDNUM1="2" HOUSETYPE="2" ADDTYPE1="1" OPERTYPEID="30" PREVID="49764329" NEXTID="0" UPDATEDATE="2024-09-10" STARTDATE="2024-09-10" ENDDATE="2079-06-06" ISACTUAL="1" ISACTIVE="0" /><HOUSE ID="49764329" OBJECTID="82215171" OBJECTGUID="17c89bbc-220e-4708-b186-1cd4e6bda48d" CHANGEID="122160114" HOUSENUM="26" ADDNUM1="2" HOUSETYPE="2" ADDTYPE1="1" OPERTYPEID="10" PREVID="0" NEXTID="126754464" UPDATEDATE="2024-09-10" STARTDATE="1900-01-01" ENDDATE="2024-09-10" ISACTUAL="0" ISACTIVE="0" /><HOUSE ID="126754722" OBJECTID="20950705" OBJECTGUID="6383074e-7244-4fe0-bc8d-622baa79911a" CHANGEID="600848124" HOUSENUM="8/8" ADDNUM1="6" HOUSETYPE="2" ADDTYPE1="1" OPERTYPEID="30" PREVID="12267224" NEXTID="0" UPDATEDATE="2024-09-10" STARTDATE="2024-09-10" ENDDATE="2079-06-06" ISACTUAL="1" ISACTIVE="0" /><HOUSE ID="12267224" OBJECTID="20950705" OBJECTGUID="6383074e-7244-4fe0-bc8d-622baa79911a" CHANGEID="32754887" HOUSENUM="8/8" ADDNUM1="6" HOUSETYPE="2" ADDTYPE1="1" OPERTYPEID="10" PREVID="0" NEXTID="126754722" UPDATEDATE="2024-09-10" STARTDATE="1900-01-01" ENDDATE="2024-09-10" ISACTUAL="0" ISACTIVE="0" /><HOUSE ID="126756000" OBJECTID="165191317" OBJECTGUID="f3bf4364-cc66-4702-9ee0-ce018ac3f96f" CHANGEID="600884762" HOUSENUM="39А" HOUSETYPE="2" OPERTYPEID="10" PREVID="0" NEXTID="0" UPDATEDATE="2024-09-11" STARTDATE="2024-09-11" ENDDATE="2079-06-06" ISACTUAL="1" ISACTIVE="1" /><HOUSE ID="126756808" OBJECTID="165195383" OBJECTGUID="ba527547-c897-4e4a-8f43-69ba911e1f17" CHANGEID="600890247" HOUSENUM="121" HOUSETYPE="2" OPERTYPEID="10" PREVID="0" NEXTID="0" UPDATEDATE="2024-09-11" STARTDATE="2024-09-11" ENDDATE="2079-06-06" ISACTUAL="1" ISACTIVE="1" /><HOUSE ID="126761722" OBJECTID="82195148" OBJECTGUID="749b7245-d4a3-4546-9cdb-1caad14be7c4" CHANGEID="600931124" HOUSENUM="28" ADDNUM1="2" HOUSETYPE="2" ADDTYPE1="1" OPERTYPEID="30" PREVID="49751803" NEXTID="0" UPDATEDATE="2024-09-11" STARTDATE="2024-09-11" ENDDATE="2079-06-06" ISACTUAL="1" ISACTIVE="0" /></HOUSES>