﻿<?xml version="1.0" encoding="utf-8"?><ADDRESSOBJECTS><OBJECT ID="831709" OBJECTID="684225" OBJECTGUID="8e43af75-a890-4a70-912a-eddc0da3f123" CHANGEID="1799701" NAME="Открытчик" TYPENAME="снт" LEVEL="7" OPERTYPEID="50" PREVID="831676" NEXTID="52125736" UPDATEDATE="2024-09-05" STARTDATE="2016-03-19" ENDDATE="2024-09-05" ISACTUAL="0" ISACTIVE="0" /><OBJECT ID="832466" OBJECTID="684890" OBJECTGUID="412e1888-8d9e-41d3-90ca-fe402f879acd" CHANGEID="1801332" NAME="Флора" TYPENAME="снт" LEVEL="7" OPERTYPEID="50" PREVID="832407" NEXTID="52125738" UPDATEDATE="2024-09-05" STARTDATE="2016-09-29" ENDDATE="2024-09-05" ISACTUAL="0" ISACTIVE="0" /><OBJECT ID="833441" OBJECTID="685803" OBJECTGUID="54c1b45a-c25e-4b82-aa3e-5638f06ec70b" CHANGEID="1803426" NAME="Урочище Ключи" TYPENAME="снт" LEVEL="7" OPERTYPEID="50" PREVID="833413" NEXTID="52125732" UPDATEDATE="2024-09-05" STARTDATE="2016-09-28" ENDDATE="2024-09-05" ISACTUAL="0" ISACTIVE="0" /><OBJECT ID="833755" OBJECTID="686094" OBJECTGUID="6d05d1f1-0eba-4c6d-b9ad-90eb68415099" CHANGEID="1804113" NAME="Учитель" TYPENAME="снт" LEVEL="7" OPERTYPEID="50" PREVID="833727" NEXTID="52125731" UPDATEDATE="2024-09-05" STARTDATE="2016-09-28" ENDDATE="2024-09-05" ISACTUAL="0" ISACTIVE="0" /><OBJECT ID="835279" OBJECTID="687475" OBJECTGUID="8cefb9c9-0c6c-4d13-ae4b-3d9a83b911c6" CHANGEID="1807442" NAME="СНТ Лесная полянка" TYPENAME="снт" LEVEL="7" OPERTYPEID="50" PREVID="835262" NEXTID="52125728" UPDATEDATE="2024-09-05" STARTDATE="2016-09-28" ENDDATE="2024-09-05" ISACTUAL="0" ISACTIVE="0" /><OBJECT ID="835624" OBJECTID="687775" OBJECTGUID="661fc1ea-a6dd-4baa-a5dd-2014519455be" CHANGEID="1808214" NAME="Ветеран" TYPENAME="снт" LEVEL="7" OPERTYPEID="50" PREVID="835594" NEXTID="52125739" UPDATEDATE="2024-09-05" STARTDATE="2016-09-28" ENDDATE="2024-09-05" ISACTUAL="0" ISACTIVE="0" /><OBJECT ID="835853" OBJECTID="687997" OBJECTGUID="7e29cdc9-0e9b-4ca7-8134-370daa96e1aa" CHANGEID="1808714" NAME="Адонис" TYPENAME="снт" LEVEL="7" OPERTYPEID="50" PREVID="835836" NEXTID="52125735" UPDATEDATE="2024-09-05" STARTDATE="2016-09-28" ENDDATE="2024-09-05" ISACTUAL="0" ISACTIVE="0" /><OBJECT ID="836728" OBJECTID="688802" OBJECTGUID="ca5130f0-0892-4417-be91-62ce1e8ec410" CHANGEID="1810646" NAME="Здоровье" TYPENAME="снт" LEVEL="7" OPERTYPEID="50" PREVID="836702" NEXTID="52125734" UPDATEDATE="2024-09-05" STARTDATE="2016-09-29" ENDDATE="2024-09-05" ISACTUAL="0" ISACTIVE="0" /><OBJECT ID="52125728" OBJECTID="687475" OBJECTGUID="8cefb9c9-0c6c-4d13-ae4b-3d9a83b911c6" CHANGEID="600522206" NAME="СНТ Лесная полянка" TYPENAME="снт" LEVEL="7" OPERTYPEID="30" PREVID="835279" NEXTID="0" UPDATEDATE="2024-09-05" STARTDATE="2024-09-05" ENDDATE="2079-06-06" ISACTUAL="1" ISACTIVE="0" /><OBJECT ID="52125729" OBJECTID="685979" OBJECTGUID="072b9a59-1316-4d97-8496-5455801044d2" CHANGEID="600522207" NAME="Топольник" TYPENAME="снт" LEVEL="7" OPERTYPEID="30" PREVID="833630" NEXTID="0" UPDATEDATE="2024-09-05" STARTDATE="2024-09-05" ENDDATE="2079-06-06" ISACTUAL="1" ISACTIVE="0" /><OBJECT ID="833630" OBJECTID="685979" OBJECTGUID="072b9a59-1316-4d97-8496-5455801044d2" CHANGEID="1803870" NAME="Топольник" TYPENAME="снт" LEVEL="7" OPERTYPEID="50" PREVID="833599" NEXTID="52125729" UPDATEDATE="2024-09-05" STARTDATE="2016-09-28" ENDDATE="2024-09-05" ISACTUAL="0" ISACTIVE="0" /><OBJECT ID="52125730" OBJECTID="683887" OBJECTGUID="1b89d344-cc0d-4fb5-bdf5-3afdb463dbf9" CHANGEID="600522208" NAME="Надежда" TYPENAME="снт" LEVEL="7" OPERTYPEID="30" PREVID="831315" NEXTID="0" UPDATEDATE="2024-09-05" STARTDATE="2024-09-05" ENDDATE="2079-06-06" ISACTUAL="1" ISACTIVE="0" /><OBJECT ID="831315" OBJECTID="683887" OBJECTGUID="1b89d344-cc0d-4fb5-bdf5-3afdb463dbf9" CHANGEID="1798858" NAME="Надежда" TYPENAME="снт" LEVEL="7" OPERTYPEID="50" PREVID="831299" NEXTID="52125730" UPDATEDATE="2024-09-05" STARTDATE="2016-09-29" ENDDATE="2024-09-05" ISACTUAL="0" ISACTIVE="0" /><OBJECT ID="52125731" OBJECTID="686094" OBJECTGUID="6d05d1f1-0eba-4c6d-b9ad-90eb68415099" CHANGEID="600522209" NAME="Учитель" TYPENAME="снт" LEVEL="7" OPERTYPEID="30" PREVID="833755" NEXTID="0" UPDATEDATE="2024-09-05" STARTDATE="2024-09-05" ENDDATE="2079-06-06" ISACTUAL="1" ISACTIVE="0" /><OBJECT ID="52125732" OBJECTID="685803" OBJECTGUID="54c1b45a-c25e-4b82-aa3e-5638f06ec70b" CHANGEID="600522210" NAME="Урочище Ключи" TYPENAME="снт" LEVEL="7" OPERTYPEID="30" PREVID="833441" NEXTID="0" UPDATEDATE="2024-09-05" STARTDATE="2024-09-05" ENDDATE="2079-06-06" ISACTUAL="1" ISACTIVE="0" /><OBJECT ID="52125733" OBJECTID="689712" OBJECTGUID="ba15f983-ef69-4578-8f3f-1af8448000c4" CHANGEID="600522211" NAME="Славино" TYPENAME="снт" LEVEL="7" OPERTYPEID="30" PREVID="837729" NEXTID="0" UPDATEDATE="2024-09-05" STARTDATE="2024-09-05" ENDDATE="2079-06-06" ISACTUAL="1" ISACTIVE="0" /><OBJECT ID="837729" OBJECTID="689712" OBJECTGUID="ba15f983-ef69-4578-8f3f-1af8448000c4" CHANGEID="1812742" NAME="Славино" TYPENAME="снт" LEVEL="7" OPERTYPEID="50" PREVID="837715" NEXTID="52125733" UPDATEDATE="2024-09-05" STARTDATE="2016-09-29" ENDDATE="2024-09-05" ISACTUAL="0" ISACTIVE="0" /><OBJECT ID="52125734" OBJECTID="688802" OBJECTGUID="ca5130f0-0892-4417-be91-62ce1e8ec410" CHANGEID="600522212" NAME="Здоровье" TYPENAME="снт" LEVEL="7" OPERTYPEID="30" PREVID="836728" NEXTID="0" UPDATEDATE="2024-09-05" STARTDATE="2024-09-05" ENDDATE="2079-06-06" ISACTUAL="1" ISACTIVE="0" /><OBJECT ID="52125735" OBJECTID="687997" OBJECTGUID="7e29cdc9-0e9b-4ca7-8134-370daa96e1aa" CHANGEID="600522213" NAME="Адонис" TYPENAME="снт" LEVEL="7" OPERTYPEID="30" PREVID="835853" NEXTID="0" UPDATEDATE="2024-09-05" STARTDATE="2024-09-05" ENDDATE="2079-06-06" ISACTUAL="1" ISACTIVE="0" /><OBJECT ID="52125737" OBJECTID="689205" OBJECTGUID="5e9dabc9-a320-401d-8d50-c08f52e1932d" CHANGEID="600522215" NAME="Восход" TYPENAME="снт" LEVEL="7" OPERTYPEID="30" PREVID="837164" NEXTID="0" UPDATEDATE="2024-09-05" STARTDATE="2024-09-05" ENDDATE="2079-06-06" ISACTUAL="1" ISACTIVE="0" /><OBJECT ID="837164" OBJECTID="689205" OBJECTGUID="5e9dabc9-a320-401d-8d50-c08f52e1932d" CHANGEID="1811563" NAME="Восход" TYPENAME="снт" LEVEL="7" OPERTYPEID="50" PREVID="837150" NEXTID="52125737" UPDATEDATE="2024-09-05" STARTDATE="2016-09-29" ENDDATE="2024-09-05" ISACTUAL="0" ISACTIVE="0" /><OBJECT ID="52125739" OBJECTID="687775" OBJECTGUID="661fc1ea-a6dd-4baa-a5dd-2014519455be" CHANGEID="600522217" NAME="Ветеран" TYPENAME="снт" LEVEL="7" OPERTYPEID="30" PREVID="835624" NEXTID="0" UPDATEDATE="2024-09-05" STARTDATE="2024-09-05" ENDDATE="2079-06-06" ISACTUAL="1" ISACTIVE="0" /><OBJECT ID="52125736" OBJECTID="684225" OBJECTGUID="8e43af75-a890-4a70-912a-eddc0da3f123" CHANGEID="600522214" NAME="Открытчик" TYPENAME="снт" LEVEL="7" OPERTYPEID="30" PREVID="831709" NEXTID="0" UPDATEDATE="2024-09-05" STARTDATE="2024-09-05" ENDDATE="2079-06-06" ISACTUAL="1" ISACTIVE="0" /><OBJECT ID="52125738" OBJECTID="684890" OBJECTGUID="412e1888-8d9e-41d3-90ca-fe402f879acd" CHANGEID="600522216" NAME="Флора" TYPENAME="снт" LEVEL="7" OPERTYPEID="30" PREVID="832466" NEXTID="0" UPDATEDATE="2024-09-05" STARTDATE="2024-09-05" ENDDATE="2079-06-06" ISACTUAL="1" ISACTIVE="0" /><OBJECT ID="52125740" OBJECTID="687883" OBJECTGUID="c2cfbcfc-affd-49cb-a975-1136a842a479" CHANGEID="600522218" NAME="Станица" TYPENAME="снт" LEVEL="7" OPERTYPEID="30" PREVID="835731" NEXTID="0" UPDATEDATE="2024-09-05" STARTDATE="2024-09-05" ENDDATE="2079-06-06" ISACTUAL="1" ISACTIVE="0" /><OBJECT ID="835731" OBJECTID="687883" OBJECTGUID="c2cfbcfc-affd-49cb-a975-1136a842a479" CHANGEID="1808457" NAME="Станица" TYPENAME="снт" LEVEL="7" OPERTYPEID="50" PREVID="835707" NEXTID="52125740" UPDATEDATE="2024-09-05" STARTDATE="2016-09-28" ENDDATE="2024-09-05" ISACTUAL="0" ISACTIVE="0" /><OBJECT ID="52126049" OBJECTID="165133096" OBJECTGUID="cf4df279-a06e-48ed-8ee2-273b3ae10a34" CHANGEID="600763077" NAME="Куртуково" TYPENAME="тер." LEVEL="7" OPERTYPEID="10" PREVID="0" NEXTID="0" UPDATEDATE="2024-09-09" STARTDATE="2024-09-09" ENDDATE="2079-06-06" ISACTUAL="1" ISACTIVE="1" /><OBJECT ID="836315" OBJECTID="688449" OBJECTGUID="22ca0183-ee5f-40e6-aead-54127050eb9f" CHANGEID="1809754" NAME="Гидрошахта" TYPENAME="ул" LEVEL="8" OPERTYPEID="10" PREVID="0" NEXTID="52126204" UPDATEDATE="2024-09-10" STARTDATE="1900-01-01" ENDDATE="2024-09-10" ISACTUAL="0" ISACTIVE="0" /><OBJECT ID="52126204" OBJECTID="688449" OBJECTGUID="22ca0183-ee5f-40e6-aead-54127050eb9f" CHANGEID="600812306" NAME="Гидрошахта-1" TYPENAME="ул" LEVEL="8" OPERTYPEID="20" PREVID="836315" UPDATEDATE="2024-09-10" STARTDATE="2024-09-10" ENDDATE="2079-06-06" ISACTUAL="1" ISACTIVE="1" /><OBJECT ID="52126256" OBJECTID="165161975" OBJECTGUID="0aba440c-d132-4fac-ac39-7338735ed67e" CHANGEID="600814145" NAME="4" TYPENAME="ул." LEVEL="8" OPERTYPEID="10" PREVID="0" NEXTID="0" UPDATEDATE="2024-09-10" STARTDATE="2024-09-10" ENDDATE="2079-06-06" ISACTUAL="1" ISACTIVE="1" /><OBJECT ID="52126405" OBJECTID="165196067" OBJECTGUID="a1b45a87-066a-453f-91e6-66ad4e6ac2e5" CHANGEID="600891041" NAME="Липовая роща" TYPENAME="ул." LEVEL="8" OPERTYPEID="10" PREVID="0" NEXTID="0" UPDATEDATE="2024-09-11" STARTDATE="2024-09-11" ENDDATE="2079-06-06" ISACTUAL="1" ISACTIVE="1" /><OBJECT ID="52126411" OBJECTID="165197439" OBJECTGUID="c31a99aa-b7e0-419d-8b0b-ff5e7df5266c" CHANGEID="600892964" NAME="Горнолыжная" TYPENAME="ул." LEVEL="8" OPERTYPEID="10" PREVID="0" NEXTID="0" UPDATEDATE="2024-09-11" STARTDATE="2024-09-11" ENDDATE="2079-06-06" ISACTUAL="1" ISACTIVE="1" /><OBJECT ID="52126473" OBJECTID="165207151" OBJECTGUID="2914e69c-7a02-41d5-a628-101349c86765" CHANGEID="600907008" NAME="Болотная" TYPENAME="ул." LEVEL="8" OPERTYPEID="10" PREVID="0" NEXTID="0" UPDATEDATE="2024-09-11" STARTDATE="2024-09-11" ENDDATE="2079-06-06" ISACTUAL="1" ISACTIVE="1" /><OBJECT ID="52126474" OBJECTID="165207170" OBJECTGUID="c9ced3c3-1336-4db9-bed1-39697bdd0578" CHANGEID="600907042" NAME="ТСН НСТ Сибирские просторы" TYPENAME="сад" LEVEL="7" OPERTYPEID="10" PREVID="0" NEXTID="0" UPDATEDATE="2024-09-11" STARTDATE="2024-09-11" ENDDATE="2079-06-06" ISACTUAL="1" ISACTIVE="1" /><OBJECT ID="52126489" OBJECTID="165210693" OBJECTGUID="da4eeaab-e03d-4467-9f76-1a8aabc96e10" CHANGEID="600913595" NAME="Придорожная" TYPENAME="ул." LEVEL="8" OPERTYPEID="10" PREVID="0" NEXTID="0" UPDATEDATE="2024-09-11" STARTDATE="2024-09-11" ENDDATE="2079-06-06" ISACTUAL="1" ISACTIVE="1" /></ADDRESSOBJECTS>