﻿<?xml version="1.0" encoding="utf-8"?><HOUSES><HOUSE ID="54476715" OBJECTID="39389523" OBJECTGUID="2bb238bb-ec8a-48aa-9f18-6d2478b820e0" CHANGEID="59682694" HOUSENUM="8" HOUSETYPE="3" OPERTYPEID="20" PREVID="23560857" NEXTID="126750886" UPDATEDATE="2024-09-10" STARTDATE="2014-01-04" ENDDATE="2024-09-10" ISACTUAL="0" ISACTIVE="0" /><HOUSE ID="54633224" OBJECTID="47824495" OBJECTGUID="2de6c7b8-96f0-4549-aba4-70e84e36d49d" CHANGEID="71903702" HOUSENUM="1" HOUSETYPE="3" OPERTYPEID="20" PREVID="28588175" NEXTID="126753061" UPDATEDATE="2024-09-10" STARTDATE="2014-01-04" ENDDATE="2024-09-10" ISACTUAL="0" ISACTIVE="0" /><HOUSE ID="54668542" OBJECTID="47358380" OBJECTGUID="2e69839c-e235-4e97-81d2-26adf06b58a3" CHANGEID="71237396" HOUSENUM="10" HOUSETYPE="3" OPERTYPEID="20" PREVID="28317301" NEXTID="126750439" UPDATEDATE="2024-09-10" STARTDATE="2014-01-04" ENDDATE="2024-09-10" ISACTUAL="0" ISACTIVE="0" /><HOUSE ID="54691682" OBJECTID="26349484" OBJECTGUID="2ebe5a3f-fb82-41be-8953-15c6175955a3" CHANGEID="40693699" HOUSENUM="35" HOUSETYPE="3" OPERTYPEID="20" PREVID="15628375" NEXTID="126749434" UPDATEDATE="2024-09-10" STARTDATE="2014-01-04" ENDDATE="2024-09-10" ISACTUAL="0" ISACTIVE="0" /><HOUSE ID="54776737" OBJECTID="51659584" OBJECTGUID="2ff03362-ac7c-4fda-96ab-522f1902f13f" CHANGEID="77435561" HOUSENUM="69" HOUSETYPE="3" OPERTYPEID="20" PREVID="30865460" NEXTID="126733410" UPDATEDATE="2024-09-06" STARTDATE="2014-01-04" ENDDATE="2024-09-06" ISACTUAL="0" ISACTIVE="0" /><HOUSE ID="55091465" OBJECTID="15223737" OBJECTGUID="34601012-7896-4c12-975e-fb005b7a4a45" CHANGEID="24269903" HOUSENUM="11" HOUSETYPE="3" OPERTYPEID="20" PREVID="8574215" NEXTID="126736143" UPDATEDATE="2024-09-06" STARTDATE="2014-01-04" ENDDATE="2024-09-06" ISACTUAL="0" ISACTIVE="0" /><HOUSE ID="55215249" OBJECTID="49320584" OBJECTGUID="362283d6-942e-4e12-85b7-eb50f881c134" CHANGEID="74086838" HOUSENUM="7" HOUSETYPE="3" OPERTYPEID="20" PREVID="29499734" NEXTID="126729941" UPDATEDATE="2024-09-05" STARTDATE="2014-01-04" ENDDATE="2024-09-05" ISACTUAL="0" ISACTIVE="0" /><HOUSE ID="55219169" OBJECTID="47357879" OBJECTGUID="3630b0ea-d79e-458a-a819-21456e753a25" CHANGEID="71235664" HOUSENUM="29" HOUSETYPE="3" OPERTYPEID="20" PREVID="28317064" NEXTID="126750500" UPDATEDATE="2024-09-10" STARTDATE="2014-01-04" ENDDATE="2024-09-10" ISACTUAL="0" ISACTIVE="0" /><HOUSE ID="55268773" OBJECTID="47845128" OBJECTGUID="36e11277-1e4a-43aa-805f-b019591d3ef2" CHANGEID="71932355" HOUSENUM="14" HOUSETYPE="3" OPERTYPEID="20" PREVID="28599233" NEXTID="126753284" UPDATEDATE="2024-09-10" STARTDATE="2014-01-04" ENDDATE="2024-09-10" ISACTUAL="0" ISACTIVE="0" /><HOUSE ID="56180847" OBJECTID="29992758" OBJECTGUID="43c51914-e00a-4ab6-9c24-ac2c7b1ca865" CHANGEID="45960768" HOUSENUM="21" HOUSETYPE="3" OPERTYPEID="20" PREVID="17769006" NEXTID="126750399" UPDATEDATE="2024-09-10" STARTDATE="2014-01-04" ENDDATE="2024-09-10" ISACTUAL="0" ISACTIVE="0" /><HOUSE ID="56443244" OBJECTID="47366982" OBJECTGUID="477a16ab-106e-46a7-963a-7e0d3d47cab1" CHANGEID="71249683" HOUSENUM="14" HOUSETYPE="3" OPERTYPEID="20" PREVID="28323333" NEXTID="126750460" UPDATEDATE="2024-09-10" STARTDATE="2014-01-04" ENDDATE="2024-09-10" ISACTUAL="0" ISACTIVE="0" /><HOUSE ID="56462233" OBJECTID="47376121" OBJECTGUID="47bda4f2-1b6f-4f36-be2c-da2434f61124" CHANGEID="71263786" HOUSENUM="4" HOUSETYPE="3" OPERTYPEID="20" PREVID="28328857" NEXTID="126750406" UPDATEDATE="2024-09-10" STARTDATE="2014-01-04" ENDDATE="2024-09-10" ISACTUAL="0" ISACTIVE="0" /><HOUSE ID="56563899" OBJECTID="39390114" OBJECTGUID="492c66d0-afcb-4e29-bf7c-96016b49869a" CHANGEID="59684273" HOUSENUM="1" HOUSETYPE="3" OPERTYPEID="20" PREVID="23561327" NEXTID="126750869" UPDATEDATE="2024-09-10" STARTDATE="2014-01-04" ENDDATE="2024-09-10" ISACTUAL="0" ISACTIVE="0" /><HOUSE ID="56826603" OBJECTID="39391522" OBJECTGUID="4ce24363-5dca-452a-beb6-b498ef553eb5" CHANGEID="59685862" HOUSENUM="11" HOUSETYPE="3" OPERTYPEID="20" PREVID="23562081" NEXTID="126750893" UPDATEDATE="2024-09-10" STARTDATE="2014-01-04" ENDDATE="2024-09-10" ISACTUAL="0" ISACTIVE="0" /><HOUSE ID="57198621" OBJECTID="47368802" OBJECTGUID="5223e841-703e-47db-b10d-91a2c5d59ddd" CHANGEID="71254152" HOUSENUM="2" HOUSETYPE="3" OPERTYPEID="20" PREVID="28324852" NEXTID="126750400" UPDATEDATE="2024-09-10" STARTDATE="2014-01-04" ENDDATE="2024-09-10" ISACTUAL="0" ISACTIVE="0" /><HOUSE ID="57299601" OBJECTID="49304123" OBJECTGUID="538d7937-e2d5-4593-b42d-2a4dfc753523" CHANGEID="74062956" HOUSENUM="32" HOUSETYPE="3" OPERTYPEID="20" PREVID="29488327" NEXTID="126732147" UPDATEDATE="2024-09-06" STARTDATE="2014-01-04" ENDDATE="2024-09-06" ISACTUAL="0" ISACTIVE="0" /><HOUSE ID="57312166" OBJECTID="39392103" OBJECTGUID="53bad26b-9dfc-4f78-b4b8-d69ffb11c6c6" CHANGEID="59686335" HOUSENUM="16" HOUSETYPE="3" OPERTYPEID="20" PREVID="23562480" NEXTID="126750911" UPDATEDATE="2024-09-10" STARTDATE="2014-01-04" ENDDATE="2024-09-10" ISACTUAL="0" ISACTIVE="0" /><HOUSE ID="57645787" OBJECTID="47825416" OBJECTGUID="58718a17-042c-4da3-bd2f-7f992022fa4e" CHANGEID="71906216" HOUSENUM="11" HOUSETYPE="3" OPERTYPEID="20" PREVID="28588817" NEXTID="126753112" UPDATEDATE="2024-09-10" STARTDATE="2014-01-04" ENDDATE="2024-09-10" ISACTUAL="0" ISACTIVE="0" /><HOUSE ID="57777927" OBJECTID="49307919" OBJECTGUID="5a4f91bf-61b7-4f75-a4ff-88e3b8a5acb8" CHANGEID="74067707" HOUSENUM="10" HOUSETYPE="3" OPERTYPEID="20" PREVID="29490665" NEXTID="126732135" UPDATEDATE="2024-09-06" STARTDATE="2014-01-04" ENDDATE="2024-09-06" ISACTUAL="0" ISACTIVE="0" /><HOUSE ID="58186193" OBJECTID="47848648" OBJECTGUID="60123602-b7ea-4e88-9ab4-c3e8ce778881" CHANGEID="71936949" HOUSENUM="9" HOUSETYPE="3" OPERTYPEID="20" PREVID="28600870" NEXTID="126753106" UPDATEDATE="2024-09-10" STARTDATE="2014-01-04" ENDDATE="2024-09-10" ISACTUAL="0" ISACTIVE="0" /><HOUSE ID="58203090" OBJECTID="39391216" OBJECTGUID="604d97d1-2520-44c1-a4bf-a80f5d88f205" CHANGEID="59685013" HOUSENUM="5" HOUSETYPE="3" OPERTYPEID="20" PREVID="23561856" NEXTID="126750885" UPDATEDATE="2024-09-10" STARTDATE="2014-01-04" ENDDATE="2024-09-10" ISACTUAL="0" ISACTIVE="0" /><HOUSE ID="60521725" OBJECTID="15214831" OBJECTGUID="81088274-7db6-44c6-bd14-13eb06c2b4ca" CHANGEID="24258584" HOUSENUM="5" HOUSETYPE="3" OPERTYPEID="20" PREVID="8570687" NEXTID="126735843" UPDATEDATE="2024-09-06" STARTDATE="2014-01-04" ENDDATE="2024-09-06" ISACTUAL="0" ISACTIVE="0" /><HOUSE ID="61671830" OBJECTID="49310221" OBJECTGUID="91460818-ff4f-4939-bb8c-c738a496900c" CHANGEID="74071254" HOUSENUM="1" HOUSETYPE="3" OPERTYPEID="20" PREVID="29492462" NEXTID="126732022" UPDATEDATE="2024-09-06" STARTDATE="2014-01-04" ENDDATE="2024-09-06" ISACTUAL="0" ISACTIVE="0" /><HOUSE ID="61690969" OBJECTID="49315751" OBJECTGUID="91882b48-5d94-410c-a835-d5108f11fd25" CHANGEID="74079948" HOUSENUM="37" HOUSETYPE="3" OPERTYPEID="20" PREVID="29496407" NEXTID="126732150" UPDATEDATE="2024-09-06" STARTDATE="2014-01-04" ENDDATE="2024-09-06" ISACTUAL="0" ISACTIVE="0" /><HOUSE ID="61779554" OBJECTID="47366053" OBJECTGUID="92c77583-0f79-495f-a940-78b6eda30808" CHANGEID="71248762" HOUSENUM="3" HOUSETYPE="3" OPERTYPEID="20" PREVID="28322803" NEXTID="126750402" UPDATEDATE="2024-09-10" STARTDATE="2014-01-04" ENDDATE="2024-09-10" ISACTUAL="0" ISACTIVE="0" /><HOUSE ID="62571334" OBJECTID="39387165" OBJECTGUID="9df35bbd-4b77-4f7e-a17c-216d6048650b" CHANGEID="59678859" HOUSENUM="9" HOUSETYPE="3" OPERTYPEID="20" PREVID="23559356" NEXTID="126750888" UPDATEDATE="2024-09-10" STARTDATE="2014-01-04" ENDDATE="2024-09-10" ISACTUAL="0" ISACTIVE="0" /><HOUSE ID="62801936" OBJECTID="47816273" OBJECTGUID="a131330e-af15-4d1b-9482-1194fdd96ef4" CHANGEID="71891504" HOUSENUM="6" HOUSETYPE="3" OPERTYPEID="20" PREVID="28583127" NEXTID="126753090" UPDATEDATE="2024-09-10" STARTDATE="2014-01-04" ENDDATE="2024-09-10" ISACTUAL="0" ISACTIVE="0" /><HOUSE ID="62958804" OBJECTID="8516662" OBJECTGUID="a36a7c9e-6373-481c-90eb-9fe817897f99" CHANGEID="14367136" HOUSENUM="30" HOUSETYPE="3" OPERTYPEID="20" PREVID="4336264" NEXTID="126749452" UPDATEDATE="2024-09-10" STARTDATE="2014-01-04" ENDDATE="2024-09-10" ISACTUAL="0" ISACTIVE="0" /><HOUSE ID="64704317" OBJECTID="49306773" OBJECTGUID="bc11c835-c89c-4720-a70f-785907976a78" CHANGEID="74065918" HOUSENUM="22" HOUSETYPE="3" OPERTYPEID="20" PREVID="29489943" NEXTID="126732142" UPDATEDATE="2024-09-06" STARTDATE="2014-01-04" ENDDATE="2024-09-06" ISACTUAL="0" ISACTIVE="0" /><HOUSE ID="64942799" OBJECTID="47849193" OBJECTGUID="bf6e699c-4a90-4a63-bca7-d418c5c5fb7e" CHANGEID="71937725" HOUSENUM="21" HOUSETYPE="3" OPERTYPEID="20" PREVID="28601163" NEXTID="126753327" UPDATEDATE="2024-09-10" STARTDATE="2014-01-04" ENDDATE="2024-09-10" ISACTUAL="0" ISACTIVE="0" /><HOUSE ID="65045974" OBJECTID="83557657" OBJECTGUID="c0e3868d-26ca-40cf-ba5d-75e52a1fb619" CHANGEID="124124742" HOUSENUM="42" HOUSETYPE="3" OPERTYPEID="20" PREVID="50581573" NEXTID="126761061" UPDATEDATE="2024-09-11" STARTDATE="2015-10-20" ENDDATE="2024-09-11" ISACTUAL="0" ISACTIVE="0" /><HOUSE ID="65481199" OBJECTID="39388210" OBJECTGUID="c705ed31-8363-454a-b203-4518aac7d15d" CHANGEID="59680779" HOUSENUM="2" HOUSETYPE="3" OPERTYPEID="20" PREVID="23559893" NEXTID="126750875" UPDATEDATE="2024-09-10" STARTDATE="2014-01-04" ENDDATE="2024-09-10" ISACTUAL="0" ISACTIVE="0" /><HOUSE ID="65862001" OBJECTID="47365125" OBJECTGUID="cc67885b-f3fb-4845-9e77-74ded732958a" CHANGEID="71247699" HOUSENUM="1" HOUSETYPE="3" OPERTYPEID="20" PREVID="28322218" NEXTID="126750396" UPDATEDATE="2024-09-10" STARTDATE="2014-01-04" ENDDATE="2024-09-10" ISACTUAL="0" ISACTIVE="0" /><HOUSE ID="66993486" OBJECTID="15215987" OBJECTGUID="dc64d129-96d8-44c9-94c0-290d151a965a" CHANGEID="24260222" HOUSENUM="7" HOUSETYPE="3" OPERTYPEID="20" PREVID="8571368" NEXTID="126735874" UPDATEDATE="2024-09-06" STARTDATE="2014-01-04" ENDDATE="2024-09-06" ISACTUAL="0" ISACTIVE="0" /><HOUSE ID="67249549" OBJECTID="49305599" OBJECTGUID="e005309f-2446-431f-aecf-3a20ebc8d2ff" CHANGEID="74064423" HOUSENUM="30" HOUSETYPE="3" OPERTYPEID="20" PREVID="29489074" NEXTID="126732145" UPDATEDATE="2024-09-06" STARTDATE="2014-01-04" ENDDATE="2024-09-06" ISACTUAL="0" ISACTIVE="0" /><HOUSE ID="67278769" OBJECTID="68712700" OBJECTGUID="e06d776e-32fe-45b2-8570-991c19c2d6d0" CHANGEID="102427839" HOUSENUM="14" HOUSETYPE="3" OPERTYPEID="20" PREVID="41429815" NEXTID="126744774" UPDATEDATE="2024-09-09" STARTDATE="2014-01-04" ENDDATE="2024-09-09" ISACTUAL="0" ISACTIVE="0" /><HOUSE ID="67597160" OBJECTID="7493284" OBJECTGUID="e4f07f56-c769-4ca6-a102-87f63f680662" CHANGEID="12834940" HOUSENUM="12" HOUSETYPE="2" OPERTYPEID="20" PREVID="3667596" NEXTID="126725125" UPDATEDATE="2024-09-05" STARTDATE="2015-10-15" ENDDATE="2024-09-05" ISACTUAL="0" ISACTIVE="0" /><HOUSE ID="67708235" OBJECTID="52926803" OBJECTGUID="e68104f4-7cd4-4cd3-a260-197716c892af" CHANGEID="79260503" HOUSENUM="19" HOUSETYPE="3" OPERTYPEID="20" PREVID="31611018" NEXTID="126745886" UPDATEDATE="2024-09-09" STARTDATE="2014-01-04" ENDDATE="2024-09-09" ISACTUAL="0" ISACTIVE="0" /><HOUSE ID="67785165" OBJECTID="39393110" OBJECTGUID="e7993caf-4d5f-4053-9316-ff6e84543b8d" CHANGEID="59688190" HOUSENUM="10" HOUSETYPE="3" OPERTYPEID="20" PREVID="23563387" NEXTID="126750891" UPDATEDATE="2024-09-10" STARTDATE="2014-01-04" ENDDATE="2024-09-10" ISACTUAL="0" ISACTIVE="0" /><HOUSE ID="67906331" OBJECTID="50333914" OBJECTGUID="e94bdd95-65fe-4c44-bf86-a60f2e42975e" CHANGEID="75554407" HOUSENUM="49" HOUSETYPE="3" OPERTYPEID="20" PREVID="30115772" NEXTID="126760996" UPDATEDATE="2024-09-11" STARTDATE="2014-01-04" ENDDATE="2024-09-11" ISACTUAL="0" ISACTIVE="0" /><HOUSE ID="67914510" OBJECTID="49311309" OBJECTGUID="e96c3931-825e-4f76-8b45-cdf8765551e1" CHANGEID="74072755" HOUSENUM="18" HOUSETYPE="3" OPERTYPEID="20" PREVID="29493103" NEXTID="126732140" UPDATEDATE="2024-09-06" STARTDATE="2014-01-04" ENDDATE="2024-09-06" ISACTUAL="0" ISACTIVE="0" /><HOUSE ID="67991711" OBJECTID="49299877" OBJECTGUID="ea826e26-8bf2-4f07-9779-09bb1ae2b1aa" CHANGEID="74056175" HOUSENUM="15" HOUSETYPE="3" OPERTYPEID="20" PREVID="29486041" NEXTID="126732137" UPDATEDATE="2024-09-06" STARTDATE="2014-01-04" ENDDATE="2024-09-06" ISACTUAL="0" ISACTIVE="0" /><HOUSE ID="68279784" OBJECTID="47364540" OBJECTGUID="ee94db1f-916f-4028-a0cd-6e48678ef289" CHANGEID="71245710" HOUSENUM="6" HOUSETYPE="3" OPERTYPEID="20" PREVID="28321807" NEXTID="126750417" UPDATEDATE="2024-09-10" STARTDATE="2014-01-04" ENDDATE="2024-09-10" ISACTUAL="0" ISACTIVE="0" /><HOUSE ID="68370060" OBJECTID="49306306" OBJECTGUID="efd59c59-dc0f-44dd-b5ac-757afd7d666b" CHANGEID="74065187" HOUSENUM="29" HOUSETYPE="3" OPERTYPEID="20" PREVID="29489636" NEXTID="126729961" UPDATEDATE="2024-09-05" STARTDATE="2014-01-04" ENDDATE="2024-09-05" ISACTUAL="0" ISACTIVE="0" /><HOUSE ID="68485567" OBJECTID="47816596" OBJECTGUID="f17704c9-8dde-473a-8b1d-1e5c26764520" CHANGEID="71892969" HOUSENUM="25" HOUSETYPE="3" OPERTYPEID="20" PREVID="28583354" NEXTID="126753661" UPDATEDATE="2024-09-10" STARTDATE="2014-01-04" ENDDATE="2024-09-10" ISACTUAL="0" ISACTIVE="0" /><HOUSE ID="69225952" OBJECTID="10412668" OBJECTGUID="fbeea23a-18e6-4c3d-a74e-4fa137e524ba" CHANGEID="17102331" HOUSENUM="4" HOUSETYPE="3" OPERTYPEID="20" PREVID="5458277" NEXTID="126729664" UPDATEDATE="2024-09-05" STARTDATE="2014-01-04" ENDDATE="2024-09-05" ISACTUAL="0" ISACTIVE="0" /><HOUSE ID="63368872" OBJECTID="47819362" OBJECTGUID="a935c922-0443-4b38-82c2-314416ce748e" CHANGEID="71895846" HOUSENUM="5" HOUSETYPE="3" OPERTYPEID="20" PREVID="28584940" NEXTID="126753085" UPDATEDATE="2024-09-10" STARTDATE="2014-01-04" ENDDATE="2024-09-10" ISACTUAL="0" ISACTIVE="0" /><HOUSE ID="29280369" OBJECTID="48964907" OBJECTGUID="fcaf959e-bdaf-4796-afe4-73a7062d0481" CHANGEID="73567656" HOUSENUM="459" HOUSETYPE="7" OPERTYPEID="10" PREVID="0" NEXTID="126760276" UPDATEDATE="2024-09-11" STARTDATE="2018-11-16" ENDDATE="2024-09-11" ISACTUAL="0" ISACTIVE="0" /><HOUSE ID="55816860" OBJECTID="47818896" OBJECTGUID="3ea0cedf-3773-476b-a24c-2722be032a65" CHANGEID="71895348" HOUSENUM="4" HOUSETYPE="3" OPERTYPEID="20" PREVID="28584624" NEXTID="126753084" UPDATEDATE="2024-09-10" STARTDATE="2014-01-04" ENDDATE="2024-09-10" ISACTUAL="0" ISACTIVE="0" /><HOUSE ID="52227366" OBJECTID="49306143" OBJECTGUID="0beeaf49-075f-45f1-aaa9-46a515dd2280" CHANGEID="74064731" HOUSENUM="36" HOUSETYPE="3" OPERTYPEID="20" PREVID="29489539" NEXTID="126732149" UPDATEDATE="2024-09-06" STARTDATE="2014-01-04" ENDDATE="2024-09-06" ISACTUAL="0" ISACTIVE="0" /><HOUSE ID="52882211" OBJECTID="59750051" OBJECTGUID="1533ed71-4a08-4888-9af1-16f7a4060fd0" CHANGEID="89243530" HOUSENUM="20" HOUSETYPE="3" OPERTYPEID="20" PREVID="35787920" NEXTID="126747145" UPDATEDATE="2024-09-09" STARTDATE="2014-01-04" ENDDATE="2024-09-09" ISACTUAL="0" ISACTIVE="0" /><HOUSE ID="53771632" OBJECTID="49317888" OBJECTGUID="21c07d91-e046-4b63-82ce-e3e3fd47c5c7" CHANGEID="74083269" HOUSENUM="38" HOUSETYPE="3" OPERTYPEID="20" PREVID="29497954" NEXTID="126732151" UPDATEDATE="2024-09-06" STARTDATE="2014-01-04" ENDDATE="2024-09-06" ISACTUAL="0" ISACTIVE="0" /><HOUSE ID="53945171" OBJECTID="10413302" OBJECTGUID="243580f2-008e-409c-bbff-54d9b1626739" CHANGEID="17103038" HOUSENUM="8" HOUSETYPE="3" OPERTYPEID="20" PREVID="5458748" NEXTID="126729865" UPDATEDATE="2024-09-05" STARTDATE="2014-01-04" ENDDATE="2024-09-05" ISACTUAL="0" ISACTIVE="0" /><HOUSE ID="54182768" OBJECTID="47823612" OBJECTGUID="2790f7bf-2386-4b60-bbe2-4651139cab0e" CHANGEID="71902231" HOUSENUM="7" HOUSETYPE="3" OPERTYPEID="20" PREVID="28587713" NEXTID="126753095" UPDATEDATE="2024-09-10" STARTDATE="2014-01-04" ENDDATE="2024-09-10" ISACTUAL="0" ISACTIVE="0" /><HOUSE ID="54290595" OBJECTID="49307232" OBJECTGUID="29130e41-daef-4784-90cb-79b6ae580a1a" CHANGEID="74067127" HOUSENUM="27" HOUSETYPE="3" OPERTYPEID="20" PREVID="29490294" NEXTID="126732144" UPDATEDATE="2024-09-06" STARTDATE="2014-01-04" ENDDATE="2024-09-06" ISACTUAL="0" ISACTIVE="0" /><HOUSE ID="54343537" OBJECTID="47363781" OBJECTGUID="29d2bab6-bda0-434d-ab1f-625612696efd" CHANGEID="71244759" HOUSENUM="7" HOUSETYPE="3" OPERTYPEID="20" PREVID="28321177" NEXTID="126750424" UPDATEDATE="2024-09-10" STARTDATE="2014-01-04" ENDDATE="2024-09-10" ISACTUAL="0" ISACTIVE="0" /><HOUSE ID="54360912" OBJECTID="47363388" OBJECTGUID="2a120ce5-29f5-406a-a23a-508db7f0b580" CHANGEID="71243962" HOUSENUM="35" HOUSETYPE="3" OPERTYPEID="20" PREVID="28320862" NEXTID="126750517" UPDATEDATE="2024-09-10" STARTDATE="2014-01-04" ENDDATE="2024-09-10" ISACTUAL="0" ISACTIVE="0" /><HOUSE ID="126332782" OBJECTID="52302752" OBJECTGUID="145407d5-199d-4c2a-9c25-763010b9144c" CHANGEID="596839569" HOUSENUM="7/12" HOUSETYPE="5" OPERTYPEID="20" PREVID="31254168" NEXTID="126746937" UPDATEDATE="2024-09-09" STARTDATE="2024-06-18" ENDDATE="2024-09-09" ISACTUAL="0" ISACTIVE="0" /><HOUSE ID="126664452" OBJECTID="41748805" OBJECTGUID="3f670293-2d0f-4988-9f62-1df42f1aef4b" CHANGEID="599927116" HOUSENUM="54" HOUSETYPE="2" OPERTYPEID="20" PREVID="55872805" NEXTID="126739737" UPDATEDATE="2024-09-09" STARTDATE="2024-08-22" ENDDATE="2024-09-09" ISACTUAL="0" ISACTIVE="0" /><HOUSE ID="126724976" OBJECTID="165059012" OBJECTGUID="bfc5fdd7-c095-4ac2-82c8-db323303104e" CHANGEID="600509492" HOUSENUM="21" HOUSETYPE="2" OPERTYPEID="10" PREVID="0" NEXTID="0" UPDATEDATE="2024-09-05" STARTDATE="2024-09-05" ENDDATE="2079-06-06" ISACTUAL="1" ISACTIVE="1" /><HOUSE ID="126725125" OBJECTID="7493284" OBJECTGUID="e4f07f56-c769-4ca6-a102-87f63f680662" CHANGEID="600510972" HOUSENUM="12" HOUSETYPE="5" OPERTYPEID="20" PREVID="67597160" UPDATEDATE="2024-09-05" STARTDATE="2024-09-05" ENDDATE="2079-06-06" ISACTUAL="1" ISACTIVE="1" /><HOUSE ID="126725389" OBJECTID="165061167" OBJECTGUID="0961fe5a-207a-4e04-930c-63daf1ab72cf" CHANGEID="600512684" HOUSENUM="1А" HOUSETYPE="2" OPERTYPEID="10" PREVID="0" NEXTID="0" UPDATEDATE="2024-09-05" STARTDATE="2024-09-05" ENDDATE="2079-06-06" ISACTUAL="1" ISACTIVE="1" /><HOUSE ID="126725543" OBJECTID="165062084" OBJECTGUID="d6dc0591-c4eb-425b-9fb1-2df1f7b5ee39" CHANGEID="600514132" HOUSENUM="32" HOUSETYPE="2" OPERTYPEID="10" PREVID="0" NEXTID="0" UPDATEDATE="2024-09-05" STARTDATE="2024-09-05" ENDDATE="2079-06-06" ISACTUAL="1" ISACTIVE="1" /><HOUSE ID="406648" OBJECTID="2114954" OBJECTGUID="52f7a12c-64f3-488e-a3cd-909cbdbdf5b1" CHANGEID="5019492" HOUSENUM="37" HOUSETYPE="3" OPERTYPEID="10" PREVID="0" NEXTID="126725575" UPDATEDATE="2024-09-05" STARTDATE="2018-04-19" ENDDATE="2024-09-05" ISACTUAL="0" ISACTIVE="0" /><HOUSE ID="126725575" OBJECTID="2114954" OBJECTGUID="52f7a12c-64f3-488e-a3cd-909cbdbdf5b1" CHANGEID="600514360" HOUSENUM="37" HOUSETYPE="2" OPERTYPEID="20" PREVID="406648" UPDATEDATE="2024-09-05" STARTDATE="2024-09-05" ENDDATE="2079-06-06" ISACTUAL="1" ISACTIVE="1" /><HOUSE ID="126727881" OBJECTID="165072326" OBJECTGUID="984699b4-68ac-4df9-8d46-19e30a07f697" CHANGEID="600530691" HOUSENUM="147" HOUSETYPE="5" OPERTYPEID="10" PREVID="0" NEXTID="0" UPDATEDATE="2024-09-05" STARTDATE="2024-09-05" ENDDATE="2079-06-06" ISACTUAL="1" ISACTIVE="1" /><HOUSE ID="126728135" OBJECTID="165073726" OBJECTGUID="548c5e74-86b6-427f-bcf0-1accf6b6c232" CHANGEID="600532639" HOUSENUM="13" HOUSETYPE="2" OPERTYPEID="10" PREVID="0" NEXTID="0" UPDATEDATE="2024-09-05" STARTDATE="2024-09-05" ENDDATE="2079-06-06" ISACTUAL="1" ISACTIVE="1" /><HOUSE ID="126729202" OBJECTID="84152579" OBJECTGUID="ae2b0e74-4f37-45fb-a39c-123935dc5fee" CHANGEID="600541276" HOUSENUM="13" HOUSETYPE="1" OPERTYPEID="30" PREVID="50967865" NEXTID="0" UPDATEDATE="2024-09-05" STARTDATE="2024-09-05" ENDDATE="2079-06-06" ISACTUAL="1" ISACTIVE="0" /><HOUSE ID="50967865" OBJECTID="84152579" OBJECTGUID="ae2b0e74-4f37-45fb-a39c-123935dc5fee" CHANGEID="125012832" HOUSENUM="13" HOUSETYPE="1" OPERTYPEID="10" PREVID="0" NEXTID="126729202" UPDATEDATE="2024-09-05" STARTDATE="2014-09-22" ENDDATE="2024-09-05" ISACTUAL="0" ISACTIVE="0" /><HOUSE ID="63622717" OBJECTID="10411553" OBJECTGUID="accfd899-bab9-41eb-aec6-0788d8a15c4d" CHANGEID="17100786" HOUSENUM="2" HOUSETYPE="3" OPERTYPEID="20" PREVID="5457582" NEXTID="126729649" UPDATEDATE="2024-09-05" STARTDATE="2014-01-04" ENDDATE="2024-09-05" ISACTUAL="0" ISACTIVE="0" /><HOUSE ID="126729649" OBJECTID="10411553" OBJECTGUID="accfd899-bab9-41eb-aec6-0788d8a15c4d" CHANGEID="600544824" HOUSENUM="2" HOUSETYPE="2" OPERTYPEID="20" PREVID="63622717" UPDATEDATE="2024-09-05" STARTDATE="2024-09-05" ENDDATE="2079-06-06" ISACTUAL="1" ISACTIVE="1" /><HOUSE ID="126729664" OBJECTID="10412668" OBJECTGUID="fbeea23a-18e6-4c3d-a74e-4fa137e524ba" CHANGEID="600544946" HOUSENUM="4" HOUSETYPE="2" OPERTYPEID="20" PREVID="69225952" UPDATEDATE="2024-09-05" STARTDATE="2024-09-05" ENDDATE="2079-06-06" ISACTUAL="1" ISACTIVE="1" /><HOUSE ID="67938954" OBJECTID="10415010" OBJECTGUID="e9c0a2f6-209c-4b56-8faa-fbe7676be165" CHANGEID="17105497" HOUSENUM="10" HOUSETYPE="3" OPERTYPEID="20" PREVID="5459833" NEXTID="126729870" UPDATEDATE="2024-09-05" STARTDATE="2014-01-04" ENDDATE="2024-09-05" ISACTUAL="0" ISACTIVE="0" /><HOUSE ID="126729870" OBJECTID="10415010" OBJECTGUID="e9c0a2f6-209c-4b56-8faa-fbe7676be165" CHANGEID="600546097" HOUSENUM="10" HOUSETYPE="2" OPERTYPEID="20" PREVID="67938954" UPDATEDATE="2024-09-05" STARTDATE="2024-09-05" ENDDATE="2079-06-06" ISACTUAL="1" ISACTIVE="1" /><HOUSE ID="56001247" OBJECTID="10413713" OBJECTGUID="413a9748-5970-40ab-83c0-750b2f3863a0" CHANGEID="17103393" HOUSENUM="12" HOUSETYPE="3" OPERTYPEID="20" PREVID="5459034" NEXTID="126729881" UPDATEDATE="2024-09-05" STARTDATE="2014-01-04" ENDDATE="2024-09-05" ISACTUAL="0" ISACTIVE="0" /><HOUSE ID="126729881" OBJECTID="10413713" OBJECTGUID="413a9748-5970-40ab-83c0-750b2f3863a0" CHANGEID="600546155" HOUSENUM="12" HOUSETYPE="2" OPERTYPEID="20" PREVID="56001247" UPDATEDATE="2024-09-05" STARTDATE="2024-09-05" ENDDATE="2079-06-06" ISACTUAL="1" ISACTIVE="1" /><HOUSE ID="126729865" OBJECTID="10413302" OBJECTGUID="243580f2-008e-409c-bbff-54d9b1626739" CHANGEID="600546043" HOUSENUM="8" HOUSETYPE="2" OPERTYPEID="20" PREVID="53945171" UPDATEDATE="2024-09-05" STARTDATE="2024-09-05" ENDDATE="2079-06-06" ISACTUAL="1" ISACTIVE="1" /><HOUSE ID="61760270" OBJECTID="10412066" OBJECTGUID="92859c59-5043-432c-86b7-1976dff159cc" CHANGEID="17101101" HOUSENUM="14" HOUSETYPE="3" OPERTYPEID="20" PREVID="5457947" NEXTID="126729888" UPDATEDATE="2024-09-05" STARTDATE="2014-01-04" ENDDATE="2024-09-05" ISACTUAL="0" ISACTIVE="0" /><HOUSE ID="126729888" OBJECTID="10412066" OBJECTGUID="92859c59-5043-432c-86b7-1976dff159cc" CHANGEID="600546185" HOUSENUM="14" HOUSETYPE="2" OPERTYPEID="20" PREVID="61760270" UPDATEDATE="2024-09-05" STARTDATE="2024-09-05" ENDDATE="2079-06-06" ISACTUAL="1" ISACTIVE="1" /><HOUSE ID="126729941" OBJECTID="49320584" OBJECTGUID="362283d6-942e-4e12-85b7-eb50f881c134" CHANGEID="600546496" HOUSENUM="7" HOUSETYPE="3" OPERTYPEID="30" PREVID="55215249" NEXTID="0" UPDATEDATE="2024-09-05" STARTDATE="2024-09-05" ENDDATE="2079-06-06" ISACTUAL="1" ISACTIVE="0" /><HOUSE ID="126729961" OBJECTID="49306306" OBJECTGUID="efd59c59-dc0f-44dd-b5ac-757afd7d666b" CHANGEID="600546683" HOUSENUM="29" HOUSETYPE="3" OPERTYPEID="30" PREVID="68370060" NEXTID="0" UPDATEDATE="2024-09-05" STARTDATE="2024-09-05" ENDDATE="2079-06-06" ISACTUAL="1" ISACTIVE="0" /><HOUSE ID="126730585" OBJECTID="165085828" OBJECTGUID="4fe9dc5d-ac43-4e2b-9afd-e3a7f17324f2" CHANGEID="600552317" HOUSENUM="9" HOUSETYPE="2" OPERTYPEID="10" PREVID="0" NEXTID="0" UPDATEDATE="2024-09-05" STARTDATE="2024-09-05" ENDDATE="2079-06-06" ISACTUAL="1" ISACTIVE="1" /><HOUSE ID="126730592" OBJECTID="165085878" OBJECTGUID="0c9ee7d5-f659-4efd-8177-0255fae98d83" CHANGEID="600552397" HOUSENUM="25Б" HOUSETYPE="2" OPERTYPEID="10" PREVID="0" NEXTID="0" UPDATEDATE="2024-09-05" STARTDATE="2024-09-05" ENDDATE="2079-06-06" ISACTUAL="1" ISACTIVE="1" /><HOUSE ID="126730596" OBJECTID="49308619" OBJECTGUID="794dc84a-4e29-48b2-a9df-9bee0998bf58" CHANGEID="600552426" HOUSENUM="17" HOUSETYPE="3" OPERTYPEID="30" PREVID="59974719" NEXTID="0" UPDATEDATE="2024-09-05" STARTDATE="2024-09-05" ENDDATE="2079-06-06" ISACTUAL="1" ISACTIVE="0" /><HOUSE ID="59974719" OBJECTID="49308619" OBJECTGUID="794dc84a-4e29-48b2-a9df-9bee0998bf58" CHANGEID="74068750" HOUSENUM="17" HOUSETYPE="3" OPERTYPEID="20" PREVID="29491215" NEXTID="126730596" UPDATEDATE="2024-09-05" STARTDATE="2014-01-04" ENDDATE="2024-09-05" ISACTUAL="0" ISACTIVE="0" /><HOUSE ID="126730599" OBJECTID="49311630" OBJECTGUID="04011711-2c3b-4c4d-b273-ceb02ba27b36" CHANGEID="600552477" HOUSENUM="12" HOUSETYPE="3" OPERTYPEID="30" PREVID="51664619" NEXTID="0" UPDATEDATE="2024-09-05" STARTDATE="2024-09-05" ENDDATE="2079-06-06" ISACTUAL="1" ISACTIVE="0" /><HOUSE ID="51664619" OBJECTID="49311630" OBJECTGUID="04011711-2c3b-4c4d-b273-ceb02ba27b36" CHANGEID="74076151" HOUSENUM="12" HOUSETYPE="3" OPERTYPEID="20" PREVID="29493527" NEXTID="126730599" UPDATEDATE="2024-09-05" STARTDATE="2014-01-04" ENDDATE="2024-09-05" ISACTUAL="0" ISACTIVE="0" /><HOUSE ID="126730608" OBJECTID="165085982" OBJECTGUID="8403cd69-e61d-49d6-ae51-289090afb332" CHANGEID="600552555" HOUSENUM="29Б" HOUSETYPE="2" OPERTYPEID="10" PREVID="0" NEXTID="0" UPDATEDATE="2024-09-05" STARTDATE="2024-09-05" ENDDATE="2079-06-06" ISACTUAL="1" ISACTIVE="1" /><HOUSE ID="18172492" OBJECTID="30629237" OBJECTGUID="357c5163-fb4c-41dc-b913-2b33f5612ec0" CHANGEID="46895163" HOUSENUM="21А" HOUSETYPE="2" OPERTYPEID="10" PREVID="0" NEXTID="126730654" UPDATEDATE="2024-09-05" STARTDATE="2019-12-11" ENDDATE="2024-09-05" ISACTUAL="0" ISACTIVE="0" /><HOUSE ID="126730654" OBJECTID="30629237" OBJECTGUID="357c5163-fb4c-41dc-b913-2b33f5612ec0" CHANGEID="600553190" HOUSENUM="1" HOUSETYPE="2" OPERTYPEID="20" PREVID="18172492" UPDATEDATE="2024-09-05" STARTDATE="2024-09-05" ENDDATE="2079-06-06" ISACTUAL="1" ISACTIVE="1" /><HOUSE ID="126730657" OBJECTID="165086429" OBJECTGUID="f0d577d1-9154-4c0e-abea-f88aaea91819" CHANGEID="600553255" HOUSENUM="5" HOUSETYPE="2" OPERTYPEID="10" PREVID="0" NEXTID="0" UPDATEDATE="2024-09-05" STARTDATE="2024-09-05" ENDDATE="2079-06-06" ISACTUAL="1" ISACTIVE="1" /><HOUSE ID="126730775" OBJECTID="165086504" OBJECTGUID="141f8227-5e5a-4554-983a-caf712cb2a56" CHANGEID="600553476" HOUSENUM="1/10" HOUSETYPE="4" OPERTYPEID="10" PREVID="0" NEXTID="0" UPDATEDATE="2024-09-05" STARTDATE="2024-09-05" ENDDATE="2079-06-06" ISACTUAL="1" ISACTIVE="1" /><HOUSE ID="126730768" OBJECTID="165086480" OBJECTGUID="9fd78ec6-f6c9-4a3e-97ab-50ab7c67cac3" CHANGEID="600553433" HOUSENUM="1/1/4" HOUSETYPE="4" OPERTYPEID="10" PREVID="0" NEXTID="0" UPDATEDATE="2024-09-05" STARTDATE="2024-09-05" ENDDATE="2079-06-06" ISACTUAL="1" ISACTIVE="1" /><HOUSE ID="16751589" OBJECTID="28227847" OBJECTGUID="f189acc0-9926-47a3-9f36-21969e5b022d" CHANGEID="43426163" HOUSENUM="7" HOUSETYPE="3" OPERTYPEID="10" PREVID="0" NEXTID="126730988" UPDATEDATE="2024-09-05" STARTDATE="2017-04-11" ENDDATE="2024-09-05" ISACTUAL="0" ISACTIVE="0" /><HOUSE ID="126730988" OBJECTID="28227847" OBJECTGUID="f189acc0-9926-47a3-9f36-21969e5b022d" CHANGEID="600555994" HOUSENUM="7" HOUSETYPE="2" OPERTYPEID="20" PREVID="16751589" UPDATEDATE="2024-09-05" STARTDATE="2024-09-05" ENDDATE="2079-06-06" ISACTUAL="1" ISACTIVE="1" /><HOUSE ID="126732022" OBJECTID="49310221" OBJECTGUID="91460818-ff4f-4939-bb8c-c738a496900c" CHANGEID="600565819" HOUSENUM="1" HOUSETYPE="2" OPERTYPEID="20" PREVID="61671830" UPDATEDATE="2024-09-06" STARTDATE="2024-09-06" ENDDATE="2079-06-06" ISACTUAL="1" ISACTIVE="1" /><HOUSE ID="58790281" OBJECTID="49309166" OBJECTGUID="6894ee52-36d4-4eaa-81a6-b0be3c69005c" CHANGEID="74070730" HOUSENUM="4" HOUSETYPE="3" OPERTYPEID="20" PREVID="29491648" NEXTID="126732025" UPDATEDATE="2024-09-06" STARTDATE="2014-01-04" ENDDATE="2024-09-06" ISACTUAL="0" ISACTIVE="0" /><HOUSE ID="126732025" OBJECTID="49309166" OBJECTGUID="6894ee52-36d4-4eaa-81a6-b0be3c69005c" CHANGEID="600565826" HOUSENUM="4" HOUSETYPE="2" OPERTYPEID="20" PREVID="58790281" UPDATEDATE="2024-09-06" STARTDATE="2024-09-06" ENDDATE="2079-06-06" ISACTUAL="1" ISACTIVE="1" /><HOUSE ID="53819949" OBJECTID="49308316" OBJECTGUID="227312a7-acbd-44ff-a384-9b82a72e6e53" CHANGEID="74068172" HOUSENUM="5" HOUSETYPE="3" OPERTYPEID="20" PREVID="29490988" NEXTID="126732026" UPDATEDATE="2024-09-06" STARTDATE="2014-01-04" ENDDATE="2024-09-06" ISACTUAL="0" ISACTIVE="0" /><HOUSE ID="126732026" OBJECTID="49308316" OBJECTGUID="227312a7-acbd-44ff-a384-9b82a72e6e53" CHANGEID="600565832" HOUSENUM="5" HOUSETYPE="2" OPERTYPEID="20" PREVID="53819949" UPDATEDATE="2024-09-06" STARTDATE="2024-09-06" ENDDATE="2079-06-06" ISACTUAL="1" ISACTIVE="1" /><HOUSE ID="60523872" OBJECTID="49321527" OBJECTGUID="81111f72-9631-4aec-bba7-f8253d7b0a30" CHANGEID="74088507" HOUSENUM="8" HOUSETYPE="3" OPERTYPEID="20" PREVID="29500083" NEXTID="126732028" UPDATEDATE="2024-09-06" STARTDATE="2014-01-04" ENDDATE="2024-09-06" ISACTUAL="0" ISACTIVE="0" /><HOUSE ID="126732028" OBJECTID="49321527" OBJECTGUID="81111f72-9631-4aec-bba7-f8253d7b0a30" CHANGEID="600565838" HOUSENUM="8" HOUSETYPE="2" OPERTYPEID="20" PREVID="60523872" UPDATEDATE="2024-09-06" STARTDATE="2024-09-06" ENDDATE="2079-06-06" ISACTUAL="1" ISACTIVE="1" /><HOUSE ID="126732135" OBJECTID="49307919" OBJECTGUID="5a4f91bf-61b7-4f75-a4ff-88e3b8a5acb8" CHANGEID="600566589" HOUSENUM="10" HOUSETYPE="2" OPERTYPEID="20" PREVID="57777927" UPDATEDATE="2024-09-06" STARTDATE="2024-09-06" ENDDATE="2079-06-06" ISACTUAL="1" ISACTIVE="1" /><HOUSE ID="59676481" OBJECTID="49301497" OBJECTGUID="7518eb68-58b3-437e-aacf-26f6eaba13b9" CHANGEID="74059510" HOUSENUM="14" HOUSETYPE="3" OPERTYPEID="20" PREVID="29486900" NEXTID="126732136" UPDATEDATE="2024-09-06" STARTDATE="2014-01-04" ENDDATE="2024-09-06" ISACTUAL="0" ISACTIVE="0" /><HOUSE ID="126732136" OBJECTID="49301497" OBJECTGUID="7518eb68-58b3-437e-aacf-26f6eaba13b9" CHANGEID="600566591" HOUSENUM="14" HOUSETYPE="2" OPERTYPEID="20" PREVID="59676481" UPDATEDATE="2024-09-06" STARTDATE="2024-09-06" ENDDATE="2079-06-06" ISACTUAL="1" ISACTIVE="1" /><HOUSE ID="126732137" OBJECTID="49299877" OBJECTGUID="ea826e26-8bf2-4f07-9779-09bb1ae2b1aa" CHANGEID="600566603" HOUSENUM="15" HOUSETYPE="2" OPERTYPEID="20" PREVID="67991711" UPDATEDATE="2024-09-06" STARTDATE="2024-09-06" ENDDATE="2079-06-06" ISACTUAL="1" ISACTIVE="1" /><HOUSE ID="126732139" OBJECTID="165093934" OBJECTGUID="200c4573-c894-43b1-91aa-76be88a966da" CHANGEID="600566632" HOUSENUM="17" HOUSETYPE="2" OPERTYPEID="10" PREVID="0" NEXTID="0" UPDATEDATE="2024-09-06" STARTDATE="2024-09-06" ENDDATE="2079-06-06" ISACTUAL="1" ISACTIVE="1" /><HOUSE ID="53942144" OBJECTID="49302677" OBJECTGUID="2429ad89-b157-46f6-8181-29043562134c" CHANGEID="74060329" HOUSENUM="19" HOUSETYPE="3" OPERTYPEID="20" PREVID="29487637" NEXTID="126732141" UPDATEDATE="2024-09-06" STARTDATE="2014-01-04" ENDDATE="2024-09-06" ISACTUAL="0" ISACTIVE="0" /><HOUSE ID="126732141" OBJECTID="49302677" OBJECTGUID="2429ad89-b157-46f6-8181-29043562134c" CHANGEID="600566647" HOUSENUM="19" HOUSETYPE="2" OPERTYPEID="20" PREVID="53942144" UPDATEDATE="2024-09-06" STARTDATE="2024-09-06" ENDDATE="2079-06-06" ISACTUAL="1" ISACTIVE="1" /><HOUSE ID="68122693" OBJECTID="49300949" OBJECTGUID="ec5d0869-98c3-44cf-a386-19a9fd0fc4fa" CHANGEID="74057517" HOUSENUM="23" HOUSETYPE="3" OPERTYPEID="20" PREVID="29486719" NEXTID="126732143" UPDATEDATE="2024-09-06" STARTDATE="2014-01-04" ENDDATE="2024-09-06" ISACTUAL="0" ISACTIVE="0" /><HOUSE ID="126732143" OBJECTID="49300949" OBJECTGUID="ec5d0869-98c3-44cf-a386-19a9fd0fc4fa" CHANGEID="600566660" HOUSENUM="23" HOUSETYPE="2" OPERTYPEID="20" PREVID="68122693" UPDATEDATE="2024-09-06" STARTDATE="2024-09-06" ENDDATE="2079-06-06" ISACTUAL="1" ISACTIVE="1" /><HOUSE ID="126732147" OBJECTID="49304123" OBJECTGUID="538d7937-e2d5-4593-b42d-2a4dfc753523" CHANGEID="600566678" HOUSENUM="32" HOUSETYPE="2" OPERTYPEID="20" PREVID="57299601" UPDATEDATE="2024-09-06" STARTDATE="2024-09-06" ENDDATE="2079-06-06" ISACTUAL="1" ISACTIVE="1" /><HOUSE ID="68462769" OBJECTID="49315149" OBJECTGUID="f1274872-bfdb-40ea-a962-cf368246d700" CHANGEID="74079231" HOUSENUM="9" HOUSETYPE="3" OPERTYPEID="20" PREVID="29495937" NEXTID="126732134" UPDATEDATE="2024-09-06" STARTDATE="2014-01-04" ENDDATE="2024-09-06" ISACTUAL="0" ISACTIVE="0" /><HOUSE ID="126732134" OBJECTID="49315149" OBJECTGUID="f1274872-bfdb-40ea-a962-cf368246d700" CHANGEID="600566586" HOUSENUM="9" HOUSETYPE="2" OPERTYPEID="20" PREVID="68462769" UPDATEDATE="2024-09-06" STARTDATE="2024-09-06" ENDDATE="2079-06-06" ISACTUAL="1" ISACTIVE="1" /><HOUSE ID="69056936" OBJECTID="49308084" OBJECTGUID="f98c698f-b161-41c4-a549-97247de103c5" CHANGEID="74068018" HOUSENUM="16" HOUSETYPE="3" OPERTYPEID="20" PREVID="29490810" NEXTID="126732138" UPDATEDATE="2024-09-06" STARTDATE="2014-01-04" ENDDATE="2024-09-06" ISACTUAL="0" ISACTIVE="0" /><HOUSE ID="126732138" OBJECTID="49308084" OBJECTGUID="f98c698f-b161-41c4-a549-97247de103c5" CHANGEID="600566618" HOUSENUM="16" HOUSETYPE="2" OPERTYPEID="20" PREVID="69056936" UPDATEDATE="2024-09-06" STARTDATE="2024-09-06" ENDDATE="2079-06-06" ISACTUAL="1" ISACTIVE="1" /><HOUSE ID="126732140" OBJECTID="49311309" OBJECTGUID="e96c3931-825e-4f76-8b45-cdf8765551e1" CHANGEID="600566635" HOUSENUM="18" HOUSETYPE="2" OPERTYPEID="20" PREVID="67914510" UPDATEDATE="2024-09-06" STARTDATE="2024-09-06" ENDDATE="2079-06-06" ISACTUAL="1" ISACTIVE="1" /><HOUSE ID="126732142" OBJECTID="49306773" OBJECTGUID="bc11c835-c89c-4720-a70f-785907976a78" CHANGEID="600566650" HOUSENUM="22" HOUSETYPE="2" OPERTYPEID="20" PREVID="64704317" UPDATEDATE="2024-09-06" STARTDATE="2024-09-06" ENDDATE="2079-06-06" ISACTUAL="1" ISACTIVE="1" /><HOUSE ID="126732144" OBJECTID="49307232" OBJECTGUID="29130e41-daef-4784-90cb-79b6ae580a1a" CHANGEID="600566671" HOUSENUM="27" HOUSETYPE="2" OPERTYPEID="20" PREVID="54290595" UPDATEDATE="2024-09-06" STARTDATE="2024-09-06" ENDDATE="2079-06-06" ISACTUAL="1" ISACTIVE="1" /><HOUSE ID="126732145" OBJECTID="49305599" OBJECTGUID="e005309f-2446-431f-aecf-3a20ebc8d2ff" CHANGEID="600566673" HOUSENUM="30" HOUSETYPE="2" OPERTYPEID="20" PREVID="67249549" UPDATEDATE="2024-09-06" STARTDATE="2024-09-06" ENDDATE="2079-06-06" ISACTUAL="1" ISACTIVE="1" /><HOUSE ID="29504194" OBJECTID="49328095" OBJECTGUID="b3607a1f-7cfc-43b4-b03b-e2586d007ab4" CHANGEID="74097777" HOUSENUM="31" HOUSETYPE="3" OPERTYPEID="10" PREVID="0" NEXTID="126732146" UPDATEDATE="2024-09-06" STARTDATE="1900-01-01" ENDDATE="2024-09-06" ISACTUAL="0" ISACTIVE="0" /><HOUSE ID="126732146" OBJECTID="49328095" OBJECTGUID="b3607a1f-7cfc-43b4-b03b-e2586d007ab4" CHANGEID="600566675" HOUSENUM="31" HOUSETYPE="2" OPERTYPEID="20" PREVID="29504194" UPDATEDATE="2024-09-06" STARTDATE="2024-09-06" ENDDATE="2079-06-06" ISACTUAL="1" ISACTIVE="1" /><HOUSE ID="61652129" OBJECTID="49305258" OBJECTGUID="90fc8d5d-433a-4853-8829-368367bd47e8" CHANGEID="74063482" HOUSENUM="33" HOUSETYPE="3" OPERTYPEID="20" PREVID="29488850" NEXTID="126732148" UPDATEDATE="2024-09-06" STARTDATE="2014-01-04" ENDDATE="2024-09-06" ISACTUAL="0" ISACTIVE="0" /><HOUSE ID="126732148" OBJECTID="49305258" OBJECTGUID="90fc8d5d-433a-4853-8829-368367bd47e8" CHANGEID="600566681" HOUSENUM="33" HOUSETYPE="2" OPERTYPEID="20" PREVID="61652129" UPDATEDATE="2024-09-06" STARTDATE="2024-09-06" ENDDATE="2079-06-06" ISACTUAL="1" ISACTIVE="1" /><HOUSE ID="126732149" OBJECTID="49306143" OBJECTGUID="0beeaf49-075f-45f1-aaa9-46a515dd2280" CHANGEID="600566683" HOUSENUM="36" HOUSETYPE="2" OPERTYPEID="20" PREVID="52227366" UPDATEDATE="2024-09-06" STARTDATE="2024-09-06" ENDDATE="2079-06-06" ISACTUAL="1" ISACTIVE="1" /><HOUSE ID="126732151" OBJECTID="49317888" OBJECTGUID="21c07d91-e046-4b63-82ce-e3e3fd47c5c7" CHANGEID="600566710" HOUSENUM="38" HOUSETYPE="2" OPERTYPEID="20" PREVID="53771632" UPDATEDATE="2024-09-06" STARTDATE="2024-09-06" ENDDATE="2079-06-06" ISACTUAL="1" ISACTIVE="1" /><HOUSE ID="64797640" OBJECTID="49318334" OBJECTGUID="bd5eef74-3ac8-40c2-b4c1-e6cc2b360529" CHANGEID="74084229" HOUSENUM="39" HOUSETYPE="3" OPERTYPEID="20" PREVID="29498337" NEXTID="126732152" UPDATEDATE="2024-09-06" STARTDATE="2014-01-04" ENDDATE="2024-09-06" ISACTUAL="0" ISACTIVE="0" /><HOUSE ID="126732152" OBJECTID="49318334" OBJECTGUID="bd5eef74-3ac8-40c2-b4c1-e6cc2b360529" CHANGEID="600566714" HOUSENUM="39" HOUSETYPE="2" OPERTYPEID="20" PREVID="64797640" UPDATEDATE="2024-09-06" STARTDATE="2024-09-06" ENDDATE="2079-06-06" ISACTUAL="1" ISACTIVE="1" /><HOUSE ID="126732150" OBJECTID="49315751" OBJECTGUID="91882b48-5d94-410c-a835-d5108f11fd25" CHANGEID="600566705" HOUSENUM="37" HOUSETYPE="2" OPERTYPEID="20" PREVID="61690969" UPDATEDATE="2024-09-06" STARTDATE="2024-09-06" ENDDATE="2079-06-06" ISACTUAL="1" ISACTIVE="1" /><HOUSE ID="64877947" OBJECTID="25290705" OBJECTGUID="be82b6cb-9257-4da3-8378-c011290d4216" CHANGEID="39142775" HOUSENUM="29" HOUSETYPE="3" OPERTYPEID="20" PREVID="14969879" NEXTID="126732387" UPDATEDATE="2024-09-06" STARTDATE="2014-01-10" ENDDATE="2024-09-06" ISACTUAL="0" ISACTIVE="0" /><HOUSE ID="126732387" OBJECTID="25290705" OBJECTGUID="be82b6cb-9257-4da3-8378-c011290d4216" CHANGEID="600568805" HOUSENUM="29" HOUSETYPE="2" OPERTYPEID="20" PREVID="64877947" UPDATEDATE="2024-09-06" STARTDATE="2024-09-06" ENDDATE="2079-06-06" ISACTUAL="1" ISACTIVE="1" /><HOUSE ID="126733407" OBJECTID="66333203" OBJECTGUID="e2fd4e35-18d5-4909-b7a2-ab340959d8e3" CHANGEID="600574913" HOUSENUM="59" HOUSETYPE="3" OPERTYPEID="30" PREVID="67459867" NEXTID="0" UPDATEDATE="2024-09-06" STARTDATE="2024-09-06" ENDDATE="2079-06-06" ISACTUAL="1" ISACTIVE="0" /><HOUSE ID="67459867" OBJECTID="66333203" OBJECTGUID="e2fd4e35-18d5-4909-b7a2-ab340959d8e3" CHANGEID="98932057" HOUSENUM="59" HOUSETYPE="3" OPERTYPEID="20" PREVID="39946422" NEXTID="126733407" UPDATEDATE="2024-09-06" STARTDATE="2014-11-20" ENDDATE="2024-09-06" ISACTUAL="0" ISACTIVE="0" /><HOUSE ID="126733410" OBJECTID="51659584" OBJECTGUID="2ff03362-ac7c-4fda-96ab-522f1902f13f" CHANGEID="600574919" HOUSENUM="69" HOUSETYPE="2" OPERTYPEID="20" PREVID="54776737" UPDATEDATE="2024-09-06" STARTDATE="2024-09-06" ENDDATE="2079-06-06" ISACTUAL="1" ISACTIVE="1" /><HOUSE ID="44548758" OBJECTID="73774390" OBJECTGUID="402a2d1c-82ab-4a44-b6dc-38a8db7aaeb6" CHANGEID="109824683" HOUSENUM="14" HOUSETYPE="3" OPERTYPEID="10" PREVID="0" NEXTID="126733868" UPDATEDATE="2024-09-06" STARTDATE="1900-01-01" ENDDATE="2024-09-06" ISACTUAL="0" ISACTIVE="0" /><HOUSE ID="126733868" OBJECTID="73774390" OBJECTGUID="402a2d1c-82ab-4a44-b6dc-38a8db7aaeb6" CHANGEID="600577274" HOUSENUM="14" HOUSETYPE="2" OPERTYPEID="20" PREVID="44548758" UPDATEDATE="2024-09-06" STARTDATE="2024-09-06" ENDDATE="2079-06-06" ISACTUAL="1" ISACTIVE="1" /><HOUSE ID="62909677" OBJECTID="15216452" OBJECTGUID="a2b59116-b4c3-4a24-a0d2-afdde55ac942" CHANGEID="24268417" HOUSENUM="3" HOUSETYPE="3" OPERTYPEID="20" PREVID="8573464" NEXTID="126735411" UPDATEDATE="2024-09-06" STARTDATE="2014-01-04" ENDDATE="2024-09-06" ISACTUAL="0" ISACTIVE="0" /><HOUSE ID="126735411" OBJECTID="15216452" OBJECTGUID="a2b59116-b4c3-4a24-a0d2-afdde55ac942" CHANGEID="600587018" HOUSENUM="3" HOUSETYPE="2" OPERTYPEID="20" PREVID="62909677" UPDATEDATE="2024-09-06" STARTDATE="2024-09-06" ENDDATE="2079-06-06" ISACTUAL="1" ISACTIVE="1" /><HOUSE ID="126735843" OBJECTID="15214831" OBJECTGUID="81088274-7db6-44c6-bd14-13eb06c2b4ca" CHANGEID="600588363" HOUSENUM="5" HOUSETYPE="2" OPERTYPEID="20" PREVID="60521725" UPDATEDATE="2024-09-06" STARTDATE="2024-09-06" ENDDATE="2079-06-06" ISACTUAL="1" ISACTIVE="1" /><HOUSE ID="126735874" OBJECTID="15215987" OBJECTGUID="dc64d129-96d8-44c9-94c0-290d151a965a" CHANGEID="600588565" HOUSENUM="7" HOUSETYPE="2" OPERTYPEID="20" PREVID="66993486" UPDATEDATE="2024-09-06" STARTDATE="2024-09-06" ENDDATE="2079-06-06" ISACTUAL="1" ISACTIVE="1" /><HOUSE ID="59710855" OBJECTID="15215393" OBJECTGUID="7592ae59-e224-4cc8-90da-1b2244982b69" CHANGEID="24259300" HOUSENUM="9" HOUSETYPE="3" OPERTYPEID="20" PREVID="8570987" NEXTID="126736100" UPDATEDATE="2024-09-06" STARTDATE="2014-01-04" ENDDATE="2024-09-06" ISACTUAL="0" ISACTIVE="0" /><HOUSE ID="126736100" OBJECTID="15215393" OBJECTGUID="7592ae59-e224-4cc8-90da-1b2244982b69" CHANGEID="600590077" HOUSENUM="9" HOUSETYPE="2" OPERTYPEID="20" PREVID="59710855" UPDATEDATE="2024-09-06" STARTDATE="2024-09-06" ENDDATE="2079-06-06" ISACTUAL="1" ISACTIVE="1" /><HOUSE ID="126736143" OBJECTID="15223737" OBJECTGUID="34601012-7896-4c12-975e-fb005b7a4a45" CHANGEID="600590295" HOUSENUM="11" HOUSETYPE="2" OPERTYPEID="20" PREVID="55091465" UPDATEDATE="2024-09-06" STARTDATE="2024-09-06" ENDDATE="2079-06-06" ISACTUAL="1" ISACTIVE="1" /><HOUSE ID="126736949" OBJECTID="165109739" OBJECTGUID="2d4e85d0-5ea5-4781-8cd6-8088b9867608" CHANGEID="600595221" HOUSENUM="117" HOUSETYPE="2" OPERTYPEID="10" PREVID="0" NEXTID="0" UPDATEDATE="2024-09-06" STARTDATE="2024-09-06" ENDDATE="2079-06-06" ISACTUAL="1" ISACTIVE="1" /><HOUSE ID="126737651" OBJECTID="165112777" OBJECTGUID="60a6eb58-6339-48a0-b753-87bc3a8b8276" CHANGEID="600684439" HOUSENUM="1А" HOUSETYPE="2" OPERTYPEID="10" PREVID="0" NEXTID="0" UPDATEDATE="2024-09-06" STARTDATE="2024-09-06" ENDDATE="2079-06-06" ISACTUAL="1" ISACTIVE="1" /><HOUSE ID="126737827" OBJECTID="165113271" OBJECTGUID="494cb440-2b07-4ed1-beab-6d76e02fc580" CHANGEID="600701416" HOUSENUM="8Д" HOUSETYPE="5" OPERTYPEID="10" PREVID="0" NEXTID="0" UPDATEDATE="2024-09-06" STARTDATE="2024-09-06" ENDDATE="2079-06-06" ISACTUAL="1" ISACTIVE="1" /><HOUSE ID="126737811" OBJECTID="165113164" OBJECTGUID="9e1b428c-e885-464c-a0f8-1137eba60f72" CHANGEID="600701243" HOUSENUM="8в" HOUSETYPE="2" OPERTYPEID="10" PREVID="0" NEXTID="0" UPDATEDATE="2024-09-06" STARTDATE="2024-09-06" ENDDATE="2079-06-06" ISACTUAL="1" ISACTIVE="1" /><HOUSE ID="65909688" OBJECTID="29481813" OBJECTGUID="cd12eddc-e4d9-4a2b-8510-176d2fca94e9" CHANGEID="45223239" HOUSENUM="44" HOUSETYPE="3" OPERTYPEID="20" PREVID="17469198" NEXTID="126737834" UPDATEDATE="2024-09-06" STARTDATE="2014-01-04" ENDDATE="2024-09-06" ISACTUAL="0" ISACTIVE="0" /><HOUSE ID="126737834" OBJECTID="29481813" OBJECTGUID="cd12eddc-e4d9-4a2b-8510-176d2fca94e9" CHANGEID="600701493" HOUSENUM="44" HOUSETYPE="2" OPERTYPEID="20" PREVID="65909688" UPDATEDATE="2024-09-06" STARTDATE="2024-09-06" ENDDATE="2079-06-06" ISACTUAL="1" ISACTIVE="1" /><HOUSE ID="126738051" OBJECTID="165114088" OBJECTGUID="a629534f-d68e-45bb-90a2-3c7ea4cf5ca0" CHANGEID="600702860" HOUSENUM="16" HOUSETYPE="2" OPERTYPEID="10" PREVID="0" NEXTID="0" UPDATEDATE="2024-09-06" STARTDATE="2024-09-06" ENDDATE="2079-06-06" ISACTUAL="1" ISACTIVE="1" /><HOUSE ID="26783065" OBJECTID="44833674" OBJECTGUID="300bdb4e-7ee7-4c8a-aab1-d7ba9f78e288" CHANGEID="67572242" HOUSENUM="26" HOUSETYPE="2" OPERTYPEID="10" PREVID="0" NEXTID="126739403" UPDATEDATE="2024-09-09" STARTDATE="1900-01-01" ENDDATE="2024-09-09" ISACTUAL="0" ISACTIVE="0" /><HOUSE ID="126739403" OBJECTID="44833674" OBJECTGUID="300bdb4e-7ee7-4c8a-aab1-d7ba9f78e288" CHANGEID="600742970" HOUSENUM="26" HOUSETYPE="5" OPERTYPEID="20" PREVID="26783065" UPDATEDATE="2024-09-09" STARTDATE="2024-09-09" ENDDATE="2079-06-06" ISACTUAL="1" ISACTIVE="1" /><HOUSE ID="126739407" OBJECTID="165120287" OBJECTGUID="faf210c7-4c95-48cf-8428-0db01b3feb7a" CHANGEID="600742981" HOUSENUM="991" HOUSETYPE="5" OPERTYPEID="10" PREVID="0" NEXTID="0" UPDATEDATE="2024-09-09" STARTDATE="2024-09-09" ENDDATE="2079-06-06" ISACTUAL="1" ISACTIVE="1" /><HOUSE ID="126739416" OBJECTID="165120314" OBJECTGUID="a8be94ec-2929-4294-bdad-d064df3ba057" CHANGEID="600743019" HOUSENUM="2а" HOUSETYPE="5" OPERTYPEID="10" PREVID="0" NEXTID="0" UPDATEDATE="2024-09-09" STARTDATE="2024-09-09" ENDDATE="2079-06-06" ISACTUAL="1" ISACTIVE="1" /><HOUSE ID="26784046" OBJECTID="44835019" OBJECTGUID="d8c0cad8-89de-4ab2-9818-db3542fedabd" CHANGEID="67574387" HOUSENUM="30А" HOUSETYPE="2" OPERTYPEID="10" PREVID="0" NEXTID="126739418" UPDATEDATE="2024-09-09" STARTDATE="1900-01-01" ENDDATE="2024-09-09" ISACTUAL="0" ISACTIVE="0" /><HOUSE ID="126739418" OBJECTID="44835019" OBJECTGUID="d8c0cad8-89de-4ab2-9818-db3542fedabd" CHANGEID="600743040" HOUSENUM="30А" HOUSETYPE="5" OPERTYPEID="20" PREVID="26784046" UPDATEDATE="2024-09-09" STARTDATE="2024-09-09" ENDDATE="2079-06-06" ISACTUAL="1" ISACTIVE="1" /><HOUSE ID="126739737" OBJECTID="41748805" OBJECTGUID="3f670293-2d0f-4988-9f62-1df42f1aef4b" CHANGEID="600744439" HOUSENUM="60" HOUSETYPE="2" OPERTYPEID="20" PREVID="126664452" UPDATEDATE="2024-09-09" STARTDATE="2024-09-09" ENDDATE="2079-06-06" ISACTUAL="1" ISACTIVE="1" /><HOUSE ID="33221467" OBJECTID="55566717" OBJECTGUID="c7098fc7-6f61-43b5-94c6-39c21a060c4a" CHANGEID="83117914" HOUSENUM="2" HOUSETYPE="3" OPERTYPEID="10" PREVID="0" NEXTID="126739754" UPDATEDATE="2024-09-09" STARTDATE="2017-12-26" ENDDATE="2024-09-09" ISACTUAL="0" ISACTIVE="0" /><HOUSE ID="126739754" OBJECTID="55566717" OBJECTGUID="c7098fc7-6f61-43b5-94c6-39c21a060c4a" CHANGEID="600744628" HOUSENUM="2" HOUSETYPE="2" OPERTYPEID="20" PREVID="33221467" UPDATEDATE="2024-09-09" STARTDATE="2024-09-09" ENDDATE="2079-06-06" ISACTUAL="1" ISACTIVE="1" /><HOUSE ID="126743659" OBJECTID="165137868" OBJECTGUID="490c71d4-c004-420b-a818-93a7227f7f67" CHANGEID="600771035" HOUSENUM="32" HOUSETYPE="2" OPERTYPEID="10" PREVID="0" NEXTID="0" UPDATEDATE="2024-09-09" STARTDATE="2024-09-09" ENDDATE="2079-06-06" ISACTUAL="1" ISACTIVE="1" /><HOUSE ID="126744344" OBJECTID="165139173" OBJECTGUID="5cc15098-6113-4f7c-b77a-b893551acbcd" CHANGEID="600772748" HOUSENUM="1" HOUSETYPE="5" OPERTYPEID="10" PREVID="0" NEXTID="0" UPDATEDATE="2024-09-09" STARTDATE="2024-09-09" ENDDATE="2079-06-06" ISACTUAL="1" ISACTIVE="1" /><HOUSE ID="126744383" OBJECTID="165139267" OBJECTGUID="01dc119b-5b3a-428a-8bd1-5ce7efdc4ef8" CHANGEID="600772910" HOUSENUM="69А" HOUSETYPE="2" OPERTYPEID="10" PREVID="0" NEXTID="0" UPDATEDATE="2024-09-09" STARTDATE="2024-09-09" ENDDATE="2079-06-06" ISACTUAL="1" ISACTIVE="1" /><HOUSE ID="61181154" OBJECTID="71987737" OBJECTGUID="8a57474c-c859-43fe-9313-93832a2541d0" CHANGEID="107202784" HOUSENUM="47" HOUSETYPE="3" OPERTYPEID="20" PREVID="43421970" NEXTID="126744785" UPDATEDATE="2024-09-09" STARTDATE="2014-01-04" ENDDATE="2024-09-09" ISACTUAL="0" ISACTIVE="0" /><HOUSE ID="126744785" OBJECTID="71987737" OBJECTGUID="8a57474c-c859-43fe-9313-93832a2541d0" CHANGEID="600775330" HOUSENUM="47" HOUSETYPE="2" OPERTYPEID="20" PREVID="61181154" UPDATEDATE="2024-09-09" STARTDATE="2024-09-09" ENDDATE="2079-06-06" ISACTUAL="1" ISACTIVE="1" /><HOUSE ID="126744774" OBJECTID="68712700" OBJECTGUID="e06d776e-32fe-45b2-8570-991c19c2d6d0" CHANGEID="600775156" HOUSENUM="14" HOUSETYPE="2" OPERTYPEID="20" PREVID="67278769" UPDATEDATE="2024-09-09" STARTDATE="2024-09-09" ENDDATE="2079-06-06" ISACTUAL="1" ISACTIVE="1" /><HOUSE ID="126745043" OBJECTID="165141503" OBJECTGUID="b15cfce2-ac72-4f61-880e-d2f83fc1b4fa" CHANGEID="600776638" HOUSENUM="7/3" HOUSETYPE="2" OPERTYPEID="10" PREVID="0" NEXTID="0" UPDATEDATE="2024-09-09" STARTDATE="2024-09-09" ENDDATE="2079-06-06" ISACTUAL="1" ISACTIVE="1" /><HOUSE ID="126745050" OBJECTID="165141542" OBJECTGUID="239f7313-9b29-448d-ac74-c636478870b4" CHANGEID="600776727" HOUSENUM="7/4" HOUSETYPE="2" OPERTYPEID="10" PREVID="0" NEXTID="0" UPDATEDATE="2024-09-09" STARTDATE="2024-09-09" ENDDATE="2079-06-06" ISACTUAL="1" ISACTIVE="1" /><HOUSE ID="126745054" OBJECTID="165141552" OBJECTGUID="a8363b99-21ae-4466-abbc-b0b2945b02bf" CHANGEID="600776759" HOUSENUM="7/5" HOUSETYPE="2" OPERTYPEID="10" PREVID="0" NEXTID="0" UPDATEDATE="2024-09-09" STARTDATE="2024-09-09" ENDDATE="2079-06-06" ISACTUAL="1" ISACTIVE="1" /><HOUSE ID="64323998" OBJECTID="34008806" OBJECTGUID="b6b1b9d8-a5f2-4b62-98cb-9e91a27f5f7d" CHANGEID="51798699" HOUSENUM="34" HOUSETYPE="3" OPERTYPEID="20" PREVID="20218735" NEXTID="126745019" UPDATEDATE="2024-09-09" STARTDATE="2014-01-04" ENDDATE="2024-09-09" ISACTUAL="0" ISACTIVE="0" /><HOUSE ID="126745019" OBJECTID="34008806" OBJECTGUID="b6b1b9d8-a5f2-4b62-98cb-9e91a27f5f7d" CHANGEID="600776546" HOUSENUM="34" HOUSETYPE="2" OPERTYPEID="20" PREVID="64323998" UPDATEDATE="2024-09-09" STARTDATE="2024-09-09" ENDDATE="2079-06-06" ISACTUAL="1" ISACTIVE="1" /><HOUSE ID="126745024" OBJECTID="165141466" OBJECTGUID="a9e61790-5ce2-4c89-b87f-46a1be43f59b" CHANGEID="600776553" HOUSENUM="7/1" HOUSETYPE="2" OPERTYPEID="10" PREVID="0" NEXTID="0" UPDATEDATE="2024-09-09" STARTDATE="2024-09-09" ENDDATE="2079-06-06" ISACTUAL="1" ISACTIVE="1" /><HOUSE ID="126745126" OBJECTID="165141570" OBJECTGUID="92f3579b-ba02-4b8d-a707-70a58ca1304a" CHANGEID="600776873" HOUSENUM="7/6" HOUSETYPE="2" OPERTYPEID="10" PREVID="0" NEXTID="0" UPDATEDATE="2024-09-09" STARTDATE="2024-09-09" ENDDATE="2079-06-06" ISACTUAL="1" ISACTIVE="1" /><HOUSE ID="126745131" OBJECTID="165141579" OBJECTGUID="c335c018-4a1b-4ab9-9866-fd0ce5998395" CHANGEID="600776897" HOUSENUM="7/7" HOUSETYPE="2" OPERTYPEID="10" PREVID="0" NEXTID="0" UPDATEDATE="2024-09-09" STARTDATE="2024-09-09" ENDDATE="2079-06-06" ISACTUAL="1" ISACTIVE="1" /><HOUSE ID="126745138" OBJECTID="165141616" OBJECTGUID="fdf6afcf-3594-4bea-ac3d-9ce5784d6875" CHANGEID="600776952" HOUSENUM="7/8" HOUSETYPE="2" OPERTYPEID="10" PREVID="0" NEXTID="0" UPDATEDATE="2024-09-09" STARTDATE="2024-09-09" ENDDATE="2079-06-06" ISACTUAL="1" ISACTIVE="1" /><HOUSE ID="126745146" OBJECTID="165141675" OBJECTGUID="5db1f977-ffb5-4b99-9909-41b9ead61d72" CHANGEID="600777021" HOUSENUM="7/9" HOUSETYPE="2" OPERTYPEID="10" PREVID="0" NEXTID="0" UPDATEDATE="2024-09-09" STARTDATE="2024-09-09" ENDDATE="2079-06-06" ISACTUAL="1" ISACTIVE="1" /><HOUSE ID="126745156" OBJECTID="165141711" OBJECTGUID="48c95b56-e8b3-4696-b1d1-4a58b2c1ee90" CHANGEID="600777076" HOUSENUM="7/10" HOUSETYPE="2" OPERTYPEID="10" PREVID="0" NEXTID="0" UPDATEDATE="2024-09-09" STARTDATE="2024-09-09" ENDDATE="2079-06-06" ISACTUAL="1" ISACTIVE="1" /><HOUSE ID="126745181" OBJECTID="165141784" OBJECTGUID="9284b42f-e298-4cc3-a847-b608822f8722" CHANGEID="600777204" HOUSENUM="9" HOUSETYPE="2" OPERTYPEID="10" PREVID="0" NEXTID="0" UPDATEDATE="2024-09-09" STARTDATE="2024-09-09" ENDDATE="2079-06-06" ISACTUAL="1" ISACTIVE="1" /><HOUSE ID="126745198" OBJECTID="165141837" OBJECTGUID="defe84b1-6ea6-4536-90ee-518545b09102" CHANGEID="600777283" HOUSENUM="3" HOUSETYPE="2" OPERTYPEID="10" PREVID="0" NEXTID="0" UPDATEDATE="2024-09-09" STARTDATE="2024-09-09" ENDDATE="2079-06-06" ISACTUAL="1" ISACTIVE="1" /><HOUSE ID="126745206" OBJECTID="165141880" OBJECTGUID="aaeb7d72-c6f0-4b36-8604-8404076e88fe" CHANGEID="600777342" HOUSENUM="6" HOUSETYPE="2" OPERTYPEID="10" PREVID="0" NEXTID="0" UPDATEDATE="2024-09-09" STARTDATE="2024-09-09" ENDDATE="2079-06-06" ISACTUAL="1" ISACTIVE="1" /><HOUSE ID="126745213" OBJECTID="165141893" OBJECTGUID="9bbe52aa-c09e-4f4b-8e16-be5257c4276c" CHANGEID="600777379" HOUSENUM="4" HOUSETYPE="2" OPERTYPEID="10" PREVID="0" NEXTID="0" UPDATEDATE="2024-09-09" STARTDATE="2024-09-09" ENDDATE="2079-06-06" ISACTUAL="1" ISACTIVE="1" /><HOUSE ID="126745220" OBJECTID="165141905" OBJECTGUID="60d09823-5323-4b4c-b541-60332d6c438f" CHANGEID="600777401" HOUSENUM="5" HOUSETYPE="2" OPERTYPEID="10" PREVID="0" NEXTID="0" UPDATEDATE="2024-09-09" STARTDATE="2024-09-09" ENDDATE="2079-06-06" ISACTUAL="1" ISACTIVE="1" /><HOUSE ID="126745227" OBJECTID="165141923" OBJECTGUID="38d2c415-a088-402b-942f-f06fa1845cfc" CHANGEID="600777429" HOUSENUM="9" HOUSETYPE="2" OPERTYPEID="10" PREVID="0" NEXTID="0" UPDATEDATE="2024-09-09" STARTDATE="2024-09-09" ENDDATE="2079-06-06" ISACTUAL="1" ISACTIVE="1" /><HOUSE ID="126745859" OBJECTID="165143919" OBJECTGUID="40d34966-83a5-493a-8f74-9d8c245de695" CHANGEID="600781262" HOUSENUM="3А" HOUSETYPE="5" OPERTYPEID="10" PREVID="0" NEXTID="0" UPDATEDATE="2024-09-09" STARTDATE="2024-09-09" ENDDATE="2079-06-06" ISACTUAL="1" ISACTIVE="1" /><HOUSE ID="126745886" OBJECTID="52926803" OBJECTGUID="e68104f4-7cd4-4cd3-a260-197716c892af" CHANGEID="600781416" HOUSENUM="19" HOUSETYPE="2" OPERTYPEID="20" PREVID="67708235" UPDATEDATE="2024-09-09" STARTDATE="2024-09-09" ENDDATE="2079-06-06" ISACTUAL="1" ISACTIVE="1" /><HOUSE ID="126745901" OBJECTID="165144093" OBJECTGUID="7ba9b9d2-027e-49cd-9389-fccb0cb30bbf" CHANGEID="600781499" HOUSENUM="43А" HOUSETYPE="2" OPERTYPEID="10" PREVID="0" NEXTID="0" UPDATEDATE="2024-09-09" STARTDATE="2024-09-09" ENDDATE="2079-06-06" ISACTUAL="1" ISACTIVE="1" /><HOUSE ID="126745921" OBJECTID="165144245" OBJECTGUID="1854b93c-b9c3-4ca8-9785-480aaa5a9f96" CHANGEID="600781693" HOUSENUM="7/2" HOUSETYPE="2" OPERTYPEID="10" PREVID="0" NEXTID="0" UPDATEDATE="2024-09-09" STARTDATE="2024-09-09" ENDDATE="2079-06-06" ISACTUAL="1" ISACTIVE="1" /><HOUSE ID="126745912" OBJECTID="165144216" OBJECTGUID="6f417f4e-e3cb-4447-87c4-91e4db3b6342" CHANGEID="600781647" HOUSENUM="8" HOUSETYPE="2" OPERTYPEID="10" PREVID="0" NEXTID="0" UPDATEDATE="2024-09-09" STARTDATE="2024-09-09" ENDDATE="2079-06-06" ISACTUAL="1" ISACTIVE="1" /><HOUSE ID="126746232" OBJECTID="165145346" OBJECTGUID="c10a6daa-f156-4529-8456-52cddbabbbbe" CHANGEID="600783455" HOUSENUM="8" HOUSETYPE="2" OPERTYPEID="10" PREVID="0" NEXTID="0" UPDATEDATE="2024-09-09" STARTDATE="2024-09-09" ENDDATE="2079-06-06" ISACTUAL="1" ISACTIVE="1" /><HOUSE ID="126746235" OBJECTID="165145644" OBJECTGUID="9f23b85c-6be3-4d18-afd9-31e76feb78cb" CHANGEID="600783763" HOUSENUM="15В" HOUSETYPE="5" OPERTYPEID="10" PREVID="0" NEXTID="0" UPDATEDATE="2024-09-09" STARTDATE="2024-09-09" ENDDATE="2079-06-06" ISACTUAL="1" ISACTIVE="1" /><HOUSE ID="126746391" OBJECTID="165146111" OBJECTGUID="ca81ed74-3443-4017-854d-5996ac142039" CHANGEID="600784427" HOUSENUM="10В" HOUSETYPE="5" OPERTYPEID="10" PREVID="0" NEXTID="0" UPDATEDATE="2024-09-09" STARTDATE="2024-09-09" ENDDATE="2079-06-06" ISACTUAL="1" ISACTIVE="1" /><HOUSE ID="126746400" OBJECTID="165146142" OBJECTGUID="37df9ca0-8ee6-449d-b8e4-64d3e09c2d36" CHANGEID="600784482" HOUSENUM="45" HOUSETYPE="2" OPERTYPEID="10" PREVID="0" NEXTID="0" UPDATEDATE="2024-09-09" STARTDATE="2024-09-09" ENDDATE="2079-06-06" ISACTUAL="1" ISACTIVE="1" /><HOUSE ID="126746395" OBJECTID="165146133" OBJECTGUID="ecb811b3-6003-463a-8309-3206fa8eef60" CHANGEID="600784458" HOUSENUM="30" ADDNUM1="1" HOUSETYPE="2" ADDTYPE1="2" OPERTYPEID="10" PREVID="0" NEXTID="0" UPDATEDATE="2024-09-09" STARTDATE="2024-09-09" ENDDATE="2079-06-06" ISACTUAL="1" ISACTIVE="1" /><HOUSE ID="57288043" OBJECTID="64270529" OBJECTGUID="53671eec-7035-4b2e-90e2-802a9e2f5a7c" CHANGEID="95886934" HOUSENUM="101" HOUSETYPE="3" OPERTYPEID="20" PREVID="38667261" NEXTID="126746661" UPDATEDATE="2024-09-09" STARTDATE="2014-09-22" ENDDATE="2024-09-09" ISACTUAL="0" ISACTIVE="0" /><HOUSE ID="126746661" OBJECTID="64270529" OBJECTGUID="53671eec-7035-4b2e-90e2-802a9e2f5a7c" CHANGEID="600786468" HOUSENUM="101" HOUSETYPE="2" OPERTYPEID="20" PREVID="57288043" UPDATEDATE="2024-09-09" STARTDATE="2024-09-09" ENDDATE="2079-06-06" ISACTUAL="1" ISACTIVE="1" /><HOUSE ID="126746721" OBJECTID="165147647" OBJECTGUID="b6f7329a-f418-496d-b195-2eb2b8a69c50" CHANGEID="600786852" HOUSENUM="6А" HOUSETYPE="2" OPERTYPEID="10" PREVID="0" NEXTID="0" UPDATEDATE="2024-09-09" STARTDATE="2024-09-09" ENDDATE="2079-06-06" ISACTUAL="1" ISACTIVE="1" /><HOUSE ID="53939156" OBJECTID="64230090" OBJECTGUID="241ed180-76fe-461f-a972-5ada7ffe7b22" CHANGEID="95828388" HOUSENUM="17" HOUSETYPE="3" OPERTYPEID="20" PREVID="38642823" NEXTID="126746735" UPDATEDATE="2024-09-09" STARTDATE="2015-10-15" ENDDATE="2024-09-09" ISACTUAL="0" ISACTIVE="0" /><HOUSE ID="126746735" OBJECTID="64230090" OBJECTGUID="241ed180-76fe-461f-a972-5ada7ffe7b22" CHANGEID="600786928" HOUSENUM="17" HOUSETYPE="2" OPERTYPEID="20" PREVID="53939156" UPDATEDATE="2024-09-09" STARTDATE="2024-09-09" ENDDATE="2079-06-06" ISACTUAL="1" ISACTIVE="1" /><HOUSE ID="5640231" OBJECTID="10693070" OBJECTGUID="025a2c98-93d9-48a7-bda7-574abd35029a" CHANGEID="17517127" HOUSENUM="45" HOUSETYPE="3" OPERTYPEID="10" PREVID="0" NEXTID="126746872" UPDATEDATE="2024-09-09" STARTDATE="1900-01-01" ENDDATE="2024-09-09" ISACTUAL="0" ISACTIVE="0" /><HOUSE ID="126746872" OBJECTID="10693070" OBJECTGUID="025a2c98-93d9-48a7-bda7-574abd35029a" CHANGEID="600787936" HOUSENUM="45" HOUSETYPE="2" OPERTYPEID="20" PREVID="5640231" UPDATEDATE="2024-09-09" STARTDATE="2024-09-09" ENDDATE="2079-06-06" ISACTUAL="1" ISACTIVE="1" /><HOUSE ID="126746918" OBJECTID="165148594" OBJECTGUID="44161864-a78a-4a02-9d19-6a566ce22b99" CHANGEID="600788343" HOUSENUM="17А" HOUSETYPE="5" OPERTYPEID="10" PREVID="0" NEXTID="0" UPDATEDATE="2024-09-09" STARTDATE="2024-09-09" ENDDATE="2079-06-06" ISACTUAL="1" ISACTIVE="1" /><HOUSE ID="126746919" OBJECTID="165148596" OBJECTGUID="428da10a-d42b-41e7-99bf-ae66b8e1fc72" CHANGEID="600788345" HOUSENUM="20Б" HOUSETYPE="2" OPERTYPEID="10" PREVID="0" NEXTID="0" UPDATEDATE="2024-09-09" STARTDATE="2024-09-09" ENDDATE="2079-06-06" ISACTUAL="1" ISACTIVE="1" /><HOUSE ID="126746931" OBJECTID="165148638" OBJECTGUID="e7b200a0-be24-4a85-82e3-e611f4dfa9ad" CHANGEID="600788425" HOUSENUM="49/3" HOUSETYPE="5" OPERTYPEID="10" PREVID="0" NEXTID="0" UPDATEDATE="2024-09-09" STARTDATE="2024-09-09" ENDDATE="2079-06-06" ISACTUAL="1" ISACTIVE="1" /><HOUSE ID="126746937" OBJECTID="52302752" OBJECTGUID="145407d5-199d-4c2a-9c25-763010b9144c" CHANGEID="600788455" HOUSENUM="7/12а" HOUSETYPE="5" OPERTYPEID="20" PREVID="126332782" UPDATEDATE="2024-09-09" STARTDATE="2024-09-09" ENDDATE="2079-06-06" ISACTUAL="1" ISACTIVE="1" /><HOUSE ID="126747145" OBJECTID="59750051" OBJECTGUID="1533ed71-4a08-4888-9af1-16f7a4060fd0" CHANGEID="600790038" HOUSENUM="20" HOUSETYPE="3" OPERTYPEID="30" PREVID="52882211" NEXTID="0" UPDATEDATE="2024-09-09" STARTDATE="2024-09-09" ENDDATE="2079-06-06" ISACTUAL="1" ISACTIVE="0" /><HOUSE ID="60291736" OBJECTID="25291488" OBJECTGUID="7dc7f9de-c9c2-4162-9d31-c47b6fce735f" CHANGEID="39143559" HOUSENUM="36" HOUSETYPE="3" OPERTYPEID="20" PREVID="14970175" NEXTID="126747211" UPDATEDATE="2024-09-09" STARTDATE="2014-01-10" ENDDATE="2024-09-09" ISACTUAL="0" ISACTIVE="0" /><HOUSE ID="126747211" OBJECTID="25291488" OBJECTGUID="7dc7f9de-c9c2-4162-9d31-c47b6fce735f" CHANGEID="600790338" HOUSENUM="36" HOUSETYPE="2" OPERTYPEID="20" PREVID="60291736" UPDATEDATE="2024-09-09" STARTDATE="2024-09-09" ENDDATE="2079-06-06" ISACTUAL="1" ISACTIVE="1" /><HOUSE ID="126749434" OBJECTID="26349484" OBJECTGUID="2ebe5a3f-fb82-41be-8953-15c6175955a3" CHANGEID="600813078" HOUSENUM="35" HOUSETYPE="2" OPERTYPEID="20" PREVID="54691682" UPDATEDATE="2024-09-10" STARTDATE="2024-09-10" ENDDATE="2079-06-06" ISACTUAL="1" ISACTIVE="1" /><HOUSE ID="26766481" OBJECTID="44810014" OBJECTGUID="104b7315-3bc3-4de4-82db-5b5acc04adf0" CHANGEID="67535834" HOUSENUM="21" HOUSETYPE="2" OPERTYPEID="10" PREVID="0" NEXTID="126749448" UPDATEDATE="2024-09-10" STARTDATE="1900-01-01" ENDDATE="2024-09-10" ISACTUAL="0" ISACTIVE="0" /><HOUSE ID="126749448" OBJECTID="44810014" OBJECTGUID="104b7315-3bc3-4de4-82db-5b5acc04adf0" CHANGEID="600813141" HOUSENUM="21" HOUSETYPE="5" OPERTYPEID="20" PREVID="26766481" UPDATEDATE="2024-09-10" STARTDATE="2024-09-10" ENDDATE="2079-06-06" ISACTUAL="1" ISACTIVE="1" /><HOUSE ID="126749452" OBJECTID="8516662" OBJECTGUID="a36a7c9e-6373-481c-90eb-9fe817897f99" CHANGEID="600813159" HOUSENUM="30" HOUSETYPE="2" OPERTYPEID="20" PREVID="62958804" UPDATEDATE="2024-09-10" STARTDATE="2024-09-10" ENDDATE="2079-06-06" ISACTUAL="1" ISACTIVE="1" /><HOUSE ID="126750396" OBJECTID="47365125" OBJECTGUID="cc67885b-f3fb-4845-9e77-74ded732958a" CHANGEID="600819805" HOUSENUM="1" HOUSETYPE="2" OPERTYPEID="20" PREVID="65862001" UPDATEDATE="2024-09-10" STARTDATE="2024-09-10" ENDDATE="2079-06-06" ISACTUAL="1" ISACTIVE="1" /><HOUSE ID="126750399" OBJECTID="29992758" OBJECTGUID="43c51914-e00a-4ab6-9c24-ac2c7b1ca865" CHANGEID="600819814" HOUSENUM="21" HOUSETYPE="2" OPERTYPEID="20" PREVID="56180847" UPDATEDATE="2024-09-10" STARTDATE="2024-09-10" ENDDATE="2079-06-06" ISACTUAL="1" ISACTIVE="1" /><HOUSE ID="126750400" OBJECTID="47368802" OBJECTGUID="5223e841-703e-47db-b10d-91a2c5d59ddd" CHANGEID="600819916" HOUSENUM="2" HOUSETYPE="2" OPERTYPEID="20" PREVID="57198621" UPDATEDATE="2024-09-10" STARTDATE="2024-09-10" ENDDATE="2079-06-06" ISACTUAL="1" ISACTIVE="1" /><HOUSE ID="126750402" OBJECTID="47366053" OBJECTGUID="92c77583-0f79-495f-a940-78b6eda30808" CHANGEID="600819940" HOUSENUM="3" HOUSETYPE="2" OPERTYPEID="20" PREVID="61779554" UPDATEDATE="2024-09-10" STARTDATE="2024-09-10" ENDDATE="2079-06-06" ISACTUAL="1" ISACTIVE="1" /><HOUSE ID="126750406" OBJECTID="47376121" OBJECTGUID="47bda4f2-1b6f-4f36-be2c-da2434f61124" CHANGEID="600819957" HOUSENUM="4" HOUSETYPE="2" OPERTYPEID="20" PREVID="56462233" UPDATEDATE="2024-09-10" STARTDATE="2024-09-10" ENDDATE="2079-06-06" ISACTUAL="1" ISACTIVE="1" /><HOUSE ID="55622176" OBJECTID="47357002" OBJECTGUID="3be08334-f456-45f5-8c95-203729840c40" CHANGEID="71234633" HOUSENUM="5" HOUSETYPE="3" OPERTYPEID="20" PREVID="28316596" NEXTID="126750412" UPDATEDATE="2024-09-10" STARTDATE="2014-01-04" ENDDATE="2024-09-10" ISACTUAL="0" ISACTIVE="0" /><HOUSE ID="126750412" OBJECTID="47357002" OBJECTGUID="3be08334-f456-45f5-8c95-203729840c40" CHANGEID="600820023" HOUSENUM="5" HOUSETYPE="2" OPERTYPEID="20" PREVID="55622176" UPDATEDATE="2024-09-10" STARTDATE="2024-09-10" ENDDATE="2079-06-06" ISACTUAL="1" ISACTIVE="1" /><HOUSE ID="56281005" OBJECTID="47355055" OBJECTGUID="452d0804-8e33-4fb9-9436-099e85848730" CHANGEID="71232244" HOUSENUM="8" HOUSETYPE="3" OPERTYPEID="20" PREVID="28315558" NEXTID="126750430" UPDATEDATE="2024-09-10" STARTDATE="2014-01-04" ENDDATE="2024-09-10" ISACTUAL="0" ISACTIVE="0" /><HOUSE ID="126750430" OBJECTID="47355055" OBJECTGUID="452d0804-8e33-4fb9-9436-099e85848730" CHANGEID="600820204" HOUSENUM="8" HOUSETYPE="2" OPERTYPEID="20" PREVID="56281005" UPDATEDATE="2024-09-10" STARTDATE="2024-09-10" ENDDATE="2079-06-06" ISACTUAL="1" ISACTIVE="1" /><HOUSE ID="69409989" OBJECTID="47373521" OBJECTGUID="fe8a9449-a69a-4b6f-a0de-a86947eee3b1" CHANGEID="71258926" HOUSENUM="9" HOUSETYPE="3" OPERTYPEID="20" PREVID="28327489" NEXTID="126750434" UPDATEDATE="2024-09-10" STARTDATE="2014-01-04" ENDDATE="2024-09-10" ISACTUAL="0" ISACTIVE="0" /><HOUSE ID="126750434" OBJECTID="47373521" OBJECTGUID="fe8a9449-a69a-4b6f-a0de-a86947eee3b1" CHANGEID="600820228" HOUSENUM="9" HOUSETYPE="2" OPERTYPEID="20" PREVID="69409989" UPDATEDATE="2024-09-10" STARTDATE="2024-09-10" ENDDATE="2079-06-06" ISACTUAL="1" ISACTIVE="1" /><HOUSE ID="126750439" OBJECTID="47358380" OBJECTGUID="2e69839c-e235-4e97-81d2-26adf06b58a3" CHANGEID="600820255" HOUSENUM="10" HOUSETYPE="2" OPERTYPEID="20" PREVID="54668542" UPDATEDATE="2024-09-10" STARTDATE="2024-09-10" ENDDATE="2079-06-06" ISACTUAL="1" ISACTIVE="1" /><HOUSE ID="68947009" OBJECTID="47364214" OBJECTGUID="f7ff7c64-3280-44f9-aa00-6685c5fae9c7" CHANGEID="71245250" HOUSENUM="11" HOUSETYPE="3" OPERTYPEID="20" PREVID="28321587" NEXTID="126750442" UPDATEDATE="2024-09-10" STARTDATE="2014-01-04" ENDDATE="2024-09-10" ISACTUAL="0" ISACTIVE="0" /><HOUSE ID="126750442" OBJECTID="47364214" OBJECTGUID="f7ff7c64-3280-44f9-aa00-6685c5fae9c7" CHANGEID="600820276" HOUSENUM="11" HOUSETYPE="2" OPERTYPEID="20" PREVID="68947009" UPDATEDATE="2024-09-10" STARTDATE="2024-09-10" ENDDATE="2079-06-06" ISACTUAL="1" ISACTIVE="1" /><HOUSE ID="66731615" OBJECTID="47367595" OBJECTGUID="d8b467f2-57ce-4f91-84d0-812f2ac69842" CHANGEID="71250325" HOUSENUM="13" HOUSETYPE="3" OPERTYPEID="20" PREVID="28323769" NEXTID="126750455" UPDATEDATE="2024-09-10" STARTDATE="2014-01-04" ENDDATE="2024-09-10" ISACTUAL="0" ISACTIVE="0" /><HOUSE ID="126750455" OBJECTID="47367595" OBJECTGUID="d8b467f2-57ce-4f91-84d0-812f2ac69842" CHANGEID="600820405" HOUSENUM="13" HOUSETYPE="2" OPERTYPEID="20" PREVID="66731615" UPDATEDATE="2024-09-10" STARTDATE="2024-09-10" ENDDATE="2079-06-06" ISACTUAL="1" ISACTIVE="1" /><HOUSE ID="126750417" OBJECTID="47364540" OBJECTGUID="ee94db1f-916f-4028-a0cd-6e48678ef289" CHANGEID="600820151" HOUSENUM="6" HOUSETYPE="2" OPERTYPEID="20" PREVID="68279784" UPDATEDATE="2024-09-10" STARTDATE="2024-09-10" ENDDATE="2079-06-06" ISACTUAL="1" ISACTIVE="1" /><HOUSE ID="126750424" OBJECTID="47363781" OBJECTGUID="29d2bab6-bda0-434d-ab1f-625612696efd" CHANGEID="600820172" HOUSENUM="7" HOUSETYPE="2" OPERTYPEID="20" PREVID="54343537" UPDATEDATE="2024-09-10" STARTDATE="2024-09-10" ENDDATE="2079-06-06" ISACTUAL="1" ISACTIVE="1" /><HOUSE ID="57648399" OBJECTID="47374825" OBJECTGUID="587d105c-790b-47d4-a6d3-d6568399f608" CHANGEID="71261826" HOUSENUM="12" HOUSETYPE="3" OPERTYPEID="20" PREVID="28328245" NEXTID="126750449" UPDATEDATE="2024-09-10" STARTDATE="2014-01-04" ENDDATE="2024-09-10" ISACTUAL="0" ISACTIVE="0" /><HOUSE ID="126750449" OBJECTID="47374825" OBJECTGUID="587d105c-790b-47d4-a6d3-d6568399f608" CHANGEID="600820348" HOUSENUM="12" HOUSETYPE="2" OPERTYPEID="20" PREVID="57648399" UPDATEDATE="2024-09-10" STARTDATE="2024-09-10" ENDDATE="2079-06-06" ISACTUAL="1" ISACTIVE="1" /><HOUSE ID="126750460" OBJECTID="47366982" OBJECTGUID="477a16ab-106e-46a7-963a-7e0d3d47cab1" CHANGEID="600820425" HOUSENUM="14" HOUSETYPE="2" OPERTYPEID="20" PREVID="56443244" UPDATEDATE="2024-09-10" STARTDATE="2024-09-10" ENDDATE="2079-06-06" ISACTUAL="1" ISACTIVE="1" /><HOUSE ID="63472356" OBJECTID="47373842" OBJECTGUID="aaac02f2-57fa-4e20-937a-c303ceff9090" CHANGEID="71259934" HOUSENUM="15" HOUSETYPE="3" OPERTYPEID="20" PREVID="28327689" NEXTID="126750465" UPDATEDATE="2024-09-10" STARTDATE="2014-01-04" ENDDATE="2024-09-10" ISACTUAL="0" ISACTIVE="0" /><HOUSE ID="126750465" OBJECTID="47373842" OBJECTGUID="aaac02f2-57fa-4e20-937a-c303ceff9090" CHANGEID="600820443" HOUSENUM="15" HOUSETYPE="2" OPERTYPEID="20" PREVID="63472356" UPDATEDATE="2024-09-10" STARTDATE="2024-09-10" ENDDATE="2079-06-06" ISACTUAL="1" ISACTIVE="1" /><HOUSE ID="59237570" OBJECTID="47378025" OBJECTGUID="6ee9499e-a5eb-4052-af57-e5a539b6ea3e" CHANGEID="71265467" HOUSENUM="25" HOUSETYPE="3" OPERTYPEID="20" PREVID="28330308" NEXTID="126750486" UPDATEDATE="2024-09-10" STARTDATE="2014-01-04" ENDDATE="2024-09-10" ISACTUAL="0" ISACTIVE="0" /><HOUSE ID="126750486" OBJECTID="47378025" OBJECTGUID="6ee9499e-a5eb-4052-af57-e5a539b6ea3e" CHANGEID="600820503" HOUSENUM="25" HOUSETYPE="2" OPERTYPEID="20" PREVID="59237570" UPDATEDATE="2024-09-10" STARTDATE="2024-09-10" ENDDATE="2079-06-06" ISACTUAL="1" ISACTIVE="1" /><HOUSE ID="61047087" OBJECTID="47372023" OBJECTGUID="8873bb36-c371-4450-8ae7-9c04d52ad03f" CHANGEID="71258522" HOUSENUM="27" HOUSETYPE="3" OPERTYPEID="20" PREVID="28326796" NEXTID="126750497" UPDATEDATE="2024-09-10" STARTDATE="2014-01-04" ENDDATE="2024-09-10" ISACTUAL="0" ISACTIVE="0" /><HOUSE ID="126750497" OBJECTID="47372023" OBJECTGUID="8873bb36-c371-4450-8ae7-9c04d52ad03f" CHANGEID="600820596" HOUSENUM="27" HOUSETYPE="2" OPERTYPEID="20" PREVID="61047087" UPDATEDATE="2024-09-10" STARTDATE="2024-09-10" ENDDATE="2079-06-06" ISACTUAL="1" ISACTIVE="1" /><HOUSE ID="61313282" OBJECTID="47363125" OBJECTGUID="8c330d6a-396d-42e3-8c23-3a09e3b58b1c" CHANGEID="71243426" HOUSENUM="33" HOUSETYPE="3" OPERTYPEID="20" PREVID="28320582" NEXTID="126750511" UPDATEDATE="2024-09-10" STARTDATE="2014-01-04" ENDDATE="2024-09-10" ISACTUAL="0" ISACTIVE="0" /><HOUSE ID="126750511" OBJECTID="47363125" OBJECTGUID="8c330d6a-396d-42e3-8c23-3a09e3b58b1c" CHANGEID="600820687" HOUSENUM="33" HOUSETYPE="2" OPERTYPEID="20" PREVID="61313282" UPDATEDATE="2024-09-10" STARTDATE="2024-09-10" ENDDATE="2079-06-06" ISACTUAL="1" ISACTIVE="1" /><HOUSE ID="126750500" OBJECTID="47357879" OBJECTGUID="3630b0ea-d79e-458a-a819-21456e753a25" CHANGEID="600820611" HOUSENUM="29" HOUSETYPE="2" OPERTYPEID="20" PREVID="55219169" UPDATEDATE="2024-09-10" STARTDATE="2024-09-10" ENDDATE="2079-06-06" ISACTUAL="1" ISACTIVE="1" /><HOUSE ID="66883915" OBJECTID="47362835" OBJECTGUID="dad9cd56-c301-4596-8303-2837b378a558" CHANGEID="71242970" HOUSENUM="31" HOUSETYPE="3" OPERTYPEID="20" PREVID="28320305" NEXTID="126750505" UPDATEDATE="2024-09-10" STARTDATE="2014-01-04" ENDDATE="2024-09-10" ISACTUAL="0" ISACTIVE="0" /><HOUSE ID="126750505" OBJECTID="47362835" OBJECTGUID="dad9cd56-c301-4596-8303-2837b378a558" CHANGEID="600820647" HOUSENUM="31" HOUSETYPE="2" OPERTYPEID="20" PREVID="66883915" UPDATEDATE="2024-09-10" STARTDATE="2024-09-10" ENDDATE="2079-06-06" ISACTUAL="1" ISACTIVE="1" /><HOUSE ID="126750517" OBJECTID="47363388" OBJECTGUID="2a120ce5-29f5-406a-a23a-508db7f0b580" CHANGEID="600820716" HOUSENUM="35" HOUSETYPE="2" OPERTYPEID="20" PREVID="54360912" UPDATEDATE="2024-09-10" STARTDATE="2024-09-10" ENDDATE="2079-06-06" ISACTUAL="1" ISACTIVE="1" /><HOUSE ID="126750775" OBJECTID="165167406" OBJECTGUID="e9d90d86-d6ad-4894-95dc-1b2df8e4ecac" CHANGEID="600822901" HOUSENUM="13А" HOUSETYPE="2" OPERTYPEID="10" PREVID="0" NEXTID="0" UPDATEDATE="2024-09-10" STARTDATE="2024-09-10" ENDDATE="2079-06-06" ISACTUAL="1" ISACTIVE="1" /><HOUSE ID="126750869" OBJECTID="39390114" OBJECTGUID="492c66d0-afcb-4e29-bf7c-96016b49869a" CHANGEID="600823290" HOUSENUM="1" HOUSETYPE="2" OPERTYPEID="20" PREVID="56563899" UPDATEDATE="2024-09-10" STARTDATE="2024-09-10" ENDDATE="2079-06-06" ISACTUAL="1" ISACTIVE="1" /><HOUSE ID="64199899" OBJECTID="39385485" OBJECTGUID="b4efff77-55ac-459e-8bb3-0b5db55dc5d5" CHANGEID="59676762" HOUSENUM="3" HOUSETYPE="3" OPERTYPEID="20" PREVID="23558379" NEXTID="126750878" UPDATEDATE="2024-09-10" STARTDATE="2014-01-04" ENDDATE="2024-09-10" ISACTUAL="0" ISACTIVE="0" /><HOUSE ID="126750878" OBJECTID="39385485" OBJECTGUID="b4efff77-55ac-459e-8bb3-0b5db55dc5d5" CHANGEID="600823337" HOUSENUM="3" HOUSETYPE="2" OPERTYPEID="20" PREVID="64199899" UPDATEDATE="2024-09-10" STARTDATE="2024-09-10" ENDDATE="2079-06-06" ISACTUAL="1" ISACTIVE="1" /><HOUSE ID="62838333" OBJECTID="39386242" OBJECTGUID="a1b61a82-b1ac-465f-9602-1ef6f389c62a" CHANGEID="59677878" HOUSENUM="4" HOUSETYPE="3" OPERTYPEID="20" PREVID="23558807" NEXTID="126750881" UPDATEDATE="2024-09-10" STARTDATE="2014-01-04" ENDDATE="2024-09-10" ISACTUAL="0" ISACTIVE="0" /><HOUSE ID="126750881" OBJECTID="39386242" OBJECTGUID="a1b61a82-b1ac-465f-9602-1ef6f389c62a" CHANGEID="600823356" HOUSENUM="4" HOUSETYPE="2" OPERTYPEID="20" PREVID="62838333" UPDATEDATE="2024-09-10" STARTDATE="2024-09-10" ENDDATE="2079-06-06" ISACTUAL="1" ISACTIVE="1" /><HOUSE ID="126750875" OBJECTID="39388210" OBJECTGUID="c705ed31-8363-454a-b203-4518aac7d15d" CHANGEID="600823317" HOUSENUM="2" HOUSETYPE="2" OPERTYPEID="20" PREVID="65481199" UPDATEDATE="2024-09-10" STARTDATE="2024-09-10" ENDDATE="2079-06-06" ISACTUAL="1" ISACTIVE="1" /><HOUSE ID="126750885" OBJECTID="39391216" OBJECTGUID="604d97d1-2520-44c1-a4bf-a80f5d88f205" CHANGEID="600823388" HOUSENUM="5" HOUSETYPE="2" OPERTYPEID="20" PREVID="58203090" UPDATEDATE="2024-09-10" STARTDATE="2024-09-10" ENDDATE="2079-06-06" ISACTUAL="1" ISACTIVE="1" /><HOUSE ID="126750886" OBJECTID="39389523" OBJECTGUID="2bb238bb-ec8a-48aa-9f18-6d2478b820e0" CHANGEID="600823406" HOUSENUM="8" HOUSETYPE="2" OPERTYPEID="20" PREVID="54476715" UPDATEDATE="2024-09-10" STARTDATE="2024-09-10" ENDDATE="2079-06-06" ISACTUAL="1" ISACTIVE="1" /><HOUSE ID="126750888" OBJECTID="39387165" OBJECTGUID="9df35bbd-4b77-4f7e-a17c-216d6048650b" CHANGEID="600823506" HOUSENUM="9" HOUSETYPE="2" OPERTYPEID="20" PREVID="62571334" UPDATEDATE="2024-09-10" STARTDATE="2024-09-10" ENDDATE="2079-06-06" ISACTUAL="1" ISACTIVE="1" /><HOUSE ID="126750891" OBJECTID="39393110" OBJECTGUID="e7993caf-4d5f-4053-9316-ff6e84543b8d" CHANGEID="600823528" HOUSENUM="10" HOUSETYPE="2" OPERTYPEID="20" PREVID="67785165" UPDATEDATE="2024-09-10" STARTDATE="2024-09-10" ENDDATE="2079-06-06" ISACTUAL="1" ISACTIVE="1" /><HOUSE ID="126750893" OBJECTID="39391522" OBJECTGUID="4ce24363-5dca-452a-beb6-b498ef553eb5" CHANGEID="600823608" HOUSENUM="11" HOUSETYPE="2" OPERTYPEID="20" PREVID="56826603" UPDATEDATE="2024-09-10" STARTDATE="2024-09-10" ENDDATE="2079-06-06" ISACTUAL="1" ISACTIVE="1" /><HOUSE ID="51996886" OBJECTID="39392412" OBJECTGUID="08b066cf-6afe-4385-bc16-eaa270c149ec" CHANGEID="59687061" HOUSENUM="12" HOUSETYPE="3" OPERTYPEID="20" PREVID="23562744" NEXTID="126750897" UPDATEDATE="2024-09-10" STARTDATE="2014-01-04" ENDDATE="2024-09-10" ISACTUAL="0" ISACTIVE="0" /><HOUSE ID="126750897" OBJECTID="39392412" OBJECTGUID="08b066cf-6afe-4385-bc16-eaa270c149ec" CHANGEID="600823628" HOUSENUM="12" HOUSETYPE="2" OPERTYPEID="20" PREVID="51996886" UPDATEDATE="2024-09-10" STARTDATE="2024-09-10" ENDDATE="2079-06-06" ISACTUAL="1" ISACTIVE="1" /><HOUSE ID="53162546" OBJECTID="39387445" OBJECTGUID="1926666f-205d-47b8-95ac-36517d517827" CHANGEID="59679712" HOUSENUM="13" HOUSETYPE="3" OPERTYPEID="20" PREVID="23559503" NEXTID="126750902" UPDATEDATE="2024-09-10" STARTDATE="2014-01-04" ENDDATE="2024-09-10" ISACTUAL="0" ISACTIVE="0" /><HOUSE ID="126750902" OBJECTID="39387445" OBJECTGUID="1926666f-205d-47b8-95ac-36517d517827" CHANGEID="600823663" HOUSENUM="13" HOUSETYPE="2" OPERTYPEID="20" PREVID="53162546" UPDATEDATE="2024-09-10" STARTDATE="2024-09-10" ENDDATE="2079-06-06" ISACTUAL="1" ISACTIVE="1" /><HOUSE ID="55806093" OBJECTID="39389095" OBJECTGUID="3e76bee8-f23d-4239-8255-4c8020e6a45c" CHANGEID="59681862" HOUSENUM="14" HOUSETYPE="3" OPERTYPEID="20" PREVID="23560497" NEXTID="126750905" UPDATEDATE="2024-09-10" STARTDATE="2014-01-04" ENDDATE="2024-09-10" ISACTUAL="0" ISACTIVE="0" /><HOUSE ID="126750905" OBJECTID="39389095" OBJECTGUID="3e76bee8-f23d-4239-8255-4c8020e6a45c" CHANGEID="600823684" HOUSENUM="14" HOUSETYPE="2" OPERTYPEID="20" PREVID="55806093" UPDATEDATE="2024-09-10" STARTDATE="2024-09-10" ENDDATE="2079-06-06" ISACTUAL="1" ISACTIVE="1" /><HOUSE ID="126750911" OBJECTID="39392103" OBJECTGUID="53bad26b-9dfc-4f78-b4b8-d69ffb11c6c6" CHANGEID="600823720" HOUSENUM="16" HOUSETYPE="2" OPERTYPEID="20" PREVID="57312166" UPDATEDATE="2024-09-10" STARTDATE="2024-09-10" ENDDATE="2079-06-06" ISACTUAL="1" ISACTIVE="1" /><HOUSE ID="126751094" OBJECTID="165169133" OBJECTGUID="8f6ed0be-6956-413a-99db-b1efcd16883c" CHANGEID="600825259" HOUSENUM="14" HOUSETYPE="2" OPERTYPEID="10" PREVID="0" NEXTID="0" UPDATEDATE="2024-09-10" STARTDATE="2024-09-10" ENDDATE="2079-06-06" ISACTUAL="1" ISACTIVE="1" /><HOUSE ID="126751138" OBJECTID="165169312" OBJECTGUID="6f40e3f7-d609-42ad-9c2d-666bb1750e6c" CHANGEID="600825493" HOUSENUM="32" ADDNUM1="1" HOUSETYPE="2" ADDTYPE1="2" OPERTYPEID="10" PREVID="0" NEXTID="0" UPDATEDATE="2024-09-10" STARTDATE="2024-09-10" ENDDATE="2079-06-06" ISACTUAL="1" ISACTIVE="1" /><HOUSE ID="126751192" OBJECTID="165169379" OBJECTGUID="e700f6eb-f4ea-4470-98d5-b7b7a3169cdd" CHANGEID="600825577" HOUSENUM="32" ADDNUM1="2" HOUSETYPE="2" ADDTYPE1="2" OPERTYPEID="10" PREVID="0" NEXTID="0" UPDATEDATE="2024-09-10" STARTDATE="2024-09-10" ENDDATE="2079-06-06" ISACTUAL="1" ISACTIVE="1" /><HOUSE ID="126751201" OBJECTID="165169400" OBJECTGUID="cb0b72dd-1b14-43f4-85ce-2e6fc387f7d4" CHANGEID="600825605" HOUSENUM="32" ADDNUM1="3" HOUSETYPE="2" ADDTYPE1="2" OPERTYPEID="10" PREVID="0" NEXTID="0" UPDATEDATE="2024-09-10" STARTDATE="2024-09-10" ENDDATE="2079-06-06" ISACTUAL="1" ISACTIVE="1" /><HOUSE ID="126752639" OBJECTID="47850700" OBJECTGUID="48a85ea4-1500-4add-a76f-29b044574bca" CHANGEID="600834200" HOUSENUM="27" HOUSETYPE="3" OPERTYPEID="30" PREVID="28602043" NEXTID="0" UPDATEDATE="2024-09-10" STARTDATE="2024-09-10" ENDDATE="2079-06-06" ISACTUAL="1" ISACTIVE="0" /><HOUSE ID="28602043" OBJECTID="47850700" OBJECTGUID="48a85ea4-1500-4add-a76f-29b044574bca" CHANGEID="71939527" HOUSENUM="27" HOUSETYPE="3" OPERTYPEID="10" PREVID="0" NEXTID="126752639" UPDATEDATE="2024-09-10" STARTDATE="1900-01-01" ENDDATE="2024-09-10" ISACTUAL="0" ISACTIVE="0" /><HOUSE ID="126752679" OBJECTID="165174870" OBJECTGUID="f3f38abd-6bcd-4ccc-9e8e-863dc012d80b" CHANGEID="600834514" HOUSENUM="35" HOUSETYPE="2" OPERTYPEID="10" PREVID="0" NEXTID="0" UPDATEDATE="2024-09-10" STARTDATE="2024-09-10" ENDDATE="2079-06-06" ISACTUAL="1" ISACTIVE="1" /><HOUSE ID="126753061" OBJECTID="47824495" OBJECTGUID="2de6c7b8-96f0-4549-aba4-70e84e36d49d" CHANGEID="600836952" HOUSENUM="1" HOUSETYPE="2" OPERTYPEID="20" PREVID="54633224" UPDATEDATE="2024-09-10" STARTDATE="2024-09-10" ENDDATE="2079-06-06" ISACTUAL="1" ISACTIVE="1" /><HOUSE ID="67706767" OBJECTID="47847902" OBJECTGUID="e67c2e91-bca8-4530-b4ec-c17e8a8e7313" CHANGEID="71936278" HOUSENUM="2" HOUSETYPE="3" OPERTYPEID="20" PREVID="28600358" NEXTID="126753066" UPDATEDATE="2024-09-10" STARTDATE="2014-01-04" ENDDATE="2024-09-10" ISACTUAL="0" ISACTIVE="0" /><HOUSE ID="126753066" OBJECTID="47847902" OBJECTGUID="e67c2e91-bca8-4530-b4ec-c17e8a8e7313" CHANGEID="600836982" HOUSENUM="2" HOUSETYPE="5" OPERTYPEID="20" PREVID="67706767" UPDATEDATE="2024-09-10" STARTDATE="2024-09-10" ENDDATE="2079-06-06" ISACTUAL="1" ISACTIVE="1" /><HOUSE ID="68703616" OBJECTID="47823906" OBJECTGUID="f4914a5a-e8d0-42ab-9c8a-4e3fe4d7b734" CHANGEID="71902602" HOUSENUM="3" HOUSETYPE="3" OPERTYPEID="20" PREVID="28587943" NEXTID="126753069" UPDATEDATE="2024-09-10" STARTDATE="2014-01-04" ENDDATE="2024-09-10" ISACTUAL="0" ISACTIVE="0" /><HOUSE ID="126753069" OBJECTID="47823906" OBJECTGUID="f4914a5a-e8d0-42ab-9c8a-4e3fe4d7b734" CHANGEID="600837019" HOUSENUM="3" HOUSETYPE="2" OPERTYPEID="20" PREVID="68703616" UPDATEDATE="2024-09-10" STARTDATE="2024-09-10" ENDDATE="2079-06-06" ISACTUAL="1" ISACTIVE="1" /><HOUSE ID="126753084" OBJECTID="47818896" OBJECTGUID="3ea0cedf-3773-476b-a24c-2722be032a65" CHANGEID="600837159" HOUSENUM="4" HOUSETYPE="2" OPERTYPEID="20" PREVID="55816860" UPDATEDATE="2024-09-10" STARTDATE="2024-09-10" ENDDATE="2079-06-06" ISACTUAL="1" ISACTIVE="1" /><HOUSE ID="126753090" OBJECTID="47816273" OBJECTGUID="a131330e-af15-4d1b-9482-1194fdd96ef4" CHANGEID="600837202" HOUSENUM="6" HOUSETYPE="2" OPERTYPEID="20" PREVID="62801936" UPDATEDATE="2024-09-10" STARTDATE="2024-09-10" ENDDATE="2079-06-06" ISACTUAL="1" ISACTIVE="1" /><HOUSE ID="126753106" OBJECTID="47848648" OBJECTGUID="60123602-b7ea-4e88-9ab4-c3e8ce778881" CHANGEID="600837287" HOUSENUM="9" HOUSETYPE="2" OPERTYPEID="20" PREVID="58186193" UPDATEDATE="2024-09-10" STARTDATE="2024-09-10" ENDDATE="2079-06-06" ISACTUAL="1" ISACTIVE="1" /><HOUSE ID="126753112" OBJECTID="47825416" OBJECTGUID="58718a17-042c-4da3-bd2f-7f992022fa4e" CHANGEID="600837327" HOUSENUM="11" HOUSETYPE="2" OPERTYPEID="20" PREVID="57645787" UPDATEDATE="2024-09-10" STARTDATE="2024-09-10" ENDDATE="2079-06-06" ISACTUAL="1" ISACTIVE="1" /><HOUSE ID="126753085" OBJECTID="47819362" OBJECTGUID="a935c922-0443-4b38-82c2-314416ce748e" CHANGEID="600837177" HOUSENUM="5" HOUSETYPE="2" OPERTYPEID="20" PREVID="63368872" UPDATEDATE="2024-09-10" STARTDATE="2024-09-10" ENDDATE="2079-06-06" ISACTUAL="1" ISACTIVE="1" /><HOUSE ID="126753095" OBJECTID="47823612" OBJECTGUID="2790f7bf-2386-4b60-bbe2-4651139cab0e" CHANGEID="600837226" HOUSENUM="7" HOUSETYPE="2" OPERTYPEID="20" PREVID="54182768" UPDATEDATE="2024-09-10" STARTDATE="2024-09-10" ENDDATE="2079-06-06" ISACTUAL="1" ISACTIVE="1" /><HOUSE ID="54426182" OBJECTID="47849728" OBJECTGUID="2affdfbc-ba73-45ad-8017-efb7156caabf" CHANGEID="71939104" HOUSENUM="8" HOUSETYPE="3" OPERTYPEID="20" PREVID="28601377" NEXTID="126753100" UPDATEDATE="2024-09-10" STARTDATE="2014-01-04" ENDDATE="2024-09-10" ISACTUAL="0" ISACTIVE="0" /><HOUSE ID="126753100" OBJECTID="47849728" OBJECTGUID="2affdfbc-ba73-45ad-8017-efb7156caabf" CHANGEID="600837253" HOUSENUM="8" HOUSETYPE="2" OPERTYPEID="20" PREVID="54426182" UPDATEDATE="2024-09-10" STARTDATE="2024-09-10" ENDDATE="2079-06-06" ISACTUAL="1" ISACTIVE="1" /><HOUSE ID="51658964" OBJECTID="47815393" OBJECTGUID="03eec861-19d8-48db-9514-0787b8a9600b" CHANGEID="71890875" HOUSENUM="12" HOUSETYPE="3" OPERTYPEID="20" PREVID="28582640" NEXTID="126753117" UPDATEDATE="2024-09-10" STARTDATE="2014-01-04" ENDDATE="2024-09-10" ISACTUAL="0" ISACTIVE="0" /><HOUSE ID="126753117" OBJECTID="47815393" OBJECTGUID="03eec861-19d8-48db-9514-0787b8a9600b" CHANGEID="600837346" HOUSENUM="12" HOUSETYPE="2" OPERTYPEID="20" PREVID="51658964" UPDATEDATE="2024-09-10" STARTDATE="2024-09-10" ENDDATE="2079-06-06" ISACTUAL="1" ISACTIVE="1" /><HOUSE ID="57042887" OBJECTID="47843246" OBJECTGUID="4ff12285-6da4-4505-b666-a5a6efeb9543" CHANGEID="71931019" HOUSENUM="13" HOUSETYPE="3" OPERTYPEID="20" PREVID="28598365" NEXTID="126753280" UPDATEDATE="2024-09-10" STARTDATE="2014-01-04" ENDDATE="2024-09-10" ISACTUAL="0" ISACTIVE="0" /><HOUSE ID="126753280" OBJECTID="47843246" OBJECTGUID="4ff12285-6da4-4505-b666-a5a6efeb9543" CHANGEID="600838933" HOUSENUM="13" HOUSETYPE="2" OPERTYPEID="20" PREVID="57042887" UPDATEDATE="2024-09-10" STARTDATE="2024-09-10" ENDDATE="2079-06-06" ISACTUAL="1" ISACTIVE="1" /><HOUSE ID="126753284" OBJECTID="47845128" OBJECTGUID="36e11277-1e4a-43aa-805f-b019591d3ef2" CHANGEID="600838956" HOUSENUM="14" HOUSETYPE="2" OPERTYPEID="20" PREVID="55268773" UPDATEDATE="2024-09-10" STARTDATE="2024-09-10" ENDDATE="2079-06-06" ISACTUAL="1" ISACTIVE="1" /><HOUSE ID="66714812" OBJECTID="47826986" OBJECTGUID="d875093f-39b3-4fa4-addd-8c7c0e57ff32" CHANGEID="71907399" HOUSENUM="15" HOUSETYPE="3" OPERTYPEID="20" PREVID="28589826" NEXTID="126753297" UPDATEDATE="2024-09-10" STARTDATE="2014-01-04" ENDDATE="2024-09-10" ISACTUAL="0" ISACTIVE="0" /><HOUSE ID="126753297" OBJECTID="47826986" OBJECTGUID="d875093f-39b3-4fa4-addd-8c7c0e57ff32" CHANGEID="600839035" HOUSENUM="15" HOUSETYPE="2" OPERTYPEID="20" PREVID="66714812" UPDATEDATE="2024-09-10" STARTDATE="2024-09-10" ENDDATE="2079-06-06" ISACTUAL="1" ISACTIVE="1" /><HOUSE ID="68828023" OBJECTID="47823038" OBJECTGUID="f6553493-55d7-485e-a611-408d497cf0f2" CHANGEID="71901093" HOUSENUM="17" HOUSETYPE="3" OPERTYPEID="20" PREVID="28587222" NEXTID="126753301" UPDATEDATE="2024-09-10" STARTDATE="2014-01-04" ENDDATE="2024-09-10" ISACTUAL="0" ISACTIVE="0" /><HOUSE ID="126753301" OBJECTID="47823038" OBJECTGUID="f6553493-55d7-485e-a611-408d497cf0f2" CHANGEID="600839052" HOUSENUM="17" HOUSETYPE="2" OPERTYPEID="20" PREVID="68828023" UPDATEDATE="2024-09-10" STARTDATE="2024-09-10" ENDDATE="2079-06-06" ISACTUAL="1" ISACTIVE="1" /><HOUSE ID="126753276" OBJECTID="165178044" OBJECTGUID="cd018575-3256-4756-bc7e-6e48c75a0b1e" CHANGEID="600838909" HOUSENUM="9" ADDNUM1="1" HOUSETYPE="2" ADDTYPE1="2" OPERTYPEID="10" PREVID="0" NEXTID="0" UPDATEDATE="2024-09-10" STARTDATE="2024-09-10" ENDDATE="2079-06-06" ISACTUAL="1" ISACTIVE="1" /><HOUSE ID="126753288" OBJECTID="165178095" OBJECTGUID="a2f37a61-a79e-45d1-8293-25cc43099ed4" CHANGEID="600838986" HOUSENUM="14" HOUSETYPE="2" OPERTYPEID="10" PREVID="0" NEXTID="0" UPDATEDATE="2024-09-10" STARTDATE="2024-09-10" ENDDATE="2079-06-06" ISACTUAL="1" ISACTIVE="1" /><HOUSE ID="126753325" OBJECTID="165178277" OBJECTGUID="4e30e776-dbd9-4678-b249-33a5b6f5f045" CHANGEID="600839284" HOUSENUM="54" HOUSETYPE="2" OPERTYPEID="10" PREVID="0" NEXTID="0" UPDATEDATE="2024-09-10" STARTDATE="2024-09-10" ENDDATE="2079-06-06" ISACTUAL="1" ISACTIVE="1" /><HOUSE ID="126753327" OBJECTID="47849193" OBJECTGUID="bf6e699c-4a90-4a63-bca7-d418c5c5fb7e" CHANGEID="600839295" HOUSENUM="21" HOUSETYPE="2" OPERTYPEID="20" PREVID="64942799" UPDATEDATE="2024-09-10" STARTDATE="2024-09-10" ENDDATE="2079-06-06" ISACTUAL="1" ISACTIVE="1" /><HOUSE ID="126753329" OBJECTID="165178290" OBJECTGUID="db2921fe-f858-4ae9-8cf1-37bf4ca8ddfb" CHANGEID="600839307" HOUSENUM="32" HOUSETYPE="2" OPERTYPEID="10" PREVID="0" NEXTID="0" UPDATEDATE="2024-09-10" STARTDATE="2024-09-10" ENDDATE="2079-06-06" ISACTUAL="1" ISACTIVE="1" /><HOUSE ID="55281992" OBJECTID="47819775" OBJECTGUID="3712701f-6384-4ae5-be3a-3f25a4278df0" CHANGEID="71896571" HOUSENUM="23" HOUSETYPE="3" OPERTYPEID="20" PREVID="28585172" NEXTID="126753332" UPDATEDATE="2024-09-10" STARTDATE="2014-01-04" ENDDATE="2024-09-10" ISACTUAL="0" ISACTIVE="0" /><HOUSE ID="126753332" OBJECTID="47819775" OBJECTGUID="3712701f-6384-4ae5-be3a-3f25a4278df0" CHANGEID="600839326" HOUSENUM="23" HOUSETYPE="2" OPERTYPEID="20" PREVID="55281992" UPDATEDATE="2024-09-10" STARTDATE="2024-09-10" ENDDATE="2079-06-06" ISACTUAL="1" ISACTIVE="1" /><HOUSE ID="698979" OBJECTID="2632052" OBJECTGUID="9dd3ef42-7755-4975-8f36-8dbd2096aad3" CHANGEID="5764915" HOUSENUM="73А" HOUSETYPE="3" OPERTYPEID="10" PREVID="0" NEXTID="126753593" UPDATEDATE="2024-09-10" STARTDATE="2018-04-23" ENDDATE="2024-09-10" ISACTUAL="0" ISACTIVE="0" /><HOUSE ID="126753593" OBJECTID="2632052" OBJECTGUID="9dd3ef42-7755-4975-8f36-8dbd2096aad3" CHANGEID="600840873" HOUSENUM="73А" HOUSETYPE="2" OPERTYPEID="20" PREVID="698979" UPDATEDATE="2024-09-10" STARTDATE="2024-09-10" ENDDATE="2079-06-06" ISACTUAL="1" ISACTIVE="1" /><HOUSE ID="53269247" OBJECTID="36306231" OBJECTGUID="1aa7a661-9aa0-40ec-9da0-95aa39685389" CHANGEID="55115589" HOUSENUM="83" HOUSETYPE="2" OPERTYPEID="20" PREVID="21593499" NEXTID="126753604" UPDATEDATE="2024-09-10" STARTDATE="2014-01-04" ENDDATE="2024-09-10" ISACTUAL="0" ISACTIVE="0" /><HOUSE ID="126753604" OBJECTID="36306231" OBJECTGUID="1aa7a661-9aa0-40ec-9da0-95aa39685389" CHANGEID="600841046" HOUSENUM="83" HOUSETYPE="5" OPERTYPEID="20" PREVID="53269247" UPDATEDATE="2024-09-10" STARTDATE="2024-09-10" ENDDATE="2079-06-06" ISACTUAL="1" ISACTIVE="1" /><HOUSE ID="126753661" OBJECTID="47816596" OBJECTGUID="f17704c9-8dde-473a-8b1d-1e5c26764520" CHANGEID="600841390" HOUSENUM="25" HOUSETYPE="2" OPERTYPEID="20" PREVID="68485567" UPDATEDATE="2024-09-10" STARTDATE="2024-09-10" ENDDATE="2079-06-06" ISACTUAL="1" ISACTIVE="1" /><HOUSE ID="54241723" OBJECTID="47837557" OBJECTGUID="2863d0dc-6a01-467b-8a04-8ee4e4e87301" CHANGEID="71922563" HOUSENUM="19" HOUSETYPE="3" OPERTYPEID="20" PREVID="28596195" NEXTID="126753655" UPDATEDATE="2024-09-10" STARTDATE="2014-01-04" ENDDATE="2024-09-10" ISACTUAL="0" ISACTIVE="0" /><HOUSE ID="126753655" OBJECTID="47837557" OBJECTGUID="2863d0dc-6a01-467b-8a04-8ee4e4e87301" CHANGEID="600841366" HOUSENUM="19" HOUSETYPE="2" OPERTYPEID="20" PREVID="54241723" UPDATEDATE="2024-09-10" STARTDATE="2024-09-10" ENDDATE="2079-06-06" ISACTUAL="1" ISACTIVE="1" /><HOUSE ID="126753730" OBJECTID="165179624" OBJECTGUID="bf0607a2-3e9f-42f0-9225-cf118736adcd" CHANGEID="600841860" HOUSENUM="59" HOUSETYPE="2" OPERTYPEID="10" PREVID="0" NEXTID="0" UPDATEDATE="2024-09-10" STARTDATE="2024-09-10" ENDDATE="2079-06-06" ISACTUAL="1" ISACTIVE="1" /><HOUSE ID="126754263" OBJECTID="165181568" OBJECTGUID="2b2615c0-27b7-4063-97e7-b2e208f1d4f8" CHANGEID="600845385" HOUSENUM="63" HOUSETYPE="5" OPERTYPEID="10" PREVID="0" NEXTID="0" UPDATEDATE="2024-09-10" STARTDATE="2024-09-10" ENDDATE="2079-06-06" ISACTUAL="1" ISACTIVE="1" /><HOUSE ID="126754269" OBJECTID="165181596" OBJECTGUID="5b179507-bf36-4a73-83a6-172022a45f4b" CHANGEID="600845421" HOUSENUM="10" HOUSETYPE="5" OPERTYPEID="10" PREVID="0" NEXTID="0" UPDATEDATE="2024-09-10" STARTDATE="2024-09-10" ENDDATE="2079-06-06" ISACTUAL="1" ISACTIVE="1" /><HOUSE ID="52787274" OBJECTID="58877053" OBJECTGUID="13daa622-4c10-475e-8178-59c2e91c1a6a" CHANGEID="87987928" HOUSENUM="1" HOUSETYPE="3" OPERTYPEID="20" PREVID="35277977" NEXTID="126754278" UPDATEDATE="2024-09-10" STARTDATE="2014-01-04" ENDDATE="2024-09-10" ISACTUAL="0" ISACTIVE="0" /><HOUSE ID="126754278" OBJECTID="58877053" OBJECTGUID="13daa622-4c10-475e-8178-59c2e91c1a6a" CHANGEID="600845560" HOUSENUM="1" HOUSETYPE="2" OPERTYPEID="20" PREVID="52787274" UPDATEDATE="2024-09-10" STARTDATE="2024-09-10" ENDDATE="2079-06-06" ISACTUAL="1" ISACTIVE="1" /><HOUSE ID="126755448" OBJECTID="165188954" OBJECTGUID="2b2f3b03-0070-4104-aaa4-c0735ef4e7bb" CHANGEID="600881137" HOUSENUM="15" HOUSETYPE="2" OPERTYPEID="10" PREVID="0" NEXTID="0" UPDATEDATE="2024-09-11" STARTDATE="2024-09-11" ENDDATE="2079-06-06" ISACTUAL="1" ISACTIVE="1" /><HOUSE ID="126755666" OBJECTID="165189679" OBJECTGUID="73efd16b-a97f-4e8d-b62a-302231118a4c" CHANGEID="600882382" HOUSENUM="18" HOUSETYPE="2" OPERTYPEID="10" PREVID="0" NEXTID="0" UPDATEDATE="2024-09-11" STARTDATE="2024-09-11" ENDDATE="2079-06-06" ISACTUAL="1" ISACTIVE="1" /><HOUSE ID="126755678" OBJECTID="165189700" OBJECTGUID="a6976d6f-9ca6-4ca2-b437-bf1bae847389" CHANGEID="600882416" HOUSENUM="4Б" HOUSETYPE="2" OPERTYPEID="10" PREVID="0" NEXTID="0" UPDATEDATE="2024-09-11" STARTDATE="2024-09-11" ENDDATE="2079-06-06" ISACTUAL="1" ISACTIVE="1" /><HOUSE ID="126758638" OBJECTID="165206130" OBJECTGUID="89f4f26d-a0cc-4301-8323-de11311fdf42" CHANGEID="600905427" HOUSENUM="7" HOUSETYPE="2" OPERTYPEID="10" PREVID="0" NEXTID="0" UPDATEDATE="2024-09-11" STARTDATE="2024-09-11" ENDDATE="2079-06-06" ISACTUAL="1" ISACTIVE="1" /><HOUSE ID="126758932" OBJECTID="165207243" OBJECTGUID="cb76da35-b13a-4ef7-b5bb-b6e4549a30e8" CHANGEID="600907202" HOUSENUM="9" HOUSETYPE="2" OPERTYPEID="10" PREVID="0" NEXTID="0" UPDATEDATE="2024-09-11" STARTDATE="2024-09-11" ENDDATE="2079-06-06" ISACTUAL="1" ISACTIVE="1" /><HOUSE ID="126759011" OBJECTID="165207823" OBJECTGUID="92981b0b-115c-4047-a0d1-f7bc8ceee18a" CHANGEID="600908012" HOUSENUM="31" HOUSETYPE="5" OPERTYPEID="10" PREVID="0" NEXTID="0" UPDATEDATE="2024-09-11" STARTDATE="2024-09-11" ENDDATE="2079-06-06" ISACTUAL="1" ISACTIVE="1" /><HOUSE ID="126759095" OBJECTID="165207893" OBJECTGUID="020d9f1c-8e71-4d1f-a0e9-25a668d4871a" CHANGEID="600908213" HOUSENUM="43" HOUSETYPE="2" OPERTYPEID="10" PREVID="0" NEXTID="0" UPDATEDATE="2024-09-11" STARTDATE="2024-09-11" ENDDATE="2079-06-06" ISACTUAL="1" ISACTIVE="1" /><HOUSE ID="126760276" OBJECTID="48964907" OBJECTGUID="fcaf959e-bdaf-4796-afe4-73a7062d0481" CHANGEID="600917401" HOUSENUM="456" HOUSETYPE="7" OPERTYPEID="20" PREVID="29280369" UPDATEDATE="2024-09-11" STARTDATE="2024-09-11" ENDDATE="2079-06-06" ISACTUAL="1" ISACTIVE="1" /><HOUSE ID="126760640" OBJECTID="165215486" OBJECTGUID="d1c05a5d-722f-4f5f-9be5-e909b72aed96" CHANGEID="600921475" HOUSENUM="4" HOUSETYPE="5" OPERTYPEID="10" PREVID="0" NEXTID="0" UPDATEDATE="2024-09-11" STARTDATE="2024-09-11" ENDDATE="2079-06-06" ISACTUAL="1" ISACTIVE="1" /><HOUSE ID="126760940" OBJECTID="165216202" OBJECTGUID="49f01002-c90d-4302-ab4b-ee22c422f8c1" CHANGEID="600922796" HOUSENUM="18" HOUSETYPE="2" OPERTYPEID="10" PREVID="0" NEXTID="0" UPDATEDATE="2024-09-11" STARTDATE="2024-09-11" ENDDATE="2079-06-06" ISACTUAL="1" ISACTIVE="1" /><HOUSE ID="126760967" OBJECTID="165216292" OBJECTGUID="5499295b-59f0-4302-811f-bdfa45a37731" CHANGEID="600922928" HOUSENUM="7" HOUSETYPE="2" OPERTYPEID="10" PREVID="0" NEXTID="0" UPDATEDATE="2024-09-11" STARTDATE="2024-09-11" ENDDATE="2079-06-06" ISACTUAL="1" ISACTIVE="1" /><HOUSE ID="126760996" OBJECTID="50333914" OBJECTGUID="e94bdd95-65fe-4c44-bf86-a60f2e42975e" CHANGEID="600923310" HOUSENUM="49" HOUSETYPE="2" OPERTYPEID="20" PREVID="67906331" UPDATEDATE="2024-09-11" STARTDATE="2024-09-11" ENDDATE="2079-06-06" ISACTUAL="1" ISACTIVE="1" /><HOUSE ID="39784973" OBJECTID="66071767" OBJECTGUID="4b852379-b870-419a-bfde-099647096249" CHANGEID="98544029" HOUSENUM="16" HOUSETYPE="3" OPERTYPEID="10" PREVID="0" NEXTID="126761000" UPDATEDATE="2024-09-11" STARTDATE="1900-01-01" ENDDATE="2024-09-11" ISACTUAL="0" ISACTIVE="0" /><HOUSE ID="126761000" OBJECTID="66071767" OBJECTGUID="4b852379-b870-419a-bfde-099647096249" CHANGEID="600923322" HOUSENUM="16" HOUSETYPE="2" OPERTYPEID="20" PREVID="39784973" UPDATEDATE="2024-09-11" STARTDATE="2024-09-11" ENDDATE="2079-06-06" ISACTUAL="1" ISACTIVE="1" /><HOUSE ID="126761003" OBJECTID="165216548" OBJECTGUID="3f757cf3-83bb-44b0-b85e-42edb4e6f8c2" CHANGEID="600923359" HOUSENUM="31" HOUSETYPE="2" OPERTYPEID="10" PREVID="0" NEXTID="0" UPDATEDATE="2024-09-11" STARTDATE="2024-09-11" ENDDATE="2079-06-06" ISACTUAL="1" ISACTIVE="1" /><HOUSE ID="126761011" OBJECTID="165216579" OBJECTGUID="722a8671-7cbd-4bef-b2a5-f5ffe0ab6e56" CHANGEID="600923402" HOUSENUM="136" HOUSETYPE="4" OPERTYPEID="10" PREVID="0" NEXTID="0" UPDATEDATE="2024-09-11" STARTDATE="2024-09-11" ENDDATE="2079-06-06" ISACTUAL="1" ISACTIVE="1" /><HOUSE ID="63666057" OBJECTID="28327263" OBJECTGUID="ad6d4a69-fc20-4d8c-8e52-5a5318ef1128" CHANGEID="43572034" HOUSENUM="1" HOUSETYPE="3" OPERTYPEID="20" PREVID="16813110" NEXTID="126761020" UPDATEDATE="2024-09-11" STARTDATE="2015-11-16" ENDDATE="2024-09-11" ISACTUAL="0" ISACTIVE="0" /><HOUSE ID="126761020" OBJECTID="28327263" OBJECTGUID="ad6d4a69-fc20-4d8c-8e52-5a5318ef1128" CHANGEID="600923493" HOUSENUM="1" HOUSETYPE="2" OPERTYPEID="20" PREVID="63666057" UPDATEDATE="2024-09-11" STARTDATE="2024-09-11" ENDDATE="2079-06-06" ISACTUAL="1" ISACTIVE="1" /><HOUSE ID="56856416" OBJECTID="47050148" OBJECTGUID="4d4af4f0-caae-464d-a2f1-83f85a68ef44" CHANGEID="70789541" HOUSENUM="22" HOUSETYPE="3" OPERTYPEID="20" PREVID="28132757" NEXTID="126761085" UPDATEDATE="2024-09-11" STARTDATE="2018-06-15" ENDDATE="2024-09-11" ISACTUAL="0" ISACTIVE="0" /><HOUSE ID="126761085" OBJECTID="47050148" OBJECTGUID="4d4af4f0-caae-464d-a2f1-83f85a68ef44" CHANGEID="600924453" HOUSENUM="22" HOUSETYPE="2" OPERTYPEID="20" PREVID="56856416" UPDATEDATE="2024-09-11" STARTDATE="2024-09-11" ENDDATE="2079-06-06" ISACTUAL="1" ISACTIVE="1" /><HOUSE ID="126761061" OBJECTID="83557657" OBJECTGUID="c0e3868d-26ca-40cf-ba5d-75e52a1fb619" CHANGEID="600924214" HOUSENUM="42" HOUSETYPE="2" OPERTYPEID="20" PREVID="65045974" UPDATEDATE="2024-09-11" STARTDATE="2024-09-11" ENDDATE="2079-06-06" ISACTUAL="1" ISACTIVE="1" /></HOUSES>