﻿<?xml version="1.0" encoding="utf-8"?><HOUSES><HOUSE ID="62619137" OBJECTID="3869620" OBJECTGUID="9e9c447f-4b1c-424d-be31-4e5e1064c9dd" CHANGEID="7551763" HOUSENUM="15" HOUSETYPE="7" OPERTYPEID="20" PREVID="1452011" NEXTID="126737639" UPDATEDATE="2024-09-06" STARTDATE="2019-01-22" ENDDATE="2024-09-06" ISACTUAL="0" ISACTIVE="0" /><HOUSE ID="61201804" OBJECTID="3869244" OBJECTGUID="8aa2b4f9-ad6f-4a0c-8db6-3f6b2dfd6a9f" CHANGEID="7551387" HOUSENUM="13" HOUSETYPE="7" OPERTYPEID="20" PREVID="1451851" NEXTID="126731230" UPDATEDATE="2024-09-05" STARTDATE="2019-01-22" ENDDATE="2024-09-05" ISACTUAL="0" ISACTIVE="0" /><HOUSE ID="126728512" OBJECTID="165075581" OBJECTGUID="984b0e0c-1d3d-440f-b37c-4b6ff8c484fd" CHANGEID="600535958" HOUSENUM="1м" HOUSETYPE="5" OPERTYPEID="10" PREVID="0" NEXTID="0" UPDATEDATE="2024-09-05" STARTDATE="2024-09-05" ENDDATE="2079-06-06" ISACTUAL="1" ISACTIVE="1" /><HOUSE ID="126728526" OBJECTID="165075633" OBJECTGUID="b7ee3ad1-eda6-4008-a6d7-0b81e5bb4340" CHANGEID="600536038" HOUSENUM="18" HOUSETYPE="5" OPERTYPEID="10" PREVID="0" NEXTID="0" UPDATEDATE="2024-09-05" STARTDATE="2024-09-05" ENDDATE="2079-06-06" ISACTUAL="1" ISACTIVE="1" /><HOUSE ID="126728532" OBJECTID="165075644" OBJECTGUID="0dc61efe-3d9e-4bd6-8dd6-feb22cee4fb0" CHANGEID="600536072" HOUSENUM="23" HOUSETYPE="5" OPERTYPEID="10" PREVID="0" NEXTID="0" UPDATEDATE="2024-09-05" STARTDATE="2024-09-05" ENDDATE="2079-06-06" ISACTUAL="1" ISACTIVE="1" /><HOUSE ID="126728543" OBJECTID="165075680" OBJECTGUID="738f4652-4f38-4a31-9fe9-b78aa09c63d6" CHANGEID="600536119" HOUSENUM="25" HOUSETYPE="5" OPERTYPEID="10" PREVID="0" NEXTID="0" UPDATEDATE="2024-09-05" STARTDATE="2024-09-05" ENDDATE="2079-06-06" ISACTUAL="1" ISACTIVE="1" /><HOUSE ID="126728550" OBJECTID="165075701" OBJECTGUID="e6e71a65-25af-4b6b-bd7f-4227479d44f6" CHANGEID="600536147" HOUSENUM="31" HOUSETYPE="5" OPERTYPEID="10" PREVID="0" NEXTID="0" UPDATEDATE="2024-09-05" STARTDATE="2024-09-05" ENDDATE="2079-06-06" ISACTUAL="1" ISACTIVE="1" /><HOUSE ID="126731230" OBJECTID="3869244" OBJECTGUID="8aa2b4f9-ad6f-4a0c-8db6-3f6b2dfd6a9f" CHANGEID="600558144" HOUSENUM="13" HOUSETYPE="5" OPERTYPEID="20" PREVID="61201804" UPDATEDATE="2024-09-05" STARTDATE="2024-09-05" ENDDATE="2079-06-06" ISACTUAL="1" ISACTIVE="1" /><HOUSE ID="126737548" OBJECTID="165112505" OBJECTGUID="a36a02a6-3011-4a81-aa94-9fdc1c7be70a" CHANGEID="600653170" HOUSENUM="1" HOUSETYPE="5" OPERTYPEID="10" PREVID="0" NEXTID="0" UPDATEDATE="2024-09-06" STARTDATE="2024-09-06" ENDDATE="2079-06-06" ISACTUAL="1" ISACTIVE="1" /><HOUSE ID="126737639" OBJECTID="3869620" OBJECTGUID="9e9c447f-4b1c-424d-be31-4e5e1064c9dd" CHANGEID="600681536" HOUSENUM="15" HOUSETYPE="5" OPERTYPEID="20" PREVID="62619137" UPDATEDATE="2024-09-06" STARTDATE="2024-09-06" ENDDATE="2079-06-06" ISACTUAL="1" ISACTIVE="1" /><HOUSE ID="126742128" OBJECTID="165133004" OBJECTGUID="9fc1d940-67ca-45db-adfa-cd9390981eb7" CHANGEID="600762938" HOUSENUM="82" HOUSETYPE="2" OPERTYPEID="10" PREVID="0" NEXTID="0" UPDATEDATE="2024-09-09" STARTDATE="2024-09-09" ENDDATE="2079-06-06" ISACTUAL="1" ISACTIVE="1" /><HOUSE ID="126742176" OBJECTID="165133251" OBJECTGUID="b2379ef6-8a06-4ad5-bce2-4e860e2d183b" CHANGEID="600763265" HOUSENUM="10а" HOUSETYPE="2" OPERTYPEID="10" PREVID="0" NEXTID="0" UPDATEDATE="2024-09-09" STARTDATE="2024-09-09" ENDDATE="2079-06-06" ISACTUAL="1" ISACTIVE="1" /></HOUSES>