﻿<?xml version="1.0" encoding="utf-8"?><REESTR_OBJECTS><OBJECT OBJECTID="21636010" OBJECTGUID="4a11ede3-81ca-46e6-9789-dea51a6e4396" CHANGEID="600851020" ISACTIVE="1" LEVELID="10" CREATEDATE="2019-02-21" UPDATEDATE="2024-09-11" /><OBJECT OBJECTID="162504009" OBJECTGUID="8339ee51-200b-4c45-931e-69e8c914a5de" CHANGEID="600716411" ISACTIVE="1" LEVELID="10" CREATEDATE="2024-02-16" UPDATEDATE="2024-09-07" /><OBJECT OBJECTID="21627558" OBJECTGUID="4956dc71-f0a4-4ff3-9e95-a4ff23061b23" CHANGEID="600851026" ISACTIVE="1" LEVELID="10" CREATEDATE="2019-02-21" UPDATEDATE="2024-09-11" /><OBJECT OBJECTID="21606143" OBJECTGUID="e0496cc9-f93e-40ba-928b-369c38b1ee61" CHANGEID="600851038" ISACTIVE="1" LEVELID="10" CREATEDATE="2019-02-21" UPDATEDATE="2024-09-11" /><OBJECT OBJECTID="21610161" OBJECTGUID="e0cddfd4-75f2-410b-b501-581766904d8f" CHANGEID="600851036" ISACTIVE="1" LEVELID="10" CREATEDATE="2019-02-21" UPDATEDATE="2024-09-11" /><OBJECT OBJECTID="21605294" OBJECTGUID="dc97c951-0cf7-491c-96df-2288f0f9329c" CHANGEID="600851041" ISACTIVE="1" LEVELID="10" CREATEDATE="2019-02-21" UPDATEDATE="2024-09-11" /><OBJECT OBJECTID="21620926" OBJECTGUID="0f82451a-8f4e-43d0-8d65-908aeb846b26" CHANGEID="600851032" ISACTIVE="1" LEVELID="10" CREATEDATE="2019-02-21" UPDATEDATE="2024-09-11" /><OBJECT OBJECTID="21605103" OBJECTGUID="9ceb7186-95e7-4035-9842-187d61e4c688" CHANGEID="600851042" ISACTIVE="1" LEVELID="10" CREATEDATE="2019-02-21" UPDATEDATE="2024-09-11" /><OBJECT OBJECTID="21629658" OBJECTGUID="3e29c2ff-45c0-4696-896d-c4866701a9c2" CHANGEID="600851023" ISACTIVE="1" LEVELID="10" CREATEDATE="2019-02-21" UPDATEDATE="2024-09-11" /><OBJECT OBJECTID="21638459" OBJECTGUID="496d1fe8-321a-49ed-a77f-e2f96520be61" CHANGEID="600851019" ISACTIVE="1" LEVELID="10" CREATEDATE="2019-02-21" UPDATEDATE="2024-09-11" /><OBJECT OBJECTID="21616688" OBJECTGUID="9ee93edc-1995-4504-995d-60f6b7cb05d5" CHANGEID="600851035" ISACTIVE="1" LEVELID="10" CREATEDATE="2019-02-21" UPDATEDATE="2024-09-11" /><OBJECT OBJECTID="162513496" OBJECTGUID="fe3d08e3-05c0-49f8-8abf-0df45865eb25" CHANGEID="600851142" ISACTIVE="1" LEVELID="10" CREATEDATE="2024-02-19" UPDATEDATE="2024-09-11" /><OBJECT OBJECTID="164830007" OBJECTGUID="971ceb5d-d6d9-43eb-961a-2d1963bd404d" CHANGEID="600716491" ISACTIVE="1" LEVELID="10" CREATEDATE="2024-08-22" UPDATEDATE="2024-09-07" /><OBJECT OBJECTID="164943744" OBJECTGUID="ae03f23b-e30f-4e06-984f-432ce1f704d4" CHANGEID="600716479" ISACTIVE="1" LEVELID="10" CREATEDATE="2024-08-29" UPDATEDATE="2024-09-07" /><OBJECT OBJECTID="162768136" OBJECTGUID="2484f557-2de0-4a70-b7da-a5741861c60c" CHANGEID="600716436" ISACTIVE="1" LEVELID="10" CREATEDATE="2024-03-12" UPDATEDATE="2024-09-07" /><OBJECT OBJECTID="86117833" OBJECTGUID="8bb1d529-1c8a-455d-a4dc-06059eb01ca9" CHANGEID="600926700" ISACTIVE="1" LEVELID="9" CREATEDATE="2016-04-19" UPDATEDATE="2024-09-11" /><OBJECT OBJECTID="163033745" OBJECTGUID="55085f55-dea5-4b9f-8da3-e2e879f53ee0" CHANGEID="600716433" ISACTIVE="1" LEVELID="10" CREATEDATE="2024-04-02" UPDATEDATE="2024-09-07" /><OBJECT OBJECTID="9091445" OBJECTGUID="293bd0f6-aa6b-48bf-ba53-3985aa53e842" CHANGEID="600851051" ISACTIVE="1" LEVELID="10" CREATEDATE="2019-02-21" UPDATEDATE="2024-09-11" /><OBJECT OBJECTID="21627146" OBJECTGUID="12b248e2-98bb-4aa4-843c-9fb35ab62b03" CHANGEID="600851028" ISACTIVE="1" LEVELID="10" CREATEDATE="2019-02-21" UPDATEDATE="2024-09-11" /><OBJECT OBJECTID="21627328" OBJECTGUID="42ed1585-4362-4004-bd9e-a19ef4d3e660" CHANGEID="600851027" ISACTIVE="1" LEVELID="10" CREATEDATE="2019-02-21" UPDATEDATE="2024-09-11" /><OBJECT OBJECTID="9026374" OBJECTGUID="991fef91-ef84-4ad1-bdb5-521e8b9a3235" CHANGEID="600851054" ISACTIVE="1" LEVELID="10" CREATEDATE="2019-02-21" UPDATEDATE="2024-09-11" /><OBJECT OBJECTID="21640574" OBJECTGUID="e5d41cfa-bee9-4b1e-8e8c-f736af2b879d" CHANGEID="600851016" ISACTIVE="1" LEVELID="10" CREATEDATE="2019-02-21" UPDATEDATE="2024-09-11" /><OBJECT OBJECTID="9142228" OBJECTGUID="a546e0aa-9ceb-49db-8db0-fd91d50731ea" CHANGEID="600851057" ISACTIVE="1" LEVELID="10" CREATEDATE="2019-02-21" UPDATEDATE="2024-09-11" /><OBJECT OBJECTID="3869244" OBJECTGUID="8aa2b4f9-ad6f-4a0c-8db6-3f6b2dfd6a9f" CHANGEID="600558144" ISACTIVE="1" LEVELID="10" CREATEDATE="2019-07-14" UPDATEDATE="2024-09-05" /><OBJECT OBJECTID="58952452" OBJECTGUID="39fa6411-dbea-4b7a-8ebe-f81670ac44f9" CHANGEID="600926094" ISACTIVE="1" LEVELID="10" CREATEDATE="2019-07-14" UPDATEDATE="2024-09-11" /><OBJECT OBJECTID="163065461" OBJECTGUID="a9a0b859-b605-4b9a-924a-295d87b62b90" CHANGEID="600716429" ISACTIVE="1" LEVELID="10" CREATEDATE="2024-04-03" UPDATEDATE="2024-09-07" /><OBJECT OBJECTID="79472790" OBJECTGUID="2ebdca97-48c3-4c6a-8824-8f598a5a8794" CHANGEID="600851148" ISACTIVE="1" LEVELID="10" CREATEDATE="2019-02-21" UPDATEDATE="2024-09-11" /><OBJECT OBJECTID="165074332" OBJECTGUID="858d4548-de3b-45ec-b437-949696c9830f" CHANGEID="600533479" ISACTIVE="1" LEVELID="9" CREATEDATE="2024-09-05" UPDATEDATE="2024-09-05" /><OBJECT OBJECTID="165075581" OBJECTGUID="984b0e0c-1d3d-440f-b37c-4b6ff8c484fd" CHANGEID="600535958" ISACTIVE="1" LEVELID="10" CREATEDATE="2024-09-05" UPDATEDATE="2024-09-05" /><OBJECT OBJECTID="165075633" OBJECTGUID="b7ee3ad1-eda6-4008-a6d7-0b81e5bb4340" CHANGEID="600536038" ISACTIVE="1" LEVELID="10" CREATEDATE="2024-09-05" UPDATEDATE="2024-09-05" /><OBJECT OBJECTID="165075644" OBJECTGUID="0dc61efe-3d9e-4bd6-8dd6-feb22cee4fb0" CHANGEID="600536072" ISACTIVE="1" LEVELID="10" CREATEDATE="2024-09-05" UPDATEDATE="2024-09-05" /><OBJECT OBJECTID="165075680" OBJECTGUID="738f4652-4f38-4a31-9fe9-b78aa09c63d6" CHANGEID="600536119" ISACTIVE="1" LEVELID="10" CREATEDATE="2024-09-05" UPDATEDATE="2024-09-05" /><OBJECT OBJECTID="165075701" OBJECTGUID="e6e71a65-25af-4b6b-bd7f-4227479d44f6" CHANGEID="600536147" ISACTIVE="1" LEVELID="10" CREATEDATE="2024-09-05" UPDATEDATE="2024-09-05" /><OBJECT OBJECTID="165112505" OBJECTGUID="a36a02a6-3011-4a81-aa94-9fdc1c7be70a" CHANGEID="600653170" ISACTIVE="1" LEVELID="10" CREATEDATE="2024-09-06" UPDATEDATE="2024-09-06" /><OBJECT OBJECTID="161959454" OBJECTGUID="14da4fe7-e82a-4859-b48c-a7148f030c45" CHANGEID="600716403" ISACTIVE="1" LEVELID="10" CREATEDATE="2023-12-27" UPDATEDATE="2024-09-07" /><OBJECT OBJECTID="163065207" OBJECTGUID="0342b1d7-833b-4237-b09d-2c2a619bc4f8" CHANGEID="600716430" ISACTIVE="1" LEVELID="10" CREATEDATE="2024-04-03" UPDATEDATE="2024-09-07" /><OBJECT OBJECTID="163064176" OBJECTGUID="eb04196b-8be1-4d52-80e3-74ef3bf09e46" CHANGEID="600716431" ISACTIVE="1" LEVELID="10" CREATEDATE="2024-04-03" UPDATEDATE="2024-09-07" /><OBJECT OBJECTID="163033789" OBJECTGUID="6bcace61-bffc-4817-bd2c-c3f03fdfb3b0" CHANGEID="600716432" ISACTIVE="1" LEVELID="10" CREATEDATE="2024-04-02" UPDATEDATE="2024-09-07" /><OBJECT OBJECTID="163033735" OBJECTGUID="a9f5c11f-6b58-4edf-85e4-7f97e4be5342" CHANGEID="600716434" ISACTIVE="1" LEVELID="10" CREATEDATE="2024-04-02" UPDATEDATE="2024-09-07" /><OBJECT OBJECTID="163024548" OBJECTGUID="4266c6ba-ab2e-4660-9c00-c9e2fe79fb2e" CHANGEID="600716435" ISACTIVE="1" LEVELID="10" CREATEDATE="2024-04-01" UPDATEDATE="2024-09-07" /><OBJECT OBJECTID="162732960" OBJECTGUID="f6114345-e570-4f67-8a7b-9e3e06d2a052" CHANGEID="600716437" ISACTIVE="1" LEVELID="10" CREATEDATE="2024-03-07" UPDATEDATE="2024-09-07" /><OBJECT OBJECTID="162732959" OBJECTGUID="745c59b8-cb3e-4de2-bced-c98376e1c852" CHANGEID="600716438" ISACTIVE="1" LEVELID="10" CREATEDATE="2024-03-07" UPDATEDATE="2024-09-07" /><OBJECT OBJECTID="162732957" OBJECTGUID="db339333-0118-4a4a-9fb9-74b9e3eb4a72" CHANGEID="600716439" ISACTIVE="1" LEVELID="10" CREATEDATE="2024-03-07" UPDATEDATE="2024-09-07" /><OBJECT OBJECTID="162657596" OBJECTGUID="acd6fbd4-5533-4a28-aa10-455540d33f29" CHANGEID="600716440" ISACTIVE="1" LEVELID="10" CREATEDATE="2024-03-01" UPDATEDATE="2024-09-07" /><OBJECT OBJECTID="162657499" OBJECTGUID="c4a0575b-6fba-4a0b-8461-53a91204ef14" CHANGEID="600716441" ISACTIVE="1" LEVELID="10" CREATEDATE="2024-03-01" UPDATEDATE="2024-09-07" /><OBJECT OBJECTID="162624054" OBJECTGUID="f931f6d2-c29e-440f-8473-2ec5be5e5686" CHANGEID="600716442" ISACTIVE="1" LEVELID="10" CREATEDATE="2024-02-28" UPDATEDATE="2024-09-07" /><OBJECT OBJECTID="162624048" OBJECTGUID="f6e5db97-e0e7-4ff5-bf3b-c34f3fe1e9a5" CHANGEID="600716443" ISACTIVE="1" LEVELID="10" CREATEDATE="2024-02-28" UPDATEDATE="2024-09-07" /><OBJECT OBJECTID="162611275" OBJECTGUID="c75df925-35a1-4b19-99e8-4ab136ea20de" CHANGEID="600716444" ISACTIVE="1" LEVELID="10" CREATEDATE="2024-02-27" UPDATEDATE="2024-09-07" /><OBJECT OBJECTID="163789975" OBJECTGUID="f1503115-b17d-4d5c-a406-6b34961422b5" CHANGEID="600716452" ISACTIVE="1" LEVELID="10" CREATEDATE="2024-06-05" UPDATEDATE="2024-09-07" /><OBJECT OBJECTID="162962222" OBJECTGUID="16ba324a-fac1-46f7-b6ef-cd0ee150f639" CHANGEID="600716453" ISACTIVE="1" LEVELID="10" CREATEDATE="2024-03-27" UPDATEDATE="2024-09-07" /><OBJECT OBJECTID="162961503" OBJECTGUID="e6db0433-13cb-4e6b-8030-cb0d88c237f8" CHANGEID="600716454" ISACTIVE="1" LEVELID="10" CREATEDATE="2024-03-27" UPDATEDATE="2024-09-07" /><OBJECT OBJECTID="163291729" OBJECTGUID="04bada05-f4a9-447a-abd9-30ac54661d5f" CHANGEID="600716455" ISACTIVE="1" LEVELID="10" CREATEDATE="2024-04-19" UPDATEDATE="2024-09-07" /><OBJECT OBJECTID="163246615" OBJECTGUID="e2babdf1-3e72-4263-8d34-560f6da85f59" CHANGEID="600716456" ISACTIVE="1" LEVELID="10" CREATEDATE="2024-04-16" UPDATEDATE="2024-09-07" /><OBJECT OBJECTID="9047676" OBJECTGUID="284befde-b4d1-4c7a-bcd8-7a8b37bde6a7" CHANGEID="600851056" ISACTIVE="1" LEVELID="10" CREATEDATE="2019-02-21" UPDATEDATE="2024-09-11" /><OBJECT OBJECTID="44480502" OBJECTGUID="1023b40a-3270-41b3-9228-e9d153ebecb0" CHANGEID="600716514" ISACTIVE="1" LEVELID="10" CREATEDATE="2019-02-21" UPDATEDATE="2024-09-07" /><OBJECT OBJECTID="59874370" OBJECTGUID="091dde9e-257a-4978-8d53-7bfc8bc40ea1" CHANGEID="600716369" ISACTIVE="1" LEVELID="10" CREATEDATE="2019-02-21" UPDATEDATE="2024-09-07" /><OBJECT OBJECTID="162503128" OBJECTGUID="06bc9022-3901-44c3-aa01-ef1aa1ef88e0" CHANGEID="600716412" ISACTIVE="1" LEVELID="10" CREATEDATE="2024-02-16" UPDATEDATE="2024-09-07" /><OBJECT OBJECTID="164948286" OBJECTGUID="56f8a2c9-0df4-4894-93a1-2c2f01af8747" CHANGEID="600716477" ISACTIVE="1" LEVELID="10" CREATEDATE="2024-08-29" UPDATEDATE="2024-09-07" /><OBJECT OBJECTID="164927289" OBJECTGUID="d715d6c7-2bf9-4070-b49a-72b20701bc89" CHANGEID="600716481" ISACTIVE="1" LEVELID="10" CREATEDATE="2024-08-28" UPDATEDATE="2024-09-07" /><OBJECT OBJECTID="164926374" OBJECTGUID="b8081fa5-c91a-4c83-8248-b4dde6e2fc02" CHANGEID="600716483" ISACTIVE="1" LEVELID="10" CREATEDATE="2024-08-28" UPDATEDATE="2024-09-07" /><OBJECT OBJECTID="164875052" OBJECTGUID="6b97df2b-a992-499d-a339-29151717d24a" CHANGEID="600716485" ISACTIVE="1" LEVELID="10" CREATEDATE="2024-08-26" UPDATEDATE="2024-09-07" /><OBJECT OBJECTID="164873580" OBJECTGUID="6d72043d-3510-4413-b543-20d4b6e0b9c7" CHANGEID="600716487" ISACTIVE="1" LEVELID="10" CREATEDATE="2024-08-26" UPDATEDATE="2024-09-07" /><OBJECT OBJECTID="164830634" OBJECTGUID="dba8f42d-fa0f-4c01-86f3-5c01ad5e7f0e" CHANGEID="600716488" ISACTIVE="1" LEVELID="10" CREATEDATE="2024-08-22" UPDATEDATE="2024-09-07" /><OBJECT OBJECTID="164830626" OBJECTGUID="e89bd3f7-f678-4ecd-9f0b-bdd64200e621" CHANGEID="600716489" ISACTIVE="1" LEVELID="10" CREATEDATE="2024-08-22" UPDATEDATE="2024-09-07" /><OBJECT OBJECTID="164830624" OBJECTGUID="8ee14e6d-a6f3-4358-9e09-08fdd72b35ae" CHANGEID="600716490" ISACTIVE="1" LEVELID="10" CREATEDATE="2024-08-22" UPDATEDATE="2024-09-07" /><OBJECT OBJECTID="164829772" OBJECTGUID="075f286f-8d6d-4f8a-8064-95f7dae0abef" CHANGEID="600716492" ISACTIVE="1" LEVELID="10" CREATEDATE="2024-08-22" UPDATEDATE="2024-09-07" /><OBJECT OBJECTID="164829768" OBJECTGUID="b850fc4e-4077-4ad9-9886-1c2ca7f28402" CHANGEID="600716494" ISACTIVE="1" LEVELID="10" CREATEDATE="2024-08-22" UPDATEDATE="2024-09-07" /><OBJECT OBJECTID="164829765" OBJECTGUID="4ba8f082-e365-42ca-853c-036a51cee0d8" CHANGEID="600716495" ISACTIVE="1" LEVELID="10" CREATEDATE="2024-08-22" UPDATEDATE="2024-09-07" /><OBJECT OBJECTID="164829760" OBJECTGUID="d06cf785-52af-4281-b667-42bbd14a5690" CHANGEID="600716496" ISACTIVE="1" LEVELID="10" CREATEDATE="2024-08-22" UPDATEDATE="2024-09-07" /><OBJECT OBJECTID="164829756" OBJECTGUID="7a4a48ce-d1b4-443e-963e-3c642b09d974" CHANGEID="600716498" ISACTIVE="1" LEVELID="10" CREATEDATE="2024-08-22" UPDATEDATE="2024-09-07" /><OBJECT OBJECTID="164829752" OBJECTGUID="f8c54811-9659-4279-b628-811f7b9b30b8" CHANGEID="600716499" ISACTIVE="1" LEVELID="10" CREATEDATE="2024-08-22" UPDATEDATE="2024-09-07" /><OBJECT OBJECTID="164827684" OBJECTGUID="8b7d39d2-baff-42b4-b817-a8cc12e7202d" CHANGEID="600716501" ISACTIVE="1" LEVELID="10" CREATEDATE="2024-08-22" UPDATEDATE="2024-09-07" /><OBJECT OBJECTID="164827681" OBJECTGUID="481e3661-73d3-46c4-a197-790e7d7b6524" CHANGEID="600716502" ISACTIVE="1" LEVELID="10" CREATEDATE="2024-08-22" UPDATEDATE="2024-09-07" /><OBJECT OBJECTID="164827680" OBJECTGUID="2d3406e1-33e0-4618-a3c9-afeb563ecc23" CHANGEID="600716503" ISACTIVE="1" LEVELID="10" CREATEDATE="2024-08-22" UPDATEDATE="2024-09-07" /><OBJECT OBJECTID="164827679" OBJECTGUID="e691f30c-fd6f-4707-9493-a0a03661a597" CHANGEID="600716504" ISACTIVE="1" LEVELID="10" CREATEDATE="2024-08-22" UPDATEDATE="2024-09-07" /><OBJECT OBJECTID="21626283" OBJECTGUID="26485d42-446b-49c2-8c8b-9c5f5816b5d4" CHANGEID="600851029" ISACTIVE="1" LEVELID="10" CREATEDATE="2019-02-21" UPDATEDATE="2024-09-11" /><OBJECT OBJECTID="162214903" OBJECTGUID="115d96f4-0227-45bb-8ec6-348981c1032b" CHANGEID="600716408" ISACTIVE="1" LEVELID="10" CREATEDATE="2024-01-26" UPDATEDATE="2024-09-07" /><OBJECT OBJECTID="162504031" OBJECTGUID="cf6ccc06-001e-441f-8039-17f8ded52418" CHANGEID="600716409" ISACTIVE="1" LEVELID="10" CREATEDATE="2024-02-16" UPDATEDATE="2024-09-07" /><OBJECT OBJECTID="162504026" OBJECTGUID="d22ec169-539d-46fb-bae0-e733177405f2" CHANGEID="600716410" ISACTIVE="1" LEVELID="10" CREATEDATE="2024-02-16" UPDATEDATE="2024-09-07" /><OBJECT OBJECTID="165131035" OBJECTGUID="a02a1c5b-3d7f-41f5-8079-f6d36524be0a" CHANGEID="600759772" ISACTIVE="1" LEVELID="9" CREATEDATE="2024-09-09" UPDATEDATE="2024-09-09" /><OBJECT OBJECTID="165131038" OBJECTGUID="caa95e54-3983-41ad-a3ea-be40a0acda0a" CHANGEID="600760010" ISACTIVE="1" LEVELID="9" CREATEDATE="2024-09-09" UPDATEDATE="2024-09-09" /><OBJECT OBJECTID="165131039" OBJECTGUID="b44c3089-1111-4963-bb75-2431d4a36a96" CHANGEID="600760072" ISACTIVE="1" LEVELID="9" CREATEDATE="2024-09-09" UPDATEDATE="2024-09-09" /><OBJECT OBJECTID="165131041" OBJECTGUID="549faf25-6385-4dc7-8d62-784d6aef29da" CHANGEID="600760074" ISACTIVE="1" LEVELID="9" CREATEDATE="2024-09-09" UPDATEDATE="2024-09-09" /><OBJECT OBJECTID="165131042" OBJECTGUID="f300b7b9-19e1-4d2a-9054-bd507004f77a" CHANGEID="600760078" ISACTIVE="1" LEVELID="9" CREATEDATE="2024-09-09" UPDATEDATE="2024-09-09" /><OBJECT OBJECTID="165131040" OBJECTGUID="0dd6be24-af15-481f-a8fa-b8fe5a63154f" CHANGEID="600760073" ISACTIVE="1" LEVELID="9" CREATEDATE="2024-09-09" UPDATEDATE="2024-09-09" /><OBJECT OBJECTID="165131043" OBJECTGUID="fd54c178-0cf5-4b90-bcec-3ef294459af7" CHANGEID="600760079" ISACTIVE="1" LEVELID="9" CREATEDATE="2024-09-09" UPDATEDATE="2024-09-09" /><OBJECT OBJECTID="165133001" OBJECTGUID="f0919648-58cd-4ffd-93e5-48b3657ce650" CHANGEID="600762935" ISACTIVE="1" LEVELID="9" CREATEDATE="2024-09-09" UPDATEDATE="2024-09-09" /><OBJECT OBJECTID="165133003" OBJECTGUID="a8286f0f-94bc-4f68-99c9-53d23e3fd3d5" CHANGEID="600762937" ISACTIVE="1" LEVELID="9" CREATEDATE="2024-09-09" UPDATEDATE="2024-09-09" /><OBJECT OBJECTID="165133000" OBJECTGUID="2e7b87d9-1618-496d-a78e-6828d6f0ced2" CHANGEID="600762934" ISACTIVE="1" LEVELID="9" CREATEDATE="2024-09-09" UPDATEDATE="2024-09-09" /><OBJECT OBJECTID="165133002" OBJECTGUID="706ccfa0-9260-4c1b-bdfb-7e3298beef6b" CHANGEID="600762936" ISACTIVE="1" LEVELID="9" CREATEDATE="2024-09-09" UPDATEDATE="2024-09-09" /><OBJECT OBJECTID="165133004" OBJECTGUID="9fc1d940-67ca-45db-adfa-cd9390981eb7" CHANGEID="600762938" ISACTIVE="1" LEVELID="10" CREATEDATE="2024-09-09" UPDATEDATE="2024-09-09" /><OBJECT OBJECTID="165133251" OBJECTGUID="b2379ef6-8a06-4ad5-bce2-4e860e2d183b" CHANGEID="600763265" ISACTIVE="1" LEVELID="10" CREATEDATE="2024-09-09" UPDATEDATE="2024-09-09" /><OBJECT OBJECTID="164471908" OBJECTGUID="ee9eacac-19cf-41c3-9796-ca1f9048f2a3" CHANGEID="600851157" ISACTIVE="1" LEVELID="10" CREATEDATE="2024-07-30" UPDATEDATE="2024-09-11" /><OBJECT OBJECTID="165143732" OBJECTGUID="7d5a9b63-5d66-4a9d-bfd0-7e5f8fb45684" CHANGEID="600780927" ISACTIVE="1" LEVELID="9" CREATEDATE="2024-09-09" UPDATEDATE="2024-09-09" /><OBJECT OBJECTID="162282795" OBJECTGUID="9e391667-6291-4e42-aebd-60109bf52d00" CHANGEID="600895455" ISACTIVE="0" LEVELID="9" CREATEDATE="2024-01-31" UPDATEDATE="2024-09-11" /><OBJECT OBJECTID="165150533" OBJECTGUID="6e981388-357f-4c23-a889-69bc9fdb14e9" CHANGEID="600791473" ISACTIVE="1" LEVELID="9" CREATEDATE="2024-09-09" UPDATEDATE="2024-09-09" /><OBJECT OBJECTID="165150565" OBJECTGUID="322451cb-0c92-4319-858f-1c007c785b47" CHANGEID="600791549" ISACTIVE="1" LEVELID="9" CREATEDATE="2024-09-09" UPDATEDATE="2024-09-09" /><OBJECT OBJECTID="165150556" OBJECTGUID="e60b5891-9af8-4793-b3c8-0fb2b713eaab" CHANGEID="600791525" ISACTIVE="1" LEVELID="9" CREATEDATE="2024-09-09" UPDATEDATE="2024-09-09" /><OBJECT OBJECTID="165150580" OBJECTGUID="323bedc7-98fe-4dcb-9dff-4ac6c8c4608f" CHANGEID="600791588" ISACTIVE="1" LEVELID="9" CREATEDATE="2024-09-09" UPDATEDATE="2024-09-09" /><OBJECT OBJECTID="165150591" OBJECTGUID="a99b8613-8150-4197-88b6-a3e385ea71ae" CHANGEID="600791635" ISACTIVE="1" LEVELID="9" CREATEDATE="2024-09-09" UPDATEDATE="2024-09-09" /><OBJECT OBJECTID="165150606" OBJECTGUID="83190324-9402-40df-aab8-18707b090c61" CHANGEID="600791680" ISACTIVE="1" LEVELID="9" CREATEDATE="2024-09-09" UPDATEDATE="2024-09-09" /><OBJECT OBJECTID="165150599" OBJECTGUID="178030e1-3f01-4a5a-b96c-11102310000a" CHANGEID="600791663" ISACTIVE="1" LEVELID="9" CREATEDATE="2024-09-09" UPDATEDATE="2024-09-09" /><OBJECT OBJECTID="165150614" OBJECTGUID="527086ee-e8d5-46f9-99a2-c193076a2549" CHANGEID="600791698" ISACTIVE="1" LEVELID="9" CREATEDATE="2024-09-09" UPDATEDATE="2024-09-09" /><OBJECT OBJECTID="165150627" OBJECTGUID="5d94c976-19ea-4b67-a3c5-9bace5332881" CHANGEID="600791729" ISACTIVE="1" LEVELID="9" CREATEDATE="2024-09-09" UPDATEDATE="2024-09-09" /><OBJECT OBJECTID="165150642" OBJECTGUID="809e9a40-e4d6-419c-a03e-2f29e11a7014" CHANGEID="600791792" ISACTIVE="1" LEVELID="9" CREATEDATE="2024-09-09" UPDATEDATE="2024-09-09" /><OBJECT OBJECTID="165150650" OBJECTGUID="a42dfe8e-aace-4cdd-8602-3dc13413008b" CHANGEID="600791806" ISACTIVE="1" LEVELID="9" CREATEDATE="2024-09-09" UPDATEDATE="2024-09-09" /><OBJECT OBJECTID="165171391" OBJECTGUID="3d491197-b902-4f19-8428-202254e751a6" CHANGEID="600828486" ISACTIVE="1" LEVELID="9" CREATEDATE="2024-09-10" UPDATEDATE="2024-09-10" /><OBJECT OBJECTID="9063553" OBJECTGUID="36f97a85-75fa-4ac3-bfe9-0ed33a209471" CHANGEID="600851052" ISACTIVE="1" LEVELID="10" CREATEDATE="2019-02-21" UPDATEDATE="2024-09-11" /><OBJECT OBJECTID="9021223" OBJECTGUID="c0954081-3881-4229-8c37-45bded852b01" CHANGEID="600851055" ISACTIVE="1" LEVELID="10" CREATEDATE="2019-02-21" UPDATEDATE="2024-09-11" /><OBJECT OBJECTID="21641143" OBJECTGUID="6859ab05-ce9b-4617-9791-fdcdb44ee9fe" CHANGEID="600851015" ISACTIVE="1" LEVELID="10" CREATEDATE="2019-02-21" UPDATEDATE="2024-09-11" /><OBJECT OBJECTID="21639579" OBJECTGUID="381d93b8-2242-42ea-9f12-f3a77e7e3167" CHANGEID="600851017" ISACTIVE="1" LEVELID="10" CREATEDATE="2019-02-21" UPDATEDATE="2024-09-11" /><OBJECT OBJECTID="21638786" OBJECTGUID="0891984a-312c-4bf4-a77c-ea197201c1ce" CHANGEID="600851018" ISACTIVE="1" LEVELID="10" CREATEDATE="2019-02-21" UPDATEDATE="2024-09-11" /><OBJECT OBJECTID="21634839" OBJECTGUID="856ac6ac-61cd-4a34-b779-d9b225ba2e39" CHANGEID="600851021" ISACTIVE="1" LEVELID="10" CREATEDATE="2019-02-21" UPDATEDATE="2024-09-11" /><OBJECT OBJECTID="21629751" OBJECTGUID="e80eddbe-40bf-4d89-a720-c5f283be684b" CHANGEID="600851022" ISACTIVE="1" LEVELID="10" CREATEDATE="2019-02-21" UPDATEDATE="2024-09-11" /><OBJECT OBJECTID="21629084" OBJECTGUID="4f335c70-6b07-4726-88d8-bc77b8cc515c" CHANGEID="600851024" ISACTIVE="1" LEVELID="10" CREATEDATE="2019-02-21" UPDATEDATE="2024-09-11" /><OBJECT OBJECTID="21628530" OBJECTGUID="2ae4501d-130d-4d42-a6cc-b7a46054e747" CHANGEID="600851025" ISACTIVE="1" LEVELID="10" CREATEDATE="2019-02-21" UPDATEDATE="2024-09-11" /><OBJECT OBJECTID="21625644" OBJECTGUID="4f0decca-0718-484e-af06-9b1474a5b7d0" CHANGEID="600851030" ISACTIVE="1" LEVELID="10" CREATEDATE="2019-02-21" UPDATEDATE="2024-09-11" /><OBJECT OBJECTID="21623763" OBJECTGUID="9ec28349-5c44-405b-813e-9b13788d91ad" CHANGEID="600851031" ISACTIVE="1" LEVELID="10" CREATEDATE="2019-02-21" UPDATEDATE="2024-09-11" /><OBJECT OBJECTID="21619846" OBJECTGUID="0a4c36fc-7933-47fa-a892-80c01e97491d" CHANGEID="600851033" ISACTIVE="1" LEVELID="10" CREATEDATE="2019-02-21" UPDATEDATE="2024-09-11" /><OBJECT OBJECTID="21618640" OBJECTGUID="e9186960-5fb1-4642-8d5e-6d50dcc4d969" CHANGEID="600851034" ISACTIVE="1" LEVELID="10" CREATEDATE="2019-02-21" UPDATEDATE="2024-09-11" /><OBJECT OBJECTID="21610092" OBJECTGUID="f4c0e208-f8a6-4bdf-8669-4b1b3d2b3699" CHANGEID="600851037" ISACTIVE="1" LEVELID="10" CREATEDATE="2019-02-21" UPDATEDATE="2024-09-11" /><OBJECT OBJECTID="21605807" OBJECTGUID="6e14ae24-762f-4488-9e8b-2e003fa84b7e" CHANGEID="600851039" ISACTIVE="1" LEVELID="10" CREATEDATE="2019-02-21" UPDATEDATE="2024-09-11" /><OBJECT OBJECTID="21605427" OBJECTGUID="284f7843-6124-490b-b428-22f7d5d07c74" CHANGEID="600851040" ISACTIVE="1" LEVELID="10" CREATEDATE="2019-02-21" UPDATEDATE="2024-09-11" /><OBJECT OBJECTID="21603834" OBJECTGUID="dae205e7-2ad9-4d5c-9c4e-110e61b56fae" CHANGEID="600851043" ISACTIVE="1" LEVELID="10" CREATEDATE="2019-02-21" UPDATEDATE="2024-09-11" /><OBJECT OBJECTID="21593221" OBJECTGUID="76af489c-1baa-474b-ae3d-0c350772d694" CHANGEID="600851044" ISACTIVE="1" LEVELID="10" CREATEDATE="2019-02-21" UPDATEDATE="2024-09-11" /><OBJECT OBJECTID="21592598" OBJECTGUID="5b28b89d-1ab8-41bf-84f0-0a9225a7023c" CHANGEID="600851045" ISACTIVE="1" LEVELID="10" CREATEDATE="2019-02-21" UPDATEDATE="2024-09-11" /><OBJECT OBJECTID="21587321" OBJECTGUID="80811b47-dad7-4399-90bf-0105d0c33d34" CHANGEID="600851046" ISACTIVE="1" LEVELID="10" CREATEDATE="2019-02-21" UPDATEDATE="2024-09-11" /><OBJECT OBJECTID="21586654" OBJECTGUID="5aada796-2a7d-4197-833e-00814ea3257a" CHANGEID="600851047" ISACTIVE="1" LEVELID="10" CREATEDATE="2019-02-21" UPDATEDATE="2024-09-11" /><OBJECT OBJECTID="162193059" OBJECTGUID="9d8a75e7-a526-4212-a9ef-fc93937023d1" CHANGEID="600851128" ISACTIVE="1" LEVELID="10" CREATEDATE="2024-01-25" UPDATEDATE="2024-09-11" /><OBJECT OBJECTID="162513498" OBJECTGUID="b5716e1a-6129-4409-9096-042ce33acfab" CHANGEID="600851140" ISACTIVE="1" LEVELID="10" CREATEDATE="2024-02-19" UPDATEDATE="2024-09-11" /><OBJECT OBJECTID="162768225" OBJECTGUID="205771bd-fd1e-41c6-b989-edd4e27ccb5c" CHANGEID="600851153" ISACTIVE="1" LEVELID="10" CREATEDATE="2024-03-12" UPDATEDATE="2024-09-11" /><OBJECT OBJECTID="162734245" OBJECTGUID="8d162330-b5d4-41e8-b5ac-3bd348ddfa7e" CHANGEID="600851154" ISACTIVE="1" LEVELID="10" CREATEDATE="2024-03-07" UPDATEDATE="2024-09-11" /><OBJECT OBJECTID="162613831" OBJECTGUID="6fd2a61c-ef57-4cca-8e55-06b11c6451ea" CHANGEID="600851155" ISACTIVE="1" LEVELID="10" CREATEDATE="2024-02-27" UPDATEDATE="2024-09-11" /><OBJECT OBJECTID="164948288" OBJECTGUID="b00ef206-7d33-4ee3-ae94-65d630af7703" CHANGEID="600851160" ISACTIVE="1" LEVELID="10" CREATEDATE="2024-08-29" UPDATEDATE="2024-09-11" /><OBJECT OBJECTID="165198732" OBJECTGUID="053691de-7301-48a3-973a-6c907715b871" CHANGEID="600895456" ISACTIVE="1" LEVELID="9" CREATEDATE="2024-09-11" UPDATEDATE="2024-09-11" /><OBJECT OBJECTID="165198733" OBJECTGUID="be673772-23af-4143-8600-9af47b1d920f" CHANGEID="600895457" ISACTIVE="1" LEVELID="9" CREATEDATE="2024-09-11" UPDATEDATE="2024-09-11" /><OBJECT OBJECTID="58917526" OBJECTGUID="58dfd894-1fc9-4e81-b17a-20226cbe35a2" CHANGEID="600926207" ISACTIVE="1" LEVELID="10" CREATEDATE="2012-03-19" UPDATEDATE="2024-09-11" /><OBJECT OBJECTID="158307634" OBJECTGUID="9b252d8a-d4ee-4e1b-9abd-3df36c89f7bd" CHANGEID="600928668" ISACTIVE="1" LEVELID="9" CREATEDATE="2023-03-15" UPDATEDATE="2024-09-11" /><OBJECT OBJECTID="163789993" OBJECTGUID="10f11536-0818-41aa-8b19-8b1000dc1b68" CHANGEID="600716451" ISACTIVE="1" LEVELID="10" CREATEDATE="2024-06-05" UPDATEDATE="2024-09-07" /><OBJECT OBJECTID="50545496" OBJECTGUID="f9df37e8-3d44-4642-ae82-c0b15ed6d7a5" CHANGEID="600592725" ISACTIVE="1" LEVELID="10" CREATEDATE="2017-12-18" UPDATEDATE="2024-09-06" /><OBJECT OBJECTID="97888018" OBJECTGUID="b3a10f9f-8d79-478b-924a-875d35598342" CHANGEID="600716367" ISACTIVE="1" LEVELID="10" CREATEDATE="2020-08-13" UPDATEDATE="2024-09-07" /><OBJECT OBJECTID="58930256" OBJECTGUID="2d8c34fd-3e3c-4ba1-b470-d33ddbe84ca7" CHANGEID="600926478" ISACTIVE="1" LEVELID="10" CREATEDATE="2019-07-14" UPDATEDATE="2024-09-11" /><OBJECT OBJECTID="164827687" OBJECTGUID="12074788-be0e-4e2e-a387-587b6640f5f4" CHANGEID="600716500" ISACTIVE="1" LEVELID="10" CREATEDATE="2024-08-22" UPDATEDATE="2024-09-07" /><OBJECT OBJECTID="164829759" OBJECTGUID="ac48e6f1-8a27-4b67-b42a-98a7deae01eb" CHANGEID="600716497" ISACTIVE="1" LEVELID="10" CREATEDATE="2024-08-22" UPDATEDATE="2024-09-07" /><OBJECT OBJECTID="164829770" OBJECTGUID="39f9b8c7-1ed6-4fa2-8bbe-0ac922c17b79" CHANGEID="600716493" ISACTIVE="1" LEVELID="10" CREATEDATE="2024-08-22" UPDATEDATE="2024-09-07" /><OBJECT OBJECTID="164874174" OBJECTGUID="9bdb2435-3f67-4305-a5ff-d123ed4ff41c" CHANGEID="600716486" ISACTIVE="1" LEVELID="10" CREATEDATE="2024-08-26" UPDATEDATE="2024-09-07" /><OBJECT OBJECTID="9061724" OBJECTGUID="f33df5cd-e379-417d-ae75-a055496af8a9" CHANGEID="600851053" ISACTIVE="1" LEVELID="10" CREATEDATE="2019-02-21" UPDATEDATE="2024-09-11" /><OBJECT OBJECTID="164898124" OBJECTGUID="f1766ec5-5403-4a8d-9e0b-4173b6ee58ee" CHANGEID="600716484" ISACTIVE="1" LEVELID="10" CREATEDATE="2024-08-27" UPDATEDATE="2024-09-07" /><OBJECT OBJECTID="9129778" OBJECTGUID="22570fe8-bf72-4ce2-9e55-f372aa12bfdb" CHANGEID="600851058" ISACTIVE="1" LEVELID="10" CREATEDATE="2019-02-21" UPDATEDATE="2024-09-11" /><OBJECT OBJECTID="9096619" OBJECTGUID="38c0d257-825d-4712-8283-41385dcf9af1" CHANGEID="600851050" ISACTIVE="1" LEVELID="10" CREATEDATE="2019-02-21" UPDATEDATE="2024-09-11" /><OBJECT OBJECTID="3869620" OBJECTGUID="9e9c447f-4b1c-424d-be31-4e5e1064c9dd" CHANGEID="600681536" ISACTIVE="1" LEVELID="10" CREATEDATE="2019-07-14" UPDATEDATE="2024-09-06" /><OBJECT OBJECTID="164927080" OBJECTGUID="3f3a64d4-ace6-4e91-957b-50ee4848d555" CHANGEID="600716482" ISACTIVE="1" LEVELID="10" CREATEDATE="2024-08-28" UPDATEDATE="2024-09-07" /><OBJECT OBJECTID="164933753" OBJECTGUID="3707f142-369d-4632-b0b5-011de1d6cd46" CHANGEID="600716480" ISACTIVE="1" LEVELID="10" CREATEDATE="2024-08-28" UPDATEDATE="2024-09-07" /><OBJECT OBJECTID="164943997" OBJECTGUID="9d9496fb-4a61-445d-8dbe-4bc2a6dfa7ca" CHANGEID="600716478" ISACTIVE="1" LEVELID="10" CREATEDATE="2024-08-29" UPDATEDATE="2024-09-07" /><OBJECT OBJECTID="164948287" OBJECTGUID="210a32ff-19c5-4c86-b45e-9fce8d76b24a" CHANGEID="600716476" ISACTIVE="1" LEVELID="10" CREATEDATE="2024-08-29" UPDATEDATE="2024-09-07" /><OBJECT OBJECTID="164958520" OBJECTGUID="39c92b47-ff10-400a-8f4f-fffb8b13d0d4" CHANGEID="600716474" ISACTIVE="1" LEVELID="10" CREATEDATE="2024-08-30" UPDATEDATE="2024-09-07" /></REESTR_OBJECTS>