﻿<?xml version="1.0" encoding="utf-8"?><STEADS><STEAD ID="67593952" OBJECTID="162282795" OBJECTGUID="9e391667-6291-4e42-aebd-60109bf52d00" CHANGEID="588897029" NUMBER="18" OPERTYPEID="10" PREVID="0" NEXTID="68691252" UPDATEDATE="2024-09-11" STARTDATE="2024-01-31" ENDDATE="2024-09-11" ISACTUAL="0" ISACTIVE="0" /><STEAD ID="68620993" OBJECTID="165074332" OBJECTGUID="858d4548-de3b-45ec-b437-949696c9830f" CHANGEID="600533479" NUMBER="46" OPERTYPEID="10" PREVID="0" NEXTID="0" UPDATEDATE="2024-09-05" STARTDATE="2024-09-05" ENDDATE="2079-06-06" ISACTUAL="1" ISACTIVE="1" /><STEAD ID="68653627" OBJECTID="165131040" OBJECTGUID="0dd6be24-af15-481f-a8fa-b8fe5a63154f" CHANGEID="600760073" NUMBER="7А" OPERTYPEID="10" PREVID="0" NEXTID="0" UPDATEDATE="2024-09-09" STARTDATE="2024-09-09" ENDDATE="2079-06-06" ISACTUAL="1" ISACTIVE="1" /><STEAD ID="68653630" OBJECTID="165131043" OBJECTGUID="fd54c178-0cf5-4b90-bcec-3ef294459af7" CHANGEID="600760079" NUMBER="60А" OPERTYPEID="10" PREVID="0" NEXTID="0" UPDATEDATE="2024-09-09" STARTDATE="2024-09-09" ENDDATE="2079-06-06" ISACTUAL="1" ISACTIVE="1" /><STEAD ID="68653623" OBJECTID="165131035" OBJECTGUID="a02a1c5b-3d7f-41f5-8079-f6d36524be0a" CHANGEID="600759772" NUMBER="26" OPERTYPEID="10" PREVID="0" NEXTID="0" UPDATEDATE="2024-09-09" STARTDATE="2024-09-09" ENDDATE="2079-06-06" ISACTUAL="1" ISACTIVE="1" /><STEAD ID="68653625" OBJECTID="165131038" OBJECTGUID="caa95e54-3983-41ad-a3ea-be40a0acda0a" CHANGEID="600760010" NUMBER="4А" OPERTYPEID="10" PREVID="0" NEXTID="0" UPDATEDATE="2024-09-09" STARTDATE="2024-09-09" ENDDATE="2079-06-06" ISACTUAL="1" ISACTIVE="1" /><STEAD ID="68653626" OBJECTID="165131039" OBJECTGUID="b44c3089-1111-4963-bb75-2431d4a36a96" CHANGEID="600760072" NUMBER="3А" OPERTYPEID="10" PREVID="0" NEXTID="0" UPDATEDATE="2024-09-09" STARTDATE="2024-09-09" ENDDATE="2079-06-06" ISACTUAL="1" ISACTIVE="1" /><STEAD ID="68653628" OBJECTID="165131041" OBJECTGUID="549faf25-6385-4dc7-8d62-784d6aef29da" CHANGEID="600760074" NUMBER="54" OPERTYPEID="10" PREVID="0" NEXTID="0" UPDATEDATE="2024-09-09" STARTDATE="2024-09-09" ENDDATE="2079-06-06" ISACTUAL="1" ISACTIVE="1" /><STEAD ID="68653629" OBJECTID="165131042" OBJECTGUID="f300b7b9-19e1-4d2a-9054-bd507004f77a" CHANGEID="600760078" NUMBER="20" OPERTYPEID="10" PREVID="0" NEXTID="0" UPDATEDATE="2024-09-09" STARTDATE="2024-09-09" ENDDATE="2079-06-06" ISACTUAL="1" ISACTIVE="1" /><STEAD ID="68654475" OBJECTID="165133000" OBJECTGUID="2e7b87d9-1618-496d-a78e-6828d6f0ced2" CHANGEID="600762934" NUMBER="50А" OPERTYPEID="10" PREVID="0" NEXTID="0" UPDATEDATE="2024-09-09" STARTDATE="2024-09-09" ENDDATE="2079-06-06" ISACTUAL="1" ISACTIVE="1" /><STEAD ID="68654477" OBJECTID="165133002" OBJECTGUID="706ccfa0-9260-4c1b-bdfb-7e3298beef6b" CHANGEID="600762936" NUMBER="19" OPERTYPEID="10" PREVID="0" NEXTID="0" UPDATEDATE="2024-09-09" STARTDATE="2024-09-09" ENDDATE="2079-06-06" ISACTUAL="1" ISACTIVE="1" /><STEAD ID="68654476" OBJECTID="165133001" OBJECTGUID="f0919648-58cd-4ffd-93e5-48b3657ce650" CHANGEID="600762935" NUMBER="72" OPERTYPEID="10" PREVID="0" NEXTID="0" UPDATEDATE="2024-09-09" STARTDATE="2024-09-09" ENDDATE="2079-06-06" ISACTUAL="1" ISACTIVE="1" /><STEAD ID="68654478" OBJECTID="165133003" OBJECTGUID="a8286f0f-94bc-4f68-99c9-53d23e3fd3d5" CHANGEID="600762937" NUMBER="82" OPERTYPEID="10" PREVID="0" NEXTID="0" UPDATEDATE="2024-09-09" STARTDATE="2024-09-09" ENDDATE="2079-06-06" ISACTUAL="1" ISACTIVE="1" /><STEAD ID="68660104" OBJECTID="165143732" OBJECTGUID="7d5a9b63-5d66-4a9d-bfd0-7e5f8fb45684" CHANGEID="600780927" NUMBER="3" OPERTYPEID="10" PREVID="0" NEXTID="0" UPDATEDATE="2024-09-09" STARTDATE="2024-09-09" ENDDATE="2079-06-06" ISACTUAL="1" ISACTIVE="1" /><STEAD ID="68663966" OBJECTID="165150556" OBJECTGUID="e60b5891-9af8-4793-b3c8-0fb2b713eaab" CHANGEID="600791525" NUMBER="1" OPERTYPEID="10" PREVID="0" NEXTID="0" UPDATEDATE="2024-09-09" STARTDATE="2024-09-09" ENDDATE="2079-06-06" ISACTUAL="1" ISACTIVE="1" /><STEAD ID="68663993" OBJECTID="165150580" OBJECTGUID="323bedc7-98fe-4dcb-9dff-4ac6c8c4608f" CHANGEID="600791588" NUMBER="7" OPERTYPEID="10" PREVID="0" NEXTID="0" UPDATEDATE="2024-09-09" STARTDATE="2024-09-09" ENDDATE="2079-06-06" ISACTUAL="1" ISACTIVE="1" /><STEAD ID="68664007" OBJECTID="165150591" OBJECTGUID="a99b8613-8150-4197-88b6-a3e385ea71ae" CHANGEID="600791635" NUMBER="34А" OPERTYPEID="10" PREVID="0" NEXTID="0" UPDATEDATE="2024-09-09" STARTDATE="2024-09-09" ENDDATE="2079-06-06" ISACTUAL="1" ISACTIVE="1" /><STEAD ID="68663946" OBJECTID="165150533" OBJECTGUID="6e981388-357f-4c23-a889-69bc9fdb14e9" CHANGEID="600791473" NUMBER="74А" OPERTYPEID="10" PREVID="0" NEXTID="0" UPDATEDATE="2024-09-09" STARTDATE="2024-09-09" ENDDATE="2079-06-06" ISACTUAL="1" ISACTIVE="1" /><STEAD ID="68663976" OBJECTID="165150565" OBJECTGUID="322451cb-0c92-4319-858f-1c007c785b47" CHANGEID="600791549" NUMBER="38" OPERTYPEID="10" PREVID="0" NEXTID="0" UPDATEDATE="2024-09-09" STARTDATE="2024-09-09" ENDDATE="2079-06-06" ISACTUAL="1" ISACTIVE="1" /><STEAD ID="68664015" OBJECTID="165150599" OBJECTGUID="178030e1-3f01-4a5a-b96c-11102310000a" CHANGEID="600791663" NUMBER="46" OPERTYPEID="10" PREVID="0" NEXTID="0" UPDATEDATE="2024-09-09" STARTDATE="2024-09-09" ENDDATE="2079-06-06" ISACTUAL="1" ISACTIVE="1" /><STEAD ID="68664021" OBJECTID="165150606" OBJECTGUID="83190324-9402-40df-aab8-18707b090c61" CHANGEID="600791680" NUMBER="3В" OPERTYPEID="10" PREVID="0" NEXTID="0" UPDATEDATE="2024-09-09" STARTDATE="2024-09-09" ENDDATE="2079-06-06" ISACTUAL="1" ISACTIVE="1" /><STEAD ID="68664028" OBJECTID="165150614" OBJECTGUID="527086ee-e8d5-46f9-99a2-c193076a2549" CHANGEID="600791698" NUMBER="42" OPERTYPEID="10" PREVID="0" NEXTID="0" UPDATEDATE="2024-09-09" STARTDATE="2024-09-09" ENDDATE="2079-06-06" ISACTUAL="1" ISACTIVE="1" /><STEAD ID="68664042" OBJECTID="165150627" OBJECTGUID="5d94c976-19ea-4b67-a3c5-9bace5332881" CHANGEID="600791729" NUMBER="45А" OPERTYPEID="10" PREVID="0" NEXTID="0" UPDATEDATE="2024-09-09" STARTDATE="2024-09-09" ENDDATE="2079-06-06" ISACTUAL="1" ISACTIVE="1" /><STEAD ID="68664054" OBJECTID="165150642" OBJECTGUID="809e9a40-e4d6-419c-a03e-2f29e11a7014" CHANGEID="600791792" NUMBER="58" OPERTYPEID="10" PREVID="0" NEXTID="0" UPDATEDATE="2024-09-09" STARTDATE="2024-09-09" ENDDATE="2079-06-06" ISACTUAL="1" ISACTIVE="1" /><STEAD ID="68664062" OBJECTID="165150650" OBJECTGUID="a42dfe8e-aace-4cdd-8602-3dc13413008b" CHANGEID="600791806" NUMBER="7" OPERTYPEID="10" PREVID="0" NEXTID="0" UPDATEDATE="2024-09-09" STARTDATE="2024-09-09" ENDDATE="2079-06-06" ISACTUAL="1" ISACTIVE="1" /><STEAD ID="68676362" OBJECTID="165171391" OBJECTGUID="3d491197-b902-4f19-8428-202254e751a6" CHANGEID="600828486" NUMBER="14" OPERTYPEID="10" PREVID="0" NEXTID="0" UPDATEDATE="2024-09-10" STARTDATE="2024-09-10" ENDDATE="2079-06-06" ISACTUAL="1" ISACTIVE="1" /><STEAD ID="68691252" OBJECTID="162282795" OBJECTGUID="9e391667-6291-4e42-aebd-60109bf52d00" CHANGEID="600895455" NUMBER="18" OPERTYPEID="60" PREVID="67593952" UPDATEDATE="2024-09-11" STARTDATE="2024-09-11" ENDDATE="2079-06-06" ISACTUAL="1" ISACTIVE="0" /><STEAD ID="68691253" OBJECTID="165198732" OBJECTGUID="053691de-7301-48a3-973a-6c907715b871" CHANGEID="600895456" NUMBER="18" OPERTYPEID="61" PREVID="68691252" NEXTID="0" UPDATEDATE="2024-09-11" STARTDATE="2024-09-11" ENDDATE="2079-06-06" ISACTUAL="1" ISACTIVE="1" /><STEAD ID="68691254" OBJECTID="165198733" OBJECTGUID="be673772-23af-4143-8600-9af47b1d920f" CHANGEID="600895457" NUMBER="18а" OPERTYPEID="61" PREVID="68691252" NEXTID="0" UPDATEDATE="2024-09-11" STARTDATE="2024-09-11" ENDDATE="2079-06-06" ISACTUAL="1" ISACTIVE="1" /></STEADS>