﻿<?xml version="1.0" encoding="utf-8"?><HOUSES><HOUSE ID="58603939" OBJECTID="3271959" OBJECTGUID="65f35030-abc6-428e-9d88-c027bebc375d" CHANGEID="6698783" HOUSENUM="96-а" HOUSETYPE="2" OPERTYPEID="20" PREVID="1097388" NEXTID="126724501" UPDATEDATE="2024-09-05" STARTDATE="2017-05-18" ENDDATE="2024-09-05" ISACTUAL="0" ISACTIVE="0" /><HOUSE ID="60285955" OBJECTID="53120684" OBJECTGUID="7db36e13-6568-4293-811b-4bd33bfb3b80" CHANGEID="79533911" HOUSENUM="13-а" HOUSETYPE="2" OPERTYPEID="20" PREVID="31715833" NEXTID="126747752" UPDATEDATE="2024-09-10" STARTDATE="2017-04-21" ENDDATE="2024-09-10" ISACTUAL="0" ISACTIVE="0" /><HOUSE ID="66755796" OBJECTID="3304267" OBJECTGUID="d9081ad4-1a24-4210-98ea-27e2963441dc" CHANGEID="6748562" HOUSENUM="80-а" HOUSETYPE="2" OPERTYPEID="20" PREVID="1120663" NEXTID="126724499" UPDATEDATE="2024-09-05" STARTDATE="2017-05-18" ENDDATE="2024-09-05" ISACTUAL="0" ISACTIVE="0" /><HOUSE ID="126724499" OBJECTID="3304267" OBJECTGUID="d9081ad4-1a24-4210-98ea-27e2963441dc" CHANGEID="600504995" HOUSENUM="80А" HOUSETYPE="2" OPERTYPEID="20" PREVID="66755796" UPDATEDATE="2024-09-05" STARTDATE="2024-09-05" ENDDATE="2079-06-06" ISACTUAL="1" ISACTIVE="1" /><HOUSE ID="62292786" OBJECTID="3299252" OBJECTGUID="9a067bca-d829-48ff-9502-d3f374c35278" CHANGEID="6741019" HOUSENUM="84-в" HOUSETYPE="2" OPERTYPEID="20" PREVID="1117389" NEXTID="126724500" UPDATEDATE="2024-09-05" STARTDATE="2017-05-18" ENDDATE="2024-09-05" ISACTUAL="0" ISACTIVE="0" /><HOUSE ID="126724500" OBJECTID="3299252" OBJECTGUID="9a067bca-d829-48ff-9502-d3f374c35278" CHANGEID="600505003" HOUSENUM="84В" HOUSETYPE="2" OPERTYPEID="20" PREVID="62292786" UPDATEDATE="2024-09-05" STARTDATE="2024-09-05" ENDDATE="2079-06-06" ISACTUAL="1" ISACTIVE="1" /><HOUSE ID="126724501" OBJECTID="3271959" OBJECTGUID="65f35030-abc6-428e-9d88-c027bebc375d" CHANGEID="600505005" HOUSENUM="96А" HOUSETYPE="2" OPERTYPEID="20" PREVID="58603939" UPDATEDATE="2024-09-05" STARTDATE="2024-09-05" ENDDATE="2079-06-06" ISACTUAL="1" ISACTIVE="1" /><HOUSE ID="126747752" OBJECTID="53120684" OBJECTGUID="7db36e13-6568-4293-811b-4bd33bfb3b80" CHANGEID="600799978" HOUSENUM="13А" HOUSETYPE="2" OPERTYPEID="20" PREVID="60285955" UPDATEDATE="2024-09-10" STARTDATE="2024-09-10" ENDDATE="2079-06-06" ISACTUAL="1" ISACTIVE="1" /></HOUSES>