﻿<?xml version="1.0" encoding="utf-8"?><REESTR_OBJECTS><OBJECT OBJECTID="53120684" OBJECTGUID="7db36e13-6568-4293-811b-4bd33bfb3b80" CHANGEID="600799978" ISACTIVE="1" LEVELID="10" CREATEDATE="2017-10-25" UPDATEDATE="2024-09-10" /><OBJECT OBJECTID="3304267" OBJECTGUID="d9081ad4-1a24-4210-98ea-27e2963441dc" CHANGEID="600504995" ISACTIVE="1" LEVELID="10" CREATEDATE="2017-03-16" UPDATEDATE="2024-09-05" /><OBJECT OBJECTID="3299252" OBJECTGUID="9a067bca-d829-48ff-9502-d3f374c35278" CHANGEID="600505003" ISACTIVE="1" LEVELID="10" CREATEDATE="2019-07-10" UPDATEDATE="2024-09-05" /><OBJECT OBJECTID="3351901" OBJECTGUID="fb273951-0da8-4b4d-bfc3-a836956c960b" CHANGEID="600505010" ISACTIVE="1" LEVELID="10" CREATEDATE="2019-07-10" UPDATEDATE="2024-09-05" /><OBJECT OBJECTID="60166073" OBJECTGUID="e5acba6c-3d38-4fff-bd8b-43358658b363" CHANGEID="600727386" ISACTIVE="1" LEVELID="10" CREATEDATE="2017-10-25" UPDATEDATE="2024-09-07" /><OBJECT OBJECTID="60142098" OBJECTGUID="86e8f223-375a-4988-ade3-28e2ffc06e24" CHANGEID="600727387" ISACTIVE="1" LEVELID="10" CREATEDATE="2017-05-03" UPDATEDATE="2024-09-07" /><OBJECT OBJECTID="60191649" OBJECTGUID="7609a4b2-7b00-4232-87d6-8bd09e2ce29c" CHANGEID="600727466" ISACTIVE="1" LEVELID="10" CREATEDATE="2017-10-25" UPDATEDATE="2024-09-07" /><OBJECT OBJECTID="60227720" OBJECTGUID="dd016728-651e-47a1-a4d6-cfbdccb339bb" CHANGEID="600727465" ISACTIVE="1" LEVELID="10" CREATEDATE="2017-06-13" UPDATEDATE="2024-09-07" /><OBJECT OBJECTID="165056167" OBJECTGUID="a376510c-5b39-4558-8acb-73f9aa340074" CHANGEID="600504994" ISACTIVE="1" LEVELID="9" CREATEDATE="2024-09-05" UPDATEDATE="2024-09-05" /><OBJECT OBJECTID="165056168" OBJECTGUID="d4b67089-821c-4c05-ac0f-03a31099e63b" CHANGEID="600504996" ISACTIVE="1" LEVELID="9" CREATEDATE="2024-09-05" UPDATEDATE="2024-09-05" /><OBJECT OBJECTID="165056170" OBJECTGUID="1b021348-1b91-4542-a159-a7b01e47a636" CHANGEID="600505004" ISACTIVE="1" LEVELID="9" CREATEDATE="2024-09-05" UPDATEDATE="2024-09-05" /><OBJECT OBJECTID="3271959" OBJECTGUID="65f35030-abc6-428e-9d88-c027bebc375d" CHANGEID="600505005" ISACTIVE="1" LEVELID="10" CREATEDATE="2019-07-10" UPDATEDATE="2024-09-05" /><OBJECT OBJECTID="165056171" OBJECTGUID="ddbf7d7e-0314-4cb5-bf07-5745603eae55" CHANGEID="600505006" ISACTIVE="1" LEVELID="9" CREATEDATE="2024-09-05" UPDATEDATE="2024-09-05" /><OBJECT OBJECTID="3301649" OBJECTGUID="299b238b-1578-4cc6-a51a-789056c7fbe4" CHANGEID="600505007" ISACTIVE="1" LEVELID="10" CREATEDATE="2017-07-28" UPDATEDATE="2024-09-05" /><OBJECT OBJECTID="165056172" OBJECTGUID="7003b68a-bc92-49ce-8092-9b4bce5d3940" CHANGEID="600505008" ISACTIVE="1" LEVELID="9" CREATEDATE="2024-09-05" UPDATEDATE="2024-09-05" /><OBJECT OBJECTID="165056173" OBJECTGUID="6b59366c-51ed-4a6c-b025-158c4afa902f" CHANGEID="600505009" ISACTIVE="1" LEVELID="9" CREATEDATE="2024-09-05" UPDATEDATE="2024-09-05" /><OBJECT OBJECTID="165056174" OBJECTGUID="60777a43-41fe-4f2f-9e8b-ded6c0596dab" CHANGEID="600505011" ISACTIVE="1" LEVELID="9" CREATEDATE="2024-09-05" UPDATEDATE="2024-09-05" /><OBJECT OBJECTID="3271798" OBJECTGUID="486adc18-1838-4b76-bb99-c021b5be1ada" CHANGEID="600505013" ISACTIVE="1" LEVELID="10" CREATEDATE="2019-07-10" UPDATEDATE="2024-09-05" /><OBJECT OBJECTID="3297373" OBJECTGUID="cf8680be-ebfe-490f-bb50-1649caff0609" CHANGEID="600505012" ISACTIVE="1" LEVELID="10" CREATEDATE="2017-03-16" UPDATEDATE="2024-09-05" /><OBJECT OBJECTID="3297966" OBJECTGUID="17ab54c6-8f36-4a67-a633-d3ca0c99e02c" CHANGEID="600505014" ISACTIVE="1" LEVELID="10" CREATEDATE="2019-07-10" UPDATEDATE="2024-09-05" /><OBJECT OBJECTID="165056175" OBJECTGUID="b37d94d6-ee25-48ca-89d2-dcf074e7ef41" CHANGEID="600505015" ISACTIVE="1" LEVELID="11" CREATEDATE="2024-09-05" UPDATEDATE="2024-09-05" /><OBJECT OBJECTID="165056176" OBJECTGUID="96623bdd-d9b5-4261-8102-f394adf25886" CHANGEID="600505016" ISACTIVE="1" LEVELID="11" CREATEDATE="2024-09-05" UPDATEDATE="2024-09-05" /><OBJECT OBJECTID="165056177" OBJECTGUID="72a4d9b1-26a7-4d22-8efd-90b62ff73794" CHANGEID="600505017" ISACTIVE="1" LEVELID="11" CREATEDATE="2024-09-05" UPDATEDATE="2024-09-05" /><OBJECT OBJECTID="165056178" OBJECTGUID="9bdf1282-d0f9-4c05-96d2-cff5ffaadab2" CHANGEID="600505018" ISACTIVE="1" LEVELID="11" CREATEDATE="2024-09-05" UPDATEDATE="2024-09-05" /><OBJECT OBJECTID="165056179" OBJECTGUID="1b23ae84-ad7f-481f-a27f-b8cc684b208d" CHANGEID="600505019" ISACTIVE="1" LEVELID="11" CREATEDATE="2024-09-05" UPDATEDATE="2024-09-05" /><OBJECT OBJECTID="165056180" OBJECTGUID="d81f8181-6577-4d79-ad19-f7615e4b5257" CHANGEID="600505020" ISACTIVE="1" LEVELID="11" CREATEDATE="2024-09-05" UPDATEDATE="2024-09-05" /><OBJECT OBJECTID="165056181" OBJECTGUID="6be3b77f-22d1-433f-ab37-d3000002463f" CHANGEID="600505021" ISACTIVE="1" LEVELID="11" CREATEDATE="2024-09-05" UPDATEDATE="2024-09-05" /><OBJECT OBJECTID="165056182" OBJECTGUID="7e517db0-2e34-4fcf-ba21-02c30b861a34" CHANGEID="600505022" ISACTIVE="1" LEVELID="11" CREATEDATE="2024-09-05" UPDATEDATE="2024-09-05" /><OBJECT OBJECTID="165056183" OBJECTGUID="0be5343c-97ee-4438-b38a-fdfcd2ce37b5" CHANGEID="600505023" ISACTIVE="1" LEVELID="11" CREATEDATE="2024-09-05" UPDATEDATE="2024-09-05" /><OBJECT OBJECTID="165056184" OBJECTGUID="c80c9eaa-d06f-4d2c-9c72-66765b3cefef" CHANGEID="600505024" ISACTIVE="1" LEVELID="11" CREATEDATE="2024-09-05" UPDATEDATE="2024-09-05" /><OBJECT OBJECTID="165056185" OBJECTGUID="1e261c18-dc2f-4022-99eb-2839eed97a36" CHANGEID="600505025" ISACTIVE="1" LEVELID="11" CREATEDATE="2024-09-05" UPDATEDATE="2024-09-05" /><OBJECT OBJECTID="165056186" OBJECTGUID="87d305f8-716b-4d2c-8e3b-5f705b4411c4" CHANGEID="600505026" ISACTIVE="1" LEVELID="11" CREATEDATE="2024-09-05" UPDATEDATE="2024-09-05" /><OBJECT OBJECTID="165056187" OBJECTGUID="f1f68d89-a405-4061-9904-7505fff7efb6" CHANGEID="600505027" ISACTIVE="1" LEVELID="11" CREATEDATE="2024-09-05" UPDATEDATE="2024-09-05" /><OBJECT OBJECTID="165056188" OBJECTGUID="4107159c-5cd6-4f44-a551-2d62501e6724" CHANGEID="600505028" ISACTIVE="1" LEVELID="11" CREATEDATE="2024-09-05" UPDATEDATE="2024-09-05" /><OBJECT OBJECTID="165056189" OBJECTGUID="7afdee7c-55c6-4f95-be89-41466fac78a8" CHANGEID="600505029" ISACTIVE="1" LEVELID="11" CREATEDATE="2024-09-05" UPDATEDATE="2024-09-05" /><OBJECT OBJECTID="165056190" OBJECTGUID="a0db2f83-b221-4882-b63a-e0a3e7d65d9e" CHANGEID="600505030" ISACTIVE="1" LEVELID="11" CREATEDATE="2024-09-05" UPDATEDATE="2024-09-05" /><OBJECT OBJECTID="165056191" OBJECTGUID="9e68400c-303f-4bb4-b155-e2d93a64885f" CHANGEID="600505031" ISACTIVE="1" LEVELID="11" CREATEDATE="2024-09-05" UPDATEDATE="2024-09-05" /><OBJECT OBJECTID="165056192" OBJECTGUID="c2159eba-4a70-4b75-8061-81a65ed04b6a" CHANGEID="600505032" ISACTIVE="1" LEVELID="11" CREATEDATE="2024-09-05" UPDATEDATE="2024-09-05" /><OBJECT OBJECTID="165056193" OBJECTGUID="80582099-03f5-4956-8764-b6fc96a017f4" CHANGEID="600505033" ISACTIVE="1" LEVELID="11" CREATEDATE="2024-09-05" UPDATEDATE="2024-09-05" /><OBJECT OBJECTID="165056194" OBJECTGUID="f95668ee-c971-493d-917d-a63869c1a301" CHANGEID="600505034" ISACTIVE="1" LEVELID="11" CREATEDATE="2024-09-05" UPDATEDATE="2024-09-05" /><OBJECT OBJECTID="165056195" OBJECTGUID="d1e7985f-a72c-4563-a0e2-4d90d88ddca3" CHANGEID="600505035" ISACTIVE="1" LEVELID="11" CREATEDATE="2024-09-05" UPDATEDATE="2024-09-05" /><OBJECT OBJECTID="165056196" OBJECTGUID="6674587c-3a6e-4826-b1f1-a95f997242ed" CHANGEID="600505036" ISACTIVE="1" LEVELID="11" CREATEDATE="2024-09-05" UPDATEDATE="2024-09-05" /><OBJECT OBJECTID="165056197" OBJECTGUID="9fe0d00d-7c13-46da-9d81-9d6f4c31bfb6" CHANGEID="600505037" ISACTIVE="1" LEVELID="11" CREATEDATE="2024-09-05" UPDATEDATE="2024-09-05" /><OBJECT OBJECTID="165056198" OBJECTGUID="573d1a07-15fd-4311-983b-f6a435215b2c" CHANGEID="600505038" ISACTIVE="1" LEVELID="11" CREATEDATE="2024-09-05" UPDATEDATE="2024-09-05" /><OBJECT OBJECTID="165056199" OBJECTGUID="239d47e4-c085-4c91-a3e9-c3ce86521460" CHANGEID="600505039" ISACTIVE="1" LEVELID="11" CREATEDATE="2024-09-05" UPDATEDATE="2024-09-05" /><OBJECT OBJECTID="165056200" OBJECTGUID="9930917e-4bac-4297-a34e-b73adb97d872" CHANGEID="600505040" ISACTIVE="1" LEVELID="11" CREATEDATE="2024-09-05" UPDATEDATE="2024-09-05" /><OBJECT OBJECTID="165056201" OBJECTGUID="457d1cde-3aae-4a39-97a3-d57c38a8d578" CHANGEID="600505041" ISACTIVE="1" LEVELID="11" CREATEDATE="2024-09-05" UPDATEDATE="2024-09-05" /><OBJECT OBJECTID="165056202" OBJECTGUID="b63aa31d-96a3-4910-9c7b-d3d956f9cba9" CHANGEID="600505042" ISACTIVE="1" LEVELID="11" CREATEDATE="2024-09-05" UPDATEDATE="2024-09-05" /><OBJECT OBJECTID="165056203" OBJECTGUID="d630b426-c9b1-4265-99c9-496e5797de81" CHANGEID="600505043" ISACTIVE="1" LEVELID="9" CREATEDATE="2024-09-05" UPDATEDATE="2024-09-05" /><OBJECT OBJECTID="165056959" OBJECTGUID="e0918ae3-262c-48a4-bbf3-5320733a1293" CHANGEID="600505954" ISACTIVE="1" LEVELID="9" CREATEDATE="2024-09-05" UPDATEDATE="2024-09-05" /><OBJECT OBJECTID="165056960" OBJECTGUID="b223ee2b-d814-4fa6-b4d5-335d85daf6a6" CHANGEID="600505955" ISACTIVE="1" LEVELID="11" CREATEDATE="2024-09-05" UPDATEDATE="2024-09-05" /><OBJECT OBJECTID="165056961" OBJECTGUID="1a7f55c7-4ba8-4340-962d-9a7e5e774f2a" CHANGEID="600505956" ISACTIVE="1" LEVELID="11" CREATEDATE="2024-09-05" UPDATEDATE="2024-09-05" /><OBJECT OBJECTID="165056962" OBJECTGUID="5cae79cf-477b-4097-8bb9-c8e77282741a" CHANGEID="600505957" ISACTIVE="1" LEVELID="11" CREATEDATE="2024-09-05" UPDATEDATE="2024-09-05" /><OBJECT OBJECTID="165056963" OBJECTGUID="96c20cc5-9774-4015-97bc-4be5132e2352" CHANGEID="600505958" ISACTIVE="1" LEVELID="11" CREATEDATE="2024-09-05" UPDATEDATE="2024-09-05" /><OBJECT OBJECTID="165056964" OBJECTGUID="45d89635-3a95-4167-9fc6-452930ff38a9" CHANGEID="600505959" ISACTIVE="1" LEVELID="9" CREATEDATE="2024-09-05" UPDATEDATE="2024-09-05" /><OBJECT OBJECTID="165056965" OBJECTGUID="da974b06-4b14-49bb-8c2c-36b6be890328" CHANGEID="600505960" ISACTIVE="1" LEVELID="11" CREATEDATE="2024-09-05" UPDATEDATE="2024-09-05" /><OBJECT OBJECTID="165056966" OBJECTGUID="b27ea3cd-b9fd-4a33-85a5-1ae6423432de" CHANGEID="600505961" ISACTIVE="1" LEVELID="11" CREATEDATE="2024-09-05" UPDATEDATE="2024-09-05" /><OBJECT OBJECTID="165056967" OBJECTGUID="be82251c-a705-4447-8938-84fe0eb67c4a" CHANGEID="600505962" ISACTIVE="1" LEVELID="11" CREATEDATE="2024-09-05" UPDATEDATE="2024-09-05" /><OBJECT OBJECTID="165056968" OBJECTGUID="dfd1fbb2-d6b3-4912-be76-9e75404fa163" CHANGEID="600505963" ISACTIVE="1" LEVELID="11" CREATEDATE="2024-09-05" UPDATEDATE="2024-09-05" /><OBJECT OBJECTID="165056969" OBJECTGUID="03523a54-9340-4ea4-9194-71f2863cb6a4" CHANGEID="600505964" ISACTIVE="1" LEVELID="11" CREATEDATE="2024-09-05" UPDATEDATE="2024-09-05" /><OBJECT OBJECTID="165056970" OBJECTGUID="d5957939-86b0-476a-a162-8e4ab4f4f2f5" CHANGEID="600505965" ISACTIVE="1" LEVELID="11" CREATEDATE="2024-09-05" UPDATEDATE="2024-09-05" /><OBJECT OBJECTID="165056971" OBJECTGUID="586cc211-d4df-4044-a7f1-a6462bc3eede" CHANGEID="600505966" ISACTIVE="1" LEVELID="11" CREATEDATE="2024-09-05" UPDATEDATE="2024-09-05" /><OBJECT OBJECTID="165056972" OBJECTGUID="54142444-a82e-4c9c-a297-9cb1f13530da" CHANGEID="600505967" ISACTIVE="1" LEVELID="11" CREATEDATE="2024-09-05" UPDATEDATE="2024-09-05" /><OBJECT OBJECTID="165056973" OBJECTGUID="924d135b-6d87-47d0-92f2-e3917f45c23c" CHANGEID="600505968" ISACTIVE="1" LEVELID="11" CREATEDATE="2024-09-05" UPDATEDATE="2024-09-05" /><OBJECT OBJECTID="3299050" OBJECTGUID="ddc24b9f-2151-4c2f-a952-ff508befb58b" CHANGEID="600505969" ISACTIVE="1" LEVELID="11" CREATEDATE="2018-02-06" UPDATEDATE="2024-09-05" /><OBJECT OBJECTID="164949149" OBJECTGUID="6f222569-1625-4c6a-b541-130053f6da5a" CHANGEID="600726031" ISACTIVE="1" LEVELID="10" CREATEDATE="2024-08-30" UPDATEDATE="2024-09-07" /><OBJECT OBJECTID="163335825" OBJECTGUID="999ac7b8-7b19-473c-a315-3c2d5fa57f36" CHANGEID="600726033" ISACTIVE="1" LEVELID="10" CREATEDATE="2024-04-24" UPDATEDATE="2024-09-07" /><OBJECT OBJECTID="60640370" OBJECTGUID="5db81f67-8231-4608-a8f4-d03dc37d0bd9" CHANGEID="600736522" ISACTIVE="1" LEVELID="10" CREATEDATE="2018-03-15" UPDATEDATE="2024-09-07" /><OBJECT OBJECTID="165116402" OBJECTGUID="5797d085-a293-4055-808c-c2a3b2223461" CHANGEID="600736768" ISACTIVE="1" LEVELID="11" CREATEDATE="2024-09-09" UPDATEDATE="2024-09-09" /><OBJECT OBJECTID="165151415" OBJECTGUID="02b686b9-b2c3-4b7c-8460-df483c3ce72b" CHANGEID="600796904" ISACTIVE="1" LEVELID="11" CREATEDATE="2024-09-10" UPDATEDATE="2024-09-10" /><OBJECT OBJECTID="53145240" OBJECTGUID="df920f02-3c61-46db-8089-d3ce712591ef" CHANGEID="600797483" ISACTIVE="1" LEVELID="10" CREATEDATE="2019-07-10" UPDATEDATE="2024-09-10" /><OBJECT OBJECTID="165153705" OBJECTGUID="b5a17b91-73ab-4add-a8ee-15df181ccafb" CHANGEID="600799974" ISACTIVE="1" LEVELID="11" CREATEDATE="2024-09-10" UPDATEDATE="2024-09-10" /><OBJECT OBJECTID="165153707" OBJECTGUID="371f4b48-3799-41c8-ab32-053535b09d86" CHANGEID="600799976" ISACTIVE="1" LEVELID="9" CREATEDATE="2024-09-10" UPDATEDATE="2024-09-10" /><OBJECT OBJECTID="53220076" OBJECTGUID="1176fbb1-ceae-4970-b9b4-8a61b5593cbe" CHANGEID="600799973" ISACTIVE="1" LEVELID="11" CREATEDATE="2018-01-25" UPDATEDATE="2024-09-10" /><OBJECT OBJECTID="165153706" OBJECTGUID="819652e9-c1bd-4efe-b4c9-74985a732f25" CHANGEID="600799975" ISACTIVE="1" LEVELID="11" CREATEDATE="2024-09-10" UPDATEDATE="2024-09-10" /><OBJECT OBJECTID="165153708" OBJECTGUID="8dcda417-d91d-4ad8-b31c-583ae560167b" CHANGEID="600799979" ISACTIVE="1" LEVELID="9" CREATEDATE="2024-09-10" UPDATEDATE="2024-09-10" /><OBJECT OBJECTID="165183362" OBJECTGUID="19f0cad2-ed16-46ab-a837-1e5c793fd3e9" CHANGEID="600848433" ISACTIVE="1" LEVELID="11" CREATEDATE="2024-09-11" UPDATEDATE="2024-09-11" /><OBJECT OBJECTID="165183364" OBJECTGUID="48c77e2b-b315-40da-8ced-66775b131127" CHANGEID="600848435" ISACTIVE="1" LEVELID="11" CREATEDATE="2024-09-11" UPDATEDATE="2024-09-11" /><OBJECT OBJECTID="165183366" OBJECTGUID="1eab7152-44e9-4b43-a8f9-d933522c5339" CHANGEID="600848437" ISACTIVE="1" LEVELID="11" CREATEDATE="2024-09-11" UPDATEDATE="2024-09-11" /><OBJECT OBJECTID="165183367" OBJECTGUID="7b653a0c-972f-4301-a9ce-7025fb699281" CHANGEID="600848438" ISACTIVE="1" LEVELID="11" CREATEDATE="2024-09-11" UPDATEDATE="2024-09-11" /><OBJECT OBJECTID="165183369" OBJECTGUID="3a3c10b7-dcba-4e27-a208-945413c7b810" CHANGEID="600848440" ISACTIVE="1" LEVELID="11" CREATEDATE="2024-09-11" UPDATEDATE="2024-09-11" /><OBJECT OBJECTID="165183370" OBJECTGUID="ec8dcf7b-25ed-4385-aa04-a6d16b2bb928" CHANGEID="600848441" ISACTIVE="1" LEVELID="11" CREATEDATE="2024-09-11" UPDATEDATE="2024-09-11" /><OBJECT OBJECTID="165183371" OBJECTGUID="a138b1b2-b6ea-47df-acbd-c9cb0ec322b7" CHANGEID="600848442" ISACTIVE="1" LEVELID="11" CREATEDATE="2024-09-11" UPDATEDATE="2024-09-11" /><OBJECT OBJECTID="165183340" OBJECTGUID="4bd10a2e-9d4e-462d-b8e7-48acad4c0b47" CHANGEID="600848411" ISACTIVE="1" LEVELID="11" CREATEDATE="2024-09-11" UPDATEDATE="2024-09-11" /><OBJECT OBJECTID="165183341" OBJECTGUID="9e61cad4-b74c-489a-8137-5cbfe13c6c07" CHANGEID="600848412" ISACTIVE="1" LEVELID="11" CREATEDATE="2024-09-11" UPDATEDATE="2024-09-11" /><OBJECT OBJECTID="165183342" OBJECTGUID="c61831c0-1a62-4765-a04a-54e54947f8e6" CHANGEID="600848413" ISACTIVE="1" LEVELID="11" CREATEDATE="2024-09-11" UPDATEDATE="2024-09-11" /><OBJECT OBJECTID="165183343" OBJECTGUID="e91dbf42-333c-47ee-90a5-2672dca9f77a" CHANGEID="600848414" ISACTIVE="1" LEVELID="11" CREATEDATE="2024-09-11" UPDATEDATE="2024-09-11" /><OBJECT OBJECTID="165183344" OBJECTGUID="8435700d-8dae-4e0d-a4b8-e6658b0b8975" CHANGEID="600848415" ISACTIVE="1" LEVELID="11" CREATEDATE="2024-09-11" UPDATEDATE="2024-09-11" /><OBJECT OBJECTID="165183345" OBJECTGUID="de8e807e-8cbb-4ecb-b4b5-63686f8990a0" CHANGEID="600848416" ISACTIVE="1" LEVELID="11" CREATEDATE="2024-09-11" UPDATEDATE="2024-09-11" /><OBJECT OBJECTID="165183346" OBJECTGUID="0d3f63a4-5d48-4d96-b405-389eddd5fb05" CHANGEID="600848417" ISACTIVE="1" LEVELID="11" CREATEDATE="2024-09-11" UPDATEDATE="2024-09-11" /><OBJECT OBJECTID="165183347" OBJECTGUID="a87460e9-25b0-4944-874c-e0090c6b69de" CHANGEID="600848418" ISACTIVE="1" LEVELID="11" CREATEDATE="2024-09-11" UPDATEDATE="2024-09-11" /><OBJECT OBJECTID="165183348" OBJECTGUID="4b920808-2d7c-4df8-b6b4-7551f8ab222d" CHANGEID="600848419" ISACTIVE="1" LEVELID="11" CREATEDATE="2024-09-11" UPDATEDATE="2024-09-11" /><OBJECT OBJECTID="165183349" OBJECTGUID="f1262baa-5f0f-451c-91f4-f4af7849cb7a" CHANGEID="600848420" ISACTIVE="1" LEVELID="11" CREATEDATE="2024-09-11" UPDATEDATE="2024-09-11" /><OBJECT OBJECTID="165183350" OBJECTGUID="6ebd9409-a463-4ef2-b231-3a69589d30f5" CHANGEID="600848421" ISACTIVE="1" LEVELID="11" CREATEDATE="2024-09-11" UPDATEDATE="2024-09-11" /><OBJECT OBJECTID="165183351" OBJECTGUID="088ad6ba-e062-4c13-a1f3-fb6a6351539c" CHANGEID="600848422" ISACTIVE="1" LEVELID="11" CREATEDATE="2024-09-11" UPDATEDATE="2024-09-11" /><OBJECT OBJECTID="165183352" OBJECTGUID="2234a0e4-8973-41d3-87a1-6cc40da0ed57" CHANGEID="600848423" ISACTIVE="1" LEVELID="11" CREATEDATE="2024-09-11" UPDATEDATE="2024-09-11" /><OBJECT OBJECTID="165183353" OBJECTGUID="ef2b3397-37c7-4a86-9285-0f60d1db01ad" CHANGEID="600848424" ISACTIVE="1" LEVELID="11" CREATEDATE="2024-09-11" UPDATEDATE="2024-09-11" /><OBJECT OBJECTID="165183354" OBJECTGUID="8c6548de-0021-44a8-b9fe-e41c8350c589" CHANGEID="600848425" ISACTIVE="1" LEVELID="11" CREATEDATE="2024-09-11" UPDATEDATE="2024-09-11" /><OBJECT OBJECTID="165183355" OBJECTGUID="c0c3d276-d563-48da-9dc0-81d642d927e6" CHANGEID="600848426" ISACTIVE="1" LEVELID="11" CREATEDATE="2024-09-11" UPDATEDATE="2024-09-11" /><OBJECT OBJECTID="165183356" OBJECTGUID="3e7dbbf0-d1a7-41b1-ac95-e3e348121d85" CHANGEID="600848427" ISACTIVE="1" LEVELID="11" CREATEDATE="2024-09-11" UPDATEDATE="2024-09-11" /><OBJECT OBJECTID="165183357" OBJECTGUID="c54b4de9-46d1-4dcb-a6d4-5567c0b2a529" CHANGEID="600848428" ISACTIVE="1" LEVELID="11" CREATEDATE="2024-09-11" UPDATEDATE="2024-09-11" /><OBJECT OBJECTID="165183358" OBJECTGUID="0aceb089-5e13-4352-8c60-11bdfdf76dba" CHANGEID="600848429" ISACTIVE="1" LEVELID="11" CREATEDATE="2024-09-11" UPDATEDATE="2024-09-11" /><OBJECT OBJECTID="165183359" OBJECTGUID="9a072740-b52e-4e08-9445-87d21fc6517e" CHANGEID="600848430" ISACTIVE="1" LEVELID="11" CREATEDATE="2024-09-11" UPDATEDATE="2024-09-11" /><OBJECT OBJECTID="165183360" OBJECTGUID="b1288faa-3d82-4004-9459-1fd533534c82" CHANGEID="600848431" ISACTIVE="1" LEVELID="11" CREATEDATE="2024-09-11" UPDATEDATE="2024-09-11" /><OBJECT OBJECTID="165183361" OBJECTGUID="96527e13-89fc-41f2-bbc4-525afacc00b9" CHANGEID="600848432" ISACTIVE="1" LEVELID="11" CREATEDATE="2024-09-11" UPDATEDATE="2024-09-11" /><OBJECT OBJECTID="165183363" OBJECTGUID="dc006d38-57df-48b9-a5c0-41684d9fb2b8" CHANGEID="600848434" ISACTIVE="1" LEVELID="11" CREATEDATE="2024-09-11" UPDATEDATE="2024-09-11" /><OBJECT OBJECTID="165183365" OBJECTGUID="d3431b9e-1c24-4273-ad6a-0916bf9d7f8e" CHANGEID="600848436" ISACTIVE="1" LEVELID="11" CREATEDATE="2024-09-11" UPDATEDATE="2024-09-11" /><OBJECT OBJECTID="165183368" OBJECTGUID="b8aaeef9-f763-4cc7-8df0-1b285d0e1438" CHANGEID="600848439" ISACTIVE="1" LEVELID="11" CREATEDATE="2024-09-11" UPDATEDATE="2024-09-11" /><OBJECT OBJECTID="165183377" OBJECTGUID="41dd726a-d4bc-4809-86c4-32a9872cce09" CHANGEID="600848448" ISACTIVE="1" LEVELID="11" CREATEDATE="2024-09-11" UPDATEDATE="2024-09-11" /><OBJECT OBJECTID="53166727" OBJECTGUID="cc2eb533-48f3-449e-960c-85d548691fb7" CHANGEID="600848485" ISACTIVE="1" LEVELID="11" CREATEDATE="2018-05-15" UPDATEDATE="2024-09-11" /><OBJECT OBJECTID="53166045" OBJECTGUID="b06e01e4-5bb8-4ecb-8a35-bb5e5e45dd6e" CHANGEID="600848486" ISACTIVE="1" LEVELID="11" CREATEDATE="2018-05-15" UPDATEDATE="2024-09-11" /><OBJECT OBJECTID="53166016" OBJECTGUID="9ad41736-59c2-4523-9d53-26e3131b2333" CHANGEID="600848487" ISACTIVE="1" LEVELID="11" CREATEDATE="2018-05-15" UPDATEDATE="2024-09-11" /><OBJECT OBJECTID="53152754" OBJECTGUID="3db6726e-6d08-4f3e-a17c-34888471ad02" CHANGEID="600848489" ISACTIVE="1" LEVELID="11" CREATEDATE="2018-05-15" UPDATEDATE="2024-09-11" /><OBJECT OBJECTID="53152275" OBJECTGUID="354b129a-5228-412e-bd3e-62b1a5d974f0" CHANGEID="600848490" ISACTIVE="1" LEVELID="11" CREATEDATE="2018-05-15" UPDATEDATE="2024-09-11" /><OBJECT OBJECTID="53151373" OBJECTGUID="305b192f-402b-49b7-82fc-f7663d64bbba" CHANGEID="600848491" ISACTIVE="1" LEVELID="11" CREATEDATE="2018-05-15" UPDATEDATE="2024-09-11" /><OBJECT OBJECTID="165183421" OBJECTGUID="8cc45c1c-2852-4a7a-9060-7af588fe3ef2" CHANGEID="600848499" ISACTIVE="1" LEVELID="11" CREATEDATE="2024-09-11" UPDATEDATE="2024-09-11" /><OBJECT OBJECTID="165183422" OBJECTGUID="1920f7d5-27b2-406f-a047-7413e8383797" CHANGEID="600848500" ISACTIVE="1" LEVELID="11" CREATEDATE="2024-09-11" UPDATEDATE="2024-09-11" /><OBJECT OBJECTID="165183423" OBJECTGUID="bc97f966-5aff-4fb0-94cd-d4e7e79789ac" CHANGEID="600848501" ISACTIVE="1" LEVELID="11" CREATEDATE="2024-09-11" UPDATEDATE="2024-09-11" /><OBJECT OBJECTID="165183424" OBJECTGUID="bd18ea04-38b7-489b-9fe9-ad62cf8c7d2d" CHANGEID="600848502" ISACTIVE="1" LEVELID="11" CREATEDATE="2024-09-11" UPDATEDATE="2024-09-11" /><OBJECT OBJECTID="165183425" OBJECTGUID="0ce55d50-586f-4ebf-a3a8-dddb3e28680c" CHANGEID="600848503" ISACTIVE="1" LEVELID="11" CREATEDATE="2024-09-11" UPDATEDATE="2024-09-11" /><OBJECT OBJECTID="165183426" OBJECTGUID="540d010a-c6f5-407e-8f2a-62dfde90820e" CHANGEID="600848504" ISACTIVE="1" LEVELID="11" CREATEDATE="2024-09-11" UPDATEDATE="2024-09-11" /><OBJECT OBJECTID="165183427" OBJECTGUID="342088a7-4958-49b7-8726-32a963959d4d" CHANGEID="600848505" ISACTIVE="1" LEVELID="11" CREATEDATE="2024-09-11" UPDATEDATE="2024-09-11" /><OBJECT OBJECTID="165183428" OBJECTGUID="975df032-c67c-4262-a822-69a48cb2e822" CHANGEID="600848506" ISACTIVE="1" LEVELID="11" CREATEDATE="2024-09-11" UPDATEDATE="2024-09-11" /><OBJECT OBJECTID="165183429" OBJECTGUID="31e6e216-5d87-458c-9261-5842c4d2314e" CHANGEID="600848507" ISACTIVE="1" LEVELID="11" CREATEDATE="2024-09-11" UPDATEDATE="2024-09-11" /><OBJECT OBJECTID="165183430" OBJECTGUID="a2e503d6-95f5-4e3d-b5da-93a956a95da1" CHANGEID="600848508" ISACTIVE="1" LEVELID="11" CREATEDATE="2024-09-11" UPDATEDATE="2024-09-11" /><OBJECT OBJECTID="165183431" OBJECTGUID="b11b2b5a-8c4c-4fba-8ab4-e2bf1f9ed0b2" CHANGEID="600848509" ISACTIVE="1" LEVELID="11" CREATEDATE="2024-09-11" UPDATEDATE="2024-09-11" /><OBJECT OBJECTID="165183432" OBJECTGUID="4a931b75-6f1c-4d91-9e6c-9681e0eb5257" CHANGEID="600848510" ISACTIVE="1" LEVELID="11" CREATEDATE="2024-09-11" UPDATEDATE="2024-09-11" /><OBJECT OBJECTID="165183372" OBJECTGUID="bee37c71-bc12-4b15-9850-e3c1a4e95297" CHANGEID="600848443" ISACTIVE="1" LEVELID="11" CREATEDATE="2024-09-11" UPDATEDATE="2024-09-11" /><OBJECT OBJECTID="165183373" OBJECTGUID="a7159d10-4f3c-4313-9670-cf3c37f2a50d" CHANGEID="600848444" ISACTIVE="1" LEVELID="11" CREATEDATE="2024-09-11" UPDATEDATE="2024-09-11" /><OBJECT OBJECTID="165183374" OBJECTGUID="8eb8acb3-1773-4e83-a4ac-f3246a734f58" CHANGEID="600848445" ISACTIVE="1" LEVELID="11" CREATEDATE="2024-09-11" UPDATEDATE="2024-09-11" /><OBJECT OBJECTID="165183375" OBJECTGUID="b54f88de-edf8-4a2a-a085-5c1838b9ecf6" CHANGEID="600848446" ISACTIVE="1" LEVELID="11" CREATEDATE="2024-09-11" UPDATEDATE="2024-09-11" /><OBJECT OBJECTID="165183376" OBJECTGUID="d414736d-00eb-4132-8012-7619716cfcda" CHANGEID="600848447" ISACTIVE="1" LEVELID="11" CREATEDATE="2024-09-11" UPDATEDATE="2024-09-11" /><OBJECT OBJECTID="165183378" OBJECTGUID="df0fff7f-8ae0-40b3-bd22-89b7f11bc9fa" CHANGEID="600848449" ISACTIVE="1" LEVELID="11" CREATEDATE="2024-09-11" UPDATEDATE="2024-09-11" /><OBJECT OBJECTID="165183379" OBJECTGUID="e520ae47-0dcf-4250-bf2c-d64a6dc8585e" CHANGEID="600848450" ISACTIVE="1" LEVELID="11" CREATEDATE="2024-09-11" UPDATEDATE="2024-09-11" /><OBJECT OBJECTID="165183380" OBJECTGUID="0b27ceed-e008-4794-9dce-f219cc57e977" CHANGEID="600848451" ISACTIVE="1" LEVELID="11" CREATEDATE="2024-09-11" UPDATEDATE="2024-09-11" /><OBJECT OBJECTID="165183381" OBJECTGUID="2636e81e-09f7-471a-9983-196ca26bad69" CHANGEID="600848452" ISACTIVE="1" LEVELID="11" CREATEDATE="2024-09-11" UPDATEDATE="2024-09-11" /><OBJECT OBJECTID="165183382" OBJECTGUID="55d57477-eb22-409d-84dd-266b02c42c0c" CHANGEID="600848453" ISACTIVE="1" LEVELID="11" CREATEDATE="2024-09-11" UPDATEDATE="2024-09-11" /><OBJECT OBJECTID="165183383" OBJECTGUID="6c6b8e31-255a-4e4e-a053-68e908a1ee2b" CHANGEID="600848454" ISACTIVE="1" LEVELID="11" CREATEDATE="2024-09-11" UPDATEDATE="2024-09-11" /><OBJECT OBJECTID="165183384" OBJECTGUID="323bdd3a-c511-4e5e-bfeb-0d9dfe32091b" CHANGEID="600848455" ISACTIVE="1" LEVELID="11" CREATEDATE="2024-09-11" UPDATEDATE="2024-09-11" /><OBJECT OBJECTID="165183385" OBJECTGUID="9ddd7f2a-70ab-400b-b65b-a12440c76770" CHANGEID="600848456" ISACTIVE="1" LEVELID="11" CREATEDATE="2024-09-11" UPDATEDATE="2024-09-11" /><OBJECT OBJECTID="165183386" OBJECTGUID="765b51c4-2134-470d-a6c1-78fb4897624d" CHANGEID="600848457" ISACTIVE="1" LEVELID="11" CREATEDATE="2024-09-11" UPDATEDATE="2024-09-11" /><OBJECT OBJECTID="165183387" OBJECTGUID="df7a1efe-65ed-47e4-8743-c4cc2e747d2a" CHANGEID="600848458" ISACTIVE="1" LEVELID="11" CREATEDATE="2024-09-11" UPDATEDATE="2024-09-11" /><OBJECT OBJECTID="165183388" OBJECTGUID="ccaecbb8-a19a-4ee5-a470-cc65b0f19b91" CHANGEID="600848459" ISACTIVE="1" LEVELID="11" CREATEDATE="2024-09-11" UPDATEDATE="2024-09-11" /><OBJECT OBJECTID="165183389" OBJECTGUID="fb4bf9e9-fc5b-423a-8df2-472deb35791d" CHANGEID="600848460" ISACTIVE="1" LEVELID="11" CREATEDATE="2024-09-11" UPDATEDATE="2024-09-11" /><OBJECT OBJECTID="165183390" OBJECTGUID="e2e9d874-252c-4d2b-9d76-052a5e29ea42" CHANGEID="600848461" ISACTIVE="1" LEVELID="11" CREATEDATE="2024-09-11" UPDATEDATE="2024-09-11" /><OBJECT OBJECTID="165183391" OBJECTGUID="31bb0595-8a58-4dc8-8f88-db4d03e20534" CHANGEID="600848462" ISACTIVE="1" LEVELID="11" CREATEDATE="2024-09-11" UPDATEDATE="2024-09-11" /><OBJECT OBJECTID="165183392" OBJECTGUID="7747b371-2098-40af-a185-f94efc18e5bf" CHANGEID="600848463" ISACTIVE="1" LEVELID="11" CREATEDATE="2024-09-11" UPDATEDATE="2024-09-11" /><OBJECT OBJECTID="165183393" OBJECTGUID="6d2304dc-6a04-452a-bd51-7b7ebfac00b7" CHANGEID="600848464" ISACTIVE="1" LEVELID="11" CREATEDATE="2024-09-11" UPDATEDATE="2024-09-11" /><OBJECT OBJECTID="165183394" OBJECTGUID="733aeb31-0fb9-413c-97d4-530dc9d91393" CHANGEID="600848465" ISACTIVE="1" LEVELID="11" CREATEDATE="2024-09-11" UPDATEDATE="2024-09-11" /><OBJECT OBJECTID="165183395" OBJECTGUID="8048503a-9140-4bba-a613-59eee9d33bae" CHANGEID="600848466" ISACTIVE="1" LEVELID="11" CREATEDATE="2024-09-11" UPDATEDATE="2024-09-11" /><OBJECT OBJECTID="165183396" OBJECTGUID="6faac298-0d48-43be-aad6-9521d934efc7" CHANGEID="600848467" ISACTIVE="1" LEVELID="11" CREATEDATE="2024-09-11" UPDATEDATE="2024-09-11" /><OBJECT OBJECTID="165183397" OBJECTGUID="d7498239-0b63-41ef-915f-137d208d5894" CHANGEID="600848468" ISACTIVE="1" LEVELID="11" CREATEDATE="2024-09-11" UPDATEDATE="2024-09-11" /><OBJECT OBJECTID="165183398" OBJECTGUID="5a0c76a0-4e4c-4758-87bd-7e29b879823f" CHANGEID="600848469" ISACTIVE="1" LEVELID="11" CREATEDATE="2024-09-11" UPDATEDATE="2024-09-11" /><OBJECT OBJECTID="165183399" OBJECTGUID="bc7e8554-4718-402d-ac37-7a240316f20d" CHANGEID="600848470" ISACTIVE="1" LEVELID="11" CREATEDATE="2024-09-11" UPDATEDATE="2024-09-11" /><OBJECT OBJECTID="165183400" OBJECTGUID="ef13660d-43d3-48ac-b4c2-6f1573183993" CHANGEID="600848471" ISACTIVE="1" LEVELID="11" CREATEDATE="2024-09-11" UPDATEDATE="2024-09-11" /><OBJECT OBJECTID="165183401" OBJECTGUID="08318497-8f69-49cd-bf56-51dc919aab78" CHANGEID="600848472" ISACTIVE="1" LEVELID="11" CREATEDATE="2024-09-11" UPDATEDATE="2024-09-11" /><OBJECT OBJECTID="165183402" OBJECTGUID="542b04e7-76e7-4211-afd1-46364306642a" CHANGEID="600848473" ISACTIVE="1" LEVELID="11" CREATEDATE="2024-09-11" UPDATEDATE="2024-09-11" /><OBJECT OBJECTID="165183403" OBJECTGUID="e590db40-31cb-4a47-bd0f-75e1e71fbb11" CHANGEID="600848474" ISACTIVE="1" LEVELID="11" CREATEDATE="2024-09-11" UPDATEDATE="2024-09-11" /><OBJECT OBJECTID="165183404" OBJECTGUID="9b1fb139-0e77-4494-ac9b-8bccb2cb243f" CHANGEID="600848475" ISACTIVE="1" LEVELID="11" CREATEDATE="2024-09-11" UPDATEDATE="2024-09-11" /><OBJECT OBJECTID="165183405" OBJECTGUID="97ad6d41-2434-49c8-be3b-e159d8468eba" CHANGEID="600848476" ISACTIVE="1" LEVELID="11" CREATEDATE="2024-09-11" UPDATEDATE="2024-09-11" /><OBJECT OBJECTID="165183406" OBJECTGUID="c6cc6606-b03d-4c4c-b6ec-e87805773934" CHANGEID="600848477" ISACTIVE="1" LEVELID="11" CREATEDATE="2024-09-11" UPDATEDATE="2024-09-11" /><OBJECT OBJECTID="165183407" OBJECTGUID="debdb437-8a94-4e7d-a8bf-8465db93c621" CHANGEID="600848478" ISACTIVE="1" LEVELID="11" CREATEDATE="2024-09-11" UPDATEDATE="2024-09-11" /><OBJECT OBJECTID="165183408" OBJECTGUID="9a319a58-d99d-4540-9f96-9efaf291f8fa" CHANGEID="600848479" ISACTIVE="1" LEVELID="11" CREATEDATE="2024-09-11" UPDATEDATE="2024-09-11" /><OBJECT OBJECTID="165183409" OBJECTGUID="79dfe87c-b8aa-42b5-9902-a724474ee43a" CHANGEID="600848480" ISACTIVE="1" LEVELID="11" CREATEDATE="2024-09-11" UPDATEDATE="2024-09-11" /><OBJECT OBJECTID="165183410" OBJECTGUID="2084ba3b-f6c5-404a-aeb0-fff78efb5b7f" CHANGEID="600848481" ISACTIVE="1" LEVELID="11" CREATEDATE="2024-09-11" UPDATEDATE="2024-09-11" /><OBJECT OBJECTID="165183411" OBJECTGUID="988a8f3d-6db1-4658-9279-ed6b47bf3043" CHANGEID="600848482" ISACTIVE="1" LEVELID="11" CREATEDATE="2024-09-11" UPDATEDATE="2024-09-11" /><OBJECT OBJECTID="165183412" OBJECTGUID="373329e0-7155-4ac1-8198-6d1c3042b0c1" CHANGEID="600848483" ISACTIVE="1" LEVELID="11" CREATEDATE="2024-09-11" UPDATEDATE="2024-09-11" /><OBJECT OBJECTID="165183413" OBJECTGUID="2d48d719-0db4-4ec3-b6b8-5edcf6357dba" CHANGEID="600848484" ISACTIVE="1" LEVELID="11" CREATEDATE="2024-09-11" UPDATEDATE="2024-09-11" /><OBJECT OBJECTID="165183414" OBJECTGUID="5110c41a-a07e-4314-8501-2a33fa86932d" CHANGEID="600848492" ISACTIVE="1" LEVELID="11" CREATEDATE="2024-09-11" UPDATEDATE="2024-09-11" /><OBJECT OBJECTID="165183415" OBJECTGUID="ccf18605-4a75-4378-a818-5400a1a5bb56" CHANGEID="600848493" ISACTIVE="1" LEVELID="11" CREATEDATE="2024-09-11" UPDATEDATE="2024-09-11" /><OBJECT OBJECTID="165183416" OBJECTGUID="36416ef2-9e8e-4691-be1e-fd3236636246" CHANGEID="600848494" ISACTIVE="1" LEVELID="11" CREATEDATE="2024-09-11" UPDATEDATE="2024-09-11" /><OBJECT OBJECTID="165183417" OBJECTGUID="7f340f26-3840-445d-b897-4222233aeb3d" CHANGEID="600848495" ISACTIVE="1" LEVELID="11" CREATEDATE="2024-09-11" UPDATEDATE="2024-09-11" /><OBJECT OBJECTID="165183418" OBJECTGUID="68890b55-bd4a-4c92-a006-670f43345c42" CHANGEID="600848496" ISACTIVE="1" LEVELID="11" CREATEDATE="2024-09-11" UPDATEDATE="2024-09-11" /><OBJECT OBJECTID="165183419" OBJECTGUID="104c5922-02dc-417a-916d-a1a96736001b" CHANGEID="600848497" ISACTIVE="1" LEVELID="11" CREATEDATE="2024-09-11" UPDATEDATE="2024-09-11" /><OBJECT OBJECTID="165183420" OBJECTGUID="e5b11ba7-0957-4361-9005-4703c399c8da" CHANGEID="600848498" ISACTIVE="1" LEVELID="11" CREATEDATE="2024-09-11" UPDATEDATE="2024-09-11" /><OBJECT OBJECTID="53152782" OBJECTGUID="4999da79-67f1-4920-9a0e-0bf8d4a6ac96" CHANGEID="600848488" ISACTIVE="1" LEVELID="11" CREATEDATE="2018-05-15" UPDATEDATE="2024-09-11" /><OBJECT OBJECTID="53203122" OBJECTGUID="bd6bdce5-e258-4b87-b453-b9661435f408" CHANGEID="600797484" ISACTIVE="1" LEVELID="11" CREATEDATE="2018-01-25" UPDATEDATE="2024-09-10" /><OBJECT OBJECTID="53202953" OBJECTGUID="4837190d-5018-4c23-a43b-282efda55c85" CHANGEID="600799972" ISACTIVE="1" LEVELID="11" CREATEDATE="2018-01-25" UPDATEDATE="2024-09-10" /><OBJECT OBJECTID="53211961" OBJECTGUID="937349aa-2016-43a3-87e9-2f929e2ee4eb" CHANGEID="600799977" ISACTIVE="1" LEVELID="11" CREATEDATE="2018-01-25" UPDATEDATE="2024-09-10" /><OBJECT OBJECTID="161915348" OBJECTGUID="a875843c-e8a5-4aab-8651-61b156cf2dc9" CHANGEID="600736453" ISACTIVE="1" LEVELID="10" CREATEDATE="2023-12-26" UPDATEDATE="2024-09-07" /><OBJECT OBJECTID="49378312" OBJECTGUID="18be13be-34f1-494b-999a-f244ff02d407" CHANGEID="600727327" ISACTIVE="1" LEVELID="10" CREATEDATE="2019-07-10" UPDATEDATE="2024-09-07" /><OBJECT OBJECTID="164884600" OBJECTGUID="371f525b-53b2-416d-ad40-9297f335c637" CHANGEID="600726032" ISACTIVE="1" LEVELID="10" CREATEDATE="2024-08-27" UPDATEDATE="2024-09-07" /><OBJECT OBJECTID="164949151" OBJECTGUID="08699b9f-dd07-4d54-b5b0-c67ccc4fb0bf" CHANGEID="600726030" ISACTIVE="1" LEVELID="10" CREATEDATE="2024-08-30" UPDATEDATE="2024-09-07" /></REESTR_OBJECTS>