﻿<?xml version="1.0" encoding="utf-8"?><STEADS><STEAD ID="68610973" OBJECTID="165056167" OBJECTGUID="a376510c-5b39-4558-8acb-73f9aa340074" CHANGEID="600504994" NUMBER="80А" OPERTYPEID="10" PREVID="0" NEXTID="0" UPDATEDATE="2024-09-05" STARTDATE="2024-09-05" ENDDATE="2079-06-06" ISACTUAL="1" ISACTIVE="1" /><STEAD ID="68610974" OBJECTID="165056168" OBJECTGUID="d4b67089-821c-4c05-ac0f-03a31099e63b" CHANGEID="600504996" NUMBER="84В" OPERTYPEID="10" PREVID="0" NEXTID="0" UPDATEDATE="2024-09-05" STARTDATE="2024-09-05" ENDDATE="2079-06-06" ISACTUAL="1" ISACTIVE="1" /><STEAD ID="68610976" OBJECTID="165056170" OBJECTGUID="1b021348-1b91-4542-a159-a7b01e47a636" CHANGEID="600505004" NUMBER="96А" OPERTYPEID="10" PREVID="0" NEXTID="0" UPDATEDATE="2024-09-05" STARTDATE="2024-09-05" ENDDATE="2079-06-06" ISACTUAL="1" ISACTIVE="1" /><STEAD ID="68610977" OBJECTID="165056171" OBJECTGUID="ddbf7d7e-0314-4cb5-bf07-5745603eae55" CHANGEID="600505006" NUMBER="98" OPERTYPEID="10" PREVID="0" NEXTID="0" UPDATEDATE="2024-09-05" STARTDATE="2024-09-05" ENDDATE="2079-06-06" ISACTUAL="1" ISACTIVE="1" /><STEAD ID="68610978" OBJECTID="165056172" OBJECTGUID="7003b68a-bc92-49ce-8092-9b4bce5d3940" CHANGEID="600505008" NUMBER="106" OPERTYPEID="10" PREVID="0" NEXTID="0" UPDATEDATE="2024-09-05" STARTDATE="2024-09-05" ENDDATE="2079-06-06" ISACTUAL="1" ISACTIVE="1" /><STEAD ID="68610981" OBJECTID="165056203" OBJECTGUID="d630b426-c9b1-4265-99c9-496e5797de81" CHANGEID="600505043" NUMBER="130" OPERTYPEID="10" PREVID="0" NEXTID="0" UPDATEDATE="2024-09-05" STARTDATE="2024-09-05" ENDDATE="2079-06-06" ISACTUAL="1" ISACTIVE="1" /><STEAD ID="68610979" OBJECTID="165056173" OBJECTGUID="6b59366c-51ed-4a6c-b025-158c4afa902f" CHANGEID="600505009" NUMBER="108/10" OPERTYPEID="10" PREVID="0" NEXTID="0" UPDATEDATE="2024-09-05" STARTDATE="2024-09-05" ENDDATE="2079-06-06" ISACTUAL="1" ISACTIVE="1" /><STEAD ID="68610980" OBJECTID="165056174" OBJECTGUID="60777a43-41fe-4f2f-9e8b-ded6c0596dab" CHANGEID="600505011" NUMBER="110" OPERTYPEID="10" PREVID="0" NEXTID="0" UPDATEDATE="2024-09-05" STARTDATE="2024-09-05" ENDDATE="2079-06-06" ISACTUAL="1" ISACTIVE="1" /><STEAD ID="68611479" OBJECTID="165056959" OBJECTGUID="e0918ae3-262c-48a4-bbf3-5320733a1293" CHANGEID="600505954" NUMBER="114/1" OPERTYPEID="10" PREVID="0" NEXTID="0" UPDATEDATE="2024-09-05" STARTDATE="2024-09-05" ENDDATE="2079-06-06" ISACTUAL="1" ISACTIVE="1" /><STEAD ID="68611480" OBJECTID="165056964" OBJECTGUID="45d89635-3a95-4167-9fc6-452930ff38a9" CHANGEID="600505959" NUMBER="114/2" OPERTYPEID="10" PREVID="0" NEXTID="0" UPDATEDATE="2024-09-05" STARTDATE="2024-09-05" ENDDATE="2079-06-06" ISACTUAL="1" ISACTIVE="1" /><STEAD ID="68665722" OBJECTID="165153708" OBJECTGUID="8dcda417-d91d-4ad8-b31c-583ae560167b" CHANGEID="600799979" NUMBER="14" OPERTYPEID="10" PREVID="0" NEXTID="0" UPDATEDATE="2024-09-10" STARTDATE="2024-09-10" ENDDATE="2079-06-06" ISACTUAL="1" ISACTIVE="1" /><STEAD ID="68665721" OBJECTID="165153707" OBJECTGUID="371f4b48-3799-41c8-ab32-053535b09d86" CHANGEID="600799976" NUMBER="8/12" OPERTYPEID="10" PREVID="0" NEXTID="0" UPDATEDATE="2024-09-10" STARTDATE="2024-09-10" ENDDATE="2079-06-06" ISACTUAL="1" ISACTIVE="1" /></STEADS>