﻿<?xml version="1.0" encoding="utf-8"?><HOUSES><HOUSE ID="54642635" OBJECTID="36531200" OBJECTGUID="2e0950b9-7e83-47d6-b221-b3d14b331315" CHANGEID="55458803" HOUSENUM="45" HOUSETYPE="3" OPERTYPEID="20" PREVID="21752501" NEXTID="126747339" UPDATEDATE="2024-09-09" STARTDATE="2018-03-13" ENDDATE="2024-09-09" ISACTUAL="0" ISACTIVE="0" /><HOUSE ID="55024428" OBJECTID="36525543" OBJECTGUID="33723c63-7596-443c-980c-72ebd3265f12" CHANGEID="55450202" HOUSENUM="18" HOUSETYPE="3" OPERTYPEID="20" PREVID="21748269" NEXTID="126747169" UPDATEDATE="2024-09-09" STARTDATE="2018-03-13" ENDDATE="2024-09-09" ISACTUAL="0" ISACTIVE="0" /><HOUSE ID="55163795" OBJECTID="36527009" OBJECTGUID="35661de2-b9d2-41b7-82c5-930b12a13d92" CHANGEID="55452777" HOUSENUM="8" HOUSETYPE="3" OPERTYPEID="20" PREVID="21749578" NEXTID="126747064" UPDATEDATE="2024-09-09" STARTDATE="2018-03-13" ENDDATE="2024-09-09" ISACTUAL="0" ISACTIVE="0" /><HOUSE ID="56947971" OBJECTID="80127036" OBJECTGUID="4e982f78-872b-459b-9f00-ca3c1a188b04" CHANGEID="119089546" HOUSENUM="34" HOUSETYPE="3" OPERTYPEID="20" PREVID="48462019" NEXTID="126747022" UPDATEDATE="2024-09-09" STARTDATE="2018-03-06" ENDDATE="2024-09-09" ISACTUAL="0" ISACTIVE="0" /><HOUSE ID="57397147" OBJECTID="80118246" OBJECTGUID="54ebf96e-9164-4179-9baa-8f5cf87d270f" CHANGEID="119074823" HOUSENUM="15" HOUSETYPE="3" OPERTYPEID="20" PREVID="48455872" NEXTID="126745195" UPDATEDATE="2024-09-09" STARTDATE="2018-03-06" ENDDATE="2024-09-09" ISACTUAL="0" ISACTIVE="0" /><HOUSE ID="58423149" OBJECTID="36513172" OBJECTGUID="636a86bd-85e5-44a7-832e-0d43eab888c9" CHANGEID="55431371" HOUSENUM="36" HOUSETYPE="3" OPERTYPEID="20" PREVID="21739122" NEXTID="126747296" UPDATEDATE="2024-09-09" STARTDATE="2018-03-13" ENDDATE="2024-09-09" ISACTUAL="0" ISACTIVE="0" /><HOUSE ID="58548874" OBJECTID="36538201" OBJECTGUID="652ddbb9-3892-49b3-bdb7-d427efacf1fb" CHANGEID="55468528" HOUSENUM="50" HOUSETYPE="3" OPERTYPEID="20" PREVID="21756075" NEXTID="126747360" UPDATEDATE="2024-09-09" STARTDATE="2018-03-13" ENDDATE="2024-09-09" ISACTUAL="0" ISACTIVE="0" /><HOUSE ID="58593146" OBJECTID="80116817" OBJECTGUID="65cc9f38-2953-4f33-b22d-6539df6bee6f" CHANGEID="119072908" HOUSENUM="43" HOUSETYPE="3" OPERTYPEID="20" PREVID="48455101" NEXTID="126747050" UPDATEDATE="2024-09-09" STARTDATE="2018-03-06" ENDDATE="2024-09-09" ISACTUAL="0" ISACTIVE="0" /><HOUSE ID="58833093" OBJECTID="36510831" OBJECTGUID="692fcf8a-0e25-4098-9689-01b60c8197bd" CHANGEID="55427789" HOUSENUM="15" HOUSETYPE="3" OPERTYPEID="20" PREVID="21737350" NEXTID="126747139" UPDATEDATE="2024-09-09" STARTDATE="2018-03-13" ENDDATE="2024-09-09" ISACTUAL="0" ISACTIVE="0" /><HOUSE ID="59524738" OBJECTID="80105629" OBJECTGUID="72f84357-5550-4882-b3c8-15564085abde" CHANGEID="119056970" HOUSENUM="22" HOUSETYPE="3" OPERTYPEID="20" PREVID="48448038" NEXTID="126746977" UPDATEDATE="2024-09-09" STARTDATE="2018-03-06" ENDDATE="2024-09-09" ISACTUAL="0" ISACTIVE="0" /><HOUSE ID="59627393" OBJECTID="36528191" OBJECTGUID="74697a9d-7bc0-48b1-8c25-9e20eaccdcb8" CHANGEID="55455080" HOUSENUM="17" HOUSETYPE="3" OPERTYPEID="20" PREVID="21750784" NEXTID="126747160" UPDATEDATE="2024-09-09" STARTDATE="2018-03-13" ENDDATE="2024-09-09" ISACTUAL="0" ISACTIVE="0" /><HOUSE ID="60824953" OBJECTID="80125232" OBJECTGUID="8550d400-7c2f-4256-aa2c-b8899cf11b4a" CHANGEID="119085431" HOUSENUM="21" HOUSETYPE="3" OPERTYPEID="20" PREVID="48460193" NEXTID="126746968" UPDATEDATE="2024-09-09" STARTDATE="2018-03-06" ENDDATE="2024-09-09" ISACTUAL="0" ISACTIVE="0" /><HOUSE ID="61164369" OBJECTID="36538465" OBJECTGUID="8a1c4cc9-11ea-4ba1-bdae-e8fde4516611" CHANGEID="55469286" HOUSENUM="4" HOUSETYPE="3" OPERTYPEID="20" PREVID="21756306" NEXTID="126747058" UPDATEDATE="2024-09-09" STARTDATE="2018-03-13" ENDDATE="2024-09-09" ISACTUAL="0" ISACTIVE="0" /><HOUSE ID="62078290" OBJECTID="36514185" OBJECTGUID="96fecb16-a93e-4101-ac57-25df079d3294" CHANGEID="55432864" HOUSENUM="37" HOUSETYPE="3" OPERTYPEID="20" PREVID="21739835" NEXTID="126747298" UPDATEDATE="2024-09-09" STARTDATE="2018-03-13" ENDDATE="2024-09-09" ISACTUAL="0" ISACTIVE="0" /><HOUSE ID="62645731" OBJECTID="36539583" OBJECTGUID="9efcf1d3-bd1c-4668-9e55-f34938dea377" CHANGEID="55470501" HOUSENUM="40" HOUSETYPE="3" OPERTYPEID="20" PREVID="21756922" NEXTID="126747301" UPDATEDATE="2024-09-09" STARTDATE="2018-03-13" ENDDATE="2024-09-09" ISACTUAL="0" ISACTIVE="0" /><HOUSE ID="62695304" OBJECTID="36517569" OBJECTGUID="9fb0ae95-fc37-4d60-8e4a-63b54c265caf" CHANGEID="55445228" HOUSENUM="25" HOUSETYPE="3" OPERTYPEID="20" PREVID="21745936" NEXTID="126747259" UPDATEDATE="2024-09-09" STARTDATE="2018-03-13" ENDDATE="2024-09-09" ISACTUAL="0" ISACTIVE="0" /><HOUSE ID="64288454" OBJECTID="36530189" OBJECTGUID="b6311aa4-f900-4c8b-a94a-ab112462882e" CHANGEID="55457352" HOUSENUM="14" HOUSETYPE="3" OPERTYPEID="20" PREVID="21751914" NEXTID="126747078" UPDATEDATE="2024-09-09" STARTDATE="2018-03-13" ENDDATE="2024-09-09" ISACTUAL="0" ISACTIVE="0" /><HOUSE ID="65513910" OBJECTID="36539771" OBJECTGUID="c77b35e7-3bf0-4120-b05c-f63ee32ca987" CHANGEID="55470875" HOUSENUM="23" HOUSETYPE="3" OPERTYPEID="20" PREVID="21757056" NEXTID="126747197" UPDATEDATE="2024-09-09" STARTDATE="2018-03-13" ENDDATE="2024-09-09" ISACTUAL="0" ISACTIVE="0" /><HOUSE ID="66549958" OBJECTID="36513847" OBJECTGUID="d6226880-361d-4a70-90cd-1c2219712c8b" CHANGEID="55432478" HOUSENUM="46" HOUSETYPE="3" OPERTYPEID="20" PREVID="21739666" NEXTID="126747350" UPDATEDATE="2024-09-09" STARTDATE="2018-03-13" ENDDATE="2024-09-09" ISACTUAL="0" ISACTIVE="0" /><HOUSE ID="67396868" OBJECTID="36515411" OBJECTGUID="e21c0bd2-7248-4ed3-9a7c-41f71ad69e2c" CHANGEID="55434772" HOUSENUM="47" HOUSETYPE="3" OPERTYPEID="20" PREVID="21740714" NEXTID="126747357" UPDATEDATE="2024-09-09" STARTDATE="2018-03-13" ENDDATE="2024-09-09" ISACTUAL="0" ISACTIVE="0" /><HOUSE ID="63380159" OBJECTID="36511583" OBJECTGUID="a95fc5c7-0c15-4aad-9db7-0655b5b6905b" CHANGEID="55429102" HOUSENUM="26" HOUSETYPE="3" OPERTYPEID="20" PREVID="21738004" NEXTID="126747292" UPDATEDATE="2024-09-09" STARTDATE="2018-03-13" ENDDATE="2024-09-09" ISACTUAL="0" ISACTIVE="0" /><HOUSE ID="37652575" OBJECTID="62638800" OBJECTGUID="e813a7f0-0973-43ed-8174-0ef6b771e912" CHANGEID="93509412" HOUSENUM="1" ADDNUM1="2" HOUSETYPE="2" ADDTYPE1="1" OPERTYPEID="20" PREVID="37652449" NEXTID="126747415" UPDATEDATE="2024-09-09" STARTDATE="2017-12-15" ENDDATE="2024-09-09" ISACTUAL="0" ISACTIVE="0" /><HOUSE ID="37653714" OBJECTID="62640092" OBJECTGUID="ff269f3a-54aa-4da0-9f31-14331a0b7e5c" CHANGEID="93512116" HOUSENUM="1" ADDNUM1="3" HOUSETYPE="2" ADDTYPE1="1" OPERTYPEID="20" PREVID="37653708" NEXTID="126747418" UPDATEDATE="2024-09-09" STARTDATE="2017-12-15" ENDDATE="2024-09-09" ISACTUAL="0" ISACTIVE="0" /><HOUSE ID="37661020" OBJECTID="62653523" OBJECTGUID="95462110-b826-4278-87ee-7730431947fa" CHANGEID="93529413" HOUSENUM="2" ADDNUM1="1" HOUSETYPE="2" ADDTYPE1="1" OPERTYPEID="10" PREVID="0" NEXTID="126752216" UPDATEDATE="2024-09-10" STARTDATE="2015-09-09" ENDDATE="2024-09-10" ISACTUAL="0" ISACTIVE="0" /><HOUSE ID="37665916" OBJECTID="62660585" OBJECTGUID="14c40d25-accb-4015-863c-91ecd28a8a94" CHANGEID="93539988" HOUSENUM="2" ADDNUM1="3" HOUSETYPE="2" ADDTYPE1="1" OPERTYPEID="10" PREVID="0" NEXTID="126747451" UPDATEDATE="2024-09-09" STARTDATE="2015-09-09" ENDDATE="2024-09-09" ISACTUAL="0" ISACTIVE="0" /><HOUSE ID="51551677" OBJECTID="80106757" OBJECTGUID="026a76d1-51bc-4789-9a3d-2b33d8907c3f" CHANGEID="119058489" HOUSENUM="23" HOUSETYPE="3" OPERTYPEID="20" PREVID="48448930" NEXTID="126746982" UPDATEDATE="2024-09-09" STARTDATE="2018-03-06" ENDDATE="2024-09-09" ISACTUAL="0" ISACTIVE="0" /><HOUSE ID="126604801" OBJECTID="62648633" OBJECTGUID="d68fea96-3598-496c-a274-7fd284e22416" CHANGEID="599521477" HOUSENUM="1" HOUSETYPE="2" OPERTYPEID="20" PREVID="37658516" NEXTID="126753947" UPDATEDATE="2024-09-10" STARTDATE="2024-08-12" ENDDATE="2024-09-10" ISACTUAL="0" ISACTIVE="0" /><HOUSE ID="64654243" OBJECTID="74337953" OBJECTGUID="bb5b925d-02ed-4a36-b0dc-3e50c49d05a1" CHANGEID="110636481" HOUSENUM="243" HOUSETYPE="2" OPERTYPEID="20" PREVID="44877990" NEXTID="126725688" UPDATEDATE="2024-09-05" STARTDATE="2017-05-04" ENDDATE="2024-09-05" ISACTUAL="0" ISACTIVE="0" /><HOUSE ID="126725688" OBJECTID="74337953" OBJECTGUID="bb5b925d-02ed-4a36-b0dc-3e50c49d05a1" CHANGEID="600515116" HOUSENUM="242" HOUSETYPE="2" OPERTYPEID="50" PREVID="64654243" UPDATEDATE="2024-09-05" STARTDATE="2024-09-05" ENDDATE="2079-06-06" ISACTUAL="1" ISACTIVE="1" /><HOUSE ID="126729904" OBJECTID="165082117" OBJECTGUID="3eeeadbf-e643-4169-b116-9b1a4f2e878a" CHANGEID="600546233" HOUSENUM="9" HOUSETYPE="2" OPERTYPEID="10" PREVID="0" NEXTID="0" UPDATEDATE="2024-09-05" STARTDATE="2024-09-05" ENDDATE="2079-06-06" ISACTUAL="1" ISACTIVE="1" /><HOUSE ID="126729914" OBJECTID="165082196" OBJECTGUID="68b224d0-1e77-4fcc-85d0-b12b5da8ede4" CHANGEID="600546388" HOUSENUM="43/2" HOUSETYPE="2" OPERTYPEID="10" PREVID="0" NEXTID="0" UPDATEDATE="2024-09-05" STARTDATE="2024-09-05" ENDDATE="2079-06-06" ISACTUAL="1" ISACTIVE="1" /><HOUSE ID="126729918" OBJECTID="165082207" OBJECTGUID="d3335588-b3d4-45e8-a62e-dbde286a7a8a" CHANGEID="600546410" HOUSENUM="43/1" HOUSETYPE="2" OPERTYPEID="10" PREVID="0" NEXTID="0" UPDATEDATE="2024-09-05" STARTDATE="2024-09-05" ENDDATE="2079-06-06" ISACTUAL="1" ISACTIVE="1" /><HOUSE ID="126729935" OBJECTID="165082232" OBJECTGUID="426295e8-a3e7-40aa-bf8c-f52d0d94187d" CHANGEID="600546454" HOUSENUM="43/3" HOUSETYPE="2" OPERTYPEID="10" PREVID="0" NEXTID="0" UPDATEDATE="2024-09-05" STARTDATE="2024-09-05" ENDDATE="2079-06-06" ISACTUAL="1" ISACTIVE="1" /><HOUSE ID="126729952" OBJECTID="165082327" OBJECTGUID="f75f61e2-878a-4a60-a090-941885f9a66e" CHANGEID="600546625" HOUSENUM="15/1" HOUSETYPE="2" OPERTYPEID="10" PREVID="0" NEXTID="0" UPDATEDATE="2024-09-05" STARTDATE="2024-09-05" ENDDATE="2079-06-06" ISACTUAL="1" ISACTIVE="1" /><HOUSE ID="126729978" OBJECTID="165082502" OBJECTGUID="fddf1dfd-5191-4d0f-88a2-8e366b00cfc1" CHANGEID="600546859" HOUSENUM="7/Е" HOUSETYPE="2" OPERTYPEID="10" PREVID="0" NEXTID="0" UPDATEDATE="2024-09-05" STARTDATE="2024-09-05" ENDDATE="2079-06-06" ISACTUAL="1" ISACTIVE="1" /><HOUSE ID="126730202" OBJECTID="165083438" OBJECTGUID="8a1f9399-1a96-4e81-8322-4d1d52d80477" CHANGEID="600548611" HOUSENUM="147" HOUSETYPE="2" OPERTYPEID="10" PREVID="0" NEXTID="0" UPDATEDATE="2024-09-05" STARTDATE="2024-09-05" ENDDATE="2079-06-06" ISACTUAL="1" ISACTIVE="1" /><HOUSE ID="126730221" OBJECTID="165083661" OBJECTGUID="7ec453ff-2e97-48e8-8cd8-bde5e539464e" CHANGEID="600548963" HOUSENUM="8В" HOUSETYPE="2" OPERTYPEID="10" PREVID="0" NEXTID="0" UPDATEDATE="2024-09-05" STARTDATE="2024-09-05" ENDDATE="2079-06-06" ISACTUAL="1" ISACTIVE="1" /><HOUSE ID="126733432" OBJECTID="165097810" OBJECTGUID="4f9cfb14-c65b-4089-98f9-c10123a7a744" CHANGEID="600575055" HOUSENUM="20" HOUSETYPE="2" OPERTYPEID="10" PREVID="0" NEXTID="0" UPDATEDATE="2024-09-06" STARTDATE="2024-09-06" ENDDATE="2079-06-06" ISACTUAL="1" ISACTIVE="1" /><HOUSE ID="126733964" OBJECTID="67358475" OBJECTGUID="448d6bd7-63d4-4083-8f36-f0f60c8b2b8f" CHANGEID="600578652" HOUSENUM="12" HOUSETYPE="2" OPERTYPEID="30" PREVID="40565742" NEXTID="0" UPDATEDATE="2024-09-06" STARTDATE="2024-09-06" ENDDATE="2079-06-06" ISACTUAL="1" ISACTIVE="0" /><HOUSE ID="40565742" OBJECTID="67358475" OBJECTGUID="448d6bd7-63d4-4083-8f36-f0f60c8b2b8f" CHANGEID="100425129" HOUSENUM="12" HOUSETYPE="2" OPERTYPEID="20" PREVID="40565737" NEXTID="126733964" UPDATEDATE="2024-09-06" STARTDATE="2018-03-02" ENDDATE="2024-09-06" ISACTUAL="0" ISACTIVE="0" /><HOUSE ID="126740624" OBJECTID="165125288" OBJECTGUID="e30b31ff-7667-4e94-ad65-d84b1c3508be" CHANGEID="600750419" HOUSENUM="93А" HOUSETYPE="2" OPERTYPEID="10" PREVID="0" NEXTID="0" UPDATEDATE="2024-09-09" STARTDATE="2024-09-09" ENDDATE="2079-06-06" ISACTUAL="1" ISACTIVE="1" /><HOUSE ID="126742207" OBJECTID="165133610" OBJECTGUID="68a098cb-5a16-4091-97f0-1e2080825515" CHANGEID="600763778" HOUSENUM="447" HOUSETYPE="2" OPERTYPEID="10" PREVID="0" NEXTID="0" UPDATEDATE="2024-09-09" STARTDATE="2024-09-09" ENDDATE="2079-06-06" ISACTUAL="1" ISACTIVE="1" /><HOUSE ID="126745195" OBJECTID="80118246" OBJECTGUID="54ebf96e-9164-4179-9baa-8f5cf87d270f" CHANGEID="600777278" HOUSENUM="15" HOUSETYPE="2" OPERTYPEID="20" PREVID="57397147" UPDATEDATE="2024-09-09" STARTDATE="2024-09-09" ENDDATE="2079-06-06" ISACTUAL="1" ISACTIVE="1" /><HOUSE ID="61628734" OBJECTID="80117246" OBJECTGUID="90a9529b-84f3-40ef-8c02-7f14a5586171" CHANGEID="119073990" HOUSENUM="17" HOUSETYPE="3" OPERTYPEID="20" PREVID="48455522" NEXTID="126745210" UPDATEDATE="2024-09-09" STARTDATE="2018-03-06" ENDDATE="2024-09-09" ISACTUAL="0" ISACTIVE="0" /><HOUSE ID="126745210" OBJECTID="80117246" OBJECTGUID="90a9529b-84f3-40ef-8c02-7f14a5586171" CHANGEID="600777362" HOUSENUM="17" HOUSETYPE="2" OPERTYPEID="20" PREVID="61628734" UPDATEDATE="2024-09-09" STARTDATE="2024-09-09" ENDDATE="2079-06-06" ISACTUAL="1" ISACTIVE="1" /><HOUSE ID="126745510" OBJECTID="165142725" OBJECTGUID="4e9ec5b6-278f-4202-9236-350e9f6d3cd9" CHANGEID="600779317" HOUSENUM="66/1" HOUSETYPE="2" OPERTYPEID="10" PREVID="0" NEXTID="0" UPDATEDATE="2024-09-09" STARTDATE="2024-09-09" ENDDATE="2079-06-06" ISACTUAL="1" ISACTIVE="1" /><HOUSE ID="126746968" OBJECTID="80125232" OBJECTGUID="8550d400-7c2f-4256-aa2c-b8899cf11b4a" CHANGEID="600789013" HOUSENUM="21" HOUSETYPE="2" OPERTYPEID="20" PREVID="60824953" UPDATEDATE="2024-09-09" STARTDATE="2024-09-09" ENDDATE="2079-06-06" ISACTUAL="1" ISACTIVE="1" /><HOUSE ID="126746977" OBJECTID="80105629" OBJECTGUID="72f84357-5550-4882-b3c8-15564085abde" CHANGEID="600789097" HOUSENUM="22" HOUSETYPE="2" OPERTYPEID="20" PREVID="59524738" UPDATEDATE="2024-09-09" STARTDATE="2024-09-09" ENDDATE="2079-06-06" ISACTUAL="1" ISACTIVE="1" /><HOUSE ID="126746982" OBJECTID="80106757" OBJECTGUID="026a76d1-51bc-4789-9a3d-2b33d8907c3f" CHANGEID="600789115" HOUSENUM="23" HOUSETYPE="2" OPERTYPEID="20" PREVID="51551677" UPDATEDATE="2024-09-09" STARTDATE="2024-09-09" ENDDATE="2079-06-06" ISACTUAL="1" ISACTIVE="1" /><HOUSE ID="52220425" OBJECTID="80107421" OBJECTGUID="0bd41165-6f8d-4b72-a934-470682851adb" CHANGEID="119060034" HOUSENUM="26" HOUSETYPE="3" OPERTYPEID="20" PREVID="48449632" NEXTID="126746989" UPDATEDATE="2024-09-09" STARTDATE="2018-03-06" ENDDATE="2024-09-09" ISACTUAL="0" ISACTIVE="0" /><HOUSE ID="126746989" OBJECTID="80107421" OBJECTGUID="0bd41165-6f8d-4b72-a934-470682851adb" CHANGEID="600789247" HOUSENUM="26" HOUSETYPE="2" OPERTYPEID="20" PREVID="52220425" UPDATEDATE="2024-09-09" STARTDATE="2024-09-09" ENDDATE="2079-06-06" ISACTUAL="1" ISACTIVE="1" /><HOUSE ID="66426399" OBJECTID="80118206" OBJECTGUID="d460ebf5-d4f3-4583-9974-85f182b5f543" CHANGEID="119074703" HOUSENUM="27" HOUSETYPE="3" OPERTYPEID="20" PREVID="48455827" NEXTID="126746991" UPDATEDATE="2024-09-09" STARTDATE="2018-03-06" ENDDATE="2024-09-09" ISACTUAL="0" ISACTIVE="0" /><HOUSE ID="126746991" OBJECTID="80118206" OBJECTGUID="d460ebf5-d4f3-4583-9974-85f182b5f543" CHANGEID="600789263" HOUSENUM="27" HOUSETYPE="2" OPERTYPEID="20" PREVID="66426399" UPDATEDATE="2024-09-09" STARTDATE="2024-09-09" ENDDATE="2079-06-06" ISACTUAL="1" ISACTIVE="1" /><HOUSE ID="126747022" OBJECTID="80127036" OBJECTGUID="4e982f78-872b-459b-9f00-ca3c1a188b04" CHANGEID="600789403" HOUSENUM="34" HOUSETYPE="2" OPERTYPEID="20" PREVID="56947971" UPDATEDATE="2024-09-09" STARTDATE="2024-09-09" ENDDATE="2079-06-06" ISACTUAL="1" ISACTIVE="1" /><HOUSE ID="67929934" OBJECTID="80124245" OBJECTGUID="e9a1f5b3-deb9-41af-bf6a-ae19c856775e" CHANGEID="119084918" HOUSENUM="28" HOUSETYPE="3" OPERTYPEID="20" PREVID="48460045" NEXTID="126747012" UPDATEDATE="2024-09-09" STARTDATE="2018-03-06" ENDDATE="2024-09-09" ISACTUAL="0" ISACTIVE="0" /><HOUSE ID="126747012" OBJECTID="80124245" OBJECTGUID="e9a1f5b3-deb9-41af-bf6a-ae19c856775e" CHANGEID="600789366" HOUSENUM="28" HOUSETYPE="2" OPERTYPEID="20" PREVID="67929934" UPDATEDATE="2024-09-09" STARTDATE="2024-09-09" ENDDATE="2079-06-06" ISACTUAL="1" ISACTIVE="1" /><HOUSE ID="55557404" OBJECTID="80130227" OBJECTGUID="3af2355e-eef8-4d8c-922a-f283eb49dede" CHANGEID="119093174" HOUSENUM="30" HOUSETYPE="3" OPERTYPEID="20" PREVID="48463757" NEXTID="126747017" UPDATEDATE="2024-09-09" STARTDATE="2018-03-06" ENDDATE="2024-09-09" ISACTUAL="0" ISACTIVE="0" /><HOUSE ID="126747017" OBJECTID="80130227" OBJECTGUID="3af2355e-eef8-4d8c-922a-f283eb49dede" CHANGEID="600789384" HOUSENUM="30" HOUSETYPE="2" OPERTYPEID="20" PREVID="55557404" UPDATEDATE="2024-09-09" STARTDATE="2024-09-09" ENDDATE="2079-06-06" ISACTUAL="1" ISACTIVE="1" /><HOUSE ID="68235983" OBJECTID="80108979" OBJECTGUID="edf2e2a6-68c7-4a44-81b5-586158e47513" CHANGEID="119061742" HOUSENUM="35" HOUSETYPE="3" OPERTYPEID="20" PREVID="48450614" NEXTID="126747038" UPDATEDATE="2024-09-09" STARTDATE="2018-03-06" ENDDATE="2024-09-09" ISACTUAL="0" ISACTIVE="0" /><HOUSE ID="126747038" OBJECTID="80108979" OBJECTGUID="edf2e2a6-68c7-4a44-81b5-586158e47513" CHANGEID="600789447" HOUSENUM="35" HOUSETYPE="2" OPERTYPEID="20" PREVID="68235983" UPDATEDATE="2024-09-09" STARTDATE="2024-09-09" ENDDATE="2079-06-06" ISACTUAL="1" ISACTIVE="1" /><HOUSE ID="126747050" OBJECTID="80116817" OBJECTGUID="65cc9f38-2953-4f33-b22d-6539df6bee6f" CHANGEID="600789484" HOUSENUM="43" HOUSETYPE="2" OPERTYPEID="20" PREVID="58593146" UPDATEDATE="2024-09-09" STARTDATE="2024-09-09" ENDDATE="2079-06-06" ISACTUAL="1" ISACTIVE="1" /><HOUSE ID="52137718" OBJECTID="80128385" OBJECTGUID="0aaa0a20-a210-49e9-8bc6-d6cc239148f3" CHANGEID="119090446" HOUSENUM="41" HOUSETYPE="3" OPERTYPEID="20" PREVID="48462571" NEXTID="126747046" UPDATEDATE="2024-09-09" STARTDATE="2018-03-06" ENDDATE="2024-09-09" ISACTUAL="0" ISACTIVE="0" /><HOUSE ID="126747046" OBJECTID="80128385" OBJECTGUID="0aaa0a20-a210-49e9-8bc6-d6cc239148f3" CHANGEID="600789471" HOUSENUM="41" HOUSETYPE="2" OPERTYPEID="20" PREVID="52137718" UPDATEDATE="2024-09-09" STARTDATE="2024-09-09" ENDDATE="2079-06-06" ISACTUAL="1" ISACTIVE="1" /><HOUSE ID="56951740" OBJECTID="80118411" OBJECTGUID="4ea4e86f-2f78-43f2-bb7b-93bcdfe3d499" CHANGEID="119075637" HOUSENUM="45" HOUSETYPE="3" OPERTYPEID="20" PREVID="48456304" NEXTID="126747054" UPDATEDATE="2024-09-09" STARTDATE="2018-03-06" ENDDATE="2024-09-09" ISACTUAL="0" ISACTIVE="0" /><HOUSE ID="126747054" OBJECTID="80118411" OBJECTGUID="4ea4e86f-2f78-43f2-bb7b-93bcdfe3d499" CHANGEID="600789541" HOUSENUM="45" HOUSETYPE="2" OPERTYPEID="20" PREVID="56951740" UPDATEDATE="2024-09-09" STARTDATE="2024-09-09" ENDDATE="2079-06-06" ISACTUAL="1" ISACTIVE="1" /><HOUSE ID="126747058" OBJECTID="36538465" OBJECTGUID="8a1c4cc9-11ea-4ba1-bdae-e8fde4516611" CHANGEID="600789562" HOUSENUM="4" HOUSETYPE="2" OPERTYPEID="20" PREVID="61164369" UPDATEDATE="2024-09-09" STARTDATE="2024-09-09" ENDDATE="2079-06-06" ISACTUAL="1" ISACTIVE="1" /><HOUSE ID="126747064" OBJECTID="36527009" OBJECTGUID="35661de2-b9d2-41b7-82c5-930b12a13d92" CHANGEID="600789581" HOUSENUM="8" HOUSETYPE="2" OPERTYPEID="20" PREVID="55163795" UPDATEDATE="2024-09-09" STARTDATE="2024-09-09" ENDDATE="2079-06-06" ISACTUAL="1" ISACTIVE="1" /><HOUSE ID="126747078" OBJECTID="36530189" OBJECTGUID="b6311aa4-f900-4c8b-a94a-ab112462882e" CHANGEID="600789684" HOUSENUM="14" HOUSETYPE="2" OPERTYPEID="20" PREVID="64288454" UPDATEDATE="2024-09-09" STARTDATE="2024-09-09" ENDDATE="2079-06-06" ISACTUAL="1" ISACTIVE="1" /><HOUSE ID="126747139" OBJECTID="36510831" OBJECTGUID="692fcf8a-0e25-4098-9689-01b60c8197bd" CHANGEID="600790001" HOUSENUM="15" HOUSETYPE="2" OPERTYPEID="20" PREVID="58833093" UPDATEDATE="2024-09-09" STARTDATE="2024-09-09" ENDDATE="2079-06-06" ISACTUAL="1" ISACTIVE="1" /><HOUSE ID="126747160" OBJECTID="36528191" OBJECTGUID="74697a9d-7bc0-48b1-8c25-9e20eaccdcb8" CHANGEID="600790097" HOUSENUM="17" HOUSETYPE="2" OPERTYPEID="20" PREVID="59627393" UPDATEDATE="2024-09-09" STARTDATE="2024-09-09" ENDDATE="2079-06-06" ISACTUAL="1" ISACTIVE="1" /><HOUSE ID="126747169" OBJECTID="36525543" OBJECTGUID="33723c63-7596-443c-980c-72ebd3265f12" CHANGEID="600790122" HOUSENUM="18" HOUSETYPE="2" OPERTYPEID="20" PREVID="55024428" UPDATEDATE="2024-09-09" STARTDATE="2024-09-09" ENDDATE="2079-06-06" ISACTUAL="1" ISACTIVE="1" /><HOUSE ID="52559031" OBJECTID="36517000" OBJECTGUID="109e59fd-bb22-415e-9f2f-5dc68fe2bab7" CHANGEID="55437504" HOUSENUM="19" HOUSETYPE="3" OPERTYPEID="20" PREVID="21742146" NEXTID="126747184" UPDATEDATE="2024-09-09" STARTDATE="2018-03-13" ENDDATE="2024-09-09" ISACTUAL="0" ISACTIVE="0" /><HOUSE ID="126747184" OBJECTID="36517000" OBJECTGUID="109e59fd-bb22-415e-9f2f-5dc68fe2bab7" CHANGEID="600790236" HOUSENUM="19" HOUSETYPE="2" OPERTYPEID="20" PREVID="52559031" UPDATEDATE="2024-09-09" STARTDATE="2024-09-09" ENDDATE="2079-06-06" ISACTUAL="1" ISACTIVE="1" /><HOUSE ID="66293510" OBJECTID="36526606" OBJECTGUID="d282021a-b81d-453e-8b12-8f805aa2fc29" CHANGEID="55451617" HOUSENUM="21" HOUSETYPE="3" OPERTYPEID="20" PREVID="21749027" NEXTID="126747192" UPDATEDATE="2024-09-09" STARTDATE="2018-03-13" ENDDATE="2024-09-09" ISACTUAL="0" ISACTIVE="0" /><HOUSE ID="126747192" OBJECTID="36526606" OBJECTGUID="d282021a-b81d-453e-8b12-8f805aa2fc29" CHANGEID="600790287" HOUSENUM="21" HOUSETYPE="2" OPERTYPEID="20" PREVID="66293510" UPDATEDATE="2024-09-09" STARTDATE="2024-09-09" ENDDATE="2079-06-06" ISACTUAL="1" ISACTIVE="1" /><HOUSE ID="126747197" OBJECTID="36539771" OBJECTGUID="c77b35e7-3bf0-4120-b05c-f63ee32ca987" CHANGEID="600790305" HOUSENUM="23" HOUSETYPE="2" OPERTYPEID="20" PREVID="65513910" UPDATEDATE="2024-09-09" STARTDATE="2024-09-09" ENDDATE="2079-06-06" ISACTUAL="1" ISACTIVE="1" /><HOUSE ID="126747259" OBJECTID="36517569" OBJECTGUID="9fb0ae95-fc37-4d60-8e4a-63b54c265caf" CHANGEID="600790736" HOUSENUM="25" HOUSETYPE="2" OPERTYPEID="20" PREVID="62695304" UPDATEDATE="2024-09-09" STARTDATE="2024-09-09" ENDDATE="2079-06-06" ISACTUAL="1" ISACTIVE="1" /><HOUSE ID="126747292" OBJECTID="36511583" OBJECTGUID="a95fc5c7-0c15-4aad-9db7-0655b5b6905b" CHANGEID="600791018" HOUSENUM="26" HOUSETYPE="2" OPERTYPEID="20" PREVID="63380159" UPDATEDATE="2024-09-09" STARTDATE="2024-09-09" ENDDATE="2079-06-06" ISACTUAL="1" ISACTIVE="1" /><HOUSE ID="126747296" OBJECTID="36513172" OBJECTGUID="636a86bd-85e5-44a7-832e-0d43eab888c9" CHANGEID="600791054" HOUSENUM="36" HOUSETYPE="2" OPERTYPEID="20" PREVID="58423149" UPDATEDATE="2024-09-09" STARTDATE="2024-09-09" ENDDATE="2079-06-06" ISACTUAL="1" ISACTIVE="1" /><HOUSE ID="126747298" OBJECTID="36514185" OBJECTGUID="96fecb16-a93e-4101-ac57-25df079d3294" CHANGEID="600791066" HOUSENUM="37" HOUSETYPE="2" OPERTYPEID="20" PREVID="62078290" UPDATEDATE="2024-09-09" STARTDATE="2024-09-09" ENDDATE="2079-06-06" ISACTUAL="1" ISACTIVE="1" /><HOUSE ID="126747301" OBJECTID="36539583" OBJECTGUID="9efcf1d3-bd1c-4668-9e55-f34938dea377" CHANGEID="600791082" HOUSENUM="40" HOUSETYPE="2" OPERTYPEID="20" PREVID="62645731" UPDATEDATE="2024-09-09" STARTDATE="2024-09-09" ENDDATE="2079-06-06" ISACTUAL="1" ISACTIVE="1" /><HOUSE ID="54545078" OBJECTID="36515090" OBJECTGUID="2caaf2bd-d63e-4804-8957-3fc03f426b0a" CHANGEID="55434271" HOUSENUM="42" HOUSETYPE="3" OPERTYPEID="20" PREVID="21740429" NEXTID="126747335" UPDATEDATE="2024-09-09" STARTDATE="2018-03-13" ENDDATE="2024-09-09" ISACTUAL="0" ISACTIVE="0" /><HOUSE ID="126747335" OBJECTID="36515090" OBJECTGUID="2caaf2bd-d63e-4804-8957-3fc03f426b0a" CHANGEID="600791192" HOUSENUM="42" HOUSETYPE="2" OPERTYPEID="20" PREVID="54545078" UPDATEDATE="2024-09-09" STARTDATE="2024-09-09" ENDDATE="2079-06-06" ISACTUAL="1" ISACTIVE="1" /><HOUSE ID="57446975" OBJECTID="36526278" OBJECTGUID="55a186d0-2ce6-4683-9821-7e2d8b310681" CHANGEID="55451164" HOUSENUM="43" HOUSETYPE="3" OPERTYPEID="20" PREVID="21748803" NEXTID="126747336" UPDATEDATE="2024-09-09" STARTDATE="2018-03-13" ENDDATE="2024-09-09" ISACTUAL="0" ISACTIVE="0" /><HOUSE ID="126747336" OBJECTID="36526278" OBJECTGUID="55a186d0-2ce6-4683-9821-7e2d8b310681" CHANGEID="600791204" HOUSENUM="43" HOUSETYPE="2" OPERTYPEID="20" PREVID="57446975" UPDATEDATE="2024-09-09" STARTDATE="2024-09-09" ENDDATE="2079-06-06" ISACTUAL="1" ISACTIVE="1" /><HOUSE ID="57790989" OBJECTID="36516058" OBJECTGUID="5a7c3b4c-4a1a-4e22-a2d8-4d5616ad24ee" CHANGEID="55435894" HOUSENUM="44" HOUSETYPE="3" OPERTYPEID="20" PREVID="21741280" NEXTID="126747338" UPDATEDATE="2024-09-09" STARTDATE="2018-03-13" ENDDATE="2024-09-09" ISACTUAL="0" ISACTIVE="0" /><HOUSE ID="126747338" OBJECTID="36516058" OBJECTGUID="5a7c3b4c-4a1a-4e22-a2d8-4d5616ad24ee" CHANGEID="600791218" HOUSENUM="44" HOUSETYPE="2" OPERTYPEID="20" PREVID="57790989" UPDATEDATE="2024-09-09" STARTDATE="2024-09-09" ENDDATE="2079-06-06" ISACTUAL="1" ISACTIVE="1" /><HOUSE ID="126747339" OBJECTID="36531200" OBJECTGUID="2e0950b9-7e83-47d6-b221-b3d14b331315" CHANGEID="600791224" HOUSENUM="45" HOUSETYPE="2" OPERTYPEID="20" PREVID="54642635" UPDATEDATE="2024-09-09" STARTDATE="2024-09-09" ENDDATE="2079-06-06" ISACTUAL="1" ISACTIVE="1" /><HOUSE ID="126747350" OBJECTID="36513847" OBJECTGUID="d6226880-361d-4a70-90cd-1c2219712c8b" CHANGEID="600791241" HOUSENUM="46" HOUSETYPE="2" OPERTYPEID="20" PREVID="66549958" UPDATEDATE="2024-09-09" STARTDATE="2024-09-09" ENDDATE="2079-06-06" ISACTUAL="1" ISACTIVE="1" /><HOUSE ID="126747357" OBJECTID="36515411" OBJECTGUID="e21c0bd2-7248-4ed3-9a7c-41f71ad69e2c" CHANGEID="600791255" HOUSENUM="47" HOUSETYPE="2" OPERTYPEID="20" PREVID="67396868" UPDATEDATE="2024-09-09" STARTDATE="2024-09-09" ENDDATE="2079-06-06" ISACTUAL="1" ISACTIVE="1" /><HOUSE ID="64951321" OBJECTID="36537801" OBJECTGUID="bf8d9b32-74cb-46cc-a72e-c8a0f6288809" CHANGEID="55467767" HOUSENUM="48" HOUSETYPE="3" OPERTYPEID="20" PREVID="21755778" NEXTID="126747358" UPDATEDATE="2024-09-09" STARTDATE="2018-03-13" ENDDATE="2024-09-09" ISACTUAL="0" ISACTIVE="0" /><HOUSE ID="126747358" OBJECTID="36537801" OBJECTGUID="bf8d9b32-74cb-46cc-a72e-c8a0f6288809" CHANGEID="600791266" HOUSENUM="48" HOUSETYPE="2" OPERTYPEID="20" PREVID="64951321" UPDATEDATE="2024-09-09" STARTDATE="2024-09-09" ENDDATE="2079-06-06" ISACTUAL="1" ISACTIVE="1" /><HOUSE ID="126747360" OBJECTID="36538201" OBJECTGUID="652ddbb9-3892-49b3-bdb7-d427efacf1fb" CHANGEID="600791281" HOUSENUM="50" HOUSETYPE="2" OPERTYPEID="20" PREVID="58548874" UPDATEDATE="2024-09-09" STARTDATE="2024-09-09" ENDDATE="2079-06-06" ISACTUAL="1" ISACTIVE="1" /><HOUSE ID="57136344" OBJECTID="36533197" OBJECTGUID="5142f56b-1271-418c-b964-bf17f8fa18e7" CHANGEID="55464658" HOUSENUM="51" HOUSETYPE="3" OPERTYPEID="20" PREVID="21754408" NEXTID="126747362" UPDATEDATE="2024-09-09" STARTDATE="2018-03-13" ENDDATE="2024-09-09" ISACTUAL="0" ISACTIVE="0" /><HOUSE ID="126747362" OBJECTID="36533197" OBJECTGUID="5142f56b-1271-418c-b964-bf17f8fa18e7" CHANGEID="600791295" HOUSENUM="51" HOUSETYPE="2" OPERTYPEID="20" PREVID="57136344" UPDATEDATE="2024-09-09" STARTDATE="2024-09-09" ENDDATE="2079-06-06" ISACTUAL="1" ISACTIVE="1" /><HOUSE ID="126747427" OBJECTID="62653476" OBJECTGUID="280767d2-1bc8-4d03-9f03-2b20a8d363d0" CHANGEID="600791669" HOUSENUM="1" ADDNUM1="4" HOUSETYPE="2" ADDTYPE1="1" OPERTYPEID="30" PREVID="37661008" NEXTID="0" UPDATEDATE="2024-09-09" STARTDATE="2024-09-09" ENDDATE="2079-06-06" ISACTUAL="1" ISACTIVE="0" /><HOUSE ID="37661008" OBJECTID="62653476" OBJECTGUID="280767d2-1bc8-4d03-9f03-2b20a8d363d0" CHANGEID="93529365" HOUSENUM="1" ADDNUM1="4" HOUSETYPE="2" ADDTYPE1="1" OPERTYPEID="10" PREVID="0" NEXTID="126747427" UPDATEDATE="2024-09-09" STARTDATE="2015-09-09" ENDDATE="2024-09-09" ISACTUAL="0" ISACTIVE="0" /><HOUSE ID="126747437" OBJECTID="62654271" OBJECTGUID="fbd89103-3c9d-4354-80a9-7ece2f0ba3ce" CHANGEID="600791724" HOUSENUM="1" ADDNUM1="5" HOUSETYPE="2" ADDTYPE1="1" OPERTYPEID="30" PREVID="37661372" NEXTID="0" UPDATEDATE="2024-09-09" STARTDATE="2024-09-09" ENDDATE="2079-06-06" ISACTUAL="1" ISACTIVE="0" /><HOUSE ID="37661372" OBJECTID="62654271" OBJECTGUID="fbd89103-3c9d-4354-80a9-7ece2f0ba3ce" CHANGEID="93530453" HOUSENUM="1" ADDNUM1="5" HOUSETYPE="2" ADDTYPE1="1" OPERTYPEID="10" PREVID="0" NEXTID="126747437" UPDATEDATE="2024-09-09" STARTDATE="2015-09-09" ENDDATE="2024-09-09" ISACTUAL="0" ISACTIVE="0" /><HOUSE ID="126747448" OBJECTID="62660949" OBJECTGUID="0eeddd3f-0401-4cd8-bb78-cf2af5d9b060" CHANGEID="600791825" HOUSENUM="2" ADDNUM1="2" HOUSETYPE="2" ADDTYPE1="1" OPERTYPEID="30" PREVID="37666164" NEXTID="0" UPDATEDATE="2024-09-09" STARTDATE="2024-09-09" ENDDATE="2079-06-06" ISACTUAL="1" ISACTIVE="0" /><HOUSE ID="37666164" OBJECTID="62660949" OBJECTGUID="0eeddd3f-0401-4cd8-bb78-cf2af5d9b060" CHANGEID="93540608" HOUSENUM="2" ADDNUM1="2" HOUSETYPE="2" ADDTYPE1="1" OPERTYPEID="10" PREVID="0" NEXTID="126747448" UPDATEDATE="2024-09-09" STARTDATE="2015-09-09" ENDDATE="2024-09-09" ISACTUAL="0" ISACTIVE="0" /><HOUSE ID="126747451" OBJECTID="62660585" OBJECTGUID="14c40d25-accb-4015-863c-91ecd28a8a94" CHANGEID="600791837" HOUSENUM="2" ADDNUM1="3" HOUSETYPE="2" ADDTYPE1="1" OPERTYPEID="30" PREVID="37665916" NEXTID="0" UPDATEDATE="2024-09-09" STARTDATE="2024-09-09" ENDDATE="2079-06-06" ISACTUAL="1" ISACTIVE="0" /><HOUSE ID="126747415" OBJECTID="62638800" OBJECTGUID="e813a7f0-0973-43ed-8174-0ef6b771e912" CHANGEID="600791633" HOUSENUM="1" ADDNUM1="2" HOUSETYPE="2" ADDTYPE1="1" OPERTYPEID="30" PREVID="37652575" NEXTID="0" UPDATEDATE="2024-09-09" STARTDATE="2024-09-09" ENDDATE="2079-06-06" ISACTUAL="1" ISACTIVE="0" /><HOUSE ID="126747418" OBJECTID="62640092" OBJECTGUID="ff269f3a-54aa-4da0-9f31-14331a0b7e5c" CHANGEID="600791647" HOUSENUM="1" ADDNUM1="3" HOUSETYPE="2" ADDTYPE1="1" OPERTYPEID="30" PREVID="37653714" NEXTID="0" UPDATEDATE="2024-09-09" STARTDATE="2024-09-09" ENDDATE="2079-06-06" ISACTUAL="1" ISACTIVE="0" /><HOUSE ID="126751635" OBJECTID="165171312" OBJECTGUID="c435aefa-93a9-4781-a6f7-dca9bd36079e" CHANGEID="600828369" HOUSENUM="33/2" HOUSETYPE="2" OPERTYPEID="10" PREVID="0" NEXTID="0" UPDATEDATE="2024-09-10" STARTDATE="2024-09-10" ENDDATE="2079-06-06" ISACTUAL="1" ISACTIVE="1" /><HOUSE ID="126752216" OBJECTID="62653523" OBJECTGUID="95462110-b826-4278-87ee-7730431947fa" CHANGEID="600831882" HOUSENUM="2/1" HOUSETYPE="2" OPERTYPEID="20" PREVID="37661020" UPDATEDATE="2024-09-10" STARTDATE="2024-09-10" ENDDATE="2079-06-06" ISACTUAL="1" ISACTIVE="1" /><HOUSE ID="126752224" OBJECTID="165173335" OBJECTGUID="655b014e-ae2f-4b30-9ba0-3d94720b0e85" CHANGEID="600832002" HOUSENUM="1" ADDNUM1="2" HOUSETYPE="2" ADDTYPE1="1" OPERTYPEID="10" PREVID="0" NEXTID="0" UPDATEDATE="2024-09-10" STARTDATE="2024-09-10" ENDDATE="2079-06-06" ISACTUAL="1" ISACTIVE="1" /><HOUSE ID="126753947" OBJECTID="62648633" OBJECTGUID="d68fea96-3598-496c-a274-7fd284e22416" CHANGEID="600843261" HOUSENUM="1/1" HOUSETYPE="2" OPERTYPEID="20" PREVID="126604801" UPDATEDATE="2024-09-10" STARTDATE="2024-09-10" ENDDATE="2079-06-06" ISACTUAL="1" ISACTIVE="1" /><HOUSE ID="126755605" OBJECTID="165189378" OBJECTGUID="0d1d7dc5-8dbd-43e7-9ce8-5955da9085ac" CHANGEID="600881889" HOUSENUM="12" ADDNUM1="1" HOUSETYPE="2" ADDTYPE1="2" OPERTYPEID="10" PREVID="0" NEXTID="0" UPDATEDATE="2024-09-11" STARTDATE="2024-09-11" ENDDATE="2079-06-06" ISACTUAL="1" ISACTIVE="1" /><HOUSE ID="126755606" OBJECTID="165189379" OBJECTGUID="a251a343-8554-4298-9c0d-e85eca740254" CHANGEID="600881890" HOUSENUM="12" ADDNUM1="2" HOUSETYPE="2" ADDTYPE1="2" OPERTYPEID="10" PREVID="0" NEXTID="0" UPDATEDATE="2024-09-11" STARTDATE="2024-09-11" ENDDATE="2079-06-06" ISACTUAL="1" ISACTIVE="1" /><HOUSE ID="126755997" OBJECTID="165190921" OBJECTGUID="2d661e36-b68e-4cae-bb6e-bfcde68990fd" CHANGEID="600884365" HOUSENUM="12" ADDNUM1="3" HOUSETYPE="2" ADDTYPE1="2" OPERTYPEID="10" PREVID="0" NEXTID="0" UPDATEDATE="2024-09-11" STARTDATE="2024-09-11" ENDDATE="2079-06-06" ISACTUAL="1" ISACTIVE="1" /><HOUSE ID="126760189" OBJECTID="165212888" OBJECTGUID="75f37229-f73a-4934-aed1-d0f4101542fa" CHANGEID="600916703" HOUSENUM="24" HOUSETYPE="2" OPERTYPEID="10" PREVID="0" NEXTID="0" UPDATEDATE="2024-09-11" STARTDATE="2024-09-11" ENDDATE="2079-06-06" ISACTUAL="1" ISACTIVE="1" /><HOUSE ID="126760190" OBJECTID="165212891" OBJECTGUID="7e169437-1269-44d9-bb4b-c49b7010e8b3" CHANGEID="600916734" HOUSENUM="3/5" HOUSETYPE="7" OPERTYPEID="10" PREVID="0" NEXTID="0" UPDATEDATE="2024-09-11" STARTDATE="2024-09-11" ENDDATE="2079-06-06" ISACTUAL="1" ISACTIVE="1" /><HOUSE ID="126760194" OBJECTID="165212902" OBJECTGUID="d1cbe031-d294-4313-8bc7-474f73e839a7" CHANGEID="600916751" HOUSENUM="48" HOUSETYPE="2" OPERTYPEID="10" PREVID="0" NEXTID="0" UPDATEDATE="2024-09-11" STARTDATE="2024-09-11" ENDDATE="2079-06-06" ISACTUAL="1" ISACTIVE="1" /><HOUSE ID="126760467" OBJECTID="165214606" OBJECTGUID="3dcc18f7-0803-4198-9504-0bfdfb71b8b3" CHANGEID="600919316" HOUSENUM="51А/2" HOUSETYPE="2" OPERTYPEID="10" PREVID="0" NEXTID="0" UPDATEDATE="2024-09-11" STARTDATE="2024-09-11" ENDDATE="2079-06-06" ISACTUAL="1" ISACTIVE="1" /><HOUSE ID="126760469" OBJECTID="165214622" OBJECTGUID="efa6b1d3-3efc-4b48-a06c-72a299152ebf" CHANGEID="600919335" HOUSENUM="16/1" HOUSETYPE="2" OPERTYPEID="10" PREVID="0" NEXTID="0" UPDATEDATE="2024-09-11" STARTDATE="2024-09-11" ENDDATE="2079-06-06" ISACTUAL="1" ISACTIVE="1" /><HOUSE ID="126760471" OBJECTID="165214642" OBJECTGUID="3d61fb76-8c20-4eee-a409-411c952929e5" CHANGEID="600919355" HOUSENUM="27" HOUSETYPE="7" OPERTYPEID="10" PREVID="0" NEXTID="0" UPDATEDATE="2024-09-11" STARTDATE="2024-09-11" ENDDATE="2079-06-06" ISACTUAL="1" ISACTIVE="1" /><HOUSE ID="126760468" OBJECTID="165214619" OBJECTGUID="4fa6e5dd-6dd2-40d4-a1d0-2d9b34da5759" CHANGEID="600919332" HOUSENUM="3/5А" HOUSETYPE="7" OPERTYPEID="10" PREVID="0" NEXTID="0" UPDATEDATE="2024-09-11" STARTDATE="2024-09-11" ENDDATE="2079-06-06" ISACTUAL="1" ISACTIVE="1" /><HOUSE ID="126760472" OBJECTID="165214643" OBJECTGUID="cb9c52c8-e18e-4951-ac13-3858ac10ff62" CHANGEID="600919356" HOUSENUM="6" HOUSETYPE="2" OPERTYPEID="10" PREVID="0" NEXTID="0" UPDATEDATE="2024-09-11" STARTDATE="2024-09-11" ENDDATE="2079-06-06" ISACTUAL="1" ISACTIVE="1" /><HOUSE ID="126760823" OBJECTID="165215713" OBJECTGUID="8a82c6e2-db21-4192-8946-67c25ef63a2c" CHANGEID="600921908" HOUSENUM="27/1" HOUSETYPE="2" OPERTYPEID="10" PREVID="0" NEXTID="0" UPDATEDATE="2024-09-11" STARTDATE="2024-09-11" ENDDATE="2079-06-06" ISACTUAL="1" ISACTIVE="1" /><HOUSE ID="126760822" OBJECTID="165215712" OBJECTGUID="f22fa076-0252-4105-8320-e2c06db5321f" CHANGEID="600921907" HOUSENUM="50" HOUSETYPE="2" OPERTYPEID="10" PREVID="0" NEXTID="0" UPDATEDATE="2024-09-11" STARTDATE="2024-09-11" ENDDATE="2079-06-06" ISACTUAL="1" ISACTIVE="1" /><HOUSE ID="126760824" OBJECTID="165215714" OBJECTGUID="f314f4e3-8e1e-45c8-b976-3546808b724c" CHANGEID="600921909" HOUSENUM="9" HOUSETYPE="2" OPERTYPEID="10" PREVID="0" NEXTID="0" UPDATEDATE="2024-09-11" STARTDATE="2024-09-11" ENDDATE="2079-06-06" ISACTUAL="1" ISACTIVE="1" /><HOUSE ID="126761897" OBJECTID="165221378" OBJECTGUID="19a0b23e-fc4d-4855-9289-fcdeadef7e71" CHANGEID="600932493" HOUSENUM="4Б" HOUSETYPE="2" OPERTYPEID="10" PREVID="0" NEXTID="0" UPDATEDATE="2024-09-11" STARTDATE="2024-09-11" ENDDATE="2079-06-06" ISACTUAL="1" ISACTIVE="1" /></HOUSES>