﻿<?xml version="1.0" encoding="utf-8"?><STEADS><STEAD ID="68617419" OBJECTID="84616173" OBJECTGUID="34d3302d-15e0-4294-9772-0e18431f434f" CHANGEID="600521344" NUMBER="80/2" OPERTYPEID="30" PREVID="60538" NEXTID="0" UPDATEDATE="2024-09-05" STARTDATE="2024-09-05" ENDDATE="2079-06-06" ISACTUAL="1" ISACTIVE="0" /><STEAD ID="60538" OBJECTID="84616173" OBJECTGUID="34d3302d-15e0-4294-9772-0e18431f434f" CHANGEID="125632812" NUMBER="80/2" OPERTYPEID="20" PREVID="60523" NEXTID="68617419" UPDATEDATE="2024-09-05" STARTDATE="2016-11-21" ENDDATE="2024-09-05" ISACTUAL="0" ISACTIVE="0" /><STEAD ID="68617478" OBJECTID="165066582" OBJECTGUID="d4dbb964-110f-47ca-9b55-dca044dddebe" CHANGEID="600521660" NUMBER="3А" OPERTYPEID="10" PREVID="0" NEXTID="0" UPDATEDATE="2024-09-05" STARTDATE="2024-09-05" ENDDATE="2079-06-06" ISACTUAL="1" ISACTIVE="1" /><STEAD ID="68617477" OBJECTID="165066581" OBJECTGUID="cea17e46-64a5-4ef8-8d18-ab60c7a75f7c" CHANGEID="600521618" NUMBER="30В" OPERTYPEID="10" PREVID="0" NEXTID="0" UPDATEDATE="2024-09-05" STARTDATE="2024-09-05" ENDDATE="2079-06-06" ISACTUAL="1" ISACTIVE="1" /><STEAD ID="68624239" OBJECTID="165082189" OBJECTGUID="211e024a-d0a9-476c-83c7-2052faa870bb" CHANGEID="600546379" NUMBER="43/2" OPERTYPEID="10" PREVID="0" NEXTID="0" UPDATEDATE="2024-09-05" STARTDATE="2024-09-05" ENDDATE="2079-06-06" ISACTUAL="1" ISACTIVE="1" /><STEAD ID="68624259" OBJECTID="165082222" OBJECTGUID="9fd53f77-4bc5-4d7b-9bb3-9517d13fb491" CHANGEID="600546426" NUMBER="43/3" OPERTYPEID="10" PREVID="0" NEXTID="0" UPDATEDATE="2024-09-05" STARTDATE="2024-09-05" ENDDATE="2079-06-06" ISACTUAL="1" ISACTIVE="1" /><STEAD ID="68624244" OBJECTID="165082200" OBJECTGUID="4a5e974b-b2f6-4ece-b6d4-65312a256c70" CHANGEID="600546393" NUMBER="43/1" OPERTYPEID="10" PREVID="0" NEXTID="0" UPDATEDATE="2024-09-05" STARTDATE="2024-09-05" ENDDATE="2079-06-06" ISACTUAL="1" ISACTIVE="1" /><STEAD ID="68624329" OBJECTID="165082371" OBJECTGUID="edeaea6e-382c-4d87-85b8-2d7712f7901a" CHANGEID="600546693" NUMBER="11" OPERTYPEID="10" PREVID="0" NEXTID="0" UPDATEDATE="2024-09-05" STARTDATE="2024-09-05" ENDDATE="2079-06-06" ISACTUAL="1" ISACTIVE="1" /><STEAD ID="68624342" OBJECTID="165082450" OBJECTGUID="b3b4b3ac-7551-4688-b76c-ba9afd6eb68d" CHANGEID="600546782" NUMBER="11/1" OPERTYPEID="10" PREVID="0" NEXTID="0" UPDATEDATE="2024-09-05" STARTDATE="2024-09-05" ENDDATE="2079-06-06" ISACTUAL="1" ISACTIVE="1" /><STEAD ID="68624314" OBJECTID="165082322" OBJECTGUID="f40c0f98-b4de-4196-91b5-ca37dc9392f8" CHANGEID="600546618" NUMBER="15/1" OPERTYPEID="10" PREVID="0" NEXTID="0" UPDATEDATE="2024-09-05" STARTDATE="2024-09-05" ENDDATE="2079-06-06" ISACTUAL="1" ISACTIVE="1" /><STEAD ID="68624344" OBJECTID="165082454" OBJECTGUID="623bf478-44d5-4d4a-a090-21de039ab769" CHANGEID="600546787" NUMBER="1/1Д" OPERTYPEID="10" PREVID="0" NEXTID="0" UPDATEDATE="2024-09-05" STARTDATE="2024-09-05" ENDDATE="2079-06-06" ISACTUAL="1" ISACTIVE="1" /><STEAD ID="68624359" OBJECTID="165082479" OBJECTGUID="bc4016e9-7134-4f16-be98-53ea6b7bc910" CHANGEID="600546835" NUMBER="7/Е" OPERTYPEID="10" PREVID="0" NEXTID="0" UPDATEDATE="2024-09-05" STARTDATE="2024-09-05" ENDDATE="2079-06-06" ISACTUAL="1" ISACTIVE="1" /><STEAD ID="68624412" OBJECTID="165082569" OBJECTGUID="e5d42f12-a2ab-44dc-9b0c-1666b79619ff" CHANGEID="600546978" NUMBER="25/3А" OPERTYPEID="10" PREVID="0" NEXTID="0" UPDATEDATE="2024-09-05" STARTDATE="2024-09-05" ENDDATE="2079-06-06" ISACTUAL="1" ISACTIVE="1" /><STEAD ID="68624413" OBJECTID="165082570" OBJECTGUID="8893e68b-ae8b-4ae3-abac-294fa967961b" CHANGEID="600546979" NUMBER="25/3Б" OPERTYPEID="10" PREVID="0" NEXTID="0" UPDATEDATE="2024-09-05" STARTDATE="2024-09-05" ENDDATE="2079-06-06" ISACTUAL="1" ISACTIVE="1" /><STEAD ID="68624414" OBJECTID="165082571" OBJECTGUID="08b60d6a-cab0-4300-8672-d2e892773f13" CHANGEID="600546980" NUMBER="25/3В" OPERTYPEID="10" PREVID="0" NEXTID="0" UPDATEDATE="2024-09-05" STARTDATE="2024-09-05" ENDDATE="2079-06-06" ISACTUAL="1" ISACTIVE="1" /><STEAD ID="68624417" OBJECTID="165082574" OBJECTGUID="ea7c6627-2d38-4667-897c-677da713bf47" CHANGEID="600546986" NUMBER="147" OPERTYPEID="10" PREVID="0" NEXTID="0" UPDATEDATE="2024-09-05" STARTDATE="2024-09-05" ENDDATE="2079-06-06" ISACTUAL="1" ISACTIVE="1" /><STEAD ID="68624798" OBJECTID="165083494" OBJECTGUID="c97955aa-026f-4107-95aa-94649048bc04" CHANGEID="600548754" NUMBER="8В" OPERTYPEID="10" PREVID="0" NEXTID="0" UPDATEDATE="2024-09-05" STARTDATE="2024-09-05" ENDDATE="2079-06-06" ISACTUAL="1" ISACTIVE="1" /><STEAD ID="68626147" OBJECTID="165086465" OBJECTGUID="3662f3e5-7084-420b-8e0c-a5d0383f53ad" CHANGEID="600553408" NUMBER="80" OPERTYPEID="10" PREVID="0" NEXTID="0" UPDATEDATE="2024-09-05" STARTDATE="2024-09-05" ENDDATE="2079-06-06" ISACTUAL="1" ISACTIVE="1" /><STEAD ID="68632696" OBJECTID="165097813" OBJECTGUID="1f395063-cbc6-4dce-818d-63f2e6c3b46b" CHANGEID="600575060" NUMBER="34" OPERTYPEID="10" PREVID="0" NEXTID="0" UPDATEDATE="2024-09-06" STARTDATE="2024-09-06" ENDDATE="2079-06-06" ISACTUAL="1" ISACTIVE="1" /><STEAD ID="68649546" OBJECTID="165125284" OBJECTGUID="3efd54c3-7273-4e40-a355-7b65e5759fc0" CHANGEID="600750415" NUMBER="93А" OPERTYPEID="10" PREVID="0" NEXTID="0" UPDATEDATE="2024-09-09" STARTDATE="2024-09-09" ENDDATE="2079-06-06" ISACTUAL="1" ISACTIVE="1" /><STEAD ID="68659420" OBJECTID="165142670" OBJECTGUID="4cc92e30-180b-4ebc-b677-5f7b15285655" CHANGEID="600779216" NUMBER="66/1" OPERTYPEID="10" PREVID="0" NEXTID="0" UPDATEDATE="2024-09-09" STARTDATE="2024-09-09" ENDDATE="2079-06-06" ISACTUAL="1" ISACTIVE="1" /><STEAD ID="68662234" OBJECTID="165147505" OBJECTGUID="315b1f50-affe-41d4-8002-d1fe84293102" CHANGEID="600786627" NUMBER="24Б" OPERTYPEID="10" PREVID="0" NEXTID="0" UPDATEDATE="2024-09-09" STARTDATE="2024-09-09" ENDDATE="2079-06-06" ISACTUAL="1" ISACTIVE="1" /><STEAD ID="68662355" OBJECTID="165147666" OBJECTGUID="6cb8b386-bb6f-43d4-8fac-f5f820f27f09" CHANGEID="600786881" NUMBER="18А" OPERTYPEID="10" PREVID="0" NEXTID="0" UPDATEDATE="2024-09-09" STARTDATE="2024-09-09" ENDDATE="2079-06-06" ISACTUAL="1" ISACTIVE="1" /><STEAD ID="68662383" OBJECTID="165147717" OBJECTGUID="e20f1320-65fb-4ef9-a0ac-999f3c23fb74" CHANGEID="600786959" NUMBER="18Г" OPERTYPEID="10" PREVID="0" NEXTID="0" UPDATEDATE="2024-09-09" STARTDATE="2024-09-09" ENDDATE="2079-06-06" ISACTUAL="1" ISACTIVE="1" /><STEAD ID="68662367" OBJECTID="165147699" OBJECTGUID="ecaac1d8-7d8e-4f41-8d0c-ca0d67b95cc4" CHANGEID="600786927" NUMBER="18Б" OPERTYPEID="10" PREVID="0" NEXTID="0" UPDATEDATE="2024-09-09" STARTDATE="2024-09-09" ENDDATE="2079-06-06" ISACTUAL="1" ISACTIVE="1" /><STEAD ID="68662374" OBJECTID="165147706" OBJECTGUID="9c03942c-c060-4d17-876b-1245d25fdb5a" CHANGEID="600786943" NUMBER="18В" OPERTYPEID="10" PREVID="0" NEXTID="0" UPDATEDATE="2024-09-09" STARTDATE="2024-09-09" ENDDATE="2079-06-06" ISACTUAL="1" ISACTIVE="1" /><STEAD ID="68662402" OBJECTID="165147755" OBJECTGUID="b6916b51-3f7f-429f-b1e4-d8d05f3d9d86" CHANGEID="600787015" NUMBER="20" OPERTYPEID="10" PREVID="0" NEXTID="0" UPDATEDATE="2024-09-09" STARTDATE="2024-09-09" ENDDATE="2079-06-06" ISACTUAL="1" ISACTIVE="1" /><STEAD ID="68662413" OBJECTID="165147763" OBJECTGUID="657a08ec-c42d-4dd4-b5d9-c6687a0096ab" CHANGEID="600787033" NUMBER="20А" OPERTYPEID="10" PREVID="0" NEXTID="0" UPDATEDATE="2024-09-09" STARTDATE="2024-09-09" ENDDATE="2079-06-06" ISACTUAL="1" ISACTIVE="1" /><STEAD ID="68662641" OBJECTID="165148156" OBJECTGUID="f79222f2-7319-43b3-9255-20fd447b0e83" CHANGEID="600787695" NUMBER="8" OPERTYPEID="10" PREVID="0" NEXTID="0" UPDATEDATE="2024-09-09" STARTDATE="2024-09-09" ENDDATE="2079-06-06" ISACTUAL="1" ISACTIVE="1" /><STEAD ID="68662908" OBJECTID="165148504" OBJECTGUID="610e36a1-7998-469f-a517-3aef5c9d7e8d" CHANGEID="600788162" NUMBER="29" OPERTYPEID="10" PREVID="0" NEXTID="0" UPDATEDATE="2024-09-09" STARTDATE="2024-09-09" ENDDATE="2079-06-06" ISACTUAL="1" ISACTIVE="1" /><STEAD ID="68662935" OBJECTID="165148543" OBJECTGUID="721422d4-c857-4502-9971-0a2196daeaa1" CHANGEID="600788270" NUMBER="28" OPERTYPEID="10" PREVID="0" NEXTID="0" UPDATEDATE="2024-09-09" STARTDATE="2024-09-09" ENDDATE="2079-06-06" ISACTUAL="1" ISACTIVE="1" /><STEAD ID="68662939" OBJECTID="165148549" OBJECTGUID="72f52829-a88b-44dd-8f79-846924544e7c" CHANGEID="600788277" NUMBER="55" OPERTYPEID="10" PREVID="0" NEXTID="0" UPDATEDATE="2024-09-09" STARTDATE="2024-09-09" ENDDATE="2079-06-06" ISACTUAL="1" ISACTIVE="1" /><STEAD ID="68662940" OBJECTID="165148550" OBJECTGUID="8b4717e7-8af3-4a4b-a22f-e934f8704a56" CHANGEID="600788278" NUMBER="55А" OPERTYPEID="10" PREVID="0" NEXTID="0" UPDATEDATE="2024-09-09" STARTDATE="2024-09-09" ENDDATE="2079-06-06" ISACTUAL="1" ISACTIVE="1" /><STEAD ID="68663038" OBJECTID="165148679" OBJECTGUID="1d1058f3-0570-4d0c-abdb-326ca2031d4c" CHANGEID="600788491" NUMBER="7" OPERTYPEID="10" PREVID="0" NEXTID="0" UPDATEDATE="2024-09-09" STARTDATE="2024-09-09" ENDDATE="2079-06-06" ISACTUAL="1" ISACTIVE="1" /><STEAD ID="68663177" OBJECTID="165149044" OBJECTGUID="5268b428-788a-4b51-a3f1-5af038a4aa65" CHANGEID="600788906" NUMBER="2" OPERTYPEID="10" PREVID="0" NEXTID="0" UPDATEDATE="2024-09-09" STARTDATE="2024-09-09" ENDDATE="2079-06-06" ISACTUAL="1" ISACTIVE="1" /><STEAD ID="68668856" OBJECTID="165159677" OBJECTGUID="26209825-d67a-4ff3-b211-30139e05e633" CHANGEID="600810600" NUMBER="20Б" OPERTYPEID="10" PREVID="0" NEXTID="0" UPDATEDATE="2024-09-10" STARTDATE="2024-09-10" ENDDATE="2079-06-06" ISACTUAL="1" ISACTIVE="1" /><STEAD ID="68671139" OBJECTID="165163995" OBJECTGUID="6deb2904-93e0-497a-b5fc-13b686f6b8ee" CHANGEID="600817596" NUMBER="598" OPERTYPEID="10" PREVID="0" NEXTID="0" UPDATEDATE="2024-09-10" STARTDATE="2024-09-10" ENDDATE="2079-06-06" ISACTUAL="1" ISACTIVE="1" /><STEAD ID="68672290" OBJECTID="165165529" OBJECTGUID="979d05b5-3427-46b7-9c62-2ebcb9488761" CHANGEID="600820167" NUMBER="12" OPERTYPEID="10" PREVID="0" NEXTID="0" UPDATEDATE="2024-09-10" STARTDATE="2024-09-10" ENDDATE="2079-06-06" ISACTUAL="1" ISACTIVE="1" /><STEAD ID="68673816" OBJECTID="165167666" OBJECTGUID="89b4ddbb-a9e4-48ce-9054-93afb88d6626" CHANGEID="600823316" NUMBER="67" OPERTYPEID="10" PREVID="0" NEXTID="0" UPDATEDATE="2024-09-10" STARTDATE="2024-09-10" ENDDATE="2079-06-06" ISACTUAL="1" ISACTIVE="1" /><STEAD ID="68673824" OBJECTID="165167676" OBJECTGUID="8465f823-65d5-4c4e-b018-51921026c856" CHANGEID="600823335" NUMBER="67Б" OPERTYPEID="10" PREVID="0" NEXTID="0" UPDATEDATE="2024-09-10" STARTDATE="2024-09-10" ENDDATE="2079-06-06" ISACTUAL="1" ISACTIVE="1" /><STEAD ID="68673861" OBJECTID="165167714" OBJECTGUID="84b0b799-acc9-4dfe-894f-dd35b8880635" CHANGEID="600823389" NUMBER="41" OPERTYPEID="10" PREVID="0" NEXTID="0" UPDATEDATE="2024-09-10" STARTDATE="2024-09-10" ENDDATE="2079-06-06" ISACTUAL="1" ISACTIVE="1" /><STEAD ID="68673872" OBJECTID="165167724" OBJECTGUID="0446d002-ada4-4a9e-9c56-1a60957f011d" CHANGEID="600823410" NUMBER="41А" OPERTYPEID="10" PREVID="0" NEXTID="0" UPDATEDATE="2024-09-10" STARTDATE="2024-09-10" ENDDATE="2079-06-06" ISACTUAL="1" ISACTIVE="1" /><STEAD ID="68673895" OBJECTID="165167822" OBJECTGUID="34df755c-181c-4f1b-ad6e-8589c054658d" CHANGEID="600823521" NUMBER="9" OPERTYPEID="10" PREVID="0" NEXTID="0" UPDATEDATE="2024-09-10" STARTDATE="2024-09-10" ENDDATE="2079-06-06" ISACTUAL="1" ISACTIVE="1" /><STEAD ID="68673906" OBJECTID="165167892" OBJECTGUID="ceea00b4-5334-4ee4-bdc2-0c1197ce421f" CHANGEID="600823603" NUMBER="9А" OPERTYPEID="10" PREVID="0" NEXTID="0" UPDATEDATE="2024-09-10" STARTDATE="2024-09-10" ENDDATE="2079-06-06" ISACTUAL="1" ISACTIVE="1" /><STEAD ID="68673913" OBJECTID="165167904" OBJECTGUID="e733d03f-704f-4706-88f5-851cc61d3296" CHANGEID="600823624" NUMBER="9Б" OPERTYPEID="10" PREVID="0" NEXTID="0" UPDATEDATE="2024-09-10" STARTDATE="2024-09-10" ENDDATE="2079-06-06" ISACTUAL="1" ISACTIVE="1" /><STEAD ID="68675847" OBJECTID="165170444" OBJECTGUID="2466ff5f-08c1-4ae9-bdc6-0c78000b96ba" CHANGEID="600826978" NUMBER="16" OPERTYPEID="10" PREVID="0" NEXTID="0" UPDATEDATE="2024-09-10" STARTDATE="2024-09-10" ENDDATE="2079-06-06" ISACTUAL="1" ISACTIVE="1" /><STEAD ID="68676532" OBJECTID="165171598" OBJECTGUID="2d865670-47a3-4d0d-902d-eb6cce54c0b3" CHANGEID="600828730" NUMBER="16/1" OPERTYPEID="10" PREVID="0" NEXTID="0" UPDATEDATE="2024-09-10" STARTDATE="2024-09-10" ENDDATE="2079-06-06" ISACTUAL="1" ISACTIVE="1" /><STEAD ID="68677609" OBJECTID="165173325" OBJECTGUID="55cd9b52-70e4-49ea-aad6-01fc0a7938c5" CHANGEID="600831945" NUMBER="1" OPERTYPEID="10" PREVID="0" NEXTID="0" UPDATEDATE="2024-09-10" STARTDATE="2024-09-10" ENDDATE="2079-06-06" ISACTUAL="1" ISACTIVE="1" /><STEAD ID="68680549" OBJECTID="165178160" OBJECTGUID="4388e1a8-2ae4-4f7d-91db-dc83b2d4d01d" CHANGEID="600839075" NUMBER="20В" OPERTYPEID="10" PREVID="0" NEXTID="0" UPDATEDATE="2024-09-10" STARTDATE="2024-09-10" ENDDATE="2079-06-06" ISACTUAL="1" ISACTIVE="1" /><STEAD ID="68680558" OBJECTID="165178191" OBJECTGUID="2cea02b0-bb08-4d8e-b135-ff521d1d3f52" CHANGEID="600839112" NUMBER="20Г" OPERTYPEID="10" PREVID="0" NEXTID="0" UPDATEDATE="2024-09-10" STARTDATE="2024-09-10" ENDDATE="2079-06-06" ISACTUAL="1" ISACTIVE="1" /><STEAD ID="68680633" OBJECTID="165178293" OBJECTGUID="3096bdfe-9009-4e9c-be54-f517fb752660" CHANGEID="600839312" NUMBER="22" OPERTYPEID="10" PREVID="0" NEXTID="0" UPDATEDATE="2024-09-10" STARTDATE="2024-09-10" ENDDATE="2079-06-06" ISACTUAL="1" ISACTIVE="1" /><STEAD ID="68680743" OBJECTID="165178417" OBJECTGUID="c4debd12-0443-4330-a1c7-a819749cd91d" CHANGEID="600839489" NUMBER="22А" OPERTYPEID="10" PREVID="0" NEXTID="0" UPDATEDATE="2024-09-10" STARTDATE="2024-09-10" ENDDATE="2079-06-06" ISACTUAL="1" ISACTIVE="1" /><STEAD ID="68680813" OBJECTID="165178495" OBJECTGUID="18b40038-28cd-4138-9009-91270a296494" CHANGEID="600839613" NUMBER="22Б" OPERTYPEID="10" PREVID="0" NEXTID="0" UPDATEDATE="2024-09-10" STARTDATE="2024-09-10" ENDDATE="2079-06-06" ISACTUAL="1" ISACTIVE="1" /><STEAD ID="68680827" OBJECTID="165178513" OBJECTGUID="9f1d38e8-278c-4aaa-9b4b-59f55286cbed" CHANGEID="600839647" NUMBER="22В" OPERTYPEID="10" PREVID="0" NEXTID="0" UPDATEDATE="2024-09-10" STARTDATE="2024-09-10" ENDDATE="2079-06-06" ISACTUAL="1" ISACTIVE="1" /><STEAD ID="68680839" OBJECTID="165178530" OBJECTGUID="1848eae2-a83a-4e52-abfd-017beb8599e5" CHANGEID="600839671" NUMBER="24" OPERTYPEID="10" PREVID="0" NEXTID="0" UPDATEDATE="2024-09-10" STARTDATE="2024-09-10" ENDDATE="2079-06-06" ISACTUAL="1" ISACTIVE="1" /><STEAD ID="68681104" OBJECTID="165179136" OBJECTGUID="de43c2fc-3577-4a10-a8af-0b6e36bf44ad" CHANGEID="600840787" NUMBER="24А" OPERTYPEID="10" PREVID="0" NEXTID="0" UPDATEDATE="2024-09-10" STARTDATE="2024-09-10" ENDDATE="2079-06-06" ISACTUAL="1" ISACTIVE="1" /><STEAD ID="68681140" OBJECTID="165179206" OBJECTGUID="8edd0e61-77ce-44fe-8176-3112c0d3d4aa" CHANGEID="600840887" NUMBER="84" OPERTYPEID="10" PREVID="0" NEXTID="0" UPDATEDATE="2024-09-10" STARTDATE="2024-09-10" ENDDATE="2079-06-06" ISACTUAL="1" ISACTIVE="1" /><STEAD ID="68681170" OBJECTID="165179240" OBJECTGUID="83055724-b432-4550-9de0-653dfe8271e3" CHANGEID="600841038" NUMBER="84Б" OPERTYPEID="10" PREVID="0" NEXTID="0" UPDATEDATE="2024-09-10" STARTDATE="2024-09-10" ENDDATE="2079-06-06" ISACTUAL="1" ISACTIVE="1" /><STEAD ID="68681160" OBJECTID="165179231" OBJECTGUID="a687bf8d-f7be-4709-b5d3-a561d22f1c99" CHANGEID="600841020" NUMBER="84А" OPERTYPEID="10" PREVID="0" NEXTID="0" UPDATEDATE="2024-09-10" STARTDATE="2024-09-10" ENDDATE="2079-06-06" ISACTUAL="1" ISACTIVE="1" /><STEAD ID="68681188" OBJECTID="165179261" OBJECTGUID="00b494bd-00f1-4679-9325-7653ea6c32c7" CHANGEID="600841070" NUMBER="84В" OPERTYPEID="10" PREVID="0" NEXTID="0" UPDATEDATE="2024-09-10" STARTDATE="2024-09-10" ENDDATE="2079-06-06" ISACTUAL="1" ISACTIVE="1" /><STEAD ID="68686974" OBJECTID="165189257" OBJECTGUID="90798c2c-7c5f-4566-bcc6-12dc7ad56ac3" CHANGEID="600881682" NUMBER="19" OPERTYPEID="10" PREVID="0" NEXTID="0" UPDATEDATE="2024-09-11" STARTDATE="2024-09-11" ENDDATE="2079-06-06" ISACTUAL="1" ISACTIVE="1" /><STEAD ID="68686977" OBJECTID="165189259" OBJECTGUID="a0c53ef4-1401-4120-80d9-ab9a70146b9a" CHANGEID="600881686" NUMBER="11" OPERTYPEID="10" PREVID="0" NEXTID="0" UPDATEDATE="2024-09-11" STARTDATE="2024-09-11" ENDDATE="2079-06-06" ISACTUAL="1" ISACTIVE="1" /><STEAD ID="68686979" OBJECTID="165189261" OBJECTGUID="a485ec04-47dc-4a97-a140-57a2778c4ab8" CHANGEID="600881689" NUMBER="4/1" OPERTYPEID="10" PREVID="0" NEXTID="0" UPDATEDATE="2024-09-11" STARTDATE="2024-09-11" ENDDATE="2079-06-06" ISACTUAL="1" ISACTIVE="1" /><STEAD ID="68687006" OBJECTID="165189293" OBJECTGUID="79952500-4ed7-4d7b-a7ac-09ae34c79c77" CHANGEID="600881746" NUMBER="54" OPERTYPEID="10" PREVID="0" NEXTID="0" UPDATEDATE="2024-09-11" STARTDATE="2024-09-11" ENDDATE="2079-06-06" ISACTUAL="1" ISACTIVE="1" /><STEAD ID="68697347" OBJECTID="165210261" OBJECTGUID="35b389ad-2ac0-4ca7-b571-63f727ae94b1" CHANGEID="600912275" NUMBER="15" OPERTYPEID="10" PREVID="0" NEXTID="0" UPDATEDATE="2024-09-11" STARTDATE="2024-09-11" ENDDATE="2079-06-06" ISACTUAL="1" ISACTIVE="1" /><STEAD ID="68697351" OBJECTID="165210265" OBJECTGUID="82ee0b75-5857-48a1-91d2-d52b7aa4565b" CHANGEID="600912279" NUMBER="45" OPERTYPEID="10" PREVID="0" NEXTID="0" UPDATEDATE="2024-09-11" STARTDATE="2024-09-11" ENDDATE="2079-06-06" ISACTUAL="1" ISACTIVE="1" /><STEAD ID="68697354" OBJECTID="165210268" OBJECTGUID="051ea599-37ef-4c5b-9893-e4f384af95be" CHANGEID="600912296" NUMBER="20" OPERTYPEID="10" PREVID="0" NEXTID="0" UPDATEDATE="2024-09-11" STARTDATE="2024-09-11" ENDDATE="2079-06-06" ISACTUAL="1" ISACTIVE="1" /><STEAD ID="68697373" OBJECTID="165210294" OBJECTGUID="a6d251b3-78b9-42b6-8616-031c4dc09203" CHANGEID="600912448" NUMBER="6" OPERTYPEID="10" PREVID="0" NEXTID="0" UPDATEDATE="2024-09-11" STARTDATE="2024-09-11" ENDDATE="2079-06-06" ISACTUAL="1" ISACTIVE="1" /><STEAD ID="68697389" OBJECTID="165210314" OBJECTGUID="1ea28fd8-8e06-43f4-9db5-063c9cf90e7f" CHANGEID="600912507" NUMBER="32" OPERTYPEID="10" PREVID="0" NEXTID="0" UPDATEDATE="2024-09-11" STARTDATE="2024-09-11" ENDDATE="2079-06-06" ISACTUAL="1" ISACTIVE="1" /><STEAD ID="68699141" OBJECTID="165212887" OBJECTGUID="411cba7c-371d-4f38-a0ba-93358eccccd2" CHANGEID="600916702" NUMBER="24" OPERTYPEID="10" PREVID="0" NEXTID="0" UPDATEDATE="2024-09-11" STARTDATE="2024-09-11" ENDDATE="2079-06-06" ISACTUAL="1" ISACTIVE="1" /><STEAD ID="68699142" OBJECTID="165212889" OBJECTGUID="f6d03265-140a-4d4f-9519-60bc4d5b2482" CHANGEID="600916704" NUMBER="45" OPERTYPEID="10" PREVID="0" NEXTID="0" UPDATEDATE="2024-09-11" STARTDATE="2024-09-11" ENDDATE="2079-06-06" ISACTUAL="1" ISACTIVE="1" /><STEAD ID="68699143" OBJECTID="165212890" OBJECTGUID="c36152ce-59a9-4d02-9e70-19de07f84c2c" CHANGEID="600916733" NUMBER="43/1" OPERTYPEID="10" PREVID="0" NEXTID="0" UPDATEDATE="2024-09-11" STARTDATE="2024-09-11" ENDDATE="2079-06-06" ISACTUAL="1" ISACTIVE="1" /><STEAD ID="68700391" OBJECTID="165214620" OBJECTGUID="ff004eaa-6b4e-4b3b-a4a9-a5022e5a7d95" CHANGEID="600919333" NUMBER="57" OPERTYPEID="10" PREVID="0" NEXTID="0" UPDATEDATE="2024-09-11" STARTDATE="2024-09-11" ENDDATE="2079-06-06" ISACTUAL="1" ISACTIVE="1" /><STEAD ID="68700414" OBJECTID="165214647" OBJECTGUID="a7233fcb-7b8d-40c5-bbaf-765aba8c713c" CHANGEID="600919367" NUMBER="3/5" OPERTYPEID="10" PREVID="0" NEXTID="0" UPDATEDATE="2024-09-11" STARTDATE="2024-09-11" ENDDATE="2079-06-06" ISACTUAL="1" ISACTIVE="1" /><STEAD ID="68700433" OBJECTID="165214666" OBJECTGUID="5236fb43-edb3-42a1-9ca5-6e2238fbf2fb" CHANGEID="600919394" NUMBER="6" OPERTYPEID="10" PREVID="0" NEXTID="0" UPDATEDATE="2024-09-11" STARTDATE="2024-09-11" ENDDATE="2079-06-06" ISACTUAL="1" ISACTIVE="1" /><STEAD ID="68700379" OBJECTID="165214607" OBJECTGUID="84a81f73-3ef8-4bea-9571-33064880c4ac" CHANGEID="600919317" NUMBER="2/1" OPERTYPEID="10" PREVID="0" NEXTID="0" UPDATEDATE="2024-09-11" STARTDATE="2024-09-11" ENDDATE="2079-06-06" ISACTUAL="1" ISACTIVE="1" /><STEAD ID="68700392" OBJECTID="165214621" OBJECTGUID="0616caa3-6727-48b6-8036-ebf6b4648207" CHANGEID="600919334" NUMBER="11" OPERTYPEID="10" PREVID="0" NEXTID="0" UPDATEDATE="2024-09-11" STARTDATE="2024-09-11" ENDDATE="2079-06-06" ISACTUAL="1" ISACTIVE="1" /><STEAD ID="68700412" OBJECTID="165214645" OBJECTGUID="0a9c9134-c88f-4f5d-bb55-ac13a7d3af32" CHANGEID="600919358" NUMBER="3" OPERTYPEID="10" PREVID="0" NEXTID="0" UPDATEDATE="2024-09-11" STARTDATE="2024-09-11" ENDDATE="2079-06-06" ISACTUAL="1" ISACTIVE="1" /><STEAD ID="68700413" OBJECTID="165214646" OBJECTGUID="b8679c78-37aa-49b1-b8d3-4a3a7032b6c1" CHANGEID="600919360" NUMBER="11" OPERTYPEID="10" PREVID="0" NEXTID="0" UPDATEDATE="2024-09-11" STARTDATE="2024-09-11" ENDDATE="2079-06-06" ISACTUAL="1" ISACTIVE="1" /><STEAD ID="68700415" OBJECTID="165214648" OBJECTGUID="b3f9875b-22e0-427e-897b-e36158d8d903" CHANGEID="600919370" NUMBER="3/5А" OPERTYPEID="10" PREVID="0" NEXTID="0" UPDATEDATE="2024-09-11" STARTDATE="2024-09-11" ENDDATE="2079-06-06" ISACTUAL="1" ISACTIVE="1" /><STEAD ID="68702463" OBJECTID="165217931" OBJECTGUID="b476a1fd-daad-4e43-b1e6-fbd0ff838ca5" CHANGEID="600925342" NUMBER="25" OPERTYPEID="10" PREVID="0" NEXTID="0" UPDATEDATE="2024-09-11" STARTDATE="2024-09-11" ENDDATE="2079-06-06" ISACTUAL="1" ISACTIVE="1" /><STEAD ID="68702848" OBJECTID="165218519" OBJECTGUID="44f36093-c3b6-4ef5-a9c4-d099d05a6a11" CHANGEID="600926123" NUMBER="4" OPERTYPEID="10" PREVID="0" NEXTID="0" UPDATEDATE="2024-09-11" STARTDATE="2024-09-11" ENDDATE="2079-06-06" ISACTUAL="1" ISACTIVE="1" /><STEAD ID="68702942" OBJECTID="165218654" OBJECTGUID="33dcccb0-a8cd-4fba-b349-20b7f542fe80" CHANGEID="600926687" NUMBER="28" OPERTYPEID="10" PREVID="0" NEXTID="0" UPDATEDATE="2024-09-11" STARTDATE="2024-09-11" ENDDATE="2079-06-06" ISACTUAL="1" ISACTIVE="1" /><STEAD ID="68704822" OBJECTID="165221311" OBJECTGUID="59abb943-032e-4542-9e7e-f496f60dc0cd" CHANGEID="600932417" NUMBER="4Б" OPERTYPEID="10" PREVID="0" NEXTID="0" UPDATEDATE="2024-09-11" STARTDATE="2024-09-11" ENDDATE="2079-06-06" ISACTUAL="1" ISACTIVE="1" /></STEADS>