﻿<?xml version="1.0" encoding="utf-8"?><HOUSES><HOUSE ID="54792043" OBJECTID="75452169" OBJECTGUID="3029c2ad-99b8-4b54-8fd2-4f91eae5f6f4" CHANGEID="112252918" HOUSENUM="4" HOUSETYPE="2" OPERTYPEID="20" PREVID="45555185" NEXTID="126736375" UPDATEDATE="2024-09-06" STARTDATE="2014-01-04" ENDDATE="2024-09-06" ISACTUAL="0" ISACTIVE="0" /><HOUSE ID="57520026" OBJECTID="39023530" OBJECTGUID="56ab492d-c81b-456f-94c2-5a183d40a5a6" CHANGEID="59146735" HOUSENUM="53" HOUSETYPE="2" OPERTYPEID="20" PREVID="23331350" NEXTID="126731238" UPDATEDATE="2024-09-05" STARTDATE="2016-03-17" ENDDATE="2024-09-05" ISACTUAL="0" ISACTIVE="0" /><HOUSE ID="59620089" OBJECTID="39022421" OBJECTGUID="744e9088-b91a-489d-be4c-53497583a6f0" CHANGEID="59143732" HOUSENUM="56" HOUSETYPE="2" OPERTYPEID="20" PREVID="23330701" NEXTID="126731239" UPDATEDATE="2024-09-05" STARTDATE="2016-03-17" ENDDATE="2024-09-05" ISACTUAL="0" ISACTIVE="0" /><HOUSE ID="60298326" OBJECTID="46818301" OBJECTGUID="7ddf0b10-c3af-4436-9ed8-964ad9012d5f" CHANGEID="70456578" HOUSENUM="3" HOUSETYPE="3" OPERTYPEID="20" PREVID="27997690" NEXTID="126756839" UPDATEDATE="2024-09-11" STARTDATE="2014-01-04" ENDDATE="2024-09-11" ISACTUAL="0" ISACTIVE="0" /><HOUSE ID="60724387" OBJECTID="75451259" OBJECTGUID="83e3b2cb-a7ec-478a-8908-094055ed59f4" CHANGEID="112251628" HOUSENUM="5" HOUSETYPE="2" OPERTYPEID="20" PREVID="45554567" NEXTID="126736765" UPDATEDATE="2024-09-06" STARTDATE="2014-01-04" ENDDATE="2024-09-06" ISACTUAL="0" ISACTIVE="0" /><HOUSE ID="60744061" OBJECTID="13114696" OBJECTGUID="842d1523-ecf9-450c-91cc-bdfb16790b4c" CHANGEID="21076914" HOUSENUM="5" HOUSETYPE="3" OPERTYPEID="20" PREVID="7139317" NEXTID="126756714" UPDATEDATE="2024-09-11" STARTDATE="2014-01-04" ENDDATE="2024-09-11" ISACTUAL="0" ISACTIVE="0" /><HOUSE ID="61244736" OBJECTID="12950374" OBJECTGUID="8b3ade73-68e4-4bf8-a958-27c51a1cb4d0" CHANGEID="20831074" HOUSENUM="41" HOUSETYPE="3" OPERTYPEID="20" PREVID="7034166" NEXTID="126756703" UPDATEDATE="2024-09-11" STARTDATE="2014-01-04" ENDDATE="2024-09-11" ISACTUAL="0" ISACTIVE="0" /><HOUSE ID="61970644" OBJECTID="62952737" OBJECTGUID="957e2fa3-28dc-4016-aea1-a958a007f6e1" CHANGEID="93974941" HOUSENUM="2" HOUSETYPE="3" OPERTYPEID="20" PREVID="37857208" NEXTID="126746672" UPDATEDATE="2024-09-09" STARTDATE="2014-01-04" ENDDATE="2024-09-09" ISACTUAL="0" ISACTIVE="0" /><HOUSE ID="62042982" OBJECTID="75452611" OBJECTGUID="967c8ff4-067c-44e5-8f25-85a9d1be8dbc" CHANGEID="112253314" HOUSENUM="3" HOUSETYPE="2" OPERTYPEID="20" PREVID="45555447" NEXTID="126736366" UPDATEDATE="2024-09-06" STARTDATE="2014-01-04" ENDDATE="2024-09-06" ISACTUAL="0" ISACTIVE="0" /><HOUSE ID="62062032" OBJECTID="31442959" OBJECTGUID="96c3480c-9401-4da4-930f-0936792b9835" CHANGEID="48084781" HOUSENUM="16" HOUSETYPE="2" OPERTYPEID="20" PREVID="18675608" NEXTID="126731324" UPDATEDATE="2024-09-05" STARTDATE="2016-03-18" ENDDATE="2024-09-05" ISACTUAL="0" ISACTIVE="0" /><HOUSE ID="64439378" OBJECTID="75337211" OBJECTGUID="b85165fd-9921-42c8-95b8-71b261ec563e" CHANGEID="112082359" HOUSENUM="3" HOUSETYPE="3" OPERTYPEID="20" PREVID="45481956" NEXTID="126758991" UPDATEDATE="2024-09-11" STARTDATE="2014-01-04" ENDDATE="2024-09-11" ISACTUAL="0" ISACTIVE="0" /><HOUSE ID="64649920" OBJECTID="62953986" OBJECTGUID="bb4b3fb2-8558-4879-bb13-aa16f6352515" CHANGEID="93976799" HOUSENUM="11" HOUSETYPE="3" OPERTYPEID="20" PREVID="37857968" NEXTID="126760308" UPDATEDATE="2024-09-11" STARTDATE="2014-01-04" ENDDATE="2024-09-11" ISACTUAL="0" ISACTIVE="0" /><HOUSE ID="67492252" OBJECTID="65071684" OBJECTGUID="e3731284-8621-496a-9deb-2ea6da6ed6c3" CHANGEID="97068398" HOUSENUM="79" HOUSETYPE="3" OPERTYPEID="20" PREVID="39167990" NEXTID="126756039" UPDATEDATE="2024-09-11" STARTDATE="2014-01-04" ENDDATE="2024-09-11" ISACTUAL="0" ISACTIVE="0" /><HOUSE ID="68921984" OBJECTID="17355438" OBJECTGUID="f7a5e740-63e4-47ed-bfb9-57cfd35228ce" CHANGEID="27422590" HOUSENUM="47" HOUSETYPE="3" OPERTYPEID="20" PREVID="9941279" NEXTID="126737838" UPDATEDATE="2024-09-06" STARTDATE="2014-01-04" ENDDATE="2024-09-06" ISACTUAL="0" ISACTIVE="0" /><HOUSE ID="55642934" OBJECTID="31444390" OBJECTGUID="3c297103-0c47-4113-9fb5-0b88de74dd9f" CHANGEID="48086911" HOUSENUM="10" HOUSETYPE="2" OPERTYPEID="20" PREVID="18676490" NEXTID="126731323" UPDATEDATE="2024-09-05" STARTDATE="2016-03-18" ENDDATE="2024-09-05" ISACTUAL="0" ISACTIVE="0" /><HOUSE ID="20451698" OBJECTID="34362885" OBJECTGUID="8847eed9-b1e5-46cc-9c48-9f727bdfee2a" CHANGEID="52327095" HOUSENUM="43" HOUSETYPE="3" OPERTYPEID="10" PREVID="0" NEXTID="126728202" UPDATEDATE="2024-09-05" STARTDATE="2013-02-12" ENDDATE="2024-09-05" ISACTUAL="0" ISACTIVE="0" /><HOUSE ID="22957370" OBJECTID="38425997" OBJECTGUID="0c3946dc-64b3-4825-b44b-70a33542ced1" CHANGEID="58263234" HOUSENUM="76" HOUSETYPE="2" OPERTYPEID="10" PREVID="0" NEXTID="126731217" UPDATEDATE="2024-09-05" STARTDATE="2004-01-01" ENDDATE="2024-09-05" ISACTUAL="0" ISACTIVE="0" /><HOUSE ID="22991950" OBJECTID="38484031" OBJECTGUID="3df8603d-0873-46d9-b58b-a0f3996e85d1" CHANGEID="58347174" HOUSENUM="75" HOUSETYPE="2" OPERTYPEID="10" PREVID="0" NEXTID="126731215" UPDATEDATE="2024-09-05" STARTDATE="2004-01-01" ENDDATE="2024-09-05" ISACTUAL="0" ISACTIVE="0" /><HOUSE ID="39483472" OBJECTID="65577529" OBJECTGUID="f6c0b3fc-4b37-42f0-a3b9-11fce4ca2f51" CHANGEID="97814565" HOUSENUM="38" HOUSETYPE="2" OPERTYPEID="10" PREVID="0" NEXTID="126750190" UPDATEDATE="2024-09-10" STARTDATE="2004-01-01" ENDDATE="2024-09-10" ISACTUAL="0" ISACTIVE="0" /><HOUSE ID="39498024" OBJECTID="65608648" OBJECTGUID="7d2d7d34-7dd5-498b-8af7-dfdc98d397f7" CHANGEID="97856435" HOUSENUM="18" HOUSETYPE="2" OPERTYPEID="10" PREVID="0" NEXTID="126750188" UPDATEDATE="2024-09-10" STARTDATE="2004-01-01" ENDDATE="2024-09-10" ISACTUAL="0" ISACTIVE="0" /><HOUSE ID="124948887" OBJECTID="160688427" OBJECTGUID="821c525c-6cf4-40a0-8dca-d652be1e35ee" CHANGEID="567070365" HOUSENUM="73б" HOUSETYPE="4" OPERTYPEID="10" PREVID="0" NEXTID="126731250" UPDATEDATE="2024-09-05" STARTDATE="2023-10-13" ENDDATE="2024-09-05" ISACTUAL="0" ISACTIVE="0" /><HOUSE ID="124987027" OBJECTID="160762857" OBJECTGUID="3062c684-fca6-42cd-9bf1-fe9ef703dcf8" CHANGEID="567977154" HOUSENUM="18д/5" HOUSETYPE="7" OPERTYPEID="10" PREVID="0" NEXTID="126753879" UPDATEDATE="2024-09-10" STARTDATE="2023-10-20" ENDDATE="2024-09-10" ISACTUAL="0" ISACTIVE="0" /><HOUSE ID="53136071" OBJECTID="75453727" OBJECTGUID="18c8c8b0-ca4b-4539-92d8-c1480c8874c4" CHANGEID="112255255" HOUSENUM="2" HOUSETYPE="2" OPERTYPEID="20" PREVID="45555987" NEXTID="126736347" UPDATEDATE="2024-09-06" STARTDATE="2014-01-04" ENDDATE="2024-09-06" ISACTUAL="0" ISACTIVE="0" /><HOUSE ID="53446219" OBJECTID="16379324" OBJECTGUID="1d26de9b-dbaa-46cb-a284-f7b3c78763ca" CHANGEID="25987556" HOUSENUM="102" HOUSETYPE="3" OPERTYPEID="20" PREVID="9323318" NEXTID="126747235" UPDATEDATE="2024-09-09" STARTDATE="2019-08-28" ENDDATE="2024-09-09" ISACTUAL="0" ISACTIVE="0" /><HOUSE ID="54275840" OBJECTID="39083116" OBJECTGUID="28dd02fd-8a4d-4f35-b509-7534114ad5a0" CHANGEID="59233232" HOUSENUM="60а" HOUSETYPE="1" OPERTYPEID="20" PREVID="23369073" NEXTID="126731236" UPDATEDATE="2024-09-05" STARTDATE="2016-03-17" ENDDATE="2024-09-05" ISACTUAL="0" ISACTIVE="0" /><HOUSE ID="126725935" OBJECTID="165064038" OBJECTGUID="2e2b7051-60bd-4f4e-b43c-1be17f688267" CHANGEID="600517370" HOUSENUM="334" HOUSETYPE="2" OPERTYPEID="10" PREVID="0" NEXTID="0" UPDATEDATE="2024-09-05" STARTDATE="2024-09-05" ENDDATE="2079-06-06" ISACTUAL="1" ISACTIVE="1" /><HOUSE ID="37677254" OBJECTID="62678741" OBJECTGUID="2e4fcfcb-0330-4caf-a808-d67a11ada223" CHANGEID="93566431" HOUSENUM="1в" HOUSETYPE="3" OPERTYPEID="10" PREVID="0" NEXTID="126725960" UPDATEDATE="2024-09-05" STARTDATE="2016-10-31" ENDDATE="2024-09-05" ISACTUAL="0" ISACTIVE="0" /><HOUSE ID="126725960" OBJECTID="62678741" OBJECTGUID="2e4fcfcb-0330-4caf-a808-d67a11ada223" CHANGEID="600518319" HOUSENUM="1в" HOUSETYPE="2" OPERTYPEID="20" PREVID="37677254" UPDATEDATE="2024-09-05" STARTDATE="2024-09-05" ENDDATE="2079-06-06" ISACTUAL="1" ISACTIVE="1" /><HOUSE ID="37673720" OBJECTID="62673147" OBJECTGUID="b047b8f1-e8a3-489a-8e75-335e58f4734a" CHANGEID="93558179" HOUSENUM="1а" HOUSETYPE="3" OPERTYPEID="10" PREVID="0" NEXTID="126725965" UPDATEDATE="2024-09-05" STARTDATE="2016-10-31" ENDDATE="2024-09-05" ISACTUAL="0" ISACTIVE="0" /><HOUSE ID="126725965" OBJECTID="62673147" OBJECTGUID="b047b8f1-e8a3-489a-8e75-335e58f4734a" CHANGEID="600518331" HOUSENUM="1а" HOUSETYPE="2" OPERTYPEID="20" PREVID="37673720" UPDATEDATE="2024-09-05" STARTDATE="2024-09-05" ENDDATE="2079-06-06" ISACTUAL="1" ISACTIVE="1" /><HOUSE ID="37677569" OBJECTID="62679185" OBJECTGUID="5671ec42-3b6a-4a18-8561-f07864edb45f" CHANGEID="93567052" HOUSENUM="1б" HOUSETYPE="3" OPERTYPEID="10" PREVID="0" NEXTID="126725966" UPDATEDATE="2024-09-05" STARTDATE="2016-10-31" ENDDATE="2024-09-05" ISACTUAL="0" ISACTIVE="0" /><HOUSE ID="126725966" OBJECTID="62679185" OBJECTGUID="5671ec42-3b6a-4a18-8561-f07864edb45f" CHANGEID="600518332" HOUSENUM="1б" HOUSETYPE="2" OPERTYPEID="20" PREVID="37677569" UPDATEDATE="2024-09-05" STARTDATE="2024-09-05" ENDDATE="2079-06-06" ISACTUAL="1" ISACTIVE="1" /><HOUSE ID="126726321" OBJECTID="165065595" OBJECTGUID="bb41d1bb-8dca-4833-beaa-243a7ec0d089" CHANGEID="600520304" HOUSENUM="584" HOUSETYPE="4" OPERTYPEID="10" PREVID="0" NEXTID="0" UPDATEDATE="2024-09-05" STARTDATE="2024-09-05" ENDDATE="2079-06-06" ISACTUAL="1" ISACTIVE="1" /><HOUSE ID="126726322" OBJECTID="165065596" OBJECTGUID="98a341fe-4889-4035-8597-afa4c53c190d" CHANGEID="600520305" HOUSENUM="678" HOUSETYPE="4" OPERTYPEID="10" PREVID="0" NEXTID="0" UPDATEDATE="2024-09-05" STARTDATE="2024-09-05" ENDDATE="2079-06-06" ISACTUAL="1" ISACTIVE="1" /><HOUSE ID="126726323" OBJECTID="165065597" OBJECTGUID="81c3a2a7-aa7e-4ff3-a0cd-da2c6a5d51f5" CHANGEID="600520306" HOUSENUM="1357" HOUSETYPE="4" OPERTYPEID="10" PREVID="0" NEXTID="0" UPDATEDATE="2024-09-05" STARTDATE="2024-09-05" ENDDATE="2079-06-06" ISACTUAL="1" ISACTIVE="1" /><HOUSE ID="126726324" OBJECTID="165065598" OBJECTGUID="a9127ab9-799c-41d3-a845-8ec718512408" CHANGEID="600520307" HOUSENUM="163/1" HOUSETYPE="4" OPERTYPEID="10" PREVID="0" NEXTID="0" UPDATEDATE="2024-09-05" STARTDATE="2024-09-05" ENDDATE="2079-06-06" ISACTUAL="1" ISACTIVE="1" /><HOUSE ID="126726302" OBJECTID="165065525" OBJECTGUID="e78adaa4-cc4e-40f2-a848-d1d13713f5d1" CHANGEID="600520193" HOUSENUM="25" HOUSETYPE="7" OPERTYPEID="10" PREVID="0" NEXTID="0" UPDATEDATE="2024-09-05" STARTDATE="2024-09-05" ENDDATE="2079-06-06" ISACTUAL="1" ISACTIVE="1" /><HOUSE ID="126726303" OBJECTID="165065526" OBJECTGUID="fe6454b8-15c0-4259-96a4-890f99a10ea9" CHANGEID="600520194" HOUSENUM="193" HOUSETYPE="7" OPERTYPEID="10" PREVID="0" NEXTID="0" UPDATEDATE="2024-09-05" STARTDATE="2024-09-05" ENDDATE="2079-06-06" ISACTUAL="1" ISACTIVE="1" /><HOUSE ID="126726304" OBJECTID="165065527" OBJECTGUID="272444b7-a61d-4955-9cfc-905bf80cb31a" CHANGEID="600520195" HOUSENUM="461" HOUSETYPE="7" OPERTYPEID="10" PREVID="0" NEXTID="0" UPDATEDATE="2024-09-05" STARTDATE="2024-09-05" ENDDATE="2079-06-06" ISACTUAL="1" ISACTIVE="1" /><HOUSE ID="126726305" OBJECTID="165065528" OBJECTGUID="d4e65166-b138-4580-af2f-d93b08858104" CHANGEID="600520196" HOUSENUM="196" HOUSETYPE="7" OPERTYPEID="10" PREVID="0" NEXTID="0" UPDATEDATE="2024-09-05" STARTDATE="2024-09-05" ENDDATE="2079-06-06" ISACTUAL="1" ISACTIVE="1" /><HOUSE ID="126726325" OBJECTID="165065599" OBJECTGUID="401ad0c6-a382-4cc2-855f-0e336d94a768" CHANGEID="600520308" HOUSENUM="1490" HOUSETYPE="4" OPERTYPEID="10" PREVID="0" NEXTID="0" UPDATEDATE="2024-09-05" STARTDATE="2024-09-05" ENDDATE="2079-06-06" ISACTUAL="1" ISACTIVE="1" /><HOUSE ID="126726533" OBJECTID="165067142" OBJECTGUID="1d136e2c-01ed-4c3b-9d11-cce5c2f92091" CHANGEID="600522652" HOUSENUM="26" HOUSETYPE="4" OPERTYPEID="10" PREVID="0" NEXTID="0" UPDATEDATE="2024-09-05" STARTDATE="2024-09-05" ENDDATE="2079-06-06" ISACTUAL="1" ISACTIVE="1" /><HOUSE ID="126726534" OBJECTID="165067143" OBJECTGUID="713b7722-23e4-4ac8-8865-7599c8770d23" CHANGEID="600522653" HOUSENUM="129" HOUSETYPE="4" OPERTYPEID="10" PREVID="0" NEXTID="0" UPDATEDATE="2024-09-05" STARTDATE="2024-09-05" ENDDATE="2079-06-06" ISACTUAL="1" ISACTIVE="1" /><HOUSE ID="126726535" OBJECTID="165067144" OBJECTGUID="87d67bec-ff1d-41b2-be54-b45c78c728ee" CHANGEID="600522654" HOUSENUM="320" HOUSETYPE="4" OPERTYPEID="10" PREVID="0" NEXTID="0" UPDATEDATE="2024-09-05" STARTDATE="2024-09-05" ENDDATE="2079-06-06" ISACTUAL="1" ISACTIVE="1" /><HOUSE ID="126726838" OBJECTID="165068389" OBJECTGUID="83452c73-7edc-4dc9-89d3-7a8873208ec5" CHANGEID="600524500" HOUSENUM="231" ADDNUM1="21" HOUSETYPE="2" ADDTYPE1="2" OPERTYPEID="10" PREVID="0" NEXTID="0" UPDATEDATE="2024-09-05" STARTDATE="2024-09-05" ENDDATE="2079-06-06" ISACTUAL="1" ISACTIVE="1" /><HOUSE ID="126726839" OBJECTID="165068390" OBJECTGUID="9cdb5129-dd76-4d6d-89bf-7c8f79961d4e" CHANGEID="600524501" HOUSENUM="231" ADDNUM1="18" HOUSETYPE="2" ADDTYPE1="2" OPERTYPEID="10" PREVID="0" NEXTID="0" UPDATEDATE="2024-09-05" STARTDATE="2024-09-05" ENDDATE="2079-06-06" ISACTUAL="1" ISACTIVE="1" /><HOUSE ID="126726840" OBJECTID="165068391" OBJECTGUID="3de835e8-ee4e-447e-9d2f-570ecea21e84" CHANGEID="600524502" HOUSENUM="231" ADDNUM1="17" HOUSETYPE="2" ADDTYPE1="2" OPERTYPEID="10" PREVID="0" NEXTID="0" UPDATEDATE="2024-09-05" STARTDATE="2024-09-05" ENDDATE="2079-06-06" ISACTUAL="1" ISACTIVE="1" /><HOUSE ID="126726841" OBJECTID="165068392" OBJECTGUID="2775a8da-01b3-4c66-97c8-f3e5c15b56ee" CHANGEID="600524503" HOUSENUM="152" ADDNUM1="1" HOUSETYPE="2" ADDTYPE1="2" OPERTYPEID="10" PREVID="0" NEXTID="0" UPDATEDATE="2024-09-05" STARTDATE="2024-09-05" ENDDATE="2079-06-06" ISACTUAL="1" ISACTIVE="1" /><HOUSE ID="126726846" OBJECTID="165068410" OBJECTGUID="7030e368-8cca-4bab-9fb7-24f2338b5239" CHANGEID="600524530" HOUSENUM="7а" HOUSETYPE="5" OPERTYPEID="10" PREVID="0" NEXTID="0" UPDATEDATE="2024-09-05" STARTDATE="2024-09-05" ENDDATE="2079-06-06" ISACTUAL="1" ISACTIVE="1" /><HOUSE ID="126726856" OBJECTID="165068435" OBJECTGUID="e0bac63b-ce25-48a0-b1d7-bd45645a3bd8" CHANGEID="600524579" HOUSENUM="112а" HOUSETYPE="4" OPERTYPEID="10" PREVID="0" NEXTID="0" UPDATEDATE="2024-09-05" STARTDATE="2024-09-05" ENDDATE="2079-06-06" ISACTUAL="1" ISACTIVE="1" /><HOUSE ID="126726857" OBJECTID="165068436" OBJECTGUID="7c23fe2e-3ca2-466d-b842-85dda470de14" CHANGEID="600524580" HOUSENUM="112а" HOUSETYPE="5" OPERTYPEID="10" PREVID="0" NEXTID="0" UPDATEDATE="2024-09-05" STARTDATE="2024-09-05" ENDDATE="2079-06-06" ISACTUAL="1" ISACTIVE="1" /><HOUSE ID="126726878" OBJECTID="165068517" OBJECTGUID="4a531c57-59cb-4ee7-88f6-b2b55534c3b9" CHANGEID="600524715" HOUSENUM="109а" HOUSETYPE="2" OPERTYPEID="10" PREVID="0" NEXTID="0" UPDATEDATE="2024-09-05" STARTDATE="2024-09-05" ENDDATE="2079-06-06" ISACTUAL="1" ISACTIVE="1" /><HOUSE ID="126726904" OBJECTID="165068557" OBJECTGUID="5fb9c646-7724-436f-840d-c1ed9097486e" CHANGEID="600524825" HOUSENUM="23" HOUSETYPE="4" OPERTYPEID="10" PREVID="0" NEXTID="0" UPDATEDATE="2024-09-05" STARTDATE="2024-09-05" ENDDATE="2079-06-06" ISACTUAL="1" ISACTIVE="1" /><HOUSE ID="126726908" OBJECTID="165068562" OBJECTGUID="d92909f9-7f4a-42dd-99c1-cbfc23227248" CHANGEID="600524835" HOUSENUM="40" ADDNUM1="2" HOUSETYPE="2" ADDTYPE1="2" OPERTYPEID="10" PREVID="0" NEXTID="0" UPDATEDATE="2024-09-05" STARTDATE="2024-09-05" ENDDATE="2079-06-06" ISACTUAL="1" ISACTIVE="1" /><HOUSE ID="126726910" OBJECTID="165068582" OBJECTGUID="ceeee98d-063c-401b-ba48-d530dcd15357" CHANGEID="600524869" HOUSENUM="1а" HOUSETYPE="8" OPERTYPEID="10" PREVID="0" NEXTID="0" UPDATEDATE="2024-09-05" STARTDATE="2024-09-05" ENDDATE="2079-06-06" ISACTUAL="1" ISACTIVE="1" /><HOUSE ID="126726862" OBJECTID="165068456" OBJECTGUID="99f39f05-8c50-4610-a665-b3679f035012" CHANGEID="600524612" HOUSENUM="4" ADDNUM1="2" HOUSETYPE="2" ADDTYPE1="2" OPERTYPEID="10" PREVID="0" NEXTID="0" UPDATEDATE="2024-09-05" STARTDATE="2024-09-05" ENDDATE="2079-06-06" ISACTUAL="1" ISACTIVE="1" /><HOUSE ID="126726871" OBJECTID="165068505" OBJECTGUID="2655e551-53d9-45a7-abb5-217c08da201a" CHANGEID="600524682" HOUSENUM="44" HOUSETYPE="4" OPERTYPEID="10" PREVID="0" NEXTID="0" UPDATEDATE="2024-09-05" STARTDATE="2024-09-05" ENDDATE="2079-06-06" ISACTUAL="1" ISACTIVE="1" /><HOUSE ID="126726900" OBJECTID="165068552" OBJECTGUID="fc3e8cd0-69eb-40fd-b742-34fe3bfd3c41" CHANGEID="600524807" HOUSENUM="21а/1" HOUSETYPE="4" OPERTYPEID="10" PREVID="0" NEXTID="0" UPDATEDATE="2024-09-05" STARTDATE="2024-09-05" ENDDATE="2079-06-06" ISACTUAL="1" ISACTIVE="1" /><HOUSE ID="126726913" OBJECTID="165068587" OBJECTGUID="9523903e-6d64-4d1f-9005-65247bc563fe" CHANGEID="600524891" HOUSENUM="6" HOUSETYPE="4" OPERTYPEID="10" PREVID="0" NEXTID="0" UPDATEDATE="2024-09-05" STARTDATE="2024-09-05" ENDDATE="2079-06-06" ISACTUAL="1" ISACTIVE="1" /><HOUSE ID="126726917" OBJECTID="165068624" OBJECTGUID="b955178d-3e44-41fc-b437-cb9c1a0ec902" CHANGEID="600524944" HOUSENUM="83" HOUSETYPE="7" OPERTYPEID="10" PREVID="0" NEXTID="0" UPDATEDATE="2024-09-05" STARTDATE="2024-09-05" ENDDATE="2079-06-06" ISACTUAL="1" ISACTIVE="1" /><HOUSE ID="126726920" OBJECTID="165068648" OBJECTGUID="42365a08-b4b1-44ee-9d30-6648acb49e9d" CHANGEID="600524995" HOUSENUM="9" HOUSETYPE="5" OPERTYPEID="10" PREVID="0" NEXTID="0" UPDATEDATE="2024-09-05" STARTDATE="2024-09-05" ENDDATE="2079-06-06" ISACTUAL="1" ISACTIVE="1" /><HOUSE ID="126728202" OBJECTID="34362885" OBJECTGUID="8847eed9-b1e5-46cc-9c48-9f727bdfee2a" CHANGEID="600533244" HOUSENUM="43" HOUSETYPE="2" OPERTYPEID="20" PREVID="20451698" UPDATEDATE="2024-09-05" STARTDATE="2024-09-05" ENDDATE="2079-06-06" ISACTUAL="1" ISACTIVE="1" /><HOUSE ID="126728222" OBJECTID="165074290" OBJECTGUID="27041888-3117-4f36-b601-7dc53d78d25a" CHANGEID="600533408" HOUSENUM="228" HOUSETYPE="7" OPERTYPEID="10" PREVID="0" NEXTID="0" UPDATEDATE="2024-09-05" STARTDATE="2024-09-05" ENDDATE="2079-06-06" ISACTUAL="1" ISACTIVE="1" /><HOUSE ID="61940143" OBJECTID="10012490" OBJECTGUID="9510923e-f007-4725-8ac3-abb8bdbe0143" CHANGEID="16529752" HOUSENUM="12" HOUSETYPE="3" OPERTYPEID="20" PREVID="5229809" NEXTID="126728198" UPDATEDATE="2024-09-05" STARTDATE="2014-01-04" ENDDATE="2024-09-05" ISACTUAL="0" ISACTIVE="0" /><HOUSE ID="126728198" OBJECTID="10012490" OBJECTGUID="9510923e-f007-4725-8ac3-abb8bdbe0143" CHANGEID="600533196" HOUSENUM="12" HOUSETYPE="2" OPERTYPEID="20" PREVID="61940143" UPDATEDATE="2024-09-05" STARTDATE="2024-09-05" ENDDATE="2079-06-06" ISACTUAL="1" ISACTIVE="1" /><HOUSE ID="126728431" OBJECTID="165075143" OBJECTGUID="16292479-6603-4115-a5f0-13bdc5e846ac" CHANGEID="600535272" HOUSENUM="60" HOUSETYPE="2" OPERTYPEID="10" PREVID="0" NEXTID="0" UPDATEDATE="2024-09-05" STARTDATE="2024-09-05" ENDDATE="2079-06-06" ISACTUAL="1" ISACTIVE="1" /><HOUSE ID="126728696" OBJECTID="165077371" OBJECTGUID="8b41ff39-18d6-493c-9855-6511e41ca09d" CHANGEID="600538431" HOUSENUM="441" HOUSETYPE="2" OPERTYPEID="10" PREVID="0" NEXTID="0" UPDATEDATE="2024-09-05" STARTDATE="2024-09-05" ENDDATE="2079-06-06" ISACTUAL="1" ISACTIVE="1" /><HOUSE ID="126728755" OBJECTID="165077539" OBJECTGUID="b7050520-5c17-4413-a115-0df7ae37a655" CHANGEID="600538766" HOUSENUM="54" HOUSETYPE="2" OPERTYPEID="10" PREVID="0" NEXTID="0" UPDATEDATE="2024-09-05" STARTDATE="2024-09-05" ENDDATE="2079-06-06" ISACTUAL="1" ISACTIVE="1" /><HOUSE ID="126729109" OBJECTID="165079212" OBJECTGUID="80ec68f2-0346-4c63-a410-cd64435d4f0f" CHANGEID="600541054" HOUSENUM="9и" HOUSETYPE="2" OPERTYPEID="10" PREVID="0" NEXTID="0" UPDATEDATE="2024-09-05" STARTDATE="2024-09-05" ENDDATE="2079-06-06" ISACTUAL="1" ISACTIVE="1" /><HOUSE ID="126731039" OBJECTID="165088201" OBJECTGUID="9adfdf80-fff1-426d-9bb6-4d6d8950dd8e" CHANGEID="600556640" HOUSENUM="11а" HOUSETYPE="7" OPERTYPEID="10" PREVID="0" NEXTID="0" UPDATEDATE="2024-09-05" STARTDATE="2024-09-05" ENDDATE="2079-06-06" ISACTUAL="1" ISACTIVE="1" /><HOUSE ID="126731034" OBJECTID="165088174" OBJECTGUID="5f896794-55f2-4c22-98bd-e9d9179e173c" CHANGEID="600556598" HOUSENUM="8а" HOUSETYPE="7" OPERTYPEID="10" PREVID="0" NEXTID="0" UPDATEDATE="2024-09-05" STARTDATE="2024-09-05" ENDDATE="2079-06-06" ISACTUAL="1" ISACTIVE="1" /><HOUSE ID="126731235" OBJECTID="95553051" OBJECTGUID="7cb11c0a-1164-443d-840c-f4ce7770cc3c" CHANGEID="600558184" HOUSENUM="45" ADDNUM1="1" HOUSETYPE="2" ADDTYPE1="2" OPERTYPEID="30" PREVID="51263719" NEXTID="0" UPDATEDATE="2024-09-05" STARTDATE="2024-09-05" ENDDATE="2079-06-06" ISACTUAL="1" ISACTIVE="0" /><HOUSE ID="51263719" OBJECTID="95553051" OBJECTGUID="7cb11c0a-1164-443d-840c-f4ce7770cc3c" CHANGEID="138885539" HOUSENUM="45" ADDNUM1="1" HOUSETYPE="2" ADDTYPE1="2" OPERTYPEID="10" PREVID="0" NEXTID="126731235" UPDATEDATE="2024-09-05" STARTDATE="2020-02-10" ENDDATE="2024-09-05" ISACTUAL="0" ISACTIVE="0" /><HOUSE ID="126731236" OBJECTID="39083116" OBJECTGUID="28dd02fd-8a4d-4f35-b509-7534114ad5a0" CHANGEID="600558185" HOUSENUM="60а" HOUSETYPE="1" OPERTYPEID="30" PREVID="54275840" NEXTID="0" UPDATEDATE="2024-09-05" STARTDATE="2024-09-05" ENDDATE="2079-06-06" ISACTUAL="1" ISACTIVE="0" /><HOUSE ID="126731237" OBJECTID="39033057" OBJECTGUID="7609beec-431f-4ad6-9cce-7bc7d1f9d364" CHANGEID="600558186" HOUSENUM="20" HOUSETYPE="2" OPERTYPEID="30" PREVID="59743798" NEXTID="0" UPDATEDATE="2024-09-05" STARTDATE="2024-09-05" ENDDATE="2079-06-06" ISACTUAL="1" ISACTIVE="0" /><HOUSE ID="59743798" OBJECTID="39033057" OBJECTGUID="7609beec-431f-4ad6-9cce-7bc7d1f9d364" CHANGEID="59157765" HOUSENUM="20" HOUSETYPE="2" OPERTYPEID="20" PREVID="23337034" NEXTID="126731237" UPDATEDATE="2024-09-05" STARTDATE="2016-03-17" ENDDATE="2024-09-05" ISACTUAL="0" ISACTIVE="0" /><HOUSE ID="126731238" OBJECTID="39023530" OBJECTGUID="56ab492d-c81b-456f-94c2-5a183d40a5a6" CHANGEID="600558187" HOUSENUM="53" HOUSETYPE="2" OPERTYPEID="30" PREVID="57520026" NEXTID="0" UPDATEDATE="2024-09-05" STARTDATE="2024-09-05" ENDDATE="2079-06-06" ISACTUAL="1" ISACTIVE="0" /><HOUSE ID="126731239" OBJECTID="39022421" OBJECTGUID="744e9088-b91a-489d-be4c-53497583a6f0" CHANGEID="600558188" HOUSENUM="56" HOUSETYPE="2" OPERTYPEID="30" PREVID="59620089" NEXTID="0" UPDATEDATE="2024-09-05" STARTDATE="2024-09-05" ENDDATE="2079-06-06" ISACTUAL="1" ISACTIVE="0" /><HOUSE ID="126731240" OBJECTID="38929954" OBJECTGUID="2248bbf7-4bb5-4724-b3ad-3ed03fd6596f" CHANGEID="600558189" HOUSENUM="53а" HOUSETYPE="2" OPERTYPEID="30" PREVID="23275314" NEXTID="0" UPDATEDATE="2024-09-05" STARTDATE="2024-09-05" ENDDATE="2079-06-06" ISACTUAL="1" ISACTIVE="0" /><HOUSE ID="23275314" OBJECTID="38929954" OBJECTGUID="2248bbf7-4bb5-4724-b3ad-3ed03fd6596f" CHANGEID="59006589" HOUSENUM="53а" HOUSETYPE="2" OPERTYPEID="10" PREVID="0" NEXTID="126731240" UPDATEDATE="2024-09-05" STARTDATE="2018-06-26" ENDDATE="2024-09-05" ISACTUAL="0" ISACTIVE="0" /><HOUSE ID="126731241" OBJECTID="38929045" OBJECTGUID="a943e73d-9fde-4de7-90cf-c1f43fdd2e58" CHANGEID="600558190" HOUSENUM="10а" HOUSETYPE="2" OPERTYPEID="30" PREVID="23274822" NEXTID="0" UPDATEDATE="2024-09-05" STARTDATE="2024-09-05" ENDDATE="2079-06-06" ISACTUAL="1" ISACTIVE="0" /><HOUSE ID="23274822" OBJECTID="38929045" OBJECTGUID="a943e73d-9fde-4de7-90cf-c1f43fdd2e58" CHANGEID="59005377" HOUSENUM="10а" HOUSETYPE="2" OPERTYPEID="10" PREVID="0" NEXTID="126731241" UPDATEDATE="2024-09-05" STARTDATE="2017-12-04" ENDDATE="2024-09-05" ISACTUAL="0" ISACTIVE="0" /><HOUSE ID="126731201" OBJECTID="38340505" OBJECTGUID="3cd67850-71fc-4307-aee4-80720781465b" CHANGEID="600558026" HOUSENUM="109А" HOUSETYPE="1" OPERTYPEID="30" PREVID="22896248" NEXTID="0" UPDATEDATE="2024-09-05" STARTDATE="2024-09-05" ENDDATE="2079-06-06" ISACTUAL="1" ISACTIVE="0" /><HOUSE ID="22896248" OBJECTID="38340505" OBJECTGUID="3cd67850-71fc-4307-aee4-80720781465b" CHANGEID="58130635" HOUSENUM="109А" HOUSETYPE="1" OPERTYPEID="10" PREVID="0" NEXTID="126731201" UPDATEDATE="2024-09-05" STARTDATE="2004-10-08" ENDDATE="2024-09-05" ISACTUAL="0" ISACTIVE="0" /><HOUSE ID="126731215" OBJECTID="38484031" OBJECTGUID="3df8603d-0873-46d9-b58b-a0f3996e85d1" CHANGEID="600558104" HOUSENUM="75" HOUSETYPE="2" OPERTYPEID="30" PREVID="22991950" NEXTID="0" UPDATEDATE="2024-09-05" STARTDATE="2024-09-05" ENDDATE="2079-06-06" ISACTUAL="1" ISACTIVE="0" /><HOUSE ID="126731216" OBJECTID="38434692" OBJECTGUID="84c78dbb-d7fd-4db1-ae39-8892e6ad3807" CHANGEID="600558105" HOUSENUM="71" HOUSETYPE="2" OPERTYPEID="30" PREVID="22963122" NEXTID="0" UPDATEDATE="2024-09-05" STARTDATE="2024-09-05" ENDDATE="2079-06-06" ISACTUAL="1" ISACTIVE="0" /><HOUSE ID="22963122" OBJECTID="38434692" OBJECTGUID="84c78dbb-d7fd-4db1-ae39-8892e6ad3807" CHANGEID="58276271" HOUSENUM="71" HOUSETYPE="2" OPERTYPEID="10" PREVID="0" NEXTID="126731216" UPDATEDATE="2024-09-05" STARTDATE="2004-01-01" ENDDATE="2024-09-05" ISACTUAL="0" ISACTIVE="0" /><HOUSE ID="126731217" OBJECTID="38425997" OBJECTGUID="0c3946dc-64b3-4825-b44b-70a33542ced1" CHANGEID="600558106" HOUSENUM="76" HOUSETYPE="2" OPERTYPEID="30" PREVID="22957370" NEXTID="0" UPDATEDATE="2024-09-05" STARTDATE="2024-09-05" ENDDATE="2079-06-06" ISACTUAL="1" ISACTIVE="0" /><HOUSE ID="126731218" OBJECTID="38425703" OBJECTGUID="470291f0-c37e-49b4-b26a-70877fbf14d2" CHANGEID="600558107" HOUSENUM="130" HOUSETYPE="2" OPERTYPEID="30" PREVID="22957086" NEXTID="0" UPDATEDATE="2024-09-05" STARTDATE="2024-09-05" ENDDATE="2079-06-06" ISACTUAL="1" ISACTIVE="0" /><HOUSE ID="22957086" OBJECTID="38425703" OBJECTGUID="470291f0-c37e-49b4-b26a-70877fbf14d2" CHANGEID="58262774" HOUSENUM="130" HOUSETYPE="2" OPERTYPEID="10" PREVID="0" NEXTID="126731218" UPDATEDATE="2024-09-05" STARTDATE="2004-01-01" ENDDATE="2024-09-05" ISACTUAL="0" ISACTIVE="0" /><HOUSE ID="126731219" OBJECTID="38364880" OBJECTGUID="7d4ab970-654e-4682-9a0c-ec2d706bb8f2" CHANGEID="600558108" HOUSENUM="111в" HOUSETYPE="7" OPERTYPEID="30" PREVID="22913615" NEXTID="0" UPDATEDATE="2024-09-05" STARTDATE="2024-09-05" ENDDATE="2079-06-06" ISACTUAL="1" ISACTIVE="0" /><HOUSE ID="22913615" OBJECTID="38364880" OBJECTGUID="7d4ab970-654e-4682-9a0c-ec2d706bb8f2" CHANGEID="58168815" HOUSENUM="111в" HOUSETYPE="7" OPERTYPEID="10" PREVID="0" NEXTID="126731219" UPDATEDATE="2024-09-05" STARTDATE="2017-11-10" ENDDATE="2024-09-05" ISACTUAL="0" ISACTIVE="0" /><HOUSE ID="126731220" OBJECTID="38364539" OBJECTGUID="eb35da29-1ae4-449b-9d55-4f2535ee919c" CHANGEID="600558109" HOUSENUM="9а" HOUSETYPE="2" OPERTYPEID="30" PREVID="22913247" NEXTID="0" UPDATEDATE="2024-09-05" STARTDATE="2024-09-05" ENDDATE="2079-06-06" ISACTUAL="1" ISACTIVE="0" /><HOUSE ID="22913247" OBJECTID="38364539" OBJECTGUID="eb35da29-1ae4-449b-9d55-4f2535ee919c" CHANGEID="58168187" HOUSENUM="9а" HOUSETYPE="2" OPERTYPEID="10" PREVID="0" NEXTID="126731220" UPDATEDATE="2024-09-05" STARTDATE="2017-08-24" ENDDATE="2024-09-05" ISACTUAL="0" ISACTIVE="0" /><HOUSE ID="126731221" OBJECTID="38363225" OBJECTGUID="cd15336b-9abe-42b8-917c-e9a25ef832b8" CHANGEID="600558110" HOUSENUM="43" HOUSETYPE="4" OPERTYPEID="30" PREVID="22911735" NEXTID="0" UPDATEDATE="2024-09-05" STARTDATE="2024-09-05" ENDDATE="2079-06-06" ISACTUAL="1" ISACTIVE="0" /><HOUSE ID="22911735" OBJECTID="38363225" OBJECTGUID="cd15336b-9abe-42b8-917c-e9a25ef832b8" CHANGEID="58165792" HOUSENUM="43" HOUSETYPE="4" OPERTYPEID="10" PREVID="0" NEXTID="126731221" UPDATEDATE="2024-09-05" STARTDATE="2017-05-11" ENDDATE="2024-09-05" ISACTUAL="0" ISACTIVE="0" /><HOUSE ID="126731222" OBJECTID="38352689" OBJECTGUID="184e838e-5381-4e18-a233-09e042414349" CHANGEID="600558111" HOUSENUM="149б" HOUSETYPE="1" OPERTYPEID="30" PREVID="22903397" NEXTID="0" UPDATEDATE="2024-09-05" STARTDATE="2024-09-05" ENDDATE="2079-06-06" ISACTUAL="1" ISACTIVE="0" /><HOUSE ID="22903397" OBJECTID="38352689" OBJECTGUID="184e838e-5381-4e18-a233-09e042414349" CHANGEID="58148739" HOUSENUM="149б" HOUSETYPE="1" OPERTYPEID="10" PREVID="0" NEXTID="126731222" UPDATEDATE="2024-09-05" STARTDATE="2012-10-03" ENDDATE="2024-09-05" ISACTUAL="0" ISACTIVE="0" /><HOUSE ID="126731223" OBJECTID="38310655" OBJECTGUID="a8f3c9a2-3712-4d3b-bd91-075cc103ae8b" CHANGEID="600558112" HOUSENUM="157" HOUSETYPE="2" OPERTYPEID="30" PREVID="22874922" NEXTID="0" UPDATEDATE="2024-09-05" STARTDATE="2024-09-05" ENDDATE="2079-06-06" ISACTUAL="1" ISACTIVE="0" /><HOUSE ID="22874922" OBJECTID="38310655" OBJECTGUID="a8f3c9a2-3712-4d3b-bd91-075cc103ae8b" CHANGEID="58084658" HOUSENUM="157" HOUSETYPE="2" OPERTYPEID="10" PREVID="0" NEXTID="126731223" UPDATEDATE="2024-09-05" STARTDATE="2004-01-01" ENDDATE="2024-09-05" ISACTUAL="0" ISACTIVE="0" /><HOUSE ID="126731250" OBJECTID="160688427" OBJECTGUID="821c525c-6cf4-40a0-8dca-d652be1e35ee" CHANGEID="600558240" HOUSENUM="73б" HOUSETYPE="4" OPERTYPEID="30" PREVID="124948887" NEXTID="0" UPDATEDATE="2024-09-05" STARTDATE="2024-09-05" ENDDATE="2079-06-06" ISACTUAL="1" ISACTIVE="0" /><HOUSE ID="126731251" OBJECTID="157379415" OBJECTGUID="7c360c2c-9662-4c33-8184-6bc0543dbbad" CHANGEID="600558241" HOUSENUM="33а" HOUSETYPE="4" OPERTYPEID="30" PREVID="123911300" NEXTID="0" UPDATEDATE="2024-09-05" STARTDATE="2024-09-05" ENDDATE="2079-06-06" ISACTUAL="1" ISACTIVE="0" /><HOUSE ID="123911300" OBJECTID="157379415" OBJECTGUID="7c360c2c-9662-4c33-8184-6bc0543dbbad" CHANGEID="488565112" HOUSENUM="33а" HOUSETYPE="4" OPERTYPEID="10" PREVID="0" NEXTID="126731251" UPDATEDATE="2024-09-05" STARTDATE="2022-12-02" ENDDATE="2024-09-05" ISACTUAL="0" ISACTIVE="0" /><HOUSE ID="126731252" OBJECTID="105019393" OBJECTGUID="12551bb1-7cf4-4221-a899-929e3bc3df30" CHANGEID="600558242" HOUSENUM="101а" HOUSETYPE="4" OPERTYPEID="30" PREVID="72501805" NEXTID="0" UPDATEDATE="2024-09-05" STARTDATE="2024-09-05" ENDDATE="2079-06-06" ISACTUAL="1" ISACTIVE="0" /><HOUSE ID="72501805" OBJECTID="105019393" OBJECTGUID="12551bb1-7cf4-4221-a899-929e3bc3df30" CHANGEID="287151902" HOUSENUM="101а" HOUSETYPE="4" OPERTYPEID="10" PREVID="0" NEXTID="126731252" UPDATEDATE="2024-09-05" STARTDATE="2022-07-18" ENDDATE="2024-09-05" ISACTUAL="0" ISACTIVE="0" /><HOUSE ID="126731253" OBJECTID="100126655" OBJECTGUID="f6186d31-0e81-4b9a-a1c8-561e97191ca8" CHANGEID="600558243" HOUSENUM="7" ADDNUM1="4" HOUSETYPE="2" ADDTYPE1="2" OPERTYPEID="30" PREVID="70317467" NEXTID="0" UPDATEDATE="2024-09-05" STARTDATE="2024-09-05" ENDDATE="2079-06-06" ISACTUAL="1" ISACTIVE="0" /><HOUSE ID="70317467" OBJECTID="100126655" OBJECTGUID="f6186d31-0e81-4b9a-a1c8-561e97191ca8" CHANGEID="173339358" HOUSENUM="7" ADDNUM1="4" HOUSETYPE="2" ADDTYPE1="2" OPERTYPEID="10" PREVID="0" NEXTID="126731253" UPDATEDATE="2024-09-05" STARTDATE="2021-01-29" ENDDATE="2024-09-05" ISACTUAL="0" ISACTIVE="0" /><HOUSE ID="126731254" OBJECTID="66196592" OBJECTGUID="338ce5d9-99fb-4b4b-a63d-ae5f484ee63f" CHANGEID="600558244" HOUSENUM="12" HOUSETYPE="2" OPERTYPEID="30" PREVID="39859907" NEXTID="0" UPDATEDATE="2024-09-05" STARTDATE="2024-09-05" ENDDATE="2079-06-06" ISACTUAL="1" ISACTIVE="0" /><HOUSE ID="39859907" OBJECTID="66196592" OBJECTGUID="338ce5d9-99fb-4b4b-a63d-ae5f484ee63f" CHANGEID="98726945" HOUSENUM="12" HOUSETYPE="2" OPERTYPEID="10" PREVID="0" NEXTID="126731254" UPDATEDATE="2024-09-05" STARTDATE="2004-01-01" ENDDATE="2024-09-05" ISACTUAL="0" ISACTIVE="0" /><HOUSE ID="126731255" OBJECTID="66075465" OBJECTGUID="38bbfd07-56e4-4dcd-959f-a251f04bae5c" CHANGEID="600558245" HOUSENUM="28" HOUSETYPE="4" OPERTYPEID="30" PREVID="39786326" NEXTID="0" UPDATEDATE="2024-09-05" STARTDATE="2024-09-05" ENDDATE="2079-06-06" ISACTUAL="1" ISACTIVE="0" /><HOUSE ID="39786326" OBJECTID="66075465" OBJECTGUID="38bbfd07-56e4-4dcd-959f-a251f04bae5c" CHANGEID="98548904" HOUSENUM="28" HOUSETYPE="4" OPERTYPEID="10" PREVID="0" NEXTID="126731255" UPDATEDATE="2024-09-05" STARTDATE="2018-02-19" ENDDATE="2024-09-05" ISACTUAL="0" ISACTIVE="0" /><HOUSE ID="126731297" OBJECTID="31482173" OBJECTGUID="fa0ecb42-2551-4285-bff9-f2ed16cb986e" CHANGEID="600558659" HOUSENUM="1" HOUSETYPE="4" OPERTYPEID="30" PREVID="18698025" NEXTID="0" UPDATEDATE="2024-09-05" STARTDATE="2024-09-05" ENDDATE="2079-06-06" ISACTUAL="1" ISACTIVE="0" /><HOUSE ID="18698025" OBJECTID="31482173" OBJECTGUID="fa0ecb42-2551-4285-bff9-f2ed16cb986e" CHANGEID="48140329" HOUSENUM="1" HOUSETYPE="4" OPERTYPEID="10" PREVID="0" NEXTID="126731297" UPDATEDATE="2024-09-05" STARTDATE="2017-05-03" ENDDATE="2024-09-05" ISACTUAL="0" ISACTIVE="0" /><HOUSE ID="126731298" OBJECTID="31481174" OBJECTGUID="eb838674-003b-4882-ae94-9e13af1d97e2" CHANGEID="600558660" HOUSENUM="5" HOUSETYPE="4" OPERTYPEID="30" PREVID="18697534" NEXTID="0" UPDATEDATE="2024-09-05" STARTDATE="2024-09-05" ENDDATE="2079-06-06" ISACTUAL="1" ISACTIVE="0" /><HOUSE ID="18697534" OBJECTID="31481174" OBJECTGUID="eb838674-003b-4882-ae94-9e13af1d97e2" CHANGEID="48138985" HOUSENUM="5" HOUSETYPE="4" OPERTYPEID="10" PREVID="0" NEXTID="126731298" UPDATEDATE="2024-09-05" STARTDATE="2017-05-03" ENDDATE="2024-09-05" ISACTUAL="0" ISACTIVE="0" /><HOUSE ID="126731299" OBJECTID="31480657" OBJECTGUID="f1ea4f1f-0bb1-4398-871a-91e0019b30ac" CHANGEID="600558661" HOUSENUM="4" HOUSETYPE="4" OPERTYPEID="30" PREVID="18697194" NEXTID="0" UPDATEDATE="2024-09-05" STARTDATE="2024-09-05" ENDDATE="2079-06-06" ISACTUAL="1" ISACTIVE="0" /><HOUSE ID="18697194" OBJECTID="31480657" OBJECTGUID="f1ea4f1f-0bb1-4398-871a-91e0019b30ac" CHANGEID="48138254" HOUSENUM="4" HOUSETYPE="4" OPERTYPEID="10" PREVID="0" NEXTID="126731299" UPDATEDATE="2024-09-05" STARTDATE="2017-05-03" ENDDATE="2024-09-05" ISACTUAL="0" ISACTIVE="0" /><HOUSE ID="126731300" OBJECTID="31479526" OBJECTGUID="9206c602-6fc3-46b0-866e-84e28442a9bc" CHANGEID="600558662" HOUSENUM="6" HOUSETYPE="4" OPERTYPEID="30" PREVID="18696316" NEXTID="0" UPDATEDATE="2024-09-05" STARTDATE="2024-09-05" ENDDATE="2079-06-06" ISACTUAL="1" ISACTIVE="0" /><HOUSE ID="18696316" OBJECTID="31479526" OBJECTGUID="9206c602-6fc3-46b0-866e-84e28442a9bc" CHANGEID="48136447" HOUSENUM="6" HOUSETYPE="4" OPERTYPEID="10" PREVID="0" NEXTID="126731300" UPDATEDATE="2024-09-05" STARTDATE="2017-05-03" ENDDATE="2024-09-05" ISACTUAL="0" ISACTIVE="0" /><HOUSE ID="126731301" OBJECTID="31479083" OBJECTGUID="a6249c21-c939-4822-8c72-7cc682431398" CHANGEID="600558663" HOUSENUM="7" HOUSETYPE="4" OPERTYPEID="30" PREVID="18696033" NEXTID="0" UPDATEDATE="2024-09-05" STARTDATE="2024-09-05" ENDDATE="2079-06-06" ISACTUAL="1" ISACTIVE="0" /><HOUSE ID="18696033" OBJECTID="31479083" OBJECTGUID="a6249c21-c939-4822-8c72-7cc682431398" CHANGEID="48135834" HOUSENUM="7" HOUSETYPE="4" OPERTYPEID="10" PREVID="0" NEXTID="126731301" UPDATEDATE="2024-09-05" STARTDATE="2017-05-03" ENDDATE="2024-09-05" ISACTUAL="0" ISACTIVE="0" /><HOUSE ID="126731302" OBJECTID="31478679" OBJECTGUID="44f0d71a-ede4-4973-b1e2-49653a79346f" CHANGEID="600558664" HOUSENUM="2" HOUSETYPE="4" OPERTYPEID="30" PREVID="18695754" NEXTID="0" UPDATEDATE="2024-09-05" STARTDATE="2024-09-05" ENDDATE="2079-06-06" ISACTUAL="1" ISACTIVE="0" /><HOUSE ID="18695754" OBJECTID="31478679" OBJECTGUID="44f0d71a-ede4-4973-b1e2-49653a79346f" CHANGEID="48135222" HOUSENUM="2" HOUSETYPE="4" OPERTYPEID="10" PREVID="0" NEXTID="126731302" UPDATEDATE="2024-09-05" STARTDATE="2017-05-03" ENDDATE="2024-09-05" ISACTUAL="0" ISACTIVE="0" /><HOUSE ID="126731303" OBJECTID="31478038" OBJECTGUID="6bc85e9e-523d-4492-a371-226c1187d80a" CHANGEID="600558665" HOUSENUM="3д" HOUSETYPE="1" OPERTYPEID="30" PREVID="18695341" NEXTID="0" UPDATEDATE="2024-09-05" STARTDATE="2024-09-05" ENDDATE="2079-06-06" ISACTUAL="1" ISACTIVE="0" /><HOUSE ID="18695341" OBJECTID="31478038" OBJECTGUID="6bc85e9e-523d-4492-a371-226c1187d80a" CHANGEID="48134266" HOUSENUM="3д" HOUSETYPE="1" OPERTYPEID="10" PREVID="0" NEXTID="126731303" UPDATEDATE="2024-09-05" STARTDATE="2017-05-03" ENDDATE="2024-09-05" ISACTUAL="0" ISACTIVE="0" /><HOUSE ID="126731319" OBJECTID="31457956" OBJECTGUID="1ebd5fa1-f8bf-4783-a905-c47c6d346af2" CHANGEID="600558783" HOUSENUM="11" HOUSETYPE="2" OPERTYPEID="30" PREVID="53558393" NEXTID="0" UPDATEDATE="2024-09-05" STARTDATE="2024-09-05" ENDDATE="2079-06-06" ISACTUAL="1" ISACTIVE="0" /><HOUSE ID="53558393" OBJECTID="31457956" OBJECTGUID="1ebd5fa1-f8bf-4783-a905-c47c6d346af2" CHANGEID="48106529" HOUSENUM="11" HOUSETYPE="2" OPERTYPEID="20" PREVID="18684244" NEXTID="126731319" UPDATEDATE="2024-09-05" STARTDATE="2016-03-18" ENDDATE="2024-09-05" ISACTUAL="0" ISACTIVE="0" /><HOUSE ID="126731320" OBJECTID="31452365" OBJECTGUID="f07c64ba-a718-459d-86b4-9745cefcd287" CHANGEID="600558784" HOUSENUM="14" HOUSETYPE="2" OPERTYPEID="30" PREVID="68416037" NEXTID="0" UPDATEDATE="2024-09-05" STARTDATE="2024-09-05" ENDDATE="2079-06-06" ISACTUAL="1" ISACTIVE="0" /><HOUSE ID="68416037" OBJECTID="31452365" OBJECTGUID="f07c64ba-a718-459d-86b4-9745cefcd287" CHANGEID="48098149" HOUSENUM="14" HOUSETYPE="2" OPERTYPEID="20" PREVID="18681348" NEXTID="126731320" UPDATEDATE="2024-09-05" STARTDATE="2016-03-18" ENDDATE="2024-09-05" ISACTUAL="0" ISACTIVE="0" /><HOUSE ID="126731321" OBJECTID="31451298" OBJECTGUID="a5b8f63a-9654-4f7c-9028-5899594b3939" CHANGEID="600558785" HOUSENUM="5" HOUSETYPE="2" OPERTYPEID="30" PREVID="63121836" NEXTID="0" UPDATEDATE="2024-09-05" STARTDATE="2024-09-05" ENDDATE="2079-06-06" ISACTUAL="1" ISACTIVE="0" /><HOUSE ID="63121836" OBJECTID="31451298" OBJECTGUID="a5b8f63a-9654-4f7c-9028-5899594b3939" CHANGEID="48096581" HOUSENUM="5" HOUSETYPE="2" OPERTYPEID="20" PREVID="18680731" NEXTID="126731321" UPDATEDATE="2024-09-05" STARTDATE="2016-03-18" ENDDATE="2024-09-05" ISACTUAL="0" ISACTIVE="0" /><HOUSE ID="126731322" OBJECTID="31446031" OBJECTGUID="417dafc7-8b39-4ca5-b1ba-1f4fe6a2fe34" CHANGEID="600558786" HOUSENUM="12" HOUSETYPE="2" OPERTYPEID="30" PREVID="56019887" NEXTID="0" UPDATEDATE="2024-09-05" STARTDATE="2024-09-05" ENDDATE="2079-06-06" ISACTUAL="1" ISACTIVE="0" /><HOUSE ID="56019887" OBJECTID="31446031" OBJECTGUID="417dafc7-8b39-4ca5-b1ba-1f4fe6a2fe34" CHANGEID="48089220" HOUSENUM="12" HOUSETYPE="2" OPERTYPEID="20" PREVID="18677332" NEXTID="126731322" UPDATEDATE="2024-09-05" STARTDATE="2016-03-18" ENDDATE="2024-09-05" ISACTUAL="0" ISACTIVE="0" /><HOUSE ID="126731323" OBJECTID="31444390" OBJECTGUID="3c297103-0c47-4113-9fb5-0b88de74dd9f" CHANGEID="600558787" HOUSENUM="10" HOUSETYPE="2" OPERTYPEID="30" PREVID="55642934" NEXTID="0" UPDATEDATE="2024-09-05" STARTDATE="2024-09-05" ENDDATE="2079-06-06" ISACTUAL="1" ISACTIVE="0" /><HOUSE ID="126731324" OBJECTID="31442959" OBJECTGUID="96c3480c-9401-4da4-930f-0936792b9835" CHANGEID="600558788" HOUSENUM="16" HOUSETYPE="2" OPERTYPEID="30" PREVID="62062032" NEXTID="0" UPDATEDATE="2024-09-05" STARTDATE="2024-09-05" ENDDATE="2079-06-06" ISACTUAL="1" ISACTIVE="0" /><HOUSE ID="126731382" OBJECTID="165089396" OBJECTGUID="dd794b68-5735-4fb7-b306-d499cdef95c3" CHANGEID="600559153" HOUSENUM="7/128" HOUSETYPE="2" OPERTYPEID="10" PREVID="0" NEXTID="0" UPDATEDATE="2024-09-05" STARTDATE="2024-09-05" ENDDATE="2079-06-06" ISACTUAL="1" ISACTIVE="1" /><HOUSE ID="126731496" OBJECTID="165089877" OBJECTGUID="7f46a4ff-88df-4637-907c-94cf227b77cf" CHANGEID="600559994" HOUSENUM="3" HOUSETYPE="2" OPERTYPEID="10" PREVID="0" NEXTID="0" UPDATEDATE="2024-09-05" STARTDATE="2024-09-05" ENDDATE="2079-06-06" ISACTUAL="1" ISACTIVE="1" /><HOUSE ID="126731498" OBJECTID="165089891" OBJECTGUID="de3291e7-de69-4f1a-b1e8-ea8894191601" CHANGEID="600560010" HOUSENUM="5" HOUSETYPE="2" OPERTYPEID="10" PREVID="0" NEXTID="0" UPDATEDATE="2024-09-05" STARTDATE="2024-09-05" ENDDATE="2079-06-06" ISACTUAL="1" ISACTIVE="1" /><HOUSE ID="126732728" OBJECTID="165096139" OBJECTGUID="be118f6e-1c0f-4971-ab15-54b5fb07363b" CHANGEID="600570876" HOUSENUM="469" HOUSETYPE="7" OPERTYPEID="10" PREVID="0" NEXTID="0" UPDATEDATE="2024-09-06" STARTDATE="2024-09-06" ENDDATE="2079-06-06" ISACTUAL="1" ISACTIVE="1" /><HOUSE ID="126734458" OBJECTID="165101547" OBJECTGUID="c4e25802-5c17-44ba-813c-ccec522ae14a" CHANGEID="600581594" HOUSENUM="16" HOUSETYPE="2" OPERTYPEID="10" PREVID="0" NEXTID="0" UPDATEDATE="2024-09-06" STARTDATE="2024-09-06" ENDDATE="2079-06-06" ISACTUAL="1" ISACTIVE="1" /><HOUSE ID="126735424" OBJECTID="165104497" OBJECTGUID="6b4625fa-f1ac-40de-9ed5-e83705c305bd" CHANGEID="600587078" HOUSENUM="674" HOUSETYPE="4" OPERTYPEID="10" PREVID="0" NEXTID="0" UPDATEDATE="2024-09-06" STARTDATE="2024-09-06" ENDDATE="2079-06-06" ISACTUAL="1" ISACTIVE="1" /><HOUSE ID="126735861" OBJECTID="165105440" OBJECTGUID="4b9a8372-778b-4400-a40d-c9b41e597439" CHANGEID="600588443" HOUSENUM="43" HOUSETYPE="7" OPERTYPEID="10" PREVID="0" NEXTID="0" UPDATEDATE="2024-09-06" STARTDATE="2024-09-06" ENDDATE="2079-06-06" ISACTUAL="1" ISACTIVE="1" /><HOUSE ID="126735875" OBJECTID="165105532" OBJECTGUID="f81cbb6d-7453-4977-9c2a-1160ac9f5759" CHANGEID="600588567" HOUSENUM="3" ADDNUM1="1" HOUSETYPE="2" ADDTYPE1="2" OPERTYPEID="10" PREVID="0" NEXTID="0" UPDATEDATE="2024-09-06" STARTDATE="2024-09-06" ENDDATE="2079-06-06" ISACTUAL="1" ISACTIVE="1" /><HOUSE ID="126736102" OBJECTID="165106354" OBJECTGUID="3d11dd10-e613-4a3e-9786-7f07862ea660" CHANGEID="600590079" HOUSENUM="584" HOUSETYPE="4" OPERTYPEID="10" PREVID="0" NEXTID="0" UPDATEDATE="2024-09-06" STARTDATE="2024-09-06" ENDDATE="2079-06-06" ISACTUAL="1" ISACTIVE="1" /><HOUSE ID="126736121" OBJECTID="165106369" OBJECTGUID="dac4d1e3-5187-4c2c-9793-a55f11377c79" CHANGEID="600590128" HOUSENUM="116" HOUSETYPE="4" OPERTYPEID="10" PREVID="0" NEXTID="0" UPDATEDATE="2024-09-06" STARTDATE="2024-09-06" ENDDATE="2079-06-06" ISACTUAL="1" ISACTIVE="1" /><HOUSE ID="126736133" OBJECTID="165106389" OBJECTGUID="2e124b27-4d60-410f-a911-e49db4f95001" CHANGEID="600590202" HOUSENUM="61" HOUSETYPE="4" OPERTYPEID="10" PREVID="0" NEXTID="0" UPDATEDATE="2024-09-06" STARTDATE="2024-09-06" ENDDATE="2079-06-06" ISACTUAL="1" ISACTIVE="1" /><HOUSE ID="126736149" OBJECTID="165106469" OBJECTGUID="609c40a9-a1fb-4ab0-9f51-49a50bb75788" CHANGEID="600590317" HOUSENUM="58а" HOUSETYPE="2" OPERTYPEID="10" PREVID="0" NEXTID="0" UPDATEDATE="2024-09-06" STARTDATE="2024-09-06" ENDDATE="2079-06-06" ISACTUAL="1" ISACTIVE="1" /><HOUSE ID="126736163" OBJECTID="165106481" OBJECTGUID="06361816-9f91-43c4-9f38-707c1f481b71" CHANGEID="600590379" HOUSENUM="127" ADDNUM1="1" HOUSETYPE="2" ADDTYPE1="2" OPERTYPEID="10" PREVID="0" NEXTID="0" UPDATEDATE="2024-09-06" STARTDATE="2024-09-06" ENDDATE="2079-06-06" ISACTUAL="1" ISACTIVE="1" /><HOUSE ID="126736166" OBJECTID="75451753" OBJECTGUID="7544026e-0477-447c-86b4-32b3c432c615" CHANGEID="600590410" HOUSENUM="1" HOUSETYPE="2" OPERTYPEID="30" PREVID="59687894" NEXTID="0" UPDATEDATE="2024-09-06" STARTDATE="2024-09-06" ENDDATE="2079-06-06" ISACTUAL="1" ISACTIVE="0" /><HOUSE ID="59687894" OBJECTID="75451753" OBJECTGUID="7544026e-0477-447c-86b4-32b3c432c615" CHANGEID="112252037" HOUSENUM="1" HOUSETYPE="2" OPERTYPEID="20" PREVID="45554881" NEXTID="126736166" UPDATEDATE="2024-09-06" STARTDATE="2014-01-04" ENDDATE="2024-09-06" ISACTUAL="0" ISACTIVE="0" /><HOUSE ID="126736169" OBJECTID="165106488" OBJECTGUID="db42a9f7-183a-4121-96e4-cdf93ddba65b" CHANGEID="600590419" HOUSENUM="491" HOUSETYPE="4" OPERTYPEID="10" PREVID="0" NEXTID="0" UPDATEDATE="2024-09-06" STARTDATE="2024-09-06" ENDDATE="2079-06-06" ISACTUAL="1" ISACTIVE="1" /><HOUSE ID="126736138" OBJECTID="165106410" OBJECTGUID="a3be5759-e63a-4b0b-8540-875f838c34f8" CHANGEID="600590232" HOUSENUM="42а" HOUSETYPE="4" OPERTYPEID="10" PREVID="0" NEXTID="0" UPDATEDATE="2024-09-06" STARTDATE="2024-09-06" ENDDATE="2079-06-06" ISACTUAL="1" ISACTIVE="1" /><HOUSE ID="126736145" OBJECTID="165106460" OBJECTGUID="cc6aa22f-056b-4be9-a1bb-5bbe19d1129e" CHANGEID="600590299" HOUSENUM="34" HOUSETYPE="4" OPERTYPEID="10" PREVID="0" NEXTID="0" UPDATEDATE="2024-09-06" STARTDATE="2024-09-06" ENDDATE="2079-06-06" ISACTUAL="1" ISACTIVE="1" /><HOUSE ID="126736193" OBJECTID="165106511" OBJECTGUID="386859b4-1bf7-46ca-99cb-268107b8b02d" CHANGEID="600590496" HOUSENUM="27" HOUSETYPE="7" OPERTYPEID="10" PREVID="0" NEXTID="0" UPDATEDATE="2024-09-06" STARTDATE="2024-09-06" ENDDATE="2079-06-06" ISACTUAL="1" ISACTIVE="1" /><HOUSE ID="126736199" OBJECTID="165106526" OBJECTGUID="37bef19c-aae2-4b06-b60c-fcca4a40f3b1" CHANGEID="600590528" HOUSENUM="70" HOUSETYPE="4" OPERTYPEID="10" PREVID="0" NEXTID="0" UPDATEDATE="2024-09-06" STARTDATE="2024-09-06" ENDDATE="2079-06-06" ISACTUAL="1" ISACTIVE="1" /><HOUSE ID="126736210" OBJECTID="165106606" OBJECTGUID="b8a172b7-9010-46b6-8820-a74f84586d60" CHANGEID="600590646" HOUSENUM="43б" HOUSETYPE="4" OPERTYPEID="10" PREVID="0" NEXTID="0" UPDATEDATE="2024-09-06" STARTDATE="2024-09-06" ENDDATE="2079-06-06" ISACTUAL="1" ISACTIVE="1" /><HOUSE ID="126736214" OBJECTID="165106619" OBJECTGUID="78608a88-3afc-4652-9ec6-4767a5ec6087" CHANGEID="600590688" HOUSENUM="70б" HOUSETYPE="4" OPERTYPEID="10" PREVID="0" NEXTID="0" UPDATEDATE="2024-09-06" STARTDATE="2024-09-06" ENDDATE="2079-06-06" ISACTUAL="1" ISACTIVE="1" /><HOUSE ID="126736206" OBJECTID="165106549" OBJECTGUID="2a1b697a-0b6e-432d-83a6-530158d841b5" CHANGEID="600590578" HOUSENUM="6" HOUSETYPE="7" OPERTYPEID="10" PREVID="0" NEXTID="0" UPDATEDATE="2024-09-06" STARTDATE="2024-09-06" ENDDATE="2079-06-06" ISACTUAL="1" ISACTIVE="1" /><HOUSE ID="126736238" OBJECTID="165106655" OBJECTGUID="a2042401-699b-44fc-bcae-de63a6720262" CHANGEID="600590757" HOUSENUM="31" HOUSETYPE="4" OPERTYPEID="10" PREVID="0" NEXTID="0" UPDATEDATE="2024-09-06" STARTDATE="2024-09-06" ENDDATE="2079-06-06" ISACTUAL="1" ISACTIVE="1" /><HOUSE ID="126736264" OBJECTID="165106719" OBJECTGUID="021129ed-dd3b-477c-9b03-ee0d50d7cd4d" CHANGEID="600590894" HOUSENUM="34" HOUSETYPE="4" OPERTYPEID="10" PREVID="0" NEXTID="0" UPDATEDATE="2024-09-06" STARTDATE="2024-09-06" ENDDATE="2079-06-06" ISACTUAL="1" ISACTIVE="1" /><HOUSE ID="126736256" OBJECTID="165106691" OBJECTGUID="70334003-2d5f-4d34-8c08-f9f4bd6d6d79" CHANGEID="600590846" HOUSENUM="152" HOUSETYPE="7" OPERTYPEID="10" PREVID="0" NEXTID="0" UPDATEDATE="2024-09-06" STARTDATE="2024-09-06" ENDDATE="2079-06-06" ISACTUAL="1" ISACTIVE="1" /><HOUSE ID="126736268" OBJECTID="165106730" OBJECTGUID="8c4f404b-a12d-4fe1-84d1-317deb290b4e" CHANGEID="600590917" HOUSENUM="1а" HOUSETYPE="4" OPERTYPEID="10" PREVID="0" NEXTID="0" UPDATEDATE="2024-09-06" STARTDATE="2024-09-06" ENDDATE="2079-06-06" ISACTUAL="1" ISACTIVE="1" /><HOUSE ID="126736335" OBJECTID="165107641" OBJECTGUID="da15d9b8-73bd-4d64-bd04-3982893d4ac8" CHANGEID="600592253" HOUSENUM="3б" HOUSETYPE="2" OPERTYPEID="10" PREVID="0" NEXTID="0" UPDATEDATE="2024-09-06" STARTDATE="2024-09-06" ENDDATE="2079-06-06" ISACTUAL="1" ISACTIVE="1" /><HOUSE ID="126736338" OBJECTID="165107726" OBJECTGUID="0ab80203-7470-4c84-8ecc-c93c86c2b1a1" CHANGEID="600592350" HOUSENUM="3" HOUSETYPE="7" OPERTYPEID="10" PREVID="0" NEXTID="0" UPDATEDATE="2024-09-06" STARTDATE="2024-09-06" ENDDATE="2079-06-06" ISACTUAL="1" ISACTIVE="1" /><HOUSE ID="126736347" OBJECTID="75453727" OBJECTGUID="18c8c8b0-ca4b-4539-92d8-c1480c8874c4" CHANGEID="600592422" HOUSENUM="2" HOUSETYPE="2" OPERTYPEID="30" PREVID="53136071" NEXTID="0" UPDATEDATE="2024-09-06" STARTDATE="2024-09-06" ENDDATE="2079-06-06" ISACTUAL="1" ISACTIVE="0" /><HOUSE ID="126736375" OBJECTID="75452169" OBJECTGUID="3029c2ad-99b8-4b54-8fd2-4f91eae5f6f4" CHANGEID="600592622" HOUSENUM="4" HOUSETYPE="2" OPERTYPEID="30" PREVID="54792043" NEXTID="0" UPDATEDATE="2024-09-06" STARTDATE="2024-09-06" ENDDATE="2079-06-06" ISACTUAL="1" ISACTIVE="0" /><HOUSE ID="126736366" OBJECTID="75452611" OBJECTGUID="967c8ff4-067c-44e5-8f25-85a9d1be8dbc" CHANGEID="600592556" HOUSENUM="3" HOUSETYPE="2" OPERTYPEID="30" PREVID="62042982" NEXTID="0" UPDATEDATE="2024-09-06" STARTDATE="2024-09-06" ENDDATE="2079-06-06" ISACTUAL="1" ISACTIVE="0" /><HOUSE ID="126736446" OBJECTID="165108063" OBJECTGUID="7590e135-8a38-41b8-8205-e8acc3cb051e" CHANGEID="600592921" HOUSENUM="2" HOUSETYPE="2" OPERTYPEID="10" PREVID="0" NEXTID="0" UPDATEDATE="2024-09-06" STARTDATE="2024-09-06" ENDDATE="2079-06-06" ISACTUAL="1" ISACTIVE="1" /><HOUSE ID="126736765" OBJECTID="75451259" OBJECTGUID="83e3b2cb-a7ec-478a-8908-094055ed59f4" CHANGEID="600593891" HOUSENUM="5" HOUSETYPE="2" OPERTYPEID="30" PREVID="60724387" NEXTID="0" UPDATEDATE="2024-09-06" STARTDATE="2024-09-06" ENDDATE="2079-06-06" ISACTUAL="1" ISACTIVE="0" /><HOUSE ID="126736943" OBJECTID="165109698" OBJECTGUID="ee3de2f7-4361-4574-8694-1180dc689b3a" CHANGEID="600595173" HOUSENUM="74а" HOUSETYPE="5" OPERTYPEID="10" PREVID="0" NEXTID="0" UPDATEDATE="2024-09-06" STARTDATE="2024-09-06" ENDDATE="2079-06-06" ISACTUAL="1" ISACTIVE="1" /><HOUSE ID="126736966" OBJECTID="165109963" OBJECTGUID="98acb51f-ceac-4e57-a1be-5bfd4e697e4d" CHANGEID="600595484" HOUSENUM="135г" HOUSETYPE="2" OPERTYPEID="10" PREVID="0" NEXTID="0" UPDATEDATE="2024-09-06" STARTDATE="2024-09-06" ENDDATE="2079-06-06" ISACTUAL="1" ISACTIVE="1" /><HOUSE ID="126737838" OBJECTID="17355438" OBJECTGUID="f7a5e740-63e4-47ed-bfb9-57cfd35228ce" CHANGEID="600701509" HOUSENUM="47" HOUSETYPE="2" OPERTYPEID="20" PREVID="68921984" UPDATEDATE="2024-09-06" STARTDATE="2024-09-06" ENDDATE="2079-06-06" ISACTUAL="1" ISACTIVE="1" /><HOUSE ID="126737851" OBJECTID="165113422" OBJECTGUID="e55f3f68-3561-45e1-aeed-ae8eb4d1566d" CHANGEID="600701702" HOUSENUM="5" HOUSETYPE="2" OPERTYPEID="10" PREVID="0" NEXTID="0" UPDATEDATE="2024-09-06" STARTDATE="2024-09-06" ENDDATE="2079-06-06" ISACTUAL="1" ISACTIVE="1" /><HOUSE ID="126737855" OBJECTID="29589273" OBJECTGUID="56ea81ab-c9c4-43f8-a2a4-cacc6306c476" CHANGEID="600701740" HOUSENUM="4" HOUSETYPE="2" OPERTYPEID="30" PREVID="124765128" NEXTID="0" UPDATEDATE="2024-09-06" STARTDATE="2024-09-06" ENDDATE="2079-06-06" ISACTUAL="1" ISACTIVE="0" /><HOUSE ID="124765128" OBJECTID="29589273" OBJECTGUID="56ea81ab-c9c4-43f8-a2a4-cacc6306c476" CHANGEID="509173026" HOUSENUM="4" HOUSETYPE="2" OPERTYPEID="20" PREVID="57536818" NEXTID="126737855" UPDATEDATE="2024-09-06" STARTDATE="2023-09-06" ENDDATE="2024-09-06" ISACTUAL="0" ISACTIVE="0" /><HOUSE ID="126738468" OBJECTID="29583403" OBJECTGUID="712adab8-60c1-4969-900c-c871ba9f06e5" CHANGEID="600705292" HOUSENUM="5" HOUSETYPE="2" OPERTYPEID="30" PREVID="124765129" NEXTID="0" UPDATEDATE="2024-09-06" STARTDATE="2024-09-06" ENDDATE="2079-06-06" ISACTUAL="1" ISACTIVE="0" /><HOUSE ID="124765129" OBJECTID="29583403" OBJECTGUID="712adab8-60c1-4969-900c-c871ba9f06e5" CHANGEID="509173027" HOUSENUM="5" HOUSETYPE="2" OPERTYPEID="20" PREVID="59397750" NEXTID="126738468" UPDATEDATE="2024-09-06" STARTDATE="2023-09-06" ENDDATE="2024-09-06" ISACTUAL="0" ISACTIVE="0" /><HOUSE ID="126738500" OBJECTID="165115530" OBJECTGUID="e68da6d7-52f6-4b2a-a8d3-824817607ec4" CHANGEID="600705504" HOUSENUM="18А" HOUSETYPE="2" OPERTYPEID="10" PREVID="0" NEXTID="0" UPDATEDATE="2024-09-06" STARTDATE="2024-09-06" ENDDATE="2079-06-06" ISACTUAL="1" ISACTIVE="1" /><HOUSE ID="126740969" OBJECTID="81307118" OBJECTGUID="e48b92b3-7ae4-4e9d-98ef-23e5243b0156" CHANGEID="600753258" HOUSENUM="12" HOUSETYPE="2" OPERTYPEID="30" PREVID="67569429" NEXTID="0" UPDATEDATE="2024-09-09" STARTDATE="2024-09-09" ENDDATE="2079-06-06" ISACTUAL="1" ISACTIVE="0" /><HOUSE ID="67569429" OBJECTID="81307118" OBJECTGUID="e48b92b3-7ae4-4e9d-98ef-23e5243b0156" CHANGEID="120817856" HOUSENUM="12" HOUSETYPE="2" OPERTYPEID="20" PREVID="49194622" NEXTID="126740969" UPDATEDATE="2024-09-09" STARTDATE="2018-04-11" ENDDATE="2024-09-09" ISACTUAL="0" ISACTIVE="0" /><HOUSE ID="126740970" OBJECTID="165126751" OBJECTGUID="f5c98ca9-5e93-40c5-8529-cb6853fe9a2d" CHANGEID="600753337" HOUSENUM="19" HOUSETYPE="7" OPERTYPEID="10" PREVID="0" NEXTID="0" UPDATEDATE="2024-09-09" STARTDATE="2024-09-09" ENDDATE="2079-06-06" ISACTUAL="1" ISACTIVE="1" /><HOUSE ID="11854437" OBJECTID="20329506" OBJECTGUID="550325ce-ec40-44a0-a0b5-ea3f7bd73d8b" CHANGEID="31827425" HOUSENUM="19" HOUSETYPE="2" OPERTYPEID="20" PREVID="11854433" NEXTID="126740971" UPDATEDATE="2024-09-09" STARTDATE="2019-03-11" ENDDATE="2024-09-09" ISACTUAL="0" ISACTIVE="0" /><HOUSE ID="126740971" OBJECTID="20329506" OBJECTGUID="550325ce-ec40-44a0-a0b5-ea3f7bd73d8b" CHANGEID="600753372" HOUSENUM="19/2" HOUSETYPE="7" OPERTYPEID="20" PREVID="11854437" UPDATEDATE="2024-09-09" STARTDATE="2024-09-09" ENDDATE="2079-06-06" ISACTUAL="1" ISACTIVE="1" /><HOUSE ID="126740972" OBJECTID="165126788" OBJECTGUID="b9866991-2514-41bb-902c-76188b5212c2" CHANGEID="600753393" HOUSENUM="19/1" HOUSETYPE="7" OPERTYPEID="10" PREVID="0" NEXTID="0" UPDATEDATE="2024-09-09" STARTDATE="2024-09-09" ENDDATE="2079-06-06" ISACTUAL="1" ISACTIVE="1" /><HOUSE ID="126742191" OBJECTID="165133414" OBJECTGUID="8db0357c-099e-43b5-ba2d-ded16c531faa" CHANGEID="600763457" HOUSENUM="9/1" HOUSETYPE="2" OPERTYPEID="10" PREVID="0" NEXTID="0" UPDATEDATE="2024-09-09" STARTDATE="2024-09-09" ENDDATE="2079-06-06" ISACTUAL="1" ISACTIVE="1" /><HOUSE ID="126742208" OBJECTID="165133614" OBJECTGUID="2dfa7186-ab98-4813-b289-0272551f9cc3" CHANGEID="600763783" HOUSENUM="5/18" HOUSETYPE="7" OPERTYPEID="10" PREVID="0" NEXTID="0" UPDATEDATE="2024-09-09" STARTDATE="2024-09-09" ENDDATE="2079-06-06" ISACTUAL="1" ISACTIVE="1" /><HOUSE ID="126742619" OBJECTID="165136649" OBJECTGUID="6aaafd3e-29af-4eb2-91b4-3d4847e01ab5" CHANGEID="600767849" HOUSENUM="3а" HOUSETYPE="2" OPERTYPEID="10" PREVID="0" NEXTID="0" UPDATEDATE="2024-09-09" STARTDATE="2024-09-09" ENDDATE="2079-06-06" ISACTUAL="1" ISACTIVE="1" /><HOUSE ID="126745201" OBJECTID="165141872" OBJECTGUID="2524b2c2-7002-4422-8bc2-fed16bc8877c" CHANGEID="600777329" HOUSENUM="12/1" HOUSETYPE="2" OPERTYPEID="10" PREVID="0" NEXTID="0" UPDATEDATE="2024-09-09" STARTDATE="2024-09-09" ENDDATE="2079-06-06" ISACTUAL="1" ISACTIVE="1" /><HOUSE ID="126745774" OBJECTID="165143687" OBJECTGUID="0c9999fa-3caf-44c6-b2e8-c8d34c5d8344" CHANGEID="600780866" HOUSENUM="346" HOUSETYPE="2" OPERTYPEID="10" PREVID="0" NEXTID="0" UPDATEDATE="2024-09-09" STARTDATE="2024-09-09" ENDDATE="2079-06-06" ISACTUAL="1" ISACTIVE="1" /><HOUSE ID="126745880" OBJECTID="165144025" OBJECTGUID="4070d20f-52c5-40c1-a72e-f3dc2159c98f" CHANGEID="600781399" HOUSENUM="335" HOUSETYPE="7" OPERTYPEID="10" PREVID="0" NEXTID="0" UPDATEDATE="2024-09-09" STARTDATE="2024-09-09" ENDDATE="2079-06-06" ISACTUAL="1" ISACTIVE="1" /><HOUSE ID="4602272" OBJECTID="8923379" OBJECTGUID="2a1d4b33-279f-48a1-8cc3-e335c9aa45b6" CHANGEID="14973231" HOUSENUM="27" HOUSETYPE="3" OPERTYPEID="10" PREVID="0" NEXTID="126745804" UPDATEDATE="2024-09-09" STARTDATE="2015-11-27" ENDDATE="2024-09-09" ISACTUAL="0" ISACTIVE="0" /><HOUSE ID="126745804" OBJECTID="8923379" OBJECTGUID="2a1d4b33-279f-48a1-8cc3-e335c9aa45b6" CHANGEID="600781010" HOUSENUM="27" HOUSETYPE="2" OPERTYPEID="20" PREVID="4602272" UPDATEDATE="2024-09-09" STARTDATE="2024-09-09" ENDDATE="2079-06-06" ISACTUAL="1" ISACTIVE="1" /><HOUSE ID="126746639" OBJECTID="165147303" OBJECTGUID="b160e074-a76b-410d-abdc-30faf4f810eb" CHANGEID="600786305" HOUSENUM="26" HOUSETYPE="2" OPERTYPEID="10" PREVID="0" NEXTID="0" UPDATEDATE="2024-09-09" STARTDATE="2024-09-09" ENDDATE="2079-06-06" ISACTUAL="1" ISACTIVE="1" /><HOUSE ID="126746672" OBJECTID="62952737" OBJECTGUID="957e2fa3-28dc-4016-aea1-a958a007f6e1" CHANGEID="600786521" HOUSENUM="2" HOUSETYPE="2" OPERTYPEID="20" PREVID="61970644" UPDATEDATE="2024-09-09" STARTDATE="2024-09-09" ENDDATE="2079-06-06" ISACTUAL="1" ISACTIVE="1" /><HOUSE ID="126746849" OBJECTID="19257171" OBJECTGUID="a65f9d67-1798-46ad-8575-6b16bfbc7ed9" CHANGEID="600787754" HOUSENUM="14а" HOUSETYPE="3" OPERTYPEID="30" PREVID="11138734" NEXTID="0" UPDATEDATE="2024-09-09" STARTDATE="2024-09-09" ENDDATE="2079-06-06" ISACTUAL="1" ISACTIVE="0" /><HOUSE ID="11138734" OBJECTID="19257171" OBJECTGUID="a65f9d67-1798-46ad-8575-6b16bfbc7ed9" CHANGEID="30221696" HOUSENUM="14а" HOUSETYPE="3" OPERTYPEID="10" PREVID="0" NEXTID="126746849" UPDATEDATE="2024-09-09" STARTDATE="2017-05-04" ENDDATE="2024-09-09" ISACTUAL="0" ISACTIVE="0" /><HOUSE ID="126746783" OBJECTID="165147832" OBJECTGUID="a7586555-28a2-4660-a64e-89fb4d580976" CHANGEID="600787178" HOUSENUM="28А" HOUSETYPE="5" OPERTYPEID="10" PREVID="0" NEXTID="0" UPDATEDATE="2024-09-09" STARTDATE="2024-09-09" ENDDATE="2079-06-06" ISACTUAL="1" ISACTIVE="1" /><HOUSE ID="126746882" OBJECTID="165148408" OBJECTGUID="a3ad506f-1c6b-40e3-85a2-67816b86961b" CHANGEID="600788052" HOUSENUM="103" HOUSETYPE="4" OPERTYPEID="10" PREVID="0" NEXTID="0" UPDATEDATE="2024-09-09" STARTDATE="2024-09-09" ENDDATE="2079-06-06" ISACTUAL="1" ISACTIVE="1" /><HOUSE ID="126746883" OBJECTID="165148409" OBJECTGUID="a6315e70-9d2a-43f9-899d-54c72a6da5e5" CHANGEID="600788053" HOUSENUM="200" HOUSETYPE="4" OPERTYPEID="10" PREVID="0" NEXTID="0" UPDATEDATE="2024-09-09" STARTDATE="2024-09-09" ENDDATE="2079-06-06" ISACTUAL="1" ISACTIVE="1" /><HOUSE ID="126746887" OBJECTID="165148505" OBJECTGUID="f0c51439-4fd1-4db9-aea3-5cc5c2a66362" CHANGEID="600788163" HOUSENUM="584" HOUSETYPE="4" OPERTYPEID="10" PREVID="0" NEXTID="0" UPDATEDATE="2024-09-09" STARTDATE="2024-09-09" ENDDATE="2079-06-06" ISACTUAL="1" ISACTIVE="1" /><HOUSE ID="126746888" OBJECTID="165148506" OBJECTGUID="ba7940c0-8f90-444f-ad11-9c83a79e78f9" CHANGEID="600788164" HOUSENUM="5" HOUSETYPE="4" OPERTYPEID="10" PREVID="0" NEXTID="0" UPDATEDATE="2024-09-09" STARTDATE="2024-09-09" ENDDATE="2079-06-06" ISACTUAL="1" ISACTIVE="1" /><HOUSE ID="126746896" OBJECTID="165148526" OBJECTGUID="dbc36de3-9e20-45ce-9eda-cbb74ff02d83" CHANGEID="600788239" HOUSENUM="68" HOUSETYPE="7" OPERTYPEID="10" PREVID="0" NEXTID="0" UPDATEDATE="2024-09-09" STARTDATE="2024-09-09" ENDDATE="2079-06-06" ISACTUAL="1" ISACTIVE="1" /><HOUSE ID="126746897" OBJECTID="165148527" OBJECTGUID="9b307368-0ed6-4879-b5c7-5623a0ff8834" CHANGEID="600788240" HOUSENUM="82" HOUSETYPE="7" OPERTYPEID="10" PREVID="0" NEXTID="0" UPDATEDATE="2024-09-09" STARTDATE="2024-09-09" ENDDATE="2079-06-06" ISACTUAL="1" ISACTIVE="1" /><HOUSE ID="126746898" OBJECTID="165148528" OBJECTGUID="d141c04d-3f91-4dd2-88a7-15514a3409d8" CHANGEID="600788241" HOUSENUM="78" HOUSETYPE="7" OPERTYPEID="10" PREVID="0" NEXTID="0" UPDATEDATE="2024-09-09" STARTDATE="2024-09-09" ENDDATE="2079-06-06" ISACTUAL="1" ISACTIVE="1" /><HOUSE ID="126746904" OBJECTID="165148541" OBJECTGUID="41653860-bdbc-41b3-b17f-fcd6f651c6ee" CHANGEID="600788266" HOUSENUM="10а" HOUSETYPE="7" OPERTYPEID="10" PREVID="0" NEXTID="0" UPDATEDATE="2024-09-09" STARTDATE="2024-09-09" ENDDATE="2079-06-06" ISACTUAL="1" ISACTIVE="1" /><HOUSE ID="126746916" OBJECTID="165148579" OBJECTGUID="8cae218d-81e7-4db7-9ec9-c7ed34efb304" CHANGEID="600788324" HOUSENUM="23" HOUSETYPE="5" OPERTYPEID="10" PREVID="0" NEXTID="0" UPDATEDATE="2024-09-09" STARTDATE="2024-09-09" ENDDATE="2079-06-06" ISACTUAL="1" ISACTIVE="1" /><HOUSE ID="126746917" OBJECTID="165148580" OBJECTGUID="53e69091-c39e-49d5-a15c-8352905c1509" CHANGEID="600788325" HOUSENUM="22" ADDNUM1="1" HOUSETYPE="2" ADDTYPE1="2" OPERTYPEID="10" PREVID="0" NEXTID="0" UPDATEDATE="2024-09-09" STARTDATE="2024-09-09" ENDDATE="2079-06-06" ISACTUAL="1" ISACTIVE="1" /><HOUSE ID="126746922" OBJECTID="165148603" OBJECTGUID="89d840c9-c07a-40d8-a6df-d6125af2011f" CHANGEID="600788363" HOUSENUM="30" HOUSETYPE="4" OPERTYPEID="10" PREVID="0" NEXTID="0" UPDATEDATE="2024-09-09" STARTDATE="2024-09-09" ENDDATE="2079-06-06" ISACTUAL="1" ISACTIVE="1" /><HOUSE ID="126746923" OBJECTID="165148604" OBJECTGUID="6b0fbb40-6f54-4c98-ae25-90c08edecec4" CHANGEID="600788364" HOUSENUM="13а" HOUSETYPE="4" OPERTYPEID="10" PREVID="0" NEXTID="0" UPDATEDATE="2024-09-09" STARTDATE="2024-09-09" ENDDATE="2079-06-06" ISACTUAL="1" ISACTIVE="1" /><HOUSE ID="126746928" OBJECTID="165148634" OBJECTGUID="5f0313a0-e033-4929-b5d4-810da4374ed1" CHANGEID="600788418" HOUSENUM="14а" HOUSETYPE="2" OPERTYPEID="10" PREVID="0" NEXTID="0" UPDATEDATE="2024-09-09" STARTDATE="2024-09-09" ENDDATE="2079-06-06" ISACTUAL="1" ISACTIVE="1" /><HOUSE ID="126746934" OBJECTID="165148653" OBJECTGUID="20f8fb3c-f412-45c4-ab27-d247abd379c7" CHANGEID="600788447" HOUSENUM="223д" HOUSETYPE="2" OPERTYPEID="10" PREVID="0" NEXTID="0" UPDATEDATE="2024-09-09" STARTDATE="2024-09-09" ENDDATE="2079-06-06" ISACTUAL="1" ISACTIVE="1" /><HOUSE ID="126746935" OBJECTID="165148654" OBJECTGUID="53dc5047-4439-4f2c-990e-d9c5b667b286" CHANGEID="600788448" HOUSENUM="189" HOUSETYPE="5" OPERTYPEID="10" PREVID="0" NEXTID="0" UPDATEDATE="2024-09-09" STARTDATE="2024-09-09" ENDDATE="2079-06-06" ISACTUAL="1" ISACTIVE="1" /><HOUSE ID="126746939" OBJECTID="165148660" OBJECTGUID="0be1c727-15ee-463f-b2d5-7e3f4cfa3101" CHANGEID="600788465" HOUSENUM="357" HOUSETYPE="4" OPERTYPEID="10" PREVID="0" NEXTID="0" UPDATEDATE="2024-09-09" STARTDATE="2024-09-09" ENDDATE="2079-06-06" ISACTUAL="1" ISACTIVE="1" /><HOUSE ID="126746948" OBJECTID="165148940" OBJECTGUID="eb5d684a-1423-401d-8e4c-0cfe4160fd59" CHANGEID="600788788" HOUSENUM="61" HOUSETYPE="8" OPERTYPEID="10" PREVID="0" NEXTID="0" UPDATEDATE="2024-09-09" STARTDATE="2024-09-09" ENDDATE="2079-06-06" ISACTUAL="1" ISACTIVE="1" /><HOUSE ID="126746956" OBJECTID="165149053" OBJECTGUID="93f3c8de-5d2d-4b11-b57f-faba2eef7b5c" CHANGEID="600788919" HOUSENUM="48" HOUSETYPE="7" OPERTYPEID="10" PREVID="0" NEXTID="0" UPDATEDATE="2024-09-09" STARTDATE="2024-09-09" ENDDATE="2079-06-06" ISACTUAL="1" ISACTIVE="1" /><HOUSE ID="126746960" OBJECTID="165149059" OBJECTGUID="711464d8-2ff3-4c15-83fb-89ae88760b86" CHANGEID="600788935" HOUSENUM="153г" HOUSETYPE="7" OPERTYPEID="10" PREVID="0" NEXTID="0" UPDATEDATE="2024-09-09" STARTDATE="2024-09-09" ENDDATE="2079-06-06" ISACTUAL="1" ISACTIVE="1" /><HOUSE ID="126746967" OBJECTID="165149102" OBJECTGUID="32f11ae0-2087-40f8-b627-8a74842b15a9" CHANGEID="600788998" HOUSENUM="44" HOUSETYPE="4" OPERTYPEID="10" PREVID="0" NEXTID="0" UPDATEDATE="2024-09-09" STARTDATE="2024-09-09" ENDDATE="2079-06-06" ISACTUAL="1" ISACTIVE="1" /><HOUSE ID="126746979" OBJECTID="165149143" OBJECTGUID="4776ec00-6c6c-480d-9674-b8cc285de33a" CHANGEID="600789101" HOUSENUM="16а" HOUSETYPE="4" OPERTYPEID="10" PREVID="0" NEXTID="0" UPDATEDATE="2024-09-09" STARTDATE="2024-09-09" ENDDATE="2079-06-06" ISACTUAL="1" ISACTIVE="1" /><HOUSE ID="126746963" OBJECTID="165149068" OBJECTGUID="00ad6686-40c1-47de-a2ba-d0266b347c0a" CHANGEID="600788952" HOUSENUM="43" HOUSETYPE="7" OPERTYPEID="10" PREVID="0" NEXTID="0" UPDATEDATE="2024-09-09" STARTDATE="2024-09-09" ENDDATE="2079-06-06" ISACTUAL="1" ISACTIVE="1" /><HOUSE ID="126746964" OBJECTID="165149091" OBJECTGUID="a1c59b9e-db77-4134-8b4b-0b66efda6580" CHANGEID="600788980" HOUSENUM="9" HOUSETYPE="4" OPERTYPEID="10" PREVID="0" NEXTID="0" UPDATEDATE="2024-09-09" STARTDATE="2024-09-09" ENDDATE="2079-06-06" ISACTUAL="1" ISACTIVE="1" /><HOUSE ID="126746972" OBJECTID="165149116" OBJECTGUID="f9f314eb-9178-4a1f-a4ee-3e0aa1c10431" CHANGEID="600789026" HOUSENUM="52" ADDNUM1="1" HOUSETYPE="2" ADDTYPE1="2" OPERTYPEID="10" PREVID="0" NEXTID="0" UPDATEDATE="2024-09-09" STARTDATE="2024-09-09" ENDDATE="2079-06-06" ISACTUAL="1" ISACTIVE="1" /><HOUSE ID="126746976" OBJECTID="165149134" OBJECTGUID="43c818b8-169c-4480-bb8a-6e26fc3061fe" CHANGEID="600789082" HOUSENUM="43" ADDNUM1="1" HOUSETYPE="2" ADDTYPE1="2" OPERTYPEID="10" PREVID="0" NEXTID="0" UPDATEDATE="2024-09-09" STARTDATE="2024-09-09" ENDDATE="2079-06-06" ISACTUAL="1" ISACTIVE="1" /><HOUSE ID="126747237" OBJECTID="77244149" OBJECTGUID="da35765e-1ef0-4257-8567-a1b32df4050e" CHANGEID="600790443" HOUSENUM="2" HOUSETYPE="3" OPERTYPEID="30" PREVID="46679413" NEXTID="0" UPDATEDATE="2024-09-09" STARTDATE="2024-09-09" ENDDATE="2079-06-06" ISACTUAL="1" ISACTIVE="0" /><HOUSE ID="46679413" OBJECTID="77244149" OBJECTGUID="da35765e-1ef0-4257-8567-a1b32df4050e" CHANGEID="114880038" HOUSENUM="2" HOUSETYPE="3" OPERTYPEID="10" PREVID="0" NEXTID="126747237" UPDATEDATE="2024-09-09" STARTDATE="2013-02-12" ENDDATE="2024-09-09" ISACTUAL="0" ISACTIVE="0" /><HOUSE ID="126747235" OBJECTID="16379324" OBJECTGUID="1d26de9b-dbaa-46cb-a284-f7b3c78763ca" CHANGEID="600790440" HOUSENUM="102" HOUSETYPE="3" OPERTYPEID="30" PREVID="53446219" NEXTID="0" UPDATEDATE="2024-09-09" STARTDATE="2024-09-09" ENDDATE="2079-06-06" ISACTUAL="1" ISACTIVE="0" /><HOUSE ID="63276332" OBJECTID="23815400" OBJECTGUID="a7e5932a-1035-4de5-b2c7-da05c4cbecec" CHANGEID="36971422" HOUSENUM="1а" HOUSETYPE="3" OPERTYPEID="20" PREVID="14051385" NEXTID="126747413" UPDATEDATE="2024-09-09" STARTDATE="2014-01-04" ENDDATE="2024-09-09" ISACTUAL="0" ISACTIVE="0" /><HOUSE ID="126747413" OBJECTID="23815400" OBJECTGUID="a7e5932a-1035-4de5-b2c7-da05c4cbecec" CHANGEID="600791618" HOUSENUM="1а" HOUSETYPE="2" OPERTYPEID="20" PREVID="63276332" UPDATEDATE="2024-09-09" STARTDATE="2024-09-09" ENDDATE="2079-06-06" ISACTUAL="1" ISACTIVE="1" /><HOUSE ID="126747461" OBJECTID="165150726" OBJECTGUID="98ba720e-7f55-4969-b9b6-b8653011980c" CHANGEID="600795754" HOUSENUM="102" HOUSETYPE="2" OPERTYPEID="10" PREVID="0" NEXTID="0" UPDATEDATE="2024-09-09" STARTDATE="2024-09-09" ENDDATE="2079-06-06" ISACTUAL="1" ISACTIVE="1" /><HOUSE ID="126748924" OBJECTID="165159556" OBJECTGUID="ca3a4b19-e7cc-42ba-ba8f-35bf91760b17" CHANGEID="600810422" HOUSENUM="16" HOUSETYPE="2" OPERTYPEID="10" PREVID="0" NEXTID="0" UPDATEDATE="2024-09-10" STARTDATE="2024-09-10" ENDDATE="2079-06-06" ISACTUAL="1" ISACTIVE="1" /><HOUSE ID="126748925" OBJECTID="165159558" OBJECTGUID="3f546e1e-9dbd-40f2-9fab-8b3c9587e471" CHANGEID="600810424" HOUSENUM="4" HOUSETYPE="2" OPERTYPEID="10" PREVID="0" NEXTID="0" UPDATEDATE="2024-09-10" STARTDATE="2024-09-10" ENDDATE="2079-06-06" ISACTUAL="1" ISACTIVE="1" /><HOUSE ID="126749397" OBJECTID="165161086" OBJECTGUID="7c1d0560-3abb-4d63-a761-6f0f93d7e417" CHANGEID="600812690" HOUSENUM="1" HOUSETYPE="2" OPERTYPEID="10" PREVID="0" NEXTID="0" UPDATEDATE="2024-09-10" STARTDATE="2024-09-10" ENDDATE="2079-06-06" ISACTUAL="1" ISACTIVE="1" /><HOUSE ID="126749433" OBJECTID="165161405" OBJECTGUID="29572760-3382-44c9-9bb7-978d35eb4407" CHANGEID="600813075" HOUSENUM="5а" HOUSETYPE="2" OPERTYPEID="10" PREVID="0" NEXTID="0" UPDATEDATE="2024-09-10" STARTDATE="2024-09-10" ENDDATE="2079-06-06" ISACTUAL="1" ISACTIVE="1" /><HOUSE ID="126749446" OBJECTID="165161438" OBJECTGUID="b0ffc3a0-b215-4095-8a06-1841237d24ce" CHANGEID="600813135" HOUSENUM="4" HOUSETYPE="2" OPERTYPEID="10" PREVID="0" NEXTID="0" UPDATEDATE="2024-09-10" STARTDATE="2024-09-10" ENDDATE="2079-06-06" ISACTUAL="1" ISACTIVE="1" /><HOUSE ID="126750188" OBJECTID="65608648" OBJECTGUID="7d2d7d34-7dd5-498b-8af7-dfdc98d397f7" CHANGEID="600817995" HOUSENUM="18" HOUSETYPE="2" OPERTYPEID="30" PREVID="39498024" NEXTID="0" UPDATEDATE="2024-09-10" STARTDATE="2024-09-10" ENDDATE="2079-06-06" ISACTUAL="1" ISACTIVE="0" /><HOUSE ID="126750189" OBJECTID="65601911" OBJECTGUID="f37b5a4f-bb55-464c-87fd-ce87b0dc4dfc" CHANGEID="600817996" HOUSENUM="52" HOUSETYPE="2" OPERTYPEID="30" PREVID="39494952" NEXTID="0" UPDATEDATE="2024-09-10" STARTDATE="2024-09-10" ENDDATE="2079-06-06" ISACTUAL="1" ISACTIVE="0" /><HOUSE ID="39494952" OBJECTID="65601911" OBJECTGUID="f37b5a4f-bb55-464c-87fd-ce87b0dc4dfc" CHANGEID="97847558" HOUSENUM="52" HOUSETYPE="2" OPERTYPEID="10" PREVID="0" NEXTID="126750189" UPDATEDATE="2024-09-10" STARTDATE="2004-01-01" ENDDATE="2024-09-10" ISACTUAL="0" ISACTIVE="0" /><HOUSE ID="126750190" OBJECTID="65577529" OBJECTGUID="f6c0b3fc-4b37-42f0-a3b9-11fce4ca2f51" CHANGEID="600817997" HOUSENUM="38" HOUSETYPE="2" OPERTYPEID="30" PREVID="39483472" NEXTID="0" UPDATEDATE="2024-09-10" STARTDATE="2024-09-10" ENDDATE="2079-06-06" ISACTUAL="1" ISACTIVE="0" /><HOUSE ID="126751123" OBJECTID="19251281" OBJECTGUID="f7f9fecd-b3ea-4bcd-ad2b-e3136104817d" CHANGEID="600825423" HOUSENUM="1" HOUSETYPE="2" OPERTYPEID="30" PREVID="11133833" NEXTID="0" UPDATEDATE="2024-09-10" STARTDATE="2024-09-10" ENDDATE="2079-06-06" ISACTUAL="1" ISACTIVE="0" /><HOUSE ID="11133833" OBJECTID="19251281" OBJECTGUID="f7f9fecd-b3ea-4bcd-ad2b-e3136104817d" CHANGEID="30211902" HOUSENUM="1" HOUSETYPE="2" OPERTYPEID="10" PREVID="0" NEXTID="126751123" UPDATEDATE="2024-09-10" STARTDATE="2004-01-01" ENDDATE="2024-09-10" ISACTUAL="0" ISACTIVE="0" /><HOUSE ID="126751124" OBJECTID="19243647" OBJECTGUID="19e91aae-43e9-46df-80ea-bc0b2e595566" CHANGEID="600825424" HOUSENUM="34" HOUSETYPE="2" OPERTYPEID="30" PREVID="11127977" NEXTID="0" UPDATEDATE="2024-09-10" STARTDATE="2024-09-10" ENDDATE="2079-06-06" ISACTUAL="1" ISACTIVE="0" /><HOUSE ID="11127977" OBJECTID="19243647" OBJECTGUID="19e91aae-43e9-46df-80ea-bc0b2e595566" CHANGEID="30199719" HOUSENUM="34" HOUSETYPE="2" OPERTYPEID="10" PREVID="0" NEXTID="126751124" UPDATEDATE="2024-09-10" STARTDATE="2004-01-01" ENDDATE="2024-09-10" ISACTUAL="0" ISACTIVE="0" /><HOUSE ID="126751125" OBJECTID="19240232" OBJECTGUID="169fb0d9-855d-4aa6-b29d-5fbc1b25fa7b" CHANGEID="600825425" HOUSENUM="5" HOUSETYPE="2" OPERTYPEID="30" PREVID="11125522" NEXTID="0" UPDATEDATE="2024-09-10" STARTDATE="2024-09-10" ENDDATE="2079-06-06" ISACTUAL="1" ISACTIVE="0" /><HOUSE ID="11125522" OBJECTID="19240232" OBJECTGUID="169fb0d9-855d-4aa6-b29d-5fbc1b25fa7b" CHANGEID="30194380" HOUSENUM="5" HOUSETYPE="2" OPERTYPEID="10" PREVID="0" NEXTID="126751125" UPDATEDATE="2024-09-10" STARTDATE="2004-01-01" ENDDATE="2024-09-10" ISACTUAL="0" ISACTIVE="0" /><HOUSE ID="126751126" OBJECTID="19236949" OBJECTGUID="aed6ca32-3108-407d-a250-46bae809a1d4" CHANGEID="600825426" HOUSENUM="10" HOUSETYPE="2" OPERTYPEID="30" PREVID="11123490" NEXTID="0" UPDATEDATE="2024-09-10" STARTDATE="2024-09-10" ENDDATE="2079-06-06" ISACTUAL="1" ISACTIVE="0" /><HOUSE ID="11123490" OBJECTID="19236949" OBJECTGUID="aed6ca32-3108-407d-a250-46bae809a1d4" CHANGEID="30189674" HOUSENUM="10" HOUSETYPE="2" OPERTYPEID="10" PREVID="0" NEXTID="126751126" UPDATEDATE="2024-09-10" STARTDATE="2004-01-01" ENDDATE="2024-09-10" ISACTUAL="0" ISACTIVE="0" /><HOUSE ID="126751127" OBJECTID="19232425" OBJECTGUID="2d552acd-824c-480e-ae5c-0f52a45df558" CHANGEID="600825427" HOUSENUM="32" HOUSETYPE="2" OPERTYPEID="30" PREVID="11120235" NEXTID="0" UPDATEDATE="2024-09-10" STARTDATE="2024-09-10" ENDDATE="2079-06-06" ISACTUAL="1" ISACTIVE="0" /><HOUSE ID="11120235" OBJECTID="19232425" OBJECTGUID="2d552acd-824c-480e-ae5c-0f52a45df558" CHANGEID="30182524" HOUSENUM="32" HOUSETYPE="2" OPERTYPEID="10" PREVID="0" NEXTID="126751127" UPDATEDATE="2024-09-10" STARTDATE="2004-01-01" ENDDATE="2024-09-10" ISACTUAL="0" ISACTIVE="0" /><HOUSE ID="126751128" OBJECTID="19231627" OBJECTGUID="f2e4d02b-5fc5-4dc8-8535-09b87f0be227" CHANGEID="600825428" HOUSENUM="15" HOUSETYPE="2" OPERTYPEID="30" PREVID="11119713" NEXTID="0" UPDATEDATE="2024-09-10" STARTDATE="2024-09-10" ENDDATE="2079-06-06" ISACTUAL="1" ISACTIVE="0" /><HOUSE ID="11119713" OBJECTID="19231627" OBJECTGUID="f2e4d02b-5fc5-4dc8-8535-09b87f0be227" CHANGEID="30181252" HOUSENUM="15" HOUSETYPE="2" OPERTYPEID="10" PREVID="0" NEXTID="126751128" UPDATEDATE="2024-09-10" STARTDATE="2004-01-01" ENDDATE="2024-09-10" ISACTUAL="0" ISACTIVE="0" /><HOUSE ID="126751134" OBJECTID="165169304" OBJECTGUID="f83ccf9c-93e1-4d52-9f56-92d277db2155" CHANGEID="600825479" HOUSENUM="31" HOUSETYPE="4" OPERTYPEID="10" PREVID="0" NEXTID="0" UPDATEDATE="2024-09-10" STARTDATE="2024-09-10" ENDDATE="2079-06-06" ISACTUAL="1" ISACTIVE="1" /><HOUSE ID="45156254" OBJECTID="74797446" OBJECTGUID="36ab2483-2811-454a-b731-1acc1418d25e" CHANGEID="111301457" HOUSENUM="5а" HOUSETYPE="1" OPERTYPEID="10" PREVID="0" NEXTID="126751750" UPDATEDATE="2024-09-10" STARTDATE="2000-03-30" ENDDATE="2024-09-10" ISACTUAL="0" ISACTIVE="0" /><HOUSE ID="126751750" OBJECTID="74797446" OBJECTGUID="36ab2483-2811-454a-b731-1acc1418d25e" CHANGEID="600829115" HOUSENUM="5а" HOUSETYPE="2" OPERTYPEID="20" PREVID="45156254" UPDATEDATE="2024-09-10" STARTDATE="2024-09-10" ENDDATE="2079-06-06" ISACTUAL="1" ISACTIVE="1" /><HOUSE ID="126753025" OBJECTID="165176543" OBJECTGUID="4ce7272f-a25d-41a7-8c4d-1a537183fc09" CHANGEID="600836668" HOUSENUM="32" HOUSETYPE="2" OPERTYPEID="10" PREVID="0" NEXTID="0" UPDATEDATE="2024-09-10" STARTDATE="2024-09-10" ENDDATE="2079-06-06" ISACTUAL="1" ISACTIVE="1" /><HOUSE ID="126753073" OBJECTID="165176817" OBJECTGUID="daa44e4c-b95a-4696-9e5e-4f60089aa041" CHANGEID="600837069" HOUSENUM="11а" HOUSETYPE="5" OPERTYPEID="10" PREVID="0" NEXTID="0" UPDATEDATE="2024-09-10" STARTDATE="2024-09-10" ENDDATE="2079-06-06" ISACTUAL="1" ISACTIVE="1" /><HOUSE ID="126753879" OBJECTID="160762857" OBJECTGUID="3062c684-fca6-42cd-9bf1-fe9ef703dcf8" CHANGEID="600842963" HOUSENUM="18д/5" HOUSETYPE="7" OPERTYPEID="30" PREVID="124987027" NEXTID="0" UPDATEDATE="2024-09-10" STARTDATE="2024-09-10" ENDDATE="2079-06-06" ISACTUAL="1" ISACTIVE="0" /><HOUSE ID="126753887" OBJECTID="165180335" OBJECTGUID="b6a7ae55-775a-411b-92db-9a966769cba7" CHANGEID="600843022" HOUSENUM="18д/6" HOUSETYPE="7" OPERTYPEID="10" PREVID="0" NEXTID="0" UPDATEDATE="2024-09-10" STARTDATE="2024-09-10" ENDDATE="2079-06-06" ISACTUAL="1" ISACTIVE="1" /><HOUSE ID="126754022" OBJECTID="165180809" OBJECTGUID="7496d887-8a19-4c4a-8720-21a027c92896" CHANGEID="600844003" HOUSENUM="239/1" HOUSETYPE="2" OPERTYPEID="10" PREVID="0" NEXTID="0" UPDATEDATE="2024-09-10" STARTDATE="2024-09-10" ENDDATE="2079-06-06" ISACTUAL="1" ISACTIVE="1" /><HOUSE ID="126754211" OBJECTID="165181287" OBJECTGUID="ac30a5bd-8341-4476-8e27-b0061342d702" CHANGEID="600845012" HOUSENUM="3а" HOUSETYPE="2" OPERTYPEID="10" PREVID="0" NEXTID="0" UPDATEDATE="2024-09-10" STARTDATE="2024-09-10" ENDDATE="2079-06-06" ISACTUAL="1" ISACTIVE="1" /><HOUSE ID="126754319" OBJECTID="165181927" OBJECTGUID="83fb4d77-4178-418e-aa5c-447428639d22" CHANGEID="600845888" HOUSENUM="2д" ADDNUM1="1" HOUSETYPE="8" ADDTYPE1="2" OPERTYPEID="10" PREVID="0" NEXTID="0" UPDATEDATE="2024-09-10" STARTDATE="2024-09-10" ENDDATE="2079-06-06" ISACTUAL="1" ISACTIVE="1" /><HOUSE ID="126754320" OBJECTID="165181928" OBJECTGUID="9b893b85-5634-4d65-a5e5-e3912de4328f" CHANGEID="600845889" HOUSENUM="2д" ADDNUM1="2" HOUSETYPE="8" ADDTYPE1="2" OPERTYPEID="10" PREVID="0" NEXTID="0" UPDATEDATE="2024-09-10" STARTDATE="2024-09-10" ENDDATE="2079-06-06" ISACTUAL="1" ISACTIVE="1" /><HOUSE ID="126754321" OBJECTID="165181929" OBJECTGUID="53d13260-20e1-47f4-8dfa-c04af67240c3" CHANGEID="600845890" HOUSENUM="2д" ADDNUM1="6" HOUSETYPE="8" ADDTYPE1="2" OPERTYPEID="10" PREVID="0" NEXTID="0" UPDATEDATE="2024-09-10" STARTDATE="2024-09-10" ENDDATE="2079-06-06" ISACTUAL="1" ISACTIVE="1" /><HOUSE ID="126754416" OBJECTID="165182336" OBJECTGUID="e4fcf8a0-99fb-40d2-b6b3-6d7ec44eb070" CHANGEID="600846848" HOUSENUM="111" HOUSETYPE="7" OPERTYPEID="10" PREVID="0" NEXTID="0" UPDATEDATE="2024-09-10" STARTDATE="2024-09-10" ENDDATE="2079-06-06" ISACTUAL="1" ISACTIVE="1" /><HOUSE ID="126754445" OBJECTID="165182391" OBJECTGUID="ccf73044-7f01-417b-abb4-92cbd4068c95" CHANGEID="600846962" HOUSENUM="7б" HOUSETYPE="7" OPERTYPEID="10" PREVID="0" NEXTID="0" UPDATEDATE="2024-09-10" STARTDATE="2024-09-10" ENDDATE="2079-06-06" ISACTUAL="1" ISACTIVE="1" /><HOUSE ID="126754462" OBJECTID="165182489" OBJECTGUID="73ef01e5-7163-42bf-9046-00535ef37167" CHANGEID="600847104" HOUSENUM="110б" HOUSETYPE="7" OPERTYPEID="10" PREVID="0" NEXTID="0" UPDATEDATE="2024-09-10" STARTDATE="2024-09-10" ENDDATE="2079-06-06" ISACTUAL="1" ISACTIVE="1" /><HOUSE ID="126754473" OBJECTID="165182501" OBJECTGUID="d5a95254-e936-48ca-a6ac-a4be90f6f4c0" CHANGEID="600847138" HOUSENUM="337" HOUSETYPE="7" OPERTYPEID="10" PREVID="0" NEXTID="0" UPDATEDATE="2024-09-10" STARTDATE="2024-09-10" ENDDATE="2079-06-06" ISACTUAL="1" ISACTIVE="1" /><HOUSE ID="126754474" OBJECTID="165182502" OBJECTGUID="6d93f6db-3214-44ff-8bf8-f0003bd766fc" CHANGEID="600847139" HOUSENUM="230" HOUSETYPE="7" OPERTYPEID="10" PREVID="0" NEXTID="0" UPDATEDATE="2024-09-10" STARTDATE="2024-09-10" ENDDATE="2079-06-06" ISACTUAL="1" ISACTIVE="1" /><HOUSE ID="126754475" OBJECTID="165182503" OBJECTGUID="6d2071d2-815e-48e1-9afa-97370d06db0e" CHANGEID="600847140" HOUSENUM="64" HOUSETYPE="7" OPERTYPEID="10" PREVID="0" NEXTID="0" UPDATEDATE="2024-09-10" STARTDATE="2024-09-10" ENDDATE="2079-06-06" ISACTUAL="1" ISACTIVE="1" /><HOUSE ID="126754484" OBJECTID="165182551" OBJECTGUID="1fd1d7a5-c50a-41b5-a9a2-1d1b1783dc3b" CHANGEID="600847205" HOUSENUM="112/2" HOUSETYPE="4" OPERTYPEID="10" PREVID="0" NEXTID="0" UPDATEDATE="2024-09-10" STARTDATE="2024-09-10" ENDDATE="2079-06-06" ISACTUAL="1" ISACTIVE="1" /><HOUSE ID="126754491" OBJECTID="165182561" OBJECTGUID="a021e8d5-148b-4bbd-9eb5-fb95ec25e4e3" CHANGEID="600847224" HOUSENUM="90" HOUSETYPE="4" OPERTYPEID="10" PREVID="0" NEXTID="0" UPDATEDATE="2024-09-10" STARTDATE="2024-09-10" ENDDATE="2079-06-06" ISACTUAL="1" ISACTIVE="1" /><HOUSE ID="126754457" OBJECTID="165182476" OBJECTGUID="0faa3cce-b024-4eea-8e8e-6752cdd21f55" CHANGEID="600847070" HOUSENUM="49в" HOUSETYPE="7" OPERTYPEID="10" PREVID="0" NEXTID="0" UPDATEDATE="2024-09-10" STARTDATE="2024-09-10" ENDDATE="2079-06-06" ISACTUAL="1" ISACTIVE="1" /><HOUSE ID="126754461" OBJECTID="165182487" OBJECTGUID="dce95848-2084-4bbf-8c83-26e394dd9971" CHANGEID="600847099" HOUSENUM="39б" HOUSETYPE="4" OPERTYPEID="10" PREVID="0" NEXTID="0" UPDATEDATE="2024-09-10" STARTDATE="2024-09-10" ENDDATE="2079-06-06" ISACTUAL="1" ISACTIVE="1" /><HOUSE ID="126754503" OBJECTID="165182591" OBJECTGUID="bb4a20cc-e2d8-4284-b78d-e618efcf65ed" CHANGEID="600847272" HOUSENUM="2" HOUSETYPE="4" OPERTYPEID="10" PREVID="0" NEXTID="0" UPDATEDATE="2024-09-10" STARTDATE="2024-09-10" ENDDATE="2079-06-06" ISACTUAL="1" ISACTIVE="1" /><HOUSE ID="126754518" OBJECTID="165182614" OBJECTGUID="3d7ed7a8-b830-49a6-9cca-f68d11547c60" CHANGEID="600847319" HOUSENUM="44" HOUSETYPE="7" OPERTYPEID="10" PREVID="0" NEXTID="0" UPDATEDATE="2024-09-10" STARTDATE="2024-09-10" ENDDATE="2079-06-06" ISACTUAL="1" ISACTIVE="1" /><HOUSE ID="126754519" OBJECTID="165182615" OBJECTGUID="75c76875-8f09-40cf-bcdb-453ab40b926f" CHANGEID="600847320" HOUSENUM="153" HOUSETYPE="7" OPERTYPEID="10" PREVID="0" NEXTID="0" UPDATEDATE="2024-09-10" STARTDATE="2024-09-10" ENDDATE="2079-06-06" ISACTUAL="1" ISACTIVE="1" /><HOUSE ID="126754496" OBJECTID="165182570" OBJECTGUID="efe4b4e6-df00-464e-b9b3-a2ed48ae3b0e" CHANGEID="600847238" HOUSENUM="12а" ADDNUM1="1" HOUSETYPE="2" ADDTYPE1="1" OPERTYPEID="10" PREVID="0" NEXTID="0" UPDATEDATE="2024-09-10" STARTDATE="2024-09-10" ENDDATE="2079-06-06" ISACTUAL="1" ISACTIVE="1" /><HOUSE ID="126754498" OBJECTID="165182571" OBJECTGUID="2b1c157f-09d6-4615-8c1f-a2e027d1a597" CHANGEID="600847243" HOUSENUM="198" HOUSETYPE="4" OPERTYPEID="10" PREVID="0" NEXTID="0" UPDATEDATE="2024-09-10" STARTDATE="2024-09-10" ENDDATE="2079-06-06" ISACTUAL="1" ISACTIVE="1" /><HOUSE ID="126754538" OBJECTID="165182673" OBJECTGUID="4aa0f86a-95e7-40fc-ae5f-448feaba4c8a" CHANGEID="600847405" HOUSENUM="2" HOUSETYPE="4" OPERTYPEID="10" PREVID="0" NEXTID="0" UPDATEDATE="2024-09-10" STARTDATE="2024-09-10" ENDDATE="2079-06-06" ISACTUAL="1" ISACTIVE="1" /><HOUSE ID="126754543" OBJECTID="165182697" OBJECTGUID="fae519a6-bd8d-4e17-ac3d-f608c776b1cd" CHANGEID="600847440" HOUSENUM="6а" ADDNUM1="1" HOUSETYPE="2" ADDTYPE1="2" OPERTYPEID="10" PREVID="0" NEXTID="0" UPDATEDATE="2024-09-10" STARTDATE="2024-09-10" ENDDATE="2079-06-06" ISACTUAL="1" ISACTIVE="1" /><HOUSE ID="126754547" OBJECTID="165182709" OBJECTGUID="d04141ac-8589-4b01-911e-1de5dcb6bc18" CHANGEID="600847459" HOUSENUM="49е" HOUSETYPE="4" OPERTYPEID="10" PREVID="0" NEXTID="0" UPDATEDATE="2024-09-10" STARTDATE="2024-09-10" ENDDATE="2079-06-06" ISACTUAL="1" ISACTIVE="1" /><HOUSE ID="126754551" OBJECTID="165182725" OBJECTGUID="5926237d-2c2c-4604-a7a5-646acb5d9069" CHANGEID="600847490" HOUSENUM="263" HOUSETYPE="4" OPERTYPEID="10" PREVID="0" NEXTID="0" UPDATEDATE="2024-09-10" STARTDATE="2024-09-10" ENDDATE="2079-06-06" ISACTUAL="1" ISACTIVE="1" /><HOUSE ID="126754559" OBJECTID="165182755" OBJECTGUID="54854689-5df8-4d8d-95f3-bfb59dde3f4c" CHANGEID="600847541" HOUSENUM="203" HOUSETYPE="4" OPERTYPEID="10" PREVID="0" NEXTID="0" UPDATEDATE="2024-09-10" STARTDATE="2024-09-10" ENDDATE="2079-06-06" ISACTUAL="1" ISACTIVE="1" /><HOUSE ID="126754544" OBJECTID="165182707" OBJECTGUID="9efc3c71-e87d-420d-83f6-5e9e7b1f449f" CHANGEID="600847454" HOUSENUM="1б" HOUSETYPE="4" OPERTYPEID="10" PREVID="0" NEXTID="0" UPDATEDATE="2024-09-10" STARTDATE="2024-09-10" ENDDATE="2079-06-06" ISACTUAL="1" ISACTIVE="1" /><HOUSE ID="126754553" OBJECTID="165182734" OBJECTGUID="e2838407-ceaf-4480-ba55-3bc7a10bdc99" CHANGEID="600847505" HOUSENUM="99" HOUSETYPE="4" OPERTYPEID="10" PREVID="0" NEXTID="0" UPDATEDATE="2024-09-10" STARTDATE="2024-09-10" ENDDATE="2079-06-06" ISACTUAL="1" ISACTIVE="1" /><HOUSE ID="126754566" OBJECTID="165182766" OBJECTGUID="a53bb9f0-b49f-42bf-be2a-a2d0ecdd2b74" CHANGEID="600847558" HOUSENUM="14" HOUSETYPE="7" OPERTYPEID="10" PREVID="0" NEXTID="0" UPDATEDATE="2024-09-10" STARTDATE="2024-09-10" ENDDATE="2079-06-06" ISACTUAL="1" ISACTIVE="1" /><HOUSE ID="126754574" OBJECTID="165182779" OBJECTGUID="2b18c722-c8ec-494b-9162-b2ad91521032" CHANGEID="600847580" HOUSENUM="10" HOUSETYPE="4" OPERTYPEID="10" PREVID="0" NEXTID="0" UPDATEDATE="2024-09-10" STARTDATE="2024-09-10" ENDDATE="2079-06-06" ISACTUAL="1" ISACTIVE="1" /><HOUSE ID="126754576" OBJECTID="165182786" OBJECTGUID="51ccdcca-efc0-4234-af0e-3a78fbe96511" CHANGEID="600847591" HOUSENUM="28/1" HOUSETYPE="2" OPERTYPEID="10" PREVID="0" NEXTID="0" UPDATEDATE="2024-09-10" STARTDATE="2024-09-10" ENDDATE="2079-06-06" ISACTUAL="1" ISACTIVE="1" /><HOUSE ID="126754607" OBJECTID="72797357" OBJECTGUID="d3062ccc-9d1f-4622-849b-eba50d6cf236" CHANGEID="600847674" HOUSENUM="6А" ADDNUM1="1" HOUSETYPE="1" ADDTYPE1="2" OPERTYPEID="30" PREVID="43942405" NEXTID="0" UPDATEDATE="2024-09-10" STARTDATE="2024-09-10" ENDDATE="2079-06-06" ISACTUAL="1" ISACTIVE="0" /><HOUSE ID="43942405" OBJECTID="72797357" OBJECTGUID="d3062ccc-9d1f-4622-849b-eba50d6cf236" CHANGEID="108399298" HOUSENUM="6А" ADDNUM1="1" HOUSETYPE="1" ADDTYPE1="2" OPERTYPEID="10" PREVID="0" NEXTID="126754607" UPDATEDATE="2024-09-10" STARTDATE="2006-01-19" ENDDATE="2024-09-10" ISACTUAL="0" ISACTIVE="0" /><HOUSE ID="126754622" OBJECTID="104077411" OBJECTGUID="4b152b7c-1e12-44f3-a1e6-59a92c76d10d" CHANGEID="600847756" HOUSENUM="3/1" HOUSETYPE="2" OPERTYPEID="30" PREVID="72255831" NEXTID="0" UPDATEDATE="2024-09-10" STARTDATE="2024-09-10" ENDDATE="2079-06-06" ISACTUAL="1" ISACTIVE="0" /><HOUSE ID="72255831" OBJECTID="104077411" OBJECTGUID="4b152b7c-1e12-44f3-a1e6-59a92c76d10d" CHANGEID="280472859" HOUSENUM="3/1" HOUSETYPE="2" OPERTYPEID="10" PREVID="0" NEXTID="126754622" UPDATEDATE="2024-09-10" STARTDATE="2022-03-28" ENDDATE="2024-09-10" ISACTUAL="0" ISACTIVE="0" /><HOUSE ID="126754729" OBJECTID="165183126" OBJECTGUID="04971a5e-a5d3-4c50-a924-ffdcb746ed13" CHANGEID="600848171" HOUSENUM="48а" HOUSETYPE="2" OPERTYPEID="10" PREVID="0" NEXTID="0" UPDATEDATE="2024-09-10" STARTDATE="2024-09-10" ENDDATE="2079-06-06" ISACTUAL="1" ISACTIVE="1" /><HOUSE ID="126755998" OBJECTID="165190975" OBJECTGUID="e84ca3a9-b3ac-4a55-aabf-5f2dad88e116" CHANGEID="600884419" HOUSENUM="18д/5" HOUSETYPE="7" OPERTYPEID="10" PREVID="0" NEXTID="0" UPDATEDATE="2024-09-11" STARTDATE="2024-09-11" ENDDATE="2079-06-06" ISACTUAL="1" ISACTIVE="1" /><HOUSE ID="126756026" OBJECTID="165191435" OBJECTGUID="35d662d8-27c4-416b-ac75-4bbbb5c283dc" CHANGEID="600884991" HOUSENUM="8/1" HOUSETYPE="2" OPERTYPEID="10" PREVID="0" NEXTID="0" UPDATEDATE="2024-09-11" STARTDATE="2024-09-11" ENDDATE="2079-06-06" ISACTUAL="1" ISACTIVE="1" /><HOUSE ID="126756032" OBJECTID="165191464" OBJECTGUID="03bd17a1-82e4-49e6-aeb0-ffa111f84214" CHANGEID="600885041" HOUSENUM="20" HOUSETYPE="2" OPERTYPEID="10" PREVID="0" NEXTID="0" UPDATEDATE="2024-09-11" STARTDATE="2024-09-11" ENDDATE="2079-06-06" ISACTUAL="1" ISACTIVE="1" /><HOUSE ID="126756039" OBJECTID="65071684" OBJECTGUID="e3731284-8621-496a-9deb-2ea6da6ed6c3" CHANGEID="600885078" HOUSENUM="79" HOUSETYPE="2" OPERTYPEID="20" PREVID="67492252" UPDATEDATE="2024-09-11" STARTDATE="2024-09-11" ENDDATE="2079-06-06" ISACTUAL="1" ISACTIVE="1" /><HOUSE ID="126756703" OBJECTID="12950374" OBJECTGUID="8b3ade73-68e4-4bf8-a958-27c51a1cb4d0" CHANGEID="600889949" HOUSENUM="41" HOUSETYPE="2" OPERTYPEID="20" PREVID="61244736" UPDATEDATE="2024-09-11" STARTDATE="2024-09-11" ENDDATE="2079-06-06" ISACTUAL="1" ISACTIVE="1" /><HOUSE ID="69264052" OBJECTID="13113914" OBJECTGUID="fc79fcea-e04c-4b54-86f2-a8f5e4302a1c" CHANGEID="21076031" HOUSENUM="1" HOUSETYPE="3" OPERTYPEID="20" PREVID="7138884" NEXTID="126756708" UPDATEDATE="2024-09-11" STARTDATE="2014-01-04" ENDDATE="2024-09-11" ISACTUAL="0" ISACTIVE="0" /><HOUSE ID="126756708" OBJECTID="13113914" OBJECTGUID="fc79fcea-e04c-4b54-86f2-a8f5e4302a1c" CHANGEID="600889960" HOUSENUM="1" HOUSETYPE="2" OPERTYPEID="20" PREVID="69264052" UPDATEDATE="2024-09-11" STARTDATE="2024-09-11" ENDDATE="2079-06-06" ISACTUAL="1" ISACTIVE="1" /><HOUSE ID="59265286" OBJECTID="13113080" OBJECTGUID="6f4c8848-1d54-4e0e-b050-64a6242878d8" CHANGEID="21074830" HOUSENUM="2" HOUSETYPE="3" OPERTYPEID="20" PREVID="7138370" NEXTID="126756709" UPDATEDATE="2024-09-11" STARTDATE="2014-01-04" ENDDATE="2024-09-11" ISACTUAL="0" ISACTIVE="0" /><HOUSE ID="126756709" OBJECTID="13113080" OBJECTGUID="6f4c8848-1d54-4e0e-b050-64a6242878d8" CHANGEID="600889963" HOUSENUM="2" HOUSETYPE="2" OPERTYPEID="20" PREVID="59265286" UPDATEDATE="2024-09-11" STARTDATE="2024-09-11" ENDDATE="2079-06-06" ISACTUAL="1" ISACTIVE="1" /><HOUSE ID="53121056" OBJECTID="13111507" OBJECTGUID="188eed31-41b3-4cb8-a2b8-4f212d6a8b29" CHANGEID="21072764" HOUSENUM="3" HOUSETYPE="3" OPERTYPEID="20" PREVID="7137637" NEXTID="126756710" UPDATEDATE="2024-09-11" STARTDATE="2014-01-04" ENDDATE="2024-09-11" ISACTUAL="0" ISACTIVE="0" /><HOUSE ID="126756710" OBJECTID="13111507" OBJECTGUID="188eed31-41b3-4cb8-a2b8-4f212d6a8b29" CHANGEID="600889965" HOUSENUM="3" HOUSETYPE="2" OPERTYPEID="20" PREVID="53121056" UPDATEDATE="2024-09-11" STARTDATE="2024-09-11" ENDDATE="2079-06-06" ISACTUAL="1" ISACTIVE="1" /><HOUSE ID="59978341" OBJECTID="13112489" OBJECTGUID="795a8ac8-a543-406d-80ed-58cc597155b0" CHANGEID="21073961" HOUSENUM="4" HOUSETYPE="3" OPERTYPEID="20" PREVID="7138148" NEXTID="126756713" UPDATEDATE="2024-09-11" STARTDATE="2014-01-04" ENDDATE="2024-09-11" ISACTUAL="0" ISACTIVE="0" /><HOUSE ID="126756713" OBJECTID="13112489" OBJECTGUID="795a8ac8-a543-406d-80ed-58cc597155b0" CHANGEID="600889969" HOUSENUM="4" HOUSETYPE="2" OPERTYPEID="20" PREVID="59978341" UPDATEDATE="2024-09-11" STARTDATE="2024-09-11" ENDDATE="2079-06-06" ISACTUAL="1" ISACTIVE="1" /><HOUSE ID="126756714" OBJECTID="13114696" OBJECTGUID="842d1523-ecf9-450c-91cc-bdfb16790b4c" CHANGEID="600889971" HOUSENUM="5" HOUSETYPE="2" OPERTYPEID="20" PREVID="60744061" UPDATEDATE="2024-09-11" STARTDATE="2024-09-11" ENDDATE="2079-06-06" ISACTUAL="1" ISACTIVE="1" /><HOUSE ID="30047026" OBJECTID="50224812" OBJECTGUID="d13f85f7-c777-4a95-8fe2-fbf8635320c3" CHANGEID="75393546" HOUSENUM="28а" HOUSETYPE="3" OPERTYPEID="10" PREVID="0" NEXTID="126756717" UPDATEDATE="2024-09-11" STARTDATE="2016-10-28" ENDDATE="2024-09-11" ISACTUAL="0" ISACTIVE="0" /><HOUSE ID="126756717" OBJECTID="50224812" OBJECTGUID="d13f85f7-c777-4a95-8fe2-fbf8635320c3" CHANGEID="600889974" HOUSENUM="28а" HOUSETYPE="2" OPERTYPEID="20" PREVID="30047026" UPDATEDATE="2024-09-11" STARTDATE="2024-09-11" ENDDATE="2079-06-06" ISACTUAL="1" ISACTIVE="1" /><HOUSE ID="65065463" OBJECTID="13110068" OBJECTGUID="c126fa98-1348-46d2-8f1a-0fdda6eab5da" CHANGEID="21069612" HOUSENUM="6а" HOUSETYPE="3" OPERTYPEID="20" PREVID="7136709" NEXTID="126756721" UPDATEDATE="2024-09-11" STARTDATE="2014-01-04" ENDDATE="2024-09-11" ISACTUAL="0" ISACTIVE="0" /><HOUSE ID="126756721" OBJECTID="13110068" OBJECTGUID="c126fa98-1348-46d2-8f1a-0fdda6eab5da" CHANGEID="600889987" HOUSENUM="6а" HOUSETYPE="5" OPERTYPEID="20" PREVID="65065463" UPDATEDATE="2024-09-11" STARTDATE="2024-09-11" ENDDATE="2079-06-06" ISACTUAL="1" ISACTIVE="1" /><HOUSE ID="126756722" OBJECTID="165195240" OBJECTGUID="4b6a0037-7855-4e2a-8bf6-80e2133c1415" CHANGEID="600889988" HOUSENUM="428" HOUSETYPE="2" OPERTYPEID="10" PREVID="0" NEXTID="0" UPDATEDATE="2024-09-11" STARTDATE="2024-09-11" ENDDATE="2079-06-06" ISACTUAL="1" ISACTIVE="1" /><HOUSE ID="126756783" OBJECTID="165195349" OBJECTGUID="f6080767-0028-4d5e-8d79-cbc9f7b15d1b" CHANGEID="600890186" HOUSENUM="4" ADDNUM1="2" HOUSETYPE="2" ADDTYPE1="1" OPERTYPEID="10" PREVID="0" NEXTID="0" UPDATEDATE="2024-09-11" STARTDATE="2024-09-11" ENDDATE="2079-06-06" ISACTUAL="1" ISACTIVE="1" /><HOUSE ID="126756839" OBJECTID="46818301" OBJECTGUID="7ddf0b10-c3af-4436-9ed8-964ad9012d5f" CHANGEID="600890374" HOUSENUM="3" HOUSETYPE="2" OPERTYPEID="20" PREVID="60298326" UPDATEDATE="2024-09-11" STARTDATE="2024-09-11" ENDDATE="2079-06-06" ISACTUAL="1" ISACTIVE="1" /><HOUSE ID="55856023" OBJECTID="46818664" OBJECTGUID="3f2a5ab2-2455-4837-b13e-9bd2c9927335" CHANGEID="70457016" HOUSENUM="2" HOUSETYPE="3" OPERTYPEID="20" PREVID="27997975" NEXTID="126756837" UPDATEDATE="2024-09-11" STARTDATE="2014-01-04" ENDDATE="2024-09-11" ISACTUAL="0" ISACTIVE="0" /><HOUSE ID="126756837" OBJECTID="46818664" OBJECTGUID="3f2a5ab2-2455-4837-b13e-9bd2c9927335" CHANGEID="600890367" HOUSENUM="2" HOUSETYPE="2" OPERTYPEID="20" PREVID="55856023" UPDATEDATE="2024-09-11" STARTDATE="2024-09-11" ENDDATE="2079-06-06" ISACTUAL="1" ISACTIVE="1" /><HOUSE ID="21328767" OBJECTID="35893903" OBJECTGUID="924be33e-8ea8-4a95-9f8c-10caa80d2347" CHANGEID="54507926" HOUSENUM="51" HOUSETYPE="3" OPERTYPEID="10" PREVID="0" NEXTID="126758429" UPDATEDATE="2024-09-11" STARTDATE="2013-02-12" ENDDATE="2024-09-11" ISACTUAL="0" ISACTIVE="0" /><HOUSE ID="126758429" OBJECTID="35893903" OBJECTGUID="924be33e-8ea8-4a95-9f8c-10caa80d2347" CHANGEID="600903700" HOUSENUM="51" HOUSETYPE="2" OPERTYPEID="20" PREVID="21328767" UPDATEDATE="2024-09-11" STARTDATE="2024-09-11" ENDDATE="2079-06-06" ISACTUAL="1" ISACTIVE="1" /><HOUSE ID="126758991" OBJECTID="75337211" OBJECTGUID="b85165fd-9921-42c8-95b8-71b261ec563e" CHANGEID="600907892" HOUSENUM="3" HOUSETYPE="2" OPERTYPEID="20" PREVID="64439378" UPDATEDATE="2024-09-11" STARTDATE="2024-09-11" ENDDATE="2079-06-06" ISACTUAL="1" ISACTIVE="1" /><HOUSE ID="126759094" OBJECTID="165207892" OBJECTGUID="6ffe7216-b66a-42e3-aebf-c699679cd104" CHANGEID="600908212" HOUSENUM="1" HOUSETYPE="2" OPERTYPEID="10" PREVID="0" NEXTID="0" UPDATEDATE="2024-09-11" STARTDATE="2024-09-11" ENDDATE="2079-06-06" ISACTUAL="1" ISACTIVE="1" /><HOUSE ID="53067731" OBJECTID="6948418" OBJECTGUID="17cfbbdb-06f2-444f-be11-de7ea50ea295" CHANGEID="12046041" HOUSENUM="13" HOUSETYPE="3" OPERTYPEID="20" PREVID="3337167" NEXTID="126760301" UPDATEDATE="2024-09-11" STARTDATE="2014-01-04" ENDDATE="2024-09-11" ISACTUAL="0" ISACTIVE="0" /><HOUSE ID="126760301" OBJECTID="6948418" OBJECTGUID="17cfbbdb-06f2-444f-be11-de7ea50ea295" CHANGEID="600917596" HOUSENUM="13" HOUSETYPE="2" OPERTYPEID="20" PREVID="53067731" UPDATEDATE="2024-09-11" STARTDATE="2024-09-11" ENDDATE="2079-06-06" ISACTUAL="1" ISACTIVE="1" /><HOUSE ID="126760308" OBJECTID="62953986" OBJECTGUID="bb4b3fb2-8558-4879-bb13-aa16f6352515" CHANGEID="600917671" HOUSENUM="11" HOUSETYPE="2" OPERTYPEID="20" PREVID="64649920" UPDATEDATE="2024-09-11" STARTDATE="2024-09-11" ENDDATE="2079-06-06" ISACTUAL="1" ISACTIVE="1" /><HOUSE ID="126760330" OBJECTID="165213768" OBJECTGUID="6ffef1d3-11b8-4ba6-864f-83f9866f8126" CHANGEID="600918276" HOUSENUM="303" HOUSETYPE="7" OPERTYPEID="10" PREVID="0" NEXTID="0" UPDATEDATE="2024-09-11" STARTDATE="2024-09-11" ENDDATE="2079-06-06" ISACTUAL="1" ISACTIVE="1" /><HOUSE ID="45078550" OBJECTID="74655001" OBJECTGUID="1d8bc866-4dd1-45b5-bf62-d74d65064dd2" CHANGEID="111102435" HOUSENUM="27" HOUSETYPE="3" OPERTYPEID="10" PREVID="0" NEXTID="126761089" UPDATEDATE="2024-09-11" STARTDATE="2016-10-28" ENDDATE="2024-09-11" ISACTUAL="0" ISACTIVE="0" /><HOUSE ID="126761089" OBJECTID="74655001" OBJECTGUID="1d8bc866-4dd1-45b5-bf62-d74d65064dd2" CHANGEID="600924477" HOUSENUM="27" HOUSETYPE="2" OPERTYPEID="20" PREVID="45078550" UPDATEDATE="2024-09-11" STARTDATE="2024-09-11" ENDDATE="2079-06-06" ISACTUAL="1" ISACTIVE="1" /><HOUSE ID="126761460" OBJECTID="165219216" OBJECTGUID="cc830e91-fe3f-4df4-b63e-446d56050d29" CHANGEID="600928828" HOUSENUM="4/1" HOUSETYPE="2" OPERTYPEID="10" PREVID="0" NEXTID="0" UPDATEDATE="2024-09-11" STARTDATE="2024-09-11" ENDDATE="2079-06-06" ISACTUAL="1" ISACTIVE="1" /><HOUSE ID="126761636" OBJECTID="165220039" OBJECTGUID="fdfed716-9280-4aa0-ad3e-53463e020829" CHANGEID="600930239" HOUSENUM="56" HOUSETYPE="7" OPERTYPEID="10" PREVID="0" NEXTID="0" UPDATEDATE="2024-09-11" STARTDATE="2024-09-11" ENDDATE="2079-06-06" ISACTUAL="1" ISACTIVE="1" /><HOUSE ID="126761903" OBJECTID="165221397" OBJECTGUID="94f413bb-1adf-4d1e-8a42-1d4701417c25" CHANGEID="600932774" HOUSENUM="5а" HOUSETYPE="2" OPERTYPEID="10" PREVID="0" NEXTID="0" UPDATEDATE="2024-09-11" STARTDATE="2024-09-11" ENDDATE="2079-06-06" ISACTUAL="1" ISACTIVE="1" /><HOUSE ID="126761913" OBJECTID="165221416" OBJECTGUID="4ba9341b-647b-4223-8bd2-d1b61f78175d" CHANGEID="600932804" HOUSENUM="69/1" HOUSETYPE="2" OPERTYPEID="10" PREVID="0" NEXTID="0" UPDATEDATE="2024-09-11" STARTDATE="2024-09-11" ENDDATE="2079-06-06" ISACTUAL="1" ISACTIVE="1" /><HOUSE ID="126761918" OBJECTID="165221426" OBJECTGUID="56cd2fa5-6a4b-427e-89d1-e3d4f5c284f9" CHANGEID="600932822" HOUSENUM="23" HOUSETYPE="8" OPERTYPEID="10" PREVID="0" NEXTID="0" UPDATEDATE="2024-09-11" STARTDATE="2024-09-11" ENDDATE="2079-06-06" ISACTUAL="1" ISACTIVE="1" /><HOUSE ID="126761919" OBJECTID="165221427" OBJECTGUID="8cf6cf24-2959-443f-8998-f216150c469c" CHANGEID="600932823" HOUSENUM="26с" HOUSETYPE="4" OPERTYPEID="10" PREVID="0" NEXTID="0" UPDATEDATE="2024-09-11" STARTDATE="2024-09-11" ENDDATE="2079-06-06" ISACTUAL="1" ISACTIVE="1" /><HOUSE ID="126762005" OBJECTID="165221625" OBJECTGUID="b16fdb0a-052b-4477-be76-84806c7e190c" CHANGEID="600933151" HOUSENUM="2а" HOUSETYPE="5" OPERTYPEID="10" PREVID="0" NEXTID="0" UPDATEDATE="2024-09-11" STARTDATE="2024-09-11" ENDDATE="2079-06-06" ISACTUAL="1" ISACTIVE="1" /><HOUSE ID="126762008" OBJECTID="165221628" OBJECTGUID="196360a6-04ab-48e7-bf8a-604e7c677f44" CHANGEID="600933155" HOUSENUM="2а" ADDNUM1="2" HOUSETYPE="5" ADDTYPE1="2" OPERTYPEID="10" PREVID="0" NEXTID="0" UPDATEDATE="2024-09-11" STARTDATE="2024-09-11" ENDDATE="2079-06-06" ISACTUAL="1" ISACTIVE="1" /></HOUSES>