﻿<?xml version="1.0" encoding="utf-8"?><STEADS><STEAD ID="1310580" OBJECTID="85859296" OBJECTGUID="daaea4ca-13f8-49de-a9a1-9b0461192c67" CHANGEID="127445137" NUMBER="30В" OPERTYPEID="10" NEXTID="68671279" UPDATEDATE="2024-09-10" STARTDATE="2017-04-18" ENDDATE="2024-09-10" ISACTUAL="0" ISACTIVE="0" /><STEAD ID="5143302" OBJECTID="89679590" OBJECTGUID="36989108-5dbc-42fc-8ad6-d1ce7f43e782" CHANGEID="132180018" NUMBER="1" OPERTYPEID="10" NEXTID="68627317" UPDATEDATE="2024-09-05" STARTDATE="2017-06-02" ENDDATE="2024-09-05" ISACTUAL="0" ISACTIVE="0" /><STEAD ID="5310499" OBJECTID="89846516" OBJECTGUID="c86a854f-ffd0-4c96-9e0d-65a2623e7e8a" CHANGEID="132370212" NUMBER="3" OPERTYPEID="10" NEXTID="68639787" UPDATEDATE="2024-09-06" STARTDATE="2017-12-14" ENDDATE="2024-09-06" ISACTUAL="0" ISACTIVE="0" /><STEAD ID="5817998" OBJECTID="90353344" OBJECTGUID="f3b43112-f754-4a90-8eaa-b9f75adccd4c" CHANGEID="132938984" NUMBER="109" OPERTYPEID="10" NEXTID="68627239" UPDATEDATE="2024-09-05" STARTDATE="2019-08-22" ENDDATE="2024-09-05" ISACTUAL="0" ISACTIVE="0" /><STEAD ID="7380394" OBJECTID="91914493" OBJECTGUID="d0c344ff-bb51-469c-ba88-26e1af93eed0" CHANGEID="134690140" NUMBER="38" OPERTYPEID="10" NEXTID="68627235" UPDATEDATE="2024-09-05" STARTDATE="2019-11-05" ENDDATE="2024-09-05" ISACTUAL="0" ISACTIVE="0" /><STEAD ID="7388338" OBJECTID="91922433" OBJECTGUID="9b19b989-c20b-4fee-831a-d66c56eb1b68" CHANGEID="134698857" NUMBER="34" OPERTYPEID="10" NEXTID="68627234" UPDATEDATE="2024-09-05" STARTDATE="2019-11-05" ENDDATE="2024-09-05" ISACTUAL="0" ISACTIVE="0" /><STEAD ID="7707052" OBJECTID="92240965" OBJECTGUID="8f4ce469-d7ed-4fe6-b0b9-169639d984c5" CHANGEID="135043167" NUMBER="3" OPERTYPEID="10" NEXTID="68672243" UPDATEDATE="2024-09-10" STARTDATE="2019-11-05" ENDDATE="2024-09-10" ISACTUAL="0" ISACTIVE="0" /><STEAD ID="8333330" OBJECTID="92866943" OBJECTGUID="f63c6bef-5d5b-48b3-ba8d-dc4e3a3404b0" CHANGEID="135712571" NUMBER="53" OPERTYPEID="10" NEXTID="68627278" UPDATEDATE="2024-09-05" STARTDATE="2019-11-13" ENDDATE="2024-09-05" ISACTUAL="0" ISACTIVE="0" /><STEAD ID="9474829" OBJECTID="94008064" OBJECTGUID="b2bb2bb6-b215-4ceb-97f8-af4dcd410d86" CHANGEID="136938684" NUMBER="15" OPERTYPEID="10" NEXTID="68675046" UPDATEDATE="2024-09-10" STARTDATE="2019-09-04" ENDDATE="2024-09-10" ISACTUAL="0" ISACTIVE="0" /><STEAD ID="9639141" OBJECTID="94172340" OBJECTGUID="1b4b39b6-eb9e-42d7-994b-67a3e9549b04" CHANGEID="137111300" NUMBER="36" OPERTYPEID="10" NEXTID="68627228" UPDATEDATE="2024-09-05" STARTDATE="2019-11-05" ENDDATE="2024-09-05" ISACTUAL="0" ISACTIVE="0" /><STEAD ID="68517671" OBJECTID="164868373" OBJECTGUID="96a21937-5dac-44ee-9010-28a86d5cb92d" CHANGEID="600009414" NUMBER="7" OPERTYPEID="10" PREVID="0" NEXTID="68659481" UPDATEDATE="2024-09-09" STARTDATE="2024-08-26" ENDDATE="2024-09-09" ISACTUAL="0" ISACTIVE="0" /><STEAD ID="68517672" OBJECTID="164868374" OBJECTGUID="ea504a64-581d-466f-af48-5122d4869f85" CHANGEID="600009415" NUMBER="7а" OPERTYPEID="10" PREVID="0" NEXTID="68669731" UPDATEDATE="2024-09-10" STARTDATE="2024-08-26" ENDDATE="2024-09-10" ISACTUAL="0" ISACTIVE="0" /><STEAD ID="68616077" OBJECTID="165064037" OBJECTGUID="2716b7e0-3708-4fc4-9085-8f3423cec1a0" CHANGEID="600517300" NUMBER="334" OPERTYPEID="10" PREVID="0" NEXTID="0" UPDATEDATE="2024-09-05" STARTDATE="2024-09-05" ENDDATE="2079-06-06" ISACTUAL="1" ISACTIVE="1" /><STEAD ID="68616840" OBJECTID="165065546" OBJECTGUID="c8324b78-f9ce-43a9-bc97-79a4a6b99abe" CHANGEID="600520224" NUMBER="461" OPERTYPEID="10" PREVID="0" NEXTID="0" UPDATEDATE="2024-09-05" STARTDATE="2024-09-05" ENDDATE="2079-06-06" ISACTUAL="1" ISACTIVE="1" /><STEAD ID="68616959" OBJECTID="165065715" OBJECTGUID="fad4c51f-9aa3-498a-a393-d4f5cf76f590" CHANGEID="600520431" NUMBER="1367" OPERTYPEID="10" PREVID="0" NEXTID="0" UPDATEDATE="2024-09-05" STARTDATE="2024-09-05" ENDDATE="2079-06-06" ISACTUAL="1" ISACTIVE="1" /><STEAD ID="68617681" OBJECTID="165067153" OBJECTGUID="955489fb-ceea-4696-aeff-37aab11db108" CHANGEID="600522678" NUMBER="320" OPERTYPEID="10" PREVID="0" NEXTID="0" UPDATEDATE="2024-09-05" STARTDATE="2024-09-05" ENDDATE="2079-06-06" ISACTUAL="1" ISACTIVE="1" /><STEAD ID="68618275" OBJECTID="165068500" OBJECTGUID="f0557480-a89f-4c3a-aec3-55a8ff8e1d59" CHANGEID="600524666" NUMBER="35" OPERTYPEID="10" PREVID="0" NEXTID="0" UPDATEDATE="2024-09-05" STARTDATE="2024-09-05" ENDDATE="2079-06-06" ISACTUAL="1" ISACTIVE="1" /><STEAD ID="68618302" OBJECTID="165068543" OBJECTGUID="405c7010-5df3-42b3-9617-bae2d1c185ce" CHANGEID="600524791" NUMBER="54" OPERTYPEID="10" PREVID="0" NEXTID="0" UPDATEDATE="2024-09-05" STARTDATE="2024-09-05" ENDDATE="2079-06-06" ISACTUAL="1" ISACTIVE="1" /><STEAD ID="68618327" OBJECTID="165068591" OBJECTGUID="5bbc8461-6583-4e69-b87e-bcd19fdca574" CHANGEID="600524896" NUMBER="64" OPERTYPEID="10" PREVID="0" NEXTID="0" UPDATEDATE="2024-09-05" STARTDATE="2024-09-05" ENDDATE="2079-06-06" ISACTUAL="1" ISACTIVE="1" /><STEAD ID="68618296" OBJECTID="165068536" OBJECTGUID="db499037-9262-417b-b3be-745e7ff131eb" CHANGEID="600524766" NUMBER="109а" OPERTYPEID="10" PREVID="0" NEXTID="0" UPDATEDATE="2024-09-05" STARTDATE="2024-09-05" ENDDATE="2079-06-06" ISACTUAL="1" ISACTIVE="1" /><STEAD ID="68620356" OBJECTID="165072275" OBJECTGUID="c2239f14-7cb3-4fff-ba4a-6234d87bcbf1" CHANGEID="600530600" NUMBER="15" OPERTYPEID="10" PREVID="0" NEXTID="0" UPDATEDATE="2024-09-05" STARTDATE="2024-09-05" ENDDATE="2079-06-06" ISACTUAL="1" ISACTIVE="1" /><STEAD ID="68621003" OBJECTID="165074343" OBJECTGUID="14e12129-6df1-40ea-9197-1e7a8af59119" CHANGEID="600533507" NUMBER="24" OPERTYPEID="10" PREVID="0" NEXTID="0" UPDATEDATE="2024-09-05" STARTDATE="2024-09-05" ENDDATE="2079-06-06" ISACTUAL="1" ISACTIVE="1" /><STEAD ID="68620954" OBJECTID="165074207" OBJECTGUID="2feed2fd-f0e2-456e-9f95-be5f5dda2db9" CHANGEID="600533304" NUMBER="228" OPERTYPEID="10" PREVID="0" NEXTID="0" UPDATEDATE="2024-09-05" STARTDATE="2024-09-05" ENDDATE="2079-06-06" ISACTUAL="1" ISACTIVE="1" /><STEAD ID="68621018" OBJECTID="165074363" OBJECTGUID="0de5f07f-6ae7-4aff-a8db-d63721ac8350" CHANGEID="600533552" NUMBER="85" OPERTYPEID="10" PREVID="0" NEXTID="0" UPDATEDATE="2024-09-05" STARTDATE="2024-09-05" ENDDATE="2079-06-06" ISACTUAL="1" ISACTIVE="1" /><STEAD ID="68621283" OBJECTID="165075121" OBJECTGUID="a921931a-6593-45bf-9177-9cdf42774ae9" CHANGEID="600535216" NUMBER="60" OPERTYPEID="10" PREVID="0" NEXTID="0" UPDATEDATE="2024-09-05" STARTDATE="2024-09-05" ENDDATE="2079-06-06" ISACTUAL="1" ISACTIVE="1" /><STEAD ID="68621449" OBJECTID="165075321" OBJECTGUID="1bfaeaf2-5675-4fc6-93d8-1347e030b7e4" CHANGEID="600535593" NUMBER="39" OPERTYPEID="10" PREVID="0" NEXTID="0" UPDATEDATE="2024-09-05" STARTDATE="2024-09-05" ENDDATE="2079-06-06" ISACTUAL="1" ISACTIVE="1" /><STEAD ID="68621644" OBJECTID="165075766" OBJECTGUID="ed114c8e-cfcc-4aea-8e10-ae23e6570990" CHANGEID="600536261" NUMBER="12" OPERTYPEID="10" PREVID="0" NEXTID="0" UPDATEDATE="2024-09-05" STARTDATE="2024-09-05" ENDDATE="2079-06-06" ISACTUAL="1" ISACTIVE="1" /><STEAD ID="68622056" OBJECTID="165077361" OBJECTGUID="d3564e2b-dfb7-42aa-84cf-c31e68445b04" CHANGEID="600538410" NUMBER="441" OPERTYPEID="10" PREVID="0" NEXTID="0" UPDATEDATE="2024-09-05" STARTDATE="2024-09-05" ENDDATE="2079-06-06" ISACTUAL="1" ISACTIVE="1" /><STEAD ID="68622215" OBJECTID="165077532" OBJECTGUID="4ab751e7-a17e-4fc3-a160-f2f4c07c00d7" CHANGEID="600538742" NUMBER="54" OPERTYPEID="10" PREVID="0" NEXTID="0" UPDATEDATE="2024-09-05" STARTDATE="2024-09-05" ENDDATE="2079-06-06" ISACTUAL="1" ISACTIVE="1" /><STEAD ID="68622253" OBJECTID="165077584" OBJECTGUID="e9c0d3a9-b7ba-446f-9362-9b6305ead7d1" CHANGEID="600538827" NUMBER="10" OPERTYPEID="10" PREVID="0" NEXTID="0" UPDATEDATE="2024-09-05" STARTDATE="2024-09-05" ENDDATE="2079-06-06" ISACTUAL="1" ISACTIVE="1" /><STEAD ID="68626213" OBJECTID="165086607" OBJECTGUID="79c8381c-cfce-4d7b-9f6e-478031d80e39" CHANGEID="600553614" NUMBER="37а" OPERTYPEID="10" PREVID="0" NEXTID="0" UPDATEDATE="2024-09-05" STARTDATE="2024-09-05" ENDDATE="2079-06-06" ISACTUAL="1" ISACTIVE="1" /><STEAD ID="68626250" OBJECTID="165086653" OBJECTGUID="b5e56c11-b321-4269-900e-6819e97d57fa" CHANGEID="600553684" NUMBER="3" OPERTYPEID="10" PREVID="0" NEXTID="0" UPDATEDATE="2024-09-05" STARTDATE="2024-09-05" ENDDATE="2079-06-06" ISACTUAL="1" ISACTIVE="1" /><STEAD ID="68626744" OBJECTID="165087878" OBJECTGUID="d6a4a497-3e52-4212-838e-85491282cfc7" CHANGEID="600555977" NUMBER="8" OPERTYPEID="10" PREVID="0" NEXTID="0" UPDATEDATE="2024-09-05" STARTDATE="2024-09-05" ENDDATE="2079-06-06" ISACTUAL="1" ISACTIVE="1" /><STEAD ID="68626806" OBJECTID="165087974" OBJECTGUID="24634648-2724-49eb-9b73-90ea0272d646" CHANGEID="600556263" NUMBER="11" OPERTYPEID="10" PREVID="0" NEXTID="0" UPDATEDATE="2024-09-05" STARTDATE="2024-09-05" ENDDATE="2079-06-06" ISACTUAL="1" ISACTIVE="1" /><STEAD ID="68627276" OBJECTID="95177081" OBJECTGUID="27a767a9-b145-46ba-a310-0decacc8c107" CHANGEID="600558191" NUMBER="44" OPERTYPEID="30" PREVID="10643989" NEXTID="0" UPDATEDATE="2024-09-05" STARTDATE="2024-09-05" ENDDATE="2079-06-06" ISACTUAL="1" ISACTIVE="0" /><STEAD ID="10643989" OBJECTID="95177081" OBJECTGUID="27a767a9-b145-46ba-a310-0decacc8c107" CHANGEID="138133511" NUMBER="44" OPERTYPEID="10" NEXTID="68627276" UPDATEDATE="2024-09-05" STARTDATE="2019-08-22" ENDDATE="2024-09-05" ISACTUAL="0" ISACTIVE="0" /><STEAD ID="68627277" OBJECTID="95161127" OBJECTGUID="f52fed52-6a79-4cc8-9ada-a272d3d4016c" CHANGEID="600558192" NUMBER="64" OPERTYPEID="30" PREVID="10627999" NEXTID="0" UPDATEDATE="2024-09-05" STARTDATE="2024-09-05" ENDDATE="2079-06-06" ISACTUAL="1" ISACTIVE="0" /><STEAD ID="10627999" OBJECTID="95161127" OBJECTGUID="f52fed52-6a79-4cc8-9ada-a272d3d4016c" CHANGEID="138117520" NUMBER="64" OPERTYPEID="10" NEXTID="68627277" UPDATEDATE="2024-09-05" STARTDATE="2019-08-22" ENDDATE="2024-09-05" ISACTUAL="0" ISACTIVE="0" /><STEAD ID="68627278" OBJECTID="92866943" OBJECTGUID="f63c6bef-5d5b-48b3-ba8d-dc4e3a3404b0" CHANGEID="600558193" NUMBER="53" OPERTYPEID="30" PREVID="8333330" NEXTID="0" UPDATEDATE="2024-09-05" STARTDATE="2024-09-05" ENDDATE="2079-06-06" ISACTUAL="1" ISACTIVE="0" /><STEAD ID="68627228" OBJECTID="94172340" OBJECTGUID="1b4b39b6-eb9e-42d7-994b-67a3e9549b04" CHANGEID="600558113" NUMBER="36" OPERTYPEID="30" PREVID="9639141" NEXTID="0" UPDATEDATE="2024-09-05" STARTDATE="2024-09-05" ENDDATE="2079-06-06" ISACTUAL="1" ISACTIVE="0" /><STEAD ID="68627229" OBJECTID="94167537" OBJECTGUID="2d1ca969-8029-422a-a171-9b81b4193dc7" CHANGEID="600558114" NUMBER="86" OPERTYPEID="30" PREVID="9634337" NEXTID="0" UPDATEDATE="2024-09-05" STARTDATE="2024-09-05" ENDDATE="2079-06-06" ISACTUAL="1" ISACTIVE="0" /><STEAD ID="9634337" OBJECTID="94167537" OBJECTGUID="2d1ca969-8029-422a-a171-9b81b4193dc7" CHANGEID="137106348" NUMBER="86" OPERTYPEID="10" NEXTID="68627229" UPDATEDATE="2024-09-05" STARTDATE="2019-11-05" ENDDATE="2024-09-05" ISACTUAL="0" ISACTIVE="0" /><STEAD ID="68627230" OBJECTID="94143356" OBJECTGUID="ac5d11b0-337b-4404-8b88-61f8b8d17fa6" CHANGEID="600558115" NUMBER="161" OPERTYPEID="30" PREVID="9610128" NEXTID="0" UPDATEDATE="2024-09-05" STARTDATE="2024-09-05" ENDDATE="2079-06-06" ISACTUAL="1" ISACTIVE="0" /><STEAD ID="9610128" OBJECTID="94143356" OBJECTGUID="ac5d11b0-337b-4404-8b88-61f8b8d17fa6" CHANGEID="137081497" NUMBER="161" OPERTYPEID="10" NEXTID="68627230" UPDATEDATE="2024-09-05" STARTDATE="2019-11-05" ENDDATE="2024-09-05" ISACTUAL="0" ISACTIVE="0" /><STEAD ID="68627231" OBJECTID="92238767" OBJECTGUID="56e47348-a8e8-4a8d-a842-b2ce00b59f92" CHANGEID="600558116" NUMBER="120" OPERTYPEID="30" PREVID="7704845" NEXTID="0" UPDATEDATE="2024-09-05" STARTDATE="2024-09-05" ENDDATE="2079-06-06" ISACTUAL="1" ISACTIVE="0" /><STEAD ID="7704845" OBJECTID="92238767" OBJECTGUID="56e47348-a8e8-4a8d-a842-b2ce00b59f92" CHANGEID="135040799" NUMBER="120" OPERTYPEID="10" NEXTID="68627231" UPDATEDATE="2024-09-05" STARTDATE="2019-11-05" ENDDATE="2024-09-05" ISACTUAL="0" ISACTIVE="0" /><STEAD ID="68627232" OBJECTID="92202796" OBJECTGUID="599ba13b-b850-47a3-9a66-03a98c655892" CHANGEID="600558117" NUMBER="36а" OPERTYPEID="30" PREVID="7668866" NEXTID="0" UPDATEDATE="2024-09-05" STARTDATE="2024-09-05" ENDDATE="2079-06-06" ISACTUAL="1" ISACTIVE="0" /><STEAD ID="7668866" OBJECTID="92202796" OBJECTGUID="599ba13b-b850-47a3-9a66-03a98c655892" CHANGEID="135002089" NUMBER="36а" OPERTYPEID="10" NEXTID="68627232" UPDATEDATE="2024-09-05" STARTDATE="2019-07-29" ENDDATE="2024-09-05" ISACTUAL="0" ISACTIVE="0" /><STEAD ID="68627233" OBJECTID="92198596" OBJECTGUID="edb4b766-9b6a-4de1-b43b-a043107c4d43" CHANGEID="600558118" NUMBER="42а" OPERTYPEID="30" PREVID="7664663" NEXTID="0" UPDATEDATE="2024-09-05" STARTDATE="2024-09-05" ENDDATE="2079-06-06" ISACTUAL="1" ISACTIVE="0" /><STEAD ID="7664663" OBJECTID="92198596" OBJECTGUID="edb4b766-9b6a-4de1-b43b-a043107c4d43" CHANGEID="134997514" NUMBER="42а" OPERTYPEID="10" NEXTID="68627233" UPDATEDATE="2024-09-05" STARTDATE="2019-07-29" ENDDATE="2024-09-05" ISACTUAL="0" ISACTIVE="0" /><STEAD ID="68627234" OBJECTID="91922433" OBJECTGUID="9b19b989-c20b-4fee-831a-d66c56eb1b68" CHANGEID="600558119" NUMBER="34" OPERTYPEID="30" PREVID="7388338" NEXTID="0" UPDATEDATE="2024-09-05" STARTDATE="2024-09-05" ENDDATE="2079-06-06" ISACTUAL="1" ISACTIVE="0" /><STEAD ID="68627235" OBJECTID="91914493" OBJECTGUID="d0c344ff-bb51-469c-ba88-26e1af93eed0" CHANGEID="600558120" NUMBER="38" OPERTYPEID="30" PREVID="7380394" NEXTID="0" UPDATEDATE="2024-09-05" STARTDATE="2024-09-05" ENDDATE="2079-06-06" ISACTUAL="1" ISACTIVE="0" /><STEAD ID="68627236" OBJECTID="91878619" OBJECTGUID="a911a688-c462-49d9-b186-91fd650656f9" CHANGEID="600558121" NUMBER="76" OPERTYPEID="30" PREVID="7344500" NEXTID="0" UPDATEDATE="2024-09-05" STARTDATE="2024-09-05" ENDDATE="2079-06-06" ISACTUAL="1" ISACTIVE="0" /><STEAD ID="7344500" OBJECTID="91878619" OBJECTGUID="a911a688-c462-49d9-b186-91fd650656f9" CHANGEID="134651048" NUMBER="76" OPERTYPEID="10" NEXTID="68627236" UPDATEDATE="2024-09-05" STARTDATE="2019-11-05" ENDDATE="2024-09-05" ISACTUAL="0" ISACTIVE="0" /><STEAD ID="68627237" OBJECTID="91876853" OBJECTGUID="d5fe1795-f853-4bc3-b32e-4900d4c91e6e" CHANGEID="600558122" NUMBER="75" OPERTYPEID="30" PREVID="7342730" NEXTID="0" UPDATEDATE="2024-09-05" STARTDATE="2024-09-05" ENDDATE="2079-06-06" ISACTUAL="1" ISACTIVE="0" /><STEAD ID="7342730" OBJECTID="91876853" OBJECTGUID="d5fe1795-f853-4bc3-b32e-4900d4c91e6e" CHANGEID="134649139" NUMBER="75" OPERTYPEID="10" NEXTID="68627237" UPDATEDATE="2024-09-05" STARTDATE="2019-11-05" ENDDATE="2024-09-05" ISACTUAL="0" ISACTIVE="0" /><STEAD ID="68627238" OBJECTID="91670897" OBJECTGUID="34dda6c1-97f5-4044-9f7f-dc9c1e7ddbef" CHANGEID="600558123" NUMBER="39" OPERTYPEID="30" PREVID="7136593" NEXTID="0" UPDATEDATE="2024-09-05" STARTDATE="2024-09-05" ENDDATE="2079-06-06" ISACTUAL="1" ISACTIVE="0" /><STEAD ID="7136593" OBJECTID="91670897" OBJECTGUID="34dda6c1-97f5-4044-9f7f-dc9c1e7ddbef" CHANGEID="134422100" NUMBER="39" OPERTYPEID="10" NEXTID="68627238" UPDATEDATE="2024-09-05" STARTDATE="2019-11-05" ENDDATE="2024-09-05" ISACTUAL="0" ISACTIVE="0" /><STEAD ID="68627239" OBJECTID="90353344" OBJECTGUID="f3b43112-f754-4a90-8eaa-b9f75adccd4c" CHANGEID="600558124" NUMBER="109" OPERTYPEID="30" PREVID="5817998" NEXTID="0" UPDATEDATE="2024-09-05" STARTDATE="2024-09-05" ENDDATE="2079-06-06" ISACTUAL="1" ISACTIVE="0" /><STEAD ID="68627240" OBJECTID="88496967" OBJECTGUID="1cd36bdc-069f-4cf7-b4b5-1bd36fc3cf21" CHANGEID="600558125" NUMBER="9а" OPERTYPEID="30" PREVID="3958309" NEXTID="0" UPDATEDATE="2024-09-05" STARTDATE="2024-09-05" ENDDATE="2079-06-06" ISACTUAL="1" ISACTIVE="0" /><STEAD ID="3958309" OBJECTID="88496967" OBJECTGUID="1cd36bdc-069f-4cf7-b4b5-1bd36fc3cf21" CHANGEID="130815096" NUMBER="9а" OPERTYPEID="10" NEXTID="68627240" UPDATEDATE="2024-09-05" STARTDATE="2017-08-24" ENDDATE="2024-09-05" ISACTUAL="0" ISACTIVE="0" /><STEAD ID="68627316" OBJECTID="90104641" OBJECTGUID="08df98fe-abd5-43d6-a747-9d605803bb8b" CHANGEID="600558666" NUMBER="29" OPERTYPEID="30" PREVID="5568966" NEXTID="0" UPDATEDATE="2024-09-05" STARTDATE="2024-09-05" ENDDATE="2079-06-06" ISACTUAL="1" ISACTIVE="0" /><STEAD ID="5568966" OBJECTID="90104641" OBJECTGUID="08df98fe-abd5-43d6-a747-9d605803bb8b" CHANGEID="132658570" NUMBER="29" OPERTYPEID="10" NEXTID="68627316" UPDATEDATE="2024-09-05" STARTDATE="2017-06-02" ENDDATE="2024-09-05" ISACTUAL="0" ISACTIVE="0" /><STEAD ID="68627317" OBJECTID="89679590" OBJECTGUID="36989108-5dbc-42fc-8ad6-d1ce7f43e782" CHANGEID="600558667" NUMBER="1" OPERTYPEID="30" PREVID="5143302" NEXTID="0" UPDATEDATE="2024-09-05" STARTDATE="2024-09-05" ENDDATE="2079-06-06" ISACTUAL="1" ISACTIVE="0" /><STEAD ID="68627460" OBJECTID="165089381" OBJECTGUID="f4040fc9-7ea0-48e6-b018-3b22fb75d0f6" CHANGEID="600559127" NUMBER="7/128" OPERTYPEID="10" PREVID="0" NEXTID="0" UPDATEDATE="2024-09-05" STARTDATE="2024-09-05" ENDDATE="2079-06-06" ISACTUAL="1" ISACTIVE="1" /><STEAD ID="68627528" OBJECTID="92926573" OBJECTGUID="fd137933-714b-4edb-87ac-6598c0e20879" CHANGEID="600559452" NUMBER="43" OPERTYPEID="30" PREVID="8392997" NEXTID="0" UPDATEDATE="2024-09-05" STARTDATE="2024-09-05" ENDDATE="2079-06-06" ISACTUAL="1" ISACTIVE="0" /><STEAD ID="8392997" OBJECTID="92926573" OBJECTGUID="fd137933-714b-4edb-87ac-6598c0e20879" CHANGEID="135775834" NUMBER="43" OPERTYPEID="10" NEXTID="68627528" UPDATEDATE="2024-09-05" STARTDATE="2019-08-01" ENDDATE="2024-09-05" ISACTUAL="0" ISACTIVE="0" /><STEAD ID="68627739" OBJECTID="165089853" OBJECTGUID="9061d4cd-51b2-4ae5-8ac2-c1af88da011a" CHANGEID="600559945" NUMBER="13" OPERTYPEID="10" PREVID="0" NEXTID="0" UPDATEDATE="2024-09-05" STARTDATE="2024-09-05" ENDDATE="2079-06-06" ISACTUAL="1" ISACTIVE="1" /><STEAD ID="68627743" OBJECTID="165089862" OBJECTGUID="39bedd26-653f-4420-a095-69069069617a" CHANGEID="600559961" NUMBER="14" OPERTYPEID="10" PREVID="0" NEXTID="0" UPDATEDATE="2024-09-05" STARTDATE="2024-09-05" ENDDATE="2079-06-06" ISACTUAL="1" ISACTIVE="1" /><STEAD ID="68627717" OBJECTID="165089830" OBJECTGUID="83fa52b5-bb90-4670-9ae7-c1cd89af1123" CHANGEID="600559919" NUMBER="6" OPERTYPEID="10" PREVID="0" NEXTID="0" UPDATEDATE="2024-09-05" STARTDATE="2024-09-05" ENDDATE="2079-06-06" ISACTUAL="1" ISACTIVE="1" /><STEAD ID="68627740" OBJECTID="165089857" OBJECTGUID="25964b1c-da50-4502-9ba3-4763bb2d839b" CHANGEID="600559950" NUMBER="22" OPERTYPEID="10" PREVID="0" NEXTID="0" UPDATEDATE="2024-09-05" STARTDATE="2024-09-05" ENDDATE="2079-06-06" ISACTUAL="1" ISACTIVE="1" /><STEAD ID="68627755" OBJECTID="165089875" OBJECTGUID="741219a3-c02c-4abb-87e5-a26d1ee7307d" CHANGEID="600559991" NUMBER="22" OPERTYPEID="10" PREVID="0" NEXTID="0" UPDATEDATE="2024-09-05" STARTDATE="2024-09-05" ENDDATE="2079-06-06" ISACTUAL="1" ISACTIVE="1" /><STEAD ID="68627758" OBJECTID="165089894" OBJECTGUID="9edc5aba-4fb7-4b43-a238-aeccd9506821" CHANGEID="600560014" NUMBER="27" OPERTYPEID="10" PREVID="0" NEXTID="0" UPDATEDATE="2024-09-05" STARTDATE="2024-09-05" ENDDATE="2079-06-06" ISACTUAL="1" ISACTIVE="1" /><STEAD ID="68627767" OBJECTID="165089915" OBJECTGUID="5d3441c1-334c-4b7a-9391-b56ee5890354" CHANGEID="600560052" NUMBER="33" OPERTYPEID="10" PREVID="0" NEXTID="0" UPDATEDATE="2024-09-05" STARTDATE="2024-09-05" ENDDATE="2079-06-06" ISACTUAL="1" ISACTIVE="1" /><STEAD ID="68627760" OBJECTID="165089897" OBJECTGUID="8f18be86-745f-4a52-b334-6c4aafe15760" CHANGEID="600560019" NUMBER="47" OPERTYPEID="10" PREVID="0" NEXTID="0" UPDATEDATE="2024-09-05" STARTDATE="2024-09-05" ENDDATE="2079-06-06" ISACTUAL="1" ISACTIVE="1" /><STEAD ID="68627762" OBJECTID="165089901" OBJECTGUID="9d82837d-87c7-4d40-aae5-0bb3e5ab31e7" CHANGEID="600560027" NUMBER="48" OPERTYPEID="10" PREVID="0" NEXTID="0" UPDATEDATE="2024-09-05" STARTDATE="2024-09-05" ENDDATE="2079-06-06" ISACTUAL="1" ISACTIVE="1" /><STEAD ID="68631406" OBJECTID="165096162" OBJECTGUID="10d677ab-9b8b-4e61-a3d9-555f8a7d28fb" CHANGEID="600570922" NUMBER="74" OPERTYPEID="10" PREVID="0" NEXTID="0" UPDATEDATE="2024-09-06" STARTDATE="2024-09-06" ENDDATE="2079-06-06" ISACTUAL="1" ISACTIVE="1" /><STEAD ID="68631397" OBJECTID="165096138" OBJECTGUID="6e8b0f66-15b5-4b32-a083-2e13cb1ef9e8" CHANGEID="600570875" NUMBER="469" OPERTYPEID="10" PREVID="0" NEXTID="0" UPDATEDATE="2024-09-06" STARTDATE="2024-09-06" ENDDATE="2079-06-06" ISACTUAL="1" ISACTIVE="1" /><STEAD ID="68631433" OBJECTID="165096210" OBJECTGUID="832ee4ee-74d7-4ae1-a637-be15f731fd02" CHANGEID="600571028" NUMBER="10/1" OPERTYPEID="10" PREVID="0" NEXTID="0" UPDATEDATE="2024-09-06" STARTDATE="2024-09-06" ENDDATE="2079-06-06" ISACTUAL="1" ISACTIVE="1" /><STEAD ID="68635832" OBJECTID="165103093" OBJECTGUID="bb082949-92c8-4870-b002-a7ef9b0dc0b7" CHANGEID="600584604" NUMBER="69" OPERTYPEID="10" PREVID="0" NEXTID="0" UPDATEDATE="2024-09-06" STARTDATE="2024-09-06" ENDDATE="2079-06-06" ISACTUAL="1" ISACTIVE="1" /><STEAD ID="68637594" OBJECTID="165105500" OBJECTGUID="5e540687-be65-4b00-9448-cf2f4e40e96d" CHANGEID="600588507" NUMBER="43" OPERTYPEID="10" PREVID="0" NEXTID="0" UPDATEDATE="2024-09-06" STARTDATE="2024-09-06" ENDDATE="2079-06-06" ISACTUAL="1" ISACTIVE="1" /><STEAD ID="68637621" OBJECTID="165105536" OBJECTGUID="4bc75133-b05a-4482-ab6e-dc2c389afd1c" CHANGEID="600588576" NUMBER="3/1" OPERTYPEID="10" PREVID="0" NEXTID="0" UPDATEDATE="2024-09-06" STARTDATE="2024-09-06" ENDDATE="2079-06-06" ISACTUAL="1" ISACTIVE="1" /><STEAD ID="68637610" OBJECTID="165105520" OBJECTGUID="fda292ae-769d-4c88-b1c3-5a0bfbb2658d" CHANGEID="600588536" NUMBER="749" OPERTYPEID="10" PREVID="0" NEXTID="0" UPDATEDATE="2024-09-06" STARTDATE="2024-09-06" ENDDATE="2079-06-06" ISACTUAL="1" ISACTIVE="1" /><STEAD ID="68637659" OBJECTID="165105586" OBJECTGUID="c8d9a23a-e28a-470b-b6f2-3a448e889317" CHANGEID="600588664" NUMBER="43" OPERTYPEID="10" PREVID="0" NEXTID="0" UPDATEDATE="2024-09-06" STARTDATE="2024-09-06" ENDDATE="2079-06-06" ISACTUAL="1" ISACTIVE="1" /><STEAD ID="68638270" OBJECTID="165106381" OBJECTGUID="3dee8de2-004d-4437-a8cb-525fad053142" CHANGEID="600590150" NUMBER="116" OPERTYPEID="10" PREVID="0" NEXTID="0" UPDATEDATE="2024-09-06" STARTDATE="2024-09-06" ENDDATE="2079-06-06" ISACTUAL="1" ISACTIVE="1" /><STEAD ID="68638368" OBJECTID="165106454" OBJECTGUID="35b5acb9-1554-4224-a526-91a147be320a" CHANGEID="600590286" NUMBER="42а" OPERTYPEID="10" PREVID="0" NEXTID="0" UPDATEDATE="2024-09-06" STARTDATE="2024-09-06" ENDDATE="2079-06-06" ISACTUAL="1" ISACTIVE="1" /><STEAD ID="68638370" OBJECTID="165106457" OBJECTGUID="0545e375-c25d-4742-aaa5-e0366d2d9bad" CHANGEID="600590291" NUMBER="10/2" OPERTYPEID="10" PREVID="0" NEXTID="0" UPDATEDATE="2024-09-06" STARTDATE="2024-09-06" ENDDATE="2079-06-06" ISACTUAL="1" ISACTIVE="1" /><STEAD ID="68638542" OBJECTID="165106704" OBJECTGUID="ebabf5f8-ee63-45cf-883b-b0840a653927" CHANGEID="600590867" NUMBER="152" OPERTYPEID="10" PREVID="0" NEXTID="0" UPDATEDATE="2024-09-06" STARTDATE="2024-09-06" ENDDATE="2079-06-06" ISACTUAL="1" ISACTIVE="1" /><STEAD ID="68639503" OBJECTID="165108713" OBJECTGUID="77838e2b-57c3-45ae-b602-94950078386d" CHANGEID="600593910" NUMBER="3" OPERTYPEID="10" PREVID="0" NEXTID="0" UPDATEDATE="2024-09-06" STARTDATE="2024-09-06" ENDDATE="2079-06-06" ISACTUAL="1" ISACTIVE="1" /><STEAD ID="68639735" OBJECTID="87324453" OBJECTGUID="dac6600d-51c5-413f-be42-04bcbdd0f188" CHANGEID="600594570" NUMBER="2" OPERTYPEID="30" PREVID="2781888" NEXTID="0" UPDATEDATE="2024-09-06" STARTDATE="2024-09-06" ENDDATE="2079-06-06" ISACTUAL="1" ISACTIVE="0" /><STEAD ID="2781888" OBJECTID="87324453" OBJECTGUID="dac6600d-51c5-413f-be42-04bcbdd0f188" CHANGEID="129374603" NUMBER="2" OPERTYPEID="10" NEXTID="68639735" UPDATEDATE="2024-09-06" STARTDATE="2017-12-14" ENDDATE="2024-09-06" ISACTUAL="0" ISACTIVE="0" /><STEAD ID="68639787" OBJECTID="89846516" OBJECTGUID="c86a854f-ffd0-4c96-9e0d-65a2623e7e8a" CHANGEID="600594736" NUMBER="3" OPERTYPEID="30" PREVID="5310499" NEXTID="0" UPDATEDATE="2024-09-06" STARTDATE="2024-09-06" ENDDATE="2079-06-06" ISACTUAL="1" ISACTIVE="0" /><STEAD ID="68639845" OBJECTID="85499416" OBJECTGUID="c2f83fe4-8a78-4bea-bd8d-03c46a5044e4" CHANGEID="600594884" NUMBER="4" OPERTYPEID="30" PREVID="948911" NEXTID="0" UPDATEDATE="2024-09-06" STARTDATE="2024-09-06" ENDDATE="2079-06-06" ISACTUAL="1" ISACTIVE="0" /><STEAD ID="948911" OBJECTID="85499416" OBJECTGUID="c2f83fe4-8a78-4bea-bd8d-03c46a5044e4" CHANGEID="126944514" NUMBER="4" OPERTYPEID="10" NEXTID="68639845" UPDATEDATE="2024-09-06" STARTDATE="2017-12-14" ENDDATE="2024-09-06" ISACTUAL="0" ISACTIVE="0" /><STEAD ID="68639951" OBJECTID="89848478" OBJECTGUID="7ccb5cc2-4ae0-4dce-998d-30387bc4dfc5" CHANGEID="600595242" NUMBER="5" OPERTYPEID="30" PREVID="5312484" NEXTID="0" UPDATEDATE="2024-09-06" STARTDATE="2024-09-06" ENDDATE="2079-06-06" ISACTUAL="1" ISACTIVE="0" /><STEAD ID="5312484" OBJECTID="89848478" OBJECTGUID="7ccb5cc2-4ae0-4dce-998d-30387bc4dfc5" CHANGEID="132372256" NUMBER="5" OPERTYPEID="10" NEXTID="68639951" UPDATEDATE="2024-09-06" STARTDATE="2017-12-14" ENDDATE="2024-09-06" ISACTUAL="0" ISACTIVE="0" /><STEAD ID="68639919" OBJECTID="165109682" OBJECTGUID="714e4add-f231-4612-a253-0dc22f4d56d1" CHANGEID="600595153" NUMBER="46" OPERTYPEID="10" PREVID="0" NEXTID="0" UPDATEDATE="2024-09-06" STARTDATE="2024-09-06" ENDDATE="2079-06-06" ISACTUAL="1" ISACTIVE="1" /><STEAD ID="68640018" OBJECTID="165109969" OBJECTGUID="1dd3be60-fde5-4d82-8ce6-81eb35f48f80" CHANGEID="600595495" NUMBER="135г" OPERTYPEID="10" PREVID="0" NEXTID="0" UPDATEDATE="2024-09-06" STARTDATE="2024-09-06" ENDDATE="2079-06-06" ISACTUAL="1" ISACTIVE="1" /><STEAD ID="68640019" OBJECTID="165109970" OBJECTGUID="2be7ddba-51a1-44b6-b8d1-9db4cb4c5d53" CHANGEID="600595497" NUMBER="19" OPERTYPEID="10" PREVID="0" NEXTID="0" UPDATEDATE="2024-09-06" STARTDATE="2024-09-06" ENDDATE="2079-06-06" ISACTUAL="1" ISACTIVE="1" /><STEAD ID="68640028" OBJECTID="165109982" OBJECTGUID="fafc3a30-5e33-4424-bb1e-a42de3433af7" CHANGEID="600595524" NUMBER="21" OPERTYPEID="10" PREVID="0" NEXTID="0" UPDATEDATE="2024-09-06" STARTDATE="2024-09-06" ENDDATE="2079-06-06" ISACTUAL="1" ISACTIVE="1" /><STEAD ID="68640892" OBJECTID="165111643" OBJECTGUID="7ac46eea-bac6-41d4-acd9-83aeefd267da" CHANGEID="600612476" NUMBER="16а" OPERTYPEID="10" PREVID="0" NEXTID="0" UPDATEDATE="2024-09-06" STARTDATE="2024-09-06" ENDDATE="2079-06-06" ISACTUAL="1" ISACTIVE="1" /><STEAD ID="68640907" OBJECTID="165111669" OBJECTGUID="68d301e5-1751-4d3e-92de-eb1d156b9d7d" CHANGEID="600613092" NUMBER="17а" OPERTYPEID="10" PREVID="0" NEXTID="0" UPDATEDATE="2024-09-06" STARTDATE="2024-09-06" ENDDATE="2079-06-06" ISACTUAL="1" ISACTIVE="1" /><STEAD ID="68641207" OBJECTID="85756187" OBJECTGUID="c860b7a4-3541-4d09-a7f1-bd3b06fbbf6e" CHANGEID="600637317" NUMBER="60" OPERTYPEID="30" PREVID="1206924" NEXTID="0" UPDATEDATE="2024-09-06" STARTDATE="2024-09-06" ENDDATE="2079-06-06" ISACTUAL="1" ISACTIVE="0" /><STEAD ID="1206924" OBJECTID="85756187" OBJECTGUID="c860b7a4-3541-4d09-a7f1-bd3b06fbbf6e" CHANGEID="127301596" NUMBER="60" OPERTYPEID="10" NEXTID="68641207" UPDATEDATE="2024-09-06" STARTDATE="2017-05-26" ENDDATE="2024-09-06" ISACTUAL="0" ISACTIVE="0" /><STEAD ID="68641299" OBJECTID="165112217" OBJECTGUID="117db632-c010-4b69-8bdf-63f1e47965e1" CHANGEID="600644671" NUMBER="4" OPERTYPEID="10" PREVID="0" NEXTID="0" UPDATEDATE="2024-09-06" STARTDATE="2024-09-06" ENDDATE="2079-06-06" ISACTUAL="1" ISACTIVE="1" /><STEAD ID="68641853" OBJECTID="87796234" OBJECTGUID="5e4e15b6-4510-4731-a03c-125d96f2fc8a" CHANGEID="600701359" NUMBER="35" OPERTYPEID="30" PREVID="3255407" NEXTID="0" UPDATEDATE="2024-09-06" STARTDATE="2024-09-06" ENDDATE="2079-06-06" ISACTUAL="1" ISACTIVE="0" /><STEAD ID="3255407" OBJECTID="87796234" OBJECTGUID="5e4e15b6-4510-4731-a03c-125d96f2fc8a" CHANGEID="129963944" NUMBER="35" OPERTYPEID="10" NEXTID="68641853" UPDATEDATE="2024-09-06" STARTDATE="2017-05-26" ENDDATE="2024-09-06" ISACTUAL="0" ISACTIVE="0" /><STEAD ID="68643746" OBJECTID="84624276" OBJECTGUID="d35f5e98-aada-4b93-8110-88bbf1e4ba6d" CHANGEID="600706122" NUMBER="19" OPERTYPEID="30" PREVID="68678" NEXTID="0" UPDATEDATE="2024-09-06" STARTDATE="2024-09-06" ENDDATE="2079-06-06" ISACTUAL="1" ISACTIVE="0" /><STEAD ID="68678" OBJECTID="84624276" OBJECTGUID="d35f5e98-aada-4b93-8110-88bbf1e4ba6d" CHANGEID="125644741" NUMBER="19" OPERTYPEID="10" NEXTID="68643746" UPDATEDATE="2024-09-06" STARTDATE="2018-12-03" ENDDATE="2024-09-06" ISACTUAL="0" ISACTIVE="0" /><STEAD ID="68643897" OBJECTID="165116066" OBJECTGUID="454bf8be-c0e9-44ad-b6cf-7074f7d713ca" CHANGEID="600706870" NUMBER="5" OPERTYPEID="10" PREVID="0" NEXTID="0" UPDATEDATE="2024-09-06" STARTDATE="2024-09-06" ENDDATE="2079-06-06" ISACTUAL="1" ISACTIVE="1" /><STEAD ID="68650687" OBJECTID="165126687" OBJECTGUID="492951e6-e0d9-4b2f-90c6-9752305e96dd" CHANGEID="600753260" NUMBER="8" OPERTYPEID="10" PREVID="0" NEXTID="0" UPDATEDATE="2024-09-09" STARTDATE="2024-09-09" ENDDATE="2079-06-06" ISACTUAL="1" ISACTIVE="1" /><STEAD ID="68650686" OBJECTID="165126686" OBJECTGUID="ec317b7e-e632-41ac-9996-ad95faaf4ce8" CHANGEID="600753259" NUMBER="12" OPERTYPEID="10" PREVID="0" NEXTID="0" UPDATEDATE="2024-09-09" STARTDATE="2024-09-09" ENDDATE="2079-06-06" ISACTUAL="1" ISACTIVE="1" /><STEAD ID="68650712" OBJECTID="165126712" OBJECTGUID="36e0e721-8410-452f-941c-6e4b8ebdf0a6" CHANGEID="600753288" NUMBER="147" OPERTYPEID="10" PREVID="0" NEXTID="0" UPDATEDATE="2024-09-09" STARTDATE="2024-09-09" ENDDATE="2079-06-06" ISACTUAL="1" ISACTIVE="1" /><STEAD ID="68654705" OBJECTID="165133302" OBJECTGUID="35e34ccf-8c8e-425d-bc78-1327a634572d" CHANGEID="600763341" NUMBER="9" OPERTYPEID="10" PREVID="0" NEXTID="0" UPDATEDATE="2024-09-09" STARTDATE="2024-09-09" ENDDATE="2079-06-06" ISACTUAL="1" ISACTIVE="1" /><STEAD ID="68656423" OBJECTID="165136278" OBJECTGUID="e2988c87-a6b1-438f-b316-e9c2005b7564" CHANGEID="600767299" NUMBER="4" OPERTYPEID="10" PREVID="0" NEXTID="0" UPDATEDATE="2024-09-09" STARTDATE="2024-09-09" ENDDATE="2079-06-06" ISACTUAL="1" ISACTIVE="1" /><STEAD ID="68656441" OBJECTID="165136345" OBJECTGUID="77cfff5e-7159-47de-9452-0e64366e0cf9" CHANGEID="600767412" NUMBER="24" OPERTYPEID="10" PREVID="0" NEXTID="0" UPDATEDATE="2024-09-09" STARTDATE="2024-09-09" ENDDATE="2079-06-06" ISACTUAL="1" ISACTIVE="1" /><STEAD ID="68659481" OBJECTID="164868373" OBJECTGUID="96a21937-5dac-44ee-9010-28a86d5cb92d" CHANGEID="600779374" NUMBER="7б" OPERTYPEID="20" PREVID="68517671" UPDATEDATE="2024-09-09" STARTDATE="2024-09-09" ENDDATE="2079-06-06" ISACTUAL="1" ISACTIVE="1" /><STEAD ID="68659507" OBJECTID="165142795" OBJECTGUID="a99c6e71-c8d4-4ed5-ba81-8b87b42f3737" CHANGEID="600779420" NUMBER="27" OPERTYPEID="10" PREVID="0" NEXTID="0" UPDATEDATE="2024-09-09" STARTDATE="2024-09-09" ENDDATE="2079-06-06" ISACTUAL="1" ISACTIVE="1" /><STEAD ID="68660099" OBJECTID="165143726" OBJECTGUID="2e337e52-3f89-4988-b1f4-f9da4073390f" CHANGEID="600780916" NUMBER="5" OPERTYPEID="10" PREVID="0" NEXTID="0" UPDATEDATE="2024-09-09" STARTDATE="2024-09-09" ENDDATE="2079-06-06" ISACTUAL="1" ISACTIVE="1" /><STEAD ID="68660129" OBJECTID="165143764" OBJECTGUID="c75fff00-3055-4b14-9949-9c494b8fc25e" CHANGEID="600780976" NUMBER="1" OPERTYPEID="10" PREVID="0" NEXTID="0" UPDATEDATE="2024-09-09" STARTDATE="2024-09-09" ENDDATE="2079-06-06" ISACTUAL="1" ISACTIVE="1" /><STEAD ID="68660141" OBJECTID="165143784" OBJECTGUID="cc24ed53-6613-4be2-a491-2a9cd7b09c6a" CHANGEID="600781007" NUMBER="8" OPERTYPEID="10" PREVID="0" NEXTID="0" UPDATEDATE="2024-09-09" STARTDATE="2024-09-09" ENDDATE="2079-06-06" ISACTUAL="1" ISACTIVE="1" /><STEAD ID="68660189" OBJECTID="165143839" OBJECTGUID="2370e357-0440-4cbc-a15d-df0175e1c136" CHANGEID="600781070" NUMBER="111" OPERTYPEID="10" PREVID="0" NEXTID="0" UPDATEDATE="2024-09-09" STARTDATE="2024-09-09" ENDDATE="2079-06-06" ISACTUAL="1" ISACTIVE="1" /><STEAD ID="68660225" OBJECTID="165143914" OBJECTGUID="22551371-5722-4d28-8a4c-d1a73a3740c4" CHANGEID="600781189" NUMBER="107а" OPERTYPEID="10" PREVID="0" NEXTID="0" UPDATEDATE="2024-09-09" STARTDATE="2024-09-09" ENDDATE="2079-06-06" ISACTUAL="1" ISACTIVE="1" /><STEAD ID="68660142" OBJECTID="165143785" OBJECTGUID="63097267-6710-4b29-baca-53e4d92b80ca" CHANGEID="600781008" NUMBER="8" OPERTYPEID="10" PREVID="0" NEXTID="0" UPDATEDATE="2024-09-09" STARTDATE="2024-09-09" ENDDATE="2079-06-06" ISACTUAL="1" ISACTIVE="1" /><STEAD ID="68660202" OBJECTID="165143855" OBJECTGUID="f54c22af-07d7-48ed-90b1-87b5821a395e" CHANGEID="600781102" NUMBER="346" OPERTYPEID="10" PREVID="0" NEXTID="0" UPDATEDATE="2024-09-09" STARTDATE="2024-09-09" ENDDATE="2079-06-06" ISACTUAL="1" ISACTIVE="1" /><STEAD ID="68660213" OBJECTID="165143899" OBJECTGUID="c0f8cc48-86ba-41b1-a2e2-46fa9522850d" CHANGEID="600781153" NUMBER="107" OPERTYPEID="10" PREVID="0" NEXTID="0" UPDATEDATE="2024-09-09" STARTDATE="2024-09-09" ENDDATE="2079-06-06" ISACTUAL="1" ISACTIVE="1" /><STEAD ID="68661198" OBJECTID="165145750" OBJECTGUID="b1c0b47e-b7e0-4d6e-9326-d5dbfaddc471" CHANGEID="600783949" NUMBER="26" OPERTYPEID="10" PREVID="0" NEXTID="0" UPDATEDATE="2024-09-09" STARTDATE="2024-09-09" ENDDATE="2079-06-06" ISACTUAL="1" ISACTIVE="1" /><STEAD ID="68661420" OBJECTID="165146114" OBJECTGUID="9892cd44-ab62-4f85-885e-265c318b7adc" CHANGEID="600784433" NUMBER="21" OPERTYPEID="10" PREVID="0" NEXTID="0" UPDATEDATE="2024-09-09" STARTDATE="2024-09-09" ENDDATE="2079-06-06" ISACTUAL="1" ISACTIVE="1" /><STEAD ID="68661812" OBJECTID="165146583" OBJECTGUID="62e4b81a-4a2d-4918-9297-ccad9ab7f3f5" CHANGEID="600785173" NUMBER="1" OPERTYPEID="10" PREVID="0" NEXTID="0" UPDATEDATE="2024-09-09" STARTDATE="2024-09-09" ENDDATE="2079-06-06" ISACTUAL="1" ISACTIVE="1" /><STEAD ID="68661983" OBJECTID="165146936" OBJECTGUID="d3fb90cf-0554-47a9-b409-ff72ac25ee5e" CHANGEID="600785871" NUMBER="26" OPERTYPEID="10" PREVID="0" NEXTID="0" UPDATEDATE="2024-09-09" STARTDATE="2024-09-09" ENDDATE="2079-06-06" ISACTUAL="1" ISACTIVE="1" /><STEAD ID="68662194" OBJECTID="165147448" OBJECTGUID="bb7ef666-3ea3-47b2-85cf-cc6f0d28d32c" CHANGEID="600786557" NUMBER="16" OPERTYPEID="10" PREVID="0" NEXTID="0" UPDATEDATE="2024-09-09" STARTDATE="2024-09-09" ENDDATE="2079-06-06" ISACTUAL="1" ISACTIVE="1" /><STEAD ID="68662420" OBJECTID="165147771" OBJECTGUID="2c6506f3-8145-4e22-8a49-362dd42ea9b3" CHANGEID="600787053" NUMBER="28А" OPERTYPEID="10" PREVID="0" NEXTID="0" UPDATEDATE="2024-09-09" STARTDATE="2024-09-09" ENDDATE="2079-06-06" ISACTUAL="1" ISACTIVE="1" /><STEAD ID="68662660" OBJECTID="165148193" OBJECTGUID="42c0fa7a-02f7-477d-942b-9bbc18ef809c" CHANGEID="600787744" NUMBER="34" OPERTYPEID="10" PREVID="0" NEXTID="0" UPDATEDATE="2024-09-09" STARTDATE="2024-09-09" ENDDATE="2079-06-06" ISACTUAL="1" ISACTIVE="1" /><STEAD ID="68662676" OBJECTID="165148213" OBJECTGUID="1ebc29cd-0ac2-4a33-90ba-d25840b978e4" CHANGEID="600787782" NUMBER="36" OPERTYPEID="10" PREVID="0" NEXTID="0" UPDATEDATE="2024-09-09" STARTDATE="2024-09-09" ENDDATE="2079-06-06" ISACTUAL="1" ISACTIVE="1" /><STEAD ID="68662990" OBJECTID="165148616" OBJECTGUID="1782594e-39e8-4468-adb0-07e73d9777e7" CHANGEID="600788398" NUMBER="30" OPERTYPEID="10" PREVID="0" NEXTID="0" UPDATEDATE="2024-09-09" STARTDATE="2024-09-09" ENDDATE="2079-06-06" ISACTUAL="1" ISACTIVE="1" /><STEAD ID="68662991" OBJECTID="165148617" OBJECTGUID="625838b5-4e06-4d19-9089-df3d5207f297" CHANGEID="600788399" NUMBER="13а" OPERTYPEID="10" PREVID="0" NEXTID="0" UPDATEDATE="2024-09-09" STARTDATE="2024-09-09" ENDDATE="2079-06-06" ISACTUAL="1" ISACTIVE="1" /><STEAD ID="68663412" OBJECTID="165149594" OBJECTGUID="ed9ee20b-c3e2-4ea8-9911-9e193ed413ff" CHANGEID="600789800" NUMBER="2" OPERTYPEID="10" PREVID="0" NEXTID="0" UPDATEDATE="2024-09-09" STARTDATE="2024-09-09" ENDDATE="2079-06-06" ISACTUAL="1" ISACTIVE="1" /><STEAD ID="68663424" OBJECTID="165149616" OBJECTGUID="3e402b8a-4c97-4c69-bbde-c9787c3e19ea" CHANGEID="600789837" NUMBER="3" OPERTYPEID="10" PREVID="0" NEXTID="0" UPDATEDATE="2024-09-09" STARTDATE="2024-09-09" ENDDATE="2079-06-06" ISACTUAL="1" ISACTIVE="1" /><STEAD ID="68663453" OBJECTID="165149671" OBJECTGUID="58859578-150d-44b1-a9bf-d663d0e4ea67" CHANGEID="600789942" NUMBER="2" OPERTYPEID="10" PREVID="0" NEXTID="0" UPDATEDATE="2024-09-09" STARTDATE="2024-09-09" ENDDATE="2079-06-06" ISACTUAL="1" ISACTIVE="1" /><STEAD ID="68663463" OBJECTID="165149691" OBJECTGUID="3321df9c-4b7e-41f2-83c4-14bbdfab0dce" CHANGEID="600789976" NUMBER="76в" OPERTYPEID="10" PREVID="0" NEXTID="0" UPDATEDATE="2024-09-09" STARTDATE="2024-09-09" ENDDATE="2079-06-06" ISACTUAL="1" ISACTIVE="1" /><STEAD ID="68663472" OBJECTID="165149702" OBJECTGUID="ec2d767a-1de5-49a0-9274-ea9e5e64ccbc" CHANGEID="600789994" NUMBER="3" OPERTYPEID="10" PREVID="0" NEXTID="0" UPDATEDATE="2024-09-09" STARTDATE="2024-09-09" ENDDATE="2079-06-06" ISACTUAL="1" ISACTIVE="1" /><STEAD ID="68663477" OBJECTID="165149710" OBJECTGUID="446101df-8213-4ea3-97ec-29e4301e7123" CHANGEID="600790011" NUMBER="4" OPERTYPEID="10" PREVID="0" NEXTID="0" UPDATEDATE="2024-09-09" STARTDATE="2024-09-09" ENDDATE="2079-06-06" ISACTUAL="1" ISACTIVE="1" /><STEAD ID="68663497" OBJECTID="165149747" OBJECTGUID="0740cec2-32c1-47e9-8b3a-88782b60212a" CHANGEID="600790063" NUMBER="7" OPERTYPEID="10" PREVID="0" NEXTID="0" UPDATEDATE="2024-09-09" STARTDATE="2024-09-09" ENDDATE="2079-06-06" ISACTUAL="1" ISACTIVE="1" /><STEAD ID="68663435" OBJECTID="165149641" OBJECTGUID="6407f6bb-3712-4010-8fa8-edf6a4df9a74" CHANGEID="600789876" NUMBER="5" OPERTYPEID="10" PREVID="0" NEXTID="0" UPDATEDATE="2024-09-09" STARTDATE="2024-09-09" ENDDATE="2079-06-06" ISACTUAL="1" ISACTIVE="1" /><STEAD ID="68663437" OBJECTID="165149643" OBJECTGUID="b41a8b6a-3f35-4c0a-b884-c92a287048e5" CHANGEID="600789893" NUMBER="14" OPERTYPEID="10" PREVID="0" NEXTID="0" UPDATEDATE="2024-09-09" STARTDATE="2024-09-09" ENDDATE="2079-06-06" ISACTUAL="1" ISACTIVE="1" /><STEAD ID="68663447" OBJECTID="165149662" OBJECTGUID="416e0002-78f2-4b77-b351-9958c96d5381" CHANGEID="600789926" NUMBER="1" OPERTYPEID="10" PREVID="0" NEXTID="0" UPDATEDATE="2024-09-09" STARTDATE="2024-09-09" ENDDATE="2079-06-06" ISACTUAL="1" ISACTIVE="1" /><STEAD ID="68663489" OBJECTID="165149724" OBJECTGUID="b74d7d13-bb19-4ba2-b29a-7864be20fb78" CHANGEID="600790032" NUMBER="6" OPERTYPEID="10" PREVID="0" NEXTID="0" UPDATEDATE="2024-09-09" STARTDATE="2024-09-09" ENDDATE="2079-06-06" ISACTUAL="1" ISACTIVE="1" /><STEAD ID="68663502" OBJECTID="165149757" OBJECTGUID="5c692a49-30e6-408f-88dc-502cee82888a" CHANGEID="600790080" NUMBER="7А" OPERTYPEID="10" PREVID="0" NEXTID="0" UPDATEDATE="2024-09-09" STARTDATE="2024-09-09" ENDDATE="2079-06-06" ISACTUAL="1" ISACTIVE="1" /><STEAD ID="68663509" OBJECTID="165149770" OBJECTGUID="b35f0832-4c20-471f-bc05-2a859623a951" CHANGEID="600790105" NUMBER="8" OPERTYPEID="10" PREVID="0" NEXTID="0" UPDATEDATE="2024-09-09" STARTDATE="2024-09-09" ENDDATE="2079-06-06" ISACTUAL="1" ISACTIVE="1" /><STEAD ID="68663520" OBJECTID="165149846" OBJECTGUID="b1545efe-5c16-40b2-a7c0-c10f58134c24" CHANGEID="600790209" NUMBER="10" OPERTYPEID="10" PREVID="0" NEXTID="0" UPDATEDATE="2024-09-09" STARTDATE="2024-09-09" ENDDATE="2079-06-06" ISACTUAL="1" ISACTIVE="1" /><STEAD ID="68663542" OBJECTID="165149904" OBJECTGUID="a3ef9ae8-fd1a-461d-997d-c0d5158fa06b" CHANGEID="600790348" NUMBER="13" OPERTYPEID="10" PREVID="0" NEXTID="0" UPDATEDATE="2024-09-09" STARTDATE="2024-09-09" ENDDATE="2079-06-06" ISACTUAL="1" ISACTIVE="1" /><STEAD ID="68663546" OBJECTID="165149910" OBJECTGUID="7e6cf99d-1c4a-4d6a-a158-8012d4809745" CHANGEID="600790360" NUMBER="15" OPERTYPEID="10" PREVID="0" NEXTID="0" UPDATEDATE="2024-09-09" STARTDATE="2024-09-09" ENDDATE="2079-06-06" ISACTUAL="1" ISACTIVE="1" /><STEAD ID="68663525" OBJECTID="165149869" OBJECTGUID="4eb1d415-f663-49a0-afda-85825a103f77" CHANGEID="600790249" NUMBER="12" OPERTYPEID="10" PREVID="0" NEXTID="0" UPDATEDATE="2024-09-09" STARTDATE="2024-09-09" ENDDATE="2079-06-06" ISACTUAL="1" ISACTIVE="1" /><STEAD ID="68663550" OBJECTID="165149915" OBJECTGUID="697b98d5-39f6-4240-afcf-1b486bef68ae" CHANGEID="600790374" NUMBER="19" OPERTYPEID="10" PREVID="0" NEXTID="0" UPDATEDATE="2024-09-09" STARTDATE="2024-09-09" ENDDATE="2079-06-06" ISACTUAL="1" ISACTIVE="1" /><STEAD ID="68663556" OBJECTID="165149926" OBJECTGUID="931c806c-e223-4643-9160-81fd3eef3626" CHANGEID="600790398" NUMBER="20" OPERTYPEID="10" PREVID="0" NEXTID="0" UPDATEDATE="2024-09-09" STARTDATE="2024-09-09" ENDDATE="2079-06-06" ISACTUAL="1" ISACTIVE="1" /><STEAD ID="68663560" OBJECTID="165149932" OBJECTGUID="2ab93c5c-821c-4adf-bc25-f6323f7659d2" CHANGEID="600790410" NUMBER="22" OPERTYPEID="10" PREVID="0" NEXTID="0" UPDATEDATE="2024-09-09" STARTDATE="2024-09-09" ENDDATE="2079-06-06" ISACTUAL="1" ISACTIVE="1" /><STEAD ID="68663570" OBJECTID="165149950" OBJECTGUID="08726fa1-2ed5-412d-b57b-078c72b96d57" CHANGEID="600790457" NUMBER="21" OPERTYPEID="10" PREVID="0" NEXTID="0" UPDATEDATE="2024-09-09" STARTDATE="2024-09-09" ENDDATE="2079-06-06" ISACTUAL="1" ISACTIVE="1" /><STEAD ID="68663575" OBJECTID="165149956" OBJECTGUID="5f3c7344-d9e3-43cc-9a74-0d7cbeb8b0ba" CHANGEID="600790474" NUMBER="24" OPERTYPEID="10" PREVID="0" NEXTID="0" UPDATEDATE="2024-09-09" STARTDATE="2024-09-09" ENDDATE="2079-06-06" ISACTUAL="1" ISACTIVE="1" /><STEAD ID="68663580" OBJECTID="165149960" OBJECTGUID="f45091ef-c3fb-4039-8d56-daf7adc44709" CHANGEID="600790485" NUMBER="24А" OPERTYPEID="10" PREVID="0" NEXTID="0" UPDATEDATE="2024-09-09" STARTDATE="2024-09-09" ENDDATE="2079-06-06" ISACTUAL="1" ISACTIVE="1" /><STEAD ID="68663639" OBJECTID="165150021" OBJECTGUID="e6c4ec13-3b83-4b17-8497-83ceacd16535" CHANGEID="600790550" NUMBER="29" OPERTYPEID="10" PREVID="0" NEXTID="0" UPDATEDATE="2024-09-09" STARTDATE="2024-09-09" ENDDATE="2079-06-06" ISACTUAL="1" ISACTIVE="1" /><STEAD ID="68663647" OBJECTID="165150029" OBJECTGUID="c5d4f081-618e-460b-b3c5-593630a10147" CHANGEID="600790568" NUMBER="31" OPERTYPEID="10" PREVID="0" NEXTID="0" UPDATEDATE="2024-09-09" STARTDATE="2024-09-09" ENDDATE="2079-06-06" ISACTUAL="1" ISACTIVE="1" /><STEAD ID="68663710" OBJECTID="165150110" OBJECTGUID="88eb2081-4ae6-406c-80d1-9972e09e1fa5" CHANGEID="600790784" NUMBER="1" OPERTYPEID="10" PREVID="0" NEXTID="0" UPDATEDATE="2024-09-09" STARTDATE="2024-09-09" ENDDATE="2079-06-06" ISACTUAL="1" ISACTIVE="1" /><STEAD ID="68663721" OBJECTID="165150120" OBJECTGUID="f85b307c-5cb4-455e-b2d3-51a395c7d2d4" CHANGEID="600790799" NUMBER="2" OPERTYPEID="10" PREVID="0" NEXTID="0" UPDATEDATE="2024-09-09" STARTDATE="2024-09-09" ENDDATE="2079-06-06" ISACTUAL="1" ISACTIVE="1" /><STEAD ID="68663729" OBJECTID="165150129" OBJECTGUID="d128752e-ed4d-45fd-bcdf-97a10162a1a1" CHANGEID="600790819" NUMBER="3" OPERTYPEID="10" PREVID="0" NEXTID="0" UPDATEDATE="2024-09-09" STARTDATE="2024-09-09" ENDDATE="2079-06-06" ISACTUAL="1" ISACTIVE="1" /><STEAD ID="68663734" OBJECTID="165150137" OBJECTGUID="14f83d3a-f849-4c6b-a9b4-e8ea2d992ead" CHANGEID="600790834" NUMBER="6" OPERTYPEID="10" PREVID="0" NEXTID="0" UPDATEDATE="2024-09-09" STARTDATE="2024-09-09" ENDDATE="2079-06-06" ISACTUAL="1" ISACTIVE="1" /><STEAD ID="68663762" OBJECTID="165150270" OBJECTGUID="dcf20c84-59bf-4ed9-ae38-39d478ca001b" CHANGEID="600790981" NUMBER="9" OPERTYPEID="10" PREVID="0" NEXTID="0" UPDATEDATE="2024-09-09" STARTDATE="2024-09-09" ENDDATE="2079-06-06" ISACTUAL="1" ISACTIVE="1" /><STEAD ID="68663745" OBJECTID="165150253" OBJECTGUID="db7b9d36-6123-4328-8b63-a1657cefdd9a" CHANGEID="600790954" NUMBER="7" OPERTYPEID="10" PREVID="0" NEXTID="0" UPDATEDATE="2024-09-09" STARTDATE="2024-09-09" ENDDATE="2079-06-06" ISACTUAL="1" ISACTIVE="1" /><STEAD ID="68663755" OBJECTID="165150265" OBJECTGUID="e7a1d4f7-4dae-4660-8552-0ccd75705484" CHANGEID="600790972" NUMBER="8" OPERTYPEID="10" PREVID="0" NEXTID="0" UPDATEDATE="2024-09-09" STARTDATE="2024-09-09" ENDDATE="2079-06-06" ISACTUAL="1" ISACTIVE="1" /><STEAD ID="68663771" OBJECTID="165150280" OBJECTGUID="9a207cea-5554-4cee-bc0a-aee39f2f4267" CHANGEID="600791000" NUMBER="11" OPERTYPEID="10" PREVID="0" NEXTID="0" UPDATEDATE="2024-09-09" STARTDATE="2024-09-09" ENDDATE="2079-06-06" ISACTUAL="1" ISACTIVE="1" /><STEAD ID="68663799" OBJECTID="165150310" OBJECTGUID="6c741107-9436-47c6-a924-dbe626d716e8" CHANGEID="600791055" NUMBER="1" OPERTYPEID="10" PREVID="0" NEXTID="0" UPDATEDATE="2024-09-09" STARTDATE="2024-09-09" ENDDATE="2079-06-06" ISACTUAL="1" ISACTIVE="1" /><STEAD ID="68663806" OBJECTID="165150317" OBJECTGUID="3a614121-a5e4-4724-a3f2-13f3266343d5" CHANGEID="600791069" NUMBER="2" OPERTYPEID="10" PREVID="0" NEXTID="0" UPDATEDATE="2024-09-09" STARTDATE="2024-09-09" ENDDATE="2079-06-06" ISACTUAL="1" ISACTIVE="1" /><STEAD ID="68663819" OBJECTID="165150332" OBJECTGUID="230b5981-6f55-4941-a419-cf5fc7c2701d" CHANGEID="600791091" NUMBER="6" OPERTYPEID="10" PREVID="0" NEXTID="0" UPDATEDATE="2024-09-09" STARTDATE="2024-09-09" ENDDATE="2079-06-06" ISACTUAL="1" ISACTIVE="1" /><STEAD ID="68663782" OBJECTID="165150289" OBJECTGUID="3e35aa19-8822-4b88-b6d0-8a3ff797772a" CHANGEID="600791016" NUMBER="13" OPERTYPEID="10" PREVID="0" NEXTID="0" UPDATEDATE="2024-09-09" STARTDATE="2024-09-09" ENDDATE="2079-06-06" ISACTUAL="1" ISACTIVE="1" /><STEAD ID="68663813" OBJECTID="165150328" OBJECTGUID="33c57470-4c89-4e9c-bfdc-c081052c0a32" CHANGEID="600791084" NUMBER="3" OPERTYPEID="10" PREVID="0" NEXTID="0" UPDATEDATE="2024-09-09" STARTDATE="2024-09-09" ENDDATE="2079-06-06" ISACTUAL="1" ISACTIVE="1" /><STEAD ID="68663829" OBJECTID="165150389" OBJECTGUID="672fb126-9849-4e7f-a6da-829c480540b0" CHANGEID="600791185" NUMBER="8" OPERTYPEID="10" PREVID="0" NEXTID="0" UPDATEDATE="2024-09-09" STARTDATE="2024-09-09" ENDDATE="2079-06-06" ISACTUAL="1" ISACTIVE="1" /><STEAD ID="68663865" OBJECTID="165150428" OBJECTGUID="cf753daf-4ca5-4004-93a7-66d6f20a6100" CHANGEID="600791283" NUMBER="10" OPERTYPEID="10" PREVID="0" NEXTID="0" UPDATEDATE="2024-09-09" STARTDATE="2024-09-09" ENDDATE="2079-06-06" ISACTUAL="1" ISACTIVE="1" /><STEAD ID="68663872" OBJECTID="165150434" OBJECTGUID="cbadd03c-6ce7-4707-accc-0f1bf5049d57" CHANGEID="600791296" NUMBER="11/1" OPERTYPEID="10" PREVID="0" NEXTID="0" UPDATEDATE="2024-09-09" STARTDATE="2024-09-09" ENDDATE="2079-06-06" ISACTUAL="1" ISACTIVE="1" /><STEAD ID="68663887" OBJECTID="165150444" OBJECTGUID="d8f0fcae-31e5-4fa1-bb43-89849c6d078c" CHANGEID="600791326" NUMBER="11/2" OPERTYPEID="10" PREVID="0" NEXTID="0" UPDATEDATE="2024-09-09" STARTDATE="2024-09-09" ENDDATE="2079-06-06" ISACTUAL="1" ISACTIVE="1" /><STEAD ID="68663941" OBJECTID="165150528" OBJECTGUID="744c81b0-3f7b-491d-9c16-272f708cdbf4" CHANGEID="600791462" NUMBER="13" OPERTYPEID="10" PREVID="0" NEXTID="0" UPDATEDATE="2024-09-09" STARTDATE="2024-09-09" ENDDATE="2079-06-06" ISACTUAL="1" ISACTIVE="1" /><STEAD ID="68663936" OBJECTID="165150520" OBJECTGUID="d6ce5799-ba9d-4165-b785-2174c1540083" CHANGEID="600791450" NUMBER="12" OPERTYPEID="10" PREVID="0" NEXTID="0" UPDATEDATE="2024-09-09" STARTDATE="2024-09-09" ENDDATE="2079-06-06" ISACTUAL="1" ISACTIVE="1" /><STEAD ID="68663949" OBJECTID="165150536" OBJECTGUID="0a97ad0a-7540-492e-8311-208f687df393" CHANGEID="600791480" NUMBER="15" OPERTYPEID="10" PREVID="0" NEXTID="0" UPDATEDATE="2024-09-09" STARTDATE="2024-09-09" ENDDATE="2079-06-06" ISACTUAL="1" ISACTIVE="1" /><STEAD ID="68664004" OBJECTID="165150589" OBJECTGUID="861527b9-f981-4185-ab2a-0a931500ccd0" CHANGEID="600791627" NUMBER="17" OPERTYPEID="10" PREVID="0" NEXTID="0" UPDATEDATE="2024-09-09" STARTDATE="2024-09-09" ENDDATE="2079-06-06" ISACTUAL="1" ISACTIVE="1" /><STEAD ID="68664017" OBJECTID="165150604" OBJECTGUID="98d31f1e-d95d-437d-8cff-ac4906020441" CHANGEID="600791674" NUMBER="23" OPERTYPEID="10" PREVID="0" NEXTID="0" UPDATEDATE="2024-09-09" STARTDATE="2024-09-09" ENDDATE="2079-06-06" ISACTUAL="1" ISACTIVE="1" /><STEAD ID="68663998" OBJECTID="165150583" OBJECTGUID="817a2989-f76c-49ca-85a4-d9ab50ae37e8" CHANGEID="600791609" NUMBER="13" OPERTYPEID="10" PREVID="0" NEXTID="0" UPDATEDATE="2024-09-09" STARTDATE="2024-09-09" ENDDATE="2079-06-06" ISACTUAL="1" ISACTIVE="1" /><STEAD ID="68664008" OBJECTID="165150592" OBJECTGUID="90fcf85e-2be9-43ef-b675-4b2e3574ba4f" CHANGEID="600791636" NUMBER="21" OPERTYPEID="10" PREVID="0" NEXTID="0" UPDATEDATE="2024-09-09" STARTDATE="2024-09-09" ENDDATE="2079-06-06" ISACTUAL="1" ISACTIVE="1" /><STEAD ID="68664012" OBJECTID="165150595" OBJECTGUID="8f536ca2-b91b-47bc-a80d-079b6bda5777" CHANGEID="600791650" NUMBER="22" OPERTYPEID="10" PREVID="0" NEXTID="0" UPDATEDATE="2024-09-09" STARTDATE="2024-09-09" ENDDATE="2079-06-06" ISACTUAL="1" ISACTIVE="1" /><STEAD ID="68664034" OBJECTID="165150620" OBJECTGUID="2bcc11ea-b9dc-4ab6-8c95-a2bdf964d9fd" CHANGEID="600791712" NUMBER="26" OPERTYPEID="10" PREVID="0" NEXTID="0" UPDATEDATE="2024-09-09" STARTDATE="2024-09-09" ENDDATE="2079-06-06" ISACTUAL="1" ISACTIVE="1" /><STEAD ID="68664043" OBJECTID="165150628" OBJECTGUID="562d269f-ec0c-4f59-90ea-0c2b64e07d95" CHANGEID="600791730" NUMBER="27" OPERTYPEID="10" PREVID="0" NEXTID="0" UPDATEDATE="2024-09-09" STARTDATE="2024-09-09" ENDDATE="2079-06-06" ISACTUAL="1" ISACTIVE="1" /><STEAD ID="68664052" OBJECTID="165150640" OBJECTGUID="74efcd39-d007-4d42-9de1-1cd7ccc65b90" CHANGEID="600791789" NUMBER="28А" OPERTYPEID="10" PREVID="0" NEXTID="0" UPDATEDATE="2024-09-09" STARTDATE="2024-09-09" ENDDATE="2079-06-06" ISACTUAL="1" ISACTIVE="1" /><STEAD ID="68664063" OBJECTID="165150652" OBJECTGUID="b2fc4015-3dc2-494b-bd9f-13e947ee6a8e" CHANGEID="600791811" NUMBER="28/2" OPERTYPEID="10" PREVID="0" NEXTID="0" UPDATEDATE="2024-09-09" STARTDATE="2024-09-09" ENDDATE="2079-06-06" ISACTUAL="1" ISACTIVE="1" /><STEAD ID="68664070" OBJECTID="165150657" OBJECTGUID="98c75f9e-63b8-4b0c-b466-4480679f4e90" CHANGEID="600791823" NUMBER="30" OPERTYPEID="10" PREVID="0" NEXTID="0" UPDATEDATE="2024-09-09" STARTDATE="2024-09-09" ENDDATE="2079-06-06" ISACTUAL="1" ISACTIVE="1" /><STEAD ID="68664078" OBJECTID="165150660" OBJECTGUID="e5dc7749-ee49-489c-bf45-a0e2e5b69415" CHANGEID="600791835" NUMBER="32" OPERTYPEID="10" PREVID="0" NEXTID="0" UPDATEDATE="2024-09-09" STARTDATE="2024-09-09" ENDDATE="2079-06-06" ISACTUAL="1" ISACTIVE="1" /><STEAD ID="68664088" OBJECTID="165150667" OBJECTGUID="985fd260-0912-41ef-b963-7f684f863694" CHANGEID="600791849" NUMBER="11" OPERTYPEID="10" PREVID="0" NEXTID="0" UPDATEDATE="2024-09-09" STARTDATE="2024-09-09" ENDDATE="2079-06-06" ISACTUAL="1" ISACTIVE="1" /><STEAD ID="68664096" OBJECTID="165150670" OBJECTGUID="a47f04de-e0f9-44c6-91c6-8f473c561e27" CHANGEID="600791857" NUMBER="34" OPERTYPEID="10" PREVID="0" NEXTID="0" UPDATEDATE="2024-09-09" STARTDATE="2024-09-09" ENDDATE="2079-06-06" ISACTUAL="1" ISACTIVE="1" /><STEAD ID="68664022" OBJECTID="165150607" OBJECTGUID="0cbe3425-3f52-4652-b323-6f71e39aaff6" CHANGEID="600791684" NUMBER="24" OPERTYPEID="10" PREVID="0" NEXTID="0" UPDATEDATE="2024-09-09" STARTDATE="2024-09-09" ENDDATE="2079-06-06" ISACTUAL="1" ISACTIVE="1" /><STEAD ID="68664024" OBJECTID="165150608" OBJECTGUID="14560dc8-e53c-4410-a86a-2babdbe5b47f" CHANGEID="600791686" NUMBER="9" OPERTYPEID="10" PREVID="0" NEXTID="0" UPDATEDATE="2024-09-09" STARTDATE="2024-09-09" ENDDATE="2079-06-06" ISACTUAL="1" ISACTIVE="1" /><STEAD ID="68664026" OBJECTID="165150612" OBJECTGUID="b8a284d8-99ee-4ad7-9b82-219b377ea747" CHANGEID="600791696" NUMBER="25" OPERTYPEID="10" PREVID="0" NEXTID="0" UPDATEDATE="2024-09-09" STARTDATE="2024-09-09" ENDDATE="2079-06-06" ISACTUAL="1" ISACTIVE="1" /><STEAD ID="68664087" OBJECTID="165150666" OBJECTGUID="549a9fa8-dd12-4f2d-93fe-1d6a1679be94" CHANGEID="600791848" NUMBER="33" OPERTYPEID="10" PREVID="0" NEXTID="0" UPDATEDATE="2024-09-09" STARTDATE="2024-09-09" ENDDATE="2079-06-06" ISACTUAL="1" ISACTIVE="1" /><STEAD ID="68664104" OBJECTID="165150679" OBJECTGUID="4971df1b-c7e0-4cee-b1fc-21ba08fe347b" CHANGEID="600791873" NUMBER="35" OPERTYPEID="10" PREVID="0" NEXTID="0" UPDATEDATE="2024-09-09" STARTDATE="2024-09-09" ENDDATE="2079-06-06" ISACTUAL="1" ISACTIVE="1" /><STEAD ID="68664111" OBJECTID="165150685" OBJECTGUID="bcf28a01-5fca-4750-a959-ac785077af29" CHANGEID="600791913" NUMBER="36" OPERTYPEID="10" PREVID="0" NEXTID="0" UPDATEDATE="2024-09-09" STARTDATE="2024-09-09" ENDDATE="2079-06-06" ISACTUAL="1" ISACTIVE="1" /><STEAD ID="68664121" OBJECTID="165150696" OBJECTGUID="99aab482-d558-49cb-9c70-4a43858360f6" CHANGEID="600795713" NUMBER="38" OPERTYPEID="10" PREVID="0" NEXTID="0" UPDATEDATE="2024-09-09" STARTDATE="2024-09-09" ENDDATE="2079-06-06" ISACTUAL="1" ISACTIVE="1" /><STEAD ID="68664128" OBJECTID="165150706" OBJECTGUID="84f7dba2-22df-45ac-b9db-11fcb3ce43e9" CHANGEID="600795725" NUMBER="9/2" OPERTYPEID="10" PREVID="0" NEXTID="0" UPDATEDATE="2024-09-09" STARTDATE="2024-09-09" ENDDATE="2079-06-06" ISACTUAL="1" ISACTIVE="1" /><STEAD ID="68664146" OBJECTID="165150725" OBJECTGUID="28a712b5-b02e-4670-8c58-9b3aaec99ab7" CHANGEID="600795752" NUMBER="42" OPERTYPEID="10" PREVID="0" NEXTID="0" UPDATEDATE="2024-09-09" STARTDATE="2024-09-09" ENDDATE="2079-06-06" ISACTUAL="1" ISACTIVE="1" /><STEAD ID="68664162" OBJECTID="165150740" OBJECTGUID="de3c67ca-e44f-4dc0-bb24-71020a71793b" CHANGEID="600795783" NUMBER="43А" OPERTYPEID="10" PREVID="0" NEXTID="0" UPDATEDATE="2024-09-09" STARTDATE="2024-09-09" ENDDATE="2079-06-06" ISACTUAL="1" ISACTIVE="1" /><STEAD ID="68664110" OBJECTID="165150684" OBJECTGUID="3c2c8cfc-3bba-4db9-a86b-20b6b1d7e6b8" CHANGEID="600791912" NUMBER="11" OPERTYPEID="10" PREVID="0" NEXTID="0" UPDATEDATE="2024-09-09" STARTDATE="2024-09-09" ENDDATE="2079-06-06" ISACTUAL="1" ISACTIVE="1" /><STEAD ID="68664117" OBJECTID="165150690" OBJECTGUID="dc6f4ae4-ea57-45a6-bc78-58a4bdad329e" CHANGEID="600795704" NUMBER="37А" OPERTYPEID="10" PREVID="0" NEXTID="0" UPDATEDATE="2024-09-09" STARTDATE="2024-09-09" ENDDATE="2079-06-06" ISACTUAL="1" ISACTIVE="1" /><STEAD ID="68664126" OBJECTID="165150703" OBJECTGUID="28bfe7f3-30e6-4b00-8897-9f72e11ad80b" CHANGEID="600795722" NUMBER="40" OPERTYPEID="10" PREVID="0" NEXTID="0" UPDATEDATE="2024-09-09" STARTDATE="2024-09-09" ENDDATE="2079-06-06" ISACTUAL="1" ISACTIVE="1" /><STEAD ID="68664131" OBJECTID="165150709" OBJECTGUID="e22498ed-2975-42d9-bc5d-e5e558403da4" CHANGEID="600795732" NUMBER="41" OPERTYPEID="10" PREVID="0" NEXTID="0" UPDATEDATE="2024-09-09" STARTDATE="2024-09-09" ENDDATE="2079-06-06" ISACTUAL="1" ISACTIVE="1" /><STEAD ID="68664149" OBJECTID="165150728" OBJECTGUID="6419da74-3857-43c7-8b70-65afced12003" CHANGEID="600795763" NUMBER="32" OPERTYPEID="10" PREVID="0" NEXTID="0" UPDATEDATE="2024-09-09" STARTDATE="2024-09-09" ENDDATE="2079-06-06" ISACTUAL="1" ISACTIVE="1" /><STEAD ID="68664155" OBJECTID="165150735" OBJECTGUID="1e822d39-92f8-4f28-b6b0-0fe96835acb4" CHANGEID="600795772" NUMBER="43/1" OPERTYPEID="10" PREVID="0" NEXTID="0" UPDATEDATE="2024-09-09" STARTDATE="2024-09-09" ENDDATE="2079-06-06" ISACTUAL="1" ISACTIVE="1" /><STEAD ID="68664173" OBJECTID="165150750" OBJECTGUID="8979ab3a-c15d-46a8-92e5-6f7a40e08d8e" CHANGEID="600795798" NUMBER="43Б" OPERTYPEID="10" PREVID="0" NEXTID="0" UPDATEDATE="2024-09-09" STARTDATE="2024-09-09" ENDDATE="2079-06-06" ISACTUAL="1" ISACTIVE="1" /><STEAD ID="68664167" OBJECTID="165150744" OBJECTGUID="6a1093fd-0e3e-435a-a6ea-4afcaa51fc33" CHANGEID="600795791" NUMBER="17" OPERTYPEID="10" PREVID="0" NEXTID="0" UPDATEDATE="2024-09-09" STARTDATE="2024-09-09" ENDDATE="2079-06-06" ISACTUAL="1" ISACTIVE="1" /><STEAD ID="68664182" OBJECTID="165150758" OBJECTGUID="2a53ea82-3831-4fa3-884d-4929f4502813" CHANGEID="600795809" NUMBER="46" OPERTYPEID="10" PREVID="0" NEXTID="0" UPDATEDATE="2024-09-09" STARTDATE="2024-09-09" ENDDATE="2079-06-06" ISACTUAL="1" ISACTIVE="1" /><STEAD ID="68664216" OBJECTID="165150792" OBJECTGUID="36e97f5b-a327-4d4c-a867-cad3679bb357" CHANGEID="600795859" NUMBER="48" OPERTYPEID="10" PREVID="0" NEXTID="0" UPDATEDATE="2024-09-09" STARTDATE="2024-09-09" ENDDATE="2079-06-06" ISACTUAL="1" ISACTIVE="1" /><STEAD ID="68664222" OBJECTID="165150797" OBJECTGUID="f883799f-863e-4375-925d-ecef711195f9" CHANGEID="600795869" NUMBER="50" OPERTYPEID="10" PREVID="0" NEXTID="0" UPDATEDATE="2024-09-09" STARTDATE="2024-09-09" ENDDATE="2079-06-06" ISACTUAL="1" ISACTIVE="1" /><STEAD ID="68664232" OBJECTID="165150805" OBJECTGUID="b0e1a7a8-4a2f-4ad2-b251-7a91e71536f4" CHANGEID="600795883" NUMBER="56" OPERTYPEID="10" PREVID="0" NEXTID="0" UPDATEDATE="2024-09-09" STARTDATE="2024-09-09" ENDDATE="2079-06-06" ISACTUAL="1" ISACTIVE="1" /><STEAD ID="68664239" OBJECTID="165150808" OBJECTGUID="f3f06c98-d71a-4378-9bb5-b69680be8ac1" CHANGEID="600795891" NUMBER="58" OPERTYPEID="10" PREVID="0" NEXTID="0" UPDATEDATE="2024-09-09" STARTDATE="2024-09-09" ENDDATE="2079-06-06" ISACTUAL="1" ISACTIVE="1" /><STEAD ID="68664243" OBJECTID="165150811" OBJECTGUID="d1038b4b-c131-457a-9857-ddec34ec4b67" CHANGEID="600795898" NUMBER="14" OPERTYPEID="10" PREVID="0" NEXTID="0" UPDATEDATE="2024-09-09" STARTDATE="2024-09-09" ENDDATE="2079-06-06" ISACTUAL="1" ISACTIVE="1" /><STEAD ID="68664261" OBJECTID="165150824" OBJECTGUID="530dfb82-6201-4895-85fb-8699680b23f5" CHANGEID="600795919" NUMBER="64" OPERTYPEID="10" PREVID="0" NEXTID="0" UPDATEDATE="2024-09-09" STARTDATE="2024-09-09" ENDDATE="2079-06-06" ISACTUAL="1" ISACTIVE="1" /><STEAD ID="68664266" OBJECTID="165150857" OBJECTGUID="831bee62-458c-4888-ab20-1870cbfdf001" CHANGEID="600795958" NUMBER="66" OPERTYPEID="10" PREVID="0" NEXTID="0" UPDATEDATE="2024-09-09" STARTDATE="2024-09-09" ENDDATE="2079-06-06" ISACTUAL="1" ISACTIVE="1" /><STEAD ID="68664246" OBJECTID="165150812" OBJECTGUID="cc55248b-cfb0-48ee-ab15-5dc2d227e4b3" CHANGEID="600795901" NUMBER="62" OPERTYPEID="10" PREVID="0" NEXTID="0" UPDATEDATE="2024-09-09" STARTDATE="2024-09-09" ENDDATE="2079-06-06" ISACTUAL="1" ISACTIVE="1" /><STEAD ID="68664275" OBJECTID="165150864" OBJECTGUID="f794aec6-8bcd-4696-a2b1-4e91df29eea0" CHANGEID="600795970" NUMBER="68" OPERTYPEID="10" PREVID="0" NEXTID="0" UPDATEDATE="2024-09-09" STARTDATE="2024-09-09" ENDDATE="2079-06-06" ISACTUAL="1" ISACTIVE="1" /><STEAD ID="68668762" OBJECTID="165159555" OBJECTGUID="5b508fe3-36a2-402d-a49b-9d13a066850c" CHANGEID="600810419" NUMBER="16" OPERTYPEID="10" PREVID="0" NEXTID="0" UPDATEDATE="2024-09-10" STARTDATE="2024-09-10" ENDDATE="2079-06-06" ISACTUAL="1" ISACTIVE="1" /><STEAD ID="68669731" OBJECTID="164868374" OBJECTGUID="ea504a64-581d-466f-af48-5122d4869f85" CHANGEID="600813040" NUMBER="7" OPERTYPEID="20" PREVID="68517672" UPDATEDATE="2024-09-10" STARTDATE="2024-09-10" ENDDATE="2079-06-06" ISACTUAL="1" ISACTIVE="1" /><STEAD ID="68671279" OBJECTID="85859296" OBJECTGUID="daaea4ca-13f8-49de-a9a1-9b0461192c67" CHANGEID="600817998" NUMBER="30В" OPERTYPEID="30" PREVID="1310580" NEXTID="0" UPDATEDATE="2024-09-10" STARTDATE="2024-09-10" ENDDATE="2079-06-06" ISACTUAL="1" ISACTIVE="0" /><STEAD ID="68672242" OBJECTID="92279217" OBJECTGUID="7672264e-803d-465d-8c62-c4db86b7510b" CHANGEID="600819788" NUMBER="17" OPERTYPEID="30" PREVID="7745320" NEXTID="0" UPDATEDATE="2024-09-10" STARTDATE="2024-09-10" ENDDATE="2079-06-06" ISACTUAL="1" ISACTIVE="0" /><STEAD ID="7745320" OBJECTID="92279217" OBJECTGUID="7672264e-803d-465d-8c62-c4db86b7510b" CHANGEID="135084311" NUMBER="17" OPERTYPEID="10" NEXTID="68672242" UPDATEDATE="2024-09-10" STARTDATE="2019-11-05" ENDDATE="2024-09-10" ISACTUAL="0" ISACTIVE="0" /><STEAD ID="68672243" OBJECTID="92240965" OBJECTGUID="8f4ce469-d7ed-4fe6-b0b9-169639d984c5" CHANGEID="600819789" NUMBER="3" OPERTYPEID="30" PREVID="7707052" NEXTID="0" UPDATEDATE="2024-09-10" STARTDATE="2024-09-10" ENDDATE="2079-06-06" ISACTUAL="1" ISACTIVE="0" /><STEAD ID="68672244" OBJECTID="91202209" OBJECTGUID="35500357-ecc4-430a-92d5-a6dc78b24ae0" CHANGEID="600819790" NUMBER="5" OPERTYPEID="30" PREVID="6667615" NEXTID="0" UPDATEDATE="2024-09-10" STARTDATE="2024-09-10" ENDDATE="2079-06-06" ISACTUAL="1" ISACTIVE="0" /><STEAD ID="6667615" OBJECTID="91202209" OBJECTGUID="35500357-ecc4-430a-92d5-a6dc78b24ae0" CHANGEID="133898283" NUMBER="5" OPERTYPEID="10" NEXTID="68672244" UPDATEDATE="2024-09-10" STARTDATE="2019-11-05" ENDDATE="2024-09-10" ISACTUAL="0" ISACTIVE="0" /><STEAD ID="68675046" OBJECTID="94008064" OBJECTGUID="b2bb2bb6-b215-4ceb-97f8-af4dcd410d86" CHANGEID="600825429" NUMBER="15" OPERTYPEID="30" PREVID="9474829" NEXTID="0" UPDATEDATE="2024-09-10" STARTDATE="2024-09-10" ENDDATE="2079-06-06" ISACTUAL="1" ISACTIVE="0" /><STEAD ID="68675047" OBJECTID="88592488" OBJECTGUID="528767aa-cf2a-4f4a-95b0-e5d941139975" CHANGEID="600825430" NUMBER="9" OPERTYPEID="30" PREVID="4053987" NEXTID="0" UPDATEDATE="2024-09-10" STARTDATE="2024-09-10" ENDDATE="2079-06-06" ISACTUAL="1" ISACTIVE="0" /><STEAD ID="4053987" OBJECTID="88592488" OBJECTGUID="528767aa-cf2a-4f4a-95b0-e5d941139975" CHANGEID="130928376" NUMBER="9" OPERTYPEID="10" NEXTID="68675047" UPDATEDATE="2024-09-10" STARTDATE="2017-06-05" ENDDATE="2024-09-10" ISACTUAL="0" ISACTIVE="0" /><STEAD ID="68674958" OBJECTID="165169087" OBJECTGUID="722f532f-419c-4d9e-9336-ee8ee23a6b70" CHANGEID="600825195" NUMBER="4" OPERTYPEID="10" PREVID="0" NEXTID="0" UPDATEDATE="2024-09-10" STARTDATE="2024-09-10" ENDDATE="2079-06-06" ISACTUAL="1" ISACTIVE="1" /><STEAD ID="68675073" OBJECTID="165169314" OBJECTGUID="5dd900f5-397a-4781-8e46-6980ee8c9079" CHANGEID="600825497" NUMBER="50" OPERTYPEID="10" PREVID="0" NEXTID="0" UPDATEDATE="2024-09-10" STARTDATE="2024-09-10" ENDDATE="2079-06-06" ISACTUAL="1" ISACTIVE="1" /><STEAD ID="68675594" OBJECTID="165170051" OBJECTGUID="03ed4bed-8948-4c6e-82ba-26144cce564e" CHANGEID="600826453" NUMBER="2б" OPERTYPEID="10" PREVID="0" NEXTID="0" UPDATEDATE="2024-09-10" STARTDATE="2024-09-10" ENDDATE="2079-06-06" ISACTUAL="1" ISACTIVE="1" /><STEAD ID="68675678" OBJECTID="165170241" OBJECTGUID="cb625d45-40a1-47e4-b167-f49e1763c7a0" CHANGEID="600826698" NUMBER="292" OPERTYPEID="10" PREVID="0" NEXTID="0" UPDATEDATE="2024-09-10" STARTDATE="2024-09-10" ENDDATE="2079-06-06" ISACTUAL="1" ISACTIVE="1" /><STEAD ID="68678519" OBJECTID="165174722" OBJECTGUID="10eb5004-a956-45c7-91c1-a7c4c896e8fa" CHANGEID="600834176" NUMBER="9" OPERTYPEID="10" PREVID="0" NEXTID="0" UPDATEDATE="2024-09-10" STARTDATE="2024-09-10" ENDDATE="2079-06-06" ISACTUAL="1" ISACTIVE="1" /><STEAD ID="68678603" OBJECTID="165174848" OBJECTGUID="90643cbb-94d8-483e-9915-5020b977ebb4" CHANGEID="600834479" NUMBER="192" OPERTYPEID="10" PREVID="0" NEXTID="0" UPDATEDATE="2024-09-10" STARTDATE="2024-09-10" ENDDATE="2079-06-06" ISACTUAL="1" ISACTIVE="1" /><STEAD ID="68679279" OBJECTID="165176530" OBJECTGUID="c40e693d-8a85-44c1-a4e4-7e81186bb65b" CHANGEID="600836652" NUMBER="32" OPERTYPEID="10" PREVID="0" NEXTID="0" UPDATEDATE="2024-09-10" STARTDATE="2024-09-10" ENDDATE="2079-06-06" ISACTUAL="1" ISACTIVE="1" /><STEAD ID="68679499" OBJECTID="165176848" OBJECTGUID="b1c88d8b-66cb-4386-bb73-339c2891783e" CHANGEID="600837119" NUMBER="188" OPERTYPEID="10" PREVID="0" NEXTID="0" UPDATEDATE="2024-09-10" STARTDATE="2024-09-10" ENDDATE="2079-06-06" ISACTUAL="1" ISACTIVE="1" /><STEAD ID="68680545" OBJECTID="165178156" OBJECTGUID="3acbef30-8ad3-4fad-8968-6fa0d532fd02" CHANGEID="600839068" NUMBER="13" OPERTYPEID="10" PREVID="0" NEXTID="0" UPDATEDATE="2024-09-10" STARTDATE="2024-09-10" ENDDATE="2079-06-06" ISACTUAL="1" ISACTIVE="1" /><STEAD ID="68681972" OBJECTID="165180796" OBJECTGUID="bee8a033-6000-4cd0-bced-f36830ea0761" CHANGEID="600843973" NUMBER="239/1" OPERTYPEID="10" PREVID="0" NEXTID="0" UPDATEDATE="2024-09-10" STARTDATE="2024-09-10" ENDDATE="2079-06-06" ISACTUAL="1" ISACTIVE="1" /><STEAD ID="68682725" OBJECTID="165181968" OBJECTGUID="378fc48d-c767-4343-8b07-8e2409e44555" CHANGEID="600845958" NUMBER="2а" OPERTYPEID="10" PREVID="0" NEXTID="0" UPDATEDATE="2024-09-10" STARTDATE="2024-09-10" ENDDATE="2079-06-06" ISACTUAL="1" ISACTIVE="1" /><STEAD ID="68682850" OBJECTID="165182305" OBJECTGUID="07380643-1b5b-476d-bc0b-ffec2dab04ed" CHANGEID="600846789" NUMBER="111" OPERTYPEID="10" PREVID="0" NEXTID="0" UPDATEDATE="2024-09-10" STARTDATE="2024-09-10" ENDDATE="2079-06-06" ISACTUAL="1" ISACTIVE="1" /><STEAD ID="68682976" OBJECTID="165182482" OBJECTGUID="937af666-6609-4462-ace0-2a02fbbae0ba" CHANGEID="600847084" NUMBER="49в" OPERTYPEID="10" PREVID="0" NEXTID="0" UPDATEDATE="2024-09-10" STARTDATE="2024-09-10" ENDDATE="2079-06-06" ISACTUAL="1" ISACTIVE="1" /><STEAD ID="68683037" OBJECTID="165182565" OBJECTGUID="cdf43912-c9d5-4b90-b41a-b00c2ef128ea" CHANGEID="600847233" NUMBER="90" OPERTYPEID="10" PREVID="0" NEXTID="0" UPDATEDATE="2024-09-10" STARTDATE="2024-09-10" ENDDATE="2079-06-06" ISACTUAL="1" ISACTIVE="1" /><STEAD ID="68683039" OBJECTID="165182569" OBJECTGUID="33a96080-1599-44a7-8af7-dca8701dcb4a" CHANGEID="600847237" NUMBER="16" OPERTYPEID="10" PREVID="0" NEXTID="0" UPDATEDATE="2024-09-10" STARTDATE="2024-09-10" ENDDATE="2079-06-06" ISACTUAL="1" ISACTIVE="1" /><STEAD ID="68683073" OBJECTID="165182617" OBJECTGUID="64713002-c06d-4764-b3c0-96711097bbd2" CHANGEID="600847323" NUMBER="19" OPERTYPEID="10" PREVID="0" NEXTID="0" UPDATEDATE="2024-09-10" STARTDATE="2024-09-10" ENDDATE="2079-06-06" ISACTUAL="1" ISACTIVE="1" /><STEAD ID="68683100" OBJECTID="165182646" OBJECTGUID="4f412ee4-fc02-4312-a4ae-efd54baf4e36" CHANGEID="600847362" NUMBER="44" OPERTYPEID="10" PREVID="0" NEXTID="0" UPDATEDATE="2024-09-10" STARTDATE="2024-09-10" ENDDATE="2079-06-06" ISACTUAL="1" ISACTIVE="1" /><STEAD ID="68683101" OBJECTID="165182647" OBJECTGUID="8fef1527-018c-44f6-90f6-b145c4123085" CHANGEID="600847363" NUMBER="153" OPERTYPEID="10" PREVID="0" NEXTID="0" UPDATEDATE="2024-09-10" STARTDATE="2024-09-10" ENDDATE="2079-06-06" ISACTUAL="1" ISACTIVE="1" /><STEAD ID="68683155" OBJECTID="165182713" OBJECTGUID="52cb2c22-1d09-4b06-9909-8a51023d1234" CHANGEID="600847469" NUMBER="49е" OPERTYPEID="10" PREVID="0" NEXTID="0" UPDATEDATE="2024-09-10" STARTDATE="2024-09-10" ENDDATE="2079-06-06" ISACTUAL="1" ISACTIVE="1" /><STEAD ID="68683159" OBJECTID="165182719" OBJECTGUID="82ab2368-3ed7-44d7-bf8a-6ed55838b6a5" CHANGEID="600847481" NUMBER="37а" OPERTYPEID="10" PREVID="0" NEXTID="0" UPDATEDATE="2024-09-10" STARTDATE="2024-09-10" ENDDATE="2079-06-06" ISACTUAL="1" ISACTIVE="1" /><STEAD ID="68683160" OBJECTID="165182720" OBJECTGUID="c5128d93-132a-4d11-a664-a9dd3caa96c2" CHANGEID="600847482" NUMBER="263" OPERTYPEID="10" PREVID="0" NEXTID="0" UPDATEDATE="2024-09-10" STARTDATE="2024-09-10" ENDDATE="2079-06-06" ISACTUAL="1" ISACTIVE="1" /><STEAD ID="68683167" OBJECTID="165182730" OBJECTGUID="8109b58a-ff35-42cc-b6ab-311e2d73ac46" CHANGEID="600847499" NUMBER="27" OPERTYPEID="10" PREVID="0" NEXTID="0" UPDATEDATE="2024-09-10" STARTDATE="2024-09-10" ENDDATE="2079-06-06" ISACTUAL="1" ISACTIVE="1" /><STEAD ID="68683179" OBJECTID="165182748" OBJECTGUID="751a0d59-6ff5-408c-9d3d-3c4ec057d33a" CHANGEID="600847530" NUMBER="27а" OPERTYPEID="10" PREVID="0" NEXTID="0" UPDATEDATE="2024-09-10" STARTDATE="2024-09-10" ENDDATE="2079-06-06" ISACTUAL="1" ISACTIVE="1" /><STEAD ID="68694101" OBJECTID="165205159" OBJECTGUID="13446516-3453-4ac4-bc11-d2775b344268" CHANGEID="600904032" NUMBER="103" OPERTYPEID="10" PREVID="0" NEXTID="0" UPDATEDATE="2024-09-11" STARTDATE="2024-09-11" ENDDATE="2079-06-06" ISACTUAL="1" ISACTIVE="1" /><STEAD ID="68703702" OBJECTID="165219793" OBJECTGUID="c3fac2a7-bd06-4552-a7bc-0c4dc4ddd70b" CHANGEID="600929546" NUMBER="43" OPERTYPEID="10" PREVID="0" NEXTID="0" UPDATEDATE="2024-09-11" STARTDATE="2024-09-11" ENDDATE="2079-06-06" ISACTUAL="1" ISACTIVE="1" /><STEAD ID="68703737" OBJECTID="165219838" OBJECTGUID="5fa30648-15a9-40bf-a55c-57f99a59d07a" CHANGEID="600929961" NUMBER="56" OPERTYPEID="10" PREVID="0" NEXTID="0" UPDATEDATE="2024-09-11" STARTDATE="2024-09-11" ENDDATE="2079-06-06" ISACTUAL="1" ISACTIVE="1" /><STEAD ID="68704882" OBJECTID="165221444" OBJECTGUID="8d91eeed-aea7-4ee6-bd79-4e8d84ef6ae7" CHANGEID="600932846" NUMBER="26с" OPERTYPEID="10" PREVID="0" NEXTID="0" UPDATEDATE="2024-09-11" STARTDATE="2024-09-11" ENDDATE="2079-06-06" ISACTUAL="1" ISACTIVE="1" /></STEADS>