﻿<?xml version="1.0" encoding="utf-8"?><ADDRESSOBJECTS><OBJECT ID="1257392" OBJECTID="1018071" OBJECTGUID="699d2535-dedc-4865-bac9-b748d396f19f" CHANGEID="2783754" NAME="Пачелмский" TYPENAME="с/с" LEVEL="5" OPERTYPEID="10" PREVID="0" NEXTID="52126095" UPDATEDATE="2024-09-09" STARTDATE="2004-11-12" ENDDATE="2024-09-09" ISACTUAL="0" ISACTIVE="0" /><OBJECT ID="1258019" OBJECTID="1018626" OBJECTGUID="d4ebe53c-b6da-4277-8a86-aa3a43dc1104" CHANGEID="2785290" NAME="Русско-Качимский" TYPENAME="с/с" LEVEL="5" OPERTYPEID="10" PREVID="0" NEXTID="52126087" UPDATEDATE="2024-09-09" STARTDATE="2004-11-02" ENDDATE="2024-09-09" ISACTUAL="0" ISACTIVE="0" /><OBJECT ID="1257933" OBJECTID="1018545" OBJECTGUID="a97412db-6d34-4293-99df-a0748ff6aa00" CHANGEID="2785098" NAME="Нижнелиповский" TYPENAME="с/с" LEVEL="5" OPERTYPEID="10" PREVID="0" NEXTID="52126088" UPDATEDATE="2024-09-09" STARTDATE="2004-11-02" ENDDATE="2024-09-09" ISACTUAL="0" ISACTIVE="0" /><OBJECT ID="1258321" OBJECTID="1018881" OBJECTGUID="de41c717-3503-4007-afaf-6f59d923ae3c" CHANGEID="2786006" NAME="Болотниковский" TYPENAME="с/с" LEVEL="5" OPERTYPEID="10" PREVID="0" NEXTID="52126058" UPDATEDATE="2024-09-09" STARTDATE="2004-07-01" ENDDATE="2024-09-09" ISACTUAL="0" ISACTIVE="0" /><OBJECT ID="1258837" OBJECTID="1019318" OBJECTGUID="111788ec-c878-4c32-bb75-d81436cf30c3" CHANGEID="2787290" NAME="Ломовский" TYPENAME="с/с" LEVEL="5" OPERTYPEID="10" PREVID="0" NEXTID="52126181" UPDATEDATE="2024-09-09" STARTDATE="2004-07-01" ENDDATE="2024-09-09" ISACTUAL="0" ISACTIVE="0" /><OBJECT ID="52125931" OBJECTID="165102249" OBJECTGUID="02c734b4-e974-49e5-8319-7ecdeeb464f6" CHANGEID="600582804" NAME="72-й" TYPENAME="км" LEVEL="8" OPERTYPEID="10" PREVID="0" NEXTID="0" UPDATEDATE="2024-09-06" STARTDATE="2024-09-06" ENDDATE="2079-06-06" ISACTUAL="1" ISACTIVE="1" /><OBJECT ID="52125971" OBJECTID="165113039" OBJECTGUID="e386a25c-2dbb-407b-92d6-6df9bfd345df" CHANGEID="600700977" NAME="Марьина роща" TYPENAME="тер." LEVEL="7" OPERTYPEID="10" PREVID="0" NEXTID="0" UPDATEDATE="2024-09-06" STARTDATE="2024-09-06" ENDDATE="2079-06-06" ISACTUAL="1" ISACTIVE="1" /><OBJECT ID="52125972" OBJECTID="165113172" OBJECTGUID="6004d610-d0d7-4355-8eea-72380c0d8b0b" CHANGEID="600701263" NAME="Отваги" TYPENAME="ул." LEVEL="8" OPERTYPEID="10" PREVID="0" NEXTID="0" UPDATEDATE="2024-09-06" STARTDATE="2024-09-06" ENDDATE="2079-06-06" ISACTUAL="1" ISACTIVE="1" /><OBJECT ID="52125973" OBJECTID="165113173" OBJECTGUID="fd068cd8-d7a3-4d21-856d-0c91b6dc07a3" CHANGEID="600701264" NAME="Единства" TYPENAME="ул." LEVEL="8" OPERTYPEID="10" PREVID="0" NEXTID="0" UPDATEDATE="2024-09-06" STARTDATE="2024-09-06" ENDDATE="2079-06-06" ISACTUAL="1" ISACTIVE="1" /><OBJECT ID="52125974" OBJECTID="165113174" OBJECTGUID="bedd5691-3bba-4a92-914e-d98526081852" CHANGEID="600701265" NAME="Храбрости" TYPENAME="ул." LEVEL="8" OPERTYPEID="10" PREVID="0" NEXTID="0" UPDATEDATE="2024-09-06" STARTDATE="2024-09-06" ENDDATE="2079-06-06" ISACTUAL="1" ISACTIVE="1" /><OBJECT ID="52125975" OBJECTID="165113175" OBJECTGUID="760cc2f6-97bd-410c-8de0-544b8b44f5b1" CHANGEID="600701266" NAME="Мужества" TYPENAME="ул." LEVEL="8" OPERTYPEID="10" PREVID="0" NEXTID="0" UPDATEDATE="2024-09-06" STARTDATE="2024-09-06" ENDDATE="2079-06-06" ISACTUAL="1" ISACTIVE="1" /><OBJECT ID="52125976" OBJECTID="165113176" OBJECTGUID="d151d0be-b5bc-4098-ae66-884fe7dc939d" CHANGEID="600701267" NAME="Доблести" TYPENAME="ул." LEVEL="8" OPERTYPEID="10" PREVID="0" NEXTID="0" UPDATEDATE="2024-09-06" STARTDATE="2024-09-06" ENDDATE="2079-06-06" ISACTUAL="1" ISACTIVE="1" /><OBJECT ID="52125977" OBJECTID="165113197" OBJECTGUID="8f334f3d-1c02-40e5-a208-1811e45baca8" CHANGEID="600701315" NAME="Героя России Гринина" TYPENAME="ул." LEVEL="8" OPERTYPEID="10" PREVID="0" NEXTID="0" UPDATEDATE="2024-09-06" STARTDATE="2024-09-06" ENDDATE="2079-06-06" ISACTUAL="1" ISACTIVE="1" /><OBJECT ID="52126057" OBJECTID="1012148" OBJECTGUID="c48ac30c-2644-4c8f-b21c-72efa7709248" CHANGEID="600770837" NAME="Царевщинский" TYPENAME="с/с" LEVEL="5" OPERTYPEID="30" PREVID="1250825" NEXTID="0" UPDATEDATE="2024-09-09" STARTDATE="2024-09-09" ENDDATE="2079-06-06" ISACTUAL="1" ISACTIVE="0" /><OBJECT ID="1250825" OBJECTID="1012148" OBJECTGUID="c48ac30c-2644-4c8f-b21c-72efa7709248" CHANGEID="2768004" NAME="Царевщинский" TYPENAME="с/с" LEVEL="5" OPERTYPEID="10" PREVID="0" NEXTID="52126057" UPDATEDATE="2024-09-09" STARTDATE="2004-07-01" ENDDATE="2024-09-09" ISACTUAL="0" ISACTIVE="0" /><OBJECT ID="52126058" OBJECTID="1018881" OBJECTGUID="de41c717-3503-4007-afaf-6f59d923ae3c" CHANGEID="600770867" NAME="Болотниковский" TYPENAME="с/с" LEVEL="5" OPERTYPEID="30" PREVID="1258321" NEXTID="0" UPDATEDATE="2024-09-09" STARTDATE="2024-09-09" ENDDATE="2079-06-06" ISACTUAL="1" ISACTIVE="0" /><OBJECT ID="52126087" OBJECTID="1018626" OBJECTGUID="d4ebe53c-b6da-4277-8a86-aa3a43dc1104" CHANGEID="600779097" NAME="Русско-Качимский" TYPENAME="с/с" LEVEL="5" OPERTYPEID="30" PREVID="1258019" NEXTID="0" UPDATEDATE="2024-09-09" STARTDATE="2024-09-09" ENDDATE="2079-06-06" ISACTUAL="1" ISACTIVE="0" /><OBJECT ID="52126088" OBJECTID="1018545" OBJECTGUID="a97412db-6d34-4293-99df-a0748ff6aa00" CHANGEID="600779098" NAME="Нижнелиповский" TYPENAME="с/с" LEVEL="5" OPERTYPEID="30" PREVID="1257933" NEXTID="0" UPDATEDATE="2024-09-09" STARTDATE="2024-09-09" ENDDATE="2079-06-06" ISACTUAL="1" ISACTIVE="0" /><OBJECT ID="52126089" OBJECTID="1018335" OBJECTGUID="6c78f956-32ae-4554-97a6-8253d4e25813" CHANGEID="600779099" NAME="Нижнемывальский" TYPENAME="с/с" LEVEL="5" OPERTYPEID="30" PREVID="1257692" NEXTID="0" UPDATEDATE="2024-09-09" STARTDATE="2024-09-09" ENDDATE="2079-06-06" ISACTUAL="1" ISACTIVE="0" /><OBJECT ID="1257692" OBJECTID="1018335" OBJECTGUID="6c78f956-32ae-4554-97a6-8253d4e25813" CHANGEID="2784495" NAME="Нижнемывальский" TYPENAME="с/с" LEVEL="5" OPERTYPEID="10" PREVID="0" NEXTID="52126089" UPDATEDATE="2024-09-09" STARTDATE="2004-11-02" ENDDATE="2024-09-09" ISACTUAL="0" ISACTIVE="0" /><OBJECT ID="52126090" OBJECTID="1017845" OBJECTGUID="53cc0885-fc2a-4523-8e92-19656f7862a9" CHANGEID="600779100" NAME="Малосадовский" TYPENAME="с/с" LEVEL="5" OPERTYPEID="30" PREVID="1257121" NEXTID="0" UPDATEDATE="2024-09-09" STARTDATE="2024-09-09" ENDDATE="2079-06-06" ISACTUAL="1" ISACTIVE="0" /><OBJECT ID="1257121" OBJECTID="1017845" OBJECTGUID="53cc0885-fc2a-4523-8e92-19656f7862a9" CHANGEID="2783119" NAME="Малосадовский" TYPENAME="с/с" LEVEL="5" OPERTYPEID="10" PREVID="0" NEXTID="52126090" UPDATEDATE="2024-09-09" STARTDATE="2004-11-02" ENDDATE="2024-09-09" ISACTUAL="0" ISACTIVE="0" /><OBJECT ID="52126095" OBJECTID="1018071" OBJECTGUID="699d2535-dedc-4865-bac9-b748d396f19f" CHANGEID="600779397" NAME="Пачелмский" TYPENAME="с/с" LEVEL="5" OPERTYPEID="30" PREVID="1257392" NEXTID="0" UPDATEDATE="2024-09-09" STARTDATE="2024-09-09" ENDDATE="2079-06-06" ISACTUAL="1" ISACTIVE="0" /><OBJECT ID="52126153" OBJECTID="165149341" OBJECTGUID="23b01217-c05b-4e65-8d60-45c6e1ad0095" CHANGEID="600789407" NAME="Полевая" TYPENAME="ул." LEVEL="8" OPERTYPEID="10" PREVID="0" NEXTID="0" UPDATEDATE="2024-09-09" STARTDATE="2024-09-09" ENDDATE="2079-06-06" ISACTUAL="1" ISACTIVE="1" /><OBJECT ID="52126181" OBJECTID="1019318" OBJECTGUID="111788ec-c878-4c32-bb75-d81436cf30c3" CHANGEID="600796185" NAME="Ломовский" TYPENAME="с/с" LEVEL="5" OPERTYPEID="30" PREVID="1258837" NEXTID="0" UPDATEDATE="2024-09-09" STARTDATE="2024-09-09" ENDDATE="2079-06-06" ISACTUAL="1" ISACTIVE="0" /></ADDRESSOBJECTS>