﻿<?xml version="1.0" encoding="utf-8"?><HOUSES><HOUSE ID="54894216" OBJECTID="67479233" OBJECTGUID="3197f40c-2499-4bd9-86d6-8079b54b2f34" CHANGEID="100602355" HOUSENUM="7" HOUSETYPE="2" OPERTYPEID="20" PREVID="40643834" NEXTID="126747390" UPDATEDATE="2024-09-09" STARTDATE="2014-01-04" ENDDATE="2024-09-09" ISACTUAL="0" ISACTIVE="0" /><HOUSE ID="56366838" OBJECTID="83234514" OBJECTGUID="4666c36c-a4f4-44d2-aacb-94f5011b4c1b" CHANGEID="123642144" HOUSENUM="1" HOUSETYPE="2" OPERTYPEID="20" PREVID="50374774" NEXTID="126747392" UPDATEDATE="2024-09-09" STARTDATE="2014-01-04" ENDDATE="2024-09-09" ISACTUAL="0" ISACTIVE="0" /><HOUSE ID="56847332" OBJECTID="49760760" OBJECTGUID="4d2e95b4-bde7-4d7c-aa4f-ff13f0f4be96" CHANGEID="74717101" HOUSENUM="4" HOUSETYPE="2" OPERTYPEID="20" PREVID="29761054" NEXTID="126747428" UPDATEDATE="2024-09-09" STARTDATE="2014-01-04" ENDDATE="2024-09-09" ISACTUAL="0" ISACTIVE="0" /><HOUSE ID="57954520" OBJECTID="74443190" OBJECTGUID="5ccccdd4-c49f-45f6-8916-bc03f7b50b49" CHANGEID="110793684" HOUSENUM="25" HOUSETYPE="2" OPERTYPEID="20" PREVID="44947302" NEXTID="126747407" UPDATEDATE="2024-09-09" STARTDATE="2014-01-04" ENDDATE="2024-09-09" ISACTUAL="0" ISACTIVE="0" /><HOUSE ID="58119258" OBJECTID="74427407" OBJECTGUID="5f1f69da-6f3e-4bea-b241-57740f2d06eb" CHANGEID="110769787" HOUSENUM="52" HOUSETYPE="2" OPERTYPEID="20" PREVID="44937050" NEXTID="126747410" UPDATEDATE="2024-09-09" STARTDATE="2014-01-04" ENDDATE="2024-09-09" ISACTUAL="0" ISACTIVE="0" /><HOUSE ID="58380933" OBJECTID="73864917" OBJECTGUID="62cfed93-7dd6-40a0-84c7-eedeb84284e2" CHANGEID="109955785" HOUSENUM="3" HOUSETYPE="2" OPERTYPEID="20" PREVID="44603305" NEXTID="126748903" UPDATEDATE="2024-09-10" STARTDATE="2014-01-04" ENDDATE="2024-09-10" ISACTUAL="0" ISACTIVE="0" /><HOUSE ID="58395341" OBJECTID="5726586" OBJECTGUID="63015eb6-c198-46c8-b9e6-11bc35f3cb1a" CHANGEID="10267650" HOUSENUM="71" HOUSETYPE="2" OPERTYPEID="20" PREVID="2587494" NEXTID="126749341" UPDATEDATE="2024-09-10" STARTDATE="2014-01-04" ENDDATE="2024-09-10" ISACTUAL="0" ISACTIVE="0" /><HOUSE ID="58478485" OBJECTID="25504665" OBJECTGUID="642c7691-e3b4-47c3-a394-7b9f1af5b48c" CHANGEID="39457039" HOUSENUM="6" HOUSETYPE="2" OPERTYPEID="20" PREVID="15106491" NEXTID="126748899" UPDATEDATE="2024-09-10" STARTDATE="2014-01-04" ENDDATE="2024-09-10" ISACTUAL="0" ISACTIVE="0" /><HOUSE ID="59057781" OBJECTID="24581241" OBJECTGUID="6c5eedb6-28d2-4105-ac6f-fe1922384804" CHANGEID="38094981" HOUSENUM="11" HOUSETYPE="2" OPERTYPEID="20" PREVID="14532447" NEXTID="126747405" UPDATEDATE="2024-09-09" STARTDATE="2014-01-04" ENDDATE="2024-09-09" ISACTUAL="0" ISACTIVE="0" /><HOUSE ID="59168761" OBJECTID="67493802" OBJECTGUID="6ded850d-cc7b-402d-99c2-f939fc480308" CHANGEID="100623891" HOUSENUM="17" HOUSETYPE="2" OPERTYPEID="20" PREVID="40654057" NEXTID="126747388" UPDATEDATE="2024-09-09" STARTDATE="2014-01-04" ENDDATE="2024-09-09" ISACTUAL="0" ISACTIVE="0" /><HOUSE ID="59698325" OBJECTID="65081957" OBJECTGUID="75669bf6-c80b-42d2-9fb1-74fc612e0ef1" CHANGEID="97082842" HOUSENUM="14" HOUSETYPE="2" OPERTYPEID="20" PREVID="39173521" NEXTID="126747385" UPDATEDATE="2024-09-09" STARTDATE="2014-01-04" ENDDATE="2024-09-09" ISACTUAL="0" ISACTIVE="0" /><HOUSE ID="60396484" OBJECTID="7039547" OBJECTGUID="7f42a122-8222-48ad-a5a1-5c9ab0972e6e" CHANGEID="12178326" HOUSENUM="29" HOUSETYPE="3" OPERTYPEID="20" PREVID="3390610" NEXTID="126728149" UPDATEDATE="2024-09-05" STARTDATE="2014-01-04" ENDDATE="2024-09-05" ISACTUAL="0" ISACTIVE="0" /><HOUSE ID="62092687" OBJECTID="25802056" OBJECTGUID="9731b136-3e64-4d62-bec2-c368c68ab3df" CHANGEID="39899311" HOUSENUM="47" HOUSETYPE="2" OPERTYPEID="20" PREVID="15297320" NEXTID="126747420" UPDATEDATE="2024-09-09" STARTDATE="2014-01-04" ENDDATE="2024-09-09" ISACTUAL="0" ISACTIVE="0" /><HOUSE ID="62346510" OBJECTID="50776079" OBJECTGUID="9ac50155-c976-49e7-a2c9-fde0a9aa61a2" CHANGEID="76174175" HOUSENUM="13" HOUSETYPE="2" OPERTYPEID="20" PREVID="30352748" NEXTID="126747449" UPDATEDATE="2024-09-09" STARTDATE="2014-01-04" ENDDATE="2024-09-09" ISACTUAL="0" ISACTIVE="0" /><HOUSE ID="62444692" OBJECTID="61878520" OBJECTGUID="9c264bf5-42c9-468b-97d9-1ce0944a51a1" CHANGEID="92401095" HOUSENUM="119" HOUSETYPE="3" OPERTYPEID="20" PREVID="37174254" NEXTID="126730937" UPDATEDATE="2024-09-05" STARTDATE="2015-09-02" ENDDATE="2024-09-05" ISACTUAL="0" ISACTIVE="0" /><HOUSE ID="62895470" OBJECTID="25793548" OBJECTGUID="a284c9b1-461a-4e88-8312-9c1a46d7c5ad" CHANGEID="39887659" HOUSENUM="49" HOUSETYPE="2" OPERTYPEID="20" PREVID="15292403" NEXTID="126747421" UPDATEDATE="2024-09-09" STARTDATE="2014-01-04" ENDDATE="2024-09-09" ISACTUAL="0" ISACTIVE="0" /><HOUSE ID="64301091" OBJECTID="65085842" OBJECTGUID="b65c6648-befa-447c-8fa8-c3c72e946412" CHANGEID="97088784" HOUSENUM="54" HOUSETYPE="2" OPERTYPEID="20" PREVID="39176759" NEXTID="126747383" UPDATEDATE="2024-09-09" STARTDATE="2014-01-04" ENDDATE="2024-09-09" ISACTUAL="0" ISACTIVE="0" /><HOUSE ID="65152914" OBJECTID="48397273" OBJECTGUID="c2653dc8-89c0-4048-a0d3-bc363eac3f40" CHANGEID="72743731" HOUSENUM="28" HOUSETYPE="2" OPERTYPEID="20" PREVID="28937970" NEXTID="126749337" UPDATEDATE="2024-09-10" STARTDATE="2014-01-04" ENDDATE="2024-09-10" ISACTUAL="0" ISACTIVE="0" /><HOUSE ID="66039982" OBJECTID="48391862" OBJECTGUID="cef04c94-a380-4a00-9371-b19d95d430f1" CHANGEID="72737594" HOUSENUM="41" HOUSETYPE="2" OPERTYPEID="20" PREVID="28935494" NEXTID="126749338" UPDATEDATE="2024-09-10" STARTDATE="2014-01-04" ENDDATE="2024-09-10" ISACTUAL="0" ISACTIVE="0" /><HOUSE ID="66195623" OBJECTID="65168251" OBJECTGUID="d1224c73-9491-4e31-a94e-6bc1218f233f" CHANGEID="97207115" HOUSENUM="9" HOUSETYPE="2" OPERTYPEID="20" PREVID="39223712" NEXTID="126747379" UPDATEDATE="2024-09-09" STARTDATE="2014-01-04" ENDDATE="2024-09-09" ISACTUAL="0" ISACTIVE="0" /><HOUSE ID="66440897" OBJECTID="25876218" OBJECTGUID="d497b775-0101-457a-a097-0632e02cd37d" CHANGEID="40008246" HOUSENUM="29" HOUSETYPE="2" OPERTYPEID="20" PREVID="15343703" NEXTID="126747419" UPDATEDATE="2024-09-09" STARTDATE="2014-01-04" ENDDATE="2024-09-09" ISACTUAL="0" ISACTIVE="0" /><HOUSE ID="67436997" OBJECTID="62756016" OBJECTGUID="e2ab5f6a-2c60-4059-b1ca-5d96e7f81edd" CHANGEID="93685192" HOUSENUM="9" HOUSETYPE="2" OPERTYPEID="20" PREVID="37729787" NEXTID="126757641" UPDATEDATE="2024-09-11" STARTDATE="2014-01-04" ENDDATE="2024-09-11" ISACTUAL="0" ISACTIVE="0" /><HOUSE ID="68471598" OBJECTID="65084744" OBJECTGUID="f1484c2c-1e63-4004-8535-a92cbc23957d" CHANGEID="97086916" HOUSENUM="7" HOUSETYPE="2" OPERTYPEID="20" PREVID="39175742" NEXTID="126747384" UPDATEDATE="2024-09-09" STARTDATE="2014-01-04" ENDDATE="2024-09-09" ISACTUAL="0" ISACTIVE="0" /><HOUSE ID="68898366" OBJECTID="18046025" OBJECTGUID="f75087a5-de38-4aca-83fc-13f79b9e0265" CHANGEID="28448695" HOUSENUM="1" HOUSETYPE="2" OPERTYPEID="20" PREVID="10396424" NEXTID="126747429" UPDATEDATE="2024-09-09" STARTDATE="2014-01-04" ENDDATE="2024-09-09" ISACTUAL="0" ISACTIVE="0" /><HOUSE ID="69371909" OBJECTID="56410820" OBJECTGUID="fe026531-0bc0-4f0a-a1b2-b16b035177f8" CHANGEID="84367988" HOUSENUM="10" HOUSETYPE="2" OPERTYPEID="20" PREVID="33754734" NEXTID="126747403" UPDATEDATE="2024-09-09" STARTDATE="2014-01-04" ENDDATE="2024-09-09" ISACTUAL="0" ISACTIVE="0" /><HOUSE ID="63398774" OBJECTID="32921235" OBJECTGUID="a9a328f2-aa7e-4caf-9121-ea4c53330e9f" CHANGEID="50225551" HOUSENUM="9" HOUSETYPE="2" OPERTYPEID="20" PREVID="19568608" NEXTID="126747238" UPDATEDATE="2024-09-09" STARTDATE="2014-01-04" ENDDATE="2024-09-09" ISACTUAL="0" ISACTIVE="0" /><HOUSE ID="20885166" OBJECTID="35134766" OBJECTGUID="87e41e02-0831-4899-86ff-91ae6c0e9a33" CHANGEID="53418972" HOUSENUM="5" HOUSETYPE="3" OPERTYPEID="10" PREVID="0" NEXTID="126760481" UPDATEDATE="2024-09-11" STARTDATE="1900-01-01" ENDDATE="2024-09-11" ISACTUAL="0" ISACTIVE="0" /><HOUSE ID="55844776" OBJECTID="65149718" OBJECTGUID="3f02483d-3382-479a-aa26-15977f0ffcc2" CHANGEID="97180259" HOUSENUM="35" HOUSETYPE="2" OPERTYPEID="20" PREVID="39213008" NEXTID="126747382" UPDATEDATE="2024-09-09" STARTDATE="2014-01-04" ENDDATE="2024-09-09" ISACTUAL="0" ISACTIVE="0" /><HOUSE ID="56028842" OBJECTID="67480140" OBJECTGUID="419e5e9b-92f8-4f59-8860-809d1ee3a826" CHANGEID="100602891" HOUSENUM="22" HOUSETYPE="2" OPERTYPEID="20" PREVID="40644117" NEXTID="126747389" UPDATEDATE="2024-09-09" STARTDATE="2014-01-04" ENDDATE="2024-09-09" ISACTUAL="0" ISACTIVE="0" /><HOUSE ID="52552051" OBJECTID="65168610" OBJECTGUID="1086d68b-7de7-42f6-ac0a-6c06111dca37" CHANGEID="97208185" HOUSENUM="15" HOUSETYPE="2" OPERTYPEID="20" PREVID="39224005" NEXTID="126747378" UPDATEDATE="2024-09-09" STARTDATE="2014-01-04" ENDDATE="2024-09-09" ISACTUAL="0" ISACTIVE="0" /><HOUSE ID="53040625" OBJECTID="5730480" OBJECTGUID="1770b89c-2e5f-4b9b-82e5-211c95b7b984" CHANGEID="10273495" HOUSENUM="16" HOUSETYPE="2" OPERTYPEID="20" PREVID="2590009" NEXTID="126749340" UPDATEDATE="2024-09-10" STARTDATE="2014-01-04" ENDDATE="2024-09-10" ISACTUAL="0" ISACTIVE="0" /><HOUSE ID="126727168" OBJECTID="165069427" OBJECTGUID="006beb5e-08eb-4aad-b36b-8f18e796b34e" CHANGEID="600526221" HOUSENUM="127В" HOUSETYPE="2" OPERTYPEID="10" PREVID="0" NEXTID="0" UPDATEDATE="2024-09-05" STARTDATE="2024-09-05" ENDDATE="2079-06-06" ISACTUAL="1" ISACTIVE="1" /><HOUSE ID="126727169" OBJECTID="165069428" OBJECTGUID="ef4a8458-5b10-44b5-89a7-bc6da787dbd0" CHANGEID="600526222" HOUSENUM="113Б/1" HOUSETYPE="2" OPERTYPEID="10" PREVID="0" NEXTID="0" UPDATEDATE="2024-09-05" STARTDATE="2024-09-05" ENDDATE="2079-06-06" ISACTUAL="1" ISACTIVE="1" /><HOUSE ID="126727179" OBJECTID="165069507" OBJECTGUID="35a7d7f7-92d1-4f73-a5de-f4d215a71bc9" CHANGEID="600526358" HOUSENUM="58" HOUSETYPE="5" OPERTYPEID="10" PREVID="0" NEXTID="0" UPDATEDATE="2024-09-05" STARTDATE="2024-09-05" ENDDATE="2079-06-06" ISACTUAL="1" ISACTIVE="1" /><HOUSE ID="126727473" OBJECTID="165070521" OBJECTGUID="988fc66f-9238-4884-a34e-46f4f38f7d9d" CHANGEID="600528036" HOUSENUM="1253Г" HOUSETYPE="7" OPERTYPEID="10" PREVID="0" NEXTID="0" UPDATEDATE="2024-09-05" STARTDATE="2024-09-05" ENDDATE="2079-06-06" ISACTUAL="1" ISACTIVE="1" /><HOUSE ID="126727488" OBJECTID="165070727" OBJECTGUID="fc17fdc6-db0b-48cd-86df-48f83e475671" CHANGEID="600528290" HOUSENUM="88/1" HOUSETYPE="2" OPERTYPEID="10" PREVID="0" NEXTID="0" UPDATEDATE="2024-09-05" STARTDATE="2024-09-05" ENDDATE="2079-06-06" ISACTUAL="1" ISACTIVE="1" /><HOUSE ID="126728127" OBJECTID="165073479" OBJECTGUID="f7b27cc7-34e2-4e5c-ab33-3ddd68d0b97f" CHANGEID="600532369" HOUSENUM="6/2" HOUSETYPE="5" OPERTYPEID="10" PREVID="0" NEXTID="0" UPDATEDATE="2024-09-05" STARTDATE="2024-09-05" ENDDATE="2079-06-06" ISACTUAL="1" ISACTIVE="1" /><HOUSE ID="126728128" OBJECTID="165073480" OBJECTGUID="dce0e154-7472-4af2-9c6b-8109617d51f8" CHANGEID="600532370" HOUSENUM="42б" HOUSETYPE="5" OPERTYPEID="10" PREVID="0" NEXTID="0" UPDATEDATE="2024-09-05" STARTDATE="2024-09-05" ENDDATE="2079-06-06" ISACTUAL="1" ISACTIVE="1" /><HOUSE ID="126728129" OBJECTID="165073481" OBJECTGUID="3233b324-58ad-4729-94aa-f2b34887796f" CHANGEID="600532371" HOUSENUM="42" HOUSETYPE="5" OPERTYPEID="10" PREVID="0" NEXTID="0" UPDATEDATE="2024-09-05" STARTDATE="2024-09-05" ENDDATE="2079-06-06" ISACTUAL="1" ISACTIVE="1" /><HOUSE ID="126728149" OBJECTID="7039547" OBJECTGUID="7f42a122-8222-48ad-a5a1-5c9ab0972e6e" CHANGEID="600532725" HOUSENUM="29Б" HOUSETYPE="2" OPERTYPEID="20" PREVID="60396484" UPDATEDATE="2024-09-05" STARTDATE="2024-09-05" ENDDATE="2079-06-06" ISACTUAL="1" ISACTIVE="1" /><HOUSE ID="126728192" OBJECTID="165074141" OBJECTGUID="c6490930-bc62-4a63-9145-40186d34fa30" CHANGEID="600533175" HOUSENUM="1/10" HOUSETYPE="2" OPERTYPEID="10" PREVID="0" NEXTID="0" UPDATEDATE="2024-09-05" STARTDATE="2024-09-05" ENDDATE="2079-06-06" ISACTUAL="1" ISACTIVE="1" /><HOUSE ID="126728193" OBJECTID="165074142" OBJECTGUID="6409c337-a37a-4de7-9155-5440f248d0e5" CHANGEID="600533176" HOUSENUM="4/77" HOUSETYPE="2" OPERTYPEID="10" PREVID="0" NEXTID="0" UPDATEDATE="2024-09-05" STARTDATE="2024-09-05" ENDDATE="2079-06-06" ISACTUAL="1" ISACTIVE="1" /><HOUSE ID="126729154" OBJECTID="165079228" OBJECTGUID="319a1966-690a-4a95-881f-aa2c49efe17f" CHANGEID="600541120" HOUSENUM="10а" HOUSETYPE="2" OPERTYPEID="10" PREVID="0" NEXTID="0" UPDATEDATE="2024-09-05" STARTDATE="2024-09-05" ENDDATE="2079-06-06" ISACTUAL="1" ISACTIVE="1" /><HOUSE ID="126729663" OBJECTID="165081157" OBJECTGUID="1c99d3ed-b828-4833-9a46-a16fbefdf0e7" CHANGEID="600544944" HOUSENUM="67Б/42" HOUSETYPE="5" OPERTYPEID="10" PREVID="0" NEXTID="0" UPDATEDATE="2024-09-05" STARTDATE="2024-09-05" ENDDATE="2079-06-06" ISACTUAL="1" ISACTIVE="1" /><HOUSE ID="126730240" OBJECTID="165083858" OBJECTGUID="249d027c-876f-43aa-a329-c0dca10d320a" CHANGEID="600549222" HOUSENUM="68" HOUSETYPE="5" OPERTYPEID="10" PREVID="0" NEXTID="0" UPDATEDATE="2024-09-05" STARTDATE="2024-09-05" ENDDATE="2079-06-06" ISACTUAL="1" ISACTIVE="1" /><HOUSE ID="126730361" OBJECTID="165084562" OBJECTGUID="26bb93d3-2752-4273-844a-426ea796df8f" CHANGEID="600550293" HOUSENUM="10" HOUSETYPE="2" OPERTYPEID="10" PREVID="0" NEXTID="0" UPDATEDATE="2024-09-05" STARTDATE="2024-09-05" ENDDATE="2079-06-06" ISACTUAL="1" ISACTIVE="1" /><HOUSE ID="126730441" OBJECTID="165084876" OBJECTGUID="36914cb6-544d-4c6c-a7c9-ec18ba9feffd" CHANGEID="600550835" HOUSENUM="23В/21" HOUSETYPE="5" OPERTYPEID="10" PREVID="0" NEXTID="0" UPDATEDATE="2024-09-05" STARTDATE="2024-09-05" ENDDATE="2079-06-06" ISACTUAL="1" ISACTIVE="1" /><HOUSE ID="126730769" OBJECTID="165086482" OBJECTGUID="24b48f44-7cd8-4b67-a4c6-a54d9435e79e" CHANGEID="600553437" HOUSENUM="43" HOUSETYPE="2" OPERTYPEID="10" PREVID="0" NEXTID="0" UPDATEDATE="2024-09-05" STARTDATE="2024-09-05" ENDDATE="2079-06-06" ISACTUAL="1" ISACTIVE="1" /><HOUSE ID="126730918" OBJECTID="165087485" OBJECTGUID="bbcf9693-3b7a-4905-8b2d-fce246592379" CHANGEID="600555039" HOUSENUM="197/4/135" HOUSETYPE="7" OPERTYPEID="10" PREVID="0" NEXTID="0" UPDATEDATE="2024-09-05" STARTDATE="2024-09-05" ENDDATE="2079-06-06" ISACTUAL="1" ISACTIVE="1" /><HOUSE ID="126730920" OBJECTID="165087524" OBJECTGUID="3f88122c-085c-4816-915f-5df979aaf819" CHANGEID="600555088" HOUSENUM="197А/7/2" HOUSETYPE="7" OPERTYPEID="10" PREVID="0" NEXTID="0" UPDATEDATE="2024-09-05" STARTDATE="2024-09-05" ENDDATE="2079-06-06" ISACTUAL="1" ISACTIVE="1" /><HOUSE ID="126730923" OBJECTID="165087537" OBJECTGUID="bd5b5316-8db5-42cc-a64d-206c85c97747" CHANGEID="600555174" HOUSENUM="170" HOUSETYPE="2" OPERTYPEID="10" PREVID="0" NEXTID="0" UPDATEDATE="2024-09-05" STARTDATE="2024-09-05" ENDDATE="2079-06-06" ISACTUAL="1" ISACTIVE="1" /><HOUSE ID="126730937" OBJECTID="61878520" OBJECTGUID="9c264bf5-42c9-468b-97d9-1ce0944a51a1" CHANGEID="600555401" HOUSENUM="119" HOUSETYPE="3" OPERTYPEID="30" PREVID="62444692" NEXTID="0" UPDATEDATE="2024-09-05" STARTDATE="2024-09-05" ENDDATE="2079-06-06" ISACTUAL="1" ISACTIVE="0" /><HOUSE ID="126730954" OBJECTID="165087775" OBJECTGUID="bb3db3ef-00f7-40b9-b2f0-365fc8db094c" CHANGEID="600555711" HOUSENUM="100А" HOUSETYPE="2" OPERTYPEID="10" PREVID="0" NEXTID="0" UPDATEDATE="2024-09-05" STARTDATE="2024-09-05" ENDDATE="2079-06-06" ISACTUAL="1" ISACTIVE="1" /><HOUSE ID="126731144" OBJECTID="165088610" OBJECTGUID="a197f149-d6fa-484a-9c20-88a7f6b19867" CHANGEID="600557789" HOUSENUM="19" HOUSETYPE="2" OPERTYPEID="10" PREVID="0" NEXTID="0" UPDATEDATE="2024-09-05" STARTDATE="2024-09-05" ENDDATE="2079-06-06" ISACTUAL="1" ISACTIVE="1" /><HOUSE ID="126731419" OBJECTID="165089627" OBJECTGUID="c21fdaec-3be7-48ea-83d7-a6b427223397" CHANGEID="600559583" HOUSENUM="3" HOUSETYPE="5" OPERTYPEID="10" PREVID="0" NEXTID="0" UPDATEDATE="2024-09-05" STARTDATE="2024-09-05" ENDDATE="2079-06-06" ISACTUAL="1" ISACTIVE="1" /><HOUSE ID="126731430" OBJECTID="165089673" OBJECTGUID="d87f0ad4-b21a-4495-a978-f55cf2a11ffd" CHANGEID="600559646" HOUSENUM="5" HOUSETYPE="5" OPERTYPEID="10" PREVID="0" NEXTID="0" UPDATEDATE="2024-09-05" STARTDATE="2024-09-05" ENDDATE="2079-06-06" ISACTUAL="1" ISACTIVE="1" /><HOUSE ID="126731388" OBJECTID="165089408" OBJECTGUID="9e7d48ed-c8b7-48df-84f7-fa0ddf624996" CHANGEID="600559183" HOUSENUM="1" HOUSETYPE="5" OPERTYPEID="10" PREVID="0" NEXTID="0" UPDATEDATE="2024-09-05" STARTDATE="2024-09-05" ENDDATE="2079-06-06" ISACTUAL="1" ISACTIVE="1" /><HOUSE ID="126731422" OBJECTID="165089643" OBJECTGUID="604d74ee-36e7-4d42-86fd-b41488e00d2e" CHANGEID="600559604" HOUSENUM="2" HOUSETYPE="5" OPERTYPEID="10" PREVID="0" NEXTID="0" UPDATEDATE="2024-09-05" STARTDATE="2024-09-05" ENDDATE="2079-06-06" ISACTUAL="1" ISACTIVE="1" /><HOUSE ID="126731427" OBJECTID="165089650" OBJECTGUID="0c71d6a6-4405-4c70-8e6c-652c3569a97d" CHANGEID="600559618" HOUSENUM="4" HOUSETYPE="5" OPERTYPEID="10" PREVID="0" NEXTID="0" UPDATEDATE="2024-09-05" STARTDATE="2024-09-05" ENDDATE="2079-06-06" ISACTUAL="1" ISACTIVE="1" /><HOUSE ID="126732746" OBJECTID="165096163" OBJECTGUID="8aaabc6b-13d5-4c50-9d9f-88f704a624ec" CHANGEID="600570923" HOUSENUM="6" HOUSETYPE="5" OPERTYPEID="10" PREVID="0" NEXTID="0" UPDATEDATE="2024-09-06" STARTDATE="2024-09-06" ENDDATE="2079-06-06" ISACTUAL="1" ISACTIVE="1" /><HOUSE ID="126733119" OBJECTID="165096936" OBJECTGUID="4973b5cf-fc8a-4c04-b8d6-5f04975284b5" CHANGEID="600572845" HOUSENUM="8" HOUSETYPE="5" OPERTYPEID="10" PREVID="0" NEXTID="0" UPDATEDATE="2024-09-06" STARTDATE="2024-09-06" ENDDATE="2079-06-06" ISACTUAL="1" ISACTIVE="1" /><HOUSE ID="126733120" OBJECTID="165096937" OBJECTGUID="f0a46f13-8f18-4428-9d79-2206dec72e47" CHANGEID="600572846" HOUSENUM="9" HOUSETYPE="5" OPERTYPEID="10" PREVID="0" NEXTID="0" UPDATEDATE="2024-09-06" STARTDATE="2024-09-06" ENDDATE="2079-06-06" ISACTUAL="1" ISACTIVE="1" /><HOUSE ID="126733121" OBJECTID="165096939" OBJECTGUID="9cf2d384-ada7-4975-a306-a08b66be0981" CHANGEID="600572848" HOUSENUM="7" HOUSETYPE="5" OPERTYPEID="10" PREVID="0" NEXTID="0" UPDATEDATE="2024-09-06" STARTDATE="2024-09-06" ENDDATE="2079-06-06" ISACTUAL="1" ISACTIVE="1" /><HOUSE ID="126733122" OBJECTID="165096940" OBJECTGUID="1c3b3c8e-7216-4765-a909-48ece5ed6969" CHANGEID="600572849" HOUSENUM="10" HOUSETYPE="5" OPERTYPEID="10" PREVID="0" NEXTID="0" UPDATEDATE="2024-09-06" STARTDATE="2024-09-06" ENDDATE="2079-06-06" ISACTUAL="1" ISACTIVE="1" /><HOUSE ID="126733123" OBJECTID="165096941" OBJECTGUID="6aa78ac3-43de-4c7b-b5c5-9aaffd429bbf" CHANGEID="600572850" HOUSENUM="11" HOUSETYPE="5" OPERTYPEID="10" PREVID="0" NEXTID="0" UPDATEDATE="2024-09-06" STARTDATE="2024-09-06" ENDDATE="2079-06-06" ISACTUAL="1" ISACTIVE="1" /><HOUSE ID="126733125" OBJECTID="165096942" OBJECTGUID="e82dd088-9fc9-4a17-bf7f-4721ea450a5d" CHANGEID="600572852" HOUSENUM="12" HOUSETYPE="5" OPERTYPEID="10" PREVID="0" NEXTID="0" UPDATEDATE="2024-09-06" STARTDATE="2024-09-06" ENDDATE="2079-06-06" ISACTUAL="1" ISACTIVE="1" /><HOUSE ID="126733126" OBJECTID="165096943" OBJECTGUID="bc0a2bfb-e0e7-4a84-82a5-75397be6173a" CHANGEID="600572854" HOUSENUM="13" HOUSETYPE="5" OPERTYPEID="10" PREVID="0" NEXTID="0" UPDATEDATE="2024-09-06" STARTDATE="2024-09-06" ENDDATE="2079-06-06" ISACTUAL="1" ISACTIVE="1" /><HOUSE ID="126733127" OBJECTID="165096944" OBJECTGUID="9c6bab56-f10f-47c1-a2af-3af850ccd581" CHANGEID="600572855" HOUSENUM="14" HOUSETYPE="5" OPERTYPEID="10" PREVID="0" NEXTID="0" UPDATEDATE="2024-09-06" STARTDATE="2024-09-06" ENDDATE="2079-06-06" ISACTUAL="1" ISACTIVE="1" /><HOUSE ID="126733128" OBJECTID="165096945" OBJECTGUID="4599c2ca-27d8-4bbd-beff-9ffe44558c07" CHANGEID="600572856" HOUSENUM="15" HOUSETYPE="5" OPERTYPEID="10" PREVID="0" NEXTID="0" UPDATEDATE="2024-09-06" STARTDATE="2024-09-06" ENDDATE="2079-06-06" ISACTUAL="1" ISACTIVE="1" /><HOUSE ID="126733129" OBJECTID="165096946" OBJECTGUID="c101f20b-42ee-4bac-9bae-357ffd1ed017" CHANGEID="600572857" HOUSENUM="16" HOUSETYPE="5" OPERTYPEID="10" PREVID="0" NEXTID="0" UPDATEDATE="2024-09-06" STARTDATE="2024-09-06" ENDDATE="2079-06-06" ISACTUAL="1" ISACTIVE="1" /><HOUSE ID="126733301" OBJECTID="165097372" OBJECTGUID="7982ca5a-6b84-46f2-9b84-36ff632f2404" CHANGEID="600574332" HOUSENUM="17" HOUSETYPE="5" OPERTYPEID="10" PREVID="0" NEXTID="0" UPDATEDATE="2024-09-06" STARTDATE="2024-09-06" ENDDATE="2079-06-06" ISACTUAL="1" ISACTIVE="1" /><HOUSE ID="126733306" OBJECTID="165097382" OBJECTGUID="e684987e-f3a9-406d-8fb2-bf7a3b90426c" CHANGEID="600574351" HOUSENUM="137" HOUSETYPE="2" OPERTYPEID="10" PREVID="0" NEXTID="0" UPDATEDATE="2024-09-06" STARTDATE="2024-09-06" ENDDATE="2079-06-06" ISACTUAL="1" ISACTIVE="1" /><HOUSE ID="126733379" OBJECTID="165097572" OBJECTGUID="1ed0a1e4-6b6b-4900-b550-99b11e683a07" CHANGEID="600574648" HOUSENUM="27в/1" HOUSETYPE="2" OPERTYPEID="10" PREVID="0" NEXTID="0" UPDATEDATE="2024-09-06" STARTDATE="2024-09-06" ENDDATE="2079-06-06" ISACTUAL="1" ISACTIVE="1" /><HOUSE ID="126733395" OBJECTID="165097686" OBJECTGUID="7767f2f1-70b4-45b8-a402-2539cf0e127d" CHANGEID="600574819" HOUSENUM="27в/2" HOUSETYPE="2" OPERTYPEID="10" PREVID="0" NEXTID="0" UPDATEDATE="2024-09-06" STARTDATE="2024-09-06" ENDDATE="2079-06-06" ISACTUAL="1" ISACTIVE="1" /><HOUSE ID="126733401" OBJECTID="165097708" OBJECTGUID="5aa59887-8edb-4eb6-b266-22b8bd5dc972" CHANGEID="600574864" HOUSENUM="27в/4" HOUSETYPE="2" OPERTYPEID="10" PREVID="0" NEXTID="0" UPDATEDATE="2024-09-06" STARTDATE="2024-09-06" ENDDATE="2079-06-06" ISACTUAL="1" ISACTIVE="1" /><HOUSE ID="126733411" OBJECTID="165097749" OBJECTGUID="9a20eb2b-a37c-4ac5-9b3a-fd6bd5259886" CHANGEID="600574926" HOUSENUM="27в/5" HOUSETYPE="2" OPERTYPEID="10" PREVID="0" NEXTID="0" UPDATEDATE="2024-09-06" STARTDATE="2024-09-06" ENDDATE="2079-06-06" ISACTUAL="1" ISACTIVE="1" /><HOUSE ID="126733415" OBJECTID="165097763" OBJECTGUID="d5a5d8f7-c82e-4460-9cb4-fefd9a7e6fe1" CHANGEID="600574987" HOUSENUM="27в/6" HOUSETYPE="2" OPERTYPEID="10" PREVID="0" NEXTID="0" UPDATEDATE="2024-09-06" STARTDATE="2024-09-06" ENDDATE="2079-06-06" ISACTUAL="1" ISACTIVE="1" /><HOUSE ID="126733424" OBJECTID="165097795" OBJECTGUID="677907f0-a513-4270-b75c-e3ce2a0c35f8" CHANGEID="600575032" HOUSENUM="27в/7" HOUSETYPE="2" OPERTYPEID="10" PREVID="0" NEXTID="0" UPDATEDATE="2024-09-06" STARTDATE="2024-09-06" ENDDATE="2079-06-06" ISACTUAL="1" ISACTIVE="1" /><HOUSE ID="126733399" OBJECTID="165097697" OBJECTGUID="b3b467d0-cfed-4b99-9dd7-f43325c68aa2" CHANGEID="600574843" HOUSENUM="27в/3" HOUSETYPE="2" OPERTYPEID="10" PREVID="0" NEXTID="0" UPDATEDATE="2024-09-06" STARTDATE="2024-09-06" ENDDATE="2079-06-06" ISACTUAL="1" ISACTIVE="1" /><HOUSE ID="126733435" OBJECTID="165097821" OBJECTGUID="34bf1deb-2474-40c7-a33f-03bfbac79741" CHANGEID="600575074" HOUSENUM="27в/8" HOUSETYPE="2" OPERTYPEID="10" PREVID="0" NEXTID="0" UPDATEDATE="2024-09-06" STARTDATE="2024-09-06" ENDDATE="2079-06-06" ISACTUAL="1" ISACTIVE="1" /><HOUSE ID="126736188" OBJECTID="165106505" OBJECTGUID="06df170e-7e6d-46f1-9d21-c8921fffb3f7" CHANGEID="600590474" HOUSENUM="38" ADDNUM1="3" HOUSETYPE="2" ADDTYPE1="2" OPERTYPEID="10" PREVID="0" NEXTID="0" UPDATEDATE="2024-09-06" STARTDATE="2024-09-06" ENDDATE="2079-06-06" ISACTUAL="1" ISACTIVE="1" /><HOUSE ID="126736236" OBJECTID="165106650" OBJECTGUID="0df44f20-d2bc-4c1e-a51f-2fd48e03520c" CHANGEID="600590748" HOUSENUM="38" ADDNUM1="7" HOUSETYPE="2" ADDTYPE1="2" OPERTYPEID="10" PREVID="0" NEXTID="0" UPDATEDATE="2024-09-06" STARTDATE="2024-09-06" ENDDATE="2079-06-06" ISACTUAL="1" ISACTIVE="1" /><HOUSE ID="126736198" OBJECTID="165106524" OBJECTGUID="0c9ea16c-31b5-47a3-86f2-ad7831203fdd" CHANGEID="600590525" HOUSENUM="38" ADDNUM1="4" HOUSETYPE="2" ADDTYPE1="2" OPERTYPEID="10" PREVID="0" NEXTID="0" UPDATEDATE="2024-09-06" STARTDATE="2024-09-06" ENDDATE="2079-06-06" ISACTUAL="1" ISACTIVE="1" /><HOUSE ID="126736205" OBJECTID="165106548" OBJECTGUID="f2c0f3ac-9a25-401b-bcbf-85a55336689b" CHANGEID="600590576" HOUSENUM="38" ADDNUM1="5" HOUSETYPE="2" ADDTYPE1="2" OPERTYPEID="10" PREVID="0" NEXTID="0" UPDATEDATE="2024-09-06" STARTDATE="2024-09-06" ENDDATE="2079-06-06" ISACTUAL="1" ISACTIVE="1" /><HOUSE ID="126736211" OBJECTID="165106610" OBJECTGUID="ba484a6b-29a5-4b40-9f75-0de98568e6c8" CHANGEID="600590653" HOUSENUM="38" ADDNUM1="6" HOUSETYPE="2" ADDTYPE1="2" OPERTYPEID="10" PREVID="0" NEXTID="0" UPDATEDATE="2024-09-06" STARTDATE="2024-09-06" ENDDATE="2079-06-06" ISACTUAL="1" ISACTIVE="1" /><HOUSE ID="126736424" OBJECTID="165108006" OBJECTGUID="1c8bf1d6-1ed5-4679-adb3-1f67ee682d07" CHANGEID="600592838" HOUSENUM="40" HOUSETYPE="5" OPERTYPEID="10" PREVID="0" NEXTID="0" UPDATEDATE="2024-09-06" STARTDATE="2024-09-06" ENDDATE="2079-06-06" ISACTUAL="1" ISACTIVE="1" /><HOUSE ID="126736425" OBJECTID="165108007" OBJECTGUID="da0c8753-e472-4914-84e5-4fbb403d0bc3" CHANGEID="600592839" HOUSENUM="40/13" HOUSETYPE="5" OPERTYPEID="10" PREVID="0" NEXTID="0" UPDATEDATE="2024-09-06" STARTDATE="2024-09-06" ENDDATE="2079-06-06" ISACTUAL="1" ISACTIVE="1" /><HOUSE ID="126736426" OBJECTID="165108008" OBJECTGUID="0f39eb01-4769-4349-a5da-aa3e69815745" CHANGEID="600592840" HOUSENUM="29/3" HOUSETYPE="5" OPERTYPEID="10" PREVID="0" NEXTID="0" UPDATEDATE="2024-09-06" STARTDATE="2024-09-06" ENDDATE="2079-06-06" ISACTUAL="1" ISACTIVE="1" /><HOUSE ID="126736427" OBJECTID="165108009" OBJECTGUID="f3fca71b-ca64-4e52-a52c-45816f8ae0a7" CHANGEID="600592841" HOUSENUM="29/9" HOUSETYPE="5" OPERTYPEID="10" PREVID="0" NEXTID="0" UPDATEDATE="2024-09-06" STARTDATE="2024-09-06" ENDDATE="2079-06-06" ISACTUAL="1" ISACTIVE="1" /><HOUSE ID="126736428" OBJECTID="165108010" OBJECTGUID="48a5c15e-075e-40ef-8e21-fd6bb45809b9" CHANGEID="600592842" HOUSENUM="9А" HOUSETYPE="5" OPERTYPEID="10" PREVID="0" NEXTID="0" UPDATEDATE="2024-09-06" STARTDATE="2024-09-06" ENDDATE="2079-06-06" ISACTUAL="1" ISACTIVE="1" /><HOUSE ID="126736950" OBJECTID="165109741" OBJECTGUID="981724e8-33ef-43df-9481-066ea4bd5b58" CHANGEID="600595223" HOUSENUM="24Б" HOUSETYPE="2" OPERTYPEID="10" PREVID="0" NEXTID="0" UPDATEDATE="2024-09-06" STARTDATE="2024-09-06" ENDDATE="2079-06-06" ISACTUAL="1" ISACTIVE="1" /><HOUSE ID="126736908" OBJECTID="165109322" OBJECTGUID="a87be53b-dddd-4f46-9574-9574253f5fa3" CHANGEID="600594709" HOUSENUM="109" ADDNUM1="1" HOUSETYPE="2" ADDTYPE1="1" OPERTYPEID="10" PREVID="0" NEXTID="0" UPDATEDATE="2024-09-06" STARTDATE="2024-09-06" ENDDATE="2079-06-06" ISACTUAL="1" ISACTIVE="1" /><HOUSE ID="126737261" OBJECTID="165110592" OBJECTGUID="0575c478-8654-4b72-b8aa-e701c75cd43b" CHANGEID="600597837" HOUSENUM="34" HOUSETYPE="2" OPERTYPEID="10" PREVID="0" NEXTID="0" UPDATEDATE="2024-09-06" STARTDATE="2024-09-06" ENDDATE="2079-06-06" ISACTUAL="1" ISACTIVE="1" /><HOUSE ID="126737484" OBJECTID="165112111" OBJECTGUID="199227d7-a13d-43a9-8744-de1617808866" CHANGEID="600638883" HOUSENUM="304А/1" HOUSETYPE="7" OPERTYPEID="10" PREVID="0" NEXTID="0" UPDATEDATE="2024-09-06" STARTDATE="2024-09-06" ENDDATE="2079-06-06" ISACTUAL="1" ISACTIVE="1" /><HOUSE ID="59335383" OBJECTID="66512827" OBJECTGUID="70499937-85ad-4bf6-953c-1f214896b552" CHANGEID="99195780" HOUSENUM="5Г" HOUSETYPE="1" OPERTYPEID="20" PREVID="40053547" NEXTID="126737850" UPDATEDATE="2024-09-06" STARTDATE="2014-05-22" ENDDATE="2024-09-06" ISACTUAL="0" ISACTIVE="0" /><HOUSE ID="126737850" OBJECTID="66512827" OBJECTGUID="70499937-85ad-4bf6-953c-1f214896b552" CHANGEID="600701700" HOUSENUM="5Г" HOUSETYPE="5" OPERTYPEID="20" PREVID="59335383" UPDATEDATE="2024-09-06" STARTDATE="2024-09-06" ENDDATE="2079-06-06" ISACTUAL="1" ISACTIVE="1" /><HOUSE ID="126738271" OBJECTID="165115101" OBJECTGUID="8d35fab7-2f8c-4fba-a106-a0dfac2ed6d6" CHANGEID="600704357" HOUSENUM="3" HOUSETYPE="2" OPERTYPEID="10" PREVID="0" NEXTID="0" UPDATEDATE="2024-09-06" STARTDATE="2024-09-06" ENDDATE="2079-06-06" ISACTUAL="1" ISACTIVE="1" /><HOUSE ID="126738284" OBJECTID="165115114" OBJECTGUID="9388b333-2755-44c2-a3e0-d1a5a4c4866f" CHANGEID="600704471" HOUSENUM="3А" HOUSETYPE="2" OPERTYPEID="10" PREVID="0" NEXTID="0" UPDATEDATE="2024-09-06" STARTDATE="2024-09-06" ENDDATE="2079-06-06" ISACTUAL="1" ISACTIVE="1" /><HOUSE ID="126738359" OBJECTID="165115279" OBJECTGUID="4d1f2879-6969-4275-81bb-205fec2c2fff" CHANGEID="600705005" HOUSENUM="10" HOUSETYPE="2" OPERTYPEID="10" PREVID="0" NEXTID="0" UPDATEDATE="2024-09-06" STARTDATE="2024-09-06" ENDDATE="2079-06-06" ISACTUAL="1" ISACTIVE="1" /><HOUSE ID="126738498" OBJECTID="165115526" OBJECTGUID="68dbab8a-44e2-4128-aca2-497b98aa11cc" CHANGEID="600705500" HOUSENUM="6" HOUSETYPE="2" OPERTYPEID="10" PREVID="0" NEXTID="0" UPDATEDATE="2024-09-06" STARTDATE="2024-09-06" ENDDATE="2079-06-06" ISACTUAL="1" ISACTIVE="1" /><HOUSE ID="126738628" OBJECTID="165115881" OBJECTGUID="eb04b638-21e3-4680-bf8f-287fac2782a6" CHANGEID="600706203" HOUSENUM="15" HOUSETYPE="2" OPERTYPEID="10" PREVID="0" NEXTID="0" UPDATEDATE="2024-09-06" STARTDATE="2024-09-06" ENDDATE="2079-06-06" ISACTUAL="1" ISACTIVE="1" /><HOUSE ID="126738560" OBJECTID="165115689" OBJECTGUID="d148f8cf-d32d-4cfe-b4fe-5b10ded8cae6" CHANGEID="600705860" HOUSENUM="8а" HOUSETYPE="2" OPERTYPEID="10" PREVID="0" NEXTID="0" UPDATEDATE="2024-09-06" STARTDATE="2024-09-06" ENDDATE="2079-06-06" ISACTUAL="1" ISACTIVE="1" /><HOUSE ID="126738683" OBJECTID="165115930" OBJECTGUID="dd57f8c3-0b8e-4d74-802f-7e152ee9aced" CHANGEID="600706348" HOUSENUM="11" HOUSETYPE="2" OPERTYPEID="10" PREVID="0" NEXTID="0" UPDATEDATE="2024-09-06" STARTDATE="2024-09-06" ENDDATE="2079-06-06" ISACTUAL="1" ISACTIVE="1" /><HOUSE ID="126738687" OBJECTID="165115963" OBJECTGUID="07e01c6a-c7e9-4536-9735-bcc784cda548" CHANGEID="600706408" HOUSENUM="13" HOUSETYPE="2" OPERTYPEID="10" PREVID="0" NEXTID="0" UPDATEDATE="2024-09-06" STARTDATE="2024-09-06" ENDDATE="2079-06-06" ISACTUAL="1" ISACTIVE="1" /><HOUSE ID="126738738" OBJECTID="165116219" OBJECTGUID="f1cb4c05-43ca-4a8f-9dfe-56c9ec3cdb14" CHANGEID="600707131" HOUSENUM="2а" HOUSETYPE="5" OPERTYPEID="10" PREVID="0" NEXTID="0" UPDATEDATE="2024-09-06" STARTDATE="2024-09-06" ENDDATE="2079-06-06" ISACTUAL="1" ISACTIVE="1" /><HOUSE ID="126740640" OBJECTID="165125510" OBJECTGUID="bd88d73a-913e-4caa-8eca-4119fa5254bd" CHANGEID="600750712" HOUSENUM="7" HOUSETYPE="2" OPERTYPEID="10" PREVID="0" NEXTID="0" UPDATEDATE="2024-09-09" STARTDATE="2024-09-09" ENDDATE="2079-06-06" ISACTUAL="1" ISACTIVE="1" /><HOUSE ID="126740644" OBJECTID="165125556" OBJECTGUID="f2e104a8-6375-4ce2-92aa-66a68749db09" CHANGEID="600750761" HOUSENUM="8" HOUSETYPE="2" OPERTYPEID="10" PREVID="0" NEXTID="0" UPDATEDATE="2024-09-09" STARTDATE="2024-09-09" ENDDATE="2079-06-06" ISACTUAL="1" ISACTIVE="1" /><HOUSE ID="126740645" OBJECTID="165125559" OBJECTGUID="09d01c47-2d44-448f-9132-8fddfad9ce75" CHANGEID="600750764" HOUSENUM="4" HOUSETYPE="2" OPERTYPEID="10" PREVID="0" NEXTID="0" UPDATEDATE="2024-09-09" STARTDATE="2024-09-09" ENDDATE="2079-06-06" ISACTUAL="1" ISACTIVE="1" /><HOUSE ID="126741218" OBJECTID="165128482" OBJECTGUID="4ab61eb4-7c16-40dd-9830-1e09fe332f32" CHANGEID="600755915" HOUSENUM="2" HOUSETYPE="2" OPERTYPEID="10" PREVID="0" NEXTID="0" UPDATEDATE="2024-09-09" STARTDATE="2024-09-09" ENDDATE="2079-06-06" ISACTUAL="1" ISACTIVE="1" /><HOUSE ID="126741219" OBJECTID="165128485" OBJECTGUID="7f867036-744d-4baa-b940-07de55eba963" CHANGEID="600755918" HOUSENUM="2" HOUSETYPE="2" OPERTYPEID="10" PREVID="0" NEXTID="0" UPDATEDATE="2024-09-09" STARTDATE="2024-09-09" ENDDATE="2079-06-06" ISACTUAL="1" ISACTIVE="1" /><HOUSE ID="126745012" OBJECTID="165141438" OBJECTGUID="42f828f8-0bbb-46dd-8750-1a1054340533" CHANGEID="600776506" HOUSENUM="125" HOUSETYPE="2" OPERTYPEID="10" PREVID="0" NEXTID="0" UPDATEDATE="2024-09-09" STARTDATE="2024-09-09" ENDDATE="2079-06-06" ISACTUAL="1" ISACTIVE="1" /><HOUSE ID="126747238" OBJECTID="32921235" OBJECTGUID="a9a328f2-aa7e-4caf-9121-ea4c53330e9f" CHANGEID="600790446" HOUSENUM="9" HOUSETYPE="2" OPERTYPEID="30" PREVID="63398774" NEXTID="0" UPDATEDATE="2024-09-09" STARTDATE="2024-09-09" ENDDATE="2079-06-06" ISACTUAL="1" ISACTIVE="0" /><HOUSE ID="126747265" OBJECTID="165150100" OBJECTGUID="52f32c31-b5c6-4a0b-8a9b-0102a28b5f2d" CHANGEID="600790770" HOUSENUM="4" HOUSETYPE="2" OPERTYPEID="10" PREVID="0" NEXTID="0" UPDATEDATE="2024-09-09" STARTDATE="2024-09-09" ENDDATE="2079-06-06" ISACTUAL="1" ISACTIVE="1" /><HOUSE ID="126747378" OBJECTID="65168610" OBJECTGUID="1086d68b-7de7-42f6-ac0a-6c06111dca37" CHANGEID="600791432" HOUSENUM="15" HOUSETYPE="2" OPERTYPEID="30" PREVID="52552051" NEXTID="0" UPDATEDATE="2024-09-09" STARTDATE="2024-09-09" ENDDATE="2079-06-06" ISACTUAL="1" ISACTIVE="0" /><HOUSE ID="126747379" OBJECTID="65168251" OBJECTGUID="d1224c73-9491-4e31-a94e-6bc1218f233f" CHANGEID="600791433" HOUSENUM="9" HOUSETYPE="2" OPERTYPEID="30" PREVID="66195623" NEXTID="0" UPDATEDATE="2024-09-09" STARTDATE="2024-09-09" ENDDATE="2079-06-06" ISACTUAL="1" ISACTIVE="0" /><HOUSE ID="126747380" OBJECTID="65165260" OBJECTGUID="0dbe6054-3712-4eb1-83f7-530d6a002d5a" CHANGEID="600791434" HOUSENUM="20" HOUSETYPE="2" OPERTYPEID="30" PREVID="52355653" NEXTID="0" UPDATEDATE="2024-09-09" STARTDATE="2024-09-09" ENDDATE="2079-06-06" ISACTUAL="1" ISACTIVE="0" /><HOUSE ID="52355653" OBJECTID="65165260" OBJECTGUID="0dbe6054-3712-4eb1-83f7-530d6a002d5a" CHANGEID="97202756" HOUSENUM="20" HOUSETYPE="2" OPERTYPEID="20" PREVID="39221841" NEXTID="126747380" UPDATEDATE="2024-09-09" STARTDATE="2014-01-04" ENDDATE="2024-09-09" ISACTUAL="0" ISACTIVE="0" /><HOUSE ID="126747381" OBJECTID="65150717" OBJECTGUID="2141a991-658e-4334-89e1-1dba8587244c" CHANGEID="600791435" HOUSENUM="10" HOUSETYPE="2" OPERTYPEID="30" PREVID="53735760" NEXTID="0" UPDATEDATE="2024-09-09" STARTDATE="2024-09-09" ENDDATE="2079-06-06" ISACTUAL="1" ISACTIVE="0" /><HOUSE ID="53735760" OBJECTID="65150717" OBJECTGUID="2141a991-658e-4334-89e1-1dba8587244c" CHANGEID="97182629" HOUSENUM="10" HOUSETYPE="2" OPERTYPEID="20" PREVID="39213853" NEXTID="126747381" UPDATEDATE="2024-09-09" STARTDATE="2014-01-04" ENDDATE="2024-09-09" ISACTUAL="0" ISACTIVE="0" /><HOUSE ID="126747382" OBJECTID="65149718" OBJECTGUID="3f02483d-3382-479a-aa26-15977f0ffcc2" CHANGEID="600791436" HOUSENUM="35" HOUSETYPE="2" OPERTYPEID="30" PREVID="55844776" NEXTID="0" UPDATEDATE="2024-09-09" STARTDATE="2024-09-09" ENDDATE="2079-06-06" ISACTUAL="1" ISACTIVE="0" /><HOUSE ID="126747383" OBJECTID="65085842" OBJECTGUID="b65c6648-befa-447c-8fa8-c3c72e946412" CHANGEID="600791437" HOUSENUM="54" HOUSETYPE="2" OPERTYPEID="30" PREVID="64301091" NEXTID="0" UPDATEDATE="2024-09-09" STARTDATE="2024-09-09" ENDDATE="2079-06-06" ISACTUAL="1" ISACTIVE="0" /><HOUSE ID="126747384" OBJECTID="65084744" OBJECTGUID="f1484c2c-1e63-4004-8535-a92cbc23957d" CHANGEID="600791438" HOUSENUM="7" HOUSETYPE="2" OPERTYPEID="30" PREVID="68471598" NEXTID="0" UPDATEDATE="2024-09-09" STARTDATE="2024-09-09" ENDDATE="2079-06-06" ISACTUAL="1" ISACTIVE="0" /><HOUSE ID="126747385" OBJECTID="65081957" OBJECTGUID="75669bf6-c80b-42d2-9fb1-74fc612e0ef1" CHANGEID="600791439" HOUSENUM="14" HOUSETYPE="2" OPERTYPEID="30" PREVID="59698325" NEXTID="0" UPDATEDATE="2024-09-09" STARTDATE="2024-09-09" ENDDATE="2079-06-06" ISACTUAL="1" ISACTIVE="0" /><HOUSE ID="126747405" OBJECTID="24581241" OBJECTGUID="6c5eedb6-28d2-4105-ac6f-fe1922384804" CHANGEID="600791564" HOUSENUM="11" HOUSETYPE="2" OPERTYPEID="30" PREVID="59057781" NEXTID="0" UPDATEDATE="2024-09-09" STARTDATE="2024-09-09" ENDDATE="2079-06-06" ISACTUAL="1" ISACTIVE="0" /><HOUSE ID="126747429" OBJECTID="18046025" OBJECTGUID="f75087a5-de38-4aca-83fc-13f79b9e0265" CHANGEID="600791681" HOUSENUM="1" HOUSETYPE="2" OPERTYPEID="30" PREVID="68898366" NEXTID="0" UPDATEDATE="2024-09-09" STARTDATE="2024-09-09" ENDDATE="2079-06-06" ISACTUAL="1" ISACTIVE="0" /><HOUSE ID="126747438" OBJECTID="23884365" OBJECTGUID="3a66a28c-f16c-4b2a-a30d-2b05aa6bf59c" CHANGEID="600791766" HOUSENUM="50" HOUSETYPE="2" OPERTYPEID="30" PREVID="55518666" NEXTID="0" UPDATEDATE="2024-09-09" STARTDATE="2024-09-09" ENDDATE="2079-06-06" ISACTUAL="1" ISACTIVE="0" /><HOUSE ID="55518666" OBJECTID="23884365" OBJECTGUID="3a66a28c-f16c-4b2a-a30d-2b05aa6bf59c" CHANGEID="37074502" HOUSENUM="50" HOUSETYPE="2" OPERTYPEID="20" PREVID="14097177" NEXTID="126747438" UPDATEDATE="2024-09-09" STARTDATE="2014-01-04" ENDDATE="2024-09-09" ISACTUAL="0" ISACTIVE="0" /><HOUSE ID="126747449" OBJECTID="50776079" OBJECTGUID="9ac50155-c976-49e7-a2c9-fde0a9aa61a2" CHANGEID="600791831" HOUSENUM="13" HOUSETYPE="2" OPERTYPEID="30" PREVID="62346510" NEXTID="0" UPDATEDATE="2024-09-09" STARTDATE="2024-09-09" ENDDATE="2079-06-06" ISACTUAL="1" ISACTIVE="0" /><HOUSE ID="126747388" OBJECTID="67493802" OBJECTGUID="6ded850d-cc7b-402d-99c2-f939fc480308" CHANGEID="600791463" HOUSENUM="17" HOUSETYPE="2" OPERTYPEID="30" PREVID="59168761" NEXTID="0" UPDATEDATE="2024-09-09" STARTDATE="2024-09-09" ENDDATE="2079-06-06" ISACTUAL="1" ISACTIVE="0" /><HOUSE ID="126747389" OBJECTID="67480140" OBJECTGUID="419e5e9b-92f8-4f59-8860-809d1ee3a826" CHANGEID="600791464" HOUSENUM="22" HOUSETYPE="2" OPERTYPEID="30" PREVID="56028842" NEXTID="0" UPDATEDATE="2024-09-09" STARTDATE="2024-09-09" ENDDATE="2079-06-06" ISACTUAL="1" ISACTIVE="0" /><HOUSE ID="126747390" OBJECTID="67479233" OBJECTGUID="3197f40c-2499-4bd9-86d6-8079b54b2f34" CHANGEID="600791465" HOUSENUM="7" HOUSETYPE="2" OPERTYPEID="30" PREVID="54894216" NEXTID="0" UPDATEDATE="2024-09-09" STARTDATE="2024-09-09" ENDDATE="2079-06-06" ISACTUAL="1" ISACTIVE="0" /><HOUSE ID="126747391" OBJECTID="67475613" OBJECTGUID="5f2269cb-7aeb-4288-a037-716e5fda43a7" CHANGEID="600791466" HOUSENUM="19" HOUSETYPE="2" OPERTYPEID="30" PREVID="58120086" NEXTID="0" UPDATEDATE="2024-09-09" STARTDATE="2024-09-09" ENDDATE="2079-06-06" ISACTUAL="1" ISACTIVE="0" /><HOUSE ID="58120086" OBJECTID="67475613" OBJECTGUID="5f2269cb-7aeb-4288-a037-716e5fda43a7" CHANGEID="100597566" HOUSENUM="19" HOUSETYPE="2" OPERTYPEID="20" PREVID="40641764" NEXTID="126747391" UPDATEDATE="2024-09-09" STARTDATE="2014-01-04" ENDDATE="2024-09-09" ISACTUAL="0" ISACTIVE="0" /><HOUSE ID="126747392" OBJECTID="83234514" OBJECTGUID="4666c36c-a4f4-44d2-aacb-94f5011b4c1b" CHANGEID="600791478" HOUSENUM="1" HOUSETYPE="2" OPERTYPEID="30" PREVID="56366838" NEXTID="0" UPDATEDATE="2024-09-09" STARTDATE="2024-09-09" ENDDATE="2079-06-06" ISACTUAL="1" ISACTIVE="0" /><HOUSE ID="126747395" OBJECTID="75936420" OBJECTGUID="55d1f8dd-c710-4ad7-98aa-e247cae27f8b" CHANGEID="600791499" HOUSENUM="1" HOUSETYPE="2" OPERTYPEID="30" PREVID="57459606" NEXTID="0" UPDATEDATE="2024-09-09" STARTDATE="2024-09-09" ENDDATE="2079-06-06" ISACTUAL="1" ISACTIVE="0" /><HOUSE ID="57459606" OBJECTID="75936420" OBJECTGUID="55d1f8dd-c710-4ad7-98aa-e247cae27f8b" CHANGEID="112961172" HOUSENUM="1" HOUSETYPE="2" OPERTYPEID="20" PREVID="45861326" NEXTID="126747395" UPDATEDATE="2024-09-09" STARTDATE="2014-01-04" ENDDATE="2024-09-09" ISACTUAL="0" ISACTIVE="0" /><HOUSE ID="126747401" OBJECTID="71263696" OBJECTGUID="723a8fe1-6af0-4dc3-a709-6ad67f0e6e6c" CHANGEID="600791535" HOUSENUM="17" HOUSETYPE="2" OPERTYPEID="30" PREVID="59473455" NEXTID="0" UPDATEDATE="2024-09-09" STARTDATE="2024-09-09" ENDDATE="2079-06-06" ISACTUAL="1" ISACTIVE="0" /><HOUSE ID="59473455" OBJECTID="71263696" OBJECTGUID="723a8fe1-6af0-4dc3-a709-6ad67f0e6e6c" CHANGEID="106150842" HOUSENUM="17" HOUSETYPE="2" OPERTYPEID="20" PREVID="42985326" NEXTID="126747401" UPDATEDATE="2024-09-09" STARTDATE="2014-01-04" ENDDATE="2024-09-09" ISACTUAL="0" ISACTIVE="0" /><HOUSE ID="126747402" OBJECTID="56414625" OBJECTGUID="5d89ad9d-afdd-41d7-9f8e-ed1b2541abd3" CHANGEID="600791554" HOUSENUM="16" HOUSETYPE="2" OPERTYPEID="30" PREVID="58006188" NEXTID="0" UPDATEDATE="2024-09-09" STARTDATE="2024-09-09" ENDDATE="2079-06-06" ISACTUAL="1" ISACTIVE="0" /><HOUSE ID="58006188" OBJECTID="56414625" OBJECTGUID="5d89ad9d-afdd-41d7-9f8e-ed1b2541abd3" CHANGEID="84373228" HOUSENUM="16" HOUSETYPE="2" OPERTYPEID="20" PREVID="33756731" NEXTID="126747402" UPDATEDATE="2024-09-09" STARTDATE="2014-01-04" ENDDATE="2024-09-09" ISACTUAL="0" ISACTIVE="0" /><HOUSE ID="126747403" OBJECTID="56410820" OBJECTGUID="fe026531-0bc0-4f0a-a1b2-b16b035177f8" CHANGEID="600791555" HOUSENUM="10" HOUSETYPE="2" OPERTYPEID="30" PREVID="69371909" NEXTID="0" UPDATEDATE="2024-09-09" STARTDATE="2024-09-09" ENDDATE="2079-06-06" ISACTUAL="1" ISACTIVE="0" /><HOUSE ID="126747407" OBJECTID="74443190" OBJECTGUID="5ccccdd4-c49f-45f6-8916-bc03f7b50b49" CHANGEID="600791579" HOUSENUM="25" HOUSETYPE="2" OPERTYPEID="30" PREVID="57954520" NEXTID="0" UPDATEDATE="2024-09-09" STARTDATE="2024-09-09" ENDDATE="2079-06-06" ISACTUAL="1" ISACTIVE="0" /><HOUSE ID="126747408" OBJECTID="74441244" OBJECTGUID="6a0f8365-f2e4-4993-9d11-afbdc92bb829" CHANGEID="600791580" HOUSENUM="22" HOUSETYPE="2" OPERTYPEID="30" PREVID="58894542" NEXTID="0" UPDATEDATE="2024-09-09" STARTDATE="2024-09-09" ENDDATE="2079-06-06" ISACTUAL="1" ISACTIVE="0" /><HOUSE ID="58894542" OBJECTID="74441244" OBJECTGUID="6a0f8365-f2e4-4993-9d11-afbdc92bb829" CHANGEID="110790145" HOUSENUM="22" HOUSETYPE="2" OPERTYPEID="20" PREVID="44945961" NEXTID="126747408" UPDATEDATE="2024-09-09" STARTDATE="2014-01-04" ENDDATE="2024-09-09" ISACTUAL="0" ISACTIVE="0" /><HOUSE ID="126747409" OBJECTID="74431791" OBJECTGUID="b7cfe714-9340-4e7a-8a1e-7b220bb5f5a1" CHANGEID="600791581" HOUSENUM="42" HOUSETYPE="2" OPERTYPEID="30" PREVID="64403962" NEXTID="0" UPDATEDATE="2024-09-09" STARTDATE="2024-09-09" ENDDATE="2079-06-06" ISACTUAL="1" ISACTIVE="0" /><HOUSE ID="64403962" OBJECTID="74431791" OBJECTGUID="b7cfe714-9340-4e7a-8a1e-7b220bb5f5a1" CHANGEID="110778140" HOUSENUM="42" HOUSETYPE="2" OPERTYPEID="20" PREVID="44940159" NEXTID="126747409" UPDATEDATE="2024-09-09" STARTDATE="2014-01-04" ENDDATE="2024-09-09" ISACTUAL="0" ISACTIVE="0" /><HOUSE ID="126747410" OBJECTID="74427407" OBJECTGUID="5f1f69da-6f3e-4bea-b241-57740f2d06eb" CHANGEID="600791582" HOUSENUM="52" HOUSETYPE="2" OPERTYPEID="30" PREVID="58119258" NEXTID="0" UPDATEDATE="2024-09-09" STARTDATE="2024-09-09" ENDDATE="2079-06-06" ISACTUAL="1" ISACTIVE="0" /><HOUSE ID="126747412" OBJECTID="13041588" OBJECTGUID="57cb9eaa-17c4-4d25-8668-5d042f38d0a3" CHANGEID="600791606" HOUSENUM="2" HOUSETYPE="2" OPERTYPEID="30" PREVID="57599506" NEXTID="0" UPDATEDATE="2024-09-09" STARTDATE="2024-09-09" ENDDATE="2079-06-06" ISACTUAL="1" ISACTIVE="0" /><HOUSE ID="57599506" OBJECTID="13041588" OBJECTGUID="57cb9eaa-17c4-4d25-8668-5d042f38d0a3" CHANGEID="20966382" HOUSENUM="2" HOUSETYPE="2" OPERTYPEID="20" PREVID="7092808" NEXTID="126747412" UPDATEDATE="2024-09-09" STARTDATE="2014-01-04" ENDDATE="2024-09-09" ISACTUAL="0" ISACTIVE="0" /><HOUSE ID="126747419" OBJECTID="25876218" OBJECTGUID="d497b775-0101-457a-a097-0632e02cd37d" CHANGEID="600791655" HOUSENUM="29" HOUSETYPE="2" OPERTYPEID="30" PREVID="66440897" NEXTID="0" UPDATEDATE="2024-09-09" STARTDATE="2024-09-09" ENDDATE="2079-06-06" ISACTUAL="1" ISACTIVE="0" /><HOUSE ID="126747420" OBJECTID="25802056" OBJECTGUID="9731b136-3e64-4d62-bec2-c368c68ab3df" CHANGEID="600791656" HOUSENUM="47" HOUSETYPE="2" OPERTYPEID="30" PREVID="62092687" NEXTID="0" UPDATEDATE="2024-09-09" STARTDATE="2024-09-09" ENDDATE="2079-06-06" ISACTUAL="1" ISACTIVE="0" /><HOUSE ID="126747421" OBJECTID="25793548" OBJECTGUID="a284c9b1-461a-4e88-8312-9c1a46d7c5ad" CHANGEID="600791657" HOUSENUM="49" HOUSETYPE="2" OPERTYPEID="30" PREVID="62895470" NEXTID="0" UPDATEDATE="2024-09-09" STARTDATE="2024-09-09" ENDDATE="2079-06-06" ISACTUAL="1" ISACTIVE="0" /><HOUSE ID="126747428" OBJECTID="49760760" OBJECTGUID="4d2e95b4-bde7-4d7c-aa4f-ff13f0f4be96" CHANGEID="600791676" HOUSENUM="4" HOUSETYPE="2" OPERTYPEID="30" PREVID="56847332" NEXTID="0" UPDATEDATE="2024-09-09" STARTDATE="2024-09-09" ENDDATE="2079-06-06" ISACTUAL="1" ISACTIVE="0" /><HOUSE ID="126747447" OBJECTID="51156850" OBJECTGUID="7291c316-0e28-4243-a367-6072a0eebb9c" CHANGEID="600791822" HOUSENUM="15" HOUSETYPE="2" OPERTYPEID="30" PREVID="59496799" NEXTID="0" UPDATEDATE="2024-09-09" STARTDATE="2024-09-09" ENDDATE="2079-06-06" ISACTUAL="1" ISACTIVE="0" /><HOUSE ID="59496799" OBJECTID="51156850" OBJECTGUID="7291c316-0e28-4243-a367-6072a0eebb9c" CHANGEID="76705038" HOUSENUM="15" HOUSETYPE="2" OPERTYPEID="20" PREVID="30555685" NEXTID="126747447" UPDATEDATE="2024-09-09" STARTDATE="2014-01-04" ENDDATE="2024-09-09" ISACTUAL="0" ISACTIVE="0" /><HOUSE ID="126747465" OBJECTID="165150738" OBJECTGUID="b521cab5-77fb-4079-94d3-27b7b57c134c" CHANGEID="600795778" HOUSENUM="16" HOUSETYPE="4" OPERTYPEID="10" PREVID="0" NEXTID="0" UPDATEDATE="2024-09-09" STARTDATE="2024-09-09" ENDDATE="2079-06-06" ISACTUAL="1" ISACTIVE="1" /><HOUSE ID="126748898" OBJECTID="25513149" OBJECTGUID="df08fa61-9d8d-4efb-9595-d8980945d7e7" CHANGEID="600810219" HOUSENUM="7а" HOUSETYPE="2" OPERTYPEID="30" PREVID="67180045" NEXTID="0" UPDATEDATE="2024-09-10" STARTDATE="2024-09-10" ENDDATE="2079-06-06" ISACTUAL="1" ISACTIVE="0" /><HOUSE ID="67180045" OBJECTID="25513149" OBJECTGUID="df08fa61-9d8d-4efb-9595-d8980945d7e7" CHANGEID="39469347" HOUSENUM="7а" HOUSETYPE="2" OPERTYPEID="20" PREVID="15110781" NEXTID="126748898" UPDATEDATE="2024-09-10" STARTDATE="2014-01-04" ENDDATE="2024-09-10" ISACTUAL="0" ISACTIVE="0" /><HOUSE ID="126748899" OBJECTID="25504665" OBJECTGUID="642c7691-e3b4-47c3-a394-7b9f1af5b48c" CHANGEID="600810220" HOUSENUM="6" HOUSETYPE="2" OPERTYPEID="30" PREVID="58478485" NEXTID="0" UPDATEDATE="2024-09-10" STARTDATE="2024-09-10" ENDDATE="2079-06-06" ISACTUAL="1" ISACTIVE="0" /><HOUSE ID="126748900" OBJECTID="25488567" OBJECTGUID="1bb3a291-fa96-497d-ab79-098c9e99a884" CHANGEID="600810221" HOUSENUM="9" HOUSETYPE="2" OPERTYPEID="30" PREVID="53342385" NEXTID="0" UPDATEDATE="2024-09-10" STARTDATE="2024-09-10" ENDDATE="2079-06-06" ISACTUAL="1" ISACTIVE="0" /><HOUSE ID="53342385" OBJECTID="25488567" OBJECTGUID="1bb3a291-fa96-497d-ab79-098c9e99a884" CHANGEID="39433061" HOUSENUM="9" HOUSETYPE="2" OPERTYPEID="20" PREVID="15097189" NEXTID="126748900" UPDATEDATE="2024-09-10" STARTDATE="2014-01-04" ENDDATE="2024-09-10" ISACTUAL="0" ISACTIVE="0" /><HOUSE ID="126748903" OBJECTID="73864917" OBJECTGUID="62cfed93-7dd6-40a0-84c7-eedeb84284e2" CHANGEID="600810242" HOUSENUM="3" HOUSETYPE="2" OPERTYPEID="30" PREVID="58380933" NEXTID="0" UPDATEDATE="2024-09-10" STARTDATE="2024-09-10" ENDDATE="2079-06-06" ISACTUAL="1" ISACTIVE="0" /><HOUSE ID="126748940" OBJECTID="165159659" OBJECTGUID="3f318c57-36dc-41ba-a097-b4defa981d51" CHANGEID="600810581" HOUSENUM="80А" HOUSETYPE="2" OPERTYPEID="10" PREVID="0" NEXTID="0" UPDATEDATE="2024-09-10" STARTDATE="2024-09-10" ENDDATE="2079-06-06" ISACTUAL="1" ISACTIVE="1" /><HOUSE ID="126749337" OBJECTID="48397273" OBJECTGUID="c2653dc8-89c0-4048-a0d3-bc363eac3f40" CHANGEID="600812159" HOUSENUM="28" HOUSETYPE="2" OPERTYPEID="30" PREVID="65152914" NEXTID="0" UPDATEDATE="2024-09-10" STARTDATE="2024-09-10" ENDDATE="2079-06-06" ISACTUAL="1" ISACTIVE="0" /><HOUSE ID="126749338" OBJECTID="48391862" OBJECTGUID="cef04c94-a380-4a00-9371-b19d95d430f1" CHANGEID="600812160" HOUSENUM="41" HOUSETYPE="2" OPERTYPEID="30" PREVID="66039982" NEXTID="0" UPDATEDATE="2024-09-10" STARTDATE="2024-09-10" ENDDATE="2079-06-06" ISACTUAL="1" ISACTIVE="0" /><HOUSE ID="126749351" OBJECTID="165160748" OBJECTGUID="c805b447-5409-4534-9b75-33585057926b" CHANGEID="600812285" HOUSENUM="1040" HOUSETYPE="5" OPERTYPEID="10" PREVID="0" NEXTID="0" UPDATEDATE="2024-09-10" STARTDATE="2024-09-10" ENDDATE="2079-06-06" ISACTUAL="1" ISACTIVE="1" /><HOUSE ID="126749352" OBJECTID="165160749" OBJECTGUID="24df12b1-9126-47f2-95bb-c409e30d9035" CHANGEID="600812286" HOUSENUM="1051" HOUSETYPE="5" OPERTYPEID="10" PREVID="0" NEXTID="0" UPDATEDATE="2024-09-10" STARTDATE="2024-09-10" ENDDATE="2079-06-06" ISACTUAL="1" ISACTIVE="1" /><HOUSE ID="126749353" OBJECTID="165160750" OBJECTGUID="d37a5124-a9fe-44c4-ac0d-cbaae39885b2" CHANGEID="600812287" HOUSENUM="1057" HOUSETYPE="5" OPERTYPEID="10" PREVID="0" NEXTID="0" UPDATEDATE="2024-09-10" STARTDATE="2024-09-10" ENDDATE="2079-06-06" ISACTUAL="1" ISACTIVE="1" /><HOUSE ID="126749354" OBJECTID="165160751" OBJECTGUID="50c5c5e0-7381-4907-9e11-f479c3a628dc" CHANGEID="600812288" HOUSENUM="1060" HOUSETYPE="5" OPERTYPEID="10" PREVID="0" NEXTID="0" UPDATEDATE="2024-09-10" STARTDATE="2024-09-10" ENDDATE="2079-06-06" ISACTUAL="1" ISACTIVE="1" /><HOUSE ID="126749355" OBJECTID="165160752" OBJECTGUID="282fffbf-958f-4033-b512-850a695980d6" CHANGEID="600812289" HOUSENUM="1062" HOUSETYPE="5" OPERTYPEID="10" PREVID="0" NEXTID="0" UPDATEDATE="2024-09-10" STARTDATE="2024-09-10" ENDDATE="2079-06-06" ISACTUAL="1" ISACTIVE="1" /><HOUSE ID="126749356" OBJECTID="165160753" OBJECTGUID="8dd5caff-5949-47e7-83da-58fd1685da4b" CHANGEID="600812290" HOUSENUM="1064" HOUSETYPE="5" OPERTYPEID="10" PREVID="0" NEXTID="0" UPDATEDATE="2024-09-10" STARTDATE="2024-09-10" ENDDATE="2079-06-06" ISACTUAL="1" ISACTIVE="1" /><HOUSE ID="126749357" OBJECTID="165160754" OBJECTGUID="0ee25925-5829-4b65-9cfe-ae9dc0c4877c" CHANGEID="600812291" HOUSENUM="973" HOUSETYPE="5" OPERTYPEID="10" PREVID="0" NEXTID="0" UPDATEDATE="2024-09-10" STARTDATE="2024-09-10" ENDDATE="2079-06-06" ISACTUAL="1" ISACTIVE="1" /><HOUSE ID="126749358" OBJECTID="165160755" OBJECTGUID="7112c049-426d-4880-8b20-594426bf8e67" CHANGEID="600812292" HOUSENUM="977" HOUSETYPE="5" OPERTYPEID="10" PREVID="0" NEXTID="0" UPDATEDATE="2024-09-10" STARTDATE="2024-09-10" ENDDATE="2079-06-06" ISACTUAL="1" ISACTIVE="1" /><HOUSE ID="126749340" OBJECTID="5730480" OBJECTGUID="1770b89c-2e5f-4b9b-82e5-211c95b7b984" CHANGEID="600812163" HOUSENUM="16" HOUSETYPE="2" OPERTYPEID="30" PREVID="53040625" NEXTID="0" UPDATEDATE="2024-09-10" STARTDATE="2024-09-10" ENDDATE="2079-06-06" ISACTUAL="1" ISACTIVE="0" /><HOUSE ID="126749341" OBJECTID="5726586" OBJECTGUID="63015eb6-c198-46c8-b9e6-11bc35f3cb1a" CHANGEID="600812164" HOUSENUM="71" HOUSETYPE="2" OPERTYPEID="30" PREVID="58395341" NEXTID="0" UPDATEDATE="2024-09-10" STARTDATE="2024-09-10" ENDDATE="2079-06-06" ISACTUAL="1" ISACTIVE="0" /><HOUSE ID="126749342" OBJECTID="5685878" OBJECTGUID="03ae6c42-f437-4568-8629-83a710645db6" CHANGEID="600812165" HOUSENUM="62" HOUSETYPE="2" OPERTYPEID="30" PREVID="51641049" NEXTID="0" UPDATEDATE="2024-09-10" STARTDATE="2024-09-10" ENDDATE="2079-06-06" ISACTUAL="1" ISACTIVE="0" /><HOUSE ID="51641049" OBJECTID="5685878" OBJECTGUID="03ae6c42-f437-4568-8629-83a710645db6" CHANGEID="10210287" HOUSENUM="62" HOUSETYPE="2" OPERTYPEID="20" PREVID="2564740" NEXTID="126749342" UPDATEDATE="2024-09-10" STARTDATE="2014-01-04" ENDDATE="2024-09-10" ISACTUAL="0" ISACTIVE="0" /><HOUSE ID="126749343" OBJECTID="5680514" OBJECTGUID="373e13a3-3ee4-4804-81df-6b1104d5c941" CHANGEID="600812166" HOUSENUM="66" HOUSETYPE="2" OPERTYPEID="30" PREVID="55294420" NEXTID="0" UPDATEDATE="2024-09-10" STARTDATE="2024-09-10" ENDDATE="2079-06-06" ISACTUAL="1" ISACTIVE="0" /><HOUSE ID="55294420" OBJECTID="5680514" OBJECTGUID="373e13a3-3ee4-4804-81df-6b1104d5c941" CHANGEID="10203460" HOUSENUM="66" HOUSETYPE="2" OPERTYPEID="20" PREVID="2561662" NEXTID="126749343" UPDATEDATE="2024-09-10" STARTDATE="2014-01-04" ENDDATE="2024-09-10" ISACTUAL="0" ISACTIVE="0" /><HOUSE ID="126749344" OBJECTID="5680326" OBJECTGUID="f55b9fc3-180e-4fdd-830e-681853e7f96a" CHANGEID="600812167" HOUSENUM="79" HOUSETYPE="2" OPERTYPEID="30" PREVID="68759466" NEXTID="0" UPDATEDATE="2024-09-10" STARTDATE="2024-09-10" ENDDATE="2079-06-06" ISACTUAL="1" ISACTIVE="0" /><HOUSE ID="68759466" OBJECTID="5680326" OBJECTGUID="f55b9fc3-180e-4fdd-830e-681853e7f96a" CHANGEID="10202249" HOUSENUM="79" HOUSETYPE="2" OPERTYPEID="20" PREVID="2561029" NEXTID="126749344" UPDATEDATE="2024-09-10" STARTDATE="2014-01-04" ENDDATE="2024-09-10" ISACTUAL="0" ISACTIVE="0" /><HOUSE ID="126749827" OBJECTID="165162709" OBJECTGUID="a93a577f-f2da-40f2-9e6a-a1e6fa34e284" CHANGEID="600815201" HOUSENUM="1" HOUSETYPE="2" OPERTYPEID="10" PREVID="0" NEXTID="0" UPDATEDATE="2024-09-10" STARTDATE="2024-09-10" ENDDATE="2079-06-06" ISACTUAL="1" ISACTIVE="1" /><HOUSE ID="126751305" OBJECTID="165169966" OBJECTGUID="189c5564-174c-46b4-9a6c-3b3d08fb706b" CHANGEID="600826296" HOUSENUM="2Б" HOUSETYPE="5" OPERTYPEID="10" PREVID="0" NEXTID="0" UPDATEDATE="2024-09-10" STARTDATE="2024-09-10" ENDDATE="2079-06-06" ISACTUAL="1" ISACTIVE="1" /><HOUSE ID="126751381" OBJECTID="9365551" OBJECTGUID="ab20f60d-510d-4511-9911-b22e3d0e7e8a" CHANGEID="600826708" HOUSENUM="18" HOUSETYPE="2" OPERTYPEID="30" PREVID="63504787" NEXTID="0" UPDATEDATE="2024-09-10" STARTDATE="2024-09-10" ENDDATE="2079-06-06" ISACTUAL="1" ISACTIVE="0" /><HOUSE ID="63504787" OBJECTID="9365551" OBJECTGUID="ab20f60d-510d-4511-9911-b22e3d0e7e8a" CHANGEID="15610684" HOUSENUM="18" HOUSETYPE="2" OPERTYPEID="20" PREVID="4863334" NEXTID="126751381" UPDATEDATE="2024-09-10" STARTDATE="2014-01-04" ENDDATE="2024-09-10" ISACTUAL="0" ISACTIVE="0" /><HOUSE ID="126751382" OBJECTID="9358367" OBJECTGUID="b0536814-c7a5-46ee-aebf-441d7ddd9779" CHANGEID="600826709" HOUSENUM="14" HOUSETYPE="2" OPERTYPEID="30" PREVID="63872664" NEXTID="0" UPDATEDATE="2024-09-10" STARTDATE="2024-09-10" ENDDATE="2079-06-06" ISACTUAL="1" ISACTIVE="0" /><HOUSE ID="63872664" OBJECTID="9358367" OBJECTGUID="b0536814-c7a5-46ee-aebf-441d7ddd9779" CHANGEID="15600060" HOUSENUM="14" HOUSETYPE="2" OPERTYPEID="20" PREVID="4858742" NEXTID="126751382" UPDATEDATE="2024-09-10" STARTDATE="2014-01-04" ENDDATE="2024-09-10" ISACTUAL="0" ISACTIVE="0" /><HOUSE ID="126751383" OBJECTID="9356192" OBJECTGUID="9c5620f2-9cc3-4066-bd8f-1a44b09b3a03" CHANGEID="600826710" HOUSENUM="27" HOUSETYPE="2" OPERTYPEID="30" PREVID="62457497" NEXTID="0" UPDATEDATE="2024-09-10" STARTDATE="2024-09-10" ENDDATE="2079-06-06" ISACTUAL="1" ISACTIVE="0" /><HOUSE ID="62457497" OBJECTID="9356192" OBJECTGUID="9c5620f2-9cc3-4066-bd8f-1a44b09b3a03" CHANGEID="15596576" HOUSENUM="27" HOUSETYPE="2" OPERTYPEID="20" PREVID="4857136" NEXTID="126751383" UPDATEDATE="2024-09-10" STARTDATE="2014-01-04" ENDDATE="2024-09-10" ISACTUAL="0" ISACTIVE="0" /><HOUSE ID="126751391" OBJECTID="80021694" OBJECTGUID="53c3b6fb-03cc-4cba-932d-c4807fdb51cf" CHANGEID="600826762" HOUSENUM="2" HOUSETYPE="2" OPERTYPEID="30" PREVID="57314902" NEXTID="0" UPDATEDATE="2024-09-10" STARTDATE="2024-09-10" ENDDATE="2079-06-06" ISACTUAL="1" ISACTIVE="0" /><HOUSE ID="57314902" OBJECTID="80021694" OBJECTGUID="53c3b6fb-03cc-4cba-932d-c4807fdb51cf" CHANGEID="118928684" HOUSENUM="2" HOUSETYPE="2" OPERTYPEID="20" PREVID="48387978" NEXTID="126751391" UPDATEDATE="2024-09-10" STARTDATE="2014-01-04" ENDDATE="2024-09-10" ISACTUAL="0" ISACTIVE="0" /><HOUSE ID="126751392" OBJECTID="80015377" OBJECTGUID="3812141f-5cae-4129-a1ad-a8679a16d5da" CHANGEID="600826763" HOUSENUM="8" HOUSETYPE="2" OPERTYPEID="30" PREVID="55352189" NEXTID="0" UPDATEDATE="2024-09-10" STARTDATE="2024-09-10" ENDDATE="2079-06-06" ISACTUAL="1" ISACTIVE="0" /><HOUSE ID="55352189" OBJECTID="80015377" OBJECTGUID="3812141f-5cae-4129-a1ad-a8679a16d5da" CHANGEID="118918693" HOUSENUM="8" HOUSETYPE="2" OPERTYPEID="20" PREVID="48383618" NEXTID="126751392" UPDATEDATE="2024-09-10" STARTDATE="2014-01-04" ENDDATE="2024-09-10" ISACTUAL="0" ISACTIVE="0" /><HOUSE ID="126751911" OBJECTID="165172332" OBJECTGUID="9017ed90-ab60-482e-819a-f308e6885b6f" CHANGEID="600830143" HOUSENUM="11" HOUSETYPE="2" OPERTYPEID="10" PREVID="0" NEXTID="0" UPDATEDATE="2024-09-10" STARTDATE="2024-09-10" ENDDATE="2079-06-06" ISACTUAL="1" ISACTIVE="1" /><HOUSE ID="126751988" OBJECTID="165172518" OBJECTGUID="42df5dac-a7c7-465b-a3d4-0e457495dd46" CHANGEID="600830786" HOUSENUM="51" HOUSETYPE="2" OPERTYPEID="10" PREVID="0" NEXTID="0" UPDATEDATE="2024-09-10" STARTDATE="2024-09-10" ENDDATE="2079-06-06" ISACTUAL="1" ISACTIVE="1" /><HOUSE ID="126752192" OBJECTID="165173235" OBJECTGUID="b92f0a58-f764-4298-a78e-33d26e9ad2cf" CHANGEID="600831770" HOUSENUM="5А" HOUSETYPE="8" OPERTYPEID="10" PREVID="0" NEXTID="0" UPDATEDATE="2024-09-10" STARTDATE="2024-09-10" ENDDATE="2079-06-06" ISACTUAL="1" ISACTIVE="1" /><HOUSE ID="126753060" OBJECTID="165176732" OBJECTGUID="a702370e-7660-47b9-8e3a-fefe6e345d80" CHANGEID="600836949" HOUSENUM="12" HOUSETYPE="2" OPERTYPEID="10" PREVID="0" NEXTID="0" UPDATEDATE="2024-09-10" STARTDATE="2024-09-10" ENDDATE="2079-06-06" ISACTUAL="1" ISACTIVE="1" /><HOUSE ID="126753727" OBJECTID="165179603" OBJECTGUID="e5f913c8-b7e3-4b40-82d6-946275a21201" CHANGEID="600841823" HOUSENUM="179" HOUSETYPE="2" OPERTYPEID="10" PREVID="0" NEXTID="0" UPDATEDATE="2024-09-10" STARTDATE="2024-09-10" ENDDATE="2079-06-06" ISACTUAL="1" ISACTIVE="1" /><HOUSE ID="126754018" OBJECTID="165180801" OBJECTGUID="c2826cb7-b391-4a4f-bbd0-c071298ef37a" CHANGEID="600843984" HOUSENUM="1А" HOUSETYPE="5" OPERTYPEID="10" PREVID="0" NEXTID="0" UPDATEDATE="2024-09-10" STARTDATE="2024-09-10" ENDDATE="2079-06-06" ISACTUAL="1" ISACTIVE="1" /><HOUSE ID="126754237" OBJECTID="165181440" OBJECTGUID="a479bb00-b38e-44ab-b5d7-cbcec5034e0e" CHANGEID="600845225" HOUSENUM="15" HOUSETYPE="2" OPERTYPEID="10" PREVID="0" NEXTID="0" UPDATEDATE="2024-09-10" STARTDATE="2024-09-10" ENDDATE="2079-06-06" ISACTUAL="1" ISACTIVE="1" /><HOUSE ID="126754243" OBJECTID="165181458" OBJECTGUID="c07e3fd8-5c6c-4e69-8add-d98b60d5dbcb" CHANGEID="600845253" HOUSENUM="14а" HOUSETYPE="2" OPERTYPEID="10" PREVID="0" NEXTID="0" UPDATEDATE="2024-09-10" STARTDATE="2024-09-10" ENDDATE="2079-06-06" ISACTUAL="1" ISACTIVE="1" /><HOUSE ID="126754250" OBJECTID="165181478" OBJECTGUID="8152ada1-9b24-4afa-9588-1e9eaa2e144c" CHANGEID="600845282" HOUSENUM="34" HOUSETYPE="2" OPERTYPEID="10" PREVID="0" NEXTID="0" UPDATEDATE="2024-09-10" STARTDATE="2024-09-10" ENDDATE="2079-06-06" ISACTUAL="1" ISACTIVE="1" /><HOUSE ID="126754401" OBJECTID="165182285" OBJECTGUID="75926482-4ee7-49b8-ae03-5e65506f74a5" CHANGEID="600846766" HOUSENUM="81" HOUSETYPE="5" OPERTYPEID="10" PREVID="0" NEXTID="0" UPDATEDATE="2024-09-10" STARTDATE="2024-09-10" ENDDATE="2079-06-06" ISACTUAL="1" ISACTIVE="1" /><HOUSE ID="126754512" OBJECTID="165182605" OBJECTGUID="a7df0145-e502-47f6-8d19-6ff42c352f28" CHANGEID="600847302" HOUSENUM="25" HOUSETYPE="2" OPERTYPEID="10" PREVID="0" NEXTID="0" UPDATEDATE="2024-09-10" STARTDATE="2024-09-10" ENDDATE="2079-06-06" ISACTUAL="1" ISACTIVE="1" /><HOUSE ID="126756944" OBJECTID="165196301" OBJECTGUID="c60775a6-2ec0-4474-b871-e432c7022ea4" CHANGEID="600891675" HOUSENUM="2" HOUSETYPE="2" OPERTYPEID="10" PREVID="0" NEXTID="0" UPDATEDATE="2024-09-11" STARTDATE="2024-09-11" ENDDATE="2079-06-06" ISACTUAL="1" ISACTIVE="1" /><HOUSE ID="126756945" OBJECTID="165196302" OBJECTGUID="9c202bf8-f95d-4ff1-8503-ee71fce57df4" CHANGEID="600891676" HOUSENUM="4" HOUSETYPE="2" OPERTYPEID="10" PREVID="0" NEXTID="0" UPDATEDATE="2024-09-11" STARTDATE="2024-09-11" ENDDATE="2079-06-06" ISACTUAL="1" ISACTIVE="1" /><HOUSE ID="126756946" OBJECTID="165196303" OBJECTGUID="55893371-5622-4fd7-bb62-257cd42ed86e" CHANGEID="600891677" HOUSENUM="6" HOUSETYPE="2" OPERTYPEID="10" PREVID="0" NEXTID="0" UPDATEDATE="2024-09-11" STARTDATE="2024-09-11" ENDDATE="2079-06-06" ISACTUAL="1" ISACTIVE="1" /><HOUSE ID="126756947" OBJECTID="165196304" OBJECTGUID="705323c6-c1da-40af-92a9-09223035eed0" CHANGEID="600891678" HOUSENUM="14" HOUSETYPE="2" OPERTYPEID="10" PREVID="0" NEXTID="0" UPDATEDATE="2024-09-11" STARTDATE="2024-09-11" ENDDATE="2079-06-06" ISACTUAL="1" ISACTIVE="1" /><HOUSE ID="126756948" OBJECTID="165196305" OBJECTGUID="aff9bb0b-b00e-4588-b1af-f356a91315e9" CHANGEID="600891679" HOUSENUM="8" HOUSETYPE="2" OPERTYPEID="10" PREVID="0" NEXTID="0" UPDATEDATE="2024-09-11" STARTDATE="2024-09-11" ENDDATE="2079-06-06" ISACTUAL="1" ISACTIVE="1" /><HOUSE ID="126756949" OBJECTID="165196306" OBJECTGUID="f5f3429e-c654-4127-834c-7e5faabbab89" CHANGEID="600891680" HOUSENUM="10" HOUSETYPE="2" OPERTYPEID="10" PREVID="0" NEXTID="0" UPDATEDATE="2024-09-11" STARTDATE="2024-09-11" ENDDATE="2079-06-06" ISACTUAL="1" ISACTIVE="1" /><HOUSE ID="126756950" OBJECTID="165196307" OBJECTGUID="00f872a3-3b92-4374-aaef-6b3296050f0e" CHANGEID="600891681" HOUSENUM="12" HOUSETYPE="2" OPERTYPEID="10" PREVID="0" NEXTID="0" UPDATEDATE="2024-09-11" STARTDATE="2024-09-11" ENDDATE="2079-06-06" ISACTUAL="1" ISACTIVE="1" /><HOUSE ID="126756951" OBJECTID="165196308" OBJECTGUID="f38aced5-8b0c-44de-9abc-483c12ad9f28" CHANGEID="600891682" HOUSENUM="16" HOUSETYPE="2" OPERTYPEID="10" PREVID="0" NEXTID="0" UPDATEDATE="2024-09-11" STARTDATE="2024-09-11" ENDDATE="2079-06-06" ISACTUAL="1" ISACTIVE="1" /><HOUSE ID="126756952" OBJECTID="165196309" OBJECTGUID="03e8eeae-b8fa-4c93-9276-96fcc3935f77" CHANGEID="600891683" HOUSENUM="18" HOUSETYPE="2" OPERTYPEID="10" PREVID="0" NEXTID="0" UPDATEDATE="2024-09-11" STARTDATE="2024-09-11" ENDDATE="2079-06-06" ISACTUAL="1" ISACTIVE="1" /><HOUSE ID="126756953" OBJECTID="165196310" OBJECTGUID="32ec7e3b-f70c-4f6d-b050-19af5b599b39" CHANGEID="600891684" HOUSENUM="20" HOUSETYPE="2" OPERTYPEID="10" PREVID="0" NEXTID="0" UPDATEDATE="2024-09-11" STARTDATE="2024-09-11" ENDDATE="2079-06-06" ISACTUAL="1" ISACTIVE="1" /><HOUSE ID="126756913" OBJECTID="165196253" OBJECTGUID="b04a2b8e-b17d-4adc-95e5-c6d0932b2b8d" CHANGEID="600891618" HOUSENUM="1" HOUSETYPE="2" OPERTYPEID="10" PREVID="0" NEXTID="0" UPDATEDATE="2024-09-11" STARTDATE="2024-09-11" ENDDATE="2079-06-06" ISACTUAL="1" ISACTIVE="1" /><HOUSE ID="126756914" OBJECTID="165196254" OBJECTGUID="833a09e6-308c-42a8-aa08-84d7cbdae62d" CHANGEID="600891619" HOUSENUM="3" HOUSETYPE="2" OPERTYPEID="10" PREVID="0" NEXTID="0" UPDATEDATE="2024-09-11" STARTDATE="2024-09-11" ENDDATE="2079-06-06" ISACTUAL="1" ISACTIVE="1" /><HOUSE ID="126756915" OBJECTID="165196255" OBJECTGUID="1dad860d-906e-41eb-a6c0-106c234db402" CHANGEID="600891620" HOUSENUM="5" HOUSETYPE="2" OPERTYPEID="10" PREVID="0" NEXTID="0" UPDATEDATE="2024-09-11" STARTDATE="2024-09-11" ENDDATE="2079-06-06" ISACTUAL="1" ISACTIVE="1" /><HOUSE ID="126756916" OBJECTID="165196256" OBJECTGUID="4422cbbd-1449-4aa9-9268-39f10ef928f4" CHANGEID="600891621" HOUSENUM="7" HOUSETYPE="2" OPERTYPEID="10" PREVID="0" NEXTID="0" UPDATEDATE="2024-09-11" STARTDATE="2024-09-11" ENDDATE="2079-06-06" ISACTUAL="1" ISACTIVE="1" /><HOUSE ID="126756917" OBJECTID="165196257" OBJECTGUID="b851e38c-7eea-42d6-a3b7-6cf5660daecb" CHANGEID="600891622" HOUSENUM="9" HOUSETYPE="2" OPERTYPEID="10" PREVID="0" NEXTID="0" UPDATEDATE="2024-09-11" STARTDATE="2024-09-11" ENDDATE="2079-06-06" ISACTUAL="1" ISACTIVE="1" /><HOUSE ID="126756918" OBJECTID="165196258" OBJECTGUID="f3668a13-636d-4262-8eed-20715784764b" CHANGEID="600891623" HOUSENUM="11" HOUSETYPE="2" OPERTYPEID="10" PREVID="0" NEXTID="0" UPDATEDATE="2024-09-11" STARTDATE="2024-09-11" ENDDATE="2079-06-06" ISACTUAL="1" ISACTIVE="1" /><HOUSE ID="126756919" OBJECTID="165196259" OBJECTGUID="a0b041ac-3bd4-4698-9e8c-83933accc990" CHANGEID="600891624" HOUSENUM="13" HOUSETYPE="2" OPERTYPEID="10" PREVID="0" NEXTID="0" UPDATEDATE="2024-09-11" STARTDATE="2024-09-11" ENDDATE="2079-06-06" ISACTUAL="1" ISACTIVE="1" /><HOUSE ID="126756920" OBJECTID="165196260" OBJECTGUID="6c67ee3e-c88e-4d26-9a1e-8c32fc5443b1" CHANGEID="600891625" HOUSENUM="15" HOUSETYPE="2" OPERTYPEID="10" PREVID="0" NEXTID="0" UPDATEDATE="2024-09-11" STARTDATE="2024-09-11" ENDDATE="2079-06-06" ISACTUAL="1" ISACTIVE="1" /><HOUSE ID="126756921" OBJECTID="165196261" OBJECTGUID="abc13f7f-2c5d-4e80-83df-c3bcd3d1775d" CHANGEID="600891626" HOUSENUM="17" HOUSETYPE="2" OPERTYPEID="10" PREVID="0" NEXTID="0" UPDATEDATE="2024-09-11" STARTDATE="2024-09-11" ENDDATE="2079-06-06" ISACTUAL="1" ISACTIVE="1" /><HOUSE ID="126756922" OBJECTID="165196262" OBJECTGUID="f8a4353d-e76d-4913-9089-48301ece670a" CHANGEID="600891627" HOUSENUM="19" HOUSETYPE="2" OPERTYPEID="10" PREVID="0" NEXTID="0" UPDATEDATE="2024-09-11" STARTDATE="2024-09-11" ENDDATE="2079-06-06" ISACTUAL="1" ISACTIVE="1" /><HOUSE ID="126756923" OBJECTID="165196263" OBJECTGUID="3c708e66-b2be-4bf0-8481-e44a2fd31fe0" CHANGEID="600891628" HOUSENUM="21" HOUSETYPE="2" OPERTYPEID="10" PREVID="0" NEXTID="0" UPDATEDATE="2024-09-11" STARTDATE="2024-09-11" ENDDATE="2079-06-06" ISACTUAL="1" ISACTIVE="1" /><HOUSE ID="126756924" OBJECTID="165196264" OBJECTGUID="7eeb3f92-0a48-4ac1-8704-6639c02aabff" CHANGEID="600891629" HOUSENUM="23" HOUSETYPE="2" OPERTYPEID="10" PREVID="0" NEXTID="0" UPDATEDATE="2024-09-11" STARTDATE="2024-09-11" ENDDATE="2079-06-06" ISACTUAL="1" ISACTIVE="1" /><HOUSE ID="126756925" OBJECTID="165196265" OBJECTGUID="1cd181f3-7d01-483f-83dd-9203a6b3ccaa" CHANGEID="600891630" HOUSENUM="25" HOUSETYPE="2" OPERTYPEID="10" PREVID="0" NEXTID="0" UPDATEDATE="2024-09-11" STARTDATE="2024-09-11" ENDDATE="2079-06-06" ISACTUAL="1" ISACTIVE="1" /><HOUSE ID="126756926" OBJECTID="165196266" OBJECTGUID="30fc784b-b9bc-4cf6-b8cd-217d01a9284a" CHANGEID="600891631" HOUSENUM="27" HOUSETYPE="2" OPERTYPEID="10" PREVID="0" NEXTID="0" UPDATEDATE="2024-09-11" STARTDATE="2024-09-11" ENDDATE="2079-06-06" ISACTUAL="1" ISACTIVE="1" /><HOUSE ID="126756927" OBJECTID="165196267" OBJECTGUID="010f2460-52ad-4c9f-9203-ab3b4deab5fc" CHANGEID="600891632" HOUSENUM="29" HOUSETYPE="2" OPERTYPEID="10" PREVID="0" NEXTID="0" UPDATEDATE="2024-09-11" STARTDATE="2024-09-11" ENDDATE="2079-06-06" ISACTUAL="1" ISACTIVE="1" /><HOUSE ID="126756928" OBJECTID="165196268" OBJECTGUID="cfcd05d3-cde5-4e82-b584-e075150d29f9" CHANGEID="600891633" HOUSENUM="31" HOUSETYPE="2" OPERTYPEID="10" PREVID="0" NEXTID="0" UPDATEDATE="2024-09-11" STARTDATE="2024-09-11" ENDDATE="2079-06-06" ISACTUAL="1" ISACTIVE="1" /><HOUSE ID="126757617" OBJECTID="165198905" OBJECTGUID="9d3be967-83f4-4933-841d-8443d3391094" CHANGEID="600895712" HOUSENUM="3" HOUSETYPE="2" OPERTYPEID="10" PREVID="0" NEXTID="0" UPDATEDATE="2024-09-11" STARTDATE="2024-09-11" ENDDATE="2079-06-06" ISACTUAL="1" ISACTIVE="1" /><HOUSE ID="126757618" OBJECTID="165198906" OBJECTGUID="8a30b752-03fa-47d5-bf98-c3e2542c076b" CHANGEID="600895715" HOUSENUM="67М/39" HOUSETYPE="5" OPERTYPEID="10" PREVID="0" NEXTID="0" UPDATEDATE="2024-09-11" STARTDATE="2024-09-11" ENDDATE="2079-06-06" ISACTUAL="1" ISACTIVE="1" /><HOUSE ID="126757641" OBJECTID="62756016" OBJECTGUID="e2ab5f6a-2c60-4059-b1ca-5d96e7f81edd" CHANGEID="600896808" HOUSENUM="9" HOUSETYPE="2" OPERTYPEID="30" PREVID="67436997" NEXTID="0" UPDATEDATE="2024-09-11" STARTDATE="2024-09-11" ENDDATE="2079-06-06" ISACTUAL="1" ISACTIVE="0" /><HOUSE ID="126757642" OBJECTID="165199888" OBJECTGUID="bb339535-4716-4f0a-a97e-21492fcc2f08" CHANGEID="600896820" HOUSENUM="9/1" HOUSETYPE="2" OPERTYPEID="10" PREVID="0" NEXTID="0" UPDATEDATE="2024-09-11" STARTDATE="2024-09-11" ENDDATE="2079-06-06" ISACTUAL="1" ISACTIVE="1" /><HOUSE ID="126757643" OBJECTID="165199898" OBJECTGUID="8819d457-4e5f-48dc-9715-590ab1dda0ef" CHANGEID="600896830" HOUSENUM="9/2" HOUSETYPE="2" OPERTYPEID="10" PREVID="0" NEXTID="0" UPDATEDATE="2024-09-11" STARTDATE="2024-09-11" ENDDATE="2079-06-06" ISACTUAL="1" ISACTIVE="1" /><HOUSE ID="126758382" OBJECTID="165204720" OBJECTGUID="55458d0a-593a-42fe-8f88-e8ecd9b81f1d" CHANGEID="600903290" HOUSENUM="274" HOUSETYPE="5" OPERTYPEID="10" PREVID="0" NEXTID="0" UPDATEDATE="2024-09-11" STARTDATE="2024-09-11" ENDDATE="2079-06-06" ISACTUAL="1" ISACTIVE="1" /><HOUSE ID="126758383" OBJECTID="165204729" OBJECTGUID="13c27229-6d25-40fd-8b8a-148cc8ac3c7b" CHANGEID="600903299" HOUSENUM="5/1" HOUSETYPE="5" OPERTYPEID="10" PREVID="0" NEXTID="0" UPDATEDATE="2024-09-11" STARTDATE="2024-09-11" ENDDATE="2079-06-06" ISACTUAL="1" ISACTIVE="1" /><HOUSE ID="126758384" OBJECTID="165204733" OBJECTGUID="21f402cb-b667-4f3f-8211-bdb405f665c8" CHANGEID="600903303" HOUSENUM="122" HOUSETYPE="2" OPERTYPEID="10" PREVID="0" NEXTID="0" UPDATEDATE="2024-09-11" STARTDATE="2024-09-11" ENDDATE="2079-06-06" ISACTUAL="1" ISACTIVE="1" /><HOUSE ID="126758539" OBJECTID="165205247" OBJECTGUID="31de8832-da9b-45bf-85f4-26ed75331227" CHANGEID="600904176" HOUSENUM="110" HOUSETYPE="5" OPERTYPEID="10" PREVID="0" NEXTID="0" UPDATEDATE="2024-09-11" STARTDATE="2024-09-11" ENDDATE="2079-06-06" ISACTUAL="1" ISACTIVE="1" /><HOUSE ID="126759187" OBJECTID="165208386" OBJECTGUID="a890507b-7db4-493c-a0f9-af5394068d4a" CHANGEID="600909412" HOUSENUM="12" ADDNUM1="1" HOUSETYPE="7" ADDTYPE1="1" OPERTYPEID="10" PREVID="0" NEXTID="0" UPDATEDATE="2024-09-11" STARTDATE="2024-09-11" ENDDATE="2079-06-06" ISACTUAL="1" ISACTIVE="1" /><HOUSE ID="126759221" OBJECTID="165208740" OBJECTGUID="d4d573ab-ca66-4dca-87e1-77242cc849a8" CHANGEID="600909876" HOUSENUM="1" HOUSETYPE="5" OPERTYPEID="10" PREVID="0" NEXTID="0" UPDATEDATE="2024-09-11" STARTDATE="2024-09-11" ENDDATE="2079-06-06" ISACTUAL="1" ISACTIVE="1" /><HOUSE ID="126759236" OBJECTID="165208811" OBJECTGUID="8da39fcd-43c2-4681-8103-acde5c9760f1" CHANGEID="600909988" HOUSENUM="2" HOUSETYPE="5" OPERTYPEID="10" PREVID="0" NEXTID="0" UPDATEDATE="2024-09-11" STARTDATE="2024-09-11" ENDDATE="2079-06-06" ISACTUAL="1" ISACTIVE="1" /><HOUSE ID="126759245" OBJECTID="165208830" OBJECTGUID="721a04b6-f0e7-4145-9f65-b5f46e1256bc" CHANGEID="600910023" HOUSENUM="1" HOUSETYPE="5" OPERTYPEID="10" PREVID="0" NEXTID="0" UPDATEDATE="2024-09-11" STARTDATE="2024-09-11" ENDDATE="2079-06-06" ISACTUAL="1" ISACTIVE="1" /><HOUSE ID="126759257" OBJECTID="165208854" OBJECTGUID="2c8ef050-341d-40ac-9a29-0b78929dbf35" CHANGEID="600910324" HOUSENUM="2" HOUSETYPE="5" OPERTYPEID="10" PREVID="0" NEXTID="0" UPDATEDATE="2024-09-11" STARTDATE="2024-09-11" ENDDATE="2079-06-06" ISACTUAL="1" ISACTIVE="1" /><HOUSE ID="126759612" OBJECTID="165210297" OBJECTGUID="d7bcbea9-4dfe-459e-b158-73d2a01bd6fc" CHANGEID="600912452" HOUSENUM="2" HOUSETYPE="2" OPERTYPEID="10" PREVID="0" NEXTID="0" UPDATEDATE="2024-09-11" STARTDATE="2024-09-11" ENDDATE="2079-06-06" ISACTUAL="1" ISACTIVE="1" /><HOUSE ID="126759613" OBJECTID="165210303" OBJECTGUID="e233e192-78d1-4cff-a76b-4719b2185878" CHANGEID="600912493" HOUSENUM="6" HOUSETYPE="2" OPERTYPEID="10" PREVID="0" NEXTID="0" UPDATEDATE="2024-09-11" STARTDATE="2024-09-11" ENDDATE="2079-06-06" ISACTUAL="1" ISACTIVE="1" /><HOUSE ID="126759614" OBJECTID="165210308" OBJECTGUID="7f528671-cd4d-4470-b081-2f728bef03ad" CHANGEID="600912498" HOUSENUM="8" HOUSETYPE="2" OPERTYPEID="10" PREVID="0" NEXTID="0" UPDATEDATE="2024-09-11" STARTDATE="2024-09-11" ENDDATE="2079-06-06" ISACTUAL="1" ISACTIVE="1" /><HOUSE ID="126759616" OBJECTID="165210312" OBJECTGUID="ce3e52a6-d9bb-4314-bcb7-55fc3d558b19" CHANGEID="600912504" HOUSENUM="4" HOUSETYPE="2" OPERTYPEID="10" PREVID="0" NEXTID="0" UPDATEDATE="2024-09-11" STARTDATE="2024-09-11" ENDDATE="2079-06-06" ISACTUAL="1" ISACTIVE="1" /><HOUSE ID="126759622" OBJECTID="165210334" OBJECTGUID="58728364-5db6-4a43-8f48-7d6ff28ed169" CHANGEID="600912651" HOUSENUM="5" HOUSETYPE="2" OPERTYPEID="10" PREVID="0" NEXTID="0" UPDATEDATE="2024-09-11" STARTDATE="2024-09-11" ENDDATE="2079-06-06" ISACTUAL="1" ISACTIVE="1" /><HOUSE ID="126759667" OBJECTID="165210511" OBJECTGUID="c64fe83e-e805-4cc8-8568-fa8bf5a4002a" CHANGEID="600913286" HOUSENUM="2" HOUSETYPE="2" OPERTYPEID="10" PREVID="0" NEXTID="0" UPDATEDATE="2024-09-11" STARTDATE="2024-09-11" ENDDATE="2079-06-06" ISACTUAL="1" ISACTIVE="1" /><HOUSE ID="126759945" OBJECTID="165211677" OBJECTGUID="ee4d9311-609e-4198-a033-fcbb82c59890" CHANGEID="600914963" HOUSENUM="165" HOUSETYPE="2" OPERTYPEID="10" PREVID="0" NEXTID="0" UPDATEDATE="2024-09-11" STARTDATE="2024-09-11" ENDDATE="2079-06-06" ISACTUAL="1" ISACTIVE="1" /><HOUSE ID="126760482" OBJECTID="60217213" OBJECTGUID="338390e7-f5e4-488f-b744-571f17bb76ef" CHANGEID="600919440" HOUSENUM="4" HOUSETYPE="3" OPERTYPEID="30" PREVID="55029396" NEXTID="0" UPDATEDATE="2024-09-11" STARTDATE="2024-09-11" ENDDATE="2079-06-06" ISACTUAL="1" ISACTIVE="0" /><HOUSE ID="55029396" OBJECTID="60217213" OBJECTGUID="338390e7-f5e4-488f-b744-571f17bb76ef" CHANGEID="89914253" HOUSENUM="4" HOUSETYPE="3" OPERTYPEID="20" PREVID="36060774" NEXTID="126760482" UPDATEDATE="2024-09-11" STARTDATE="2015-09-02" ENDDATE="2024-09-11" ISACTUAL="0" ISACTIVE="0" /><HOUSE ID="126760481" OBJECTID="35134766" OBJECTGUID="87e41e02-0831-4899-86ff-91ae6c0e9a33" CHANGEID="600919437" HOUSENUM="5" HOUSETYPE="3" OPERTYPEID="30" PREVID="20885166" NEXTID="0" UPDATEDATE="2024-09-11" STARTDATE="2024-09-11" ENDDATE="2079-06-06" ISACTUAL="1" ISACTIVE="0" /><HOUSE ID="126760485" OBJECTID="82736857" OBJECTGUID="ebff02f5-85b4-4af2-b383-a1875bbc59b4" CHANGEID="600919445" HOUSENUM="20" HOUSETYPE="3" OPERTYPEID="30" PREVID="50064929" NEXTID="0" UPDATEDATE="2024-09-11" STARTDATE="2024-09-11" ENDDATE="2079-06-06" ISACTUAL="1" ISACTIVE="0" /><HOUSE ID="50064929" OBJECTID="82736857" OBJECTGUID="ebff02f5-85b4-4af2-b383-a1875bbc59b4" CHANGEID="122903324" HOUSENUM="20" HOUSETYPE="3" OPERTYPEID="10" PREVID="0" NEXTID="126760485" UPDATEDATE="2024-09-11" STARTDATE="1900-01-01" ENDDATE="2024-09-11" ISACTUAL="0" ISACTIVE="0" /><HOUSE ID="126760489" OBJECTID="165214697" OBJECTGUID="29e204fb-2dd1-4036-ac5d-d74b277ea6c2" CHANGEID="600919451" HOUSENUM="4/224" HOUSETYPE="2" OPERTYPEID="10" PREVID="0" NEXTID="0" UPDATEDATE="2024-09-11" STARTDATE="2024-09-11" ENDDATE="2079-06-06" ISACTUAL="1" ISACTIVE="1" /><HOUSE ID="126760825" OBJECTID="165215715" OBJECTGUID="b7d6b360-50fb-4905-92a6-5743017be2ff" CHANGEID="600921944" HOUSENUM="19" HOUSETYPE="2" OPERTYPEID="10" PREVID="0" NEXTID="0" UPDATEDATE="2024-09-11" STARTDATE="2024-09-11" ENDDATE="2079-06-06" ISACTUAL="1" ISACTIVE="1" /><HOUSE ID="126760828" OBJECTID="165215721" OBJECTGUID="318f28d4-e09f-48b0-8051-808a80d643ef" CHANGEID="600922015" HOUSENUM="4" HOUSETYPE="2" OPERTYPEID="10" PREVID="0" NEXTID="0" UPDATEDATE="2024-09-11" STARTDATE="2024-09-11" ENDDATE="2079-06-06" ISACTUAL="1" ISACTIVE="1" /><HOUSE ID="126760842" OBJECTID="165215782" OBJECTGUID="7e10a750-89fc-4722-86f0-f4562332e6eb" CHANGEID="600922149" HOUSENUM="7" HOUSETYPE="2" OPERTYPEID="10" PREVID="0" NEXTID="0" UPDATEDATE="2024-09-11" STARTDATE="2024-09-11" ENDDATE="2079-06-06" ISACTUAL="1" ISACTIVE="1" /><HOUSE ID="126760903" OBJECTID="165216035" OBJECTGUID="2080eb14-915a-43a8-b7f7-8d13a2bfeeb5" CHANGEID="600922526" HOUSENUM="1" HOUSETYPE="2" OPERTYPEID="10" PREVID="0" NEXTID="0" UPDATEDATE="2024-09-11" STARTDATE="2024-09-11" ENDDATE="2079-06-06" ISACTUAL="1" ISACTIVE="1" /><HOUSE ID="126760983" OBJECTID="165216414" OBJECTGUID="8362121c-92d6-4245-9613-d5bf6cd0873a" CHANGEID="600923121" HOUSENUM="43А" HOUSETYPE="2" OPERTYPEID="10" PREVID="0" NEXTID="0" UPDATEDATE="2024-09-11" STARTDATE="2024-09-11" ENDDATE="2079-06-06" ISACTUAL="1" ISACTIVE="1" /><HOUSE ID="126761224" OBJECTID="165218079" OBJECTGUID="5ba1b1d0-85a8-4cd9-aceb-381cfe203ba8" CHANGEID="600925546" HOUSENUM="490" HOUSETYPE="5" OPERTYPEID="10" PREVID="0" NEXTID="0" UPDATEDATE="2024-09-11" STARTDATE="2024-09-11" ENDDATE="2079-06-06" ISACTUAL="1" ISACTIVE="1" /><HOUSE ID="126761216" OBJECTID="165218057" OBJECTGUID="fd210aac-db85-470e-b850-c9f6214d7f7f" CHANGEID="600925512" HOUSENUM="528" HOUSETYPE="5" OPERTYPEID="10" PREVID="0" NEXTID="0" UPDATEDATE="2024-09-11" STARTDATE="2024-09-11" ENDDATE="2079-06-06" ISACTUAL="1" ISACTIVE="1" /><HOUSE ID="126761217" OBJECTID="165218058" OBJECTGUID="68d98a63-70dd-4470-8344-1230fd830c6b" CHANGEID="600925513" HOUSENUM="407" HOUSETYPE="5" OPERTYPEID="10" PREVID="0" NEXTID="0" UPDATEDATE="2024-09-11" STARTDATE="2024-09-11" ENDDATE="2079-06-06" ISACTUAL="1" ISACTIVE="1" /><HOUSE ID="126761266" OBJECTID="165218379" OBJECTGUID="571a8a47-88ca-4eb5-beec-de666bc839b8" CHANGEID="600925925" HOUSENUM="266" HOUSETYPE="2" OPERTYPEID="10" PREVID="0" NEXTID="0" UPDATEDATE="2024-09-11" STARTDATE="2024-09-11" ENDDATE="2079-06-06" ISACTUAL="1" ISACTIVE="1" /><HOUSE ID="126761337" OBJECTID="165218635" OBJECTGUID="abd7c639-0162-4eca-9d51-0cc7e619bd0c" CHANGEID="600926497" HOUSENUM="20" HOUSETYPE="7" OPERTYPEID="10" PREVID="0" NEXTID="0" UPDATEDATE="2024-09-11" STARTDATE="2024-09-11" ENDDATE="2079-06-06" ISACTUAL="1" ISACTIVE="1" /></HOUSES>