﻿<?xml version="1.0" encoding="utf-8"?><ADDRESSOBJECTS><OBJECT ID="1939357" OBJECTID="1286115" OBJECTGUID="1efec9d6-62b9-4c78-afe3-f1ccadd7762b" CHANGEID="268213213" NAME="СНТ Авто 1-й квартал" TYPENAME="тер." LEVEL="7" OPERTYPEID="50" PREVID="1586550" NEXTID="52126300" UPDATEDATE="2024-09-10" STARTDATE="2022-01-27" ENDDATE="2024-09-10" ISACTUAL="0" ISACTIVE="0" /><OBJECT ID="1939364" OBJECTID="1291530" OBJECTGUID="1f64cd60-a7e7-49de-8804-1e45a6804e52" CHANGEID="268214134" NAME="СНТ Волна Скуратовская" TYPENAME="тер." LEVEL="7" OPERTYPEID="20" PREVID="1592934" NEXTID="52126303" UPDATEDATE="2024-09-10" STARTDATE="2022-01-27" ENDDATE="2024-09-10" ISACTUAL="0" ISACTIVE="0" /><OBJECT ID="1939366" OBJECTID="1287828" OBJECTGUID="4f2e3758-c071-4135-915f-740eb3893d36" CHANGEID="268214446" NAME="СНТ Керамик Городской" TYPENAME="тер." LEVEL="7" OPERTYPEID="20" PREVID="1588574" NEXTID="52126345" UPDATEDATE="2024-09-10" STARTDATE="2022-01-27" ENDDATE="2024-09-10" ISACTUAL="0" ISACTIVE="0" /><OBJECT ID="1942143" OBJECTID="1295334" OBJECTGUID="cf2a07d5-2b8a-414b-aa55-f0db77d1d9c2" CHANGEID="277413737" NAME="СНТ Лотос Горняк" TYPENAME="тер." LEVEL="7" OPERTYPEID="20" PREVID="1939654" NEXTID="52126346" UPDATEDATE="2024-09-10" STARTDATE="2022-02-24" ENDDATE="2024-09-10" ISACTUAL="0" ISACTIVE="0" /><OBJECT ID="52125793" OBJECTID="165077666" OBJECTGUID="98665456-688f-467a-a3f3-9ab82271ef5a" CHANGEID="600538954" NAME="Вдохновение" TYPENAME="ул." LEVEL="8" OPERTYPEID="10" PREVID="0" NEXTID="0" UPDATEDATE="2024-09-05" STARTDATE="2024-09-05" ENDDATE="2079-06-06" ISACTUAL="1" ISACTIVE="1" /><OBJECT ID="52125966" OBJECTID="165112528" OBJECTGUID="e2c44d11-2094-4fac-815d-ef05665dd498" CHANGEID="600654004" NAME="Ночных грез" TYPENAME="ул." LEVEL="8" OPERTYPEID="10" PREVID="0" NEXTID="0" UPDATEDATE="2024-09-06" STARTDATE="2024-09-06" ENDDATE="2079-06-06" ISACTUAL="1" ISACTIVE="1" /><OBJECT ID="52125969" OBJECTID="165112782" OBJECTGUID="7d35c169-eea4-41d3-a100-cdb6ea47acd9" CHANGEID="600684785" NAME="Рубиновый" TYPENAME="пр-д" LEVEL="8" OPERTYPEID="10" PREVID="0" NEXTID="0" UPDATEDATE="2024-09-06" STARTDATE="2024-09-06" ENDDATE="2079-06-06" ISACTUAL="1" ISACTIVE="1" /><OBJECT ID="1939359" OBJECTID="1292767" OBJECTGUID="889f3ae7-8ce9-4679-b057-cf51383f3ab6" CHANGEID="268213337" NAME="СНТ 40 лет Октября Шевченко" TYPENAME="тер." LEVEL="7" OPERTYPEID="50" PREVID="1594426" NEXTID="52126296" UPDATEDATE="2024-09-10" STARTDATE="2022-01-27" ENDDATE="2024-09-10" ISACTUAL="0" ISACTIVE="0" /><OBJECT ID="52126296" OBJECTID="1292767" OBJECTGUID="889f3ae7-8ce9-4679-b057-cf51383f3ab6" CHANGEID="600819531" NAME="СНТ 40 лет Октября" TYPENAME="тер." LEVEL="7" OPERTYPEID="20" PREVID="1939359" UPDATEDATE="2024-09-10" STARTDATE="2024-09-10" ENDDATE="2079-06-06" ISACTUAL="1" ISACTIVE="1" /><OBJECT ID="52126300" OBJECTID="1286115" OBJECTGUID="1efec9d6-62b9-4c78-afe3-f1ccadd7762b" CHANGEID="600822466" NAME="СНТ Авто" TYPENAME="тер." LEVEL="7" OPERTYPEID="20" PREVID="1939357" UPDATEDATE="2024-09-10" STARTDATE="2024-09-10" ENDDATE="2079-06-06" ISACTUAL="1" ISACTIVE="1" /><OBJECT ID="1937868" OBJECTID="1286151" OBJECTGUID="28a2fb3b-f9cd-42cb-801e-3679320e9ef8" CHANGEID="259735376" NAME="СНТ Ветеран Городской переулок" TYPENAME="тер." LEVEL="7" OPERTYPEID="50" PREVID="1586483" NEXTID="52126302" UPDATEDATE="2024-09-10" STARTDATE="2022-01-14" ENDDATE="2024-09-10" ISACTUAL="0" ISACTIVE="0" /><OBJECT ID="52126302" OBJECTID="1286151" OBJECTGUID="28a2fb3b-f9cd-42cb-801e-3679320e9ef8" CHANGEID="600824935" NAME="СНТ Ветеран" TYPENAME="тер." LEVEL="7" OPERTYPEID="20" PREVID="1937868" UPDATEDATE="2024-09-10" STARTDATE="2024-09-10" ENDDATE="2079-06-06" ISACTUAL="1" ISACTIVE="1" /><OBJECT ID="52126303" OBJECTID="1291530" OBJECTGUID="1f64cd60-a7e7-49de-8804-1e45a6804e52" CHANGEID="600824962" NAME="СНТ Волна" TYPENAME="тер." LEVEL="7" OPERTYPEID="20" PREVID="1939364" UPDATEDATE="2024-09-10" STARTDATE="2024-09-10" ENDDATE="2079-06-06" ISACTUAL="1" ISACTIVE="1" /><OBJECT ID="52126337" OBJECTID="165177992" OBJECTGUID="eb8449ff-46d2-45b0-9b66-461c39f62afd" CHANGEID="600838811" NAME="Г4" TYPENAME="кв-л" LEVEL="7" OPERTYPEID="10" PREVID="0" NEXTID="0" UPDATEDATE="2024-09-10" STARTDATE="2024-09-10" ENDDATE="2079-06-06" ISACTUAL="1" ISACTIVE="1" /><OBJECT ID="1939346" OBJECTID="1291015" OBJECTGUID="f33f6c2a-4dea-482e-bb07-d820657422c6" CHANGEID="268212116" NAME="СНТ Восход Скуратовская" TYPENAME="тер." LEVEL="7" OPERTYPEID="50" PREVID="1592335" NEXTID="52126339" UPDATEDATE="2024-09-10" STARTDATE="2022-01-27" ENDDATE="2024-09-10" ISACTUAL="0" ISACTIVE="0" /><OBJECT ID="52126339" OBJECTID="1291015" OBJECTGUID="f33f6c2a-4dea-482e-bb07-d820657422c6" CHANGEID="600839217" NAME="СНТ Восход" TYPENAME="тер." LEVEL="7" OPERTYPEID="20" PREVID="1939346" UPDATEDATE="2024-09-10" STARTDATE="2024-09-10" ENDDATE="2079-06-06" ISACTUAL="1" ISACTIVE="1" /><OBJECT ID="1939370" OBJECTID="1294912" OBJECTGUID="e3770a5d-c907-4cdb-bee6-e806912b6ada" CHANGEID="268214540" NAME="СНТ ГЦТМП Центрмаркшейдерия Киреевская" TYPENAME="тер." LEVEL="7" OPERTYPEID="20" PREVID="1597024" NEXTID="52126341" UPDATEDATE="2024-09-10" STARTDATE="2022-01-27" ENDDATE="2024-09-10" ISACTUAL="0" ISACTIVE="0" /><OBJECT ID="52126341" OBJECTID="1294912" OBJECTGUID="e3770a5d-c907-4cdb-bee6-e806912b6ada" CHANGEID="600839234" NAME="СНТ ГЦТМП Центрмаркшейдерия" TYPENAME="тер." LEVEL="7" OPERTYPEID="20" PREVID="1939370" UPDATEDATE="2024-09-10" STARTDATE="2024-09-10" ENDDATE="2079-06-06" ISACTUAL="1" ISACTIVE="1" /><OBJECT ID="1939384" OBJECTID="1292931" OBJECTGUID="9531c573-1d17-4666-8ec8-fd575f68dd9d" CHANGEID="268216971" NAME="СНТ Дружба Скуратовская" TYPENAME="тер." LEVEL="7" OPERTYPEID="50" PREVID="1594558" NEXTID="52126342" UPDATEDATE="2024-09-10" STARTDATE="2022-01-27" ENDDATE="2024-09-10" ISACTUAL="0" ISACTIVE="0" /><OBJECT ID="52126342" OBJECTID="1292931" OBJECTGUID="9531c573-1d17-4666-8ec8-fd575f68dd9d" CHANGEID="600839281" NAME="СНТ Дружба" TYPENAME="тер." LEVEL="7" OPERTYPEID="20" PREVID="1939384" UPDATEDATE="2024-09-10" STARTDATE="2024-09-10" ENDDATE="2079-06-06" ISACTUAL="1" ISACTIVE="1" /><OBJECT ID="1939365" OBJECTID="1298729" OBJECTGUID="f11dae78-871a-4f4c-a386-cc7f9c54f436" CHANGEID="268214177" NAME="СНТ Дружба при МБ РФ Ленина" TYPENAME="тер." LEVEL="7" OPERTYPEID="20" PREVID="1601600" NEXTID="52126343" UPDATEDATE="2024-09-10" STARTDATE="2022-01-27" ENDDATE="2024-09-10" ISACTUAL="0" ISACTIVE="0" /><OBJECT ID="52126343" OBJECTID="1298729" OBJECTGUID="f11dae78-871a-4f4c-a386-cc7f9c54f436" CHANGEID="600839303" NAME="СНТ Дружба при МБ РФ" TYPENAME="тер." LEVEL="7" OPERTYPEID="20" PREVID="1939365" UPDATEDATE="2024-09-10" STARTDATE="2024-09-10" ENDDATE="2079-06-06" ISACTUAL="1" ISACTIVE="1" /><OBJECT ID="1939378" OBJECTID="1291878" OBJECTGUID="f86ce938-a1f7-4f51-86db-1f490509e5d7" CHANGEID="268214993" NAME="СНТ Зеленый друг Скуратовская" TYPENAME="тер." LEVEL="7" OPERTYPEID="20" PREVID="1593368" NEXTID="52126344" UPDATEDATE="2024-09-10" STARTDATE="2022-01-27" ENDDATE="2024-09-10" ISACTUAL="0" ISACTIVE="0" /><OBJECT ID="52126344" OBJECTID="1291878" OBJECTGUID="f86ce938-a1f7-4f51-86db-1f490509e5d7" CHANGEID="600839357" NAME="СНТ Зеленый друг" TYPENAME="тер." LEVEL="7" OPERTYPEID="20" PREVID="1939378" UPDATEDATE="2024-09-10" STARTDATE="2024-09-10" ENDDATE="2079-06-06" ISACTUAL="1" ISACTIVE="1" /><OBJECT ID="52126345" OBJECTID="1287828" OBJECTGUID="4f2e3758-c071-4135-915f-740eb3893d36" CHANGEID="600839371" NAME="СНТ Керамик" TYPENAME="тер." LEVEL="7" OPERTYPEID="20" PREVID="1939366" UPDATEDATE="2024-09-10" STARTDATE="2024-09-10" ENDDATE="2079-06-06" ISACTUAL="1" ISACTIVE="1" /><OBJECT ID="52126346" OBJECTID="1295334" OBJECTGUID="cf2a07d5-2b8a-414b-aa55-f0db77d1d9c2" CHANGEID="600839386" NAME="СНТ Лотос" TYPENAME="тер." LEVEL="7" OPERTYPEID="20" PREVID="1942143" UPDATEDATE="2024-09-10" STARTDATE="2024-09-10" ENDDATE="2079-06-06" ISACTUAL="1" ISACTIVE="1" /><OBJECT ID="1939367" OBJECTID="1287908" OBJECTGUID="532d1da9-2622-4959-9750-3bebc5d8a4db" CHANGEID="268214457" NAME="СНТ Металлург 1 Щекинское" TYPENAME="тер." LEVEL="7" OPERTYPEID="20" PREVID="1588576" NEXTID="52126347" UPDATEDATE="2024-09-10" STARTDATE="2022-01-27" ENDDATE="2024-09-10" ISACTUAL="0" ISACTIVE="0" /><OBJECT ID="52126347" OBJECTID="1287908" OBJECTGUID="532d1da9-2622-4959-9750-3bebc5d8a4db" CHANGEID="600839397" NAME="СНТ Металлург 1" TYPENAME="тер." LEVEL="7" OPERTYPEID="20" PREVID="1939367" UPDATEDATE="2024-09-10" STARTDATE="2024-09-10" ENDDATE="2079-06-06" ISACTUAL="1" ISACTIVE="1" /><OBJECT ID="1590837" OBJECTID="1289758" OBJECTGUID="60eb0f6e-9f82-421a-80ef-dcd8de64b28a" CHANGEID="3524778" NAME="СНТ Металлург 2 Киреевская" TYPENAME="тер." LEVEL="7" OPERTYPEID="50" PREVID="1590798" NEXTID="52126348" UPDATEDATE="2024-09-10" STARTDATE="2018-09-11" ENDDATE="2024-09-10" ISACTUAL="0" ISACTIVE="0" /><OBJECT ID="52126348" OBJECTID="1289758" OBJECTGUID="60eb0f6e-9f82-421a-80ef-dcd8de64b28a" CHANGEID="600839427" NAME="СНТ Металлург 2" TYPENAME="тер." LEVEL="7" OPERTYPEID="20" PREVID="1590837" UPDATEDATE="2024-09-10" STARTDATE="2024-09-10" ENDDATE="2079-06-06" ISACTUAL="1" ISACTIVE="1" /><OBJECT ID="1846803" OBJECTID="1289100" OBJECTGUID="33a8f66d-886e-4733-916b-c141dc7073e0" CHANGEID="151467974" NAME="Металлург 4 Киреевская" TYPENAME="тер. СНТ" LEVEL="7" OPERTYPEID="50" PREVID="1590028" NEXTID="52126349" UPDATEDATE="2024-09-10" STARTDATE="2020-06-01" ENDDATE="2024-09-10" ISACTUAL="0" ISACTIVE="0" /><OBJECT ID="52126349" OBJECTID="1289100" OBJECTGUID="33a8f66d-886e-4733-916b-c141dc7073e0" CHANGEID="600839468" NAME="Металлург 4" TYPENAME="тер. СНТ" LEVEL="7" OPERTYPEID="20" PREVID="1846803" UPDATEDATE="2024-09-10" STARTDATE="2024-09-10" ENDDATE="2079-06-06" ISACTUAL="1" ISACTIVE="1" /><OBJECT ID="1939373" OBJECTID="1287754" OBJECTGUID="938b9062-514f-4a4a-930a-0fe7739e4d70" CHANGEID="268214603" NAME="СНТ Пилот Скуратовская" TYPENAME="тер." LEVEL="7" OPERTYPEID="20" PREVID="1588474" NEXTID="52126352" UPDATEDATE="2024-09-10" STARTDATE="2022-01-27" ENDDATE="2024-09-10" ISACTUAL="0" ISACTIVE="0" /><OBJECT ID="52126352" OBJECTID="1287754" OBJECTGUID="938b9062-514f-4a4a-930a-0fe7739e4d70" CHANGEID="600840818" NAME="СНТ Пилот" TYPENAME="тер." LEVEL="7" OPERTYPEID="20" PREVID="1939373" UPDATEDATE="2024-09-10" STARTDATE="2024-09-10" ENDDATE="2079-06-06" ISACTUAL="1" ISACTIVE="1" /><OBJECT ID="1939368" OBJECTID="1287022" OBJECTGUID="8565a6a6-48b6-4193-9968-f25ed8a068cf" CHANGEID="268214486" NAME="СНТ Строитель Киреевская" TYPENAME="тер." LEVEL="7" OPERTYPEID="20" PREVID="1587520" NEXTID="52126353" UPDATEDATE="2024-09-10" STARTDATE="2022-01-27" ENDDATE="2024-09-10" ISACTUAL="0" ISACTIVE="0" /><OBJECT ID="52126353" OBJECTID="1287022" OBJECTGUID="8565a6a6-48b6-4193-9968-f25ed8a068cf" CHANGEID="600840855" NAME="СНТ Строитель" TYPENAME="тер." LEVEL="7" OPERTYPEID="20" PREVID="1939368" UPDATEDATE="2024-09-10" STARTDATE="2024-09-10" ENDDATE="2079-06-06" ISACTUAL="1" ISACTIVE="1" /><OBJECT ID="1939369" OBJECTID="1295413" OBJECTGUID="31bded66-c185-45dd-8d4e-a22c7ca7d4fd" CHANGEID="268214501" NAME="СНТ Стройтехника Скуратовская" TYPENAME="тер." LEVEL="7" OPERTYPEID="20" PREVID="1597607" NEXTID="52126354" UPDATEDATE="2024-09-10" STARTDATE="2022-01-27" ENDDATE="2024-09-10" ISACTUAL="0" ISACTIVE="0" /><OBJECT ID="52126354" OBJECTID="1295413" OBJECTGUID="31bded66-c185-45dd-8d4e-a22c7ca7d4fd" CHANGEID="600840882" NAME="СНТ Стройтехника" TYPENAME="тер." LEVEL="7" OPERTYPEID="20" PREVID="1939369" UPDATEDATE="2024-09-10" STARTDATE="2024-09-10" ENDDATE="2079-06-06" ISACTUAL="1" ISACTIVE="1" /><OBJECT ID="52047112" OBJECTID="1291425" OBJECTGUID="6cff42fc-d34a-4114-85b8-4e35cb2cbc36" CHANGEID="499407855" NAME="Тулгоржилуправление Киреевская" TYPENAME="тер. СНТ" LEVEL="7" OPERTYPEID="20" PREVID="1939358" NEXTID="52126355" UPDATEDATE="2024-09-10" STARTDATE="2023-04-19" ENDDATE="2024-09-10" ISACTUAL="0" ISACTIVE="0" /><OBJECT ID="52126355" OBJECTID="1291425" OBJECTGUID="6cff42fc-d34a-4114-85b8-4e35cb2cbc36" CHANGEID="600840890" NAME="Тулгоржилуправление" TYPENAME="тер. СНТ" LEVEL="7" OPERTYPEID="20" PREVID="52047112" UPDATEDATE="2024-09-10" STARTDATE="2024-09-10" ENDDATE="2079-06-06" ISACTUAL="1" ISACTIVE="1" /><OBJECT ID="1939347" OBJECTID="1296320" OBJECTGUID="e7daa90b-0bdf-4af4-a4ae-7cf360c724a0" CHANGEID="268212212" NAME="СНТ Урожай Скуратовская" TYPENAME="тер." LEVEL="7" OPERTYPEID="50" PREVID="1598673" NEXTID="52126356" UPDATEDATE="2024-09-10" STARTDATE="2022-01-27" ENDDATE="2024-09-10" ISACTUAL="0" ISACTIVE="0" /><OBJECT ID="52126356" OBJECTID="1296320" OBJECTGUID="e7daa90b-0bdf-4af4-a4ae-7cf360c724a0" CHANGEID="600840997" NAME="СНТ Урожай" TYPENAME="тер." LEVEL="7" OPERTYPEID="20" PREVID="1939347" UPDATEDATE="2024-09-10" STARTDATE="2024-09-10" ENDDATE="2079-06-06" ISACTUAL="1" ISACTIVE="1" /><OBJECT ID="1939381" OBJECTID="1286194" OBJECTGUID="c89ed276-5de7-4ed8-a8a4-0f2c18f0c186" CHANGEID="268215351" NAME="СНТ Эксперимент Асфальтовая" TYPENAME="тер." LEVEL="7" OPERTYPEID="50" PREVID="1586502" NEXTID="52126357" UPDATEDATE="2024-09-10" STARTDATE="2022-01-27" ENDDATE="2024-09-10" ISACTUAL="0" ISACTIVE="0" /><OBJECT ID="52126357" OBJECTID="1286194" OBJECTGUID="c89ed276-5de7-4ed8-a8a4-0f2c18f0c186" CHANGEID="600841009" NAME="СНТ Эксперимент" TYPENAME="тер." LEVEL="7" OPERTYPEID="20" PREVID="1939381" UPDATEDATE="2024-09-10" STARTDATE="2024-09-10" ENDDATE="2079-06-06" ISACTUAL="1" ISACTIVE="1" /><OBJECT ID="52126365" OBJECTID="165179866" OBJECTGUID="faff8ebc-8257-4c4e-bf4e-1aeb11afecf5" CHANGEID="600842394" NAME="Г3" TYPENAME="кв-л" LEVEL="7" OPERTYPEID="10" PREVID="0" NEXTID="0" UPDATEDATE="2024-09-10" STARTDATE="2024-09-10" ENDDATE="2079-06-06" ISACTUAL="1" ISACTIVE="1" /><OBJECT ID="52126366" OBJECTID="165179868" OBJECTGUID="4310e80d-fe35-4edd-9225-3eb764175af0" CHANGEID="600842397" NAME="Г5" TYPENAME="кв-л" LEVEL="7" OPERTYPEID="10" PREVID="0" NEXTID="0" UPDATEDATE="2024-09-10" STARTDATE="2024-09-10" ENDDATE="2079-06-06" ISACTUAL="1" ISACTIVE="1" /><OBJECT ID="52126500" OBJECTID="165213411" OBJECTGUID="4e82da0d-7a5d-4aef-b273-998fe6754a85" CHANGEID="600917504" NAME="Лэйксайд Резидентс" TYPENAME="тер." LEVEL="7" OPERTYPEID="10" PREVID="0" NEXTID="0" UPDATEDATE="2024-09-11" STARTDATE="2024-09-11" ENDDATE="2079-06-06" ISACTUAL="1" ISACTIVE="1" /></ADDRESSOBJECTS>