﻿<?xml version="1.0" encoding="utf-8"?><HOUSES><HOUSE ID="54544401" OBJECTID="37895142" OBJECTGUID="2ca9e7dd-5ee3-4054-8388-1d1273682769" CHANGEID="57463822" HOUSENUM="28" HOUSETYPE="2" OPERTYPEID="20" PREVID="22608585" NEXTID="126761491" UPDATEDATE="2024-09-11" STARTDATE="2014-01-04" ENDDATE="2024-09-11" ISACTUAL="0" ISACTIVE="0" /><HOUSE ID="65784464" OBJECTID="10793420" OBJECTGUID="cb4cdc7a-a0b3-47d9-8cf3-805368797aa4" CHANGEID="17664854" HOUSENUM="41" HOUSETYPE="2" OPERTYPEID="20" PREVID="5702145" NEXTID="126759658" UPDATEDATE="2024-09-11" STARTDATE="2017-11-20" ENDDATE="2024-09-11" ISACTUAL="0" ISACTIVE="0" /><HOUSE ID="68998289" OBJECTID="23757244" OBJECTGUID="f8b86f49-7554-4dfe-992a-69cc1e006060" CHANGEID="36887893" HOUSENUM="3А" HOUSETYPE="2" OPERTYPEID="20" PREVID="14017741" NEXTID="126728764" UPDATEDATE="2024-09-05" STARTDATE="2019-10-15" ENDDATE="2024-09-05" ISACTUAL="0" ISACTIVE="0" /><HOUSE ID="126140240" OBJECTID="163380934" OBJECTGUID="033db50f-f452-4111-b1df-3410f98f16d6" CHANGEID="594180375" HOUSENUM="438" HOUSETYPE="2" OPERTYPEID="10" PREVID="0" NEXTID="126730226" UPDATEDATE="2024-09-05" STARTDATE="2024-04-26" ENDDATE="2024-09-05" ISACTUAL="0" ISACTIVE="0" /><HOUSE ID="126140243" OBJECTID="163380948" OBJECTGUID="cca9951f-c491-4ad5-9756-90ebb0c0ae8d" CHANGEID="594180431" HOUSENUM="436" HOUSETYPE="2" OPERTYPEID="10" PREVID="0" NEXTID="126730395" UPDATEDATE="2024-09-05" STARTDATE="2024-04-26" ENDDATE="2024-09-05" ISACTUAL="0" ISACTIVE="0" /><HOUSE ID="126683972" OBJECTID="164897903" OBJECTGUID="aa5fdfc2-29a4-432d-864f-b883b0d42654" CHANGEID="600065019" HOUSENUM="131М" HOUSETYPE="2" OPERTYPEID="10" PREVID="0" NEXTID="126727418" UPDATEDATE="2024-09-05" STARTDATE="2024-08-27" ENDDATE="2024-09-05" ISACTUAL="0" ISACTIVE="0" /><HOUSE ID="126708552" OBJECTID="164989428" OBJECTGUID="c63b616b-5d23-4830-9832-6a92480a1097" CHANGEID="600283532" HOUSENUM="3Б" HOUSETYPE="2" OPERTYPEID="10" PREVID="0" NEXTID="126746491" UPDATEDATE="2024-09-09" STARTDATE="2024-09-02" ENDDATE="2024-09-09" ISACTUAL="0" ISACTIVE="0" /><HOUSE ID="126725526" OBJECTID="165062030" OBJECTGUID="e6a60c87-556e-445b-8c61-e730e55b7b1c" CHANGEID="600514021" HOUSENUM="26Б" HOUSETYPE="2" OPERTYPEID="10" PREVID="0" NEXTID="0" UPDATEDATE="2024-09-05" STARTDATE="2024-09-05" ENDDATE="2079-06-06" ISACTUAL="1" ISACTIVE="1" /><HOUSE ID="126727395" OBJECTID="165070151" OBJECTGUID="a3536b18-3739-4711-bc16-6be6986eb95e" CHANGEID="600527427" HOUSENUM="11" HOUSETYPE="2" OPERTYPEID="10" PREVID="0" NEXTID="0" UPDATEDATE="2024-09-05" STARTDATE="2024-09-05" ENDDATE="2079-06-06" ISACTUAL="1" ISACTIVE="1" /><HOUSE ID="126727418" OBJECTID="164897903" OBJECTGUID="aa5fdfc2-29a4-432d-864f-b883b0d42654" CHANGEID="600527681" HOUSENUM="133М" HOUSETYPE="2" OPERTYPEID="20" PREVID="126683972" UPDATEDATE="2024-09-05" STARTDATE="2024-09-05" ENDDATE="2079-06-06" ISACTUAL="1" ISACTIVE="1" /><HOUSE ID="126727375" OBJECTID="165070113" OBJECTGUID="0c118474-8284-47d9-9d84-72f09c369f9a" CHANGEID="600527351" HOUSENUM="47" HOUSETYPE="2" OPERTYPEID="10" PREVID="0" NEXTID="0" UPDATEDATE="2024-09-05" STARTDATE="2024-09-05" ENDDATE="2079-06-06" ISACTUAL="1" ISACTIVE="1" /><HOUSE ID="126727397" OBJECTID="165070171" OBJECTGUID="cc63f3d4-cf07-442e-9514-7e692bfd188a" CHANGEID="600527474" HOUSENUM="141" HOUSETYPE="2" OPERTYPEID="10" PREVID="0" NEXTID="0" UPDATEDATE="2024-09-05" STARTDATE="2024-09-05" ENDDATE="2079-06-06" ISACTUAL="1" ISACTIVE="1" /><HOUSE ID="126727422" OBJECTID="165070361" OBJECTGUID="462eb488-01fa-4915-ab33-b475b18d51af" CHANGEID="600527789" HOUSENUM="86" HOUSETYPE="2" OPERTYPEID="10" PREVID="0" NEXTID="0" UPDATEDATE="2024-09-05" STARTDATE="2024-09-05" ENDDATE="2079-06-06" ISACTUAL="1" ISACTIVE="1" /><HOUSE ID="18803073" OBJECTID="31644365" OBJECTGUID="28d57a62-8f63-4860-87f0-7650f4e02af3" CHANGEID="48382196" HOUSENUM="27" HOUSETYPE="2" OPERTYPEID="10" PREVID="0" NEXTID="126727508" UPDATEDATE="2024-09-05" STARTDATE="2014-01-04" ENDDATE="2024-09-05" ISACTUAL="0" ISACTIVE="0" /><HOUSE ID="126727508" OBJECTID="31644365" OBJECTGUID="28d57a62-8f63-4860-87f0-7650f4e02af3" CHANGEID="600528438" HOUSENUM="27" HOUSETYPE="5" OPERTYPEID="20" PREVID="18803073" UPDATEDATE="2024-09-05" STARTDATE="2024-09-05" ENDDATE="2079-06-06" ISACTUAL="1" ISACTIVE="1" /><HOUSE ID="126727546" OBJECTID="165071194" OBJECTGUID="a040c1c5-ae80-499b-9832-1a9ee4c6104c" CHANGEID="600528908" HOUSENUM="36А" HOUSETYPE="5" OPERTYPEID="10" PREVID="0" NEXTID="0" UPDATEDATE="2024-09-05" STARTDATE="2024-09-05" ENDDATE="2079-06-06" ISACTUAL="1" ISACTIVE="1" /><HOUSE ID="126727878" OBJECTID="165072302" OBJECTGUID="529f97cf-6dfe-4809-a8ad-16070f0b41d8" CHANGEID="600530663" HOUSENUM="143Б" HOUSETYPE="2" OPERTYPEID="10" PREVID="0" NEXTID="0" UPDATEDATE="2024-09-05" STARTDATE="2024-09-05" ENDDATE="2079-06-06" ISACTUAL="1" ISACTIVE="1" /><HOUSE ID="126727840" OBJECTID="165072062" OBJECTGUID="eb5c53ca-0916-4e9c-89c3-4270ddc40dbc" CHANGEID="600530315" HOUSENUM="27" HOUSETYPE="2" OPERTYPEID="10" PREVID="0" NEXTID="0" UPDATEDATE="2024-09-05" STARTDATE="2024-09-05" ENDDATE="2079-06-06" ISACTUAL="1" ISACTIVE="1" /><HOUSE ID="126727887" OBJECTID="165072431" OBJECTGUID="fe2a4320-a1c5-4e98-85b8-51ab108edc81" CHANGEID="600530807" HOUSENUM="377" HOUSETYPE="2" OPERTYPEID="10" PREVID="0" NEXTID="0" UPDATEDATE="2024-09-05" STARTDATE="2024-09-05" ENDDATE="2079-06-06" ISACTUAL="1" ISACTIVE="1" /><HOUSE ID="126727889" OBJECTID="165072469" OBJECTGUID="b8145261-e33f-4786-a5eb-1048523c4197" CHANGEID="600530867" HOUSENUM="107" HOUSETYPE="2" OPERTYPEID="10" PREVID="0" NEXTID="0" UPDATEDATE="2024-09-05" STARTDATE="2024-09-05" ENDDATE="2079-06-06" ISACTUAL="1" ISACTIVE="1" /><HOUSE ID="126728136" OBJECTID="165073728" OBJECTGUID="81780368-9931-4f78-9772-7b1b2c82661c" CHANGEID="600532641" HOUSENUM="1А" HOUSETYPE="2" OPERTYPEID="10" PREVID="0" NEXTID="0" UPDATEDATE="2024-09-05" STARTDATE="2024-09-05" ENDDATE="2079-06-06" ISACTUAL="1" ISACTIVE="1" /><HOUSE ID="126728422" OBJECTID="165075133" OBJECTGUID="668a1e7d-c1d9-4ce9-b113-6315b5eca011" CHANGEID="600535242" HOUSENUM="4" ADDNUM1="1" HOUSETYPE="2" ADDTYPE1="2" OPERTYPEID="10" PREVID="0" NEXTID="0" UPDATEDATE="2024-09-05" STARTDATE="2024-09-05" ENDDATE="2079-06-06" ISACTUAL="1" ISACTIVE="1" /><HOUSE ID="126728441" OBJECTID="165075155" OBJECTGUID="22c65307-8612-4c46-a897-032c4da28c16" CHANGEID="600535304" HOUSENUM="29" HOUSETYPE="2" OPERTYPEID="10" PREVID="0" NEXTID="0" UPDATEDATE="2024-09-05" STARTDATE="2024-09-05" ENDDATE="2079-06-06" ISACTUAL="1" ISACTIVE="1" /><HOUSE ID="126728581" OBJECTID="165075855" OBJECTGUID="ff6c7b52-ed09-49ec-b11a-4d5727950d54" CHANGEID="600536435" HOUSENUM="129" HOUSETYPE="2" OPERTYPEID="10" PREVID="0" NEXTID="0" UPDATEDATE="2024-09-05" STARTDATE="2024-09-05" ENDDATE="2079-06-06" ISACTUAL="1" ISACTIVE="1" /><HOUSE ID="126728559" OBJECTID="165075723" OBJECTGUID="a43a9967-6630-497e-a645-151bcd2b9c1b" CHANGEID="600536185" HOUSENUM="1/1" HOUSETYPE="2" OPERTYPEID="10" PREVID="0" NEXTID="0" UPDATEDATE="2024-09-05" STARTDATE="2024-09-05" ENDDATE="2079-06-06" ISACTUAL="1" ISACTIVE="1" /><HOUSE ID="126728747" OBJECTID="165077525" OBJECTGUID="7e089f96-b179-4278-bb2d-c69b8faf4841" CHANGEID="600538732" HOUSENUM="301" HOUSETYPE="2" OPERTYPEID="10" PREVID="0" NEXTID="0" UPDATEDATE="2024-09-05" STARTDATE="2024-09-05" ENDDATE="2079-06-06" ISACTUAL="1" ISACTIVE="1" /><HOUSE ID="126728764" OBJECTID="23757244" OBJECTGUID="f8b86f49-7554-4dfe-992a-69cc1e006060" CHANGEID="600538799" HOUSENUM="3А" HOUSETYPE="2" OPERTYPEID="30" PREVID="68998289" NEXTID="0" UPDATEDATE="2024-09-05" STARTDATE="2024-09-05" ENDDATE="2079-06-06" ISACTUAL="1" ISACTIVE="0" /><HOUSE ID="126729208" OBJECTID="165079334" OBJECTGUID="bb49b629-de38-4e40-a890-043749ad2574" CHANGEID="600541305" HOUSENUM="24А" HOUSETYPE="2" OPERTYPEID="10" PREVID="0" NEXTID="0" UPDATEDATE="2024-09-05" STARTDATE="2024-09-05" ENDDATE="2079-06-06" ISACTUAL="1" ISACTIVE="1" /><HOUSE ID="126729948" OBJECTID="165082301" OBJECTGUID="8226e023-4ed2-4987-b8c1-9d6a99005d6b" CHANGEID="600546566" HOUSENUM="280" HOUSETYPE="2" OPERTYPEID="10" PREVID="0" NEXTID="0" UPDATEDATE="2024-09-05" STARTDATE="2024-09-05" ENDDATE="2079-06-06" ISACTUAL="1" ISACTIVE="1" /><HOUSE ID="126729960" OBJECTID="165082363" OBJECTGUID="96b99848-7809-49c2-8954-16cff253a417" CHANGEID="600546678" HOUSENUM="247" HOUSETYPE="2" OPERTYPEID="10" PREVID="0" NEXTID="0" UPDATEDATE="2024-09-05" STARTDATE="2024-09-05" ENDDATE="2079-06-06" ISACTUAL="1" ISACTIVE="1" /><HOUSE ID="126729965" OBJECTID="165082381" OBJECTGUID="daccd640-f71e-42ed-be36-eb6871d995f3" CHANGEID="600546706" HOUSENUM="13" HOUSETYPE="2" OPERTYPEID="10" PREVID="0" NEXTID="0" UPDATEDATE="2024-09-05" STARTDATE="2024-09-05" ENDDATE="2079-06-06" ISACTUAL="1" ISACTIVE="1" /><HOUSE ID="126729984" OBJECTID="165082536" OBJECTGUID="dcd4ef41-9d89-47b9-84fe-ea05aad5a5d9" CHANGEID="600546902" HOUSENUM="6/1" HOUSETYPE="2" OPERTYPEID="10" PREVID="0" NEXTID="0" UPDATEDATE="2024-09-05" STARTDATE="2024-09-05" ENDDATE="2079-06-06" ISACTUAL="1" ISACTIVE="1" /><HOUSE ID="126730177" OBJECTID="165083281" OBJECTGUID="f4483a7d-47ef-4012-8d89-f6a18416ed54" CHANGEID="600548183" HOUSENUM="7" HOUSETYPE="2" OPERTYPEID="10" PREVID="0" NEXTID="0" UPDATEDATE="2024-09-05" STARTDATE="2024-09-05" ENDDATE="2079-06-06" ISACTUAL="1" ISACTIVE="1" /><HOUSE ID="126730226" OBJECTID="163380934" OBJECTGUID="033db50f-f452-4111-b1df-3410f98f16d6" CHANGEID="600549152" HOUSENUM="12" HOUSETYPE="2" OPERTYPEID="50" PREVID="126140240" UPDATEDATE="2024-09-05" STARTDATE="2024-09-05" ENDDATE="2079-06-06" ISACTUAL="1" ISACTIVE="1" /><HOUSE ID="126730252" OBJECTID="163955624" OBJECTGUID="a8e83b69-51f1-46ad-a281-049c499f737a" CHANGEID="600549282" HOUSENUM="32" HOUSETYPE="2" OPERTYPEID="30" PREVID="126353384" NEXTID="0" UPDATEDATE="2024-09-05" STARTDATE="2024-09-05" ENDDATE="2079-06-06" ISACTUAL="1" ISACTIVE="0" /><HOUSE ID="126353384" OBJECTID="163955624" OBJECTGUID="a8e83b69-51f1-46ad-a281-049c499f737a" CHANGEID="596978638" HOUSENUM="32" HOUSETYPE="2" OPERTYPEID="10" PREVID="0" NEXTID="126730252" UPDATEDATE="2024-09-05" STARTDATE="2024-06-21" ENDDATE="2024-09-05" ISACTUAL="0" ISACTIVE="0" /><HOUSE ID="126730395" OBJECTID="163380948" OBJECTGUID="cca9951f-c491-4ad5-9756-90ebb0c0ae8d" CHANGEID="600550498" HOUSENUM="10" HOUSETYPE="2" OPERTYPEID="50" PREVID="126140243" UPDATEDATE="2024-09-05" STARTDATE="2024-09-05" ENDDATE="2079-06-06" ISACTUAL="1" ISACTIVE="1" /><HOUSE ID="126730897" OBJECTID="165087233" OBJECTGUID="33d8eeba-5696-44f0-a451-aba7bace2f6a" CHANGEID="600554512" HOUSENUM="9А" HOUSETYPE="2" OPERTYPEID="10" PREVID="0" NEXTID="0" UPDATEDATE="2024-09-05" STARTDATE="2024-09-05" ENDDATE="2079-06-06" ISACTUAL="1" ISACTIVE="1" /><HOUSE ID="126731507" OBJECTID="165089920" OBJECTGUID="7f360a5b-e10c-4966-b844-e2a3817a10a8" CHANGEID="600560057" HOUSENUM="3А" HOUSETYPE="2" OPERTYPEID="10" PREVID="0" NEXTID="0" UPDATEDATE="2024-09-05" STARTDATE="2024-09-05" ENDDATE="2079-06-06" ISACTUAL="1" ISACTIVE="1" /><HOUSE ID="126734615" OBJECTID="165102326" OBJECTGUID="311fca13-1262-495f-bba2-2f08fe78ae24" CHANGEID="600583075" HOUSENUM="19" HOUSETYPE="2" OPERTYPEID="10" PREVID="0" NEXTID="0" UPDATEDATE="2024-09-06" STARTDATE="2024-09-06" ENDDATE="2079-06-06" ISACTUAL="1" ISACTIVE="1" /><HOUSE ID="126736260" OBJECTID="165106698" OBJECTGUID="b8e1aa68-a779-4c98-a4ad-27fe8b8e2bb0" CHANGEID="600590857" HOUSENUM="76А" HOUSETYPE="2" OPERTYPEID="10" PREVID="0" NEXTID="0" UPDATEDATE="2024-09-06" STARTDATE="2024-09-06" ENDDATE="2079-06-06" ISACTUAL="1" ISACTIVE="1" /><HOUSE ID="126737497" OBJECTID="165112286" OBJECTGUID="7eb733d7-76b1-43a4-a97c-8943c3ac6b55" CHANGEID="600645831" HOUSENUM="5" HOUSETYPE="2" OPERTYPEID="10" PREVID="0" NEXTID="0" UPDATEDATE="2024-09-06" STARTDATE="2024-09-06" ENDDATE="2079-06-06" ISACTUAL="1" ISACTIVE="1" /><HOUSE ID="126737494" OBJECTID="165112248" OBJECTGUID="4be261ee-43da-48c7-87eb-1131fc1ac945" CHANGEID="600645088" HOUSENUM="37" HOUSETYPE="2" OPERTYPEID="10" PREVID="0" NEXTID="0" UPDATEDATE="2024-09-06" STARTDATE="2024-09-06" ENDDATE="2079-06-06" ISACTUAL="1" ISACTIVE="1" /><HOUSE ID="126737530" OBJECTID="165112377" OBJECTGUID="848113c4-62fc-4b6a-8649-ad45bcd94a4a" CHANGEID="600648605" HOUSENUM="23" HOUSETYPE="2" OPERTYPEID="10" PREVID="0" NEXTID="0" UPDATEDATE="2024-09-06" STARTDATE="2024-09-06" ENDDATE="2079-06-06" ISACTUAL="1" ISACTIVE="1" /><HOUSE ID="126737854" OBJECTID="165113436" OBJECTGUID="ef017076-a519-40d8-b7ce-5e098a176b62" CHANGEID="600701725" HOUSENUM="5Е" HOUSETYPE="5" OPERTYPEID="10" PREVID="0" NEXTID="0" UPDATEDATE="2024-09-06" STARTDATE="2024-09-06" ENDDATE="2079-06-06" ISACTUAL="1" ISACTIVE="1" /><HOUSE ID="126742600" OBJECTID="165136468" OBJECTGUID="299ce6c6-b9b3-4a2d-851c-f23be881effc" CHANGEID="600767598" HOUSENUM="69А" HOUSETYPE="2" OPERTYPEID="10" PREVID="0" NEXTID="0" UPDATEDATE="2024-09-09" STARTDATE="2024-09-09" ENDDATE="2079-06-06" ISACTUAL="1" ISACTIVE="1" /><HOUSE ID="126742615" OBJECTID="165136643" OBJECTGUID="f597106b-1e7a-4ce3-899a-57b95883f45f" CHANGEID="600767841" HOUSENUM="80" HOUSETYPE="2" OPERTYPEID="10" PREVID="0" NEXTID="0" UPDATEDATE="2024-09-09" STARTDATE="2024-09-09" ENDDATE="2079-06-06" ISACTUAL="1" ISACTIVE="1" /><HOUSE ID="126742649" OBJECTID="165136776" OBJECTGUID="bcc6b356-ab4e-46f8-95c8-011dd5dc1758" CHANGEID="600768111" HOUSENUM="128Б" HOUSETYPE="2" OPERTYPEID="10" PREVID="0" NEXTID="0" UPDATEDATE="2024-09-09" STARTDATE="2024-09-09" ENDDATE="2079-06-06" ISACTUAL="1" ISACTIVE="1" /><HOUSE ID="126743657" OBJECTID="165137802" OBJECTGUID="2e8da1d4-33d6-4873-a77e-843fe1fa8223" CHANGEID="600770955" HOUSENUM="14" HOUSETYPE="2" OPERTYPEID="10" PREVID="0" NEXTID="0" UPDATEDATE="2024-09-09" STARTDATE="2024-09-09" ENDDATE="2079-06-06" ISACTUAL="1" ISACTIVE="1" /><HOUSE ID="126743666" OBJECTID="165137906" OBJECTGUID="7ddd34ef-e857-45f4-9d33-6bdf142a31d2" CHANGEID="600771097" HOUSENUM="38" HOUSETYPE="2" OPERTYPEID="10" PREVID="0" NEXTID="0" UPDATEDATE="2024-09-09" STARTDATE="2024-09-09" ENDDATE="2079-06-06" ISACTUAL="1" ISACTIVE="1" /><HOUSE ID="126744350" OBJECTID="165139185" OBJECTGUID="6db2bcae-5cad-47ae-ab16-95b0cee944cc" CHANGEID="600772763" HOUSENUM="4" HOUSETYPE="2" OPERTYPEID="10" PREVID="0" NEXTID="0" UPDATEDATE="2024-09-09" STARTDATE="2024-09-09" ENDDATE="2079-06-06" ISACTUAL="1" ISACTIVE="1" /><HOUSE ID="126744770" OBJECTID="165140498" OBJECTGUID="0c3e7c57-56c9-4339-ad71-9a29dd37f7a7" CHANGEID="600775119" HOUSENUM="8А" HOUSETYPE="7" OPERTYPEID="10" PREVID="0" NEXTID="0" UPDATEDATE="2024-09-09" STARTDATE="2024-09-09" ENDDATE="2079-06-06" ISACTUAL="1" ISACTIVE="1" /><HOUSE ID="126745011" OBJECTID="165141437" OBJECTGUID="9834b4fe-c8ad-427f-b88f-2ea42bfc4e13" CHANGEID="600776505" HOUSENUM="8" HOUSETYPE="2" OPERTYPEID="10" PREVID="0" NEXTID="0" UPDATEDATE="2024-09-09" STARTDATE="2024-09-09" ENDDATE="2079-06-06" ISACTUAL="1" ISACTIVE="1" /><HOUSE ID="126746491" OBJECTID="164989428" OBJECTGUID="c63b616b-5d23-4830-9832-6a92480a1097" CHANGEID="600785104" HOUSENUM="5" HOUSETYPE="2" OPERTYPEID="20" PREVID="126708552" UPDATEDATE="2024-09-09" STARTDATE="2024-09-09" ENDDATE="2079-06-06" ISACTUAL="1" ISACTIVE="1" /><HOUSE ID="126747217" OBJECTID="165149911" OBJECTGUID="40c53cde-5c02-48bd-bb08-5924694b2e46" CHANGEID="600790369" HOUSENUM="8А" HOUSETYPE="2" OPERTYPEID="10" PREVID="0" NEXTID="0" UPDATEDATE="2024-09-09" STARTDATE="2024-09-09" ENDDATE="2079-06-06" ISACTUAL="1" ISACTIVE="1" /><HOUSE ID="126747247" OBJECTID="165150020" OBJECTGUID="4d6f76d7-5c34-405a-86f2-bfee143f7ba3" CHANGEID="600790549" HOUSENUM="63Б" HOUSETYPE="2" OPERTYPEID="10" PREVID="0" NEXTID="0" UPDATEDATE="2024-09-09" STARTDATE="2024-09-09" ENDDATE="2079-06-06" ISACTUAL="1" ISACTIVE="1" /><HOUSE ID="126747519" OBJECTID="165151008" OBJECTGUID="8ca08338-2a55-4b63-9a9c-75dfe5cc7285" CHANGEID="600796225" HOUSENUM="2" HOUSETYPE="2" OPERTYPEID="10" PREVID="0" NEXTID="0" UPDATEDATE="2024-09-09" STARTDATE="2024-09-09" ENDDATE="2079-06-06" ISACTUAL="1" ISACTIVE="1" /><HOUSE ID="126751914" OBJECTID="165172339" OBJECTGUID="f0e17f32-1908-4f7d-bbc4-eb5ebf7dd6c8" CHANGEID="600830154" HOUSENUM="21" HOUSETYPE="2" OPERTYPEID="10" PREVID="0" NEXTID="0" UPDATEDATE="2024-09-10" STARTDATE="2024-09-10" ENDDATE="2079-06-06" ISACTUAL="1" ISACTIVE="1" /><HOUSE ID="126752221" OBJECTID="165173329" OBJECTGUID="bd5ef0b1-8c04-4e74-85d7-6c912b9566b4" CHANGEID="600831983" HOUSENUM="1Б" ADDNUM1="1" HOUSETYPE="2" ADDTYPE1="1" OPERTYPEID="10" PREVID="0" NEXTID="0" UPDATEDATE="2024-09-10" STARTDATE="2024-09-10" ENDDATE="2079-06-06" ISACTUAL="1" ISACTIVE="1" /><HOUSE ID="126752229" OBJECTID="165173350" OBJECTGUID="a9d04f53-e837-4f63-8399-6133e8c9c39f" CHANGEID="600832075" HOUSENUM="1Б" ADDNUM1="2" HOUSETYPE="2" ADDTYPE1="1" OPERTYPEID="10" PREVID="0" NEXTID="0" UPDATEDATE="2024-09-10" STARTDATE="2024-09-10" ENDDATE="2079-06-06" ISACTUAL="1" ISACTIVE="1" /><HOUSE ID="126752298" OBJECTID="165173568" OBJECTGUID="0b1c4a45-955c-4b54-a45c-80a21b8ee499" CHANGEID="600832430" HOUSENUM="1Б" ADDNUM1="3" HOUSETYPE="2" ADDTYPE1="1" OPERTYPEID="10" PREVID="0" NEXTID="0" UPDATEDATE="2024-09-10" STARTDATE="2024-09-10" ENDDATE="2079-06-06" ISACTUAL="1" ISACTIVE="1" /><HOUSE ID="126752656" OBJECTID="165174791" OBJECTGUID="c6ac1f8c-c5f4-48f7-929c-015a72454c18" CHANGEID="600834281" HOUSENUM="15Б" HOUSETYPE="5" OPERTYPEID="10" PREVID="0" NEXTID="0" UPDATEDATE="2024-09-10" STARTDATE="2024-09-10" ENDDATE="2079-06-06" ISACTUAL="1" ISACTIVE="1" /><HOUSE ID="126752627" OBJECTID="165174627" OBJECTGUID="9965dc69-6560-4bb4-aaf2-765230758f3a" CHANGEID="600834069" HOUSENUM="11Б" HOUSETYPE="5" OPERTYPEID="10" PREVID="0" NEXTID="0" UPDATEDATE="2024-09-10" STARTDATE="2024-09-10" ENDDATE="2079-06-06" ISACTUAL="1" ISACTIVE="1" /><HOUSE ID="126753055" OBJECTID="165176704" OBJECTGUID="6461cb08-f443-4b7e-a28e-e1216ce22e9d" CHANGEID="600836896" HOUSENUM="11А" HOUSETYPE="2" OPERTYPEID="10" PREVID="0" NEXTID="0" UPDATEDATE="2024-09-10" STARTDATE="2024-09-10" ENDDATE="2079-06-06" ISACTUAL="1" ISACTIVE="1" /><HOUSE ID="126753855" OBJECTID="165180052" OBJECTGUID="51f7fce3-6223-44b3-9cc7-1d5d18a113d7" CHANGEID="600842655" HOUSENUM="34" HOUSETYPE="2" OPERTYPEID="10" PREVID="0" NEXTID="0" UPDATEDATE="2024-09-10" STARTDATE="2024-09-10" ENDDATE="2079-06-06" ISACTUAL="1" ISACTIVE="1" /><HOUSE ID="126753943" OBJECTID="165180464" OBJECTGUID="72b1b087-ed3e-49ed-96e3-d8e41e55d61d" CHANGEID="600843243" HOUSENUM="4" HOUSETYPE="2" OPERTYPEID="10" PREVID="0" NEXTID="0" UPDATEDATE="2024-09-10" STARTDATE="2024-09-10" ENDDATE="2079-06-06" ISACTUAL="1" ISACTIVE="1" /><HOUSE ID="126753995" OBJECTID="165180725" OBJECTGUID="58d539c9-0bf7-40c1-b38e-5a3fd2e99fa1" CHANGEID="600843765" HOUSENUM="38" HOUSETYPE="2" OPERTYPEID="10" PREVID="0" NEXTID="0" UPDATEDATE="2024-09-10" STARTDATE="2024-09-10" ENDDATE="2079-06-06" ISACTUAL="1" ISACTIVE="1" /><HOUSE ID="126754183" OBJECTID="165181178" OBJECTGUID="9262821f-6828-4656-bdf9-928445e5313a" CHANGEID="600844749" HOUSENUM="1Б" ADDNUM1="4" HOUSETYPE="2" ADDTYPE1="1" OPERTYPEID="10" PREVID="0" NEXTID="0" UPDATEDATE="2024-09-10" STARTDATE="2024-09-10" ENDDATE="2079-06-06" ISACTUAL="1" ISACTIVE="1" /><HOUSE ID="126754318" OBJECTID="165181913" OBJECTGUID="e89489d9-a806-4c1a-bd00-136a29636869" CHANGEID="600845871" HOUSENUM="1Б" ADDNUM1="5" HOUSETYPE="2" ADDTYPE1="1" OPERTYPEID="10" PREVID="0" NEXTID="0" UPDATEDATE="2024-09-10" STARTDATE="2024-09-10" ENDDATE="2079-06-06" ISACTUAL="1" ISACTIVE="1" /><HOUSE ID="126754487" OBJECTID="165182554" OBJECTGUID="81b454ff-eb22-4aa8-b52e-2280391b386e" CHANGEID="600847210" HOUSENUM="3А" ADDNUM1="6" HOUSETYPE="2" ADDTYPE1="1" OPERTYPEID="10" PREVID="0" NEXTID="0" UPDATEDATE="2024-09-10" STARTDATE="2024-09-10" ENDDATE="2079-06-06" ISACTUAL="1" ISACTIVE="1" /><HOUSE ID="126754499" OBJECTID="165182588" OBJECTGUID="cfbf054f-284e-4d8a-931d-1c49506fb658" CHANGEID="600847263" HOUSENUM="3А" ADDNUM1="7" HOUSETYPE="2" ADDTYPE1="1" OPERTYPEID="10" PREVID="0" NEXTID="0" UPDATEDATE="2024-09-10" STARTDATE="2024-09-10" ENDDATE="2079-06-06" ISACTUAL="1" ISACTIVE="1" /><HOUSE ID="126754560" OBJECTID="165182758" OBJECTGUID="7fe2fbb9-2931-4982-b0d2-068014469c7b" CHANGEID="600847545" HOUSENUM="40/1" HOUSETYPE="4" OPERTYPEID="10" PREVID="0" NEXTID="0" UPDATEDATE="2024-09-10" STARTDATE="2024-09-10" ENDDATE="2079-06-06" ISACTUAL="1" ISACTIVE="1" /><HOUSE ID="126754563" OBJECTID="165182762" OBJECTGUID="d9a60b35-bb1c-4107-aeba-f5160b5b1285" CHANGEID="600847551" HOUSENUM="15Д" HOUSETYPE="5" OPERTYPEID="10" PREVID="0" NEXTID="0" UPDATEDATE="2024-09-10" STARTDATE="2024-09-10" ENDDATE="2079-06-06" ISACTUAL="1" ISACTIVE="1" /><HOUSE ID="126754579" OBJECTID="165182799" OBJECTGUID="17b475a8-e5ea-4b62-bf34-88f80103724c" CHANGEID="600847621" HOUSENUM="144" HOUSETYPE="2" OPERTYPEID="10" PREVID="0" NEXTID="0" UPDATEDATE="2024-09-10" STARTDATE="2024-09-10" ENDDATE="2079-06-06" ISACTUAL="1" ISACTIVE="1" /><HOUSE ID="126754611" OBJECTID="165182835" OBJECTGUID="c1c2475c-b2e9-4063-b407-732f1e8c1be5" CHANGEID="600847711" HOUSENUM="34" HOUSETYPE="2" OPERTYPEID="10" PREVID="0" NEXTID="0" UPDATEDATE="2024-09-10" STARTDATE="2024-09-10" ENDDATE="2079-06-06" ISACTUAL="1" ISACTIVE="1" /><HOUSE ID="126754608" OBJECTID="165182817" OBJECTGUID="1ecda5c4-5274-4d1e-a34c-e4b262753d66" CHANGEID="600847679" HOUSENUM="61" HOUSETYPE="2" OPERTYPEID="10" PREVID="0" NEXTID="0" UPDATEDATE="2024-09-10" STARTDATE="2024-09-10" ENDDATE="2079-06-06" ISACTUAL="1" ISACTIVE="1" /><HOUSE ID="126754609" OBJECTID="165182825" OBJECTGUID="a04ab0cf-3693-419d-acb6-97cc49ea1ad6" CHANGEID="600847693" HOUSENUM="1" HOUSETYPE="2" OPERTYPEID="10" PREVID="0" NEXTID="0" UPDATEDATE="2024-09-10" STARTDATE="2024-09-10" ENDDATE="2079-06-06" ISACTUAL="1" ISACTIVE="1" /><HOUSE ID="126754616" OBJECTID="165182842" OBJECTGUID="919ee857-55d9-4e09-b2a1-0eaaab7e1fda" CHANGEID="600847721" HOUSENUM="3А" ADDNUM1="8" HOUSETYPE="2" ADDTYPE1="1" OPERTYPEID="10" PREVID="0" NEXTID="0" UPDATEDATE="2024-09-10" STARTDATE="2024-09-10" ENDDATE="2079-06-06" ISACTUAL="1" ISACTIVE="1" /><HOUSE ID="126754664" OBJECTID="165182953" OBJECTGUID="f6ebbb64-d95d-4d1b-afe5-c5468aadd544" CHANGEID="600847891" HOUSENUM="5А" HOUSETYPE="5" OPERTYPEID="10" PREVID="0" NEXTID="0" UPDATEDATE="2024-09-10" STARTDATE="2024-09-10" ENDDATE="2079-06-06" ISACTUAL="1" ISACTIVE="1" /><HOUSE ID="126756050" OBJECTID="165191855" OBJECTGUID="d50926d3-b9c6-42b9-8280-bd21966e2afb" CHANGEID="600885483" HOUSENUM="15" HOUSETYPE="2" OPERTYPEID="10" PREVID="0" NEXTID="0" UPDATEDATE="2024-09-11" STARTDATE="2024-09-11" ENDDATE="2079-06-06" ISACTUAL="1" ISACTIVE="1" /><HOUSE ID="126756744" OBJECTID="165195269" OBJECTGUID="27e28f8f-1902-45e9-952c-a830785984e4" CHANGEID="600890048" HOUSENUM="65" HOUSETYPE="2" OPERTYPEID="10" PREVID="0" NEXTID="0" UPDATEDATE="2024-09-11" STARTDATE="2024-09-11" ENDDATE="2079-06-06" ISACTUAL="1" ISACTIVE="1" /><HOUSE ID="126756827" OBJECTID="165195446" OBJECTGUID="941e869e-4a5c-4967-9724-8e08f6829087" CHANGEID="600890338" HOUSENUM="179" HOUSETYPE="2" OPERTYPEID="10" PREVID="0" NEXTID="0" UPDATEDATE="2024-09-11" STARTDATE="2024-09-11" ENDDATE="2079-06-06" ISACTUAL="1" ISACTIVE="1" /><HOUSE ID="126757757" OBJECTID="165200217" OBJECTGUID="d056aa75-76e5-4505-9de3-1a7ee107d72c" CHANGEID="600897294" HOUSENUM="24А" HOUSETYPE="2" OPERTYPEID="10" PREVID="0" NEXTID="0" UPDATEDATE="2024-09-11" STARTDATE="2024-09-11" ENDDATE="2079-06-06" ISACTUAL="1" ISACTIVE="1" /><HOUSE ID="126757985" OBJECTID="165202547" OBJECTGUID="e51aa802-2854-4dc3-b72d-23049d3e8d90" CHANGEID="600900161" HOUSENUM="94" HOUSETYPE="2" OPERTYPEID="10" PREVID="0" NEXTID="0" UPDATEDATE="2024-09-11" STARTDATE="2024-09-11" ENDDATE="2079-06-06" ISACTUAL="1" ISACTIVE="1" /><HOUSE ID="126758149" OBJECTID="165203614" OBJECTGUID="e0150c2f-52f0-4276-8054-1aa29ab09707" CHANGEID="600901518" HOUSENUM="15а" HOUSETYPE="2" OPERTYPEID="10" PREVID="0" NEXTID="0" UPDATEDATE="2024-09-11" STARTDATE="2024-09-11" ENDDATE="2079-06-06" ISACTUAL="1" ISACTIVE="1" /><HOUSE ID="126758277" OBJECTID="165204126" OBJECTGUID="6d2d753c-1c6c-47fa-b968-f8c32b6dce83" CHANGEID="600902395" HOUSENUM="7" HOUSETYPE="2" OPERTYPEID="10" PREVID="0" NEXTID="0" UPDATEDATE="2024-09-11" STARTDATE="2024-09-11" ENDDATE="2079-06-06" ISACTUAL="1" ISACTIVE="1" /><HOUSE ID="126758395" OBJECTID="165204821" OBJECTGUID="7f0e9522-2f4a-42e1-93d5-2a67a1ed8d0c" CHANGEID="600903481" HOUSENUM="183" HOUSETYPE="2" OPERTYPEID="10" PREVID="0" NEXTID="0" UPDATEDATE="2024-09-11" STARTDATE="2024-09-11" ENDDATE="2079-06-06" ISACTUAL="1" ISACTIVE="1" /><HOUSE ID="49753929" OBJECTID="82199111" OBJECTGUID="7b8f8eaa-a08d-4748-a19d-48b79535bb2d" CHANGEID="122135826" HOUSENUM="2А" HOUSETYPE="2" OPERTYPEID="10" PREVID="0" NEXTID="126758433" UPDATEDATE="2024-09-11" STARTDATE="2017-03-16" ENDDATE="2024-09-11" ISACTUAL="0" ISACTIVE="0" /><HOUSE ID="126758433" OBJECTID="82199111" OBJECTGUID="7b8f8eaa-a08d-4748-a19d-48b79535bb2d" CHANGEID="600903715" HOUSENUM="2А" HOUSETYPE="5" OPERTYPEID="20" PREVID="49753929" UPDATEDATE="2024-09-11" STARTDATE="2024-09-11" ENDDATE="2079-06-06" ISACTUAL="1" ISACTIVE="1" /><HOUSE ID="126758508" OBJECTID="165205098" OBJECTGUID="e1313ca3-82c9-4592-b2d2-3c6baba84f76" CHANGEID="600903961" HOUSENUM="10" HOUSETYPE="2" OPERTYPEID="10" PREVID="0" NEXTID="0" UPDATEDATE="2024-09-11" STARTDATE="2024-09-11" ENDDATE="2079-06-06" ISACTUAL="1" ISACTIVE="1" /><HOUSE ID="126758520" OBJECTID="165205173" OBJECTGUID="45bd84d7-05d4-402b-8c00-705f4c4b3c38" CHANGEID="600904049" HOUSENUM="2В" HOUSETYPE="2" OPERTYPEID="10" PREVID="0" NEXTID="0" UPDATEDATE="2024-09-11" STARTDATE="2024-09-11" ENDDATE="2079-06-06" ISACTUAL="1" ISACTIVE="1" /><HOUSE ID="126759277" OBJECTID="165209185" OBJECTGUID="d8932d23-1ea8-486f-956f-f6b202054550" CHANGEID="600910700" HOUSENUM="25/1" HOUSETYPE="2" OPERTYPEID="10" PREVID="0" NEXTID="0" UPDATEDATE="2024-09-11" STARTDATE="2024-09-11" ENDDATE="2079-06-06" ISACTUAL="1" ISACTIVE="1" /><HOUSE ID="126759303" OBJECTID="165209294" OBJECTGUID="55745af9-0d14-4dc3-9919-a2a29f22324c" CHANGEID="600910883" HOUSENUM="11" HOUSETYPE="2" OPERTYPEID="10" PREVID="0" NEXTID="0" UPDATEDATE="2024-09-11" STARTDATE="2024-09-11" ENDDATE="2079-06-06" ISACTUAL="1" ISACTIVE="1" /><HOUSE ID="126759317" OBJECTID="165209336" OBJECTGUID="dadfb656-7c6d-4105-a72b-05228180f3bb" CHANGEID="600910957" HOUSENUM="135" HOUSETYPE="5" OPERTYPEID="10" PREVID="0" NEXTID="0" UPDATEDATE="2024-09-11" STARTDATE="2024-09-11" ENDDATE="2079-06-06" ISACTUAL="1" ISACTIVE="1" /><HOUSE ID="126759658" OBJECTID="10793420" OBJECTGUID="cb4cdc7a-a0b3-47d9-8cf3-805368797aa4" CHANGEID="600913251" HOUSENUM="41А" HOUSETYPE="2" OPERTYPEID="20" PREVID="65784464" UPDATEDATE="2024-09-11" STARTDATE="2024-09-11" ENDDATE="2079-06-06" ISACTUAL="1" ISACTIVE="1" /><HOUSE ID="126759714" OBJECTID="165210658" OBJECTGUID="60ed8142-8b1f-4e27-b978-17a796ef123d" CHANGEID="600913548" HOUSENUM="15" HOUSETYPE="2" OPERTYPEID="10" PREVID="0" NEXTID="0" UPDATEDATE="2024-09-11" STARTDATE="2024-09-11" ENDDATE="2079-06-06" ISACTUAL="1" ISACTIVE="1" /><HOUSE ID="126759759" OBJECTID="165210812" OBJECTGUID="bcd8de4f-922c-450e-b642-9c05cbc45dda" CHANGEID="600913761" HOUSENUM="12" HOUSETYPE="2" OPERTYPEID="10" PREVID="0" NEXTID="0" UPDATEDATE="2024-09-11" STARTDATE="2024-09-11" ENDDATE="2079-06-06" ISACTUAL="1" ISACTIVE="1" /><HOUSE ID="126759834" OBJECTID="165210989" OBJECTGUID="f2f15111-8240-4925-83fa-3239262fce04" CHANGEID="600914066" HOUSENUM="13" HOUSETYPE="2" OPERTYPEID="10" PREVID="0" NEXTID="0" UPDATEDATE="2024-09-11" STARTDATE="2024-09-11" ENDDATE="2079-06-06" ISACTUAL="1" ISACTIVE="1" /><HOUSE ID="126759983" OBJECTID="165211833" OBJECTGUID="f53efe4b-4226-4445-8f9a-5a41e98610d4" CHANGEID="600915141" HOUSENUM="54а" HOUSETYPE="2" OPERTYPEID="10" PREVID="0" NEXTID="0" UPDATEDATE="2024-09-11" STARTDATE="2024-09-11" ENDDATE="2079-06-06" ISACTUAL="1" ISACTIVE="1" /><HOUSE ID="126759995" OBJECTID="165211948" OBJECTGUID="9a688952-31e2-4d96-804c-b5a72409bb3c" CHANGEID="600915272" HOUSENUM="14" HOUSETYPE="2" OPERTYPEID="10" PREVID="0" NEXTID="0" UPDATEDATE="2024-09-11" STARTDATE="2024-09-11" ENDDATE="2079-06-06" ISACTUAL="1" ISACTIVE="1" /><HOUSE ID="126760019" OBJECTID="165212005" OBJECTGUID="d49fe329-32d8-4c1e-afe1-90c16b249128" CHANGEID="600915357" HOUSENUM="15" HOUSETYPE="2" OPERTYPEID="10" PREVID="0" NEXTID="0" UPDATEDATE="2024-09-11" STARTDATE="2024-09-11" ENDDATE="2079-06-06" ISACTUAL="1" ISACTIVE="1" /><HOUSE ID="126760061" OBJECTID="165212193" OBJECTGUID="31634018-f4f1-422d-b501-f6d911599611" CHANGEID="600915813" HOUSENUM="16" HOUSETYPE="2" OPERTYPEID="10" PREVID="0" NEXTID="0" UPDATEDATE="2024-09-11" STARTDATE="2024-09-11" ENDDATE="2079-06-06" ISACTUAL="1" ISACTIVE="1" /><HOUSE ID="126760091" OBJECTID="165212299" OBJECTGUID="df4611a9-f904-4d20-9e4b-1e57fd700cd9" CHANGEID="600915969" HOUSENUM="17" HOUSETYPE="2" OPERTYPEID="10" PREVID="0" NEXTID="0" UPDATEDATE="2024-09-11" STARTDATE="2024-09-11" ENDDATE="2079-06-06" ISACTUAL="1" ISACTIVE="1" /><HOUSE ID="126760295" OBJECTID="165213447" OBJECTGUID="55d33108-83a6-449d-bf63-f00b033323cc" CHANGEID="600917552" HOUSENUM="9" HOUSETYPE="5" OPERTYPEID="10" PREVID="0" NEXTID="0" UPDATEDATE="2024-09-11" STARTDATE="2024-09-11" ENDDATE="2079-06-06" ISACTUAL="1" ISACTIVE="1" /><HOUSE ID="126760264" OBJECTID="165213277" OBJECTGUID="8ee5931e-ba17-49e4-ad4b-d08e683cbbdc" CHANGEID="600917285" HOUSENUM="2" HOUSETYPE="2" OPERTYPEID="10" PREVID="0" NEXTID="0" UPDATEDATE="2024-09-11" STARTDATE="2024-09-11" ENDDATE="2079-06-06" ISACTUAL="1" ISACTIVE="1" /><HOUSE ID="126760279" OBJECTID="165213356" OBJECTGUID="a3242fdf-528c-4906-95dc-5ffabe420d1e" CHANGEID="600917421" HOUSENUM="20" HOUSETYPE="2" OPERTYPEID="10" PREVID="0" NEXTID="0" UPDATEDATE="2024-09-11" STARTDATE="2024-09-11" ENDDATE="2079-06-06" ISACTUAL="1" ISACTIVE="1" /><HOUSE ID="126760316" OBJECTID="165213617" OBJECTGUID="e007f400-d9af-4526-a12a-42c38fa7442a" CHANGEID="600918068" HOUSENUM="5" HOUSETYPE="2" OPERTYPEID="10" PREVID="0" NEXTID="0" UPDATEDATE="2024-09-11" STARTDATE="2024-09-11" ENDDATE="2079-06-06" ISACTUAL="1" ISACTIVE="1" /><HOUSE ID="126760317" OBJECTID="165213619" OBJECTGUID="dea74696-bce1-4cb9-919f-8e9cd0721b4a" CHANGEID="600918070" HOUSENUM="3" HOUSETYPE="2" OPERTYPEID="10" PREVID="0" NEXTID="0" UPDATEDATE="2024-09-11" STARTDATE="2024-09-11" ENDDATE="2079-06-06" ISACTUAL="1" ISACTIVE="1" /><HOUSE ID="126760340" OBJECTID="165213796" OBJECTGUID="665c496e-9fc2-46b2-b0a7-4140d385e67c" CHANGEID="600918325" HOUSENUM="9" HOUSETYPE="2" OPERTYPEID="10" PREVID="0" NEXTID="0" UPDATEDATE="2024-09-11" STARTDATE="2024-09-11" ENDDATE="2079-06-06" ISACTUAL="1" ISACTIVE="1" /><HOUSE ID="126761115" OBJECTID="165217584" OBJECTGUID="4b891d10-596e-4503-8a3b-3e43305d17d1" CHANGEID="600924660" HOUSENUM="23" HOUSETYPE="2" OPERTYPEID="10" PREVID="0" NEXTID="0" UPDATEDATE="2024-09-11" STARTDATE="2024-09-11" ENDDATE="2079-06-06" ISACTUAL="1" ISACTIVE="1" /><HOUSE ID="126761096" OBJECTID="165217477" OBJECTGUID="c46ab2bb-6ab0-40c7-a58a-a9d756dae756" CHANGEID="600924512" HOUSENUM="7А" HOUSETYPE="2" OPERTYPEID="10" PREVID="0" NEXTID="0" UPDATEDATE="2024-09-11" STARTDATE="2024-09-11" ENDDATE="2079-06-06" ISACTUAL="1" ISACTIVE="1" /><HOUSE ID="56228671" OBJECTID="9695619" OBJECTGUID="4471efcc-67b6-47a2-b2da-4f1ffa338450" CHANGEID="16079523" HOUSENUM="15" HOUSETYPE="2" OPERTYPEID="20" PREVID="5050989" NEXTID="126761349" UPDATEDATE="2024-09-11" STARTDATE="2019-02-21" ENDDATE="2024-09-11" ISACTUAL="0" ISACTIVE="0" /><HOUSE ID="126761349" OBJECTID="9695619" OBJECTGUID="4471efcc-67b6-47a2-b2da-4f1ffa338450" CHANGEID="600927040" HOUSENUM="15/1" HOUSETYPE="2" OPERTYPEID="20" PREVID="56228671" UPDATEDATE="2024-09-11" STARTDATE="2024-09-11" ENDDATE="2079-06-06" ISACTUAL="1" ISACTIVE="1" /><HOUSE ID="126761428" OBJECTID="165219112" OBJECTGUID="9b0d05d7-0d55-48c4-aca5-83c03c3ff8b1" CHANGEID="600928684" HOUSENUM="66" HOUSETYPE="2" OPERTYPEID="10" PREVID="0" NEXTID="0" UPDATEDATE="2024-09-11" STARTDATE="2024-09-11" ENDDATE="2079-06-06" ISACTUAL="1" ISACTIVE="1" /><HOUSE ID="126761491" OBJECTID="37895142" OBJECTGUID="2ca9e7dd-5ee3-4054-8388-1d1273682769" CHANGEID="600929228" HOUSENUM="28/2" HOUSETYPE="2" OPERTYPEID="20" PREVID="54544401" UPDATEDATE="2024-09-11" STARTDATE="2024-09-11" ENDDATE="2079-06-06" ISACTUAL="1" ISACTIVE="1" /><HOUSE ID="126761495" OBJECTID="165219580" OBJECTGUID="d5e1da76-521e-4a4a-bafe-7d0422d44c1e" CHANGEID="600929262" HOUSENUM="18" HOUSETYPE="2" OPERTYPEID="10" PREVID="0" NEXTID="0" UPDATEDATE="2024-09-11" STARTDATE="2024-09-11" ENDDATE="2079-06-06" ISACTUAL="1" ISACTIVE="1" /><HOUSE ID="126761911" OBJECTID="165221413" OBJECTGUID="21b7d0ec-7b3f-451a-9ec0-0b55f472b7c7" CHANGEID="600932799" HOUSENUM="31/1" HOUSETYPE="2" OPERTYPEID="10" PREVID="0" NEXTID="0" UPDATEDATE="2024-09-11" STARTDATE="2024-09-11" ENDDATE="2079-06-06" ISACTUAL="1" ISACTIVE="1" /><HOUSE ID="126762078" OBJECTID="165221742" OBJECTGUID="d1ad930c-059e-41f0-8fb7-215b8df6b535" CHANGEID="600933305" HOUSENUM="17А" HOUSETYPE="2" OPERTYPEID="10" PREVID="0" NEXTID="0" UPDATEDATE="2024-09-11" STARTDATE="2024-09-11" ENDDATE="2079-06-06" ISACTUAL="1" ISACTIVE="1" /></HOUSES>