﻿<?xml version="1.0" encoding="utf-8"?><HOUSES><HOUSE ID="54719167" OBJECTID="77183611" OBJECTGUID="2f1f4c88-b32b-4957-98d0-505b3d4584f5" CHANGEID="114792812" HOUSENUM="69" HOUSETYPE="3" OPERTYPEID="20" PREVID="46642665" NEXTID="126754578" UPDATEDATE="2024-09-10" STARTDATE="2017-02-07" ENDDATE="2024-09-10" ISACTUAL="0" ISACTIVE="0" /><HOUSE ID="55147686" OBJECTID="4424245" OBJECTGUID="352b787c-703a-43a9-a2ce-e95c1a0ba1fa" CHANGEID="8332984" HOUSENUM="12" HOUSETYPE="2" OPERTYPEID="20" PREVID="1754985" NEXTID="126728697" UPDATEDATE="2024-09-05" STARTDATE="2016-04-08" ENDDATE="2024-09-05" ISACTUAL="0" ISACTIVE="0" /><HOUSE ID="56288563" OBJECTID="40319387" OBJECTGUID="454b6928-d8c8-4e49-8e80-907878bbdced" CHANGEID="61036577" HOUSENUM="20" HOUSETYPE="2" OPERTYPEID="20" PREVID="24105111" NEXTID="126751403" UPDATEDATE="2024-09-10" STARTDATE="2014-02-13" ENDDATE="2024-09-10" ISACTUAL="0" ISACTIVE="0" /><HOUSE ID="56775497" OBJECTID="17559290" OBJECTGUID="4c2c22e6-c14a-4ba9-a63d-7d43d79236e2" CHANGEID="27725099" HOUSENUM="41" HOUSETYPE="3" OPERTYPEID="20" PREVID="10074583" NEXTID="126747484" UPDATEDATE="2024-09-09" STARTDATE="2016-11-14" ENDDATE="2024-09-09" ISACTUAL="0" ISACTIVE="0" /><HOUSE ID="57670432" OBJECTID="77063571" OBJECTGUID="58c8f170-fc5b-414b-a876-bf9c107bb233" CHANGEID="114626871" HOUSENUM="41" HOUSETYPE="3" OPERTYPEID="20" PREVID="46581585" NEXTID="126754548" UPDATEDATE="2024-09-10" STARTDATE="2017-02-07" ENDDATE="2024-09-10" ISACTUAL="0" ISACTIVE="0" /><HOUSE ID="57747850" OBJECTID="77073275" OBJECTGUID="59df1c87-24b5-41c2-b434-e6557bee4190" CHANGEID="114640100" HOUSENUM="9" HOUSETYPE="3" OPERTYPEID="20" PREVID="46586889" NEXTID="126753096" UPDATEDATE="2024-09-10" STARTDATE="2017-02-07" ENDDATE="2024-09-10" ISACTUAL="0" ISACTIVE="0" /><HOUSE ID="58167067" OBJECTID="77061408" OBJECTGUID="5fcc3468-fec7-41e3-b1f3-bb04efc7b3df" CHANGEID="114623303" HOUSENUM="18" HOUSETYPE="3" OPERTYPEID="20" PREVID="46580482" NEXTID="126754477" UPDATEDATE="2024-09-10" STARTDATE="2017-02-07" ENDDATE="2024-09-10" ISACTUAL="0" ISACTIVE="0" /><HOUSE ID="58275409" OBJECTID="67449372" OBJECTGUID="61526432-f616-428f-bd3f-034e456b171a" CHANGEID="100556686" HOUSENUM="22" HOUSETYPE="2" OPERTYPEID="20" PREVID="40622590" NEXTID="126751388" UPDATEDATE="2024-09-10" STARTDATE="2014-02-13" ENDDATE="2024-09-10" ISACTUAL="0" ISACTIVE="0" /><HOUSE ID="58602747" OBJECTID="4851909" OBJECTGUID="65ed3eba-a437-466a-bd99-dda885fa0254" CHANGEID="8963818" HOUSENUM="60" HOUSETYPE="2" OPERTYPEID="20" PREVID="2023879" NEXTID="126761895" UPDATEDATE="2024-09-11" STARTDATE="2014-02-13" ENDDATE="2024-09-11" ISACTUAL="0" ISACTIVE="0" /><HOUSE ID="59658189" OBJECTID="77071812" OBJECTGUID="74d7ea8f-f15e-49b4-a64b-dd2e0fab2bc6" CHANGEID="114638700" HOUSENUM="26" HOUSETYPE="3" OPERTYPEID="20" PREVID="46585928" NEXTID="126754511" UPDATEDATE="2024-09-10" STARTDATE="2017-02-07" ENDDATE="2024-09-10" ISACTUAL="0" ISACTIVE="0" /><HOUSE ID="60343790" OBJECTID="77196929" OBJECTGUID="7e83ab38-723d-4f08-b715-9366e3bdb926" CHANGEID="114814146" HOUSENUM="12" HOUSETYPE="3" OPERTYPEID="20" PREVID="46651058" NEXTID="126753296" UPDATEDATE="2024-09-10" STARTDATE="2017-02-07" ENDDATE="2024-09-10" ISACTUAL="0" ISACTIVE="0" /><HOUSE ID="61416355" OBJECTID="77073794" OBJECTGUID="8da78da8-692b-474f-a19d-ea7593576da1" CHANGEID="114642542" HOUSENUM="29" HOUSETYPE="3" OPERTYPEID="20" PREVID="46587168" NEXTID="126754520" UPDATEDATE="2024-09-10" STARTDATE="2017-02-07" ENDDATE="2024-09-10" ISACTUAL="0" ISACTIVE="0" /><HOUSE ID="64361015" OBJECTID="77059097" OBJECTGUID="b734c840-a828-4d29-9d55-ae726e371456" CHANGEID="114620278" HOUSENUM="46" HOUSETYPE="3" OPERTYPEID="20" PREVID="46579110" NEXTID="126754554" UPDATEDATE="2024-09-10" STARTDATE="2017-02-07" ENDDATE="2024-09-10" ISACTUAL="0" ISACTIVE="0" /><HOUSE ID="64409472" OBJECTID="77150350" OBJECTGUID="b7e6cc00-b8b6-4c5b-a3b1-2bc317e3a8ea" CHANGEID="114747656" HOUSENUM="38" HOUSETYPE="3" OPERTYPEID="20" PREVID="46627437" NEXTID="126754525" UPDATEDATE="2024-09-10" STARTDATE="2017-02-07" ENDDATE="2024-09-10" ISACTUAL="0" ISACTIVE="0" /><HOUSE ID="64809699" OBJECTID="4419508" OBJECTGUID="bd8d3cc1-c387-4c37-a7ab-763f19ce1347" CHANGEID="8325485" HOUSENUM="20" HOUSETYPE="2" OPERTYPEID="20" PREVID="1752139" NEXTID="126756907" UPDATEDATE="2024-09-11" STARTDATE="2016-04-08" ENDDATE="2024-09-11" ISACTUAL="0" ISACTIVE="0" /><HOUSE ID="65573402" OBJECTID="83437517" OBJECTGUID="c8525836-636d-4840-9498-061422ce6076" CHANGEID="123942164" HOUSENUM="43" HOUSETYPE="2" OPERTYPEID="20" PREVID="50500961" NEXTID="126761899" UPDATEDATE="2024-09-11" STARTDATE="2014-02-13" ENDDATE="2024-09-11" ISACTUAL="0" ISACTIVE="0" /><HOUSE ID="65621816" OBJECTID="33464922" OBJECTGUID="c901f7c2-8bc2-4915-90e5-949163930174" CHANGEID="51004418" HOUSENUM="33" HOUSETYPE="2" OPERTYPEID="20" PREVID="19890342" NEXTID="126761622" UPDATEDATE="2024-09-11" STARTDATE="2015-11-06" ENDDATE="2024-09-11" ISACTUAL="0" ISACTIVE="0" /><HOUSE ID="66500995" OBJECTID="77179050" OBJECTGUID="d57350b3-b56c-4671-986f-3ce607bb3374" CHANGEID="114787098" HOUSENUM="24" HOUSETYPE="3" OPERTYPEID="20" PREVID="46639267" NEXTID="126754507" UPDATEDATE="2024-09-10" STARTDATE="2017-02-07" ENDDATE="2024-09-10" ISACTUAL="0" ISACTIVE="0" /><HOUSE ID="67340332" OBJECTID="77195748" OBJECTGUID="e14c500e-08ce-44ea-bfa2-8c7b5b51de42" CHANGEID="114810583" HOUSENUM="45" HOUSETYPE="3" OPERTYPEID="20" PREVID="46650295" NEXTID="126747481" UPDATEDATE="2024-09-09" STARTDATE="2017-02-07" ENDDATE="2024-09-09" ISACTUAL="0" ISACTIVE="0" /><HOUSE ID="67418438" OBJECTID="40317470" OBJECTGUID="e2672e51-c061-4e42-8225-4ea82f70f7ad" CHANGEID="61033832" HOUSENUM="24" HOUSETYPE="2" OPERTYPEID="20" PREVID="24104012" NEXTID="126751407" UPDATEDATE="2024-09-10" STARTDATE="2014-02-13" ENDDATE="2024-09-10" ISACTUAL="0" ISACTIVE="0" /><HOUSE ID="67470435" OBJECTID="77196546" OBJECTGUID="e3234d00-a5e1-472f-9734-903cb1d4c88c" CHANGEID="114811216" HOUSENUM="28" HOUSETYPE="3" OPERTYPEID="20" PREVID="46650755" NEXTID="126754513" UPDATEDATE="2024-09-10" STARTDATE="2017-02-07" ENDDATE="2024-09-10" ISACTUAL="0" ISACTIVE="0" /><HOUSE ID="67528853" OBJECTID="57998216" OBJECTGUID="e3f80754-ef60-4df7-85f0-fddf57eb70f3" CHANGEID="86697175" HOUSENUM="34" HOUSETYPE="3" OPERTYPEID="20" PREVID="34724515" NEXTID="126752215" UPDATEDATE="2024-09-10" STARTDATE="2017-12-30" ENDDATE="2024-09-10" ISACTUAL="0" ISACTIVE="0" /><HOUSE ID="67943103" OBJECTID="14807526" OBJECTGUID="e9cfa17f-5b9f-4b13-8378-a81a711c6215" CHANGEID="23641647" HOUSENUM="49" HOUSETYPE="2" OPERTYPEID="20" PREVID="8294360" NEXTID="126745815" UPDATEDATE="2024-09-09" STARTDATE="2014-01-10" ENDDATE="2024-09-09" ISACTUAL="0" ISACTIVE="0" /><HOUSE ID="68217221" OBJECTID="77069893" OBJECTGUID="edb0d008-28af-4325-92ae-ce92e7d1b443" CHANGEID="114634985" HOUSENUM="5" HOUSETYPE="3" OPERTYPEID="20" PREVID="46584912" NEXTID="126753092" UPDATEDATE="2024-09-10" STARTDATE="2017-02-07" ENDDATE="2024-09-10" ISACTUAL="0" ISACTIVE="0" /><HOUSE ID="63285533" OBJECTID="47043292" OBJECTGUID="a809087c-75d6-4dcd-b420-b5b3bfd40006" CHANGEID="70779115" HOUSENUM="9" HOUSETYPE="2" OPERTYPEID="20" PREVID="28128111" NEXTID="126761904" UPDATEDATE="2024-09-11" STARTDATE="2014-02-13" ENDDATE="2024-09-11" ISACTUAL="0" ISACTIVE="0" /><HOUSE ID="9077092" OBJECTID="15989505" OBJECTGUID="1a12b174-3d01-426d-85f0-2dc221acd1f3" CHANGEID="25411801" HOUSENUM="53" HOUSETYPE="2" OPERTYPEID="10" PREVID="0" NEXTID="126761634" UPDATEDATE="2024-09-11" STARTDATE="2014-01-10" ENDDATE="2024-09-11" ISACTUAL="0" ISACTIVE="0" /><HOUSE ID="16048396" OBJECTID="27018085" OBJECTGUID="abbfc484-e2f3-4371-a0ec-249b7dab942d" CHANGEID="41680455" HOUSENUM="5" HOUSETYPE="2" OPERTYPEID="10" PREVID="0" NEXTID="126761507" UPDATEDATE="2024-09-11" STARTDATE="1900-01-01" ENDDATE="2024-09-11" ISACTUAL="0" ISACTIVE="0" /><HOUSE ID="18305570" OBJECTID="30850595" OBJECTGUID="b0d69361-bc73-4807-9d52-2b5e72e107d3" CHANGEID="47216931" HOUSENUM="4Б" HOUSETYPE="2" OPERTYPEID="10" PREVID="0" NEXTID="126759615" UPDATEDATE="2024-09-11" STARTDATE="2018-09-27" ENDDATE="2024-09-11" ISACTUAL="0" ISACTIVE="0" /><HOUSE ID="22700403" OBJECTID="38039147" OBJECTGUID="32b1a850-a29d-4ffa-ad80-3b23cb6ae293" CHANGEID="57679897" HOUSENUM="13" HOUSETYPE="2" OPERTYPEID="10" PREVID="0" NEXTID="126761499" UPDATEDATE="2024-09-11" STARTDATE="2014-01-10" ENDDATE="2024-09-11" ISACTUAL="0" ISACTIVE="0" /><HOUSE ID="55958149" OBJECTID="77147881" OBJECTGUID="409fded5-a39a-454c-87c1-1afa7e0ed7cb" CHANGEID="114744371" HOUSENUM="57" HOUSETYPE="3" OPERTYPEID="20" PREVID="46625934" NEXTID="126754570" UPDATEDATE="2024-09-10" STARTDATE="2017-02-07" ENDDATE="2024-09-10" ISACTUAL="0" ISACTIVE="0" /><HOUSE ID="40711380" OBJECTID="67583693" OBJECTGUID="273a6557-f309-448c-9544-fb8bd9d0b9ce" CHANGEID="100757226" HOUSENUM="20" HOUSETYPE="2" OPERTYPEID="10" PREVID="0" NEXTID="126726470" UPDATEDATE="2024-09-05" STARTDATE="2014-01-10" ENDDATE="2024-09-05" ISACTUAL="0" ISACTIVE="0" /><HOUSE ID="40783230" OBJECTID="67696246" OBJECTGUID="51d1ebea-0c1a-4339-8da6-7bb0fbf7374c" CHANGEID="100922415" HOUSENUM="74" HOUSETYPE="2" OPERTYPEID="10" PREVID="0" NEXTID="126726474" UPDATEDATE="2024-09-05" STARTDATE="2014-01-10" ENDDATE="2024-09-05" ISACTUAL="0" ISACTIVE="0" /><HOUSE ID="41587449" OBJECTID="68966443" OBJECTGUID="d58765bb-996c-4f64-9afc-b850a2501449" CHANGEID="102802415" HOUSENUM="2" ADDNUM1="11Д" HOUSETYPE="10" ADDTYPE1="2" OPERTYPEID="10" PREVID="0" NEXTID="126756043" UPDATEDATE="2024-09-11" STARTDATE="2018-04-03" ENDDATE="2024-09-11" ISACTUAL="0" ISACTIVE="0" /><HOUSE ID="56106227" OBJECTID="77185238" OBJECTGUID="42b51419-036a-4995-8fb5-52b2ea39180c" CHANGEID="114798645" HOUSENUM="17" HOUSETYPE="3" OPERTYPEID="20" PREVID="46644471" NEXTID="126754470" UPDATEDATE="2024-09-10" STARTDATE="2017-02-07" ENDDATE="2024-09-10" ISACTUAL="0" ISACTIVE="0" /><HOUSE ID="52036633" OBJECTID="77133922" OBJECTGUID="093d9fd9-a95c-4d4a-b38c-0061ea82f584" CHANGEID="114726126" HOUSENUM="13" HOUSETYPE="3" OPERTYPEID="20" PREVID="46620532" NEXTID="126753304" UPDATEDATE="2024-09-10" STARTDATE="2017-02-07" ENDDATE="2024-09-10" ISACTUAL="0" ISACTIVE="0" /><HOUSE ID="52271924" OBJECTID="24382176" OBJECTGUID="0c8d94da-3e68-46e7-bd42-24bc770f59af" CHANGEID="37794454" HOUSENUM="28" HOUSETYPE="2" OPERTYPEID="20" PREVID="14397039" NEXTID="126745765" UPDATEDATE="2024-09-09" STARTDATE="2014-02-13" ENDDATE="2024-09-09" ISACTUAL="0" ISACTIVE="0" /><HOUSE ID="52293514" OBJECTID="77201243" OBJECTGUID="0cdf2a3b-fb54-4d56-8109-994c4742f069" CHANGEID="114819210" HOUSENUM="56" HOUSETYPE="3" OPERTYPEID="20" PREVID="46655016" NEXTID="126754565" UPDATEDATE="2024-09-10" STARTDATE="2017-02-07" ENDDATE="2024-09-10" ISACTUAL="0" ISACTIVE="0" /><HOUSE ID="52447243" OBJECTID="4425056" OBJECTGUID="0f09cdbd-f5e8-407b-98e2-f10e971e871c" CHANGEID="8333838" HOUSENUM="22" HOUSETYPE="2" OPERTYPEID="20" PREVID="1755429" NEXTID="126728690" UPDATEDATE="2024-09-05" STARTDATE="2016-04-08" ENDDATE="2024-09-05" ISACTUAL="0" ISACTIVE="0" /><HOUSE ID="54103695" OBJECTID="77079868" OBJECTGUID="26724764-33ef-4c74-a8c0-faaa27d2e0fd" CHANGEID="114648925" HOUSENUM="10" HOUSETYPE="3" OPERTYPEID="20" PREVID="46590107" NEXTID="126753099" UPDATEDATE="2024-09-10" STARTDATE="2017-02-07" ENDDATE="2024-09-10" ISACTUAL="0" ISACTIVE="0" /><HOUSE ID="126725750" OBJECTID="165063094" OBJECTGUID="326ff0d2-166d-4979-9105-0d49ef702c34" CHANGEID="600515686" HOUSENUM="40" ADDNUM1="1" HOUSETYPE="2" ADDTYPE1="2" OPERTYPEID="10" PREVID="0" NEXTID="0" UPDATEDATE="2024-09-05" STARTDATE="2024-09-05" ENDDATE="2079-06-06" ISACTUAL="1" ISACTIVE="1" /><HOUSE ID="126725751" OBJECTID="165063095" OBJECTGUID="2468aba0-db36-45df-9436-24e91863e81b" CHANGEID="600515687" HOUSENUM="40" ADDNUM1="3" HOUSETYPE="2" ADDTYPE1="2" OPERTYPEID="10" PREVID="0" NEXTID="0" UPDATEDATE="2024-09-05" STARTDATE="2024-09-05" ENDDATE="2079-06-06" ISACTUAL="1" ISACTIVE="1" /><HOUSE ID="126725752" OBJECTID="165063096" OBJECTGUID="f53d7847-d26d-4dd0-99f5-652d19e36ca2" CHANGEID="600515688" HOUSENUM="40" ADDNUM1="4" HOUSETYPE="2" ADDTYPE1="2" OPERTYPEID="10" PREVID="0" NEXTID="0" UPDATEDATE="2024-09-05" STARTDATE="2024-09-05" ENDDATE="2079-06-06" ISACTUAL="1" ISACTIVE="1" /><HOUSE ID="126726469" OBJECTID="83604951" OBJECTGUID="f6e6413c-2c81-4b26-980e-4e4b4efdc80a" CHANGEID="600521625" HOUSENUM="150" HOUSETYPE="2" OPERTYPEID="30" PREVID="68869471" NEXTID="0" UPDATEDATE="2024-09-05" STARTDATE="2024-09-05" ENDDATE="2079-06-06" ISACTUAL="1" ISACTIVE="0" /><HOUSE ID="68869471" OBJECTID="83604951" OBJECTGUID="f6e6413c-2c81-4b26-980e-4e4b4efdc80a" CHANGEID="124192972" HOUSENUM="150" HOUSETYPE="2" OPERTYPEID="20" PREVID="50609128" NEXTID="126726469" UPDATEDATE="2024-09-05" STARTDATE="2015-11-05" ENDDATE="2024-09-05" ISACTUAL="0" ISACTIVE="0" /><HOUSE ID="126726471" OBJECTID="67582354" OBJECTGUID="413b7f8e-89c7-44c8-acbd-f64aaee56dd9" CHANGEID="600521627" HOUSENUM="40" HOUSETYPE="2" OPERTYPEID="30" PREVID="40710949" NEXTID="0" UPDATEDATE="2024-09-05" STARTDATE="2024-09-05" ENDDATE="2079-06-06" ISACTUAL="1" ISACTIVE="0" /><HOUSE ID="40710949" OBJECTID="67582354" OBJECTGUID="413b7f8e-89c7-44c8-acbd-f64aaee56dd9" CHANGEID="100755502" HOUSENUM="40" HOUSETYPE="2" OPERTYPEID="10" PREVID="0" NEXTID="126726471" UPDATEDATE="2024-09-05" STARTDATE="2014-01-10" ENDDATE="2024-09-05" ISACTUAL="0" ISACTIVE="0" /><HOUSE ID="126726473" OBJECTID="67581740" OBJECTGUID="290fb969-0fb2-49ef-8c60-f28b9148498a" CHANGEID="600521629" HOUSENUM="57" HOUSETYPE="2" OPERTYPEID="30" PREVID="40710585" NEXTID="0" UPDATEDATE="2024-09-05" STARTDATE="2024-09-05" ENDDATE="2079-06-06" ISACTUAL="1" ISACTIVE="0" /><HOUSE ID="40710585" OBJECTID="67581740" OBJECTGUID="290fb969-0fb2-49ef-8c60-f28b9148498a" CHANGEID="100754613" HOUSENUM="57" HOUSETYPE="2" OPERTYPEID="10" PREVID="0" NEXTID="126726473" UPDATEDATE="2024-09-05" STARTDATE="2014-01-10" ENDDATE="2024-09-05" ISACTUAL="0" ISACTIVE="0" /><HOUSE ID="126726475" OBJECTID="67709996" OBJECTGUID="2fce510e-5097-4a2a-9411-bb867350745e" CHANGEID="600521631" HOUSENUM="75" HOUSETYPE="2" OPERTYPEID="30" PREVID="40791461" NEXTID="0" UPDATEDATE="2024-09-05" STARTDATE="2024-09-05" ENDDATE="2079-06-06" ISACTUAL="1" ISACTIVE="0" /><HOUSE ID="40791461" OBJECTID="67709996" OBJECTGUID="2fce510e-5097-4a2a-9411-bb867350745e" CHANGEID="100942030" HOUSENUM="75" HOUSETYPE="2" OPERTYPEID="10" PREVID="0" NEXTID="126726475" UPDATEDATE="2024-09-05" STARTDATE="2014-01-10" ENDDATE="2024-09-05" ISACTUAL="0" ISACTIVE="0" /><HOUSE ID="126726477" OBJECTID="38058195" OBJECTGUID="9a369bb9-42d9-41f1-841a-b0eb61283539" CHANGEID="600521633" HOUSENUM="23" HOUSETYPE="2" OPERTYPEID="30" PREVID="22714373" NEXTID="0" UPDATEDATE="2024-09-05" STARTDATE="2024-09-05" ENDDATE="2079-06-06" ISACTUAL="1" ISACTIVE="0" /><HOUSE ID="22714373" OBJECTID="38058195" OBJECTGUID="9a369bb9-42d9-41f1-841a-b0eb61283539" CHANGEID="57709744" HOUSENUM="23" HOUSETYPE="2" OPERTYPEID="10" PREVID="0" NEXTID="126726477" UPDATEDATE="2024-09-05" STARTDATE="2014-01-10" ENDDATE="2024-09-05" ISACTUAL="0" ISACTIVE="0" /><HOUSE ID="126726468" OBJECTID="83484987" OBJECTGUID="c2cdce5d-bc13-4daf-9ee2-7f77eb1eec2d" CHANGEID="600521624" HOUSENUM="107" HOUSETYPE="2" OPERTYPEID="30" PREVID="65182472" NEXTID="0" UPDATEDATE="2024-09-05" STARTDATE="2024-09-05" ENDDATE="2079-06-06" ISACTUAL="1" ISACTIVE="0" /><HOUSE ID="65182472" OBJECTID="83484987" OBJECTGUID="c2cdce5d-bc13-4daf-9ee2-7f77eb1eec2d" CHANGEID="124015017" HOUSENUM="107" HOUSETYPE="2" OPERTYPEID="20" PREVID="50533937" NEXTID="126726468" UPDATEDATE="2024-09-05" STARTDATE="2015-11-05" ENDDATE="2024-09-05" ISACTUAL="0" ISACTIVE="0" /><HOUSE ID="126726470" OBJECTID="67583693" OBJECTGUID="273a6557-f309-448c-9544-fb8bd9d0b9ce" CHANGEID="600521626" HOUSENUM="20" HOUSETYPE="2" OPERTYPEID="30" PREVID="40711380" NEXTID="0" UPDATEDATE="2024-09-05" STARTDATE="2024-09-05" ENDDATE="2079-06-06" ISACTUAL="1" ISACTIVE="0" /><HOUSE ID="126726472" OBJECTID="67709067" OBJECTGUID="29b42fd0-b989-4470-9495-b1eb5e3428f0" CHANGEID="600521628" HOUSENUM="50" HOUSETYPE="2" OPERTYPEID="30" PREVID="40790718" NEXTID="0" UPDATEDATE="2024-09-05" STARTDATE="2024-09-05" ENDDATE="2079-06-06" ISACTUAL="1" ISACTIVE="0" /><HOUSE ID="40790718" OBJECTID="67709067" OBJECTGUID="29b42fd0-b989-4470-9495-b1eb5e3428f0" CHANGEID="100940580" HOUSENUM="50" HOUSETYPE="2" OPERTYPEID="10" PREVID="0" NEXTID="126726472" UPDATEDATE="2024-09-05" STARTDATE="2014-01-10" ENDDATE="2024-09-05" ISACTUAL="0" ISACTIVE="0" /><HOUSE ID="126726474" OBJECTID="67696246" OBJECTGUID="51d1ebea-0c1a-4339-8da6-7bb0fbf7374c" CHANGEID="600521630" HOUSENUM="74" HOUSETYPE="2" OPERTYPEID="30" PREVID="40783230" NEXTID="0" UPDATEDATE="2024-09-05" STARTDATE="2024-09-05" ENDDATE="2079-06-06" ISACTUAL="1" ISACTIVE="0" /><HOUSE ID="126726476" OBJECTID="38039451" OBJECTGUID="033c3315-6b1f-4ff4-a813-3fdbf01a46ba" CHANGEID="600521632" HOUSENUM="16" HOUSETYPE="2" OPERTYPEID="30" PREVID="22700529" NEXTID="0" UPDATEDATE="2024-09-05" STARTDATE="2024-09-05" ENDDATE="2079-06-06" ISACTUAL="1" ISACTIVE="0" /><HOUSE ID="22700529" OBJECTID="38039451" OBJECTGUID="033c3315-6b1f-4ff4-a813-3fdbf01a46ba" CHANGEID="57680279" HOUSENUM="16" HOUSETYPE="2" OPERTYPEID="10" PREVID="0" NEXTID="126726476" UPDATEDATE="2024-09-05" STARTDATE="2014-01-10" ENDDATE="2024-09-05" ISACTUAL="0" ISACTIVE="0" /><HOUSE ID="126727206" OBJECTID="165069602" OBJECTGUID="81d3caa8-37cb-40b1-9f08-2c8e72a568c4" CHANGEID="600526556" HOUSENUM="17" ADDNUM1="2" HOUSETYPE="2" ADDTYPE1="2" OPERTYPEID="10" PREVID="0" NEXTID="0" UPDATEDATE="2024-09-05" STARTDATE="2024-09-05" ENDDATE="2079-06-06" ISACTUAL="1" ISACTIVE="1" /><HOUSE ID="126727214" OBJECTID="165069632" OBJECTGUID="8641b095-6ea5-4dfc-b22c-7c069f92c8d8" CHANGEID="600526614" HOUSENUM="16" HOUSETYPE="2" OPERTYPEID="10" PREVID="0" NEXTID="0" UPDATEDATE="2024-09-05" STARTDATE="2024-09-05" ENDDATE="2079-06-06" ISACTUAL="1" ISACTIVE="1" /><HOUSE ID="126727894" OBJECTID="165072502" OBJECTGUID="7706cf1a-e34a-46c3-8f7b-cb022ddff819" CHANGEID="600530920" HOUSENUM="3А" HOUSETYPE="2" OPERTYPEID="10" PREVID="0" NEXTID="0" UPDATEDATE="2024-09-05" STARTDATE="2024-09-05" ENDDATE="2079-06-06" ISACTUAL="1" ISACTIVE="1" /><HOUSE ID="126728697" OBJECTID="4424245" OBJECTGUID="352b787c-703a-43a9-a2ce-e95c1a0ba1fa" CHANGEID="600538438" HOUSENUM="12" HOUSETYPE="2" OPERTYPEID="30" PREVID="55147686" NEXTID="0" UPDATEDATE="2024-09-05" STARTDATE="2024-09-05" ENDDATE="2079-06-06" ISACTUAL="1" ISACTIVE="0" /><HOUSE ID="126728690" OBJECTID="4425056" OBJECTGUID="0f09cdbd-f5e8-407b-98e2-f10e971e871c" CHANGEID="600538408" HOUSENUM="22/17" HOUSETYPE="2" OPERTYPEID="20" PREVID="52447243" UPDATEDATE="2024-09-05" STARTDATE="2024-09-05" ENDDATE="2079-06-06" ISACTUAL="1" ISACTIVE="1" /><HOUSE ID="126728692" OBJECTID="4417340" OBJECTGUID="b4856d43-467a-4622-ab93-6a70507f5636" CHANGEID="600538418" HOUSENUM="2" HOUSETYPE="2" OPERTYPEID="30" PREVID="64170001" NEXTID="0" UPDATEDATE="2024-09-05" STARTDATE="2024-09-05" ENDDATE="2079-06-06" ISACTUAL="1" ISACTIVE="0" /><HOUSE ID="64170001" OBJECTID="4417340" OBJECTGUID="b4856d43-467a-4622-ab93-6a70507f5636" CHANGEID="8322333" HOUSENUM="2" HOUSETYPE="2" OPERTYPEID="20" PREVID="1750735" NEXTID="126728692" UPDATEDATE="2024-09-05" STARTDATE="2016-04-08" ENDDATE="2024-09-05" ISACTUAL="0" ISACTIVE="0" /><HOUSE ID="126728770" OBJECTID="165077582" OBJECTGUID="3ef0364b-d049-4f4d-a12c-ecc48343fb7c" CHANGEID="600538825" HOUSENUM="15" HOUSETYPE="2" OPERTYPEID="10" PREVID="0" NEXTID="0" UPDATEDATE="2024-09-05" STARTDATE="2024-09-05" ENDDATE="2079-06-06" ISACTUAL="1" ISACTIVE="1" /><HOUSE ID="126730242" OBJECTID="165083877" OBJECTGUID="0e1abb18-2c4a-4c7f-bc8f-d2a67f0976fd" CHANGEID="600549245" HOUSENUM="1/13" HOUSETYPE="7" OPERTYPEID="10" PREVID="0" NEXTID="0" UPDATEDATE="2024-09-05" STARTDATE="2024-09-05" ENDDATE="2079-06-06" ISACTUAL="1" ISACTIVE="1" /><HOUSE ID="126730544" OBJECTID="70125337" OBJECTGUID="9dbd9dea-cb94-425a-a0ce-85feaddfa19c" CHANGEID="600552093" HOUSENUM="30" HOUSETYPE="2" OPERTYPEID="30" PREVID="62557363" NEXTID="0" UPDATEDATE="2024-09-05" STARTDATE="2024-09-05" ENDDATE="2079-06-06" ISACTUAL="1" ISACTIVE="0" /><HOUSE ID="62557363" OBJECTID="70125337" OBJECTGUID="9dbd9dea-cb94-425a-a0ce-85feaddfa19c" CHANGEID="104494043" HOUSENUM="30" HOUSETYPE="2" OPERTYPEID="20" PREVID="42292542" NEXTID="126730544" UPDATEDATE="2024-09-05" STARTDATE="2016-04-08" ENDDATE="2024-09-05" ISACTUAL="0" ISACTIVE="0" /><HOUSE ID="126730587" OBJECTID="165085860" OBJECTGUID="67816594-17db-454b-a28a-a5952b57c1c9" CHANGEID="600552361" HOUSENUM="29" HOUSETYPE="2" OPERTYPEID="10" PREVID="0" NEXTID="0" UPDATEDATE="2024-09-05" STARTDATE="2024-09-05" ENDDATE="2079-06-06" ISACTUAL="1" ISACTIVE="1" /><HOUSE ID="126731224" OBJECTID="165088818" OBJECTGUID="3981def9-b7a3-4a8b-a102-d589e26d5a69" CHANGEID="600558126" HOUSENUM="9" HOUSETYPE="2" OPERTYPEID="10" PREVID="0" NEXTID="0" UPDATEDATE="2024-09-05" STARTDATE="2024-09-05" ENDDATE="2079-06-06" ISACTUAL="1" ISACTIVE="1" /><HOUSE ID="126731233" OBJECTID="165088860" OBJECTGUID="352ffbf2-1576-476e-beec-561893ad4c1c" CHANGEID="600558181" HOUSENUM="19" HOUSETYPE="2" OPERTYPEID="10" PREVID="0" NEXTID="0" UPDATEDATE="2024-09-05" STARTDATE="2024-09-05" ENDDATE="2079-06-06" ISACTUAL="1" ISACTIVE="1" /><HOUSE ID="126731309" OBJECTID="165089158" OBJECTGUID="b89a1580-9eb7-4d29-96c0-33bca0faf580" CHANGEID="600558705" HOUSENUM="42" HOUSETYPE="2" OPERTYPEID="10" PREVID="0" NEXTID="0" UPDATEDATE="2024-09-05" STARTDATE="2024-09-05" ENDDATE="2079-06-06" ISACTUAL="1" ISACTIVE="1" /><HOUSE ID="126731329" OBJECTID="165089227" OBJECTGUID="5d014ac7-4fd2-4967-a78a-4e1382c41203" CHANGEID="600558806" HOUSENUM="44" HOUSETYPE="2" OPERTYPEID="10" PREVID="0" NEXTID="0" UPDATEDATE="2024-09-05" STARTDATE="2024-09-05" ENDDATE="2079-06-06" ISACTUAL="1" ISACTIVE="1" /><HOUSE ID="126731346" OBJECTID="165089288" OBJECTGUID="ff0a3019-c724-45e0-9307-cb488282cd76" CHANGEID="600558967" HOUSENUM="61" HOUSETYPE="2" OPERTYPEID="10" PREVID="0" NEXTID="0" UPDATEDATE="2024-09-05" STARTDATE="2024-09-05" ENDDATE="2079-06-06" ISACTUAL="1" ISACTIVE="1" /><HOUSE ID="126731295" OBJECTID="165089135" OBJECTGUID="ff781bb6-fd36-4c8c-8866-fafd08eb6b4b" CHANGEID="600558656" HOUSENUM="8" HOUSETYPE="2" OPERTYPEID="10" PREVID="0" NEXTID="0" UPDATEDATE="2024-09-05" STARTDATE="2024-09-05" ENDDATE="2079-06-06" ISACTUAL="1" ISACTIVE="1" /><HOUSE ID="126731314" OBJECTID="165089211" OBJECTGUID="1ce5087c-c336-44be-9ba7-7f17d15d4ee0" CHANGEID="600558768" HOUSENUM="44А" HOUSETYPE="2" OPERTYPEID="10" PREVID="0" NEXTID="0" UPDATEDATE="2024-09-05" STARTDATE="2024-09-05" ENDDATE="2079-06-06" ISACTUAL="1" ISACTIVE="1" /><HOUSE ID="126731334" OBJECTID="165089245" OBJECTGUID="59e274c8-4f2a-4bb5-b13e-bc1141424868" CHANGEID="600558874" HOUSENUM="46А" HOUSETYPE="2" OPERTYPEID="10" PREVID="0" NEXTID="0" UPDATEDATE="2024-09-05" STARTDATE="2024-09-05" ENDDATE="2079-06-06" ISACTUAL="1" ISACTIVE="1" /><HOUSE ID="126731362" OBJECTID="165089355" OBJECTGUID="42849ba6-6c41-486d-9029-d48b150b8e23" CHANGEID="600559087" HOUSENUM="15" HOUSETYPE="2" OPERTYPEID="10" PREVID="0" NEXTID="0" UPDATEDATE="2024-09-05" STARTDATE="2024-09-05" ENDDATE="2079-06-06" ISACTUAL="1" ISACTIVE="1" /><HOUSE ID="126732316" OBJECTID="165094478" OBJECTGUID="c85783f8-ffa8-493a-8f56-32a941d6a73d" CHANGEID="600567711" HOUSENUM="15" HOUSETYPE="2" OPERTYPEID="10" PREVID="0" NEXTID="0" UPDATEDATE="2024-09-06" STARTDATE="2024-09-06" ENDDATE="2079-06-06" ISACTUAL="1" ISACTIVE="1" /><HOUSE ID="126732317" OBJECTID="165094611" OBJECTGUID="df5793a4-7a5d-4a38-a596-03f759b02c6f" CHANGEID="600567873" HOUSENUM="6" HOUSETYPE="2" OPERTYPEID="10" PREVID="0" NEXTID="0" UPDATEDATE="2024-09-06" STARTDATE="2024-09-06" ENDDATE="2079-06-06" ISACTUAL="1" ISACTIVE="1" /><HOUSE ID="126732318" OBJECTID="165094634" OBJECTGUID="767c2bca-78fc-4735-b568-b7934cf89d04" CHANGEID="600567919" HOUSENUM="59" HOUSETYPE="2" OPERTYPEID="10" PREVID="0" NEXTID="0" UPDATEDATE="2024-09-06" STARTDATE="2024-09-06" ENDDATE="2079-06-06" ISACTUAL="1" ISACTIVE="1" /><HOUSE ID="126732319" OBJECTID="165094636" OBJECTGUID="0f85ba98-175a-4f4d-a7a3-b3237cad7e91" CHANGEID="600567933" HOUSENUM="90" HOUSETYPE="2" OPERTYPEID="10" PREVID="0" NEXTID="0" UPDATEDATE="2024-09-06" STARTDATE="2024-09-06" ENDDATE="2079-06-06" ISACTUAL="1" ISACTIVE="1" /><HOUSE ID="126732320" OBJECTID="165094637" OBJECTGUID="231bf36e-1acf-45f3-9074-13bced859812" CHANGEID="600567937" HOUSENUM="87" HOUSETYPE="2" OPERTYPEID="10" PREVID="0" NEXTID="0" UPDATEDATE="2024-09-06" STARTDATE="2024-09-06" ENDDATE="2079-06-06" ISACTUAL="1" ISACTIVE="1" /><HOUSE ID="126733369" OBJECTID="165097534" OBJECTGUID="b40205ef-69ab-48d2-8744-b80af5418fce" CHANGEID="600574586" HOUSENUM="6" ADDNUM1="1" HOUSETYPE="2" ADDTYPE1="2" OPERTYPEID="10" PREVID="0" NEXTID="0" UPDATEDATE="2024-09-06" STARTDATE="2024-09-06" ENDDATE="2079-06-06" ISACTUAL="1" ISACTIVE="1" /><HOUSE ID="126733384" OBJECTID="165097657" OBJECTGUID="d8ea1f31-f349-4e32-a416-6cfde56c3b8d" CHANGEID="600574758" HOUSENUM="16к" ADDNUM1="1" HOUSETYPE="2" ADDTYPE1="2" OPERTYPEID="10" PREVID="0" NEXTID="0" UPDATEDATE="2024-09-06" STARTDATE="2024-09-06" ENDDATE="2079-06-06" ISACTUAL="1" ISACTIVE="1" /><HOUSE ID="126735399" OBJECTID="165104388" OBJECTGUID="80d11c7c-032e-4af0-9b20-2c5bc6d9dd38" CHANGEID="600586912" HOUSENUM="6А" HOUSETYPE="2" OPERTYPEID="10" PREVID="0" NEXTID="0" UPDATEDATE="2024-09-06" STARTDATE="2024-09-06" ENDDATE="2079-06-06" ISACTUAL="1" ISACTIVE="1" /><HOUSE ID="126735422" OBJECTID="165104493" OBJECTGUID="451978da-fc34-4e22-8674-a6fb08dfde3c" CHANGEID="600587072" HOUSENUM="5" HOUSETYPE="2" OPERTYPEID="10" PREVID="0" NEXTID="0" UPDATEDATE="2024-09-06" STARTDATE="2024-09-06" ENDDATE="2079-06-06" ISACTUAL="1" ISACTIVE="1" /><HOUSE ID="126737972" OBJECTID="165113836" OBJECTGUID="6e0496c7-c0ca-4bfb-a591-e05a4872505f" CHANGEID="600702437" HOUSENUM="7А" HOUSETYPE="2" OPERTYPEID="10" PREVID="0" NEXTID="0" UPDATEDATE="2024-09-06" STARTDATE="2024-09-06" ENDDATE="2079-06-06" ISACTUAL="1" ISACTIVE="1" /><HOUSE ID="126737994" OBJECTID="165113945" OBJECTGUID="b45ac505-2bb8-4023-aec5-fa95a60f5f42" CHANGEID="600702607" HOUSENUM="7а" HOUSETYPE="2" OPERTYPEID="10" PREVID="0" NEXTID="0" UPDATEDATE="2024-09-06" STARTDATE="2024-09-06" ENDDATE="2079-06-06" ISACTUAL="1" ISACTIVE="1" /><HOUSE ID="126738555" OBJECTID="165115672" OBJECTGUID="cb8075e9-55a5-4460-bae9-dc3b40c08717" CHANGEID="600705822" HOUSENUM="3" HOUSETYPE="2" OPERTYPEID="10" PREVID="0" NEXTID="0" UPDATEDATE="2024-09-06" STARTDATE="2024-09-06" ENDDATE="2079-06-06" ISACTUAL="1" ISACTIVE="1" /><HOUSE ID="126738572" OBJECTID="165115809" OBJECTGUID="7f6cc0c3-33ec-41dd-95b7-a36468bbfab2" CHANGEID="600706022" HOUSENUM="2А" HOUSETYPE="2" OPERTYPEID="10" PREVID="0" NEXTID="0" UPDATEDATE="2024-09-06" STARTDATE="2024-09-06" ENDDATE="2079-06-06" ISACTUAL="1" ISACTIVE="1" /><HOUSE ID="126738598" OBJECTID="165115821" OBJECTGUID="d15c95b7-863b-466d-8170-eba9bddf5865" CHANGEID="600706073" HOUSENUM="7" HOUSETYPE="2" OPERTYPEID="10" PREVID="0" NEXTID="0" UPDATEDATE="2024-09-06" STARTDATE="2024-09-06" ENDDATE="2079-06-06" ISACTUAL="1" ISACTIVE="1" /><HOUSE ID="126742570" OBJECTID="165136173" OBJECTGUID="fbc7dd1d-1aa3-40fe-a377-dbf78d1c80b2" CHANGEID="600767124" HOUSENUM="40" HOUSETYPE="2" OPERTYPEID="10" PREVID="0" NEXTID="0" UPDATEDATE="2024-09-09" STARTDATE="2024-09-09" ENDDATE="2079-06-06" ISACTUAL="1" ISACTIVE="1" /><HOUSE ID="126745530" OBJECTID="30002683" OBJECTGUID="9995fadc-d22a-4ca1-9e9c-b952bd05594a" CHANGEID="600779353" HOUSENUM="78" HOUSETYPE="2" OPERTYPEID="60" PREVID="62262681" UPDATEDATE="2024-09-09" STARTDATE="2024-09-09" ENDDATE="2079-06-06" ISACTUAL="1" ISACTIVE="0" /><HOUSE ID="62262681" OBJECTID="30002683" OBJECTGUID="9995fadc-d22a-4ca1-9e9c-b952bd05594a" CHANGEID="45978975" HOUSENUM="78" HOUSETYPE="2" OPERTYPEID="20" PREVID="17775128" NEXTID="126745530" UPDATEDATE="2024-09-09" STARTDATE="2016-03-04" ENDDATE="2024-09-09" ISACTUAL="0" ISACTIVE="0" /><HOUSE ID="126745531" OBJECTID="165142755" OBJECTGUID="60907f16-5c39-471d-a575-f50155289afd" CHANGEID="600779354" HOUSENUM="78/1" HOUSETYPE="2" OPERTYPEID="61" PREVID="126745530" NEXTID="0" UPDATEDATE="2024-09-09" STARTDATE="2024-09-09" ENDDATE="2079-06-06" ISACTUAL="1" ISACTIVE="1" /><HOUSE ID="126745532" OBJECTID="165142756" OBJECTGUID="dcf5d9c5-87dc-4bf6-a33f-9cfd1c02817b" CHANGEID="600779355" HOUSENUM="78/2" HOUSETYPE="2" OPERTYPEID="61" PREVID="126745530" NEXTID="0" UPDATEDATE="2024-09-09" STARTDATE="2024-09-09" ENDDATE="2079-06-06" ISACTUAL="1" ISACTIVE="1" /><HOUSE ID="126745533" OBJECTID="165142757" OBJECTGUID="0d9376fa-9c1d-4436-a6c6-c5ddb710cb64" CHANGEID="600779356" HOUSENUM="78/3" HOUSETYPE="2" OPERTYPEID="61" PREVID="126745530" NEXTID="0" UPDATEDATE="2024-09-09" STARTDATE="2024-09-09" ENDDATE="2079-06-06" ISACTUAL="1" ISACTIVE="1" /><HOUSE ID="126745534" OBJECTID="165142758" OBJECTGUID="2cccb092-daf7-4b73-b0ee-612a46954fa7" CHANGEID="600779357" HOUSENUM="78/4" HOUSETYPE="2" OPERTYPEID="61" PREVID="126745530" NEXTID="0" UPDATEDATE="2024-09-09" STARTDATE="2024-09-09" ENDDATE="2079-06-06" ISACTUAL="1" ISACTIVE="1" /><HOUSE ID="126745765" OBJECTID="24382176" OBJECTGUID="0c8d94da-3e68-46e7-bd42-24bc770f59af" CHANGEID="600780813" HOUSENUM="28" HOUSETYPE="2" OPERTYPEID="30" PREVID="52271924" NEXTID="0" UPDATEDATE="2024-09-09" STARTDATE="2024-09-09" ENDDATE="2079-06-06" ISACTUAL="1" ISACTIVE="0" /><HOUSE ID="126745776" OBJECTID="165143692" OBJECTGUID="a36ace93-6165-48e8-852f-c8c60ff156b8" CHANGEID="600780871" HOUSENUM="3" HOUSETYPE="5" OPERTYPEID="10" PREVID="0" NEXTID="0" UPDATEDATE="2024-09-09" STARTDATE="2024-09-09" ENDDATE="2079-06-06" ISACTUAL="1" ISACTIVE="1" /><HOUSE ID="126745785" OBJECTID="165143716" OBJECTGUID="78104045-0fba-425e-9e12-8c156419e123" CHANGEID="600780903" HOUSENUM="16А" HOUSETYPE="5" OPERTYPEID="10" PREVID="0" NEXTID="0" UPDATEDATE="2024-09-09" STARTDATE="2024-09-09" ENDDATE="2079-06-06" ISACTUAL="1" ISACTIVE="1" /><HOUSE ID="126745815" OBJECTID="14807526" OBJECTGUID="e9cfa17f-5b9f-4b13-8378-a81a711c6215" CHANGEID="600781094" HOUSENUM="49" HOUSETYPE="2" OPERTYPEID="60" PREVID="67943103" UPDATEDATE="2024-09-09" STARTDATE="2024-09-09" ENDDATE="2079-06-06" ISACTUAL="1" ISACTIVE="0" /><HOUSE ID="126745816" OBJECTID="165143851" OBJECTGUID="8b6af91d-8a03-4fca-ab74-a9ec75f29e7b" CHANGEID="600781095" HOUSENUM="49/1" HOUSETYPE="2" OPERTYPEID="61" PREVID="126745815" NEXTID="0" UPDATEDATE="2024-09-09" STARTDATE="2024-09-09" ENDDATE="2079-06-06" ISACTUAL="1" ISACTIVE="1" /><HOUSE ID="126745817" OBJECTID="165143852" OBJECTGUID="4ea40497-0c48-4c73-95a8-c1c038a1c468" CHANGEID="600781098" HOUSENUM="49/2" HOUSETYPE="2" OPERTYPEID="61" PREVID="126745815" NEXTID="0" UPDATEDATE="2024-09-09" STARTDATE="2024-09-09" ENDDATE="2079-06-06" ISACTUAL="1" ISACTIVE="1" /><HOUSE ID="126746140" OBJECTID="165144872" OBJECTGUID="385c6a1e-80b6-4b6b-9943-6cd9b34903be" CHANGEID="600782811" HOUSENUM="8" HOUSETYPE="2" OPERTYPEID="10" PREVID="0" NEXTID="0" UPDATEDATE="2024-09-09" STARTDATE="2024-09-09" ENDDATE="2079-06-06" ISACTUAL="1" ISACTIVE="1" /><HOUSE ID="126746181" OBJECTID="165144979" OBJECTGUID="4d0950d7-acea-4476-abc0-9c4724d1bb62" CHANGEID="600782960" HOUSENUM="18" HOUSETYPE="2" OPERTYPEID="10" PREVID="0" NEXTID="0" UPDATEDATE="2024-09-09" STARTDATE="2024-09-09" ENDDATE="2079-06-06" ISACTUAL="1" ISACTIVE="1" /><HOUSE ID="126746501" OBJECTID="165146611" OBJECTGUID="b1e03294-7930-4e88-91cb-257afc93eb31" CHANGEID="600785202" HOUSENUM="32а" HOUSETYPE="2" OPERTYPEID="10" PREVID="0" NEXTID="0" UPDATEDATE="2024-09-09" STARTDATE="2024-09-09" ENDDATE="2079-06-06" ISACTUAL="1" ISACTIVE="1" /><HOUSE ID="126746521" OBJECTID="165146627" OBJECTGUID="9d142fbe-2b4e-47c2-939d-991d3c0ca02b" CHANGEID="600785379" HOUSENUM="15а" HOUSETYPE="2" OPERTYPEID="10" PREVID="0" NEXTID="0" UPDATEDATE="2024-09-09" STARTDATE="2024-09-09" ENDDATE="2079-06-06" ISACTUAL="1" ISACTIVE="1" /><HOUSE ID="126746494" OBJECTID="165146563" OBJECTGUID="83fa5a41-351c-4954-9549-19b40448044d" CHANGEID="600785130" HOUSENUM="14" HOUSETYPE="2" OPERTYPEID="10" PREVID="0" NEXTID="0" UPDATEDATE="2024-09-09" STARTDATE="2024-09-09" ENDDATE="2079-06-06" ISACTUAL="1" ISACTIVE="1" /><HOUSE ID="126747361" OBJECTID="165150429" OBJECTGUID="f2b1a4a6-f037-4b17-ae5f-36919909b153" CHANGEID="600791284" HOUSENUM="2/47" HOUSETYPE="7" OPERTYPEID="10" PREVID="0" NEXTID="0" UPDATEDATE="2024-09-09" STARTDATE="2024-09-09" ENDDATE="2079-06-06" ISACTUAL="1" ISACTIVE="1" /><HOUSE ID="126747373" OBJECTID="165150460" OBJECTGUID="645c4227-2e1e-4876-b2ff-2a2d2a2598c7" CHANGEID="600791352" HOUSENUM="2/23" HOUSETYPE="7" OPERTYPEID="10" PREVID="0" NEXTID="0" UPDATEDATE="2024-09-09" STARTDATE="2024-09-09" ENDDATE="2079-06-06" ISACTUAL="1" ISACTIVE="1" /><HOUSE ID="126747481" OBJECTID="77195748" OBJECTGUID="e14c500e-08ce-44ea-bfa2-8c7b5b51de42" CHANGEID="600795911" HOUSENUM="45" HOUSETYPE="2" OPERTYPEID="20" PREVID="67340332" UPDATEDATE="2024-09-09" STARTDATE="2024-09-09" ENDDATE="2079-06-06" ISACTUAL="1" ISACTIVE="1" /><HOUSE ID="126747484" OBJECTID="17559290" OBJECTGUID="4c2c22e6-c14a-4ba9-a63d-7d43d79236e2" CHANGEID="600795954" HOUSENUM="41" HOUSETYPE="2" OPERTYPEID="20" PREVID="56775497" UPDATEDATE="2024-09-09" STARTDATE="2024-09-09" ENDDATE="2079-06-06" ISACTUAL="1" ISACTIVE="1" /><HOUSE ID="126750356" OBJECTID="165165205" OBJECTGUID="95edc8fa-5132-44b8-b571-29faf89df8a7" CHANGEID="600819524" HOUSENUM="36" HOUSETYPE="2" OPERTYPEID="10" PREVID="0" NEXTID="0" UPDATEDATE="2024-09-10" STARTDATE="2024-09-10" ENDDATE="2079-06-06" ISACTUAL="1" ISACTIVE="1" /><HOUSE ID="126751374" OBJECTID="21310248" OBJECTGUID="17201329-7f25-4187-804c-0d2d567b7302" CHANGEID="600826675" HOUSENUM="24" HOUSETYPE="2" OPERTYPEID="30" PREVID="53018768" NEXTID="0" UPDATEDATE="2024-09-10" STARTDATE="2024-09-10" ENDDATE="2079-06-06" ISACTUAL="1" ISACTIVE="0" /><HOUSE ID="53018768" OBJECTID="21310248" OBJECTGUID="17201329-7f25-4187-804c-0d2d567b7302" CHANGEID="33293421" HOUSENUM="24" HOUSETYPE="2" OPERTYPEID="20" PREVID="12501884" NEXTID="126751374" UPDATEDATE="2024-09-10" STARTDATE="2014-02-13" ENDDATE="2024-09-10" ISACTUAL="0" ISACTIVE="0" /><HOUSE ID="126751388" OBJECTID="67449372" OBJECTGUID="61526432-f616-428f-bd3f-034e456b171a" CHANGEID="600826758" HOUSENUM="22" HOUSETYPE="2" OPERTYPEID="30" PREVID="58275409" NEXTID="0" UPDATEDATE="2024-09-10" STARTDATE="2024-09-10" ENDDATE="2079-06-06" ISACTUAL="1" ISACTIVE="0" /><HOUSE ID="126751403" OBJECTID="40319387" OBJECTGUID="454b6928-d8c8-4e49-8e80-907878bbdced" CHANGEID="600826833" HOUSENUM="20" HOUSETYPE="2" OPERTYPEID="30" PREVID="56288563" NEXTID="0" UPDATEDATE="2024-09-10" STARTDATE="2024-09-10" ENDDATE="2079-06-06" ISACTUAL="1" ISACTIVE="0" /><HOUSE ID="126751407" OBJECTID="40317470" OBJECTGUID="e2672e51-c061-4e42-8225-4ea82f70f7ad" CHANGEID="600826841" HOUSENUM="24" HOUSETYPE="2" OPERTYPEID="30" PREVID="67418438" NEXTID="0" UPDATEDATE="2024-09-10" STARTDATE="2024-09-10" ENDDATE="2079-06-06" ISACTUAL="1" ISACTIVE="0" /><HOUSE ID="126751455" OBJECTID="165170616" OBJECTGUID="82777bca-9f69-4182-b05c-8585e539b6fb" CHANGEID="600827204" HOUSENUM="25" HOUSETYPE="2" OPERTYPEID="10" PREVID="0" NEXTID="0" UPDATEDATE="2024-09-10" STARTDATE="2024-09-10" ENDDATE="2079-06-06" ISACTUAL="1" ISACTIVE="1" /><HOUSE ID="126752215" OBJECTID="57998216" OBJECTGUID="e3f80754-ef60-4df7-85f0-fddf57eb70f3" CHANGEID="600831868" HOUSENUM="34" HOUSETYPE="3" OPERTYPEID="30" PREVID="67528853" NEXTID="0" UPDATEDATE="2024-09-10" STARTDATE="2024-09-10" ENDDATE="2079-06-06" ISACTUAL="1" ISACTIVE="0" /><HOUSE ID="126752226" OBJECTID="165173343" OBJECTGUID="42fae535-e370-4a08-ba04-99f0f7a5ab65" CHANGEID="600832064" HOUSENUM="16А" HOUSETYPE="2" OPERTYPEID="10" PREVID="0" NEXTID="0" UPDATEDATE="2024-09-10" STARTDATE="2024-09-10" ENDDATE="2079-06-06" ISACTUAL="1" ISACTIVE="1" /><HOUSE ID="126752233" OBJECTID="165173356" OBJECTGUID="8199aa50-d94c-4b20-a2f6-c7e9a377e086" CHANGEID="600832085" HOUSENUM="16Б" HOUSETYPE="2" OPERTYPEID="10" PREVID="0" NEXTID="0" UPDATEDATE="2024-09-10" STARTDATE="2024-09-10" ENDDATE="2079-06-06" ISACTUAL="1" ISACTIVE="1" /><HOUSE ID="63910344" OBJECTID="77080314" OBJECTGUID="b0d95258-5d4d-4e4e-855b-ff4603d113e0" CHANGEID="114649673" HOUSENUM="2" HOUSETYPE="3" OPERTYPEID="20" PREVID="46590299" NEXTID="126753086" UPDATEDATE="2024-09-10" STARTDATE="2017-02-07" ENDDATE="2024-09-10" ISACTUAL="0" ISACTIVE="0" /><HOUSE ID="126753086" OBJECTID="77080314" OBJECTGUID="b0d95258-5d4d-4e4e-855b-ff4603d113e0" CHANGEID="600837178" HOUSENUM="2" HOUSETYPE="2" OPERTYPEID="20" PREVID="63910344" UPDATEDATE="2024-09-10" STARTDATE="2024-09-10" ENDDATE="2079-06-06" ISACTUAL="1" ISACTIVE="1" /><HOUSE ID="51947708" OBJECTID="77171147" OBJECTGUID="07fde4f1-7182-45e8-8662-3a4f80175213" CHANGEID="114777699" HOUSENUM="3" HOUSETYPE="3" OPERTYPEID="20" PREVID="46636856" NEXTID="126753089" UPDATEDATE="2024-09-10" STARTDATE="2017-02-07" ENDDATE="2024-09-10" ISACTUAL="0" ISACTIVE="0" /><HOUSE ID="126753089" OBJECTID="77171147" OBJECTGUID="07fde4f1-7182-45e8-8662-3a4f80175213" CHANGEID="600837191" HOUSENUM="3" HOUSETYPE="2" OPERTYPEID="20" PREVID="51947708" UPDATEDATE="2024-09-10" STARTDATE="2024-09-10" ENDDATE="2079-06-06" ISACTUAL="1" ISACTIVE="1" /><HOUSE ID="126753092" OBJECTID="77069893" OBJECTGUID="edb0d008-28af-4325-92ae-ce92e7d1b443" CHANGEID="600837209" HOUSENUM="5" HOUSETYPE="2" OPERTYPEID="20" PREVID="68217221" UPDATEDATE="2024-09-10" STARTDATE="2024-09-10" ENDDATE="2079-06-06" ISACTUAL="1" ISACTIVE="1" /><HOUSE ID="55454727" OBJECTID="77076933" OBJECTGUID="3983229e-7e1a-449a-8b2c-f342efe897e5" CHANGEID="114646410" HOUSENUM="7" HOUSETYPE="3" OPERTYPEID="20" PREVID="46588672" NEXTID="126753093" UPDATEDATE="2024-09-10" STARTDATE="2017-02-07" ENDDATE="2024-09-10" ISACTUAL="0" ISACTIVE="0" /><HOUSE ID="126753093" OBJECTID="77076933" OBJECTGUID="3983229e-7e1a-449a-8b2c-f342efe897e5" CHANGEID="600837222" HOUSENUM="7" HOUSETYPE="2" OPERTYPEID="20" PREVID="55454727" UPDATEDATE="2024-09-10" STARTDATE="2024-09-10" ENDDATE="2079-06-06" ISACTUAL="1" ISACTIVE="1" /><HOUSE ID="126753096" OBJECTID="77073275" OBJECTGUID="59df1c87-24b5-41c2-b434-e6557bee4190" CHANGEID="600837236" HOUSENUM="9" HOUSETYPE="2" OPERTYPEID="20" PREVID="57747850" UPDATEDATE="2024-09-10" STARTDATE="2024-09-10" ENDDATE="2079-06-06" ISACTUAL="1" ISACTIVE="1" /><HOUSE ID="126753099" OBJECTID="77079868" OBJECTGUID="26724764-33ef-4c74-a8c0-faaa27d2e0fd" CHANGEID="600837247" HOUSENUM="10" HOUSETYPE="2" OPERTYPEID="20" PREVID="54103695" UPDATEDATE="2024-09-10" STARTDATE="2024-09-10" ENDDATE="2079-06-06" ISACTUAL="1" ISACTIVE="1" /><HOUSE ID="58581817" OBJECTID="77072594" OBJECTGUID="65a4591b-6963-4569-8956-df3a4d2811f0" CHANGEID="114639735" HOUSENUM="11" HOUSETYPE="3" OPERTYPEID="20" PREVID="46586474" NEXTID="126753286" UPDATEDATE="2024-09-10" STARTDATE="2017-02-07" ENDDATE="2024-09-10" ISACTUAL="0" ISACTIVE="0" /><HOUSE ID="126753286" OBJECTID="77072594" OBJECTGUID="65a4591b-6963-4569-8956-df3a4d2811f0" CHANGEID="600838975" HOUSENUM="11" HOUSETYPE="2" OPERTYPEID="20" PREVID="58581817" UPDATEDATE="2024-09-10" STARTDATE="2024-09-10" ENDDATE="2079-06-06" ISACTUAL="1" ISACTIVE="1" /><HOUSE ID="126753296" OBJECTID="77196929" OBJECTGUID="7e83ab38-723d-4f08-b715-9366e3bdb926" CHANGEID="600839030" HOUSENUM="12" HOUSETYPE="2" OPERTYPEID="20" PREVID="60343790" UPDATEDATE="2024-09-10" STARTDATE="2024-09-10" ENDDATE="2079-06-06" ISACTUAL="1" ISACTIVE="1" /><HOUSE ID="126753304" OBJECTID="77133922" OBJECTGUID="093d9fd9-a95c-4d4a-b38c-0061ea82f584" CHANGEID="600839069" HOUSENUM="13" HOUSETYPE="2" OPERTYPEID="20" PREVID="52036633" UPDATEDATE="2024-09-10" STARTDATE="2024-09-10" ENDDATE="2079-06-06" ISACTUAL="1" ISACTIVE="1" /><HOUSE ID="60626717" OBJECTID="77058351" OBJECTGUID="82868607-f1b4-4255-be8a-a8f17715da4b" CHANGEID="114619457" HOUSENUM="14" HOUSETYPE="3" OPERTYPEID="20" PREVID="46578578" NEXTID="126753305" UPDATEDATE="2024-09-10" STARTDATE="2017-02-07" ENDDATE="2024-09-10" ISACTUAL="0" ISACTIVE="0" /><HOUSE ID="126753305" OBJECTID="77058351" OBJECTGUID="82868607-f1b4-4255-be8a-a8f17715da4b" CHANGEID="600839082" HOUSENUM="14" HOUSETYPE="2" OPERTYPEID="20" PREVID="60626717" UPDATEDATE="2024-09-10" STARTDATE="2024-09-10" ENDDATE="2079-06-06" ISACTUAL="1" ISACTIVE="1" /><HOUSE ID="53334356" OBJECTID="77079412" OBJECTGUID="1b94dcf5-00ee-465c-8b1e-f9041ccb72ad" CHANGEID="114648710" HOUSENUM="15" HOUSETYPE="3" OPERTYPEID="20" PREVID="46589847" NEXTID="126753308" UPDATEDATE="2024-09-10" STARTDATE="2017-02-07" ENDDATE="2024-09-10" ISACTUAL="0" ISACTIVE="0" /><HOUSE ID="126753308" OBJECTID="77079412" OBJECTGUID="1b94dcf5-00ee-465c-8b1e-f9041ccb72ad" CHANGEID="600839110" HOUSENUM="15" HOUSETYPE="2" OPERTYPEID="20" PREVID="53334356" UPDATEDATE="2024-09-10" STARTDATE="2024-09-10" ENDDATE="2079-06-06" ISACTUAL="1" ISACTIVE="1" /><HOUSE ID="126754171" OBJECTID="165181131" OBJECTGUID="91afa0b1-bb23-4e3d-930b-d9d1114853cd" CHANGEID="600844661" HOUSENUM="31" HOUSETYPE="2" OPERTYPEID="10" PREVID="0" NEXTID="0" UPDATEDATE="2024-09-10" STARTDATE="2024-09-10" ENDDATE="2079-06-06" ISACTUAL="1" ISACTIVE="1" /><HOUSE ID="126754222" OBJECTID="165181375" OBJECTGUID="5c0e71a3-0674-4018-a86b-0beb03b5c039" CHANGEID="600845130" HOUSENUM="16" HOUSETYPE="2" OPERTYPEID="10" PREVID="0" NEXTID="0" UPDATEDATE="2024-09-10" STARTDATE="2024-09-10" ENDDATE="2079-06-06" ISACTUAL="1" ISACTIVE="1" /><HOUSE ID="126754267" OBJECTID="165181579" OBJECTGUID="37c89dd7-6630-402d-8734-08f1edd8162a" CHANGEID="600845398" HOUSENUM="119" HOUSETYPE="2" OPERTYPEID="10" PREVID="0" NEXTID="0" UPDATEDATE="2024-09-10" STARTDATE="2024-09-10" ENDDATE="2079-06-06" ISACTUAL="1" ISACTIVE="1" /><HOUSE ID="126754470" OBJECTID="77185238" OBJECTGUID="42b51419-036a-4995-8fb5-52b2ea39180c" CHANGEID="600847125" HOUSENUM="17" HOUSETYPE="2" OPERTYPEID="20" PREVID="56106227" UPDATEDATE="2024-09-10" STARTDATE="2024-09-10" ENDDATE="2079-06-06" ISACTUAL="1" ISACTIVE="1" /><HOUSE ID="56179934" OBJECTID="77076451" OBJECTGUID="43c01c2c-db2b-44e0-beeb-f2847dc36cde" CHANGEID="114644391" HOUSENUM="22" HOUSETYPE="3" OPERTYPEID="20" PREVID="46588399" NEXTID="126754493" UPDATEDATE="2024-09-10" STARTDATE="2017-02-07" ENDDATE="2024-09-10" ISACTUAL="0" ISACTIVE="0" /><HOUSE ID="126754493" OBJECTID="77076451" OBJECTGUID="43c01c2c-db2b-44e0-beeb-f2847dc36cde" CHANGEID="600847232" HOUSENUM="22" HOUSETYPE="2" OPERTYPEID="20" PREVID="56179934" UPDATEDATE="2024-09-10" STARTDATE="2024-09-10" ENDDATE="2079-06-06" ISACTUAL="1" ISACTIVE="1" /><HOUSE ID="126754477" OBJECTID="77061408" OBJECTGUID="5fcc3468-fec7-41e3-b1f3-bb04efc7b3df" CHANGEID="600847154" HOUSENUM="18" HOUSETYPE="2" OPERTYPEID="20" PREVID="58167067" UPDATEDATE="2024-09-10" STARTDATE="2024-09-10" ENDDATE="2079-06-06" ISACTUAL="1" ISACTIVE="1" /><HOUSE ID="126754507" OBJECTID="77179050" OBJECTGUID="d57350b3-b56c-4671-986f-3ce607bb3374" CHANGEID="600847289" HOUSENUM="24" HOUSETYPE="2" OPERTYPEID="20" PREVID="66500995" UPDATEDATE="2024-09-10" STARTDATE="2024-09-10" ENDDATE="2079-06-06" ISACTUAL="1" ISACTIVE="1" /><HOUSE ID="126754511" OBJECTID="77071812" OBJECTGUID="74d7ea8f-f15e-49b4-a64b-dd2e0fab2bc6" CHANGEID="600847301" HOUSENUM="26" HOUSETYPE="2" OPERTYPEID="20" PREVID="59658189" UPDATEDATE="2024-09-10" STARTDATE="2024-09-10" ENDDATE="2079-06-06" ISACTUAL="1" ISACTIVE="1" /><HOUSE ID="55913068" OBJECTID="77145537" OBJECTGUID="3ff92414-d5a1-42cc-9421-0cf4a835f181" CHANGEID="114741044" HOUSENUM="23" HOUSETYPE="3" OPERTYPEID="20" PREVID="46624655" NEXTID="126754501" UPDATEDATE="2024-09-10" STARTDATE="2017-02-07" ENDDATE="2024-09-10" ISACTUAL="0" ISACTIVE="0" /><HOUSE ID="126754501" OBJECTID="77145537" OBJECTGUID="3ff92414-d5a1-42cc-9421-0cf4a835f181" CHANGEID="600847269" HOUSENUM="23" HOUSETYPE="2" OPERTYPEID="20" PREVID="55913068" UPDATEDATE="2024-09-10" STARTDATE="2024-09-10" ENDDATE="2079-06-06" ISACTUAL="1" ISACTIVE="1" /><HOUSE ID="63809718" OBJECTID="77152036" OBJECTGUID="af6ea141-3d47-4c28-9aaa-30d7043597a2" CHANGEID="114750829" HOUSENUM="25" HOUSETYPE="3" OPERTYPEID="20" PREVID="46628452" NEXTID="126754510" UPDATEDATE="2024-09-10" STARTDATE="2017-02-07" ENDDATE="2024-09-10" ISACTUAL="0" ISACTIVE="0" /><HOUSE ID="126754510" OBJECTID="77152036" OBJECTGUID="af6ea141-3d47-4c28-9aaa-30d7043597a2" CHANGEID="600847294" HOUSENUM="25" HOUSETYPE="2" OPERTYPEID="20" PREVID="63809718" UPDATEDATE="2024-09-10" STARTDATE="2024-09-10" ENDDATE="2079-06-06" ISACTUAL="1" ISACTIVE="1" /><HOUSE ID="126754513" OBJECTID="77196546" OBJECTGUID="e3234d00-a5e1-472f-9734-903cb1d4c88c" CHANGEID="600847308" HOUSENUM="28" HOUSETYPE="2" OPERTYPEID="20" PREVID="67470435" UPDATEDATE="2024-09-10" STARTDATE="2024-09-10" ENDDATE="2079-06-06" ISACTUAL="1" ISACTIVE="1" /><HOUSE ID="126754520" OBJECTID="77073794" OBJECTGUID="8da78da8-692b-474f-a19d-ea7593576da1" CHANGEID="600847321" HOUSENUM="29" HOUSETYPE="2" OPERTYPEID="20" PREVID="61416355" UPDATEDATE="2024-09-10" STARTDATE="2024-09-10" ENDDATE="2079-06-06" ISACTUAL="1" ISACTIVE="1" /><HOUSE ID="56500784" OBJECTID="77069078" OBJECTGUID="4846fc18-6038-417a-bf2f-cd706abf2187" CHANGEID="114634830" HOUSENUM="30" HOUSETYPE="3" OPERTYPEID="20" PREVID="46584591" NEXTID="126754521" UPDATEDATE="2024-09-10" STARTDATE="2017-02-07" ENDDATE="2024-09-10" ISACTUAL="0" ISACTIVE="0" /><HOUSE ID="126754521" OBJECTID="77069078" OBJECTGUID="4846fc18-6038-417a-bf2f-cd706abf2187" CHANGEID="600847350" HOUSENUM="30" HOUSETYPE="2" OPERTYPEID="20" PREVID="56500784" UPDATEDATE="2024-09-10" STARTDATE="2024-09-10" ENDDATE="2079-06-06" ISACTUAL="1" ISACTIVE="1" /><HOUSE ID="126754525" OBJECTID="77150350" OBJECTGUID="b7e6cc00-b8b6-4c5b-a3b1-2bc317e3a8ea" CHANGEID="600847385" HOUSENUM="38" HOUSETYPE="2" OPERTYPEID="20" PREVID="64409472" UPDATEDATE="2024-09-10" STARTDATE="2024-09-10" ENDDATE="2079-06-06" ISACTUAL="1" ISACTIVE="1" /><HOUSE ID="126754554" OBJECTID="77059097" OBJECTGUID="b734c840-a828-4d29-9d55-ae726e371456" CHANGEID="600847506" HOUSENUM="46" HOUSETYPE="2" OPERTYPEID="20" PREVID="64361015" UPDATEDATE="2024-09-10" STARTDATE="2024-09-10" ENDDATE="2079-06-06" ISACTUAL="1" ISACTIVE="1" /><HOUSE ID="60410493" OBJECTID="77192167" OBJECTGUID="7f748e79-f4bc-4172-8fe6-63520f64db3c" CHANGEID="114804831" HOUSENUM="40" HOUSETYPE="3" OPERTYPEID="20" PREVID="46647926" NEXTID="126754545" UPDATEDATE="2024-09-10" STARTDATE="2017-02-07" ENDDATE="2024-09-10" ISACTUAL="0" ISACTIVE="0" /><HOUSE ID="126754545" OBJECTID="77192167" OBJECTGUID="7f748e79-f4bc-4172-8fe6-63520f64db3c" CHANGEID="600847456" HOUSENUM="40" HOUSETYPE="2" OPERTYPEID="20" PREVID="60410493" UPDATEDATE="2024-09-10" STARTDATE="2024-09-10" ENDDATE="2079-06-06" ISACTUAL="1" ISACTIVE="1" /><HOUSE ID="126754548" OBJECTID="77063571" OBJECTGUID="58c8f170-fc5b-414b-a876-bf9c107bb233" CHANGEID="600847472" HOUSENUM="41" HOUSETYPE="2" OPERTYPEID="20" PREVID="57670432" UPDATEDATE="2024-09-10" STARTDATE="2024-09-10" ENDDATE="2079-06-06" ISACTUAL="1" ISACTIVE="1" /><HOUSE ID="64007453" OBJECTID="77173602" OBJECTGUID="b238328d-2000-405c-a214-3a65d6466b12" CHANGEID="114778619" HOUSENUM="43" HOUSETYPE="3" OPERTYPEID="20" PREVID="46637903" NEXTID="126754552" UPDATEDATE="2024-09-10" STARTDATE="2017-02-07" ENDDATE="2024-09-10" ISACTUAL="0" ISACTIVE="0" /><HOUSE ID="126754552" OBJECTID="77173602" OBJECTGUID="b238328d-2000-405c-a214-3a65d6466b12" CHANGEID="600847495" HOUSENUM="43" HOUSETYPE="2" OPERTYPEID="20" PREVID="64007453" UPDATEDATE="2024-09-10" STARTDATE="2024-09-10" ENDDATE="2079-06-06" ISACTUAL="1" ISACTIVE="1" /><HOUSE ID="60604398" OBJECTID="77059842" OBJECTGUID="82354110-7236-43b4-b2a5-b1255026e873" CHANGEID="114621068" HOUSENUM="48" HOUSETYPE="3" OPERTYPEID="20" PREVID="46579651" NEXTID="126754557" UPDATEDATE="2024-09-10" STARTDATE="2017-02-07" ENDDATE="2024-09-10" ISACTUAL="0" ISACTIVE="0" /><HOUSE ID="126754557" OBJECTID="77059842" OBJECTGUID="82354110-7236-43b4-b2a5-b1255026e873" CHANGEID="600847522" HOUSENUM="48" HOUSETYPE="2" OPERTYPEID="20" PREVID="60604398" UPDATEDATE="2024-09-10" STARTDATE="2024-09-10" ENDDATE="2079-06-06" ISACTUAL="1" ISACTIVE="1" /><HOUSE ID="60449239" OBJECTID="77080680" OBJECTGUID="8002292f-b163-4f86-ba29-46df46653ec6" CHANGEID="114651730" HOUSENUM="50" HOUSETYPE="3" OPERTYPEID="20" PREVID="46590604" NEXTID="126754561" UPDATEDATE="2024-09-10" STARTDATE="2017-02-07" ENDDATE="2024-09-10" ISACTUAL="0" ISACTIVE="0" /><HOUSE ID="126754561" OBJECTID="77080680" OBJECTGUID="8002292f-b163-4f86-ba29-46df46653ec6" CHANGEID="600847548" HOUSENUM="50" HOUSETYPE="2" OPERTYPEID="20" PREVID="60449239" UPDATEDATE="2024-09-10" STARTDATE="2024-09-10" ENDDATE="2079-06-06" ISACTUAL="1" ISACTIVE="1" /><HOUSE ID="126754565" OBJECTID="77201243" OBJECTGUID="0cdf2a3b-fb54-4d56-8109-994c4742f069" CHANGEID="600847557" HOUSENUM="56" HOUSETYPE="2" OPERTYPEID="20" PREVID="52293514" UPDATEDATE="2024-09-10" STARTDATE="2024-09-10" ENDDATE="2079-06-06" ISACTUAL="1" ISACTIVE="1" /><HOUSE ID="126754570" OBJECTID="77147881" OBJECTGUID="409fded5-a39a-454c-87c1-1afa7e0ed7cb" CHANGEID="600847569" HOUSENUM="57" HOUSETYPE="2" OPERTYPEID="20" PREVID="55958149" UPDATEDATE="2024-09-10" STARTDATE="2024-09-10" ENDDATE="2079-06-06" ISACTUAL="1" ISACTIVE="1" /><HOUSE ID="51878946" OBJECTID="77058034" OBJECTGUID="0709090b-227f-491c-a902-a3f45bd5dfa8" CHANGEID="114618693" HOUSENUM="61" HOUSETYPE="3" OPERTYPEID="20" PREVID="46578275" NEXTID="126754573" UPDATEDATE="2024-09-10" STARTDATE="2017-02-07" ENDDATE="2024-09-10" ISACTUAL="0" ISACTIVE="0" /><HOUSE ID="126754573" OBJECTID="77058034" OBJECTGUID="0709090b-227f-491c-a902-a3f45bd5dfa8" CHANGEID="600847579" HOUSENUM="61" HOUSETYPE="2" OPERTYPEID="20" PREVID="51878946" UPDATEDATE="2024-09-10" STARTDATE="2024-09-10" ENDDATE="2079-06-06" ISACTUAL="1" ISACTIVE="1" /><HOUSE ID="58357436" OBJECTID="77149996" OBJECTGUID="627caa97-9d2b-4077-9674-284269cec23d" CHANGEID="114747475" HOUSENUM="63" HOUSETYPE="3" OPERTYPEID="20" PREVID="46627257" NEXTID="126754575" UPDATEDATE="2024-09-10" STARTDATE="2017-02-07" ENDDATE="2024-09-10" ISACTUAL="0" ISACTIVE="0" /><HOUSE ID="126754575" OBJECTID="77149996" OBJECTGUID="627caa97-9d2b-4077-9674-284269cec23d" CHANGEID="600847589" HOUSENUM="63" HOUSETYPE="2" OPERTYPEID="20" PREVID="58357436" UPDATEDATE="2024-09-10" STARTDATE="2024-09-10" ENDDATE="2079-06-06" ISACTUAL="1" ISACTIVE="1" /><HOUSE ID="62293346" OBJECTID="77070447" OBJECTGUID="9a07a3e8-c4c9-416f-8974-d51de1781ea0" CHANGEID="114636555" HOUSENUM="66" HOUSETYPE="3" OPERTYPEID="20" PREVID="46585221" NEXTID="126754577" UPDATEDATE="2024-09-10" STARTDATE="2017-02-07" ENDDATE="2024-09-10" ISACTUAL="0" ISACTIVE="0" /><HOUSE ID="126754577" OBJECTID="77070447" OBJECTGUID="9a07a3e8-c4c9-416f-8974-d51de1781ea0" CHANGEID="600847610" HOUSENUM="66" HOUSETYPE="2" OPERTYPEID="20" PREVID="62293346" UPDATEDATE="2024-09-10" STARTDATE="2024-09-10" ENDDATE="2079-06-06" ISACTUAL="1" ISACTIVE="1" /><HOUSE ID="126754578" OBJECTID="77183611" OBJECTGUID="2f1f4c88-b32b-4957-98d0-505b3d4584f5" CHANGEID="600847616" HOUSENUM="69" HOUSETYPE="2" OPERTYPEID="20" PREVID="54719167" UPDATEDATE="2024-09-10" STARTDATE="2024-09-10" ENDDATE="2079-06-06" ISACTUAL="1" ISACTIVE="1" /><HOUSE ID="126756043" OBJECTID="68966443" OBJECTGUID="d58765bb-996c-4f64-9afc-b850a2501449" CHANGEID="600885455" HOUSENUM="11Д" ADDNUM1="2" HOUSETYPE="7" ADDTYPE1="1" OPERTYPEID="20" PREVID="41587449" UPDATEDATE="2024-09-11" STARTDATE="2024-09-11" ENDDATE="2079-06-06" ISACTUAL="1" ISACTIVE="1" /><HOUSE ID="126756507" OBJECTID="30701108" OBJECTGUID="4952d0a6-0667-4b1f-a120-6393fff71a00" CHANGEID="600887221" HOUSENUM="7" HOUSETYPE="2" OPERTYPEID="60" PREVID="56574540" UPDATEDATE="2024-09-11" STARTDATE="2024-09-11" ENDDATE="2079-06-06" ISACTUAL="1" ISACTIVE="0" /><HOUSE ID="56574540" OBJECTID="30701108" OBJECTGUID="4952d0a6-0667-4b1f-a120-6393fff71a00" CHANGEID="47002083" HOUSENUM="7" HOUSETYPE="2" OPERTYPEID="20" PREVID="18218226" NEXTID="126756507" UPDATEDATE="2024-09-11" STARTDATE="2017-12-30" ENDDATE="2024-09-11" ISACTUAL="0" ISACTIVE="0" /><HOUSE ID="126756508" OBJECTID="165193034" OBJECTGUID="bbaf176f-cf46-40cc-8404-2709051508ea" CHANGEID="600887222" HOUSENUM="7/1" HOUSETYPE="2" OPERTYPEID="61" PREVID="126756507" NEXTID="0" UPDATEDATE="2024-09-11" STARTDATE="2024-09-11" ENDDATE="2079-06-06" ISACTUAL="1" ISACTIVE="1" /><HOUSE ID="126756509" OBJECTID="165193035" OBJECTGUID="b2355d32-67e7-43cc-b7e7-1f2fd201a612" CHANGEID="600887223" HOUSENUM="7/2" HOUSETYPE="2" OPERTYPEID="61" PREVID="126756507" NEXTID="0" UPDATEDATE="2024-09-11" STARTDATE="2024-09-11" ENDDATE="2079-06-06" ISACTUAL="1" ISACTIVE="1" /><HOUSE ID="126756907" OBJECTID="4419508" OBJECTGUID="bd8d3cc1-c387-4c37-a7ab-763f19ce1347" CHANGEID="600891324" HOUSENUM="20/20" HOUSETYPE="5" OPERTYPEID="50" PREVID="64809699" NEXTID="126759003" UPDATEDATE="2024-09-11" STARTDATE="2024-09-11" ENDDATE="2024-09-11" ISACTUAL="0" ISACTIVE="0" /><HOUSE ID="126758815" OBJECTID="165206589" OBJECTGUID="d4f216cb-5b3e-4e73-9171-97b8bbb76611" CHANGEID="600906196" HOUSENUM="1А/1" HOUSETYPE="5" OPERTYPEID="10" PREVID="0" NEXTID="0" UPDATEDATE="2024-09-11" STARTDATE="2024-09-11" ENDDATE="2079-06-06" ISACTUAL="1" ISACTIVE="1" /><HOUSE ID="126758816" OBJECTID="165206590" OBJECTGUID="97be0eab-1a68-4878-96cf-5a71d263a980" CHANGEID="600906197" HOUSENUM="1А/2" HOUSETYPE="5" OPERTYPEID="10" PREVID="0" NEXTID="0" UPDATEDATE="2024-09-11" STARTDATE="2024-09-11" ENDDATE="2079-06-06" ISACTUAL="1" ISACTIVE="1" /><HOUSE ID="126758817" OBJECTID="165206591" OBJECTGUID="e5d6dfbf-7659-43d3-8b21-35c808d13fcd" CHANGEID="600906198" HOUSENUM="1А/3" HOUSETYPE="5" OPERTYPEID="10" PREVID="0" NEXTID="0" UPDATEDATE="2024-09-11" STARTDATE="2024-09-11" ENDDATE="2079-06-06" ISACTUAL="1" ISACTIVE="1" /><HOUSE ID="126758818" OBJECTID="165206592" OBJECTGUID="ba83f348-1022-4c4f-93b0-59be21bedd3f" CHANGEID="600906199" HOUSENUM="1А/4" HOUSETYPE="5" OPERTYPEID="10" PREVID="0" NEXTID="0" UPDATEDATE="2024-09-11" STARTDATE="2024-09-11" ENDDATE="2079-06-06" ISACTUAL="1" ISACTIVE="1" /><HOUSE ID="126758819" OBJECTID="165206593" OBJECTGUID="576adde3-b1e5-4cd9-94ed-cb309d45e8f6" CHANGEID="600906200" HOUSENUM="1А/5" HOUSETYPE="5" OPERTYPEID="10" PREVID="0" NEXTID="0" UPDATEDATE="2024-09-11" STARTDATE="2024-09-11" ENDDATE="2079-06-06" ISACTUAL="1" ISACTIVE="1" /><HOUSE ID="126758820" OBJECTID="165206594" OBJECTGUID="ad0012ab-0026-40a6-b16e-19b33a41e6aa" CHANGEID="600906201" HOUSENUM="1А/6" HOUSETYPE="5" OPERTYPEID="10" PREVID="0" NEXTID="0" UPDATEDATE="2024-09-11" STARTDATE="2024-09-11" ENDDATE="2079-06-06" ISACTUAL="1" ISACTIVE="1" /><HOUSE ID="126759003" OBJECTID="4419508" OBJECTGUID="bd8d3cc1-c387-4c37-a7ab-763f19ce1347" CHANGEID="600907965" HOUSENUM="20/20" HOUSETYPE="2" OPERTYPEID="40" PREVID="126756907" UPDATEDATE="2024-09-11" STARTDATE="2024-09-11" ENDDATE="2079-06-06" ISACTUAL="1" ISACTIVE="1" /><HOUSE ID="61500860" OBJECTID="41725158" OBJECTGUID="8edc4232-013b-4764-9287-120850d6bf32" CHANGEID="63084058" HOUSENUM="20/20" HOUSETYPE="2" OPERTYPEID="20" PREVID="24941041" NEXTID="126759004" UPDATEDATE="2024-09-11" STARTDATE="2016-04-08" ENDDATE="2024-09-11" ISACTUAL="0" ISACTIVE="0" /><HOUSE ID="126759004" OBJECTID="41725158" OBJECTGUID="8edc4232-013b-4764-9287-120850d6bf32" CHANGEID="600907966" HOUSENUM="20/20" HOUSETYPE="2" OPERTYPEID="42" PREVID="61500860" NEXTID="126759003" UPDATEDATE="2024-09-11" STARTDATE="2024-09-11" ENDDATE="2079-06-06" ISACTUAL="1" ISACTIVE="0" /><HOUSE ID="126759604" OBJECTID="165210255" OBJECTGUID="2a0b011d-e585-4908-b8c9-70fa87909dbc" CHANGEID="600912142" HOUSENUM="11Г" ADDNUM1="1" HOUSETYPE="7" ADDTYPE1="3" OPERTYPEID="10" PREVID="0" NEXTID="0" UPDATEDATE="2024-09-11" STARTDATE="2024-09-11" ENDDATE="2079-06-06" ISACTUAL="1" ISACTIVE="1" /><HOUSE ID="126759605" OBJECTID="165210273" OBJECTGUID="94aa4506-b085-4cce-b883-c83d4843eeba" CHANGEID="600912302" HOUSENUM="11А" ADDNUM1="4" HOUSETYPE="7" ADDTYPE1="3" OPERTYPEID="10" PREVID="0" NEXTID="0" UPDATEDATE="2024-09-11" STARTDATE="2024-09-11" ENDDATE="2079-06-06" ISACTUAL="1" ISACTIVE="1" /><HOUSE ID="126759606" OBJECTID="165210274" OBJECTGUID="51f778fe-8106-496e-90fc-f8b2933c1162" CHANGEID="600912303" HOUSENUM="11А" ADDNUM1="3" HOUSETYPE="7" ADDTYPE1="3" OPERTYPEID="10" PREVID="0" NEXTID="0" UPDATEDATE="2024-09-11" STARTDATE="2024-09-11" ENDDATE="2079-06-06" ISACTUAL="1" ISACTIVE="1" /><HOUSE ID="126759607" OBJECTID="165210275" OBJECTGUID="98a9a7ca-859b-4049-abe9-99596f3b9e9f" CHANGEID="600912304" HOUSENUM="11А" ADDNUM1="2" HOUSETYPE="7" ADDTYPE1="3" OPERTYPEID="10" PREVID="0" NEXTID="0" UPDATEDATE="2024-09-11" STARTDATE="2024-09-11" ENDDATE="2079-06-06" ISACTUAL="1" ISACTIVE="1" /><HOUSE ID="126759608" OBJECTID="165210276" OBJECTGUID="562ab7ad-7aa2-4d4b-826a-799f54eb5dfa" CHANGEID="600912305" HOUSENUM="11А" ADDNUM1="1" HOUSETYPE="7" ADDTYPE1="3" OPERTYPEID="10" PREVID="0" NEXTID="0" UPDATEDATE="2024-09-11" STARTDATE="2024-09-11" ENDDATE="2079-06-06" ISACTUAL="1" ISACTIVE="1" /><HOUSE ID="126759609" OBJECTID="165210277" OBJECTGUID="6655d9c1-e712-48da-8aa2-a45072c89409" CHANGEID="600912306" HOUSENUM="11А" ADDNUM1="2" HOUSETYPE="7" ADDTYPE1="1" OPERTYPEID="10" PREVID="0" NEXTID="0" UPDATEDATE="2024-09-11" STARTDATE="2024-09-11" ENDDATE="2079-06-06" ISACTUAL="1" ISACTIVE="1" /><HOUSE ID="126759615" OBJECTID="30850595" OBJECTGUID="b0d69361-bc73-4807-9d52-2b5e72e107d3" CHANGEID="600912502" HOUSENUM="4Б" HOUSETYPE="8" OPERTYPEID="20" PREVID="18305570" UPDATEDATE="2024-09-11" STARTDATE="2024-09-11" ENDDATE="2079-06-06" ISACTUAL="1" ISACTIVE="1" /><HOUSE ID="57305375" OBJECTID="9711964" OBJECTGUID="53a122e2-6f9b-49bd-aaac-d676c9e07d6a" CHANGEID="16103555" HOUSENUM="17" HOUSETYPE="2" OPERTYPEID="20" PREVID="5060683" NEXTID="126759618" UPDATEDATE="2024-09-11" STARTDATE="2016-03-04" ENDDATE="2024-09-11" ISACTUAL="0" ISACTIVE="0" /><HOUSE ID="126759618" OBJECTID="9711964" OBJECTGUID="53a122e2-6f9b-49bd-aaac-d676c9e07d6a" CHANGEID="600912512" HOUSENUM="17" ADDNUM1="1" HOUSETYPE="2" ADDTYPE1="2" OPERTYPEID="20" PREVID="57305375" UPDATEDATE="2024-09-11" STARTDATE="2024-09-11" ENDDATE="2079-06-06" ISACTUAL="1" ISACTIVE="1" /><HOUSE ID="126759619" OBJECTID="165210320" OBJECTGUID="c2f70841-d6a2-4867-bc1e-c131d7adf607" CHANGEID="600912635" HOUSENUM="17" ADDNUM1="2" HOUSETYPE="2" ADDTYPE1="2" OPERTYPEID="10" PREVID="0" NEXTID="0" UPDATEDATE="2024-09-11" STARTDATE="2024-09-11" ENDDATE="2079-06-06" ISACTUAL="1" ISACTIVE="1" /><HOUSE ID="126760998" OBJECTID="165216537" OBJECTGUID="f3135ec7-c4cf-452d-bac5-bbe7f7af179b" CHANGEID="600923317" HOUSENUM="122" HOUSETYPE="2" OPERTYPEID="10" PREVID="0" NEXTID="0" UPDATEDATE="2024-09-11" STARTDATE="2024-09-11" ENDDATE="2079-06-06" ISACTUAL="1" ISACTIVE="1" /><HOUSE ID="126761400" OBJECTID="165218975" OBJECTGUID="92af882c-b465-40c4-b438-bac1d116073b" CHANGEID="600928485" HOUSENUM="14" HOUSETYPE="2" OPERTYPEID="10" PREVID="0" NEXTID="0" UPDATEDATE="2024-09-11" STARTDATE="2024-09-11" ENDDATE="2079-06-06" ISACTUAL="1" ISACTIVE="1" /><HOUSE ID="126761404" OBJECTID="165218979" OBJECTGUID="ea9946e6-b89d-48cf-a0f1-bbf71cb0ec6f" CHANGEID="600928500" HOUSENUM="16" HOUSETYPE="2" OPERTYPEID="10" PREVID="0" NEXTID="0" UPDATEDATE="2024-09-11" STARTDATE="2024-09-11" ENDDATE="2079-06-06" ISACTUAL="1" ISACTIVE="1" /><HOUSE ID="126761409" OBJECTID="165219045" OBJECTGUID="e6b01e41-9767-4746-b0a3-cd182b9367c6" CHANGEID="600928578" HOUSENUM="18" HOUSETYPE="2" OPERTYPEID="10" PREVID="0" NEXTID="0" UPDATEDATE="2024-09-11" STARTDATE="2024-09-11" ENDDATE="2079-06-06" ISACTUAL="1" ISACTIVE="1" /><HOUSE ID="126761414" OBJECTID="165219053" OBJECTGUID="c676c253-d5fc-47bb-a5b3-1fcf387cb39e" CHANGEID="600928593" HOUSENUM="17" HOUSETYPE="2" OPERTYPEID="10" PREVID="0" NEXTID="0" UPDATEDATE="2024-09-11" STARTDATE="2024-09-11" ENDDATE="2079-06-06" ISACTUAL="1" ISACTIVE="1" /><HOUSE ID="126761446" OBJECTID="165219150" OBJECTGUID="06c2d86a-74b2-4470-851c-af2981e0423a" CHANGEID="600928735" HOUSENUM="13" HOUSETYPE="2" OPERTYPEID="10" PREVID="0" NEXTID="0" UPDATEDATE="2024-09-11" STARTDATE="2024-09-11" ENDDATE="2079-06-06" ISACTUAL="1" ISACTIVE="1" /><HOUSE ID="126761473" OBJECTID="165219251" OBJECTGUID="53381eae-7e97-4660-9104-48c971287c54" CHANGEID="600928873" HOUSENUM="6Б" HOUSETYPE="2" OPERTYPEID="10" PREVID="0" NEXTID="0" UPDATEDATE="2024-09-11" STARTDATE="2024-09-11" ENDDATE="2079-06-06" ISACTUAL="1" ISACTIVE="1" /><HOUSE ID="126761476" OBJECTID="165219324" OBJECTGUID="1f7f9193-4efe-4d62-bfdb-03a24a062015" CHANGEID="600928958" HOUSENUM="6А" HOUSETYPE="2" OPERTYPEID="10" PREVID="0" NEXTID="0" UPDATEDATE="2024-09-11" STARTDATE="2024-09-11" ENDDATE="2079-06-06" ISACTUAL="1" ISACTIVE="1" /><HOUSE ID="126761419" OBJECTID="165219080" OBJECTGUID="8ce1e827-93da-4340-afdb-d2eefdc97f83" CHANGEID="600928635" HOUSENUM="15" HOUSETYPE="2" OPERTYPEID="10" PREVID="0" NEXTID="0" UPDATEDATE="2024-09-11" STARTDATE="2024-09-11" ENDDATE="2079-06-06" ISACTUAL="1" ISACTIVE="1" /><HOUSE ID="126761424" OBJECTID="165219090" OBJECTGUID="0647738c-f25c-4807-ab00-f608b9bfb297" CHANGEID="600928653" HOUSENUM="19" HOUSETYPE="2" OPERTYPEID="10" PREVID="0" NEXTID="0" UPDATEDATE="2024-09-11" STARTDATE="2024-09-11" ENDDATE="2079-06-06" ISACTUAL="1" ISACTIVE="1" /><HOUSE ID="126761452" OBJECTID="165219188" OBJECTGUID="22fc5099-1cf5-40ee-babb-abd1957c2954" CHANGEID="600928787" HOUSENUM="5А" HOUSETYPE="2" OPERTYPEID="10" PREVID="0" NEXTID="0" UPDATEDATE="2024-09-11" STARTDATE="2024-09-11" ENDDATE="2079-06-06" ISACTUAL="1" ISACTIVE="1" /><HOUSE ID="126761459" OBJECTID="165219209" OBJECTGUID="004e10f1-a9b0-4df0-8d4b-7cc271ed1b4a" CHANGEID="600928820" HOUSENUM="7" HOUSETYPE="2" OPERTYPEID="10" PREVID="0" NEXTID="0" UPDATEDATE="2024-09-11" STARTDATE="2024-09-11" ENDDATE="2079-06-06" ISACTUAL="1" ISACTIVE="1" /><HOUSE ID="126761483" OBJECTID="165219401" OBJECTGUID="6f08ba65-9194-497a-ae5f-7ab06ba49723" CHANGEID="600929049" HOUSENUM="7А" HOUSETYPE="2" OPERTYPEID="10" PREVID="0" NEXTID="0" UPDATEDATE="2024-09-11" STARTDATE="2024-09-11" ENDDATE="2079-06-06" ISACTUAL="1" ISACTIVE="1" /><HOUSE ID="126761486" OBJECTID="165219424" OBJECTGUID="d0ef79a6-1188-44cf-8af7-ac1bcc548e05" CHANGEID="600929084" HOUSENUM="7Б" HOUSETYPE="2" OPERTYPEID="10" PREVID="0" NEXTID="0" UPDATEDATE="2024-09-11" STARTDATE="2024-09-11" ENDDATE="2079-06-06" ISACTUAL="1" ISACTIVE="1" /><HOUSE ID="126761490" OBJECTID="165219495" OBJECTGUID="09d7e81a-97a6-48bd-9cbe-abb2e4daa86b" CHANGEID="600929169" HOUSENUM="7В" HOUSETYPE="2" OPERTYPEID="10" PREVID="0" NEXTID="0" UPDATEDATE="2024-09-11" STARTDATE="2024-09-11" ENDDATE="2079-06-06" ISACTUAL="1" ISACTIVE="1" /><HOUSE ID="126761494" OBJECTID="165219579" OBJECTGUID="f224c507-2d99-4487-901f-232f4703ed96" CHANGEID="600929261" HOUSENUM="8Б" HOUSETYPE="2" OPERTYPEID="10" PREVID="0" NEXTID="0" UPDATEDATE="2024-09-11" STARTDATE="2024-09-11" ENDDATE="2079-06-06" ISACTUAL="1" ISACTIVE="1" /><HOUSE ID="126761499" OBJECTID="38039147" OBJECTGUID="32b1a850-a29d-4ffa-ad80-3b23cb6ae293" CHANGEID="600929304" HOUSENUM="13" HOUSETYPE="2" OPERTYPEID="30" PREVID="22700403" NEXTID="0" UPDATEDATE="2024-09-11" STARTDATE="2024-09-11" ENDDATE="2079-06-06" ISACTUAL="1" ISACTIVE="0" /><HOUSE ID="126761504" OBJECTID="165219667" OBJECTGUID="e51130fa-4624-4fda-8204-4f63730bbafa" CHANGEID="600929390" HOUSENUM="8А" HOUSETYPE="2" OPERTYPEID="10" PREVID="0" NEXTID="0" UPDATEDATE="2024-09-11" STARTDATE="2024-09-11" ENDDATE="2079-06-06" ISACTUAL="1" ISACTIVE="1" /><HOUSE ID="126761507" OBJECTID="27018085" OBJECTGUID="abbfc484-e2f3-4371-a0ec-249b7dab942d" CHANGEID="600929396" HOUSENUM="5" HOUSETYPE="2" OPERTYPEID="30" PREVID="16048396" NEXTID="0" UPDATEDATE="2024-09-11" STARTDATE="2024-09-11" ENDDATE="2079-06-06" ISACTUAL="1" ISACTIVE="0" /><HOUSE ID="126761516" OBJECTID="165219712" OBJECTGUID="9b26f91d-08f0-4cc1-b5e5-79f344328e6c" CHANGEID="600929452" HOUSENUM="2" HOUSETYPE="2" OPERTYPEID="10" PREVID="0" NEXTID="0" UPDATEDATE="2024-09-11" STARTDATE="2024-09-11" ENDDATE="2079-06-06" ISACTUAL="1" ISACTIVE="1" /><HOUSE ID="126761592" OBJECTID="165219862" OBJECTGUID="c68c84e1-24d5-4fcb-97f4-a4d38cb0e92a" CHANGEID="600929987" HOUSENUM="18" HOUSETYPE="2" OPERTYPEID="10" PREVID="0" NEXTID="0" UPDATEDATE="2024-09-11" STARTDATE="2024-09-11" ENDDATE="2079-06-06" ISACTUAL="1" ISACTIVE="1" /><HOUSE ID="126761603" OBJECTID="165219928" OBJECTGUID="ea0f3223-6f8d-4a4e-9b1f-2b0e1039ec9f" CHANGEID="600930091" HOUSENUM="6" HOUSETYPE="2" OPERTYPEID="10" PREVID="0" NEXTID="0" UPDATEDATE="2024-09-11" STARTDATE="2024-09-11" ENDDATE="2079-06-06" ISACTUAL="1" ISACTIVE="1" /><HOUSE ID="126761623" OBJECTID="165219974" OBJECTGUID="bc4891ac-475f-4b45-81ab-f0fcf7d7b48b" CHANGEID="600930163" HOUSENUM="18" HOUSETYPE="2" OPERTYPEID="10" PREVID="0" NEXTID="0" UPDATEDATE="2024-09-11" STARTDATE="2024-09-11" ENDDATE="2079-06-06" ISACTUAL="1" ISACTIVE="1" /><HOUSE ID="126761630" OBJECTID="15971576" OBJECTGUID="212fb810-180d-4355-a29f-a62a83084316" CHANGEID="600930219" HOUSENUM="36" HOUSETYPE="2" OPERTYPEID="30" PREVID="53731067" NEXTID="0" UPDATEDATE="2024-09-11" STARTDATE="2024-09-11" ENDDATE="2079-06-06" ISACTUAL="1" ISACTIVE="0" /><HOUSE ID="53731067" OBJECTID="15971576" OBJECTGUID="212fb810-180d-4355-a29f-a62a83084316" CHANGEID="25383558" HOUSENUM="36" HOUSETYPE="2" OPERTYPEID="20" PREVID="9063670" NEXTID="126761630" UPDATEDATE="2024-09-11" STARTDATE="2014-01-10" ENDDATE="2024-09-11" ISACTUAL="0" ISACTIVE="0" /><HOUSE ID="126761622" OBJECTID="33464922" OBJECTGUID="c901f7c2-8bc2-4915-90e5-949163930174" CHANGEID="600930162" HOUSENUM="33" HOUSETYPE="2" OPERTYPEID="30" PREVID="65621816" NEXTID="0" UPDATEDATE="2024-09-11" STARTDATE="2024-09-11" ENDDATE="2079-06-06" ISACTUAL="1" ISACTIVE="0" /><HOUSE ID="126761634" OBJECTID="15989505" OBJECTGUID="1a12b174-3d01-426d-85f0-2dc221acd1f3" CHANGEID="600930236" HOUSENUM="53" HOUSETYPE="2" OPERTYPEID="30" PREVID="9077092" NEXTID="0" UPDATEDATE="2024-09-11" STARTDATE="2024-09-11" ENDDATE="2079-06-06" ISACTUAL="1" ISACTIVE="0" /><HOUSE ID="126761641" OBJECTID="15988829" OBJECTGUID="10519f3e-8665-4cad-9f40-2d6196281ad9" CHANGEID="600930256" HOUSENUM="55" HOUSETYPE="2" OPERTYPEID="30" PREVID="9076473" NEXTID="0" UPDATEDATE="2024-09-11" STARTDATE="2024-09-11" ENDDATE="2079-06-06" ISACTUAL="1" ISACTIVE="0" /><HOUSE ID="9076473" OBJECTID="15988829" OBJECTGUID="10519f3e-8665-4cad-9f40-2d6196281ad9" CHANGEID="25410751" HOUSENUM="55" HOUSETYPE="2" OPERTYPEID="10" PREVID="0" NEXTID="126761641" UPDATEDATE="2024-09-11" STARTDATE="2014-01-10" ENDDATE="2024-09-11" ISACTUAL="0" ISACTIVE="0" /><HOUSE ID="126761647" OBJECTID="165220067" OBJECTGUID="95f1ed86-5ac3-41a2-b8ae-f9c05eb3be7f" CHANGEID="600930276" HOUSENUM="59А" HOUSETYPE="2" OPERTYPEID="10" PREVID="0" NEXTID="0" UPDATEDATE="2024-09-11" STARTDATE="2024-09-11" ENDDATE="2079-06-06" ISACTUAL="1" ISACTIVE="1" /><HOUSE ID="126761660" OBJECTID="165220150" OBJECTGUID="cbbc3034-99dc-4ee0-bc2a-21a80a5826e2" CHANGEID="600930454" HOUSENUM="31А" HOUSETYPE="2" OPERTYPEID="10" PREVID="0" NEXTID="0" UPDATEDATE="2024-09-11" STARTDATE="2024-09-11" ENDDATE="2079-06-06" ISACTUAL="1" ISACTIVE="1" /><HOUSE ID="126761792" OBJECTID="165220882" OBJECTGUID="049197fa-ecc1-4a6f-b52a-00d0ebc96ff1" CHANGEID="600931855" HOUSENUM="2А" HOUSETYPE="2" OPERTYPEID="10" PREVID="0" NEXTID="0" UPDATEDATE="2024-09-11" STARTDATE="2024-09-11" ENDDATE="2079-06-06" ISACTUAL="1" ISACTIVE="1" /><HOUSE ID="55174726" OBJECTID="68952499" OBJECTGUID="358fcffa-f058-470f-a966-c50c4b7cc441" CHANGEID="102780029" HOUSENUM="11А" HOUSETYPE="7" OPERTYPEID="20" PREVID="41575952" NEXTID="126761878" UPDATEDATE="2024-09-11" STARTDATE="2018-02-14" ENDDATE="2024-09-11" ISACTUAL="0" ISACTIVE="0" /><HOUSE ID="126761878" OBJECTID="68952499" OBJECTGUID="358fcffa-f058-470f-a966-c50c4b7cc441" CHANGEID="600932348" HOUSENUM="11А" ADDNUM1="1" HOUSETYPE="7" ADDTYPE1="1" OPERTYPEID="20" PREVID="55174726" UPDATEDATE="2024-09-11" STARTDATE="2024-09-11" ENDDATE="2079-06-06" ISACTUAL="1" ISACTIVE="1" /><HOUSE ID="126761895" OBJECTID="4851909" OBJECTGUID="65ed3eba-a437-466a-bd99-dda885fa0254" CHANGEID="600932461" HOUSENUM="60" HOUSETYPE="2" OPERTYPEID="30" PREVID="58602747" NEXTID="0" UPDATEDATE="2024-09-11" STARTDATE="2024-09-11" ENDDATE="2079-06-06" ISACTUAL="1" ISACTIVE="0" /><HOUSE ID="126761899" OBJECTID="83437517" OBJECTGUID="c8525836-636d-4840-9498-061422ce6076" CHANGEID="600932499" HOUSENUM="43" HOUSETYPE="2" OPERTYPEID="30" PREVID="65573402" NEXTID="0" UPDATEDATE="2024-09-11" STARTDATE="2024-09-11" ENDDATE="2079-06-06" ISACTUAL="1" ISACTIVE="0" /><HOUSE ID="126761904" OBJECTID="47043292" OBJECTGUID="a809087c-75d6-4dcd-b420-b5b3bfd40006" CHANGEID="600932778" HOUSENUM="9" HOUSETYPE="2" OPERTYPEID="30" PREVID="63285533" NEXTID="0" UPDATEDATE="2024-09-11" STARTDATE="2024-09-11" ENDDATE="2079-06-06" ISACTUAL="1" ISACTIVE="0" /></HOUSES>