﻿<?xml version="1.0" encoding="utf-8"?><HOUSES><HOUSE ID="56930671" OBJECTID="18496906" OBJECTGUID="4e58747a-b7ce-4a05-9d11-9128639d853f" CHANGEID="29102746" HOUSENUM="52" HOUSETYPE="3" OPERTYPEID="20" PREVID="10664183" NEXTID="126732916" UPDATEDATE="2024-09-06" STARTDATE="2019-03-11" ENDDATE="2024-09-06" ISACTUAL="0" ISACTIVE="0" /><HOUSE ID="57039120" OBJECTID="18500191" OBJECTGUID="4fe32fe3-50a5-4221-adef-bd6a128f9ef1" CHANGEID="29107411" HOUSENUM="2" HOUSETYPE="3" OPERTYPEID="20" PREVID="10666243" NEXTID="126732519" UPDATEDATE="2024-09-06" STARTDATE="2019-03-11" ENDDATE="2024-09-06" ISACTUAL="0" ISACTIVE="0" /><HOUSE ID="59168277" OBJECTID="18484896" OBJECTGUID="6dee2fb4-f489-4ff8-b11a-0fd258a3b6b3" CHANGEID="29084870" HOUSENUM="1-1" HOUSETYPE="3" OPERTYPEID="20" PREVID="10656932" NEXTID="126732512" UPDATEDATE="2024-09-06" STARTDATE="2019-03-11" ENDDATE="2024-09-06" ISACTUAL="0" ISACTIVE="0" /><HOUSE ID="59358550" OBJECTID="40278147" OBJECTGUID="709d59ed-2ec5-4d64-8eb0-9ed816b2b0c7" CHANGEID="60976653" HOUSENUM="12-а" HOUSETYPE="2" OPERTYPEID="20" PREVID="24081541" NEXTID="126725446" UPDATEDATE="2024-09-05" STARTDATE="2014-02-13" ENDDATE="2024-09-05" ISACTUAL="0" ISACTIVE="0" /><HOUSE ID="59469837" OBJECTID="18507025" OBJECTGUID="722dfc93-fb02-4481-a637-f5f6136f1017" CHANGEID="29116771" HOUSENUM="44-1" HOUSETYPE="3" OPERTYPEID="20" PREVID="10669764" NEXTID="126732518" UPDATEDATE="2024-09-06" STARTDATE="2019-03-11" ENDDATE="2024-09-06" ISACTUAL="0" ISACTIVE="0" /><HOUSE ID="60211941" OBJECTID="18485781" OBJECTGUID="7ca5326e-daee-4e80-b428-13b5d2099cc2" CHANGEID="29086311" HOUSENUM="19" HOUSETYPE="3" OPERTYPEID="20" PREVID="10657480" NEXTID="126732893" UPDATEDATE="2024-09-06" STARTDATE="2019-03-11" ENDDATE="2024-09-06" ISACTUAL="0" ISACTIVE="0" /><HOUSE ID="61545185" OBJECTID="18485610" OBJECTGUID="8f77955c-223f-4b7d-a0c5-131b267ba080" CHANGEID="29085382" HOUSENUM="24" HOUSETYPE="3" OPERTYPEID="20" PREVID="10657170" NEXTID="126732897" UPDATEDATE="2024-09-06" STARTDATE="2019-03-11" ENDDATE="2024-09-06" ISACTUAL="0" ISACTIVE="0" /><HOUSE ID="61639604" OBJECTID="18506400" OBJECTGUID="90d1d731-a4c1-46a6-93c2-ef1054e32b24" CHANGEID="29116409" HOUSENUM="28" HOUSETYPE="3" OPERTYPEID="20" PREVID="10669568" NEXTID="126732902" UPDATEDATE="2024-09-06" STARTDATE="2019-03-11" ENDDATE="2024-09-06" ISACTUAL="0" ISACTIVE="0" /><HOUSE ID="62645666" OBJECTID="18498748" OBJECTGUID="9efb32cb-2143-4b14-bf1f-aba78e023de2" CHANGEID="29105566" HOUSENUM="10" HOUSETYPE="3" OPERTYPEID="20" PREVID="10665459" NEXTID="126732885" UPDATEDATE="2024-09-06" STARTDATE="2019-03-11" ENDDATE="2024-09-06" ISACTUAL="0" ISACTIVE="0" /><HOUSE ID="63094479" OBJECTID="4545336" OBJECTGUID="a551259a-1551-4aeb-be99-d47bebf0c340" CHANGEID="8510582" HOUSENUM="18" HOUSETYPE="2" OPERTYPEID="20" PREVID="1831327" NEXTID="126732613" UPDATEDATE="2024-09-06" STARTDATE="2014-02-11" ENDDATE="2024-09-06" ISACTUAL="0" ISACTIVE="0" /><HOUSE ID="64461290" OBJECTID="18485510" OBJECTGUID="b8a1ce28-d44b-45ce-9288-12312025c5a5" CHANGEID="29085129" HOUSENUM="30" HOUSETYPE="3" OPERTYPEID="20" PREVID="10657050" NEXTID="126732906" UPDATEDATE="2024-09-06" STARTDATE="2019-03-11" ENDDATE="2024-09-06" ISACTUAL="0" ISACTIVE="0" /><HOUSE ID="64737832" OBJECTID="18490552" OBJECTGUID="bc88c554-d1d1-4bc8-9753-4b977a3d9b3f" CHANGEID="29093038" HOUSENUM="20" HOUSETYPE="3" OPERTYPEID="20" PREVID="10660463" NEXTID="126732894" UPDATEDATE="2024-09-06" STARTDATE="2019-03-11" ENDDATE="2024-09-06" ISACTUAL="0" ISACTIVE="0" /><HOUSE ID="64996221" OBJECTID="18500709" OBJECTGUID="c02bcc8b-5be9-4db7-9fe6-be93c6c5aaa2" CHANGEID="29109146" HOUSENUM="16" HOUSETYPE="3" OPERTYPEID="20" PREVID="10666838" NEXTID="126732891" UPDATEDATE="2024-09-06" STARTDATE="2019-03-11" ENDDATE="2024-09-06" ISACTUAL="0" ISACTIVE="0" /><HOUSE ID="65480558" OBJECTID="18495295" OBJECTGUID="c702d663-c5bc-46c4-b92d-86289adff03f" CHANGEID="29100046" HOUSENUM="42" HOUSETYPE="3" OPERTYPEID="20" PREVID="10663047" NEXTID="126732914" UPDATEDATE="2024-09-06" STARTDATE="2019-03-11" ENDDATE="2024-09-06" ISACTUAL="0" ISACTIVE="0" /><HOUSE ID="65919959" OBJECTID="18499376" OBJECTGUID="cd3728b9-646b-4152-982a-b3648f9ce40e" CHANGEID="29106773" HOUSENUM="12" HOUSETYPE="3" OPERTYPEID="20" PREVID="10666021" NEXTID="126732888" UPDATEDATE="2024-09-06" STARTDATE="2019-03-11" ENDDATE="2024-09-06" ISACTUAL="0" ISACTIVE="0" /><HOUSE ID="66594584" OBJECTID="18509348" OBJECTGUID="d6c4544a-62b0-4079-9a27-735ae82e8eef" CHANGEID="29120817" HOUSENUM="13" HOUSETYPE="3" OPERTYPEID="20" PREVID="10671092" NEXTID="126732890" UPDATEDATE="2024-09-06" STARTDATE="2019-03-11" ENDDATE="2024-09-06" ISACTUAL="0" ISACTIVE="0" /><HOUSE ID="68083938" OBJECTID="18492571" OBJECTGUID="ebd0b01f-670a-4b45-b188-54d4dfb84b6b" CHANGEID="29096608" HOUSENUM="6" HOUSETYPE="3" OPERTYPEID="20" PREVID="10661670" NEXTID="126732882" UPDATEDATE="2024-09-06" STARTDATE="2019-03-11" ENDDATE="2024-09-06" ISACTUAL="0" ISACTIVE="0" /><HOUSE ID="68203774" OBJECTID="83575032" OBJECTGUID="ed7f1612-87a4-4ad2-a761-6a9705a47451" CHANGEID="124150561" HOUSENUM="4" HOUSETYPE="3" OPERTYPEID="20" PREVID="50592938" NEXTID="126749670" UPDATEDATE="2024-09-10" STARTDATE="2017-01-25" ENDDATE="2024-09-10" ISACTUAL="0" ISACTIVE="0" /><HOUSE ID="68753627" OBJECTID="18481843" OBJECTGUID="f5447333-a123-4929-81a3-0211772d0fdf" CHANGEID="29082517" HOUSENUM="36" HOUSETYPE="3" OPERTYPEID="20" PREVID="10655824" NEXTID="126732910" UPDATEDATE="2024-09-06" STARTDATE="2019-03-11" ENDDATE="2024-09-06" ISACTUAL="0" ISACTIVE="0" /><HOUSE ID="63958602" OBJECTID="18490066" OBJECTGUID="b18ae53c-0449-47b4-a7af-455c99f2c400" CHANGEID="29092311" HOUSENUM="11" HOUSETYPE="3" OPERTYPEID="20" PREVID="10660108" NEXTID="126732887" UPDATEDATE="2024-09-06" STARTDATE="2019-03-11" ENDDATE="2024-09-06" ISACTUAL="0" ISACTIVE="0" /><HOUSE ID="52792354" OBJECTID="18504534" OBJECTGUID="13ee74f3-fb02-4764-9ff3-bfba7b97e520" CHANGEID="29113095" HOUSENUM="50" HOUSETYPE="3" OPERTYPEID="20" PREVID="10668217" NEXTID="126732915" UPDATEDATE="2024-09-06" STARTDATE="2019-03-11" ENDDATE="2024-09-06" ISACTUAL="0" ISACTIVE="0" /><HOUSE ID="53126649" OBJECTID="18508230" OBJECTGUID="18a74309-bfdd-4956-98d8-0fd0df068c3b" CHANGEID="29119356" HOUSENUM="25" HOUSETYPE="3" OPERTYPEID="20" PREVID="10670488" NEXTID="126732899" UPDATEDATE="2024-09-06" STARTDATE="2019-03-11" ENDDATE="2024-09-06" ISACTUAL="0" ISACTIVE="0" /><HOUSE ID="53277481" OBJECTID="18507591" OBJECTGUID="1ac78d89-65a3-43a7-bf4e-fad735a4189d" CHANGEID="29117981" HOUSENUM="23-1" HOUSETYPE="3" OPERTYPEID="20" PREVID="10670286" NEXTID="126732517" UPDATEDATE="2024-09-06" STARTDATE="2019-03-11" ENDDATE="2024-09-06" ISACTUAL="0" ISACTIVE="0" /><HOUSE ID="53544789" OBJECTID="18493934" OBJECTGUID="1e8c68e0-f0dd-4921-bbc3-74c573d5db23" CHANGEID="29097914" HOUSENUM="7-1" HOUSETYPE="3" OPERTYPEID="20" PREVID="10662271" NEXTID="126732515" UPDATEDATE="2024-09-06" STARTDATE="2019-03-11" ENDDATE="2024-09-06" ISACTUAL="0" ISACTIVE="0" /><HOUSE ID="53796393" OBJECTID="78322552" OBJECTGUID="221bb58f-6527-456c-9e03-9abd089189b9" CHANGEID="116438456" HOUSENUM="1" HOUSETYPE="3" OPERTYPEID="20" PREVID="47316060" NEXTID="126749669" UPDATEDATE="2024-09-10" STARTDATE="2017-01-25" ENDDATE="2024-09-10" ISACTUAL="0" ISACTIVE="0" /><HOUSE ID="126644769" OBJECTID="103594313" OBJECTGUID="e17d81ba-18ed-4888-9fa7-7baa788c3415" CHANGEID="599796861" HOUSENUM="35/2" ADDNUM1="1" HOUSETYPE="2" ADDTYPE1="2" OPERTYPEID="20" PREVID="72106633" NEXTID="126739437" UPDATEDATE="2024-09-09" STARTDATE="2024-08-20" ENDDATE="2024-09-09" ISACTUAL="0" ISACTIVE="0" /><HOUSE ID="126725446" OBJECTID="40278147" OBJECTGUID="709d59ed-2ec5-4d64-8eb0-9ed816b2b0c7" CHANGEID="600513078" HOUSENUM="12А" HOUSETYPE="2" OPERTYPEID="20" PREVID="59358550" UPDATEDATE="2024-09-05" STARTDATE="2024-09-05" ENDDATE="2079-06-06" ISACTUAL="1" ISACTIVE="1" /><HOUSE ID="126725885" OBJECTID="165063644" OBJECTGUID="5da486fe-b7f9-481d-a5a1-1cfe765ea75c" CHANGEID="600516677" HOUSENUM="39А" HOUSETYPE="2" OPERTYPEID="10" PREVID="0" NEXTID="0" UPDATEDATE="2024-09-05" STARTDATE="2024-09-05" ENDDATE="2079-06-06" ISACTUAL="1" ISACTIVE="1" /><HOUSE ID="126725886" OBJECTID="165063646" OBJECTGUID="e31550db-5b05-402b-a3e8-73d084d3616e" CHANGEID="600516680" HOUSENUM="39Б" HOUSETYPE="2" OPERTYPEID="10" PREVID="0" NEXTID="0" UPDATEDATE="2024-09-05" STARTDATE="2024-09-05" ENDDATE="2079-06-06" ISACTUAL="1" ISACTIVE="1" /><HOUSE ID="126726701" OBJECTID="165067922" OBJECTGUID="1e5e59a7-32da-4096-96d8-8aa3bba850f0" CHANGEID="600523716" HOUSENUM="1" HOUSETYPE="2" OPERTYPEID="10" PREVID="0" NEXTID="0" UPDATEDATE="2024-09-05" STARTDATE="2024-09-05" ENDDATE="2079-06-06" ISACTUAL="1" ISACTIVE="1" /><HOUSE ID="126726700" OBJECTID="165067920" OBJECTGUID="31932d03-659d-49d8-a40c-22709498801c" CHANGEID="600523705" HOUSENUM="4/3" HOUSETYPE="2" OPERTYPEID="10" PREVID="0" NEXTID="0" UPDATEDATE="2024-09-05" STARTDATE="2024-09-05" ENDDATE="2079-06-06" ISACTUAL="1" ISACTIVE="1" /><HOUSE ID="126727097" OBJECTID="165069124" OBJECTGUID="20a3c5d0-fc00-4755-8032-3a29b1a8c37d" CHANGEID="600525665" HOUSENUM="1" HOUSETYPE="2" OPERTYPEID="10" PREVID="0" NEXTID="0" UPDATEDATE="2024-09-05" STARTDATE="2024-09-05" ENDDATE="2079-06-06" ISACTUAL="1" ISACTIVE="1" /><HOUSE ID="126731680" OBJECTID="165090950" OBJECTGUID="5ff09077-4a82-4a64-ad7a-224e5ceb4e74" CHANGEID="600561467" HOUSENUM="65Б" HOUSETYPE="2" OPERTYPEID="10" PREVID="0" NEXTID="0" UPDATEDATE="2024-09-06" STARTDATE="2024-09-06" ENDDATE="2079-06-06" ISACTUAL="1" ISACTIVE="1" /><HOUSE ID="126731747" OBJECTID="165091675" OBJECTGUID="47c4d846-2095-4f3e-8ef0-5c6e8499d4da" CHANGEID="600562341" HOUSENUM="41Б" HOUSETYPE="5" OPERTYPEID="10" PREVID="0" NEXTID="0" UPDATEDATE="2024-09-06" STARTDATE="2024-09-06" ENDDATE="2079-06-06" ISACTUAL="1" ISACTIVE="1" /><HOUSE ID="126731748" OBJECTID="165091677" OBJECTGUID="f9753764-cbe2-4f30-b893-6c340026bc66" CHANGEID="600562344" HOUSENUM="1А/1" HOUSETYPE="2" OPERTYPEID="10" PREVID="0" NEXTID="0" UPDATEDATE="2024-09-06" STARTDATE="2024-09-06" ENDDATE="2079-06-06" ISACTUAL="1" ISACTIVE="1" /><HOUSE ID="126731749" OBJECTID="165091678" OBJECTGUID="c8387140-3347-484d-8bb1-0bfe9f21b9bb" CHANGEID="600562345" HOUSENUM="1А/2" HOUSETYPE="2" OPERTYPEID="10" PREVID="0" NEXTID="0" UPDATEDATE="2024-09-06" STARTDATE="2024-09-06" ENDDATE="2079-06-06" ISACTUAL="1" ISACTIVE="1" /><HOUSE ID="66540180" OBJECTID="18498308" OBJECTGUID="d6000530-0054-4422-ad03-a32388ec58b0" CHANGEID="29104411" HOUSENUM="3-1" HOUSETYPE="3" OPERTYPEID="20" PREVID="10664927" NEXTID="126732513" UPDATEDATE="2024-09-06" STARTDATE="2019-03-11" ENDDATE="2024-09-06" ISACTUAL="0" ISACTIVE="0" /><HOUSE ID="126732513" OBJECTID="18498308" OBJECTGUID="d6000530-0054-4422-ad03-a32388ec58b0" CHANGEID="600569228" HOUSENUM="3" HOUSETYPE="2" OPERTYPEID="20" PREVID="66540180" UPDATEDATE="2024-09-06" STARTDATE="2024-09-06" ENDDATE="2079-06-06" ISACTUAL="1" ISACTIVE="1" /><HOUSE ID="126732515" OBJECTID="18493934" OBJECTGUID="1e8c68e0-f0dd-4921-bbc3-74c573d5db23" CHANGEID="600569232" HOUSENUM="7" HOUSETYPE="2" OPERTYPEID="20" PREVID="53544789" UPDATEDATE="2024-09-06" STARTDATE="2024-09-06" ENDDATE="2079-06-06" ISACTUAL="1" ISACTIVE="1" /><HOUSE ID="126732517" OBJECTID="18507591" OBJECTGUID="1ac78d89-65a3-43a7-bf4e-fad735a4189d" CHANGEID="600569235" HOUSENUM="23" HOUSETYPE="2" OPERTYPEID="20" PREVID="53277481" UPDATEDATE="2024-09-06" STARTDATE="2024-09-06" ENDDATE="2079-06-06" ISACTUAL="1" ISACTIVE="1" /><HOUSE ID="126732519" OBJECTID="18500191" OBJECTGUID="4fe32fe3-50a5-4221-adef-bd6a128f9ef1" CHANGEID="600569240" HOUSENUM="2" HOUSETYPE="2" OPERTYPEID="20" PREVID="57039120" UPDATEDATE="2024-09-06" STARTDATE="2024-09-06" ENDDATE="2079-06-06" ISACTUAL="1" ISACTIVE="1" /><HOUSE ID="126732512" OBJECTID="18484896" OBJECTGUID="6dee2fb4-f489-4ff8-b11a-0fd258a3b6b3" CHANGEID="600569227" HOUSENUM="1" HOUSETYPE="2" OPERTYPEID="20" PREVID="59168277" UPDATEDATE="2024-09-06" STARTDATE="2024-09-06" ENDDATE="2079-06-06" ISACTUAL="1" ISACTIVE="1" /><HOUSE ID="60659634" OBJECTID="18489112" OBJECTGUID="82f9c063-3bfb-4125-b991-3fbc15503fc7" CHANGEID="29091501" HOUSENUM="5-1" HOUSETYPE="3" OPERTYPEID="20" PREVID="10659562" NEXTID="126732514" UPDATEDATE="2024-09-06" STARTDATE="2019-03-11" ENDDATE="2024-09-06" ISACTUAL="0" ISACTIVE="0" /><HOUSE ID="126732514" OBJECTID="18489112" OBJECTGUID="82f9c063-3bfb-4125-b991-3fbc15503fc7" CHANGEID="600569231" HOUSENUM="5" HOUSETYPE="2" OPERTYPEID="20" PREVID="60659634" UPDATEDATE="2024-09-06" STARTDATE="2024-09-06" ENDDATE="2079-06-06" ISACTUAL="1" ISACTIVE="1" /><HOUSE ID="53865171" OBJECTID="18506096" OBJECTGUID="23174661-ad93-4a27-824d-df2db264f5e1" CHANGEID="29115553" HOUSENUM="15-1" HOUSETYPE="3" OPERTYPEID="20" PREVID="10669346" NEXTID="126732516" UPDATEDATE="2024-09-06" STARTDATE="2019-03-11" ENDDATE="2024-09-06" ISACTUAL="0" ISACTIVE="0" /><HOUSE ID="126732516" OBJECTID="18506096" OBJECTGUID="23174661-ad93-4a27-824d-df2db264f5e1" CHANGEID="600569233" HOUSENUM="15" HOUSETYPE="2" OPERTYPEID="20" PREVID="53865171" UPDATEDATE="2024-09-06" STARTDATE="2024-09-06" ENDDATE="2079-06-06" ISACTUAL="1" ISACTIVE="1" /><HOUSE ID="126732518" OBJECTID="18507025" OBJECTGUID="722dfc93-fb02-4481-a637-f5f6136f1017" CHANGEID="600569239" HOUSENUM="44" HOUSETYPE="2" OPERTYPEID="20" PREVID="59469837" UPDATEDATE="2024-09-06" STARTDATE="2024-09-06" ENDDATE="2079-06-06" ISACTUAL="1" ISACTIVE="1" /><HOUSE ID="59203615" OBJECTID="18488297" OBJECTGUID="6e6edba7-5004-4f56-95bc-3893044a4452" CHANGEID="29089984" HOUSENUM="4" HOUSETYPE="3" OPERTYPEID="20" PREVID="10659024" NEXTID="126732521" UPDATEDATE="2024-09-06" STARTDATE="2019-03-11" ENDDATE="2024-09-06" ISACTUAL="0" ISACTIVE="0" /><HOUSE ID="126732521" OBJECTID="18488297" OBJECTGUID="6e6edba7-5004-4f56-95bc-3893044a4452" CHANGEID="600569242" HOUSENUM="4" HOUSETYPE="2" OPERTYPEID="20" PREVID="59203615" UPDATEDATE="2024-09-06" STARTDATE="2024-09-06" ENDDATE="2079-06-06" ISACTUAL="1" ISACTIVE="1" /><HOUSE ID="126732613" OBJECTID="4545336" OBJECTGUID="a551259a-1551-4aeb-be99-d47bebf0c340" CHANGEID="600569706" HOUSENUM="18" HOUSETYPE="2" OPERTYPEID="30" PREVID="63094479" NEXTID="0" UPDATEDATE="2024-09-06" STARTDATE="2024-09-06" ENDDATE="2079-06-06" ISACTUAL="1" ISACTIVE="0" /><HOUSE ID="66500167" OBJECTID="18486390" OBJECTGUID="d5714def-194b-424a-9ec6-15b772017095" CHANGEID="29087663" HOUSENUM="8" HOUSETYPE="3" OPERTYPEID="20" PREVID="10657961" NEXTID="126732883" UPDATEDATE="2024-09-06" STARTDATE="2019-03-11" ENDDATE="2024-09-06" ISACTUAL="0" ISACTIVE="0" /><HOUSE ID="126732883" OBJECTID="18486390" OBJECTGUID="d5714def-194b-424a-9ec6-15b772017095" CHANGEID="600571384" HOUSENUM="8" HOUSETYPE="2" OPERTYPEID="20" PREVID="66500167" UPDATEDATE="2024-09-06" STARTDATE="2024-09-06" ENDDATE="2079-06-06" ISACTUAL="1" ISACTIVE="1" /><HOUSE ID="126732885" OBJECTID="18498748" OBJECTGUID="9efb32cb-2143-4b14-bf1f-aba78e023de2" CHANGEID="600571388" HOUSENUM="10" HOUSETYPE="2" OPERTYPEID="20" PREVID="62645666" UPDATEDATE="2024-09-06" STARTDATE="2024-09-06" ENDDATE="2079-06-06" ISACTUAL="1" ISACTIVE="1" /><HOUSE ID="126732888" OBJECTID="18499376" OBJECTGUID="cd3728b9-646b-4152-982a-b3648f9ce40e" CHANGEID="600571392" HOUSENUM="12" HOUSETYPE="2" OPERTYPEID="20" PREVID="65919959" UPDATEDATE="2024-09-06" STARTDATE="2024-09-06" ENDDATE="2079-06-06" ISACTUAL="1" ISACTIVE="1" /><HOUSE ID="126732890" OBJECTID="18509348" OBJECTGUID="d6c4544a-62b0-4079-9a27-735ae82e8eef" CHANGEID="600571397" HOUSENUM="13" HOUSETYPE="2" OPERTYPEID="20" PREVID="66594584" UPDATEDATE="2024-09-06" STARTDATE="2024-09-06" ENDDATE="2079-06-06" ISACTUAL="1" ISACTIVE="1" /><HOUSE ID="61344962" OBJECTID="18508007" OBJECTGUID="8ca72258-f8c1-4353-ae62-01e363cf1942" CHANGEID="29118297" HOUSENUM="17" HOUSETYPE="3" OPERTYPEID="20" PREVID="10670337" NEXTID="126732892" UPDATEDATE="2024-09-06" STARTDATE="2019-03-11" ENDDATE="2024-09-06" ISACTUAL="0" ISACTIVE="0" /><HOUSE ID="126732892" OBJECTID="18508007" OBJECTGUID="8ca72258-f8c1-4353-ae62-01e363cf1942" CHANGEID="600571400" HOUSENUM="17" HOUSETYPE="2" OPERTYPEID="20" PREVID="61344962" UPDATEDATE="2024-09-06" STARTDATE="2024-09-06" ENDDATE="2079-06-06" ISACTUAL="1" ISACTIVE="1" /><HOUSE ID="126732894" OBJECTID="18490552" OBJECTGUID="bc88c554-d1d1-4bc8-9753-4b977a3d9b3f" CHANGEID="600571404" HOUSENUM="20" HOUSETYPE="2" OPERTYPEID="20" PREVID="64737832" UPDATEDATE="2024-09-06" STARTDATE="2024-09-06" ENDDATE="2079-06-06" ISACTUAL="1" ISACTIVE="1" /><HOUSE ID="126732897" OBJECTID="18485610" OBJECTGUID="8f77955c-223f-4b7d-a0c5-131b267ba080" CHANGEID="600571408" HOUSENUM="24" HOUSETYPE="2" OPERTYPEID="20" PREVID="61545185" UPDATEDATE="2024-09-06" STARTDATE="2024-09-06" ENDDATE="2079-06-06" ISACTUAL="1" ISACTIVE="1" /><HOUSE ID="52292449" OBJECTID="18484199" OBJECTGUID="0cd8f3fe-0a2b-41c9-b7f1-0a592957a581" CHANGEID="29084040" HOUSENUM="26" HOUSETYPE="3" OPERTYPEID="20" PREVID="10656535" NEXTID="126732900" UPDATEDATE="2024-09-06" STARTDATE="2019-03-11" ENDDATE="2024-09-06" ISACTUAL="0" ISACTIVE="0" /><HOUSE ID="126732900" OBJECTID="18484199" OBJECTGUID="0cd8f3fe-0a2b-41c9-b7f1-0a592957a581" CHANGEID="600571411" HOUSENUM="26" HOUSETYPE="2" OPERTYPEID="20" PREVID="52292449" UPDATEDATE="2024-09-06" STARTDATE="2024-09-06" ENDDATE="2079-06-06" ISACTUAL="1" ISACTIVE="1" /><HOUSE ID="56215062" OBJECTID="18493553" OBJECTGUID="443f7db0-56ac-45f2-92d3-6e97dcd1fef7" CHANGEID="29097107" HOUSENUM="32" HOUSETYPE="3" OPERTYPEID="20" PREVID="10661957" NEXTID="126732907" UPDATEDATE="2024-09-06" STARTDATE="2019-03-11" ENDDATE="2024-09-06" ISACTUAL="0" ISACTIVE="0" /><HOUSE ID="126732907" OBJECTID="18493553" OBJECTGUID="443f7db0-56ac-45f2-92d3-6e97dcd1fef7" CHANGEID="600571419" HOUSENUM="32" HOUSETYPE="2" OPERTYPEID="20" PREVID="56215062" UPDATEDATE="2024-09-06" STARTDATE="2024-09-06" ENDDATE="2079-06-06" ISACTUAL="1" ISACTIVE="1" /><HOUSE ID="126732910" OBJECTID="18481843" OBJECTGUID="f5447333-a123-4929-81a3-0211772d0fdf" CHANGEID="600571423" HOUSENUM="36" HOUSETYPE="2" OPERTYPEID="20" PREVID="68753627" UPDATEDATE="2024-09-06" STARTDATE="2024-09-06" ENDDATE="2079-06-06" ISACTUAL="1" ISACTIVE="1" /><HOUSE ID="63945930" OBJECTID="18497708" OBJECTGUID="b15cffdc-6d18-4e26-a05f-960f9f6c599a" CHANGEID="29103577" HOUSENUM="40" HOUSETYPE="3" OPERTYPEID="20" PREVID="10664539" NEXTID="126732912" UPDATEDATE="2024-09-06" STARTDATE="2019-03-11" ENDDATE="2024-09-06" ISACTUAL="0" ISACTIVE="0" /><HOUSE ID="126732912" OBJECTID="18497708" OBJECTGUID="b15cffdc-6d18-4e26-a05f-960f9f6c599a" CHANGEID="600571427" HOUSENUM="40" HOUSETYPE="2" OPERTYPEID="20" PREVID="63945930" UPDATEDATE="2024-09-06" STARTDATE="2024-09-06" ENDDATE="2079-06-06" ISACTUAL="1" ISACTIVE="1" /><HOUSE ID="126732915" OBJECTID="18504534" OBJECTGUID="13ee74f3-fb02-4764-9ff3-bfba7b97e520" CHANGEID="600571430" HOUSENUM="50" HOUSETYPE="2" OPERTYPEID="20" PREVID="52792354" UPDATEDATE="2024-09-06" STARTDATE="2024-09-06" ENDDATE="2079-06-06" ISACTUAL="1" ISACTIVE="1" /><HOUSE ID="53141807" OBJECTID="18490985" OBJECTGUID="18dea45b-1735-49de-ac71-4efefa651f01" CHANGEID="29093901" HOUSENUM="54" HOUSETYPE="3" OPERTYPEID="20" PREVID="10660804" NEXTID="126732917" UPDATEDATE="2024-09-06" STARTDATE="2019-03-11" ENDDATE="2024-09-06" ISACTUAL="0" ISACTIVE="0" /><HOUSE ID="126732917" OBJECTID="18490985" OBJECTGUID="18dea45b-1735-49de-ac71-4efefa651f01" CHANGEID="600571434" HOUSENUM="54" HOUSETYPE="2" OPERTYPEID="20" PREVID="53141807" UPDATEDATE="2024-09-06" STARTDATE="2024-09-06" ENDDATE="2079-06-06" ISACTUAL="1" ISACTIVE="1" /><HOUSE ID="126732882" OBJECTID="18492571" OBJECTGUID="ebd0b01f-670a-4b45-b188-54d4dfb84b6b" CHANGEID="600571382" HOUSENUM="6" HOUSETYPE="2" OPERTYPEID="20" PREVID="68083938" UPDATEDATE="2024-09-06" STARTDATE="2024-09-06" ENDDATE="2079-06-06" ISACTUAL="1" ISACTIVE="1" /><HOUSE ID="55564635" OBJECTID="18494371" OBJECTGUID="3b0efe89-9a42-42dd-a869-7fc93d752e29" CHANGEID="29099257" HOUSENUM="9" HOUSETYPE="3" OPERTYPEID="20" PREVID="10662605" NEXTID="126732884" UPDATEDATE="2024-09-06" STARTDATE="2019-03-11" ENDDATE="2024-09-06" ISACTUAL="0" ISACTIVE="0" /><HOUSE ID="126732884" OBJECTID="18494371" OBJECTGUID="3b0efe89-9a42-42dd-a869-7fc93d752e29" CHANGEID="600571386" HOUSENUM="9" HOUSETYPE="2" OPERTYPEID="20" PREVID="55564635" UPDATEDATE="2024-09-06" STARTDATE="2024-09-06" ENDDATE="2079-06-06" ISACTUAL="1" ISACTIVE="1" /><HOUSE ID="126732887" OBJECTID="18490066" OBJECTGUID="b18ae53c-0449-47b4-a7af-455c99f2c400" CHANGEID="600571390" HOUSENUM="11" HOUSETYPE="2" OPERTYPEID="20" PREVID="63958602" UPDATEDATE="2024-09-06" STARTDATE="2024-09-06" ENDDATE="2079-06-06" ISACTUAL="1" ISACTIVE="1" /><HOUSE ID="126732891" OBJECTID="18500709" OBJECTGUID="c02bcc8b-5be9-4db7-9fe6-be93c6c5aaa2" CHANGEID="600571399" HOUSENUM="16" HOUSETYPE="2" OPERTYPEID="20" PREVID="64996221" UPDATEDATE="2024-09-06" STARTDATE="2024-09-06" ENDDATE="2079-06-06" ISACTUAL="1" ISACTIVE="1" /><HOUSE ID="126732893" OBJECTID="18485781" OBJECTGUID="7ca5326e-daee-4e80-b428-13b5d2099cc2" CHANGEID="600571402" HOUSENUM="19" HOUSETYPE="2" OPERTYPEID="20" PREVID="60211941" UPDATEDATE="2024-09-06" STARTDATE="2024-09-06" ENDDATE="2079-06-06" ISACTUAL="1" ISACTIVE="1" /><HOUSE ID="63726890" OBJECTID="18502039" OBJECTGUID="ae43d868-80bb-4cd8-9902-be9c8ef4923d" CHANGEID="29111935" HOUSENUM="22" HOUSETYPE="3" OPERTYPEID="20" PREVID="10667385" NEXTID="126732895" UPDATEDATE="2024-09-06" STARTDATE="2019-03-11" ENDDATE="2024-09-06" ISACTUAL="0" ISACTIVE="0" /><HOUSE ID="126732895" OBJECTID="18502039" OBJECTGUID="ae43d868-80bb-4cd8-9902-be9c8ef4923d" CHANGEID="600571406" HOUSENUM="22" HOUSETYPE="2" OPERTYPEID="20" PREVID="63726890" UPDATEDATE="2024-09-06" STARTDATE="2024-09-06" ENDDATE="2079-06-06" ISACTUAL="1" ISACTIVE="1" /><HOUSE ID="126732899" OBJECTID="18508230" OBJECTGUID="18a74309-bfdd-4956-98d8-0fd0df068c3b" CHANGEID="600571410" HOUSENUM="25" HOUSETYPE="2" OPERTYPEID="20" PREVID="53126649" UPDATEDATE="2024-09-06" STARTDATE="2024-09-06" ENDDATE="2079-06-06" ISACTUAL="1" ISACTIVE="1" /><HOUSE ID="126732902" OBJECTID="18506400" OBJECTGUID="90d1d731-a4c1-46a6-93c2-ef1054e32b24" CHANGEID="600571413" HOUSENUM="28" HOUSETYPE="2" OPERTYPEID="20" PREVID="61639604" UPDATEDATE="2024-09-06" STARTDATE="2024-09-06" ENDDATE="2079-06-06" ISACTUAL="1" ISACTIVE="1" /><HOUSE ID="126732906" OBJECTID="18485510" OBJECTGUID="b8a1ce28-d44b-45ce-9288-12312025c5a5" CHANGEID="600571417" HOUSENUM="30" HOUSETYPE="2" OPERTYPEID="20" PREVID="64461290" UPDATEDATE="2024-09-06" STARTDATE="2024-09-06" ENDDATE="2079-06-06" ISACTUAL="1" ISACTIVE="1" /><HOUSE ID="54942185" OBJECTID="18495882" OBJECTGUID="32440f4f-1f41-4209-8be2-8796f1565d85" CHANGEID="29101388" HOUSENUM="34" HOUSETYPE="3" OPERTYPEID="20" PREVID="10663430" NEXTID="126732908" UPDATEDATE="2024-09-06" STARTDATE="2019-03-11" ENDDATE="2024-09-06" ISACTUAL="0" ISACTIVE="0" /><HOUSE ID="126732908" OBJECTID="18495882" OBJECTGUID="32440f4f-1f41-4209-8be2-8796f1565d85" CHANGEID="600571421" HOUSENUM="34" HOUSETYPE="2" OPERTYPEID="20" PREVID="54942185" UPDATEDATE="2024-09-06" STARTDATE="2024-09-06" ENDDATE="2079-06-06" ISACTUAL="1" ISACTIVE="1" /><HOUSE ID="62059205" OBJECTID="18491902" OBJECTGUID="96bc51fa-ce12-4551-8481-54c4eaf5c058" CHANGEID="29094794" HOUSENUM="38" HOUSETYPE="3" OPERTYPEID="20" PREVID="10661200" NEXTID="126732911" UPDATEDATE="2024-09-06" STARTDATE="2019-03-11" ENDDATE="2024-09-06" ISACTUAL="0" ISACTIVE="0" /><HOUSE ID="126732911" OBJECTID="18491902" OBJECTGUID="96bc51fa-ce12-4551-8481-54c4eaf5c058" CHANGEID="600571425" HOUSENUM="38" HOUSETYPE="2" OPERTYPEID="20" PREVID="62059205" UPDATEDATE="2024-09-06" STARTDATE="2024-09-06" ENDDATE="2079-06-06" ISACTUAL="1" ISACTIVE="1" /><HOUSE ID="126732914" OBJECTID="18495295" OBJECTGUID="c702d663-c5bc-46c4-b92d-86289adff03f" CHANGEID="600571429" HOUSENUM="42" HOUSETYPE="2" OPERTYPEID="20" PREVID="65480558" UPDATEDATE="2024-09-06" STARTDATE="2024-09-06" ENDDATE="2079-06-06" ISACTUAL="1" ISACTIVE="1" /><HOUSE ID="126732916" OBJECTID="18496906" OBJECTGUID="4e58747a-b7ce-4a05-9d11-9128639d853f" CHANGEID="600571432" HOUSENUM="52" HOUSETYPE="2" OPERTYPEID="20" PREVID="56930671" UPDATEDATE="2024-09-06" STARTDATE="2024-09-06" ENDDATE="2079-06-06" ISACTUAL="1" ISACTIVE="1" /><HOUSE ID="52140939" OBJECTID="18509027" OBJECTGUID="0ab7529d-ce62-4079-b63a-23ae29cb5aab" CHANGEID="29119990" HOUSENUM="58" HOUSETYPE="3" OPERTYPEID="20" PREVID="10670905" NEXTID="126732918" UPDATEDATE="2024-09-06" STARTDATE="2019-03-11" ENDDATE="2024-09-06" ISACTUAL="0" ISACTIVE="0" /><HOUSE ID="126732918" OBJECTID="18509027" OBJECTGUID="0ab7529d-ce62-4079-b63a-23ae29cb5aab" CHANGEID="600571437" HOUSENUM="58" HOUSETYPE="2" OPERTYPEID="20" PREVID="52140939" UPDATEDATE="2024-09-06" STARTDATE="2024-09-06" ENDDATE="2079-06-06" ISACTUAL="1" ISACTIVE="1" /><HOUSE ID="65199025" OBJECTID="83572592" OBJECTGUID="c30ba8e5-bfd1-42b2-9588-05da87d6b331" CHANGEID="124146638" HOUSENUM="1" HOUSETYPE="3" OPERTYPEID="20" PREVID="50591707" NEXTID="126738927" UPDATEDATE="2024-09-09" STARTDATE="2017-01-25" ENDDATE="2024-09-09" ISACTUAL="0" ISACTIVE="0" /><HOUSE ID="126738927" OBJECTID="83572592" OBJECTGUID="c30ba8e5-bfd1-42b2-9588-05da87d6b331" CHANGEID="600737980" HOUSENUM="1" HOUSETYPE="2" OPERTYPEID="20" PREVID="65199025" UPDATEDATE="2024-09-09" STARTDATE="2024-09-09" ENDDATE="2079-06-06" ISACTUAL="1" ISACTIVE="1" /><HOUSE ID="69229163" OBJECTID="83573579" OBJECTGUID="fbf8e382-fb81-4bba-9e31-2f69eab4ea40" CHANGEID="124149618" HOUSENUM="2" HOUSETYPE="3" OPERTYPEID="20" PREVID="50592225" NEXTID="126738928" UPDATEDATE="2024-09-09" STARTDATE="2017-01-25" ENDDATE="2024-09-09" ISACTUAL="0" ISACTIVE="0" /><HOUSE ID="126738928" OBJECTID="83573579" OBJECTGUID="fbf8e382-fb81-4bba-9e31-2f69eab4ea40" CHANGEID="600737981" HOUSENUM="2" HOUSETYPE="2" OPERTYPEID="20" PREVID="69229163" UPDATEDATE="2024-09-09" STARTDATE="2024-09-09" ENDDATE="2079-06-06" ISACTUAL="1" ISACTIVE="1" /><HOUSE ID="51744825" OBJECTID="83576049" OBJECTGUID="051f9ede-b6f1-4b06-a479-bf8e0f3ce201" CHANGEID="124151930" HOUSENUM="5" HOUSETYPE="3" OPERTYPEID="20" PREVID="50593531" NEXTID="126738929" UPDATEDATE="2024-09-09" STARTDATE="2017-01-25" ENDDATE="2024-09-09" ISACTUAL="0" ISACTIVE="0" /><HOUSE ID="126738929" OBJECTID="83576049" OBJECTGUID="051f9ede-b6f1-4b06-a479-bf8e0f3ce201" CHANGEID="600737983" HOUSENUM="5" HOUSETYPE="2" OPERTYPEID="20" PREVID="51744825" UPDATEDATE="2024-09-09" STARTDATE="2024-09-09" ENDDATE="2079-06-06" ISACTUAL="1" ISACTIVE="1" /><HOUSE ID="61758179" OBJECTID="83575607" OBJECTGUID="927d73fa-3449-4c2f-8476-898e987bc7d4" CHANGEID="124151368" HOUSENUM="6" HOUSETYPE="3" OPERTYPEID="20" PREVID="50593290" NEXTID="126738930" UPDATEDATE="2024-09-09" STARTDATE="2017-01-25" ENDDATE="2024-09-09" ISACTUAL="0" ISACTIVE="0" /><HOUSE ID="126738930" OBJECTID="83575607" OBJECTGUID="927d73fa-3449-4c2f-8476-898e987bc7d4" CHANGEID="600737984" HOUSENUM="6" HOUSETYPE="2" OPERTYPEID="20" PREVID="61758179" UPDATEDATE="2024-09-09" STARTDATE="2024-09-09" ENDDATE="2079-06-06" ISACTUAL="1" ISACTIVE="1" /><HOUSE ID="51488801" OBJECTID="83572756" OBJECTGUID="0188f22a-eaef-4dd3-86dc-1f7c6a3b9f4e" CHANGEID="124147258" HOUSENUM="7" HOUSETYPE="3" OPERTYPEID="20" PREVID="50591777" NEXTID="126738931" UPDATEDATE="2024-09-09" STARTDATE="2017-01-25" ENDDATE="2024-09-09" ISACTUAL="0" ISACTIVE="0" /><HOUSE ID="126738931" OBJECTID="83572756" OBJECTGUID="0188f22a-eaef-4dd3-86dc-1f7c6a3b9f4e" CHANGEID="600737985" HOUSENUM="7" HOUSETYPE="2" OPERTYPEID="20" PREVID="51488801" UPDATEDATE="2024-09-09" STARTDATE="2024-09-09" ENDDATE="2079-06-06" ISACTUAL="1" ISACTIVE="1" /><HOUSE ID="126738932" OBJECTID="165117073" OBJECTGUID="8ac5a9e0-2a21-4aa5-8727-47ab7502909d" CHANGEID="600737986" HOUSENUM="3А" HOUSETYPE="5" OPERTYPEID="10" PREVID="0" NEXTID="0" UPDATEDATE="2024-09-09" STARTDATE="2024-09-09" ENDDATE="2079-06-06" ISACTUAL="1" ISACTIVE="1" /><HOUSE ID="126738933" OBJECTID="165117074" OBJECTGUID="0b0e3eb0-7246-4a68-b5cb-3d163f3aa2c6" CHANGEID="600737987" HOUSENUM="3В" HOUSETYPE="5" OPERTYPEID="10" PREVID="0" NEXTID="0" UPDATEDATE="2024-09-09" STARTDATE="2024-09-09" ENDDATE="2079-06-06" ISACTUAL="1" ISACTIVE="1" /><HOUSE ID="126738934" OBJECTID="165117075" OBJECTGUID="c1dbc9bd-469e-4043-aec6-27a32d1d117e" CHANGEID="600737988" HOUSENUM="3" HOUSETYPE="5" OPERTYPEID="10" PREVID="0" NEXTID="0" UPDATEDATE="2024-09-09" STARTDATE="2024-09-09" ENDDATE="2079-06-06" ISACTUAL="1" ISACTIVE="1" /><HOUSE ID="126739009" OBJECTID="165118013" OBJECTGUID="ae996360-a7dd-41eb-a1fa-8446d637f791" CHANGEID="600739582" HOUSENUM="1" HOUSETYPE="3" OPERTYPEID="10" PREVID="0" NEXTID="0" UPDATEDATE="2024-09-09" STARTDATE="2024-09-09" ENDDATE="2079-06-06" ISACTUAL="1" ISACTIVE="1" /><HOUSE ID="126739010" OBJECTID="165118016" OBJECTGUID="c3e82109-e01b-4b19-b576-7df5cea020c8" CHANGEID="600739586" HOUSENUM="16" HOUSETYPE="2" OPERTYPEID="10" PREVID="0" NEXTID="0" UPDATEDATE="2024-09-09" STARTDATE="2024-09-09" ENDDATE="2079-06-06" ISACTUAL="1" ISACTIVE="1" /><HOUSE ID="126739436" OBJECTID="165120500" OBJECTGUID="400da408-a121-4d33-b9bc-5010c13e3378" CHANGEID="600743287" HOUSENUM="523" HOUSETYPE="5" OPERTYPEID="10" PREVID="0" NEXTID="0" UPDATEDATE="2024-09-09" STARTDATE="2024-09-09" ENDDATE="2079-06-06" ISACTUAL="1" ISACTIVE="1" /><HOUSE ID="126739437" OBJECTID="103594313" OBJECTGUID="e17d81ba-18ed-4888-9fa7-7baa788c3415" CHANGEID="600743288" HOUSENUM="35/2" HOUSETYPE="2" OPERTYPEID="20" PREVID="126644769" UPDATEDATE="2024-09-09" STARTDATE="2024-09-09" ENDDATE="2079-06-06" ISACTUAL="1" ISACTIVE="1" /><HOUSE ID="126739438" OBJECTID="165120501" OBJECTGUID="4a018997-32f5-4776-a084-09ba225ed635" CHANGEID="600743290" HOUSENUM="230Б" HOUSETYPE="2" OPERTYPEID="10" PREVID="0" NEXTID="0" UPDATEDATE="2024-09-09" STARTDATE="2024-09-09" ENDDATE="2079-06-06" ISACTUAL="1" ISACTIVE="1" /><HOUSE ID="126739463" OBJECTID="165120545" OBJECTGUID="695acc3b-4980-4ee5-b26d-daacdda4ffaf" CHANGEID="600743527" HOUSENUM="152" HOUSETYPE="5" OPERTYPEID="10" PREVID="0" NEXTID="0" UPDATEDATE="2024-09-09" STARTDATE="2024-09-09" ENDDATE="2079-06-06" ISACTUAL="1" ISACTIVE="1" /><HOUSE ID="126739465" OBJECTID="165120549" OBJECTGUID="f9c5b69c-7700-42c4-8c71-b6814ad4d0b5" CHANGEID="600743531" HOUSENUM="9" HOUSETYPE="5" OPERTYPEID="10" PREVID="0" NEXTID="0" UPDATEDATE="2024-09-09" STARTDATE="2024-09-09" ENDDATE="2079-06-06" ISACTUAL="1" ISACTIVE="1" /><HOUSE ID="126739470" OBJECTID="165120560" OBJECTGUID="cd2e35b3-505d-4556-a46a-955a918d92b1" CHANGEID="600743560" HOUSENUM="34" HOUSETYPE="5" OPERTYPEID="10" PREVID="0" NEXTID="0" UPDATEDATE="2024-09-09" STARTDATE="2024-09-09" ENDDATE="2079-06-06" ISACTUAL="1" ISACTIVE="1" /><HOUSE ID="126739472" OBJECTID="165120562" OBJECTGUID="94011cbd-87b0-4cf9-a2ca-dfeec05293f8" CHANGEID="600743562" HOUSENUM="27" HOUSETYPE="5" OPERTYPEID="10" PREVID="0" NEXTID="0" UPDATEDATE="2024-09-09" STARTDATE="2024-09-09" ENDDATE="2079-06-06" ISACTUAL="1" ISACTIVE="1" /><HOUSE ID="126739473" OBJECTID="165120563" OBJECTGUID="0eba86de-f1c6-4438-b5f4-bbaece9d6ec2" CHANGEID="600743565" HOUSENUM="97" HOUSETYPE="5" OPERTYPEID="10" PREVID="0" NEXTID="0" UPDATEDATE="2024-09-09" STARTDATE="2024-09-09" ENDDATE="2079-06-06" ISACTUAL="1" ISACTIVE="1" /><HOUSE ID="126739478" OBJECTID="165120567" OBJECTGUID="ef9a2bba-093e-4a4f-884c-4550d48413dd" CHANGEID="600743587" HOUSENUM="287" HOUSETYPE="5" OPERTYPEID="10" PREVID="0" NEXTID="0" UPDATEDATE="2024-09-09" STARTDATE="2024-09-09" ENDDATE="2079-06-06" ISACTUAL="1" ISACTIVE="1" /><HOUSE ID="126739481" OBJECTID="165120570" OBJECTGUID="31d5de4e-061c-4ea4-89a6-c38f495ddad3" CHANGEID="600743598" HOUSENUM="147" HOUSETYPE="5" OPERTYPEID="10" PREVID="0" NEXTID="0" UPDATEDATE="2024-09-09" STARTDATE="2024-09-09" ENDDATE="2079-06-06" ISACTUAL="1" ISACTIVE="1" /><HOUSE ID="126739497" OBJECTID="165120584" OBJECTGUID="c8c739dc-0e8f-491f-a241-38fc942b5e22" CHANGEID="600743640" HOUSENUM="17" HOUSETYPE="5" OPERTYPEID="10" PREVID="0" NEXTID="0" UPDATEDATE="2024-09-09" STARTDATE="2024-09-09" ENDDATE="2079-06-06" ISACTUAL="1" ISACTIVE="1" /><HOUSE ID="126739466" OBJECTID="165120552" OBJECTGUID="401977d5-67c8-4edb-81f4-bcd55cd54887" CHANGEID="600743534" HOUSENUM="1" HOUSETYPE="5" OPERTYPEID="10" PREVID="0" NEXTID="0" UPDATEDATE="2024-09-09" STARTDATE="2024-09-09" ENDDATE="2079-06-06" ISACTUAL="1" ISACTIVE="1" /><HOUSE ID="126739467" OBJECTID="165120555" OBJECTGUID="d1d96c62-f392-494c-96d4-ad4d4b037f7b" CHANGEID="600743547" HOUSENUM="534" HOUSETYPE="5" OPERTYPEID="10" PREVID="0" NEXTID="0" UPDATEDATE="2024-09-09" STARTDATE="2024-09-09" ENDDATE="2079-06-06" ISACTUAL="1" ISACTIVE="1" /><HOUSE ID="126739468" OBJECTID="165120557" OBJECTGUID="7ffab7fe-c5c7-4520-8a9a-b73fc7fd7717" CHANGEID="600743549" HOUSENUM="87" HOUSETYPE="5" OPERTYPEID="10" PREVID="0" NEXTID="0" UPDATEDATE="2024-09-09" STARTDATE="2024-09-09" ENDDATE="2079-06-06" ISACTUAL="1" ISACTIVE="1" /><HOUSE ID="126739469" OBJECTID="165120559" OBJECTGUID="fd0745fb-643e-4a81-84b8-cc5a237f5737" CHANGEID="600743559" HOUSENUM="41" HOUSETYPE="5" OPERTYPEID="10" PREVID="0" NEXTID="0" UPDATEDATE="2024-09-09" STARTDATE="2024-09-09" ENDDATE="2079-06-06" ISACTUAL="1" ISACTIVE="1" /><HOUSE ID="126739471" OBJECTID="165120561" OBJECTGUID="1f436848-57b1-4b99-8726-5300d67a4d7a" CHANGEID="600743561" HOUSENUM="31" HOUSETYPE="5" OPERTYPEID="10" PREVID="0" NEXTID="0" UPDATEDATE="2024-09-09" STARTDATE="2024-09-09" ENDDATE="2079-06-06" ISACTUAL="1" ISACTIVE="1" /><HOUSE ID="126739474" OBJECTID="165120564" OBJECTGUID="aed877ff-bd5a-4000-84f3-b5032ca92989" CHANGEID="600743566" HOUSENUM="958" HOUSETYPE="5" OPERTYPEID="10" PREVID="0" NEXTID="0" UPDATEDATE="2024-09-09" STARTDATE="2024-09-09" ENDDATE="2079-06-06" ISACTUAL="1" ISACTIVE="1" /><HOUSE ID="126739475" OBJECTID="165120565" OBJECTGUID="b131caa8-5554-4af0-9433-0dcada6283bd" CHANGEID="600743584" HOUSENUM="432" HOUSETYPE="5" OPERTYPEID="10" PREVID="0" NEXTID="0" UPDATEDATE="2024-09-09" STARTDATE="2024-09-09" ENDDATE="2079-06-06" ISACTUAL="1" ISACTIVE="1" /><HOUSE ID="126739477" OBJECTID="165120566" OBJECTGUID="d395ae8d-7eb0-4aae-a6d0-868089e3b8c2" CHANGEID="600743586" HOUSENUM="825" HOUSETYPE="5" OPERTYPEID="10" PREVID="0" NEXTID="0" UPDATEDATE="2024-09-09" STARTDATE="2024-09-09" ENDDATE="2079-06-06" ISACTUAL="1" ISACTIVE="1" /><HOUSE ID="126739480" OBJECTID="165120569" OBJECTGUID="4316a06e-2f6a-4fc5-91a4-c8e2f5c35f77" CHANGEID="600743597" HOUSENUM="48" HOUSETYPE="5" OPERTYPEID="10" PREVID="0" NEXTID="0" UPDATEDATE="2024-09-09" STARTDATE="2024-09-09" ENDDATE="2079-06-06" ISACTUAL="1" ISACTIVE="1" /><HOUSE ID="126740900" OBJECTID="165126348" OBJECTGUID="bd6e1d89-c199-47af-8a84-5265a3e0b376" CHANGEID="600752076" HOUSENUM="15/39" HOUSETYPE="7" OPERTYPEID="10" PREVID="0" NEXTID="0" UPDATEDATE="2024-09-09" STARTDATE="2024-09-09" ENDDATE="2079-06-06" ISACTUAL="1" ISACTIVE="1" /><HOUSE ID="126740903" OBJECTID="165126352" OBJECTGUID="6e81773b-6b9e-444d-aea7-2ef6c59a4adb" CHANGEID="600752082" HOUSENUM="110/2" HOUSETYPE="2" OPERTYPEID="10" PREVID="0" NEXTID="0" UPDATEDATE="2024-09-09" STARTDATE="2024-09-09" ENDDATE="2079-06-06" ISACTUAL="1" ISACTIVE="1" /><HOUSE ID="126740904" OBJECTID="165126354" OBJECTGUID="7b0bfaa4-ff2c-4980-ab62-7f536f6bd6f0" CHANGEID="600752084" HOUSENUM="1/32" HOUSETYPE="7" OPERTYPEID="10" PREVID="0" NEXTID="0" UPDATEDATE="2024-09-09" STARTDATE="2024-09-09" ENDDATE="2079-06-06" ISACTUAL="1" ISACTIVE="1" /><HOUSE ID="126740899" OBJECTID="165126344" OBJECTGUID="eb5d6320-f838-4fbd-9267-4f926f54eae2" CHANGEID="600752071" HOUSENUM="55" HOUSETYPE="2" OPERTYPEID="10" PREVID="0" NEXTID="0" UPDATEDATE="2024-09-09" STARTDATE="2024-09-09" ENDDATE="2079-06-06" ISACTUAL="1" ISACTIVE="1" /><HOUSE ID="126740902" OBJECTID="165126351" OBJECTGUID="d899a587-266a-46d2-aeea-d1d1610ade90" CHANGEID="600752081" HOUSENUM="110/1" HOUSETYPE="2" OPERTYPEID="10" PREVID="0" NEXTID="0" UPDATEDATE="2024-09-09" STARTDATE="2024-09-09" ENDDATE="2079-06-06" ISACTUAL="1" ISACTIVE="1" /><HOUSE ID="126748221" OBJECTID="52839425" OBJECTGUID="aef683c1-bd79-463c-8f45-7481a76825bb" CHANGEID="600807051" HOUSENUM="12" HOUSETYPE="2" OPERTYPEID="30" PREVID="31560561" NEXTID="0" UPDATEDATE="2024-09-10" STARTDATE="2024-09-10" ENDDATE="2079-06-06" ISACTUAL="1" ISACTIVE="0" /><HOUSE ID="31560561" OBJECTID="52839425" OBJECTGUID="aef683c1-bd79-463c-8f45-7481a76825bb" CHANGEID="79135471" HOUSENUM="12" HOUSETYPE="2" OPERTYPEID="10" PREVID="0" NEXTID="126748221" UPDATEDATE="2024-09-10" STARTDATE="2016-05-27" ENDDATE="2024-09-10" ISACTUAL="0" ISACTIVE="0" /><HOUSE ID="126748223" OBJECTID="165157595" OBJECTGUID="606bea0b-e886-4938-aef2-a82ad36afc51" CHANGEID="600807053" HOUSENUM="30" HOUSETYPE="7" OPERTYPEID="10" PREVID="0" NEXTID="0" UPDATEDATE="2024-09-10" STARTDATE="2024-09-10" ENDDATE="2079-06-06" ISACTUAL="1" ISACTIVE="1" /><HOUSE ID="126748322" OBJECTID="165157736" OBJECTGUID="e333211c-5f81-4bf6-a5c5-bafee24dd0d7" CHANGEID="600807291" HOUSENUM="8И" HOUSETYPE="5" OPERTYPEID="10" PREVID="0" NEXTID="0" UPDATEDATE="2024-09-10" STARTDATE="2024-09-10" ENDDATE="2079-06-06" ISACTUAL="1" ISACTIVE="1" /><HOUSE ID="126749669" OBJECTID="78322552" OBJECTGUID="221bb58f-6527-456c-9e03-9abd089189b9" CHANGEID="600814147" HOUSENUM="1" HOUSETYPE="2" OPERTYPEID="20" PREVID="53796393" UPDATEDATE="2024-09-10" STARTDATE="2024-09-10" ENDDATE="2079-06-06" ISACTUAL="1" ISACTIVE="1" /><HOUSE ID="126749670" OBJECTID="83575032" OBJECTGUID="ed7f1612-87a4-4ad2-a761-6a9705a47451" CHANGEID="600814153" HOUSENUM="4" HOUSETYPE="2" OPERTYPEID="20" PREVID="68203774" UPDATEDATE="2024-09-10" STARTDATE="2024-09-10" ENDDATE="2079-06-06" ISACTUAL="1" ISACTIVE="1" /><HOUSE ID="126750075" OBJECTID="165163379" OBJECTGUID="37dad862-86f1-450a-8412-305818b3ce32" CHANGEID="600816336" HOUSENUM="24" HOUSETYPE="2" OPERTYPEID="10" PREVID="0" NEXTID="0" UPDATEDATE="2024-09-10" STARTDATE="2024-09-10" ENDDATE="2079-06-06" ISACTUAL="1" ISACTIVE="1" /><HOUSE ID="126750077" OBJECTID="165163381" OBJECTGUID="94b28622-8668-4a68-b673-d724be06582e" CHANGEID="600816338" HOUSENUM="4" HOUSETYPE="2" OPERTYPEID="10" PREVID="0" NEXTID="0" UPDATEDATE="2024-09-10" STARTDATE="2024-09-10" ENDDATE="2079-06-06" ISACTUAL="1" ISACTIVE="1" /><HOUSE ID="126750072" OBJECTID="165163377" OBJECTGUID="b6f36c53-5389-4d39-9b94-9bbcf8f3bb53" CHANGEID="600816331" HOUSENUM="4" HOUSETYPE="2" OPERTYPEID="10" PREVID="0" NEXTID="0" UPDATEDATE="2024-09-10" STARTDATE="2024-09-10" ENDDATE="2079-06-06" ISACTUAL="1" ISACTIVE="1" /><HOUSE ID="126750073" OBJECTID="165163378" OBJECTGUID="febe2d94-8daa-48fa-ae26-5ff0c91b71c1" CHANGEID="600816333" HOUSENUM="20" HOUSETYPE="2" OPERTYPEID="10" PREVID="0" NEXTID="0" UPDATEDATE="2024-09-10" STARTDATE="2024-09-10" ENDDATE="2079-06-06" ISACTUAL="1" ISACTIVE="1" /><HOUSE ID="126750076" OBJECTID="165163380" OBJECTGUID="2ddd1368-79ec-47c9-9aaa-401e46b84a32" CHANGEID="600816337" HOUSENUM="9" HOUSETYPE="2" OPERTYPEID="10" PREVID="0" NEXTID="0" UPDATEDATE="2024-09-10" STARTDATE="2024-09-10" ENDDATE="2079-06-06" ISACTUAL="1" ISACTIVE="1" /><HOUSE ID="126750602" OBJECTID="165166154" OBJECTGUID="182de67f-283a-4f0a-b437-a8cb61111d45" CHANGEID="600821163" HOUSENUM="21" HOUSETYPE="2" OPERTYPEID="10" PREVID="0" NEXTID="0" UPDATEDATE="2024-09-10" STARTDATE="2024-09-10" ENDDATE="2079-06-06" ISACTUAL="1" ISACTIVE="1" /><HOUSE ID="126755014" OBJECTID="165186620" OBJECTGUID="5cc4dc13-1ba4-44c9-ba63-00091a12ad33" CHANGEID="600877791" HOUSENUM="517" HOUSETYPE="5" OPERTYPEID="10" PREVID="0" NEXTID="0" UPDATEDATE="2024-09-11" STARTDATE="2024-09-11" ENDDATE="2079-06-06" ISACTUAL="1" ISACTIVE="1" /><HOUSE ID="126755015" OBJECTID="165186622" OBJECTGUID="91bdf04c-eb5d-45b3-a1e9-36dccbfd74ec" CHANGEID="600877793" HOUSENUM="1007" HOUSETYPE="5" OPERTYPEID="10" PREVID="0" NEXTID="0" UPDATEDATE="2024-09-11" STARTDATE="2024-09-11" ENDDATE="2079-06-06" ISACTUAL="1" ISACTIVE="1" /><HOUSE ID="126755016" OBJECTID="165186627" OBJECTGUID="8b4df6e4-8ef9-42c8-9791-8eaf08f0d22c" CHANGEID="600877802" HOUSENUM="34" HOUSETYPE="2" OPERTYPEID="10" PREVID="0" NEXTID="0" UPDATEDATE="2024-09-11" STARTDATE="2024-09-11" ENDDATE="2079-06-06" ISACTUAL="1" ISACTIVE="1" /><HOUSE ID="41022667" OBJECTID="68077805" OBJECTGUID="23579cc5-7d68-43b5-a87a-68e2d9998443" CHANGEID="101483052" HOUSENUM="1" HOUSETYPE="1" OPERTYPEID="10" PREVID="0" NEXTID="126755072" UPDATEDATE="2024-09-11" STARTDATE="1980-01-01" ENDDATE="2024-09-11" ISACTUAL="0" ISACTIVE="0" /><HOUSE ID="126755072" OBJECTID="68077805" OBJECTGUID="23579cc5-7d68-43b5-a87a-68e2d9998443" CHANGEID="600878824" HOUSENUM="1" HOUSETYPE="2" OPERTYPEID="20" PREVID="41022667" UPDATEDATE="2024-09-11" STARTDATE="2024-09-11" ENDDATE="2079-06-06" ISACTUAL="1" ISACTIVE="1" /><HOUSE ID="126755313" OBJECTID="165188378" OBJECTGUID="50020f3c-cb74-4e3c-a0a5-9a3523f0ab2f" CHANGEID="600880189" HOUSENUM="123" HOUSETYPE="7" OPERTYPEID="10" PREVID="0" NEXTID="0" UPDATEDATE="2024-09-11" STARTDATE="2024-09-11" ENDDATE="2079-06-06" ISACTUAL="1" ISACTIVE="1" /><HOUSE ID="126755352" OBJECTID="165188508" OBJECTGUID="dee7e811-b5db-4708-8b32-b70bc9963554" CHANGEID="600880391" HOUSENUM="12" HOUSETYPE="2" OPERTYPEID="10" PREVID="0" NEXTID="0" UPDATEDATE="2024-09-11" STARTDATE="2024-09-11" ENDDATE="2079-06-06" ISACTUAL="1" ISACTIVE="1" /><HOUSE ID="126756869" OBJECTID="165195993" OBJECTGUID="4b696344-63da-49b1-ae1f-acba9e668201" CHANGEID="600890956" HOUSENUM="5" HOUSETYPE="2" OPERTYPEID="10" PREVID="0" NEXTID="0" UPDATEDATE="2024-09-11" STARTDATE="2024-09-11" ENDDATE="2079-06-06" ISACTUAL="1" ISACTIVE="1" /><HOUSE ID="126756871" OBJECTID="165195995" OBJECTGUID="a1456f87-35f4-4bd1-8fac-3949818d42d4" CHANGEID="600890958" HOUSENUM="14" HOUSETYPE="2" OPERTYPEID="10" PREVID="0" NEXTID="0" UPDATEDATE="2024-09-11" STARTDATE="2024-09-11" ENDDATE="2079-06-06" ISACTUAL="1" ISACTIVE="1" /><HOUSE ID="126757559" OBJECTID="165198355" OBJECTGUID="1530ce52-2391-4edd-a643-5f4bdcb5d634" CHANGEID="600894858" HOUSENUM="1" HOUSETYPE="2" OPERTYPEID="10" PREVID="0" NEXTID="0" UPDATEDATE="2024-09-11" STARTDATE="2024-09-11" ENDDATE="2079-06-06" ISACTUAL="1" ISACTIVE="1" /><HOUSE ID="126757821" OBJECTID="165200834" OBJECTGUID="3e8ae9dd-79fc-47cb-a661-1bdd59fc8878" CHANGEID="600898089" HOUSENUM="14" HOUSETYPE="2" OPERTYPEID="10" PREVID="0" NEXTID="0" UPDATEDATE="2024-09-11" STARTDATE="2024-09-11" ENDDATE="2079-06-06" ISACTUAL="1" ISACTIVE="1" /><HOUSE ID="126757822" OBJECTID="165200836" OBJECTGUID="624225ee-84eb-4239-86ca-f990ab03c2a7" CHANGEID="600898092" HOUSENUM="70" HOUSETYPE="2" OPERTYPEID="10" PREVID="0" NEXTID="0" UPDATEDATE="2024-09-11" STARTDATE="2024-09-11" ENDDATE="2079-06-06" ISACTUAL="1" ISACTIVE="1" /><HOUSE ID="126757824" OBJECTID="165200837" OBJECTGUID="4744e17f-948f-423f-a8fa-3c7ee54b2eaa" CHANGEID="600898094" HOUSENUM="53" HOUSETYPE="2" OPERTYPEID="10" PREVID="0" NEXTID="0" UPDATEDATE="2024-09-11" STARTDATE="2024-09-11" ENDDATE="2079-06-06" ISACTUAL="1" ISACTIVE="1" /></HOUSES>