﻿<?xml version="1.0" encoding="utf-8"?><STEADS><STEAD ID="13826011" OBJECTID="100733709" OBJECTGUID="0955af9e-d769-4a1d-89be-cfc4bd4154ea" CHANGEID="183868738" NUMBER="31" OPERTYPEID="10" PREVID="0" NEXTID="68629348" UPDATEDATE="2024-09-06" STARTDATE="2021-03-29" ENDDATE="2024-09-06" ISACTUAL="0" ISACTIVE="0" /><STEAD ID="68260296" OBJECTID="164123784" OBJECTGUID="668cd8f3-ee6a-4a9e-bbb8-ebe200682ff5" CHANGEID="597733240" NUMBER="26А/1" OPERTYPEID="10" PREVID="0" NEXTID="68628364" UPDATEDATE="2024-09-06" STARTDATE="2024-07-04" ENDDATE="2024-09-06" ISACTUAL="0" ISACTIVE="0" /><STEAD ID="68611881" OBJECTID="165057669" OBJECTGUID="0592004f-f1f7-46f2-b763-f96b9f22f67d" CHANGEID="600507705" NUMBER="7" OPERTYPEID="10" PREVID="0" NEXTID="0" UPDATEDATE="2024-09-05" STARTDATE="2024-09-05" ENDDATE="2079-06-06" ISACTUAL="1" ISACTIVE="1" /><STEAD ID="68611882" OBJECTID="165057670" OBJECTGUID="05521bb8-dbc0-456b-916e-b4db06591833" CHANGEID="600507706" NUMBER="1А" OPERTYPEID="10" PREVID="0" NEXTID="0" UPDATEDATE="2024-09-05" STARTDATE="2024-09-05" ENDDATE="2079-06-06" ISACTUAL="1" ISACTIVE="1" /><STEAD ID="68611884" OBJECTID="165057673" OBJECTGUID="b7e45ce3-6452-4e6f-b08d-9258dabb35fc" CHANGEID="600507709" NUMBER="1Б" OPERTYPEID="10" PREVID="0" NEXTID="0" UPDATEDATE="2024-09-05" STARTDATE="2024-09-05" ENDDATE="2079-06-06" ISACTUAL="1" ISACTIVE="1" /><STEAD ID="68611885" OBJECTID="165057674" OBJECTGUID="88c7b301-9093-475b-99de-66f37cfa2312" CHANGEID="600507710" NUMBER="1/1" OPERTYPEID="10" PREVID="0" NEXTID="0" UPDATEDATE="2024-09-05" STARTDATE="2024-09-05" ENDDATE="2079-06-06" ISACTUAL="1" ISACTIVE="1" /><STEAD ID="68611886" OBJECTID="165057676" OBJECTGUID="e2fc01ee-f49d-4f79-bcab-4392b5bdcb7a" CHANGEID="600507712" NUMBER="1/2" OPERTYPEID="10" PREVID="0" NEXTID="0" UPDATEDATE="2024-09-05" STARTDATE="2024-09-05" ENDDATE="2079-06-06" ISACTUAL="1" ISACTIVE="1" /><STEAD ID="68611887" OBJECTID="165057678" OBJECTGUID="e53ba9c2-bb07-41c9-bd24-cbb515121975" CHANGEID="600507714" NUMBER="2" OPERTYPEID="10" PREVID="0" NEXTID="0" UPDATEDATE="2024-09-05" STARTDATE="2024-09-05" ENDDATE="2079-06-06" ISACTUAL="1" ISACTIVE="1" /><STEAD ID="68611888" OBJECTID="165057679" OBJECTGUID="01c36656-d0d8-4109-a71f-19bec5ac3b34" CHANGEID="600507715" NUMBER="4" OPERTYPEID="10" PREVID="0" NEXTID="0" UPDATEDATE="2024-09-05" STARTDATE="2024-09-05" ENDDATE="2079-06-06" ISACTUAL="1" ISACTIVE="1" /><STEAD ID="68611889" OBJECTID="165057681" OBJECTGUID="a10ddf21-7e2e-4b17-9269-27d99efce89e" CHANGEID="600507717" NUMBER="8" OPERTYPEID="10" PREVID="0" NEXTID="0" UPDATEDATE="2024-09-05" STARTDATE="2024-09-05" ENDDATE="2079-06-06" ISACTUAL="1" ISACTIVE="1" /><STEAD ID="68611890" OBJECTID="165057685" OBJECTGUID="00f1d006-701d-4a4c-9260-0f58e0601aa1" CHANGEID="600507722" NUMBER="2" OPERTYPEID="10" PREVID="0" NEXTID="0" UPDATEDATE="2024-09-05" STARTDATE="2024-09-05" ENDDATE="2079-06-06" ISACTUAL="1" ISACTIVE="1" /><STEAD ID="68612343" OBJECTID="165058414" OBJECTGUID="598d7082-4742-4497-84e9-d171e73f87c6" CHANGEID="600508720" NUMBER="3" OPERTYPEID="10" PREVID="0" NEXTID="0" UPDATEDATE="2024-09-05" STARTDATE="2024-09-05" ENDDATE="2079-06-06" ISACTUAL="1" ISACTIVE="1" /><STEAD ID="68612344" OBJECTID="165058415" OBJECTGUID="3021d415-2ac8-4e0d-a959-6ddf7ca09176" CHANGEID="600508721" NUMBER="4" OPERTYPEID="10" PREVID="0" NEXTID="0" UPDATEDATE="2024-09-05" STARTDATE="2024-09-05" ENDDATE="2079-06-06" ISACTUAL="1" ISACTIVE="1" /><STEAD ID="68612345" OBJECTID="165058416" OBJECTGUID="6e30ffdc-9dfa-4eee-8610-e04297d05029" CHANGEID="600508722" NUMBER="7/1" OPERTYPEID="10" PREVID="0" NEXTID="0" UPDATEDATE="2024-09-05" STARTDATE="2024-09-05" ENDDATE="2079-06-06" ISACTUAL="1" ISACTIVE="1" /><STEAD ID="68612346" OBJECTID="165058417" OBJECTGUID="b5dff766-91b4-412b-8e9b-5fc102b56759" CHANGEID="600508723" NUMBER="7/2" OPERTYPEID="10" PREVID="0" NEXTID="0" UPDATEDATE="2024-09-05" STARTDATE="2024-09-05" ENDDATE="2079-06-06" ISACTUAL="1" ISACTIVE="1" /><STEAD ID="68612347" OBJECTID="165058418" OBJECTGUID="810f0bde-bba0-48eb-ab8d-f1e6bbbe1848" CHANGEID="600508724" NUMBER="8" OPERTYPEID="10" PREVID="0" NEXTID="0" UPDATEDATE="2024-09-05" STARTDATE="2024-09-05" ENDDATE="2079-06-06" ISACTUAL="1" ISACTIVE="1" /><STEAD ID="68612348" OBJECTID="165058419" OBJECTGUID="879e30d5-5922-43a3-8275-fa861b44cb40" CHANGEID="600508725" NUMBER="9/1" OPERTYPEID="10" PREVID="0" NEXTID="0" UPDATEDATE="2024-09-05" STARTDATE="2024-09-05" ENDDATE="2079-06-06" ISACTUAL="1" ISACTIVE="1" /><STEAD ID="68612349" OBJECTID="165058420" OBJECTGUID="33fb5a05-8a77-4532-a8f2-1f1b0269b3d7" CHANGEID="600508726" NUMBER="9/2" OPERTYPEID="10" PREVID="0" NEXTID="0" UPDATEDATE="2024-09-05" STARTDATE="2024-09-05" ENDDATE="2079-06-06" ISACTUAL="1" ISACTIVE="1" /><STEAD ID="68612350" OBJECTID="165058421" OBJECTGUID="d1d6672e-2e26-4931-8d09-dc5dc1f185b0" CHANGEID="600508727" NUMBER="10А" OPERTYPEID="10" PREVID="0" NEXTID="0" UPDATEDATE="2024-09-05" STARTDATE="2024-09-05" ENDDATE="2079-06-06" ISACTUAL="1" ISACTIVE="1" /><STEAD ID="68612351" OBJECTID="165058422" OBJECTGUID="9c39c8d0-e40a-4545-952c-399699110df6" CHANGEID="600508728" NUMBER="11" OPERTYPEID="10" PREVID="0" NEXTID="0" UPDATEDATE="2024-09-05" STARTDATE="2024-09-05" ENDDATE="2079-06-06" ISACTUAL="1" ISACTIVE="1" /><STEAD ID="68612352" OBJECTID="165058423" OBJECTGUID="969f8e62-7f9a-4206-bc8e-b8d5a62f0af4" CHANGEID="600508729" NUMBER="13" OPERTYPEID="10" PREVID="0" NEXTID="0" UPDATEDATE="2024-09-05" STARTDATE="2024-09-05" ENDDATE="2079-06-06" ISACTUAL="1" ISACTIVE="1" /><STEAD ID="68612353" OBJECTID="165058424" OBJECTGUID="f0bd08cc-cb6f-49d9-8120-547409cedff8" CHANGEID="600508730" NUMBER="14" OPERTYPEID="10" PREVID="0" NEXTID="0" UPDATEDATE="2024-09-05" STARTDATE="2024-09-05" ENDDATE="2079-06-06" ISACTUAL="1" ISACTIVE="1" /><STEAD ID="68612354" OBJECTID="165058425" OBJECTGUID="06b07f86-e2df-4e2c-af0f-94a76c567eaf" CHANGEID="600508731" NUMBER="15" OPERTYPEID="10" PREVID="0" NEXTID="0" UPDATEDATE="2024-09-05" STARTDATE="2024-09-05" ENDDATE="2079-06-06" ISACTUAL="1" ISACTIVE="1" /><STEAD ID="68612355" OBJECTID="165058447" OBJECTGUID="677ba7d9-b6d4-4ac6-b342-cb57406b72d0" CHANGEID="600508762" NUMBER="16/1" OPERTYPEID="10" PREVID="0" NEXTID="0" UPDATEDATE="2024-09-05" STARTDATE="2024-09-05" ENDDATE="2079-06-06" ISACTUAL="1" ISACTIVE="1" /><STEAD ID="68612356" OBJECTID="165058448" OBJECTGUID="800e4864-8b7a-4621-82f7-cc0939ab122d" CHANGEID="600508763" NUMBER="16/2" OPERTYPEID="10" PREVID="0" NEXTID="0" UPDATEDATE="2024-09-05" STARTDATE="2024-09-05" ENDDATE="2079-06-06" ISACTUAL="1" ISACTIVE="1" /><STEAD ID="68612357" OBJECTID="165058449" OBJECTGUID="698d35cd-0faf-4357-8a8a-d63d2761b778" CHANGEID="600508765" NUMBER="17" OPERTYPEID="10" PREVID="0" NEXTID="0" UPDATEDATE="2024-09-05" STARTDATE="2024-09-05" ENDDATE="2079-06-06" ISACTUAL="1" ISACTIVE="1" /><STEAD ID="68612358" OBJECTID="165058450" OBJECTGUID="d150e736-6c67-49b0-b52e-9d3e715402c5" CHANGEID="600508766" NUMBER="18" OPERTYPEID="10" PREVID="0" NEXTID="0" UPDATEDATE="2024-09-05" STARTDATE="2024-09-05" ENDDATE="2079-06-06" ISACTUAL="1" ISACTIVE="1" /><STEAD ID="68612359" OBJECTID="165058451" OBJECTGUID="e1e0f2a4-de68-4854-a55c-b3e6a8de4adf" CHANGEID="600508767" NUMBER="19" OPERTYPEID="10" PREVID="0" NEXTID="0" UPDATEDATE="2024-09-05" STARTDATE="2024-09-05" ENDDATE="2079-06-06" ISACTUAL="1" ISACTIVE="1" /><STEAD ID="68612360" OBJECTID="165058452" OBJECTGUID="505d4953-b95e-45b6-90df-1077bf903c7b" CHANGEID="600508768" NUMBER="19А" OPERTYPEID="10" PREVID="0" NEXTID="0" UPDATEDATE="2024-09-05" STARTDATE="2024-09-05" ENDDATE="2079-06-06" ISACTUAL="1" ISACTIVE="1" /><STEAD ID="68612361" OBJECTID="165058453" OBJECTGUID="6d79dce7-235c-4957-ac9e-7480e8a5e1f9" CHANGEID="600508769" NUMBER="20" OPERTYPEID="10" PREVID="0" NEXTID="0" UPDATEDATE="2024-09-05" STARTDATE="2024-09-05" ENDDATE="2079-06-06" ISACTUAL="1" ISACTIVE="1" /><STEAD ID="68612362" OBJECTID="165058454" OBJECTGUID="22d095bc-2217-409e-9e6b-d641cd7be8eb" CHANGEID="600508771" NUMBER="21" OPERTYPEID="10" PREVID="0" NEXTID="0" UPDATEDATE="2024-09-05" STARTDATE="2024-09-05" ENDDATE="2079-06-06" ISACTUAL="1" ISACTIVE="1" /><STEAD ID="68612363" OBJECTID="165058455" OBJECTGUID="16bbe977-10b5-4721-a995-74c0a2d89062" CHANGEID="600508772" NUMBER="23" OPERTYPEID="10" PREVID="0" NEXTID="0" UPDATEDATE="2024-09-05" STARTDATE="2024-09-05" ENDDATE="2079-06-06" ISACTUAL="1" ISACTIVE="1" /><STEAD ID="68612364" OBJECTID="165058456" OBJECTGUID="9ee338f7-b68f-48d9-8af9-81df1bed7d00" CHANGEID="600508773" NUMBER="24" OPERTYPEID="10" PREVID="0" NEXTID="0" UPDATEDATE="2024-09-05" STARTDATE="2024-09-05" ENDDATE="2079-06-06" ISACTUAL="1" ISACTIVE="1" /><STEAD ID="68612365" OBJECTID="165058457" OBJECTGUID="2cf7f9b5-8fce-4c62-a2bb-62ff684c8830" CHANGEID="600508774" NUMBER="25/1" OPERTYPEID="10" PREVID="0" NEXTID="0" UPDATEDATE="2024-09-05" STARTDATE="2024-09-05" ENDDATE="2079-06-06" ISACTUAL="1" ISACTIVE="1" /><STEAD ID="68612366" OBJECTID="165058459" OBJECTGUID="7b88a6a2-b94b-429d-ba5c-c30f0d62c286" CHANGEID="600508777" NUMBER="25/2" OPERTYPEID="10" PREVID="0" NEXTID="0" UPDATEDATE="2024-09-05" STARTDATE="2024-09-05" ENDDATE="2079-06-06" ISACTUAL="1" ISACTIVE="1" /><STEAD ID="68612367" OBJECTID="165058460" OBJECTGUID="ca54b31a-9f7f-4c3b-8adc-d3142bb16118" CHANGEID="600508778" NUMBER="26" OPERTYPEID="10" PREVID="0" NEXTID="0" UPDATEDATE="2024-09-05" STARTDATE="2024-09-05" ENDDATE="2079-06-06" ISACTUAL="1" ISACTIVE="1" /><STEAD ID="68612369" OBJECTID="165058462" OBJECTGUID="7f36e8a9-8419-4d80-bd26-1b4418af0b51" CHANGEID="600508780" NUMBER="27А" OPERTYPEID="10" PREVID="0" NEXTID="0" UPDATEDATE="2024-09-05" STARTDATE="2024-09-05" ENDDATE="2079-06-06" ISACTUAL="1" ISACTIVE="1" /><STEAD ID="68612371" OBJECTID="165058464" OBJECTGUID="5b10252e-8223-4ea8-a7dc-8f143d409250" CHANGEID="600508782" NUMBER="29" OPERTYPEID="10" PREVID="0" NEXTID="0" UPDATEDATE="2024-09-05" STARTDATE="2024-09-05" ENDDATE="2079-06-06" ISACTUAL="1" ISACTIVE="1" /><STEAD ID="68612374" OBJECTID="165058467" OBJECTGUID="2185c601-0273-43bb-abc4-dcf648ab6260" CHANGEID="600508788" NUMBER="33" OPERTYPEID="10" PREVID="0" NEXTID="0" UPDATEDATE="2024-09-05" STARTDATE="2024-09-05" ENDDATE="2079-06-06" ISACTUAL="1" ISACTIVE="1" /><STEAD ID="68612376" OBJECTID="165058469" OBJECTGUID="246515a3-c8e4-411b-8eb8-5cb5a5efc3b6" CHANGEID="600508790" NUMBER="35" OPERTYPEID="10" PREVID="0" NEXTID="0" UPDATEDATE="2024-09-05" STARTDATE="2024-09-05" ENDDATE="2079-06-06" ISACTUAL="1" ISACTIVE="1" /><STEAD ID="68612377" OBJECTID="165058470" OBJECTGUID="ab92b3d6-f7ac-4461-8998-31e6d77b9e93" CHANGEID="600508792" NUMBER="36" OPERTYPEID="10" PREVID="0" NEXTID="0" UPDATEDATE="2024-09-05" STARTDATE="2024-09-05" ENDDATE="2079-06-06" ISACTUAL="1" ISACTIVE="1" /><STEAD ID="68612381" OBJECTID="165058474" OBJECTGUID="ca7e6e9b-53c3-40e8-87c3-de2aee1f8f71" CHANGEID="600508800" NUMBER="41" OPERTYPEID="10" PREVID="0" NEXTID="0" UPDATEDATE="2024-09-05" STARTDATE="2024-09-05" ENDDATE="2079-06-06" ISACTUAL="1" ISACTIVE="1" /><STEAD ID="68612385" OBJECTID="165058478" OBJECTGUID="db589d35-233f-48a3-83a2-e1c749022857" CHANGEID="600508804" NUMBER="45" OPERTYPEID="10" PREVID="0" NEXTID="0" UPDATEDATE="2024-09-05" STARTDATE="2024-09-05" ENDDATE="2079-06-06" ISACTUAL="1" ISACTIVE="1" /><STEAD ID="68612387" OBJECTID="165058480" OBJECTGUID="873c39a2-34cb-4e6c-baac-fc35b4ff284d" CHANGEID="600508806" NUMBER="47" OPERTYPEID="10" PREVID="0" NEXTID="0" UPDATEDATE="2024-09-05" STARTDATE="2024-09-05" ENDDATE="2079-06-06" ISACTUAL="1" ISACTIVE="1" /><STEAD ID="68612390" OBJECTID="165058484" OBJECTGUID="48d0b0de-734b-4800-b270-6939d5e0d542" CHANGEID="600508810" NUMBER="50" OPERTYPEID="10" PREVID="0" NEXTID="0" UPDATEDATE="2024-09-05" STARTDATE="2024-09-05" ENDDATE="2079-06-06" ISACTUAL="1" ISACTIVE="1" /><STEAD ID="68612368" OBJECTID="165058461" OBJECTGUID="be4f00ee-bf9c-4b57-ae53-8d10b3d70bcc" CHANGEID="600508779" NUMBER="27" OPERTYPEID="10" PREVID="0" NEXTID="0" UPDATEDATE="2024-09-05" STARTDATE="2024-09-05" ENDDATE="2079-06-06" ISACTUAL="1" ISACTIVE="1" /><STEAD ID="68612370" OBJECTID="165058463" OBJECTGUID="65b8ec9e-3863-48ad-90f7-fcfe1b6d86ff" CHANGEID="600508781" NUMBER="28" OPERTYPEID="10" PREVID="0" NEXTID="0" UPDATEDATE="2024-09-05" STARTDATE="2024-09-05" ENDDATE="2079-06-06" ISACTUAL="1" ISACTIVE="1" /><STEAD ID="68612372" OBJECTID="165058465" OBJECTGUID="ff7f5a7e-e018-4d68-a83f-0fdb9b0232f2" CHANGEID="600508785" NUMBER="30" OPERTYPEID="10" PREVID="0" NEXTID="0" UPDATEDATE="2024-09-05" STARTDATE="2024-09-05" ENDDATE="2079-06-06" ISACTUAL="1" ISACTIVE="1" /><STEAD ID="68612373" OBJECTID="165058466" OBJECTGUID="7df65bfe-851b-4830-9975-f9738389a0ae" CHANGEID="600508787" NUMBER="32" OPERTYPEID="10" PREVID="0" NEXTID="0" UPDATEDATE="2024-09-05" STARTDATE="2024-09-05" ENDDATE="2079-06-06" ISACTUAL="1" ISACTIVE="1" /><STEAD ID="68612375" OBJECTID="165058468" OBJECTGUID="ae785f56-0259-441b-b230-a1bcc20f9e9f" CHANGEID="600508789" NUMBER="34" OPERTYPEID="10" PREVID="0" NEXTID="0" UPDATEDATE="2024-09-05" STARTDATE="2024-09-05" ENDDATE="2079-06-06" ISACTUAL="1" ISACTIVE="1" /><STEAD ID="68612378" OBJECTID="165058471" OBJECTGUID="8860b140-2686-42f9-b447-308ca0ae899a" CHANGEID="600508795" NUMBER="38" OPERTYPEID="10" PREVID="0" NEXTID="0" UPDATEDATE="2024-09-05" STARTDATE="2024-09-05" ENDDATE="2079-06-06" ISACTUAL="1" ISACTIVE="1" /><STEAD ID="68612379" OBJECTID="165058472" OBJECTGUID="47e6ee60-2749-48fc-8996-8ea4be86b73a" CHANGEID="600508797" NUMBER="39" OPERTYPEID="10" PREVID="0" NEXTID="0" UPDATEDATE="2024-09-05" STARTDATE="2024-09-05" ENDDATE="2079-06-06" ISACTUAL="1" ISACTIVE="1" /><STEAD ID="68612380" OBJECTID="165058473" OBJECTGUID="8a5875c1-d4d9-4e4a-a4f5-8af5db391d35" CHANGEID="600508799" NUMBER="40" OPERTYPEID="10" PREVID="0" NEXTID="0" UPDATEDATE="2024-09-05" STARTDATE="2024-09-05" ENDDATE="2079-06-06" ISACTUAL="1" ISACTIVE="1" /><STEAD ID="68612382" OBJECTID="165058475" OBJECTGUID="c0fd91da-7d00-4c94-99da-81dcfea7599c" CHANGEID="600508801" NUMBER="42" OPERTYPEID="10" PREVID="0" NEXTID="0" UPDATEDATE="2024-09-05" STARTDATE="2024-09-05" ENDDATE="2079-06-06" ISACTUAL="1" ISACTIVE="1" /><STEAD ID="68612383" OBJECTID="165058476" OBJECTGUID="873ec209-3e43-4f94-ac1c-b4eb6d1ffae5" CHANGEID="600508802" NUMBER="43" OPERTYPEID="10" PREVID="0" NEXTID="0" UPDATEDATE="2024-09-05" STARTDATE="2024-09-05" ENDDATE="2079-06-06" ISACTUAL="1" ISACTIVE="1" /><STEAD ID="68612384" OBJECTID="165058477" OBJECTGUID="e7742b80-7462-48c6-b458-62d384d22d7f" CHANGEID="600508803" NUMBER="44" OPERTYPEID="10" PREVID="0" NEXTID="0" UPDATEDATE="2024-09-05" STARTDATE="2024-09-05" ENDDATE="2079-06-06" ISACTUAL="1" ISACTIVE="1" /><STEAD ID="68612386" OBJECTID="165058479" OBJECTGUID="96e6f3df-8f76-4152-8b33-c2428036b408" CHANGEID="600508805" NUMBER="46" OPERTYPEID="10" PREVID="0" NEXTID="0" UPDATEDATE="2024-09-05" STARTDATE="2024-09-05" ENDDATE="2079-06-06" ISACTUAL="1" ISACTIVE="1" /><STEAD ID="68612388" OBJECTID="165058481" OBJECTGUID="c53897db-2ed2-42ed-9018-70fbff16fb56" CHANGEID="600508807" NUMBER="48" OPERTYPEID="10" PREVID="0" NEXTID="0" UPDATEDATE="2024-09-05" STARTDATE="2024-09-05" ENDDATE="2079-06-06" ISACTUAL="1" ISACTIVE="1" /><STEAD ID="68612389" OBJECTID="165058483" OBJECTGUID="71eb58c8-9b16-4c82-ba1d-a4bab2bb7120" CHANGEID="600508809" NUMBER="49" OPERTYPEID="10" PREVID="0" NEXTID="0" UPDATEDATE="2024-09-05" STARTDATE="2024-09-05" ENDDATE="2079-06-06" ISACTUAL="1" ISACTIVE="1" /><STEAD ID="68612391" OBJECTID="165058485" OBJECTGUID="cf1500df-2026-4b5c-a798-b27180cca258" CHANGEID="600508811" NUMBER="51" OPERTYPEID="10" PREVID="0" NEXTID="0" UPDATEDATE="2024-09-05" STARTDATE="2024-09-05" ENDDATE="2079-06-06" ISACTUAL="1" ISACTIVE="1" /><STEAD ID="68612437" OBJECTID="165058568" OBJECTGUID="c82301b2-2f70-4218-875a-38c44bc8791c" CHANGEID="600508936" NUMBER="52" OPERTYPEID="10" PREVID="0" NEXTID="0" UPDATEDATE="2024-09-05" STARTDATE="2024-09-05" ENDDATE="2079-06-06" ISACTUAL="1" ISACTIVE="1" /><STEAD ID="68612438" OBJECTID="165058571" OBJECTGUID="d1aef1c8-0018-44d4-b58d-25e43170a713" CHANGEID="600508939" NUMBER="53" OPERTYPEID="10" PREVID="0" NEXTID="0" UPDATEDATE="2024-09-05" STARTDATE="2024-09-05" ENDDATE="2079-06-06" ISACTUAL="1" ISACTIVE="1" /><STEAD ID="68612439" OBJECTID="165058574" OBJECTGUID="f5a8251d-89b8-4249-8aab-ccb20da6d6b2" CHANGEID="600508942" NUMBER="54" OPERTYPEID="10" PREVID="0" NEXTID="0" UPDATEDATE="2024-09-05" STARTDATE="2024-09-05" ENDDATE="2079-06-06" ISACTUAL="1" ISACTIVE="1" /><STEAD ID="68612440" OBJECTID="165058575" OBJECTGUID="b8812bad-906b-4738-b099-98221e6f4c87" CHANGEID="600508943" NUMBER="55" OPERTYPEID="10" PREVID="0" NEXTID="0" UPDATEDATE="2024-09-05" STARTDATE="2024-09-05" ENDDATE="2079-06-06" ISACTUAL="1" ISACTIVE="1" /><STEAD ID="68612442" OBJECTID="165058577" OBJECTGUID="91418395-339a-427f-a1e3-7ce47a7025bb" CHANGEID="600508945" NUMBER="56" OPERTYPEID="10" PREVID="0" NEXTID="0" UPDATEDATE="2024-09-05" STARTDATE="2024-09-05" ENDDATE="2079-06-06" ISACTUAL="1" ISACTIVE="1" /><STEAD ID="68612443" OBJECTID="165058578" OBJECTGUID="3ea983ac-055d-4a36-a230-554da1848c9e" CHANGEID="600508946" NUMBER="57/1" OPERTYPEID="10" PREVID="0" NEXTID="0" UPDATEDATE="2024-09-05" STARTDATE="2024-09-05" ENDDATE="2079-06-06" ISACTUAL="1" ISACTIVE="1" /><STEAD ID="68612444" OBJECTID="165058579" OBJECTGUID="1429f88c-5449-489d-a9a3-e07d8d472edb" CHANGEID="600508948" NUMBER="57/2" OPERTYPEID="10" PREVID="0" NEXTID="0" UPDATEDATE="2024-09-05" STARTDATE="2024-09-05" ENDDATE="2079-06-06" ISACTUAL="1" ISACTIVE="1" /><STEAD ID="68612445" OBJECTID="165058580" OBJECTGUID="052b6df8-5433-4686-88f6-8525d376867c" CHANGEID="600508949" NUMBER="58" OPERTYPEID="10" PREVID="0" NEXTID="0" UPDATEDATE="2024-09-05" STARTDATE="2024-09-05" ENDDATE="2079-06-06" ISACTUAL="1" ISACTIVE="1" /><STEAD ID="68612446" OBJECTID="165058581" OBJECTGUID="152208d9-d8fc-4668-84f7-acb05752efaf" CHANGEID="600508951" NUMBER="60" OPERTYPEID="10" PREVID="0" NEXTID="0" UPDATEDATE="2024-09-05" STARTDATE="2024-09-05" ENDDATE="2079-06-06" ISACTUAL="1" ISACTIVE="1" /><STEAD ID="68612447" OBJECTID="165058582" OBJECTGUID="3b7e25a0-e48f-44e5-a72c-a16de65a77cc" CHANGEID="600508954" NUMBER="61" OPERTYPEID="10" PREVID="0" NEXTID="0" UPDATEDATE="2024-09-05" STARTDATE="2024-09-05" ENDDATE="2079-06-06" ISACTUAL="1" ISACTIVE="1" /><STEAD ID="68613116" OBJECTID="165059396" OBJECTGUID="7fdccc46-ef12-4af8-b76d-1b0b84115403" CHANGEID="600510003" NUMBER="62" OPERTYPEID="10" PREVID="0" NEXTID="0" UPDATEDATE="2024-09-05" STARTDATE="2024-09-05" ENDDATE="2079-06-06" ISACTUAL="1" ISACTIVE="1" /><STEAD ID="68613117" OBJECTID="165059397" OBJECTGUID="fae38413-2a6c-42b7-9483-b5ba89c75ad5" CHANGEID="600510004" NUMBER="62Б" OPERTYPEID="10" PREVID="0" NEXTID="0" UPDATEDATE="2024-09-05" STARTDATE="2024-09-05" ENDDATE="2079-06-06" ISACTUAL="1" ISACTIVE="1" /><STEAD ID="68614636" OBJECTID="165061427" OBJECTGUID="85d23f2d-220a-4591-9ad9-55244584c1b5" CHANGEID="600513077" NUMBER="52" OPERTYPEID="10" PREVID="0" NEXTID="0" UPDATEDATE="2024-09-05" STARTDATE="2024-09-05" ENDDATE="2079-06-06" ISACTUAL="1" ISACTIVE="1" /><STEAD ID="68614637" OBJECTID="165061428" OBJECTGUID="c2c10924-f9b8-4f1d-bea6-e26fc4b34c79" CHANGEID="600513079" NUMBER="12А" OPERTYPEID="10" PREVID="0" NEXTID="0" UPDATEDATE="2024-09-05" STARTDATE="2024-09-05" ENDDATE="2079-06-06" ISACTUAL="1" ISACTIVE="1" /><STEAD ID="68614639" OBJECTID="165061430" OBJECTGUID="c7a0ddd1-8f9c-4310-862e-f26580603c6a" CHANGEID="600513081" NUMBER="39Б" OPERTYPEID="10" PREVID="0" NEXTID="0" UPDATEDATE="2024-09-05" STARTDATE="2024-09-05" ENDDATE="2079-06-06" ISACTUAL="1" ISACTIVE="1" /><STEAD ID="68614638" OBJECTID="165061429" OBJECTGUID="81af4861-b02d-4f44-9d88-fe85bf9e665f" CHANGEID="600513080" NUMBER="39А" OPERTYPEID="10" PREVID="0" NEXTID="0" UPDATEDATE="2024-09-05" STARTDATE="2024-09-05" ENDDATE="2079-06-06" ISACTUAL="1" ISACTIVE="1" /><STEAD ID="68615874" OBJECTID="165063702" OBJECTGUID="b8909127-076c-49a7-90d4-852c62b0a2d7" CHANGEID="600516741" NUMBER="31А" OPERTYPEID="10" PREVID="0" NEXTID="0" UPDATEDATE="2024-09-05" STARTDATE="2024-09-05" ENDDATE="2079-06-06" ISACTUAL="1" ISACTIVE="1" /><STEAD ID="68616482" OBJECTID="165064901" OBJECTGUID="3beae4e0-0001-4a70-a03d-c600b8960a56" CHANGEID="600518857" NUMBER="27" OPERTYPEID="10" PREVID="0" NEXTID="0" UPDATEDATE="2024-09-05" STARTDATE="2024-09-05" ENDDATE="2079-06-06" ISACTUAL="1" ISACTIVE="1" /><STEAD ID="68616509" OBJECTID="165064938" OBJECTGUID="207dd1d1-bd59-4610-8b55-7266af7ac9b8" CHANGEID="600518908" NUMBER="9" OPERTYPEID="10" PREVID="0" NEXTID="0" UPDATEDATE="2024-09-05" STARTDATE="2024-09-05" ENDDATE="2079-06-06" ISACTUAL="1" ISACTIVE="1" /><STEAD ID="68616510" OBJECTID="165064943" OBJECTGUID="87e967cb-08da-4ff5-9e73-0c18ea11a84a" CHANGEID="600518913" NUMBER="7" OPERTYPEID="10" PREVID="0" NEXTID="0" UPDATEDATE="2024-09-05" STARTDATE="2024-09-05" ENDDATE="2079-06-06" ISACTUAL="1" ISACTIVE="1" /><STEAD ID="68616512" OBJECTID="165064947" OBJECTGUID="bcebde31-93ab-42bd-b467-97be481ff52d" CHANGEID="600518918" NUMBER="18" OPERTYPEID="10" PREVID="0" NEXTID="0" UPDATEDATE="2024-09-05" STARTDATE="2024-09-05" ENDDATE="2079-06-06" ISACTUAL="1" ISACTIVE="1" /><STEAD ID="68616513" OBJECTID="165064955" OBJECTGUID="b2058dae-8d13-43d6-b138-d9816cd9fd12" CHANGEID="600518946" NUMBER="15" OPERTYPEID="10" PREVID="0" NEXTID="0" UPDATEDATE="2024-09-05" STARTDATE="2024-09-05" ENDDATE="2079-06-06" ISACTUAL="1" ISACTIVE="1" /><STEAD ID="68616515" OBJECTID="165064957" OBJECTGUID="0d588737-5020-4719-9bc7-cd081cb2a0b3" CHANGEID="600518950" NUMBER="21" OPERTYPEID="10" PREVID="0" NEXTID="0" UPDATEDATE="2024-09-05" STARTDATE="2024-09-05" ENDDATE="2079-06-06" ISACTUAL="1" ISACTIVE="1" /><STEAD ID="68616517" OBJECTID="165064961" OBJECTGUID="9bce82ad-572a-424e-988c-6220266ccf94" CHANGEID="600518955" NUMBER="167" OPERTYPEID="10" PREVID="0" NEXTID="0" UPDATEDATE="2024-09-05" STARTDATE="2024-09-05" ENDDATE="2079-06-06" ISACTUAL="1" ISACTIVE="1" /><STEAD ID="68616518" OBJECTID="165064962" OBJECTGUID="ba1fc9d6-c09f-4b43-b48f-0d2152cf65f6" CHANGEID="600518959" NUMBER="17" OPERTYPEID="10" PREVID="0" NEXTID="0" UPDATEDATE="2024-09-05" STARTDATE="2024-09-05" ENDDATE="2079-06-06" ISACTUAL="1" ISACTIVE="1" /><STEAD ID="68616520" OBJECTID="165064964" OBJECTGUID="0eeffe86-f0ca-4adb-b30e-c0ae24327c7a" CHANGEID="600518963" NUMBER="33" OPERTYPEID="10" PREVID="0" NEXTID="0" UPDATEDATE="2024-09-05" STARTDATE="2024-09-05" ENDDATE="2079-06-06" ISACTUAL="1" ISACTIVE="1" /><STEAD ID="68616511" OBJECTID="165064946" OBJECTGUID="62bb92b7-2955-4e1c-a66c-cfe28a3114bb" CHANGEID="600518916" NUMBER="16" OPERTYPEID="10" PREVID="0" NEXTID="0" UPDATEDATE="2024-09-05" STARTDATE="2024-09-05" ENDDATE="2079-06-06" ISACTUAL="1" ISACTIVE="1" /><STEAD ID="68616514" OBJECTID="165064956" OBJECTGUID="69ee0bec-d2df-49b7-83da-bf0e647c4f84" CHANGEID="600518948" NUMBER="19" OPERTYPEID="10" PREVID="0" NEXTID="0" UPDATEDATE="2024-09-05" STARTDATE="2024-09-05" ENDDATE="2079-06-06" ISACTUAL="1" ISACTIVE="1" /><STEAD ID="68616516" OBJECTID="165064959" OBJECTGUID="793abfe0-3a26-4ab8-8ae2-495b26278e29" CHANGEID="600518952" NUMBER="23" OPERTYPEID="10" PREVID="0" NEXTID="0" UPDATEDATE="2024-09-05" STARTDATE="2024-09-05" ENDDATE="2079-06-06" ISACTUAL="1" ISACTIVE="1" /><STEAD ID="68616519" OBJECTID="165064963" OBJECTGUID="262ce0dc-33c3-4cc5-a6f8-46cefe585bac" CHANGEID="600518962" NUMBER="19" OPERTYPEID="10" PREVID="0" NEXTID="0" UPDATEDATE="2024-09-05" STARTDATE="2024-09-05" ENDDATE="2079-06-06" ISACTUAL="1" ISACTIVE="1" /><STEAD ID="68618049" OBJECTID="165067924" OBJECTGUID="aa6d9fc8-56bd-4b56-952c-097416b3564d" CHANGEID="600523723" NUMBER="9" OPERTYPEID="10" PREVID="0" NEXTID="0" UPDATEDATE="2024-09-05" STARTDATE="2024-09-05" ENDDATE="2079-06-06" ISACTUAL="1" ISACTIVE="1" /><STEAD ID="68618050" OBJECTID="165067925" OBJECTGUID="78daa1b5-58a0-4c46-bc06-a3088392696a" CHANGEID="600523724" NUMBER="11" OPERTYPEID="10" PREVID="0" NEXTID="0" UPDATEDATE="2024-09-05" STARTDATE="2024-09-05" ENDDATE="2079-06-06" ISACTUAL="1" ISACTIVE="1" /><STEAD ID="68618051" OBJECTID="165067926" OBJECTGUID="f03fbab9-171c-4339-a59a-684cc77be374" CHANGEID="600523730" NUMBER="23" OPERTYPEID="10" PREVID="0" NEXTID="0" UPDATEDATE="2024-09-05" STARTDATE="2024-09-05" ENDDATE="2079-06-06" ISACTUAL="1" ISACTIVE="1" /><STEAD ID="68618052" OBJECTID="165067927" OBJECTGUID="2f6d844a-bd84-4a03-af30-b7cc86e62b01" CHANGEID="600523731" NUMBER="13" OPERTYPEID="10" PREVID="0" NEXTID="0" UPDATEDATE="2024-09-05" STARTDATE="2024-09-05" ENDDATE="2079-06-06" ISACTUAL="1" ISACTIVE="1" /><STEAD ID="68618073" OBJECTID="165067948" OBJECTGUID="d6d60f2e-af16-41fe-a447-06177bc90f86" CHANGEID="600523752" NUMBER="10" OPERTYPEID="10" PREVID="0" NEXTID="0" UPDATEDATE="2024-09-05" STARTDATE="2024-09-05" ENDDATE="2079-06-06" ISACTUAL="1" ISACTIVE="1" /><STEAD ID="68618074" OBJECTID="165067949" OBJECTGUID="c015eb16-63bd-4d38-a695-f916f1d19eee" CHANGEID="600523753" NUMBER="5" OPERTYPEID="10" PREVID="0" NEXTID="0" UPDATEDATE="2024-09-05" STARTDATE="2024-09-05" ENDDATE="2079-06-06" ISACTUAL="1" ISACTIVE="1" /><STEAD ID="68618651" OBJECTID="165069168" OBJECTGUID="34590301-ff0e-4f58-adcd-cce00757cf58" CHANGEID="600525817" NUMBER="32" OPERTYPEID="10" PREVID="0" NEXTID="0" UPDATEDATE="2024-09-05" STARTDATE="2024-09-05" ENDDATE="2079-06-06" ISACTUAL="1" ISACTIVE="1" /><STEAD ID="68618661" OBJECTID="165069182" OBJECTGUID="a448d19e-17b2-4c9e-ae23-2d7c02443c1e" CHANGEID="600525850" NUMBER="144А/1" OPERTYPEID="10" PREVID="0" NEXTID="0" UPDATEDATE="2024-09-05" STARTDATE="2024-09-05" ENDDATE="2079-06-06" ISACTUAL="1" ISACTIVE="1" /><STEAD ID="68619029" OBJECTID="165069923" OBJECTGUID="314a4292-bbfa-4fb6-92a9-6943132c51ea" CHANGEID="600527102" NUMBER="16-1" OPERTYPEID="10" PREVID="0" NEXTID="0" UPDATEDATE="2024-09-05" STARTDATE="2024-09-05" ENDDATE="2079-06-06" ISACTUAL="1" ISACTIVE="1" /><STEAD ID="68619028" OBJECTID="165069922" OBJECTGUID="570a4daa-f555-4499-9f32-6c2425e9ee79" CHANGEID="600527099" NUMBER="9-2" OPERTYPEID="10" PREVID="0" NEXTID="0" UPDATEDATE="2024-09-05" STARTDATE="2024-09-05" ENDDATE="2079-06-06" ISACTUAL="1" ISACTIVE="1" /><STEAD ID="68619030" OBJECTID="165069924" OBJECTGUID="61db1eea-62c1-42bf-94d4-a554921e8a3e" CHANGEID="600527105" NUMBER="4-2" OPERTYPEID="10" PREVID="0" NEXTID="0" UPDATEDATE="2024-09-05" STARTDATE="2024-09-05" ENDDATE="2079-06-06" ISACTUAL="1" ISACTIVE="1" /><STEAD ID="68628364" OBJECTID="164123784" OBJECTGUID="668cd8f3-ee6a-4a9e-bbb8-ebe200682ff5" CHANGEID="600561468" NUMBER="26/1" OPERTYPEID="20" PREVID="68260296" UPDATEDATE="2024-09-06" STARTDATE="2024-09-06" ENDDATE="2079-06-06" ISACTUAL="1" ISACTIVE="1" /><STEAD ID="68628365" OBJECTID="165090951" OBJECTGUID="92339348-6b62-4ca4-bc77-47b622c9327f" CHANGEID="600561469" NUMBER="17-2" OPERTYPEID="10" PREVID="0" NEXTID="0" UPDATEDATE="2024-09-06" STARTDATE="2024-09-06" ENDDATE="2079-06-06" ISACTUAL="1" ISACTIVE="1" /><STEAD ID="68628366" OBJECTID="165090952" OBJECTGUID="8c32db22-3aca-48e3-b6c2-1b7411576361" CHANGEID="600561470" NUMBER="7-1" OPERTYPEID="10" PREVID="0" NEXTID="0" UPDATEDATE="2024-09-06" STARTDATE="2024-09-06" ENDDATE="2079-06-06" ISACTUAL="1" ISACTIVE="1" /><STEAD ID="68628367" OBJECTID="165090953" OBJECTGUID="b1ebf612-0ff6-4271-a6dc-ee9aa247d576" CHANGEID="600561471" NUMBER="30-2" OPERTYPEID="10" PREVID="0" NEXTID="0" UPDATEDATE="2024-09-06" STARTDATE="2024-09-06" ENDDATE="2079-06-06" ISACTUAL="1" ISACTIVE="1" /><STEAD ID="68628863" OBJECTID="165091673" OBJECTGUID="ccba7c7c-571d-4dfe-9384-fec83e72aa84" CHANGEID="600562331" NUMBER="5А" OPERTYPEID="10" PREVID="0" NEXTID="0" UPDATEDATE="2024-09-06" STARTDATE="2024-09-06" ENDDATE="2079-06-06" ISACTUAL="1" ISACTIVE="1" /><STEAD ID="68628864" OBJECTID="165091674" OBJECTGUID="5f9403c8-23d0-4f17-8d76-d07c93c468bd" CHANGEID="600562335" NUMBER="19А" OPERTYPEID="10" PREVID="0" NEXTID="0" UPDATEDATE="2024-09-06" STARTDATE="2024-09-06" ENDDATE="2079-06-06" ISACTUAL="1" ISACTIVE="1" /><STEAD ID="68628865" OBJECTID="165091676" OBJECTGUID="a9ff4251-764b-4286-87e6-55f9646eb4f9" CHANGEID="600562343" NUMBER="12А" OPERTYPEID="10" PREVID="0" NEXTID="0" UPDATEDATE="2024-09-06" STARTDATE="2024-09-06" ENDDATE="2079-06-06" ISACTUAL="1" ISACTIVE="1" /><STEAD ID="68628866" OBJECTID="165091679" OBJECTGUID="b6e4787f-223c-4cf5-82b2-b4c555cce279" CHANGEID="600562346" NUMBER="40" OPERTYPEID="10" PREVID="0" NEXTID="0" UPDATEDATE="2024-09-06" STARTDATE="2024-09-06" ENDDATE="2079-06-06" ISACTUAL="1" ISACTIVE="1" /><STEAD ID="68629348" OBJECTID="100733709" OBJECTGUID="0955af9e-d769-4a1d-89be-cfc4bd4154ea" CHANGEID="600563703" NUMBER="31" OPERTYPEID="60" PREVID="13826011" UPDATEDATE="2024-09-06" STARTDATE="2024-09-06" ENDDATE="2079-06-06" ISACTUAL="1" ISACTIVE="0" /><STEAD ID="68629349" OBJECTID="165092289" OBJECTGUID="80e72814-3e1b-4401-a661-31b3919220b5" CHANGEID="600563704" NUMBER="31" OPERTYPEID="61" PREVID="68629348" NEXTID="0" UPDATEDATE="2024-09-06" STARTDATE="2024-09-06" ENDDATE="2079-06-06" ISACTUAL="1" ISACTIVE="1" /><STEAD ID="68629350" OBJECTID="165092290" OBJECTGUID="a05ba651-4e98-46ec-8dc7-3c3734192425" CHANGEID="600563705" NUMBER="31А" OPERTYPEID="61" PREVID="68629348" NEXTID="0" UPDATEDATE="2024-09-06" STARTDATE="2024-09-06" ENDDATE="2079-06-06" ISACTUAL="1" ISACTIVE="1" /><STEAD ID="68644446" OBJECTID="165117069" OBJECTGUID="fb05a1a3-48f9-483a-9936-b73ed527283b" CHANGEID="600737977" NUMBER="1" OPERTYPEID="10" PREVID="0" NEXTID="0" UPDATEDATE="2024-09-09" STARTDATE="2024-09-09" ENDDATE="2079-06-06" ISACTUAL="1" ISACTIVE="1" /><STEAD ID="68644447" OBJECTID="165117070" OBJECTGUID="cf64f314-5c06-4671-9c08-2d276271765c" CHANGEID="600737978" NUMBER="56" OPERTYPEID="10" PREVID="0" NEXTID="0" UPDATEDATE="2024-09-09" STARTDATE="2024-09-09" ENDDATE="2079-06-06" ISACTUAL="1" ISACTIVE="1" /><STEAD ID="68644776" OBJECTID="165117506" OBJECTGUID="46ba533e-ef51-4e50-a94f-1d307f93824d" CHANGEID="600738819" NUMBER="19А" OPERTYPEID="10" PREVID="0" NEXTID="0" UPDATEDATE="2024-09-09" STARTDATE="2024-09-09" ENDDATE="2079-06-06" ISACTUAL="1" ISACTIVE="1" /><STEAD ID="68644777" OBJECTID="165117507" OBJECTGUID="489c75f1-b4b5-4259-827d-cab28978be86" CHANGEID="600738820" NUMBER="47" OPERTYPEID="10" PREVID="0" NEXTID="0" UPDATEDATE="2024-09-09" STARTDATE="2024-09-09" ENDDATE="2079-06-06" ISACTUAL="1" ISACTIVE="1" /><STEAD ID="68644778" OBJECTID="165117508" OBJECTGUID="5c3ab147-6dc9-4453-971d-a19c33f0edbf" CHANGEID="600738821" NUMBER="49" OPERTYPEID="10" PREVID="0" NEXTID="0" UPDATEDATE="2024-09-09" STARTDATE="2024-09-09" ENDDATE="2079-06-06" ISACTUAL="1" ISACTIVE="1" /><STEAD ID="68644779" OBJECTID="165117509" OBJECTGUID="49b49dda-2a17-46d8-8202-096a8935dd8c" CHANGEID="600738823" NUMBER="29/1" OPERTYPEID="10" PREVID="0" NEXTID="0" UPDATEDATE="2024-09-09" STARTDATE="2024-09-09" ENDDATE="2079-06-06" ISACTUAL="1" ISACTIVE="1" /><STEAD ID="68645039" OBJECTID="165117901" OBJECTGUID="aebe3426-2188-49d5-b507-6de77a6efcae" CHANGEID="600739461" NUMBER="65б" OPERTYPEID="10" PREVID="0" NEXTID="0" UPDATEDATE="2024-09-09" STARTDATE="2024-09-09" ENDDATE="2079-06-06" ISACTUAL="1" ISACTIVE="1" /><STEAD ID="68645042" OBJECTID="165117912" OBJECTGUID="b92630f3-82a8-41ff-a6a7-297117208cb4" CHANGEID="600739476" NUMBER="145А" OPERTYPEID="10" PREVID="0" NEXTID="0" UPDATEDATE="2024-09-09" STARTDATE="2024-09-09" ENDDATE="2079-06-06" ISACTUAL="1" ISACTIVE="1" /><STEAD ID="68645043" OBJECTID="165117913" OBJECTGUID="9cc888fd-91da-41a2-a966-5a75a0b647dd" CHANGEID="600739477" NUMBER="147А" OPERTYPEID="10" PREVID="0" NEXTID="0" UPDATEDATE="2024-09-09" STARTDATE="2024-09-09" ENDDATE="2079-06-06" ISACTUAL="1" ISACTIVE="1" /><STEAD ID="68645528" OBJECTID="165118761" OBJECTGUID="376d0c48-6cda-4d62-8889-fb6a55e1fb44" CHANGEID="600740628" NUMBER="4" OPERTYPEID="10" PREVID="0" NEXTID="0" UPDATEDATE="2024-09-09" STARTDATE="2024-09-09" ENDDATE="2079-06-06" ISACTUAL="1" ISACTIVE="1" /><STEAD ID="68646656" OBJECTID="165120499" OBJECTGUID="1a206afd-4cfd-4652-873a-e9b8d488f988" CHANGEID="600743286" NUMBER="523" OPERTYPEID="10" PREVID="0" NEXTID="0" UPDATEDATE="2024-09-09" STARTDATE="2024-09-09" ENDDATE="2079-06-06" ISACTUAL="1" ISACTIVE="1" /><STEAD ID="68650373" OBJECTID="165126342" OBJECTGUID="0732b656-09ef-4ed2-80d9-233e9552c213" CHANGEID="600752069" NUMBER="12" OPERTYPEID="10" PREVID="0" NEXTID="0" UPDATEDATE="2024-09-09" STARTDATE="2024-09-09" ENDDATE="2079-06-06" ISACTUAL="1" ISACTIVE="1" /><STEAD ID="68650375" OBJECTID="165126346" OBJECTGUID="66dce030-3531-4c94-9fd0-a15e7b497ae0" CHANGEID="600752073" NUMBER="97" OPERTYPEID="10" PREVID="0" NEXTID="0" UPDATEDATE="2024-09-09" STARTDATE="2024-09-09" ENDDATE="2079-06-06" ISACTUAL="1" ISACTIVE="1" /><STEAD ID="68650376" OBJECTID="165126347" OBJECTGUID="5d2c1c85-a1f5-49b1-bdd6-29b0914d3c6f" CHANGEID="600752075" NUMBER="15/39" OPERTYPEID="10" PREVID="0" NEXTID="0" UPDATEDATE="2024-09-09" STARTDATE="2024-09-09" ENDDATE="2079-06-06" ISACTUAL="1" ISACTIVE="1" /><STEAD ID="68650378" OBJECTID="165126353" OBJECTGUID="231c6147-73d2-4b88-b090-36b88e95ec94" CHANGEID="600752083" NUMBER="1/32" OPERTYPEID="10" PREVID="0" NEXTID="0" UPDATEDATE="2024-09-09" STARTDATE="2024-09-09" ENDDATE="2079-06-06" ISACTUAL="1" ISACTIVE="1" /><STEAD ID="68650379" OBJECTID="165126355" OBJECTGUID="abc45bb6-0349-4a17-8ffa-68bd3dde91be" CHANGEID="600752085" NUMBER="30" OPERTYPEID="10" PREVID="0" NEXTID="0" UPDATEDATE="2024-09-09" STARTDATE="2024-09-09" ENDDATE="2079-06-06" ISACTUAL="1" ISACTIVE="1" /><STEAD ID="68650374" OBJECTID="165126345" OBJECTGUID="addfc74b-3628-46f9-992a-f8e5e41e5172" CHANGEID="600752072" NUMBER="14" OPERTYPEID="10" PREVID="0" NEXTID="0" UPDATEDATE="2024-09-09" STARTDATE="2024-09-09" ENDDATE="2079-06-06" ISACTUAL="1" ISACTIVE="1" /><STEAD ID="68652791" OBJECTID="165129291" OBJECTGUID="63705ed8-ee50-48f8-97df-010de7405f4d" CHANGEID="600756822" NUMBER="3" OPERTYPEID="10" PREVID="0" NEXTID="0" UPDATEDATE="2024-09-09" STARTDATE="2024-09-09" ENDDATE="2079-06-06" ISACTUAL="1" ISACTIVE="1" /><STEAD ID="68652793" OBJECTID="165129293" OBJECTGUID="1f7e466d-008d-4ff2-a70b-0d5d7c38cf6a" CHANGEID="600756824" NUMBER="5" OPERTYPEID="10" PREVID="0" NEXTID="0" UPDATEDATE="2024-09-09" STARTDATE="2024-09-09" ENDDATE="2079-06-06" ISACTUAL="1" ISACTIVE="1" /><STEAD ID="68652795" OBJECTID="165129295" OBJECTGUID="c322b950-b53f-4833-8141-0e18298d3e38" CHANGEID="600756826" NUMBER="7" OPERTYPEID="10" PREVID="0" NEXTID="0" UPDATEDATE="2024-09-09" STARTDATE="2024-09-09" ENDDATE="2079-06-06" ISACTUAL="1" ISACTIVE="1" /><STEAD ID="68652797" OBJECTID="165129297" OBJECTGUID="8faf5a48-aef9-4133-9ca5-0f08b972801d" CHANGEID="600756828" NUMBER="9" OPERTYPEID="10" PREVID="0" NEXTID="0" UPDATEDATE="2024-09-09" STARTDATE="2024-09-09" ENDDATE="2079-06-06" ISACTUAL="1" ISACTIVE="1" /><STEAD ID="68652799" OBJECTID="165129299" OBJECTGUID="a37b8b18-1a3a-44d0-89c6-ebee66e2a404" CHANGEID="600756830" NUMBER="11" OPERTYPEID="10" PREVID="0" NEXTID="0" UPDATEDATE="2024-09-09" STARTDATE="2024-09-09" ENDDATE="2079-06-06" ISACTUAL="1" ISACTIVE="1" /><STEAD ID="68652801" OBJECTID="165129301" OBJECTGUID="6a224dea-7fa9-4165-90a4-24353b02a9c1" CHANGEID="600756832" NUMBER="13" OPERTYPEID="10" PREVID="0" NEXTID="0" UPDATEDATE="2024-09-09" STARTDATE="2024-09-09" ENDDATE="2079-06-06" ISACTUAL="1" ISACTIVE="1" /><STEAD ID="68652803" OBJECTID="165129303" OBJECTGUID="dcc686f5-d85b-43ea-8629-f3da44899742" CHANGEID="600756834" NUMBER="17" OPERTYPEID="10" PREVID="0" NEXTID="0" UPDATEDATE="2024-09-09" STARTDATE="2024-09-09" ENDDATE="2079-06-06" ISACTUAL="1" ISACTIVE="1" /><STEAD ID="68652833" OBJECTID="165129333" OBJECTGUID="7f3ceb4b-4da9-4ef1-913a-cd6e00b16423" CHANGEID="600756864" NUMBER="19" OPERTYPEID="10" PREVID="0" NEXTID="0" UPDATEDATE="2024-09-09" STARTDATE="2024-09-09" ENDDATE="2079-06-06" ISACTUAL="1" ISACTIVE="1" /><STEAD ID="68652790" OBJECTID="165129290" OBJECTGUID="ab1d36bc-bc48-44da-b224-d1bb4e051530" CHANGEID="600756821" NUMBER="1" OPERTYPEID="10" PREVID="0" NEXTID="0" UPDATEDATE="2024-09-09" STARTDATE="2024-09-09" ENDDATE="2079-06-06" ISACTUAL="1" ISACTIVE="1" /><STEAD ID="68652792" OBJECTID="165129292" OBJECTGUID="3d0cae52-6be0-435d-8c63-80c4446eb01e" CHANGEID="600756823" NUMBER="4А" OPERTYPEID="10" PREVID="0" NEXTID="0" UPDATEDATE="2024-09-09" STARTDATE="2024-09-09" ENDDATE="2079-06-06" ISACTUAL="1" ISACTIVE="1" /><STEAD ID="68652794" OBJECTID="165129294" OBJECTGUID="3afad072-dfaa-45e4-8118-0280e2fe140e" CHANGEID="600756825" NUMBER="6" OPERTYPEID="10" PREVID="0" NEXTID="0" UPDATEDATE="2024-09-09" STARTDATE="2024-09-09" ENDDATE="2079-06-06" ISACTUAL="1" ISACTIVE="1" /><STEAD ID="68652796" OBJECTID="165129296" OBJECTGUID="05918419-8258-4113-9188-befad5b2fb0a" CHANGEID="600756827" NUMBER="8" OPERTYPEID="10" PREVID="0" NEXTID="0" UPDATEDATE="2024-09-09" STARTDATE="2024-09-09" ENDDATE="2079-06-06" ISACTUAL="1" ISACTIVE="1" /><STEAD ID="68652798" OBJECTID="165129298" OBJECTGUID="4c4a8e3c-2b42-4b4f-b883-bd70c3380f9c" CHANGEID="600756829" NUMBER="10" OPERTYPEID="10" PREVID="0" NEXTID="0" UPDATEDATE="2024-09-09" STARTDATE="2024-09-09" ENDDATE="2079-06-06" ISACTUAL="1" ISACTIVE="1" /><STEAD ID="68652800" OBJECTID="165129300" OBJECTGUID="b7133195-82a0-4bca-9422-7f59d738beaf" CHANGEID="600756831" NUMBER="12" OPERTYPEID="10" PREVID="0" NEXTID="0" UPDATEDATE="2024-09-09" STARTDATE="2024-09-09" ENDDATE="2079-06-06" ISACTUAL="1" ISACTIVE="1" /><STEAD ID="68652802" OBJECTID="165129302" OBJECTGUID="b913c389-478a-4258-8acd-3fdfa3c968e6" CHANGEID="600756833" NUMBER="15" OPERTYPEID="10" PREVID="0" NEXTID="0" UPDATEDATE="2024-09-09" STARTDATE="2024-09-09" ENDDATE="2079-06-06" ISACTUAL="1" ISACTIVE="1" /><STEAD ID="68652834" OBJECTID="165129334" OBJECTGUID="210b900f-5128-4d00-a406-65a6fc5d69cc" CHANGEID="600756865" NUMBER="21" OPERTYPEID="10" PREVID="0" NEXTID="0" UPDATEDATE="2024-09-09" STARTDATE="2024-09-09" ENDDATE="2079-06-06" ISACTUAL="1" ISACTIVE="1" /><STEAD ID="68653466" OBJECTID="165130850" OBJECTGUID="1b77fbf6-2f98-403d-b9c3-7e426bd04a2c" CHANGEID="600759486" NUMBER="23" OPERTYPEID="10" PREVID="0" NEXTID="0" UPDATEDATE="2024-09-09" STARTDATE="2024-09-09" ENDDATE="2079-06-06" ISACTUAL="1" ISACTIVE="1" /><STEAD ID="68653468" OBJECTID="165130851" OBJECTGUID="f0ce503a-3bba-48da-93f6-12f6da9df1cf" CHANGEID="600759488" NUMBER="1" OPERTYPEID="10" PREVID="0" NEXTID="0" UPDATEDATE="2024-09-09" STARTDATE="2024-09-09" ENDDATE="2079-06-06" ISACTUAL="1" ISACTIVE="1" /><STEAD ID="68653484" OBJECTID="165130875" OBJECTGUID="30e7506c-cb6b-4d00-bd55-fd4d93ae7de0" CHANGEID="600759515" NUMBER="2Д" OPERTYPEID="10" PREVID="0" NEXTID="0" UPDATEDATE="2024-09-09" STARTDATE="2024-09-09" ENDDATE="2079-06-06" ISACTUAL="1" ISACTIVE="1" /><STEAD ID="68653483" OBJECTID="165130874" OBJECTGUID="8f59e92e-deee-4d26-909d-c68d686fd3b2" CHANGEID="600759514" NUMBER="2Г" OPERTYPEID="10" PREVID="0" NEXTID="0" UPDATEDATE="2024-09-09" STARTDATE="2024-09-09" ENDDATE="2079-06-06" ISACTUAL="1" ISACTIVE="1" /><STEAD ID="68670694" OBJECTID="165163382" OBJECTGUID="9634204c-4740-463b-abcd-eccf5ac38b2a" CHANGEID="600816339" NUMBER="39" OPERTYPEID="10" PREVID="0" NEXTID="0" UPDATEDATE="2024-09-10" STARTDATE="2024-09-10" ENDDATE="2079-06-06" ISACTUAL="1" ISACTIVE="1" /><STEAD ID="68670695" OBJECTID="165163383" OBJECTGUID="f5e9e2b5-cd75-4826-bfca-630309359948" CHANGEID="600816340" NUMBER="39А" OPERTYPEID="10" PREVID="0" NEXTID="0" UPDATEDATE="2024-09-10" STARTDATE="2024-09-10" ENDDATE="2079-06-06" ISACTUAL="1" ISACTIVE="1" /><STEAD ID="68672759" OBJECTID="164574899" OBJECTGUID="5b9de97e-67e4-40d6-9ad5-3309c2fe7c36" CHANGEID="600821230" NUMBER="23" OPERTYPEID="60" PREVID="68411003" UPDATEDATE="2024-09-10" STARTDATE="2024-09-10" ENDDATE="2079-06-06" ISACTUAL="1" ISACTIVE="0" /><STEAD ID="68411003" OBJECTID="164574899" OBJECTGUID="5b9de97e-67e4-40d6-9ad5-3309c2fe7c36" CHANGEID="599275582" NUMBER="23" OPERTYPEID="10" PREVID="0" NEXTID="68672759" UPDATEDATE="2024-09-10" STARTDATE="2024-08-07" ENDDATE="2024-09-10" ISACTUAL="0" ISACTIVE="0" /><STEAD ID="68672760" OBJECTID="165166204" OBJECTGUID="a654c4b3-897b-4b86-92e2-f350617bdcac" CHANGEID="600821232" NUMBER="23А" OPERTYPEID="61" PREVID="68672759" NEXTID="0" UPDATEDATE="2024-09-10" STARTDATE="2024-09-10" ENDDATE="2079-06-06" ISACTUAL="1" ISACTIVE="1" /><STEAD ID="68672761" OBJECTID="165166205" OBJECTGUID="f4ed6d56-59f9-40f1-bada-d066be0265ac" CHANGEID="600821234" NUMBER="23" OPERTYPEID="61" PREVID="68672759" NEXTID="0" UPDATEDATE="2024-09-10" STARTDATE="2024-09-10" ENDDATE="2079-06-06" ISACTUAL="1" ISACTIVE="1" /><STEAD ID="68672825" OBJECTID="165166309" OBJECTGUID="d9d2b617-3663-4d56-bae3-c19d87820e7d" CHANGEID="600821418" NUMBER="36" OPERTYPEID="10" PREVID="0" NEXTID="0" UPDATEDATE="2024-09-10" STARTDATE="2024-09-10" ENDDATE="2079-06-06" ISACTUAL="1" ISACTIVE="1" /><STEAD ID="68672827" OBJECTID="165166311" OBJECTGUID="ae987cce-8515-4f0c-9170-ba5a8f940694" CHANGEID="600821420" NUMBER="44" OPERTYPEID="10" PREVID="0" NEXTID="0" UPDATEDATE="2024-09-10" STARTDATE="2024-09-10" ENDDATE="2079-06-06" ISACTUAL="1" ISACTIVE="1" /><STEAD ID="68672826" OBJECTID="165166310" OBJECTGUID="3b740037-372c-4a19-88b6-6b8da6926829" CHANGEID="600821419" NUMBER="38" OPERTYPEID="10" PREVID="0" NEXTID="0" UPDATEDATE="2024-09-10" STARTDATE="2024-09-10" ENDDATE="2079-06-06" ISACTUAL="1" ISACTIVE="1" /><STEAD ID="68672896" OBJECTID="165166385" OBJECTGUID="e20c4343-224e-40fc-9a32-14fbde5a2fdd" CHANGEID="600821509" NUMBER="9" OPERTYPEID="10" PREVID="0" NEXTID="0" UPDATEDATE="2024-09-10" STARTDATE="2024-09-10" ENDDATE="2079-06-06" ISACTUAL="1" ISACTIVE="1" /><STEAD ID="68672855" OBJECTID="165166340" OBJECTGUID="506147d9-8fab-48f7-9378-0a7d5a91016b" CHANGEID="600821458" NUMBER="15" OPERTYPEID="10" PREVID="0" NEXTID="0" UPDATEDATE="2024-09-10" STARTDATE="2024-09-10" ENDDATE="2079-06-06" ISACTUAL="1" ISACTIVE="1" /><STEAD ID="68672892" OBJECTID="165166377" OBJECTGUID="bce4f16e-897a-4143-a2ab-2092b3fbc359" CHANGEID="600821497" NUMBER="17" OPERTYPEID="10" PREVID="0" NEXTID="0" UPDATEDATE="2024-09-10" STARTDATE="2024-09-10" ENDDATE="2079-06-06" ISACTUAL="1" ISACTIVE="1" /><STEAD ID="68684707" OBJECTID="165185470" OBJECTGUID="dcbcd4af-92fb-4381-8405-f52158c904d3" CHANGEID="600876052" NUMBER="43" OPERTYPEID="10" PREVID="0" NEXTID="0" UPDATEDATE="2024-09-11" STARTDATE="2024-09-11" ENDDATE="2079-06-06" ISACTUAL="1" ISACTIVE="1" /><STEAD ID="68685612" OBJECTID="165186619" OBJECTGUID="b2ac8fcb-a078-4d93-8db5-e29d009b56d9" CHANGEID="600877790" NUMBER="517" OPERTYPEID="10" PREVID="0" NEXTID="0" UPDATEDATE="2024-09-11" STARTDATE="2024-09-11" ENDDATE="2079-06-06" ISACTUAL="1" ISACTIVE="1" /><STEAD ID="68685613" OBJECTID="165186621" OBJECTGUID="3fce3ada-212f-4424-b1de-04758d2e0318" CHANGEID="600877792" NUMBER="1007" OPERTYPEID="10" PREVID="0" NEXTID="0" UPDATEDATE="2024-09-11" STARTDATE="2024-09-11" ENDDATE="2079-06-06" ISACTUAL="1" ISACTIVE="1" /><STEAD ID="68685614" OBJECTID="165186628" OBJECTGUID="7cd399f1-4f44-4e43-87b4-0041fcec5e6b" CHANGEID="600877805" NUMBER="1" OPERTYPEID="10" PREVID="0" NEXTID="0" UPDATEDATE="2024-09-11" STARTDATE="2024-09-11" ENDDATE="2079-06-06" ISACTUAL="1" ISACTIVE="1" /><STEAD ID="67866509" OBJECTID="163111025" OBJECTGUID="e303b7e5-167e-41d3-9cd6-f8aab8b9f602" CHANGEID="593048864" NUMBER="00/00/123" OPERTYPEID="10" PREVID="0" NEXTID="68686100" UPDATEDATE="2024-09-11" STARTDATE="2024-04-08" ENDDATE="2024-09-11" ISACTUAL="0" ISACTIVE="0" /><STEAD ID="68686100" OBJECTID="163111025" OBJECTGUID="e303b7e5-167e-41d3-9cd6-f8aab8b9f602" CHANGEID="600878822" NUMBER="123" OPERTYPEID="20" PREVID="67866509" UPDATEDATE="2024-09-11" STARTDATE="2024-09-11" ENDDATE="2079-06-06" ISACTUAL="1" ISACTIVE="1" /><STEAD ID="68686101" OBJECTID="165187371" OBJECTGUID="9ab0d06c-39d0-4a37-ac5c-b41d0ef415d0" CHANGEID="600878823" NUMBER="4" OPERTYPEID="10" PREVID="0" NEXTID="0" UPDATEDATE="2024-09-11" STARTDATE="2024-09-11" ENDDATE="2079-06-06" ISACTUAL="1" ISACTIVE="1" /><STEAD ID="68686102" OBJECTID="165187372" OBJECTGUID="70f15490-feb4-4e90-bc31-b67ef664ec32" CHANGEID="600878825" NUMBER="52" OPERTYPEID="10" PREVID="0" NEXTID="0" UPDATEDATE="2024-09-11" STARTDATE="2024-09-11" ENDDATE="2079-06-06" ISACTUAL="1" ISACTIVE="1" /><STEAD ID="68686476" OBJECTID="165188393" OBJECTGUID="13ee46fd-382f-4189-b166-e24451e346aa" CHANGEID="600880208" NUMBER="33/16" OPERTYPEID="10" PREVID="0" NEXTID="0" UPDATEDATE="2024-09-11" STARTDATE="2024-09-11" ENDDATE="2079-06-06" ISACTUAL="1" ISACTIVE="1" /><STEAD ID="68686477" OBJECTID="165188396" OBJECTGUID="ea1314fb-9c97-470e-be86-f9f5b46356e6" CHANGEID="600880212" NUMBER="4/3" OPERTYPEID="10" PREVID="0" NEXTID="0" UPDATEDATE="2024-09-11" STARTDATE="2024-09-11" ENDDATE="2079-06-06" ISACTUAL="1" ISACTIVE="1" /><STEAD ID="68686478" OBJECTID="165188401" OBJECTGUID="1c9d0a0e-1578-4b05-a7e5-260240ea565d" CHANGEID="600880219" NUMBER="15" OPERTYPEID="10" PREVID="0" NEXTID="0" UPDATEDATE="2024-09-11" STARTDATE="2024-09-11" ENDDATE="2079-06-06" ISACTUAL="1" ISACTIVE="1" /><STEAD ID="68686484" OBJECTID="165188418" OBJECTGUID="76a15ad4-96f3-4a19-9ced-329f1017068c" CHANGEID="600880238" NUMBER="193" OPERTYPEID="10" PREVID="0" NEXTID="0" UPDATEDATE="2024-09-11" STARTDATE="2024-09-11" ENDDATE="2079-06-06" ISACTUAL="1" ISACTIVE="1" /><STEAD ID="68686485" OBJECTID="165188420" OBJECTGUID="42eb30b4-9af0-4c66-8a7b-acf8d7fbdc02" CHANGEID="600880240" NUMBER="61" OPERTYPEID="10" PREVID="0" NEXTID="0" UPDATEDATE="2024-09-11" STARTDATE="2024-09-11" ENDDATE="2079-06-06" ISACTUAL="1" ISACTIVE="1" /><STEAD ID="68686491" OBJECTID="165188449" OBJECTGUID="22b11d2d-d23d-4f21-b312-8c8f3564169a" CHANGEID="600880281" NUMBER="16" OPERTYPEID="10" PREVID="0" NEXTID="0" UPDATEDATE="2024-09-11" STARTDATE="2024-09-11" ENDDATE="2079-06-06" ISACTUAL="1" ISACTIVE="1" /><STEAD ID="68686492" OBJECTID="165188452" OBJECTGUID="c808551b-cb39-4de8-b441-dbbf3f251c73" CHANGEID="600880285" NUMBER="31" OPERTYPEID="10" PREVID="0" NEXTID="0" UPDATEDATE="2024-09-11" STARTDATE="2024-09-11" ENDDATE="2079-06-06" ISACTUAL="1" ISACTIVE="1" /><STEAD ID="68686493" OBJECTID="165188454" OBJECTGUID="538f69d9-ec8d-40a3-9e9d-ea114b1a704b" CHANGEID="600880287" NUMBER="33" OPERTYPEID="10" PREVID="0" NEXTID="0" UPDATEDATE="2024-09-11" STARTDATE="2024-09-11" ENDDATE="2079-06-06" ISACTUAL="1" ISACTIVE="1" /><STEAD ID="68686524" OBJECTID="165188498" OBJECTGUID="fca53042-f964-4159-b6aa-4fd44106053b" CHANGEID="600880353" NUMBER="11" OPERTYPEID="10" PREVID="0" NEXTID="0" UPDATEDATE="2024-09-11" STARTDATE="2024-09-11" ENDDATE="2079-06-06" ISACTUAL="1" ISACTIVE="1" /><STEAD ID="68689633" OBJECTID="165196076" OBJECTGUID="5752abc2-4717-43ed-8809-a1cd7c47c94e" CHANGEID="600891062" NUMBER="010" OPERTYPEID="10" PREVID="0" NEXTID="0" UPDATEDATE="2024-09-11" STARTDATE="2024-09-11" ENDDATE="2079-06-06" ISACTUAL="1" ISACTIVE="1" /><STEAD ID="68690927" OBJECTID="165197913" OBJECTGUID="6e5df2ba-fad8-4752-a8aa-5d4ce0268dbe" CHANGEID="600894351" NUMBER="95А" OPERTYPEID="10" PREVID="0" NEXTID="0" UPDATEDATE="2024-09-11" STARTDATE="2024-09-11" ENDDATE="2079-06-06" ISACTUAL="1" ISACTIVE="1" /><STEAD ID="68690975" OBJECTID="165197976" OBJECTGUID="b4a6693b-70bf-4351-8ac9-1539e0305d45" CHANGEID="600894430" NUMBER="4" OPERTYPEID="10" PREVID="0" NEXTID="0" UPDATEDATE="2024-09-11" STARTDATE="2024-09-11" ENDDATE="2079-06-06" ISACTUAL="1" ISACTIVE="1" /><STEAD ID="68690985" OBJECTID="165198232" OBJECTGUID="782b6178-83d6-4dbd-ae15-e6b42f7c3ec3" CHANGEID="600894715" NUMBER="2Д" OPERTYPEID="10" PREVID="0" NEXTID="0" UPDATEDATE="2024-09-11" STARTDATE="2024-09-11" ENDDATE="2079-06-06" ISACTUAL="1" ISACTIVE="1" /><STEAD ID="68691009" OBJECTID="165198391" OBJECTGUID="1d03e60c-9ff0-4892-9ad0-c21ac6501e3a" CHANGEID="600894898" NUMBER="9" OPERTYPEID="10" PREVID="0" NEXTID="0" UPDATEDATE="2024-09-11" STARTDATE="2024-09-11" ENDDATE="2079-06-06" ISACTUAL="1" ISACTIVE="1" /><STEAD ID="68691013" OBJECTID="165198432" OBJECTGUID="2d94ed60-1cab-4d31-a6a7-7f4451ec55a0" CHANGEID="600894947" NUMBER="17" OPERTYPEID="10" PREVID="0" NEXTID="0" UPDATEDATE="2024-09-11" STARTDATE="2024-09-11" ENDDATE="2079-06-06" ISACTUAL="1" ISACTIVE="1" /></STEADS>