﻿<?xml version="1.0" encoding="utf-8"?><ADDRESSOBJECTS><OBJECT ID="1362432" OBJECTID="1105486" OBJECTGUID="c57f83f3-42c9-474f-9584-478835c436bc" CHANGEID="3042819" NAME="Точка 12" TYPENAME="ул" LEVEL="8" OPERTYPEID="1" PREVID="0" NEXTID="52126190" UPDATEDATE="2024-09-10" STARTDATE="1900-01-01" ENDDATE="2024-09-10" ISACTUAL="0" ISACTIVE="0" /><OBJECT ID="1363606" OBJECTID="1106558" OBJECTGUID="901ede32-f41f-4377-9677-8ec58631b78a" CHANGEID="3045463" NAME="Точка 10" TYPENAME="ул" LEVEL="8" OPERTYPEID="1" PREVID="0" NEXTID="52126189" UPDATEDATE="2024-09-10" STARTDATE="1900-01-01" ENDDATE="2024-09-10" ISACTUAL="0" ISACTIVE="0" /><OBJECT ID="1366176" OBJECTID="1108931" OBJECTGUID="2c276582-9d13-4817-8225-4f369ae64fd9" CHANGEID="3051340" NAME="Точка 3" TYPENAME="ул" LEVEL="8" OPERTYPEID="1" PREVID="0" NEXTID="52126254" UPDATEDATE="2024-09-10" STARTDATE="1900-01-01" ENDDATE="2024-09-10" ISACTUAL="0" ISACTIVE="0" /><OBJECT ID="1367590" OBJECTID="1110197" OBJECTGUID="1a4104de-e292-43c4-b872-9faf36802487" CHANGEID="3054468" NAME="Точка 15" TYPENAME="ул" LEVEL="8" OPERTYPEID="1" PREVID="0" NEXTID="52126185" UPDATEDATE="2024-09-10" STARTDATE="1900-01-01" ENDDATE="2024-09-10" ISACTUAL="0" ISACTIVE="0" /><OBJECT ID="1369848" OBJECTID="1112101" OBJECTGUID="a9547da1-09ec-484e-88ae-176b6772ff4b" CHANGEID="3059217" NAME="Точка 2" TYPENAME="ул" LEVEL="8" OPERTYPEID="1" PREVID="0" NEXTID="52126253" UPDATEDATE="2024-09-10" STARTDATE="1900-01-01" ENDDATE="2024-09-10" ISACTUAL="0" ISACTIVE="0" /><OBJECT ID="1370251" OBJECTID="1112439" OBJECTGUID="e3bbea05-29f5-477b-b2d6-eef8ea8a4ac1" CHANGEID="3060068" NAME="Ковыльная точка 9" TYPENAME="ул" LEVEL="8" OPERTYPEID="1" PREVID="0" NEXTID="52126191" UPDATEDATE="2024-09-10" STARTDATE="1900-01-01" ENDDATE="2024-09-10" ISACTUAL="0" ISACTIVE="0" /><OBJECT ID="1370507" OBJECTID="1112655" OBJECTGUID="980d5454-366a-4fc6-ae5c-5b5238140a1c" CHANGEID="3060573" NAME="Точка 6" TYPENAME="ул" LEVEL="8" OPERTYPEID="1" PREVID="0" NEXTID="52126251" UPDATEDATE="2024-09-10" STARTDATE="1900-01-01" ENDDATE="2024-09-10" ISACTUAL="0" ISACTIVE="0" /><OBJECT ID="1373024" OBJECTID="1114858" OBJECTGUID="cd421d4a-cafb-4e79-abc0-2cd15cfe1892" CHANGEID="3065982" NAME="Точка 17" TYPENAME="ул" LEVEL="8" OPERTYPEID="1" PREVID="0" NEXTID="52126250" UPDATEDATE="2024-09-10" STARTDATE="1900-01-01" ENDDATE="2024-09-10" ISACTUAL="0" ISACTIVE="0" /><OBJECT ID="1359644" OBJECTID="1102889" OBJECTGUID="503708d8-0cae-48ca-b96f-3be920cf38c2" CHANGEID="3036440" NAME="Электровозостроитель" TYPENAME="сад" LEVEL="8" OPERTYPEID="1" PREVID="0" NEXTID="52126407" UPDATEDATE="2024-09-11" STARTDATE="1900-01-01" ENDDATE="2024-09-11" ISACTUAL="0" ISACTIVE="0" /><OBJECT ID="52126407" OBJECTID="1102889" OBJECTGUID="503708d8-0cae-48ca-b96f-3be920cf38c2" CHANGEID="600891098" NAME="с/т Электровозостроитель" TYPENAME="тер." LEVEL="7" OPERTYPEID="50" PREVID="1359644" UPDATEDATE="2024-09-11" STARTDATE="2024-09-11" ENDDATE="2079-06-06" ISACTUAL="1" ISACTIVE="1" /><OBJECT ID="52125713" OBJECTID="165064651" OBJECTGUID="2ab4bef7-08aa-4bc2-b919-8cd2dad89dd9" CHANGEID="600518562" NAME="СНТ Жигули" TYPENAME="тер." LEVEL="7" OPERTYPEID="10" PREVID="0" NEXTID="0" UPDATEDATE="2024-09-05" STARTDATE="2024-09-05" ENDDATE="2079-06-06" ISACTUAL="1" ISACTIVE="1" /><OBJECT ID="52126184" OBJECTID="1114546" OBJECTGUID="91262b3a-c703-4664-b080-52b02371a853" CHANGEID="600811263" NAME="Точка 16" TYPENAME="ул" LEVEL="8" OPERTYPEID="30" PREVID="1372666" NEXTID="0" UPDATEDATE="2024-09-10" STARTDATE="2024-09-10" ENDDATE="2079-06-06" ISACTUAL="1" ISACTIVE="0" /><OBJECT ID="1372666" OBJECTID="1114546" OBJECTGUID="91262b3a-c703-4664-b080-52b02371a853" CHANGEID="3065175" NAME="Точка 16" TYPENAME="ул" LEVEL="8" OPERTYPEID="1" PREVID="0" NEXTID="52126184" UPDATEDATE="2024-09-10" STARTDATE="1900-01-01" ENDDATE="2024-09-10" ISACTUAL="0" ISACTIVE="0" /><OBJECT ID="52126185" OBJECTID="1110197" OBJECTGUID="1a4104de-e292-43c4-b872-9faf36802487" CHANGEID="600811264" NAME="Точка 15" TYPENAME="ул" LEVEL="8" OPERTYPEID="30" PREVID="1367590" NEXTID="0" UPDATEDATE="2024-09-10" STARTDATE="2024-09-10" ENDDATE="2079-06-06" ISACTUAL="1" ISACTIVE="0" /><OBJECT ID="52126186" OBJECTID="1104104" OBJECTGUID="ce4ba6ee-b54f-4341-8864-ef98b5399be7" CHANGEID="600811265" NAME="Точка 14" TYPENAME="ул" LEVEL="8" OPERTYPEID="30" PREVID="1360949" NEXTID="0" UPDATEDATE="2024-09-10" STARTDATE="2024-09-10" ENDDATE="2079-06-06" ISACTUAL="1" ISACTIVE="0" /><OBJECT ID="1360949" OBJECTID="1104104" OBJECTGUID="ce4ba6ee-b54f-4341-8864-ef98b5399be7" CHANGEID="3039471" NAME="Точка 14" TYPENAME="ул" LEVEL="8" OPERTYPEID="1" PREVID="0" NEXTID="52126186" UPDATEDATE="2024-09-10" STARTDATE="1900-01-01" ENDDATE="2024-09-10" ISACTUAL="0" ISACTIVE="0" /><OBJECT ID="52126187" OBJECTID="1109170" OBJECTGUID="885eec41-b71a-4782-80b7-bee64511f525" CHANGEID="600811266" NAME="Точка 13" TYPENAME="ул" LEVEL="8" OPERTYPEID="30" PREVID="1366444" NEXTID="0" UPDATEDATE="2024-09-10" STARTDATE="2024-09-10" ENDDATE="2079-06-06" ISACTUAL="1" ISACTIVE="0" /><OBJECT ID="1366444" OBJECTID="1109170" OBJECTGUID="885eec41-b71a-4782-80b7-bee64511f525" CHANGEID="3051885" NAME="Точка 13" TYPENAME="ул" LEVEL="8" OPERTYPEID="1" PREVID="0" NEXTID="52126187" UPDATEDATE="2024-09-10" STARTDATE="1900-01-01" ENDDATE="2024-09-10" ISACTUAL="0" ISACTIVE="0" /><OBJECT ID="52126188" OBJECTID="1108479" OBJECTGUID="e86a90e1-03c1-47de-8532-ee7fc511a3da" CHANGEID="600811267" NAME="Точка 11" TYPENAME="ул" LEVEL="8" OPERTYPEID="30" PREVID="1365681" NEXTID="0" UPDATEDATE="2024-09-10" STARTDATE="2024-09-10" ENDDATE="2079-06-06" ISACTUAL="1" ISACTIVE="0" /><OBJECT ID="1365681" OBJECTID="1108479" OBJECTGUID="e86a90e1-03c1-47de-8532-ee7fc511a3da" CHANGEID="3050182" NAME="Точка 11" TYPENAME="ул" LEVEL="8" OPERTYPEID="1" PREVID="0" NEXTID="52126188" UPDATEDATE="2024-09-10" STARTDATE="1900-01-01" ENDDATE="2024-09-10" ISACTUAL="0" ISACTIVE="0" /><OBJECT ID="52126189" OBJECTID="1106558" OBJECTGUID="901ede32-f41f-4377-9677-8ec58631b78a" CHANGEID="600811268" NAME="Точка 10" TYPENAME="ул" LEVEL="8" OPERTYPEID="30" PREVID="1363606" NEXTID="0" UPDATEDATE="2024-09-10" STARTDATE="2024-09-10" ENDDATE="2079-06-06" ISACTUAL="1" ISACTIVE="0" /><OBJECT ID="52126190" OBJECTID="1105486" OBJECTGUID="c57f83f3-42c9-474f-9584-478835c436bc" CHANGEID="600811269" NAME="Точка 12" TYPENAME="ул" LEVEL="8" OPERTYPEID="30" PREVID="1362432" NEXTID="0" UPDATEDATE="2024-09-10" STARTDATE="2024-09-10" ENDDATE="2079-06-06" ISACTUAL="1" ISACTIVE="0" /><OBJECT ID="52126191" OBJECTID="1112439" OBJECTGUID="e3bbea05-29f5-477b-b2d6-eef8ea8a4ac1" CHANGEID="600811278" NAME="Ковыльная точка 9" TYPENAME="ул" LEVEL="8" OPERTYPEID="30" PREVID="1370251" NEXTID="0" UPDATEDATE="2024-09-10" STARTDATE="2024-09-10" ENDDATE="2079-06-06" ISACTUAL="1" ISACTIVE="0" /><OBJECT ID="52126250" OBJECTID="1114858" OBJECTGUID="cd421d4a-cafb-4e79-abc0-2cd15cfe1892" CHANGEID="600813968" NAME="Точка 17" TYPENAME="ул" LEVEL="8" OPERTYPEID="30" PREVID="1373024" NEXTID="0" UPDATEDATE="2024-09-10" STARTDATE="2024-09-10" ENDDATE="2079-06-06" ISACTUAL="1" ISACTIVE="0" /><OBJECT ID="52126251" OBJECTID="1112655" OBJECTGUID="980d5454-366a-4fc6-ae5c-5b5238140a1c" CHANGEID="600813969" NAME="Точка 6" TYPENAME="ул" LEVEL="8" OPERTYPEID="30" PREVID="1370507" NEXTID="0" UPDATEDATE="2024-09-10" STARTDATE="2024-09-10" ENDDATE="2079-06-06" ISACTUAL="1" ISACTIVE="0" /><OBJECT ID="52126252" OBJECTID="1106621" OBJECTGUID="f97bae31-27eb-43eb-8d63-9d05e6b7b97e" CHANGEID="600813970" NAME="Точка 7" TYPENAME="ул" LEVEL="8" OPERTYPEID="30" PREVID="1363670" NEXTID="0" UPDATEDATE="2024-09-10" STARTDATE="2024-09-10" ENDDATE="2079-06-06" ISACTUAL="1" ISACTIVE="0" /><OBJECT ID="1363670" OBJECTID="1106621" OBJECTGUID="f97bae31-27eb-43eb-8d63-9d05e6b7b97e" CHANGEID="3045588" NAME="Точка 7" TYPENAME="ул" LEVEL="8" OPERTYPEID="1" PREVID="0" NEXTID="52126252" UPDATEDATE="2024-09-10" STARTDATE="1900-01-01" ENDDATE="2024-09-10" ISACTUAL="0" ISACTIVE="0" /><OBJECT ID="52126253" OBJECTID="1112101" OBJECTGUID="a9547da1-09ec-484e-88ae-176b6772ff4b" CHANGEID="600813973" NAME="Точка 2" TYPENAME="ул" LEVEL="8" OPERTYPEID="30" PREVID="1369848" NEXTID="0" UPDATEDATE="2024-09-10" STARTDATE="2024-09-10" ENDDATE="2079-06-06" ISACTUAL="1" ISACTIVE="0" /><OBJECT ID="52126254" OBJECTID="1108931" OBJECTGUID="2c276582-9d13-4817-8225-4f369ae64fd9" CHANGEID="600813974" NAME="Точка 3" TYPENAME="ул" LEVEL="8" OPERTYPEID="30" PREVID="1366176" NEXTID="0" UPDATEDATE="2024-09-10" STARTDATE="2024-09-10" ENDDATE="2079-06-06" ISACTUAL="1" ISACTIVE="0" /><OBJECT ID="52126363" OBJECTID="165179719" OBJECTGUID="6205c81b-0fbd-4326-8a14-36683bbf9bea" CHANGEID="600842055" NAME="Северная" TYPENAME="тер." LEVEL="7" OPERTYPEID="10" PREVID="0" NEXTID="0" UPDATEDATE="2024-09-10" STARTDATE="2024-09-10" ENDDATE="2079-06-06" ISACTUAL="1" ISACTIVE="1" /><OBJECT ID="52126476" OBJECTID="165207804" OBJECTGUID="33490609-df5a-47ad-a0fc-2317a78baa8c" CHANGEID="600907971" NAME="Тацинская" TYPENAME="тер." LEVEL="7" OPERTYPEID="10" PREVID="0" NEXTID="0" UPDATEDATE="2024-09-11" STARTDATE="2024-09-11" ENDDATE="2079-06-06" ISACTUAL="1" ISACTIVE="1" /></ADDRESSOBJECTS>