﻿<?xml version="1.0" encoding="utf-8"?><STEADS><STEAD ID="6373292" OBJECTID="90908133" OBJECTGUID="22170f0e-3589-43ba-a739-bf097487106a" CHANGEID="133561740" NUMBER="3/б" OPERTYPEID="10" NEXTID="68663446" UPDATEDATE="2024-09-09" STARTDATE="2017-02-16" ENDDATE="2024-09-09" ISACTUAL="0" ISACTIVE="0" /><STEAD ID="68619247" OBJECTID="165070218" OBJECTGUID="5d374dcc-bfce-4868-bcf2-fe908ebe3c40" CHANGEID="600527552" NUMBER="2а" OPERTYPEID="10" PREVID="0" NEXTID="0" UPDATEDATE="2024-09-05" STARTDATE="2024-09-05" ENDDATE="2079-06-06" ISACTUAL="1" ISACTIVE="1" /><STEAD ID="68619248" OBJECTID="165070219" OBJECTGUID="01b966d6-7fe1-4b8d-8ff9-b6a5561b1d0d" CHANGEID="600527553" NUMBER="17а" OPERTYPEID="10" PREVID="0" NEXTID="0" UPDATEDATE="2024-09-05" STARTDATE="2024-09-05" ENDDATE="2079-06-06" ISACTUAL="1" ISACTIVE="1" /><STEAD ID="68619249" OBJECTID="165070220" OBJECTGUID="b89c9988-bb7b-42e4-9053-7d948e0e6b23" CHANGEID="600527554" NUMBER="21а" OPERTYPEID="10" PREVID="0" NEXTID="0" UPDATEDATE="2024-09-05" STARTDATE="2024-09-05" ENDDATE="2079-06-06" ISACTUAL="1" ISACTIVE="1" /><STEAD ID="68619250" OBJECTID="165070221" OBJECTGUID="9dfe1a6f-6035-4266-87c8-cf8b71f2494d" CHANGEID="600527555" NUMBER="24а" OPERTYPEID="10" PREVID="0" NEXTID="0" UPDATEDATE="2024-09-05" STARTDATE="2024-09-05" ENDDATE="2079-06-06" ISACTUAL="1" ISACTIVE="1" /><STEAD ID="68619251" OBJECTID="165070222" OBJECTGUID="533f27c0-eed6-4bbd-ba99-086b6d53ec49" CHANGEID="600527556" NUMBER="47" OPERTYPEID="10" PREVID="0" NEXTID="0" UPDATEDATE="2024-09-05" STARTDATE="2024-09-05" ENDDATE="2079-06-06" ISACTUAL="1" ISACTIVE="1" /><STEAD ID="68619296" OBJECTID="165070273" OBJECTGUID="a54589ad-64c6-4a67-b610-cc4362a1a900" CHANGEID="600527637" NUMBER="5а" OPERTYPEID="10" PREVID="0" NEXTID="0" UPDATEDATE="2024-09-05" STARTDATE="2024-09-05" ENDDATE="2079-06-06" ISACTUAL="1" ISACTIVE="1" /><STEAD ID="68619359" OBJECTID="165070343" OBJECTGUID="078ca628-bd9b-45c1-b6e3-784bbccecc62" CHANGEID="600527742" NUMBER="9" OPERTYPEID="10" PREVID="0" NEXTID="0" UPDATEDATE="2024-09-05" STARTDATE="2024-09-05" ENDDATE="2079-06-06" ISACTUAL="1" ISACTIVE="1" /><STEAD ID="68619360" OBJECTID="165070344" OBJECTGUID="0006d2d2-ebf0-47ee-becc-5d891e4c1ff3" CHANGEID="600527743" NUMBER="11" OPERTYPEID="10" PREVID="0" NEXTID="0" UPDATEDATE="2024-09-05" STARTDATE="2024-09-05" ENDDATE="2079-06-06" ISACTUAL="1" ISACTIVE="1" /><STEAD ID="68619361" OBJECTID="165070345" OBJECTGUID="10cef774-5c61-4390-a502-c7fda79601ab" CHANGEID="600527744" NUMBER="11а" OPERTYPEID="10" PREVID="0" NEXTID="0" UPDATEDATE="2024-09-05" STARTDATE="2024-09-05" ENDDATE="2079-06-06" ISACTUAL="1" ISACTIVE="1" /><STEAD ID="68619362" OBJECTID="165070346" OBJECTGUID="e832f401-c436-422e-abab-c0c9d19cbb06" CHANGEID="600527745" NUMBER="11б" OPERTYPEID="10" PREVID="0" NEXTID="0" UPDATEDATE="2024-09-05" STARTDATE="2024-09-05" ENDDATE="2079-06-06" ISACTUAL="1" ISACTIVE="1" /><STEAD ID="68619363" OBJECTID="165070347" OBJECTGUID="a39b6c64-b8e5-42ac-959e-907b3b779c5e" CHANGEID="600527746" NUMBER="17а" OPERTYPEID="10" PREVID="0" NEXTID="0" UPDATEDATE="2024-09-05" STARTDATE="2024-09-05" ENDDATE="2079-06-06" ISACTUAL="1" ISACTIVE="1" /><STEAD ID="68619364" OBJECTID="165070348" OBJECTGUID="d8c02b64-545e-423f-b9cc-d0c1b0ddfb44" CHANGEID="600527747" NUMBER="34а" OPERTYPEID="10" PREVID="0" NEXTID="0" UPDATEDATE="2024-09-05" STARTDATE="2024-09-05" ENDDATE="2079-06-06" ISACTUAL="1" ISACTIVE="1" /><STEAD ID="68619365" OBJECTID="165070349" OBJECTGUID="1cb31176-1a4a-4cf6-8238-24168c60220a" CHANGEID="600527748" NUMBER="42а" OPERTYPEID="10" PREVID="0" NEXTID="0" UPDATEDATE="2024-09-05" STARTDATE="2024-09-05" ENDDATE="2079-06-06" ISACTUAL="1" ISACTIVE="1" /><STEAD ID="68619366" OBJECTID="165070350" OBJECTGUID="9a77dd4b-6b84-4677-962e-8b37e8227199" CHANGEID="600527749" NUMBER="44а" OPERTYPEID="10" PREVID="0" NEXTID="0" UPDATEDATE="2024-09-05" STARTDATE="2024-09-05" ENDDATE="2079-06-06" ISACTUAL="1" ISACTIVE="1" /><STEAD ID="68619367" OBJECTID="165070351" OBJECTGUID="4bf54392-3bf1-47c3-89a0-80964fe5b69f" CHANGEID="600527750" NUMBER="46" OPERTYPEID="10" PREVID="0" NEXTID="0" UPDATEDATE="2024-09-05" STARTDATE="2024-09-05" ENDDATE="2079-06-06" ISACTUAL="1" ISACTIVE="1" /><STEAD ID="68619391" OBJECTID="165070383" OBJECTGUID="f1dfc926-ddfa-4c6d-9b65-1e02f4b1a8d4" CHANGEID="600527825" NUMBER="2а" OPERTYPEID="10" PREVID="0" NEXTID="0" UPDATEDATE="2024-09-05" STARTDATE="2024-09-05" ENDDATE="2079-06-06" ISACTUAL="1" ISACTIVE="1" /><STEAD ID="68619392" OBJECTID="165070384" OBJECTGUID="d1cbe606-f686-4424-a10e-e0e2743c44ba" CHANGEID="600527826" NUMBER="6а" OPERTYPEID="10" PREVID="0" NEXTID="0" UPDATEDATE="2024-09-05" STARTDATE="2024-09-05" ENDDATE="2079-06-06" ISACTUAL="1" ISACTIVE="1" /><STEAD ID="68619393" OBJECTID="165070385" OBJECTGUID="3dda4b2a-759d-4c94-a780-c0b4f3401a13" CHANGEID="600527827" NUMBER="6б" OPERTYPEID="10" PREVID="0" NEXTID="0" UPDATEDATE="2024-09-05" STARTDATE="2024-09-05" ENDDATE="2079-06-06" ISACTUAL="1" ISACTIVE="1" /><STEAD ID="68619394" OBJECTID="165070386" OBJECTGUID="338544f6-72a7-4843-8d49-383567d94134" CHANGEID="600527828" NUMBER="12а" OPERTYPEID="10" PREVID="0" NEXTID="0" UPDATEDATE="2024-09-05" STARTDATE="2024-09-05" ENDDATE="2079-06-06" ISACTUAL="1" ISACTIVE="1" /><STEAD ID="68619395" OBJECTID="165070387" OBJECTGUID="d5e083b6-a5b2-46da-8965-cff66123f957" CHANGEID="600527829" NUMBER="27а" OPERTYPEID="10" PREVID="0" NEXTID="0" UPDATEDATE="2024-09-05" STARTDATE="2024-09-05" ENDDATE="2079-06-06" ISACTUAL="1" ISACTIVE="1" /><STEAD ID="68619396" OBJECTID="165070388" OBJECTGUID="21b97b59-decd-44ef-ac6e-3212049f6c92" CHANGEID="600527830" NUMBER="27б" OPERTYPEID="10" PREVID="0" NEXTID="0" UPDATEDATE="2024-09-05" STARTDATE="2024-09-05" ENDDATE="2079-06-06" ISACTUAL="1" ISACTIVE="1" /><STEAD ID="68619397" OBJECTID="165070389" OBJECTGUID="a3dc46e3-7bf1-40ff-9b34-a0d55a722510" CHANGEID="600527831" NUMBER="28" OPERTYPEID="10" PREVID="0" NEXTID="0" UPDATEDATE="2024-09-05" STARTDATE="2024-09-05" ENDDATE="2079-06-06" ISACTUAL="1" ISACTIVE="1" /><STEAD ID="68619398" OBJECTID="165070390" OBJECTGUID="31a83419-3dec-434d-959f-b5ece32bae23" CHANGEID="600527832" NUMBER="29" OPERTYPEID="10" PREVID="0" NEXTID="0" UPDATEDATE="2024-09-05" STARTDATE="2024-09-05" ENDDATE="2079-06-06" ISACTUAL="1" ISACTIVE="1" /><STEAD ID="68619461" OBJECTID="165070486" OBJECTGUID="5ac33808-4577-4692-8f0b-0b37a6ec1153" CHANGEID="600527978" NUMBER="16а" OPERTYPEID="10" PREVID="0" NEXTID="0" UPDATEDATE="2024-09-05" STARTDATE="2024-09-05" ENDDATE="2079-06-06" ISACTUAL="1" ISACTIVE="1" /><STEAD ID="68619528" OBJECTID="165070720" OBJECTGUID="8176b3ba-b2c6-4fbf-b447-b629ae4372be" CHANGEID="600528269" NUMBER="4а" OPERTYPEID="10" PREVID="0" NEXTID="0" UPDATEDATE="2024-09-05" STARTDATE="2024-09-05" ENDDATE="2079-06-06" ISACTUAL="1" ISACTIVE="1" /><STEAD ID="68619529" OBJECTID="165070721" OBJECTGUID="decd2e5e-5eab-4a5d-b4e1-379c09419b11" CHANGEID="600528270" NUMBER="16а" OPERTYPEID="10" PREVID="0" NEXTID="0" UPDATEDATE="2024-09-05" STARTDATE="2024-09-05" ENDDATE="2079-06-06" ISACTUAL="1" ISACTIVE="1" /><STEAD ID="68619530" OBJECTID="165070722" OBJECTGUID="1b80930f-a3fa-4e37-903e-f49700aad879" CHANGEID="600528271" NUMBER="33" OPERTYPEID="10" PREVID="0" NEXTID="0" UPDATEDATE="2024-09-05" STARTDATE="2024-09-05" ENDDATE="2079-06-06" ISACTUAL="1" ISACTIVE="1" /><STEAD ID="68619444" OBJECTID="165070464" OBJECTGUID="15a0e38c-256d-470b-8a42-e90040664f4f" CHANGEID="600527953" NUMBER="4а" OPERTYPEID="10" PREVID="0" NEXTID="0" UPDATEDATE="2024-09-05" STARTDATE="2024-09-05" ENDDATE="2079-06-06" ISACTUAL="1" ISACTIVE="1" /><STEAD ID="68619445" OBJECTID="165070465" OBJECTGUID="fcc439b5-b3f0-4fa1-932f-c3937fb4ed9a" CHANGEID="600527954" NUMBER="4б" OPERTYPEID="10" PREVID="0" NEXTID="0" UPDATEDATE="2024-09-05" STARTDATE="2024-09-05" ENDDATE="2079-06-06" ISACTUAL="1" ISACTIVE="1" /><STEAD ID="68619446" OBJECTID="165070466" OBJECTGUID="a408f272-8517-47f6-b834-a0f9f39a8704" CHANGEID="600527955" NUMBER="15" OPERTYPEID="10" PREVID="0" NEXTID="0" UPDATEDATE="2024-09-05" STARTDATE="2024-09-05" ENDDATE="2079-06-06" ISACTUAL="1" ISACTIVE="1" /><STEAD ID="68619447" OBJECTID="165070467" OBJECTGUID="1adb96f0-3f74-47c2-a1c3-2171c796b2d5" CHANGEID="600527956" NUMBER="20а" OPERTYPEID="10" PREVID="0" NEXTID="0" UPDATEDATE="2024-09-05" STARTDATE="2024-09-05" ENDDATE="2079-06-06" ISACTUAL="1" ISACTIVE="1" /><STEAD ID="68619448" OBJECTID="165070468" OBJECTGUID="2c4fd01b-0a00-4756-a8f1-cd6e61f4b7a3" CHANGEID="600527957" NUMBER="32а" OPERTYPEID="10" PREVID="0" NEXTID="0" UPDATEDATE="2024-09-05" STARTDATE="2024-09-05" ENDDATE="2079-06-06" ISACTUAL="1" ISACTIVE="1" /><STEAD ID="68619449" OBJECTID="165070469" OBJECTGUID="a28a712f-3c3f-4147-ab4a-648431838872" CHANGEID="600527958" NUMBER="36а" OPERTYPEID="10" PREVID="0" NEXTID="0" UPDATEDATE="2024-09-05" STARTDATE="2024-09-05" ENDDATE="2079-06-06" ISACTUAL="1" ISACTIVE="1" /><STEAD ID="68619450" OBJECTID="165070470" OBJECTGUID="7b0e4bbe-0ec9-4661-898b-af0c9ed0c65b" CHANGEID="600527959" NUMBER="37а" OPERTYPEID="10" PREVID="0" NEXTID="0" UPDATEDATE="2024-09-05" STARTDATE="2024-09-05" ENDDATE="2079-06-06" ISACTUAL="1" ISACTIVE="1" /><STEAD ID="68619451" OBJECTID="165070471" OBJECTGUID="e873a865-bb66-42bf-9a01-d2a5edc31d07" CHANGEID="600527960" NUMBER="37б" OPERTYPEID="10" PREVID="0" NEXTID="0" UPDATEDATE="2024-09-05" STARTDATE="2024-09-05" ENDDATE="2079-06-06" ISACTUAL="1" ISACTIVE="1" /><STEAD ID="68619452" OBJECTID="165070472" OBJECTGUID="c5a4950b-1633-4e5c-9fdb-232b028c014a" CHANGEID="600527961" NUMBER="44а" OPERTYPEID="10" PREVID="0" NEXTID="0" UPDATEDATE="2024-09-05" STARTDATE="2024-09-05" ENDDATE="2079-06-06" ISACTUAL="1" ISACTIVE="1" /><STEAD ID="68619492" OBJECTID="165070522" OBJECTGUID="0815d565-1e17-4a13-958d-b7ffe97f9845" CHANGEID="600528037" NUMBER="3а" OPERTYPEID="10" PREVID="0" NEXTID="0" UPDATEDATE="2024-09-05" STARTDATE="2024-09-05" ENDDATE="2079-06-06" ISACTUAL="1" ISACTIVE="1" /><STEAD ID="68619513" OBJECTID="165070597" OBJECTGUID="f39c81b0-1f6a-4d1f-8e5e-3beca52df3d2" CHANGEID="600528126" NUMBER="1а" OPERTYPEID="10" PREVID="0" NEXTID="0" UPDATEDATE="2024-09-05" STARTDATE="2024-09-05" ENDDATE="2079-06-06" ISACTUAL="1" ISACTIVE="1" /><STEAD ID="68619514" OBJECTID="165070598" OBJECTGUID="4c92c929-177e-4fc0-bfeb-2d39ee82f193" CHANGEID="600528127" NUMBER="1б" OPERTYPEID="10" PREVID="0" NEXTID="0" UPDATEDATE="2024-09-05" STARTDATE="2024-09-05" ENDDATE="2079-06-06" ISACTUAL="1" ISACTIVE="1" /><STEAD ID="68619515" OBJECTID="165070599" OBJECTGUID="3c4e758c-1145-4f03-b8dd-cbde9bf8d2f3" CHANGEID="600528128" NUMBER="10" OPERTYPEID="10" PREVID="0" NEXTID="0" UPDATEDATE="2024-09-05" STARTDATE="2024-09-05" ENDDATE="2079-06-06" ISACTUAL="1" ISACTIVE="1" /><STEAD ID="68619516" OBJECTID="165070600" OBJECTGUID="0499c260-8262-4465-91b5-b2bd5af64ca7" CHANGEID="600528129" NUMBER="34а" OPERTYPEID="10" PREVID="0" NEXTID="0" UPDATEDATE="2024-09-05" STARTDATE="2024-09-05" ENDDATE="2079-06-06" ISACTUAL="1" ISACTIVE="1" /><STEAD ID="68619605" OBJECTID="165070833" OBJECTGUID="540f037f-d124-429f-80b0-dc8175394f89" CHANGEID="600528447" NUMBER="30" OPERTYPEID="10" PREVID="0" NEXTID="0" UPDATEDATE="2024-09-05" STARTDATE="2024-09-05" ENDDATE="2079-06-06" ISACTUAL="1" ISACTIVE="1" /><STEAD ID="68619606" OBJECTID="165070834" OBJECTGUID="4ef4c7b3-80a4-4223-8700-8c8544f626e8" CHANGEID="600528448" NUMBER="50" OPERTYPEID="10" PREVID="0" NEXTID="0" UPDATEDATE="2024-09-05" STARTDATE="2024-09-05" ENDDATE="2079-06-06" ISACTUAL="1" ISACTIVE="1" /><STEAD ID="68619607" OBJECTID="165070835" OBJECTGUID="27b7b9f4-84eb-482c-abe3-ab363818697f" CHANGEID="600528449" NUMBER="57а" OPERTYPEID="10" PREVID="0" NEXTID="0" UPDATEDATE="2024-09-05" STARTDATE="2024-09-05" ENDDATE="2079-06-06" ISACTUAL="1" ISACTIVE="1" /><STEAD ID="68619578" OBJECTID="165070798" OBJECTGUID="05c3a803-c939-40e8-a40a-cee2228945c0" CHANGEID="600528391" NUMBER="36" OPERTYPEID="10" PREVID="0" NEXTID="0" UPDATEDATE="2024-09-05" STARTDATE="2024-09-05" ENDDATE="2079-06-06" ISACTUAL="1" ISACTIVE="1" /><STEAD ID="68619579" OBJECTID="165070799" OBJECTGUID="cd2ef6c0-6d83-41b5-90e8-e5e06363bbcc" CHANGEID="600528392" NUMBER="36а" OPERTYPEID="10" PREVID="0" NEXTID="0" UPDATEDATE="2024-09-05" STARTDATE="2024-09-05" ENDDATE="2079-06-06" ISACTUAL="1" ISACTIVE="1" /><STEAD ID="68619580" OBJECTID="165070800" OBJECTGUID="d2259d64-5e74-49e3-a98c-a1e818236931" CHANGEID="600528393" NUMBER="40а" OPERTYPEID="10" PREVID="0" NEXTID="0" UPDATEDATE="2024-09-05" STARTDATE="2024-09-05" ENDDATE="2079-06-06" ISACTUAL="1" ISACTIVE="1" /><STEAD ID="68619581" OBJECTID="165070801" OBJECTGUID="16180bb2-bfc3-424d-bc31-02c0a1b59729" CHANGEID="600528394" NUMBER="45" OPERTYPEID="10" PREVID="0" NEXTID="0" UPDATEDATE="2024-09-05" STARTDATE="2024-09-05" ENDDATE="2079-06-06" ISACTUAL="1" ISACTIVE="1" /><STEAD ID="68619582" OBJECTID="165070802" OBJECTGUID="95ed6fd3-f403-4085-8632-b2593dd80c2c" CHANGEID="600528395" NUMBER="47" OPERTYPEID="10" PREVID="0" NEXTID="0" UPDATEDATE="2024-09-05" STARTDATE="2024-09-05" ENDDATE="2079-06-06" ISACTUAL="1" ISACTIVE="1" /><STEAD ID="68619583" OBJECTID="165070803" OBJECTGUID="05607cff-8fa7-487f-80c0-9d26e28a5a6f" CHANGEID="600528396" NUMBER="50" OPERTYPEID="10" PREVID="0" NEXTID="0" UPDATEDATE="2024-09-05" STARTDATE="2024-09-05" ENDDATE="2079-06-06" ISACTUAL="1" ISACTIVE="1" /><STEAD ID="68619584" OBJECTID="165070804" OBJECTGUID="6f0ec32c-70eb-4e70-8ba7-ea517fa3ccd7" CHANGEID="600528397" NUMBER="51" OPERTYPEID="10" PREVID="0" NEXTID="0" UPDATEDATE="2024-09-05" STARTDATE="2024-09-05" ENDDATE="2079-06-06" ISACTUAL="1" ISACTIVE="1" /><STEAD ID="68619585" OBJECTID="165070805" OBJECTGUID="ee1ce081-f8c6-4bce-ba17-859269f57442" CHANGEID="600528398" NUMBER="52а" OPERTYPEID="10" PREVID="0" NEXTID="0" UPDATEDATE="2024-09-05" STARTDATE="2024-09-05" ENDDATE="2079-06-06" ISACTUAL="1" ISACTIVE="1" /><STEAD ID="68619586" OBJECTID="165070806" OBJECTGUID="513776fd-358e-4ca7-a7b1-7922a758d396" CHANGEID="600528399" NUMBER="58а" OPERTYPEID="10" PREVID="0" NEXTID="0" UPDATEDATE="2024-09-05" STARTDATE="2024-09-05" ENDDATE="2079-06-06" ISACTUAL="1" ISACTIVE="1" /><STEAD ID="68619587" OBJECTID="165070807" OBJECTGUID="6f9685bf-2eb4-4b5d-a567-39be90f78510" CHANGEID="600528400" NUMBER="65" OPERTYPEID="10" PREVID="0" NEXTID="0" UPDATEDATE="2024-09-05" STARTDATE="2024-09-05" ENDDATE="2079-06-06" ISACTUAL="1" ISACTIVE="1" /><STEAD ID="68619588" OBJECTID="165070808" OBJECTGUID="7b3cb636-ca22-44c2-95af-16a2e007ef19" CHANGEID="600528401" NUMBER="67" OPERTYPEID="10" PREVID="0" NEXTID="0" UPDATEDATE="2024-09-05" STARTDATE="2024-09-05" ENDDATE="2079-06-06" ISACTUAL="1" ISACTIVE="1" /><STEAD ID="68619589" OBJECTID="165070809" OBJECTGUID="6ef3e681-83ee-4c35-a8b8-04a10185bcc9" CHANGEID="600528402" NUMBER="69" OPERTYPEID="10" PREVID="0" NEXTID="0" UPDATEDATE="2024-09-05" STARTDATE="2024-09-05" ENDDATE="2079-06-06" ISACTUAL="1" ISACTIVE="1" /><STEAD ID="68619590" OBJECTID="165070810" OBJECTGUID="e92aa9a4-1bf4-413e-a896-d0bd1b312294" CHANGEID="600528403" NUMBER="4" OPERTYPEID="10" PREVID="0" NEXTID="0" UPDATEDATE="2024-09-05" STARTDATE="2024-09-05" ENDDATE="2079-06-06" ISACTUAL="1" ISACTIVE="1" /><STEAD ID="68619591" OBJECTID="165070811" OBJECTGUID="b312ab27-a9d3-46d9-a09c-b06e5e58b854" CHANGEID="600528404" NUMBER="7" OPERTYPEID="10" PREVID="0" NEXTID="0" UPDATEDATE="2024-09-05" STARTDATE="2024-09-05" ENDDATE="2079-06-06" ISACTUAL="1" ISACTIVE="1" /><STEAD ID="68619592" OBJECTID="165070812" OBJECTGUID="fb255ffd-7d4c-4755-b0e5-f15b583975dc" CHANGEID="600528405" NUMBER="9" OPERTYPEID="10" PREVID="0" NEXTID="0" UPDATEDATE="2024-09-05" STARTDATE="2024-09-05" ENDDATE="2079-06-06" ISACTUAL="1" ISACTIVE="1" /><STEAD ID="68619593" OBJECTID="165070813" OBJECTGUID="7914e826-4a41-485f-8776-18544ce406f2" CHANGEID="600528406" NUMBER="25" OPERTYPEID="10" PREVID="0" NEXTID="0" UPDATEDATE="2024-09-05" STARTDATE="2024-09-05" ENDDATE="2079-06-06" ISACTUAL="1" ISACTIVE="1" /><STEAD ID="68619594" OBJECTID="165070814" OBJECTGUID="2eee1c27-e854-46bb-b330-607d32b67236" CHANGEID="600528407" NUMBER="28" OPERTYPEID="10" PREVID="0" NEXTID="0" UPDATEDATE="2024-09-05" STARTDATE="2024-09-05" ENDDATE="2079-06-06" ISACTUAL="1" ISACTIVE="1" /><STEAD ID="68619595" OBJECTID="165070815" OBJECTGUID="fa269d76-3942-455f-a1ad-099144f3a04a" CHANGEID="600528408" NUMBER="31" OPERTYPEID="10" PREVID="0" NEXTID="0" UPDATEDATE="2024-09-05" STARTDATE="2024-09-05" ENDDATE="2079-06-06" ISACTUAL="1" ISACTIVE="1" /><STEAD ID="68619624" OBJECTID="165070861" OBJECTGUID="06919837-bf30-4d54-85c3-ea9bba42f63a" CHANGEID="600528489" NUMBER="6" OPERTYPEID="10" PREVID="0" NEXTID="0" UPDATEDATE="2024-09-05" STARTDATE="2024-09-05" ENDDATE="2079-06-06" ISACTUAL="1" ISACTIVE="1" /><STEAD ID="68619625" OBJECTID="165070862" OBJECTGUID="adddb8ea-aca1-4518-85ae-2405fe7c22b8" CHANGEID="600528490" NUMBER="13" OPERTYPEID="10" PREVID="0" NEXTID="0" UPDATEDATE="2024-09-05" STARTDATE="2024-09-05" ENDDATE="2079-06-06" ISACTUAL="1" ISACTIVE="1" /><STEAD ID="68619626" OBJECTID="165070863" OBJECTGUID="7c82eb8d-3f19-4fd0-a9ce-c259a592c703" CHANGEID="600528491" NUMBER="14" OPERTYPEID="10" PREVID="0" NEXTID="0" UPDATEDATE="2024-09-05" STARTDATE="2024-09-05" ENDDATE="2079-06-06" ISACTUAL="1" ISACTIVE="1" /><STEAD ID="68619627" OBJECTID="165070864" OBJECTGUID="1ce21217-e11b-4ec8-a842-4500d92acec5" CHANGEID="600528492" NUMBER="20" OPERTYPEID="10" PREVID="0" NEXTID="0" UPDATEDATE="2024-09-05" STARTDATE="2024-09-05" ENDDATE="2079-06-06" ISACTUAL="1" ISACTIVE="1" /><STEAD ID="68619628" OBJECTID="165070865" OBJECTGUID="fedeac0f-5200-4520-b0db-a0332e07adc3" CHANGEID="600528493" NUMBER="21" OPERTYPEID="10" PREVID="0" NEXTID="0" UPDATEDATE="2024-09-05" STARTDATE="2024-09-05" ENDDATE="2079-06-06" ISACTUAL="1" ISACTIVE="1" /><STEAD ID="68619629" OBJECTID="165070866" OBJECTGUID="0819dd39-0629-4d25-8c5c-b7fc6460efa5" CHANGEID="600528494" NUMBER="22" OPERTYPEID="10" PREVID="0" NEXTID="0" UPDATEDATE="2024-09-05" STARTDATE="2024-09-05" ENDDATE="2079-06-06" ISACTUAL="1" ISACTIVE="1" /><STEAD ID="68619630" OBJECTID="165070867" OBJECTGUID="afb8ea0a-613c-4f41-a321-13ffe861ee89" CHANGEID="600528495" NUMBER="31" OPERTYPEID="10" PREVID="0" NEXTID="0" UPDATEDATE="2024-09-05" STARTDATE="2024-09-05" ENDDATE="2079-06-06" ISACTUAL="1" ISACTIVE="1" /><STEAD ID="68619631" OBJECTID="165070868" OBJECTGUID="74bc5f09-14fd-469a-acb3-b9f202d32998" CHANGEID="600528496" NUMBER="60" OPERTYPEID="10" PREVID="0" NEXTID="0" UPDATEDATE="2024-09-05" STARTDATE="2024-09-05" ENDDATE="2079-06-06" ISACTUAL="1" ISACTIVE="1" /><STEAD ID="68619638" OBJECTID="165071003" OBJECTGUID="91edf8f4-7f65-4121-bc5c-a24fdcfb132b" CHANGEID="600528646" NUMBER="12а" OPERTYPEID="10" PREVID="0" NEXTID="0" UPDATEDATE="2024-09-05" STARTDATE="2024-09-05" ENDDATE="2079-06-06" ISACTUAL="1" ISACTIVE="1" /><STEAD ID="68619639" OBJECTID="165071004" OBJECTGUID="5f890203-cfc4-4539-8b33-10b6b046e63a" CHANGEID="600528647" NUMBER="18" OPERTYPEID="10" PREVID="0" NEXTID="0" UPDATEDATE="2024-09-05" STARTDATE="2024-09-05" ENDDATE="2079-06-06" ISACTUAL="1" ISACTIVE="1" /><STEAD ID="68619649" OBJECTID="165071019" OBJECTGUID="e35317e9-605b-4f8a-9200-8c303fd7731c" CHANGEID="600528678" NUMBER="1а" OPERTYPEID="10" PREVID="0" NEXTID="0" UPDATEDATE="2024-09-05" STARTDATE="2024-09-05" ENDDATE="2079-06-06" ISACTUAL="1" ISACTIVE="1" /><STEAD ID="68619650" OBJECTID="165071020" OBJECTGUID="0b1bad05-9240-46b1-9328-616c9e92728c" CHANGEID="600528679" NUMBER="1б" OPERTYPEID="10" PREVID="0" NEXTID="0" UPDATEDATE="2024-09-05" STARTDATE="2024-09-05" ENDDATE="2079-06-06" ISACTUAL="1" ISACTIVE="1" /><STEAD ID="68619651" OBJECTID="165071021" OBJECTGUID="4de94a59-2c55-4892-8a2a-e20d629f93dc" CHANGEID="600528680" NUMBER="19" OPERTYPEID="10" PREVID="0" NEXTID="0" UPDATEDATE="2024-09-05" STARTDATE="2024-09-05" ENDDATE="2079-06-06" ISACTUAL="1" ISACTIVE="1" /><STEAD ID="68619652" OBJECTID="165071022" OBJECTGUID="a4eb6191-06eb-4106-bb3e-39022006d2ba" CHANGEID="600528681" NUMBER="23а" OPERTYPEID="10" PREVID="0" NEXTID="0" UPDATEDATE="2024-09-05" STARTDATE="2024-09-05" ENDDATE="2079-06-06" ISACTUAL="1" ISACTIVE="1" /><STEAD ID="68619653" OBJECTID="165071023" OBJECTGUID="e8160877-5606-46ce-8cc4-18ccf6d6d138" CHANGEID="600528682" NUMBER="63" OPERTYPEID="10" PREVID="0" NEXTID="0" UPDATEDATE="2024-09-05" STARTDATE="2024-09-05" ENDDATE="2079-06-06" ISACTUAL="1" ISACTIVE="1" /><STEAD ID="68619654" OBJECTID="165071024" OBJECTGUID="10733a64-d12c-485c-b3f1-ed0b2406c937" CHANGEID="600528683" NUMBER="65" OPERTYPEID="10" PREVID="0" NEXTID="0" UPDATEDATE="2024-09-05" STARTDATE="2024-09-05" ENDDATE="2079-06-06" ISACTUAL="1" ISACTIVE="1" /><STEAD ID="68619667" OBJECTID="165071041" OBJECTGUID="02e5f01d-f103-4930-8b8d-13af6e5de267" CHANGEID="600528720" NUMBER="3" OPERTYPEID="10" PREVID="0" NEXTID="0" UPDATEDATE="2024-09-05" STARTDATE="2024-09-05" ENDDATE="2079-06-06" ISACTUAL="1" ISACTIVE="1" /><STEAD ID="68619668" OBJECTID="165071042" OBJECTGUID="85d77701-2554-4c45-a051-b935c3684966" CHANGEID="600528721" NUMBER="5" OPERTYPEID="10" PREVID="0" NEXTID="0" UPDATEDATE="2024-09-05" STARTDATE="2024-09-05" ENDDATE="2079-06-06" ISACTUAL="1" ISACTIVE="1" /><STEAD ID="68619669" OBJECTID="165071043" OBJECTGUID="f8ff5785-4a21-4163-b8da-7db69f56ff39" CHANGEID="600528722" NUMBER="10" OPERTYPEID="10" PREVID="0" NEXTID="0" UPDATEDATE="2024-09-05" STARTDATE="2024-09-05" ENDDATE="2079-06-06" ISACTUAL="1" ISACTIVE="1" /><STEAD ID="68619670" OBJECTID="165071044" OBJECTGUID="175a6439-dfe1-4b91-ba6b-4b28c3463099" CHANGEID="600528723" NUMBER="13" OPERTYPEID="10" PREVID="0" NEXTID="0" UPDATEDATE="2024-09-05" STARTDATE="2024-09-05" ENDDATE="2079-06-06" ISACTUAL="1" ISACTIVE="1" /><STEAD ID="68619671" OBJECTID="165071045" OBJECTGUID="ed78c6f6-de82-43c5-8e80-c48526174294" CHANGEID="600528724" NUMBER="25" OPERTYPEID="10" PREVID="0" NEXTID="0" UPDATEDATE="2024-09-05" STARTDATE="2024-09-05" ENDDATE="2079-06-06" ISACTUAL="1" ISACTIVE="1" /><STEAD ID="68619672" OBJECTID="165071046" OBJECTGUID="0777b76d-0b7a-4720-8ffb-f4f49c2fdc7f" CHANGEID="600528725" NUMBER="26" OPERTYPEID="10" PREVID="0" NEXTID="0" UPDATEDATE="2024-09-05" STARTDATE="2024-09-05" ENDDATE="2079-06-06" ISACTUAL="1" ISACTIVE="1" /><STEAD ID="68619673" OBJECTID="165071047" OBJECTGUID="59221994-a321-4638-acde-b39f39688fb0" CHANGEID="600528726" NUMBER="43" OPERTYPEID="10" PREVID="0" NEXTID="0" UPDATEDATE="2024-09-05" STARTDATE="2024-09-05" ENDDATE="2079-06-06" ISACTUAL="1" ISACTIVE="1" /><STEAD ID="68619674" OBJECTID="165071048" OBJECTGUID="fc5bb1f7-c3bd-405e-a979-1047850a3248" CHANGEID="600528727" NUMBER="48" OPERTYPEID="10" PREVID="0" NEXTID="0" UPDATEDATE="2024-09-05" STARTDATE="2024-09-05" ENDDATE="2079-06-06" ISACTUAL="1" ISACTIVE="1" /><STEAD ID="68619675" OBJECTID="165071049" OBJECTGUID="ff98c0d7-30d9-42b8-8dc2-448b31be68f1" CHANGEID="600528728" NUMBER="56а" OPERTYPEID="10" PREVID="0" NEXTID="0" UPDATEDATE="2024-09-05" STARTDATE="2024-09-05" ENDDATE="2079-06-06" ISACTUAL="1" ISACTIVE="1" /><STEAD ID="68619686" OBJECTID="165071174" OBJECTGUID="d99f4723-40fb-406f-b058-c84de35c2220" CHANGEID="600528878" NUMBER="29" OPERTYPEID="10" PREVID="0" NEXTID="0" UPDATEDATE="2024-09-05" STARTDATE="2024-09-05" ENDDATE="2079-06-06" ISACTUAL="1" ISACTIVE="1" /><STEAD ID="68619687" OBJECTID="165071175" OBJECTGUID="5edf11f1-e0ea-4f7c-9208-9cd12f0e2fde" CHANGEID="600528879" NUMBER="34" OPERTYPEID="10" PREVID="0" NEXTID="0" UPDATEDATE="2024-09-05" STARTDATE="2024-09-05" ENDDATE="2079-06-06" ISACTUAL="1" ISACTIVE="1" /><STEAD ID="68619688" OBJECTID="165071176" OBJECTGUID="6568ff69-9681-4798-bd11-4c687c91430d" CHANGEID="600528880" NUMBER="36" OPERTYPEID="10" PREVID="0" NEXTID="0" UPDATEDATE="2024-09-05" STARTDATE="2024-09-05" ENDDATE="2079-06-06" ISACTUAL="1" ISACTIVE="1" /><STEAD ID="68619689" OBJECTID="165071177" OBJECTGUID="33e4cd04-525d-4b14-b70e-01c656493163" CHANGEID="600528881" NUMBER="38" OPERTYPEID="10" PREVID="0" NEXTID="0" UPDATEDATE="2024-09-05" STARTDATE="2024-09-05" ENDDATE="2079-06-06" ISACTUAL="1" ISACTIVE="1" /><STEAD ID="68619690" OBJECTID="165071178" OBJECTGUID="2032f35a-b141-49f1-ae13-f58e86d3e38f" CHANGEID="600528882" NUMBER="56" OPERTYPEID="10" PREVID="0" NEXTID="0" UPDATEDATE="2024-09-05" STARTDATE="2024-09-05" ENDDATE="2079-06-06" ISACTUAL="1" ISACTIVE="1" /><STEAD ID="68619691" OBJECTID="165071179" OBJECTGUID="cc59db99-48be-468c-8f26-8c48ad2eba64" CHANGEID="600528883" NUMBER="57" OPERTYPEID="10" PREVID="0" NEXTID="0" UPDATEDATE="2024-09-05" STARTDATE="2024-09-05" ENDDATE="2079-06-06" ISACTUAL="1" ISACTIVE="1" /><STEAD ID="68619692" OBJECTID="165071180" OBJECTGUID="b3b86d8e-eb32-4bc7-9f05-3f1aa7d18250" CHANGEID="600528884" NUMBER="60" OPERTYPEID="10" PREVID="0" NEXTID="0" UPDATEDATE="2024-09-05" STARTDATE="2024-09-05" ENDDATE="2079-06-06" ISACTUAL="1" ISACTIVE="1" /><STEAD ID="68619693" OBJECTID="165071181" OBJECTGUID="b2e1ac4e-be6a-458c-8263-139e38e9abff" CHANGEID="600528885" NUMBER="61" OPERTYPEID="10" PREVID="0" NEXTID="0" UPDATEDATE="2024-09-05" STARTDATE="2024-09-05" ENDDATE="2079-06-06" ISACTUAL="1" ISACTIVE="1" /><STEAD ID="68619694" OBJECTID="165071182" OBJECTGUID="c4f765b0-75d6-4082-b715-744b144d7345" CHANGEID="600528886" NUMBER="64" OPERTYPEID="10" PREVID="0" NEXTID="0" UPDATEDATE="2024-09-05" STARTDATE="2024-09-05" ENDDATE="2079-06-06" ISACTUAL="1" ISACTIVE="1" /><STEAD ID="68619695" OBJECTID="165071183" OBJECTGUID="70c9ff9e-7c2d-4211-8da0-f0d851d3e7c5" CHANGEID="600528887" NUMBER="69" OPERTYPEID="10" PREVID="0" NEXTID="0" UPDATEDATE="2024-09-05" STARTDATE="2024-09-05" ENDDATE="2079-06-06" ISACTUAL="1" ISACTIVE="1" /><STEAD ID="68619696" OBJECTID="165071184" OBJECTGUID="a1b53737-7639-490f-8334-7178afdb23e3" CHANGEID="600528888" NUMBER="70" OPERTYPEID="10" PREVID="0" NEXTID="0" UPDATEDATE="2024-09-05" STARTDATE="2024-09-05" ENDDATE="2079-06-06" ISACTUAL="1" ISACTIVE="1" /><STEAD ID="68619697" OBJECTID="165071185" OBJECTGUID="2583a73b-b36b-41fd-a9f5-554f5aa8a147" CHANGEID="600528889" NUMBER="72" OPERTYPEID="10" PREVID="0" NEXTID="0" UPDATEDATE="2024-09-05" STARTDATE="2024-09-05" ENDDATE="2079-06-06" ISACTUAL="1" ISACTIVE="1" /><STEAD ID="68619954" OBJECTID="165071683" OBJECTGUID="e3b2c4b9-3f4f-41d5-969d-4a5d3f6833a0" CHANGEID="600529756" NUMBER="21" OPERTYPEID="10" PREVID="0" NEXTID="0" UPDATEDATE="2024-09-05" STARTDATE="2024-09-05" ENDDATE="2079-06-06" ISACTUAL="1" ISACTIVE="1" /><STEAD ID="68619955" OBJECTID="165071684" OBJECTGUID="7e459ea8-8748-4810-9fce-1451aae0dcea" CHANGEID="600529757" NUMBER="44" OPERTYPEID="10" PREVID="0" NEXTID="0" UPDATEDATE="2024-09-05" STARTDATE="2024-09-05" ENDDATE="2079-06-06" ISACTUAL="1" ISACTIVE="1" /><STEAD ID="68619956" OBJECTID="165071685" OBJECTGUID="173e6377-a943-4300-9381-b5c44f681dec" CHANGEID="600529758" NUMBER="45" OPERTYPEID="10" PREVID="0" NEXTID="0" UPDATEDATE="2024-09-05" STARTDATE="2024-09-05" ENDDATE="2079-06-06" ISACTUAL="1" ISACTIVE="1" /><STEAD ID="68619957" OBJECTID="165071686" OBJECTGUID="7f7b9ae4-fcfd-43af-96c0-eab698dea678" CHANGEID="600529759" NUMBER="74" OPERTYPEID="10" PREVID="0" NEXTID="0" UPDATEDATE="2024-09-05" STARTDATE="2024-09-05" ENDDATE="2079-06-06" ISACTUAL="1" ISACTIVE="1" /><STEAD ID="68619933" OBJECTID="165071658" OBJECTGUID="ca69b394-010a-4a62-bd32-3f1082a417eb" CHANGEID="600529722" NUMBER="4" OPERTYPEID="10" PREVID="0" NEXTID="0" UPDATEDATE="2024-09-05" STARTDATE="2024-09-05" ENDDATE="2079-06-06" ISACTUAL="1" ISACTIVE="1" /><STEAD ID="68619934" OBJECTID="165071659" OBJECTGUID="4bad127e-5ef0-4578-a1d0-8c1a9df062ee" CHANGEID="600529723" NUMBER="8" OPERTYPEID="10" PREVID="0" NEXTID="0" UPDATEDATE="2024-09-05" STARTDATE="2024-09-05" ENDDATE="2079-06-06" ISACTUAL="1" ISACTIVE="1" /><STEAD ID="68619935" OBJECTID="165071660" OBJECTGUID="27d807cd-b155-4785-87e1-e2b9dbf542de" CHANGEID="600529724" NUMBER="16" OPERTYPEID="10" PREVID="0" NEXTID="0" UPDATEDATE="2024-09-05" STARTDATE="2024-09-05" ENDDATE="2079-06-06" ISACTUAL="1" ISACTIVE="1" /><STEAD ID="68619936" OBJECTID="165071661" OBJECTGUID="b0fcf1d6-6fda-4722-8af0-6ae4dcfad164" CHANGEID="600529725" NUMBER="25" OPERTYPEID="10" PREVID="0" NEXTID="0" UPDATEDATE="2024-09-05" STARTDATE="2024-09-05" ENDDATE="2079-06-06" ISACTUAL="1" ISACTIVE="1" /><STEAD ID="68619937" OBJECTID="165071662" OBJECTGUID="b211dd13-92c1-4ce5-9072-e1133cd2eb99" CHANGEID="600529726" NUMBER="40" OPERTYPEID="10" PREVID="0" NEXTID="0" UPDATEDATE="2024-09-05" STARTDATE="2024-09-05" ENDDATE="2079-06-06" ISACTUAL="1" ISACTIVE="1" /><STEAD ID="68619938" OBJECTID="165071663" OBJECTGUID="0ed555e7-f3d1-4a3d-ad57-6b723b2b7a61" CHANGEID="600529727" NUMBER="41" OPERTYPEID="10" PREVID="0" NEXTID="0" UPDATEDATE="2024-09-05" STARTDATE="2024-09-05" ENDDATE="2079-06-06" ISACTUAL="1" ISACTIVE="1" /><STEAD ID="68619939" OBJECTID="165071664" OBJECTGUID="e5c19091-3e7a-4620-99b5-a622ffe2c6ca" CHANGEID="600529728" NUMBER="43" OPERTYPEID="10" PREVID="0" NEXTID="0" UPDATEDATE="2024-09-05" STARTDATE="2024-09-05" ENDDATE="2079-06-06" ISACTUAL="1" ISACTIVE="1" /><STEAD ID="68619940" OBJECTID="165071665" OBJECTGUID="6d913a9e-3269-4efe-bd98-eaa710c2fe3e" CHANGEID="600529729" NUMBER="48" OPERTYPEID="10" PREVID="0" NEXTID="0" UPDATEDATE="2024-09-05" STARTDATE="2024-09-05" ENDDATE="2079-06-06" ISACTUAL="1" ISACTIVE="1" /><STEAD ID="68619941" OBJECTID="165071666" OBJECTGUID="b4f40ece-c91b-4630-a9b5-1dc36d0bd4c0" CHANGEID="600529730" NUMBER="50" OPERTYPEID="10" PREVID="0" NEXTID="0" UPDATEDATE="2024-09-05" STARTDATE="2024-09-05" ENDDATE="2079-06-06" ISACTUAL="1" ISACTIVE="1" /><STEAD ID="68619942" OBJECTID="165071667" OBJECTGUID="81b00b3b-dcbd-442c-918f-f2fdf982ea3c" CHANGEID="600529731" NUMBER="52" OPERTYPEID="10" PREVID="0" NEXTID="0" UPDATEDATE="2024-09-05" STARTDATE="2024-09-05" ENDDATE="2079-06-06" ISACTUAL="1" ISACTIVE="1" /><STEAD ID="68619943" OBJECTID="165071668" OBJECTGUID="a754b14e-39ad-4245-b565-9cf126ea7b68" CHANGEID="600529732" NUMBER="54" OPERTYPEID="10" PREVID="0" NEXTID="0" UPDATEDATE="2024-09-05" STARTDATE="2024-09-05" ENDDATE="2079-06-06" ISACTUAL="1" ISACTIVE="1" /><STEAD ID="68619944" OBJECTID="165071669" OBJECTGUID="9b209c18-eb45-4af0-b2b6-6dc582c26297" CHANGEID="600529733" NUMBER="59" OPERTYPEID="10" PREVID="0" NEXTID="0" UPDATEDATE="2024-09-05" STARTDATE="2024-09-05" ENDDATE="2079-06-06" ISACTUAL="1" ISACTIVE="1" /><STEAD ID="68619945" OBJECTID="165071670" OBJECTGUID="406e4f83-6b4e-4fce-9d57-1515303a5e53" CHANGEID="600529734" NUMBER="64" OPERTYPEID="10" PREVID="0" NEXTID="0" UPDATEDATE="2024-09-05" STARTDATE="2024-09-05" ENDDATE="2079-06-06" ISACTUAL="1" ISACTIVE="1" /><STEAD ID="68619946" OBJECTID="165071671" OBJECTGUID="02d75e57-cc63-4f34-9c2d-c8c1fb8875bd" CHANGEID="600529735" NUMBER="64а" OPERTYPEID="10" PREVID="0" NEXTID="0" UPDATEDATE="2024-09-05" STARTDATE="2024-09-05" ENDDATE="2079-06-06" ISACTUAL="1" ISACTIVE="1" /><STEAD ID="68619947" OBJECTID="165071672" OBJECTGUID="7d55331a-7718-4611-806a-d7f4852f645e" CHANGEID="600529736" NUMBER="68" OPERTYPEID="10" PREVID="0" NEXTID="0" UPDATEDATE="2024-09-05" STARTDATE="2024-09-05" ENDDATE="2079-06-06" ISACTUAL="1" ISACTIVE="1" /><STEAD ID="68619948" OBJECTID="165071673" OBJECTGUID="8c07a247-3635-4d43-a17f-90663f99a36c" CHANGEID="600529737" NUMBER="75" OPERTYPEID="10" PREVID="0" NEXTID="0" UPDATEDATE="2024-09-05" STARTDATE="2024-09-05" ENDDATE="2079-06-06" ISACTUAL="1" ISACTIVE="1" /><STEAD ID="68619984" OBJECTID="165071726" OBJECTGUID="a801417c-c794-4d9b-950c-0333676beeff" CHANGEID="600529835" NUMBER="4" OPERTYPEID="10" PREVID="0" NEXTID="0" UPDATEDATE="2024-09-05" STARTDATE="2024-09-05" ENDDATE="2079-06-06" ISACTUAL="1" ISACTIVE="1" /><STEAD ID="68619985" OBJECTID="165071727" OBJECTGUID="52be2c9f-d4f5-409a-90be-32d170244f67" CHANGEID="600529836" NUMBER="6" OPERTYPEID="10" PREVID="0" NEXTID="0" UPDATEDATE="2024-09-05" STARTDATE="2024-09-05" ENDDATE="2079-06-06" ISACTUAL="1" ISACTIVE="1" /><STEAD ID="68619986" OBJECTID="165071728" OBJECTGUID="81dfb070-7e65-452b-b84e-c27ec55d20b5" CHANGEID="600529837" NUMBER="7а" OPERTYPEID="10" PREVID="0" NEXTID="0" UPDATEDATE="2024-09-05" STARTDATE="2024-09-05" ENDDATE="2079-06-06" ISACTUAL="1" ISACTIVE="1" /><STEAD ID="68619987" OBJECTID="165071729" OBJECTGUID="45f4ba87-387c-4069-9d1f-41bd45883d06" CHANGEID="600529838" NUMBER="15" OPERTYPEID="10" PREVID="0" NEXTID="0" UPDATEDATE="2024-09-05" STARTDATE="2024-09-05" ENDDATE="2079-06-06" ISACTUAL="1" ISACTIVE="1" /><STEAD ID="68619988" OBJECTID="165071730" OBJECTGUID="95d339f8-288a-40a0-991e-48e93e7934fa" CHANGEID="600529839" NUMBER="27" OPERTYPEID="10" PREVID="0" NEXTID="0" UPDATEDATE="2024-09-05" STARTDATE="2024-09-05" ENDDATE="2079-06-06" ISACTUAL="1" ISACTIVE="1" /><STEAD ID="68619989" OBJECTID="165071731" OBJECTGUID="e1fd2978-d96c-455e-b0f7-7741c7b0a173" CHANGEID="600529840" NUMBER="35" OPERTYPEID="10" PREVID="0" NEXTID="0" UPDATEDATE="2024-09-05" STARTDATE="2024-09-05" ENDDATE="2079-06-06" ISACTUAL="1" ISACTIVE="1" /><STEAD ID="68619990" OBJECTID="165071732" OBJECTGUID="f330cfbb-1dca-46ed-856e-022a6519661a" CHANGEID="600529841" NUMBER="38" OPERTYPEID="10" PREVID="0" NEXTID="0" UPDATEDATE="2024-09-05" STARTDATE="2024-09-05" ENDDATE="2079-06-06" ISACTUAL="1" ISACTIVE="1" /><STEAD ID="68619991" OBJECTID="165071733" OBJECTGUID="918b6152-f433-4dd4-9a35-cd1b8ac64273" CHANGEID="600529842" NUMBER="40" OPERTYPEID="10" PREVID="0" NEXTID="0" UPDATEDATE="2024-09-05" STARTDATE="2024-09-05" ENDDATE="2079-06-06" ISACTUAL="1" ISACTIVE="1" /><STEAD ID="68619992" OBJECTID="165071734" OBJECTGUID="74f475bd-3f40-4724-81ed-c6f0bfd7c5f5" CHANGEID="600529843" NUMBER="42" OPERTYPEID="10" PREVID="0" NEXTID="0" UPDATEDATE="2024-09-05" STARTDATE="2024-09-05" ENDDATE="2079-06-06" ISACTUAL="1" ISACTIVE="1" /><STEAD ID="68619993" OBJECTID="165071735" OBJECTGUID="33efa277-c696-401b-a97a-0bd7f298cba3" CHANGEID="600529844" NUMBER="48" OPERTYPEID="10" PREVID="0" NEXTID="0" UPDATEDATE="2024-09-05" STARTDATE="2024-09-05" ENDDATE="2079-06-06" ISACTUAL="1" ISACTIVE="1" /><STEAD ID="68619994" OBJECTID="165071736" OBJECTGUID="cb96cb86-028d-44cf-a61a-78bf18a9d761" CHANGEID="600529845" NUMBER="50" OPERTYPEID="10" PREVID="0" NEXTID="0" UPDATEDATE="2024-09-05" STARTDATE="2024-09-05" ENDDATE="2079-06-06" ISACTUAL="1" ISACTIVE="1" /><STEAD ID="68619995" OBJECTID="165071737" OBJECTGUID="e15c7a6e-dfdb-4cad-a595-4ed30d835f8a" CHANGEID="600529846" NUMBER="52" OPERTYPEID="10" PREVID="0" NEXTID="0" UPDATEDATE="2024-09-05" STARTDATE="2024-09-05" ENDDATE="2079-06-06" ISACTUAL="1" ISACTIVE="1" /><STEAD ID="68619996" OBJECTID="165071738" OBJECTGUID="2b8e20e7-a737-4099-b321-922bed84edf5" CHANGEID="600529847" NUMBER="59" OPERTYPEID="10" PREVID="0" NEXTID="0" UPDATEDATE="2024-09-05" STARTDATE="2024-09-05" ENDDATE="2079-06-06" ISACTUAL="1" ISACTIVE="1" /><STEAD ID="68619997" OBJECTID="165071739" OBJECTGUID="18c4b610-09cf-4575-a20f-dcab8e574f37" CHANGEID="600529848" NUMBER="60" OPERTYPEID="10" PREVID="0" NEXTID="0" UPDATEDATE="2024-09-05" STARTDATE="2024-09-05" ENDDATE="2079-06-06" ISACTUAL="1" ISACTIVE="1" /><STEAD ID="68619998" OBJECTID="165071740" OBJECTGUID="a053bd44-5271-4d74-987b-86f5f93075a8" CHANGEID="600529849" NUMBER="66" OPERTYPEID="10" PREVID="0" NEXTID="0" UPDATEDATE="2024-09-05" STARTDATE="2024-09-05" ENDDATE="2079-06-06" ISACTUAL="1" ISACTIVE="1" /><STEAD ID="68619999" OBJECTID="165071741" OBJECTGUID="b504a8cf-52bc-4ab7-9d24-5c8ebfb78857" CHANGEID="600529850" NUMBER="80" OPERTYPEID="10" PREVID="0" NEXTID="0" UPDATEDATE="2024-09-05" STARTDATE="2024-09-05" ENDDATE="2079-06-06" ISACTUAL="1" ISACTIVE="1" /><STEAD ID="68620000" OBJECTID="165071742" OBJECTGUID="c775d6ec-8fb3-43c0-89ce-4e26c21592c0" CHANGEID="600529851" NUMBER="82" OPERTYPEID="10" PREVID="0" NEXTID="0" UPDATEDATE="2024-09-05" STARTDATE="2024-09-05" ENDDATE="2079-06-06" ISACTUAL="1" ISACTIVE="1" /><STEAD ID="68620001" OBJECTID="165071743" OBJECTGUID="dad7f1dc-1c72-42f3-9ddf-2c58c6e94bf6" CHANGEID="600529852" NUMBER="84" OPERTYPEID="10" PREVID="0" NEXTID="0" UPDATEDATE="2024-09-05" STARTDATE="2024-09-05" ENDDATE="2079-06-06" ISACTUAL="1" ISACTIVE="1" /><STEAD ID="68620070" OBJECTID="165071825" OBJECTGUID="2a695369-7c30-41b7-b9d4-f924acc01007" CHANGEID="600529981" NUMBER="46" OPERTYPEID="10" PREVID="0" NEXTID="0" UPDATEDATE="2024-09-05" STARTDATE="2024-09-05" ENDDATE="2079-06-06" ISACTUAL="1" ISACTIVE="1" /><STEAD ID="68620071" OBJECTID="165071826" OBJECTGUID="6ee7d555-1d61-40d7-8744-5e0213754f12" CHANGEID="600529982" NUMBER="4" OPERTYPEID="10" PREVID="0" NEXTID="0" UPDATEDATE="2024-09-05" STARTDATE="2024-09-05" ENDDATE="2079-06-06" ISACTUAL="1" ISACTIVE="1" /><STEAD ID="68620072" OBJECTID="165071827" OBJECTGUID="d496adeb-32f9-456e-9649-829beb8c5908" CHANGEID="600529983" NUMBER="6" OPERTYPEID="10" PREVID="0" NEXTID="0" UPDATEDATE="2024-09-05" STARTDATE="2024-09-05" ENDDATE="2079-06-06" ISACTUAL="1" ISACTIVE="1" /><STEAD ID="68620073" OBJECTID="165071828" OBJECTGUID="962b7c1d-712d-4668-9e16-161445546128" CHANGEID="600529984" NUMBER="8" OPERTYPEID="10" PREVID="0" NEXTID="0" UPDATEDATE="2024-09-05" STARTDATE="2024-09-05" ENDDATE="2079-06-06" ISACTUAL="1" ISACTIVE="1" /><STEAD ID="68620074" OBJECTID="165071829" OBJECTGUID="0daa7d55-158c-45ed-989a-d3b5d7e803a3" CHANGEID="600529985" NUMBER="17" OPERTYPEID="10" PREVID="0" NEXTID="0" UPDATEDATE="2024-09-05" STARTDATE="2024-09-05" ENDDATE="2079-06-06" ISACTUAL="1" ISACTIVE="1" /><STEAD ID="68620075" OBJECTID="165071830" OBJECTGUID="bc31c627-8543-44b3-8caf-8e0ba5032f20" CHANGEID="600529986" NUMBER="23" OPERTYPEID="10" PREVID="0" NEXTID="0" UPDATEDATE="2024-09-05" STARTDATE="2024-09-05" ENDDATE="2079-06-06" ISACTUAL="1" ISACTIVE="1" /><STEAD ID="68620076" OBJECTID="165071831" OBJECTGUID="ce09f977-3ba5-456f-86f1-ee4281d2ea22" CHANGEID="600529987" NUMBER="25" OPERTYPEID="10" PREVID="0" NEXTID="0" UPDATEDATE="2024-09-05" STARTDATE="2024-09-05" ENDDATE="2079-06-06" ISACTUAL="1" ISACTIVE="1" /><STEAD ID="68620077" OBJECTID="165071832" OBJECTGUID="4a803819-fddf-4638-ac0c-d0a009439b87" CHANGEID="600529988" NUMBER="26" OPERTYPEID="10" PREVID="0" NEXTID="0" UPDATEDATE="2024-09-05" STARTDATE="2024-09-05" ENDDATE="2079-06-06" ISACTUAL="1" ISACTIVE="1" /><STEAD ID="68620078" OBJECTID="165071833" OBJECTGUID="337395e7-11ca-4372-8fbd-b1066c306e5b" CHANGEID="600529989" NUMBER="27" OPERTYPEID="10" PREVID="0" NEXTID="0" UPDATEDATE="2024-09-05" STARTDATE="2024-09-05" ENDDATE="2079-06-06" ISACTUAL="1" ISACTIVE="1" /><STEAD ID="68620079" OBJECTID="165071834" OBJECTGUID="24adbe2d-9e4d-41ef-86cd-8a7edc188621" CHANGEID="600529990" NUMBER="29" OPERTYPEID="10" PREVID="0" NEXTID="0" UPDATEDATE="2024-09-05" STARTDATE="2024-09-05" ENDDATE="2079-06-06" ISACTUAL="1" ISACTIVE="1" /><STEAD ID="68620080" OBJECTID="165071835" OBJECTGUID="7cd4225a-d047-4b23-9d1f-4d27379a2805" CHANGEID="600529991" NUMBER="31" OPERTYPEID="10" PREVID="0" NEXTID="0" UPDATEDATE="2024-09-05" STARTDATE="2024-09-05" ENDDATE="2079-06-06" ISACTUAL="1" ISACTIVE="1" /><STEAD ID="68620081" OBJECTID="165071836" OBJECTGUID="0e35f2c9-1185-4928-adfe-9f2942bfc2a6" CHANGEID="600529992" NUMBER="32" OPERTYPEID="10" PREVID="0" NEXTID="0" UPDATEDATE="2024-09-05" STARTDATE="2024-09-05" ENDDATE="2079-06-06" ISACTUAL="1" ISACTIVE="1" /><STEAD ID="68620082" OBJECTID="165071837" OBJECTGUID="f5896dfa-b702-4ac6-ada2-b25acb06ca34" CHANGEID="600529993" NUMBER="33" OPERTYPEID="10" PREVID="0" NEXTID="0" UPDATEDATE="2024-09-05" STARTDATE="2024-09-05" ENDDATE="2079-06-06" ISACTUAL="1" ISACTIVE="1" /><STEAD ID="68620083" OBJECTID="165071838" OBJECTGUID="bbba3714-48ab-4b28-a0d6-9aeb2ab10722" CHANGEID="600529994" NUMBER="34" OPERTYPEID="10" PREVID="0" NEXTID="0" UPDATEDATE="2024-09-05" STARTDATE="2024-09-05" ENDDATE="2079-06-06" ISACTUAL="1" ISACTIVE="1" /><STEAD ID="68620084" OBJECTID="165071839" OBJECTGUID="f03aa060-fd7b-4377-8029-32474aef4d76" CHANGEID="600529995" NUMBER="35" OPERTYPEID="10" PREVID="0" NEXTID="0" UPDATEDATE="2024-09-05" STARTDATE="2024-09-05" ENDDATE="2079-06-06" ISACTUAL="1" ISACTIVE="1" /><STEAD ID="68620085" OBJECTID="165071840" OBJECTGUID="9592fbb7-e429-412f-a5fd-9de23d34eabf" CHANGEID="600529996" NUMBER="36" OPERTYPEID="10" PREVID="0" NEXTID="0" UPDATEDATE="2024-09-05" STARTDATE="2024-09-05" ENDDATE="2079-06-06" ISACTUAL="1" ISACTIVE="1" /><STEAD ID="68620086" OBJECTID="165071841" OBJECTGUID="9b77e405-d00f-43c2-924c-4b3c8ebc70b3" CHANGEID="600529997" NUMBER="39" OPERTYPEID="10" PREVID="0" NEXTID="0" UPDATEDATE="2024-09-05" STARTDATE="2024-09-05" ENDDATE="2079-06-06" ISACTUAL="1" ISACTIVE="1" /><STEAD ID="68620087" OBJECTID="165071842" OBJECTGUID="8fa849c8-ad07-4d6b-8653-ff96252ad85a" CHANGEID="600529998" NUMBER="50" OPERTYPEID="10" PREVID="0" NEXTID="0" UPDATEDATE="2024-09-05" STARTDATE="2024-09-05" ENDDATE="2079-06-06" ISACTUAL="1" ISACTIVE="1" /><STEAD ID="68620088" OBJECTID="165071843" OBJECTGUID="4ff5b50c-6f28-4100-9562-1fe3b4f2222a" CHANGEID="600529999" NUMBER="53" OPERTYPEID="10" PREVID="0" NEXTID="0" UPDATEDATE="2024-09-05" STARTDATE="2024-09-05" ENDDATE="2079-06-06" ISACTUAL="1" ISACTIVE="1" /><STEAD ID="68620089" OBJECTID="165071844" OBJECTGUID="4a6d5729-bc3d-4afa-9195-8766850aba61" CHANGEID="600530000" NUMBER="55" OPERTYPEID="10" PREVID="0" NEXTID="0" UPDATEDATE="2024-09-05" STARTDATE="2024-09-05" ENDDATE="2079-06-06" ISACTUAL="1" ISACTIVE="1" /><STEAD ID="68620090" OBJECTID="165071845" OBJECTGUID="89e7e9d5-cb92-4823-bf33-cf1748b8bd3a" CHANGEID="600530001" NUMBER="71" OPERTYPEID="10" PREVID="0" NEXTID="0" UPDATEDATE="2024-09-05" STARTDATE="2024-09-05" ENDDATE="2079-06-06" ISACTUAL="1" ISACTIVE="1" /><STEAD ID="68620091" OBJECTID="165071846" OBJECTGUID="6934e4b3-e6a8-497d-a1e6-58c8328c8cea" CHANGEID="600530002" NUMBER="73" OPERTYPEID="10" PREVID="0" NEXTID="0" UPDATEDATE="2024-09-05" STARTDATE="2024-09-05" ENDDATE="2079-06-06" ISACTUAL="1" ISACTIVE="1" /><STEAD ID="68620092" OBJECTID="165071847" OBJECTGUID="73691ada-6746-403d-8029-8359252e6d5c" CHANGEID="600530003" NUMBER="76" OPERTYPEID="10" PREVID="0" NEXTID="0" UPDATEDATE="2024-09-05" STARTDATE="2024-09-05" ENDDATE="2079-06-06" ISACTUAL="1" ISACTIVE="1" /><STEAD ID="68620093" OBJECTID="165071848" OBJECTGUID="16e69552-5088-4c61-a40d-a6d8661ca2c9" CHANGEID="600530004" NUMBER="81" OPERTYPEID="10" PREVID="0" NEXTID="0" UPDATEDATE="2024-09-05" STARTDATE="2024-09-05" ENDDATE="2079-06-06" ISACTUAL="1" ISACTIVE="1" /><STEAD ID="68620094" OBJECTID="165071849" OBJECTGUID="d70408cf-bd22-4dfa-9d44-6a5ef02f2c79" CHANGEID="600530005" NUMBER="82" OPERTYPEID="10" PREVID="0" NEXTID="0" UPDATEDATE="2024-09-05" STARTDATE="2024-09-05" ENDDATE="2079-06-06" ISACTUAL="1" ISACTIVE="1" /><STEAD ID="68620095" OBJECTID="165071850" OBJECTGUID="1f2bf8b6-683c-4a57-a182-651e4d08d84e" CHANGEID="600530006" NUMBER="83" OPERTYPEID="10" PREVID="0" NEXTID="0" UPDATEDATE="2024-09-05" STARTDATE="2024-09-05" ENDDATE="2079-06-06" ISACTUAL="1" ISACTIVE="1" /><STEAD ID="68620096" OBJECTID="165071851" OBJECTGUID="95598148-dab7-45ec-addb-250950820506" CHANGEID="600530007" NUMBER="84" OPERTYPEID="10" PREVID="0" NEXTID="0" UPDATEDATE="2024-09-05" STARTDATE="2024-09-05" ENDDATE="2079-06-06" ISACTUAL="1" ISACTIVE="1" /><STEAD ID="68620213" OBJECTID="165071985" OBJECTGUID="bf70fb0a-e57a-4b1f-9a4d-86c9339d543f" CHANGEID="600530217" NUMBER="1" OPERTYPEID="10" PREVID="0" NEXTID="0" UPDATEDATE="2024-09-05" STARTDATE="2024-09-05" ENDDATE="2079-06-06" ISACTUAL="1" ISACTIVE="1" /><STEAD ID="68620214" OBJECTID="165071986" OBJECTGUID="9c18f78c-66e9-4c32-8263-96e87df0c6d5" CHANGEID="600530218" NUMBER="1а" OPERTYPEID="10" PREVID="0" NEXTID="0" UPDATEDATE="2024-09-05" STARTDATE="2024-09-05" ENDDATE="2079-06-06" ISACTUAL="1" ISACTIVE="1" /><STEAD ID="68620215" OBJECTID="165071987" OBJECTGUID="90f20003-4334-481c-9f63-71fffe0d02a2" CHANGEID="600530219" NUMBER="2" OPERTYPEID="10" PREVID="0" NEXTID="0" UPDATEDATE="2024-09-05" STARTDATE="2024-09-05" ENDDATE="2079-06-06" ISACTUAL="1" ISACTIVE="1" /><STEAD ID="68620216" OBJECTID="165071988" OBJECTGUID="8ebf6010-e907-4d91-9e46-544154389190" CHANGEID="600530220" NUMBER="3" OPERTYPEID="10" PREVID="0" NEXTID="0" UPDATEDATE="2024-09-05" STARTDATE="2024-09-05" ENDDATE="2079-06-06" ISACTUAL="1" ISACTIVE="1" /><STEAD ID="68620217" OBJECTID="165071989" OBJECTGUID="f183c1a1-ff9c-4177-b2a9-19298cdab9d9" CHANGEID="600530221" NUMBER="4" OPERTYPEID="10" PREVID="0" NEXTID="0" UPDATEDATE="2024-09-05" STARTDATE="2024-09-05" ENDDATE="2079-06-06" ISACTUAL="1" ISACTIVE="1" /><STEAD ID="68620218" OBJECTID="165071990" OBJECTGUID="df069878-ac2e-4bbd-929a-9e00676c662c" CHANGEID="600530222" NUMBER="5" OPERTYPEID="10" PREVID="0" NEXTID="0" UPDATEDATE="2024-09-05" STARTDATE="2024-09-05" ENDDATE="2079-06-06" ISACTUAL="1" ISACTIVE="1" /><STEAD ID="68620219" OBJECTID="165071991" OBJECTGUID="7c2169c6-d016-4214-b62f-c137e046c1ae" CHANGEID="600530223" NUMBER="6" OPERTYPEID="10" PREVID="0" NEXTID="0" UPDATEDATE="2024-09-05" STARTDATE="2024-09-05" ENDDATE="2079-06-06" ISACTUAL="1" ISACTIVE="1" /><STEAD ID="68620220" OBJECTID="165071992" OBJECTGUID="7972ebe5-1391-484d-a453-c6325491cad5" CHANGEID="600530224" NUMBER="9" OPERTYPEID="10" PREVID="0" NEXTID="0" UPDATEDATE="2024-09-05" STARTDATE="2024-09-05" ENDDATE="2079-06-06" ISACTUAL="1" ISACTIVE="1" /><STEAD ID="68620221" OBJECTID="165071993" OBJECTGUID="5df8e9ed-ff8d-48b2-8664-5b76440e452a" CHANGEID="600530225" NUMBER="15" OPERTYPEID="10" PREVID="0" NEXTID="0" UPDATEDATE="2024-09-05" STARTDATE="2024-09-05" ENDDATE="2079-06-06" ISACTUAL="1" ISACTIVE="1" /><STEAD ID="68620222" OBJECTID="165071994" OBJECTGUID="fe83cca5-b6a2-4bd5-afa8-ccbb02c5304f" CHANGEID="600530226" NUMBER="21" OPERTYPEID="10" PREVID="0" NEXTID="0" UPDATEDATE="2024-09-05" STARTDATE="2024-09-05" ENDDATE="2079-06-06" ISACTUAL="1" ISACTIVE="1" /><STEAD ID="68620223" OBJECTID="165071995" OBJECTGUID="14c221d6-e76d-46ae-919e-df47d67bf657" CHANGEID="600530227" NUMBER="25" OPERTYPEID="10" PREVID="0" NEXTID="0" UPDATEDATE="2024-09-05" STARTDATE="2024-09-05" ENDDATE="2079-06-06" ISACTUAL="1" ISACTIVE="1" /><STEAD ID="68620224" OBJECTID="165071996" OBJECTGUID="76ec9bf0-2fff-4f7e-a932-6e4b0e4b9108" CHANGEID="600530228" NUMBER="39" OPERTYPEID="10" PREVID="0" NEXTID="0" UPDATEDATE="2024-09-05" STARTDATE="2024-09-05" ENDDATE="2079-06-06" ISACTUAL="1" ISACTIVE="1" /><STEAD ID="68620225" OBJECTID="165071997" OBJECTGUID="493a0e6a-7344-4278-9750-32bde81fb91b" CHANGEID="600530229" NUMBER="45" OPERTYPEID="10" PREVID="0" NEXTID="0" UPDATEDATE="2024-09-05" STARTDATE="2024-09-05" ENDDATE="2079-06-06" ISACTUAL="1" ISACTIVE="1" /><STEAD ID="68620226" OBJECTID="165071998" OBJECTGUID="a35f1f0c-4d42-473d-882a-f3850262a232" CHANGEID="600530230" NUMBER="49" OPERTYPEID="10" PREVID="0" NEXTID="0" UPDATEDATE="2024-09-05" STARTDATE="2024-09-05" ENDDATE="2079-06-06" ISACTUAL="1" ISACTIVE="1" /><STEAD ID="68620227" OBJECTID="165071999" OBJECTGUID="4688094c-6c30-410b-9d0a-8dab5e7a394a" CHANGEID="600530231" NUMBER="51" OPERTYPEID="10" PREVID="0" NEXTID="0" UPDATEDATE="2024-09-05" STARTDATE="2024-09-05" ENDDATE="2079-06-06" ISACTUAL="1" ISACTIVE="1" /><STEAD ID="68620228" OBJECTID="165072000" OBJECTGUID="1045c3e7-77be-40a7-972b-d0733ec93de2" CHANGEID="600530232" NUMBER="53" OPERTYPEID="10" PREVID="0" NEXTID="0" UPDATEDATE="2024-09-05" STARTDATE="2024-09-05" ENDDATE="2079-06-06" ISACTUAL="1" ISACTIVE="1" /><STEAD ID="68620229" OBJECTID="165072001" OBJECTGUID="28c5d29b-03c8-49fe-9ad9-2f2f10eb4320" CHANGEID="600530233" NUMBER="56" OPERTYPEID="10" PREVID="0" NEXTID="0" UPDATEDATE="2024-09-05" STARTDATE="2024-09-05" ENDDATE="2079-06-06" ISACTUAL="1" ISACTIVE="1" /><STEAD ID="68620230" OBJECTID="165072002" OBJECTGUID="128fec69-9396-445f-b6cd-451276b9a436" CHANGEID="600530234" NUMBER="58" OPERTYPEID="10" PREVID="0" NEXTID="0" UPDATEDATE="2024-09-05" STARTDATE="2024-09-05" ENDDATE="2079-06-06" ISACTUAL="1" ISACTIVE="1" /><STEAD ID="68620231" OBJECTID="165072003" OBJECTGUID="1d0c6b93-0604-445f-8a62-104a1abdf950" CHANGEID="600530235" NUMBER="60" OPERTYPEID="10" PREVID="0" NEXTID="0" UPDATEDATE="2024-09-05" STARTDATE="2024-09-05" ENDDATE="2079-06-06" ISACTUAL="1" ISACTIVE="1" /><STEAD ID="68620232" OBJECTID="165072004" OBJECTGUID="4db4c442-9eb1-42a4-86ed-87fcb2b63655" CHANGEID="600530236" NUMBER="66" OPERTYPEID="10" PREVID="0" NEXTID="0" UPDATEDATE="2024-09-05" STARTDATE="2024-09-05" ENDDATE="2079-06-06" ISACTUAL="1" ISACTIVE="1" /><STEAD ID="68620233" OBJECTID="165072005" OBJECTGUID="9ba8b8e5-e5c2-43d2-9bc9-513cb505dfee" CHANGEID="600530237" NUMBER="67" OPERTYPEID="10" PREVID="0" NEXTID="0" UPDATEDATE="2024-09-05" STARTDATE="2024-09-05" ENDDATE="2079-06-06" ISACTUAL="1" ISACTIVE="1" /><STEAD ID="68620234" OBJECTID="165072006" OBJECTGUID="964ea107-b49b-46e8-a7f9-667405a4cdb0" CHANGEID="600530238" NUMBER="68" OPERTYPEID="10" PREVID="0" NEXTID="0" UPDATEDATE="2024-09-05" STARTDATE="2024-09-05" ENDDATE="2079-06-06" ISACTUAL="1" ISACTIVE="1" /><STEAD ID="68620235" OBJECTID="165072007" OBJECTGUID="019b4678-01ef-4856-9e1b-fcc6fc2d89a3" CHANGEID="600530239" NUMBER="69" OPERTYPEID="10" PREVID="0" NEXTID="0" UPDATEDATE="2024-09-05" STARTDATE="2024-09-05" ENDDATE="2079-06-06" ISACTUAL="1" ISACTIVE="1" /><STEAD ID="68620236" OBJECTID="165072008" OBJECTGUID="1b272fe5-7996-4a6f-bf9d-05bf72926989" CHANGEID="600530240" NUMBER="69а" OPERTYPEID="10" PREVID="0" NEXTID="0" UPDATEDATE="2024-09-05" STARTDATE="2024-09-05" ENDDATE="2079-06-06" ISACTUAL="1" ISACTIVE="1" /><STEAD ID="68620237" OBJECTID="165072009" OBJECTGUID="705d16cb-65f8-49a1-92ff-3d9f2d581185" CHANGEID="600530241" NUMBER="71" OPERTYPEID="10" PREVID="0" NEXTID="0" UPDATEDATE="2024-09-05" STARTDATE="2024-09-05" ENDDATE="2079-06-06" ISACTUAL="1" ISACTIVE="1" /><STEAD ID="68620238" OBJECTID="165072010" OBJECTGUID="0b3fd88d-f745-4374-a64e-9c4faded60d6" CHANGEID="600530242" NUMBER="72" OPERTYPEID="10" PREVID="0" NEXTID="0" UPDATEDATE="2024-09-05" STARTDATE="2024-09-05" ENDDATE="2079-06-06" ISACTUAL="1" ISACTIVE="1" /><STEAD ID="68620239" OBJECTID="165072011" OBJECTGUID="d8963ed5-a9a2-43b9-ab3e-982c450ac088" CHANGEID="600530243" NUMBER="74" OPERTYPEID="10" PREVID="0" NEXTID="0" UPDATEDATE="2024-09-05" STARTDATE="2024-09-05" ENDDATE="2079-06-06" ISACTUAL="1" ISACTIVE="1" /><STEAD ID="68620240" OBJECTID="165072012" OBJECTGUID="c3db25da-5f53-45d7-a7c2-9095620ac21f" CHANGEID="600530244" NUMBER="75" OPERTYPEID="10" PREVID="0" NEXTID="0" UPDATEDATE="2024-09-05" STARTDATE="2024-09-05" ENDDATE="2079-06-06" ISACTUAL="1" ISACTIVE="1" /><STEAD ID="68620297" OBJECTID="165072209" OBJECTGUID="56a9ef11-2df3-46d1-9f77-8891e45431e2" CHANGEID="600530525" NUMBER="3" OPERTYPEID="10" PREVID="0" NEXTID="0" UPDATEDATE="2024-09-05" STARTDATE="2024-09-05" ENDDATE="2079-06-06" ISACTUAL="1" ISACTIVE="1" /><STEAD ID="68620298" OBJECTID="165072210" OBJECTGUID="290c7ae1-e95b-441b-bca2-f86cd80794b2" CHANGEID="600530526" NUMBER="7" OPERTYPEID="10" PREVID="0" NEXTID="0" UPDATEDATE="2024-09-05" STARTDATE="2024-09-05" ENDDATE="2079-06-06" ISACTUAL="1" ISACTIVE="1" /><STEAD ID="68620299" OBJECTID="165072211" OBJECTGUID="cc99f627-691a-4dcb-a66a-28f7eab07b76" CHANGEID="600530527" NUMBER="12" OPERTYPEID="10" PREVID="0" NEXTID="0" UPDATEDATE="2024-09-05" STARTDATE="2024-09-05" ENDDATE="2079-06-06" ISACTUAL="1" ISACTIVE="1" /><STEAD ID="68620300" OBJECTID="165072212" OBJECTGUID="33d31a43-d796-4ea7-8c48-6f71b89253c4" CHANGEID="600530528" NUMBER="14" OPERTYPEID="10" PREVID="0" NEXTID="0" UPDATEDATE="2024-09-05" STARTDATE="2024-09-05" ENDDATE="2079-06-06" ISACTUAL="1" ISACTIVE="1" /><STEAD ID="68620301" OBJECTID="165072213" OBJECTGUID="42929f34-4bfa-4516-b77f-dddcf2b0acc9" CHANGEID="600530529" NUMBER="19" OPERTYPEID="10" PREVID="0" NEXTID="0" UPDATEDATE="2024-09-05" STARTDATE="2024-09-05" ENDDATE="2079-06-06" ISACTUAL="1" ISACTIVE="1" /><STEAD ID="68620302" OBJECTID="165072214" OBJECTGUID="92628021-846e-48f3-bf95-46e9550a3f4f" CHANGEID="600530530" NUMBER="20" OPERTYPEID="10" PREVID="0" NEXTID="0" UPDATEDATE="2024-09-05" STARTDATE="2024-09-05" ENDDATE="2079-06-06" ISACTUAL="1" ISACTIVE="1" /><STEAD ID="68620303" OBJECTID="165072215" OBJECTGUID="93e81f6e-627c-4e6e-aab7-f233bdffedf3" CHANGEID="600530531" NUMBER="22" OPERTYPEID="10" PREVID="0" NEXTID="0" UPDATEDATE="2024-09-05" STARTDATE="2024-09-05" ENDDATE="2079-06-06" ISACTUAL="1" ISACTIVE="1" /><STEAD ID="68620304" OBJECTID="165072216" OBJECTGUID="cb06aff4-0227-44b7-9e84-d2e98bc8cd78" CHANGEID="600530532" NUMBER="23" OPERTYPEID="10" PREVID="0" NEXTID="0" UPDATEDATE="2024-09-05" STARTDATE="2024-09-05" ENDDATE="2079-06-06" ISACTUAL="1" ISACTIVE="1" /><STEAD ID="68620305" OBJECTID="165072217" OBJECTGUID="0d2b81ae-03b8-4ab8-91ac-28600919f0ea" CHANGEID="600530533" NUMBER="26" OPERTYPEID="10" PREVID="0" NEXTID="0" UPDATEDATE="2024-09-05" STARTDATE="2024-09-05" ENDDATE="2079-06-06" ISACTUAL="1" ISACTIVE="1" /><STEAD ID="68620306" OBJECTID="165072218" OBJECTGUID="09a864f8-52a0-42ab-a84e-33690a250f00" CHANGEID="600530534" NUMBER="31" OPERTYPEID="10" PREVID="0" NEXTID="0" UPDATEDATE="2024-09-05" STARTDATE="2024-09-05" ENDDATE="2079-06-06" ISACTUAL="1" ISACTIVE="1" /><STEAD ID="68620307" OBJECTID="165072219" OBJECTGUID="3ca51568-494c-4aed-badd-e1baec8c48c2" CHANGEID="600530535" NUMBER="57" OPERTYPEID="10" PREVID="0" NEXTID="0" UPDATEDATE="2024-09-05" STARTDATE="2024-09-05" ENDDATE="2079-06-06" ISACTUAL="1" ISACTIVE="1" /><STEAD ID="68620308" OBJECTID="165072220" OBJECTGUID="9759fa21-3885-4c6b-9759-396919143896" CHANGEID="600530536" NUMBER="59" OPERTYPEID="10" PREVID="0" NEXTID="0" UPDATEDATE="2024-09-05" STARTDATE="2024-09-05" ENDDATE="2079-06-06" ISACTUAL="1" ISACTIVE="1" /><STEAD ID="68620309" OBJECTID="165072221" OBJECTGUID="5e49e171-cd89-4557-9142-eb4eb4262aa4" CHANGEID="600530537" NUMBER="59а" OPERTYPEID="10" PREVID="0" NEXTID="0" UPDATEDATE="2024-09-05" STARTDATE="2024-09-05" ENDDATE="2079-06-06" ISACTUAL="1" ISACTIVE="1" /><STEAD ID="68620310" OBJECTID="165072222" OBJECTGUID="32a1c11a-c7f4-4982-b5d5-aca06cb2420d" CHANGEID="600530538" NUMBER="60" OPERTYPEID="10" PREVID="0" NEXTID="0" UPDATEDATE="2024-09-05" STARTDATE="2024-09-05" ENDDATE="2079-06-06" ISACTUAL="1" ISACTIVE="1" /><STEAD ID="68620311" OBJECTID="165072223" OBJECTGUID="244f21f4-7566-41c2-8e66-e3fab023925a" CHANGEID="600530539" NUMBER="62" OPERTYPEID="10" PREVID="0" NEXTID="0" UPDATEDATE="2024-09-05" STARTDATE="2024-09-05" ENDDATE="2079-06-06" ISACTUAL="1" ISACTIVE="1" /><STEAD ID="68620312" OBJECTID="165072224" OBJECTGUID="22d995a6-89a5-42bd-b82d-3c7a869ca0be" CHANGEID="600530540" NUMBER="64" OPERTYPEID="10" PREVID="0" NEXTID="0" UPDATEDATE="2024-09-05" STARTDATE="2024-09-05" ENDDATE="2079-06-06" ISACTUAL="1" ISACTIVE="1" /><STEAD ID="68620313" OBJECTID="165072225" OBJECTGUID="d3587c69-a772-43bd-a799-552d0ae89a84" CHANGEID="600530541" NUMBER="69" OPERTYPEID="10" PREVID="0" NEXTID="0" UPDATEDATE="2024-09-05" STARTDATE="2024-09-05" ENDDATE="2079-06-06" ISACTUAL="1" ISACTIVE="1" /><STEAD ID="68620314" OBJECTID="165072226" OBJECTGUID="b6312c97-9d57-43b2-b3be-f40a9e864696" CHANGEID="600530542" NUMBER="75" OPERTYPEID="10" PREVID="0" NEXTID="0" UPDATEDATE="2024-09-05" STARTDATE="2024-09-05" ENDDATE="2079-06-06" ISACTUAL="1" ISACTIVE="1" /><STEAD ID="68620315" OBJECTID="165072227" OBJECTGUID="f2513b8c-5388-4943-a8f9-e61aa158d17a" CHANGEID="600530543" NUMBER="80" OPERTYPEID="10" PREVID="0" NEXTID="0" UPDATEDATE="2024-09-05" STARTDATE="2024-09-05" ENDDATE="2079-06-06" ISACTUAL="1" ISACTIVE="1" /><STEAD ID="68620316" OBJECTID="165072228" OBJECTGUID="aec8372b-e5e5-47c7-b775-c33f8649b313" CHANGEID="600530544" NUMBER="84" OPERTYPEID="10" PREVID="0" NEXTID="0" UPDATEDATE="2024-09-05" STARTDATE="2024-09-05" ENDDATE="2079-06-06" ISACTUAL="1" ISACTIVE="1" /><STEAD ID="68620317" OBJECTID="165072229" OBJECTGUID="492575ba-cec7-47ea-84c7-83845e302a54" CHANGEID="600530545" NUMBER="32" OPERTYPEID="10" PREVID="0" NEXTID="0" UPDATEDATE="2024-09-05" STARTDATE="2024-09-05" ENDDATE="2079-06-06" ISACTUAL="1" ISACTIVE="1" /><STEAD ID="68620318" OBJECTID="165072230" OBJECTGUID="b99ce12d-8215-46cf-8a66-c45a6e9fa7f8" CHANGEID="600530546" NUMBER="33" OPERTYPEID="10" PREVID="0" NEXTID="0" UPDATEDATE="2024-09-05" STARTDATE="2024-09-05" ENDDATE="2079-06-06" ISACTUAL="1" ISACTIVE="1" /><STEAD ID="68620319" OBJECTID="165072231" OBJECTGUID="d1e42422-77c6-4648-a40e-26aa9bd292fe" CHANGEID="600530547" NUMBER="35" OPERTYPEID="10" PREVID="0" NEXTID="0" UPDATEDATE="2024-09-05" STARTDATE="2024-09-05" ENDDATE="2079-06-06" ISACTUAL="1" ISACTIVE="1" /><STEAD ID="68620320" OBJECTID="165072232" OBJECTGUID="96c5742b-b14b-45f7-8a7e-bc5780d16a71" CHANGEID="600530548" NUMBER="39" OPERTYPEID="10" PREVID="0" NEXTID="0" UPDATEDATE="2024-09-05" STARTDATE="2024-09-05" ENDDATE="2079-06-06" ISACTUAL="1" ISACTIVE="1" /><STEAD ID="68620321" OBJECTID="165072233" OBJECTGUID="777fcd17-d19e-4942-be51-b5b672251171" CHANGEID="600530549" NUMBER="43" OPERTYPEID="10" PREVID="0" NEXTID="0" UPDATEDATE="2024-09-05" STARTDATE="2024-09-05" ENDDATE="2079-06-06" ISACTUAL="1" ISACTIVE="1" /><STEAD ID="68620322" OBJECTID="165072234" OBJECTGUID="189a2cca-4c58-484e-9eb0-5abba942bc1a" CHANGEID="600530550" NUMBER="44" OPERTYPEID="10" PREVID="0" NEXTID="0" UPDATEDATE="2024-09-05" STARTDATE="2024-09-05" ENDDATE="2079-06-06" ISACTUAL="1" ISACTIVE="1" /><STEAD ID="68620323" OBJECTID="165072235" OBJECTGUID="06117d21-e59c-48f7-8afe-a098ac7fcd47" CHANGEID="600530551" NUMBER="45" OPERTYPEID="10" PREVID="0" NEXTID="0" UPDATEDATE="2024-09-05" STARTDATE="2024-09-05" ENDDATE="2079-06-06" ISACTUAL="1" ISACTIVE="1" /><STEAD ID="68620324" OBJECTID="165072236" OBJECTGUID="01870a5a-fba9-4f0c-b0d2-3154a9d73161" CHANGEID="600530552" NUMBER="51" OPERTYPEID="10" PREVID="0" NEXTID="0" UPDATEDATE="2024-09-05" STARTDATE="2024-09-05" ENDDATE="2079-06-06" ISACTUAL="1" ISACTIVE="1" /><STEAD ID="68620325" OBJECTID="165072237" OBJECTGUID="72297394-0929-4733-946c-d1c61fc7833d" CHANGEID="600530553" NUMBER="52" OPERTYPEID="10" PREVID="0" NEXTID="0" UPDATEDATE="2024-09-05" STARTDATE="2024-09-05" ENDDATE="2079-06-06" ISACTUAL="1" ISACTIVE="1" /><STEAD ID="68620326" OBJECTID="165072238" OBJECTGUID="947ca387-ece9-490d-81ec-5fd8ad705597" CHANGEID="600530554" NUMBER="53" OPERTYPEID="10" PREVID="0" NEXTID="0" UPDATEDATE="2024-09-05" STARTDATE="2024-09-05" ENDDATE="2079-06-06" ISACTUAL="1" ISACTIVE="1" /><STEAD ID="68620327" OBJECTID="165072239" OBJECTGUID="71424bad-e106-4dab-bb08-ccee78a32c26" CHANGEID="600530555" NUMBER="55" OPERTYPEID="10" PREVID="0" NEXTID="0" UPDATEDATE="2024-09-05" STARTDATE="2024-09-05" ENDDATE="2079-06-06" ISACTUAL="1" ISACTIVE="1" /><STEAD ID="68620382" OBJECTID="165072312" OBJECTGUID="9a2200fe-bef5-4b7e-8fcf-6bdd5b03dbdc" CHANGEID="600530677" NUMBER="5" OPERTYPEID="10" PREVID="0" NEXTID="0" UPDATEDATE="2024-09-05" STARTDATE="2024-09-05" ENDDATE="2079-06-06" ISACTUAL="1" ISACTIVE="1" /><STEAD ID="68620383" OBJECTID="165072313" OBJECTGUID="0f8eb659-1696-4f3c-9e89-af1f3535b7a6" CHANGEID="600530678" NUMBER="7" OPERTYPEID="10" PREVID="0" NEXTID="0" UPDATEDATE="2024-09-05" STARTDATE="2024-09-05" ENDDATE="2079-06-06" ISACTUAL="1" ISACTIVE="1" /><STEAD ID="68620384" OBJECTID="165072314" OBJECTGUID="6ae40a8a-c835-47b3-b895-0c3df54c675a" CHANGEID="600530679" NUMBER="9" OPERTYPEID="10" PREVID="0" NEXTID="0" UPDATEDATE="2024-09-05" STARTDATE="2024-09-05" ENDDATE="2079-06-06" ISACTUAL="1" ISACTIVE="1" /><STEAD ID="68620385" OBJECTID="165072315" OBJECTGUID="6b40bd2e-e5cb-4f1b-b5e3-7db6a4f1724c" CHANGEID="600530680" NUMBER="23" OPERTYPEID="10" PREVID="0" NEXTID="0" UPDATEDATE="2024-09-05" STARTDATE="2024-09-05" ENDDATE="2079-06-06" ISACTUAL="1" ISACTIVE="1" /><STEAD ID="68620386" OBJECTID="165072316" OBJECTGUID="d095d9c0-bda1-4f45-8662-f88bbc2b482f" CHANGEID="600530681" NUMBER="27" OPERTYPEID="10" PREVID="0" NEXTID="0" UPDATEDATE="2024-09-05" STARTDATE="2024-09-05" ENDDATE="2079-06-06" ISACTUAL="1" ISACTIVE="1" /><STEAD ID="68620387" OBJECTID="165072317" OBJECTGUID="65f67bd0-2fca-45b6-a058-07eb6e79e746" CHANGEID="600530682" NUMBER="29" OPERTYPEID="10" PREVID="0" NEXTID="0" UPDATEDATE="2024-09-05" STARTDATE="2024-09-05" ENDDATE="2079-06-06" ISACTUAL="1" ISACTIVE="1" /><STEAD ID="68620388" OBJECTID="165072318" OBJECTGUID="43a4514e-aaee-4828-80e6-a3a9a17c4f75" CHANGEID="600530683" NUMBER="53" OPERTYPEID="10" PREVID="0" NEXTID="0" UPDATEDATE="2024-09-05" STARTDATE="2024-09-05" ENDDATE="2079-06-06" ISACTUAL="1" ISACTIVE="1" /><STEAD ID="68620389" OBJECTID="165072319" OBJECTGUID="37da01ee-9bbb-4e86-b8db-319c3fd02f46" CHANGEID="600530684" NUMBER="41" OPERTYPEID="10" PREVID="0" NEXTID="0" UPDATEDATE="2024-09-05" STARTDATE="2024-09-05" ENDDATE="2079-06-06" ISACTUAL="1" ISACTIVE="1" /><STEAD ID="68620390" OBJECTID="165072320" OBJECTGUID="9846ca91-3921-48db-9740-0a356d297abe" CHANGEID="600530685" NUMBER="57" OPERTYPEID="10" PREVID="0" NEXTID="0" UPDATEDATE="2024-09-05" STARTDATE="2024-09-05" ENDDATE="2079-06-06" ISACTUAL="1" ISACTIVE="1" /><STEAD ID="68620391" OBJECTID="165072321" OBJECTGUID="d0c23c57-9400-4cb5-a2d6-e0adef04178e" CHANGEID="600530686" NUMBER="55" OPERTYPEID="10" PREVID="0" NEXTID="0" UPDATEDATE="2024-09-05" STARTDATE="2024-09-05" ENDDATE="2079-06-06" ISACTUAL="1" ISACTIVE="1" /><STEAD ID="68620392" OBJECTID="165072322" OBJECTGUID="8f6178c6-8c5c-45e6-9ad9-5151d241578d" CHANGEID="600530687" NUMBER="59" OPERTYPEID="10" PREVID="0" NEXTID="0" UPDATEDATE="2024-09-05" STARTDATE="2024-09-05" ENDDATE="2079-06-06" ISACTUAL="1" ISACTIVE="1" /><STEAD ID="68620393" OBJECTID="165072323" OBJECTGUID="c37d5e8b-85cb-49b9-a6e2-1ee1ad297f97" CHANGEID="600530688" NUMBER="73" OPERTYPEID="10" PREVID="0" NEXTID="0" UPDATEDATE="2024-09-05" STARTDATE="2024-09-05" ENDDATE="2079-06-06" ISACTUAL="1" ISACTIVE="1" /><STEAD ID="68620394" OBJECTID="165072324" OBJECTGUID="030b0d71-7feb-4441-9f0e-40a75d52ab5f" CHANGEID="600530689" NUMBER="75" OPERTYPEID="10" PREVID="0" NEXTID="0" UPDATEDATE="2024-09-05" STARTDATE="2024-09-05" ENDDATE="2079-06-06" ISACTUAL="1" ISACTIVE="1" /><STEAD ID="68620395" OBJECTID="165072325" OBJECTGUID="2447c891-dc33-4bdb-b954-befb4cd561aa" CHANGEID="600530690" NUMBER="77" OPERTYPEID="10" PREVID="0" NEXTID="0" UPDATEDATE="2024-09-05" STARTDATE="2024-09-05" ENDDATE="2079-06-06" ISACTUAL="1" ISACTIVE="1" /><STEAD ID="68620401" OBJECTID="165072436" OBJECTGUID="72109774-8a1b-4f65-8565-fdc4f84f3c50" CHANGEID="600530816" NUMBER="3" OPERTYPEID="10" PREVID="0" NEXTID="0" UPDATEDATE="2024-09-05" STARTDATE="2024-09-05" ENDDATE="2079-06-06" ISACTUAL="1" ISACTIVE="1" /><STEAD ID="68620402" OBJECTID="165072437" OBJECTGUID="8da554ed-f4c8-4a93-a612-d5b281a9456d" CHANGEID="600530817" NUMBER="8" OPERTYPEID="10" PREVID="0" NEXTID="0" UPDATEDATE="2024-09-05" STARTDATE="2024-09-05" ENDDATE="2079-06-06" ISACTUAL="1" ISACTIVE="1" /><STEAD ID="68620403" OBJECTID="165072438" OBJECTGUID="df71b911-c487-4c12-91da-1c744f5a4b14" CHANGEID="600530818" NUMBER="8а" OPERTYPEID="10" PREVID="0" NEXTID="0" UPDATEDATE="2024-09-05" STARTDATE="2024-09-05" ENDDATE="2079-06-06" ISACTUAL="1" ISACTIVE="1" /><STEAD ID="68620404" OBJECTID="165072439" OBJECTGUID="4d351bbc-8a1c-4937-8585-6f6361bc8e95" CHANGEID="600530819" NUMBER="16" OPERTYPEID="10" PREVID="0" NEXTID="0" UPDATEDATE="2024-09-05" STARTDATE="2024-09-05" ENDDATE="2079-06-06" ISACTUAL="1" ISACTIVE="1" /><STEAD ID="68620428" OBJECTID="165072488" OBJECTGUID="1a3a1cce-107a-40b6-9ddb-46ab6404e768" CHANGEID="600530900" NUMBER="11а" OPERTYPEID="10" PREVID="0" NEXTID="0" UPDATEDATE="2024-09-05" STARTDATE="2024-09-05" ENDDATE="2079-06-06" ISACTUAL="1" ISACTIVE="1" /><STEAD ID="68620429" OBJECTID="165072489" OBJECTGUID="93a4a683-3899-46f6-a79a-fcc1736ec0a3" CHANGEID="600530901" NUMBER="18а" OPERTYPEID="10" PREVID="0" NEXTID="0" UPDATEDATE="2024-09-05" STARTDATE="2024-09-05" ENDDATE="2079-06-06" ISACTUAL="1" ISACTIVE="1" /><STEAD ID="68620430" OBJECTID="165072490" OBJECTGUID="5bfdb501-3f35-468a-860b-f4e98b6f026f" CHANGEID="600530902" NUMBER="22а" OPERTYPEID="10" PREVID="0" NEXTID="0" UPDATEDATE="2024-09-05" STARTDATE="2024-09-05" ENDDATE="2079-06-06" ISACTUAL="1" ISACTIVE="1" /><STEAD ID="68620431" OBJECTID="165072491" OBJECTGUID="045e1f99-5a8c-4591-884a-ab519e4c041b" CHANGEID="600530903" NUMBER="24а" OPERTYPEID="10" PREVID="0" NEXTID="0" UPDATEDATE="2024-09-05" STARTDATE="2024-09-05" ENDDATE="2079-06-06" ISACTUAL="1" ISACTIVE="1" /><STEAD ID="68620432" OBJECTID="165072492" OBJECTGUID="ac50af03-04ee-449d-ab44-7aec6f5d8086" CHANGEID="600530904" NUMBER="26а" OPERTYPEID="10" PREVID="0" NEXTID="0" UPDATEDATE="2024-09-05" STARTDATE="2024-09-05" ENDDATE="2079-06-06" ISACTUAL="1" ISACTIVE="1" /><STEAD ID="68620433" OBJECTID="165072493" OBJECTGUID="db5f7ed9-bfa6-49d9-9144-db4fce35ce21" CHANGEID="600530905" NUMBER="26б" OPERTYPEID="10" PREVID="0" NEXTID="0" UPDATEDATE="2024-09-05" STARTDATE="2024-09-05" ENDDATE="2079-06-06" ISACTUAL="1" ISACTIVE="1" /><STEAD ID="68620434" OBJECTID="165072494" OBJECTGUID="7adf3def-a869-4289-befb-a6b7ce403088" CHANGEID="600530906" NUMBER="30а" OPERTYPEID="10" PREVID="0" NEXTID="0" UPDATEDATE="2024-09-05" STARTDATE="2024-09-05" ENDDATE="2079-06-06" ISACTUAL="1" ISACTIVE="1" /><STEAD ID="68620435" OBJECTID="165072495" OBJECTGUID="b7c9094c-4d0b-4fa7-b5a0-2dac19b72d15" CHANGEID="600530907" NUMBER="34а" OPERTYPEID="10" PREVID="0" NEXTID="0" UPDATEDATE="2024-09-05" STARTDATE="2024-09-05" ENDDATE="2079-06-06" ISACTUAL="1" ISACTIVE="1" /><STEAD ID="68620413" OBJECTID="165072450" OBJECTGUID="3eeea01f-ecd3-4846-b021-d1f436a67c47" CHANGEID="600530845" NUMBER="6а" OPERTYPEID="10" PREVID="0" NEXTID="0" UPDATEDATE="2024-09-05" STARTDATE="2024-09-05" ENDDATE="2079-06-06" ISACTUAL="1" ISACTIVE="1" /><STEAD ID="68620638" OBJECTID="165073117" OBJECTGUID="c887f45f-9635-445c-8ba1-28c77edf571d" CHANGEID="600531831" NUMBER="6" OPERTYPEID="10" PREVID="0" NEXTID="0" UPDATEDATE="2024-09-05" STARTDATE="2024-09-05" ENDDATE="2079-06-06" ISACTUAL="1" ISACTIVE="1" /><STEAD ID="68620639" OBJECTID="165073118" OBJECTGUID="da02c371-2a21-419a-bea6-03755efbfd39" CHANGEID="600531832" NUMBER="18а" OPERTYPEID="10" PREVID="0" NEXTID="0" UPDATEDATE="2024-09-05" STARTDATE="2024-09-05" ENDDATE="2079-06-06" ISACTUAL="1" ISACTIVE="1" /><STEAD ID="68620640" OBJECTID="165073119" OBJECTGUID="3a4aac40-12ce-4cb2-a84d-b75857fb5526" CHANGEID="600531833" NUMBER="28" OPERTYPEID="10" PREVID="0" NEXTID="0" UPDATEDATE="2024-09-05" STARTDATE="2024-09-05" ENDDATE="2079-06-06" ISACTUAL="1" ISACTIVE="1" /><STEAD ID="68620641" OBJECTID="165073120" OBJECTGUID="56b9a260-c13c-4972-806b-e3803534d92c" CHANGEID="600531834" NUMBER="34а" OPERTYPEID="10" PREVID="0" NEXTID="0" UPDATEDATE="2024-09-05" STARTDATE="2024-09-05" ENDDATE="2079-06-06" ISACTUAL="1" ISACTIVE="1" /><STEAD ID="68620642" OBJECTID="165073121" OBJECTGUID="59678c67-8bf5-437b-9d9f-222575c9404d" CHANGEID="600531835" NUMBER="48" OPERTYPEID="10" PREVID="0" NEXTID="0" UPDATEDATE="2024-09-05" STARTDATE="2024-09-05" ENDDATE="2079-06-06" ISACTUAL="1" ISACTIVE="1" /><STEAD ID="68620643" OBJECTID="165073122" OBJECTGUID="a0f540af-7413-4c84-8919-d7177fca1d06" CHANGEID="600531836" NUMBER="53" OPERTYPEID="10" PREVID="0" NEXTID="0" UPDATEDATE="2024-09-05" STARTDATE="2024-09-05" ENDDATE="2079-06-06" ISACTUAL="1" ISACTIVE="1" /><STEAD ID="68620644" OBJECTID="165073123" OBJECTGUID="8b4933db-f243-44b7-a883-6b1551aa0d27" CHANGEID="600531837" NUMBER="54" OPERTYPEID="10" PREVID="0" NEXTID="0" UPDATEDATE="2024-09-05" STARTDATE="2024-09-05" ENDDATE="2079-06-06" ISACTUAL="1" ISACTIVE="1" /><STEAD ID="68620645" OBJECTID="165073124" OBJECTGUID="67730f8b-de97-4a75-87ec-86fb9da8d4f8" CHANGEID="600531838" NUMBER="56" OPERTYPEID="10" PREVID="0" NEXTID="0" UPDATEDATE="2024-09-05" STARTDATE="2024-09-05" ENDDATE="2079-06-06" ISACTUAL="1" ISACTIVE="1" /><STEAD ID="68620646" OBJECTID="165073125" OBJECTGUID="6044cfd8-1ffb-42b2-a7b5-067513b8c713" CHANGEID="600531839" NUMBER="57" OPERTYPEID="10" PREVID="0" NEXTID="0" UPDATEDATE="2024-09-05" STARTDATE="2024-09-05" ENDDATE="2079-06-06" ISACTUAL="1" ISACTIVE="1" /><STEAD ID="68620647" OBJECTID="165073126" OBJECTGUID="308561cc-bbc1-45db-bd1a-926023e9c133" CHANGEID="600531840" NUMBER="59" OPERTYPEID="10" PREVID="0" NEXTID="0" UPDATEDATE="2024-09-05" STARTDATE="2024-09-05" ENDDATE="2079-06-06" ISACTUAL="1" ISACTIVE="1" /><STEAD ID="68620648" OBJECTID="165073127" OBJECTGUID="5bd82337-9544-41ef-836b-5f3c258f07e7" CHANGEID="600531841" NUMBER="60" OPERTYPEID="10" PREVID="0" NEXTID="0" UPDATEDATE="2024-09-05" STARTDATE="2024-09-05" ENDDATE="2079-06-06" ISACTUAL="1" ISACTIVE="1" /><STEAD ID="68620649" OBJECTID="165073128" OBJECTGUID="a09b6b5f-39bd-41fe-8993-dcc340a4dd6f" CHANGEID="600531842" NUMBER="62" OPERTYPEID="10" PREVID="0" NEXTID="0" UPDATEDATE="2024-09-05" STARTDATE="2024-09-05" ENDDATE="2079-06-06" ISACTUAL="1" ISACTIVE="1" /><STEAD ID="68620650" OBJECTID="165073129" OBJECTGUID="a47a7ae8-d7d7-4d53-9a01-3c2cdf761c4e" CHANGEID="600531843" NUMBER="64" OPERTYPEID="10" PREVID="0" NEXTID="0" UPDATEDATE="2024-09-05" STARTDATE="2024-09-05" ENDDATE="2079-06-06" ISACTUAL="1" ISACTIVE="1" /><STEAD ID="68620651" OBJECTID="165073130" OBJECTGUID="795bb752-c163-4ef8-9dc0-7a8a57671658" CHANGEID="600531844" NUMBER="75" OPERTYPEID="10" PREVID="0" NEXTID="0" UPDATEDATE="2024-09-05" STARTDATE="2024-09-05" ENDDATE="2079-06-06" ISACTUAL="1" ISACTIVE="1" /><STEAD ID="68620672" OBJECTID="165073259" OBJECTGUID="6df95d1e-1dc1-42f2-8fe4-b82071ab0827" CHANGEID="600532005" NUMBER="20а" OPERTYPEID="10" PREVID="0" NEXTID="0" UPDATEDATE="2024-09-05" STARTDATE="2024-09-05" ENDDATE="2079-06-06" ISACTUAL="1" ISACTIVE="1" /><STEAD ID="68620673" OBJECTID="165073260" OBJECTGUID="e5f078d5-e120-4039-9299-d95ab2313723" CHANGEID="600532006" NUMBER="25а" OPERTYPEID="10" PREVID="0" NEXTID="0" UPDATEDATE="2024-09-05" STARTDATE="2024-09-05" ENDDATE="2079-06-06" ISACTUAL="1" ISACTIVE="1" /><STEAD ID="68620674" OBJECTID="165073261" OBJECTGUID="eab46bf4-e157-4b10-b0f1-f7dc07f61943" CHANGEID="600532007" NUMBER="109" OPERTYPEID="10" PREVID="0" NEXTID="0" UPDATEDATE="2024-09-05" STARTDATE="2024-09-05" ENDDATE="2079-06-06" ISACTUAL="1" ISACTIVE="1" /><STEAD ID="68620702" OBJECTID="165073297" OBJECTGUID="10e8cca7-b3ed-44dd-bd15-5056dee0a111" CHANGEID="600532092" NUMBER="4а" OPERTYPEID="10" PREVID="0" NEXTID="0" UPDATEDATE="2024-09-05" STARTDATE="2024-09-05" ENDDATE="2079-06-06" ISACTUAL="1" ISACTIVE="1" /><STEAD ID="68620703" OBJECTID="165073298" OBJECTGUID="495923d9-4539-47b4-8a56-7a20a52c66ac" CHANGEID="600532093" NUMBER="6а" OPERTYPEID="10" PREVID="0" NEXTID="0" UPDATEDATE="2024-09-05" STARTDATE="2024-09-05" ENDDATE="2079-06-06" ISACTUAL="1" ISACTIVE="1" /><STEAD ID="68620704" OBJECTID="165073299" OBJECTGUID="be0f5836-7fa3-451e-a2ad-8bfe2d7a1458" CHANGEID="600532094" NUMBER="20" OPERTYPEID="10" PREVID="0" NEXTID="0" UPDATEDATE="2024-09-05" STARTDATE="2024-09-05" ENDDATE="2079-06-06" ISACTUAL="1" ISACTIVE="1" /><STEAD ID="68620705" OBJECTID="165073300" OBJECTGUID="9844b8da-3350-47f4-9f68-5a23f0d77102" CHANGEID="600532095" NUMBER="22" OPERTYPEID="10" PREVID="0" NEXTID="0" UPDATEDATE="2024-09-05" STARTDATE="2024-09-05" ENDDATE="2079-06-06" ISACTUAL="1" ISACTIVE="1" /><STEAD ID="68620706" OBJECTID="165073301" OBJECTGUID="5e2f6ae9-dfa9-452e-b05d-32b860c77b19" CHANGEID="600532096" NUMBER="24" OPERTYPEID="10" PREVID="0" NEXTID="0" UPDATEDATE="2024-09-05" STARTDATE="2024-09-05" ENDDATE="2079-06-06" ISACTUAL="1" ISACTIVE="1" /><STEAD ID="68620755" OBJECTID="165073456" OBJECTGUID="7118a20b-6452-4b84-9069-3559868c6a6c" CHANGEID="600532321" NUMBER="1а" OPERTYPEID="10" PREVID="0" NEXTID="0" UPDATEDATE="2024-09-05" STARTDATE="2024-09-05" ENDDATE="2079-06-06" ISACTUAL="1" ISACTIVE="1" /><STEAD ID="68620690" OBJECTID="165073281" OBJECTGUID="8f2d7519-adb7-4284-9e6a-87494c2a606a" CHANGEID="600532053" NUMBER="31а" OPERTYPEID="10" PREVID="0" NEXTID="0" UPDATEDATE="2024-09-05" STARTDATE="2024-09-05" ENDDATE="2079-06-06" ISACTUAL="1" ISACTIVE="1" /><STEAD ID="68620691" OBJECTID="165073282" OBJECTGUID="278977fb-8494-4147-a993-fb067f9f4fdc" CHANGEID="600532054" NUMBER="32а" OPERTYPEID="10" PREVID="0" NEXTID="0" UPDATEDATE="2024-09-05" STARTDATE="2024-09-05" ENDDATE="2079-06-06" ISACTUAL="1" ISACTIVE="1" /><STEAD ID="68620692" OBJECTID="165073283" OBJECTGUID="7c1db25a-250e-4655-a2f4-7192885e9e8f" CHANGEID="600532055" NUMBER="32б" OPERTYPEID="10" PREVID="0" NEXTID="0" UPDATEDATE="2024-09-05" STARTDATE="2024-09-05" ENDDATE="2079-06-06" ISACTUAL="1" ISACTIVE="1" /><STEAD ID="68620726" OBJECTID="165073426" OBJECTGUID="3ad3a965-bffa-4f92-999f-87fbd68582d9" CHANGEID="600532257" NUMBER="10" OPERTYPEID="10" PREVID="0" NEXTID="0" UPDATEDATE="2024-09-05" STARTDATE="2024-09-05" ENDDATE="2079-06-06" ISACTUAL="1" ISACTIVE="1" /><STEAD ID="68620727" OBJECTID="165073427" OBJECTGUID="de42a087-913b-4abc-8729-399da15b3f91" CHANGEID="600532258" NUMBER="11" OPERTYPEID="10" PREVID="0" NEXTID="0" UPDATEDATE="2024-09-05" STARTDATE="2024-09-05" ENDDATE="2079-06-06" ISACTUAL="1" ISACTIVE="1" /><STEAD ID="68620728" OBJECTID="165073428" OBJECTGUID="19778555-ea86-41a8-af3c-338b33161e26" CHANGEID="600532259" NUMBER="12" OPERTYPEID="10" PREVID="0" NEXTID="0" UPDATEDATE="2024-09-05" STARTDATE="2024-09-05" ENDDATE="2079-06-06" ISACTUAL="1" ISACTIVE="1" /><STEAD ID="68620729" OBJECTID="165073429" OBJECTGUID="e10225b8-68f6-4b3e-a71c-3b5da18b9f43" CHANGEID="600532260" NUMBER="13" OPERTYPEID="10" PREVID="0" NEXTID="0" UPDATEDATE="2024-09-05" STARTDATE="2024-09-05" ENDDATE="2079-06-06" ISACTUAL="1" ISACTIVE="1" /><STEAD ID="68620730" OBJECTID="165073430" OBJECTGUID="9d31d683-739f-4329-a20b-ae4982363050" CHANGEID="600532261" NUMBER="13а" OPERTYPEID="10" PREVID="0" NEXTID="0" UPDATEDATE="2024-09-05" STARTDATE="2024-09-05" ENDDATE="2079-06-06" ISACTUAL="1" ISACTIVE="1" /><STEAD ID="68620731" OBJECTID="165073431" OBJECTGUID="ac767e5d-23d9-4b1e-913a-5c337f89b79a" CHANGEID="600532262" NUMBER="15" OPERTYPEID="10" PREVID="0" NEXTID="0" UPDATEDATE="2024-09-05" STARTDATE="2024-09-05" ENDDATE="2079-06-06" ISACTUAL="1" ISACTIVE="1" /><STEAD ID="68620732" OBJECTID="165073432" OBJECTGUID="219cf04b-f366-4de9-a9fd-0b39f640486f" CHANGEID="600532263" NUMBER="15а" OPERTYPEID="10" PREVID="0" NEXTID="0" UPDATEDATE="2024-09-05" STARTDATE="2024-09-05" ENDDATE="2079-06-06" ISACTUAL="1" ISACTIVE="1" /><STEAD ID="68620744" OBJECTID="165073446" OBJECTGUID="5f0f47b2-3da8-4c2c-ba68-e3b234fb3d01" CHANGEID="600532301" NUMBER="3а" OPERTYPEID="10" PREVID="0" NEXTID="0" UPDATEDATE="2024-09-05" STARTDATE="2024-09-05" ENDDATE="2079-06-06" ISACTUAL="1" ISACTIVE="1" /><STEAD ID="68620745" OBJECTID="165073447" OBJECTGUID="2dda61e7-b7f5-49b4-a268-880fe5d84d6e" CHANGEID="600532302" NUMBER="4а" OPERTYPEID="10" PREVID="0" NEXTID="0" UPDATEDATE="2024-09-05" STARTDATE="2024-09-05" ENDDATE="2079-06-06" ISACTUAL="1" ISACTIVE="1" /><STEAD ID="68620746" OBJECTID="165073448" OBJECTGUID="2af86181-5334-4e04-82ff-ebe4a915a6f9" CHANGEID="600532303" NUMBER="20" OPERTYPEID="10" PREVID="0" NEXTID="0" UPDATEDATE="2024-09-05" STARTDATE="2024-09-05" ENDDATE="2079-06-06" ISACTUAL="1" ISACTIVE="1" /><STEAD ID="68620778" OBJECTID="165073484" OBJECTGUID="56207c7b-bd51-4387-a03c-a34622f2d5d7" CHANGEID="600532378" NUMBER="15а" OPERTYPEID="10" PREVID="0" NEXTID="0" UPDATEDATE="2024-09-05" STARTDATE="2024-09-05" ENDDATE="2079-06-06" ISACTUAL="1" ISACTIVE="1" /><STEAD ID="68620779" OBJECTID="165073485" OBJECTGUID="82e827e8-5bfc-415c-8183-e0e27d403fdb" CHANGEID="600532379" NUMBER="17а" OPERTYPEID="10" PREVID="0" NEXTID="0" UPDATEDATE="2024-09-05" STARTDATE="2024-09-05" ENDDATE="2079-06-06" ISACTUAL="1" ISACTIVE="1" /><STEAD ID="68620780" OBJECTID="165073486" OBJECTGUID="46bac91e-741e-4e44-9daa-f9af2c56ec82" CHANGEID="600532380" NUMBER="20" OPERTYPEID="10" PREVID="0" NEXTID="0" UPDATEDATE="2024-09-05" STARTDATE="2024-09-05" ENDDATE="2079-06-06" ISACTUAL="1" ISACTIVE="1" /><STEAD ID="68620781" OBJECTID="165073487" OBJECTGUID="c2662058-7079-4a90-97b0-7e1ba2e49c67" CHANGEID="600532381" NUMBER="23а" OPERTYPEID="10" PREVID="0" NEXTID="0" UPDATEDATE="2024-09-05" STARTDATE="2024-09-05" ENDDATE="2079-06-06" ISACTUAL="1" ISACTIVE="1" /><STEAD ID="68620782" OBJECTID="165073488" OBJECTGUID="d48d438d-356a-4d50-b308-fc847122aa48" CHANGEID="600532382" NUMBER="24" OPERTYPEID="10" PREVID="0" NEXTID="0" UPDATEDATE="2024-09-05" STARTDATE="2024-09-05" ENDDATE="2079-06-06" ISACTUAL="1" ISACTIVE="1" /><STEAD ID="68620783" OBJECTID="165073489" OBJECTGUID="6cc6c017-bd9f-4cc3-81c4-51105d2189ab" CHANGEID="600532383" NUMBER="26" OPERTYPEID="10" PREVID="0" NEXTID="0" UPDATEDATE="2024-09-05" STARTDATE="2024-09-05" ENDDATE="2079-06-06" ISACTUAL="1" ISACTIVE="1" /><STEAD ID="68620784" OBJECTID="165073490" OBJECTGUID="771d97b7-b014-42c7-989b-0739dfdd89a8" CHANGEID="600532384" NUMBER="26а" OPERTYPEID="10" PREVID="0" NEXTID="0" UPDATEDATE="2024-09-05" STARTDATE="2024-09-05" ENDDATE="2079-06-06" ISACTUAL="1" ISACTIVE="1" /><STEAD ID="68620785" OBJECTID="165073491" OBJECTGUID="212775b4-6478-48cf-abfe-858459e7d7a7" CHANGEID="600532385" NUMBER="27" OPERTYPEID="10" PREVID="0" NEXTID="0" UPDATEDATE="2024-09-05" STARTDATE="2024-09-05" ENDDATE="2079-06-06" ISACTUAL="1" ISACTIVE="1" /><STEAD ID="68620786" OBJECTID="165073492" OBJECTGUID="b466c4a3-54c4-4c31-bb11-be06df4955b4" CHANGEID="600532386" NUMBER="30" OPERTYPEID="10" PREVID="0" NEXTID="0" UPDATEDATE="2024-09-05" STARTDATE="2024-09-05" ENDDATE="2079-06-06" ISACTUAL="1" ISACTIVE="1" /><STEAD ID="68620787" OBJECTID="165073493" OBJECTGUID="34dd1d2a-7ec1-4124-a2bf-656315b92749" CHANGEID="600532387" NUMBER="31" OPERTYPEID="10" PREVID="0" NEXTID="0" UPDATEDATE="2024-09-05" STARTDATE="2024-09-05" ENDDATE="2079-06-06" ISACTUAL="1" ISACTIVE="1" /><STEAD ID="68620798" OBJECTID="165073730" OBJECTGUID="af750132-6d1d-4fb2-8cdc-9a906a2a5f68" CHANGEID="600532648" NUMBER="7а" OPERTYPEID="10" PREVID="0" NEXTID="0" UPDATEDATE="2024-09-05" STARTDATE="2024-09-05" ENDDATE="2079-06-06" ISACTUAL="1" ISACTIVE="1" /><STEAD ID="68620799" OBJECTID="165073731" OBJECTGUID="bca40bdc-38a0-4218-97d6-1b9219f7ca87" CHANGEID="600532649" NUMBER="12" OPERTYPEID="10" PREVID="0" NEXTID="0" UPDATEDATE="2024-09-05" STARTDATE="2024-09-05" ENDDATE="2079-06-06" ISACTUAL="1" ISACTIVE="1" /><STEAD ID="68620800" OBJECTID="165073732" OBJECTGUID="0ff9a70b-c388-43eb-9088-ac50c11e22f6" CHANGEID="600532650" NUMBER="13" OPERTYPEID="10" PREVID="0" NEXTID="0" UPDATEDATE="2024-09-05" STARTDATE="2024-09-05" ENDDATE="2079-06-06" ISACTUAL="1" ISACTIVE="1" /><STEAD ID="68620801" OBJECTID="165073733" OBJECTGUID="04ea4f93-d06a-4a12-ba27-337b32fb2aa5" CHANGEID="600532651" NUMBER="14" OPERTYPEID="10" PREVID="0" NEXTID="0" UPDATEDATE="2024-09-05" STARTDATE="2024-09-05" ENDDATE="2079-06-06" ISACTUAL="1" ISACTIVE="1" /><STEAD ID="68620802" OBJECTID="165073734" OBJECTGUID="85c159a0-e45a-427c-96d3-61712271b770" CHANGEID="600532652" NUMBER="16" OPERTYPEID="10" PREVID="0" NEXTID="0" UPDATEDATE="2024-09-05" STARTDATE="2024-09-05" ENDDATE="2079-06-06" ISACTUAL="1" ISACTIVE="1" /><STEAD ID="68620817" OBJECTID="165073750" OBJECTGUID="4165a938-b014-4748-9243-96aa906df56e" CHANGEID="600532684" NUMBER="10" OPERTYPEID="10" PREVID="0" NEXTID="0" UPDATEDATE="2024-09-05" STARTDATE="2024-09-05" ENDDATE="2079-06-06" ISACTUAL="1" ISACTIVE="1" /><STEAD ID="68620818" OBJECTID="165073751" OBJECTGUID="ff9144eb-fdb5-4c0e-8455-9d23216ef7e7" CHANGEID="600532685" NUMBER="12" OPERTYPEID="10" PREVID="0" NEXTID="0" UPDATEDATE="2024-09-05" STARTDATE="2024-09-05" ENDDATE="2079-06-06" ISACTUAL="1" ISACTIVE="1" /><STEAD ID="68620819" OBJECTID="165073752" OBJECTGUID="8b97e4d7-0da3-4cd2-ad12-fea55fbf11f3" CHANGEID="600532686" NUMBER="14" OPERTYPEID="10" PREVID="0" NEXTID="0" UPDATEDATE="2024-09-05" STARTDATE="2024-09-05" ENDDATE="2079-06-06" ISACTUAL="1" ISACTIVE="1" /><STEAD ID="68620820" OBJECTID="165073753" OBJECTGUID="61362515-b4ce-4417-8168-50079431c345" CHANGEID="600532687" NUMBER="18" OPERTYPEID="10" PREVID="0" NEXTID="0" UPDATEDATE="2024-09-05" STARTDATE="2024-09-05" ENDDATE="2079-06-06" ISACTUAL="1" ISACTIVE="1" /><STEAD ID="68641380" OBJECTID="165112552" OBJECTGUID="c49b85f4-a11d-467d-a6cd-1d6b1ffa2626" CHANGEID="600656420" NUMBER="50" OPERTYPEID="10" PREVID="0" NEXTID="0" UPDATEDATE="2024-09-06" STARTDATE="2024-09-06" ENDDATE="2079-06-06" ISACTUAL="1" ISACTIVE="1" /><STEAD ID="68641381" OBJECTID="165112553" OBJECTGUID="f55e3806-3afa-4ad3-8b3a-8f981676b783" CHANGEID="600656433" NUMBER="52" OPERTYPEID="10" PREVID="0" NEXTID="0" UPDATEDATE="2024-09-06" STARTDATE="2024-09-06" ENDDATE="2079-06-06" ISACTUAL="1" ISACTIVE="1" /><STEAD ID="68641382" OBJECTID="165112554" OBJECTGUID="9560aed6-b099-4cf2-adba-e94191da6ed5" CHANGEID="600656442" NUMBER="54" OPERTYPEID="10" PREVID="0" NEXTID="0" UPDATEDATE="2024-09-06" STARTDATE="2024-09-06" ENDDATE="2079-06-06" ISACTUAL="1" ISACTIVE="1" /><STEAD ID="68641383" OBJECTID="165112555" OBJECTGUID="babb763d-c9d5-40d3-977b-822adb387ab9" CHANGEID="600656455" NUMBER="56" OPERTYPEID="10" PREVID="0" NEXTID="0" UPDATEDATE="2024-09-06" STARTDATE="2024-09-06" ENDDATE="2079-06-06" ISACTUAL="1" ISACTIVE="1" /><STEAD ID="68641384" OBJECTID="165112556" OBJECTGUID="8185cbe2-ffe8-412d-a02f-62d70670fcd9" CHANGEID="600656464" NUMBER="60" OPERTYPEID="10" PREVID="0" NEXTID="0" UPDATEDATE="2024-09-06" STARTDATE="2024-09-06" ENDDATE="2079-06-06" ISACTUAL="1" ISACTIVE="1" /><STEAD ID="68641385" OBJECTID="165112557" OBJECTGUID="a12f113f-3cea-4d8f-87c8-1e6b55c71c5e" CHANGEID="600656472" NUMBER="62" OPERTYPEID="10" PREVID="0" NEXTID="0" UPDATEDATE="2024-09-06" STARTDATE="2024-09-06" ENDDATE="2079-06-06" ISACTUAL="1" ISACTIVE="1" /><STEAD ID="68641397" OBJECTID="165112571" OBJECTGUID="41e8d01c-692f-434d-ae1c-7bbea47c6726" CHANGEID="600658143" NUMBER="7а" OPERTYPEID="10" PREVID="0" NEXTID="0" UPDATEDATE="2024-09-06" STARTDATE="2024-09-06" ENDDATE="2079-06-06" ISACTUAL="1" ISACTIVE="1" /><STEAD ID="68641398" OBJECTID="165112572" OBJECTGUID="d8d578b4-a7a6-458e-87b3-fb743a0faa5c" CHANGEID="600658160" NUMBER="7б" OPERTYPEID="10" PREVID="0" NEXTID="0" UPDATEDATE="2024-09-06" STARTDATE="2024-09-06" ENDDATE="2079-06-06" ISACTUAL="1" ISACTIVE="1" /><STEAD ID="68642430" OBJECTID="165113918" OBJECTGUID="4fd7b6b3-fbec-4575-8c01-7f9927940510" CHANGEID="600702544" NUMBER="121" OPERTYPEID="10" PREVID="0" NEXTID="0" UPDATEDATE="2024-09-06" STARTDATE="2024-09-06" ENDDATE="2079-06-06" ISACTUAL="1" ISACTIVE="1" /><STEAD ID="68642468" OBJECTID="165113946" OBJECTGUID="33c5bb27-0874-4fd6-9764-e1e175775add" CHANGEID="600702612" NUMBER="123" OPERTYPEID="10" PREVID="0" NEXTID="0" UPDATEDATE="2024-09-06" STARTDATE="2024-09-06" ENDDATE="2079-06-06" ISACTUAL="1" ISACTIVE="1" /><STEAD ID="68663446" OBJECTID="90908133" OBJECTGUID="22170f0e-3589-43ba-a739-bf097487106a" CHANGEID="600789907" NUMBER="3б" OPERTYPEID="20" PREVID="6373292" UPDATEDATE="2024-09-09" STARTDATE="2024-09-09" ENDDATE="2079-06-06" ISACTUAL="1" ISACTIVE="1" /><STEAD ID="68663545" OBJECTID="165149909" OBJECTGUID="9f0ed4a9-93d9-40fe-8e07-5d4c16242f35" CHANGEID="600790356" NUMBER="19а" OPERTYPEID="10" PREVID="0" NEXTID="0" UPDATEDATE="2024-09-09" STARTDATE="2024-09-09" ENDDATE="2079-06-06" ISACTUAL="1" ISACTIVE="1" /><STEAD ID="68680484" OBJECTID="165178078" OBJECTGUID="04a61c35-4c6c-43d3-809c-bf4c667fafb6" CHANGEID="600838957" NUMBER="4" OPERTYPEID="10" PREVID="0" NEXTID="0" UPDATEDATE="2024-09-10" STARTDATE="2024-09-10" ENDDATE="2079-06-06" ISACTUAL="1" ISACTIVE="1" /></STEADS>