﻿<?xml version="1.0" encoding="utf-8"?><HOUSES><HOUSE ID="56325771" OBJECTID="61828014" OBJECTGUID="45d19171-c86f-4ae1-9a08-ac151a986d6f" CHANGEID="92326469" HOUSENUM="56" HOUSETYPE="2" OPERTYPEID="20" PREVID="37141632" NEXTID="126752527" UPDATEDATE="2024-09-10" STARTDATE="2019-11-08" ENDDATE="2024-09-10" ISACTUAL="0" ISACTIVE="0" /><HOUSE ID="61802913" OBJECTID="80724621" OBJECTGUID="93210d08-56a6-45f3-be62-7cec9382610f" CHANGEID="119976371" HOUSENUM="2г" HOUSETYPE="2" OPERTYPEID="20" PREVID="48844951" NEXTID="126752514" UPDATEDATE="2024-09-10" STARTDATE="2019-10-30" ENDDATE="2024-09-10" ISACTUAL="0" ISACTIVE="0" /><HOUSE ID="69861308" OBJECTID="97505129" OBJECTGUID="5d44ff3d-e046-4e21-9780-de140b334eb4" CHANGEID="153514804" HOUSENUM="6" HOUSETYPE="2" OPERTYPEID="10" PREVID="0" NEXTID="126752532" UPDATEDATE="2024-09-10" STARTDATE="2020-07-14" ENDDATE="2024-09-10" ISACTUAL="0" ISACTIVE="0" /><HOUSE ID="126676878" OBJECTID="164877555" OBJECTGUID="ccb5e5b9-db74-4c01-8bad-3330f1d82ae9" CHANGEID="600026839" HOUSENUM="2г" HOUSETYPE="5" OPERTYPEID="10" PREVID="0" NEXTID="126736045" UPDATEDATE="2024-09-06" STARTDATE="2024-08-26" ENDDATE="2024-09-06" ISACTUAL="0" ISACTIVE="0" /><HOUSE ID="126725634" OBJECTID="165062376" OBJECTGUID="aa051096-2e75-4bac-801c-378b8280a7f7" CHANGEID="600514648" HOUSENUM="1" HOUSETYPE="7" OPERTYPEID="10" PREVID="0" NEXTID="0" UPDATEDATE="2024-09-05" STARTDATE="2024-09-05" ENDDATE="2079-06-06" ISACTUAL="1" ISACTIVE="1" /><HOUSE ID="126725633" OBJECTID="165062374" OBJECTGUID="351f6ba3-b6ac-4602-bcee-2c74f4be292c" CHANGEID="600514646" HOUSENUM="22" HOUSETYPE="2" OPERTYPEID="10" PREVID="0" NEXTID="0" UPDATEDATE="2024-09-05" STARTDATE="2024-09-05" ENDDATE="2079-06-06" ISACTUAL="1" ISACTIVE="1" /><HOUSE ID="126725832" OBJECTID="165063451" OBJECTGUID="b16bc14a-d706-4fe9-8115-96e92675b7aa" CHANGEID="600516278" HOUSENUM="4" HOUSETYPE="2" OPERTYPEID="10" PREVID="0" NEXTID="0" UPDATEDATE="2024-09-05" STARTDATE="2024-09-05" ENDDATE="2079-06-06" ISACTUAL="1" ISACTIVE="1" /><HOUSE ID="126727093" OBJECTID="165069119" OBJECTGUID="3127aa42-89b3-446e-bef2-b7996e20ce2b" CHANGEID="600525653" HOUSENUM="115" HOUSETYPE="2" OPERTYPEID="10" PREVID="0" NEXTID="0" UPDATEDATE="2024-09-05" STARTDATE="2024-09-05" ENDDATE="2079-06-06" ISACTUAL="1" ISACTIVE="1" /><HOUSE ID="126727094" OBJECTID="165069121" OBJECTGUID="5f12a250-f4e4-4b0f-8118-600aef39374b" CHANGEID="600525657" HOUSENUM="38а" HOUSETYPE="2" OPERTYPEID="10" PREVID="0" NEXTID="0" UPDATEDATE="2024-09-05" STARTDATE="2024-09-05" ENDDATE="2079-06-06" ISACTUAL="1" ISACTIVE="1" /><HOUSE ID="126727101" OBJECTID="165069133" OBJECTGUID="fdcd6a50-4d5d-4b41-a30b-9a40fc03d9e3" CHANGEID="600525706" HOUSENUM="2А" HOUSETYPE="2" OPERTYPEID="10" PREVID="0" NEXTID="0" UPDATEDATE="2024-09-05" STARTDATE="2024-09-05" ENDDATE="2079-06-06" ISACTUAL="1" ISACTIVE="1" /><HOUSE ID="126727091" OBJECTID="165069109" OBJECTGUID="d6c495bd-23be-4357-bd85-cd5131b67750" CHANGEID="600525624" HOUSENUM="6" HOUSETYPE="2" OPERTYPEID="10" PREVID="0" NEXTID="0" UPDATEDATE="2024-09-05" STARTDATE="2024-09-05" ENDDATE="2079-06-06" ISACTUAL="1" ISACTIVE="1" /><HOUSE ID="126729538" OBJECTID="165080702" OBJECTGUID="dcdb258c-2359-4256-be51-27212a88ee24" CHANGEID="600543725" HOUSENUM="38" HOUSETYPE="2" OPERTYPEID="10" PREVID="0" NEXTID="0" UPDATEDATE="2024-09-05" STARTDATE="2024-09-05" ENDDATE="2079-06-06" ISACTUAL="1" ISACTIVE="1" /><HOUSE ID="126729539" OBJECTID="165080712" OBJECTGUID="16367b4e-a05d-4715-8d52-54f4557ab501" CHANGEID="600543735" HOUSENUM="47б" HOUSETYPE="2" OPERTYPEID="10" PREVID="0" NEXTID="0" UPDATEDATE="2024-09-05" STARTDATE="2024-09-05" ENDDATE="2079-06-06" ISACTUAL="1" ISACTIVE="1" /><HOUSE ID="126729544" OBJECTID="165080722" OBJECTGUID="df815609-7086-4661-8965-b765085668f2" CHANGEID="600543753" HOUSENUM="10" HOUSETYPE="2" OPERTYPEID="10" PREVID="0" NEXTID="0" UPDATEDATE="2024-09-05" STARTDATE="2024-09-05" ENDDATE="2079-06-06" ISACTUAL="1" ISACTIVE="1" /><HOUSE ID="126729677" OBJECTID="165081199" OBJECTGUID="8f86bd2b-f1af-420b-8c13-ac35f2b34845" CHANGEID="600545003" HOUSENUM="9а" HOUSETYPE="2" OPERTYPEID="10" PREVID="0" NEXTID="0" UPDATEDATE="2024-09-05" STARTDATE="2024-09-05" ENDDATE="2079-06-06" ISACTUAL="1" ISACTIVE="1" /><HOUSE ID="126733250" OBJECTID="165097172" OBJECTGUID="5eb129ff-029b-4dde-bc1b-0dc2979d0a17" CHANGEID="600573582" HOUSENUM="37" ADDNUM1="Б" HOUSETYPE="2" ADDTYPE1="4" OPERTYPEID="10" PREVID="0" NEXTID="0" UPDATEDATE="2024-09-06" STARTDATE="2024-09-06" ENDDATE="2079-06-06" ISACTUAL="1" ISACTIVE="1" /><HOUSE ID="126736040" OBJECTID="165106223" OBJECTGUID="8ce13877-0bcb-4c64-b98b-e70fabc6742b" CHANGEID="600589665" HOUSENUM="6А" HOUSETYPE="2" OPERTYPEID="10" PREVID="0" NEXTID="0" UPDATEDATE="2024-09-06" STARTDATE="2024-09-06" ENDDATE="2079-06-06" ISACTUAL="1" ISACTIVE="1" /><HOUSE ID="126736045" OBJECTID="164877555" OBJECTGUID="ccb5e5b9-db74-4c01-8bad-3330f1d82ae9" CHANGEID="600589759" HOUSENUM="2г" HOUSETYPE="5" OPERTYPEID="30" PREVID="126676878" NEXTID="0" UPDATEDATE="2024-09-06" STARTDATE="2024-09-06" ENDDATE="2079-06-06" ISACTUAL="1" ISACTIVE="0" /><HOUSE ID="126736290" OBJECTID="165106956" OBJECTGUID="7ed14fcf-daf5-41c2-8e1b-5b3ce0c367df" CHANGEID="600591170" HOUSENUM="3" HOUSETYPE="2" OPERTYPEID="10" PREVID="0" NEXTID="0" UPDATEDATE="2024-09-06" STARTDATE="2024-09-06" ENDDATE="2079-06-06" ISACTUAL="1" ISACTIVE="1" /><HOUSE ID="126736292" OBJECTID="165106993" OBJECTGUID="3ae1e6ae-2396-4696-9c4c-05fd19e56d5c" CHANGEID="600591211" HOUSENUM="69" HOUSETYPE="2" OPERTYPEID="10" PREVID="0" NEXTID="0" UPDATEDATE="2024-09-06" STARTDATE="2024-09-06" ENDDATE="2079-06-06" ISACTUAL="1" ISACTIVE="1" /><HOUSE ID="126736711" OBJECTID="165108557" OBJECTGUID="de5a02a5-abfb-4664-8638-95cac11c9c28" CHANGEID="600593553" HOUSENUM="2" HOUSETYPE="2" OPERTYPEID="10" PREVID="0" NEXTID="0" UPDATEDATE="2024-09-06" STARTDATE="2024-09-06" ENDDATE="2079-06-06" ISACTUAL="1" ISACTIVE="1" /><HOUSE ID="126736707" OBJECTID="165108547" OBJECTGUID="a7028cf2-6907-4020-b7b6-4333a8f13817" CHANGEID="600593532" HOUSENUM="4" HOUSETYPE="2" OPERTYPEID="10" PREVID="0" NEXTID="0" UPDATEDATE="2024-09-06" STARTDATE="2024-09-06" ENDDATE="2079-06-06" ISACTUAL="1" ISACTIVE="1" /><HOUSE ID="126736713" OBJECTID="165108587" OBJECTGUID="fb02446a-66d3-4342-b727-efda615ef646" CHANGEID="600593586" HOUSENUM="13" HOUSETYPE="5" OPERTYPEID="10" PREVID="0" NEXTID="0" UPDATEDATE="2024-09-06" STARTDATE="2024-09-06" ENDDATE="2079-06-06" ISACTUAL="1" ISACTIVE="1" /><HOUSE ID="126741271" OBJECTID="165129357" OBJECTGUID="71bbd16b-fa42-4386-b432-b5c52e6bb630" CHANGEID="600756897" HOUSENUM="10" HOUSETYPE="2" OPERTYPEID="10" PREVID="0" NEXTID="0" UPDATEDATE="2024-09-09" STARTDATE="2024-09-09" ENDDATE="2079-06-06" ISACTUAL="1" ISACTIVE="1" /><HOUSE ID="126741272" OBJECTID="165129360" OBJECTGUID="5636918a-5478-436e-ba7b-54de284a09d8" CHANGEID="600756902" HOUSENUM="34Б" HOUSETYPE="2" OPERTYPEID="10" PREVID="0" NEXTID="0" UPDATEDATE="2024-09-09" STARTDATE="2024-09-09" ENDDATE="2079-06-06" ISACTUAL="1" ISACTIVE="1" /><HOUSE ID="126741790" OBJECTID="165131059" OBJECTGUID="932409d1-fe34-40e3-8c90-2c93143e57b6" CHANGEID="600760323" HOUSENUM="12" HOUSETYPE="2" OPERTYPEID="10" PREVID="0" NEXTID="0" UPDATEDATE="2024-09-09" STARTDATE="2024-09-09" ENDDATE="2079-06-06" ISACTUAL="1" ISACTIVE="1" /><HOUSE ID="126750078" OBJECTID="165163388" OBJECTGUID="ae3b5ad9-90d9-4e3c-8016-059699eb337b" CHANGEID="600816346" HOUSENUM="80А" HOUSETYPE="2" OPERTYPEID="10" PREVID="0" NEXTID="0" UPDATEDATE="2024-09-10" STARTDATE="2024-09-10" ENDDATE="2079-06-06" ISACTUAL="1" ISACTIVE="1" /><HOUSE ID="126750081" OBJECTID="165163426" OBJECTGUID="d3412f19-5213-4958-9223-95f89295955b" CHANGEID="600816386" HOUSENUM="7а" HOUSETYPE="2" OPERTYPEID="10" PREVID="0" NEXTID="0" UPDATEDATE="2024-09-10" STARTDATE="2024-09-10" ENDDATE="2079-06-06" ISACTUAL="1" ISACTIVE="1" /><HOUSE ID="126750319" OBJECTID="165164820" OBJECTGUID="579785e5-6df2-4168-b32f-bb9105e6262d" CHANGEID="600818907" HOUSENUM="6" HOUSETYPE="2" OPERTYPEID="10" PREVID="0" NEXTID="0" UPDATEDATE="2024-09-10" STARTDATE="2024-09-10" ENDDATE="2079-06-06" ISACTUAL="1" ISACTIVE="1" /><HOUSE ID="126750645" OBJECTID="165166475" OBJECTGUID="be3cfb82-2c83-41b5-973e-421f0cdb6cb0" CHANGEID="600821600" HOUSENUM="21" HOUSETYPE="2" OPERTYPEID="10" PREVID="0" NEXTID="0" UPDATEDATE="2024-09-10" STARTDATE="2024-09-10" ENDDATE="2079-06-06" ISACTUAL="1" ISACTIVE="1" /><HOUSE ID="126750646" OBJECTID="165166476" OBJECTGUID="f5dcc497-7a5e-4954-99a0-fb55a4889f0d" CHANGEID="600821601" HOUSENUM="16" HOUSETYPE="2" OPERTYPEID="10" PREVID="0" NEXTID="0" UPDATEDATE="2024-09-10" STARTDATE="2024-09-10" ENDDATE="2079-06-06" ISACTUAL="1" ISACTIVE="1" /><HOUSE ID="126750653" OBJECTID="165166557" OBJECTGUID="4eee23d7-5cf9-4895-9910-fb8e27c6ddd7" CHANGEID="600821687" HOUSENUM="52" HOUSETYPE="2" OPERTYPEID="10" PREVID="0" NEXTID="0" UPDATEDATE="2024-09-10" STARTDATE="2024-09-10" ENDDATE="2079-06-06" ISACTUAL="1" ISACTIVE="1" /><HOUSE ID="126750654" OBJECTID="165166559" OBJECTGUID="b997f3f8-416f-43e5-97a4-235f1ad3cdbc" CHANGEID="600821689" HOUSENUM="49" HOUSETYPE="2" OPERTYPEID="10" PREVID="0" NEXTID="0" UPDATEDATE="2024-09-10" STARTDATE="2024-09-10" ENDDATE="2079-06-06" ISACTUAL="1" ISACTIVE="1" /><HOUSE ID="126750981" OBJECTID="165168550" OBJECTGUID="4bd50343-b939-4ccd-b3ce-49d6de2f5c06" CHANGEID="600824430" HOUSENUM="5" HOUSETYPE="2" OPERTYPEID="10" PREVID="0" NEXTID="0" UPDATEDATE="2024-09-10" STARTDATE="2024-09-10" ENDDATE="2079-06-06" ISACTUAL="1" ISACTIVE="1" /><HOUSE ID="126750984" OBJECTID="165168554" OBJECTGUID="91ad0575-c0d4-4d9f-8a11-89e932ecea72" CHANGEID="600824434" HOUSENUM="304" HOUSETYPE="2" OPERTYPEID="10" PREVID="0" NEXTID="0" UPDATEDATE="2024-09-10" STARTDATE="2024-09-10" ENDDATE="2079-06-06" ISACTUAL="1" ISACTIVE="1" /><HOUSE ID="126750986" OBJECTID="165168556" OBJECTGUID="2a34bb17-44e8-414e-a600-d9a1539c6246" CHANGEID="600824436" HOUSENUM="116" HOUSETYPE="2" OPERTYPEID="10" PREVID="0" NEXTID="0" UPDATEDATE="2024-09-10" STARTDATE="2024-09-10" ENDDATE="2079-06-06" ISACTUAL="1" ISACTIVE="1" /><HOUSE ID="126750989" OBJECTID="165168559" OBJECTGUID="34010c6c-73b5-4428-b2be-0a36ba94b7f4" CHANGEID="600824440" HOUSENUM="112" HOUSETYPE="2" OPERTYPEID="10" PREVID="0" NEXTID="0" UPDATEDATE="2024-09-10" STARTDATE="2024-09-10" ENDDATE="2079-06-06" ISACTUAL="1" ISACTIVE="1" /><HOUSE ID="126750991" OBJECTID="165168561" OBJECTGUID="e7a09641-9648-4f79-abed-84260db02d59" CHANGEID="600824442" HOUSENUM="13" HOUSETYPE="7" OPERTYPEID="10" PREVID="0" NEXTID="0" UPDATEDATE="2024-09-10" STARTDATE="2024-09-10" ENDDATE="2079-06-06" ISACTUAL="1" ISACTIVE="1" /><HOUSE ID="126750993" OBJECTID="165168563" OBJECTGUID="e26ca26a-4d30-49b0-83d7-3aee4e82a59d" CHANGEID="600824444" HOUSENUM="7" HOUSETYPE="2" OPERTYPEID="10" PREVID="0" NEXTID="0" UPDATEDATE="2024-09-10" STARTDATE="2024-09-10" ENDDATE="2079-06-06" ISACTUAL="1" ISACTIVE="1" /><HOUSE ID="126750995" OBJECTID="165168565" OBJECTGUID="38111b89-3f26-41b8-a3bf-8e844901938d" CHANGEID="600824446" HOUSENUM="17" HOUSETYPE="2" OPERTYPEID="10" PREVID="0" NEXTID="0" UPDATEDATE="2024-09-10" STARTDATE="2024-09-10" ENDDATE="2079-06-06" ISACTUAL="1" ISACTIVE="1" /><HOUSE ID="126750997" OBJECTID="165168567" OBJECTGUID="c7802c09-9f63-4ec4-b899-a1aa44655f1c" CHANGEID="600824448" HOUSENUM="73" HOUSETYPE="2" OPERTYPEID="10" PREVID="0" NEXTID="0" UPDATEDATE="2024-09-10" STARTDATE="2024-09-10" ENDDATE="2079-06-06" ISACTUAL="1" ISACTIVE="1" /><HOUSE ID="126750982" OBJECTID="165168551" OBJECTGUID="b8e10bb6-4cd6-4dd0-94a3-83b736a3ce5d" CHANGEID="600824431" HOUSENUM="23" HOUSETYPE="2" OPERTYPEID="10" PREVID="0" NEXTID="0" UPDATEDATE="2024-09-10" STARTDATE="2024-09-10" ENDDATE="2079-06-06" ISACTUAL="1" ISACTIVE="1" /><HOUSE ID="126750983" OBJECTID="165168553" OBJECTGUID="6a7dd9b0-4e46-45e4-ad81-9dd71e5534a4" CHANGEID="600824433" HOUSENUM="23" HOUSETYPE="2" OPERTYPEID="10" PREVID="0" NEXTID="0" UPDATEDATE="2024-09-10" STARTDATE="2024-09-10" ENDDATE="2079-06-06" ISACTUAL="1" ISACTIVE="1" /><HOUSE ID="126750985" OBJECTID="165168555" OBJECTGUID="ac371415-2c40-4a04-bb01-49f235b5766b" CHANGEID="600824435" HOUSENUM="140" HOUSETYPE="2" OPERTYPEID="10" PREVID="0" NEXTID="0" UPDATEDATE="2024-09-10" STARTDATE="2024-09-10" ENDDATE="2079-06-06" ISACTUAL="1" ISACTIVE="1" /><HOUSE ID="126750987" OBJECTID="165168557" OBJECTGUID="1f009d0f-db52-4df0-b6a8-fc9aba4d2045" CHANGEID="600824437" HOUSENUM="119" HOUSETYPE="2" OPERTYPEID="10" PREVID="0" NEXTID="0" UPDATEDATE="2024-09-10" STARTDATE="2024-09-10" ENDDATE="2079-06-06" ISACTUAL="1" ISACTIVE="1" /><HOUSE ID="126750988" OBJECTID="165168558" OBJECTGUID="0fb4ba8c-52ac-4aa3-8b73-1bd4ccc8cece" CHANGEID="600824439" HOUSENUM="10" HOUSETYPE="2" OPERTYPEID="10" PREVID="0" NEXTID="0" UPDATEDATE="2024-09-10" STARTDATE="2024-09-10" ENDDATE="2079-06-06" ISACTUAL="1" ISACTIVE="1" /><HOUSE ID="126750990" OBJECTID="165168560" OBJECTGUID="8a316c84-6d3a-4656-9ffd-36eaa182dc96" CHANGEID="600824441" HOUSENUM="24" HOUSETYPE="2" OPERTYPEID="10" PREVID="0" NEXTID="0" UPDATEDATE="2024-09-10" STARTDATE="2024-09-10" ENDDATE="2079-06-06" ISACTUAL="1" ISACTIVE="1" /><HOUSE ID="126750992" OBJECTID="165168562" OBJECTGUID="4f480543-8b7c-49d7-bef9-8e87133d0295" CHANGEID="600824443" HOUSENUM="18" HOUSETYPE="2" OPERTYPEID="10" PREVID="0" NEXTID="0" UPDATEDATE="2024-09-10" STARTDATE="2024-09-10" ENDDATE="2079-06-06" ISACTUAL="1" ISACTIVE="1" /><HOUSE ID="126750994" OBJECTID="165168564" OBJECTGUID="dc8d5bb9-a6a8-45bd-a7e8-4a4d7390cb1b" CHANGEID="600824445" HOUSENUM="6" HOUSETYPE="2" OPERTYPEID="10" PREVID="0" NEXTID="0" UPDATEDATE="2024-09-10" STARTDATE="2024-09-10" ENDDATE="2079-06-06" ISACTUAL="1" ISACTIVE="1" /><HOUSE ID="126750996" OBJECTID="165168566" OBJECTGUID="ef471dfa-f171-48c3-a389-2988069fd64e" CHANGEID="600824447" HOUSENUM="29" HOUSETYPE="2" OPERTYPEID="10" PREVID="0" NEXTID="0" UPDATEDATE="2024-09-10" STARTDATE="2024-09-10" ENDDATE="2079-06-06" ISACTUAL="1" ISACTIVE="1" /><HOUSE ID="126752087" OBJECTID="165172934" OBJECTGUID="2408ae3a-f424-4dcb-b69f-44d74f830fde" CHANGEID="600831335" HOUSENUM="1Б" HOUSETYPE="2" OPERTYPEID="10" PREVID="0" NEXTID="0" UPDATEDATE="2024-09-10" STARTDATE="2024-09-10" ENDDATE="2079-06-06" ISACTUAL="1" ISACTIVE="1" /><HOUSE ID="126752089" OBJECTID="165172960" OBJECTGUID="126dca2d-c752-4a55-bf08-52b3e90d9af0" CHANGEID="600831369" HOUSENUM="90" HOUSETYPE="2" OPERTYPEID="10" PREVID="0" NEXTID="0" UPDATEDATE="2024-09-10" STARTDATE="2024-09-10" ENDDATE="2079-06-06" ISACTUAL="1" ISACTIVE="1" /><HOUSE ID="126752090" OBJECTID="165172962" OBJECTGUID="d918ceee-9589-4aaa-a246-a0b4f55d0da8" CHANGEID="600831371" HOUSENUM="19" HOUSETYPE="2" OPERTYPEID="10" PREVID="0" NEXTID="0" UPDATEDATE="2024-09-10" STARTDATE="2024-09-10" ENDDATE="2079-06-06" ISACTUAL="1" ISACTIVE="1" /><HOUSE ID="126752514" OBJECTID="80724621" OBJECTGUID="93210d08-56a6-45f3-be62-7cec9382610f" CHANGEID="600832998" HOUSENUM="2г" HOUSETYPE="5" OPERTYPEID="20" PREVID="61802913" UPDATEDATE="2024-09-10" STARTDATE="2024-09-10" ENDDATE="2079-06-06" ISACTUAL="1" ISACTIVE="1" /><HOUSE ID="126752532" OBJECTID="97505129" OBJECTGUID="5d44ff3d-e046-4e21-9780-de140b334eb4" CHANGEID="600833209" HOUSENUM="12/1" HOUSETYPE="2" OPERTYPEID="50" PREVID="69861308" UPDATEDATE="2024-09-10" STARTDATE="2024-09-10" ENDDATE="2079-06-06" ISACTUAL="1" ISACTIVE="1" /><HOUSE ID="126752527" OBJECTID="61828014" OBJECTGUID="45d19171-c86f-4ae1-9a08-ac151a986d6f" CHANGEID="600833048" HOUSENUM="7" HOUSETYPE="2" OPERTYPEID="50" PREVID="56325771" UPDATEDATE="2024-09-10" STARTDATE="2024-09-10" ENDDATE="2079-06-06" ISACTUAL="1" ISACTIVE="1" /><HOUSE ID="126752540" OBJECTID="165174015" OBJECTGUID="e2854e0b-95ab-4279-9f84-ff1780cac4cf" CHANGEID="600833252" HOUSENUM="30" HOUSETYPE="2" OPERTYPEID="10" PREVID="0" NEXTID="0" UPDATEDATE="2024-09-10" STARTDATE="2024-09-10" ENDDATE="2079-06-06" ISACTUAL="1" ISACTIVE="1" /><HOUSE ID="126757834" OBJECTID="165200854" OBJECTGUID="6b018e72-8209-4f21-be90-7bf39ab66cf3" CHANGEID="600898125" HOUSENUM="265а" HOUSETYPE="2" OPERTYPEID="10" PREVID="0" NEXTID="0" UPDATEDATE="2024-09-11" STARTDATE="2024-09-11" ENDDATE="2079-06-06" ISACTUAL="1" ISACTIVE="1" /><HOUSE ID="126757886" OBJECTID="165201063" OBJECTGUID="29650e25-8718-454e-9948-b20ad1e86715" CHANGEID="600898399" HOUSENUM="70" HOUSETYPE="2" OPERTYPEID="10" PREVID="0" NEXTID="0" UPDATEDATE="2024-09-11" STARTDATE="2024-09-11" ENDDATE="2079-06-06" ISACTUAL="1" ISACTIVE="1" /><HOUSE ID="126758106" OBJECTID="165203482" OBJECTGUID="b2c3dd96-7de5-4470-aea5-2d09583f124e" CHANGEID="600901345" HOUSENUM="50" HOUSETYPE="2" OPERTYPEID="10" PREVID="0" NEXTID="0" UPDATEDATE="2024-09-11" STARTDATE="2024-09-11" ENDDATE="2079-06-06" ISACTUAL="1" ISACTIVE="1" /><HOUSE ID="126758891" OBJECTID="165207078" OBJECTGUID="a52a559f-f86a-4cc4-82c9-bb934e991b3d" CHANGEID="600906862" HOUSENUM="11б" HOUSETYPE="2" OPERTYPEID="10" PREVID="0" NEXTID="0" UPDATEDATE="2024-09-11" STARTDATE="2024-09-11" ENDDATE="2079-06-06" ISACTUAL="1" ISACTIVE="1" /><HOUSE ID="126760459" OBJECTID="165214559" OBJECTGUID="e1a73209-5328-41fb-8367-888ca2b1772d" CHANGEID="600919262" HOUSENUM="2" HOUSETYPE="2" OPERTYPEID="10" PREVID="0" NEXTID="0" UPDATEDATE="2024-09-11" STARTDATE="2024-09-11" ENDDATE="2079-06-06" ISACTUAL="1" ISACTIVE="1" /><HOUSE ID="126760460" OBJECTID="165214560" OBJECTGUID="6a6d8546-53a0-4268-b823-b8f4088e3ede" CHANGEID="600919263" HOUSENUM="2а" HOUSETYPE="2" OPERTYPEID="10" PREVID="0" NEXTID="0" UPDATEDATE="2024-09-11" STARTDATE="2024-09-11" ENDDATE="2079-06-06" ISACTUAL="1" ISACTIVE="1" /></HOUSES>