﻿<?xml version="1.0" encoding="utf-8"?><STEADS><STEAD ID="68615176" OBJECTID="165062363" OBJECTGUID="e41c2006-f6f5-4f17-9c48-827b4437d260" CHANGEID="600514625" NUMBER="1а" OPERTYPEID="10" PREVID="0" NEXTID="0" UPDATEDATE="2024-09-05" STARTDATE="2024-09-05" ENDDATE="2079-06-06" ISACTUAL="1" ISACTIVE="1" /><STEAD ID="68615177" OBJECTID="165062367" OBJECTGUID="eeb31381-5bed-4740-8b42-7d01cbb405d6" CHANGEID="600514629" NUMBER="10" OPERTYPEID="10" PREVID="0" NEXTID="0" UPDATEDATE="2024-09-05" STARTDATE="2024-09-05" ENDDATE="2079-06-06" ISACTUAL="1" ISACTIVE="1" /><STEAD ID="68615187" OBJECTID="165062391" OBJECTGUID="7871c7be-8755-43f9-b251-8d2789371ec4" CHANGEID="600514663" NUMBER="11/2" OPERTYPEID="10" PREVID="0" NEXTID="0" UPDATEDATE="2024-09-05" STARTDATE="2024-09-05" ENDDATE="2079-06-06" ISACTUAL="1" ISACTIVE="1" /><STEAD ID="68615694" OBJECTID="165063359" OBJECTGUID="d4f471ba-bb8e-4b00-9593-0cf91bcc4048" CHANGEID="600516113" NUMBER="102" OPERTYPEID="10" PREVID="0" NEXTID="0" UPDATEDATE="2024-09-05" STARTDATE="2024-09-05" ENDDATE="2079-06-06" ISACTUAL="1" ISACTIVE="1" /><STEAD ID="68615705" OBJECTID="165063403" OBJECTGUID="9bf91b9e-5fb3-4c34-9307-229b387147d9" CHANGEID="600516216" NUMBER="22" OPERTYPEID="10" PREVID="0" NEXTID="0" UPDATEDATE="2024-09-05" STARTDATE="2024-09-05" ENDDATE="2079-06-06" ISACTUAL="1" ISACTIVE="1" /><STEAD ID="68615729" OBJECTID="165063449" OBJECTGUID="dc009368-910a-4466-8749-0fc46ea980e1" CHANGEID="600516276" NUMBER="4" OPERTYPEID="10" PREVID="0" NEXTID="0" UPDATEDATE="2024-09-05" STARTDATE="2024-09-05" ENDDATE="2079-06-06" ISACTUAL="1" ISACTIVE="1" /><STEAD ID="68615731" OBJECTID="165063460" OBJECTGUID="1072b52c-f40b-4e89-890d-2df82aa4e5d6" CHANGEID="600516287" NUMBER="7а/3" OPERTYPEID="10" PREVID="0" NEXTID="0" UPDATEDATE="2024-09-05" STARTDATE="2024-09-05" ENDDATE="2079-06-06" ISACTUAL="1" ISACTIVE="1" /><STEAD ID="68615730" OBJECTID="165063458" OBJECTGUID="1bd1e457-8964-49f0-9a6f-a2cdbfe4266a" CHANGEID="600516285" NUMBER="7а/1" OPERTYPEID="10" PREVID="0" NEXTID="0" UPDATEDATE="2024-09-05" STARTDATE="2024-09-05" ENDDATE="2079-06-06" ISACTUAL="1" ISACTIVE="1" /><STEAD ID="68617828" OBJECTID="165067531" OBJECTGUID="dd103da7-bf55-4948-9bc3-29594caac4bd" CHANGEID="600523155" NUMBER="26" OPERTYPEID="10" PREVID="0" NEXTID="0" UPDATEDATE="2024-09-05" STARTDATE="2024-09-05" ENDDATE="2079-06-06" ISACTUAL="1" ISACTIVE="1" /><STEAD ID="68617830" OBJECTID="165067563" OBJECTGUID="ec7e7fc5-c9fa-468a-bc5a-50050a88774c" CHANGEID="600523193" NUMBER="22" OPERTYPEID="10" PREVID="0" NEXTID="0" UPDATEDATE="2024-09-05" STARTDATE="2024-09-05" ENDDATE="2079-06-06" ISACTUAL="1" ISACTIVE="1" /><STEAD ID="68618075" OBJECTID="165067950" OBJECTGUID="576a5c05-8fdd-404d-8693-fe024de27018" CHANGEID="600523754" NUMBER="11/2" OPERTYPEID="10" PREVID="0" NEXTID="0" UPDATEDATE="2024-09-05" STARTDATE="2024-09-05" ENDDATE="2079-06-06" ISACTUAL="1" ISACTIVE="1" /><STEAD ID="68618593" OBJECTID="165069063" OBJECTGUID="9a3db1e2-2bf9-4628-bc8d-f685b3a234ec" CHANGEID="600525567" NUMBER="25/2" OPERTYPEID="10" PREVID="0" NEXTID="0" UPDATEDATE="2024-09-05" STARTDATE="2024-09-05" ENDDATE="2079-06-06" ISACTUAL="1" ISACTIVE="1" /><STEAD ID="68618611" OBJECTID="165069107" OBJECTGUID="50fc22e6-039b-4dbc-95b7-f2a0495d0c86" CHANGEID="600525622" NUMBER="16" OPERTYPEID="10" PREVID="0" NEXTID="0" UPDATEDATE="2024-09-05" STARTDATE="2024-09-05" ENDDATE="2079-06-06" ISACTUAL="1" ISACTIVE="1" /><STEAD ID="68618612" OBJECTID="165069111" OBJECTGUID="99fb436b-f90b-4e4e-828a-89ddba7d80da" CHANGEID="600525626" NUMBER="42" OPERTYPEID="10" PREVID="0" NEXTID="0" UPDATEDATE="2024-09-05" STARTDATE="2024-09-05" ENDDATE="2079-06-06" ISACTUAL="1" ISACTIVE="1" /><STEAD ID="68618601" OBJECTID="165069081" OBJECTGUID="549d49a6-5c36-4de4-9104-bab835e9617f" CHANGEID="600525590" NUMBER="2" OPERTYPEID="10" PREVID="0" NEXTID="0" UPDATEDATE="2024-09-05" STARTDATE="2024-09-05" ENDDATE="2079-06-06" ISACTUAL="1" ISACTIVE="1" /><STEAD ID="68618610" OBJECTID="165069100" OBJECTGUID="05745798-4c58-4720-8fb4-9c9f55224470" CHANGEID="600525614" NUMBER="7а/2" OPERTYPEID="10" PREVID="0" NEXTID="0" UPDATEDATE="2024-09-05" STARTDATE="2024-09-05" ENDDATE="2079-06-06" ISACTUAL="1" ISACTIVE="1" /><STEAD ID="68618613" OBJECTID="165069118" OBJECTGUID="897fff70-5753-47d9-9433-000b49840028" CHANGEID="600525651" NUMBER="115" OPERTYPEID="10" PREVID="0" NEXTID="0" UPDATEDATE="2024-09-05" STARTDATE="2024-09-05" ENDDATE="2079-06-06" ISACTUAL="1" ISACTIVE="1" /><STEAD ID="68618614" OBJECTID="165069120" OBJECTGUID="c81fd642-8cb8-4818-9c3e-c9de9a76019b" CHANGEID="600525655" NUMBER="38а" OPERTYPEID="10" PREVID="0" NEXTID="0" UPDATEDATE="2024-09-05" STARTDATE="2024-09-05" ENDDATE="2079-06-06" ISACTUAL="1" ISACTIVE="1" /><STEAD ID="68618620" OBJECTID="165069132" OBJECTGUID="5bafbdf2-864b-4583-97db-c40c292ef4cf" CHANGEID="600525705" NUMBER="2А" OPERTYPEID="10" PREVID="0" NEXTID="0" UPDATEDATE="2024-09-05" STARTDATE="2024-09-05" ENDDATE="2079-06-06" ISACTUAL="1" ISACTIVE="1" /><STEAD ID="68623502" OBJECTID="165080696" OBJECTGUID="6fa8ee9d-fb6a-4043-a3f0-3bd12de6dcfd" CHANGEID="600543719" NUMBER="38" OPERTYPEID="10" PREVID="0" NEXTID="0" UPDATEDATE="2024-09-05" STARTDATE="2024-09-05" ENDDATE="2079-06-06" ISACTUAL="1" ISACTIVE="1" /><STEAD ID="68623503" OBJECTID="165080707" OBJECTGUID="7e35975b-f29e-4a5a-968e-9e0b3a560b5d" CHANGEID="600543730" NUMBER="47б" OPERTYPEID="10" PREVID="0" NEXTID="0" UPDATEDATE="2024-09-05" STARTDATE="2024-09-05" ENDDATE="2079-06-06" ISACTUAL="1" ISACTIVE="1" /><STEAD ID="68623508" OBJECTID="165080720" OBJECTGUID="cfc987dd-5468-4174-813e-6224d7e63ddf" CHANGEID="600543751" NUMBER="10" OPERTYPEID="10" PREVID="0" NEXTID="0" UPDATEDATE="2024-09-05" STARTDATE="2024-09-05" ENDDATE="2079-06-06" ISACTUAL="1" ISACTIVE="1" /><STEAD ID="68623501" OBJECTID="165080690" OBJECTGUID="6295a201-e9a0-4ee3-9725-3a81b38a68de" CHANGEID="600543713" NUMBER="8а" OPERTYPEID="10" PREVID="0" NEXTID="0" UPDATEDATE="2024-09-05" STARTDATE="2024-09-05" ENDDATE="2079-06-06" ISACTUAL="1" ISACTIVE="1" /><STEAD ID="68623505" OBJECTID="165080715" OBJECTGUID="980449f9-516a-4bd3-b41f-5baaec15c699" CHANGEID="600543740" NUMBER="22" OPERTYPEID="10" PREVID="0" NEXTID="0" UPDATEDATE="2024-09-05" STARTDATE="2024-09-05" ENDDATE="2079-06-06" ISACTUAL="1" ISACTIVE="1" /><STEAD ID="68623506" OBJECTID="100891098" OBJECTGUID="f787f916-cb56-475c-b1f7-5ba9f0573999" CHANGEID="600543744" NUMBER="47" OPERTYPEID="30" PREVID="13971757" NEXTID="0" UPDATEDATE="2024-09-05" STARTDATE="2024-09-05" ENDDATE="2079-06-06" ISACTUAL="1" ISACTIVE="0" /><STEAD ID="13971757" OBJECTID="100891098" OBJECTGUID="f787f916-cb56-475c-b1f7-5ba9f0573999" CHANGEID="191318538" NUMBER="47" OPERTYPEID="10" PREVID="0" NEXTID="68623506" UPDATEDATE="2024-09-05" STARTDATE="2021-04-09" ENDDATE="2024-09-05" ISACTUAL="0" ISACTIVE="0" /><STEAD ID="68627118" OBJECTID="165088567" OBJECTGUID="dc2a16fe-a3a2-4575-864b-1d2e3b7a3fb7" CHANGEID="600557676" NUMBER="6" OPERTYPEID="10" PREVID="0" NEXTID="0" UPDATEDATE="2024-09-05" STARTDATE="2024-09-05" ENDDATE="2079-06-06" ISACTUAL="1" ISACTIVE="1" /><STEAD ID="68638152" OBJECTID="165106211" OBJECTGUID="697e8a24-ea2f-4f04-97f6-35ac1d4b3af6" CHANGEID="600589595" NUMBER="8" OPERTYPEID="10" PREVID="0" NEXTID="0" UPDATEDATE="2024-09-06" STARTDATE="2024-09-06" ENDDATE="2079-06-06" ISACTUAL="1" ISACTIVE="1" /><STEAD ID="68638779" OBJECTID="165106986" OBJECTGUID="d1ee6c04-18ec-40a4-b8b8-c0f3a7ca7015" CHANGEID="600591203" NUMBER="11" OPERTYPEID="10" PREVID="0" NEXTID="0" UPDATEDATE="2024-09-06" STARTDATE="2024-09-06" ENDDATE="2079-06-06" ISACTUAL="1" ISACTIVE="1" /><STEAD ID="68638795" OBJECTID="165107003" OBJECTGUID="a4619f1f-554b-4683-af30-c9c149d23c35" CHANGEID="600591222" NUMBER="23" OPERTYPEID="10" PREVID="0" NEXTID="0" UPDATEDATE="2024-09-06" STARTDATE="2024-09-06" ENDDATE="2079-06-06" ISACTUAL="1" ISACTIVE="1" /><STEAD ID="68639370" OBJECTID="165108546" OBJECTGUID="88aa1b4c-6287-4d54-8d47-6297c3d79f50" CHANGEID="600593530" NUMBER="4" OPERTYPEID="10" PREVID="0" NEXTID="0" UPDATEDATE="2024-09-06" STARTDATE="2024-09-06" ENDDATE="2079-06-06" ISACTUAL="1" ISACTIVE="1" /><STEAD ID="68639406" OBJECTID="165108586" OBJECTGUID="0c85fc31-a40c-4546-9f15-cea014b80eff" CHANGEID="600593585" NUMBER="13" OPERTYPEID="10" PREVID="0" NEXTID="0" UPDATEDATE="2024-09-06" STARTDATE="2024-09-06" ENDDATE="2079-06-06" ISACTUAL="1" ISACTIVE="1" /><STEAD ID="68650409" OBJECTID="165126389" OBJECTGUID="bc071816-e044-46c9-9654-a36bac4777c6" CHANGEID="600752147" NUMBER="1Г" OPERTYPEID="10" PREVID="0" NEXTID="0" UPDATEDATE="2024-09-09" STARTDATE="2024-09-09" ENDDATE="2079-06-06" ISACTUAL="1" ISACTIVE="1" /><STEAD ID="68652852" OBJECTID="165129356" OBJECTGUID="31aacef3-0d11-44b7-9d6e-92ef3cf05195" CHANGEID="600756896" NUMBER="10" OPERTYPEID="10" PREVID="0" NEXTID="0" UPDATEDATE="2024-09-09" STARTDATE="2024-09-09" ENDDATE="2079-06-06" ISACTUAL="1" ISACTIVE="1" /><STEAD ID="68652853" OBJECTID="165129358" OBJECTGUID="e6809c0d-7235-40dc-a7bf-4bc2f470046c" CHANGEID="600756900" NUMBER="34Б" OPERTYPEID="10" PREVID="0" NEXTID="0" UPDATEDATE="2024-09-09" STARTDATE="2024-09-09" ENDDATE="2079-06-06" ISACTUAL="1" ISACTIVE="1" /><STEAD ID="68652856" OBJECTID="165129364" OBJECTGUID="616fdc6b-56fa-4b6f-b02e-c30a9982dbdd" CHANGEID="600756908" NUMBER="20" OPERTYPEID="10" PREVID="0" NEXTID="0" UPDATEDATE="2024-09-09" STARTDATE="2024-09-09" ENDDATE="2079-06-06" ISACTUAL="1" ISACTIVE="1" /><STEAD ID="68652902" OBJECTID="165129447" OBJECTGUID="1c11f0bc-15a5-43a6-81f7-e3b0caba025d" CHANGEID="600757022" NUMBER="16" OPERTYPEID="10" PREVID="0" NEXTID="0" UPDATEDATE="2024-09-09" STARTDATE="2024-09-09" ENDDATE="2079-06-06" ISACTUAL="1" ISACTIVE="1" /><STEAD ID="68652932" OBJECTID="165129492" OBJECTGUID="ae026697-ea7d-4c13-bd62-3fca401b737a" CHANGEID="600757091" NUMBER="2/2" OPERTYPEID="10" PREVID="0" NEXTID="0" UPDATEDATE="2024-09-09" STARTDATE="2024-09-09" ENDDATE="2079-06-06" ISACTUAL="1" ISACTIVE="1" /><STEAD ID="68653624" OBJECTID="165131037" OBJECTGUID="1c2facc4-86ce-415a-90d1-2fe675bf1725" CHANGEID="600759947" NUMBER="109" OPERTYPEID="10" PREVID="0" NEXTID="0" UPDATEDATE="2024-09-09" STARTDATE="2024-09-09" ENDDATE="2079-06-06" ISACTUAL="1" ISACTIVE="1" /><STEAD ID="68654488" OBJECTID="165133010" OBJECTGUID="667ae64e-8a0b-4031-821d-1416d9edb5fb" CHANGEID="600762962" NUMBER="10" OPERTYPEID="10" PREVID="0" NEXTID="0" UPDATEDATE="2024-09-09" STARTDATE="2024-09-09" ENDDATE="2079-06-06" ISACTUAL="1" ISACTIVE="1" /><STEAD ID="68669347" OBJECTID="165160596" OBJECTGUID="a498be8b-f498-4886-9b4a-b333b86d85ab" CHANGEID="600811954" NUMBER="21" OPERTYPEID="10" PREVID="0" NEXTID="0" UPDATEDATE="2024-09-10" STARTDATE="2024-09-10" ENDDATE="2079-06-06" ISACTUAL="1" ISACTIVE="1" /><STEAD ID="68670034" OBJECTID="165161980" OBJECTGUID="e5911043-a1fd-408c-8c64-efcd3dcb0589" CHANGEID="600814160" NUMBER="80А" OPERTYPEID="10" PREVID="0" NEXTID="0" UPDATEDATE="2024-09-10" STARTDATE="2024-09-10" ENDDATE="2079-06-06" ISACTUAL="1" ISACTIVE="1" /><STEAD ID="68670121" OBJECTID="165162075" OBJECTGUID="7f501cba-4ac6-40c1-875d-fdee9c59cf7e" CHANGEID="600814288" NUMBER="21а" OPERTYPEID="10" PREVID="0" NEXTID="0" UPDATEDATE="2024-09-10" STARTDATE="2024-09-10" ENDDATE="2079-06-06" ISACTUAL="1" ISACTIVE="1" /><STEAD ID="68670171" OBJECTID="165162139" OBJECTGUID="5995a3a3-044c-4a71-b64d-1c31c2d5ca6f" CHANGEID="600814411" NUMBER="20" OPERTYPEID="10" PREVID="0" NEXTID="0" UPDATEDATE="2024-09-10" STARTDATE="2024-09-10" ENDDATE="2079-06-06" ISACTUAL="1" ISACTIVE="1" /><STEAD ID="68670173" OBJECTID="165162141" OBJECTGUID="885943d3-bf0c-4ffc-927a-132357e118d3" CHANGEID="600814413" NUMBER="5" OPERTYPEID="10" PREVID="0" NEXTID="0" UPDATEDATE="2024-09-10" STARTDATE="2024-09-10" ENDDATE="2079-06-06" ISACTUAL="1" ISACTIVE="1" /><STEAD ID="68670175" OBJECTID="165162143" OBJECTGUID="3d7bb457-f81a-44bf-8012-215741888eee" CHANGEID="600814429" NUMBER="16" OPERTYPEID="10" PREVID="0" NEXTID="0" UPDATEDATE="2024-09-10" STARTDATE="2024-09-10" ENDDATE="2079-06-06" ISACTUAL="1" ISACTIVE="1" /><STEAD ID="68670170" OBJECTID="165162138" OBJECTGUID="604e33f1-a03b-4f89-b553-3d4006f64fc9" CHANGEID="600814410" NUMBER="15" OPERTYPEID="10" PREVID="0" NEXTID="0" UPDATEDATE="2024-09-10" STARTDATE="2024-09-10" ENDDATE="2079-06-06" ISACTUAL="1" ISACTIVE="1" /><STEAD ID="68670172" OBJECTID="165162140" OBJECTGUID="1f0f27c0-a9a7-45bb-b0ec-156496632ec7" CHANGEID="600814412" NUMBER="23" OPERTYPEID="10" PREVID="0" NEXTID="0" UPDATEDATE="2024-09-10" STARTDATE="2024-09-10" ENDDATE="2079-06-06" ISACTUAL="1" ISACTIVE="1" /><STEAD ID="68670174" OBJECTID="165162142" OBJECTGUID="058d4cfe-b12d-42c5-a543-92210af57f25" CHANGEID="600814414" NUMBER="1" OPERTYPEID="10" PREVID="0" NEXTID="0" UPDATEDATE="2024-09-10" STARTDATE="2024-09-10" ENDDATE="2079-06-06" ISACTUAL="1" ISACTIVE="1" /><STEAD ID="68671697" OBJECTID="165164733" OBJECTGUID="5d46a724-5398-4ab7-a00a-e82c17be68b1" CHANGEID="600818814" NUMBER="9" OPERTYPEID="10" PREVID="0" NEXTID="0" UPDATEDATE="2024-09-10" STARTDATE="2024-09-10" ENDDATE="2079-06-06" ISACTUAL="1" ISACTIVE="1" /><STEAD ID="68671702" OBJECTID="165164738" OBJECTGUID="6f53a5b4-8239-4e5f-9f5d-711e6759cbb4" CHANGEID="600818820" NUMBER="12а" OPERTYPEID="10" PREVID="0" NEXTID="0" UPDATEDATE="2024-09-10" STARTDATE="2024-09-10" ENDDATE="2079-06-06" ISACTUAL="1" ISACTIVE="1" /><STEAD ID="68671696" OBJECTID="165164732" OBJECTGUID="fc604157-5a84-4ed1-bd46-8c82c2ab2dae" CHANGEID="600818813" NUMBER="77" OPERTYPEID="10" PREVID="0" NEXTID="0" UPDATEDATE="2024-09-10" STARTDATE="2024-09-10" ENDDATE="2079-06-06" ISACTUAL="1" ISACTIVE="1" /><STEAD ID="68671781" OBJECTID="165164821" OBJECTGUID="6ada2bae-f41e-43d5-b0e8-13646b109b53" CHANGEID="600818908" NUMBER="6" OPERTYPEID="10" PREVID="0" NEXTID="0" UPDATEDATE="2024-09-10" STARTDATE="2024-09-10" ENDDATE="2079-06-06" ISACTUAL="1" ISACTIVE="1" /><STEAD ID="68673030" OBJECTID="165166529" OBJECTGUID="55f45a53-69a7-4b2d-9356-9d9ff347483a" CHANGEID="600821657" NUMBER="76" OPERTYPEID="10" PREVID="0" NEXTID="0" UPDATEDATE="2024-09-10" STARTDATE="2024-09-10" ENDDATE="2079-06-06" ISACTUAL="1" ISACTIVE="1" /><STEAD ID="68673052" OBJECTID="165166551" OBJECTGUID="864b07e7-c5e9-4526-894e-f82aa591414f" CHANGEID="600821679" NUMBER="36а" OPERTYPEID="10" PREVID="0" NEXTID="0" UPDATEDATE="2024-09-10" STARTDATE="2024-09-10" ENDDATE="2079-06-06" ISACTUAL="1" ISACTIVE="1" /><STEAD ID="68673029" OBJECTID="165166528" OBJECTGUID="6afbdf98-c36b-4002-b537-69759f27708f" CHANGEID="600821656" NUMBER="37" OPERTYPEID="10" PREVID="0" NEXTID="0" UPDATEDATE="2024-09-10" STARTDATE="2024-09-10" ENDDATE="2079-06-06" ISACTUAL="1" ISACTIVE="1" /><STEAD ID="68673058" OBJECTID="165166558" OBJECTGUID="165f0e56-879c-4661-a998-39a85bb0af4b" CHANGEID="600821688" NUMBER="49" OPERTYPEID="10" PREVID="0" NEXTID="0" UPDATEDATE="2024-09-10" STARTDATE="2024-09-10" ENDDATE="2079-06-06" ISACTUAL="1" ISACTIVE="1" /><STEAD ID="68677357" OBJECTID="165172935" OBJECTGUID="9e51f9f5-66d6-49c9-a9d2-c7f6195ec9a4" CHANGEID="600831337" NUMBER="77А" OPERTYPEID="10" PREVID="0" NEXTID="0" UPDATEDATE="2024-09-10" STARTDATE="2024-09-10" ENDDATE="2079-06-06" ISACTUAL="1" ISACTIVE="1" /><STEAD ID="68677358" OBJECTID="165172936" OBJECTGUID="837a6b09-8f14-406d-b2e7-1c53e6a5b65a" CHANGEID="600831339" NUMBER="12" OPERTYPEID="10" PREVID="0" NEXTID="0" UPDATEDATE="2024-09-10" STARTDATE="2024-09-10" ENDDATE="2079-06-06" ISACTUAL="1" ISACTIVE="1" /><STEAD ID="68677376" OBJECTID="165172958" OBJECTGUID="d4fc6a2b-1dcf-4f83-8c91-6bd9f2a2122e" CHANGEID="600831367" NUMBER="90" OPERTYPEID="10" PREVID="0" NEXTID="0" UPDATEDATE="2024-09-10" STARTDATE="2024-09-10" ENDDATE="2079-06-06" ISACTUAL="1" ISACTIVE="1" /><STEAD ID="68677374" OBJECTID="165172953" OBJECTGUID="d7bde468-43dd-4742-a824-3ba1dffac3c8" CHANGEID="600831362" NUMBER="1" OPERTYPEID="10" PREVID="0" NEXTID="0" UPDATEDATE="2024-09-10" STARTDATE="2024-09-10" ENDDATE="2079-06-06" ISACTUAL="1" ISACTIVE="1" /><STEAD ID="68677375" OBJECTID="165172955" OBJECTGUID="a5ea378b-e3f0-49cd-aaa3-f198964167c1" CHANGEID="600831364" NUMBER="55а/2" OPERTYPEID="10" PREVID="0" NEXTID="0" UPDATEDATE="2024-09-10" STARTDATE="2024-09-10" ENDDATE="2079-06-06" ISACTUAL="1" ISACTIVE="1" /><STEAD ID="68677377" OBJECTID="165172959" OBJECTGUID="70925b51-8e6b-4cd9-9282-5ec1b9017fa6" CHANGEID="600831368" NUMBER="55а/1" OPERTYPEID="10" PREVID="0" NEXTID="0" UPDATEDATE="2024-09-10" STARTDATE="2024-09-10" ENDDATE="2079-06-06" ISACTUAL="1" ISACTIVE="1" /><STEAD ID="68677378" OBJECTID="165172961" OBJECTGUID="8a88971b-b0d7-4507-a334-c51633c6f4f9" CHANGEID="600831370" NUMBER="19" OPERTYPEID="10" PREVID="0" NEXTID="0" UPDATEDATE="2024-09-10" STARTDATE="2024-09-10" ENDDATE="2079-06-06" ISACTUAL="1" ISACTIVE="1" /><STEAD ID="9871920" OBJECTID="94405093" OBJECTGUID="ebc7a364-1a0d-420b-8433-e0e6276d6687" CHANGEID="137352807" NUMBER="56" OPERTYPEID="10" NEXTID="68678064" UPDATEDATE="2024-09-10" STARTDATE="2019-09-18" ENDDATE="2024-09-10" ISACTUAL="0" ISACTIVE="0" /><STEAD ID="68678064" OBJECTID="94405093" OBJECTGUID="ebc7a364-1a0d-420b-8433-e0e6276d6687" CHANGEID="600833051" NUMBER="7" OPERTYPEID="50" PREVID="9871920" UPDATEDATE="2024-09-10" STARTDATE="2024-09-10" ENDDATE="2079-06-06" ISACTUAL="1" ISACTIVE="1" /><STEAD ID="68692077" OBJECTID="165200846" OBJECTGUID="9275a888-9887-4b76-a04f-0ab9ac8aedf1" CHANGEID="600898111" NUMBER="4/1" OPERTYPEID="10" PREVID="0" NEXTID="0" UPDATEDATE="2024-09-11" STARTDATE="2024-09-11" ENDDATE="2079-06-06" ISACTUAL="1" ISACTIVE="1" /><STEAD ID="68692081" OBJECTID="165200853" OBJECTGUID="0b1505aa-35f0-49d5-baae-f4b410384324" CHANGEID="600898123" NUMBER="265а" OPERTYPEID="10" PREVID="0" NEXTID="0" UPDATEDATE="2024-09-11" STARTDATE="2024-09-11" ENDDATE="2079-06-06" ISACTUAL="1" ISACTIVE="1" /><STEAD ID="68692062" OBJECTID="165200774" OBJECTGUID="49069e77-037a-4ff8-b0b5-c480961367cb" CHANGEID="600897986" NUMBER="8а" OPERTYPEID="10" PREVID="0" NEXTID="0" UPDATEDATE="2024-09-11" STARTDATE="2024-09-11" ENDDATE="2079-06-06" ISACTUAL="1" ISACTIVE="1" /><STEAD ID="68692079" OBJECTID="165200848" OBJECTGUID="da6a10e8-6c5e-450b-bbb5-e430b46ecd2e" CHANGEID="600898113" NUMBER="46а" OPERTYPEID="10" PREVID="0" NEXTID="0" UPDATEDATE="2024-09-11" STARTDATE="2024-09-11" ENDDATE="2079-06-06" ISACTUAL="1" ISACTIVE="1" /><STEAD ID="68692202" OBJECTID="165201055" OBJECTGUID="2e2d8b6e-fc31-4a18-a9b8-01a58abd8181" CHANGEID="600898384" NUMBER="70" OPERTYPEID="10" PREVID="0" NEXTID="0" UPDATEDATE="2024-09-11" STARTDATE="2024-09-11" ENDDATE="2079-06-06" ISACTUAL="1" ISACTIVE="1" /><STEAD ID="68692244" OBJECTID="165201141" OBJECTGUID="58972289-1de0-4dab-bcc2-d4ef851099e7" CHANGEID="600898494" NUMBER="8А" OPERTYPEID="10" PREVID="0" NEXTID="0" UPDATEDATE="2024-09-11" STARTDATE="2024-09-11" ENDDATE="2079-06-06" ISACTUAL="1" ISACTIVE="1" /><STEAD ID="68692238" OBJECTID="165201127" OBJECTGUID="5c093dac-c83d-4f18-938a-d3c429699088" CHANGEID="600898476" NUMBER="9а" OPERTYPEID="10" PREVID="0" NEXTID="0" UPDATEDATE="2024-09-11" STARTDATE="2024-09-11" ENDDATE="2079-06-06" ISACTUAL="1" ISACTIVE="1" /><STEAD ID="68693120" OBJECTID="165203481" OBJECTGUID="9dac1414-d383-4b6d-b6c1-3ad49213648b" CHANGEID="600901344" NUMBER="50" OPERTYPEID="10" PREVID="0" NEXTID="0" UPDATEDATE="2024-09-11" STARTDATE="2024-09-11" ENDDATE="2079-06-06" ISACTUAL="1" ISACTIVE="1" /><STEAD ID="68693116" OBJECTID="165203467" OBJECTGUID="b249a8e3-99b5-4dd0-86a3-284da0252d7d" CHANGEID="600901327" NUMBER="4/2" OPERTYPEID="10" PREVID="0" NEXTID="0" UPDATEDATE="2024-09-11" STARTDATE="2024-09-11" ENDDATE="2079-06-06" ISACTUAL="1" ISACTIVE="1" /><STEAD ID="68693860" OBJECTID="165204702" OBJECTGUID="67b18cbd-4c56-4b21-ab1e-d4db0ae140c9" CHANGEID="600903263" NUMBER="724" OPERTYPEID="10" PREVID="0" NEXTID="0" UPDATEDATE="2024-09-11" STARTDATE="2024-09-11" ENDDATE="2079-06-06" ISACTUAL="1" ISACTIVE="1" /><STEAD ID="68695571" OBJECTID="165207067" OBJECTGUID="e13f80ea-3b65-41b2-be15-62a4c6d7aca4" CHANGEID="600906849" NUMBER="8" OPERTYPEID="10" PREVID="0" NEXTID="0" UPDATEDATE="2024-09-11" STARTDATE="2024-09-11" ENDDATE="2079-06-06" ISACTUAL="1" ISACTIVE="1" /><STEAD ID="68695575" OBJECTID="165207081" OBJECTGUID="b26900e4-ffce-4859-8296-c7b6a7cf4b49" CHANGEID="600906865" NUMBER="206" OPERTYPEID="10" PREVID="0" NEXTID="0" UPDATEDATE="2024-09-11" STARTDATE="2024-09-11" ENDDATE="2079-06-06" ISACTUAL="1" ISACTIVE="1" /><STEAD ID="68695563" OBJECTID="165207058" OBJECTGUID="bc5acd42-d6e5-4df0-b988-27a5f8a5fe5b" CHANGEID="600906839" NUMBER="1" OPERTYPEID="10" PREVID="0" NEXTID="0" UPDATEDATE="2024-09-11" STARTDATE="2024-09-11" ENDDATE="2079-06-06" ISACTUAL="1" ISACTIVE="1" /><STEAD ID="68695574" OBJECTID="165207074" OBJECTGUID="6bc909fd-f1df-4c38-8dee-57d9d4780416" CHANGEID="600906856" NUMBER="11б" OPERTYPEID="10" PREVID="0" NEXTID="0" UPDATEDATE="2024-09-11" STARTDATE="2024-09-11" ENDDATE="2079-06-06" ISACTUAL="1" ISACTIVE="1" /><STEAD ID="68696340" OBJECTID="165208305" OBJECTGUID="d7b0e007-c2f3-4fb3-a0f6-b3d1532c7218" CHANGEID="600908943" NUMBER="13а" OPERTYPEID="10" PREVID="0" NEXTID="0" UPDATEDATE="2024-09-11" STARTDATE="2024-09-11" ENDDATE="2079-06-06" ISACTUAL="1" ISACTIVE="1" /><STEAD ID="68696350" OBJECTID="165208315" OBJECTGUID="72946c52-49a5-4d4b-865d-65358cc61346" CHANGEID="600908974" NUMBER="42а" OPERTYPEID="10" PREVID="0" NEXTID="0" UPDATEDATE="2024-09-11" STARTDATE="2024-09-11" ENDDATE="2079-06-06" ISACTUAL="1" ISACTIVE="1" /><STEAD ID="68696352" OBJECTID="165208318" OBJECTGUID="cafa01d3-7327-4690-a9df-dcbf3f7a3918" CHANGEID="600908982" NUMBER="26/1" OPERTYPEID="10" PREVID="0" NEXTID="0" UPDATEDATE="2024-09-11" STARTDATE="2024-09-11" ENDDATE="2079-06-06" ISACTUAL="1" ISACTIVE="1" /></STEADS>