﻿<?xml version="1.0" encoding="utf-8"?><HOUSES><HOUSE ID="56795450" OBJECTID="67851950" OBJECTGUID="4c744671-bfe4-4e6e-9e7a-e753fc0b4875" CHANGEID="101152773" HOUSENUM="10/1" HOUSETYPE="2" OPERTYPEID="20" PREVID="40883139" NEXTID="126738891" UPDATEDATE="2024-09-09" STARTDATE="2017-12-15" ENDDATE="2024-09-09" ISACTUAL="0" ISACTIVE="0" /><HOUSE ID="65321227" OBJECTID="67851397" OBJECTGUID="c4c44720-180d-40d6-9f36-867eee099323" CHANGEID="101152001" HOUSENUM="12/1" HOUSETYPE="2" OPERTYPEID="20" PREVID="40882814" NEXTID="126738887" UPDATEDATE="2024-09-09" STARTDATE="2017-12-15" ENDDATE="2024-09-09" ISACTUAL="0" ISACTIVE="0" /><HOUSE ID="67511009" OBJECTID="64132046" OBJECTGUID="e3b4990f-9afc-4e56-a9e2-ae9803489787" CHANGEID="95681211" HOUSENUM="6/1" HOUSETYPE="2" OPERTYPEID="20" PREVID="38575375" NEXTID="126738913" UPDATEDATE="2024-09-09" STARTDATE="2013-01-10" ENDDATE="2024-09-09" ISACTUAL="0" ISACTIVE="0" /><HOUSE ID="27804091" OBJECTID="46516935" OBJECTGUID="ff7963d1-1325-49da-a472-35c03cdffea7" CHANGEID="70012902" HOUSENUM="15/2" HOUSETYPE="2" OPERTYPEID="20" PREVID="27804084" NEXTID="126739415" UPDATEDATE="2024-09-09" STARTDATE="2019-03-18" ENDDATE="2024-09-09" ISACTUAL="0" ISACTIVE="0" /><HOUSE ID="52710381" OBJECTID="43073016" OBJECTGUID="12c257e4-35df-4123-a677-e77387310467" CHANGEID="65027021" HOUSENUM="57" HOUSETYPE="2" OPERTYPEID="20" PREVID="25730006" NEXTID="126738802" UPDATEDATE="2024-09-09" STARTDATE="2017-08-16" ENDDATE="2024-09-09" ISACTUAL="0" ISACTIVE="0" /><HOUSE ID="53177939" OBJECTID="20342944" OBJECTGUID="195e34d6-1f9a-4e07-a41a-d5ae6a0f0671" CHANGEID="31847882" HOUSENUM="35" HOUSETYPE="2" OPERTYPEID="20" PREVID="11864447" NEXTID="126747538" UPDATEDATE="2024-09-10" STARTDATE="2017-12-11" ENDDATE="2024-09-10" ISACTUAL="0" ISACTIVE="0" /><HOUSE ID="54274683" OBJECTID="29866305" OBJECTGUID="28da978d-663e-4724-85b1-6f902aa762f9" CHANGEID="45774721" HOUSENUM="25" HOUSETYPE="2" OPERTYPEID="20" PREVID="17690952" NEXTID="126738801" UPDATEDATE="2024-09-09" STARTDATE="2017-08-16" ENDDATE="2024-09-09" ISACTUAL="0" ISACTIVE="0" /><HOUSE ID="126724534" OBJECTID="165056844" OBJECTGUID="9ee55b15-75a1-4317-8dbf-3023147e4b9e" CHANGEID="600505757" HOUSENUM="2Г/2" HOUSETYPE="5" OPERTYPEID="10" PREVID="0" NEXTID="0" UPDATEDATE="2024-09-05" STARTDATE="2024-09-05" ENDDATE="2079-06-06" ISACTUAL="1" ISACTIVE="1" /><HOUSE ID="126724555" OBJECTID="165057022" OBJECTGUID="d37137ad-30a2-4175-b920-067c38a1613b" CHANGEID="600506038" HOUSENUM="46" HOUSETYPE="5" OPERTYPEID="10" PREVID="0" NEXTID="0" UPDATEDATE="2024-09-05" STARTDATE="2024-09-05" ENDDATE="2079-06-06" ISACTUAL="1" ISACTIVE="1" /><HOUSE ID="126724557" OBJECTID="165057032" OBJECTGUID="addfa4ab-28f4-4574-bde8-638669145f20" CHANGEID="600506050" HOUSENUM="7" HOUSETYPE="2" OPERTYPEID="10" PREVID="0" NEXTID="0" UPDATEDATE="2024-09-05" STARTDATE="2024-09-05" ENDDATE="2079-06-06" ISACTUAL="1" ISACTIVE="1" /><HOUSE ID="126724590" OBJECTID="165057165" OBJECTGUID="a4751d91-2536-4542-8a6f-44da96ecbb42" CHANGEID="600506416" HOUSENUM="7/9" HOUSETYPE="2" OPERTYPEID="10" PREVID="0" NEXTID="0" UPDATEDATE="2024-09-05" STARTDATE="2024-09-05" ENDDATE="2079-06-06" ISACTUAL="1" ISACTIVE="1" /><HOUSE ID="126724656" OBJECTID="165057456" OBJECTGUID="c30ba3a5-0dd5-49ab-8252-282dd9297ea9" CHANGEID="600507231" HOUSENUM="7Б" HOUSETYPE="2" OPERTYPEID="10" PREVID="0" NEXTID="0" UPDATEDATE="2024-09-05" STARTDATE="2024-09-05" ENDDATE="2079-06-06" ISACTUAL="1" ISACTIVE="1" /><HOUSE ID="126725293" OBJECTID="165060907" OBJECTGUID="6ca7c1e9-dd4e-4b85-87c4-16f912e522b4" CHANGEID="600512235" HOUSENUM="7А" HOUSETYPE="2" OPERTYPEID="10" PREVID="0" NEXTID="0" UPDATEDATE="2024-09-05" STARTDATE="2024-09-05" ENDDATE="2079-06-06" ISACTUAL="1" ISACTIVE="1" /><HOUSE ID="126725296" OBJECTID="165060915" OBJECTGUID="750ee590-cb8d-44e0-8613-15bbd40d7808" CHANGEID="600512249" HOUSENUM="8А" HOUSETYPE="2" OPERTYPEID="10" PREVID="0" NEXTID="0" UPDATEDATE="2024-09-05" STARTDATE="2024-09-05" ENDDATE="2079-06-06" ISACTUAL="1" ISACTIVE="1" /><HOUSE ID="126725310" OBJECTID="165060932" OBJECTGUID="70e8d623-b92d-43cd-a79c-a78c1cbaa68c" CHANGEID="600512296" HOUSENUM="94" HOUSETYPE="2" OPERTYPEID="10" PREVID="0" NEXTID="0" UPDATEDATE="2024-09-05" STARTDATE="2024-09-05" ENDDATE="2079-06-06" ISACTUAL="1" ISACTIVE="1" /><HOUSE ID="126725294" OBJECTID="165060910" OBJECTGUID="1e80de15-a120-4a66-ba86-9274c7ee76f6" CHANGEID="600512244" HOUSENUM="19" HOUSETYPE="2" OPERTYPEID="10" PREVID="0" NEXTID="0" UPDATEDATE="2024-09-05" STARTDATE="2024-09-05" ENDDATE="2079-06-06" ISACTUAL="1" ISACTIVE="1" /><HOUSE ID="126725295" OBJECTID="165060914" OBJECTGUID="8557b874-a158-4317-9bf1-f187f6cd2591" CHANGEID="600512248" HOUSENUM="150А" HOUSETYPE="2" OPERTYPEID="10" PREVID="0" NEXTID="0" UPDATEDATE="2024-09-05" STARTDATE="2024-09-05" ENDDATE="2079-06-06" ISACTUAL="1" ISACTIVE="1" /><HOUSE ID="126725307" OBJECTID="165060927" OBJECTGUID="b393a0c4-65ba-4c6f-8429-a6d7a755d0b8" CHANGEID="600512291" HOUSENUM="4" HOUSETYPE="2" OPERTYPEID="10" PREVID="0" NEXTID="0" UPDATEDATE="2024-09-05" STARTDATE="2024-09-05" ENDDATE="2079-06-06" ISACTUAL="1" ISACTIVE="1" /><HOUSE ID="126725495" OBJECTID="52637452" OBJECTGUID="a9891443-07a0-43f4-9710-7ad5932464ff" CHANGEID="600513704" HOUSENUM="47" HOUSETYPE="2" OPERTYPEID="60" PREVID="31441336" UPDATEDATE="2024-09-05" STARTDATE="2024-09-05" ENDDATE="2079-06-06" ISACTUAL="1" ISACTIVE="0" /><HOUSE ID="31441336" OBJECTID="52637452" OBJECTGUID="a9891443-07a0-43f4-9710-7ad5932464ff" CHANGEID="78843330" HOUSENUM="47" HOUSETYPE="2" OPERTYPEID="10" PREVID="0" NEXTID="126725495" UPDATEDATE="2024-09-05" STARTDATE="1900-01-01" ENDDATE="2024-09-05" ISACTUAL="0" ISACTIVE="0" /><HOUSE ID="126725496" OBJECTID="165061881" OBJECTGUID="9cea06e9-2e99-4952-b586-58ec3d83a3e2" CHANGEID="600513705" HOUSENUM="47" ADDNUM1="1" HOUSETYPE="2" ADDTYPE1="1" OPERTYPEID="61" PREVID="126725495" NEXTID="0" UPDATEDATE="2024-09-05" STARTDATE="2024-09-05" ENDDATE="2079-06-06" ISACTUAL="1" ISACTIVE="1" /><HOUSE ID="126725497" OBJECTID="165061882" OBJECTGUID="1bb1f2b4-4332-449b-9e05-1cd4b762013a" CHANGEID="600513802" HOUSENUM="47" ADDNUM1="2" HOUSETYPE="2" ADDTYPE1="1" OPERTYPEID="61" PREVID="126725495" NEXTID="0" UPDATEDATE="2024-09-05" STARTDATE="2024-09-05" ENDDATE="2079-06-06" ISACTUAL="1" ISACTIVE="1" /><HOUSE ID="126725499" OBJECTID="165061955" OBJECTGUID="c6d50b73-1073-46d1-9050-703301ac9234" CHANGEID="600513890" HOUSENUM="57/2" HOUSETYPE="2" OPERTYPEID="10" PREVID="0" NEXTID="0" UPDATEDATE="2024-09-05" STARTDATE="2024-09-05" ENDDATE="2079-06-06" ISACTUAL="1" ISACTIVE="1" /><HOUSE ID="126725519" OBJECTID="165061994" OBJECTGUID="f8eba220-ae3e-4cdf-853f-c809b12e0252" CHANGEID="600513970" HOUSENUM="13" HOUSETYPE="2" OPERTYPEID="10" PREVID="0" NEXTID="0" UPDATEDATE="2024-09-05" STARTDATE="2024-09-05" ENDDATE="2079-06-06" ISACTUAL="1" ISACTIVE="1" /><HOUSE ID="126727810" OBJECTID="165071822" OBJECTGUID="3265768e-3c2f-49a4-aabb-c1fbfcef70a4" CHANGEID="600529975" HOUSENUM="27" HOUSETYPE="2" OPERTYPEID="10" PREVID="0" NEXTID="0" UPDATEDATE="2024-09-05" STARTDATE="2024-09-05" ENDDATE="2079-06-06" ISACTUAL="1" ISACTIVE="1" /><HOUSE ID="126728122" OBJECTID="165073468" OBJECTGUID="83d96213-8c9a-4f32-9835-cb27549044f7" CHANGEID="600532347" HOUSENUM="25" HOUSETYPE="2" OPERTYPEID="10" PREVID="0" NEXTID="0" UPDATEDATE="2024-09-05" STARTDATE="2024-09-05" ENDDATE="2079-06-06" ISACTUAL="1" ISACTIVE="1" /><HOUSE ID="126728460" OBJECTID="165075198" OBJECTGUID="d1edb096-1816-41a9-bd23-26feb55c1d72" CHANGEID="600535381" HOUSENUM="709" HOUSETYPE="2" OPERTYPEID="10" PREVID="0" NEXTID="0" UPDATEDATE="2024-09-05" STARTDATE="2024-09-05" ENDDATE="2079-06-06" ISACTUAL="1" ISACTIVE="1" /><HOUSE ID="126728426" OBJECTID="165075142" OBJECTGUID="ee4a135a-324a-4239-87ce-cb457263ab95" CHANGEID="600535265" HOUSENUM="6/1" HOUSETYPE="2" OPERTYPEID="10" PREVID="0" NEXTID="0" UPDATEDATE="2024-09-05" STARTDATE="2024-09-05" ENDDATE="2079-06-06" ISACTUAL="1" ISACTIVE="1" /><HOUSE ID="126728461" OBJECTID="165075199" OBJECTGUID="580da56d-8016-48af-8d20-3fddf175dc2a" CHANGEID="600535382" HOUSENUM="15" HOUSETYPE="2" OPERTYPEID="10" PREVID="0" NEXTID="0" UPDATEDATE="2024-09-05" STARTDATE="2024-09-05" ENDDATE="2079-06-06" ISACTUAL="1" ISACTIVE="1" /><HOUSE ID="126728546" OBJECTID="165075688" OBJECTGUID="306da548-9684-4d3a-b430-a9ebe647d5ff" CHANGEID="600536132" HOUSENUM="650" HOUSETYPE="2" OPERTYPEID="10" PREVID="0" NEXTID="0" UPDATEDATE="2024-09-05" STARTDATE="2024-09-05" ENDDATE="2079-06-06" ISACTUAL="1" ISACTIVE="1" /><HOUSE ID="126728557" OBJECTID="165075722" OBJECTGUID="4e1ecabe-6096-4165-9e5b-4762834fe223" CHANGEID="600536183" HOUSENUM="100" HOUSETYPE="2" OPERTYPEID="10" PREVID="0" NEXTID="0" UPDATEDATE="2024-09-05" STARTDATE="2024-09-05" ENDDATE="2079-06-06" ISACTUAL="1" ISACTIVE="1" /><HOUSE ID="126728577" OBJECTID="165075835" OBJECTGUID="ee390b64-52cf-4ff2-884e-d82a8acc1822" CHANGEID="600536399" HOUSENUM="13а" HOUSETYPE="2" OPERTYPEID="10" PREVID="0" NEXTID="0" UPDATEDATE="2024-09-05" STARTDATE="2024-09-05" ENDDATE="2079-06-06" ISACTUAL="1" ISACTIVE="1" /><HOUSE ID="126728726" OBJECTID="165077484" OBJECTGUID="392d8704-1970-474d-a78e-979c9274f265" CHANGEID="600538635" HOUSENUM="10А" HOUSETYPE="2" OPERTYPEID="10" PREVID="0" NEXTID="0" UPDATEDATE="2024-09-05" STARTDATE="2024-09-05" ENDDATE="2079-06-06" ISACTUAL="1" ISACTIVE="1" /><HOUSE ID="126728797" OBJECTID="165077743" OBJECTGUID="ce228544-5e23-40cb-aee1-fcfafa6825e4" CHANGEID="600539063" HOUSENUM="10" HOUSETYPE="2" OPERTYPEID="10" PREVID="0" NEXTID="0" UPDATEDATE="2024-09-05" STARTDATE="2024-09-05" ENDDATE="2079-06-06" ISACTUAL="1" ISACTIVE="1" /><HOUSE ID="17460261" OBJECTID="29464049" OBJECTGUID="601124b0-a771-4330-b040-342a4f366051" CHANGEID="45199118" HOUSENUM="46" ADDNUM1="1" HOUSETYPE="2" ADDTYPE1="1" OPERTYPEID="10" PREVID="0" NEXTID="126728765" UPDATEDATE="2024-09-05" STARTDATE="2019-02-15" ENDDATE="2024-09-05" ISACTUAL="0" ISACTIVE="0" /><HOUSE ID="126728765" OBJECTID="29464049" OBJECTGUID="601124b0-a771-4330-b040-342a4f366051" CHANGEID="600538807" HOUSENUM="46" ADDNUM1="1" HOUSETYPE="5" ADDTYPE1="1" OPERTYPEID="20" PREVID="17460261" UPDATEDATE="2024-09-05" STARTDATE="2024-09-05" ENDDATE="2079-06-06" ISACTUAL="1" ISACTIVE="1" /><HOUSE ID="126728795" OBJECTID="165077736" OBJECTGUID="9db0fb90-0835-487e-b1f9-2651833bb93d" CHANGEID="600539052" HOUSENUM="1" HOUSETYPE="2" OPERTYPEID="10" PREVID="0" NEXTID="0" UPDATEDATE="2024-09-05" STARTDATE="2024-09-05" ENDDATE="2079-06-06" ISACTUAL="1" ISACTIVE="1" /><HOUSE ID="126731560" OBJECTID="165090112" OBJECTGUID="87e745fb-3ee2-4696-abcd-306a71f012d6" CHANGEID="600560320" HOUSENUM="48" HOUSETYPE="2" OPERTYPEID="10" PREVID="0" NEXTID="0" UPDATEDATE="2024-09-06" STARTDATE="2024-09-06" ENDDATE="2079-06-06" ISACTUAL="1" ISACTIVE="1" /><HOUSE ID="126731561" OBJECTID="165090113" OBJECTGUID="bbf27400-327a-4941-a680-267ed42d0fcd" CHANGEID="600560321" HOUSENUM="15" HOUSETYPE="2" OPERTYPEID="10" PREVID="0" NEXTID="0" UPDATEDATE="2024-09-06" STARTDATE="2024-09-06" ENDDATE="2079-06-06" ISACTUAL="1" ISACTIVE="1" /><HOUSE ID="126731590" OBJECTID="165090696" OBJECTGUID="77522833-911a-4f92-b804-cebc9df34121" CHANGEID="600561063" HOUSENUM="25Б" HOUSETYPE="2" OPERTYPEID="10" PREVID="0" NEXTID="0" UPDATEDATE="2024-09-06" STARTDATE="2024-09-06" ENDDATE="2079-06-06" ISACTUAL="1" ISACTIVE="1" /><HOUSE ID="126731592" OBJECTID="165090699" OBJECTGUID="68708c3b-021b-414f-bfc4-67f8497f9903" CHANGEID="600561067" HOUSENUM="32" HOUSETYPE="2" OPERTYPEID="10" PREVID="0" NEXTID="0" UPDATEDATE="2024-09-06" STARTDATE="2024-09-06" ENDDATE="2079-06-06" ISACTUAL="1" ISACTIVE="1" /><HOUSE ID="126731598" OBJECTID="165090715" OBJECTGUID="87657d98-6205-4875-a1fd-af02651a4746" CHANGEID="600561083" HOUSENUM="122" HOUSETYPE="5" OPERTYPEID="10" PREVID="0" NEXTID="0" UPDATEDATE="2024-09-06" STARTDATE="2024-09-06" ENDDATE="2079-06-06" ISACTUAL="1" ISACTIVE="1" /><HOUSE ID="126731599" OBJECTID="165090718" OBJECTGUID="f2bffeeb-a395-497e-bc76-5b46c27a43db" CHANGEID="600561087" HOUSENUM="1А" HOUSETYPE="5" OPERTYPEID="10" PREVID="0" NEXTID="0" UPDATEDATE="2024-09-06" STARTDATE="2024-09-06" ENDDATE="2079-06-06" ISACTUAL="1" ISACTIVE="1" /><HOUSE ID="126731712" OBJECTID="165091651" OBJECTGUID="231ef552-2aea-47fe-a61d-304ec043f333" CHANGEID="600562237" HOUSENUM="268" HOUSETYPE="2" OPERTYPEID="10" PREVID="0" NEXTID="0" UPDATEDATE="2024-09-06" STARTDATE="2024-09-06" ENDDATE="2079-06-06" ISACTUAL="1" ISACTIVE="1" /><HOUSE ID="126731713" OBJECTID="165091652" OBJECTGUID="983ffb0c-560d-4710-b119-6f9af10620b5" CHANGEID="600562238" HOUSENUM="8" HOUSETYPE="2" OPERTYPEID="10" PREVID="0" NEXTID="0" UPDATEDATE="2024-09-06" STARTDATE="2024-09-06" ENDDATE="2079-06-06" ISACTUAL="1" ISACTIVE="1" /><HOUSE ID="126731714" OBJECTID="165091653" OBJECTGUID="89e3f9bd-d56e-4511-80cc-6daa7d5624ad" CHANGEID="600562239" HOUSENUM="20" HOUSETYPE="2" OPERTYPEID="10" PREVID="0" NEXTID="0" UPDATEDATE="2024-09-06" STARTDATE="2024-09-06" ENDDATE="2079-06-06" ISACTUAL="1" ISACTIVE="1" /><HOUSE ID="126731737" OBJECTID="165091660" OBJECTGUID="a90d59df-e27f-405e-b33b-5ad1cb59b5fd" CHANGEID="600562278" HOUSENUM="13А" HOUSETYPE="5" OPERTYPEID="10" PREVID="0" NEXTID="0" UPDATEDATE="2024-09-06" STARTDATE="2024-09-06" ENDDATE="2079-06-06" ISACTUAL="1" ISACTIVE="1" /><HOUSE ID="126731780" OBJECTID="165091796" OBJECTGUID="9ed1dddd-410e-49c3-98a5-76ca9ca8117b" CHANGEID="600562612" HOUSENUM="30А" HOUSETYPE="2" OPERTYPEID="10" PREVID="0" NEXTID="0" UPDATEDATE="2024-09-06" STARTDATE="2024-09-06" ENDDATE="2079-06-06" ISACTUAL="1" ISACTIVE="1" /><HOUSE ID="126731781" OBJECTID="165091797" OBJECTGUID="d7b8236e-ae7a-41e4-a0bf-e1c1828c5144" CHANGEID="600562613" HOUSENUM="4" HOUSETYPE="2" OPERTYPEID="10" PREVID="0" NEXTID="0" UPDATEDATE="2024-09-06" STARTDATE="2024-09-06" ENDDATE="2079-06-06" ISACTUAL="1" ISACTIVE="1" /><HOUSE ID="126731782" OBJECTID="165091798" OBJECTGUID="ca238fd6-02e9-48d5-afcb-db2b46c6f1b7" CHANGEID="600562614" HOUSENUM="3" HOUSETYPE="2" OPERTYPEID="10" PREVID="0" NEXTID="0" UPDATEDATE="2024-09-06" STARTDATE="2024-09-06" ENDDATE="2079-06-06" ISACTUAL="1" ISACTIVE="1" /><HOUSE ID="67611570" OBJECTID="35613664" OBJECTGUID="e5247db2-6f17-40c6-956f-4285b8ee66ad" CHANGEID="54106976" HOUSENUM="3а" HOUSETYPE="2" OPERTYPEID="20" PREVID="21162243" NEXTID="126731787" UPDATEDATE="2024-09-06" STARTDATE="2019-11-11" ENDDATE="2024-09-06" ISACTUAL="0" ISACTIVE="0" /><HOUSE ID="126731787" OBJECTID="35613664" OBJECTGUID="e5247db2-6f17-40c6-956f-4285b8ee66ad" CHANGEID="600562634" HOUSENUM="3А" HOUSETYPE="2" OPERTYPEID="20" PREVID="67611570" UPDATEDATE="2024-09-06" STARTDATE="2024-09-06" ENDDATE="2079-06-06" ISACTUAL="1" ISACTIVE="1" /><HOUSE ID="126731808" OBJECTID="165091825" OBJECTGUID="59464f9d-5e81-4e43-8b03-32573f1ac173" CHANGEID="600562750" HOUSENUM="7" HOUSETYPE="2" OPERTYPEID="10" PREVID="0" NEXTID="0" UPDATEDATE="2024-09-06" STARTDATE="2024-09-06" ENDDATE="2079-06-06" ISACTUAL="1" ISACTIVE="1" /><HOUSE ID="126731849" OBJECTID="165092190" OBJECTGUID="af4b7277-aac5-47a9-a932-687b2b27a61a" CHANGEID="600563508" HOUSENUM="16" HOUSETYPE="2" OPERTYPEID="10" PREVID="0" NEXTID="0" UPDATEDATE="2024-09-06" STARTDATE="2024-09-06" ENDDATE="2079-06-06" ISACTUAL="1" ISACTIVE="1" /><HOUSE ID="126731885" OBJECTID="165092239" OBJECTGUID="abf3862e-6f60-45e3-8029-55cfd29ec242" CHANGEID="600563648" HOUSENUM="7/2" HOUSETYPE="2" OPERTYPEID="10" PREVID="0" NEXTID="0" UPDATEDATE="2024-09-06" STARTDATE="2024-09-06" ENDDATE="2079-06-06" ISACTUAL="1" ISACTIVE="1" /><HOUSE ID="126731888" OBJECTID="165092247" OBJECTGUID="e726644b-a979-44bf-b158-54b96dcadee3" CHANGEID="600563658" HOUSENUM="37/2" HOUSETYPE="2" OPERTYPEID="10" PREVID="0" NEXTID="0" UPDATEDATE="2024-09-06" STARTDATE="2024-09-06" ENDDATE="2079-06-06" ISACTUAL="1" ISACTIVE="1" /><HOUSE ID="126731850" OBJECTID="165092193" OBJECTGUID="6883722f-d4f8-4d0b-966a-4cb5a3a39d5e" CHANGEID="600563511" HOUSENUM="32/1" HOUSETYPE="2" OPERTYPEID="10" PREVID="0" NEXTID="0" UPDATEDATE="2024-09-06" STARTDATE="2024-09-06" ENDDATE="2079-06-06" ISACTUAL="1" ISACTIVE="1" /><HOUSE ID="126731886" OBJECTID="165092240" OBJECTGUID="8de5d675-de9b-4412-82a1-f4620a18e48b" CHANGEID="600563649" HOUSENUM="32/2" HOUSETYPE="2" OPERTYPEID="10" PREVID="0" NEXTID="0" UPDATEDATE="2024-09-06" STARTDATE="2024-09-06" ENDDATE="2079-06-06" ISACTUAL="1" ISACTIVE="1" /><HOUSE ID="126732365" OBJECTID="165094829" OBJECTGUID="bff26c46-7117-4b89-a59b-31d1a3baad9c" CHANGEID="600568560" HOUSENUM="71" HOUSETYPE="2" OPERTYPEID="10" PREVID="0" NEXTID="0" UPDATEDATE="2024-09-06" STARTDATE="2024-09-06" ENDDATE="2079-06-06" ISACTUAL="1" ISACTIVE="1" /><HOUSE ID="126732395" OBJECTID="165094955" OBJECTGUID="87968bc2-ba27-43fc-9a53-af71ec684009" CHANGEID="600568822" HOUSENUM="9" HOUSETYPE="2" OPERTYPEID="10" PREVID="0" NEXTID="0" UPDATEDATE="2024-09-06" STARTDATE="2024-09-06" ENDDATE="2079-06-06" ISACTUAL="1" ISACTIVE="1" /><HOUSE ID="126732363" OBJECTID="165094827" OBJECTGUID="807506ec-c3e9-468f-b358-a78f3bdfac22" CHANGEID="600568551" HOUSENUM="21" HOUSETYPE="2" OPERTYPEID="10" PREVID="0" NEXTID="0" UPDATEDATE="2024-09-06" STARTDATE="2024-09-06" ENDDATE="2079-06-06" ISACTUAL="1" ISACTIVE="1" /><HOUSE ID="126732366" OBJECTID="165094832" OBJECTGUID="413c5164-ec76-4f66-9a77-60b92a92066b" CHANGEID="600568584" HOUSENUM="5А" HOUSETYPE="5" OPERTYPEID="10" PREVID="0" NEXTID="0" UPDATEDATE="2024-09-06" STARTDATE="2024-09-06" ENDDATE="2079-06-06" ISACTUAL="1" ISACTIVE="1" /><HOUSE ID="126732369" OBJECTID="165094838" OBJECTGUID="c4b6b44c-54cc-4b0c-badd-badfa1456ade" CHANGEID="600568601" HOUSENUM="20А" HOUSETYPE="2" OPERTYPEID="10" PREVID="0" NEXTID="0" UPDATEDATE="2024-09-06" STARTDATE="2024-09-06" ENDDATE="2079-06-06" ISACTUAL="1" ISACTIVE="1" /><HOUSE ID="126732741" OBJECTID="165096155" OBJECTGUID="110ed259-364e-4024-a5ad-d4e762c44143" CHANGEID="600570908" HOUSENUM="8" HOUSETYPE="2" OPERTYPEID="10" PREVID="0" NEXTID="0" UPDATEDATE="2024-09-06" STARTDATE="2024-09-06" ENDDATE="2079-06-06" ISACTUAL="1" ISACTIVE="1" /><HOUSE ID="126732742" OBJECTID="165096156" OBJECTGUID="cfd79a48-4ad1-4277-b7cb-8ee1caeae0c1" CHANGEID="600570909" HOUSENUM="30/2" HOUSETYPE="2" OPERTYPEID="10" PREVID="0" NEXTID="0" UPDATEDATE="2024-09-06" STARTDATE="2024-09-06" ENDDATE="2079-06-06" ISACTUAL="1" ISACTIVE="1" /><HOUSE ID="126732743" OBJECTID="165096157" OBJECTGUID="8314be09-b2c5-45f3-bdfe-771df9d728cc" CHANGEID="600570910" HOUSENUM="37/1" HOUSETYPE="2" OPERTYPEID="10" PREVID="0" NEXTID="0" UPDATEDATE="2024-09-06" STARTDATE="2024-09-06" ENDDATE="2079-06-06" ISACTUAL="1" ISACTIVE="1" /><HOUSE ID="126732744" OBJECTID="165096159" OBJECTGUID="4a5a7ef5-35b9-448b-9023-94abb0261b6c" CHANGEID="600570918" HOUSENUM="24" HOUSETYPE="2" OPERTYPEID="10" PREVID="0" NEXTID="0" UPDATEDATE="2024-09-06" STARTDATE="2024-09-06" ENDDATE="2079-06-06" ISACTUAL="1" ISACTIVE="1" /><HOUSE ID="126732745" OBJECTID="165096160" OBJECTGUID="79100768-b3ca-4d33-850c-85138676a40a" CHANGEID="600570919" HOUSENUM="6" ADDNUM1="3" HOUSETYPE="5" ADDTYPE1="1" OPERTYPEID="10" PREVID="0" NEXTID="0" UPDATEDATE="2024-09-06" STARTDATE="2024-09-06" ENDDATE="2079-06-06" ISACTUAL="1" ISACTIVE="1" /><HOUSE ID="126732757" OBJECTID="165096196" OBJECTGUID="825e701c-c854-46c4-b38d-4d908f7b26a8" CHANGEID="600570992" HOUSENUM="6" HOUSETYPE="2" OPERTYPEID="10" PREVID="0" NEXTID="0" UPDATEDATE="2024-09-06" STARTDATE="2024-09-06" ENDDATE="2079-06-06" ISACTUAL="1" ISACTIVE="1" /><HOUSE ID="126732762" OBJECTID="165096203" OBJECTGUID="218a1f96-b6c9-48bf-ae6c-825ddbea898e" CHANGEID="600571018" HOUSENUM="40" HOUSETYPE="2" OPERTYPEID="10" PREVID="0" NEXTID="0" UPDATEDATE="2024-09-06" STARTDATE="2024-09-06" ENDDATE="2079-06-06" ISACTUAL="1" ISACTIVE="1" /><HOUSE ID="126732766" OBJECTID="165096209" OBJECTGUID="bbd08fec-7113-4e02-b277-dcd3c24c3ecf" CHANGEID="600571025" HOUSENUM="34" HOUSETYPE="2" OPERTYPEID="10" PREVID="0" NEXTID="0" UPDATEDATE="2024-09-06" STARTDATE="2024-09-06" ENDDATE="2079-06-06" ISACTUAL="1" ISACTIVE="1" /><HOUSE ID="126732768" OBJECTID="165096237" OBJECTGUID="a2324391-0bff-4c64-b9ef-abc6e630638b" CHANGEID="600571056" HOUSENUM="13" HOUSETYPE="2" OPERTYPEID="10" PREVID="0" NEXTID="0" UPDATEDATE="2024-09-06" STARTDATE="2024-09-06" ENDDATE="2079-06-06" ISACTUAL="1" ISACTIVE="1" /><HOUSE ID="126733316" OBJECTID="165097425" OBJECTGUID="85c21c92-4b0d-45be-821a-c22cc0f05192" CHANGEID="600574410" HOUSENUM="4" HOUSETYPE="2" OPERTYPEID="10" PREVID="0" NEXTID="0" UPDATEDATE="2024-09-06" STARTDATE="2024-09-06" ENDDATE="2079-06-06" ISACTUAL="1" ISACTIVE="1" /><HOUSE ID="126733342" OBJECTID="165097458" OBJECTGUID="678723bc-f2c4-4bd7-9b5c-c0fd47fe3d9a" CHANGEID="600574480" HOUSENUM="1А" HOUSETYPE="2" OPERTYPEID="10" PREVID="0" NEXTID="0" UPDATEDATE="2024-09-06" STARTDATE="2024-09-06" ENDDATE="2079-06-06" ISACTUAL="1" ISACTIVE="1" /><HOUSE ID="126733371" OBJECTID="165097540" OBJECTGUID="ef8cded0-0a2e-4fef-92ba-6b6055bed4c5" CHANGEID="600574603" HOUSENUM="26" HOUSETYPE="2" OPERTYPEID="10" PREVID="0" NEXTID="0" UPDATEDATE="2024-09-06" STARTDATE="2024-09-06" ENDDATE="2079-06-06" ISACTUAL="1" ISACTIVE="1" /><HOUSE ID="126733387" OBJECTID="165097667" OBJECTGUID="8f40ad36-1a41-4705-a07d-80d7b170c132" CHANGEID="600574774" HOUSENUM="18" HOUSETYPE="2" OPERTYPEID="10" PREVID="0" NEXTID="0" UPDATEDATE="2024-09-06" STARTDATE="2024-09-06" ENDDATE="2079-06-06" ISACTUAL="1" ISACTIVE="1" /><HOUSE ID="126733397" OBJECTID="165097693" OBJECTGUID="cffd6445-f032-472d-909d-fd08afc3898a" CHANGEID="600574834" HOUSENUM="1" HOUSETYPE="2" OPERTYPEID="10" PREVID="0" NEXTID="0" UPDATEDATE="2024-09-06" STARTDATE="2024-09-06" ENDDATE="2079-06-06" ISACTUAL="1" ISACTIVE="1" /><HOUSE ID="126733409" OBJECTID="165097744" OBJECTGUID="ea937b15-576c-416e-9e5a-b7e908b4856a" CHANGEID="600574918" HOUSENUM="3" HOUSETYPE="2" OPERTYPEID="10" PREVID="0" NEXTID="0" UPDATEDATE="2024-09-06" STARTDATE="2024-09-06" ENDDATE="2079-06-06" ISACTUAL="1" ISACTIVE="1" /><HOUSE ID="126734639" OBJECTID="165102414" OBJECTGUID="dfba7afe-db62-480f-abe9-019cdb5c4a92" CHANGEID="600583203" HOUSENUM="7А" HOUSETYPE="2" OPERTYPEID="10" PREVID="0" NEXTID="0" UPDATEDATE="2024-09-06" STARTDATE="2024-09-06" ENDDATE="2079-06-06" ISACTUAL="1" ISACTIVE="1" /><HOUSE ID="126734656" OBJECTID="165102458" OBJECTGUID="ecb88fb1-7388-4156-a9b7-a28b2b5a93d4" CHANGEID="600583282" HOUSENUM="12" HOUSETYPE="2" OPERTYPEID="10" PREVID="0" NEXTID="0" UPDATEDATE="2024-09-06" STARTDATE="2024-09-06" ENDDATE="2079-06-06" ISACTUAL="1" ISACTIVE="1" /><HOUSE ID="126735376" OBJECTID="165104315" OBJECTGUID="14063acd-729d-446e-b7e8-c9f0a35267be" CHANGEID="600586774" HOUSENUM="1А" HOUSETYPE="2" OPERTYPEID="10" PREVID="0" NEXTID="0" UPDATEDATE="2024-09-06" STARTDATE="2024-09-06" ENDDATE="2079-06-06" ISACTUAL="1" ISACTIVE="1" /><HOUSE ID="126735970" OBJECTID="165105772" OBJECTGUID="288b377a-bf60-45a5-bee8-b7b0c47abffb" CHANGEID="600589014" HOUSENUM="123А" HOUSETYPE="2" OPERTYPEID="10" PREVID="0" NEXTID="0" UPDATEDATE="2024-09-06" STARTDATE="2024-09-06" ENDDATE="2079-06-06" ISACTUAL="1" ISACTIVE="1" /><HOUSE ID="126736369" OBJECTID="165107873" OBJECTGUID="e272ab08-4c23-4f16-90b2-3d07f097c43f" CHANGEID="600592593" HOUSENUM="23" HOUSETYPE="2" OPERTYPEID="10" PREVID="0" NEXTID="0" UPDATEDATE="2024-09-06" STARTDATE="2024-09-06" ENDDATE="2079-06-06" ISACTUAL="1" ISACTIVE="1" /><HOUSE ID="126738800" OBJECTID="45988738" OBJECTGUID="c3aa743e-1351-4df2-a47b-e44933ace690" CHANGEID="600736749" HOUSENUM="19" HOUSETYPE="2" OPERTYPEID="30" PREVID="65243165" NEXTID="0" UPDATEDATE="2024-09-09" STARTDATE="2024-09-09" ENDDATE="2079-06-06" ISACTUAL="1" ISACTIVE="0" /><HOUSE ID="65243165" OBJECTID="45988738" OBJECTGUID="c3aa743e-1351-4df2-a47b-e44933ace690" CHANGEID="69241302" HOUSENUM="19" HOUSETYPE="2" OPERTYPEID="20" PREVID="27471435" NEXTID="126738800" UPDATEDATE="2024-09-09" STARTDATE="2017-08-16" ENDDATE="2024-09-09" ISACTUAL="0" ISACTIVE="0" /><HOUSE ID="126738801" OBJECTID="29866305" OBJECTGUID="28da978d-663e-4724-85b1-6f902aa762f9" CHANGEID="600736750" HOUSENUM="25" HOUSETYPE="2" OPERTYPEID="30" PREVID="54274683" NEXTID="0" UPDATEDATE="2024-09-09" STARTDATE="2024-09-09" ENDDATE="2079-06-06" ISACTUAL="1" ISACTIVE="0" /><HOUSE ID="126738802" OBJECTID="43073016" OBJECTGUID="12c257e4-35df-4123-a677-e77387310467" CHANGEID="600736751" HOUSENUM="57" HOUSETYPE="2" OPERTYPEID="30" PREVID="52710381" NEXTID="0" UPDATEDATE="2024-09-09" STARTDATE="2024-09-09" ENDDATE="2079-06-06" ISACTUAL="1" ISACTIVE="0" /><HOUSE ID="126738803" OBJECTID="37573081" OBJECTGUID="09606736-2db8-4e09-87ad-fee311c1b2fd" CHANGEID="600736752" HOUSENUM="5" HOUSETYPE="2" OPERTYPEID="30" PREVID="52046268" NEXTID="0" UPDATEDATE="2024-09-09" STARTDATE="2024-09-09" ENDDATE="2079-06-06" ISACTUAL="1" ISACTIVE="0" /><HOUSE ID="52046268" OBJECTID="37573081" OBJECTGUID="09606736-2db8-4e09-87ad-fee311c1b2fd" CHANGEID="57005215" HOUSENUM="5" HOUSETYPE="2" OPERTYPEID="20" PREVID="22421054" NEXTID="126738803" UPDATEDATE="2024-09-09" STARTDATE="2017-08-16" ENDDATE="2024-09-09" ISACTUAL="0" ISACTIVE="0" /><HOUSE ID="126738804" OBJECTID="31280665" OBJECTGUID="a9e13470-00ce-4697-811b-56219b97ab89" CHANGEID="600736753" HOUSENUM="14" HOUSETYPE="2" OPERTYPEID="30" PREVID="63416577" NEXTID="0" UPDATEDATE="2024-09-09" STARTDATE="2024-09-09" ENDDATE="2079-06-06" ISACTUAL="1" ISACTIVE="0" /><HOUSE ID="63416577" OBJECTID="31280665" OBJECTGUID="a9e13470-00ce-4697-811b-56219b97ab89" CHANGEID="47854334" HOUSENUM="14" HOUSETYPE="2" OPERTYPEID="20" PREVID="18580796" NEXTID="126738804" UPDATEDATE="2024-09-09" STARTDATE="2017-07-11" ENDDATE="2024-09-09" ISACTUAL="0" ISACTIVE="0" /><HOUSE ID="126738815" OBJECTID="101878256" OBJECTGUID="255f3d87-9d4d-4475-9108-ba38566d2344" CHANGEID="600736819" HOUSENUM="28Б" HOUSETYPE="2" OPERTYPEID="30" PREVID="71485600" NEXTID="0" UPDATEDATE="2024-09-09" STARTDATE="2024-09-09" ENDDATE="2079-06-06" ISACTUAL="1" ISACTIVE="0" /><HOUSE ID="71485600" OBJECTID="101878256" OBJECTGUID="255f3d87-9d4d-4475-9108-ba38566d2344" CHANGEID="197013209" HOUSENUM="28Б" HOUSETYPE="2" OPERTYPEID="10" PREVID="0" NEXTID="126738815" UPDATEDATE="2024-09-09" STARTDATE="2021-07-19" ENDDATE="2024-09-09" ISACTUAL="0" ISACTIVE="0" /><HOUSE ID="126738882" OBJECTID="165116799" OBJECTGUID="fe1c5257-debd-48e3-9672-b54673607825" CHANGEID="600737499" HOUSENUM="117" HOUSETYPE="2" OPERTYPEID="10" PREVID="0" NEXTID="0" UPDATEDATE="2024-09-09" STARTDATE="2024-09-09" ENDDATE="2079-06-06" ISACTUAL="1" ISACTIVE="1" /><HOUSE ID="126738884" OBJECTID="165116803" OBJECTGUID="607e39ed-af97-45af-9e87-e5a87ed64417" CHANGEID="600737503" HOUSENUM="4" HOUSETYPE="2" OPERTYPEID="10" PREVID="0" NEXTID="0" UPDATEDATE="2024-09-09" STARTDATE="2024-09-09" ENDDATE="2079-06-06" ISACTUAL="1" ISACTIVE="1" /><HOUSE ID="58489667" OBJECTID="67852887" OBJECTGUID="6454cfaa-8032-40ab-83ab-f5adfacbc6fb" CHANGEID="101154125" HOUSENUM="5/1" HOUSETYPE="2" OPERTYPEID="20" PREVID="40883548" NEXTID="126738885" UPDATEDATE="2024-09-09" STARTDATE="2017-12-15" ENDDATE="2024-09-09" ISACTUAL="0" ISACTIVE="0" /><HOUSE ID="126738885" OBJECTID="67852887" OBJECTGUID="6454cfaa-8032-40ab-83ab-f5adfacbc6fb" CHANGEID="600737507" HOUSENUM="5" HOUSETYPE="2" OPERTYPEID="20" PREVID="58489667" UPDATEDATE="2024-09-09" STARTDATE="2024-09-09" ENDDATE="2079-06-06" ISACTUAL="1" ISACTIVE="1" /><HOUSE ID="126738886" OBJECTID="165116819" OBJECTGUID="f0fba48b-4904-4748-8f77-7051499654b7" CHANGEID="600737523" HOUSENUM="91" HOUSETYPE="2" OPERTYPEID="10" PREVID="0" NEXTID="0" UPDATEDATE="2024-09-09" STARTDATE="2024-09-09" ENDDATE="2079-06-06" ISACTUAL="1" ISACTIVE="1" /><HOUSE ID="126738887" OBJECTID="67851397" OBJECTGUID="c4c44720-180d-40d6-9f36-867eee099323" CHANGEID="600737528" HOUSENUM="12" HOUSETYPE="2" OPERTYPEID="20" PREVID="65321227" UPDATEDATE="2024-09-09" STARTDATE="2024-09-09" ENDDATE="2079-06-06" ISACTUAL="1" ISACTIVE="1" /><HOUSE ID="53458912" OBJECTID="67850853" OBJECTGUID="1d543e1b-a89e-4a23-8f13-565e201b8557" CHANGEID="101150920" HOUSENUM="11/1" HOUSETYPE="2" OPERTYPEID="20" PREVID="40882486" NEXTID="126738888" UPDATEDATE="2024-09-09" STARTDATE="2017-12-15" ENDDATE="2024-09-09" ISACTUAL="0" ISACTIVE="0" /><HOUSE ID="126738888" OBJECTID="67850853" OBJECTGUID="1d543e1b-a89e-4a23-8f13-565e201b8557" CHANGEID="600737538" HOUSENUM="11" HOUSETYPE="2" OPERTYPEID="20" PREVID="53458912" UPDATEDATE="2024-09-09" STARTDATE="2024-09-09" ENDDATE="2079-06-06" ISACTUAL="1" ISACTIVE="1" /><HOUSE ID="126738891" OBJECTID="67851950" OBJECTGUID="4c744671-bfe4-4e6e-9e7a-e753fc0b4875" CHANGEID="600737551" HOUSENUM="10" HOUSETYPE="2" OPERTYPEID="20" PREVID="56795450" UPDATEDATE="2024-09-09" STARTDATE="2024-09-09" ENDDATE="2079-06-06" ISACTUAL="1" ISACTIVE="1" /><HOUSE ID="126738893" OBJECTID="165116850" OBJECTGUID="4bc94e29-9310-414e-9904-3508a446c626" CHANGEID="600737562" HOUSENUM="21" HOUSETYPE="2" OPERTYPEID="10" PREVID="0" NEXTID="0" UPDATEDATE="2024-09-09" STARTDATE="2024-09-09" ENDDATE="2079-06-06" ISACTUAL="1" ISACTIVE="1" /><HOUSE ID="126738895" OBJECTID="165116855" OBJECTGUID="4a5a321f-8522-4033-b560-252eea5092bd" CHANGEID="600737567" HOUSENUM="26/1" HOUSETYPE="2" OPERTYPEID="10" PREVID="0" NEXTID="0" UPDATEDATE="2024-09-09" STARTDATE="2024-09-09" ENDDATE="2079-06-06" ISACTUAL="1" ISACTIVE="1" /><HOUSE ID="126738913" OBJECTID="64132046" OBJECTGUID="e3b4990f-9afc-4e56-a9e2-ae9803489787" CHANGEID="600737869" HOUSENUM="6" HOUSETYPE="2" OPERTYPEID="40" PREVID="67511009" UPDATEDATE="2024-09-09" STARTDATE="2024-09-09" ENDDATE="2079-06-06" ISACTUAL="1" ISACTIVE="1" /><HOUSE ID="59151672" OBJECTID="64115932" OBJECTGUID="6db2e6a7-2436-4ccf-8f58-641a891fed56" CHANGEID="95656941" HOUSENUM="6/2" HOUSETYPE="2" OPERTYPEID="20" PREVID="38564987" NEXTID="126738914" UPDATEDATE="2024-09-09" STARTDATE="2013-01-10" ENDDATE="2024-09-09" ISACTUAL="0" ISACTIVE="0" /><HOUSE ID="126738914" OBJECTID="64115932" OBJECTGUID="6db2e6a7-2436-4ccf-8f58-641a891fed56" CHANGEID="600737870" HOUSENUM="6/2" HOUSETYPE="2" OPERTYPEID="42" PREVID="59151672" NEXTID="126738913" UPDATEDATE="2024-09-09" STARTDATE="2024-09-09" ENDDATE="2079-06-06" ISACTUAL="1" ISACTIVE="0" /><HOUSE ID="126738923" OBJECTID="165117062" OBJECTGUID="c8d4f5bf-7103-46fb-8ec8-5b6e1ea5284b" CHANGEID="600737959" HOUSENUM="10" HOUSETYPE="2" OPERTYPEID="10" PREVID="0" NEXTID="0" UPDATEDATE="2024-09-09" STARTDATE="2024-09-09" ENDDATE="2079-06-06" ISACTUAL="1" ISACTIVE="1" /><HOUSE ID="126738924" OBJECTID="165117063" OBJECTGUID="698e28c5-03b9-4f0b-8aa0-da232c14fff8" CHANGEID="600737960" HOUSENUM="34" HOUSETYPE="2" OPERTYPEID="10" PREVID="0" NEXTID="0" UPDATEDATE="2024-09-09" STARTDATE="2024-09-09" ENDDATE="2079-06-06" ISACTUAL="1" ISACTIVE="1" /><HOUSE ID="126738925" OBJECTID="165117064" OBJECTGUID="33e14ada-077c-4507-bf47-d06e4f2818f7" CHANGEID="600737962" HOUSENUM="2" HOUSETYPE="2" OPERTYPEID="10" PREVID="0" NEXTID="0" UPDATEDATE="2024-09-09" STARTDATE="2024-09-09" ENDDATE="2079-06-06" ISACTUAL="1" ISACTIVE="1" /><HOUSE ID="126738926" OBJECTID="165117066" OBJECTGUID="4dc70f99-cf46-4c9b-bd3a-9b01d923a8e0" CHANGEID="600737965" HOUSENUM="5" HOUSETYPE="2" OPERTYPEID="10" PREVID="0" NEXTID="0" UPDATEDATE="2024-09-09" STARTDATE="2024-09-09" ENDDATE="2079-06-06" ISACTUAL="1" ISACTIVE="1" /><HOUSE ID="126738968" OBJECTID="165117490" OBJECTGUID="cd9cc358-3775-47f6-ad16-25ecd693e955" CHANGEID="600738780" HOUSENUM="124" HOUSETYPE="2" OPERTYPEID="10" PREVID="0" NEXTID="0" UPDATEDATE="2024-09-09" STARTDATE="2024-09-09" ENDDATE="2079-06-06" ISACTUAL="1" ISACTIVE="1" /><HOUSE ID="126738969" OBJECTID="165117493" OBJECTGUID="fdbbb65b-8247-44c8-ae59-b567ea2866ed" CHANGEID="600738784" HOUSENUM="20" HOUSETYPE="2" OPERTYPEID="10" PREVID="0" NEXTID="0" UPDATEDATE="2024-09-09" STARTDATE="2024-09-09" ENDDATE="2079-06-06" ISACTUAL="1" ISACTIVE="1" /><HOUSE ID="126738970" OBJECTID="165117496" OBJECTGUID="f477c7c8-fa6f-4492-895c-2afbfabc4abe" CHANGEID="600738799" HOUSENUM="8" HOUSETYPE="2" OPERTYPEID="10" PREVID="0" NEXTID="0" UPDATEDATE="2024-09-09" STARTDATE="2024-09-09" ENDDATE="2079-06-06" ISACTUAL="1" ISACTIVE="1" /><HOUSE ID="126738985" OBJECTID="165117885" OBJECTGUID="df128719-7908-441d-b84e-dab9e41d97f7" CHANGEID="600739435" HOUSENUM="12В" HOUSETYPE="2" OPERTYPEID="10" PREVID="0" NEXTID="0" UPDATEDATE="2024-09-09" STARTDATE="2024-09-09" ENDDATE="2079-06-06" ISACTUAL="1" ISACTIVE="1" /><HOUSE ID="126738986" OBJECTID="165117888" OBJECTGUID="a610e454-8b6c-4561-8c96-5d09becbc57d" CHANGEID="600739441" HOUSENUM="2а" HOUSETYPE="2" OPERTYPEID="10" PREVID="0" NEXTID="0" UPDATEDATE="2024-09-09" STARTDATE="2024-09-09" ENDDATE="2079-06-06" ISACTUAL="1" ISACTIVE="1" /><HOUSE ID="126738987" OBJECTID="165117889" OBJECTGUID="b210a091-2146-4670-9f46-c852a65bccd1" CHANGEID="600739442" HOUSENUM="2б" HOUSETYPE="2" OPERTYPEID="10" PREVID="0" NEXTID="0" UPDATEDATE="2024-09-09" STARTDATE="2024-09-09" ENDDATE="2079-06-06" ISACTUAL="1" ISACTIVE="1" /><HOUSE ID="126738991" OBJECTID="165117894" OBJECTGUID="121dc2f2-7892-453f-961f-33485331bcdb" CHANGEID="600739449" HOUSENUM="9" HOUSETYPE="2" OPERTYPEID="10" PREVID="0" NEXTID="0" UPDATEDATE="2024-09-09" STARTDATE="2024-09-09" ENDDATE="2079-06-06" ISACTUAL="1" ISACTIVE="1" /><HOUSE ID="126739056" OBJECTID="165118671" OBJECTGUID="60b6a65d-fe80-4444-85d3-7e132680f1f7" CHANGEID="600740512" HOUSENUM="12" HOUSETYPE="2" OPERTYPEID="10" PREVID="0" NEXTID="0" UPDATEDATE="2024-09-09" STARTDATE="2024-09-09" ENDDATE="2079-06-06" ISACTUAL="1" ISACTIVE="1" /><HOUSE ID="126739058" OBJECTID="165118676" OBJECTGUID="00ff03d3-cf8e-4faa-94a5-1f3cc590fe28" CHANGEID="600740519" HOUSENUM="20" HOUSETYPE="2" OPERTYPEID="10" PREVID="0" NEXTID="0" UPDATEDATE="2024-09-09" STARTDATE="2024-09-09" ENDDATE="2079-06-06" ISACTUAL="1" ISACTIVE="1" /><HOUSE ID="126739061" OBJECTID="165118680" OBJECTGUID="7a8df8db-a62b-4fee-ae9c-30f1c617a014" CHANGEID="600740524" HOUSENUM="11А" HOUSETYPE="2" OPERTYPEID="10" PREVID="0" NEXTID="0" UPDATEDATE="2024-09-09" STARTDATE="2024-09-09" ENDDATE="2079-06-06" ISACTUAL="1" ISACTIVE="1" /><HOUSE ID="126739064" OBJECTID="165118683" OBJECTGUID="57f066c9-ad47-4695-a476-a1d48932c35b" CHANGEID="600740527" HOUSENUM="34" HOUSETYPE="2" OPERTYPEID="10" PREVID="0" NEXTID="0" UPDATEDATE="2024-09-09" STARTDATE="2024-09-09" ENDDATE="2079-06-06" ISACTUAL="1" ISACTIVE="1" /><HOUSE ID="126739067" OBJECTID="165118688" OBJECTGUID="080b75aa-d6cf-47fb-9824-653edf0698b4" CHANGEID="600740533" HOUSENUM="4" HOUSETYPE="2" OPERTYPEID="10" PREVID="0" NEXTID="0" UPDATEDATE="2024-09-09" STARTDATE="2024-09-09" ENDDATE="2079-06-06" ISACTUAL="1" ISACTIVE="1" /><HOUSE ID="126739068" OBJECTID="165118692" OBJECTGUID="9a642fe1-9400-411a-8155-18b26eed45fa" CHANGEID="600740541" HOUSENUM="51" ADDNUM1="3" HOUSETYPE="5" ADDTYPE1="1" OPERTYPEID="10" PREVID="0" NEXTID="0" UPDATEDATE="2024-09-09" STARTDATE="2024-09-09" ENDDATE="2079-06-06" ISACTUAL="1" ISACTIVE="1" /><HOUSE ID="126739070" OBJECTID="165118694" OBJECTGUID="77c2948d-2489-4e6b-aeb7-d61bc9d9d65c" CHANGEID="600740545" HOUSENUM="6" HOUSETYPE="2" OPERTYPEID="10" PREVID="0" NEXTID="0" UPDATEDATE="2024-09-09" STARTDATE="2024-09-09" ENDDATE="2079-06-06" ISACTUAL="1" ISACTIVE="1" /><HOUSE ID="126739063" OBJECTID="165118682" OBJECTGUID="6593db2c-58c9-4de2-ab00-4126d0dd9f5e" CHANGEID="600740526" HOUSENUM="11Б" HOUSETYPE="2" OPERTYPEID="10" PREVID="0" NEXTID="0" UPDATEDATE="2024-09-09" STARTDATE="2024-09-09" ENDDATE="2079-06-06" ISACTUAL="1" ISACTIVE="1" /><HOUSE ID="126739388" OBJECTID="165120229" OBJECTGUID="aca57e73-0924-44bd-a61c-6657a23839b9" CHANGEID="600742837" HOUSENUM="17" HOUSETYPE="8" OPERTYPEID="10" PREVID="0" NEXTID="0" UPDATEDATE="2024-09-09" STARTDATE="2024-09-09" ENDDATE="2079-06-06" ISACTUAL="1" ISACTIVE="1" /><HOUSE ID="126739390" OBJECTID="165120235" OBJECTGUID="518e18da-c2fc-41e1-a7ae-8175b039ac9a" CHANGEID="600742843" HOUSENUM="27" HOUSETYPE="2" OPERTYPEID="10" PREVID="0" NEXTID="0" UPDATEDATE="2024-09-09" STARTDATE="2024-09-09" ENDDATE="2079-06-06" ISACTUAL="1" ISACTIVE="1" /><HOUSE ID="8361850" OBJECTID="14908546" OBJECTGUID="c01272cb-46ce-4d4f-bbc7-01a7dcf8754c" CHANGEID="23795225" HOUSENUM="7/1" HOUSETYPE="2" OPERTYPEID="20" PREVID="8361446" NEXTID="126739411" UPDATEDATE="2024-09-09" STARTDATE="2019-03-22" ENDDATE="2024-09-09" ISACTUAL="0" ISACTIVE="0" /><HOUSE ID="126739411" OBJECTID="14908546" OBJECTGUID="c01272cb-46ce-4d4f-bbc7-01a7dcf8754c" CHANGEID="600743005" HOUSENUM="7" HOUSETYPE="2" OPERTYPEID="40" PREVID="8361850" UPDATEDATE="2024-09-09" STARTDATE="2024-09-09" ENDDATE="2079-06-06" ISACTUAL="1" ISACTIVE="1" /><HOUSE ID="8311093" OBJECTID="14831894" OBJECTGUID="69216512-f8d4-4aa2-b866-ff0b94919477" CHANGEID="23678395" HOUSENUM="7/2" HOUSETYPE="2" OPERTYPEID="20" PREVID="8311087" NEXTID="126739412" UPDATEDATE="2024-09-09" STARTDATE="2019-03-22" ENDDATE="2024-09-09" ISACTUAL="0" ISACTIVE="0" /><HOUSE ID="126739412" OBJECTID="14831894" OBJECTGUID="69216512-f8d4-4aa2-b866-ff0b94919477" CHANGEID="600743006" HOUSENUM="7/2" HOUSETYPE="2" OPERTYPEID="42" PREVID="8311093" NEXTID="126739411" UPDATEDATE="2024-09-09" STARTDATE="2024-09-09" ENDDATE="2079-06-06" ISACTUAL="1" ISACTIVE="0" /><HOUSE ID="27804960" OBJECTID="46518032" OBJECTGUID="bd7f8610-beb6-4564-ac32-47c34cadb912" CHANGEID="70015010" HOUSENUM="15/1" HOUSETYPE="2" OPERTYPEID="20" PREVID="27804741" NEXTID="126739414" UPDATEDATE="2024-09-09" STARTDATE="2019-03-18" ENDDATE="2024-09-09" ISACTUAL="0" ISACTIVE="0" /><HOUSE ID="126739414" OBJECTID="46518032" OBJECTGUID="bd7f8610-beb6-4564-ac32-47c34cadb912" CHANGEID="600743014" HOUSENUM="15" HOUSETYPE="2" OPERTYPEID="40" PREVID="27804960" UPDATEDATE="2024-09-09" STARTDATE="2024-09-09" ENDDATE="2079-06-06" ISACTUAL="1" ISACTIVE="1" /><HOUSE ID="126739415" OBJECTID="46516935" OBJECTGUID="ff7963d1-1325-49da-a472-35c03cdffea7" CHANGEID="600743015" HOUSENUM="15/2" HOUSETYPE="2" OPERTYPEID="42" PREVID="27804091" NEXTID="126739414" UPDATEDATE="2024-09-09" STARTDATE="2024-09-09" ENDDATE="2079-06-06" ISACTUAL="1" ISACTIVE="0" /><HOUSE ID="8263330" OBJECTID="14760724" OBJECTGUID="76d45b42-7274-4751-afa5-313fecca4e64" CHANGEID="23570997" HOUSENUM="5/1" HOUSETYPE="2" OPERTYPEID="20" PREVID="8263322" NEXTID="126739409" UPDATEDATE="2024-09-09" STARTDATE="2019-03-22" ENDDATE="2024-09-09" ISACTUAL="0" ISACTIVE="0" /><HOUSE ID="126739409" OBJECTID="14760724" OBJECTGUID="76d45b42-7274-4751-afa5-313fecca4e64" CHANGEID="600743001" HOUSENUM="5" HOUSETYPE="2" OPERTYPEID="40" PREVID="8263330" UPDATEDATE="2024-09-09" STARTDATE="2024-09-09" ENDDATE="2079-06-06" ISACTUAL="1" ISACTIVE="1" /><HOUSE ID="8295983" OBJECTID="14809685" OBJECTGUID="636c28a2-6653-4160-b195-cd0f7ad258ee" CHANGEID="23644947" HOUSENUM="5/2" HOUSETYPE="2" OPERTYPEID="20" PREVID="8295980" NEXTID="126739410" UPDATEDATE="2024-09-09" STARTDATE="2019-03-22" ENDDATE="2024-09-09" ISACTUAL="0" ISACTIVE="0" /><HOUSE ID="126739410" OBJECTID="14809685" OBJECTGUID="636c28a2-6653-4160-b195-cd0f7ad258ee" CHANGEID="600743002" HOUSENUM="5/2" HOUSETYPE="2" OPERTYPEID="42" PREVID="8295983" NEXTID="126739409" UPDATEDATE="2024-09-09" STARTDATE="2024-09-09" ENDDATE="2079-06-06" ISACTUAL="1" ISACTIVE="0" /><HOUSE ID="126739750" OBJECTID="165121012" OBJECTGUID="01ad1a0a-4d1e-4bca-8d11-2103fc77d006" CHANGEID="600744598" HOUSENUM="35" HOUSETYPE="2" OPERTYPEID="10" PREVID="0" NEXTID="0" UPDATEDATE="2024-09-09" STARTDATE="2024-09-09" ENDDATE="2079-06-06" ISACTUAL="1" ISACTIVE="1" /><HOUSE ID="126739772" OBJECTID="165121078" OBJECTGUID="8fe734ed-eee3-418e-87b3-25607edbf3e4" CHANGEID="600744706" HOUSENUM="52" HOUSETYPE="2" OPERTYPEID="10" PREVID="0" NEXTID="0" UPDATEDATE="2024-09-09" STARTDATE="2024-09-09" ENDDATE="2079-06-06" ISACTUAL="1" ISACTIVE="1" /><HOUSE ID="126739745" OBJECTID="165120998" OBJECTGUID="44288921-d7b8-433a-8cd3-d10151e3271a" CHANGEID="600744566" HOUSENUM="11а" HOUSETYPE="2" OPERTYPEID="10" PREVID="0" NEXTID="0" UPDATEDATE="2024-09-09" STARTDATE="2024-09-09" ENDDATE="2079-06-06" ISACTUAL="1" ISACTIVE="1" /><HOUSE ID="126739760" OBJECTID="165121050" OBJECTGUID="bf88492e-e0e2-47c5-9248-8d31c7fb4a25" CHANGEID="600744664" HOUSENUM="14" HOUSETYPE="2" OPERTYPEID="10" PREVID="0" NEXTID="0" UPDATEDATE="2024-09-09" STARTDATE="2024-09-09" ENDDATE="2079-06-06" ISACTUAL="1" ISACTIVE="1" /><HOUSE ID="126739762" OBJECTID="165121055" OBJECTGUID="d5e14533-1539-43b9-945d-390bda60ec0d" CHANGEID="600744670" HOUSENUM="95Г" HOUSETYPE="2" OPERTYPEID="10" PREVID="0" NEXTID="0" UPDATEDATE="2024-09-09" STARTDATE="2024-09-09" ENDDATE="2079-06-06" ISACTUAL="1" ISACTIVE="1" /><HOUSE ID="126739771" OBJECTID="165121075" OBJECTGUID="8b7bb5c3-6cc5-42d5-a6fd-a9ea58782455" CHANGEID="600744699" HOUSENUM="18а" HOUSETYPE="2" OPERTYPEID="10" PREVID="0" NEXTID="0" UPDATEDATE="2024-09-09" STARTDATE="2024-09-09" ENDDATE="2079-06-06" ISACTUAL="1" ISACTIVE="1" /><HOUSE ID="126740156" OBJECTID="165122315" OBJECTGUID="d70aa5df-8312-42aa-9717-8ed681882a9c" CHANGEID="600746481" HOUSENUM="75Б" HOUSETYPE="2" OPERTYPEID="10" PREVID="0" NEXTID="0" UPDATEDATE="2024-09-09" STARTDATE="2024-09-09" ENDDATE="2079-06-06" ISACTUAL="1" ISACTIVE="1" /><HOUSE ID="126740157" OBJECTID="165122337" OBJECTGUID="ecc50c15-5fb4-4efc-b394-e442f1f5cf05" CHANGEID="600746586" HOUSENUM="4" HOUSETYPE="2" OPERTYPEID="10" PREVID="0" NEXTID="0" UPDATEDATE="2024-09-09" STARTDATE="2024-09-09" ENDDATE="2079-06-06" ISACTUAL="1" ISACTIVE="1" /><HOUSE ID="126740165" OBJECTID="165122357" OBJECTGUID="fbcf91ac-83d1-40f2-8db9-118fde76fb65" CHANGEID="600746705" HOUSENUM="17А" HOUSETYPE="2" OPERTYPEID="10" PREVID="0" NEXTID="0" UPDATEDATE="2024-09-09" STARTDATE="2024-09-09" ENDDATE="2079-06-06" ISACTUAL="1" ISACTIVE="1" /><HOUSE ID="126740166" OBJECTID="165122359" OBJECTGUID="a3aade8d-aaac-4e4f-b29e-ade3f2191c88" CHANGEID="600746709" HOUSENUM="11б" HOUSETYPE="2" OPERTYPEID="10" PREVID="0" NEXTID="0" UPDATEDATE="2024-09-09" STARTDATE="2024-09-09" ENDDATE="2079-06-06" ISACTUAL="1" ISACTIVE="1" /><HOUSE ID="126740513" OBJECTID="165124967" OBJECTGUID="f51ee66a-790d-456d-ab3a-16283ad5614f" CHANGEID="600749988" HOUSENUM="27" HOUSETYPE="2" OPERTYPEID="10" PREVID="0" NEXTID="0" UPDATEDATE="2024-09-09" STARTDATE="2024-09-09" ENDDATE="2079-06-06" ISACTUAL="1" ISACTIVE="1" /><HOUSE ID="126741227" OBJECTID="165128559" OBJECTGUID="cca13cf5-9056-4c61-ae21-a3d352dd7445" CHANGEID="600756047" HOUSENUM="26/2" HOUSETYPE="2" OPERTYPEID="10" PREVID="0" NEXTID="0" UPDATEDATE="2024-09-09" STARTDATE="2024-09-09" ENDDATE="2079-06-06" ISACTUAL="1" ISACTIVE="1" /><HOUSE ID="126741955" OBJECTID="165132088" OBJECTGUID="fdfa9b3c-f3e7-4072-83ee-4166cc6a01df" CHANGEID="600761667" HOUSENUM="26/3" HOUSETYPE="2" OPERTYPEID="10" PREVID="0" NEXTID="0" UPDATEDATE="2024-09-09" STARTDATE="2024-09-09" ENDDATE="2079-06-06" ISACTUAL="1" ISACTIVE="1" /><HOUSE ID="126742251" OBJECTID="165133734" OBJECTGUID="75eb46e2-5bd6-4aaf-88b5-c0900dea525c" CHANGEID="600764011" HOUSENUM="24" HOUSETYPE="2" OPERTYPEID="10" PREVID="0" NEXTID="0" UPDATEDATE="2024-09-09" STARTDATE="2024-09-09" ENDDATE="2079-06-06" ISACTUAL="1" ISACTIVE="1" /><HOUSE ID="126742246" OBJECTID="165133709" OBJECTGUID="34d41870-7dca-4a66-bb56-d94389aaea37" CHANGEID="600763945" HOUSENUM="31" HOUSETYPE="2" OPERTYPEID="10" PREVID="0" NEXTID="0" UPDATEDATE="2024-09-09" STARTDATE="2024-09-09" ENDDATE="2079-06-06" ISACTUAL="1" ISACTIVE="1" /><HOUSE ID="126742336" OBJECTID="165134436" OBJECTGUID="5558236f-fa74-49fe-a17e-a1771f642a4a" CHANGEID="600764904" HOUSENUM="40" HOUSETYPE="2" OPERTYPEID="10" PREVID="0" NEXTID="0" UPDATEDATE="2024-09-09" STARTDATE="2024-09-09" ENDDATE="2079-06-06" ISACTUAL="1" ISACTIVE="1" /><HOUSE ID="126742338" OBJECTID="165134443" OBJECTGUID="fd155e9e-b5aa-4acb-9193-eed2738c91bb" CHANGEID="600764926" HOUSENUM="53" HOUSETYPE="2" OPERTYPEID="10" PREVID="0" NEXTID="0" UPDATEDATE="2024-09-09" STARTDATE="2024-09-09" ENDDATE="2079-06-06" ISACTUAL="1" ISACTIVE="1" /><HOUSE ID="126742342" OBJECTID="165134509" OBJECTGUID="6d55b883-fd0b-4101-8d60-cb4ce087ad3d" CHANGEID="600765006" HOUSENUM="51" HOUSETYPE="2" OPERTYPEID="10" PREVID="0" NEXTID="0" UPDATEDATE="2024-09-09" STARTDATE="2024-09-09" ENDDATE="2079-06-06" ISACTUAL="1" ISACTIVE="1" /><HOUSE ID="126742404" OBJECTID="165135098" OBJECTGUID="74f6d8e8-1575-4d83-a7fc-e58149ff5a31" CHANGEID="600765757" HOUSENUM="25" HOUSETYPE="2" OPERTYPEID="10" PREVID="0" NEXTID="0" UPDATEDATE="2024-09-09" STARTDATE="2024-09-09" ENDDATE="2079-06-06" ISACTUAL="1" ISACTIVE="1" /><HOUSE ID="126742576" OBJECTID="165136241" OBJECTGUID="c9f82f24-3bcb-4ec3-b6f1-fe01536d939b" CHANGEID="600767228" HOUSENUM="19" HOUSETYPE="2" OPERTYPEID="10" PREVID="0" NEXTID="0" UPDATEDATE="2024-09-09" STARTDATE="2024-09-09" ENDDATE="2079-06-06" ISACTUAL="1" ISACTIVE="1" /><HOUSE ID="126742585" OBJECTID="165136274" OBJECTGUID="fbee2b9d-2eeb-4543-b5b6-1bebbaab0865" CHANGEID="600767293" HOUSENUM="33" HOUSETYPE="2" OPERTYPEID="10" PREVID="0" NEXTID="0" UPDATEDATE="2024-09-09" STARTDATE="2024-09-09" ENDDATE="2079-06-06" ISACTUAL="1" ISACTIVE="1" /><HOUSE ID="126742589" OBJECTID="165136288" OBJECTGUID="59dc4417-24ed-491f-b9d1-3a8c3c33e3d7" CHANGEID="600767332" HOUSENUM="41" HOUSETYPE="2" OPERTYPEID="10" PREVID="0" NEXTID="0" UPDATEDATE="2024-09-09" STARTDATE="2024-09-09" ENDDATE="2079-06-06" ISACTUAL="1" ISACTIVE="1" /><HOUSE ID="126742594" OBJECTID="165136403" OBJECTGUID="87845f0f-d655-44d3-8853-882a2f1353c9" CHANGEID="600767475" HOUSENUM="47" HOUSETYPE="2" OPERTYPEID="10" PREVID="0" NEXTID="0" UPDATEDATE="2024-09-09" STARTDATE="2024-09-09" ENDDATE="2079-06-06" ISACTUAL="1" ISACTIVE="1" /><HOUSE ID="126742604" OBJECTID="165136478" OBJECTGUID="7aba84bb-617e-4539-aa72-0683e7520de0" CHANGEID="600767624" HOUSENUM="16А" HOUSETYPE="2" OPERTYPEID="10" PREVID="0" NEXTID="0" UPDATEDATE="2024-09-09" STARTDATE="2024-09-09" ENDDATE="2079-06-06" ISACTUAL="1" ISACTIVE="1" /><HOUSE ID="126742628" OBJECTID="165136675" OBJECTGUID="da5c547a-ea1d-4d9a-a2ea-ef01fe31c095" CHANGEID="600767906" HOUSENUM="27" HOUSETYPE="2" OPERTYPEID="10" PREVID="0" NEXTID="0" UPDATEDATE="2024-09-09" STARTDATE="2024-09-09" ENDDATE="2079-06-06" ISACTUAL="1" ISACTIVE="1" /><HOUSE ID="126742640" OBJECTID="165136749" OBJECTGUID="8ff641ee-bddd-42a5-976e-ebae2ffec28d" CHANGEID="600768057" HOUSENUM="2" HOUSETYPE="2" OPERTYPEID="10" PREVID="0" NEXTID="0" UPDATEDATE="2024-09-09" STARTDATE="2024-09-09" ENDDATE="2079-06-06" ISACTUAL="1" ISACTIVE="1" /><HOUSE ID="126742679" OBJECTID="165136809" OBJECTGUID="4ea10a0f-0051-4c03-ac99-9d68a573ff94" CHANGEID="600768204" HOUSENUM="7" HOUSETYPE="2" OPERTYPEID="10" PREVID="0" NEXTID="0" UPDATEDATE="2024-09-09" STARTDATE="2024-09-09" ENDDATE="2079-06-06" ISACTUAL="1" ISACTIVE="1" /><HOUSE ID="126742597" OBJECTID="165136448" OBJECTGUID="db233000-629a-4cd1-86d0-c16225cd0a5b" CHANGEID="600767560" HOUSENUM="35" HOUSETYPE="2" OPERTYPEID="10" PREVID="0" NEXTID="0" UPDATEDATE="2024-09-09" STARTDATE="2024-09-09" ENDDATE="2079-06-06" ISACTUAL="1" ISACTIVE="1" /><HOUSE ID="126742605" OBJECTID="165136479" OBJECTGUID="905cd9e6-b3c2-4fd7-b8f7-9df8073c306d" CHANGEID="600767625" HOUSENUM="6" HOUSETYPE="2" OPERTYPEID="10" PREVID="0" NEXTID="0" UPDATEDATE="2024-09-09" STARTDATE="2024-09-09" ENDDATE="2079-06-06" ISACTUAL="1" ISACTIVE="1" /><HOUSE ID="126742623" OBJECTID="165136661" OBJECTGUID="2bf52e5b-bab3-455c-b2cc-0720f7d72e1b" CHANGEID="600767869" HOUSENUM="29" HOUSETYPE="2" OPERTYPEID="10" PREVID="0" NEXTID="0" UPDATEDATE="2024-09-09" STARTDATE="2024-09-09" ENDDATE="2079-06-06" ISACTUAL="1" ISACTIVE="1" /><HOUSE ID="126742645" OBJECTID="165136767" OBJECTGUID="ef67ae9c-41b7-4b02-8070-513d2092d7ea" CHANGEID="600768096" HOUSENUM="48" HOUSETYPE="2" OPERTYPEID="10" PREVID="0" NEXTID="0" UPDATEDATE="2024-09-09" STARTDATE="2024-09-09" ENDDATE="2079-06-06" ISACTUAL="1" ISACTIVE="1" /><HOUSE ID="126742672" OBJECTID="165136791" OBJECTGUID="baacfea0-41b0-42e7-8fe5-c3f29cd2e6da" CHANGEID="600768164" HOUSENUM="6" HOUSETYPE="2" OPERTYPEID="10" PREVID="0" NEXTID="0" UPDATEDATE="2024-09-09" STARTDATE="2024-09-09" ENDDATE="2079-06-06" ISACTUAL="1" ISACTIVE="1" /><HOUSE ID="126743614" OBJECTID="165137691" OBJECTGUID="813b6784-8636-4092-9a9f-e8120e345c20" CHANGEID="600770761" HOUSENUM="230" HOUSETYPE="2" OPERTYPEID="10" PREVID="0" NEXTID="0" UPDATEDATE="2024-09-09" STARTDATE="2024-09-09" ENDDATE="2079-06-06" ISACTUAL="1" ISACTIVE="1" /><HOUSE ID="126743638" OBJECTID="165137718" OBJECTGUID="b5e9f639-7235-40ad-aa78-cd9f1487cbf3" CHANGEID="600770818" HOUSENUM="104" HOUSETYPE="2" OPERTYPEID="10" PREVID="0" NEXTID="0" UPDATEDATE="2024-09-09" STARTDATE="2024-09-09" ENDDATE="2079-06-06" ISACTUAL="1" ISACTIVE="1" /><HOUSE ID="126743640" OBJECTID="165137721" OBJECTGUID="e3c45156-9d9e-44d7-8010-4cc38009fd31" CHANGEID="600770836" HOUSENUM="90" HOUSETYPE="7" OPERTYPEID="10" PREVID="0" NEXTID="0" UPDATEDATE="2024-09-09" STARTDATE="2024-09-09" ENDDATE="2079-06-06" ISACTUAL="1" ISACTIVE="1" /><HOUSE ID="126743641" OBJECTID="165137722" OBJECTGUID="9c332e3f-708f-4dc2-b319-17f2aaecbf85" CHANGEID="600770839" HOUSENUM="70" HOUSETYPE="2" OPERTYPEID="10" PREVID="0" NEXTID="0" UPDATEDATE="2024-09-09" STARTDATE="2024-09-09" ENDDATE="2079-06-06" ISACTUAL="1" ISACTIVE="1" /><HOUSE ID="126743645" OBJECTID="165137734" OBJECTGUID="23a93511-3868-479c-951d-f8278dd3ce69" CHANGEID="600770855" HOUSENUM="153" HOUSETYPE="2" OPERTYPEID="10" PREVID="0" NEXTID="0" UPDATEDATE="2024-09-09" STARTDATE="2024-09-09" ENDDATE="2079-06-06" ISACTUAL="1" ISACTIVE="1" /><HOUSE ID="126743652" OBJECTID="165137781" OBJECTGUID="57a4f1d6-c66f-487f-bc97-2e1252930d42" CHANGEID="600770933" HOUSENUM="64" HOUSETYPE="2" OPERTYPEID="10" PREVID="0" NEXTID="0" UPDATEDATE="2024-09-09" STARTDATE="2024-09-09" ENDDATE="2079-06-06" ISACTUAL="1" ISACTIVE="1" /><HOUSE ID="126743667" OBJECTID="165137909" OBJECTGUID="ea243498-8529-4758-9399-f208042a6518" CHANGEID="600771103" HOUSENUM="134" HOUSETYPE="2" OPERTYPEID="10" PREVID="0" NEXTID="0" UPDATEDATE="2024-09-09" STARTDATE="2024-09-09" ENDDATE="2079-06-06" ISACTUAL="1" ISACTIVE="1" /><HOUSE ID="126743670" OBJECTID="165137922" OBJECTGUID="5b2fc068-5e64-4435-bf5f-358f1793cd75" CHANGEID="600771129" HOUSENUM="148" HOUSETYPE="2" OPERTYPEID="10" PREVID="0" NEXTID="0" UPDATEDATE="2024-09-09" STARTDATE="2024-09-09" ENDDATE="2079-06-06" ISACTUAL="1" ISACTIVE="1" /><HOUSE ID="126743674" OBJECTID="165137935" OBJECTGUID="52fcff25-46c9-40a2-9172-8afcaa07cc8a" CHANGEID="600771159" HOUSENUM="270" HOUSETYPE="2" OPERTYPEID="10" PREVID="0" NEXTID="0" UPDATEDATE="2024-09-09" STARTDATE="2024-09-09" ENDDATE="2079-06-06" ISACTUAL="1" ISACTIVE="1" /><HOUSE ID="126743649" OBJECTID="165137762" OBJECTGUID="9ad80893-0ca4-43b8-9014-09f3ecb821b8" CHANGEID="600770898" HOUSENUM="123" HOUSETYPE="2" OPERTYPEID="10" PREVID="0" NEXTID="0" UPDATEDATE="2024-09-09" STARTDATE="2024-09-09" ENDDATE="2079-06-06" ISACTUAL="1" ISACTIVE="1" /><HOUSE ID="126743650" OBJECTID="165137779" OBJECTGUID="934a286f-fcdd-4dfa-a488-7495d0f7a66f" CHANGEID="600770926" HOUSENUM="100" HOUSETYPE="2" OPERTYPEID="10" PREVID="0" NEXTID="0" UPDATEDATE="2024-09-09" STARTDATE="2024-09-09" ENDDATE="2079-06-06" ISACTUAL="1" ISACTIVE="1" /><HOUSE ID="126743662" OBJECTID="165137896" OBJECTGUID="74fb1f6d-6120-4fc4-a101-61f898a6cbf3" CHANGEID="600771069" HOUSENUM="124" HOUSETYPE="2" OPERTYPEID="10" PREVID="0" NEXTID="0" UPDATEDATE="2024-09-09" STARTDATE="2024-09-09" ENDDATE="2079-06-06" ISACTUAL="1" ISACTIVE="1" /><HOUSE ID="126743676" OBJECTID="165137944" OBJECTGUID="4440b7c6-78f1-47e4-99e3-6a6f19a01284" CHANGEID="600771182" HOUSENUM="276" HOUSETYPE="2" OPERTYPEID="10" PREVID="0" NEXTID="0" UPDATEDATE="2024-09-09" STARTDATE="2024-09-09" ENDDATE="2079-06-06" ISACTUAL="1" ISACTIVE="1" /><HOUSE ID="126744353" OBJECTID="165139192" OBJECTGUID="a6b08304-7b31-48ce-ae72-dfc975031838" CHANGEID="600772778" HOUSENUM="12" HOUSETYPE="2" OPERTYPEID="10" PREVID="0" NEXTID="0" UPDATEDATE="2024-09-09" STARTDATE="2024-09-09" ENDDATE="2079-06-06" ISACTUAL="1" ISACTIVE="1" /><HOUSE ID="55592941" OBJECTID="70779070" OBJECTGUID="3b72b881-fd8f-46ab-86a8-655da4287b7e" CHANGEID="105454401" HOUSENUM="32н" HOUSETYPE="2" OPERTYPEID="20" PREVID="42696331" NEXTID="126744357" UPDATEDATE="2024-09-09" STARTDATE="2019-11-11" ENDDATE="2024-09-09" ISACTUAL="0" ISACTIVE="0" /><HOUSE ID="126744357" OBJECTID="70779070" OBJECTGUID="3b72b881-fd8f-46ab-86a8-655da4287b7e" CHANGEID="600772797" HOUSENUM="32Н" HOUSETYPE="2" OPERTYPEID="20" PREVID="55592941" UPDATEDATE="2024-09-09" STARTDATE="2024-09-09" ENDDATE="2079-06-06" ISACTUAL="1" ISACTIVE="1" /><HOUSE ID="126744381" OBJECTID="165139261" OBJECTGUID="c6783fa0-dfdc-4c66-97fa-4d22705fdbbd" CHANGEID="600772901" HOUSENUM="15" HOUSETYPE="2" OPERTYPEID="10" PREVID="0" NEXTID="0" UPDATEDATE="2024-09-09" STARTDATE="2024-09-09" ENDDATE="2079-06-06" ISACTUAL="1" ISACTIVE="1" /><HOUSE ID="126744410" OBJECTID="165139297" OBJECTGUID="b8659b0a-5c68-4cd7-a6e2-a0075cc12c90" CHANGEID="600772968" HOUSENUM="9" HOUSETYPE="2" OPERTYPEID="10" PREVID="0" NEXTID="0" UPDATEDATE="2024-09-09" STARTDATE="2024-09-09" ENDDATE="2079-06-06" ISACTUAL="1" ISACTIVE="1" /><HOUSE ID="126744722" OBJECTID="165140336" OBJECTGUID="0892a177-c0b9-4b65-8ad1-249b92ad7e01" CHANGEID="600774855" HOUSENUM="9" HOUSETYPE="2" OPERTYPEID="10" PREVID="0" NEXTID="0" UPDATEDATE="2024-09-09" STARTDATE="2024-09-09" ENDDATE="2079-06-06" ISACTUAL="1" ISACTIVE="1" /><HOUSE ID="126744767" OBJECTID="165140490" OBJECTGUID="1be884f5-831d-4894-bb5b-cddf08fa3b06" CHANGEID="600775106" HOUSENUM="22" HOUSETYPE="2" OPERTYPEID="10" PREVID="0" NEXTID="0" UPDATEDATE="2024-09-09" STARTDATE="2024-09-09" ENDDATE="2079-06-06" ISACTUAL="1" ISACTIVE="1" /><HOUSE ID="126744779" OBJECTID="165140591" OBJECTGUID="86954c32-5bef-4d9d-a774-9638eab454b8" CHANGEID="600775247" HOUSENUM="4А" HOUSETYPE="2" OPERTYPEID="10" PREVID="0" NEXTID="0" UPDATEDATE="2024-09-09" STARTDATE="2024-09-09" ENDDATE="2079-06-06" ISACTUAL="1" ISACTIVE="1" /><HOUSE ID="126745151" OBJECTID="165141678" OBJECTGUID="2948849f-c3f4-4ffd-b8e6-fc0a028108cc" CHANGEID="600777034" HOUSENUM="23/5" HOUSETYPE="4" OPERTYPEID="10" PREVID="0" NEXTID="0" UPDATEDATE="2024-09-09" STARTDATE="2024-09-09" ENDDATE="2079-06-06" ISACTUAL="1" ISACTIVE="1" /><HOUSE ID="126745173" OBJECTID="165141766" OBJECTGUID="c667bb9d-53b5-4418-bd32-560ca65a5635" CHANGEID="600777174" HOUSENUM="5" HOUSETYPE="2" OPERTYPEID="10" PREVID="0" NEXTID="0" UPDATEDATE="2024-09-09" STARTDATE="2024-09-09" ENDDATE="2079-06-06" ISACTUAL="1" ISACTIVE="1" /><HOUSE ID="126745133" OBJECTID="75990738" OBJECTGUID="ec83eae2-20e7-4996-b225-738ad3c6a878" CHANGEID="600776899" HOUSENUM="9" HOUSETYPE="2" OPERTYPEID="30" PREVID="68133666" NEXTID="0" UPDATEDATE="2024-09-09" STARTDATE="2024-09-09" ENDDATE="2079-06-06" ISACTUAL="1" ISACTIVE="0" /><HOUSE ID="68133666" OBJECTID="75990738" OBJECTGUID="ec83eae2-20e7-4996-b225-738ad3c6a878" CHANGEID="113039062" HOUSENUM="9" HOUSETYPE="2" OPERTYPEID="20" PREVID="45894548" NEXTID="126745133" UPDATEDATE="2024-09-09" STARTDATE="2019-07-13" ENDDATE="2024-09-09" ISACTUAL="0" ISACTIVE="0" /><HOUSE ID="126745157" OBJECTID="165141713" OBJECTGUID="b1d3c758-2337-43eb-bfff-4c7d71b3ace1" CHANGEID="600777079" HOUSENUM="9/1" HOUSETYPE="2" OPERTYPEID="10" PREVID="0" NEXTID="0" UPDATEDATE="2024-09-09" STARTDATE="2024-09-09" ENDDATE="2079-06-06" ISACTUAL="1" ISACTIVE="1" /><HOUSE ID="126745540" OBJECTID="165142775" OBJECTGUID="5cd92a6f-f7f9-4d8f-ad0c-706868162107" CHANGEID="600779384" HOUSENUM="56" HOUSETYPE="2" OPERTYPEID="10" PREVID="0" NEXTID="0" UPDATEDATE="2024-09-09" STARTDATE="2024-09-09" ENDDATE="2079-06-06" ISACTUAL="1" ISACTIVE="1" /><HOUSE ID="126745861" OBJECTID="165143923" OBJECTGUID="6a8ac5eb-da0e-4b2a-9583-4c977f0f9823" CHANGEID="600781269" HOUSENUM="139" HOUSETYPE="2" OPERTYPEID="10" PREVID="0" NEXTID="0" UPDATEDATE="2024-09-09" STARTDATE="2024-09-09" ENDDATE="2079-06-06" ISACTUAL="1" ISACTIVE="1" /><HOUSE ID="126747538" OBJECTID="20342944" OBJECTGUID="195e34d6-1f9a-4e07-a41a-d5ae6a0f0671" CHANGEID="600796372" HOUSENUM="35" HOUSETYPE="2" OPERTYPEID="30" PREVID="53177939" NEXTID="0" UPDATEDATE="2024-09-10" STARTDATE="2024-09-10" ENDDATE="2079-06-06" ISACTUAL="1" ISACTIVE="0" /><HOUSE ID="126747546" OBJECTID="165151167" OBJECTGUID="1faeba05-a255-4fc2-8920-b1901201db93" CHANGEID="600796415" HOUSENUM="21" HOUSETYPE="2" OPERTYPEID="10" PREVID="0" NEXTID="0" UPDATEDATE="2024-09-10" STARTDATE="2024-09-10" ENDDATE="2079-06-06" ISACTUAL="1" ISACTIVE="1" /><HOUSE ID="126747582" OBJECTID="165151289" OBJECTGUID="df4f4802-4457-43e6-ba31-cc2a8cdde945" CHANGEID="600796588" HOUSENUM="16/18" HOUSETYPE="2" OPERTYPEID="10" PREVID="0" NEXTID="0" UPDATEDATE="2024-09-10" STARTDATE="2024-09-10" ENDDATE="2079-06-06" ISACTUAL="1" ISACTIVE="1" /><HOUSE ID="126747585" OBJECTID="165151307" OBJECTGUID="1742037f-ccbb-407f-8c77-42510dae81c6" CHANGEID="600796640" HOUSENUM="18А" HOUSETYPE="2" OPERTYPEID="10" PREVID="0" NEXTID="0" UPDATEDATE="2024-09-10" STARTDATE="2024-09-10" ENDDATE="2079-06-06" ISACTUAL="1" ISACTIVE="1" /><HOUSE ID="126747583" OBJECTID="165151293" OBJECTGUID="43143f53-3dc4-4eb7-a4a1-b2a9e8c0c358" CHANGEID="600796625" HOUSENUM="2" HOUSETYPE="2" OPERTYPEID="10" PREVID="0" NEXTID="0" UPDATEDATE="2024-09-10" STARTDATE="2024-09-10" ENDDATE="2079-06-06" ISACTUAL="1" ISACTIVE="1" /><HOUSE ID="126747584" OBJECTID="165151295" OBJECTGUID="6e851b61-3e05-43b1-b349-8061b43692ec" CHANGEID="600796627" HOUSENUM="1А" HOUSETYPE="2" OPERTYPEID="10" PREVID="0" NEXTID="0" UPDATEDATE="2024-09-10" STARTDATE="2024-09-10" ENDDATE="2079-06-06" ISACTUAL="1" ISACTIVE="1" /><HOUSE ID="126747628" OBJECTID="165151524" OBJECTGUID="f8d8dc86-d445-47a6-958f-239b94aa7a39" CHANGEID="600797100" HOUSENUM="3б" HOUSETYPE="2" OPERTYPEID="10" PREVID="0" NEXTID="0" UPDATEDATE="2024-09-10" STARTDATE="2024-09-10" ENDDATE="2079-06-06" ISACTUAL="1" ISACTIVE="1" /><HOUSE ID="126747633" OBJECTID="165151532" OBJECTGUID="0eefd57c-d203-4911-bb6e-b63ebc525980" CHANGEID="600797115" HOUSENUM="29" HOUSETYPE="2" OPERTYPEID="10" PREVID="0" NEXTID="0" UPDATEDATE="2024-09-10" STARTDATE="2024-09-10" ENDDATE="2079-06-06" ISACTUAL="1" ISACTIVE="1" /><HOUSE ID="126747634" OBJECTID="165151538" OBJECTGUID="63799a75-aabd-4f30-915e-d35fdefee520" CHANGEID="600797130" HOUSENUM="16" HOUSETYPE="2" OPERTYPEID="10" PREVID="0" NEXTID="0" UPDATEDATE="2024-09-10" STARTDATE="2024-09-10" ENDDATE="2079-06-06" ISACTUAL="1" ISACTIVE="1" /><HOUSE ID="126747623" OBJECTID="165151472" OBJECTGUID="4106b306-75f8-4b7c-a8ae-776eaa56d5dc" CHANGEID="600797002" HOUSENUM="4" HOUSETYPE="2" OPERTYPEID="10" PREVID="0" NEXTID="0" UPDATEDATE="2024-09-10" STARTDATE="2024-09-10" ENDDATE="2079-06-06" ISACTUAL="1" ISACTIVE="1" /><HOUSE ID="126747625" OBJECTID="165151508" OBJECTGUID="1b4a25bf-7d57-4cdb-8b74-28251c72701e" CHANGEID="600797041" HOUSENUM="5" HOUSETYPE="2" OPERTYPEID="10" PREVID="0" NEXTID="0" UPDATEDATE="2024-09-10" STARTDATE="2024-09-10" ENDDATE="2079-06-06" ISACTUAL="1" ISACTIVE="1" /><HOUSE ID="126747627" OBJECTID="165151517" OBJECTGUID="af54b3c3-87a6-48ac-9098-7edaff732651" CHANGEID="600797083" HOUSENUM="60А" HOUSETYPE="2" OPERTYPEID="10" PREVID="0" NEXTID="0" UPDATEDATE="2024-09-10" STARTDATE="2024-09-10" ENDDATE="2079-06-06" ISACTUAL="1" ISACTIVE="1" /><HOUSE ID="126747629" OBJECTID="165151525" OBJECTGUID="2f28b29c-7967-4ef4-afb4-0afa1cc7c491" CHANGEID="600797101" HOUSENUM="89А" HOUSETYPE="2" OPERTYPEID="10" PREVID="0" NEXTID="0" UPDATEDATE="2024-09-10" STARTDATE="2024-09-10" ENDDATE="2079-06-06" ISACTUAL="1" ISACTIVE="1" /><HOUSE ID="126747630" OBJECTID="165151526" OBJECTGUID="7d7b0d17-0e97-4b53-8c2b-3a146c8003ee" CHANGEID="600797103" HOUSENUM="34а" HOUSETYPE="2" OPERTYPEID="10" PREVID="0" NEXTID="0" UPDATEDATE="2024-09-10" STARTDATE="2024-09-10" ENDDATE="2079-06-06" ISACTUAL="1" ISACTIVE="1" /><HOUSE ID="126747631" OBJECTID="165151528" OBJECTGUID="9e153882-3742-49b6-84a6-e7d0e8e4fa80" CHANGEID="600797105" HOUSENUM="70" HOUSETYPE="2" OPERTYPEID="10" PREVID="0" NEXTID="0" UPDATEDATE="2024-09-10" STARTDATE="2024-09-10" ENDDATE="2079-06-06" ISACTUAL="1" ISACTIVE="1" /><HOUSE ID="126747654" OBJECTID="165151850" OBJECTGUID="b7f101ad-c690-486d-83b8-8368d3695baf" CHANGEID="600797536" HOUSENUM="16" HOUSETYPE="2" OPERTYPEID="10" PREVID="0" NEXTID="0" UPDATEDATE="2024-09-10" STARTDATE="2024-09-10" ENDDATE="2079-06-06" ISACTUAL="1" ISACTIVE="1" /><HOUSE ID="126747655" OBJECTID="165151851" OBJECTGUID="55b67ef9-d4e7-4230-b32f-9414ab2ff0ca" CHANGEID="600797537" HOUSENUM="31А" HOUSETYPE="2" OPERTYPEID="10" PREVID="0" NEXTID="0" UPDATEDATE="2024-09-10" STARTDATE="2024-09-10" ENDDATE="2079-06-06" ISACTUAL="1" ISACTIVE="1" /><HOUSE ID="126747661" OBJECTID="165151943" OBJECTGUID="3478775d-e37b-49b0-8b4c-de8fefa9d882" CHANGEID="600797638" HOUSENUM="22" HOUSETYPE="2" OPERTYPEID="10" PREVID="0" NEXTID="0" UPDATEDATE="2024-09-10" STARTDATE="2024-09-10" ENDDATE="2079-06-06" ISACTUAL="1" ISACTIVE="1" /><HOUSE ID="126747662" OBJECTID="165152078" OBJECTGUID="16efe684-6b6a-4f8f-aab8-0c748b0fd470" CHANGEID="600797773" HOUSENUM="40" HOUSETYPE="2" OPERTYPEID="10" PREVID="0" NEXTID="0" UPDATEDATE="2024-09-10" STARTDATE="2024-09-10" ENDDATE="2079-06-06" ISACTUAL="1" ISACTIVE="1" /><HOUSE ID="126747663" OBJECTID="165152079" OBJECTGUID="96969635-c3be-4f7c-849f-48cedd901377" CHANGEID="600797776" HOUSENUM="62" HOUSETYPE="2" OPERTYPEID="10" PREVID="0" NEXTID="0" UPDATEDATE="2024-09-10" STARTDATE="2024-09-10" ENDDATE="2079-06-06" ISACTUAL="1" ISACTIVE="1" /><HOUSE ID="126747664" OBJECTID="165152081" OBJECTGUID="fd456a39-568c-46f4-b9ec-28e367adf3d3" CHANGEID="600797778" HOUSENUM="13" HOUSETYPE="2" OPERTYPEID="10" PREVID="0" NEXTID="0" UPDATEDATE="2024-09-10" STARTDATE="2024-09-10" ENDDATE="2079-06-06" ISACTUAL="1" ISACTIVE="1" /><HOUSE ID="126747665" OBJECTID="165152085" OBJECTGUID="13df52fa-12c7-4c17-8566-f12077f6b8b4" CHANGEID="600797790" HOUSENUM="5Д" HOUSETYPE="2" OPERTYPEID="10" PREVID="0" NEXTID="0" UPDATEDATE="2024-09-10" STARTDATE="2024-09-10" ENDDATE="2079-06-06" ISACTUAL="1" ISACTIVE="1" /><HOUSE ID="126747734" OBJECTID="165153015" OBJECTGUID="39f47141-0c25-4c0c-97b7-1204ecc65a2d" CHANGEID="600799072" HOUSENUM="5" HOUSETYPE="2" OPERTYPEID="10" PREVID="0" NEXTID="0" UPDATEDATE="2024-09-10" STARTDATE="2024-09-10" ENDDATE="2079-06-06" ISACTUAL="1" ISACTIVE="1" /><HOUSE ID="126747733" OBJECTID="165153014" OBJECTGUID="b79b1f8a-a052-45f6-91b9-4812c44e914f" CHANGEID="600799071" HOUSENUM="51Б" HOUSETYPE="2" OPERTYPEID="10" PREVID="0" NEXTID="0" UPDATEDATE="2024-09-10" STARTDATE="2024-09-10" ENDDATE="2079-06-06" ISACTUAL="1" ISACTIVE="1" /><HOUSE ID="126747735" OBJECTID="165153016" OBJECTGUID="76901f8b-536b-45b1-b102-a4cc52b2be59" CHANGEID="600799073" HOUSENUM="47" HOUSETYPE="2" OPERTYPEID="10" PREVID="0" NEXTID="0" UPDATEDATE="2024-09-10" STARTDATE="2024-09-10" ENDDATE="2079-06-06" ISACTUAL="1" ISACTIVE="1" /><HOUSE ID="126747757" OBJECTID="165153981" OBJECTGUID="5863ec1a-9094-4a56-a8a5-2abbab872372" CHANGEID="600800420" HOUSENUM="6" HOUSETYPE="2" OPERTYPEID="10" PREVID="0" NEXTID="0" UPDATEDATE="2024-09-10" STARTDATE="2024-09-10" ENDDATE="2079-06-06" ISACTUAL="1" ISACTIVE="1" /><HOUSE ID="126747759" OBJECTID="165154001" OBJECTGUID="9abe544e-2c2c-45c8-b135-aea50fd890fa" CHANGEID="600800447" HOUSENUM="9" HOUSETYPE="2" OPERTYPEID="10" PREVID="0" NEXTID="0" UPDATEDATE="2024-09-10" STARTDATE="2024-09-10" ENDDATE="2079-06-06" ISACTUAL="1" ISACTIVE="1" /><HOUSE ID="55958701" OBJECTID="46106897" OBJECTGUID="40a32105-b6f1-40a5-bb08-5a760ba9faa7" CHANGEID="69415210" HOUSENUM="6" HOUSETYPE="5" OPERTYPEID="20" PREVID="27544355" NEXTID="126747760" UPDATEDATE="2024-09-10" STARTDATE="2019-11-14" ENDDATE="2024-09-10" ISACTUAL="0" ISACTIVE="0" /><HOUSE ID="126747760" OBJECTID="46106897" OBJECTGUID="40a32105-b6f1-40a5-bb08-5a760ba9faa7" CHANGEID="600800451" HOUSENUM="6" HOUSETYPE="2" OPERTYPEID="20" PREVID="55958701" UPDATEDATE="2024-09-10" STARTDATE="2024-09-10" ENDDATE="2079-06-06" ISACTUAL="1" ISACTIVE="1" /><HOUSE ID="126747761" OBJECTID="165154004" OBJECTGUID="35061da7-ef43-4c6a-9d8f-56875d6cd675" CHANGEID="600800452" HOUSENUM="17" HOUSETYPE="2" OPERTYPEID="10" PREVID="0" NEXTID="0" UPDATEDATE="2024-09-10" STARTDATE="2024-09-10" ENDDATE="2079-06-06" ISACTUAL="1" ISACTIVE="1" /><HOUSE ID="126747762" OBJECTID="67865070" OBJECTGUID="6de12582-57a9-461a-ab2d-f9cbf60d3fb5" CHANGEID="600800455" HOUSENUM="10/2" HOUSETYPE="2" OPERTYPEID="30" PREVID="59165210" NEXTID="0" UPDATEDATE="2024-09-10" STARTDATE="2024-09-10" ENDDATE="2079-06-06" ISACTUAL="1" ISACTIVE="0" /><HOUSE ID="59165210" OBJECTID="67865070" OBJECTGUID="6de12582-57a9-461a-ab2d-f9cbf60d3fb5" CHANGEID="101171980" HOUSENUM="10/2" HOUSETYPE="2" OPERTYPEID="20" PREVID="40890866" NEXTID="126747762" UPDATEDATE="2024-09-10" STARTDATE="2017-12-15" ENDDATE="2024-09-10" ISACTUAL="0" ISACTIVE="0" /><HOUSE ID="126747763" OBJECTID="67863544" OBJECTGUID="752154cd-9f3a-4a9c-a333-812607c92120" CHANGEID="600800456" HOUSENUM="11/2" HOUSETYPE="2" OPERTYPEID="30" PREVID="59678999" NEXTID="0" UPDATEDATE="2024-09-10" STARTDATE="2024-09-10" ENDDATE="2079-06-06" ISACTUAL="1" ISACTIVE="0" /><HOUSE ID="59678999" OBJECTID="67863544" OBJECTGUID="752154cd-9f3a-4a9c-a333-812607c92120" CHANGEID="101169391" HOUSENUM="11/2" HOUSETYPE="2" OPERTYPEID="20" PREVID="40889781" NEXTID="126747763" UPDATEDATE="2024-09-10" STARTDATE="2017-12-15" ENDDATE="2024-09-10" ISACTUAL="0" ISACTIVE="0" /><HOUSE ID="66434626" OBJECTID="31137030" OBJECTGUID="d482405b-b39f-488e-91dc-763a7a06333e" CHANGEID="47636503" HOUSENUM="9а" HOUSETYPE="2" OPERTYPEID="20" PREVID="18482117" NEXTID="126747765" UPDATEDATE="2024-09-10" STARTDATE="2017-12-19" ENDDATE="2024-09-10" ISACTUAL="0" ISACTIVE="0" /><HOUSE ID="126747764" OBJECTID="67862187" OBJECTGUID="7e1dc276-45aa-4c47-a82a-549bee678177" CHANGEID="600800457" HOUSENUM="12/2" HOUSETYPE="2" OPERTYPEID="30" PREVID="60314917" NEXTID="0" UPDATEDATE="2024-09-10" STARTDATE="2024-09-10" ENDDATE="2079-06-06" ISACTUAL="1" ISACTIVE="0" /><HOUSE ID="60314917" OBJECTID="67862187" OBJECTGUID="7e1dc276-45aa-4c47-a82a-549bee678177" CHANGEID="101167652" HOUSENUM="12/2" HOUSETYPE="2" OPERTYPEID="20" PREVID="40889136" NEXTID="126747764" UPDATEDATE="2024-09-10" STARTDATE="2017-12-15" ENDDATE="2024-09-10" ISACTUAL="0" ISACTIVE="0" /><HOUSE ID="126747766" OBJECTID="165154191" OBJECTGUID="0619ef09-f0d5-4410-8df6-ea03fbbc4da7" CHANGEID="600800647" HOUSENUM="13" HOUSETYPE="2" OPERTYPEID="10" PREVID="0" NEXTID="0" UPDATEDATE="2024-09-10" STARTDATE="2024-09-10" ENDDATE="2079-06-06" ISACTUAL="1" ISACTIVE="1" /><HOUSE ID="126747765" OBJECTID="31137030" OBJECTGUID="d482405b-b39f-488e-91dc-763a7a06333e" CHANGEID="600800461" HOUSENUM="9А" HOUSETYPE="2" OPERTYPEID="20" PREVID="66434626" UPDATEDATE="2024-09-10" STARTDATE="2024-09-10" ENDDATE="2079-06-06" ISACTUAL="1" ISACTIVE="1" /><HOUSE ID="126748186" OBJECTID="165157415" OBJECTGUID="7e931808-6ffb-441c-accf-897b4a6e27d5" CHANGEID="600806695" HOUSENUM="25" HOUSETYPE="5" OPERTYPEID="10" PREVID="0" NEXTID="0" UPDATEDATE="2024-09-10" STARTDATE="2024-09-10" ENDDATE="2079-06-06" ISACTUAL="1" ISACTIVE="1" /><HOUSE ID="126748188" OBJECTID="165157422" OBJECTGUID="75d908b3-083c-4855-81b6-6f66d7083258" CHANGEID="600806740" HOUSENUM="206" HOUSETYPE="5" OPERTYPEID="10" PREVID="0" NEXTID="0" UPDATEDATE="2024-09-10" STARTDATE="2024-09-10" ENDDATE="2079-06-06" ISACTUAL="1" ISACTIVE="1" /><HOUSE ID="126749077" OBJECTID="165160035" OBJECTGUID="629003bf-aada-47e5-b144-a74ce32f7028" CHANGEID="600811180" HOUSENUM="12" HOUSETYPE="2" OPERTYPEID="10" PREVID="0" NEXTID="0" UPDATEDATE="2024-09-10" STARTDATE="2024-09-10" ENDDATE="2079-06-06" ISACTUAL="1" ISACTIVE="1" /><HOUSE ID="126749082" OBJECTID="165160043" OBJECTGUID="3f8a5730-2837-40c8-98f7-c0859873d11c" CHANGEID="600811199" HOUSENUM="150" HOUSETYPE="2" OPERTYPEID="10" PREVID="0" NEXTID="0" UPDATEDATE="2024-09-10" STARTDATE="2024-09-10" ENDDATE="2079-06-06" ISACTUAL="1" ISACTIVE="1" /><HOUSE ID="126749074" OBJECTID="165160021" OBJECTGUID="3f98bd85-d565-4b2a-a43d-275b92d1d9b9" CHANGEID="600811150" HOUSENUM="36" HOUSETYPE="2" OPERTYPEID="10" PREVID="0" NEXTID="0" UPDATEDATE="2024-09-10" STARTDATE="2024-09-10" ENDDATE="2079-06-06" ISACTUAL="1" ISACTIVE="1" /><HOUSE ID="126749475" OBJECTID="165161514" OBJECTGUID="a9c27531-a00a-45af-a49d-738e28e0ccb0" CHANGEID="600813297" HOUSENUM="3" HOUSETYPE="2" OPERTYPEID="10" PREVID="0" NEXTID="0" UPDATEDATE="2024-09-10" STARTDATE="2024-09-10" ENDDATE="2079-06-06" ISACTUAL="1" ISACTIVE="1" /><HOUSE ID="126749487" OBJECTID="165161532" OBJECTGUID="93f2c47b-b78f-4989-b1a1-407aef8dce9b" CHANGEID="600813335" HOUSENUM="11а" HOUSETYPE="2" OPERTYPEID="10" PREVID="0" NEXTID="0" UPDATEDATE="2024-09-10" STARTDATE="2024-09-10" ENDDATE="2079-06-06" ISACTUAL="1" ISACTIVE="1" /><HOUSE ID="126749471" OBJECTID="165161499" OBJECTGUID="1cdce853-ef61-43e1-87d0-c9b53bf1795e" CHANGEID="600813271" HOUSENUM="140" HOUSETYPE="2" OPERTYPEID="10" PREVID="0" NEXTID="0" UPDATEDATE="2024-09-10" STARTDATE="2024-09-10" ENDDATE="2079-06-06" ISACTUAL="1" ISACTIVE="1" /><HOUSE ID="126749484" OBJECTID="165161521" OBJECTGUID="84d4bfc4-22a8-4a9d-b20c-6c198ba390fd" CHANGEID="600813318" HOUSENUM="43" HOUSETYPE="2" OPERTYPEID="10" PREVID="0" NEXTID="0" UPDATEDATE="2024-09-10" STARTDATE="2024-09-10" ENDDATE="2079-06-06" ISACTUAL="1" ISACTIVE="1" /><HOUSE ID="126749502" OBJECTID="165161562" OBJECTGUID="5946a5fa-45f3-4292-8764-7332e371e418" CHANGEID="600813378" HOUSENUM="147" HOUSETYPE="2" OPERTYPEID="10" PREVID="0" NEXTID="0" UPDATEDATE="2024-09-10" STARTDATE="2024-09-10" ENDDATE="2079-06-06" ISACTUAL="1" ISACTIVE="1" /><HOUSE ID="126750186" OBJECTID="165164096" OBJECTGUID="a69f4bec-f881-4e32-b180-d4aebd609725" CHANGEID="600817986" HOUSENUM="85" HOUSETYPE="2" OPERTYPEID="10" PREVID="0" NEXTID="0" UPDATEDATE="2024-09-10" STARTDATE="2024-09-10" ENDDATE="2079-06-06" ISACTUAL="1" ISACTIVE="1" /><HOUSE ID="126750387" OBJECTID="165165343" OBJECTGUID="d8cbb7ed-33e2-4362-90a4-2f38ac15b9d3" CHANGEID="600819708" HOUSENUM="143" HOUSETYPE="2" OPERTYPEID="10" PREVID="0" NEXTID="0" UPDATEDATE="2024-09-10" STARTDATE="2024-09-10" ENDDATE="2079-06-06" ISACTUAL="1" ISACTIVE="1" /><HOUSE ID="126750397" OBJECTID="165165357" OBJECTGUID="e5bacf61-de44-41a1-a214-1af368526ee0" CHANGEID="600819806" HOUSENUM="17" HOUSETYPE="2" OPERTYPEID="10" PREVID="0" NEXTID="0" UPDATEDATE="2024-09-10" STARTDATE="2024-09-10" ENDDATE="2079-06-06" ISACTUAL="1" ISACTIVE="1" /><HOUSE ID="126750404" OBJECTID="165165475" OBJECTGUID="ef582860-8bee-4c05-a2df-a3b7311f094f" CHANGEID="600819943" HOUSENUM="31" HOUSETYPE="2" OPERTYPEID="10" PREVID="0" NEXTID="0" UPDATEDATE="2024-09-10" STARTDATE="2024-09-10" ENDDATE="2079-06-06" ISACTUAL="1" ISACTIVE="1" /><HOUSE ID="126750436" OBJECTID="165165563" OBJECTGUID="284ae0f0-8cf4-49ce-9e5a-6121db8af882" CHANGEID="600820242" HOUSENUM="20" HOUSETYPE="2" OPERTYPEID="10" PREVID="0" NEXTID="0" UPDATEDATE="2024-09-10" STARTDATE="2024-09-10" ENDDATE="2079-06-06" ISACTUAL="1" ISACTIVE="1" /><HOUSE ID="126750444" OBJECTID="165165583" OBJECTGUID="1f6cc5a8-3c10-40a0-a16e-5a64a8513d51" CHANGEID="600820296" HOUSENUM="3" HOUSETYPE="2" OPERTYPEID="10" PREVID="0" NEXTID="0" UPDATEDATE="2024-09-10" STARTDATE="2024-09-10" ENDDATE="2079-06-06" ISACTUAL="1" ISACTIVE="1" /><HOUSE ID="126750443" OBJECTID="165165582" OBJECTGUID="28244cf2-2fb9-4b1c-8d31-1bf1fb4bc699" CHANGEID="600820277" HOUSENUM="610А" HOUSETYPE="5" OPERTYPEID="10" PREVID="0" NEXTID="0" UPDATEDATE="2024-09-10" STARTDATE="2024-09-10" ENDDATE="2079-06-06" ISACTUAL="1" ISACTIVE="1" /><HOUSE ID="126750451" OBJECTID="165165621" OBJECTGUID="dd9d4aea-ddd3-4021-9582-ff18c717b040" CHANGEID="600820389" HOUSENUM="42" HOUSETYPE="2" OPERTYPEID="10" PREVID="0" NEXTID="0" UPDATEDATE="2024-09-10" STARTDATE="2024-09-10" ENDDATE="2079-06-06" ISACTUAL="1" ISACTIVE="1" /><HOUSE ID="126750462" OBJECTID="165165639" OBJECTGUID="36c7a474-e933-4b07-8a01-e0411f31a84e" CHANGEID="600820429" HOUSENUM="17" HOUSETYPE="2" OPERTYPEID="10" PREVID="0" NEXTID="0" UPDATEDATE="2024-09-10" STARTDATE="2024-09-10" ENDDATE="2079-06-06" ISACTUAL="1" ISACTIVE="1" /><HOUSE ID="126750481" OBJECTID="165165654" OBJECTGUID="b7f77a4d-87d8-44c3-8681-52519121896b" CHANGEID="600820480" HOUSENUM="23" HOUSETYPE="2" OPERTYPEID="10" PREVID="0" NEXTID="0" UPDATEDATE="2024-09-10" STARTDATE="2024-09-10" ENDDATE="2079-06-06" ISACTUAL="1" ISACTIVE="1" /><HOUSE ID="126750495" OBJECTID="165165732" OBJECTGUID="8cd01957-29a0-4a73-880d-bb1694e01def" CHANGEID="600820588" HOUSENUM="1а" HOUSETYPE="2" OPERTYPEID="10" PREVID="0" NEXTID="0" UPDATEDATE="2024-09-10" STARTDATE="2024-09-10" ENDDATE="2079-06-06" ISACTUAL="1" ISACTIVE="1" /><HOUSE ID="126750501" OBJECTID="165165748" OBJECTGUID="228e72a1-827f-466d-936b-44df6f13837e" CHANGEID="600820620" HOUSENUM="29" HOUSETYPE="2" OPERTYPEID="10" PREVID="0" NEXTID="0" UPDATEDATE="2024-09-10" STARTDATE="2024-09-10" ENDDATE="2079-06-06" ISACTUAL="1" ISACTIVE="1" /><HOUSE ID="126750514" OBJECTID="165165791" OBJECTGUID="7e93aa48-662f-4c03-8f13-e8d42f8d4456" CHANGEID="600820700" HOUSENUM="250" HOUSETYPE="2" OPERTYPEID="10" PREVID="0" NEXTID="0" UPDATEDATE="2024-09-10" STARTDATE="2024-09-10" ENDDATE="2079-06-06" ISACTUAL="1" ISACTIVE="1" /><HOUSE ID="126750493" OBJECTID="165165694" OBJECTGUID="3463fc66-a16b-42c5-a598-edac8207b6ee" CHANGEID="600820537" HOUSENUM="21" HOUSETYPE="2" OPERTYPEID="10" PREVID="0" NEXTID="0" UPDATEDATE="2024-09-10" STARTDATE="2024-09-10" ENDDATE="2079-06-06" ISACTUAL="1" ISACTIVE="1" /><HOUSE ID="126750507" OBJECTID="165165784" OBJECTGUID="679b0293-9da6-48b0-ac3a-5c117a83bcc4" CHANGEID="600820676" HOUSENUM="240" HOUSETYPE="2" OPERTYPEID="10" PREVID="0" NEXTID="0" UPDATEDATE="2024-09-10" STARTDATE="2024-09-10" ENDDATE="2079-06-06" ISACTUAL="1" ISACTIVE="1" /><HOUSE ID="126750524" OBJECTID="165165814" OBJECTGUID="ad19904d-6ae8-4991-9067-ad2feb4560e8" CHANGEID="600820745" HOUSENUM="99" HOUSETYPE="2" OPERTYPEID="10" PREVID="0" NEXTID="0" UPDATEDATE="2024-09-10" STARTDATE="2024-09-10" ENDDATE="2079-06-06" ISACTUAL="1" ISACTIVE="1" /><HOUSE ID="126750765" OBJECTID="165167267" OBJECTGUID="ca7797f0-7c8c-40f9-be0f-f325e597cd9c" CHANGEID="600822721" HOUSENUM="597" HOUSETYPE="2" OPERTYPEID="10" PREVID="0" NEXTID="0" UPDATEDATE="2024-09-10" STARTDATE="2024-09-10" ENDDATE="2079-06-06" ISACTUAL="1" ISACTIVE="1" /><HOUSE ID="126750770" OBJECTID="165167358" OBJECTGUID="d3b99fab-b280-4da8-aaa7-996e1990e005" CHANGEID="600822836" HOUSENUM="147" HOUSETYPE="2" OPERTYPEID="10" PREVID="0" NEXTID="0" UPDATEDATE="2024-09-10" STARTDATE="2024-09-10" ENDDATE="2079-06-06" ISACTUAL="1" ISACTIVE="1" /><HOUSE ID="126750778" OBJECTID="165167413" OBJECTGUID="7d181af1-f56a-4de0-bf7d-9771919db32b" CHANGEID="600822915" HOUSENUM="19" HOUSETYPE="2" OPERTYPEID="10" PREVID="0" NEXTID="0" UPDATEDATE="2024-09-10" STARTDATE="2024-09-10" ENDDATE="2079-06-06" ISACTUAL="1" ISACTIVE="1" /><HOUSE ID="126750773" OBJECTID="165167387" OBJECTGUID="ff4f386f-e4d5-46e0-8fad-e8150302eb1a" CHANGEID="600822874" HOUSENUM="219" HOUSETYPE="2" OPERTYPEID="10" PREVID="0" NEXTID="0" UPDATEDATE="2024-09-10" STARTDATE="2024-09-10" ENDDATE="2079-06-06" ISACTUAL="1" ISACTIVE="1" /><HOUSE ID="126751101" OBJECTID="165169204" OBJECTGUID="b360bfa9-731c-42b0-9385-1b74173a8382" CHANGEID="600825346" HOUSENUM="11" HOUSETYPE="2" OPERTYPEID="10" PREVID="0" NEXTID="0" UPDATEDATE="2024-09-10" STARTDATE="2024-09-10" ENDDATE="2079-06-06" ISACTUAL="1" ISACTIVE="1" /><HOUSE ID="126751120" OBJECTID="165169259" OBJECTGUID="7996586f-9367-4f9f-92e7-a43cbd7841d8" CHANGEID="600825410" HOUSENUM="147А" HOUSETYPE="2" OPERTYPEID="10" PREVID="0" NEXTID="0" UPDATEDATE="2024-09-10" STARTDATE="2024-09-10" ENDDATE="2079-06-06" ISACTUAL="1" ISACTIVE="1" /><HOUSE ID="126751202" OBJECTID="165169403" OBJECTGUID="ce0da749-eb15-4a44-b208-751e48c57383" CHANGEID="600825609" HOUSENUM="4А" HOUSETYPE="2" OPERTYPEID="10" PREVID="0" NEXTID="0" UPDATEDATE="2024-09-10" STARTDATE="2024-09-10" ENDDATE="2079-06-06" ISACTUAL="1" ISACTIVE="1" /><HOUSE ID="126751194" OBJECTID="165169380" OBJECTGUID="f2b53b82-4aae-4895-bcca-5fd99ab8c1b7" CHANGEID="600825580" HOUSENUM="163" HOUSETYPE="2" OPERTYPEID="10" PREVID="0" NEXTID="0" UPDATEDATE="2024-09-10" STARTDATE="2024-09-10" ENDDATE="2079-06-06" ISACTUAL="1" ISACTIVE="1" /><HOUSE ID="126751205" OBJECTID="165169414" OBJECTGUID="5911ccb5-557b-47f8-8d8d-b3377bac4fc4" CHANGEID="600825626" HOUSENUM="5А" HOUSETYPE="2" OPERTYPEID="10" PREVID="0" NEXTID="0" UPDATEDATE="2024-09-10" STARTDATE="2024-09-10" ENDDATE="2079-06-06" ISACTUAL="1" ISACTIVE="1" /><HOUSE ID="126751289" OBJECTID="165169898" OBJECTGUID="77af3f0b-b465-458d-a0ae-0401aee828d5" CHANGEID="600826190" HOUSENUM="46" HOUSETYPE="2" OPERTYPEID="10" PREVID="0" NEXTID="0" UPDATEDATE="2024-09-10" STARTDATE="2024-09-10" ENDDATE="2079-06-06" ISACTUAL="1" ISACTIVE="1" /><HOUSE ID="126751294" OBJECTID="165169907" OBJECTGUID="c09cd741-1901-4026-bac9-4110a945af04" CHANGEID="600826218" HOUSENUM="9" HOUSETYPE="2" OPERTYPEID="10" PREVID="0" NEXTID="0" UPDATEDATE="2024-09-10" STARTDATE="2024-09-10" ENDDATE="2079-06-06" ISACTUAL="1" ISACTIVE="1" /><HOUSE ID="126751304" OBJECTID="165169961" OBJECTGUID="929276d7-df95-4fbb-a17a-f53f63dda597" CHANGEID="600826289" HOUSENUM="48" HOUSETYPE="2" OPERTYPEID="10" PREVID="0" NEXTID="0" UPDATEDATE="2024-09-10" STARTDATE="2024-09-10" ENDDATE="2079-06-06" ISACTUAL="1" ISACTIVE="1" /><HOUSE ID="126751310" OBJECTID="165169976" OBJECTGUID="09828c8c-0f84-4e5f-a16e-e1f19f194e7d" CHANGEID="600826313" HOUSENUM="7Б" HOUSETYPE="2" OPERTYPEID="10" PREVID="0" NEXTID="0" UPDATEDATE="2024-09-10" STARTDATE="2024-09-10" ENDDATE="2079-06-06" ISACTUAL="1" ISACTIVE="1" /><HOUSE ID="126751298" OBJECTID="165169938" OBJECTGUID="ebab02df-4b69-4f07-be72-a256a49eb21d" CHANGEID="600826257" HOUSENUM="34А" HOUSETYPE="2" OPERTYPEID="10" PREVID="0" NEXTID="0" UPDATEDATE="2024-09-10" STARTDATE="2024-09-10" ENDDATE="2079-06-06" ISACTUAL="1" ISACTIVE="1" /><HOUSE ID="126751300" OBJECTID="165169940" OBJECTGUID="3f6d0567-f5db-4b52-a048-60460e84a6d3" CHANGEID="600826261" HOUSENUM="162" HOUSETYPE="2" OPERTYPEID="10" PREVID="0" NEXTID="0" UPDATEDATE="2024-09-10" STARTDATE="2024-09-10" ENDDATE="2079-06-06" ISACTUAL="1" ISACTIVE="1" /><HOUSE ID="126751314" OBJECTID="165169998" OBJECTGUID="b43de18d-ec08-46bf-bbc8-b2c7a396a8c3" CHANGEID="600826341" HOUSENUM="67" HOUSETYPE="2" OPERTYPEID="10" PREVID="0" NEXTID="0" UPDATEDATE="2024-09-10" STARTDATE="2024-09-10" ENDDATE="2079-06-06" ISACTUAL="1" ISACTIVE="1" /><HOUSE ID="126751704" OBJECTID="165171696" OBJECTGUID="4cf244e1-ac4b-496f-9cf1-16077971eb03" CHANGEID="600828914" HOUSENUM="8" HOUSETYPE="2" OPERTYPEID="10" PREVID="0" NEXTID="0" UPDATEDATE="2024-09-10" STARTDATE="2024-09-10" ENDDATE="2079-06-06" ISACTUAL="1" ISACTIVE="1" /><HOUSE ID="126754779" OBJECTID="165183678" OBJECTGUID="28685c03-1ebd-4b63-b8a8-14480ec2a096" CHANGEID="600848798" HOUSENUM="904" HOUSETYPE="2" OPERTYPEID="10" PREVID="0" NEXTID="0" UPDATEDATE="2024-09-11" STARTDATE="2024-09-11" ENDDATE="2079-06-06" ISACTUAL="1" ISACTIVE="1" /><HOUSE ID="126754780" OBJECTID="165183679" OBJECTGUID="236fcc1c-b192-404c-a0a4-45b8a9f1217f" CHANGEID="600848799" HOUSENUM="938А" HOUSETYPE="2" OPERTYPEID="10" PREVID="0" NEXTID="0" UPDATEDATE="2024-09-11" STARTDATE="2024-09-11" ENDDATE="2079-06-06" ISACTUAL="1" ISACTIVE="1" /><HOUSE ID="126754781" OBJECTID="165183680" OBJECTGUID="820a1051-a2c8-4bc2-9af5-24ad31724558" CHANGEID="600848800" HOUSENUM="113" HOUSETYPE="2" OPERTYPEID="10" PREVID="0" NEXTID="0" UPDATEDATE="2024-09-11" STARTDATE="2024-09-11" ENDDATE="2079-06-06" ISACTUAL="1" ISACTIVE="1" /><HOUSE ID="126754782" OBJECTID="165183682" OBJECTGUID="8cd1da27-5a13-4682-8f4c-c83681d9e2b0" CHANGEID="600848802" HOUSENUM="5" HOUSETYPE="2" OPERTYPEID="10" PREVID="0" NEXTID="0" UPDATEDATE="2024-09-11" STARTDATE="2024-09-11" ENDDATE="2079-06-06" ISACTUAL="1" ISACTIVE="1" /><HOUSE ID="126754783" OBJECTID="165183683" OBJECTGUID="47133111-eada-4ed5-adc8-3f5abb8bc1e3" CHANGEID="600848803" HOUSENUM="35" HOUSETYPE="2" OPERTYPEID="10" PREVID="0" NEXTID="0" UPDATEDATE="2024-09-11" STARTDATE="2024-09-11" ENDDATE="2079-06-06" ISACTUAL="1" ISACTIVE="1" /><HOUSE ID="126754784" OBJECTID="165183684" OBJECTGUID="0c352f70-85be-4532-9127-0feebdfa9f6a" CHANGEID="600848804" HOUSENUM="49" HOUSETYPE="2" OPERTYPEID="10" PREVID="0" NEXTID="0" UPDATEDATE="2024-09-11" STARTDATE="2024-09-11" ENDDATE="2079-06-06" ISACTUAL="1" ISACTIVE="1" /><HOUSE ID="126754789" OBJECTID="165183760" OBJECTGUID="8ac536da-ea7c-4ed8-b53c-adada3ad1890" CHANGEID="600850813" HOUSENUM="1" HOUSETYPE="2" OPERTYPEID="10" PREVID="0" NEXTID="0" UPDATEDATE="2024-09-11" STARTDATE="2024-09-11" ENDDATE="2079-06-06" ISACTUAL="1" ISACTIVE="1" /><HOUSE ID="126754808" OBJECTID="165183969" OBJECTGUID="d0131c82-2894-4b2c-bd68-6a144a0acecb" CHANGEID="600855573" HOUSENUM="14" HOUSETYPE="2" OPERTYPEID="10" PREVID="0" NEXTID="0" UPDATEDATE="2024-09-11" STARTDATE="2024-09-11" ENDDATE="2079-06-06" ISACTUAL="1" ISACTIVE="1" /><HOUSE ID="63674366" OBJECTID="28324662" OBJECTGUID="ad88fea2-7f3e-40a6-ab12-1f693bf096de" CHANGEID="43567497" HOUSENUM="72" HOUSETYPE="2" OPERTYPEID="20" PREVID="16810619" NEXTID="126754831" UPDATEDATE="2024-09-11" STARTDATE="2018-09-04" ENDDATE="2024-09-11" ISACTUAL="0" ISACTIVE="0" /><HOUSE ID="126754831" OBJECTID="28324662" OBJECTGUID="ad88fea2-7f3e-40a6-ab12-1f693bf096de" CHANGEID="600862125" HOUSENUM="72" HOUSETYPE="5" OPERTYPEID="20" PREVID="63674366" UPDATEDATE="2024-09-11" STARTDATE="2024-09-11" ENDDATE="2079-06-06" ISACTUAL="1" ISACTIVE="1" /><HOUSE ID="126754898" OBJECTID="165185313" OBJECTGUID="39525ced-933d-47dc-a4cd-1a31ad20572c" CHANGEID="600875795" HOUSENUM="26" HOUSETYPE="2" OPERTYPEID="10" PREVID="0" NEXTID="0" UPDATEDATE="2024-09-11" STARTDATE="2024-09-11" ENDDATE="2079-06-06" ISACTUAL="1" ISACTIVE="1" /><HOUSE ID="126754899" OBJECTID="165185325" OBJECTGUID="524abd3b-242a-43ed-af5f-5372e22a44d7" CHANGEID="600875824" HOUSENUM="22А" HOUSETYPE="2" OPERTYPEID="10" PREVID="0" NEXTID="0" UPDATEDATE="2024-09-11" STARTDATE="2024-09-11" ENDDATE="2079-06-06" ISACTUAL="1" ISACTIVE="1" /><HOUSE ID="126754900" OBJECTID="165185326" OBJECTGUID="c05f8e80-d6e7-4a13-a665-836c02d9a3ef" CHANGEID="600875831" HOUSENUM="15" HOUSETYPE="2" OPERTYPEID="10" PREVID="0" NEXTID="0" UPDATEDATE="2024-09-11" STARTDATE="2024-09-11" ENDDATE="2079-06-06" ISACTUAL="1" ISACTIVE="1" /><HOUSE ID="126754901" OBJECTID="165185327" OBJECTGUID="ea35a4b7-aca8-4710-90f1-0d8dd3c7e3b8" CHANGEID="600875833" HOUSENUM="34В" HOUSETYPE="5" OPERTYPEID="10" PREVID="0" NEXTID="0" UPDATEDATE="2024-09-11" STARTDATE="2024-09-11" ENDDATE="2079-06-06" ISACTUAL="1" ISACTIVE="1" /><HOUSE ID="126754902" OBJECTID="165185328" OBJECTGUID="00082d5e-3b75-463c-bcfc-94e3ae46896b" CHANGEID="600875835" HOUSENUM="25" HOUSETYPE="2" OPERTYPEID="10" PREVID="0" NEXTID="0" UPDATEDATE="2024-09-11" STARTDATE="2024-09-11" ENDDATE="2079-06-06" ISACTUAL="1" ISACTIVE="1" /><HOUSE ID="126754992" OBJECTID="165186365" OBJECTGUID="c9856258-a5d7-4676-be32-647890976113" CHANGEID="600877463" HOUSENUM="16" HOUSETYPE="2" OPERTYPEID="10" PREVID="0" NEXTID="0" UPDATEDATE="2024-09-11" STARTDATE="2024-09-11" ENDDATE="2079-06-06" ISACTUAL="1" ISACTIVE="1" /><HOUSE ID="126754999" OBJECTID="165186442" OBJECTGUID="86d78524-4b07-406e-b556-7d5b89ef4f7b" CHANGEID="600877542" HOUSENUM="12А" HOUSETYPE="2" OPERTYPEID="10" PREVID="0" NEXTID="0" UPDATEDATE="2024-09-11" STARTDATE="2024-09-11" ENDDATE="2079-06-06" ISACTUAL="1" ISACTIVE="1" /><HOUSE ID="126755394" OBJECTID="165188608" OBJECTGUID="6a5b73f8-2a4c-48aa-9b5f-89016c60d107" CHANGEID="600880618" HOUSENUM="7" HOUSETYPE="2" OPERTYPEID="10" PREVID="0" NEXTID="0" UPDATEDATE="2024-09-11" STARTDATE="2024-09-11" ENDDATE="2079-06-06" ISACTUAL="1" ISACTIVE="1" /><HOUSE ID="126755395" OBJECTID="165188609" OBJECTGUID="eb462e82-f319-4726-b0a7-81fe24196a29" CHANGEID="600880620" HOUSENUM="29" HOUSETYPE="2" OPERTYPEID="10" PREVID="0" NEXTID="0" UPDATEDATE="2024-09-11" STARTDATE="2024-09-11" ENDDATE="2079-06-06" ISACTUAL="1" ISACTIVE="1" /><HOUSE ID="126755403" OBJECTID="165188620" OBJECTGUID="3ce0a78a-def5-4f2c-8ce5-cad51158983c" CHANGEID="600880639" HOUSENUM="13А" HOUSETYPE="2" OPERTYPEID="10" PREVID="0" NEXTID="0" UPDATEDATE="2024-09-11" STARTDATE="2024-09-11" ENDDATE="2079-06-06" ISACTUAL="1" ISACTIVE="1" /><HOUSE ID="126755450" OBJECTID="165188957" OBJECTGUID="92632242-2530-4876-9994-77672cd0b8b2" CHANGEID="600881141" HOUSENUM="46" HOUSETYPE="2" OPERTYPEID="10" PREVID="0" NEXTID="0" UPDATEDATE="2024-09-11" STARTDATE="2024-09-11" ENDDATE="2079-06-06" ISACTUAL="1" ISACTIVE="1" /><HOUSE ID="126755454" OBJECTID="165188972" OBJECTGUID="4f3d4328-476c-4a6d-ab98-2adee1abe01b" CHANGEID="600881172" HOUSENUM="23" HOUSETYPE="2" OPERTYPEID="10" PREVID="0" NEXTID="0" UPDATEDATE="2024-09-11" STARTDATE="2024-09-11" ENDDATE="2079-06-06" ISACTUAL="1" ISACTIVE="1" /><HOUSE ID="126755663" OBJECTID="165189676" OBJECTGUID="6a45ad05-83ff-4556-82a4-7b1fe5461c00" CHANGEID="600882376" HOUSENUM="19А" HOUSETYPE="2" OPERTYPEID="10" PREVID="0" NEXTID="0" UPDATEDATE="2024-09-11" STARTDATE="2024-09-11" ENDDATE="2079-06-06" ISACTUAL="1" ISACTIVE="1" /><HOUSE ID="126755672" OBJECTID="165189685" OBJECTGUID="4df7d6a4-b9e4-40e4-b75a-dcd0623aeac2" CHANGEID="600882397" HOUSENUM="56" HOUSETYPE="2" OPERTYPEID="10" PREVID="0" NEXTID="0" UPDATEDATE="2024-09-11" STARTDATE="2024-09-11" ENDDATE="2079-06-06" ISACTUAL="1" ISACTIVE="1" /><HOUSE ID="126755685" OBJECTID="165189729" OBJECTGUID="89d89a76-8ce7-48e7-912a-adf65c81cd77" CHANGEID="600882456" HOUSENUM="158" HOUSETYPE="2" OPERTYPEID="10" PREVID="0" NEXTID="0" UPDATEDATE="2024-09-11" STARTDATE="2024-09-11" ENDDATE="2079-06-06" ISACTUAL="1" ISACTIVE="1" /><HOUSE ID="126755735" OBJECTID="165190039" OBJECTGUID="dc9437d2-3ab0-45ff-a9e0-086f2ac4acf2" CHANGEID="600882869" HOUSENUM="74В" HOUSETYPE="2" OPERTYPEID="10" PREVID="0" NEXTID="0" UPDATEDATE="2024-09-11" STARTDATE="2024-09-11" ENDDATE="2079-06-06" ISACTUAL="1" ISACTIVE="1" /><HOUSE ID="126755739" OBJECTID="165190059" OBJECTGUID="8bc23b06-ed1e-4675-9ba6-341225ff8548" CHANGEID="600882905" HOUSENUM="36В" HOUSETYPE="2" OPERTYPEID="10" PREVID="0" NEXTID="0" UPDATEDATE="2024-09-11" STARTDATE="2024-09-11" ENDDATE="2079-06-06" ISACTUAL="1" ISACTIVE="1" /><HOUSE ID="126755711" OBJECTID="165189963" OBJECTGUID="05d4effe-9b4d-4e23-8222-5a13519b4cc7" CHANGEID="600882743" HOUSENUM="22А" HOUSETYPE="2" OPERTYPEID="10" PREVID="0" NEXTID="0" UPDATEDATE="2024-09-11" STARTDATE="2024-09-11" ENDDATE="2079-06-06" ISACTUAL="1" ISACTIVE="1" /><HOUSE ID="126755716" OBJECTID="165189999" OBJECTGUID="7608c26f-7287-47d7-bd55-81ba48ed81c8" CHANGEID="600882790" HOUSENUM="35б" HOUSETYPE="2" OPERTYPEID="10" PREVID="0" NEXTID="0" UPDATEDATE="2024-09-11" STARTDATE="2024-09-11" ENDDATE="2079-06-06" ISACTUAL="1" ISACTIVE="1" /><HOUSE ID="126755720" OBJECTID="165190018" OBJECTGUID="91307a16-ad01-416b-bf41-90e3e8990df8" CHANGEID="600882818" HOUSENUM="18А" HOUSETYPE="2" OPERTYPEID="10" PREVID="0" NEXTID="0" UPDATEDATE="2024-09-11" STARTDATE="2024-09-11" ENDDATE="2079-06-06" ISACTUAL="1" ISACTIVE="1" /><HOUSE ID="126755728" OBJECTID="165190029" OBJECTGUID="33aa3651-acad-4ad8-9cac-cd69afc85696" CHANGEID="600882853" HOUSENUM="57Б" HOUSETYPE="2" OPERTYPEID="10" PREVID="0" NEXTID="0" UPDATEDATE="2024-09-11" STARTDATE="2024-09-11" ENDDATE="2079-06-06" ISACTUAL="1" ISACTIVE="1" /><HOUSE ID="126755736" OBJECTID="165190055" OBJECTGUID="dddbbc41-0c69-40a5-bc0a-46b1c4db8bdd" CHANGEID="600882898" HOUSENUM="1Г" HOUSETYPE="2" OPERTYPEID="10" PREVID="0" NEXTID="0" UPDATEDATE="2024-09-11" STARTDATE="2024-09-11" ENDDATE="2079-06-06" ISACTUAL="1" ISACTIVE="1" /><HOUSE ID="126756057" OBJECTID="165191893" OBJECTGUID="91f5207e-01e5-49c8-aee1-e463b3e93557" CHANGEID="600885533" HOUSENUM="40а" HOUSETYPE="2" OPERTYPEID="10" PREVID="0" NEXTID="0" UPDATEDATE="2024-09-11" STARTDATE="2024-09-11" ENDDATE="2079-06-06" ISACTUAL="1" ISACTIVE="1" /><HOUSE ID="126756067" OBJECTID="165191937" OBJECTGUID="17d169f1-a689-4065-95fb-69f6b2dc7d9f" CHANGEID="600885598" HOUSENUM="113А" HOUSETYPE="2" OPERTYPEID="10" PREVID="0" NEXTID="0" UPDATEDATE="2024-09-11" STARTDATE="2024-09-11" ENDDATE="2079-06-06" ISACTUAL="1" ISACTIVE="1" /><HOUSE ID="126756073" OBJECTID="165191949" OBJECTGUID="d36a599d-1502-455c-8c52-378425b1e33f" CHANGEID="600885614" HOUSENUM="130Б" HOUSETYPE="2" OPERTYPEID="10" PREVID="0" NEXTID="0" UPDATEDATE="2024-09-11" STARTDATE="2024-09-11" ENDDATE="2079-06-06" ISACTUAL="1" ISACTIVE="1" /><HOUSE ID="126756052" OBJECTID="165191884" OBJECTGUID="ed574875-959c-4385-aa1f-747a48f468fd" CHANGEID="600885518" HOUSENUM="45" HOUSETYPE="2" OPERTYPEID="10" PREVID="0" NEXTID="0" UPDATEDATE="2024-09-11" STARTDATE="2024-09-11" ENDDATE="2079-06-06" ISACTUAL="1" ISACTIVE="1" /><HOUSE ID="126756726" OBJECTID="165195247" OBJECTGUID="71976a02-a60c-4531-9010-257d64afcae2" CHANGEID="600890002" HOUSENUM="17б" HOUSETYPE="2" OPERTYPEID="10" PREVID="0" NEXTID="0" UPDATEDATE="2024-09-11" STARTDATE="2024-09-11" ENDDATE="2079-06-06" ISACTUAL="1" ISACTIVE="1" /><HOUSE ID="126757146" OBJECTID="165197803" OBJECTGUID="eef3b653-e2af-4eb7-97f7-d51a9359acaa" CHANGEID="600893397" HOUSENUM="40а" HOUSETYPE="2" OPERTYPEID="10" PREVID="0" NEXTID="0" UPDATEDATE="2024-09-11" STARTDATE="2024-09-11" ENDDATE="2079-06-06" ISACTUAL="1" ISACTIVE="1" /><HOUSE ID="126757719" OBJECTID="165200105" OBJECTGUID="29298857-2ebe-432c-b772-b34c4f628f75" CHANGEID="600897130" HOUSENUM="20" HOUSETYPE="4" OPERTYPEID="10" PREVID="0" NEXTID="0" UPDATEDATE="2024-09-11" STARTDATE="2024-09-11" ENDDATE="2079-06-06" ISACTUAL="1" ISACTIVE="1" /><HOUSE ID="126758003" OBJECTID="165202616" OBJECTGUID="dda91f0b-735a-4c90-8d54-538402cb152f" CHANGEID="600900297" HOUSENUM="7" HOUSETYPE="2" OPERTYPEID="10" PREVID="0" NEXTID="0" UPDATEDATE="2024-09-11" STARTDATE="2024-09-11" ENDDATE="2079-06-06" ISACTUAL="1" ISACTIVE="1" /><HOUSE ID="126757989" OBJECTID="165202565" OBJECTGUID="81fd87ec-c424-46f3-8812-6a49f883927b" CHANGEID="600900183" HOUSENUM="18" HOUSETYPE="2" OPERTYPEID="10" PREVID="0" NEXTID="0" UPDATEDATE="2024-09-11" STARTDATE="2024-09-11" ENDDATE="2079-06-06" ISACTUAL="1" ISACTIVE="1" /><HOUSE ID="126758278" OBJECTID="165204149" OBJECTGUID="456aacd6-c00c-4658-a3ad-1906306ed5fc" CHANGEID="600902444" HOUSENUM="1" HOUSETYPE="2" OPERTYPEID="10" PREVID="0" NEXTID="0" UPDATEDATE="2024-09-11" STARTDATE="2024-09-11" ENDDATE="2079-06-06" ISACTUAL="1" ISACTIVE="1" /><HOUSE ID="126758640" OBJECTID="165206154" OBJECTGUID="134bf247-2e36-4df6-8aab-1d9287143906" CHANGEID="600905465" HOUSENUM="1В" HOUSETYPE="2" OPERTYPEID="10" PREVID="0" NEXTID="0" UPDATEDATE="2024-09-11" STARTDATE="2024-09-11" ENDDATE="2079-06-06" ISACTUAL="1" ISACTIVE="1" /><HOUSE ID="126758646" OBJECTID="165206186" OBJECTGUID="57a870cb-2a42-47d8-8c7d-ace26a95ed84" CHANGEID="600905508" HOUSENUM="15Ж" HOUSETYPE="2" OPERTYPEID="10" PREVID="0" NEXTID="0" UPDATEDATE="2024-09-11" STARTDATE="2024-09-11" ENDDATE="2079-06-06" ISACTUAL="1" ISACTIVE="1" /><HOUSE ID="126758941" OBJECTID="165207306" OBJECTGUID="39e1a970-2f2c-4570-878e-438cb55db077" CHANGEID="600907296" HOUSENUM="32" HOUSETYPE="2" OPERTYPEID="10" PREVID="0" NEXTID="0" UPDATEDATE="2024-09-11" STARTDATE="2024-09-11" ENDDATE="2079-06-06" ISACTUAL="1" ISACTIVE="1" /><HOUSE ID="126758959" OBJECTID="165207391" OBJECTGUID="43258f6b-9812-4885-b482-431a705a9152" CHANGEID="600907411" HOUSENUM="15" HOUSETYPE="2" OPERTYPEID="10" PREVID="0" NEXTID="0" UPDATEDATE="2024-09-11" STARTDATE="2024-09-11" ENDDATE="2079-06-06" ISACTUAL="1" ISACTIVE="1" /><HOUSE ID="126759853" OBJECTID="165211051" OBJECTGUID="36425482-ddeb-4a31-b566-0eeb45731edb" CHANGEID="600914237" HOUSENUM="35" HOUSETYPE="2" OPERTYPEID="10" PREVID="0" NEXTID="0" UPDATEDATE="2024-09-11" STARTDATE="2024-09-11" ENDDATE="2079-06-06" ISACTUAL="1" ISACTIVE="1" /></HOUSES>