﻿<?xml version="1.0" encoding="utf-8"?><STEADS><STEAD ID="67288354" OBJECTID="161379600" OBJECTGUID="6ecfabb9-2824-4a2c-83a3-671aac5c8c46" CHANGEID="574795275" NUMBER="901" OPERTYPEID="10" PREVID="0" NEXTID="68683520" UPDATEDATE="2024-09-11" STARTDATE="2023-11-20" ENDDATE="2024-09-11" ISACTUAL="0" ISACTIVE="0" /><STEAD ID="68536527" OBJECTID="164909063" OBJECTGUID="6bf57ea1-f1cd-4749-9a75-d3e88ebe6792" CHANGEID="600085488" NUMBER="19" OPERTYPEID="10" PREVID="0" NEXTID="68664466" UPDATEDATE="2024-09-10" STARTDATE="2024-08-28" ENDDATE="2024-09-10" ISACTUAL="0" ISACTIVE="0" /><STEAD ID="68547878" OBJECTID="164935357" OBJECTGUID="41539bf2-69da-476e-9faa-f6948c627bdd" CHANGEID="600166477" NUMBER="236А" OPERTYPEID="10" PREVID="0" NEXTID="68684106" UPDATEDATE="2024-09-11" STARTDATE="2024-08-29" ENDDATE="2024-09-11" ISACTUAL="0" ISACTIVE="0" /><STEAD ID="68611040" OBJECTID="165056300" OBJECTGUID="0be07f5c-031b-43d4-a0c6-0b5288928bb0" CHANGEID="600505157" NUMBER="289" OPERTYPEID="10" PREVID="0" NEXTID="0" UPDATEDATE="2024-09-05" STARTDATE="2024-09-05" ENDDATE="2079-06-06" ISACTUAL="1" ISACTIVE="1" /><STEAD ID="68611039" OBJECTID="165056299" OBJECTGUID="3dd64207-a322-4489-85c1-dcb69f92248b" CHANGEID="600505156" NUMBER="290" OPERTYPEID="10" PREVID="0" NEXTID="0" UPDATEDATE="2024-09-05" STARTDATE="2024-09-05" ENDDATE="2079-06-06" ISACTUAL="1" ISACTIVE="1" /><STEAD ID="68611388" OBJECTID="165056843" OBJECTGUID="b8a85bf1-fc95-4d40-9391-9fbf5a72b13f" CHANGEID="600505754" NUMBER="2Б" OPERTYPEID="10" PREVID="0" NEXTID="0" UPDATEDATE="2024-09-05" STARTDATE="2024-09-05" ENDDATE="2079-06-06" ISACTUAL="1" ISACTIVE="1" /><STEAD ID="68611389" OBJECTID="165056845" OBJECTGUID="84575f73-dd28-4c53-a0f5-fd8d3f65d972" CHANGEID="600505760" NUMBER="73/1" OPERTYPEID="10" PREVID="0" NEXTID="0" UPDATEDATE="2024-09-05" STARTDATE="2024-09-05" ENDDATE="2079-06-06" ISACTUAL="1" ISACTIVE="1" /><STEAD ID="68611523" OBJECTID="165057031" OBJECTGUID="44f68764-8700-45b2-9ab1-5a95ef2a5354" CHANGEID="600506049" NUMBER="7" OPERTYPEID="10" PREVID="0" NEXTID="0" UPDATEDATE="2024-09-05" STARTDATE="2024-09-05" ENDDATE="2079-06-06" ISACTUAL="1" ISACTIVE="1" /><STEAD ID="68611747" OBJECTID="165057415" OBJECTGUID="8e59e6d7-aeea-4725-803f-490ccb9fbd2b" CHANGEID="600507183" NUMBER="1/1" OPERTYPEID="10" PREVID="0" NEXTID="0" UPDATEDATE="2024-09-05" STARTDATE="2024-09-05" ENDDATE="2079-06-06" ISACTUAL="1" ISACTIVE="1" /><STEAD ID="68611748" OBJECTID="165057416" OBJECTGUID="6b8d1532-cc1a-4372-a6ae-e11e6036d14a" CHANGEID="600507184" NUMBER="1/2" OPERTYPEID="10" PREVID="0" NEXTID="0" UPDATEDATE="2024-09-05" STARTDATE="2024-09-05" ENDDATE="2079-06-06" ISACTUAL="1" ISACTIVE="1" /><STEAD ID="68611749" OBJECTID="165057417" OBJECTGUID="65980317-3810-44fb-9c66-e9faaa74d783" CHANGEID="600507185" NUMBER="3" OPERTYPEID="10" PREVID="0" NEXTID="0" UPDATEDATE="2024-09-05" STARTDATE="2024-09-05" ENDDATE="2079-06-06" ISACTUAL="1" ISACTIVE="1" /><STEAD ID="68611750" OBJECTID="165057418" OBJECTGUID="610c6d35-20d7-4e2b-b9cc-1bf6412ffec8" CHANGEID="600507186" NUMBER="5" OPERTYPEID="10" PREVID="0" NEXTID="0" UPDATEDATE="2024-09-05" STARTDATE="2024-09-05" ENDDATE="2079-06-06" ISACTUAL="1" ISACTIVE="1" /><STEAD ID="68611751" OBJECTID="165057419" OBJECTGUID="dfd735e3-fede-431e-b2be-3f36721b8fb3" CHANGEID="600507187" NUMBER="7" OPERTYPEID="10" PREVID="0" NEXTID="0" UPDATEDATE="2024-09-05" STARTDATE="2024-09-05" ENDDATE="2079-06-06" ISACTUAL="1" ISACTIVE="1" /><STEAD ID="68611752" OBJECTID="165057420" OBJECTGUID="6c621fc9-8c98-48e0-852b-8eb39cacba2b" CHANGEID="600507188" NUMBER="9" OPERTYPEID="10" PREVID="0" NEXTID="0" UPDATEDATE="2024-09-05" STARTDATE="2024-09-05" ENDDATE="2079-06-06" ISACTUAL="1" ISACTIVE="1" /><STEAD ID="68611753" OBJECTID="165057421" OBJECTGUID="cfaae851-db75-4a79-81af-0e3ce854a434" CHANGEID="600507189" NUMBER="11" OPERTYPEID="10" PREVID="0" NEXTID="0" UPDATEDATE="2024-09-05" STARTDATE="2024-09-05" ENDDATE="2079-06-06" ISACTUAL="1" ISACTIVE="1" /><STEAD ID="68611754" OBJECTID="165057422" OBJECTGUID="e2f7dd81-0270-448d-ae89-03b43050c13a" CHANGEID="600507190" NUMBER="13" OPERTYPEID="10" PREVID="0" NEXTID="0" UPDATEDATE="2024-09-05" STARTDATE="2024-09-05" ENDDATE="2079-06-06" ISACTUAL="1" ISACTIVE="1" /><STEAD ID="68611755" OBJECTID="165057423" OBJECTGUID="21ddb45d-9ac1-4dba-ae2e-b7a0cdb5f4ca" CHANGEID="600507191" NUMBER="15" OPERTYPEID="10" PREVID="0" NEXTID="0" UPDATEDATE="2024-09-05" STARTDATE="2024-09-05" ENDDATE="2079-06-06" ISACTUAL="1" ISACTIVE="1" /><STEAD ID="68611756" OBJECTID="165057424" OBJECTGUID="cce64808-41c4-42a0-8603-6de2dc7e056f" CHANGEID="600507192" NUMBER="21" OPERTYPEID="10" PREVID="0" NEXTID="0" UPDATEDATE="2024-09-05" STARTDATE="2024-09-05" ENDDATE="2079-06-06" ISACTUAL="1" ISACTIVE="1" /><STEAD ID="68611757" OBJECTID="165057425" OBJECTGUID="676d70bc-58a9-4505-923b-0a0b003e799a" CHANGEID="600507193" NUMBER="23" OPERTYPEID="10" PREVID="0" NEXTID="0" UPDATEDATE="2024-09-05" STARTDATE="2024-09-05" ENDDATE="2079-06-06" ISACTUAL="1" ISACTIVE="1" /><STEAD ID="68611758" OBJECTID="165057426" OBJECTGUID="b994887e-a8be-4c00-aa31-a4ecf90bc2a7" CHANGEID="600507194" NUMBER="25" OPERTYPEID="10" PREVID="0" NEXTID="0" UPDATEDATE="2024-09-05" STARTDATE="2024-09-05" ENDDATE="2079-06-06" ISACTUAL="1" ISACTIVE="1" /><STEAD ID="68611759" OBJECTID="165057427" OBJECTGUID="f05f27be-efe6-47aa-99bf-1d7fed7cf80e" CHANGEID="600507195" NUMBER="27" OPERTYPEID="10" PREVID="0" NEXTID="0" UPDATEDATE="2024-09-05" STARTDATE="2024-09-05" ENDDATE="2079-06-06" ISACTUAL="1" ISACTIVE="1" /><STEAD ID="68611760" OBJECTID="165057428" OBJECTGUID="e11263ef-3936-43a0-823c-72ed9654a606" CHANGEID="600507196" NUMBER="29" OPERTYPEID="10" PREVID="0" NEXTID="0" UPDATEDATE="2024-09-05" STARTDATE="2024-09-05" ENDDATE="2079-06-06" ISACTUAL="1" ISACTIVE="1" /><STEAD ID="68611761" OBJECTID="165057429" OBJECTGUID="4f1cbe63-d318-4671-ad67-2f80cb3bf3ad" CHANGEID="600507197" NUMBER="31" OPERTYPEID="10" PREVID="0" NEXTID="0" UPDATEDATE="2024-09-05" STARTDATE="2024-09-05" ENDDATE="2079-06-06" ISACTUAL="1" ISACTIVE="1" /><STEAD ID="68611762" OBJECTID="165057430" OBJECTGUID="1ae19fcd-9a09-44c6-9cb1-40ea270159e4" CHANGEID="600507198" NUMBER="33" OPERTYPEID="10" PREVID="0" NEXTID="0" UPDATEDATE="2024-09-05" STARTDATE="2024-09-05" ENDDATE="2079-06-06" ISACTUAL="1" ISACTIVE="1" /><STEAD ID="68611780" OBJECTID="165057452" OBJECTGUID="22a5ad09-78e9-4e1d-9c07-926b016f223e" CHANGEID="600507225" NUMBER="7Б" OPERTYPEID="10" PREVID="0" NEXTID="0" UPDATEDATE="2024-09-05" STARTDATE="2024-09-05" ENDDATE="2079-06-06" ISACTUAL="1" ISACTIVE="1" /><STEAD ID="68614210" OBJECTID="165060909" OBJECTGUID="6d0d0009-9273-4a40-8b6d-ebcbbc8f4ba4" CHANGEID="600512243" NUMBER="34" OPERTYPEID="10" PREVID="0" NEXTID="0" UPDATEDATE="2024-09-05" STARTDATE="2024-09-05" ENDDATE="2079-06-06" ISACTUAL="1" ISACTIVE="1" /><STEAD ID="68614219" OBJECTID="165060931" OBJECTGUID="4ce4aaec-c5d7-4cf6-81d1-1ee0a093eaec" CHANGEID="600512295" NUMBER="94" OPERTYPEID="10" PREVID="0" NEXTID="0" UPDATEDATE="2024-09-05" STARTDATE="2024-09-05" ENDDATE="2079-06-06" ISACTUAL="1" ISACTIVE="1" /><STEAD ID="68614440" OBJECTID="165061184" OBJECTGUID="b019c685-a419-426a-918c-52e576e6991c" CHANGEID="600512726" NUMBER="1б" OPERTYPEID="10" PREVID="0" NEXTID="0" UPDATEDATE="2024-09-05" STARTDATE="2024-09-05" ENDDATE="2079-06-06" ISACTUAL="1" ISACTIVE="1" /><STEAD ID="68614982" OBJECTID="165061919" OBJECTGUID="2faa1248-3696-447a-98d3-164c117fc00f" CHANGEID="600513840" NUMBER="19" OPERTYPEID="10" PREVID="0" NEXTID="0" UPDATEDATE="2024-09-05" STARTDATE="2024-09-05" ENDDATE="2079-06-06" ISACTUAL="1" ISACTIVE="1" /><STEAD ID="10018556" OBJECTID="94551713" OBJECTGUID="f5d717fa-2052-45d2-96eb-6083a4348ba5" CHANGEID="137501412" NUMBER="12" OPERTYPEID="10" NEXTID="68619965" UPDATEDATE="2024-09-05" STARTDATE="2019-09-17" ENDDATE="2024-09-05" ISACTUAL="0" ISACTIVE="0" /><STEAD ID="68619965" OBJECTID="94551713" OBJECTGUID="f5d717fa-2052-45d2-96eb-6083a4348ba5" CHANGEID="600529800" NUMBER="14" OPERTYPEID="20" PREVID="10018556" UPDATEDATE="2024-09-05" STARTDATE="2024-09-05" ENDDATE="2079-06-06" ISACTUAL="1" ISACTIVE="1" /><STEAD ID="5227492" OBJECTID="89763625" OBJECTGUID="9b876be1-2c8d-4e38-8c52-8aa98655688b" CHANGEID="132275091" NUMBER="46а" OPERTYPEID="10" NEXTID="68620134" UPDATEDATE="2024-09-05" STARTDATE="2017-03-01" ENDDATE="2024-09-05" ISACTUAL="0" ISACTIVE="0" /><STEAD ID="68620134" OBJECTID="89763625" OBJECTGUID="9b876be1-2c8d-4e38-8c52-8aa98655688b" CHANGEID="600530116" NUMBER="46А" OPERTYPEID="20" PREVID="5227492" UPDATEDATE="2024-09-05" STARTDATE="2024-09-05" ENDDATE="2079-06-06" ISACTUAL="1" ISACTIVE="1" /><STEAD ID="68620427" OBJECTID="165072487" OBJECTGUID="ebb9ab5e-f295-454c-831e-06ceadf84aea" CHANGEID="600530899" NUMBER="29" OPERTYPEID="10" PREVID="0" NEXTID="0" UPDATEDATE="2024-09-05" STARTDATE="2024-09-05" ENDDATE="2079-06-06" ISACTUAL="1" ISACTIVE="1" /><STEAD ID="68620932" OBJECTID="165074182" OBJECTGUID="11b10698-c62b-4695-8f79-adb4e1023737" CHANGEID="600533251" NUMBER="42/1" OPERTYPEID="10" PREVID="0" NEXTID="0" UPDATEDATE="2024-09-05" STARTDATE="2024-09-05" ENDDATE="2079-06-06" ISACTUAL="1" ISACTIVE="1" /><STEAD ID="68620940" OBJECTID="165074191" OBJECTGUID="474db64f-6729-4c93-9599-ef537aea3acc" CHANGEID="600533277" NUMBER="42/2" OPERTYPEID="10" PREVID="0" NEXTID="0" UPDATEDATE="2024-09-05" STARTDATE="2024-09-05" ENDDATE="2079-06-06" ISACTUAL="1" ISACTIVE="1" /><STEAD ID="68621684" OBJECTID="165075813" OBJECTGUID="efe87863-c6ec-4334-858f-e6c3c3a92c47" CHANGEID="600536322" NUMBER="577" OPERTYPEID="10" PREVID="0" NEXTID="0" UPDATEDATE="2024-09-05" STARTDATE="2024-09-05" ENDDATE="2079-06-06" ISACTUAL="1" ISACTIVE="1" /><STEAD ID="68622158" OBJECTID="165077472" OBJECTGUID="d83dda0d-f811-4e67-94f3-9aa64427d2fa" CHANGEID="600538615" NUMBER="5А" OPERTYPEID="10" PREVID="0" NEXTID="0" UPDATEDATE="2024-09-05" STARTDATE="2024-09-05" ENDDATE="2079-06-06" ISACTUAL="1" ISACTIVE="1" /><STEAD ID="68622319" OBJECTID="165077724" OBJECTGUID="7fcd644d-b191-4e9b-b7be-fe4ba0a5fd91" CHANGEID="600539038" NUMBER="1" OPERTYPEID="10" PREVID="0" NEXTID="0" UPDATEDATE="2024-09-05" STARTDATE="2024-09-05" ENDDATE="2079-06-06" ISACTUAL="1" ISACTIVE="1" /><STEAD ID="68622311" OBJECTID="165077711" OBJECTGUID="34f9ebd3-d2d6-4ad4-87c8-b1051ff8cbe4" CHANGEID="600539020" NUMBER="10" OPERTYPEID="10" PREVID="0" NEXTID="0" UPDATEDATE="2024-09-05" STARTDATE="2024-09-05" ENDDATE="2079-06-06" ISACTUAL="1" ISACTIVE="1" /><STEAD ID="68627881" OBJECTID="165090107" OBJECTGUID="26929147-e533-4b90-98af-3db4832870f5" CHANGEID="600560314" NUMBER="385" OPERTYPEID="10" PREVID="0" NEXTID="0" UPDATEDATE="2024-09-06" STARTDATE="2024-09-06" ENDDATE="2079-06-06" ISACTUAL="1" ISACTIVE="1" /><STEAD ID="68627882" OBJECTID="165090108" OBJECTGUID="5bebe42d-776f-404f-9ff8-8c71ad8bfabe" CHANGEID="600560315" NUMBER="6" OPERTYPEID="10" PREVID="0" NEXTID="0" UPDATEDATE="2024-09-06" STARTDATE="2024-09-06" ENDDATE="2079-06-06" ISACTUAL="1" ISACTIVE="1" /><STEAD ID="68627883" OBJECTID="165090109" OBJECTGUID="10e4183d-617b-40cf-988b-fde43fd6024a" CHANGEID="600560316" NUMBER="528" OPERTYPEID="10" PREVID="0" NEXTID="0" UPDATEDATE="2024-09-06" STARTDATE="2024-09-06" ENDDATE="2079-06-06" ISACTUAL="1" ISACTIVE="1" /><STEAD ID="68627884" OBJECTID="165090110" OBJECTGUID="b90d8ec9-fe9a-4446-b26a-d6052c195019" CHANGEID="600560317" NUMBER="23" OPERTYPEID="10" PREVID="0" NEXTID="0" UPDATEDATE="2024-09-06" STARTDATE="2024-09-06" ENDDATE="2079-06-06" ISACTUAL="1" ISACTIVE="1" /><STEAD ID="68627885" OBJECTID="165090111" OBJECTGUID="2a5025d9-a466-4441-bc9e-8314f9b309ae" CHANGEID="600560319" NUMBER="46" OPERTYPEID="10" PREVID="0" NEXTID="0" UPDATEDATE="2024-09-06" STARTDATE="2024-09-06" ENDDATE="2079-06-06" ISACTUAL="1" ISACTIVE="1" /><STEAD ID="68628245" OBJECTID="165090724" OBJECTGUID="cf502328-eeb6-45a4-a9f2-143459bdcc3e" CHANGEID="600561109" NUMBER="20" OPERTYPEID="10" PREVID="0" NEXTID="0" UPDATEDATE="2024-09-06" STARTDATE="2024-09-06" ENDDATE="2079-06-06" ISACTUAL="1" ISACTIVE="1" /><STEAD ID="68628948" OBJECTID="165091816" OBJECTGUID="12dc5d26-5167-4eb2-90aa-df137e44a775" CHANGEID="600562688" NUMBER="14" OPERTYPEID="10" PREVID="0" NEXTID="0" UPDATEDATE="2024-09-06" STARTDATE="2024-09-06" ENDDATE="2079-06-06" ISACTUAL="1" ISACTIVE="1" /><STEAD ID="68628950" OBJECTID="165091819" OBJECTGUID="025ccdaa-42c5-403a-ae6d-d7db15bfad10" CHANGEID="600562694" NUMBER="7А" OPERTYPEID="10" PREVID="0" NEXTID="0" UPDATEDATE="2024-09-06" STARTDATE="2024-09-06" ENDDATE="2079-06-06" ISACTUAL="1" ISACTIVE="1" /><STEAD ID="68628951" OBJECTID="165091820" OBJECTGUID="d8591160-c372-4d57-9118-64ed720cc4cb" CHANGEID="600562696" NUMBER="5" OPERTYPEID="10" PREVID="0" NEXTID="0" UPDATEDATE="2024-09-06" STARTDATE="2024-09-06" ENDDATE="2079-06-06" ISACTUAL="1" ISACTIVE="1" /><STEAD ID="68629309" OBJECTID="165092224" OBJECTGUID="7b41cb81-8c1d-4b9a-9145-037bbbeb53f3" CHANGEID="600563602" NUMBER="97" OPERTYPEID="10" PREVID="0" NEXTID="0" UPDATEDATE="2024-09-06" STARTDATE="2024-09-06" ENDDATE="2079-06-06" ISACTUAL="1" ISACTIVE="1" /><STEAD ID="68630849" OBJECTID="165094951" OBJECTGUID="328058c9-b28f-4ee2-98a8-7df8a8708a16" CHANGEID="600568813" NUMBER="9" OPERTYPEID="10" PREVID="0" NEXTID="0" UPDATEDATE="2024-09-06" STARTDATE="2024-09-06" ENDDATE="2079-06-06" ISACTUAL="1" ISACTIVE="1" /><STEAD ID="68631431" OBJECTID="165096204" OBJECTGUID="2abc8685-3f2a-48b2-b3ee-a838b0cddc8e" CHANGEID="600571019" NUMBER="13" OPERTYPEID="10" PREVID="0" NEXTID="0" UPDATEDATE="2024-09-06" STARTDATE="2024-09-06" ENDDATE="2079-06-06" ISACTUAL="1" ISACTIVE="1" /><STEAD ID="68631405" OBJECTID="165096158" OBJECTGUID="bb8be332-9a21-4555-bb9b-3a8fc9a4131e" CHANGEID="600570917" NUMBER="1" OPERTYPEID="10" PREVID="0" NEXTID="0" UPDATEDATE="2024-09-06" STARTDATE="2024-09-06" ENDDATE="2079-06-06" ISACTUAL="1" ISACTIVE="1" /><STEAD ID="68631415" OBJECTID="165096180" OBJECTGUID="08f0340d-d3b3-47f1-98c9-3211b3451d6b" CHANGEID="600570957" NUMBER="4А" OPERTYPEID="10" PREVID="0" NEXTID="0" UPDATEDATE="2024-09-06" STARTDATE="2024-09-06" ENDDATE="2079-06-06" ISACTUAL="1" ISACTIVE="1" /><STEAD ID="68631424" OBJECTID="165096192" OBJECTGUID="e978f1b4-20e3-4193-b5d2-1c0993f0e285" CHANGEID="600570979" NUMBER="6" OPERTYPEID="10" PREVID="0" NEXTID="0" UPDATEDATE="2024-09-06" STARTDATE="2024-09-06" ENDDATE="2079-06-06" ISACTUAL="1" ISACTIVE="1" /><STEAD ID="68631445" OBJECTID="165096248" OBJECTGUID="b8bba7d1-0518-41a3-9525-56d69031c3b3" CHANGEID="600571078" NUMBER="4" OPERTYPEID="10" PREVID="0" NEXTID="0" UPDATEDATE="2024-09-06" STARTDATE="2024-09-06" ENDDATE="2079-06-06" ISACTUAL="1" ISACTIVE="1" /><STEAD ID="68631748" OBJECTID="165096938" OBJECTGUID="ff79983f-23c0-4aa2-8db8-80ec15ddd8de" CHANGEID="600572847" NUMBER="5Б" OPERTYPEID="10" PREVID="0" NEXTID="0" UPDATEDATE="2024-09-06" STARTDATE="2024-09-06" ENDDATE="2079-06-06" ISACTUAL="1" ISACTIVE="1" /><STEAD ID="68632510" OBJECTID="165097424" OBJECTGUID="713b6342-6c11-4d6f-9bd9-1e9b2fa0baa7" CHANGEID="600574409" NUMBER="41А" OPERTYPEID="10" PREVID="0" NEXTID="0" UPDATEDATE="2024-09-06" STARTDATE="2024-09-06" ENDDATE="2079-06-06" ISACTUAL="1" ISACTIVE="1" /><STEAD ID="68632530" OBJECTID="165097449" OBJECTGUID="d6ec193d-f0d3-4508-896e-28968e73349a" CHANGEID="600574470" NUMBER="1А" OPERTYPEID="10" PREVID="0" NEXTID="0" UPDATEDATE="2024-09-06" STARTDATE="2024-09-06" ENDDATE="2079-06-06" ISACTUAL="1" ISACTIVE="1" /><STEAD ID="68632597" OBJECTID="165097658" OBJECTGUID="bf028222-ce85-4022-a936-1aef048746b8" CHANGEID="600574759" NUMBER="18" OPERTYPEID="10" PREVID="0" NEXTID="0" UPDATEDATE="2024-09-06" STARTDATE="2024-09-06" ENDDATE="2079-06-06" ISACTUAL="1" ISACTIVE="1" /><STEAD ID="68632636" OBJECTID="165097714" OBJECTGUID="e247a37c-8646-420d-9735-6ef1ec3ca433" CHANGEID="600574876" NUMBER="3" OPERTYPEID="10" PREVID="0" NEXTID="0" UPDATEDATE="2024-09-06" STARTDATE="2024-09-06" ENDDATE="2079-06-06" ISACTUAL="1" ISACTIVE="1" /><STEAD ID="68632601" OBJECTID="165097661" OBJECTGUID="897d4d50-5703-4932-b4f5-e3d2486653db" CHANGEID="600574768" NUMBER="1/1" OPERTYPEID="10" PREVID="0" NEXTID="0" UPDATEDATE="2024-09-06" STARTDATE="2024-09-06" ENDDATE="2079-06-06" ISACTUAL="1" ISACTIVE="1" /><STEAD ID="68633408" OBJECTID="165099055" OBJECTGUID="0f810513-546a-41e5-aa41-02e0949d5aa6" CHANGEID="600577299" NUMBER="9" OPERTYPEID="10" PREVID="0" NEXTID="0" UPDATEDATE="2024-09-06" STARTDATE="2024-09-06" ENDDATE="2079-06-06" ISACTUAL="1" ISACTIVE="1" /><STEAD ID="68633417" OBJECTID="165099069" OBJECTGUID="fcced22a-2a14-4138-bef9-a7c6a14750c9" CHANGEID="600577335" NUMBER="12" OPERTYPEID="10" PREVID="0" NEXTID="0" UPDATEDATE="2024-09-06" STARTDATE="2024-09-06" ENDDATE="2079-06-06" ISACTUAL="1" ISACTIVE="1" /><STEAD ID="68634797" OBJECTID="165101465" OBJECTGUID="d1e8bc3f-c8fe-4439-aec5-20db85585411" CHANGEID="600581483" NUMBER="1А" OPERTYPEID="10" PREVID="0" NEXTID="0" UPDATEDATE="2024-09-06" STARTDATE="2024-09-06" ENDDATE="2079-06-06" ISACTUAL="1" ISACTIVE="1" /><STEAD ID="68635300" OBJECTID="165102386" OBJECTGUID="69cdb357-4b38-42aa-af90-d8091b0ead17" CHANGEID="600583156" NUMBER="7А" OPERTYPEID="10" PREVID="0" NEXTID="0" UPDATEDATE="2024-09-06" STARTDATE="2024-09-06" ENDDATE="2079-06-06" ISACTUAL="1" ISACTIVE="1" /><STEAD ID="68635348" OBJECTID="165102474" OBJECTGUID="f2abae0e-a2e6-486e-9b54-4e5a48791024" CHANGEID="600583331" NUMBER="4А" OPERTYPEID="10" PREVID="0" NEXTID="0" UPDATEDATE="2024-09-06" STARTDATE="2024-09-06" ENDDATE="2079-06-06" ISACTUAL="1" ISACTIVE="1" /><STEAD ID="68636812" OBJECTID="165104272" OBJECTGUID="ecbf2418-3519-4b6d-97ea-708ded1a8695" CHANGEID="600586701" NUMBER="1А" OPERTYPEID="10" PREVID="0" NEXTID="0" UPDATEDATE="2024-09-06" STARTDATE="2024-09-06" ENDDATE="2079-06-06" ISACTUAL="1" ISACTIVE="1" /><STEAD ID="68644053" OBJECTID="165116448" OBJECTGUID="f2e5b937-29bc-4130-85dd-6a8c431a116f" CHANGEID="600736820" NUMBER="775" OPERTYPEID="10" PREVID="0" NEXTID="0" UPDATEDATE="2024-09-09" STARTDATE="2024-09-09" ENDDATE="2079-06-06" ISACTUAL="1" ISACTIVE="1" /><STEAD ID="68644054" OBJECTID="165116449" OBJECTGUID="1ee8560c-bd0a-420f-bc7d-cf5c34d715e1" CHANGEID="600736821" NUMBER="775А" OPERTYPEID="10" PREVID="0" NEXTID="0" UPDATEDATE="2024-09-09" STARTDATE="2024-09-09" ENDDATE="2079-06-06" ISACTUAL="1" ISACTIVE="1" /><STEAD ID="68644055" OBJECTID="165116450" OBJECTGUID="2511e945-539f-46a0-8490-b7bbe6be78f7" CHANGEID="600736825" NUMBER="589А" OPERTYPEID="10" PREVID="0" NEXTID="0" UPDATEDATE="2024-09-09" STARTDATE="2024-09-09" ENDDATE="2079-06-06" ISACTUAL="1" ISACTIVE="1" /><STEAD ID="68644056" OBJECTID="165116456" OBJECTGUID="7535a83a-c9ad-4a37-8d17-ff65322fe728" CHANGEID="600736831" NUMBER="748" OPERTYPEID="10" PREVID="0" NEXTID="0" UPDATEDATE="2024-09-09" STARTDATE="2024-09-09" ENDDATE="2079-06-06" ISACTUAL="1" ISACTIVE="1" /><STEAD ID="68644122" OBJECTID="165116566" OBJECTGUID="99a7563e-37fb-46db-822d-efef5b9067e0" CHANGEID="600737108" NUMBER="749А" OPERTYPEID="10" PREVID="0" NEXTID="0" UPDATEDATE="2024-09-09" STARTDATE="2024-09-09" ENDDATE="2079-06-06" ISACTUAL="1" ISACTIVE="1" /><STEAD ID="68644124" OBJECTID="165116568" OBJECTGUID="da5c48e4-2841-44a4-aaf3-f4bb90cf1302" CHANGEID="600737110" NUMBER="747" OPERTYPEID="10" PREVID="0" NEXTID="0" UPDATEDATE="2024-09-09" STARTDATE="2024-09-09" ENDDATE="2079-06-06" ISACTUAL="1" ISACTIVE="1" /><STEAD ID="68644126" OBJECTID="165116570" OBJECTGUID="31b644e2-b330-4313-812a-8aff3e2c8bf6" CHANGEID="600737112" NUMBER="706А" OPERTYPEID="10" PREVID="0" NEXTID="0" UPDATEDATE="2024-09-09" STARTDATE="2024-09-09" ENDDATE="2079-06-06" ISACTUAL="1" ISACTIVE="1" /><STEAD ID="68644128" OBJECTID="165116572" OBJECTGUID="9262c0f4-a0ee-4d90-bb48-cbb82de3ebfc" CHANGEID="600737114" NUMBER="865А" OPERTYPEID="10" PREVID="0" NEXTID="0" UPDATEDATE="2024-09-09" STARTDATE="2024-09-09" ENDDATE="2079-06-06" ISACTUAL="1" ISACTIVE="1" /><STEAD ID="68644121" OBJECTID="165116565" OBJECTGUID="2544fc2c-2f86-4618-811e-a1289d0b29d5" CHANGEID="600737107" NUMBER="749" OPERTYPEID="10" PREVID="0" NEXTID="0" UPDATEDATE="2024-09-09" STARTDATE="2024-09-09" ENDDATE="2079-06-06" ISACTUAL="1" ISACTIVE="1" /><STEAD ID="68644123" OBJECTID="165116567" OBJECTGUID="034df251-203b-4487-8c3a-d99dba53d5ee" CHANGEID="600737109" NUMBER="197А" OPERTYPEID="10" PREVID="0" NEXTID="0" UPDATEDATE="2024-09-09" STARTDATE="2024-09-09" ENDDATE="2079-06-06" ISACTUAL="1" ISACTIVE="1" /><STEAD ID="68644125" OBJECTID="165116569" OBJECTGUID="8444c3a2-fc4c-4c91-a103-e555b58270a9" CHANGEID="600737111" NUMBER="748А" OPERTYPEID="10" PREVID="0" NEXTID="0" UPDATEDATE="2024-09-09" STARTDATE="2024-09-09" ENDDATE="2079-06-06" ISACTUAL="1" ISACTIVE="1" /><STEAD ID="68644127" OBJECTID="165116571" OBJECTGUID="dba1ca02-6607-44ff-9531-308ca730a5c8" CHANGEID="600737113" NUMBER="706" OPERTYPEID="10" PREVID="0" NEXTID="0" UPDATEDATE="2024-09-09" STARTDATE="2024-09-09" ENDDATE="2079-06-06" ISACTUAL="1" ISACTIVE="1" /><STEAD ID="68644238" OBJECTID="165116737" OBJECTGUID="42764191-c3d0-447a-a381-3c1741273dd7" CHANGEID="600737435" NUMBER="865" OPERTYPEID="10" PREVID="0" NEXTID="0" UPDATEDATE="2024-09-09" STARTDATE="2024-09-09" ENDDATE="2079-06-06" ISACTUAL="1" ISACTIVE="1" /><STEAD ID="68644239" OBJECTID="165116738" OBJECTGUID="b72355cf-455f-4bf1-95f2-9bf3c7142c92" CHANGEID="600737437" NUMBER="12А" OPERTYPEID="10" PREVID="0" NEXTID="0" UPDATEDATE="2024-09-09" STARTDATE="2024-09-09" ENDDATE="2079-06-06" ISACTUAL="1" ISACTIVE="1" /><STEAD ID="68644250" OBJECTID="165116749" OBJECTGUID="8f0a064d-ae46-4232-8572-5dcf9ccb164c" CHANGEID="600737448" NUMBER="41" OPERTYPEID="10" PREVID="0" NEXTID="0" UPDATEDATE="2024-09-09" STARTDATE="2024-09-09" ENDDATE="2079-06-06" ISACTUAL="1" ISACTIVE="1" /><STEAD ID="68644265" OBJECTID="165116805" OBJECTGUID="4cdf9bd1-c02a-4d4c-944f-c21840eceada" CHANGEID="600737505" NUMBER="5/2" OPERTYPEID="10" PREVID="0" NEXTID="0" UPDATEDATE="2024-09-09" STARTDATE="2024-09-09" ENDDATE="2079-06-06" ISACTUAL="1" ISACTIVE="1" /><STEAD ID="68644240" OBJECTID="165116739" OBJECTGUID="28b16f72-4cdd-4a6b-8eb6-f6445c94b8d2" CHANGEID="600737438" NUMBER="1а" OPERTYPEID="10" PREVID="0" NEXTID="0" UPDATEDATE="2024-09-09" STARTDATE="2024-09-09" ENDDATE="2079-06-06" ISACTUAL="1" ISACTIVE="1" /><STEAD ID="68644249" OBJECTID="165116748" OBJECTGUID="e2617f14-1ade-42f4-9bef-38bf0e744c35" CHANGEID="600737447" NUMBER="10" OPERTYPEID="10" PREVID="0" NEXTID="0" UPDATEDATE="2024-09-09" STARTDATE="2024-09-09" ENDDATE="2079-06-06" ISACTUAL="1" ISACTIVE="1" /><STEAD ID="68644263" OBJECTID="165116802" OBJECTGUID="b8365a59-ab60-4729-a951-abbfa9182461" CHANGEID="600737502" NUMBER="4" OPERTYPEID="10" PREVID="0" NEXTID="0" UPDATEDATE="2024-09-09" STARTDATE="2024-09-09" ENDDATE="2079-06-06" ISACTUAL="1" ISACTIVE="1" /><STEAD ID="68644264" OBJECTID="165116804" OBJECTGUID="9a5ccd6a-5b7c-4ec1-a562-78c4cb2eef37" CHANGEID="600737504" NUMBER="5/1" OPERTYPEID="10" PREVID="0" NEXTID="0" UPDATEDATE="2024-09-09" STARTDATE="2024-09-09" ENDDATE="2079-06-06" ISACTUAL="1" ISACTIVE="1" /><STEAD ID="68644271" OBJECTID="165116816" OBJECTGUID="74afdba1-acd6-4e48-9bbc-04d67c8be028" CHANGEID="600737519" NUMBER="3" OPERTYPEID="10" PREVID="0" NEXTID="0" UPDATEDATE="2024-09-09" STARTDATE="2024-09-09" ENDDATE="2079-06-06" ISACTUAL="1" ISACTIVE="1" /><STEAD ID="68644274" OBJECTID="165116821" OBJECTGUID="32ec4e97-999c-4153-b7a6-9946e8397cb5" CHANGEID="600737525" NUMBER="12/2" OPERTYPEID="10" PREVID="0" NEXTID="0" UPDATEDATE="2024-09-09" STARTDATE="2024-09-09" ENDDATE="2079-06-06" ISACTUAL="1" ISACTIVE="1" /><STEAD ID="68644300" OBJECTID="165116849" OBJECTGUID="89a4cb9a-dabc-432f-a24e-b0fe8796b131" CHANGEID="600737561" NUMBER="21" OPERTYPEID="10" PREVID="0" NEXTID="0" UPDATEDATE="2024-09-09" STARTDATE="2024-09-09" ENDDATE="2079-06-06" ISACTUAL="1" ISACTIVE="1" /><STEAD ID="68644301" OBJECTID="165116851" OBJECTGUID="5aac2eee-438a-40ab-bf5c-175f6d52b44f" CHANGEID="600737563" NUMBER="26/2" OPERTYPEID="10" PREVID="0" NEXTID="0" UPDATEDATE="2024-09-09" STARTDATE="2024-09-09" ENDDATE="2079-06-06" ISACTUAL="1" ISACTIVE="1" /><STEAD ID="68644303" OBJECTID="165116853" OBJECTGUID="a2e71bbd-63d0-4bfe-972a-9215f18e73b1" CHANGEID="600737565" NUMBER="645" OPERTYPEID="10" PREVID="0" NEXTID="0" UPDATEDATE="2024-09-09" STARTDATE="2024-09-09" ENDDATE="2079-06-06" ISACTUAL="1" ISACTIVE="1" /><STEAD ID="68644269" OBJECTID="165116811" OBJECTGUID="a4dbaa41-b2ae-47a9-af98-25b2c02fa713" CHANGEID="600737513" NUMBER="1" OPERTYPEID="10" PREVID="0" NEXTID="0" UPDATEDATE="2024-09-09" STARTDATE="2024-09-09" ENDDATE="2079-06-06" ISACTUAL="1" ISACTIVE="1" /><STEAD ID="68644289" OBJECTID="165116837" OBJECTGUID="dd351a92-a49c-4761-8d39-48497c5c063c" CHANGEID="600737544" NUMBER="10/1" OPERTYPEID="10" PREVID="0" NEXTID="0" UPDATEDATE="2024-09-09" STARTDATE="2024-09-09" ENDDATE="2079-06-06" ISACTUAL="1" ISACTIVE="1" /><STEAD ID="68644294" OBJECTID="165116842" OBJECTGUID="bfd03e73-08f3-455f-8bd8-21f0168a82e4" CHANGEID="600737550" NUMBER="10/2" OPERTYPEID="10" PREVID="0" NEXTID="0" UPDATEDATE="2024-09-09" STARTDATE="2024-09-09" ENDDATE="2079-06-06" ISACTUAL="1" ISACTIVE="1" /><STEAD ID="68644299" OBJECTID="165116848" OBJECTGUID="5eacd7ae-989c-461a-86b6-9d8e6cc81545" CHANGEID="600737560" NUMBER="26/1" OPERTYPEID="10" PREVID="0" NEXTID="0" UPDATEDATE="2024-09-09" STARTDATE="2024-09-09" ENDDATE="2079-06-06" ISACTUAL="1" ISACTIVE="1" /><STEAD ID="68644433" OBJECTID="165117049" OBJECTGUID="e63f7b09-a07b-46f5-b6f6-3eb75f78ca0c" CHANGEID="600737925" NUMBER="7а" OPERTYPEID="10" PREVID="0" NEXTID="0" UPDATEDATE="2024-09-09" STARTDATE="2024-09-09" ENDDATE="2079-06-06" ISACTUAL="1" ISACTIVE="1" /><STEAD ID="68644410" OBJECTID="165117019" OBJECTGUID="fd08bfd0-cf24-43fe-9d6b-4c54817aebb9" CHANGEID="600737894" NUMBER="1" OPERTYPEID="10" PREVID="0" NEXTID="0" UPDATEDATE="2024-09-09" STARTDATE="2024-09-09" ENDDATE="2079-06-06" ISACTUAL="1" ISACTIVE="1" /><STEAD ID="68644770" OBJECTID="165117491" OBJECTGUID="143d90c6-3f38-46c9-a3e5-2d8b7247977c" CHANGEID="600738781" NUMBER="12а" OPERTYPEID="10" PREVID="0" NEXTID="0" UPDATEDATE="2024-09-09" STARTDATE="2024-09-09" ENDDATE="2079-06-06" ISACTUAL="1" ISACTIVE="1" /><STEAD ID="68645031" OBJECTID="165117886" OBJECTGUID="43964ef2-c528-4412-ab1a-4bda92d95865" CHANGEID="600739436" NUMBER="12В" OPERTYPEID="10" PREVID="0" NEXTID="0" UPDATEDATE="2024-09-09" STARTDATE="2024-09-09" ENDDATE="2079-06-06" ISACTUAL="1" ISACTIVE="1" /><STEAD ID="68645032" OBJECTID="165117887" OBJECTGUID="c675a9cd-954f-4d08-b04a-b391ad7a4dff" CHANGEID="600739437" NUMBER="26В" OPERTYPEID="10" PREVID="0" NEXTID="0" UPDATEDATE="2024-09-09" STARTDATE="2024-09-09" ENDDATE="2079-06-06" ISACTUAL="1" ISACTIVE="1" /><STEAD ID="68645478" OBJECTID="165118672" OBJECTGUID="ed5f9460-d4ff-4d5c-bee1-db10f3711aac" CHANGEID="600740513" NUMBER="53а" OPERTYPEID="10" PREVID="0" NEXTID="0" UPDATEDATE="2024-09-09" STARTDATE="2024-09-09" ENDDATE="2079-06-06" ISACTUAL="1" ISACTIVE="1" /><STEAD ID="68653772" OBJECTID="165132116" OBJECTGUID="0e5e0d09-8aaf-40af-9437-2024fee669fe" CHANGEID="600761714" NUMBER="25/1" OPERTYPEID="10" PREVID="0" NEXTID="0" UPDATEDATE="2024-09-09" STARTDATE="2024-09-09" ENDDATE="2079-06-06" ISACTUAL="1" ISACTIVE="1" /><STEAD ID="68655564" OBJECTID="165134536" OBJECTGUID="f351a3f6-47cb-4d14-8fd7-2a792c87c7fe" CHANGEID="600765055" NUMBER="25/2" OPERTYPEID="10" PREVID="0" NEXTID="0" UPDATEDATE="2024-09-09" STARTDATE="2024-09-09" ENDDATE="2079-06-06" ISACTUAL="1" ISACTIVE="1" /><STEAD ID="68655653" OBJECTID="165134681" OBJECTGUID="3e56a268-94b3-4771-80c8-d5db7a002195" CHANGEID="600765252" NUMBER="30/1" OPERTYPEID="10" PREVID="0" NEXTID="0" UPDATEDATE="2024-09-09" STARTDATE="2024-09-09" ENDDATE="2079-06-06" ISACTUAL="1" ISACTIVE="1" /><STEAD ID="68656378" OBJECTID="165136206" OBJECTGUID="ead09d4d-b463-4f99-9ba8-00016c2c1b13" CHANGEID="600767173" NUMBER="19" OPERTYPEID="10" PREVID="0" NEXTID="0" UPDATEDATE="2024-09-09" STARTDATE="2024-09-09" ENDDATE="2079-06-06" ISACTUAL="1" ISACTIVE="1" /><STEAD ID="68656407" OBJECTID="165136249" OBJECTGUID="338b5e5a-393d-4786-9072-1b77dad472cf" CHANGEID="600767241" NUMBER="33" OPERTYPEID="10" PREVID="0" NEXTID="0" UPDATEDATE="2024-09-09" STARTDATE="2024-09-09" ENDDATE="2079-06-06" ISACTUAL="1" ISACTIVE="1" /><STEAD ID="68656498" OBJECTID="165136404" OBJECTGUID="3bee3575-eec5-4509-a380-73707b5bdfab" CHANGEID="600767476" NUMBER="15" OPERTYPEID="10" PREVID="0" NEXTID="0" UPDATEDATE="2024-09-09" STARTDATE="2024-09-09" ENDDATE="2079-06-06" ISACTUAL="1" ISACTIVE="1" /><STEAD ID="68656500" OBJECTID="165136405" OBJECTGUID="f30abbf4-8ad7-4980-89b6-c10ff7f08aac" CHANGEID="600767488" NUMBER="23" OPERTYPEID="10" PREVID="0" NEXTID="0" UPDATEDATE="2024-09-09" STARTDATE="2024-09-09" ENDDATE="2079-06-06" ISACTUAL="1" ISACTIVE="1" /><STEAD ID="68656564" OBJECTID="165136470" OBJECTGUID="805873cd-b31b-43ad-8d0b-b294ad2637f1" CHANGEID="600767600" NUMBER="16А" OPERTYPEID="10" PREVID="0" NEXTID="0" UPDATEDATE="2024-09-09" STARTDATE="2024-09-09" ENDDATE="2079-06-06" ISACTUAL="1" ISACTIVE="1" /><STEAD ID="68657803" OBJECTID="165139162" OBJECTGUID="ee6593d0-75e0-4ac7-9ef8-515102bccbe2" CHANGEID="600772711" NUMBER="9" OPERTYPEID="10" PREVID="0" NEXTID="0" UPDATEDATE="2024-09-09" STARTDATE="2024-09-09" ENDDATE="2079-06-06" ISACTUAL="1" ISACTIVE="1" /><STEAD ID="68657903" OBJECTID="165139288" OBJECTGUID="298a4ec6-3edc-490c-be7a-fa0654bf9959" CHANGEID="600772948" NUMBER="9" OPERTYPEID="10" PREVID="0" NEXTID="0" UPDATEDATE="2024-09-09" STARTDATE="2024-09-09" ENDDATE="2079-06-06" ISACTUAL="1" ISACTIVE="1" /><STEAD ID="68658897" OBJECTID="165141574" OBJECTGUID="26319f50-4493-4347-80b9-9bed65b768db" CHANGEID="600776879" NUMBER="8А" OPERTYPEID="10" PREVID="0" NEXTID="0" UPDATEDATE="2024-09-09" STARTDATE="2024-09-09" ENDDATE="2079-06-06" ISACTUAL="1" ISACTIVE="1" /><STEAD ID="68664413" OBJECTID="165151062" OBJECTGUID="ca8d02d3-21a7-4f58-ad78-1d6c794e59ed" CHANGEID="600796293" NUMBER="27" OPERTYPEID="10" PREVID="0" NEXTID="0" UPDATEDATE="2024-09-10" STARTDATE="2024-09-10" ENDDATE="2079-06-06" ISACTUAL="1" ISACTIVE="1" /><STEAD ID="68664414" OBJECTID="165151063" OBJECTGUID="1884cd4e-d771-4e52-8c1e-189ff9ee9297" CHANGEID="600796294" NUMBER="28" OPERTYPEID="10" PREVID="0" NEXTID="0" UPDATEDATE="2024-09-10" STARTDATE="2024-09-10" ENDDATE="2079-06-06" ISACTUAL="1" ISACTIVE="1" /><STEAD ID="68664415" OBJECTID="165151064" OBJECTGUID="ac790cc8-3c9b-42ed-a2d6-ef94d6877e65" CHANGEID="600796295" NUMBER="28А" OPERTYPEID="10" PREVID="0" NEXTID="0" UPDATEDATE="2024-09-10" STARTDATE="2024-09-10" ENDDATE="2079-06-06" ISACTUAL="1" ISACTIVE="1" /><STEAD ID="68664416" OBJECTID="165151065" OBJECTGUID="84b4e706-40d2-4b1a-8af3-3d677005d964" CHANGEID="600796296" NUMBER="29/1" OPERTYPEID="10" PREVID="0" NEXTID="0" UPDATEDATE="2024-09-10" STARTDATE="2024-09-10" ENDDATE="2079-06-06" ISACTUAL="1" ISACTIVE="1" /><STEAD ID="68664417" OBJECTID="165151066" OBJECTGUID="25207a10-a12a-4300-86f3-2b0e103aa83b" CHANGEID="600796297" NUMBER="29/2" OPERTYPEID="10" PREVID="0" NEXTID="0" UPDATEDATE="2024-09-10" STARTDATE="2024-09-10" ENDDATE="2079-06-06" ISACTUAL="1" ISACTIVE="1" /><STEAD ID="68664418" OBJECTID="165151067" OBJECTGUID="dd9a8f1a-b000-4e8b-8c8d-bb0ae85c4ad1" CHANGEID="600796298" NUMBER="30" OPERTYPEID="10" PREVID="0" NEXTID="0" UPDATEDATE="2024-09-10" STARTDATE="2024-09-10" ENDDATE="2079-06-06" ISACTUAL="1" ISACTIVE="1" /><STEAD ID="68664419" OBJECTID="165151068" OBJECTGUID="89c2ef4f-012c-4e75-b533-ab9e60beac13" CHANGEID="600796299" NUMBER="31/1" OPERTYPEID="10" PREVID="0" NEXTID="0" UPDATEDATE="2024-09-10" STARTDATE="2024-09-10" ENDDATE="2079-06-06" ISACTUAL="1" ISACTIVE="1" /><STEAD ID="68664420" OBJECTID="165151069" OBJECTGUID="e4049066-6405-451d-9c37-a0d11e9b4247" CHANGEID="600796300" NUMBER="31/2" OPERTYPEID="10" PREVID="0" NEXTID="0" UPDATEDATE="2024-09-10" STARTDATE="2024-09-10" ENDDATE="2079-06-06" ISACTUAL="1" ISACTIVE="1" /><STEAD ID="68664421" OBJECTID="165151070" OBJECTGUID="c1c48e24-8fa7-4699-b1a6-1eecdf07ed61" CHANGEID="600796301" NUMBER="33/1" OPERTYPEID="10" PREVID="0" NEXTID="0" UPDATEDATE="2024-09-10" STARTDATE="2024-09-10" ENDDATE="2079-06-06" ISACTUAL="1" ISACTIVE="1" /><STEAD ID="68664466" OBJECTID="164909063" OBJECTGUID="6bf57ea1-f1cd-4749-9a75-d3e88ebe6792" CHANGEID="600796371" NUMBER="18" OPERTYPEID="50" PREVID="68536527" UPDATEDATE="2024-09-10" STARTDATE="2024-09-10" ENDDATE="2079-06-06" ISACTUAL="1" ISACTIVE="1" /><STEAD ID="68664467" OBJECTID="165151133" OBJECTGUID="ded7112b-8bc9-479f-862a-d142f4e21c83" CHANGEID="600796373" NUMBER="33/2" OPERTYPEID="10" PREVID="0" NEXTID="0" UPDATEDATE="2024-09-10" STARTDATE="2024-09-10" ENDDATE="2079-06-06" ISACTUAL="1" ISACTIVE="1" /><STEAD ID="68664468" OBJECTID="165151134" OBJECTGUID="2c64efe9-fd32-411f-ba9f-efa2811d91eb" CHANGEID="600796374" NUMBER="34" OPERTYPEID="10" PREVID="0" NEXTID="0" UPDATEDATE="2024-09-10" STARTDATE="2024-09-10" ENDDATE="2079-06-06" ISACTUAL="1" ISACTIVE="1" /><STEAD ID="68664469" OBJECTID="165151135" OBJECTGUID="f33e1685-aacf-495e-b8ac-f78d70c1e1cf" CHANGEID="600796375" NUMBER="50" OPERTYPEID="10" PREVID="0" NEXTID="0" UPDATEDATE="2024-09-10" STARTDATE="2024-09-10" ENDDATE="2079-06-06" ISACTUAL="1" ISACTIVE="1" /><STEAD ID="68664470" OBJECTID="165151136" OBJECTGUID="21e1412f-4933-46e9-ad0d-d6143a94cbd6" CHANGEID="600796376" NUMBER="52" OPERTYPEID="10" PREVID="0" NEXTID="0" UPDATEDATE="2024-09-10" STARTDATE="2024-09-10" ENDDATE="2079-06-06" ISACTUAL="1" ISACTIVE="1" /><STEAD ID="68664471" OBJECTID="165151137" OBJECTGUID="9a4a65b4-6ece-4350-a910-9f5e7d689f76" CHANGEID="600796377" NUMBER="7/1" OPERTYPEID="10" PREVID="0" NEXTID="0" UPDATEDATE="2024-09-10" STARTDATE="2024-09-10" ENDDATE="2079-06-06" ISACTUAL="1" ISACTIVE="1" /><STEAD ID="68664472" OBJECTID="165151138" OBJECTGUID="1f250f7a-0855-4a36-8c41-966ea09bef0b" CHANGEID="600796378" NUMBER="7/2" OPERTYPEID="10" PREVID="0" NEXTID="0" UPDATEDATE="2024-09-10" STARTDATE="2024-09-10" ENDDATE="2079-06-06" ISACTUAL="1" ISACTIVE="1" /><STEAD ID="68664473" OBJECTID="165151139" OBJECTGUID="536880aa-9434-4bc2-bc6a-677bc0796c18" CHANGEID="600796379" NUMBER="9" OPERTYPEID="10" PREVID="0" NEXTID="0" UPDATEDATE="2024-09-10" STARTDATE="2024-09-10" ENDDATE="2079-06-06" ISACTUAL="1" ISACTIVE="1" /><STEAD ID="68664474" OBJECTID="165151140" OBJECTGUID="4e26e4cc-9f9c-4988-998a-b31cbe9030e0" CHANGEID="600796380" NUMBER="1" OPERTYPEID="10" PREVID="0" NEXTID="0" UPDATEDATE="2024-09-10" STARTDATE="2024-09-10" ENDDATE="2079-06-06" ISACTUAL="1" ISACTIVE="1" /><STEAD ID="68664475" OBJECTID="165151141" OBJECTGUID="322c9e62-161e-49dc-8506-e877b72a65e8" CHANGEID="600796381" NUMBER="11" OPERTYPEID="10" PREVID="0" NEXTID="0" UPDATEDATE="2024-09-10" STARTDATE="2024-09-10" ENDDATE="2079-06-06" ISACTUAL="1" ISACTIVE="1" /><STEAD ID="68664491" OBJECTID="165151165" OBJECTGUID="4e5c33c5-9cee-4e65-94b8-f2bd34756f09" CHANGEID="600796413" NUMBER="5" OPERTYPEID="10" PREVID="0" NEXTID="0" UPDATEDATE="2024-09-10" STARTDATE="2024-09-10" ENDDATE="2079-06-06" ISACTUAL="1" ISACTIVE="1" /><STEAD ID="68664583" OBJECTID="165151291" OBJECTGUID="3341edc1-7401-44c5-9710-5d0739a0f7f0" CHANGEID="600796611" NUMBER="7Б" OPERTYPEID="10" PREVID="0" NEXTID="0" UPDATEDATE="2024-09-10" STARTDATE="2024-09-10" ENDDATE="2079-06-06" ISACTUAL="1" ISACTIVE="1" /><STEAD ID="68664878" OBJECTID="165151852" OBJECTGUID="98e97e3e-aee3-437c-88b3-2384994c3a32" CHANGEID="600797538" NUMBER="20а" OPERTYPEID="10" PREVID="0" NEXTID="0" UPDATEDATE="2024-09-10" STARTDATE="2024-09-10" ENDDATE="2079-06-06" ISACTUAL="1" ISACTIVE="1" /><STEAD ID="68665108" OBJECTID="165153013" OBJECTGUID="93b5e189-c7a4-4610-ba46-c9e6ffb382e1" CHANGEID="600799069" NUMBER="1/218" OPERTYPEID="10" PREVID="0" NEXTID="0" UPDATEDATE="2024-09-10" STARTDATE="2024-09-10" ENDDATE="2079-06-06" ISACTUAL="1" ISACTIVE="1" /><STEAD ID="68665825" OBJECTID="165153999" OBJECTGUID="7ce5c84c-fd66-4fca-a5ef-b7afdafd7fda" CHANGEID="600800445" NUMBER="22а" OPERTYPEID="10" PREVID="0" NEXTID="0" UPDATEDATE="2024-09-10" STARTDATE="2024-09-10" ENDDATE="2079-06-06" ISACTUAL="1" ISACTIVE="1" /><STEAD ID="68667445" OBJECTID="165157202" OBJECTGUID="edb3acbb-b187-4756-b8e1-5efccba9782a" CHANGEID="600806444" NUMBER="55А" OPERTYPEID="10" PREVID="0" NEXTID="0" UPDATEDATE="2024-09-10" STARTDATE="2024-09-10" ENDDATE="2079-06-06" ISACTUAL="1" ISACTIVE="1" /><STEAD ID="68668242" OBJECTID="165158598" OBJECTGUID="e5d85aae-cba8-4b77-b9bf-05994f554727" CHANGEID="600808690" NUMBER="1Б" OPERTYPEID="10" PREVID="0" NEXTID="0" UPDATEDATE="2024-09-10" STARTDATE="2024-09-10" ENDDATE="2079-06-06" ISACTUAL="1" ISACTIVE="1" /><STEAD ID="68668337" OBJECTID="165158737" OBJECTGUID="f53c5382-441e-438d-880a-5ab8402dfb9d" CHANGEID="600808927" NUMBER="10" OPERTYPEID="10" PREVID="0" NEXTID="0" UPDATEDATE="2024-09-10" STARTDATE="2024-09-10" ENDDATE="2079-06-06" ISACTUAL="1" ISACTIVE="1" /><STEAD ID="1792618" OBJECTID="86339124" OBJECTGUID="e3bc7fa8-8485-49f5-aaec-28d93ae64286" CHANGEID="128089112" NUMBER="122а" OPERTYPEID="10" NEXTID="68668945" UPDATEDATE="2024-09-10" STARTDATE="2018-05-28" ENDDATE="2024-09-10" ISACTUAL="0" ISACTIVE="0" /><STEAD ID="68668945" OBJECTID="86339124" OBJECTGUID="e3bc7fa8-8485-49f5-aaec-28d93ae64286" CHANGEID="600810816" NUMBER="122А" OPERTYPEID="20" PREVID="1792618" UPDATEDATE="2024-09-10" STARTDATE="2024-09-10" ENDDATE="2079-06-06" ISACTUAL="1" ISACTIVE="1" /><STEAD ID="68670537" OBJECTID="165163111" OBJECTGUID="80f968f2-da47-46f4-949c-6afbd8648132" CHANGEID="600815961" NUMBER="19" OPERTYPEID="10" PREVID="0" NEXTID="0" UPDATEDATE="2024-09-10" STARTDATE="2024-09-10" ENDDATE="2079-06-06" ISACTUAL="1" ISACTIVE="1" /><STEAD ID="68672434" OBJECTID="165165669" OBJECTGUID="a83099f2-9a79-4471-bb1e-3d079e5ac0c0" CHANGEID="600820510" NUMBER="3" OPERTYPEID="10" PREVID="0" NEXTID="0" UPDATEDATE="2024-09-10" STARTDATE="2024-09-10" ENDDATE="2079-06-06" ISACTUAL="1" ISACTIVE="1" /><STEAD ID="68672435" OBJECTID="165165670" OBJECTGUID="5ab411d1-40b0-426f-93c5-164588aa7049" CHANGEID="600820511" NUMBER="4" OPERTYPEID="10" PREVID="0" NEXTID="0" UPDATEDATE="2024-09-10" STARTDATE="2024-09-10" ENDDATE="2079-06-06" ISACTUAL="1" ISACTIVE="1" /><STEAD ID="68672436" OBJECTID="165165671" OBJECTGUID="0a63e739-909d-46d3-a624-9f0e2e7f7a23" CHANGEID="600820512" NUMBER="8" OPERTYPEID="10" PREVID="0" NEXTID="0" UPDATEDATE="2024-09-10" STARTDATE="2024-09-10" ENDDATE="2079-06-06" ISACTUAL="1" ISACTIVE="1" /><STEAD ID="68672437" OBJECTID="165165672" OBJECTGUID="21b94f3b-5b9b-42b6-b101-a7773fd89c63" CHANGEID="600820513" NUMBER="8А" OPERTYPEID="10" PREVID="0" NEXTID="0" UPDATEDATE="2024-09-10" STARTDATE="2024-09-10" ENDDATE="2079-06-06" ISACTUAL="1" ISACTIVE="1" /><STEAD ID="68672438" OBJECTID="165165673" OBJECTGUID="f93da666-955e-4804-802b-74612bc662dc" CHANGEID="600820514" NUMBER="8Б" OPERTYPEID="10" PREVID="0" NEXTID="0" UPDATEDATE="2024-09-10" STARTDATE="2024-09-10" ENDDATE="2079-06-06" ISACTUAL="1" ISACTIVE="1" /><STEAD ID="68672439" OBJECTID="165165674" OBJECTGUID="815bc5d5-b54d-49eb-8ec4-8871fb357dbf" CHANGEID="600820515" NUMBER="8В" OPERTYPEID="10" PREVID="0" NEXTID="0" UPDATEDATE="2024-09-10" STARTDATE="2024-09-10" ENDDATE="2079-06-06" ISACTUAL="1" ISACTIVE="1" /><STEAD ID="68672440" OBJECTID="165165675" OBJECTGUID="db664ce2-b223-4acd-8958-bf234c22b87d" CHANGEID="600820516" NUMBER="8Г" OPERTYPEID="10" PREVID="0" NEXTID="0" UPDATEDATE="2024-09-10" STARTDATE="2024-09-10" ENDDATE="2079-06-06" ISACTUAL="1" ISACTIVE="1" /><STEAD ID="68672441" OBJECTID="165165676" OBJECTGUID="8a46812e-8494-44c4-98d8-6f28afbe3f00" CHANGEID="600820517" NUMBER="8Д" OPERTYPEID="10" PREVID="0" NEXTID="0" UPDATEDATE="2024-09-10" STARTDATE="2024-09-10" ENDDATE="2079-06-06" ISACTUAL="1" ISACTIVE="1" /><STEAD ID="68672442" OBJECTID="165165677" OBJECTGUID="a004c988-1b1a-4934-b07b-2e6dace2272e" CHANGEID="600820518" NUMBER="10" OPERTYPEID="10" PREVID="0" NEXTID="0" UPDATEDATE="2024-09-10" STARTDATE="2024-09-10" ENDDATE="2079-06-06" ISACTUAL="1" ISACTIVE="1" /><STEAD ID="68672443" OBJECTID="165165678" OBJECTGUID="3ddc2185-4ec1-42cd-be7f-6d11f965b7dc" CHANGEID="600820519" NUMBER="11" OPERTYPEID="10" PREVID="0" NEXTID="0" UPDATEDATE="2024-09-10" STARTDATE="2024-09-10" ENDDATE="2079-06-06" ISACTUAL="1" ISACTIVE="1" /><STEAD ID="68672444" OBJECTID="165165679" OBJECTGUID="f9cba671-3e12-4de5-943a-250f4383a811" CHANGEID="600820520" NUMBER="12" OPERTYPEID="10" PREVID="0" NEXTID="0" UPDATEDATE="2024-09-10" STARTDATE="2024-09-10" ENDDATE="2079-06-06" ISACTUAL="1" ISACTIVE="1" /><STEAD ID="68672445" OBJECTID="165165680" OBJECTGUID="dc4b31a3-657c-4c97-8d3a-8534cda6b76a" CHANGEID="600820521" NUMBER="13" OPERTYPEID="10" PREVID="0" NEXTID="0" UPDATEDATE="2024-09-10" STARTDATE="2024-09-10" ENDDATE="2079-06-06" ISACTUAL="1" ISACTIVE="1" /><STEAD ID="68672446" OBJECTID="165165681" OBJECTGUID="7b2ea3b2-a524-42ff-ad33-28807d09168f" CHANGEID="600820522" NUMBER="15" OPERTYPEID="10" PREVID="0" NEXTID="0" UPDATEDATE="2024-09-10" STARTDATE="2024-09-10" ENDDATE="2079-06-06" ISACTUAL="1" ISACTIVE="1" /><STEAD ID="68672447" OBJECTID="165165682" OBJECTGUID="53c863c9-89b5-4bf6-85e2-db8067914da1" CHANGEID="600820523" NUMBER="16" OPERTYPEID="10" PREVID="0" NEXTID="0" UPDATEDATE="2024-09-10" STARTDATE="2024-09-10" ENDDATE="2079-06-06" ISACTUAL="1" ISACTIVE="1" /><STEAD ID="68672448" OBJECTID="165165683" OBJECTGUID="d2067a94-61fd-4453-9627-df754557674d" CHANGEID="600820524" NUMBER="23" OPERTYPEID="10" PREVID="0" NEXTID="0" UPDATEDATE="2024-09-10" STARTDATE="2024-09-10" ENDDATE="2079-06-06" ISACTUAL="1" ISACTIVE="1" /><STEAD ID="68672449" OBJECTID="165165684" OBJECTGUID="befeae36-4ef9-4112-94dc-a5134e646c24" CHANGEID="600820525" NUMBER="25" OPERTYPEID="10" PREVID="0" NEXTID="0" UPDATEDATE="2024-09-10" STARTDATE="2024-09-10" ENDDATE="2079-06-06" ISACTUAL="1" ISACTIVE="1" /><STEAD ID="68672450" OBJECTID="165165685" OBJECTGUID="8130d94b-4aa0-48df-976b-152b04318501" CHANGEID="600820526" NUMBER="27" OPERTYPEID="10" PREVID="0" NEXTID="0" UPDATEDATE="2024-09-10" STARTDATE="2024-09-10" ENDDATE="2079-06-06" ISACTUAL="1" ISACTIVE="1" /><STEAD ID="68672451" OBJECTID="165165686" OBJECTGUID="4b3ea5c6-de4a-4cb4-8fa1-c736c12a45f9" CHANGEID="600820527" NUMBER="29" OPERTYPEID="10" PREVID="0" NEXTID="0" UPDATEDATE="2024-09-10" STARTDATE="2024-09-10" ENDDATE="2079-06-06" ISACTUAL="1" ISACTIVE="1" /><STEAD ID="68672452" OBJECTID="165165687" OBJECTGUID="b8fc1de9-d973-4aa7-8fb9-abfbd338de08" CHANGEID="600820528" NUMBER="31" OPERTYPEID="10" PREVID="0" NEXTID="0" UPDATEDATE="2024-09-10" STARTDATE="2024-09-10" ENDDATE="2079-06-06" ISACTUAL="1" ISACTIVE="1" /><STEAD ID="68672453" OBJECTID="165165688" OBJECTGUID="172a7914-433d-4eee-8a56-6012b5311dc6" CHANGEID="600820529" NUMBER="33" OPERTYPEID="10" PREVID="0" NEXTID="0" UPDATEDATE="2024-09-10" STARTDATE="2024-09-10" ENDDATE="2079-06-06" ISACTUAL="1" ISACTIVE="1" /><STEAD ID="68672454" OBJECTID="165165689" OBJECTGUID="3558ecb2-e4f9-413a-96bb-924fa3f4eeda" CHANGEID="600820530" NUMBER="35" OPERTYPEID="10" PREVID="0" NEXTID="0" UPDATEDATE="2024-09-10" STARTDATE="2024-09-10" ENDDATE="2079-06-06" ISACTUAL="1" ISACTIVE="1" /><STEAD ID="68673715" OBJECTID="165167427" OBJECTGUID="7c2d04f2-13a5-4b1e-b863-945caffc3a0c" CHANGEID="600822945" NUMBER="71А" OPERTYPEID="10" PREVID="0" NEXTID="0" UPDATEDATE="2024-09-10" STARTDATE="2024-09-10" ENDDATE="2079-06-06" ISACTUAL="1" ISACTIVE="1" /><STEAD ID="68673739" OBJECTID="165167507" OBJECTGUID="9143b77e-b054-4aba-95a8-9b716add34be" CHANGEID="600823082" NUMBER="47" OPERTYPEID="10" PREVID="0" NEXTID="0" UPDATEDATE="2024-09-10" STARTDATE="2024-09-10" ENDDATE="2079-06-06" ISACTUAL="1" ISACTIVE="1" /><STEAD ID="68673937" OBJECTID="165167937" OBJECTGUID="7db9482d-4678-4a51-a100-fd7889e857f7" CHANGEID="600823719" NUMBER="599А" OPERTYPEID="10" PREVID="0" NEXTID="0" UPDATEDATE="2024-09-10" STARTDATE="2024-09-10" ENDDATE="2079-06-06" ISACTUAL="1" ISACTIVE="1" /><STEAD ID="10156662" OBJECTID="94689796" OBJECTGUID="d707c7e6-911d-4918-b624-b6bf8bae1077" CHANGEID="137641468" NUMBER="1" OPERTYPEID="10" NEXTID="68675106" UPDATEDATE="2024-09-10" STARTDATE="2019-06-21" ENDDATE="2024-09-10" ISACTUAL="0" ISACTIVE="0" /><STEAD ID="68675106" OBJECTID="94689796" OBJECTGUID="d707c7e6-911d-4918-b624-b6bf8bae1077" CHANGEID="600825624" NUMBER="4А" OPERTYPEID="50" PREVID="10156662" UPDATEDATE="2024-09-10" STARTDATE="2024-09-10" ENDDATE="2079-06-06" ISACTUAL="1" ISACTIVE="1" /><STEAD ID="68675964" OBJECTID="165170649" OBJECTGUID="771c707b-f79f-4a60-a9aa-6b0632940fdb" CHANGEID="600827255" NUMBER="839" OPERTYPEID="10" PREVID="0" NEXTID="0" UPDATEDATE="2024-09-10" STARTDATE="2024-09-10" ENDDATE="2079-06-06" ISACTUAL="1" ISACTIVE="1" /><STEAD ID="68676302" OBJECTID="165171271" OBJECTGUID="0676be4b-fcc6-404a-a48e-9497ccdf16c0" CHANGEID="600828312" NUMBER="839А" OPERTYPEID="10" PREVID="0" NEXTID="0" UPDATEDATE="2024-09-10" STARTDATE="2024-09-10" ENDDATE="2079-06-06" ISACTUAL="1" ISACTIVE="1" /><STEAD ID="68676361" OBJECTID="165171390" OBJECTGUID="ec7ac15e-26a8-4d28-830c-43ba40bc9ef6" CHANGEID="600828485" NUMBER="75А" OPERTYPEID="10" PREVID="0" NEXTID="0" UPDATEDATE="2024-09-10" STARTDATE="2024-09-10" ENDDATE="2079-06-06" ISACTUAL="1" ISACTIVE="1" /><STEAD ID="68676425" OBJECTID="165171488" OBJECTGUID="75805976-4d01-47e9-905f-9f7eaf812f37" CHANGEID="600828605" NUMBER="722" OPERTYPEID="10" PREVID="0" NEXTID="0" UPDATEDATE="2024-09-10" STARTDATE="2024-09-10" ENDDATE="2079-06-06" ISACTUAL="1" ISACTIVE="1" /><STEAD ID="68676538" OBJECTID="165171610" OBJECTGUID="e69c5e14-f004-4ad1-bf8f-a882349f15aa" CHANGEID="600828763" NUMBER="611" OPERTYPEID="10" PREVID="0" NEXTID="0" UPDATEDATE="2024-09-10" STARTDATE="2024-09-10" ENDDATE="2079-06-06" ISACTUAL="1" ISACTIVE="1" /><STEAD ID="68676593" OBJECTID="165171682" OBJECTGUID="33bd7619-a7de-47d7-a971-5dca24899ffb" CHANGEID="600828889" NUMBER="917" OPERTYPEID="10" PREVID="0" NEXTID="0" UPDATEDATE="2024-09-10" STARTDATE="2024-09-10" ENDDATE="2079-06-06" ISACTUAL="1" ISACTIVE="1" /><STEAD ID="68676631" OBJECTID="165171734" OBJECTGUID="99f4ea60-aba0-45b2-91ef-0c0bc0c9a20f" CHANGEID="600828972" NUMBER="917А" OPERTYPEID="10" PREVID="0" NEXTID="0" UPDATEDATE="2024-09-10" STARTDATE="2024-09-10" ENDDATE="2079-06-06" ISACTUAL="1" ISACTIVE="1" /><STEAD ID="68676696" OBJECTID="165171808" OBJECTGUID="923bdbd5-7dfa-40cd-b791-1feb10ad9987" CHANGEID="600829083" NUMBER="724" OPERTYPEID="10" PREVID="0" NEXTID="0" UPDATEDATE="2024-09-10" STARTDATE="2024-09-10" ENDDATE="2079-06-06" ISACTUAL="1" ISACTIVE="1" /><STEAD ID="68676979" OBJECTID="165172324" OBJECTGUID="8a9cd42e-e775-4831-8316-01a95b8e3501" CHANGEID="600830122" NUMBER="570" OPERTYPEID="10" PREVID="0" NEXTID="0" UPDATEDATE="2024-09-10" STARTDATE="2024-09-10" ENDDATE="2079-06-06" ISACTUAL="1" ISACTIVE="1" /><STEAD ID="68677031" OBJECTID="165172395" OBJECTGUID="3937678a-126e-478f-a05c-7316f7a1c778" CHANGEID="600830263" NUMBER="107А" OPERTYPEID="10" PREVID="0" NEXTID="0" UPDATEDATE="2024-09-10" STARTDATE="2024-09-10" ENDDATE="2079-06-06" ISACTUAL="1" ISACTIVE="1" /><STEAD ID="68677060" OBJECTID="165172423" OBJECTGUID="77628544-30ec-440a-8f9a-c051cd626b34" CHANGEID="600830301" NUMBER="107Б" OPERTYPEID="10" PREVID="0" NEXTID="0" UPDATEDATE="2024-09-10" STARTDATE="2024-09-10" ENDDATE="2079-06-06" ISACTUAL="1" ISACTIVE="1" /><STEAD ID="68678379" OBJECTID="165174560" OBJECTGUID="91747dc7-8147-4ccb-bbb6-350ac265bbe9" CHANGEID="600833982" NUMBER="917Б" OPERTYPEID="10" PREVID="0" NEXTID="0" UPDATEDATE="2024-09-10" STARTDATE="2024-09-10" ENDDATE="2079-06-06" ISACTUAL="1" ISACTIVE="1" /><STEAD ID="68683519" OBJECTID="165183677" OBJECTGUID="0ab1c01e-c98c-43cc-86db-7a5ff33eda7e" CHANGEID="600848796" NUMBER="507" OPERTYPEID="10" PREVID="0" NEXTID="0" UPDATEDATE="2024-09-11" STARTDATE="2024-09-11" ENDDATE="2079-06-06" ISACTUAL="1" ISACTIVE="1" /><STEAD ID="68683520" OBJECTID="161379600" OBJECTGUID="6ecfabb9-2824-4a2c-83a3-671aac5c8c46" CHANGEID="600848797" NUMBER="904" OPERTYPEID="20" PREVID="67288354" UPDATEDATE="2024-09-11" STARTDATE="2024-09-11" ENDDATE="2079-06-06" ISACTUAL="1" ISACTIVE="1" /><STEAD ID="68683521" OBJECTID="165183681" OBJECTGUID="65275501-18ec-4941-bc6d-8a94c7d23553" CHANGEID="600848801" NUMBER="5" OPERTYPEID="10" PREVID="0" NEXTID="0" UPDATEDATE="2024-09-11" STARTDATE="2024-09-11" ENDDATE="2079-06-06" ISACTUAL="1" ISACTIVE="1" /><STEAD ID="68683579" OBJECTID="165183768" OBJECTGUID="7a078a4e-6ef8-4756-82d6-63290535fd6b" CHANGEID="600850821" NUMBER="3" OPERTYPEID="10" PREVID="0" NEXTID="0" UPDATEDATE="2024-09-11" STARTDATE="2024-09-11" ENDDATE="2079-06-06" ISACTUAL="1" ISACTIVE="1" /><STEAD ID="68683581" OBJECTID="165183770" OBJECTGUID="7db796b0-1470-4579-86b7-8ab5c1de3e39" CHANGEID="600850824" NUMBER="64" OPERTYPEID="10" PREVID="0" NEXTID="0" UPDATEDATE="2024-09-11" STARTDATE="2024-09-11" ENDDATE="2079-06-06" ISACTUAL="1" ISACTIVE="1" /><STEAD ID="68683746" OBJECTID="165184013" OBJECTGUID="0e622eda-d946-40cc-9fc1-1335a19abcbe" CHANGEID="600855675" NUMBER="51" OPERTYPEID="10" PREVID="0" NEXTID="0" UPDATEDATE="2024-09-11" STARTDATE="2024-09-11" ENDDATE="2079-06-06" ISACTUAL="1" ISACTIVE="1" /><STEAD ID="68684047" OBJECTID="165184483" OBJECTGUID="4d31124c-ebac-475f-b5ff-21043581eaf0" CHANGEID="600862147" NUMBER="11в" OPERTYPEID="10" PREVID="0" NEXTID="0" UPDATEDATE="2024-09-11" STARTDATE="2024-09-11" ENDDATE="2079-06-06" ISACTUAL="1" ISACTIVE="1" /><STEAD ID="68684106" OBJECTID="164935357" OBJECTGUID="41539bf2-69da-476e-9faa-f6948c627bdd" CHANGEID="600862333" NUMBER="237А" OPERTYPEID="20" PREVID="68547878" UPDATEDATE="2024-09-11" STARTDATE="2024-09-11" ENDDATE="2079-06-06" ISACTUAL="1" ISACTIVE="1" /><STEAD ID="68684604" OBJECTID="165185329" OBJECTGUID="02e1e9f3-465b-4ae5-b0cc-80f8717a1de5" CHANGEID="600875839" NUMBER="3" OPERTYPEID="10" PREVID="0" NEXTID="0" UPDATEDATE="2024-09-11" STARTDATE="2024-09-11" ENDDATE="2079-06-06" ISACTUAL="1" ISACTIVE="1" /><STEAD ID="68685421" OBJECTID="165186364" OBJECTGUID="5df75782-7d1d-4bd6-af08-9ecef420bbee" CHANGEID="600877462" NUMBER="16" OPERTYPEID="10" PREVID="0" NEXTID="0" UPDATEDATE="2024-09-11" STARTDATE="2024-09-11" ENDDATE="2079-06-06" ISACTUAL="1" ISACTIVE="1" /><STEAD ID="68686585" OBJECTID="165188617" OBJECTGUID="4175309d-ba79-4f2c-8c69-606c6efcc5d3" CHANGEID="600880628" NUMBER="2" OPERTYPEID="10" PREVID="0" NEXTID="0" UPDATEDATE="2024-09-11" STARTDATE="2024-09-11" ENDDATE="2079-06-06" ISACTUAL="1" ISACTIVE="1" /><STEAD ID="68686587" OBJECTID="165188619" OBJECTGUID="e776c5c5-ef3f-4d7f-bf1d-a4a7e3bd1b26" CHANGEID="600880632" NUMBER="30" OPERTYPEID="10" PREVID="0" NEXTID="0" UPDATEDATE="2024-09-11" STARTDATE="2024-09-11" ENDDATE="2079-06-06" ISACTUAL="1" ISACTIVE="1" /><STEAD ID="68686582" OBJECTID="165188610" OBJECTGUID="846a4296-f7f7-455e-a15d-09127e59f35b" CHANGEID="600880621" NUMBER="1А" OPERTYPEID="10" PREVID="0" NEXTID="0" UPDATEDATE="2024-09-11" STARTDATE="2024-09-11" ENDDATE="2079-06-06" ISACTUAL="1" ISACTIVE="1" /><STEAD ID="68689078" OBJECTID="165195231" OBJECTGUID="347b63c5-00b8-4db0-9e8e-42a7af993a69" CHANGEID="600889959" NUMBER="10" OPERTYPEID="10" PREVID="0" NEXTID="0" UPDATEDATE="2024-09-11" STARTDATE="2024-09-11" ENDDATE="2079-06-06" ISACTUAL="1" ISACTIVE="1" /></STEADS>