﻿<?xml version="1.0" encoding="utf-8"?><ADDRESSOBJECTS><OBJECT ID="52125712" OBJECTID="165064522" OBJECTGUID="b4fe2bf2-aa6a-4fee-8418-562ee3d7fc54" CHANGEID="600518374" NAME="Производственная" TYPENAME="тер." LEVEL="7" OPERTYPEID="10" PREVID="0" NEXTID="0" UPDATEDATE="2024-09-05" STARTDATE="2024-09-05" ENDDATE="2079-06-06" ISACTUAL="1" ISACTIVE="1" /><OBJECT ID="52125965" OBJECTID="165108064" OBJECTGUID="64664c6d-3dce-4ad2-a946-f79946b39052" CHANGEID="600592926" NAME="Депо" TYPENAME="тер." LEVEL="7" OPERTYPEID="10" PREVID="0" NEXTID="0" UPDATEDATE="2024-09-06" STARTDATE="2024-09-06" ENDDATE="2079-06-06" ISACTUAL="1" ISACTIVE="1" /><OBJECT ID="52126067" OBJECTID="165139168" OBJECTGUID="862205fa-b501-4dda-a029-182fd0ae59ca" CHANGEID="600772740" NAME="1-я" TYPENAME="ул." LEVEL="8" OPERTYPEID="10" PREVID="0" NEXTID="0" UPDATEDATE="2024-09-09" STARTDATE="2024-09-09" ENDDATE="2079-06-06" ISACTUAL="1" ISACTIVE="1" /><OBJECT ID="52126068" OBJECTID="165139244" OBJECTGUID="52a7a4dd-b32d-4cb9-80b2-ce40172a2fbf" CHANGEID="600772872" NAME="2-я" TYPENAME="ул." LEVEL="8" OPERTYPEID="10" PREVID="0" NEXTID="0" UPDATEDATE="2024-09-09" STARTDATE="2024-09-09" ENDDATE="2079-06-06" ISACTUAL="1" ISACTIVE="1" /><OBJECT ID="52126078" OBJECTID="165140478" OBJECTGUID="b990c7a8-4e1b-40eb-b29d-2119536f66cd" CHANGEID="600775089" NAME="4-я" TYPENAME="ул." LEVEL="8" OPERTYPEID="10" PREVID="0" NEXTID="0" UPDATEDATE="2024-09-09" STARTDATE="2024-09-09" ENDDATE="2079-06-06" ISACTUAL="1" ISACTIVE="1" /><OBJECT ID="52126092" OBJECTID="165142704" OBJECTGUID="c6ca9b57-ce0a-40a0-8e9c-94723d02cb2b" CHANGEID="600779283" NAME="7-я" TYPENAME="ул." LEVEL="8" OPERTYPEID="10" PREVID="0" NEXTID="0" UPDATEDATE="2024-09-09" STARTDATE="2024-09-09" ENDDATE="2079-06-06" ISACTUAL="1" ISACTIVE="1" /><OBJECT ID="52126093" OBJECTID="165142760" OBJECTGUID="0cfcbc09-9928-444d-812f-2f76c51958c9" CHANGEID="600779361" NAME="10-я" TYPENAME="ул." LEVEL="8" OPERTYPEID="10" PREVID="0" NEXTID="0" UPDATEDATE="2024-09-09" STARTDATE="2024-09-09" ENDDATE="2079-06-06" ISACTUAL="1" ISACTIVE="1" /><OBJECT ID="52126094" OBJECTID="165142780" OBJECTGUID="c8d0ac06-a4ff-4714-baec-41fe1631b79a" CHANGEID="600779391" NAME="11-я" TYPENAME="ул." LEVEL="8" OPERTYPEID="10" PREVID="0" NEXTID="0" UPDATEDATE="2024-09-09" STARTDATE="2024-09-09" ENDDATE="2079-06-06" ISACTUAL="1" ISACTIVE="1" /><OBJECT ID="52126096" OBJECTID="165142787" OBJECTGUID="b7740ddd-69a4-4221-ae09-5ca419cac1b7" CHANGEID="600779410" NAME="12-я" TYPENAME="ул." LEVEL="8" OPERTYPEID="10" PREVID="0" NEXTID="0" UPDATEDATE="2024-09-09" STARTDATE="2024-09-09" ENDDATE="2079-06-06" ISACTUAL="1" ISACTIVE="1" /><OBJECT ID="52126097" OBJECTID="165142834" OBJECTGUID="9eb880d3-9d28-445f-8d99-02f9bee84767" CHANGEID="600779704" NAME="13-я" TYPENAME="ул." LEVEL="8" OPERTYPEID="10" PREVID="0" NEXTID="0" UPDATEDATE="2024-09-09" STARTDATE="2024-09-09" ENDDATE="2079-06-06" ISACTUAL="1" ISACTIVE="1" /><OBJECT ID="52126098" OBJECTID="165143597" OBJECTGUID="c91a95c6-0b79-4edb-8ede-f79d6e524c1e" CHANGEID="600780726" NAME="15-я" TYPENAME="ул." LEVEL="8" OPERTYPEID="10" PREVID="0" NEXTID="0" UPDATEDATE="2024-09-09" STARTDATE="2024-09-09" ENDDATE="2079-06-06" ISACTUAL="1" ISACTIVE="1" /><OBJECT ID="52126210" OBJECTID="165161439" OBJECTGUID="656831c3-5727-4c26-99cd-dd504421aef5" CHANGEID="600813137" NAME="Тимофеевское" TYPENAME="тер. СНТ" LEVEL="7" OPERTYPEID="10" PREVID="0" NEXTID="0" UPDATEDATE="2024-09-10" STARTDATE="2024-09-10" ENDDATE="2079-06-06" ISACTUAL="1" ISACTIVE="1" /><OBJECT ID="52126320" OBJECTID="165172234" OBJECTGUID="1632e5f0-d265-45c7-97a8-e59f8396ba81" CHANGEID="600829993" NAME="Связист 1" TYPENAME="тер." LEVEL="7" OPERTYPEID="10" PREVID="0" NEXTID="0" UPDATEDATE="2024-09-10" STARTDATE="2024-09-10" ENDDATE="2079-06-06" ISACTUAL="1" ISACTIVE="1" /><OBJECT ID="52126321" OBJECTID="165172239" OBJECTGUID="91be0c72-b5c3-44b8-86fb-a7dec7d242e1" CHANGEID="600829998" NAME="Гудок" TYPENAME="тер." LEVEL="7" OPERTYPEID="10" PREVID="0" NEXTID="0" UPDATEDATE="2024-09-10" STARTDATE="2024-09-10" ENDDATE="2079-06-06" ISACTUAL="1" ISACTIVE="1" /><OBJECT ID="52126362" OBJECTID="165179631" OBJECTGUID="6b4b3770-215f-4c4d-9b81-b8f023f8b5de" CHANGEID="600841869" NAME="Новая" TYPENAME="ул." LEVEL="8" OPERTYPEID="10" PREVID="0" NEXTID="0" UPDATEDATE="2024-09-10" STARTDATE="2024-09-10" ENDDATE="2079-06-06" ISACTUAL="1" ISACTIVE="1" /><OBJECT ID="52126374" OBJECTID="165182804" OBJECTGUID="c9cef31c-23b6-44c2-89b0-ec6f2de1ce6e" CHANGEID="600847629" NAME="Александра Желобовского" TYPENAME="ул." LEVEL="8" OPERTYPEID="10" PREVID="0" NEXTID="0" UPDATEDATE="2024-09-10" STARTDATE="2024-09-10" ENDDATE="2079-06-06" ISACTUAL="1" ISACTIVE="1" /><OBJECT ID="52126557" OBJECTID="165221419" OBJECTGUID="404dd918-ee35-4b63-b4d3-21a9a2eacc6e" CHANGEID="600932807" NAME="Полевая" TYPENAME="ул." LEVEL="8" OPERTYPEID="10" PREVID="0" NEXTID="0" UPDATEDATE="2024-09-11" STARTDATE="2024-09-11" ENDDATE="2079-06-06" ISACTUAL="1" ISACTIVE="1" /></ADDRESSOBJECTS>