﻿<?xml version="1.0" encoding="utf-8"?><HOUSES><HOUSE ID="60373800" OBJECTID="56258687" OBJECTGUID="7eee351d-6cec-4c17-b2f2-567c39fa6d27" CHANGEID="84145631" HOUSENUM="79" HOUSETYPE="2" OPERTYPEID="20" PREVID="33656161" NEXTID="126731360" UPDATEDATE="2024-09-05" STARTDATE="1900-01-01" ENDDATE="2024-09-05" ISACTUAL="0" ISACTIVE="0" /><HOUSE ID="126725492" OBJECTID="165061734" OBJECTGUID="57309e6d-3b1e-4235-a1d5-3fe573305981" CHANGEID="600513493" HOUSENUM="10а" HOUSETYPE="2" OPERTYPEID="10" PREVID="0" NEXTID="0" UPDATEDATE="2024-09-05" STARTDATE="2024-09-05" ENDDATE="2079-06-06" ISACTUAL="1" ISACTIVE="1" /><HOUSE ID="126725546" OBJECTID="165062092" OBJECTGUID="0c9acd56-5489-452b-9a18-4fc669ba76eb" CHANGEID="600514151" HOUSENUM="26" HOUSETYPE="2" OPERTYPEID="10" PREVID="0" NEXTID="0" UPDATEDATE="2024-09-05" STARTDATE="2024-09-05" ENDDATE="2079-06-06" ISACTUAL="1" ISACTIVE="1" /><HOUSE ID="126726270" OBJECTID="165065198" OBJECTGUID="6c5d4716-3988-4ceb-b44e-cd5d000708f1" CHANGEID="600519689" HOUSENUM="11" HOUSETYPE="2" OPERTYPEID="10" PREVID="0" NEXTID="0" UPDATEDATE="2024-09-05" STARTDATE="2024-09-05" ENDDATE="2079-06-06" ISACTUAL="1" ISACTIVE="1" /><HOUSE ID="126726274" OBJECTID="165065318" OBJECTGUID="591be771-6df2-403a-b6ce-91bb881d107e" CHANGEID="600519853" HOUSENUM="41" HOUSETYPE="2" OPERTYPEID="10" PREVID="0" NEXTID="0" UPDATEDATE="2024-09-05" STARTDATE="2024-09-05" ENDDATE="2079-06-06" ISACTUAL="1" ISACTIVE="1" /><HOUSE ID="126726276" OBJECTID="165065330" OBJECTGUID="a0f4815a-36de-494e-8260-60797a3574a2" CHANGEID="600519876" HOUSENUM="7" HOUSETYPE="2" OPERTYPEID="10" PREVID="0" NEXTID="0" UPDATEDATE="2024-09-05" STARTDATE="2024-09-05" ENDDATE="2079-06-06" ISACTUAL="1" ISACTIVE="1" /><HOUSE ID="126728233" OBJECTID="165074344" OBJECTGUID="cd3f22a0-298c-487c-a8fc-4026ee207d0a" CHANGEID="600533508" HOUSENUM="16" HOUSETYPE="2" OPERTYPEID="10" PREVID="0" NEXTID="0" UPDATEDATE="2024-09-05" STARTDATE="2024-09-05" ENDDATE="2079-06-06" ISACTUAL="1" ISACTIVE="1" /><HOUSE ID="126728447" OBJECTID="165075167" OBJECTGUID="64367ece-f533-48c5-a588-487d05ba131a" CHANGEID="600535331" HOUSENUM="4/1" HOUSETYPE="2" OPERTYPEID="10" PREVID="0" NEXTID="0" UPDATEDATE="2024-09-05" STARTDATE="2024-09-05" ENDDATE="2079-06-06" ISACTUAL="1" ISACTIVE="1" /><HOUSE ID="126728448" OBJECTID="165075177" OBJECTGUID="bff3099f-09b9-4777-a6b6-3bbcdd049f42" CHANGEID="600535343" HOUSENUM="4/2" HOUSETYPE="2" OPERTYPEID="10" PREVID="0" NEXTID="0" UPDATEDATE="2024-09-05" STARTDATE="2024-09-05" ENDDATE="2079-06-06" ISACTUAL="1" ISACTIVE="1" /><HOUSE ID="126728451" OBJECTID="165075182" OBJECTGUID="76b88509-42c8-4fa9-b3c1-b27a90296826" CHANGEID="600535354" HOUSENUM="4/3" HOUSETYPE="2" OPERTYPEID="10" PREVID="0" NEXTID="0" UPDATEDATE="2024-09-05" STARTDATE="2024-09-05" ENDDATE="2079-06-06" ISACTUAL="1" ISACTIVE="1" /><HOUSE ID="126728458" OBJECTID="165075191" OBJECTGUID="97a61977-acf1-447c-96fc-aa974e7ccf09" CHANGEID="600535372" HOUSENUM="4/5" HOUSETYPE="2" OPERTYPEID="10" PREVID="0" NEXTID="0" UPDATEDATE="2024-09-05" STARTDATE="2024-09-05" ENDDATE="2079-06-06" ISACTUAL="1" ISACTIVE="1" /><HOUSE ID="126728455" OBJECTID="165075187" OBJECTGUID="bdc91e39-2c03-4c68-a6e3-4817c84b0b59" CHANGEID="600535363" HOUSENUM="4/4" HOUSETYPE="2" OPERTYPEID="10" PREVID="0" NEXTID="0" UPDATEDATE="2024-09-05" STARTDATE="2024-09-05" ENDDATE="2079-06-06" ISACTUAL="1" ISACTIVE="1" /><HOUSE ID="126730795" OBJECTID="165086614" OBJECTGUID="4cc29a0e-2c92-46c6-9e8c-15848bb7b54f" CHANGEID="600553624" HOUSENUM="1б" HOUSETYPE="2" OPERTYPEID="10" PREVID="0" NEXTID="0" UPDATEDATE="2024-09-05" STARTDATE="2024-09-05" ENDDATE="2079-06-06" ISACTUAL="1" ISACTIVE="1" /><HOUSE ID="126731188" OBJECTID="165088733" OBJECTGUID="0b269aaa-4b42-40a2-ad67-f4af1b0d8070" CHANGEID="600557971" HOUSENUM="3А" HOUSETYPE="2" OPERTYPEID="10" PREVID="0" NEXTID="0" UPDATEDATE="2024-09-05" STARTDATE="2024-09-05" ENDDATE="2079-06-06" ISACTUAL="1" ISACTIVE="1" /><HOUSE ID="126731207" OBJECTID="165088785" OBJECTGUID="d1881ae7-e55e-445d-9fa3-64395f34373d" CHANGEID="600558047" HOUSENUM="32" HOUSETYPE="2" OPERTYPEID="10" PREVID="0" NEXTID="0" UPDATEDATE="2024-09-05" STARTDATE="2024-09-05" ENDDATE="2079-06-06" ISACTUAL="1" ISACTIVE="1" /><HOUSE ID="126731249" OBJECTID="165088892" OBJECTGUID="fd7cb75c-9b05-451e-968c-00a1d1c56eeb" CHANGEID="600558235" HOUSENUM="76" HOUSETYPE="2" OPERTYPEID="10" PREVID="0" NEXTID="0" UPDATEDATE="2024-09-05" STARTDATE="2024-09-05" ENDDATE="2079-06-06" ISACTUAL="1" ISACTIVE="1" /><HOUSE ID="126731360" OBJECTID="56258687" OBJECTGUID="7eee351d-6cec-4c17-b2f2-567c39fa6d27" CHANGEID="600559085" HOUSENUM="79" HOUSETYPE="2" OPERTYPEID="30" PREVID="60373800" NEXTID="0" UPDATEDATE="2024-09-05" STARTDATE="2024-09-05" ENDDATE="2079-06-06" ISACTUAL="1" ISACTIVE="0" /><HOUSE ID="126731374" OBJECTID="165089380" OBJECTGUID="9102050b-7232-4229-b5f5-bf06e4b93dc5" CHANGEID="600559126" HOUSENUM="2а" HOUSETYPE="2" OPERTYPEID="10" PREVID="0" NEXTID="0" UPDATEDATE="2024-09-05" STARTDATE="2024-09-05" ENDDATE="2079-06-06" ISACTUAL="1" ISACTIVE="1" /><HOUSE ID="126731384" OBJECTID="31683185" OBJECTGUID="9bc0e5f2-7ffe-41b2-9891-b719bbf003a8" CHANGEID="600559174" HOUSENUM="6" HOUSETYPE="2" OPERTYPEID="30" PREVID="62415347" NEXTID="0" UPDATEDATE="2024-09-05" STARTDATE="2024-09-05" ENDDATE="2079-06-06" ISACTUAL="1" ISACTIVE="0" /><HOUSE ID="62415347" OBJECTID="31683185" OBJECTGUID="9bc0e5f2-7ffe-41b2-9891-b719bbf003a8" CHANGEID="48440784" HOUSENUM="6" HOUSETYPE="2" OPERTYPEID="20" PREVID="18829678" NEXTID="126731384" UPDATEDATE="2024-09-05" STARTDATE="2014-01-04" ENDDATE="2024-09-05" ISACTUAL="0" ISACTIVE="0" /><HOUSE ID="126731432" OBJECTID="165089678" OBJECTGUID="48db8dfe-51d8-4219-9206-10ef1685986a" CHANGEID="600559656" HOUSENUM="9" HOUSETYPE="2" OPERTYPEID="10" PREVID="0" NEXTID="0" UPDATEDATE="2024-09-05" STARTDATE="2024-09-05" ENDDATE="2079-06-06" ISACTUAL="1" ISACTIVE="1" /><HOUSE ID="126731387" OBJECTID="165089406" OBJECTGUID="28bc1035-c05b-4ab2-9ac8-be2f04c54267" CHANGEID="600559181" HOUSENUM="15А" HOUSETYPE="2" OPERTYPEID="10" PREVID="0" NEXTID="0" UPDATEDATE="2024-09-05" STARTDATE="2024-09-05" ENDDATE="2079-06-06" ISACTUAL="1" ISACTIVE="1" /><HOUSE ID="126733303" OBJECTID="165097378" OBJECTGUID="c9ecf81c-9bfe-421d-ad75-5dc357b65e50" CHANGEID="600574342" HOUSENUM="10" HOUSETYPE="2" OPERTYPEID="10" PREVID="0" NEXTID="0" UPDATEDATE="2024-09-06" STARTDATE="2024-09-06" ENDDATE="2079-06-06" ISACTUAL="1" ISACTIVE="1" /><HOUSE ID="126733294" OBJECTID="165097358" OBJECTGUID="2187b02c-96e5-433b-a8f9-f7b7ffa93a87" CHANGEID="600574190" HOUSENUM="9" HOUSETYPE="2" OPERTYPEID="10" PREVID="0" NEXTID="0" UPDATEDATE="2024-09-06" STARTDATE="2024-09-06" ENDDATE="2079-06-06" ISACTUAL="1" ISACTIVE="1" /><HOUSE ID="126733308" OBJECTID="165097398" OBJECTGUID="f2177d43-5278-42d2-bedd-e32d50e66c26" CHANGEID="600574372" HOUSENUM="2" HOUSETYPE="2" OPERTYPEID="10" PREVID="0" NEXTID="0" UPDATEDATE="2024-09-06" STARTDATE="2024-09-06" ENDDATE="2079-06-06" ISACTUAL="1" ISACTIVE="1" /><HOUSE ID="126733333" OBJECTID="165097434" OBJECTGUID="1ad195fc-828b-413f-a925-882f3dd8262c" CHANGEID="600574438" HOUSENUM="127" HOUSETYPE="2" OPERTYPEID="10" PREVID="0" NEXTID="0" UPDATEDATE="2024-09-06" STARTDATE="2024-09-06" ENDDATE="2079-06-06" ISACTUAL="1" ISACTIVE="1" /><HOUSE ID="126733376" OBJECTID="165097551" OBJECTGUID="f14c09ec-1607-4666-8d11-027d173d967e" CHANGEID="600574622" HOUSENUM="13а" HOUSETYPE="2" OPERTYPEID="10" PREVID="0" NEXTID="0" UPDATEDATE="2024-09-06" STARTDATE="2024-09-06" ENDDATE="2079-06-06" ISACTUAL="1" ISACTIVE="1" /><HOUSE ID="126733418" OBJECTID="165097770" OBJECTGUID="3244c8bd-ccca-4cd0-9322-c08f23b5d63c" CHANGEID="600574999" HOUSENUM="3а" HOUSETYPE="2" OPERTYPEID="10" PREVID="0" NEXTID="0" UPDATEDATE="2024-09-06" STARTDATE="2024-09-06" ENDDATE="2079-06-06" ISACTUAL="1" ISACTIVE="1" /><HOUSE ID="126733441" OBJECTID="52967028" OBJECTGUID="1f97d94a-2ff7-4d7a-aa30-961301b2270e" CHANGEID="600575092" HOUSENUM="8" HOUSETYPE="2" OPERTYPEID="30" PREVID="31635649" NEXTID="0" UPDATEDATE="2024-09-06" STARTDATE="2024-09-06" ENDDATE="2079-06-06" ISACTUAL="1" ISACTIVE="0" /><HOUSE ID="31635649" OBJECTID="52967028" OBJECTGUID="1f97d94a-2ff7-4d7a-aa30-961301b2270e" CHANGEID="79319451" HOUSENUM="8" HOUSETYPE="2" OPERTYPEID="10" PREVID="0" NEXTID="126733441" UPDATEDATE="2024-09-06" STARTDATE="1900-01-01" ENDDATE="2024-09-06" ISACTUAL="0" ISACTIVE="0" /><HOUSE ID="126733848" OBJECTID="165098969" OBJECTGUID="ab2909b2-5e1e-4cbc-802e-9213f12c97f1" CHANGEID="600577185" HOUSENUM="47" HOUSETYPE="2" OPERTYPEID="10" PREVID="0" NEXTID="0" UPDATEDATE="2024-09-06" STARTDATE="2024-09-06" ENDDATE="2079-06-06" ISACTUAL="1" ISACTIVE="1" /><HOUSE ID="126734600" OBJECTID="165102253" OBJECTGUID="f313156c-4070-4841-ab11-1b1e93ac010a" CHANGEID="600582813" HOUSENUM="29" HOUSETYPE="2" OPERTYPEID="10" PREVID="0" NEXTID="0" UPDATEDATE="2024-09-06" STARTDATE="2024-09-06" ENDDATE="2079-06-06" ISACTUAL="1" ISACTIVE="1" /><HOUSE ID="126734843" OBJECTID="165103038" OBJECTGUID="9ab209de-6da5-40f4-80b8-584fe00b5b84" CHANGEID="600584522" HOUSENUM="15А" HOUSETYPE="2" OPERTYPEID="10" PREVID="0" NEXTID="0" UPDATEDATE="2024-09-06" STARTDATE="2024-09-06" ENDDATE="2079-06-06" ISACTUAL="1" ISACTIVE="1" /><HOUSE ID="126735356" OBJECTID="165104241" OBJECTGUID="e912b825-2fd7-47dc-97fa-68d37c7ee05a" CHANGEID="600586644" HOUSENUM="2" HOUSETYPE="2" OPERTYPEID="10" PREVID="0" NEXTID="0" UPDATEDATE="2024-09-06" STARTDATE="2024-09-06" ENDDATE="2079-06-06" ISACTUAL="1" ISACTIVE="1" /><HOUSE ID="126736355" OBJECTID="165107784" OBJECTGUID="3fe338d1-5082-4a43-bd4e-21259d4f9bbc" CHANGEID="600592479" HOUSENUM="45" HOUSETYPE="2" OPERTYPEID="10" PREVID="0" NEXTID="0" UPDATEDATE="2024-09-06" STARTDATE="2024-09-06" ENDDATE="2079-06-06" ISACTUAL="1" ISACTIVE="1" /><HOUSE ID="126736403" OBJECTID="165107945" OBJECTGUID="85aea7e1-a902-49b7-ac25-9cac0ff51143" CHANGEID="600592724" HOUSENUM="90а" HOUSETYPE="2" OPERTYPEID="10" PREVID="0" NEXTID="0" UPDATEDATE="2024-09-06" STARTDATE="2024-09-06" ENDDATE="2079-06-06" ISACTUAL="1" ISACTIVE="1" /><HOUSE ID="126736419" OBJECTID="165108002" OBJECTGUID="949ee345-c9c2-422b-8ea3-68ba41f0a84e" CHANGEID="600592820" HOUSENUM="22а" HOUSETYPE="2" OPERTYPEID="10" PREVID="0" NEXTID="0" UPDATEDATE="2024-09-06" STARTDATE="2024-09-06" ENDDATE="2079-06-06" ISACTUAL="1" ISACTIVE="1" /><HOUSE ID="126736431" OBJECTID="165108014" OBJECTGUID="6a7260b9-8e5e-4dcc-9c98-ce20d9c98a56" CHANGEID="600592847" HOUSENUM="8" HOUSETYPE="2" OPERTYPEID="10" PREVID="0" NEXTID="0" UPDATEDATE="2024-09-06" STARTDATE="2024-09-06" ENDDATE="2079-06-06" ISACTUAL="1" ISACTIVE="1" /><HOUSE ID="126736905" OBJECTID="165109317" OBJECTGUID="bb9574d0-605e-4e53-9f99-456f1ea32515" CHANGEID="600594700" HOUSENUM="19" HOUSETYPE="2" OPERTYPEID="10" PREVID="0" NEXTID="0" UPDATEDATE="2024-09-06" STARTDATE="2024-09-06" ENDDATE="2079-06-06" ISACTUAL="1" ISACTIVE="1" /><HOUSE ID="126736957" OBJECTID="165109783" OBJECTGUID="c78bd1c6-28a8-4fa0-bc45-666c62eb0571" CHANGEID="600595277" HOUSENUM="94" HOUSETYPE="2" OPERTYPEID="10" PREVID="0" NEXTID="0" UPDATEDATE="2024-09-06" STARTDATE="2024-09-06" ENDDATE="2079-06-06" ISACTUAL="1" ISACTIVE="1" /><HOUSE ID="126737479" OBJECTID="165112070" OBJECTGUID="de4a3e63-626f-48bd-84da-f1143d20ee5d" CHANGEID="600637128" HOUSENUM="1" HOUSETYPE="2" OPERTYPEID="10" PREVID="0" NEXTID="0" UPDATEDATE="2024-09-06" STARTDATE="2024-09-06" ENDDATE="2079-06-06" ISACTUAL="1" ISACTIVE="1" /><HOUSE ID="126737535" OBJECTID="165112442" OBJECTGUID="68e3a058-2380-4bba-a807-50c65bea5aed" CHANGEID="600650501" HOUSENUM="8" HOUSETYPE="2" OPERTYPEID="10" PREVID="0" NEXTID="0" UPDATEDATE="2024-09-06" STARTDATE="2024-09-06" ENDDATE="2079-06-06" ISACTUAL="1" ISACTIVE="1" /><HOUSE ID="126737812" OBJECTID="165113165" OBJECTGUID="755f6e63-ef5c-4efa-8bb3-674d0a6afa17" CHANGEID="600701248" HOUSENUM="7" HOUSETYPE="2" OPERTYPEID="10" PREVID="0" NEXTID="0" UPDATEDATE="2024-09-06" STARTDATE="2024-09-06" ENDDATE="2079-06-06" ISACTUAL="1" ISACTIVE="1" /><HOUSE ID="126737821" OBJECTID="165113240" OBJECTGUID="e8c1b30a-b0d2-4b7f-a60b-a55773bcb2f7" CHANGEID="600701368" HOUSENUM="79" HOUSETYPE="2" OPERTYPEID="10" PREVID="0" NEXTID="0" UPDATEDATE="2024-09-06" STARTDATE="2024-09-06" ENDDATE="2079-06-06" ISACTUAL="1" ISACTIVE="1" /><HOUSE ID="126737993" OBJECTID="165113944" OBJECTGUID="f0575cd3-e564-42cc-b2ce-1569b19c4b02" CHANGEID="600702603" HOUSENUM="13" HOUSETYPE="2" OPERTYPEID="10" PREVID="0" NEXTID="0" UPDATEDATE="2024-09-06" STARTDATE="2024-09-06" ENDDATE="2079-06-06" ISACTUAL="1" ISACTIVE="1" /><HOUSE ID="126738017" OBJECTID="165114019" OBJECTGUID="3bbaf6f4-7bcb-4aac-ae79-57f67a403f13" CHANGEID="600702721" HOUSENUM="6/16" HOUSETYPE="2" OPERTYPEID="10" PREVID="0" NEXTID="0" UPDATEDATE="2024-09-06" STARTDATE="2024-09-06" ENDDATE="2079-06-06" ISACTUAL="1" ISACTIVE="1" /><HOUSE ID="126740065" OBJECTID="165121720" OBJECTGUID="a16e9771-2f33-42d8-9f05-30358f2b0f19" CHANGEID="600745643" HOUSENUM="73" HOUSETYPE="2" OPERTYPEID="10" PREVID="0" NEXTID="0" UPDATEDATE="2024-09-09" STARTDATE="2024-09-09" ENDDATE="2079-06-06" ISACTUAL="1" ISACTIVE="1" /><HOUSE ID="126740326" OBJECTID="165123800" OBJECTGUID="e2d4736a-c968-49d3-8b96-662aa51ecb8f" CHANGEID="600748408" HOUSENUM="115" HOUSETYPE="2" OPERTYPEID="10" PREVID="0" NEXTID="0" UPDATEDATE="2024-09-09" STARTDATE="2024-09-09" ENDDATE="2079-06-06" ISACTUAL="1" ISACTIVE="1" /><HOUSE ID="126740327" OBJECTID="165123808" OBJECTGUID="589dd2fd-cca3-4e47-9c6f-97c13e6726c1" CHANGEID="600748416" HOUSENUM="110" HOUSETYPE="2" OPERTYPEID="10" PREVID="0" NEXTID="0" UPDATEDATE="2024-09-09" STARTDATE="2024-09-09" ENDDATE="2079-06-06" ISACTUAL="1" ISACTIVE="1" /><HOUSE ID="126740329" OBJECTID="165123810" OBJECTGUID="a0aeb7b0-2fe7-4019-9280-7dc870af9c01" CHANGEID="600748494" HOUSENUM="127" HOUSETYPE="2" OPERTYPEID="10" PREVID="0" NEXTID="0" UPDATEDATE="2024-09-09" STARTDATE="2024-09-09" ENDDATE="2079-06-06" ISACTUAL="1" ISACTIVE="1" /><HOUSE ID="126740330" OBJECTID="165123811" OBJECTGUID="f3e8600a-b8c0-487a-961f-173dd9a8f5a3" CHANGEID="600748495" HOUSENUM="124" HOUSETYPE="2" OPERTYPEID="10" PREVID="0" NEXTID="0" UPDATEDATE="2024-09-09" STARTDATE="2024-09-09" ENDDATE="2079-06-06" ISACTUAL="1" ISACTIVE="1" /><HOUSE ID="126740332" OBJECTID="165123813" OBJECTGUID="ce4a3525-89dd-40c3-acc2-07a0cc0a7a7a" CHANGEID="600748497" HOUSENUM="109" HOUSETYPE="2" OPERTYPEID="10" PREVID="0" NEXTID="0" UPDATEDATE="2024-09-09" STARTDATE="2024-09-09" ENDDATE="2079-06-06" ISACTUAL="1" ISACTIVE="1" /><HOUSE ID="126740792" OBJECTID="165126053" OBJECTGUID="5f0b111c-cb91-4104-b1d7-e03208677b5f" CHANGEID="600751708" HOUSENUM="3" HOUSETYPE="2" OPERTYPEID="10" PREVID="0" NEXTID="0" UPDATEDATE="2024-09-09" STARTDATE="2024-09-09" ENDDATE="2079-06-06" ISACTUAL="1" ISACTIVE="1" /><HOUSE ID="126740793" OBJECTID="165126055" OBJECTGUID="0474584f-5b80-419a-8c42-dc2140943eba" CHANGEID="600751710" HOUSENUM="17а" HOUSETYPE="2" OPERTYPEID="10" PREVID="0" NEXTID="0" UPDATEDATE="2024-09-09" STARTDATE="2024-09-09" ENDDATE="2079-06-06" ISACTUAL="1" ISACTIVE="1" /><HOUSE ID="126742590" OBJECTID="165136290" OBJECTGUID="158f4bfa-ede4-4613-80f8-d2d3633658c6" CHANGEID="600767334" HOUSENUM="8" HOUSETYPE="2" OPERTYPEID="10" PREVID="0" NEXTID="0" UPDATEDATE="2024-09-09" STARTDATE="2024-09-09" ENDDATE="2079-06-06" ISACTUAL="1" ISACTIVE="1" /><HOUSE ID="126742647" OBJECTID="165136774" OBJECTGUID="4bd66620-7794-4593-bc35-7134a3acb4d4" CHANGEID="600768108" HOUSENUM="8А" HOUSETYPE="2" OPERTYPEID="10" PREVID="0" NEXTID="0" UPDATEDATE="2024-09-09" STARTDATE="2024-09-09" ENDDATE="2079-06-06" ISACTUAL="1" ISACTIVE="1" /><HOUSE ID="126744412" OBJECTID="165139304" OBJECTGUID="ae559caa-411a-42f3-8ec5-78e235ef4428" CHANGEID="600772977" HOUSENUM="35а" HOUSETYPE="2" OPERTYPEID="10" PREVID="0" NEXTID="0" UPDATEDATE="2024-09-09" STARTDATE="2024-09-09" ENDDATE="2079-06-06" ISACTUAL="1" ISACTIVE="1" /><HOUSE ID="126744396" OBJECTID="165139280" OBJECTGUID="d1f3da5d-8119-4297-9406-9eeffef3450d" CHANGEID="600772930" HOUSENUM="1" HOUSETYPE="2" OPERTYPEID="10" PREVID="0" NEXTID="0" UPDATEDATE="2024-09-09" STARTDATE="2024-09-09" ENDDATE="2079-06-06" ISACTUAL="1" ISACTIVE="1" /><HOUSE ID="126745850" OBJECTID="165143891" OBJECTGUID="dfb25e22-7c31-45b8-bbcd-c37c4410f1b0" CHANGEID="600781142" HOUSENUM="5" HOUSETYPE="2" OPERTYPEID="10" PREVID="0" NEXTID="0" UPDATEDATE="2024-09-09" STARTDATE="2024-09-09" ENDDATE="2079-06-06" ISACTUAL="1" ISACTIVE="1" /><HOUSE ID="126745904" OBJECTID="165144138" OBJECTGUID="b5440723-2e0e-4497-8e43-fc2ceb153d61" CHANGEID="600781553" HOUSENUM="1" HOUSETYPE="2" OPERTYPEID="10" PREVID="0" NEXTID="0" UPDATEDATE="2024-09-09" STARTDATE="2024-09-09" ENDDATE="2079-06-06" ISACTUAL="1" ISACTIVE="1" /><HOUSE ID="126746502" OBJECTID="165146612" OBJECTGUID="8cab371c-a8cb-4a9e-9360-098c78384068" CHANGEID="600785204" HOUSENUM="22" HOUSETYPE="2" OPERTYPEID="10" PREVID="0" NEXTID="0" UPDATEDATE="2024-09-09" STARTDATE="2024-09-09" ENDDATE="2079-06-06" ISACTUAL="1" ISACTIVE="1" /><HOUSE ID="126746490" OBJECTID="165146541" OBJECTGUID="27408594-5df4-4f8a-9807-316adead3ba6" CHANGEID="600785101" HOUSENUM="1" HOUSETYPE="2" OPERTYPEID="10" PREVID="0" NEXTID="0" UPDATEDATE="2024-09-09" STARTDATE="2024-09-09" ENDDATE="2079-06-06" ISACTUAL="1" ISACTIVE="1" /><HOUSE ID="126746505" OBJECTID="165146617" OBJECTGUID="5c279c60-466f-4608-8643-cca872704d2d" CHANGEID="600785349" HOUSENUM="21" HOUSETYPE="2" OPERTYPEID="10" PREVID="0" NEXTID="0" UPDATEDATE="2024-09-09" STARTDATE="2024-09-09" ENDDATE="2079-06-06" ISACTUAL="1" ISACTIVE="1" /><HOUSE ID="126746747" OBJECTID="165147760" OBJECTGUID="c67c712b-6828-413d-8140-dbd36eed9c74" CHANGEID="600787025" HOUSENUM="50б" HOUSETYPE="2" OPERTYPEID="10" PREVID="0" NEXTID="0" UPDATEDATE="2024-09-09" STARTDATE="2024-09-09" ENDDATE="2079-06-06" ISACTUAL="1" ISACTIVE="1" /><HOUSE ID="126746807" OBJECTID="165147890" OBJECTGUID="222c2218-a37c-4e1a-b112-4382343f37d1" CHANGEID="600787272" HOUSENUM="354" HOUSETYPE="2" OPERTYPEID="10" PREVID="0" NEXTID="0" UPDATEDATE="2024-09-09" STARTDATE="2024-09-09" ENDDATE="2079-06-06" ISACTUAL="1" ISACTIVE="1" /><HOUSE ID="126746805" OBJECTID="165147866" OBJECTGUID="f73a23ac-1ed2-4cbb-82d9-40fbbf232204" CHANGEID="600787241" HOUSENUM="1" HOUSETYPE="2" OPERTYPEID="10" PREVID="0" NEXTID="0" UPDATEDATE="2024-09-09" STARTDATE="2024-09-09" ENDDATE="2079-06-06" ISACTUAL="1" ISACTIVE="1" /><HOUSE ID="126746826" OBJECTID="165147985" OBJECTGUID="f55f7f07-2ea7-4688-a5cf-fb2a942084ad" CHANGEID="600787472" HOUSENUM="8" HOUSETYPE="2" OPERTYPEID="10" PREVID="0" NEXTID="0" UPDATEDATE="2024-09-09" STARTDATE="2024-09-09" ENDDATE="2079-06-06" ISACTUAL="1" ISACTIVE="1" /><HOUSE ID="126746828" OBJECTID="165148000" OBJECTGUID="bb763978-0fa4-4fbf-8b19-1166744ac368" CHANGEID="600787498" HOUSENUM="589" HOUSETYPE="2" OPERTYPEID="10" PREVID="0" NEXTID="0" UPDATEDATE="2024-09-09" STARTDATE="2024-09-09" ENDDATE="2079-06-06" ISACTUAL="1" ISACTIVE="1" /><HOUSE ID="126746894" OBJECTID="165148518" OBJECTGUID="ccc148c9-0665-4811-8075-92263d9e4342" CHANGEID="600788225" HOUSENUM="11" HOUSETYPE="2" OPERTYPEID="10" PREVID="0" NEXTID="0" UPDATEDATE="2024-09-09" STARTDATE="2024-09-09" ENDDATE="2079-06-06" ISACTUAL="1" ISACTIVE="1" /><HOUSE ID="126746902" OBJECTID="165148538" OBJECTGUID="183e9c33-1610-47b6-adb8-a178326c5c34" CHANGEID="600788259" HOUSENUM="1а" HOUSETYPE="2" OPERTYPEID="10" PREVID="0" NEXTID="0" UPDATEDATE="2024-09-09" STARTDATE="2024-09-09" ENDDATE="2079-06-06" ISACTUAL="1" ISACTIVE="1" /><HOUSE ID="126746947" OBJECTID="165148939" OBJECTGUID="5a885517-2f7b-4a9e-8959-8efd5dd01259" CHANGEID="600788787" HOUSENUM="1Б" HOUSETYPE="2" OPERTYPEID="10" PREVID="0" NEXTID="0" UPDATEDATE="2024-09-09" STARTDATE="2024-09-09" ENDDATE="2079-06-06" ISACTUAL="1" ISACTIVE="1" /><HOUSE ID="126746962" OBJECTID="165149064" OBJECTGUID="c11b86f1-bfd3-4516-acc7-8503ea324a11" CHANGEID="600788943" HOUSENUM="32" HOUSETYPE="2" OPERTYPEID="10" PREVID="0" NEXTID="0" UPDATEDATE="2024-09-09" STARTDATE="2024-09-09" ENDDATE="2079-06-06" ISACTUAL="1" ISACTIVE="1" /><HOUSE ID="126746990" OBJECTID="165149258" OBJECTGUID="dfc2b621-70c3-429a-897b-c116bc542282" CHANGEID="600789251" HOUSENUM="13" HOUSETYPE="2" OPERTYPEID="10" PREVID="0" NEXTID="0" UPDATEDATE="2024-09-09" STARTDATE="2024-09-09" ENDDATE="2079-06-06" ISACTUAL="1" ISACTIVE="1" /><HOUSE ID="126747034" OBJECTID="165149346" OBJECTGUID="6187ce7e-37aa-478f-a606-7652746b0a97" CHANGEID="600789423" HOUSENUM="2" HOUSETYPE="2" OPERTYPEID="10" PREVID="0" NEXTID="0" UPDATEDATE="2024-09-09" STARTDATE="2024-09-09" ENDDATE="2079-06-06" ISACTUAL="1" ISACTIVE="1" /><HOUSE ID="126748910" OBJECTID="165159506" OBJECTGUID="4fbb8d9d-32b9-4082-b947-1a976c9c7e55" CHANGEID="600810269" HOUSENUM="8" HOUSETYPE="2" OPERTYPEID="10" PREVID="0" NEXTID="0" UPDATEDATE="2024-09-10" STARTDATE="2024-09-10" ENDDATE="2079-06-06" ISACTUAL="1" ISACTIVE="1" /><HOUSE ID="126748908" OBJECTID="165159501" OBJECTGUID="7d1a4c0d-f09d-4e5b-9a49-732b7d5c0dec" CHANGEID="600810255" HOUSENUM="6б" HOUSETYPE="2" OPERTYPEID="10" PREVID="0" NEXTID="126754523" UPDATEDATE="2024-09-10" STARTDATE="2024-09-10" ENDDATE="2024-09-10" ISACTUAL="0" ISACTIVE="0" /><HOUSE ID="126749454" OBJECTID="165161452" OBJECTGUID="2b575275-fce0-4809-9416-15716b288d41" CHANGEID="600813163" HOUSENUM="44а" HOUSETYPE="2" OPERTYPEID="10" PREVID="0" NEXTID="0" UPDATEDATE="2024-09-10" STARTDATE="2024-09-10" ENDDATE="2079-06-06" ISACTUAL="1" ISACTIVE="1" /><HOUSE ID="126749474" OBJECTID="165161500" OBJECTGUID="9305b23e-e0a0-48a0-834a-30e3f5d0a6d9" CHANGEID="600813278" HOUSENUM="85" HOUSETYPE="2" OPERTYPEID="10" PREVID="0" NEXTID="0" UPDATEDATE="2024-09-10" STARTDATE="2024-09-10" ENDDATE="2079-06-06" ISACTUAL="1" ISACTIVE="1" /><HOUSE ID="126751598" OBJECTID="165171192" OBJECTGUID="b5efdf1f-be8c-4276-9837-c17d5a82bf81" CHANGEID="600828150" HOUSENUM="240" HOUSETYPE="2" OPERTYPEID="10" PREVID="0" NEXTID="0" UPDATEDATE="2024-09-10" STARTDATE="2024-09-10" ENDDATE="2079-06-06" ISACTUAL="1" ISACTIVE="1" /><HOUSE ID="126751719" OBJECTID="165171717" OBJECTGUID="6fc048e2-0f0f-4143-8812-299be3b74f85" CHANGEID="600828954" HOUSENUM="38" ADDNUM1="2" HOUSETYPE="2" ADDTYPE1="2" OPERTYPEID="10" PREVID="0" NEXTID="0" UPDATEDATE="2024-09-10" STARTDATE="2024-09-10" ENDDATE="2079-06-06" ISACTUAL="1" ISACTIVE="1" /><HOUSE ID="126751713" OBJECTID="165171710" OBJECTGUID="5287d715-963a-4c72-9c3e-f48ee169eeee" CHANGEID="600828941" HOUSENUM="38" ADDNUM1="1" HOUSETYPE="2" ADDTYPE1="2" OPERTYPEID="10" PREVID="0" NEXTID="0" UPDATEDATE="2024-09-10" STARTDATE="2024-09-10" ENDDATE="2079-06-06" ISACTUAL="1" ISACTIVE="1" /><HOUSE ID="126751725" OBJECTID="165171744" OBJECTGUID="354e7cc1-1f6f-4097-b12f-599ddfe73c53" CHANGEID="600828986" HOUSENUM="38" ADDNUM1="3" HOUSETYPE="2" ADDTYPE1="2" OPERTYPEID="10" PREVID="0" NEXTID="0" UPDATEDATE="2024-09-10" STARTDATE="2024-09-10" ENDDATE="2079-06-06" ISACTUAL="1" ISACTIVE="1" /><HOUSE ID="126751910" OBJECTID="165172330" OBJECTGUID="6a292ce9-d1bf-45db-b8e3-dadb0cebb4d4" CHANGEID="600830141" HOUSENUM="38" ADDNUM1="4" HOUSETYPE="2" ADDTYPE1="2" OPERTYPEID="10" PREVID="0" NEXTID="0" UPDATEDATE="2024-09-10" STARTDATE="2024-09-10" ENDDATE="2079-06-06" ISACTUAL="1" ISACTIVE="1" /><HOUSE ID="126751934" OBJECTID="165172375" OBJECTGUID="0e1df9de-02be-4fbb-8637-7b22cb144e45" CHANGEID="600830231" HOUSENUM="38" ADDNUM1="6" HOUSETYPE="2" ADDTYPE1="2" OPERTYPEID="10" PREVID="0" NEXTID="0" UPDATEDATE="2024-09-10" STARTDATE="2024-09-10" ENDDATE="2079-06-06" ISACTUAL="1" ISACTIVE="1" /><HOUSE ID="126751947" OBJECTID="165172398" OBJECTGUID="c20b5b2f-fa71-472d-852b-01f077fdbcde" CHANGEID="600830272" HOUSENUM="38" ADDNUM1="8" HOUSETYPE="2" ADDTYPE1="2" OPERTYPEID="10" PREVID="0" NEXTID="0" UPDATEDATE="2024-09-10" STARTDATE="2024-09-10" ENDDATE="2079-06-06" ISACTUAL="1" ISACTIVE="1" /><HOUSE ID="126751918" OBJECTID="165172349" OBJECTGUID="72bb111f-4dd7-4ce6-abc7-7de454d3df45" CHANGEID="600830186" HOUSENUM="38" ADDNUM1="5" HOUSETYPE="2" ADDTYPE1="2" OPERTYPEID="10" PREVID="0" NEXTID="0" UPDATEDATE="2024-09-10" STARTDATE="2024-09-10" ENDDATE="2079-06-06" ISACTUAL="1" ISACTIVE="1" /><HOUSE ID="126751937" OBJECTID="165172386" OBJECTGUID="345821bf-6985-4a10-b6f1-b3e9e419aa6b" CHANGEID="600830248" HOUSENUM="38" ADDNUM1="7" HOUSETYPE="2" ADDTYPE1="2" OPERTYPEID="10" PREVID="0" NEXTID="0" UPDATEDATE="2024-09-10" STARTDATE="2024-09-10" ENDDATE="2079-06-06" ISACTUAL="1" ISACTIVE="1" /><HOUSE ID="126751951" OBJECTID="165172428" OBJECTGUID="7443101b-9c8b-4c8f-bd53-4b67e5e3785f" CHANGEID="600830309" HOUSENUM="38" ADDNUM1="9" HOUSETYPE="2" ADDTYPE1="2" OPERTYPEID="10" PREVID="0" NEXTID="0" UPDATEDATE="2024-09-10" STARTDATE="2024-09-10" ENDDATE="2079-06-06" ISACTUAL="1" ISACTIVE="1" /><HOUSE ID="126752584" OBJECTID="165174175" OBJECTGUID="0171949d-b4b4-49b0-aaf9-bf35deb64164" CHANGEID="600833470" HOUSENUM="4" HOUSETYPE="5" OPERTYPEID="10" PREVID="0" NEXTID="0" UPDATEDATE="2024-09-10" STARTDATE="2024-09-10" ENDDATE="2079-06-06" ISACTUAL="1" ISACTIVE="1" /><HOUSE ID="126752583" OBJECTID="165174174" OBJECTGUID="a5d1c642-8708-416f-a64c-9009087b12cf" CHANGEID="600833469" HOUSENUM="1" HOUSETYPE="5" OPERTYPEID="10" PREVID="0" NEXTID="0" UPDATEDATE="2024-09-10" STARTDATE="2024-09-10" ENDDATE="2079-06-06" ISACTUAL="1" ISACTIVE="1" /><HOUSE ID="126753113" OBJECTID="165176989" OBJECTGUID="1aa69855-2add-4209-bfc7-f801b58538a4" CHANGEID="600837335" HOUSENUM="34А" HOUSETYPE="2" OPERTYPEID="10" PREVID="0" NEXTID="0" UPDATEDATE="2024-09-10" STARTDATE="2024-09-10" ENDDATE="2079-06-06" ISACTUAL="1" ISACTIVE="1" /><HOUSE ID="126753281" OBJECTID="165178075" OBJECTGUID="9c7795bf-8251-452b-adb5-7b65568905f1" CHANGEID="600838953" HOUSENUM="41Г" HOUSETYPE="2" OPERTYPEID="10" PREVID="0" NEXTID="0" UPDATEDATE="2024-09-10" STARTDATE="2024-09-10" ENDDATE="2079-06-06" ISACTUAL="1" ISACTIVE="1" /><HOUSE ID="126754212" OBJECTID="165181290" OBJECTGUID="a56c268c-6c22-47c7-a94f-844de682f84c" CHANGEID="600845016" HOUSENUM="39" ADDNUM1="1" HOUSETYPE="2" ADDTYPE1="2" OPERTYPEID="10" PREVID="0" NEXTID="0" UPDATEDATE="2024-09-10" STARTDATE="2024-09-10" ENDDATE="2079-06-06" ISACTUAL="1" ISACTIVE="1" /><HOUSE ID="126754221" OBJECTID="165181329" OBJECTGUID="fba83c5e-1e9b-4bd6-b008-f06427948722" CHANGEID="600845079" HOUSENUM="39" ADDNUM1="3" HOUSETYPE="2" ADDTYPE1="2" OPERTYPEID="10" PREVID="0" NEXTID="0" UPDATEDATE="2024-09-10" STARTDATE="2024-09-10" ENDDATE="2079-06-06" ISACTUAL="1" ISACTIVE="1" /><HOUSE ID="126754241" OBJECTID="165181449" OBJECTGUID="156feb09-128c-4386-b917-8baa3bd51b76" CHANGEID="600845240" HOUSENUM="39" ADDNUM1="9" HOUSETYPE="2" ADDTYPE1="2" OPERTYPEID="10" PREVID="0" NEXTID="0" UPDATEDATE="2024-09-10" STARTDATE="2024-09-10" ENDDATE="2079-06-06" ISACTUAL="1" ISACTIVE="1" /><HOUSE ID="126754246" OBJECTID="165181462" OBJECTGUID="33d776d2-4793-4d3e-bdfd-288c406a5bea" CHANGEID="600845258" HOUSENUM="39" ADDNUM1="10" HOUSETYPE="2" ADDTYPE1="2" OPERTYPEID="10" PREVID="0" NEXTID="0" UPDATEDATE="2024-09-10" STARTDATE="2024-09-10" ENDDATE="2079-06-06" ISACTUAL="1" ISACTIVE="1" /><HOUSE ID="126754217" OBJECTID="165181303" OBJECTGUID="53bdff8e-4e2c-4491-bd16-7ec9b86eea54" CHANGEID="600845041" HOUSENUM="39" ADDNUM1="2" HOUSETYPE="2" ADDTYPE1="2" OPERTYPEID="10" PREVID="0" NEXTID="0" UPDATEDATE="2024-09-10" STARTDATE="2024-09-10" ENDDATE="2079-06-06" ISACTUAL="1" ISACTIVE="1" /><HOUSE ID="126754224" OBJECTID="165181379" OBJECTGUID="896c50fc-71ca-4eed-987b-bc72ce13fbe4" CHANGEID="600845138" HOUSENUM="39" ADDNUM1="4" HOUSETYPE="2" ADDTYPE1="2" OPERTYPEID="10" PREVID="0" NEXTID="0" UPDATEDATE="2024-09-10" STARTDATE="2024-09-10" ENDDATE="2079-06-06" ISACTUAL="1" ISACTIVE="1" /><HOUSE ID="126754226" OBJECTID="165181393" OBJECTGUID="7b2f7212-5c72-4c2b-92cf-a8208df6ec31" CHANGEID="600845156" HOUSENUM="39" ADDNUM1="5" HOUSETYPE="2" ADDTYPE1="2" OPERTYPEID="10" PREVID="0" NEXTID="0" UPDATEDATE="2024-09-10" STARTDATE="2024-09-10" ENDDATE="2079-06-06" ISACTUAL="1" ISACTIVE="1" /><HOUSE ID="126754232" OBJECTID="165181416" OBJECTGUID="21743494-633c-442a-bf2d-3fdbbe216b07" CHANGEID="600845191" HOUSENUM="39" ADDNUM1="6" HOUSETYPE="2" ADDTYPE1="2" OPERTYPEID="10" PREVID="0" NEXTID="0" UPDATEDATE="2024-09-10" STARTDATE="2024-09-10" ENDDATE="2079-06-06" ISACTUAL="1" ISACTIVE="1" /><HOUSE ID="126754235" OBJECTID="165181432" OBJECTGUID="863b9416-87a2-45e8-a65b-df6536a3733d" CHANGEID="600845213" HOUSENUM="39" ADDNUM1="8" HOUSETYPE="2" ADDTYPE1="2" OPERTYPEID="10" PREVID="0" NEXTID="0" UPDATEDATE="2024-09-10" STARTDATE="2024-09-10" ENDDATE="2079-06-06" ISACTUAL="1" ISACTIVE="1" /><HOUSE ID="126754248" OBJECTID="165181474" OBJECTGUID="0e4695b3-1769-4b1a-ba80-ae1329cfe638" CHANGEID="600845278" HOUSENUM="39" ADDNUM1="11" HOUSETYPE="2" ADDTYPE1="2" OPERTYPEID="10" PREVID="0" NEXTID="0" UPDATEDATE="2024-09-10" STARTDATE="2024-09-10" ENDDATE="2079-06-06" ISACTUAL="1" ISACTIVE="1" /><HOUSE ID="126754258" OBJECTID="165181538" OBJECTGUID="0bb3c50f-128a-43e2-907e-790a27c3b962" CHANGEID="600845350" HOUSENUM="39" ADDNUM1="12" HOUSETYPE="2" ADDTYPE1="2" OPERTYPEID="10" PREVID="0" NEXTID="0" UPDATEDATE="2024-09-10" STARTDATE="2024-09-10" ENDDATE="2079-06-06" ISACTUAL="1" ISACTIVE="1" /><HOUSE ID="126754262" OBJECTID="165181564" OBJECTGUID="98c0df64-c810-44c5-aa1e-51802d828c27" CHANGEID="600845380" HOUSENUM="39" ADDNUM1="13" HOUSETYPE="2" ADDTYPE1="2" OPERTYPEID="10" PREVID="0" NEXTID="0" UPDATEDATE="2024-09-10" STARTDATE="2024-09-10" ENDDATE="2079-06-06" ISACTUAL="1" ISACTIVE="1" /><HOUSE ID="126754266" OBJECTID="165181578" OBJECTGUID="59ccc734-8600-42e8-a24f-c1abe90ef773" CHANGEID="600845397" HOUSENUM="39" ADDNUM1="14" HOUSETYPE="2" ADDTYPE1="2" OPERTYPEID="10" PREVID="0" NEXTID="0" UPDATEDATE="2024-09-10" STARTDATE="2024-09-10" ENDDATE="2079-06-06" ISACTUAL="1" ISACTIVE="1" /><HOUSE ID="126754293" OBJECTID="165181780" OBJECTGUID="64f0ba80-3fb5-4451-b0ba-6d852a330b0f" CHANGEID="600845676" HOUSENUM="15" HOUSETYPE="2" OPERTYPEID="10" PREVID="0" NEXTID="0" UPDATEDATE="2024-09-10" STARTDATE="2024-09-10" ENDDATE="2079-06-06" ISACTUAL="1" ISACTIVE="1" /><HOUSE ID="126754332" OBJECTID="165181931" OBJECTGUID="f78034ce-0119-43e3-a229-676dbb0387b9" CHANGEID="600845908" HOUSENUM="7" HOUSETYPE="2" OPERTYPEID="10" PREVID="0" NEXTID="0" UPDATEDATE="2024-09-10" STARTDATE="2024-09-10" ENDDATE="2079-06-06" ISACTUAL="1" ISACTIVE="1" /><HOUSE ID="126754523" OBJECTID="165159501" OBJECTGUID="7d1a4c0d-f09d-4e5b-9a49-732b7d5c0dec" CHANGEID="600847354" HOUSENUM="9а" HOUSETYPE="2" OPERTYPEID="20" PREVID="126748908" UPDATEDATE="2024-09-10" STARTDATE="2024-09-10" ENDDATE="2079-06-06" ISACTUAL="1" ISACTIVE="1" /><HOUSE ID="126757976" OBJECTID="165202489" OBJECTGUID="787e55db-4b01-4447-af37-7101c8c3c330" CHANGEID="600900088" HOUSENUM="62" HOUSETYPE="2" OPERTYPEID="10" PREVID="0" NEXTID="0" UPDATEDATE="2024-09-11" STARTDATE="2024-09-11" ENDDATE="2079-06-06" ISACTUAL="1" ISACTIVE="1" /><HOUSE ID="126759098" OBJECTID="165207901" OBJECTGUID="6a8d0ce5-be27-43ed-ba42-6ea9a42b6606" CHANGEID="600908228" HOUSENUM="10а" HOUSETYPE="2" OPERTYPEID="10" PREVID="0" NEXTID="0" UPDATEDATE="2024-09-11" STARTDATE="2024-09-11" ENDDATE="2079-06-06" ISACTUAL="1" ISACTIVE="1" /><HOUSE ID="126759729" OBJECTID="45716085" OBJECTGUID="3440f52a-27f7-45ab-9f96-42c546486e75" CHANGEID="600913636" HOUSENUM="14" HOUSETYPE="2" OPERTYPEID="30" PREVID="27305993" NEXTID="0" UPDATEDATE="2024-09-11" STARTDATE="2024-09-11" ENDDATE="2079-06-06" ISACTUAL="1" ISACTIVE="0" /><HOUSE ID="27305993" OBJECTID="45716085" OBJECTGUID="3440f52a-27f7-45ab-9f96-42c546486e75" CHANGEID="68843709" HOUSENUM="14" HOUSETYPE="2" OPERTYPEID="10" PREVID="0" NEXTID="126759729" UPDATEDATE="2024-09-11" STARTDATE="2011-02-16" ENDDATE="2024-09-11" ISACTUAL="0" ISACTIVE="0" /><HOUSE ID="126761207" OBJECTID="20446432" OBJECTGUID="7624436b-6bb2-4871-be64-b23516fe87c8" CHANGEID="600925395" HOUSENUM="14" HOUSETYPE="2" OPERTYPEID="30" PREVID="59751538" NEXTID="0" UPDATEDATE="2024-09-11" STARTDATE="2024-09-11" ENDDATE="2079-06-06" ISACTUAL="1" ISACTIVE="0" /><HOUSE ID="59751538" OBJECTID="20446432" OBJECTGUID="7624436b-6bb2-4871-be64-b23516fe87c8" CHANGEID="32008887" HOUSENUM="14" HOUSETYPE="2" OPERTYPEID="20" PREVID="11942832" NEXTID="126761207" UPDATEDATE="2024-09-11" STARTDATE="2015-12-11" ENDDATE="2024-09-11" ISACTUAL="0" ISACTIVE="0" /><HOUSE ID="126761287" OBJECTID="165218459" OBJECTGUID="9804d0f4-e788-4804-9476-c552d1ceec30" CHANGEID="600926042" HOUSENUM="37" HOUSETYPE="2" OPERTYPEID="10" PREVID="0" NEXTID="0" UPDATEDATE="2024-09-11" STARTDATE="2024-09-11" ENDDATE="2079-06-06" ISACTUAL="1" ISACTIVE="1" /><HOUSE ID="126761339" OBJECTID="165218638" OBJECTGUID="b2c0cf7c-17ce-418e-bb33-266e4f9ee7ed" CHANGEID="600926501" HOUSENUM="37а" HOUSETYPE="5" OPERTYPEID="10" PREVID="0" NEXTID="0" UPDATEDATE="2024-09-11" STARTDATE="2024-09-11" ENDDATE="2079-06-06" ISACTUAL="1" ISACTIVE="1" /><HOUSE ID="126761480" OBJECTID="165219335" OBJECTGUID="b5a5f994-c328-4799-95ed-72899f86c1ee" CHANGEID="600928978" HOUSENUM="46Ф" HOUSETYPE="2" OPERTYPEID="10" PREVID="0" NEXTID="0" UPDATEDATE="2024-09-11" STARTDATE="2024-09-11" ENDDATE="2079-06-06" ISACTUAL="1" ISACTIVE="1" /><HOUSE ID="126761810" OBJECTID="165221036" OBJECTGUID="56036211-8fa1-4f8e-9e7c-f7132ca6f0d5" CHANGEID="600932054" HOUSENUM="66" HOUSETYPE="2" OPERTYPEID="10" PREVID="0" NEXTID="0" UPDATEDATE="2024-09-11" STARTDATE="2024-09-11" ENDDATE="2079-06-06" ISACTUAL="1" ISACTIVE="1" /><HOUSE ID="126761917" OBJECTID="48505241" OBJECTGUID="e104690f-e814-4f1d-bfdc-e19ed303daf7" CHANGEID="600932818" HOUSENUM="12" HOUSETYPE="2" OPERTYPEID="30" PREVID="29004469" NEXTID="0" UPDATEDATE="2024-09-11" STARTDATE="2024-09-11" ENDDATE="2079-06-06" ISACTUAL="1" ISACTIVE="0" /><HOUSE ID="29004469" OBJECTID="48505241" OBJECTGUID="e104690f-e814-4f1d-bfdc-e19ed303daf7" CHANGEID="72899484" HOUSENUM="12" HOUSETYPE="2" OPERTYPEID="10" PREVID="0" NEXTID="126761917" UPDATEDATE="2024-09-11" STARTDATE="1900-01-01" ENDDATE="2024-09-11" ISACTUAL="0" ISACTIVE="0" /><HOUSE ID="126761970" OBJECTID="165221533" OBJECTGUID="5b6bcd4a-a14f-410e-b2fe-c5391cd6418e" CHANGEID="600932982" HOUSENUM="1а" HOUSETYPE="2" OPERTYPEID="10" PREVID="0" NEXTID="0" UPDATEDATE="2024-09-11" STARTDATE="2024-09-11" ENDDATE="2079-06-06" ISACTUAL="1" ISACTIVE="1" /></HOUSES>