﻿<?xml version="1.0" encoding="utf-8"?><HOUSES><HOUSE ID="54488510" OBJECTID="23742440" OBJECTGUID="2bdf7c8f-b505-480c-9e9a-7bbe386cf85b" CHANGEID="36865976" HOUSENUM="20" HOUSETYPE="2" OPERTYPEID="20" PREVID="14008909" NEXTID="126737271" UPDATEDATE="2024-09-06" STARTDATE="2017-12-13" ENDDATE="2024-09-06" ISACTUAL="0" ISACTIVE="0" /><HOUSE ID="54669619" OBJECTID="23742921" OBJECTGUID="2e6e5cc5-ad9b-4470-9d3f-9bd71b2e02fc" CHANGEID="36866451" HOUSENUM="8" HOUSETYPE="2" OPERTYPEID="20" PREVID="14009186" NEXTID="126737270" UPDATEDATE="2024-09-06" STARTDATE="2017-12-13" ENDDATE="2024-09-06" ISACTUAL="0" ISACTIVE="0" /><HOUSE ID="54789931" OBJECTID="18927797" OBJECTGUID="301e6271-8045-4e4a-9117-57b0473ed946" CHANGEID="29721070" HOUSENUM="53" HOUSETYPE="2" OPERTYPEID="20" PREVID="10913840" NEXTID="126737587" UPDATEDATE="2024-09-06" STARTDATE="2017-12-13" ENDDATE="2024-09-06" ISACTUAL="0" ISACTIVE="0" /><HOUSE ID="54822210" OBJECTID="80109515" OBJECTGUID="3094eb11-3a6d-4ebd-8dae-1d1c1ca1429d" CHANGEID="119066249" HOUSENUM="22" HOUSETYPE="2" OPERTYPEID="20" PREVID="48451245" NEXTID="126754034" UPDATEDATE="2024-09-10" STARTDATE="2017-12-13" ENDDATE="2024-09-10" ISACTUAL="0" ISACTIVE="0" /><HOUSE ID="54903971" OBJECTID="77581202" OBJECTGUID="31ba29f7-1992-4afa-9293-6384f74b47de" CHANGEID="115359928" HOUSENUM="34" HOUSETYPE="2" OPERTYPEID="20" PREVID="46873694" NEXTID="126749284" UPDATEDATE="2024-09-10" STARTDATE="2017-12-13" ENDDATE="2024-09-10" ISACTUAL="0" ISACTIVE="0" /><HOUSE ID="55259672" OBJECTID="18939976" OBJECTGUID="36bfeb49-5c4a-4384-9754-bf11de7d1b94" CHANGEID="29738645" HOUSENUM="66" HOUSETYPE="2" OPERTYPEID="20" PREVID="10921834" NEXTID="126737572" UPDATEDATE="2024-09-06" STARTDATE="2017-12-13" ENDDATE="2024-09-06" ISACTUAL="0" ISACTIVE="0" /><HOUSE ID="56213613" OBJECTID="59574150" OBJECTGUID="443b067a-af16-46d5-a446-9b462be0e36a" CHANGEID="88977222" HOUSENUM="41" HOUSETYPE="2" OPERTYPEID="20" PREVID="35670955" NEXTID="126738181" UPDATEDATE="2024-09-06" STARTDATE="2017-12-13" ENDDATE="2024-09-06" ISACTUAL="0" ISACTIVE="0" /><HOUSE ID="56239769" OBJECTID="18944391" OBJECTGUID="449a744e-454a-4956-8077-cf17e876e069" CHANGEID="29746716" HOUSENUM="37" HOUSETYPE="2" OPERTYPEID="20" PREVID="10925385" NEXTID="126737567" UPDATEDATE="2024-09-06" STARTDATE="2017-12-13" ENDDATE="2024-09-06" ISACTUAL="0" ISACTIVE="0" /><HOUSE ID="56959017" OBJECTID="61070343" OBJECTGUID="4ec37e96-cfe9-4845-9f56-ee6ec1cc47f6" CHANGEID="91199454" HOUSENUM="1" HOUSETYPE="2" OPERTYPEID="20" PREVID="36639090" NEXTID="126733280" UPDATEDATE="2024-09-06" STARTDATE="2017-12-13" ENDDATE="2024-09-06" ISACTUAL="0" ISACTIVE="0" /><HOUSE ID="57300905" OBJECTID="80109150" OBJECTGUID="539511d2-ea79-4a1a-bddc-10d9da05f207" CHANGEID="119061974" HOUSENUM="24" HOUSETYPE="2" OPERTYPEID="20" PREVID="48450709" NEXTID="126754035" UPDATEDATE="2024-09-10" STARTDATE="2017-12-13" ENDDATE="2024-09-10" ISACTUAL="0" ISACTIVE="0" /><HOUSE ID="57406715" OBJECTID="18942648" OBJECTGUID="55116f6b-fdd5-4784-9ae4-c57bc2d22eec" CHANGEID="29743179" HOUSENUM="64" HOUSETYPE="2" OPERTYPEID="20" PREVID="10923915" NEXTID="126737569" UPDATEDATE="2024-09-06" STARTDATE="2017-12-13" ENDDATE="2024-09-06" ISACTUAL="0" ISACTIVE="0" /><HOUSE ID="57408895" OBJECTID="18913488" OBJECTGUID="55166d0f-ae2a-4132-8688-12b2108fdd5a" CHANGEID="29698338" HOUSENUM="69" HOUSETYPE="2" OPERTYPEID="20" PREVID="10903693" NEXTID="126737592" UPDATEDATE="2024-09-06" STARTDATE="2017-12-13" ENDDATE="2024-09-06" ISACTUAL="0" ISACTIVE="0" /><HOUSE ID="57927511" OBJECTID="23743408" OBJECTGUID="5c6ca1d4-b919-4557-98ff-a843c6e74acd" CHANGEID="36867188" HOUSENUM="9" HOUSETYPE="2" OPERTYPEID="20" PREVID="14009457" NEXTID="126737269" UPDATEDATE="2024-09-06" STARTDATE="2017-12-13" ENDDATE="2024-09-06" ISACTUAL="0" ISACTIVE="0" /><HOUSE ID="58125932" OBJECTID="4865628" OBJECTGUID="5f3828a9-b193-4658-8f71-26638ae60c35" CHANGEID="8983742" HOUSENUM="4" HOUSETYPE="2" OPERTYPEID="20" PREVID="2031895" NEXTID="126737262" UPDATEDATE="2024-09-06" STARTDATE="2017-12-13" ENDDATE="2024-09-06" ISACTUAL="0" ISACTIVE="0" /><HOUSE ID="58255648" OBJECTID="20265596" OBJECTGUID="610a0752-0986-4dd3-83c7-ed480f0706aa" CHANGEID="31736528" HOUSENUM="10" HOUSETYPE="2" OPERTYPEID="20" PREVID="11815892" NEXTID="126738659" UPDATEDATE="2024-09-06" STARTDATE="2017-12-13" ENDDATE="2024-09-06" ISACTUAL="0" ISACTIVE="0" /><HOUSE ID="58328060" OBJECTID="80119553" OBJECTGUID="6210c342-6c99-4ffe-ab61-8953debd0e14" CHANGEID="119077114" HOUSENUM="20" HOUSETYPE="2" OPERTYPEID="20" PREVID="48456931" NEXTID="126754028" UPDATEDATE="2024-09-10" STARTDATE="2017-12-13" ENDDATE="2024-09-10" ISACTUAL="0" ISACTIVE="0" /><HOUSE ID="58478124" OBJECTID="77573256" OBJECTGUID="642ea124-4eb7-4226-a58e-bb1bb91012c6" CHANGEID="115349599" HOUSENUM="26" HOUSETYPE="2" OPERTYPEID="20" PREVID="46869283" NEXTID="126749288" UPDATEDATE="2024-09-10" STARTDATE="2017-12-13" ENDDATE="2024-09-10" ISACTUAL="0" ISACTIVE="0" /><HOUSE ID="58861847" OBJECTID="23741472" OBJECTGUID="699a6044-fdc1-4bad-9b45-78905abe3adc" CHANGEID="36865236" HOUSENUM="12" HOUSETYPE="2" OPERTYPEID="20" PREVID="14008544" NEXTID="126737272" UPDATEDATE="2024-09-06" STARTDATE="2017-12-13" ENDDATE="2024-09-06" ISACTUAL="0" ISACTIVE="0" /><HOUSE ID="58981875" OBJECTID="20923465" OBJECTGUID="6b4d3d1e-47b5-4f51-b5e2-95850e5dfc1c" CHANGEID="32716031" HOUSENUM="9" HOUSETYPE="2" OPERTYPEID="20" PREVID="12251884" NEXTID="126749689" UPDATEDATE="2024-09-10" STARTDATE="2017-12-13" ENDDATE="2024-09-10" ISACTUAL="0" ISACTIVE="0" /><HOUSE ID="59100556" OBJECTID="20263749" OBJECTGUID="6cf9dfe3-a541-4d72-bbb5-d630dd754a3f" CHANGEID="31732988" HOUSENUM="14" HOUSETYPE="2" OPERTYPEID="20" PREVID="11814045" NEXTID="126738661" UPDATEDATE="2024-09-06" STARTDATE="2017-12-13" ENDDATE="2024-09-06" ISACTUAL="0" ISACTIVE="0" /><HOUSE ID="59112134" OBJECTID="53829283" OBJECTGUID="6d21f0d2-8697-467a-a279-be8ad2419f2a" CHANGEID="80570361" HOUSENUM="12" HOUSETYPE="2" OPERTYPEID="20" PREVID="32146681" NEXTID="126738573" UPDATEDATE="2024-09-06" STARTDATE="2017-12-13" ENDDATE="2024-09-06" ISACTUAL="0" ISACTIVE="0" /><HOUSE ID="59131639" OBJECTID="72391787" OBJECTGUID="6d6ab83e-4392-4766-ae6b-5b995a92f31e" CHANGEID="107803623" HOUSENUM="52" HOUSETYPE="2" OPERTYPEID="20" PREVID="43685197" NEXTID="126749300" UPDATEDATE="2024-09-10" STARTDATE="2017-12-13" ENDDATE="2024-09-10" ISACTUAL="0" ISACTIVE="0" /><HOUSE ID="59147666" OBJECTID="18941897" OBJECTGUID="6da1a3bc-1ca6-4cc7-bfa1-bf5d3da96000" CHANGEID="29741866" HOUSENUM="45" HOUSETYPE="2" OPERTYPEID="20" PREVID="10923189" NEXTID="126737570" UPDATEDATE="2024-09-06" STARTDATE="2017-12-13" ENDDATE="2024-09-06" ISACTUAL="0" ISACTIVE="0" /><HOUSE ID="59451870" OBJECTID="18932523" OBJECTGUID="71f051a7-ba0f-4b18-87e4-944d051b4a57" CHANGEID="29727105" HOUSENUM="60" HOUSETYPE="2" OPERTYPEID="20" PREVID="10916503" NEXTID="126737580" UPDATEDATE="2024-09-06" STARTDATE="2017-12-13" ENDDATE="2024-09-06" ISACTUAL="0" ISACTIVE="0" /><HOUSE ID="59974369" OBJECTID="18931730" OBJECTGUID="794e8128-014f-458b-9614-916f03867590" CHANGEID="29725776" HOUSENUM="41" HOUSETYPE="2" OPERTYPEID="20" PREVID="10915940" NEXTID="126737582" UPDATEDATE="2024-09-06" STARTDATE="2017-12-13" ENDDATE="2024-09-06" ISACTUAL="0" ISACTIVE="0" /><HOUSE ID="60076398" OBJECTID="23733179" OBJECTGUID="7abf8dd2-22a8-4b9b-b335-5388309bb2a5" CHANGEID="36852881" HOUSENUM="16" HOUSETYPE="2" OPERTYPEID="20" PREVID="14003899" NEXTID="126737276" UPDATEDATE="2024-09-06" STARTDATE="2017-12-13" ENDDATE="2024-09-06" ISACTUAL="0" ISACTIVE="0" /><HOUSE ID="60279085" OBJECTID="59574764" OBJECTGUID="7d98ef73-1904-40ea-8e89-ef615ab47225" CHANGEID="88978112" HOUSENUM="43" HOUSETYPE="2" OPERTYPEID="20" PREVID="35671310" NEXTID="126738180" UPDATEDATE="2024-09-06" STARTDATE="2017-12-13" ENDDATE="2024-09-06" ISACTUAL="0" ISACTIVE="0" /><HOUSE ID="60478320" OBJECTID="8817078" OBJECTGUID="80689e05-7f70-4a1c-8f7a-ea704bb140cd" CHANGEID="14817089" HOUSENUM="9" HOUSETYPE="2" OPERTYPEID="20" PREVID="4534808" NEXTID="126750410" UPDATEDATE="2024-09-10" STARTDATE="2017-12-13" ENDDATE="2024-09-10" ISACTUAL="0" ISACTIVE="0" /><HOUSE ID="60721008" OBJECTID="63257110" OBJECTGUID="83da4648-f4cd-4329-aac6-0d0448614571" CHANGEID="94409524" HOUSENUM="33" HOUSETYPE="2" OPERTYPEID="20" PREVID="38031253" NEXTID="126738549" UPDATEDATE="2024-09-06" STARTDATE="2017-12-13" ENDDATE="2024-09-06" ISACTUAL="0" ISACTIVE="0" /><HOUSE ID="60903397" OBJECTID="80107712" OBJECTGUID="866e318b-c1af-4905-a465-0c254555eea0" CHANGEID="119059855" HOUSENUM="25" HOUSETYPE="2" OPERTYPEID="20" PREVID="48449672" NEXTID="126754036" UPDATEDATE="2024-09-10" STARTDATE="2017-12-13" ENDDATE="2024-09-10" ISACTUAL="0" ISACTIVE="0" /><HOUSE ID="60913953" OBJECTID="77566132" OBJECTGUID="869305c6-0928-4056-946a-784b2c59bd81" CHANGEID="115338747" HOUSENUM="30" HOUSETYPE="2" OPERTYPEID="20" PREVID="46864886" NEXTID="126749290" UPDATEDATE="2024-09-10" STARTDATE="2017-12-13" ENDDATE="2024-09-10" ISACTUAL="0" ISACTIVE="0" /><HOUSE ID="61349605" OBJECTID="76296896" OBJECTGUID="8cb3f41a-9f09-435a-a5af-5b9e1506318f" CHANGEID="113493461" HOUSENUM="33" HOUSETYPE="2" OPERTYPEID="20" PREVID="46091509" NEXTID="126738233" UPDATEDATE="2024-09-06" STARTDATE="2017-12-13" ENDDATE="2024-09-06" ISACTUAL="0" ISACTIVE="0" /><HOUSE ID="61820169" OBJECTID="33071299" OBJECTGUID="935fc950-be69-47ff-80b3-a4a76e23296e" CHANGEID="50440533" HOUSENUM="10" HOUSETYPE="2" OPERTYPEID="20" PREVID="19661394" NEXTID="126749303" UPDATEDATE="2024-09-10" STARTDATE="2017-12-13" ENDDATE="2024-09-10" ISACTUAL="0" ISACTIVE="0" /><HOUSE ID="61914725" OBJECTID="63283462" OBJECTGUID="94b4d86e-8aa1-4a24-99ce-c6829329d2aa" CHANGEID="94447588" HOUSENUM="31" HOUSETYPE="2" OPERTYPEID="20" PREVID="38047544" NEXTID="126738545" UPDATEDATE="2024-09-06" STARTDATE="2017-12-13" ENDDATE="2024-09-06" ISACTUAL="0" ISACTIVE="0" /><HOUSE ID="61977387" OBJECTID="18929672" OBJECTGUID="9593563d-bc6f-453d-9fc9-617ea1c9d962" CHANGEID="29722343" HOUSENUM="61" HOUSETYPE="2" OPERTYPEID="20" PREVID="10914312" NEXTID="126737586" UPDATEDATE="2024-09-06" STARTDATE="2017-12-13" ENDDATE="2024-09-06" ISACTUAL="0" ISACTIVE="0" /><HOUSE ID="61999555" OBJECTID="23733818" OBJECTGUID="95e3b354-2e8c-4694-9d53-542525e72ed1" CHANGEID="36853754" HOUSENUM="1" HOUSETYPE="2" OPERTYPEID="20" PREVID="14004354" NEXTID="126737275" UPDATEDATE="2024-09-06" STARTDATE="2017-12-13" ENDDATE="2024-09-06" ISACTUAL="0" ISACTIVE="0" /><HOUSE ID="62032590" OBJECTID="8813998" OBJECTGUID="96592783-8c17-45d6-999b-99b4fb2ee4c5" CHANGEID="14812999" HOUSENUM="7" HOUSETYPE="2" OPERTYPEID="20" PREVID="4533230" NEXTID="126750903" UPDATEDATE="2024-09-10" STARTDATE="2017-12-13" ENDDATE="2024-09-10" ISACTUAL="0" ISACTIVE="0" /><HOUSE ID="62473833" OBJECTID="53819578" OBJECTGUID="9c926f0b-ae14-4be7-a4ad-306f90d6ec7d" CHANGEID="80555862" HOUSENUM="25" HOUSETYPE="2" OPERTYPEID="20" PREVID="32140566" NEXTID="126738574" UPDATEDATE="2024-09-06" STARTDATE="2017-12-13" ENDDATE="2024-09-06" ISACTUAL="0" ISACTIVE="0" /><HOUSE ID="62725798" OBJECTID="18923746" OBJECTGUID="a01e1f03-3c99-41cd-9477-2d913ebae6f5" CHANGEID="29713532" HOUSENUM="58" HOUSETYPE="2" OPERTYPEID="20" PREVID="10910492" NEXTID="126737590" UPDATEDATE="2024-09-06" STARTDATE="2017-12-13" ENDDATE="2024-09-06" ISACTUAL="0" ISACTIVE="0" /><HOUSE ID="62803789" OBJECTID="72399099" OBJECTGUID="a13a0e58-febe-4711-a1f1-8679c319bc3e" CHANGEID="107814872" HOUSENUM="46" HOUSETYPE="2" OPERTYPEID="20" PREVID="43689692" NEXTID="126749299" UPDATEDATE="2024-09-10" STARTDATE="2017-12-13" ENDDATE="2024-09-10" ISACTUAL="0" ISACTIVE="0" /><HOUSE ID="62807935" OBJECTID="48672250" OBJECTGUID="a147f4b9-ff70-425c-b015-b8e50e2099c5" CHANGEID="73138811" HOUSENUM="38" HOUSETYPE="2" OPERTYPEID="20" PREVID="29101652" NEXTID="126749295" UPDATEDATE="2024-09-10" STARTDATE="2017-12-13" ENDDATE="2024-09-10" ISACTUAL="0" ISACTIVE="0" /><HOUSE ID="62907323" OBJECTID="18930826" OBJECTGUID="a2ab917d-3690-46c2-a805-7a4b14719c08" CHANGEID="29724413" HOUSENUM="65" HOUSETYPE="2" OPERTYPEID="20" PREVID="10915276" NEXTID="126737584" UPDATEDATE="2024-09-06" STARTDATE="2017-12-13" ENDDATE="2024-09-06" ISACTUAL="0" ISACTIVE="0" /><HOUSE ID="62997127" OBJECTID="61219956" OBJECTGUID="a3f5b178-1f23-43f8-93b1-29e67e2a4330" CHANGEID="91428798" HOUSENUM="22" HOUSETYPE="2" OPERTYPEID="20" PREVID="36746450" NEXTID="126749699" UPDATEDATE="2024-09-10" STARTDATE="2017-12-13" ENDDATE="2024-09-10" ISACTUAL="0" ISACTIVE="0" /><HOUSE ID="64303644" OBJECTID="18947492" OBJECTGUID="b66564cc-dbe5-4f6a-9e19-db2313cccaaf" CHANGEID="29750336" HOUSENUM="10" HOUSETYPE="2" OPERTYPEID="20" PREVID="10927244" NEXTID="126737565" UPDATEDATE="2024-09-06" STARTDATE="2017-12-13" ENDDATE="2024-09-06" ISACTUAL="0" ISACTIVE="0" /><HOUSE ID="64795896" OBJECTID="20260496" OBJECTGUID="bd5a1cbf-db9f-4fb0-8eaf-903ac1380584" CHANGEID="31728148" HOUSENUM="9" HOUSETYPE="2" OPERTYPEID="20" PREVID="11812104" NEXTID="126738665" UPDATEDATE="2024-09-06" STARTDATE="2017-12-13" ENDDATE="2024-09-06" ISACTUAL="0" ISACTIVE="0" /><HOUSE ID="65082730" OBJECTID="80117441" OBJECTGUID="c166d7e9-18db-47c6-aaea-408d1e7970ad" CHANGEID="119073687" HOUSENUM="14" HOUSETYPE="2" OPERTYPEID="20" PREVID="48455399" NEXTID="126754031" UPDATEDATE="2024-09-10" STARTDATE="2017-12-13" ENDDATE="2024-09-10" ISACTUAL="0" ISACTIVE="0" /><HOUSE ID="65085440" OBJECTID="48671839" OBJECTGUID="c16f117a-7fc6-4c1f-8241-6c39b749644f" CHANGEID="73138652" HOUSENUM="39" HOUSETYPE="2" OPERTYPEID="20" PREVID="29101433" NEXTID="126749296" UPDATEDATE="2024-09-10" STARTDATE="2017-12-13" ENDDATE="2024-09-10" ISACTUAL="0" ISACTIVE="0" /><HOUSE ID="65211603" OBJECTID="20249627" OBJECTGUID="c3384761-5236-48ce-9225-1543a811ee14" CHANGEID="31713578" HOUSENUM="13" HOUSETYPE="2" OPERTYPEID="20" PREVID="11805798" NEXTID="126738668" UPDATEDATE="2024-09-06" STARTDATE="2017-12-13" ENDDATE="2024-09-06" ISACTUAL="0" ISACTIVE="0" /><HOUSE ID="65695107" OBJECTID="49342878" OBJECTGUID="ca0a0804-89a5-4747-8cdf-678ed8d2657b" CHANGEID="74119678" HOUSENUM="1Б" ADDNUM1="1Б" HOUSETYPE="1" ADDTYPE1="2" OPERTYPEID="20" PREVID="29513466" NEXTID="126760077" UPDATEDATE="2024-09-11" STARTDATE="2017-12-13" ENDDATE="2024-09-11" ISACTUAL="0" ISACTIVE="0" /><HOUSE ID="66036073" OBJECTID="63266409" OBJECTGUID="cee0e9c8-00a1-43bb-88b3-5e8b0f404923" CHANGEID="94425528" HOUSENUM="34" HOUSETYPE="2" OPERTYPEID="20" PREVID="38037812" NEXTID="126738547" UPDATEDATE="2024-09-06" STARTDATE="2017-12-13" ENDDATE="2024-09-06" ISACTUAL="0" ISACTIVE="0" /><HOUSE ID="66235876" OBJECTID="9035376" OBJECTGUID="d1b34ba8-4016-4209-9cb8-bbf558ec8d98" CHANGEID="15135102" HOUSENUM="23" HOUSETYPE="2" OPERTYPEID="20" PREVID="4666469" NEXTID="126733286" UPDATEDATE="2024-09-06" STARTDATE="2017-12-13" ENDDATE="2024-09-06" ISACTUAL="0" ISACTIVE="0" /><HOUSE ID="66472186" OBJECTID="20916914" OBJECTGUID="d506f566-12fe-451e-a191-5594100e5d31" CHANGEID="32706721" HOUSENUM="14" HOUSETYPE="2" OPERTYPEID="20" PREVID="12247971" NEXTID="126749691" UPDATEDATE="2024-09-10" STARTDATE="2017-12-13" ENDDATE="2024-09-10" ISACTUAL="0" ISACTIVE="0" /><HOUSE ID="66593003" OBJECTID="18947675" OBJECTGUID="d6bdeea3-cad4-4406-91c1-e0368acd638c" CHANGEID="29750723" HOUSENUM="47" HOUSETYPE="2" OPERTYPEID="20" PREVID="10927475" NEXTID="126737564" UPDATEDATE="2024-09-06" STARTDATE="2017-12-13" ENDDATE="2024-09-06" ISACTUAL="0" ISACTIVE="0" /><HOUSE ID="67728494" OBJECTID="23721312" OBJECTGUID="e6cc39ca-0d3d-47b0-a300-00ce5410e166" CHANGEID="36838302" HOUSENUM="10" HOUSETYPE="2" OPERTYPEID="20" PREVID="13997059" NEXTID="126737283" UPDATEDATE="2024-09-06" STARTDATE="2017-12-13" ENDDATE="2024-09-06" ISACTUAL="0" ISACTIVE="0" /><HOUSE ID="67991733" OBJECTID="82610972" OBJECTGUID="ea7f8839-e837-4b45-b97e-3e81815c5ab8" CHANGEID="122727456" HOUSENUM="18" HOUSETYPE="5" OPERTYPEID="20" PREVID="49991066" NEXTID="126733287" UPDATEDATE="2024-09-06" STARTDATE="2017-12-13" ENDDATE="2024-09-06" ISACTUAL="0" ISACTIVE="0" /><HOUSE ID="68140441" OBJECTID="14979693" OBJECTGUID="ec9f2841-f642-421d-812d-9400511da7fa" CHANGEID="23902510" HOUSENUM="92" HOUSETYPE="2" OPERTYPEID="20" PREVID="8412169" NEXTID="126754468" UPDATEDATE="2024-09-10" STARTDATE="2017-12-13" ENDDATE="2024-09-10" ISACTUAL="0" ISACTIVE="0" /><HOUSE ID="68143244" OBJECTID="61240692" OBJECTGUID="eca59eb0-4257-4c71-80af-fa41f0cd3705" CHANGEID="91458153" HOUSENUM="25" HOUSETYPE="2" OPERTYPEID="20" PREVID="36759362" NEXTID="126749697" UPDATEDATE="2024-09-10" STARTDATE="2017-12-13" ENDDATE="2024-09-10" ISACTUAL="0" ISACTIVE="0" /><HOUSE ID="68196949" OBJECTID="23734916" OBJECTGUID="ed67945a-7c64-4a17-960d-599b4ceb7ea5" CHANGEID="36855820" HOUSENUM="19" HOUSETYPE="2" OPERTYPEID="20" PREVID="14005144" NEXTID="126737273" UPDATEDATE="2024-09-06" STARTDATE="2017-12-13" ENDDATE="2024-09-06" ISACTUAL="0" ISACTIVE="0" /><HOUSE ID="68250011" OBJECTID="30622932" OBJECTGUID="ee258c75-c62a-4b71-8d70-bd3c00081c25" CHANGEID="46885799" HOUSENUM="15" HOUSETYPE="2" OPERTYPEID="20" PREVID="18167912" NEXTID="126754460" UPDATEDATE="2024-09-10" STARTDATE="2017-12-13" ENDDATE="2024-09-10" ISACTUAL="0" ISACTIVE="0" /><HOUSE ID="69225750" OBJECTID="80118099" OBJECTGUID="fbed06f1-1037-4846-aa60-5a317238585c" CHANGEID="119074499" HOUSENUM="23" HOUSETYPE="2" OPERTYPEID="20" PREVID="48455741" NEXTID="126754030" UPDATEDATE="2024-09-10" STARTDATE="2017-12-13" ENDDATE="2024-09-10" ISACTUAL="0" ISACTIVE="0" /><HOUSE ID="69260515" OBJECTID="18931873" OBJECTGUID="fc6d88d2-88b9-45d6-944f-92a3714ce6df" CHANGEID="29726835" HOUSENUM="49" HOUSETYPE="2" OPERTYPEID="20" PREVID="10916387" NEXTID="126737581" UPDATEDATE="2024-09-06" STARTDATE="2017-12-13" ENDDATE="2024-09-06" ISACTUAL="0" ISACTIVE="0" /><HOUSE ID="69383203" OBJECTID="7445448" OBJECTGUID="fe2b89b3-e994-46d8-a349-ee68ec0dc8aa" CHANGEID="12761750" HOUSENUM="10А" ADDNUM1="1" HOUSETYPE="5" ADDTYPE1="2" OPERTYPEID="20" PREVID="3634922" NEXTID="126733283" UPDATEDATE="2024-09-06" STARTDATE="2017-12-13" ENDDATE="2024-09-06" ISACTUAL="0" ISACTIVE="0" /><HOUSE ID="69507967" OBJECTID="80116884" OBJECTGUID="ffebb79f-9b45-4b96-ac10-3c933d7c5ff7" CHANGEID="119073298" HOUSENUM="16" HOUSETYPE="2" OPERTYPEID="20" PREVID="48455053" NEXTID="126754032" UPDATEDATE="2024-09-10" STARTDATE="2017-12-13" ENDDATE="2024-09-10" ISACTUAL="0" ISACTIVE="0" /><HOUSE ID="63738239" OBJECTID="18932931" OBJECTGUID="ae703d2d-b393-4fde-a3a0-9973a2da5e66" CHANGEID="29728106" HOUSENUM="62" HOUSETYPE="2" OPERTYPEID="20" PREVID="10917058" NEXTID="126737579" UPDATEDATE="2024-09-06" STARTDATE="2017-12-13" ENDDATE="2024-09-06" ISACTUAL="0" ISACTIVE="0" /><HOUSE ID="36763382" OBJECTID="61247331" OBJECTGUID="f69932d9-7979-484b-a3f4-9a69341a410f" CHANGEID="91467829" HOUSENUM="29" HOUSETYPE="2" OPERTYPEID="10" PREVID="0" NEXTID="126749694" UPDATEDATE="2024-09-10" STARTDATE="2018-12-20" ENDDATE="2024-09-10" ISACTUAL="0" ISACTIVE="0" /><HOUSE ID="55938947" OBJECTID="20263582" OBJECTGUID="405900c9-08ea-416e-99ac-d5c0901a88ee" CHANGEID="31732355" HOUSENUM="7" HOUSETYPE="2" OPERTYPEID="20" PREVID="11813852" NEXTID="126738662" UPDATEDATE="2024-09-06" STARTDATE="2017-12-13" ENDDATE="2024-09-06" ISACTUAL="0" ISACTIVE="0" /><HOUSE ID="56165872" OBJECTID="18909833" OBJECTGUID="438c759a-ef2d-4c5c-bd5a-0cc67623960b" CHANGEID="29694322" HOUSENUM="70" HOUSETYPE="2" OPERTYPEID="20" PREVID="10903343" NEXTID="126737593" UPDATEDATE="2024-09-06" STARTDATE="2017-12-13" ENDDATE="2024-09-06" ISACTUAL="0" ISACTIVE="0" /><HOUSE ID="51954540" OBJECTID="20921485" OBJECTGUID="081445b3-1454-4a28-9cf5-8019921a545e" CHANGEID="32714581" HOUSENUM="15" HOUSETYPE="2" OPERTYPEID="20" PREVID="12250780" NEXTID="126749690" UPDATEDATE="2024-09-10" STARTDATE="2017-12-13" ENDDATE="2024-09-10" ISACTUAL="0" ISACTIVE="0" /><HOUSE ID="52303711" OBJECTID="76292767" OBJECTGUID="0d046de7-ffed-44d3-b335-24adc260c4ff" CHANGEID="113487084" HOUSENUM="35" HOUSETYPE="2" OPERTYPEID="20" PREVID="46088810" NEXTID="126738235" UPDATEDATE="2024-09-06" STARTDATE="2017-12-13" ENDDATE="2024-09-06" ISACTUAL="0" ISACTIVE="0" /><HOUSE ID="53048108" OBJECTID="18936071" OBJECTGUID="17877fdb-2bd6-4233-92a5-a7039f7f68fc" CHANGEID="29732376" HOUSENUM="67" HOUSETYPE="2" OPERTYPEID="20" PREVID="10918894" NEXTID="126737576" UPDATEDATE="2024-09-06" STARTDATE="2017-12-13" ENDDATE="2024-09-06" ISACTUAL="0" ISACTIVE="0" /><HOUSE ID="53066801" OBJECTID="23724638" OBJECTGUID="17cca9ba-4740-4f57-816d-254c1c165226" CHANGEID="36840287" HOUSENUM="7" HOUSETYPE="2" OPERTYPEID="20" PREVID="13998697" NEXTID="126737279" UPDATEDATE="2024-09-06" STARTDATE="2017-12-13" ENDDATE="2024-09-06" ISACTUAL="0" ISACTIVE="0" /><HOUSE ID="53632535" OBJECTID="76726336" OBJECTGUID="1fcb803c-be40-41cb-86fb-f75479280a1e" CHANGEID="114132315" HOUSENUM="25" HOUSETYPE="2" OPERTYPEID="20" PREVID="46366826" NEXTID="126749686" UPDATEDATE="2024-09-10" STARTDATE="2017-12-13" ENDDATE="2024-09-10" ISACTUAL="0" ISACTIVE="0" /><HOUSE ID="53815663" OBJECTID="20262153" OBJECTGUID="22646c0c-5b33-46f7-9089-a6b43cd00ecf" CHANGEID="31730351" HOUSENUM="8" HOUSETYPE="2" OPERTYPEID="20" PREVID="11813123" NEXTID="126738663" UPDATEDATE="2024-09-06" STARTDATE="2017-12-13" ENDDATE="2024-09-06" ISACTUAL="0" ISACTIVE="0" /><HOUSE ID="53964939" OBJECTID="48670639" OBJECTGUID="247eee7c-52cd-40c9-8921-382a017f43c8" CHANGEID="73136969" HOUSENUM="37" HOUSETYPE="2" OPERTYPEID="20" PREVID="29100840" NEXTID="126749297" UPDATEDATE="2024-09-10" STARTDATE="2017-12-13" ENDDATE="2024-09-10" ISACTUAL="0" ISACTIVE="0" /><HOUSE ID="54390485" OBJECTID="76300211" OBJECTGUID="2a7a3050-580d-40c5-ba1c-8ae30b5148d3" CHANGEID="113497829" HOUSENUM="13" HOUSETYPE="2" OPERTYPEID="20" PREVID="46093278" NEXTID="126738231" UPDATEDATE="2024-09-06" STARTDATE="2017-12-13" ENDDATE="2024-09-06" ISACTUAL="0" ISACTIVE="0" /><HOUSE ID="126726802" OBJECTID="165068185" OBJECTGUID="c33e51eb-f5ae-445b-94b9-eee169155562" CHANGEID="600524060" HOUSENUM="37" HOUSETYPE="2" OPERTYPEID="10" PREVID="0" NEXTID="0" UPDATEDATE="2024-09-05" STARTDATE="2024-09-05" ENDDATE="2079-06-06" ISACTUAL="1" ISACTIVE="1" /><HOUSE ID="126726804" OBJECTID="165068187" OBJECTGUID="6b81ae22-5fd3-44f8-b1cb-ab79255bc621" CHANGEID="600524063" HOUSENUM="4" HOUSETYPE="2" OPERTYPEID="10" PREVID="0" NEXTID="0" UPDATEDATE="2024-09-05" STARTDATE="2024-09-05" ENDDATE="2079-06-06" ISACTUAL="1" ISACTIVE="1" /><HOUSE ID="126727524" OBJECTID="63112131" OBJECTGUID="ca62846a-dc15-42ef-b2d2-9aacabf773a6" CHANGEID="600528638" HOUSENUM="21" HOUSETYPE="2" OPERTYPEID="30" PREVID="37953285" NEXTID="0" UPDATEDATE="2024-09-05" STARTDATE="2024-09-05" ENDDATE="2079-06-06" ISACTUAL="1" ISACTIVE="0" /><HOUSE ID="37953285" OBJECTID="63112131" OBJECTGUID="ca62846a-dc15-42ef-b2d2-9aacabf773a6" CHANGEID="94205144" HOUSENUM="21" HOUSETYPE="2" OPERTYPEID="10" PREVID="0" NEXTID="126727524" UPDATEDATE="2024-09-05" STARTDATE="2017-12-25" ENDDATE="2024-09-05" ISACTUAL="0" ISACTIVE="0" /><HOUSE ID="126727479" OBJECTID="165070604" OBJECTGUID="acc14174-7b27-4a74-88de-13eb5b2f9cb8" CHANGEID="600528133" HOUSENUM="11" HOUSETYPE="2" OPERTYPEID="10" PREVID="0" NEXTID="0" UPDATEDATE="2024-09-05" STARTDATE="2024-09-05" ENDDATE="2079-06-06" ISACTUAL="1" ISACTIVE="1" /><HOUSE ID="126731351" OBJECTID="165089307" OBJECTGUID="7aac4f00-ed47-40db-9cbc-7ff051b1a532" CHANGEID="600558998" HOUSENUM="2А" HOUSETYPE="2" OPERTYPEID="10" PREVID="0" NEXTID="0" UPDATEDATE="2024-09-05" STARTDATE="2024-09-05" ENDDATE="2079-06-06" ISACTUAL="1" ISACTIVE="1" /><HOUSE ID="126731535" OBJECTID="165089964" OBJECTGUID="7ace98ec-c734-46cd-a019-ef2c4cf99521" CHANGEID="600560146" HOUSENUM="37Г" HOUSETYPE="2" OPERTYPEID="10" PREVID="0" NEXTID="0" UPDATEDATE="2024-09-05" STARTDATE="2024-09-05" ENDDATE="2079-06-06" ISACTUAL="1" ISACTIVE="1" /><HOUSE ID="126733280" OBJECTID="61070343" OBJECTGUID="4ec37e96-cfe9-4845-9f56-ee6ec1cc47f6" CHANGEID="600574054" HOUSENUM="1" HOUSETYPE="2" OPERTYPEID="30" PREVID="56959017" NEXTID="0" UPDATEDATE="2024-09-06" STARTDATE="2024-09-06" ENDDATE="2079-06-06" ISACTUAL="1" ISACTIVE="0" /><HOUSE ID="126733282" OBJECTID="14912641" OBJECTGUID="bbcc57ce-321c-4ffc-927d-c3400c8b961c" CHANGEID="600574056" HOUSENUM="78а" HOUSETYPE="5" OPERTYPEID="30" PREVID="64685493" NEXTID="0" UPDATEDATE="2024-09-06" STARTDATE="2024-09-06" ENDDATE="2079-06-06" ISACTUAL="1" ISACTIVE="0" /><HOUSE ID="64685493" OBJECTID="14912641" OBJECTGUID="bbcc57ce-321c-4ffc-927d-c3400c8b961c" CHANGEID="23797549" HOUSENUM="78а" HOUSETYPE="5" OPERTYPEID="20" PREVID="8362912" NEXTID="126733282" UPDATEDATE="2024-09-06" STARTDATE="2017-12-13" ENDDATE="2024-09-06" ISACTUAL="0" ISACTIVE="0" /><HOUSE ID="126733284" OBJECTID="38375125" OBJECTGUID="5c5b6c72-b485-46d4-91ba-6adee52e2384" CHANGEID="600574058" HOUSENUM="5" HOUSETYPE="2" OPERTYPEID="30" PREVID="57923624" NEXTID="0" UPDATEDATE="2024-09-06" STARTDATE="2024-09-06" ENDDATE="2079-06-06" ISACTUAL="1" ISACTIVE="0" /><HOUSE ID="57923624" OBJECTID="38375125" OBJECTGUID="5c5b6c72-b485-46d4-91ba-6adee52e2384" CHANGEID="58186323" HOUSENUM="5" HOUSETYPE="2" OPERTYPEID="20" PREVID="22922233" NEXTID="126733284" UPDATEDATE="2024-09-06" STARTDATE="2017-12-13" ENDDATE="2024-09-06" ISACTUAL="0" ISACTIVE="0" /><HOUSE ID="126733285" OBJECTID="20247667" OBJECTGUID="2c987d43-4c28-424b-9221-d68939873388" CHANGEID="600574060" HOUSENUM="1а" HOUSETYPE="2" OPERTYPEID="30" PREVID="11803705" NEXTID="0" UPDATEDATE="2024-09-06" STARTDATE="2024-09-06" ENDDATE="2079-06-06" ISACTUAL="1" ISACTIVE="0" /><HOUSE ID="11803705" OBJECTID="20247667" OBJECTGUID="2c987d43-4c28-424b-9221-d68939873388" CHANGEID="31709075" HOUSENUM="1а" HOUSETYPE="2" OPERTYPEID="10" PREVID="0" NEXTID="126733285" UPDATEDATE="2024-09-06" STARTDATE="2018-12-13" ENDDATE="2024-09-06" ISACTUAL="0" ISACTIVE="0" /><HOUSE ID="126733287" OBJECTID="82610972" OBJECTGUID="ea7f8839-e837-4b45-b97e-3e81815c5ab8" CHANGEID="600574087" HOUSENUM="18" HOUSETYPE="5" OPERTYPEID="30" PREVID="67991733" NEXTID="0" UPDATEDATE="2024-09-06" STARTDATE="2024-09-06" ENDDATE="2079-06-06" ISACTUAL="1" ISACTIVE="0" /><HOUSE ID="126733278" OBJECTID="70092508" OBJECTGUID="1fc8e456-9790-4792-aadc-254af4d6f4f3" CHANGEID="600573943" HOUSENUM="1" HOUSETYPE="2" OPERTYPEID="30" PREVID="53632403" NEXTID="0" UPDATEDATE="2024-09-06" STARTDATE="2024-09-06" ENDDATE="2079-06-06" ISACTUAL="1" ISACTIVE="0" /><HOUSE ID="53632403" OBJECTID="70092508" OBJECTGUID="1fc8e456-9790-4792-aadc-254af4d6f4f3" CHANGEID="104446349" HOUSENUM="1" HOUSETYPE="2" OPERTYPEID="20" PREVID="42272552" NEXTID="126733278" UPDATEDATE="2024-09-06" STARTDATE="2017-12-13" ENDDATE="2024-09-06" ISACTUAL="0" ISACTIVE="0" /><HOUSE ID="126733279" OBJECTID="9024956" OBJECTGUID="cef6e391-13be-4e87-829b-beeaeab495ef" CHANGEID="600574051" HOUSENUM="18" HOUSETYPE="2" OPERTYPEID="30" PREVID="66042211" NEXTID="0" UPDATEDATE="2024-09-06" STARTDATE="2024-09-06" ENDDATE="2079-06-06" ISACTUAL="1" ISACTIVE="0" /><HOUSE ID="66042211" OBJECTID="9024956" OBJECTGUID="cef6e391-13be-4e87-829b-beeaeab495ef" CHANGEID="15120207" HOUSENUM="18" HOUSETYPE="2" OPERTYPEID="20" PREVID="4660939" NEXTID="126733279" UPDATEDATE="2024-09-06" STARTDATE="2017-12-13" ENDDATE="2024-09-06" ISACTUAL="0" ISACTIVE="0" /><HOUSE ID="126733281" OBJECTID="82594593" OBJECTGUID="ad8797ad-d223-439a-b997-0e56cc06a83e" CHANGEID="600574055" HOUSENUM="14" ADDNUM1="1" HOUSETYPE="5" ADDTYPE1="3" OPERTYPEID="30" PREVID="63673797" NEXTID="0" UPDATEDATE="2024-09-06" STARTDATE="2024-09-06" ENDDATE="2079-06-06" ISACTUAL="1" ISACTIVE="0" /><HOUSE ID="63673797" OBJECTID="82594593" OBJECTGUID="ad8797ad-d223-439a-b997-0e56cc06a83e" CHANGEID="122704465" HOUSENUM="14" ADDNUM1="1" HOUSETYPE="5" ADDTYPE1="3" OPERTYPEID="20" PREVID="49980679" NEXTID="126733281" UPDATEDATE="2024-09-06" STARTDATE="2017-12-13" ENDDATE="2024-09-06" ISACTUAL="0" ISACTIVE="0" /><HOUSE ID="126733283" OBJECTID="7445448" OBJECTGUID="fe2b89b3-e994-46d8-a349-ee68ec0dc8aa" CHANGEID="600574057" HOUSENUM="10А" ADDNUM1="1" HOUSETYPE="5" ADDTYPE1="2" OPERTYPEID="30" PREVID="69383203" NEXTID="0" UPDATEDATE="2024-09-06" STARTDATE="2024-09-06" ENDDATE="2079-06-06" ISACTUAL="1" ISACTIVE="0" /><HOUSE ID="126733286" OBJECTID="9035376" OBJECTGUID="d1b34ba8-4016-4209-9cb8-bbf558ec8d98" CHANGEID="600574086" HOUSENUM="23" HOUSETYPE="2" OPERTYPEID="30" PREVID="66235876" NEXTID="0" UPDATEDATE="2024-09-06" STARTDATE="2024-09-06" ENDDATE="2079-06-06" ISACTUAL="1" ISACTIVE="0" /><HOUSE ID="126734855" OBJECTID="31846519" OBJECTGUID="2b7ca3eb-5ed9-4522-aecd-842403ceae8b" CHANGEID="600584614" HOUSENUM="4а" HOUSETYPE="2" OPERTYPEID="30" PREVID="54461622" NEXTID="0" UPDATEDATE="2024-09-06" STARTDATE="2024-09-06" ENDDATE="2079-06-06" ISACTUAL="1" ISACTIVE="0" /><HOUSE ID="54461622" OBJECTID="31846519" OBJECTGUID="2b7ca3eb-5ed9-4522-aecd-842403ceae8b" CHANGEID="48669905" HOUSENUM="4а" HOUSETYPE="2" OPERTYPEID="20" PREVID="18919035" NEXTID="126734855" UPDATEDATE="2024-09-06" STARTDATE="2017-12-13" ENDDATE="2024-09-06" ISACTUAL="0" ISACTIVE="0" /><HOUSE ID="126736757" OBJECTID="165108694" OBJECTGUID="29d1baa1-5ce2-4d7b-91f8-7221988bb848" CHANGEID="600593868" HOUSENUM="32" HOUSETYPE="2" OPERTYPEID="10" PREVID="0" NEXTID="0" UPDATEDATE="2024-09-06" STARTDATE="2024-09-06" ENDDATE="2079-06-06" ISACTUAL="1" ISACTIVE="1" /><HOUSE ID="126737262" OBJECTID="4865628" OBJECTGUID="5f3828a9-b193-4658-8f71-26638ae60c35" CHANGEID="600598610" HOUSENUM="4А" HOUSETYPE="2" OPERTYPEID="20" PREVID="58125932" UPDATEDATE="2024-09-06" STARTDATE="2024-09-06" ENDDATE="2079-06-06" ISACTUAL="1" ISACTIVE="1" /><HOUSE ID="126737264" OBJECTID="23748914" OBJECTGUID="b0e22ec2-c14d-4a40-afa0-ec5de5cfbbce" CHANGEID="600599212" HOUSENUM="6" HOUSETYPE="2" OPERTYPEID="30" PREVID="63912670" NEXTID="0" UPDATEDATE="2024-09-06" STARTDATE="2024-09-06" ENDDATE="2079-06-06" ISACTUAL="1" ISACTIVE="0" /><HOUSE ID="63912670" OBJECTID="23748914" OBJECTGUID="b0e22ec2-c14d-4a40-afa0-ec5de5cfbbce" CHANGEID="36875611" HOUSENUM="6" HOUSETYPE="2" OPERTYPEID="20" PREVID="14012864" NEXTID="126737264" UPDATEDATE="2024-09-06" STARTDATE="2017-12-13" ENDDATE="2024-09-06" ISACTUAL="0" ISACTIVE="0" /><HOUSE ID="126737265" OBJECTID="23747335" OBJECTGUID="0fd72111-0db4-44e9-a604-eb7011a0df44" CHANGEID="600599217" HOUSENUM="18" HOUSETYPE="2" OPERTYPEID="30" PREVID="52503548" NEXTID="0" UPDATEDATE="2024-09-06" STARTDATE="2024-09-06" ENDDATE="2079-06-06" ISACTUAL="1" ISACTIVE="0" /><HOUSE ID="52503548" OBJECTID="23747335" OBJECTGUID="0fd72111-0db4-44e9-a604-eb7011a0df44" CHANGEID="36874271" HOUSENUM="18" HOUSETYPE="2" OPERTYPEID="20" PREVID="14012353" NEXTID="126737265" UPDATEDATE="2024-09-06" STARTDATE="2017-12-13" ENDDATE="2024-09-06" ISACTUAL="0" ISACTIVE="0" /><HOUSE ID="126737266" OBJECTID="23746493" OBJECTGUID="f943a974-a785-4b7f-a684-d47f5b5a0ff8" CHANGEID="600599226" HOUSENUM="17" HOUSETYPE="2" OPERTYPEID="30" PREVID="69037545" NEXTID="0" UPDATEDATE="2024-09-06" STARTDATE="2024-09-06" ENDDATE="2079-06-06" ISACTUAL="1" ISACTIVE="0" /><HOUSE ID="69037545" OBJECTID="23746493" OBJECTGUID="f943a974-a785-4b7f-a684-d47f5b5a0ff8" CHANGEID="36872258" HOUSENUM="17" HOUSETYPE="2" OPERTYPEID="20" PREVID="14011484" NEXTID="126737266" UPDATEDATE="2024-09-06" STARTDATE="2017-12-13" ENDDATE="2024-09-06" ISACTUAL="0" ISACTIVE="0" /><HOUSE ID="126737267" OBJECTID="23744638" OBJECTGUID="02b1088e-6e65-4a77-8d5a-c5d098f2603c" CHANGEID="600599227" HOUSENUM="15" HOUSETYPE="2" OPERTYPEID="30" PREVID="51570697" NEXTID="0" UPDATEDATE="2024-09-06" STARTDATE="2024-09-06" ENDDATE="2079-06-06" ISACTUAL="1" ISACTIVE="0" /><HOUSE ID="51570697" OBJECTID="23744638" OBJECTGUID="02b1088e-6e65-4a77-8d5a-c5d098f2603c" CHANGEID="36870964" HOUSENUM="15" HOUSETYPE="2" OPERTYPEID="20" PREVID="14010884" NEXTID="126737267" UPDATEDATE="2024-09-06" STARTDATE="2017-12-13" ENDDATE="2024-09-06" ISACTUAL="0" ISACTIVE="0" /><HOUSE ID="126737268" OBJECTID="23743728" OBJECTGUID="8638ff0d-6520-4252-96d4-b4a7a9b440ac" CHANGEID="600599232" HOUSENUM="3" HOUSETYPE="2" OPERTYPEID="30" PREVID="60888925" NEXTID="0" UPDATEDATE="2024-09-06" STARTDATE="2024-09-06" ENDDATE="2079-06-06" ISACTUAL="1" ISACTIVE="0" /><HOUSE ID="60888925" OBJECTID="23743728" OBJECTGUID="8638ff0d-6520-4252-96d4-b4a7a9b440ac" CHANGEID="36868435" HOUSENUM="3" HOUSETYPE="2" OPERTYPEID="20" PREVID="14009942" NEXTID="126737268" UPDATEDATE="2024-09-06" STARTDATE="2017-12-13" ENDDATE="2024-09-06" ISACTUAL="0" ISACTIVE="0" /><HOUSE ID="126737269" OBJECTID="23743408" OBJECTGUID="5c6ca1d4-b919-4557-98ff-a843c6e74acd" CHANGEID="600599237" HOUSENUM="9" HOUSETYPE="2" OPERTYPEID="30" PREVID="57927511" NEXTID="0" UPDATEDATE="2024-09-06" STARTDATE="2024-09-06" ENDDATE="2079-06-06" ISACTUAL="1" ISACTIVE="0" /><HOUSE ID="126737270" OBJECTID="23742921" OBJECTGUID="2e6e5cc5-ad9b-4470-9d3f-9bd71b2e02fc" CHANGEID="600599238" HOUSENUM="8" HOUSETYPE="2" OPERTYPEID="30" PREVID="54669619" NEXTID="0" UPDATEDATE="2024-09-06" STARTDATE="2024-09-06" ENDDATE="2079-06-06" ISACTUAL="1" ISACTIVE="0" /><HOUSE ID="126737271" OBJECTID="23742440" OBJECTGUID="2bdf7c8f-b505-480c-9e9a-7bbe386cf85b" CHANGEID="600599243" HOUSENUM="20" HOUSETYPE="2" OPERTYPEID="30" PREVID="54488510" NEXTID="0" UPDATEDATE="2024-09-06" STARTDATE="2024-09-06" ENDDATE="2079-06-06" ISACTUAL="1" ISACTIVE="0" /><HOUSE ID="126737272" OBJECTID="23741472" OBJECTGUID="699a6044-fdc1-4bad-9b45-78905abe3adc" CHANGEID="600599248" HOUSENUM="12" HOUSETYPE="2" OPERTYPEID="30" PREVID="58861847" NEXTID="0" UPDATEDATE="2024-09-06" STARTDATE="2024-09-06" ENDDATE="2079-06-06" ISACTUAL="1" ISACTIVE="0" /><HOUSE ID="126737273" OBJECTID="23734916" OBJECTGUID="ed67945a-7c64-4a17-960d-599b4ceb7ea5" CHANGEID="600599253" HOUSENUM="19" HOUSETYPE="2" OPERTYPEID="30" PREVID="68196949" NEXTID="0" UPDATEDATE="2024-09-06" STARTDATE="2024-09-06" ENDDATE="2079-06-06" ISACTUAL="1" ISACTIVE="0" /><HOUSE ID="126737274" OBJECTID="23734145" OBJECTGUID="14d2648e-6fb3-4575-a7b4-597aa3c0ca28" CHANGEID="600599258" HOUSENUM="4" HOUSETYPE="2" OPERTYPEID="30" PREVID="52855143" NEXTID="0" UPDATEDATE="2024-09-06" STARTDATE="2024-09-06" ENDDATE="2079-06-06" ISACTUAL="1" ISACTIVE="0" /><HOUSE ID="52855143" OBJECTID="23734145" OBJECTGUID="14d2648e-6fb3-4575-a7b4-597aa3c0ca28" CHANGEID="36854271" HOUSENUM="4" HOUSETYPE="2" OPERTYPEID="20" PREVID="14004495" NEXTID="126737274" UPDATEDATE="2024-09-06" STARTDATE="2017-12-13" ENDDATE="2024-09-06" ISACTUAL="0" ISACTIVE="0" /><HOUSE ID="126737275" OBJECTID="23733818" OBJECTGUID="95e3b354-2e8c-4694-9d53-542525e72ed1" CHANGEID="600599263" HOUSENUM="1" HOUSETYPE="2" OPERTYPEID="30" PREVID="61999555" NEXTID="0" UPDATEDATE="2024-09-06" STARTDATE="2024-09-06" ENDDATE="2079-06-06" ISACTUAL="1" ISACTIVE="0" /><HOUSE ID="126737276" OBJECTID="23733179" OBJECTGUID="7abf8dd2-22a8-4b9b-b335-5388309bb2a5" CHANGEID="600599265" HOUSENUM="16" HOUSETYPE="2" OPERTYPEID="30" PREVID="60076398" NEXTID="0" UPDATEDATE="2024-09-06" STARTDATE="2024-09-06" ENDDATE="2079-06-06" ISACTUAL="1" ISACTIVE="0" /><HOUSE ID="126737277" OBJECTID="23732307" OBJECTGUID="33448469-0838-4d10-b356-4af8513f9c96" CHANGEID="600599272" HOUSENUM="2" HOUSETYPE="2" OPERTYPEID="30" PREVID="55011858" NEXTID="0" UPDATEDATE="2024-09-06" STARTDATE="2024-09-06" ENDDATE="2079-06-06" ISACTUAL="1" ISACTIVE="0" /><HOUSE ID="55011858" OBJECTID="23732307" OBJECTGUID="33448469-0838-4d10-b356-4af8513f9c96" CHANGEID="36852412" HOUSENUM="2" HOUSETYPE="2" OPERTYPEID="20" PREVID="14003685" NEXTID="126737277" UPDATEDATE="2024-09-06" STARTDATE="2017-12-13" ENDDATE="2024-09-06" ISACTUAL="0" ISACTIVE="0" /><HOUSE ID="126737278" OBJECTID="23731893" OBJECTGUID="4a21052d-c9ee-420c-9a6c-34ca762658f7" CHANGEID="600599277" HOUSENUM="14" HOUSETYPE="2" OPERTYPEID="30" PREVID="56630857" NEXTID="0" UPDATEDATE="2024-09-06" STARTDATE="2024-09-06" ENDDATE="2079-06-06" ISACTUAL="1" ISACTIVE="0" /><HOUSE ID="56630857" OBJECTID="23731893" OBJECTGUID="4a21052d-c9ee-420c-9a6c-34ca762658f7" CHANGEID="36851262" HOUSENUM="14" HOUSETYPE="2" OPERTYPEID="20" PREVID="14003233" NEXTID="126737278" UPDATEDATE="2024-09-06" STARTDATE="2017-12-13" ENDDATE="2024-09-06" ISACTUAL="0" ISACTIVE="0" /><HOUSE ID="126737279" OBJECTID="23724638" OBJECTGUID="17cca9ba-4740-4f57-816d-254c1c165226" CHANGEID="600599282" HOUSENUM="7" HOUSETYPE="2" OPERTYPEID="30" PREVID="53066801" NEXTID="0" UPDATEDATE="2024-09-06" STARTDATE="2024-09-06" ENDDATE="2079-06-06" ISACTUAL="1" ISACTIVE="0" /><HOUSE ID="126737280" OBJECTID="23724290" OBJECTGUID="f4e444ee-c1ea-40fe-90f8-0fbde3f44ec8" CHANGEID="600599288" HOUSENUM="21" HOUSETYPE="2" OPERTYPEID="30" PREVID="68727733" NEXTID="0" UPDATEDATE="2024-09-06" STARTDATE="2024-09-06" ENDDATE="2079-06-06" ISACTUAL="1" ISACTIVE="0" /><HOUSE ID="68727733" OBJECTID="23724290" OBJECTGUID="f4e444ee-c1ea-40fe-90f8-0fbde3f44ec8" CHANGEID="36839609" HOUSENUM="21" HOUSETYPE="2" OPERTYPEID="20" PREVID="13998315" NEXTID="126737280" UPDATEDATE="2024-09-06" STARTDATE="2017-12-13" ENDDATE="2024-09-06" ISACTUAL="0" ISACTIVE="0" /><HOUSE ID="126737281" OBJECTID="23724104" OBJECTGUID="b17b4a94-56d8-4248-a3fe-0c9ef0dbb6d4" CHANGEID="600599293" HOUSENUM="13" HOUSETYPE="2" OPERTYPEID="30" PREVID="63954893" NEXTID="0" UPDATEDATE="2024-09-06" STARTDATE="2024-09-06" ENDDATE="2079-06-06" ISACTUAL="1" ISACTIVE="0" /><HOUSE ID="63954893" OBJECTID="23724104" OBJECTGUID="b17b4a94-56d8-4248-a3fe-0c9ef0dbb6d4" CHANGEID="36839300" HOUSENUM="13" HOUSETYPE="2" OPERTYPEID="20" PREVID="13998178" NEXTID="126737281" UPDATEDATE="2024-09-06" STARTDATE="2017-12-13" ENDDATE="2024-09-06" ISACTUAL="0" ISACTIVE="0" /><HOUSE ID="126737282" OBJECTID="23723925" OBJECTGUID="d3dc1b55-6462-4a27-bcbf-07c1ba496660" CHANGEID="600599296" HOUSENUM="5" HOUSETYPE="2" OPERTYPEID="30" PREVID="66388747" NEXTID="0" UPDATEDATE="2024-09-06" STARTDATE="2024-09-06" ENDDATE="2079-06-06" ISACTUAL="1" ISACTIVE="0" /><HOUSE ID="66388747" OBJECTID="23723925" OBJECTGUID="d3dc1b55-6462-4a27-bcbf-07c1ba496660" CHANGEID="36839107" HOUSENUM="5" HOUSETYPE="2" OPERTYPEID="20" PREVID="13998059" NEXTID="126737282" UPDATEDATE="2024-09-06" STARTDATE="2017-12-13" ENDDATE="2024-09-06" ISACTUAL="0" ISACTIVE="0" /><HOUSE ID="126737283" OBJECTID="23721312" OBJECTGUID="e6cc39ca-0d3d-47b0-a300-00ce5410e166" CHANGEID="600599299" HOUSENUM="10" HOUSETYPE="2" OPERTYPEID="30" PREVID="67728494" NEXTID="0" UPDATEDATE="2024-09-06" STARTDATE="2024-09-06" ENDDATE="2079-06-06" ISACTUAL="1" ISACTIVE="0" /><HOUSE ID="126737313" OBJECTID="165111097" OBJECTGUID="f85cabe4-47de-435e-9936-85f1e948bf6d" CHANGEID="600603558" HOUSENUM="43" HOUSETYPE="2" OPERTYPEID="10" PREVID="0" NEXTID="0" UPDATEDATE="2024-09-06" STARTDATE="2024-09-06" ENDDATE="2079-06-06" ISACTUAL="1" ISACTIVE="1" /><HOUSE ID="126737561" OBJECTID="18949931" OBJECTGUID="c9a9435c-395f-4f1a-8adb-fbbf84a2a399" CHANGEID="600655980" HOUSENUM="44" HOUSETYPE="2" OPERTYPEID="30" PREVID="65668777" NEXTID="0" UPDATEDATE="2024-09-06" STARTDATE="2024-09-06" ENDDATE="2079-06-06" ISACTUAL="1" ISACTIVE="0" /><HOUSE ID="65668777" OBJECTID="18949931" OBJECTGUID="c9a9435c-395f-4f1a-8adb-fbbf84a2a399" CHANGEID="29754423" HOUSENUM="44" HOUSETYPE="2" OPERTYPEID="20" PREVID="10929049" NEXTID="126737561" UPDATEDATE="2024-09-06" STARTDATE="2017-12-13" ENDDATE="2024-09-06" ISACTUAL="0" ISACTIVE="0" /><HOUSE ID="126737562" OBJECTID="18948706" OBJECTGUID="37952e3f-cea3-41be-876e-f6c8b630d625" CHANGEID="600655985" HOUSENUM="63" HOUSETYPE="2" OPERTYPEID="30" PREVID="55317948" NEXTID="0" UPDATEDATE="2024-09-06" STARTDATE="2024-09-06" ENDDATE="2079-06-06" ISACTUAL="1" ISACTIVE="0" /><HOUSE ID="55317948" OBJECTID="18948706" OBJECTGUID="37952e3f-cea3-41be-876e-f6c8b630d625" CHANGEID="29752850" HOUSENUM="63" HOUSETYPE="2" OPERTYPEID="20" PREVID="10928255" NEXTID="126737562" UPDATEDATE="2024-09-06" STARTDATE="2017-12-13" ENDDATE="2024-09-06" ISACTUAL="0" ISACTIVE="0" /><HOUSE ID="126737563" OBJECTID="18948264" OBJECTGUID="abc7ed2f-b35d-4826-829e-e93fbddb3254" CHANGEID="600655986" HOUSENUM="55" HOUSETYPE="2" OPERTYPEID="30" PREVID="63550448" NEXTID="0" UPDATEDATE="2024-09-06" STARTDATE="2024-09-06" ENDDATE="2079-06-06" ISACTUAL="1" ISACTIVE="0" /><HOUSE ID="63550448" OBJECTID="18948264" OBJECTGUID="abc7ed2f-b35d-4826-829e-e93fbddb3254" CHANGEID="29752130" HOUSENUM="55" HOUSETYPE="2" OPERTYPEID="20" PREVID="10928042" NEXTID="126737563" UPDATEDATE="2024-09-06" STARTDATE="2017-12-13" ENDDATE="2024-09-06" ISACTUAL="0" ISACTIVE="0" /><HOUSE ID="126737564" OBJECTID="18947675" OBJECTGUID="d6bdeea3-cad4-4406-91c1-e0368acd638c" CHANGEID="600655987" HOUSENUM="47" HOUSETYPE="2" OPERTYPEID="30" PREVID="66593003" NEXTID="0" UPDATEDATE="2024-09-06" STARTDATE="2024-09-06" ENDDATE="2079-06-06" ISACTUAL="1" ISACTIVE="0" /><HOUSE ID="126737565" OBJECTID="18947492" OBJECTGUID="b66564cc-dbe5-4f6a-9e19-db2313cccaaf" CHANGEID="600655988" HOUSENUM="10" HOUSETYPE="2" OPERTYPEID="30" PREVID="64303644" NEXTID="0" UPDATEDATE="2024-09-06" STARTDATE="2024-09-06" ENDDATE="2079-06-06" ISACTUAL="1" ISACTIVE="0" /><HOUSE ID="126737566" OBJECTID="18945404" OBJECTGUID="5df2c122-b6fb-4225-b3f7-d070f24c19c2" CHANGEID="600655993" HOUSENUM="57" HOUSETYPE="2" OPERTYPEID="30" PREVID="58035650" NEXTID="0" UPDATEDATE="2024-09-06" STARTDATE="2024-09-06" ENDDATE="2079-06-06" ISACTUAL="1" ISACTIVE="0" /><HOUSE ID="58035650" OBJECTID="18945404" OBJECTGUID="5df2c122-b6fb-4225-b3f7-d070f24c19c2" CHANGEID="29747156" HOUSENUM="57" HOUSETYPE="2" OPERTYPEID="20" PREVID="10925692" NEXTID="126737566" UPDATEDATE="2024-09-06" STARTDATE="2017-12-13" ENDDATE="2024-09-06" ISACTUAL="0" ISACTIVE="0" /><HOUSE ID="126737567" OBJECTID="18944391" OBJECTGUID="449a744e-454a-4956-8077-cf17e876e069" CHANGEID="600655994" HOUSENUM="37" HOUSETYPE="2" OPERTYPEID="30" PREVID="56239769" NEXTID="0" UPDATEDATE="2024-09-06" STARTDATE="2024-09-06" ENDDATE="2079-06-06" ISACTUAL="1" ISACTIVE="0" /><HOUSE ID="126737568" OBJECTID="18943123" OBJECTGUID="0f9926f2-8423-40d1-b547-cba5827f661d" CHANGEID="600655999" HOUSENUM="59" HOUSETYPE="2" OPERTYPEID="30" PREVID="52486700" NEXTID="0" UPDATEDATE="2024-09-06" STARTDATE="2024-09-06" ENDDATE="2079-06-06" ISACTUAL="1" ISACTIVE="0" /><HOUSE ID="52486700" OBJECTID="18943123" OBJECTGUID="0f9926f2-8423-40d1-b547-cba5827f661d" CHANGEID="29743345" HOUSENUM="59" HOUSETYPE="2" OPERTYPEID="20" PREVID="10923985" NEXTID="126737568" UPDATEDATE="2024-09-06" STARTDATE="2017-12-13" ENDDATE="2024-09-06" ISACTUAL="0" ISACTIVE="0" /><HOUSE ID="126737569" OBJECTID="18942648" OBJECTGUID="55116f6b-fdd5-4784-9ae4-c57bc2d22eec" CHANGEID="600656001" HOUSENUM="64" HOUSETYPE="2" OPERTYPEID="30" PREVID="57406715" NEXTID="0" UPDATEDATE="2024-09-06" STARTDATE="2024-09-06" ENDDATE="2079-06-06" ISACTUAL="1" ISACTIVE="0" /><HOUSE ID="126737570" OBJECTID="18941897" OBJECTGUID="6da1a3bc-1ca6-4cc7-bfa1-bf5d3da96000" CHANGEID="600656005" HOUSENUM="45" HOUSETYPE="2" OPERTYPEID="30" PREVID="59147666" NEXTID="0" UPDATEDATE="2024-09-06" STARTDATE="2024-09-06" ENDDATE="2079-06-06" ISACTUAL="1" ISACTIVE="0" /><HOUSE ID="126737571" OBJECTID="18940679" OBJECTGUID="0375ca66-52f5-42e9-be16-bf2eb9c5528d" CHANGEID="600656006" HOUSENUM="35" HOUSETYPE="2" OPERTYPEID="30" PREVID="51626041" NEXTID="0" UPDATEDATE="2024-09-06" STARTDATE="2024-09-06" ENDDATE="2079-06-06" ISACTUAL="1" ISACTIVE="0" /><HOUSE ID="51626041" OBJECTID="18940679" OBJECTGUID="0375ca66-52f5-42e9-be16-bf2eb9c5528d" CHANGEID="29741062" HOUSENUM="35" HOUSETYPE="2" OPERTYPEID="20" PREVID="10922529" NEXTID="126737571" UPDATEDATE="2024-09-06" STARTDATE="2017-12-13" ENDDATE="2024-09-06" ISACTUAL="0" ISACTIVE="0" /><HOUSE ID="126737572" OBJECTID="18939976" OBJECTGUID="36bfeb49-5c4a-4384-9754-bf11de7d1b94" CHANGEID="600656007" HOUSENUM="66" HOUSETYPE="2" OPERTYPEID="30" PREVID="55259672" NEXTID="0" UPDATEDATE="2024-09-06" STARTDATE="2024-09-06" ENDDATE="2079-06-06" ISACTUAL="1" ISACTIVE="0" /><HOUSE ID="126737573" OBJECTID="18939338" OBJECTGUID="c1779cab-8e5e-4bbf-89db-bc740d341732" CHANGEID="600656012" HOUSENUM="42" HOUSETYPE="2" OPERTYPEID="30" PREVID="65087730" NEXTID="0" UPDATEDATE="2024-09-06" STARTDATE="2024-09-06" ENDDATE="2079-06-06" ISACTUAL="1" ISACTIVE="0" /><HOUSE ID="65087730" OBJECTID="18939338" OBJECTGUID="c1779cab-8e5e-4bbf-89db-bc740d341732" CHANGEID="29738370" HOUSENUM="42" HOUSETYPE="2" OPERTYPEID="20" PREVID="10921443" NEXTID="126737573" UPDATEDATE="2024-09-06" STARTDATE="2017-12-13" ENDDATE="2024-09-06" ISACTUAL="0" ISACTIVE="0" /><HOUSE ID="126737574" OBJECTID="18937458" OBJECTGUID="6f5a0ee2-fbf1-4646-bb95-b9c7a17bd660" CHANGEID="600656013" HOUSENUM="46" HOUSETYPE="2" OPERTYPEID="30" PREVID="59269346" NEXTID="0" UPDATEDATE="2024-09-06" STARTDATE="2024-09-06" ENDDATE="2079-06-06" ISACTUAL="1" ISACTIVE="0" /><HOUSE ID="59269346" OBJECTID="18937458" OBJECTGUID="6f5a0ee2-fbf1-4646-bb95-b9c7a17bd660" CHANGEID="29736231" HOUSENUM="46" HOUSETYPE="2" OPERTYPEID="20" PREVID="10920309" NEXTID="126737574" UPDATEDATE="2024-09-06" STARTDATE="2017-12-13" ENDDATE="2024-09-06" ISACTUAL="0" ISACTIVE="0" /><HOUSE ID="126737575" OBJECTID="18936755" OBJECTGUID="49eb245f-9ce9-41fe-a794-ae18c317db74" CHANGEID="600656018" HOUSENUM="54" HOUSETYPE="2" OPERTYPEID="30" PREVID="56616737" NEXTID="0" UPDATEDATE="2024-09-06" STARTDATE="2024-09-06" ENDDATE="2079-06-06" ISACTUAL="1" ISACTIVE="0" /><HOUSE ID="56616737" OBJECTID="18936755" OBJECTGUID="49eb245f-9ce9-41fe-a794-ae18c317db74" CHANGEID="29733734" HOUSENUM="54" HOUSETYPE="2" OPERTYPEID="20" PREVID="10919631" NEXTID="126737575" UPDATEDATE="2024-09-06" STARTDATE="2017-12-13" ENDDATE="2024-09-06" ISACTUAL="0" ISACTIVE="0" /><HOUSE ID="126737576" OBJECTID="18936071" OBJECTGUID="17877fdb-2bd6-4233-92a5-a7039f7f68fc" CHANGEID="600656019" HOUSENUM="67" HOUSETYPE="2" OPERTYPEID="30" PREVID="53048108" NEXTID="0" UPDATEDATE="2024-09-06" STARTDATE="2024-09-06" ENDDATE="2079-06-06" ISACTUAL="1" ISACTIVE="0" /><HOUSE ID="126737577" OBJECTID="18935256" OBJECTGUID="5058a1eb-e24e-4dd5-8c05-a61ff408fed7" CHANGEID="600656020" HOUSENUM="50" HOUSETYPE="2" OPERTYPEID="30" PREVID="57072368" NEXTID="0" UPDATEDATE="2024-09-06" STARTDATE="2024-09-06" ENDDATE="2079-06-06" ISACTUAL="1" ISACTIVE="0" /><HOUSE ID="57072368" OBJECTID="18935256" OBJECTGUID="5058a1eb-e24e-4dd5-8c05-a61ff408fed7" CHANGEID="29731671" HOUSENUM="50" HOUSETYPE="2" OPERTYPEID="20" PREVID="10918590" NEXTID="126737577" UPDATEDATE="2024-09-06" STARTDATE="2017-12-13" ENDDATE="2024-09-06" ISACTUAL="0" ISACTIVE="0" /><HOUSE ID="126737578" OBJECTID="18933409" OBJECTGUID="22babaab-13bc-4069-9589-9a773d879c04" CHANGEID="600656021" HOUSENUM="56" HOUSETYPE="2" OPERTYPEID="30" PREVID="53839770" NEXTID="0" UPDATEDATE="2024-09-06" STARTDATE="2024-09-06" ENDDATE="2079-06-06" ISACTUAL="1" ISACTIVE="0" /><HOUSE ID="53839770" OBJECTID="18933409" OBJECTGUID="22babaab-13bc-4069-9589-9a773d879c04" CHANGEID="29728776" HOUSENUM="56" HOUSETYPE="2" OPERTYPEID="20" PREVID="10917159" NEXTID="126737578" UPDATEDATE="2024-09-06" STARTDATE="2017-12-13" ENDDATE="2024-09-06" ISACTUAL="0" ISACTIVE="0" /><HOUSE ID="126737579" OBJECTID="18932931" OBJECTGUID="ae703d2d-b393-4fde-a3a0-9973a2da5e66" CHANGEID="600656026" HOUSENUM="62" HOUSETYPE="2" OPERTYPEID="30" PREVID="63738239" NEXTID="0" UPDATEDATE="2024-09-06" STARTDATE="2024-09-06" ENDDATE="2079-06-06" ISACTUAL="1" ISACTIVE="0" /><HOUSE ID="126737580" OBJECTID="18932523" OBJECTGUID="71f051a7-ba0f-4b18-87e4-944d051b4a57" CHANGEID="600656027" HOUSENUM="60" HOUSETYPE="2" OPERTYPEID="30" PREVID="59451870" NEXTID="0" UPDATEDATE="2024-09-06" STARTDATE="2024-09-06" ENDDATE="2079-06-06" ISACTUAL="1" ISACTIVE="0" /><HOUSE ID="126737581" OBJECTID="18931873" OBJECTGUID="fc6d88d2-88b9-45d6-944f-92a3714ce6df" CHANGEID="600656028" HOUSENUM="49" HOUSETYPE="2" OPERTYPEID="30" PREVID="69260515" NEXTID="0" UPDATEDATE="2024-09-06" STARTDATE="2024-09-06" ENDDATE="2079-06-06" ISACTUAL="1" ISACTIVE="0" /><HOUSE ID="126737582" OBJECTID="18931730" OBJECTGUID="794e8128-014f-458b-9614-916f03867590" CHANGEID="600656029" HOUSENUM="41" HOUSETYPE="2" OPERTYPEID="30" PREVID="59974369" NEXTID="0" UPDATEDATE="2024-09-06" STARTDATE="2024-09-06" ENDDATE="2079-06-06" ISACTUAL="1" ISACTIVE="0" /><HOUSE ID="126737583" OBJECTID="18931676" OBJECTGUID="4b03410e-1b2c-42f1-ac9d-8c3c6e678057" CHANGEID="600656030" HOUSENUM="52" HOUSETYPE="2" OPERTYPEID="30" PREVID="56693800" NEXTID="0" UPDATEDATE="2024-09-06" STARTDATE="2024-09-06" ENDDATE="2079-06-06" ISACTUAL="1" ISACTIVE="0" /><HOUSE ID="56693800" OBJECTID="18931676" OBJECTGUID="4b03410e-1b2c-42f1-ac9d-8c3c6e678057" CHANGEID="29725690" HOUSENUM="52" HOUSETYPE="2" OPERTYPEID="20" PREVID="10915885" NEXTID="126737583" UPDATEDATE="2024-09-06" STARTDATE="2017-12-13" ENDDATE="2024-09-06" ISACTUAL="0" ISACTIVE="0" /><HOUSE ID="126737584" OBJECTID="18930826" OBJECTGUID="a2ab917d-3690-46c2-a805-7a4b14719c08" CHANGEID="600656035" HOUSENUM="65" HOUSETYPE="2" OPERTYPEID="30" PREVID="62907323" NEXTID="0" UPDATEDATE="2024-09-06" STARTDATE="2024-09-06" ENDDATE="2079-06-06" ISACTUAL="1" ISACTIVE="0" /><HOUSE ID="126737585" OBJECTID="18930362" OBJECTGUID="3e58a022-ee7c-4940-8f43-784bbd4fbeb9" CHANGEID="600656036" HOUSENUM="51" HOUSETYPE="2" OPERTYPEID="30" PREVID="55797005" NEXTID="0" UPDATEDATE="2024-09-06" STARTDATE="2024-09-06" ENDDATE="2079-06-06" ISACTUAL="1" ISACTIVE="0" /><HOUSE ID="55797005" OBJECTID="18930362" OBJECTGUID="3e58a022-ee7c-4940-8f43-784bbd4fbeb9" CHANGEID="29723764" HOUSENUM="51" HOUSETYPE="2" OPERTYPEID="20" PREVID="10914948" NEXTID="126737585" UPDATEDATE="2024-09-06" STARTDATE="2017-12-13" ENDDATE="2024-09-06" ISACTUAL="0" ISACTIVE="0" /><HOUSE ID="126737586" OBJECTID="18929672" OBJECTGUID="9593563d-bc6f-453d-9fc9-617ea1c9d962" CHANGEID="600656037" HOUSENUM="61" HOUSETYPE="2" OPERTYPEID="30" PREVID="61977387" NEXTID="0" UPDATEDATE="2024-09-06" STARTDATE="2024-09-06" ENDDATE="2079-06-06" ISACTUAL="1" ISACTIVE="0" /><HOUSE ID="126737587" OBJECTID="18927797" OBJECTGUID="301e6271-8045-4e4a-9117-57b0473ed946" CHANGEID="600656038" HOUSENUM="53" HOUSETYPE="2" OPERTYPEID="30" PREVID="54789931" NEXTID="0" UPDATEDATE="2024-09-06" STARTDATE="2024-09-06" ENDDATE="2079-06-06" ISACTUAL="1" ISACTIVE="0" /><HOUSE ID="126737588" OBJECTID="18926769" OBJECTGUID="bcf656af-5168-4482-b664-47a2e4510f88" CHANGEID="600656043" HOUSENUM="34" HOUSETYPE="2" OPERTYPEID="30" PREVID="64767911" NEXTID="0" UPDATEDATE="2024-09-06" STARTDATE="2024-09-06" ENDDATE="2079-06-06" ISACTUAL="1" ISACTIVE="0" /><HOUSE ID="64767911" OBJECTID="18926769" OBJECTGUID="bcf656af-5168-4482-b664-47a2e4510f88" CHANGEID="29718064" HOUSENUM="34" HOUSETYPE="2" OPERTYPEID="20" PREVID="10912321" NEXTID="126737588" UPDATEDATE="2024-09-06" STARTDATE="2017-12-13" ENDDATE="2024-09-06" ISACTUAL="0" ISACTIVE="0" /><HOUSE ID="126737589" OBJECTID="18926369" OBJECTGUID="eda5f5a3-0024-4024-8c8e-446c2418dc86" CHANGEID="600656044" HOUSENUM="68" HOUSETYPE="2" OPERTYPEID="30" PREVID="68213938" NEXTID="0" UPDATEDATE="2024-09-06" STARTDATE="2024-09-06" ENDDATE="2079-06-06" ISACTUAL="1" ISACTIVE="0" /><HOUSE ID="68213938" OBJECTID="18926369" OBJECTGUID="eda5f5a3-0024-4024-8c8e-446c2418dc86" CHANGEID="29717386" HOUSENUM="68" HOUSETYPE="2" OPERTYPEID="20" PREVID="10911961" NEXTID="126737589" UPDATEDATE="2024-09-06" STARTDATE="2017-12-13" ENDDATE="2024-09-06" ISACTUAL="0" ISACTIVE="0" /><HOUSE ID="126737590" OBJECTID="18923746" OBJECTGUID="a01e1f03-3c99-41cd-9477-2d913ebae6f5" CHANGEID="600656049" HOUSENUM="58" HOUSETYPE="2" OPERTYPEID="30" PREVID="62725798" NEXTID="0" UPDATEDATE="2024-09-06" STARTDATE="2024-09-06" ENDDATE="2079-06-06" ISACTUAL="1" ISACTIVE="0" /><HOUSE ID="126737591" OBJECTID="18914098" OBJECTGUID="9e7035a1-246f-410c-9a53-141df3e2d11a" CHANGEID="600656050" HOUSENUM="43" HOUSETYPE="2" OPERTYPEID="30" PREVID="62606937" NEXTID="0" UPDATEDATE="2024-09-06" STARTDATE="2024-09-06" ENDDATE="2079-06-06" ISACTUAL="1" ISACTIVE="0" /><HOUSE ID="62606937" OBJECTID="18914098" OBJECTGUID="9e7035a1-246f-410c-9a53-141df3e2d11a" CHANGEID="29699455" HOUSENUM="43" HOUSETYPE="2" OPERTYPEID="20" PREVID="10904165" NEXTID="126737591" UPDATEDATE="2024-09-06" STARTDATE="2017-12-13" ENDDATE="2024-09-06" ISACTUAL="0" ISACTIVE="0" /><HOUSE ID="126737592" OBJECTID="18913488" OBJECTGUID="55166d0f-ae2a-4132-8688-12b2108fdd5a" CHANGEID="600656051" HOUSENUM="69" HOUSETYPE="2" OPERTYPEID="30" PREVID="57408895" NEXTID="0" UPDATEDATE="2024-09-06" STARTDATE="2024-09-06" ENDDATE="2079-06-06" ISACTUAL="1" ISACTIVE="0" /><HOUSE ID="126737593" OBJECTID="18909833" OBJECTGUID="438c759a-ef2d-4c5c-bd5a-0cc67623960b" CHANGEID="600656056" HOUSENUM="70" HOUSETYPE="2" OPERTYPEID="30" PREVID="56165872" NEXTID="0" UPDATEDATE="2024-09-06" STARTDATE="2024-09-06" ENDDATE="2079-06-06" ISACTUAL="1" ISACTIVE="0" /><HOUSE ID="126737594" OBJECTID="18909274" OBJECTGUID="3d525f4a-e04d-4ff9-aa24-0606535d5575" CHANGEID="600656061" HOUSENUM="39" HOUSETYPE="2" OPERTYPEID="30" PREVID="55724276" NEXTID="0" UPDATEDATE="2024-09-06" STARTDATE="2024-09-06" ENDDATE="2079-06-06" ISACTUAL="1" ISACTIVE="0" /><HOUSE ID="55724276" OBJECTID="18909274" OBJECTGUID="3d525f4a-e04d-4ff9-aa24-0606535d5575" CHANGEID="29693590" HOUSENUM="39" HOUSETYPE="2" OPERTYPEID="20" PREVID="10903037" NEXTID="126737594" UPDATEDATE="2024-09-06" STARTDATE="2017-12-13" ENDDATE="2024-09-06" ISACTUAL="0" ISACTIVE="0" /><HOUSE ID="126738179" OBJECTID="59575233" OBJECTGUID="b3d678b5-5673-4ca6-9839-32588025aa25" CHANGEID="600703621" HOUSENUM="36" HOUSETYPE="2" OPERTYPEID="30" PREVID="64121361" NEXTID="0" UPDATEDATE="2024-09-06" STARTDATE="2024-09-06" ENDDATE="2079-06-06" ISACTUAL="1" ISACTIVE="0" /><HOUSE ID="64121361" OBJECTID="59575233" OBJECTGUID="b3d678b5-5673-4ca6-9839-32588025aa25" CHANGEID="88978864" HOUSENUM="36" HOUSETYPE="2" OPERTYPEID="20" PREVID="35671626" NEXTID="126738179" UPDATEDATE="2024-09-06" STARTDATE="2017-12-13" ENDDATE="2024-09-06" ISACTUAL="0" ISACTIVE="0" /><HOUSE ID="126738180" OBJECTID="59574764" OBJECTGUID="7d98ef73-1904-40ea-8e89-ef615ab47225" CHANGEID="600703622" HOUSENUM="43" HOUSETYPE="2" OPERTYPEID="30" PREVID="60279085" NEXTID="0" UPDATEDATE="2024-09-06" STARTDATE="2024-09-06" ENDDATE="2079-06-06" ISACTUAL="1" ISACTIVE="0" /><HOUSE ID="126738181" OBJECTID="59574150" OBJECTGUID="443b067a-af16-46d5-a446-9b462be0e36a" CHANGEID="600703623" HOUSENUM="41" HOUSETYPE="2" OPERTYPEID="30" PREVID="56213613" NEXTID="0" UPDATEDATE="2024-09-06" STARTDATE="2024-09-06" ENDDATE="2079-06-06" ISACTUAL="1" ISACTIVE="0" /><HOUSE ID="126738182" OBJECTID="59555537" OBJECTGUID="4d30960c-7ab6-4cd4-90ab-930c82578689" CHANGEID="600703624" HOUSENUM="26" HOUSETYPE="2" OPERTYPEID="30" PREVID="56848574" NEXTID="0" UPDATEDATE="2024-09-06" STARTDATE="2024-09-06" ENDDATE="2079-06-06" ISACTUAL="1" ISACTIVE="0" /><HOUSE ID="56848574" OBJECTID="59555537" OBJECTGUID="4d30960c-7ab6-4cd4-90ab-930c82578689" CHANGEID="88951842" HOUSENUM="26" HOUSETYPE="2" OPERTYPEID="20" PREVID="35661355" NEXTID="126738182" UPDATEDATE="2024-09-06" STARTDATE="2017-12-13" ENDDATE="2024-09-06" ISACTUAL="0" ISACTIVE="0" /><HOUSE ID="126738183" OBJECTID="59547215" OBJECTGUID="b0f46a07-c119-43dd-b8a3-0d6033bfbde8" CHANGEID="600703625" HOUSENUM="30" HOUSETYPE="2" OPERTYPEID="30" PREVID="63917340" NEXTID="0" UPDATEDATE="2024-09-06" STARTDATE="2024-09-06" ENDDATE="2079-06-06" ISACTUAL="1" ISACTIVE="0" /><HOUSE ID="63917340" OBJECTID="59547215" OBJECTGUID="b0f46a07-c119-43dd-b8a3-0d6033bfbde8" CHANGEID="88938392" HOUSENUM="30" HOUSETYPE="2" OPERTYPEID="20" PREVID="35655928" NEXTID="126738183" UPDATEDATE="2024-09-06" STARTDATE="2017-12-13" ENDDATE="2024-09-06" ISACTUAL="0" ISACTIVE="0" /><HOUSE ID="126738230" OBJECTID="76307452" OBJECTGUID="af0c5788-360c-44d5-bc5b-d86bc974aaee" CHANGEID="600703976" HOUSENUM="32" HOUSETYPE="2" OPERTYPEID="30" PREVID="63781419" NEXTID="0" UPDATEDATE="2024-09-06" STARTDATE="2024-09-06" ENDDATE="2079-06-06" ISACTUAL="1" ISACTIVE="0" /><HOUSE ID="63781419" OBJECTID="76307452" OBJECTGUID="af0c5788-360c-44d5-bc5b-d86bc974aaee" CHANGEID="113508285" HOUSENUM="32" HOUSETYPE="2" OPERTYPEID="20" PREVID="46097612" NEXTID="126738230" UPDATEDATE="2024-09-06" STARTDATE="2017-12-13" ENDDATE="2024-09-06" ISACTUAL="0" ISACTIVE="0" /><HOUSE ID="126738231" OBJECTID="76300211" OBJECTGUID="2a7a3050-580d-40c5-ba1c-8ae30b5148d3" CHANGEID="600703977" HOUSENUM="13" HOUSETYPE="2" OPERTYPEID="30" PREVID="54390485" NEXTID="0" UPDATEDATE="2024-09-06" STARTDATE="2024-09-06" ENDDATE="2079-06-06" ISACTUAL="1" ISACTIVE="0" /><HOUSE ID="126738232" OBJECTID="76299001" OBJECTGUID="06d78eb2-fc1c-47fd-a665-78e60c45d2e1" CHANGEID="600703978" HOUSENUM="34" HOUSETYPE="2" OPERTYPEID="30" PREVID="51865562" NEXTID="0" UPDATEDATE="2024-09-06" STARTDATE="2024-09-06" ENDDATE="2079-06-06" ISACTUAL="1" ISACTIVE="0" /><HOUSE ID="51865562" OBJECTID="76299001" OBJECTGUID="06d78eb2-fc1c-47fd-a665-78e60c45d2e1" CHANGEID="113496416" HOUSENUM="34" HOUSETYPE="2" OPERTYPEID="20" PREVID="46092683" NEXTID="126738232" UPDATEDATE="2024-09-06" STARTDATE="2017-12-13" ENDDATE="2024-09-06" ISACTUAL="0" ISACTIVE="0" /><HOUSE ID="126738233" OBJECTID="76296896" OBJECTGUID="8cb3f41a-9f09-435a-a5af-5b9e1506318f" CHANGEID="600703979" HOUSENUM="33" HOUSETYPE="2" OPERTYPEID="30" PREVID="61349605" NEXTID="0" UPDATEDATE="2024-09-06" STARTDATE="2024-09-06" ENDDATE="2079-06-06" ISACTUAL="1" ISACTIVE="0" /><HOUSE ID="126738234" OBJECTID="76294654" OBJECTGUID="1f25c671-5bf8-4188-9706-312f9e7d2527" CHANGEID="600703980" HOUSENUM="28" HOUSETYPE="2" OPERTYPEID="30" PREVID="53586520" NEXTID="0" UPDATEDATE="2024-09-06" STARTDATE="2024-09-06" ENDDATE="2079-06-06" ISACTUAL="1" ISACTIVE="0" /><HOUSE ID="53586520" OBJECTID="76294654" OBJECTGUID="1f25c671-5bf8-4188-9706-312f9e7d2527" CHANGEID="113489570" HOUSENUM="28" HOUSETYPE="2" OPERTYPEID="20" PREVID="46089856" NEXTID="126738234" UPDATEDATE="2024-09-06" STARTDATE="2017-12-13" ENDDATE="2024-09-06" ISACTUAL="0" ISACTIVE="0" /><HOUSE ID="126738235" OBJECTID="76292767" OBJECTGUID="0d046de7-ffed-44d3-b335-24adc260c4ff" CHANGEID="600703981" HOUSENUM="35" HOUSETYPE="2" OPERTYPEID="30" PREVID="52303711" NEXTID="0" UPDATEDATE="2024-09-06" STARTDATE="2024-09-06" ENDDATE="2079-06-06" ISACTUAL="1" ISACTIVE="0" /><HOUSE ID="126738259" OBJECTID="40074703" OBJECTGUID="15f31eb8-dd7e-42bc-8f12-b9cf3b96915c" CHANGEID="600704323" HOUSENUM="10" HOUSETYPE="2" OPERTYPEID="30" PREVID="52936289" NEXTID="0" UPDATEDATE="2024-09-06" STARTDATE="2024-09-06" ENDDATE="2079-06-06" ISACTUAL="1" ISACTIVE="0" /><HOUSE ID="52936289" OBJECTID="40074703" OBJECTGUID="15f31eb8-dd7e-42bc-8f12-b9cf3b96915c" CHANGEID="60680966" HOUSENUM="10" HOUSETYPE="2" OPERTYPEID="20" PREVID="23959235" NEXTID="126738259" UPDATEDATE="2024-09-06" STARTDATE="2017-12-13" ENDDATE="2024-09-06" ISACTUAL="0" ISACTIVE="0" /><HOUSE ID="126738260" OBJECTID="40073422" OBJECTGUID="f4c05b6a-b346-4d12-8e8d-77f242d9e900" CHANGEID="600704324" HOUSENUM="8" HOUSETYPE="2" OPERTYPEID="30" PREVID="68716465" NEXTID="0" UPDATEDATE="2024-09-06" STARTDATE="2024-09-06" ENDDATE="2079-06-06" ISACTUAL="1" ISACTIVE="0" /><HOUSE ID="68716465" OBJECTID="40073422" OBJECTGUID="f4c05b6a-b346-4d12-8e8d-77f242d9e900" CHANGEID="60675875" HOUSENUM="8" HOUSETYPE="2" OPERTYPEID="20" PREVID="23958014" NEXTID="126738260" UPDATEDATE="2024-09-06" STARTDATE="2017-12-13" ENDDATE="2024-09-06" ISACTUAL="0" ISACTIVE="0" /><HOUSE ID="126738261" OBJECTID="40067293" OBJECTGUID="b48bcdf8-228f-4072-8df2-5837c43222d3" CHANGEID="600704325" HOUSENUM="5" HOUSETYPE="2" OPERTYPEID="30" PREVID="64172870" NEXTID="0" UPDATEDATE="2024-09-06" STARTDATE="2024-09-06" ENDDATE="2079-06-06" ISACTUAL="1" ISACTIVE="0" /><HOUSE ID="64172870" OBJECTID="40067293" OBJECTGUID="b48bcdf8-228f-4072-8df2-5837c43222d3" CHANGEID="60666802" HOUSENUM="5" HOUSETYPE="2" OPERTYPEID="20" PREVID="23954048" NEXTID="126738261" UPDATEDATE="2024-09-06" STARTDATE="2017-12-13" ENDDATE="2024-09-06" ISACTUAL="0" ISACTIVE="0" /><HOUSE ID="126738262" OBJECTID="40065996" OBJECTGUID="67661a65-b2c1-4155-ac2e-473964c82701" CHANGEID="600704326" HOUSENUM="7" HOUSETYPE="2" OPERTYPEID="30" PREVID="58706056" NEXTID="0" UPDATEDATE="2024-09-06" STARTDATE="2024-09-06" ENDDATE="2079-06-06" ISACTUAL="1" ISACTIVE="0" /><HOUSE ID="58706056" OBJECTID="40065996" OBJECTGUID="67661a65-b2c1-4155-ac2e-473964c82701" CHANGEID="60664056" HOUSENUM="7" HOUSETYPE="2" OPERTYPEID="20" PREVID="23952927" NEXTID="126738262" UPDATEDATE="2024-09-06" STARTDATE="2017-12-13" ENDDATE="2024-09-06" ISACTUAL="0" ISACTIVE="0" /><HOUSE ID="126738263" OBJECTID="40064633" OBJECTGUID="403c3d81-067c-4909-be61-463cabf0df41" CHANGEID="600704327" HOUSENUM="1" HOUSETYPE="2" OPERTYPEID="30" PREVID="55931576" NEXTID="0" UPDATEDATE="2024-09-06" STARTDATE="2024-09-06" ENDDATE="2079-06-06" ISACTUAL="1" ISACTIVE="0" /><HOUSE ID="55931576" OBJECTID="40064633" OBJECTGUID="403c3d81-067c-4909-be61-463cabf0df41" CHANGEID="60663277" HOUSENUM="1" HOUSETYPE="2" OPERTYPEID="20" PREVID="23952587" NEXTID="126738263" UPDATEDATE="2024-09-06" STARTDATE="2017-12-13" ENDDATE="2024-09-06" ISACTUAL="0" ISACTIVE="0" /><HOUSE ID="126738264" OBJECTID="40063535" OBJECTGUID="2ed1d13e-9103-42e2-8848-1243ec10cdc1" CHANGEID="600704328" HOUSENUM="9" HOUSETYPE="2" OPERTYPEID="30" PREVID="54697189" NEXTID="0" UPDATEDATE="2024-09-06" STARTDATE="2024-09-06" ENDDATE="2079-06-06" ISACTUAL="1" ISACTIVE="0" /><HOUSE ID="54697189" OBJECTID="40063535" OBJECTGUID="2ed1d13e-9103-42e2-8848-1243ec10cdc1" CHANGEID="60660492" HOUSENUM="9" HOUSETYPE="2" OPERTYPEID="20" PREVID="23951530" NEXTID="126738264" UPDATEDATE="2024-09-06" STARTDATE="2017-12-13" ENDDATE="2024-09-06" ISACTUAL="0" ISACTIVE="0" /><HOUSE ID="126738545" OBJECTID="63283462" OBJECTGUID="94b4d86e-8aa1-4a24-99ce-c6829329d2aa" CHANGEID="600705755" HOUSENUM="31" HOUSETYPE="2" OPERTYPEID="30" PREVID="61914725" NEXTID="0" UPDATEDATE="2024-09-06" STARTDATE="2024-09-06" ENDDATE="2079-06-06" ISACTUAL="1" ISACTIVE="0" /><HOUSE ID="126738546" OBJECTID="63274400" OBJECTGUID="04613c10-e5c6-41c6-8264-7226a03688f9" CHANGEID="600705756" HOUSENUM="29" HOUSETYPE="2" OPERTYPEID="30" PREVID="51691930" NEXTID="0" UPDATEDATE="2024-09-06" STARTDATE="2024-09-06" ENDDATE="2079-06-06" ISACTUAL="1" ISACTIVE="0" /><HOUSE ID="51691930" OBJECTID="63274400" OBJECTGUID="04613c10-e5c6-41c6-8264-7226a03688f9" CHANGEID="94434415" HOUSENUM="29" HOUSETYPE="2" OPERTYPEID="20" PREVID="38041722" NEXTID="126738546" UPDATEDATE="2024-09-06" STARTDATE="2017-12-13" ENDDATE="2024-09-06" ISACTUAL="0" ISACTIVE="0" /><HOUSE ID="126738547" OBJECTID="63266409" OBJECTGUID="cee0e9c8-00a1-43bb-88b3-5e8b0f404923" CHANGEID="600705757" HOUSENUM="34" HOUSETYPE="2" OPERTYPEID="30" PREVID="66036073" NEXTID="0" UPDATEDATE="2024-09-06" STARTDATE="2024-09-06" ENDDATE="2079-06-06" ISACTUAL="1" ISACTIVE="0" /><HOUSE ID="126738548" OBJECTID="63261316" OBJECTGUID="4cd17382-0f82-4b61-823b-1e1f98d4a022" CHANGEID="600705758" HOUSENUM="32" HOUSETYPE="2" OPERTYPEID="30" PREVID="56821634" NEXTID="0" UPDATEDATE="2024-09-06" STARTDATE="2024-09-06" ENDDATE="2079-06-06" ISACTUAL="1" ISACTIVE="0" /><HOUSE ID="56821634" OBJECTID="63261316" OBJECTGUID="4cd17382-0f82-4b61-823b-1e1f98d4a022" CHANGEID="94414695" HOUSENUM="32" HOUSETYPE="2" OPERTYPEID="20" PREVID="38033683" NEXTID="126738548" UPDATEDATE="2024-09-06" STARTDATE="2017-12-13" ENDDATE="2024-09-06" ISACTUAL="0" ISACTIVE="0" /><HOUSE ID="126738549" OBJECTID="63257110" OBJECTGUID="83da4648-f4cd-4329-aac6-0d0448614571" CHANGEID="600705759" HOUSENUM="33" HOUSETYPE="2" OPERTYPEID="30" PREVID="60721008" NEXTID="0" UPDATEDATE="2024-09-06" STARTDATE="2024-09-06" ENDDATE="2079-06-06" ISACTUAL="1" ISACTIVE="0" /><HOUSE ID="126738573" OBJECTID="53829283" OBJECTGUID="6d21f0d2-8697-467a-a279-be8ad2419f2a" CHANGEID="600706024" HOUSENUM="12" HOUSETYPE="2" OPERTYPEID="30" PREVID="59112134" NEXTID="0" UPDATEDATE="2024-09-06" STARTDATE="2024-09-06" ENDDATE="2079-06-06" ISACTUAL="1" ISACTIVE="0" /><HOUSE ID="126738574" OBJECTID="53819578" OBJECTGUID="9c926f0b-ae14-4be7-a4ad-306f90d6ec7d" CHANGEID="600706025" HOUSENUM="25" HOUSETYPE="2" OPERTYPEID="30" PREVID="62473833" NEXTID="0" UPDATEDATE="2024-09-06" STARTDATE="2024-09-06" ENDDATE="2079-06-06" ISACTUAL="1" ISACTIVE="0" /><HOUSE ID="126738575" OBJECTID="53817505" OBJECTGUID="3b2c4786-9b3c-4a51-bba4-1d5cf5a275ac" CHANGEID="600706026" HOUSENUM="14" HOUSETYPE="2" OPERTYPEID="30" PREVID="55573293" NEXTID="0" UPDATEDATE="2024-09-06" STARTDATE="2024-09-06" ENDDATE="2079-06-06" ISACTUAL="1" ISACTIVE="0" /><HOUSE ID="55573293" OBJECTID="53817505" OBJECTGUID="3b2c4786-9b3c-4a51-bba4-1d5cf5a275ac" CHANGEID="80552291" HOUSENUM="14" HOUSETYPE="2" OPERTYPEID="20" PREVID="32139123" NEXTID="126738575" UPDATEDATE="2024-09-06" STARTDATE="2017-12-13" ENDDATE="2024-09-06" ISACTUAL="0" ISACTIVE="0" /><HOUSE ID="126738659" OBJECTID="20265596" OBJECTGUID="610a0752-0986-4dd3-83c7-ed480f0706aa" CHANGEID="600706284" HOUSENUM="10" HOUSETYPE="2" OPERTYPEID="30" PREVID="58255648" NEXTID="0" UPDATEDATE="2024-09-06" STARTDATE="2024-09-06" ENDDATE="2079-06-06" ISACTUAL="1" ISACTIVE="0" /><HOUSE ID="126738660" OBJECTID="20264383" OBJECTGUID="b0a4eb62-4221-4f16-9172-dc01d72ed350" CHANGEID="600706285" HOUSENUM="12" HOUSETYPE="2" OPERTYPEID="30" PREVID="63895215" NEXTID="0" UPDATEDATE="2024-09-06" STARTDATE="2024-09-06" ENDDATE="2079-06-06" ISACTUAL="1" ISACTIVE="0" /><HOUSE ID="63895215" OBJECTID="20264383" OBJECTGUID="b0a4eb62-4221-4f16-9172-dc01d72ed350" CHANGEID="31733594" HOUSENUM="12" HOUSETYPE="2" OPERTYPEID="20" PREVID="11814466" NEXTID="126738660" UPDATEDATE="2024-09-06" STARTDATE="2017-12-13" ENDDATE="2024-09-06" ISACTUAL="0" ISACTIVE="0" /><HOUSE ID="126738661" OBJECTID="20263749" OBJECTGUID="6cf9dfe3-a541-4d72-bbb5-d630dd754a3f" CHANGEID="600706286" HOUSENUM="14" HOUSETYPE="2" OPERTYPEID="30" PREVID="59100556" NEXTID="0" UPDATEDATE="2024-09-06" STARTDATE="2024-09-06" ENDDATE="2079-06-06" ISACTUAL="1" ISACTIVE="0" /><HOUSE ID="126738662" OBJECTID="20263582" OBJECTGUID="405900c9-08ea-416e-99ac-d5c0901a88ee" CHANGEID="600706287" HOUSENUM="7" HOUSETYPE="2" OPERTYPEID="30" PREVID="55938947" NEXTID="0" UPDATEDATE="2024-09-06" STARTDATE="2024-09-06" ENDDATE="2079-06-06" ISACTUAL="1" ISACTIVE="0" /><HOUSE ID="126738663" OBJECTID="20262153" OBJECTGUID="22646c0c-5b33-46f7-9089-a6b43cd00ecf" CHANGEID="600706288" HOUSENUM="8" HOUSETYPE="2" OPERTYPEID="30" PREVID="53815663" NEXTID="0" UPDATEDATE="2024-09-06" STARTDATE="2024-09-06" ENDDATE="2079-06-06" ISACTUAL="1" ISACTIVE="0" /><HOUSE ID="126738664" OBJECTID="20261012" OBJECTGUID="a3b23fa7-0009-459b-859b-99392af1d5a1" CHANGEID="600706289" HOUSENUM="6" HOUSETYPE="2" OPERTYPEID="30" PREVID="62979006" NEXTID="0" UPDATEDATE="2024-09-06" STARTDATE="2024-09-06" ENDDATE="2079-06-06" ISACTUAL="1" ISACTIVE="0" /><HOUSE ID="62979006" OBJECTID="20261012" OBJECTGUID="a3b23fa7-0009-459b-859b-99392af1d5a1" CHANGEID="31729180" HOUSENUM="6" HOUSETYPE="2" OPERTYPEID="20" PREVID="11812544" NEXTID="126738664" UPDATEDATE="2024-09-06" STARTDATE="2017-12-13" ENDDATE="2024-09-06" ISACTUAL="0" ISACTIVE="0" /><HOUSE ID="126738665" OBJECTID="20260496" OBJECTGUID="bd5a1cbf-db9f-4fb0-8eaf-903ac1380584" CHANGEID="600706290" HOUSENUM="9" HOUSETYPE="2" OPERTYPEID="30" PREVID="64795896" NEXTID="0" UPDATEDATE="2024-09-06" STARTDATE="2024-09-06" ENDDATE="2079-06-06" ISACTUAL="1" ISACTIVE="0" /><HOUSE ID="126738666" OBJECTID="20251265" OBJECTGUID="b3c217d7-34a5-4627-a880-659c1a5bbc65" CHANGEID="600706291" HOUSENUM="11" HOUSETYPE="2" OPERTYPEID="30" PREVID="64115380" NEXTID="0" UPDATEDATE="2024-09-06" STARTDATE="2024-09-06" ENDDATE="2079-06-06" ISACTUAL="1" ISACTIVE="0" /><HOUSE ID="64115380" OBJECTID="20251265" OBJECTGUID="b3c217d7-34a5-4627-a880-659c1a5bbc65" CHANGEID="31724909" HOUSENUM="11" HOUSETYPE="2" OPERTYPEID="20" PREVID="11810629" NEXTID="126738666" UPDATEDATE="2024-09-06" STARTDATE="2017-12-13" ENDDATE="2024-09-06" ISACTUAL="0" ISACTIVE="0" /><HOUSE ID="126738667" OBJECTID="20250504" OBJECTGUID="0a004863-b772-4887-bd2f-47ec00b05313" CHANGEID="600706292" HOUSENUM="15" HOUSETYPE="2" OPERTYPEID="30" PREVID="52090198" NEXTID="0" UPDATEDATE="2024-09-06" STARTDATE="2024-09-06" ENDDATE="2079-06-06" ISACTUAL="1" ISACTIVE="0" /><HOUSE ID="52090198" OBJECTID="20250504" OBJECTGUID="0a004863-b772-4887-bd2f-47ec00b05313" CHANGEID="31714430" HOUSENUM="15" HOUSETYPE="2" OPERTYPEID="20" PREVID="11806706" NEXTID="126738667" UPDATEDATE="2024-09-06" STARTDATE="2017-12-13" ENDDATE="2024-09-06" ISACTUAL="0" ISACTIVE="0" /><HOUSE ID="126738668" OBJECTID="20249627" OBJECTGUID="c3384761-5236-48ce-9225-1543a811ee14" CHANGEID="600706293" HOUSENUM="13" HOUSETYPE="2" OPERTYPEID="30" PREVID="65211603" NEXTID="0" UPDATEDATE="2024-09-06" STARTDATE="2024-09-06" ENDDATE="2079-06-06" ISACTUAL="1" ISACTIVE="0" /><HOUSE ID="126738716" OBJECTID="14726929" OBJECTGUID="a9cfbec5-ccaf-4f1f-a9db-055674865657" CHANGEID="600706867" HOUSENUM="62" HOUSETYPE="2" OPERTYPEID="30" PREVID="63410735" NEXTID="0" UPDATEDATE="2024-09-06" STARTDATE="2024-09-06" ENDDATE="2079-06-06" ISACTUAL="1" ISACTIVE="0" /><HOUSE ID="63410735" OBJECTID="14726929" OBJECTGUID="a9cfbec5-ccaf-4f1f-a9db-055674865657" CHANGEID="23521039" HOUSENUM="62" HOUSETYPE="2" OPERTYPEID="20" PREVID="8241654" NEXTID="126738716" UPDATEDATE="2024-09-06" STARTDATE="2017-12-13" ENDDATE="2024-09-06" ISACTUAL="0" ISACTIVE="0" /><HOUSE ID="126744336" OBJECTID="165139129" OBJECTGUID="c175397f-740a-4e34-9550-f7430e4fe3c5" CHANGEID="600772671" HOUSENUM="62" HOUSETYPE="2" OPERTYPEID="10" PREVID="0" NEXTID="0" UPDATEDATE="2024-09-09" STARTDATE="2024-09-09" ENDDATE="2079-06-06" ISACTUAL="1" ISACTIVE="1" /><HOUSE ID="126749294" OBJECTID="66318304" OBJECTGUID="8d872fda-c63d-447d-8909-f3df2fa59923" CHANGEID="600812028" HOUSENUM="26" HOUSETYPE="2" OPERTYPEID="30" PREVID="61407604" NEXTID="0" UPDATEDATE="2024-09-10" STARTDATE="2024-09-10" ENDDATE="2079-06-06" ISACTUAL="1" ISACTIVE="0" /><HOUSE ID="61407604" OBJECTID="66318304" OBJECTGUID="8d872fda-c63d-447d-8909-f3df2fa59923" CHANGEID="98911052" HOUSENUM="26" HOUSETYPE="2" OPERTYPEID="20" PREVID="39938686" NEXTID="126749294" UPDATEDATE="2024-09-10" STARTDATE="2017-12-13" ENDDATE="2024-09-10" ISACTUAL="0" ISACTIVE="0" /><HOUSE ID="126749298" OBJECTID="72403300" OBJECTGUID="d4d4b666-d34e-44b6-b2d6-b2fd6809b206" CHANGEID="600812032" HOUSENUM="50" HOUSETYPE="2" OPERTYPEID="30" PREVID="66458121" NEXTID="0" UPDATEDATE="2024-09-10" STARTDATE="2024-09-10" ENDDATE="2079-06-06" ISACTUAL="1" ISACTIVE="0" /><HOUSE ID="66458121" OBJECTID="72403300" OBJECTGUID="d4d4b666-d34e-44b6-b2d6-b2fd6809b206" CHANGEID="107820156" HOUSENUM="50" HOUSETYPE="2" OPERTYPEID="20" PREVID="43692244" NEXTID="126749298" UPDATEDATE="2024-09-10" STARTDATE="2017-12-13" ENDDATE="2024-09-10" ISACTUAL="0" ISACTIVE="0" /><HOUSE ID="126749299" OBJECTID="72399099" OBJECTGUID="a13a0e58-febe-4711-a1f1-8679c319bc3e" CHANGEID="600812033" HOUSENUM="46" HOUSETYPE="2" OPERTYPEID="30" PREVID="62803789" NEXTID="0" UPDATEDATE="2024-09-10" STARTDATE="2024-09-10" ENDDATE="2079-06-06" ISACTUAL="1" ISACTIVE="0" /><HOUSE ID="126749300" OBJECTID="72391787" OBJECTGUID="6d6ab83e-4392-4766-ae6b-5b995a92f31e" CHANGEID="600812034" HOUSENUM="52" HOUSETYPE="2" OPERTYPEID="30" PREVID="59131639" NEXTID="0" UPDATEDATE="2024-09-10" STARTDATE="2024-09-10" ENDDATE="2079-06-06" ISACTUAL="1" ISACTIVE="0" /><HOUSE ID="126749301" OBJECTID="72382931" OBJECTGUID="0bddedf1-8cda-4588-91db-03c58b8704fb" CHANGEID="600812035" HOUSENUM="10" HOUSETYPE="2" OPERTYPEID="30" PREVID="52223411" NEXTID="0" UPDATEDATE="2024-09-10" STARTDATE="2024-09-10" ENDDATE="2079-06-06" ISACTUAL="1" ISACTIVE="0" /><HOUSE ID="52223411" OBJECTID="72382931" OBJECTGUID="0bddedf1-8cda-4588-91db-03c58b8704fb" CHANGEID="107789464" HOUSENUM="10" HOUSETYPE="2" OPERTYPEID="20" PREVID="43678842" NEXTID="126749301" UPDATEDATE="2024-09-10" STARTDATE="2017-12-13" ENDDATE="2024-09-10" ISACTUAL="0" ISACTIVE="0" /><HOUSE ID="126749279" OBJECTID="77670009" OBJECTGUID="78e7336b-517d-4bbc-8541-588c1d5741cb" CHANGEID="600811780" HOUSENUM="8" HOUSETYPE="2" OPERTYPEID="30" PREVID="59946085" NEXTID="0" UPDATEDATE="2024-09-10" STARTDATE="2024-09-10" ENDDATE="2079-06-06" ISACTUAL="1" ISACTIVE="0" /><HOUSE ID="59946085" OBJECTID="77670009" OBJECTGUID="78e7336b-517d-4bbc-8541-588c1d5741cb" CHANGEID="115486559" HOUSENUM="8" HOUSETYPE="2" OPERTYPEID="20" PREVID="46926090" NEXTID="126749279" UPDATEDATE="2024-09-10" STARTDATE="2017-12-13" ENDDATE="2024-09-10" ISACTUAL="0" ISACTIVE="0" /><HOUSE ID="126749280" OBJECTID="77666449" OBJECTGUID="6dbfdc99-9c55-41b1-9b85-3def17df1516" CHANGEID="600811781" HOUSENUM="16" HOUSETYPE="2" OPERTYPEID="30" PREVID="59156076" NEXTID="0" UPDATEDATE="2024-09-10" STARTDATE="2024-09-10" ENDDATE="2079-06-06" ISACTUAL="1" ISACTIVE="0" /><HOUSE ID="59156076" OBJECTID="77666449" OBJECTGUID="6dbfdc99-9c55-41b1-9b85-3def17df1516" CHANGEID="115481244" HOUSENUM="16" HOUSETYPE="2" OPERTYPEID="20" PREVID="46923827" NEXTID="126749280" UPDATEDATE="2024-09-10" STARTDATE="2017-12-13" ENDDATE="2024-09-10" ISACTUAL="0" ISACTIVE="0" /><HOUSE ID="126749281" OBJECTID="77666092" OBJECTGUID="dab2109b-6f98-4a30-b857-361a6ad327b7" CHANGEID="600811782" HOUSENUM="19" HOUSETYPE="2" OPERTYPEID="30" PREVID="66873480" NEXTID="0" UPDATEDATE="2024-09-10" STARTDATE="2024-09-10" ENDDATE="2079-06-06" ISACTUAL="1" ISACTIVE="0" /><HOUSE ID="66873480" OBJECTID="77666092" OBJECTGUID="dab2109b-6f98-4a30-b857-361a6ad327b7" CHANGEID="115480715" HOUSENUM="19" HOUSETYPE="2" OPERTYPEID="20" PREVID="46923559" NEXTID="126749281" UPDATEDATE="2024-09-10" STARTDATE="2017-12-13" ENDDATE="2024-09-10" ISACTUAL="0" ISACTIVE="0" /><HOUSE ID="126749282" OBJECTID="77663150" OBJECTGUID="38769c17-de2f-473b-81dc-3370a2aee112" CHANGEID="600811783" HOUSENUM="32" HOUSETYPE="2" OPERTYPEID="30" PREVID="55380054" NEXTID="0" UPDATEDATE="2024-09-10" STARTDATE="2024-09-10" ENDDATE="2079-06-06" ISACTUAL="1" ISACTIVE="0" /><HOUSE ID="55380054" OBJECTID="77663150" OBJECTGUID="38769c17-de2f-473b-81dc-3370a2aee112" CHANGEID="115479548" HOUSENUM="32" HOUSETYPE="2" OPERTYPEID="20" PREVID="46922263" NEXTID="126749282" UPDATEDATE="2024-09-10" STARTDATE="2017-12-13" ENDDATE="2024-09-10" ISACTUAL="0" ISACTIVE="0" /><HOUSE ID="126749283" OBJECTID="77661300" OBJECTGUID="b517a27f-8e57-4b85-9ab8-1df0e6df24bf" CHANGEID="600811784" HOUSENUM="22" HOUSETYPE="2" OPERTYPEID="30" PREVID="64211110" NEXTID="0" UPDATEDATE="2024-09-10" STARTDATE="2024-09-10" ENDDATE="2079-06-06" ISACTUAL="1" ISACTIVE="0" /><HOUSE ID="64211110" OBJECTID="77661300" OBJECTGUID="b517a27f-8e57-4b85-9ab8-1df0e6df24bf" CHANGEID="115473434" HOUSENUM="22" HOUSETYPE="2" OPERTYPEID="20" PREVID="46920361" NEXTID="126749283" UPDATEDATE="2024-09-10" STARTDATE="2017-12-13" ENDDATE="2024-09-10" ISACTUAL="0" ISACTIVE="0" /><HOUSE ID="126749284" OBJECTID="77581202" OBJECTGUID="31ba29f7-1992-4afa-9293-6384f74b47de" CHANGEID="600811785" HOUSENUM="34" HOUSETYPE="2" OPERTYPEID="30" PREVID="54903971" NEXTID="0" UPDATEDATE="2024-09-10" STARTDATE="2024-09-10" ENDDATE="2079-06-06" ISACTUAL="1" ISACTIVE="0" /><HOUSE ID="126749285" OBJECTID="77579633" OBJECTGUID="1c7db41d-5194-467a-84ca-e6facdc031f3" CHANGEID="600811786" HOUSENUM="24" HOUSETYPE="2" OPERTYPEID="30" PREVID="53399512" NEXTID="0" UPDATEDATE="2024-09-10" STARTDATE="2024-09-10" ENDDATE="2079-06-06" ISACTUAL="1" ISACTIVE="0" /><HOUSE ID="53399512" OBJECTID="77579633" OBJECTGUID="1c7db41d-5194-467a-84ca-e6facdc031f3" CHANGEID="115358191" HOUSENUM="24" HOUSETYPE="2" OPERTYPEID="20" PREVID="46872943" NEXTID="126749285" UPDATEDATE="2024-09-10" STARTDATE="2017-12-13" ENDDATE="2024-09-10" ISACTUAL="0" ISACTIVE="0" /><HOUSE ID="126749286" OBJECTID="77577518" OBJECTGUID="d9234f40-151b-49be-a4a6-be1c821b2fb7" CHANGEID="600811787" HOUSENUM="18" HOUSETYPE="2" OPERTYPEID="30" PREVID="66763272" NEXTID="0" UPDATEDATE="2024-09-10" STARTDATE="2024-09-10" ENDDATE="2079-06-06" ISACTUAL="1" ISACTIVE="0" /><HOUSE ID="66763272" OBJECTID="77577518" OBJECTGUID="d9234f40-151b-49be-a4a6-be1c821b2fb7" CHANGEID="115356542" HOUSENUM="18" HOUSETYPE="2" OPERTYPEID="20" PREVID="46872148" NEXTID="126749286" UPDATEDATE="2024-09-10" STARTDATE="2017-12-13" ENDDATE="2024-09-10" ISACTUAL="0" ISACTIVE="0" /><HOUSE ID="126749287" OBJECTID="77574902" OBJECTGUID="d8aa5a97-eeb2-40d6-90cb-bdc2059f747b" CHANGEID="600811788" HOUSENUM="28" HOUSETYPE="2" OPERTYPEID="30" PREVID="66729333" NEXTID="0" UPDATEDATE="2024-09-10" STARTDATE="2024-09-10" ENDDATE="2079-06-06" ISACTUAL="1" ISACTIVE="0" /><HOUSE ID="66729333" OBJECTID="77574902" OBJECTGUID="d8aa5a97-eeb2-40d6-90cb-bdc2059f747b" CHANGEID="115351641" HOUSENUM="28" HOUSETYPE="2" OPERTYPEID="20" PREVID="46869968" NEXTID="126749287" UPDATEDATE="2024-09-10" STARTDATE="2017-12-13" ENDDATE="2024-09-10" ISACTUAL="0" ISACTIVE="0" /><HOUSE ID="126749288" OBJECTID="77573256" OBJECTGUID="642ea124-4eb7-4226-a58e-bb1bb91012c6" CHANGEID="600811789" HOUSENUM="26" HOUSETYPE="2" OPERTYPEID="30" PREVID="58478124" NEXTID="0" UPDATEDATE="2024-09-10" STARTDATE="2024-09-10" ENDDATE="2079-06-06" ISACTUAL="1" ISACTIVE="0" /><HOUSE ID="126749289" OBJECTID="77566931" OBJECTGUID="c9efaabd-7540-445a-8f0c-7b96a911cd60" CHANGEID="600811790" HOUSENUM="20" HOUSETYPE="2" OPERTYPEID="30" PREVID="65687966" NEXTID="0" UPDATEDATE="2024-09-10" STARTDATE="2024-09-10" ENDDATE="2079-06-06" ISACTUAL="1" ISACTIVE="0" /><HOUSE ID="65687966" OBJECTID="77566931" OBJECTGUID="c9efaabd-7540-445a-8f0c-7b96a911cd60" CHANGEID="115339921" HOUSENUM="20" HOUSETYPE="2" OPERTYPEID="20" PREVID="46865258" NEXTID="126749289" UPDATEDATE="2024-09-10" STARTDATE="2017-12-13" ENDDATE="2024-09-10" ISACTUAL="0" ISACTIVE="0" /><HOUSE ID="126749290" OBJECTID="77566132" OBJECTGUID="869305c6-0928-4056-946a-784b2c59bd81" CHANGEID="600811791" HOUSENUM="30" HOUSETYPE="2" OPERTYPEID="30" PREVID="60913953" NEXTID="0" UPDATEDATE="2024-09-10" STARTDATE="2024-09-10" ENDDATE="2079-06-06" ISACTUAL="1" ISACTIVE="0" /><HOUSE ID="126749295" OBJECTID="48672250" OBJECTGUID="a147f4b9-ff70-425c-b015-b8e50e2099c5" CHANGEID="600812029" HOUSENUM="38" HOUSETYPE="2" OPERTYPEID="30" PREVID="62807935" NEXTID="0" UPDATEDATE="2024-09-10" STARTDATE="2024-09-10" ENDDATE="2079-06-06" ISACTUAL="1" ISACTIVE="0" /><HOUSE ID="126749296" OBJECTID="48671839" OBJECTGUID="c16f117a-7fc6-4c1f-8241-6c39b749644f" CHANGEID="600812030" HOUSENUM="39" HOUSETYPE="2" OPERTYPEID="30" PREVID="65085440" NEXTID="0" UPDATEDATE="2024-09-10" STARTDATE="2024-09-10" ENDDATE="2079-06-06" ISACTUAL="1" ISACTIVE="0" /><HOUSE ID="126749297" OBJECTID="48670639" OBJECTGUID="247eee7c-52cd-40c9-8921-382a017f43c8" CHANGEID="600812031" HOUSENUM="37" HOUSETYPE="2" OPERTYPEID="30" PREVID="53964939" NEXTID="0" UPDATEDATE="2024-09-10" STARTDATE="2024-09-10" ENDDATE="2079-06-06" ISACTUAL="1" ISACTIVE="0" /><HOUSE ID="126749302" OBJECTID="33073094" OBJECTGUID="96023eb2-0e77-466a-9acf-efec2cea12d2" CHANGEID="600812036" HOUSENUM="9" HOUSETYPE="2" OPERTYPEID="30" PREVID="62007726" NEXTID="0" UPDATEDATE="2024-09-10" STARTDATE="2024-09-10" ENDDATE="2079-06-06" ISACTUAL="1" ISACTIVE="0" /><HOUSE ID="62007726" OBJECTID="33073094" OBJECTGUID="96023eb2-0e77-466a-9acf-efec2cea12d2" CHANGEID="50447669" HOUSENUM="9" HOUSETYPE="2" OPERTYPEID="20" PREVID="19664538" NEXTID="126749302" UPDATEDATE="2024-09-10" STARTDATE="2017-12-13" ENDDATE="2024-09-10" ISACTUAL="0" ISACTIVE="0" /><HOUSE ID="126749303" OBJECTID="33071299" OBJECTGUID="935fc950-be69-47ff-80b3-a4a76e23296e" CHANGEID="600812037" HOUSENUM="10" HOUSETYPE="2" OPERTYPEID="30" PREVID="61820169" NEXTID="0" UPDATEDATE="2024-09-10" STARTDATE="2024-09-10" ENDDATE="2079-06-06" ISACTUAL="1" ISACTIVE="0" /><HOUSE ID="126749686" OBJECTID="76726336" OBJECTGUID="1fcb803c-be40-41cb-86fb-f75479280a1e" CHANGEID="600814415" HOUSENUM="25" HOUSETYPE="2" OPERTYPEID="30" PREVID="53632535" NEXTID="0" UPDATEDATE="2024-09-10" STARTDATE="2024-09-10" ENDDATE="2079-06-06" ISACTUAL="1" ISACTIVE="0" /><HOUSE ID="126749687" OBJECTID="76703742" OBJECTGUID="82e4f33e-d928-4538-94e7-3a89b70be2c3" CHANGEID="600814416" HOUSENUM="24" HOUSETYPE="2" OPERTYPEID="30" PREVID="60653363" NEXTID="0" UPDATEDATE="2024-09-10" STARTDATE="2024-09-10" ENDDATE="2079-06-06" ISACTUAL="1" ISACTIVE="0" /><HOUSE ID="60653363" OBJECTID="76703742" OBJECTGUID="82e4f33e-d928-4538-94e7-3a89b70be2c3" CHANGEID="114098727" HOUSENUM="24" HOUSETYPE="2" OPERTYPEID="20" PREVID="46353428" NEXTID="126749687" UPDATEDATE="2024-09-10" STARTDATE="2017-12-13" ENDDATE="2024-09-10" ISACTUAL="0" ISACTIVE="0" /><HOUSE ID="126749693" OBJECTID="57976881" OBJECTGUID="bf95e9b2-6791-491c-ae39-ea1827221049" CHANGEID="600814422" HOUSENUM="1а" HOUSETYPE="2" OPERTYPEID="30" PREVID="64953485" NEXTID="0" UPDATEDATE="2024-09-10" STARTDATE="2024-09-10" ENDDATE="2079-06-06" ISACTUAL="1" ISACTIVE="0" /><HOUSE ID="64953485" OBJECTID="57976881" OBJECTGUID="bf95e9b2-6791-491c-ae39-ea1827221049" CHANGEID="86665851" HOUSENUM="1а" HOUSETYPE="2" OPERTYPEID="20" PREVID="34711753" NEXTID="126749693" UPDATEDATE="2024-09-10" STARTDATE="2017-12-13" ENDDATE="2024-09-10" ISACTUAL="0" ISACTIVE="0" /><HOUSE ID="126749688" OBJECTID="20925927" OBJECTGUID="2c3b83d1-3fd9-4167-84fc-eab0af1e0b1f" CHANGEID="600814417" HOUSENUM="11" HOUSETYPE="2" OPERTYPEID="30" PREVID="54514698" NEXTID="0" UPDATEDATE="2024-09-10" STARTDATE="2024-09-10" ENDDATE="2079-06-06" ISACTUAL="1" ISACTIVE="0" /><HOUSE ID="54514698" OBJECTID="20925927" OBJECTGUID="2c3b83d1-3fd9-4167-84fc-eab0af1e0b1f" CHANGEID="32719595" HOUSENUM="11" HOUSETYPE="2" OPERTYPEID="20" PREVID="12253209" NEXTID="126749688" UPDATEDATE="2024-09-10" STARTDATE="2017-12-13" ENDDATE="2024-09-10" ISACTUAL="0" ISACTIVE="0" /><HOUSE ID="126749689" OBJECTID="20923465" OBJECTGUID="6b4d3d1e-47b5-4f51-b5e2-95850e5dfc1c" CHANGEID="600814418" HOUSENUM="9" HOUSETYPE="2" OPERTYPEID="30" PREVID="58981875" NEXTID="0" UPDATEDATE="2024-09-10" STARTDATE="2024-09-10" ENDDATE="2079-06-06" ISACTUAL="1" ISACTIVE="0" /><HOUSE ID="126749690" OBJECTID="20921485" OBJECTGUID="081445b3-1454-4a28-9cf5-8019921a545e" CHANGEID="600814419" HOUSENUM="15" HOUSETYPE="2" OPERTYPEID="30" PREVID="51954540" NEXTID="0" UPDATEDATE="2024-09-10" STARTDATE="2024-09-10" ENDDATE="2079-06-06" ISACTUAL="1" ISACTIVE="0" /><HOUSE ID="126749691" OBJECTID="20916914" OBJECTGUID="d506f566-12fe-451e-a191-5594100e5d31" CHANGEID="600814420" HOUSENUM="14" HOUSETYPE="2" OPERTYPEID="30" PREVID="66472186" NEXTID="0" UPDATEDATE="2024-09-10" STARTDATE="2024-09-10" ENDDATE="2079-06-06" ISACTUAL="1" ISACTIVE="0" /><HOUSE ID="126749692" OBJECTID="20916278" OBJECTGUID="afc10ead-84b7-4161-9929-0edb7b137468" CHANGEID="600814421" HOUSENUM="13" HOUSETYPE="2" OPERTYPEID="30" PREVID="63831819" NEXTID="0" UPDATEDATE="2024-09-10" STARTDATE="2024-09-10" ENDDATE="2079-06-06" ISACTUAL="1" ISACTIVE="0" /><HOUSE ID="63831819" OBJECTID="20916278" OBJECTGUID="afc10ead-84b7-4161-9929-0edb7b137468" CHANGEID="32705638" HOUSENUM="13" HOUSETYPE="2" OPERTYPEID="20" PREVID="12247397" NEXTID="126749692" UPDATEDATE="2024-09-10" STARTDATE="2017-12-13" ENDDATE="2024-09-10" ISACTUAL="0" ISACTIVE="0" /><HOUSE ID="126749694" OBJECTID="61247331" OBJECTGUID="f69932d9-7979-484b-a3f4-9a69341a410f" CHANGEID="600814423" HOUSENUM="29" HOUSETYPE="2" OPERTYPEID="30" PREVID="36763382" NEXTID="0" UPDATEDATE="2024-09-10" STARTDATE="2024-09-10" ENDDATE="2079-06-06" ISACTUAL="1" ISACTIVE="0" /><HOUSE ID="126749695" OBJECTID="61245082" OBJECTGUID="d5e71333-b33c-49b1-b8a6-2d4aaad42494" CHANGEID="600814424" HOUSENUM="17б" HOUSETYPE="2" OPERTYPEID="30" PREVID="36762822" NEXTID="0" UPDATEDATE="2024-09-10" STARTDATE="2024-09-10" ENDDATE="2079-06-06" ISACTUAL="1" ISACTIVE="0" /><HOUSE ID="36762822" OBJECTID="61245082" OBJECTGUID="d5e71333-b33c-49b1-b8a6-2d4aaad42494" CHANGEID="91465057" HOUSENUM="17б" HOUSETYPE="2" OPERTYPEID="10" PREVID="0" NEXTID="126749695" UPDATEDATE="2024-09-10" STARTDATE="2018-12-20" ENDDATE="2024-09-10" ISACTUAL="0" ISACTIVE="0" /><HOUSE ID="126749696" OBJECTID="61242161" OBJECTGUID="aee21027-13ae-4f81-acf5-563ea21ccad0" CHANGEID="600814425" HOUSENUM="27" HOUSETYPE="2" OPERTYPEID="30" PREVID="63770442" NEXTID="0" UPDATEDATE="2024-09-10" STARTDATE="2024-09-10" ENDDATE="2079-06-06" ISACTUAL="1" ISACTIVE="0" /><HOUSE ID="63770442" OBJECTID="61242161" OBJECTGUID="aee21027-13ae-4f81-acf5-563ea21ccad0" CHANGEID="91460822" HOUSENUM="27" HOUSETYPE="2" OPERTYPEID="20" PREVID="36760729" NEXTID="126749696" UPDATEDATE="2024-09-10" STARTDATE="2017-12-13" ENDDATE="2024-09-10" ISACTUAL="0" ISACTIVE="0" /><HOUSE ID="126749697" OBJECTID="61240692" OBJECTGUID="eca59eb0-4257-4c71-80af-fa41f0cd3705" CHANGEID="600814426" HOUSENUM="25" HOUSETYPE="2" OPERTYPEID="30" PREVID="68143244" NEXTID="0" UPDATEDATE="2024-09-10" STARTDATE="2024-09-10" ENDDATE="2079-06-06" ISACTUAL="1" ISACTIVE="0" /><HOUSE ID="126749698" OBJECTID="61240042" OBJECTGUID="406f4ea6-716c-4bbd-94cd-f64c430fb212" CHANGEID="600814427" HOUSENUM="21" HOUSETYPE="2" OPERTYPEID="30" PREVID="55945446" NEXTID="0" UPDATEDATE="2024-09-10" STARTDATE="2024-09-10" ENDDATE="2079-06-06" ISACTUAL="1" ISACTIVE="0" /><HOUSE ID="55945446" OBJECTID="61240042" OBJECTGUID="406f4ea6-716c-4bbd-94cd-f64c430fb212" CHANGEID="91457863" HOUSENUM="21" HOUSETYPE="2" OPERTYPEID="20" PREVID="36759244" NEXTID="126749698" UPDATEDATE="2024-09-10" STARTDATE="2017-12-13" ENDDATE="2024-09-10" ISACTUAL="0" ISACTIVE="0" /><HOUSE ID="126749699" OBJECTID="61219956" OBJECTGUID="a3f5b178-1f23-43f8-93b1-29e67e2a4330" CHANGEID="600814428" HOUSENUM="22" HOUSETYPE="2" OPERTYPEID="30" PREVID="62997127" NEXTID="0" UPDATEDATE="2024-09-10" STARTDATE="2024-09-10" ENDDATE="2079-06-06" ISACTUAL="1" ISACTIVE="0" /><HOUSE ID="126750410" OBJECTID="8817078" OBJECTGUID="80689e05-7f70-4a1c-8f7a-ea704bb140cd" CHANGEID="600820021" HOUSENUM="9" HOUSETYPE="2" OPERTYPEID="30" PREVID="60478320" NEXTID="0" UPDATEDATE="2024-09-10" STARTDATE="2024-09-10" ENDDATE="2079-06-06" ISACTUAL="1" ISACTIVE="0" /><HOUSE ID="126750411" OBJECTID="8811883" OBJECTGUID="40b95f0b-bdc1-46dc-ac08-19d17d122163" CHANGEID="600820022" HOUSENUM="6" HOUSETYPE="2" OPERTYPEID="30" PREVID="55966074" NEXTID="0" UPDATEDATE="2024-09-10" STARTDATE="2024-09-10" ENDDATE="2079-06-06" ISACTUAL="1" ISACTIVE="0" /><HOUSE ID="55966074" OBJECTID="8811883" OBJECTGUID="40b95f0b-bdc1-46dc-ac08-19d17d122163" CHANGEID="14809292" HOUSENUM="6" HOUSETYPE="2" OPERTYPEID="20" PREVID="4531814" NEXTID="126750411" UPDATEDATE="2024-09-10" STARTDATE="2017-12-13" ENDDATE="2024-09-10" ISACTUAL="0" ISACTIVE="0" /><HOUSE ID="126750903" OBJECTID="8813998" OBJECTGUID="96592783-8c17-45d6-999b-99b4fb2ee4c5" CHANGEID="600823665" HOUSENUM="7" HOUSETYPE="2" OPERTYPEID="30" PREVID="62032590" NEXTID="0" UPDATEDATE="2024-09-10" STARTDATE="2024-09-10" ENDDATE="2079-06-06" ISACTUAL="1" ISACTIVE="0" /><HOUSE ID="126754025" OBJECTID="80128574" OBJECTGUID="f07639ee-7027-4102-a4c5-fc60987400e5" CHANGEID="600844033" HOUSENUM="18" HOUSETYPE="2" OPERTYPEID="30" PREVID="68414610" NEXTID="0" UPDATEDATE="2024-09-10" STARTDATE="2024-09-10" ENDDATE="2079-06-06" ISACTUAL="1" ISACTIVE="0" /><HOUSE ID="68414610" OBJECTID="80128574" OBJECTGUID="f07639ee-7027-4102-a4c5-fc60987400e5" CHANGEID="119091074" HOUSENUM="18" HOUSETYPE="2" OPERTYPEID="20" PREVID="48462629" NEXTID="126754025" UPDATEDATE="2024-09-10" STARTDATE="2017-12-13" ENDDATE="2024-09-10" ISACTUAL="0" ISACTIVE="0" /><HOUSE ID="126754026" OBJECTID="80128151" OBJECTGUID="09334916-3495-4dea-aba9-f62b4e06da3e" CHANGEID="600844034" HOUSENUM="9" HOUSETYPE="2" OPERTYPEID="30" PREVID="52033857" NEXTID="0" UPDATEDATE="2024-09-10" STARTDATE="2024-09-10" ENDDATE="2079-06-06" ISACTUAL="1" ISACTIVE="0" /><HOUSE ID="52033857" OBJECTID="80128151" OBJECTGUID="09334916-3495-4dea-aba9-f62b4e06da3e" CHANGEID="119089756" HOUSENUM="9" HOUSETYPE="2" OPERTYPEID="20" PREVID="48462255" NEXTID="126754026" UPDATEDATE="2024-09-10" STARTDATE="2017-12-13" ENDDATE="2024-09-10" ISACTUAL="0" ISACTIVE="0" /><HOUSE ID="126754027" OBJECTID="80120020" OBJECTGUID="67cfb2ec-f9b9-4288-aecb-abb8382f1d0f" CHANGEID="600844035" HOUSENUM="10" HOUSETYPE="2" OPERTYPEID="30" PREVID="58735819" NEXTID="0" UPDATEDATE="2024-09-10" STARTDATE="2024-09-10" ENDDATE="2079-06-06" ISACTUAL="1" ISACTIVE="0" /><HOUSE ID="58735819" OBJECTID="80120020" OBJECTGUID="67cfb2ec-f9b9-4288-aecb-abb8382f1d0f" CHANGEID="119078357" HOUSENUM="10" HOUSETYPE="2" OPERTYPEID="20" PREVID="48457456" NEXTID="126754027" UPDATEDATE="2024-09-10" STARTDATE="2017-12-13" ENDDATE="2024-09-10" ISACTUAL="0" ISACTIVE="0" /><HOUSE ID="126754028" OBJECTID="80119553" OBJECTGUID="6210c342-6c99-4ffe-ab61-8953debd0e14" CHANGEID="600844036" HOUSENUM="20" HOUSETYPE="2" OPERTYPEID="30" PREVID="58328060" NEXTID="0" UPDATEDATE="2024-09-10" STARTDATE="2024-09-10" ENDDATE="2079-06-06" ISACTUAL="1" ISACTIVE="0" /><HOUSE ID="126754029" OBJECTID="80119098" OBJECTGUID="46905d86-86b8-4927-9bd4-8397fa812d9f" CHANGEID="600844037" HOUSENUM="13" HOUSETYPE="2" OPERTYPEID="30" PREVID="56378915" NEXTID="0" UPDATEDATE="2024-09-10" STARTDATE="2024-09-10" ENDDATE="2079-06-06" ISACTUAL="1" ISACTIVE="0" /><HOUSE ID="56378915" OBJECTID="80119098" OBJECTGUID="46905d86-86b8-4927-9bd4-8397fa812d9f" CHANGEID="119076299" HOUSENUM="13" HOUSETYPE="2" OPERTYPEID="20" PREVID="48456572" NEXTID="126754029" UPDATEDATE="2024-09-10" STARTDATE="2017-12-13" ENDDATE="2024-09-10" ISACTUAL="0" ISACTIVE="0" /><HOUSE ID="126754030" OBJECTID="80118099" OBJECTGUID="fbed06f1-1037-4846-aa60-5a317238585c" CHANGEID="600844038" HOUSENUM="23" HOUSETYPE="2" OPERTYPEID="30" PREVID="69225750" NEXTID="0" UPDATEDATE="2024-09-10" STARTDATE="2024-09-10" ENDDATE="2079-06-06" ISACTUAL="1" ISACTIVE="0" /><HOUSE ID="126754031" OBJECTID="80117441" OBJECTGUID="c166d7e9-18db-47c6-aaea-408d1e7970ad" CHANGEID="600844039" HOUSENUM="14" HOUSETYPE="2" OPERTYPEID="30" PREVID="65082730" NEXTID="0" UPDATEDATE="2024-09-10" STARTDATE="2024-09-10" ENDDATE="2079-06-06" ISACTUAL="1" ISACTIVE="0" /><HOUSE ID="126754032" OBJECTID="80116884" OBJECTGUID="ffebb79f-9b45-4b96-ac10-3c933d7c5ff7" CHANGEID="600844040" HOUSENUM="16" HOUSETYPE="2" OPERTYPEID="30" PREVID="69507967" NEXTID="0" UPDATEDATE="2024-09-10" STARTDATE="2024-09-10" ENDDATE="2079-06-06" ISACTUAL="1" ISACTIVE="0" /><HOUSE ID="126754033" OBJECTID="80116585" OBJECTGUID="e06efcf8-011f-489d-97b2-23cbd996fe07" CHANGEID="600844041" HOUSENUM="12" HOUSETYPE="2" OPERTYPEID="30" PREVID="67277898" NEXTID="0" UPDATEDATE="2024-09-10" STARTDATE="2024-09-10" ENDDATE="2079-06-06" ISACTUAL="1" ISACTIVE="0" /><HOUSE ID="67277898" OBJECTID="80116585" OBJECTGUID="e06efcf8-011f-489d-97b2-23cbd996fe07" CHANGEID="119072697" HOUSENUM="12" HOUSETYPE="2" OPERTYPEID="20" PREVID="48454965" NEXTID="126754033" UPDATEDATE="2024-09-10" STARTDATE="2017-12-13" ENDDATE="2024-09-10" ISACTUAL="0" ISACTIVE="0" /><HOUSE ID="126754034" OBJECTID="80109515" OBJECTGUID="3094eb11-3a6d-4ebd-8dae-1d1c1ca1429d" CHANGEID="600844042" HOUSENUM="22" HOUSETYPE="2" OPERTYPEID="30" PREVID="54822210" NEXTID="0" UPDATEDATE="2024-09-10" STARTDATE="2024-09-10" ENDDATE="2079-06-06" ISACTUAL="1" ISACTIVE="0" /><HOUSE ID="126754035" OBJECTID="80109150" OBJECTGUID="539511d2-ea79-4a1a-bddc-10d9da05f207" CHANGEID="600844043" HOUSENUM="24" HOUSETYPE="2" OPERTYPEID="30" PREVID="57300905" NEXTID="0" UPDATEDATE="2024-09-10" STARTDATE="2024-09-10" ENDDATE="2079-06-06" ISACTUAL="1" ISACTIVE="0" /><HOUSE ID="126754036" OBJECTID="80107712" OBJECTGUID="866e318b-c1af-4905-a465-0c254555eea0" CHANGEID="600844044" HOUSENUM="25" HOUSETYPE="2" OPERTYPEID="30" PREVID="60903397" NEXTID="0" UPDATEDATE="2024-09-10" STARTDATE="2024-09-10" ENDDATE="2079-06-06" ISACTUAL="1" ISACTIVE="0" /><HOUSE ID="126754460" OBJECTID="30622932" OBJECTGUID="ee258c75-c62a-4b71-8d70-bd3c00081c25" CHANGEID="600847089" HOUSENUM="15" HOUSETYPE="2" OPERTYPEID="30" PREVID="68250011" NEXTID="0" UPDATEDATE="2024-09-10" STARTDATE="2024-09-10" ENDDATE="2079-06-06" ISACTUAL="1" ISACTIVE="0" /><HOUSE ID="126754468" OBJECTID="14979693" OBJECTGUID="ec9f2841-f642-421d-812d-9400511da7fa" CHANGEID="600847120" HOUSENUM="92" HOUSETYPE="2" OPERTYPEID="30" PREVID="68140441" NEXTID="0" UPDATEDATE="2024-09-10" STARTDATE="2024-09-10" ENDDATE="2079-06-06" ISACTUAL="1" ISACTIVE="0" /><HOUSE ID="126754469" OBJECTID="14917261" OBJECTGUID="776a1c9c-fc8c-4b30-9263-cd50fe6c933a" CHANGEID="600847121" HOUSENUM="53" HOUSETYPE="2" OPERTYPEID="30" PREVID="59840394" NEXTID="0" UPDATEDATE="2024-09-10" STARTDATE="2024-09-10" ENDDATE="2079-06-06" ISACTUAL="1" ISACTIVE="0" /><HOUSE ID="59840394" OBJECTID="14917261" OBJECTGUID="776a1c9c-fc8c-4b30-9263-cd50fe6c933a" CHANGEID="23805192" HOUSENUM="53" HOUSETYPE="2" OPERTYPEID="20" PREVID="8366908" NEXTID="126754469" UPDATEDATE="2024-09-10" STARTDATE="2017-12-13" ENDDATE="2024-09-10" ISACTUAL="0" ISACTIVE="0" /><HOUSE ID="126754724" OBJECTID="165183113" OBJECTGUID="99f1b355-b519-49a5-b6fa-792a04a35db4" CHANGEID="600848147" HOUSENUM="4Г" HOUSETYPE="2" OPERTYPEID="10" PREVID="0" NEXTID="0" UPDATEDATE="2024-09-10" STARTDATE="2024-09-10" ENDDATE="2079-06-06" ISACTUAL="1" ISACTIVE="1" /><HOUSE ID="126758118" OBJECTID="165203524" OBJECTGUID="9fb7ca06-6f5e-4d19-acd9-2df1878de885" CHANGEID="600901394" HOUSENUM="99" HOUSETYPE="2" OPERTYPEID="10" PREVID="0" NEXTID="0" UPDATEDATE="2024-09-11" STARTDATE="2024-09-11" ENDDATE="2079-06-06" ISACTUAL="1" ISACTIVE="1" /><HOUSE ID="126760077" OBJECTID="49342878" OBJECTGUID="ca0a0804-89a5-4747-8cdf-678ed8d2657b" CHANGEID="600915904" HOUSENUM="1Б" HOUSETYPE="2" OPERTYPEID="20" PREVID="65695107" UPDATEDATE="2024-09-11" STARTDATE="2024-09-11" ENDDATE="2079-06-06" ISACTUAL="1" ISACTIVE="1" /><HOUSE ID="126760237" OBJECTID="165213203" OBJECTGUID="3aac22b8-b5fb-4e69-9cf2-b99b404aca2d" CHANGEID="600917186" HOUSENUM="48а" HOUSETYPE="2" OPERTYPEID="10" PREVID="0" NEXTID="0" UPDATEDATE="2024-09-11" STARTDATE="2024-09-11" ENDDATE="2079-06-06" ISACTUAL="1" ISACTIVE="1" /><HOUSE ID="126761702" OBJECTID="23058895" OBJECTGUID="ef32439d-9ed7-471b-a490-939c303f2239" CHANGEID="600930917" HOUSENUM="7" HOUSETYPE="5" OPERTYPEID="30" PREVID="13606005" NEXTID="0" UPDATEDATE="2024-09-11" STARTDATE="2024-09-11" ENDDATE="2079-06-06" ISACTUAL="1" ISACTIVE="0" /><HOUSE ID="13606005" OBJECTID="23058895" OBJECTGUID="ef32439d-9ed7-471b-a490-939c303f2239" CHANGEID="35875019" HOUSENUM="7" HOUSETYPE="5" OPERTYPEID="10" PREVID="0" NEXTID="126761702" UPDATEDATE="2024-09-11" STARTDATE="2018-01-29" ENDDATE="2024-09-11" ISACTUAL="0" ISACTIVE="0" /></HOUSES>