﻿<?xml version="1.0" encoding="utf-8"?><HOUSES><HOUSE ID="56838967" OBJECTID="41015663" OBJECTGUID="4d108dac-8e7a-41b7-8239-f3ef01598064" CHANGEID="62041999" HOUSENUM="9" HOUSETYPE="3" OPERTYPEID="20" PREVID="24503819" NEXTID="126758122" UPDATEDATE="2024-09-11" STARTDATE="2014-01-10" ENDDATE="2024-09-11" ISACTUAL="0" ISACTIVE="0" /><HOUSE ID="59811735" OBJECTID="22005657" OBJECTGUID="77017024-82ce-4025-8245-5d634651ef04" CHANGEID="34334603" HOUSENUM="4" HOUSETYPE="2" OPERTYPEID="20" PREVID="12958393" NEXTID="126758125" UPDATEDATE="2024-09-11" STARTDATE="2015-11-16" ENDDATE="2024-09-11" ISACTUAL="0" ISACTIVE="0" /><HOUSE ID="60948755" OBJECTID="22004130" OBJECTGUID="870daeaf-7f79-4461-afce-18f55b1034e9" CHANGEID="34332168" HOUSENUM="6" HOUSETYPE="2" OPERTYPEID="20" PREVID="12957407" NEXTID="126758131" UPDATEDATE="2024-09-11" STARTDATE="2015-11-16" ENDDATE="2024-09-11" ISACTUAL="0" ISACTIVE="0" /><HOUSE ID="3622533" OBJECTID="7427571" OBJECTGUID="a55eadf6-9464-42c9-9828-83f330304306" CHANGEID="12734485" HOUSENUM="11" HOUSETYPE="2" OPERTYPEID="10" PREVID="0" NEXTID="126758133" UPDATEDATE="2024-09-11" STARTDATE="1900-01-01" ENDDATE="2024-09-11" ISACTUAL="0" ISACTIVE="0" /><HOUSE ID="9377105" OBJECTID="16477575" OBJECTGUID="b1862400-363b-48df-a130-f0112c722197" CHANGEID="26128034" HOUSENUM="1" HOUSETYPE="2" OPERTYPEID="20" PREVID="9377102" NEXTID="126758129" UPDATEDATE="2024-09-11" STARTDATE="2018-08-23" ENDDATE="2024-09-11" ISACTUAL="0" ISACTIVE="0" /><HOUSE ID="9885347" OBJECTID="17266318" OBJECTGUID="f0f6c1a2-70a0-466f-9723-dec1e65931b0" CHANGEID="27290953" HOUSENUM="1" HOUSETYPE="2" OPERTYPEID="10" PREVID="0" NEXTID="126758145" UPDATEDATE="2024-09-11" STARTDATE="1900-01-01" ENDDATE="2024-09-11" ISACTUAL="0" ISACTIVE="0" /><HOUSE ID="13654559" OBJECTID="23137039" OBJECTGUID="31f3c156-3e77-4855-9891-b85531b9e72a" CHANGEID="35991318" HOUSENUM="4" HOUSETYPE="2" OPERTYPEID="10" PREVID="0" NEXTID="126758120" UPDATEDATE="2024-09-11" STARTDATE="1900-01-01" ENDDATE="2024-09-11" ISACTUAL="0" ISACTIVE="0" /><HOUSE ID="42976362" OBJECTID="71252074" OBJECTGUID="1ee17a20-44c1-4ec0-9298-a8c1ef5d85da" CHANGEID="106130163" HOUSENUM="42" HOUSETYPE="2" OPERTYPEID="10" PREVID="0" NEXTID="126758132" UPDATEDATE="2024-09-11" STARTDATE="1900-01-01" ENDDATE="2024-09-11" ISACTUAL="0" ISACTIVE="0" /><HOUSE ID="52711527" OBJECTID="20406623" OBJECTGUID="12cba25e-dd3d-4fde-8c73-af40200631d1" CHANGEID="31947109" HOUSENUM="20" HOUSETYPE="3" OPERTYPEID="20" PREVID="11912851" NEXTID="126754103" UPDATEDATE="2024-09-10" STARTDATE="2014-01-10" ENDDATE="2024-09-10" ISACTUAL="0" ISACTIVE="0" /><HOUSE ID="53288651" OBJECTID="44907146" OBJECTGUID="1aefeb44-1adf-4fcc-b8c8-f6788a327606" CHANGEID="67680716" HOUSENUM="52" HOUSETYPE="2" OPERTYPEID="20" PREVID="26828106" NEXTID="126750170" UPDATEDATE="2024-09-10" STARTDATE="2018-11-20" ENDDATE="2024-09-10" ISACTUAL="0" ISACTIVE="0" /><HOUSE ID="53453931" OBJECTID="24761134" OBJECTGUID="1d432659-21b2-4166-9db9-2a39165a249e" CHANGEID="38367341" HOUSENUM="18" HOUSETYPE="3" OPERTYPEID="20" PREVID="14650814" NEXTID="126754101" UPDATEDATE="2024-09-10" STARTDATE="2014-01-10" ENDDATE="2024-09-10" ISACTUAL="0" ISACTIVE="0" /><HOUSE ID="126726505" OBJECTID="165066971" OBJECTGUID="97919776-39a4-4e5f-af74-abada891821b" CHANGEID="600522372" HOUSENUM="11б" HOUSETYPE="2" OPERTYPEID="10" PREVID="0" NEXTID="0" UPDATEDATE="2024-09-05" STARTDATE="2024-09-05" ENDDATE="2079-06-06" ISACTUAL="1" ISACTIVE="1" /><HOUSE ID="126728798" OBJECTID="165077744" OBJECTGUID="bb6e6393-f9ab-42a4-9441-8ab062437bd5" CHANGEID="600539065" HOUSENUM="10А" HOUSETYPE="2" OPERTYPEID="10" PREVID="0" NEXTID="0" UPDATEDATE="2024-09-05" STARTDATE="2024-09-05" ENDDATE="2079-06-06" ISACTUAL="1" ISACTIVE="1" /><HOUSE ID="126729647" OBJECTID="165081140" OBJECTGUID="ade4b43d-af0c-4279-bcf8-bffc9d814eff" CHANGEID="600544622" HOUSENUM="66А" HOUSETYPE="2" OPERTYPEID="10" PREVID="0" NEXTID="0" UPDATEDATE="2024-09-05" STARTDATE="2024-09-05" ENDDATE="2079-06-06" ISACTUAL="1" ISACTIVE="1" /><HOUSE ID="126729652" OBJECTID="165081150" OBJECTGUID="1c3aaf22-6bb3-4261-8470-b4761e6addcb" CHANGEID="600544925" HOUSENUM="10А" HOUSETYPE="5" OPERTYPEID="10" PREVID="0" NEXTID="0" UPDATEDATE="2024-09-05" STARTDATE="2024-09-05" ENDDATE="2079-06-06" ISACTUAL="1" ISACTIVE="1" /><HOUSE ID="126729884" OBJECTID="165082073" OBJECTGUID="0fbe0a66-8792-48c3-ac8e-2dba017f5139" CHANGEID="600546163" HOUSENUM="7" HOUSETYPE="7" OPERTYPEID="10" PREVID="0" NEXTID="0" UPDATEDATE="2024-09-05" STARTDATE="2024-09-05" ENDDATE="2079-06-06" ISACTUAL="1" ISACTIVE="1" /><HOUSE ID="126729980" OBJECTID="165082523" OBJECTGUID="47642c55-73e8-40fe-a670-7f1bdb1d601a" CHANGEID="600546885" HOUSENUM="12/2А" HOUSETYPE="5" OPERTYPEID="10" PREVID="0" NEXTID="0" UPDATEDATE="2024-09-05" STARTDATE="2024-09-05" ENDDATE="2079-06-06" ISACTUAL="1" ISACTIVE="1" /><HOUSE ID="126730199" OBJECTID="165083426" OBJECTGUID="9f9449a0-d23d-4283-ae30-e87971cec8f5" CHANGEID="600548588" HOUSENUM="6А" HOUSETYPE="2" OPERTYPEID="10" PREVID="0" NEXTID="0" UPDATEDATE="2024-09-05" STARTDATE="2024-09-05" ENDDATE="2079-06-06" ISACTUAL="1" ISACTIVE="1" /><HOUSE ID="126730404" OBJECTID="165084780" OBJECTGUID="5f0feaab-6fe5-4fa2-871c-92f550b425b6" CHANGEID="600550645" HOUSENUM="12Б" HOUSETYPE="5" OPERTYPEID="10" PREVID="0" NEXTID="0" UPDATEDATE="2024-09-05" STARTDATE="2024-09-05" ENDDATE="2079-06-06" ISACTUAL="1" ISACTIVE="1" /><HOUSE ID="126730878" OBJECTID="165087099" OBJECTGUID="f1422165-241b-4015-bf70-ab7086baac26" CHANGEID="600554280" HOUSENUM="1" ADDNUM1="2" HOUSETYPE="5" ADDTYPE1="2" OPERTYPEID="10" PREVID="0" NEXTID="0" UPDATEDATE="2024-09-05" STARTDATE="2024-09-05" ENDDATE="2079-06-06" ISACTUAL="1" ISACTIVE="1" /><HOUSE ID="126730881" OBJECTID="165087118" OBJECTGUID="2cb1b392-3f60-44d2-b869-858c73024d09" CHANGEID="600554327" HOUSENUM="1" ADDNUM1="1" HOUSETYPE="5" ADDTYPE1="2" OPERTYPEID="10" PREVID="0" NEXTID="0" UPDATEDATE="2024-09-05" STARTDATE="2024-09-05" ENDDATE="2079-06-06" ISACTUAL="1" ISACTIVE="1" /><HOUSE ID="126734008" OBJECTID="165100295" OBJECTGUID="f95a140e-c313-42c6-a365-a164d7afa9af" CHANGEID="600579396" HOUSENUM="43" HOUSETYPE="5" OPERTYPEID="10" PREVID="0" NEXTID="0" UPDATEDATE="2024-09-06" STARTDATE="2024-09-06" ENDDATE="2079-06-06" ISACTUAL="1" ISACTIVE="1" /><HOUSE ID="126734001" OBJECTID="165100245" OBJECTGUID="508836fe-a888-41a5-a365-85beb58ae327" CHANGEID="600579330" HOUSENUM="80" HOUSETYPE="5" OPERTYPEID="10" PREVID="0" NEXTID="0" UPDATEDATE="2024-09-06" STARTDATE="2024-09-06" ENDDATE="2079-06-06" ISACTUAL="1" ISACTIVE="1" /><HOUSE ID="126734443" OBJECTID="165101482" OBJECTGUID="f64feb78-30fe-4f5c-9d7a-332b505446b9" CHANGEID="600581510" HOUSENUM="1а" HOUSETYPE="5" OPERTYPEID="10" PREVID="0" NEXTID="0" UPDATEDATE="2024-09-06" STARTDATE="2024-09-06" ENDDATE="2079-06-06" ISACTUAL="1" ISACTIVE="1" /><HOUSE ID="126734456" OBJECTID="165101546" OBJECTGUID="e360bb74-03cc-4cef-8c88-bb6165573891" CHANGEID="600581592" HOUSENUM="21" HOUSETYPE="5" OPERTYPEID="10" PREVID="0" NEXTID="0" UPDATEDATE="2024-09-06" STARTDATE="2024-09-06" ENDDATE="2079-06-06" ISACTUAL="1" ISACTIVE="1" /><HOUSE ID="126734602" OBJECTID="165102255" OBJECTGUID="d244bb21-573a-4911-bc91-564032901a09" CHANGEID="600582820" HOUSENUM="10" HOUSETYPE="5" OPERTYPEID="10" PREVID="0" NEXTID="0" UPDATEDATE="2024-09-06" STARTDATE="2024-09-06" ENDDATE="2079-06-06" ISACTUAL="1" ISACTIVE="1" /><HOUSE ID="126734609" OBJECTID="165102314" OBJECTGUID="9119f354-ef86-49f3-be1c-27c007c9a14b" CHANGEID="600583056" HOUSENUM="7" HOUSETYPE="5" OPERTYPEID="10" PREVID="0" NEXTID="0" UPDATEDATE="2024-09-06" STARTDATE="2024-09-06" ENDDATE="2079-06-06" ISACTUAL="1" ISACTIVE="1" /><HOUSE ID="126737309" OBJECTID="62521378" OBJECTGUID="c7752f09-5588-42cd-88dc-dfcf8796a003" CHANGEID="600602297" HOUSENUM="13" HOUSETYPE="2" OPERTYPEID="30" PREVID="65512815" NEXTID="0" UPDATEDATE="2024-09-06" STARTDATE="2024-09-06" ENDDATE="2079-06-06" ISACTUAL="1" ISACTIVE="0" /><HOUSE ID="65512815" OBJECTID="62521378" OBJECTGUID="c7752f09-5588-42cd-88dc-dfcf8796a003" CHANGEID="93337781" HOUSENUM="13" HOUSETYPE="2" OPERTYPEID="20" PREVID="37577424" NEXTID="126737309" UPDATEDATE="2024-09-06" STARTDATE="2015-09-24" ENDDATE="2024-09-06" ISACTUAL="0" ISACTIVE="0" /><HOUSE ID="126738537" OBJECTID="165115621" OBJECTGUID="9eab1ea7-20d9-44b3-94fa-57698b287927" CHANGEID="600705668" HOUSENUM="9а" HOUSETYPE="2" OPERTYPEID="10" PREVID="0" NEXTID="0" UPDATEDATE="2024-09-06" STARTDATE="2024-09-06" ENDDATE="2079-06-06" ISACTUAL="1" ISACTIVE="1" /><HOUSE ID="126738669" OBJECTID="165115914" OBJECTGUID="a0656449-0033-4c5d-a520-5ebb352ca03f" CHANGEID="600706301" HOUSENUM="98" HOUSETYPE="2" OPERTYPEID="10" PREVID="0" NEXTID="0" UPDATEDATE="2024-09-06" STARTDATE="2024-09-06" ENDDATE="2079-06-06" ISACTUAL="1" ISACTIVE="1" /><HOUSE ID="56977517" OBJECTID="38459239" OBJECTGUID="4f0223a0-587e-4da3-9397-640497091789" CHANGEID="58312330" HOUSENUM="27" HOUSETYPE="3" OPERTYPEID="20" PREVID="22977684" NEXTID="126741972" UPDATEDATE="2024-09-09" STARTDATE="2014-01-10" ENDDATE="2024-09-09" ISACTUAL="0" ISACTIVE="0" /><HOUSE ID="126741972" OBJECTID="38459239" OBJECTGUID="4f0223a0-587e-4da3-9397-640497091789" CHANGEID="600761788" HOUSENUM="27" HOUSETYPE="2" OPERTYPEID="20" PREVID="56977517" UPDATEDATE="2024-09-09" STARTDATE="2024-09-09" ENDDATE="2079-06-06" ISACTUAL="1" ISACTIVE="1" /><HOUSE ID="65253951" OBJECTID="6700323" OBJECTGUID="c3d3bb50-9add-4803-9a19-eb046252fe27" CHANGEID="11687923" HOUSENUM="50" HOUSETYPE="3" OPERTYPEID="20" PREVID="3189559" NEXTID="126741973" UPDATEDATE="2024-09-09" STARTDATE="2014-01-10" ENDDATE="2024-09-09" ISACTUAL="0" ISACTIVE="0" /><HOUSE ID="126741973" OBJECTID="6700323" OBJECTGUID="c3d3bb50-9add-4803-9a19-eb046252fe27" CHANGEID="600761789" HOUSENUM="50" HOUSETYPE="2" OPERTYPEID="20" PREVID="65253951" UPDATEDATE="2024-09-09" STARTDATE="2024-09-09" ENDDATE="2079-06-06" ISACTUAL="1" ISACTIVE="1" /><HOUSE ID="126744712" OBJECTID="165140289" OBJECTGUID="0c1f1137-4ef8-4aa6-a237-090446752439" CHANGEID="600774774" HOUSENUM="5" HOUSETYPE="2" OPERTYPEID="10" PREVID="0" NEXTID="0" UPDATEDATE="2024-09-09" STARTDATE="2024-09-09" ENDDATE="2079-06-06" ISACTUAL="1" ISACTIVE="1" /><HOUSE ID="126744713" OBJECTID="165140293" OBJECTGUID="02859ee6-32de-437b-a702-676bdafcb4e8" CHANGEID="600774778" HOUSENUM="12Б" HOUSETYPE="7" OPERTYPEID="10" PREVID="0" NEXTID="0" UPDATEDATE="2024-09-09" STARTDATE="2024-09-09" ENDDATE="2079-06-06" ISACTUAL="1" ISACTIVE="1" /><HOUSE ID="126745459" OBJECTID="165142588" OBJECTGUID="75d6782c-1593-4912-b334-63a7c643b855" CHANGEID="600779108" HOUSENUM="525" HOUSETYPE="2" OPERTYPEID="10" PREVID="0" NEXTID="0" UPDATEDATE="2024-09-09" STARTDATE="2024-09-09" ENDDATE="2079-06-06" ISACTUAL="1" ISACTIVE="1" /><HOUSE ID="126745915" OBJECTID="165144225" OBJECTGUID="0d484584-76d1-4e91-a7a9-5d5ce0133bcd" CHANGEID="600781661" HOUSENUM="1а" HOUSETYPE="2" OPERTYPEID="10" PREVID="0" NEXTID="0" UPDATEDATE="2024-09-09" STARTDATE="2024-09-09" ENDDATE="2079-06-06" ISACTUAL="1" ISACTIVE="1" /><HOUSE ID="126746530" OBJECTID="165146647" OBJECTGUID="8c29c72d-5fbf-46f1-9d91-34777229397e" CHANGEID="600785431" HOUSENUM="2" HOUSETYPE="2" OPERTYPEID="10" PREVID="0" NEXTID="0" UPDATEDATE="2024-09-09" STARTDATE="2024-09-09" ENDDATE="2079-06-06" ISACTUAL="1" ISACTIVE="1" /><HOUSE ID="126747089" OBJECTID="165149577" OBJECTGUID="9ef2a5e7-f95a-4d81-9b81-1e137e4e46fb" CHANGEID="600789775" HOUSENUM="91А" HOUSETYPE="5" OPERTYPEID="10" PREVID="0" NEXTID="0" UPDATEDATE="2024-09-09" STARTDATE="2024-09-09" ENDDATE="2079-06-06" ISACTUAL="1" ISACTIVE="1" /><HOUSE ID="126747182" OBJECTID="165149853" OBJECTGUID="716f5d66-794e-44c8-9a5a-fd723a5acb3f" CHANGEID="600790223" HOUSENUM="67А" HOUSETYPE="2" OPERTYPEID="10" PREVID="0" NEXTID="0" UPDATEDATE="2024-09-09" STARTDATE="2024-09-09" ENDDATE="2079-06-06" ISACTUAL="1" ISACTIVE="1" /><HOUSE ID="126747464" OBJECTID="165150733" OBJECTGUID="e0354d9f-63d3-4e98-86f4-a7061c4402ff" CHANGEID="600795770" HOUSENUM="14А" HOUSETYPE="2" OPERTYPEID="10" PREVID="0" NEXTID="0" UPDATEDATE="2024-09-09" STARTDATE="2024-09-09" ENDDATE="2079-06-06" ISACTUAL="1" ISACTIVE="1" /><HOUSE ID="126750170" OBJECTID="44907146" OBJECTGUID="1aefeb44-1adf-4fcc-b8c8-f6788a327606" CHANGEID="600817580" HOUSENUM="52" HOUSETYPE="2" OPERTYPEID="30" PREVID="53288651" NEXTID="0" UPDATEDATE="2024-09-10" STARTDATE="2024-09-10" ENDDATE="2079-06-06" ISACTUAL="1" ISACTIVE="0" /><HOUSE ID="126750377" OBJECTID="165165232" OBJECTGUID="814c0daa-b391-4eb1-a7e5-6f4f46309956" CHANGEID="600819581" HOUSENUM="13" HOUSETYPE="2" OPERTYPEID="10" PREVID="0" NEXTID="0" UPDATEDATE="2024-09-10" STARTDATE="2024-09-10" ENDDATE="2079-06-06" ISACTUAL="1" ISACTIVE="1" /><HOUSE ID="126752556" OBJECTID="165174110" OBJECTGUID="7b5ff831-1cd6-4e90-beb4-190b38a734e2" CHANGEID="600833389" HOUSENUM="20" HOUSETYPE="2" OPERTYPEID="10" PREVID="0" NEXTID="0" UPDATEDATE="2024-09-10" STARTDATE="2024-09-10" ENDDATE="2079-06-06" ISACTUAL="1" ISACTIVE="1" /><HOUSE ID="126752585" OBJECTID="165174176" OBJECTGUID="6cafc65c-7f6c-4264-a567-35bf11a0ff4e" CHANGEID="600833471" HOUSENUM="14" HOUSETYPE="2" OPERTYPEID="10" PREVID="0" NEXTID="0" UPDATEDATE="2024-09-10" STARTDATE="2024-09-10" ENDDATE="2079-06-06" ISACTUAL="1" ISACTIVE="1" /><HOUSE ID="126752979" OBJECTID="165176131" OBJECTGUID="9d976efb-dbd0-4ea8-98f9-b2091b14f97d" CHANGEID="600836196" HOUSENUM="26а" HOUSETYPE="2" OPERTYPEID="10" PREVID="0" NEXTID="0" UPDATEDATE="2024-09-10" STARTDATE="2024-09-10" ENDDATE="2079-06-06" ISACTUAL="1" ISACTIVE="1" /><HOUSE ID="126753001" OBJECTID="165176176" OBJECTGUID="3df79ac4-5bf0-4a11-b915-6387371c6af7" CHANGEID="600836266" HOUSENUM="52" HOUSETYPE="2" OPERTYPEID="10" PREVID="0" NEXTID="0" UPDATEDATE="2024-09-10" STARTDATE="2024-09-10" ENDDATE="2079-06-06" ISACTUAL="1" ISACTIVE="1" /><HOUSE ID="126753268" OBJECTID="165178029" OBJECTGUID="de51e73a-d7c0-49b9-8802-e9fabd666dbf" CHANGEID="600838863" HOUSENUM="37А" HOUSETYPE="5" OPERTYPEID="10" PREVID="0" NEXTID="0" UPDATEDATE="2024-09-10" STARTDATE="2024-09-10" ENDDATE="2079-06-06" ISACTUAL="1" ISACTIVE="1" /><HOUSE ID="126753270" OBJECTID="165178030" OBJECTGUID="1c033b93-a491-48ef-b41b-ef2f9a2c88d2" CHANGEID="600838867" HOUSENUM="70г" HOUSETYPE="5" OPERTYPEID="10" PREVID="0" NEXTID="0" UPDATEDATE="2024-09-10" STARTDATE="2024-09-10" ENDDATE="2079-06-06" ISACTUAL="1" ISACTIVE="1" /><HOUSE ID="126753271" OBJECTID="165178031" OBJECTGUID="7539836b-f7f1-42cd-a065-49b5af142a83" CHANGEID="600838871" HOUSENUM="31а" HOUSETYPE="5" OPERTYPEID="10" PREVID="0" NEXTID="0" UPDATEDATE="2024-09-10" STARTDATE="2024-09-10" ENDDATE="2079-06-06" ISACTUAL="1" ISACTIVE="1" /><HOUSE ID="126753272" OBJECTID="165178034" OBJECTGUID="2d0e90ed-7d61-4105-8b6a-17a17db60684" CHANGEID="600838877" HOUSENUM="31д" HOUSETYPE="5" OPERTYPEID="10" PREVID="0" NEXTID="0" UPDATEDATE="2024-09-10" STARTDATE="2024-09-10" ENDDATE="2079-06-06" ISACTUAL="1" ISACTIVE="1" /><HOUSE ID="126753359" OBJECTID="165178479" OBJECTGUID="90e8b55e-9b71-4780-ab9f-e3676eb8c43a" CHANGEID="600839583" HOUSENUM="3а" HOUSETYPE="2" OPERTYPEID="10" PREVID="0" NEXTID="0" UPDATEDATE="2024-09-10" STARTDATE="2024-09-10" ENDDATE="2079-06-06" ISACTUAL="1" ISACTIVE="1" /><HOUSE ID="126753352" OBJECTID="165178436" OBJECTGUID="f7f8de6a-02f3-493e-82ad-c0e10baecbf6" CHANGEID="600839523" HOUSENUM="13А" HOUSETYPE="7" OPERTYPEID="10" PREVID="0" NEXTID="0" UPDATEDATE="2024-09-10" STARTDATE="2024-09-10" ENDDATE="2079-06-06" ISACTUAL="1" ISACTIVE="1" /><HOUSE ID="126753647" OBJECTID="165179379" OBJECTGUID="7e357c87-43c5-4c9d-8964-acee3cd25fc2" CHANGEID="600841312" HOUSENUM="10" HOUSETYPE="2" OPERTYPEID="10" PREVID="0" NEXTID="0" UPDATEDATE="2024-09-10" STARTDATE="2024-09-10" ENDDATE="2079-06-06" ISACTUAL="1" ISACTIVE="1" /><HOUSE ID="126753699" OBJECTID="165179514" OBJECTGUID="8b68d3b2-6b7d-4152-9216-7343f9f8579f" CHANGEID="600841645" HOUSENUM="4а" HOUSETYPE="2" OPERTYPEID="10" PREVID="0" NEXTID="0" UPDATEDATE="2024-09-10" STARTDATE="2024-09-10" ENDDATE="2079-06-06" ISACTUAL="1" ISACTIVE="1" /><HOUSE ID="126753872" OBJECTID="165180124" OBJECTGUID="7de03f0d-70a3-4c8b-9841-61d0182fcac7" CHANGEID="600842772" HOUSENUM="2" HOUSETYPE="2" OPERTYPEID="10" PREVID="0" NEXTID="0" UPDATEDATE="2024-09-10" STARTDATE="2024-09-10" ENDDATE="2079-06-06" ISACTUAL="1" ISACTIVE="1" /><HOUSE ID="126753883" OBJECTID="165180333" OBJECTGUID="14025fba-dfc1-45d6-bf4e-a27c3d99313b" CHANGEID="600843014" HOUSENUM="25" HOUSETYPE="2" OPERTYPEID="10" PREVID="0" NEXTID="0" UPDATEDATE="2024-09-10" STARTDATE="2024-09-10" ENDDATE="2079-06-06" ISACTUAL="1" ISACTIVE="1" /><HOUSE ID="126753894" OBJECTID="165180343" OBJECTGUID="820287b5-638c-4442-8609-05f229d2c27f" CHANGEID="600843038" HOUSENUM="10А" HOUSETYPE="2" OPERTYPEID="10" PREVID="0" NEXTID="0" UPDATEDATE="2024-09-10" STARTDATE="2024-09-10" ENDDATE="2079-06-06" ISACTUAL="1" ISACTIVE="1" /><HOUSE ID="126753944" OBJECTID="165180465" OBJECTGUID="15d24b04-1cdc-4142-9432-09280504768f" CHANGEID="600843244" HOUSENUM="35" HOUSETYPE="2" OPERTYPEID="10" PREVID="0" NEXTID="0" UPDATEDATE="2024-09-10" STARTDATE="2024-09-10" ENDDATE="2079-06-06" ISACTUAL="1" ISACTIVE="1" /><HOUSE ID="126754099" OBJECTID="14994460" OBJECTGUID="b3534099-eab6-4bc8-a7f4-53bd604b779a" CHANGEID="600844263" HOUSENUM="81" HOUSETYPE="2" OPERTYPEID="30" PREVID="124768505" NEXTID="0" UPDATEDATE="2024-09-10" STARTDATE="2024-09-10" ENDDATE="2079-06-06" ISACTUAL="1" ISACTIVE="0" /><HOUSE ID="124768505" OBJECTID="14994460" OBJECTGUID="b3534099-eab6-4bc8-a7f4-53bd604b779a" CHANGEID="509191798" HOUSENUM="81" HOUSETYPE="2" OPERTYPEID="20" PREVID="64085139" NEXTID="126754099" UPDATEDATE="2024-09-10" STARTDATE="2023-09-06" ENDDATE="2024-09-10" ISACTUAL="0" ISACTIVE="0" /><HOUSE ID="126754101" OBJECTID="24761134" OBJECTGUID="1d432659-21b2-4166-9db9-2a39165a249e" CHANGEID="600844267" HOUSENUM="18" HOUSETYPE="3" OPERTYPEID="30" PREVID="53453931" NEXTID="0" UPDATEDATE="2024-09-10" STARTDATE="2024-09-10" ENDDATE="2079-06-06" ISACTUAL="1" ISACTIVE="0" /><HOUSE ID="126754103" OBJECTID="20406623" OBJECTGUID="12cba25e-dd3d-4fde-8c73-af40200631d1" CHANGEID="600844270" HOUSENUM="20" HOUSETYPE="3" OPERTYPEID="30" PREVID="52711527" NEXTID="0" UPDATEDATE="2024-09-10" STARTDATE="2024-09-10" ENDDATE="2079-06-06" ISACTUAL="1" ISACTIVE="0" /><HOUSE ID="126754169" OBJECTID="165181111" OBJECTGUID="b033c8f0-a61a-4f60-b5bb-a211f953b9c3" CHANGEID="600844633" HOUSENUM="43" HOUSETYPE="5" OPERTYPEID="10" PREVID="0" NEXTID="0" UPDATEDATE="2024-09-10" STARTDATE="2024-09-10" ENDDATE="2079-06-06" ISACTUAL="1" ISACTIVE="1" /><HOUSE ID="126754102" OBJECTID="44350653" OBJECTGUID="bf2aadfb-f5c5-4f5f-bdd9-43b76bd9bea1" CHANGEID="600844268" HOUSENUM="13" HOUSETYPE="3" OPERTYPEID="30" PREVID="26483088" NEXTID="0" UPDATEDATE="2024-09-10" STARTDATE="2024-09-10" ENDDATE="2079-06-06" ISACTUAL="1" ISACTIVE="0" /><HOUSE ID="26483088" OBJECTID="44350653" OBJECTGUID="bf2aadfb-f5c5-4f5f-bdd9-43b76bd9bea1" CHANGEID="66864475" HOUSENUM="13" HOUSETYPE="3" OPERTYPEID="20" PREVID="26483087" NEXTID="126754102" UPDATEDATE="2024-09-10" STARTDATE="2015-09-16" ENDDATE="2024-09-10" ISACTUAL="0" ISACTIVE="0" /><HOUSE ID="126754671" OBJECTID="31996087" OBJECTGUID="4121e1a9-5b9b-4c88-a0c2-d273c56d5797" CHANGEID="600847911" HOUSENUM="40" HOUSETYPE="7" OPERTYPEID="30" PREVID="19001654" NEXTID="0" UPDATEDATE="2024-09-10" STARTDATE="2024-09-10" ENDDATE="2079-06-06" ISACTUAL="1" ISACTIVE="0" /><HOUSE ID="19001654" OBJECTID="31996087" OBJECTGUID="4121e1a9-5b9b-4c88-a0c2-d273c56d5797" CHANGEID="48879219" HOUSENUM="40" HOUSETYPE="7" OPERTYPEID="10" PREVID="0" NEXTID="126754671" UPDATEDATE="2024-09-10" STARTDATE="2018-09-26" ENDDATE="2024-09-10" ISACTUAL="0" ISACTIVE="0" /><HOUSE ID="126758120" OBJECTID="23137039" OBJECTGUID="31f3c156-3e77-4855-9891-b85531b9e72a" CHANGEID="600901413" HOUSENUM="4" HOUSETYPE="2" OPERTYPEID="30" PREVID="13654559" NEXTID="0" UPDATEDATE="2024-09-11" STARTDATE="2024-09-11" ENDDATE="2079-06-06" ISACTUAL="1" ISACTIVE="0" /><HOUSE ID="126758122" OBJECTID="41015663" OBJECTGUID="4d108dac-8e7a-41b7-8239-f3ef01598064" CHANGEID="600901415" HOUSENUM="9" HOUSETYPE="3" OPERTYPEID="30" PREVID="56838967" NEXTID="0" UPDATEDATE="2024-09-11" STARTDATE="2024-09-11" ENDDATE="2079-06-06" ISACTUAL="1" ISACTIVE="0" /><HOUSE ID="126758124" OBJECTID="47466976" OBJECTGUID="a3b36bc9-669a-4a0c-9378-21faf5d42f45" CHANGEID="600901417" HOUSENUM="42" HOUSETYPE="3" OPERTYPEID="30" PREVID="28380450" NEXTID="0" UPDATEDATE="2024-09-11" STARTDATE="2024-09-11" ENDDATE="2079-06-06" ISACTUAL="1" ISACTIVE="0" /><HOUSE ID="28380450" OBJECTID="47466976" OBJECTGUID="a3b36bc9-669a-4a0c-9378-21faf5d42f45" CHANGEID="71391583" HOUSENUM="42" HOUSETYPE="3" OPERTYPEID="10" PREVID="0" NEXTID="126758124" UPDATEDATE="2024-09-11" STARTDATE="1970-01-01" ENDDATE="2024-09-11" ISACTUAL="0" ISACTIVE="0" /><HOUSE ID="126758126" OBJECTID="21456963" OBJECTGUID="0c50a8b3-b90b-47f2-ac30-7808d7246357" CHANGEID="600901419" HOUSENUM="19" HOUSETYPE="2" OPERTYPEID="30" PREVID="70250852" NEXTID="0" UPDATEDATE="2024-09-11" STARTDATE="2024-09-11" ENDDATE="2079-06-06" ISACTUAL="1" ISACTIVE="0" /><HOUSE ID="70250852" OBJECTID="21456963" OBJECTGUID="0c50a8b3-b90b-47f2-ac30-7808d7246357" CHANGEID="166349872" HOUSENUM="19" HOUSETYPE="2" OPERTYPEID="20" PREVID="52254371" NEXTID="126758126" UPDATEDATE="2024-09-11" STARTDATE="2020-12-22" ENDDATE="2024-09-11" ISACTUAL="0" ISACTIVE="0" /><HOUSE ID="126758128" OBJECTID="7417712" OBJECTGUID="3e70c0b5-98b9-47cc-9f63-26e44fb4d548" CHANGEID="600901421" HOUSENUM="27" HOUSETYPE="2" OPERTYPEID="30" PREVID="3615949" NEXTID="0" UPDATEDATE="2024-09-11" STARTDATE="2024-09-11" ENDDATE="2079-06-06" ISACTUAL="1" ISACTIVE="0" /><HOUSE ID="3615949" OBJECTID="7417712" OBJECTGUID="3e70c0b5-98b9-47cc-9f63-26e44fb4d548" CHANGEID="12719942" HOUSENUM="27" HOUSETYPE="2" OPERTYPEID="10" PREVID="0" NEXTID="126758128" UPDATEDATE="2024-09-11" STARTDATE="1900-01-01" ENDDATE="2024-09-11" ISACTUAL="0" ISACTIVE="0" /><HOUSE ID="126758130" OBJECTID="61404246" OBJECTGUID="b0088cef-f787-4e01-88c2-688cead5a295" CHANGEID="600901423" HOUSENUM="62" HOUSETYPE="2" OPERTYPEID="30" PREVID="36855935" NEXTID="0" UPDATEDATE="2024-09-11" STARTDATE="2024-09-11" ENDDATE="2079-06-06" ISACTUAL="1" ISACTIVE="0" /><HOUSE ID="36855935" OBJECTID="61404246" OBJECTGUID="b0088cef-f787-4e01-88c2-688cead5a295" CHANGEID="91689821" HOUSENUM="62" HOUSETYPE="2" OPERTYPEID="10" PREVID="0" NEXTID="126758130" UPDATEDATE="2024-09-11" STARTDATE="2017-04-25" ENDDATE="2024-09-11" ISACTUAL="0" ISACTIVE="0" /><HOUSE ID="126758132" OBJECTID="71252074" OBJECTGUID="1ee17a20-44c1-4ec0-9298-a8c1ef5d85da" CHANGEID="600901425" HOUSENUM="42" HOUSETYPE="2" OPERTYPEID="30" PREVID="42976362" NEXTID="0" UPDATEDATE="2024-09-11" STARTDATE="2024-09-11" ENDDATE="2079-06-06" ISACTUAL="1" ISACTIVE="0" /><HOUSE ID="126758134" OBJECTID="49123149" OBJECTGUID="5c140410-039d-4427-873b-d71d75adfa65" CHANGEID="600901427" HOUSENUM="48" HOUSETYPE="2" OPERTYPEID="30" PREVID="29369655" NEXTID="0" UPDATEDATE="2024-09-11" STARTDATE="2024-09-11" ENDDATE="2079-06-06" ISACTUAL="1" ISACTIVE="0" /><HOUSE ID="29369655" OBJECTID="49123149" OBJECTGUID="5c140410-039d-4427-873b-d71d75adfa65" CHANGEID="73791270" HOUSENUM="48" HOUSETYPE="2" OPERTYPEID="10" PREVID="0" NEXTID="126758134" UPDATEDATE="2024-09-11" STARTDATE="1900-01-01" ENDDATE="2024-09-11" ISACTUAL="0" ISACTIVE="0" /><HOUSE ID="126758135" OBJECTID="66099504" OBJECTGUID="30c7d34d-e776-4038-b5f4-1962a1dd7ed5" CHANGEID="600901471" HOUSENUM="55" HOUSETYPE="2" OPERTYPEID="30" PREVID="39800329" NEXTID="0" UPDATEDATE="2024-09-11" STARTDATE="2024-09-11" ENDDATE="2079-06-06" ISACTUAL="1" ISACTIVE="0" /><HOUSE ID="39800329" OBJECTID="66099504" OBJECTGUID="30c7d34d-e776-4038-b5f4-1962a1dd7ed5" CHANGEID="98584469" HOUSENUM="55" HOUSETYPE="2" OPERTYPEID="20" PREVID="39800143" NEXTID="126758135" UPDATEDATE="2024-09-11" STARTDATE="2018-03-22" ENDDATE="2024-09-11" ISACTUAL="0" ISACTIVE="0" /><HOUSE ID="126758143" OBJECTID="16083154" OBJECTGUID="b76c8531-f32b-4125-b1fd-25a4f478658f" CHANGEID="600901480" HOUSENUM="23" HOUSETYPE="2" OPERTYPEID="30" PREVID="124766252" NEXTID="0" UPDATEDATE="2024-09-11" STARTDATE="2024-09-11" ENDDATE="2079-06-06" ISACTUAL="1" ISACTIVE="0" /><HOUSE ID="124766252" OBJECTID="16083154" OBJECTGUID="b76c8531-f32b-4125-b1fd-25a4f478658f" CHANGEID="509178990" HOUSENUM="23" HOUSETYPE="2" OPERTYPEID="20" PREVID="9138737" NEXTID="126758143" UPDATEDATE="2024-09-11" STARTDATE="2023-09-06" ENDDATE="2024-09-11" ISACTUAL="0" ISACTIVE="0" /><HOUSE ID="126758145" OBJECTID="17266318" OBJECTGUID="f0f6c1a2-70a0-466f-9723-dec1e65931b0" CHANGEID="600901482" HOUSENUM="1" HOUSETYPE="2" OPERTYPEID="30" PREVID="9885347" NEXTID="0" UPDATEDATE="2024-09-11" STARTDATE="2024-09-11" ENDDATE="2079-06-06" ISACTUAL="1" ISACTIVE="0" /><HOUSE ID="126758121" OBJECTID="81772822" OBJECTGUID="d9a6f63c-aadc-4cce-8b19-a1e736b62390" CHANGEID="600901414" HOUSENUM="53" HOUSETYPE="3" OPERTYPEID="30" PREVID="49493108" NEXTID="0" UPDATEDATE="2024-09-11" STARTDATE="2024-09-11" ENDDATE="2079-06-06" ISACTUAL="1" ISACTIVE="0" /><HOUSE ID="49493108" OBJECTID="81772822" OBJECTGUID="d9a6f63c-aadc-4cce-8b19-a1e736b62390" CHANGEID="121510265" HOUSENUM="53" HOUSETYPE="3" OPERTYPEID="10" PREVID="0" NEXTID="126758121" UPDATEDATE="2024-09-11" STARTDATE="1973-01-01" ENDDATE="2024-09-11" ISACTUAL="0" ISACTIVE="0" /><HOUSE ID="126758123" OBJECTID="23135606" OBJECTGUID="6304d5c7-51df-4089-a7e0-0b8fcff364e0" CHANGEID="600901416" HOUSENUM="5" HOUSETYPE="2" OPERTYPEID="30" PREVID="13653708" NEXTID="0" UPDATEDATE="2024-09-11" STARTDATE="2024-09-11" ENDDATE="2079-06-06" ISACTUAL="1" ISACTIVE="0" /><HOUSE ID="13653708" OBJECTID="23135606" OBJECTGUID="6304d5c7-51df-4089-a7e0-0b8fcff364e0" CHANGEID="35989367" HOUSENUM="5" HOUSETYPE="2" OPERTYPEID="10" PREVID="0" NEXTID="126758123" UPDATEDATE="2024-09-11" STARTDATE="1900-01-01" ENDDATE="2024-09-11" ISACTUAL="0" ISACTIVE="0" /><HOUSE ID="126758125" OBJECTID="22005657" OBJECTGUID="77017024-82ce-4025-8245-5d634651ef04" CHANGEID="600901418" HOUSENUM="4" HOUSETYPE="2" OPERTYPEID="30" PREVID="59811735" NEXTID="0" UPDATEDATE="2024-09-11" STARTDATE="2024-09-11" ENDDATE="2079-06-06" ISACTUAL="1" ISACTIVE="0" /><HOUSE ID="126758127" OBJECTID="11978673" OBJECTGUID="54787de3-7913-4f6f-a7a0-b00cba45b277" CHANGEID="600901420" HOUSENUM="5" HOUSETYPE="2" OPERTYPEID="30" PREVID="6436949" NEXTID="0" UPDATEDATE="2024-09-11" STARTDATE="2024-09-11" ENDDATE="2079-06-06" ISACTUAL="1" ISACTIVE="0" /><HOUSE ID="6436949" OBJECTID="11978673" OBJECTGUID="54787de3-7913-4f6f-a7a0-b00cba45b277" CHANGEID="19404832" HOUSENUM="5" HOUSETYPE="2" OPERTYPEID="10" PREVID="0" NEXTID="126758127" UPDATEDATE="2024-09-11" STARTDATE="1950-01-01" ENDDATE="2024-09-11" ISACTUAL="0" ISACTIVE="0" /><HOUSE ID="126758129" OBJECTID="16477575" OBJECTGUID="b1862400-363b-48df-a130-f0112c722197" CHANGEID="600901422" HOUSENUM="1" HOUSETYPE="2" OPERTYPEID="30" PREVID="9377105" NEXTID="0" UPDATEDATE="2024-09-11" STARTDATE="2024-09-11" ENDDATE="2079-06-06" ISACTUAL="1" ISACTIVE="0" /><HOUSE ID="126758131" OBJECTID="22004130" OBJECTGUID="870daeaf-7f79-4461-afce-18f55b1034e9" CHANGEID="600901424" HOUSENUM="6" HOUSETYPE="2" OPERTYPEID="30" PREVID="60948755" NEXTID="0" UPDATEDATE="2024-09-11" STARTDATE="2024-09-11" ENDDATE="2079-06-06" ISACTUAL="1" ISACTIVE="0" /><HOUSE ID="126758133" OBJECTID="7427571" OBJECTGUID="a55eadf6-9464-42c9-9828-83f330304306" CHANGEID="600901426" HOUSENUM="11" HOUSETYPE="2" OPERTYPEID="30" PREVID="3622533" NEXTID="0" UPDATEDATE="2024-09-11" STARTDATE="2024-09-11" ENDDATE="2079-06-06" ISACTUAL="1" ISACTIVE="0" /><HOUSE ID="126758142" OBJECTID="41007629" OBJECTGUID="8e35f015-954a-4e39-a335-0db204a70801" CHANGEID="600901479" HOUSENUM="11" HOUSETYPE="3" OPERTYPEID="30" PREVID="61455237" NEXTID="0" UPDATEDATE="2024-09-11" STARTDATE="2024-09-11" ENDDATE="2079-06-06" ISACTUAL="1" ISACTIVE="0" /><HOUSE ID="61455237" OBJECTID="41007629" OBJECTGUID="8e35f015-954a-4e39-a335-0db204a70801" CHANGEID="62030403" HOUSENUM="11" HOUSETYPE="3" OPERTYPEID="20" PREVID="24499063" NEXTID="126758142" UPDATEDATE="2024-09-11" STARTDATE="2014-01-10" ENDDATE="2024-09-11" ISACTUAL="0" ISACTIVE="0" /><HOUSE ID="126758144" OBJECTID="27280851" OBJECTGUID="bc5f290a-280d-4dbc-a6af-bff18a19c220" CHANGEID="600901481" HOUSENUM="12" HOUSETYPE="2" OPERTYPEID="30" PREVID="124768168" NEXTID="0" UPDATEDATE="2024-09-11" STARTDATE="2024-09-11" ENDDATE="2079-06-06" ISACTUAL="1" ISACTIVE="0" /><HOUSE ID="124768168" OBJECTID="27280851" OBJECTGUID="bc5f290a-280d-4dbc-a6af-bff18a19c220" CHANGEID="509189526" HOUSENUM="12" HOUSETYPE="2" OPERTYPEID="20" PREVID="64726381" NEXTID="126758144" UPDATEDATE="2024-09-11" STARTDATE="2023-09-06" ENDDATE="2024-09-11" ISACTUAL="0" ISACTIVE="0" /><HOUSE ID="126758381" OBJECTID="165204709" OBJECTGUID="0aa0fb7c-5632-461a-aa75-a39ad9487122" CHANGEID="600903275" HOUSENUM="40/1" HOUSETYPE="2" OPERTYPEID="10" PREVID="0" NEXTID="0" UPDATEDATE="2024-09-11" STARTDATE="2024-09-11" ENDDATE="2079-06-06" ISACTUAL="1" ISACTIVE="1" /><HOUSE ID="126759929" OBJECTID="165211608" OBJECTGUID="11c97978-f964-48ff-85b9-1cf13598c845" CHANGEID="600914869" HOUSENUM="2" HOUSETYPE="2" OPERTYPEID="10" PREVID="0" NEXTID="0" UPDATEDATE="2024-09-11" STARTDATE="2024-09-11" ENDDATE="2079-06-06" ISACTUAL="1" ISACTIVE="1" /><HOUSE ID="126759930" OBJECTID="165211616" OBJECTGUID="cbd70e92-751f-44aa-bd81-b6b84c81abca" CHANGEID="600914877" HOUSENUM="80" HOUSETYPE="2" OPERTYPEID="10" PREVID="0" NEXTID="0" UPDATEDATE="2024-09-11" STARTDATE="2024-09-11" ENDDATE="2079-06-06" ISACTUAL="1" ISACTIVE="1" /><HOUSE ID="126760193" OBJECTID="165212899" OBJECTGUID="4c38c488-0afa-425e-b4e8-773250f9da50" CHANGEID="600916748" HOUSENUM="63" HOUSETYPE="2" OPERTYPEID="10" PREVID="0" NEXTID="0" UPDATEDATE="2024-09-11" STARTDATE="2024-09-11" ENDDATE="2079-06-06" ISACTUAL="1" ISACTIVE="1" /><HOUSE ID="126760188" OBJECTID="165212880" OBJECTGUID="a866fe1b-ec6e-4016-8694-9a4ade6bfdd3" CHANGEID="600916658" HOUSENUM="37Д" HOUSETYPE="2" OPERTYPEID="10" PREVID="0" NEXTID="0" UPDATEDATE="2024-09-11" STARTDATE="2024-09-11" ENDDATE="2079-06-06" ISACTUAL="1" ISACTIVE="1" /><HOUSE ID="126760474" OBJECTID="165214669" OBJECTGUID="ad5a1d3c-fec4-4d6c-9304-447565678e83" CHANGEID="600919398" HOUSENUM="72" HOUSETYPE="2" OPERTYPEID="10" PREVID="0" NEXTID="0" UPDATEDATE="2024-09-11" STARTDATE="2024-09-11" ENDDATE="2079-06-06" ISACTUAL="1" ISACTIVE="1" /><HOUSE ID="126761004" OBJECTID="165216550" OBJECTGUID="03cbb0d3-bcbb-431d-880d-c27c6aeac1c8" CHANGEID="600923361" HOUSENUM="10" HOUSETYPE="5" OPERTYPEID="10" PREVID="0" NEXTID="0" UPDATEDATE="2024-09-11" STARTDATE="2024-09-11" ENDDATE="2079-06-06" ISACTUAL="1" ISACTIVE="1" /><HOUSE ID="56280639" OBJECTID="12254861" OBJECTGUID="452c31ae-f54c-4420-ba52-dde23ff726c2" CHANGEID="19811817" HOUSENUM="28" HOUSETYPE="3" OPERTYPEID="20" PREVID="6605734" NEXTID="126761817" UPDATEDATE="2024-09-11" STARTDATE="2014-01-10" ENDDATE="2024-09-11" ISACTUAL="0" ISACTIVE="0" /><HOUSE ID="126761817" OBJECTID="12254861" OBJECTGUID="452c31ae-f54c-4420-ba52-dde23ff726c2" CHANGEID="600932136" HOUSENUM="28" HOUSETYPE="2" OPERTYPEID="20" PREVID="56280639" UPDATEDATE="2024-09-11" STARTDATE="2024-09-11" ENDDATE="2079-06-06" ISACTUAL="1" ISACTIVE="1" /><HOUSE ID="126761920" OBJECTID="165221442" OBJECTGUID="06233254-d106-412f-8e1f-158cda07b9d2" CHANGEID="600932840" HOUSENUM="85А" HOUSETYPE="2" OPERTYPEID="10" PREVID="0" NEXTID="0" UPDATEDATE="2024-09-11" STARTDATE="2024-09-11" ENDDATE="2079-06-06" ISACTUAL="1" ISACTIVE="1" /></HOUSES>