﻿<?xml version="1.0" encoding="utf-8"?><STEADS><STEAD ID="879782" OBJECTID="85430662" OBJECTGUID="cf2b2d46-d13c-428c-8b5a-9a1d8f3b984e" CHANGEID="126848472" NUMBER="29" OPERTYPEID="10" NEXTID="68662204" UPDATEDATE="2024-09-09" STARTDATE="2015-11-17" ENDDATE="2024-09-09" ISACTUAL="0" ISACTIVE="0" /><STEAD ID="878010" OBJECTID="85428895" OBJECTGUID="401c4f1f-ed95-44ce-b63e-035ca7444515" CHANGEID="126846072" NUMBER="21а" OPERTYPEID="10" NEXTID="68662313" UPDATEDATE="2024-09-09" STARTDATE="2015-11-17" ENDDATE="2024-09-09" ISACTUAL="0" ISACTIVE="0" /><STEAD ID="12642071" OBJECTID="98629183" OBJECTGUID="b4a52d99-c140-43f7-9928-7d0996f9a48c" CHANGEID="157356346" NUMBER="1" OPERTYPEID="10" PREVID="0" NEXTID="68630281" UPDATEDATE="2024-09-06" STARTDATE="2020-10-09" ENDDATE="2024-09-06" ISACTUAL="0" ISACTIVE="0" /><STEAD ID="2420280" OBJECTID="86964098" OBJECTGUID="4aefc820-4dfd-41d0-bcbc-4dca8ecbe1c9" CHANGEID="128908773" NUMBER="13" OPERTYPEID="10" NEXTID="68614431" UPDATEDATE="2024-09-05" STARTDATE="2008-04-14" ENDDATE="2024-09-05" ISACTUAL="0" ISACTIVE="0" /><STEAD ID="2423024" OBJECTID="86966783" OBJECTGUID="5889c9a2-dedd-4c43-9013-11bea45022b1" CHANGEID="128912115" NUMBER="14" OPERTYPEID="10" NEXTID="68614430" UPDATEDATE="2024-09-05" STARTDATE="2008-04-14" ENDDATE="2024-09-05" ISACTUAL="0" ISACTIVE="0" /><STEAD ID="2424586" OBJECTID="86968426" OBJECTGUID="61792c7e-4d3d-4c48-9203-33718eb9d39c" CHANGEID="128914375" NUMBER="15" OPERTYPEID="10" NEXTID="68614429" UPDATEDATE="2024-09-05" STARTDATE="2008-04-14" ENDDATE="2024-09-05" ISACTUAL="0" ISACTIVE="0" /><STEAD ID="2428622" OBJECTID="86972418" OBJECTGUID="b8e2eaea-b3d6-4b09-bfbb-d9ebfdf86e42" CHANGEID="128919388" NUMBER="16" OPERTYPEID="10" NEXTID="68614428" UPDATEDATE="2024-09-05" STARTDATE="2008-04-14" ENDDATE="2024-09-05" ISACTUAL="0" ISACTIVE="0" /><STEAD ID="2438097" OBJECTID="86981854" OBJECTGUID="0ac8b444-8b5f-4d6b-adbb-6aff87ddfe53" CHANGEID="128931517" NUMBER="2" OPERTYPEID="10" NEXTID="68614448" UPDATEDATE="2024-09-05" STARTDATE="2008-04-14" ENDDATE="2024-09-05" ISACTUAL="0" ISACTIVE="0" /><STEAD ID="2887148" OBJECTID="87429218" OBJECTGUID="ec54331f-1b84-4691-9d43-08bf3f60938a" CHANGEID="129506674" NUMBER="11" OPERTYPEID="10" NEXTID="68614443" UPDATEDATE="2024-09-05" STARTDATE="2008-04-14" ENDDATE="2024-09-05" ISACTUAL="0" ISACTIVE="0" /><STEAD ID="2890493" OBJECTID="87432530" OBJECTGUID="be8857c0-429b-4a22-b81f-00cac435f251" CHANGEID="129510806" NUMBER="12" OPERTYPEID="10" NEXTID="68614442" UPDATEDATE="2024-09-05" STARTDATE="2008-04-14" ENDDATE="2024-09-05" ISACTUAL="0" ISACTIVE="0" /><STEAD ID="14238683" OBJECTID="101439950" OBJECTGUID="b9f5d354-c848-431e-a868-a39620f6af2a" CHANGEID="194937361" NUMBER="26а" OPERTYPEID="10" PREVID="0" NEXTID="68694968" UPDATEDATE="2024-09-11" STARTDATE="2021-06-03" ENDDATE="2024-09-11" ISACTUAL="0" ISACTIVE="0" /><STEAD ID="14238668" OBJECTID="101439933" OBJECTGUID="f8648a73-d77a-4cfb-bb61-ec8d71de3e55" CHANGEID="194937341" NUMBER="11" OPERTYPEID="10" PREVID="0" NEXTID="68700667" UPDATEDATE="2024-09-11" STARTDATE="2021-06-03" ENDDATE="2024-09-11" ISACTUAL="0" ISACTIVE="0" /><STEAD ID="14238679" OBJECTID="101439946" OBJECTGUID="060a73b7-4eeb-4997-adfb-54bb5c4c35d3" CHANGEID="194937356" NUMBER="28" OPERTYPEID="10" PREVID="0" NEXTID="68695086" UPDATEDATE="2024-09-11" STARTDATE="2021-06-03" ENDDATE="2024-09-11" ISACTUAL="0" ISACTIVE="0" /><STEAD ID="14238676" OBJECTID="101439942" OBJECTGUID="920dda72-f1f9-48f1-8261-5c8c3c0b80cb" CHANGEID="194937352" NUMBER="30" OPERTYPEID="10" PREVID="0" NEXTID="68699617" UPDATEDATE="2024-09-11" STARTDATE="2021-06-03" ENDDATE="2024-09-11" ISACTUAL="0" ISACTIVE="0" /><STEAD ID="14238763" OBJECTID="101440035" OBJECTGUID="b20ec9cf-139a-43a1-a438-bfd8b70173c9" CHANGEID="194937474" NUMBER="3" OPERTYPEID="10" PREVID="0" NEXTID="68662781" UPDATEDATE="2024-09-09" STARTDATE="2021-06-03" ENDDATE="2024-09-09" ISACTUAL="0" ISACTIVE="0" /><STEAD ID="4437027" OBJECTID="88974424" OBJECTGUID="18e7e529-9d09-4306-81dc-b64686ce9f5c" CHANGEID="131376441" NUMBER="3" OPERTYPEID="10" NEXTID="68614425" UPDATEDATE="2024-09-05" STARTDATE="2008-04-14" ENDDATE="2024-09-05" ISACTUAL="0" ISACTIVE="0" /><STEAD ID="4626072" OBJECTID="89163271" OBJECTGUID="d01e6f0b-39bd-43a6-8789-7f4dafa01e96" CHANGEID="131594318" NUMBER="7в" OPERTYPEID="10" NEXTID="68662971" UPDATEDATE="2024-09-09" STARTDATE="2009-04-20" ENDDATE="2024-09-09" ISACTUAL="0" ISACTIVE="0" /><STEAD ID="5543111" OBJECTID="90078832" OBJECTGUID="62d69dfe-6104-48fd-953e-b91c772eb673" CHANGEID="132629826" NUMBER="7б" OPERTYPEID="10" NEXTID="68662959" UPDATEDATE="2024-09-09" STARTDATE="2008-09-12" ENDDATE="2024-09-09" ISACTUAL="0" ISACTIVE="0" /><STEAD ID="5559048" OBJECTID="90094730" OBJECTGUID="d577a315-2577-4a27-a307-beb2f2c451a3" CHANGEID="132647513" NUMBER="8" OPERTYPEID="10" NEXTID="68679548" UPDATEDATE="2024-09-10" STARTDATE="2018-09-03" ENDDATE="2024-09-10" ISACTUAL="0" ISACTIVE="0" /><STEAD ID="6242331" OBJECTID="90777266" OBJECTGUID="659b6a29-32b3-4002-8e30-86db53283032" CHANGEID="133414506" NUMBER="38" OPERTYPEID="10" NEXTID="68704003" UPDATEDATE="2024-09-11" STARTDATE="2019-02-18" ENDDATE="2024-09-11" ISACTUAL="0" ISACTIVE="0" /><STEAD ID="6364408" OBJECTID="90899230" OBJECTGUID="84854c08-79a8-4950-8974-033b687df8fc" CHANGEID="133551569" NUMBER="5" OPERTYPEID="10" NEXTID="68646875" UPDATEDATE="2024-09-09" STARTDATE="2019-09-13" ENDDATE="2024-09-09" ISACTUAL="0" ISACTIVE="0" /><STEAD ID="9266240" OBJECTID="93799523" OBJECTGUID="19a960c2-fde0-4f4e-823a-0194b9346ba5" CHANGEID="136716845" NUMBER="7а" OPERTYPEID="10" NEXTID="68662928" UPDATEDATE="2024-09-09" STARTDATE="2019-12-02" ENDDATE="2024-09-09" ISACTUAL="0" ISACTIVE="0" /><STEAD ID="9625715" OBJECTID="94158915" OBJECTGUID="0a6256b6-daa6-46e7-a6d8-8837b79a146d" CHANGEID="137097203" NUMBER="3" OPERTYPEID="10" NEXTID="68668302" UPDATEDATE="2024-09-10" STARTDATE="2019-12-04" ENDDATE="2024-09-10" ISACTUAL="0" ISACTIVE="0" /><STEAD ID="9626342" OBJECTID="94159537" OBJECTGUID="bf1d52b3-35e4-42ce-86f7-0674524ee60e" CHANGEID="137098092" NUMBER="1" OPERTYPEID="10" NEXTID="68668979" UPDATEDATE="2024-09-10" STARTDATE="2019-12-04" ENDDATE="2024-09-10" ISACTUAL="0" ISACTIVE="0" /><STEAD ID="9666645" OBJECTID="94199842" OBJECTGUID="0267214b-9284-4271-987c-edd8960bdc9c" CHANGEID="137139881" NUMBER="10" OPERTYPEID="10" NEXTID="68662524" UPDATEDATE="2024-09-09" STARTDATE="2019-12-04" ENDDATE="2024-09-09" ISACTUAL="0" ISACTIVE="0" /><STEAD ID="9931676" OBJECTID="94464860" OBJECTGUID="2f918f32-1f36-4b8f-8c4b-18e2d91f6e3e" CHANGEID="137413587" NUMBER="11" OPERTYPEID="10" NEXTID="68704522" UPDATEDATE="2024-09-11" STARTDATE="2019-09-18" ENDDATE="2024-09-11" ISACTUAL="0" ISACTIVE="0" /><STEAD ID="15899567" OBJECTID="105745791" OBJECTGUID="8be282f8-85f0-4f09-a71a-56e2a441cb57" CHANGEID="299262777" NUMBER="9б" OPERTYPEID="10" PREVID="0" NEXTID="68614411" UPDATEDATE="2024-09-05" STARTDATE="2022-09-30" ENDDATE="2024-09-05" ISACTUAL="0" ISACTIVE="0" /><STEAD ID="67237743" OBJECTID="161239983" OBJECTGUID="ba1e71fa-79f3-49b7-9bda-56e1cfc1d4be" CHANGEID="572549308" NUMBER="55" OPERTYPEID="10" PREVID="0" NEXTID="68686836" UPDATEDATE="2024-09-11" STARTDATE="2023-11-08" ENDDATE="2024-09-11" ISACTUAL="0" ISACTIVE="0" /><STEAD ID="68327443" OBJECTID="164345999" OBJECTGUID="81177480-6e77-4111-9f7f-b380fbae850c" CHANGEID="598439884" NUMBER="19/1" OPERTYPEID="10" PREVID="0" NEXTID="68686020" UPDATEDATE="2024-09-11" STARTDATE="2024-07-19" ENDDATE="2024-09-11" ISACTUAL="0" ISACTIVE="0" /><STEAD ID="68327444" OBJECTID="164346000" OBJECTGUID="919538d4-b04c-4d26-b9b4-9e62f60320e4" CHANGEID="598439885" NUMBER="19/2" OPERTYPEID="10" PREVID="0" NEXTID="68686021" UPDATEDATE="2024-09-11" STARTDATE="2024-07-19" ENDDATE="2024-09-11" ISACTUAL="0" ISACTIVE="0" /><STEAD ID="68613509" OBJECTID="165059795" OBJECTGUID="87fadea4-f759-4d96-9406-441a9db4c6d3" CHANGEID="600510438" NUMBER="4" OPERTYPEID="10" PREVID="0" NEXTID="0" UPDATEDATE="2024-09-05" STARTDATE="2024-09-05" ENDDATE="2079-06-06" ISACTUAL="1" ISACTIVE="1" /><STEAD ID="68614411" OBJECTID="105745791" OBJECTGUID="8be282f8-85f0-4f09-a71a-56e2a441cb57" CHANGEID="600512681" NUMBER="9б" OPERTYPEID="30" PREVID="15899567" NEXTID="0" UPDATEDATE="2024-09-05" STARTDATE="2024-09-05" ENDDATE="2079-06-06" ISACTUAL="1" ISACTIVE="0" /><STEAD ID="68614419" OBJECTID="89136447" OBJECTGUID="80b1009b-345e-4840-a395-5042f914e640" CHANGEID="600512699" NUMBER="11" OPERTYPEID="30" PREVID="4599211" NEXTID="0" UPDATEDATE="2024-09-05" STARTDATE="2024-09-05" ENDDATE="2079-06-06" ISACTUAL="1" ISACTIVE="0" /><STEAD ID="4599211" OBJECTID="89136447" OBJECTGUID="80b1009b-345e-4840-a395-5042f914e640" CHANGEID="131563275" NUMBER="11" OPERTYPEID="10" NEXTID="68614419" UPDATEDATE="2024-09-05" STARTDATE="2008-04-14" ENDDATE="2024-09-05" ISACTUAL="0" ISACTIVE="0" /><STEAD ID="68614420" OBJECTID="89124621" OBJECTGUID="9f461283-8a3d-4cbe-905e-912fc918c941" CHANGEID="600512700" NUMBER="10" OPERTYPEID="30" PREVID="4587343" NEXTID="0" UPDATEDATE="2024-09-05" STARTDATE="2024-09-05" ENDDATE="2079-06-06" ISACTUAL="1" ISACTIVE="0" /><STEAD ID="4587343" OBJECTID="89124621" OBJECTGUID="9f461283-8a3d-4cbe-905e-912fc918c941" CHANGEID="131549719" NUMBER="10" OPERTYPEID="10" NEXTID="68614420" UPDATEDATE="2024-09-05" STARTDATE="2008-04-14" ENDDATE="2024-09-05" ISACTUAL="0" ISACTIVE="0" /><STEAD ID="68614421" OBJECTID="89120748" OBJECTGUID="160ac9b7-4548-4b81-a7fb-a39d9b1abe1b" CHANGEID="600512701" NUMBER="9" OPERTYPEID="30" PREVID="4583387" NEXTID="0" UPDATEDATE="2024-09-05" STARTDATE="2024-09-05" ENDDATE="2079-06-06" ISACTUAL="1" ISACTIVE="0" /><STEAD ID="4583387" OBJECTID="89120748" OBJECTGUID="160ac9b7-4548-4b81-a7fb-a39d9b1abe1b" CHANGEID="131545326" NUMBER="9" OPERTYPEID="10" NEXTID="68614421" UPDATEDATE="2024-09-05" STARTDATE="2008-04-14" ENDDATE="2024-09-05" ISACTUAL="0" ISACTIVE="0" /><STEAD ID="68614422" OBJECTID="89117013" OBJECTGUID="b259ac82-80da-4f02-9c36-5b0a99aada9d" CHANGEID="600512702" NUMBER="7" OPERTYPEID="30" PREVID="4579721" NEXTID="0" UPDATEDATE="2024-09-05" STARTDATE="2024-09-05" ENDDATE="2079-06-06" ISACTUAL="1" ISACTIVE="0" /><STEAD ID="4579721" OBJECTID="89117013" OBJECTGUID="b259ac82-80da-4f02-9c36-5b0a99aada9d" CHANGEID="131541001" NUMBER="7" OPERTYPEID="10" NEXTID="68614422" UPDATEDATE="2024-09-05" STARTDATE="2008-04-14" ENDDATE="2024-09-05" ISACTUAL="0" ISACTIVE="0" /><STEAD ID="68614423" OBJECTID="88980285" OBJECTGUID="db09fddc-3b31-48b4-896c-b87527c98336" CHANGEID="600512703" NUMBER="5" OPERTYPEID="30" PREVID="4442719" NEXTID="0" UPDATEDATE="2024-09-05" STARTDATE="2024-09-05" ENDDATE="2079-06-06" ISACTUAL="1" ISACTIVE="0" /><STEAD ID="4442719" OBJECTID="88980285" OBJECTGUID="db09fddc-3b31-48b4-896c-b87527c98336" CHANGEID="131383283" NUMBER="5" OPERTYPEID="10" NEXTID="68614423" UPDATEDATE="2024-09-05" STARTDATE="2008-04-14" ENDDATE="2024-09-05" ISACTUAL="0" ISACTIVE="0" /><STEAD ID="68614424" OBJECTID="88978764" OBJECTGUID="a684a929-4e78-46a4-9ba3-7349e72689aa" CHANGEID="600512704" NUMBER="4" OPERTYPEID="30" PREVID="4441168" NEXTID="0" UPDATEDATE="2024-09-05" STARTDATE="2024-09-05" ENDDATE="2079-06-06" ISACTUAL="1" ISACTIVE="0" /><STEAD ID="4441168" OBJECTID="88978764" OBJECTGUID="a684a929-4e78-46a4-9ba3-7349e72689aa" CHANGEID="131381542" NUMBER="4" OPERTYPEID="10" NEXTID="68614424" UPDATEDATE="2024-09-05" STARTDATE="2008-04-14" ENDDATE="2024-09-05" ISACTUAL="0" ISACTIVE="0" /><STEAD ID="68614425" OBJECTID="88974424" OBJECTGUID="18e7e529-9d09-4306-81dc-b64686ce9f5c" CHANGEID="600512705" NUMBER="3" OPERTYPEID="30" PREVID="4437027" NEXTID="0" UPDATEDATE="2024-09-05" STARTDATE="2024-09-05" ENDDATE="2079-06-06" ISACTUAL="1" ISACTIVE="0" /><STEAD ID="68614426" OBJECTID="88966336" OBJECTGUID="efbe653b-b2a5-4a10-90ca-9d76eda526a6" CHANGEID="600512706" NUMBER="2" OPERTYPEID="30" PREVID="4428749" NEXTID="0" UPDATEDATE="2024-09-05" STARTDATE="2024-09-05" ENDDATE="2079-06-06" ISACTUAL="1" ISACTIVE="0" /><STEAD ID="4428749" OBJECTID="88966336" OBJECTGUID="efbe653b-b2a5-4a10-90ca-9d76eda526a6" CHANGEID="131367180" NUMBER="2" OPERTYPEID="10" NEXTID="68614426" UPDATEDATE="2024-09-05" STARTDATE="2008-04-14" ENDDATE="2024-09-05" ISACTUAL="0" ISACTIVE="0" /><STEAD ID="68614427" OBJECTID="88962023" OBJECTGUID="1c4f5d1d-459f-42d2-b769-414271b11594" CHANGEID="600512707" NUMBER="1" OPERTYPEID="30" PREVID="4424431" NEXTID="0" UPDATEDATE="2024-09-05" STARTDATE="2024-09-05" ENDDATE="2079-06-06" ISACTUAL="1" ISACTIVE="0" /><STEAD ID="4424431" OBJECTID="88962023" OBJECTGUID="1c4f5d1d-459f-42d2-b769-414271b11594" CHANGEID="131362058" NUMBER="1" OPERTYPEID="10" NEXTID="68614427" UPDATEDATE="2024-09-05" STARTDATE="2008-04-14" ENDDATE="2024-09-05" ISACTUAL="0" ISACTIVE="0" /><STEAD ID="68614428" OBJECTID="86972418" OBJECTGUID="b8e2eaea-b3d6-4b09-bfbb-d9ebfdf86e42" CHANGEID="600512708" NUMBER="16" OPERTYPEID="30" PREVID="2428622" NEXTID="0" UPDATEDATE="2024-09-05" STARTDATE="2024-09-05" ENDDATE="2079-06-06" ISACTUAL="1" ISACTIVE="0" /><STEAD ID="68614429" OBJECTID="86968426" OBJECTGUID="61792c7e-4d3d-4c48-9203-33718eb9d39c" CHANGEID="600512709" NUMBER="15" OPERTYPEID="30" PREVID="2424586" NEXTID="0" UPDATEDATE="2024-09-05" STARTDATE="2024-09-05" ENDDATE="2079-06-06" ISACTUAL="1" ISACTIVE="0" /><STEAD ID="68614430" OBJECTID="86966783" OBJECTGUID="5889c9a2-dedd-4c43-9013-11bea45022b1" CHANGEID="600512710" NUMBER="14" OPERTYPEID="30" PREVID="2423024" NEXTID="0" UPDATEDATE="2024-09-05" STARTDATE="2024-09-05" ENDDATE="2079-06-06" ISACTUAL="1" ISACTIVE="0" /><STEAD ID="68614431" OBJECTID="86964098" OBJECTGUID="4aefc820-4dfd-41d0-bcbc-4dca8ecbe1c9" CHANGEID="600512711" NUMBER="13" OPERTYPEID="30" PREVID="2420280" NEXTID="0" UPDATEDATE="2024-09-05" STARTDATE="2024-09-05" ENDDATE="2079-06-06" ISACTUAL="1" ISACTIVE="0" /><STEAD ID="68614432" OBJECTID="86757184" OBJECTGUID="2ee6747a-34aa-4d9b-a2a8-68209369d5db" CHANGEID="600512712" NUMBER="6" OPERTYPEID="30" PREVID="2212537" NEXTID="0" UPDATEDATE="2024-09-05" STARTDATE="2024-09-05" ENDDATE="2079-06-06" ISACTUAL="1" ISACTIVE="0" /><STEAD ID="2212537" OBJECTID="86757184" OBJECTGUID="2ee6747a-34aa-4d9b-a2a8-68209369d5db" CHANGEID="128641430" NUMBER="6" OPERTYPEID="10" NEXTID="68614432" UPDATEDATE="2024-09-05" STARTDATE="2008-04-14" ENDDATE="2024-09-05" ISACTUAL="0" ISACTIVE="0" /><STEAD ID="68614433" OBJECTID="85833268" OBJECTGUID="3b74914e-37cc-46d0-8bf0-fb9b3d6fc542" CHANGEID="600512713" NUMBER="12" OPERTYPEID="30" PREVID="1284393" NEXTID="0" UPDATEDATE="2024-09-05" STARTDATE="2024-09-05" ENDDATE="2079-06-06" ISACTUAL="1" ISACTIVE="0" /><STEAD ID="1284393" OBJECTID="85833268" OBJECTGUID="3b74914e-37cc-46d0-8bf0-fb9b3d6fc542" CHANGEID="127408125" NUMBER="12" OPERTYPEID="10" NEXTID="68614433" UPDATEDATE="2024-09-05" STARTDATE="2008-04-14" ENDDATE="2024-09-05" ISACTUAL="0" ISACTIVE="0" /><STEAD ID="68614442" OBJECTID="87432530" OBJECTGUID="be8857c0-429b-4a22-b81f-00cac435f251" CHANGEID="600512729" NUMBER="12" OPERTYPEID="30" PREVID="2890493" NEXTID="0" UPDATEDATE="2024-09-05" STARTDATE="2024-09-05" ENDDATE="2079-06-06" ISACTUAL="1" ISACTIVE="0" /><STEAD ID="68614443" OBJECTID="87429218" OBJECTGUID="ec54331f-1b84-4691-9d43-08bf3f60938a" CHANGEID="600512730" NUMBER="11" OPERTYPEID="30" PREVID="2887148" NEXTID="0" UPDATEDATE="2024-09-05" STARTDATE="2024-09-05" ENDDATE="2079-06-06" ISACTUAL="1" ISACTIVE="0" /><STEAD ID="68614444" OBJECTID="87426618" OBJECTGUID="86bf7fb0-d95e-4f6e-b452-de0772e36ea2" CHANGEID="600512731" NUMBER="10" OPERTYPEID="30" PREVID="2884560" NEXTID="0" UPDATEDATE="2024-09-05" STARTDATE="2024-09-05" ENDDATE="2079-06-06" ISACTUAL="1" ISACTIVE="0" /><STEAD ID="2884560" OBJECTID="87426618" OBJECTGUID="86bf7fb0-d95e-4f6e-b452-de0772e36ea2" CHANGEID="129503510" NUMBER="10" OPERTYPEID="10" NEXTID="68614444" UPDATEDATE="2024-09-05" STARTDATE="2008-04-14" ENDDATE="2024-09-05" ISACTUAL="0" ISACTIVE="0" /><STEAD ID="68614445" OBJECTID="87425305" OBJECTGUID="34880a43-6bb2-4ae1-86b9-a17c07dbaae1" CHANGEID="600512732" NUMBER="9" OPERTYPEID="30" PREVID="2883236" NEXTID="0" UPDATEDATE="2024-09-05" STARTDATE="2024-09-05" ENDDATE="2079-06-06" ISACTUAL="1" ISACTIVE="0" /><STEAD ID="2883236" OBJECTID="87425305" OBJECTGUID="34880a43-6bb2-4ae1-86b9-a17c07dbaae1" CHANGEID="129501925" NUMBER="9" OPERTYPEID="10" NEXTID="68614445" UPDATEDATE="2024-09-05" STARTDATE="2008-04-14" ENDDATE="2024-09-05" ISACTUAL="0" ISACTIVE="0" /><STEAD ID="68614446" OBJECTID="87423514" OBJECTGUID="f511993c-1079-475d-9899-0ddaec11399b" CHANGEID="600512733" NUMBER="8" OPERTYPEID="30" PREVID="2881318" NEXTID="0" UPDATEDATE="2024-09-05" STARTDATE="2024-09-05" ENDDATE="2079-06-06" ISACTUAL="1" ISACTIVE="0" /><STEAD ID="2881318" OBJECTID="87423514" OBJECTGUID="f511993c-1079-475d-9899-0ddaec11399b" CHANGEID="129499629" NUMBER="8" OPERTYPEID="10" NEXTID="68614446" UPDATEDATE="2024-09-05" STARTDATE="2008-04-14" ENDDATE="2024-09-05" ISACTUAL="0" ISACTIVE="0" /><STEAD ID="68614447" OBJECTID="87421790" OBJECTGUID="249ef612-955c-486e-83ba-3d0ab1fbc677" CHANGEID="600512734" NUMBER="7" OPERTYPEID="30" PREVID="2879691" NEXTID="0" UPDATEDATE="2024-09-05" STARTDATE="2024-09-05" ENDDATE="2079-06-06" ISACTUAL="1" ISACTIVE="0" /><STEAD ID="2879691" OBJECTID="87421790" OBJECTGUID="249ef612-955c-486e-83ba-3d0ab1fbc677" CHANGEID="129497505" NUMBER="7" OPERTYPEID="10" NEXTID="68614447" UPDATEDATE="2024-09-05" STARTDATE="2008-04-14" ENDDATE="2024-09-05" ISACTUAL="0" ISACTIVE="0" /><STEAD ID="68614448" OBJECTID="86981854" OBJECTGUID="0ac8b444-8b5f-4d6b-adbb-6aff87ddfe53" CHANGEID="600512735" NUMBER="2" OPERTYPEID="30" PREVID="2438097" NEXTID="0" UPDATEDATE="2024-09-05" STARTDATE="2024-09-05" ENDDATE="2079-06-06" ISACTUAL="1" ISACTIVE="0" /><STEAD ID="68614449" OBJECTID="86976014" OBJECTGUID="9cf98902-0648-4596-a562-865ad8a6fd2b" CHANGEID="600512736" NUMBER="1" OPERTYPEID="30" PREVID="2432239" NEXTID="0" UPDATEDATE="2024-09-05" STARTDATE="2024-09-05" ENDDATE="2079-06-06" ISACTUAL="1" ISACTIVE="0" /><STEAD ID="2432239" OBJECTID="86976014" OBJECTGUID="9cf98902-0648-4596-a562-865ad8a6fd2b" CHANGEID="128923822" NUMBER="1" OPERTYPEID="10" NEXTID="68614449" UPDATEDATE="2024-09-05" STARTDATE="2008-04-14" ENDDATE="2024-09-05" ISACTUAL="0" ISACTIVE="0" /><STEAD ID="68614450" OBJECTID="86955174" OBJECTGUID="1ab6b9df-c8ab-4388-839d-2af5e53d8ba2" CHANGEID="600512737" NUMBER="6" OPERTYPEID="30" PREVID="2411314" NEXTID="0" UPDATEDATE="2024-09-05" STARTDATE="2024-09-05" ENDDATE="2079-06-06" ISACTUAL="1" ISACTIVE="0" /><STEAD ID="2411314" OBJECTID="86955174" OBJECTGUID="1ab6b9df-c8ab-4388-839d-2af5e53d8ba2" CHANGEID="128897507" NUMBER="6" OPERTYPEID="10" NEXTID="68614450" UPDATEDATE="2024-09-05" STARTDATE="2008-04-14" ENDDATE="2024-09-05" ISACTUAL="0" ISACTIVE="0" /><STEAD ID="68614451" OBJECTID="86950234" OBJECTGUID="0ec78120-b334-4796-a969-c6962f54ffa1" CHANGEID="600512738" NUMBER="5" OPERTYPEID="30" PREVID="2406372" NEXTID="0" UPDATEDATE="2024-09-05" STARTDATE="2024-09-05" ENDDATE="2079-06-06" ISACTUAL="1" ISACTIVE="0" /><STEAD ID="2406372" OBJECTID="86950234" OBJECTGUID="0ec78120-b334-4796-a969-c6962f54ffa1" CHANGEID="128891089" NUMBER="5" OPERTYPEID="10" NEXTID="68614451" UPDATEDATE="2024-09-05" STARTDATE="2008-04-14" ENDDATE="2024-09-05" ISACTUAL="0" ISACTIVE="0" /><STEAD ID="68614452" OBJECTID="86948297" OBJECTGUID="39eab145-7c3d-4a51-a17c-a1b4e08a5420" CHANGEID="600512739" NUMBER="4" OPERTYPEID="30" PREVID="2404433" NEXTID="0" UPDATEDATE="2024-09-05" STARTDATE="2024-09-05" ENDDATE="2079-06-06" ISACTUAL="1" ISACTIVE="0" /><STEAD ID="2404433" OBJECTID="86948297" OBJECTGUID="39eab145-7c3d-4a51-a17c-a1b4e08a5420" CHANGEID="128888559" NUMBER="4" OPERTYPEID="10" NEXTID="68614452" UPDATEDATE="2024-09-05" STARTDATE="2008-04-14" ENDDATE="2024-09-05" ISACTUAL="0" ISACTIVE="0" /><STEAD ID="68614453" OBJECTID="86943994" OBJECTGUID="5fd96f5d-c52e-49e3-981f-ea3efb98cb93" CHANGEID="600512740" NUMBER="3" OPERTYPEID="30" PREVID="2400108" NEXTID="0" UPDATEDATE="2024-09-05" STARTDATE="2024-09-05" ENDDATE="2079-06-06" ISACTUAL="1" ISACTIVE="0" /><STEAD ID="2400108" OBJECTID="86943994" OBJECTGUID="5fd96f5d-c52e-49e3-981f-ea3efb98cb93" CHANGEID="128883044" NUMBER="3" OPERTYPEID="10" NEXTID="68614453" UPDATEDATE="2024-09-05" STARTDATE="2008-04-14" ENDDATE="2024-09-05" ISACTUAL="0" ISACTIVE="0" /><STEAD ID="68615090" OBJECTID="85705337" OBJECTGUID="7273dcce-e9ed-4238-8134-c88fa7aa676f" CHANGEID="600514126" NUMBER="67а" OPERTYPEID="30" PREVID="1155853" NEXTID="0" UPDATEDATE="2024-09-05" STARTDATE="2024-09-05" ENDDATE="2079-06-06" ISACTUAL="1" ISACTIVE="0" /><STEAD ID="1155853" OBJECTID="85705337" OBJECTGUID="7273dcce-e9ed-4238-8134-c88fa7aa676f" CHANGEID="127230945" NUMBER="67а" OPERTYPEID="10" NEXTID="68615090" UPDATEDATE="2024-09-05" STARTDATE="2018-02-15" ENDDATE="2024-09-05" ISACTUAL="0" ISACTIVE="0" /><STEAD ID="68615092" OBJECTID="93946917" OBJECTGUID="beff5114-0502-41e3-b296-77481e679ba1" CHANGEID="600514128" NUMBER="6" OPERTYPEID="30" PREVID="9413677" NEXTID="0" UPDATEDATE="2024-09-05" STARTDATE="2024-09-05" ENDDATE="2079-06-06" ISACTUAL="1" ISACTIVE="0" /><STEAD ID="9413677" OBJECTID="93946917" OBJECTGUID="beff5114-0502-41e3-b296-77481e679ba1" CHANGEID="136873211" NUMBER="6" OPERTYPEID="10" NEXTID="68615092" UPDATEDATE="2024-09-05" STARTDATE="2019-08-19" ENDDATE="2024-09-05" ISACTUAL="0" ISACTIVE="0" /><STEAD ID="68615160" OBJECTID="94009968" OBJECTGUID="5304d06c-8081-44c5-89d8-01f60b526e9d" CHANGEID="600514443" NUMBER="42/1" OPERTYPEID="30" PREVID="9476738" NEXTID="0" UPDATEDATE="2024-09-05" STARTDATE="2024-09-05" ENDDATE="2079-06-06" ISACTUAL="1" ISACTIVE="0" /><STEAD ID="9476738" OBJECTID="94009968" OBJECTGUID="5304d06c-8081-44c5-89d8-01f60b526e9d" CHANGEID="136940819" NUMBER="42/1" OPERTYPEID="10" NEXTID="68615160" UPDATEDATE="2024-09-05" STARTDATE="2019-09-08" ENDDATE="2024-09-05" ISACTUAL="0" ISACTIVE="0" /><STEAD ID="68618855" OBJECTID="165069561" OBJECTGUID="ce3d4c7c-e532-43e2-a8f1-3ce02ca649b9" CHANGEID="600526447" NUMBER="6" OPERTYPEID="10" PREVID="0" NEXTID="0" UPDATEDATE="2024-09-05" STARTDATE="2024-09-05" ENDDATE="2079-06-06" ISACTUAL="1" ISACTIVE="1" /><STEAD ID="4462188" OBJECTID="88999712" OBJECTGUID="570f5479-8e90-4113-8c47-d78e9bfc8b15" CHANGEID="131406041" NUMBER="63" OPERTYPEID="10" NEXTID="68619176" UPDATEDATE="2024-09-05" STARTDATE="2019-05-08" ENDDATE="2024-09-05" ISACTUAL="0" ISACTIVE="0" /><STEAD ID="68619176" OBJECTID="88999712" OBJECTGUID="570f5479-8e90-4113-8c47-d78e9bfc8b15" CHANGEID="600527393" NUMBER="63а" OPERTYPEID="20" PREVID="4462188" UPDATEDATE="2024-09-05" STARTDATE="2024-09-05" ENDDATE="2079-06-06" ISACTUAL="1" ISACTIVE="1" /><STEAD ID="68620378" OBJECTID="165072306" OBJECTGUID="572cd877-1bac-488a-a535-4a8fd676bc0f" CHANGEID="600530667" NUMBER="37б" OPERTYPEID="10" PREVID="0" NEXTID="0" UPDATEDATE="2024-09-05" STARTDATE="2024-09-05" ENDDATE="2079-06-06" ISACTUAL="1" ISACTIVE="1" /><STEAD ID="68620439" OBJECTID="165072500" OBJECTGUID="2ee234db-e314-4736-9451-ca6426d80ced" CHANGEID="600530915" NUMBER="26" OPERTYPEID="10" PREVID="0" NEXTID="0" UPDATEDATE="2024-09-05" STARTDATE="2024-09-05" ENDDATE="2079-06-06" ISACTUAL="1" ISACTIVE="1" /><STEAD ID="68620586" OBJECTID="93990985" OBJECTGUID="c3c811ac-c5bf-4c5e-ba5a-1b529f963d9c" CHANGEID="600531537" NUMBER="39" OPERTYPEID="60" PREVID="9457744" UPDATEDATE="2024-09-05" STARTDATE="2024-09-05" ENDDATE="2079-06-06" ISACTUAL="1" ISACTIVE="0" /><STEAD ID="9457744" OBJECTID="93990985" OBJECTGUID="c3c811ac-c5bf-4c5e-ba5a-1b529f963d9c" CHANGEID="136919845" NUMBER="39" OPERTYPEID="10" NEXTID="68620586" UPDATEDATE="2024-09-05" STARTDATE="2019-12-06" ENDDATE="2024-09-05" ISACTUAL="0" ISACTIVE="0" /><STEAD ID="68620587" OBJECTID="165072999" OBJECTGUID="ebc60cc0-13ae-483d-9a2d-06672673857b" CHANGEID="600531538" NUMBER="39А" OPERTYPEID="61" PREVID="68620586" NEXTID="0" UPDATEDATE="2024-09-05" STARTDATE="2024-09-05" ENDDATE="2079-06-06" ISACTUAL="1" ISACTIVE="1" /><STEAD ID="68620588" OBJECTID="165073000" OBJECTGUID="da1dc1ef-6d8f-4d78-b5f4-13841445633e" CHANGEID="600531539" NUMBER="39" OPERTYPEID="61" PREVID="68620586" NEXTID="0" UPDATEDATE="2024-09-05" STARTDATE="2024-09-05" ENDDATE="2079-06-06" ISACTUAL="1" ISACTIVE="1" /><STEAD ID="68620748" OBJECTID="86358080" OBJECTGUID="11777d7b-a3be-4c0b-afff-a7137a93e51e" CHANGEID="600532306" NUMBER="137" OPERTYPEID="30" PREVID="1811642" NEXTID="0" UPDATEDATE="2024-09-05" STARTDATE="2024-09-05" ENDDATE="2079-06-06" ISACTUAL="1" ISACTIVE="0" /><STEAD ID="1811642" OBJECTID="86358080" OBJECTGUID="11777d7b-a3be-4c0b-afff-a7137a93e51e" CHANGEID="128113945" NUMBER="137" OPERTYPEID="10" NEXTID="68620748" UPDATEDATE="2024-09-05" STARTDATE="2019-02-16" ENDDATE="2024-09-05" ISACTUAL="0" ISACTIVE="0" /><STEAD ID="68624361" OBJECTID="165082481" OBJECTGUID="020fe390-d153-4ed3-a94d-f3974489487a" CHANGEID="600546837" NUMBER="118" OPERTYPEID="10" PREVID="0" NEXTID="0" UPDATEDATE="2024-09-05" STARTDATE="2024-09-05" ENDDATE="2079-06-06" ISACTUAL="1" ISACTIVE="1" /><STEAD ID="68624769" OBJECTID="165083459" OBJECTGUID="d5fea612-acbf-485a-9899-eefe6ef35452" CHANGEID="600548640" NUMBER="56" OPERTYPEID="10" PREVID="0" NEXTID="0" UPDATEDATE="2024-09-05" STARTDATE="2024-09-05" ENDDATE="2079-06-06" ISACTUAL="1" ISACTIVE="1" /><STEAD ID="68625952" OBJECTID="165086106" OBJECTGUID="0561e33f-3268-48c7-96be-edc2454dfa57" CHANGEID="600552731" NUMBER="137" OPERTYPEID="10" PREVID="0" NEXTID="0" UPDATEDATE="2024-09-05" STARTDATE="2024-09-05" ENDDATE="2079-06-06" ISACTUAL="1" ISACTIVE="1" /><STEAD ID="68626738" OBJECTID="165087869" OBJECTGUID="d4399cf7-bf7b-4a7e-a8ea-406cf32d3189" CHANGEID="600555953" NUMBER="26" OPERTYPEID="10" PREVID="0" NEXTID="0" UPDATEDATE="2024-09-05" STARTDATE="2024-09-05" ENDDATE="2079-06-06" ISACTUAL="1" ISACTIVE="1" /><STEAD ID="68626742" OBJECTID="165087876" OBJECTGUID="c4129418-82ff-4322-b7f1-f57f7c320d71" CHANGEID="600555973" NUMBER="18" OPERTYPEID="10" PREVID="0" NEXTID="0" UPDATEDATE="2024-09-05" STARTDATE="2024-09-05" ENDDATE="2079-06-06" ISACTUAL="1" ISACTIVE="1" /><STEAD ID="68626755" OBJECTID="165087893" OBJECTGUID="bc181587-001f-4e76-8daa-60489c594c9f" CHANGEID="600555999" NUMBER="14" OPERTYPEID="10" PREVID="0" NEXTID="0" UPDATEDATE="2024-09-05" STARTDATE="2024-09-05" ENDDATE="2079-06-06" ISACTUAL="1" ISACTIVE="1" /><STEAD ID="68626803" OBJECTID="165087967" OBJECTGUID="b7da8c9e-62cd-4c06-a491-ea3ad71bfdee" CHANGEID="600556105" NUMBER="19" OPERTYPEID="10" PREVID="0" NEXTID="0" UPDATEDATE="2024-09-05" STARTDATE="2024-09-05" ENDDATE="2079-06-06" ISACTUAL="1" ISACTIVE="1" /><STEAD ID="68626834" OBJECTID="165088010" OBJECTGUID="d3b3f209-2ce0-494b-8c3e-c3d426186d3a" CHANGEID="600556306" NUMBER="17" OPERTYPEID="10" PREVID="0" NEXTID="0" UPDATEDATE="2024-09-05" STARTDATE="2024-09-05" ENDDATE="2079-06-06" ISACTUAL="1" ISACTIVE="1" /><STEAD ID="68626853" OBJECTID="165088134" OBJECTGUID="c04d4347-c3b1-40ae-a72a-35660b9ed144" CHANGEID="600556442" NUMBER="13" OPERTYPEID="10" PREVID="0" NEXTID="0" UPDATEDATE="2024-09-05" STARTDATE="2024-09-05" ENDDATE="2079-06-06" ISACTUAL="1" ISACTIVE="1" /><STEAD ID="68626865" OBJECTID="165088152" OBJECTGUID="472ed5fc-9100-4c17-af36-9dacad44d50b" CHANGEID="600556556" NUMBER="11" OPERTYPEID="10" PREVID="0" NEXTID="0" UPDATEDATE="2024-09-05" STARTDATE="2024-09-05" ENDDATE="2079-06-06" ISACTUAL="1" ISACTIVE="1" /><STEAD ID="68626877" OBJECTID="165088167" OBJECTGUID="d19e56f1-bb98-478d-98c5-37fa68acb51a" CHANGEID="600556586" NUMBER="9" OPERTYPEID="10" PREVID="0" NEXTID="0" UPDATEDATE="2024-09-05" STARTDATE="2024-09-05" ENDDATE="2079-06-06" ISACTUAL="1" ISACTIVE="1" /><STEAD ID="68626884" OBJECTID="165088180" OBJECTGUID="c277cda2-f19b-4638-8774-f2df6d9a0938" CHANGEID="600556608" NUMBER="7" OPERTYPEID="10" PREVID="0" NEXTID="0" UPDATEDATE="2024-09-05" STARTDATE="2024-09-05" ENDDATE="2079-06-06" ISACTUAL="1" ISACTIVE="1" /><STEAD ID="68626902" OBJECTID="165088203" OBJECTGUID="f85dbe6d-99eb-4a0e-9f54-17f1e406199f" CHANGEID="600556648" NUMBER="6" OPERTYPEID="10" PREVID="0" NEXTID="0" UPDATEDATE="2024-09-05" STARTDATE="2024-09-05" ENDDATE="2079-06-06" ISACTUAL="1" ISACTIVE="1" /><STEAD ID="68626908" OBJECTID="165088212" OBJECTGUID="888635ab-9937-42d6-ae81-cf00a913bbe8" CHANGEID="600556662" NUMBER="3" OPERTYPEID="10" PREVID="0" NEXTID="0" UPDATEDATE="2024-09-05" STARTDATE="2024-09-05" ENDDATE="2079-06-06" ISACTUAL="1" ISACTIVE="1" /><STEAD ID="68626934" OBJECTID="165088286" OBJECTGUID="4d58db97-ebc0-4582-975f-3c973e683749" CHANGEID="600556762" NUMBER="12" OPERTYPEID="10" PREVID="0" NEXTID="0" UPDATEDATE="2024-09-05" STARTDATE="2024-09-05" ENDDATE="2079-06-06" ISACTUAL="1" ISACTIVE="1" /><STEAD ID="68626929" OBJECTID="165088276" OBJECTGUID="2312cf79-6bb8-4bc2-bdb7-8728d60e3ff8" CHANGEID="600556738" NUMBER="16" OPERTYPEID="10" PREVID="0" NEXTID="0" UPDATEDATE="2024-09-05" STARTDATE="2024-09-05" ENDDATE="2079-06-06" ISACTUAL="1" ISACTIVE="1" /><STEAD ID="68626937" OBJECTID="165088292" OBJECTGUID="b60206c3-a24f-4935-ba0c-739a1e10ebbd" CHANGEID="600556778" NUMBER="10" OPERTYPEID="10" PREVID="0" NEXTID="0" UPDATEDATE="2024-09-05" STARTDATE="2024-09-05" ENDDATE="2079-06-06" ISACTUAL="1" ISACTIVE="1" /><STEAD ID="68626943" OBJECTID="165088305" OBJECTGUID="42229f30-5241-4b94-a30d-ce594a955e28" CHANGEID="600557002" NUMBER="8" OPERTYPEID="10" PREVID="0" NEXTID="0" UPDATEDATE="2024-09-05" STARTDATE="2024-09-05" ENDDATE="2079-06-06" ISACTUAL="1" ISACTIVE="1" /><STEAD ID="68626949" OBJECTID="165088313" OBJECTGUID="efb1958c-db12-43e7-acac-9a0a2a936613" CHANGEID="600557014" NUMBER="6" OPERTYPEID="10" PREVID="0" NEXTID="0" UPDATEDATE="2024-09-05" STARTDATE="2024-09-05" ENDDATE="2079-06-06" ISACTUAL="1" ISACTIVE="1" /><STEAD ID="68626954" OBJECTID="165088344" OBJECTGUID="a9eb4497-65bc-4ba0-899a-7962aaf8a8e9" CHANGEID="600557054" NUMBER="2" OPERTYPEID="10" PREVID="0" NEXTID="0" UPDATEDATE="2024-09-05" STARTDATE="2024-09-05" ENDDATE="2079-06-06" ISACTUAL="1" ISACTIVE="1" /><STEAD ID="68627033" OBJECTID="165088435" OBJECTGUID="f445db92-77dc-466e-be01-a201e3b38513" CHANGEID="600557408" NUMBER="5" OPERTYPEID="10" PREVID="0" NEXTID="0" UPDATEDATE="2024-09-05" STARTDATE="2024-09-05" ENDDATE="2079-06-06" ISACTUAL="1" ISACTIVE="1" /><STEAD ID="68626999" OBJECTID="165088397" OBJECTGUID="b8016688-3312-4aa5-b5d3-01ecc6d7bff5" CHANGEID="600557211" NUMBER="15" OPERTYPEID="10" PREVID="0" NEXTID="0" UPDATEDATE="2024-09-05" STARTDATE="2024-09-05" ENDDATE="2079-06-06" ISACTUAL="1" ISACTIVE="1" /><STEAD ID="68627015" OBJECTID="165088416" OBJECTGUID="5d27ef80-0990-4bcc-bb74-1effdaa5194d" CHANGEID="600557261" NUMBER="11" OPERTYPEID="10" PREVID="0" NEXTID="0" UPDATEDATE="2024-09-05" STARTDATE="2024-09-05" ENDDATE="2079-06-06" ISACTUAL="1" ISACTIVE="1" /><STEAD ID="68627019" OBJECTID="165088423" OBJECTGUID="5ff87b3e-8f7a-43aa-814e-f76934f8cd4f" CHANGEID="600557387" NUMBER="7" OPERTYPEID="10" PREVID="0" NEXTID="0" UPDATEDATE="2024-09-05" STARTDATE="2024-09-05" ENDDATE="2079-06-06" ISACTUAL="1" ISACTIVE="1" /><STEAD ID="68627040" OBJECTID="165088461" OBJECTGUID="27610993-2b84-41cd-adaa-f76517cc953d" CHANGEID="600557444" NUMBER="3" OPERTYPEID="10" PREVID="0" NEXTID="0" UPDATEDATE="2024-09-05" STARTDATE="2024-09-05" ENDDATE="2079-06-06" ISACTUAL="1" ISACTIVE="1" /><STEAD ID="68627051" OBJECTID="165088481" OBJECTGUID="ef7e471c-1707-4ad8-a5ff-18fad9251c00" CHANGEID="600557502" NUMBER="1" OPERTYPEID="10" PREVID="0" NEXTID="0" UPDATEDATE="2024-09-05" STARTDATE="2024-09-05" ENDDATE="2079-06-06" ISACTUAL="1" ISACTIVE="1" /><STEAD ID="68627213" OBJECTID="165088789" OBJECTGUID="7d4e6edc-7334-4aed-94a6-3a50c13dd3bd" CHANGEID="600558055" NUMBER="70/132" OPERTYPEID="10" PREVID="0" NEXTID="0" UPDATEDATE="2024-09-05" STARTDATE="2024-09-05" ENDDATE="2079-06-06" ISACTUAL="1" ISACTIVE="1" /><STEAD ID="68627336" OBJECTID="165089169" OBJECTGUID="570a1294-ff54-40cf-8999-af0d336f0372" CHANGEID="600558724" NUMBER="14/1" OPERTYPEID="10" PREVID="0" NEXTID="0" UPDATEDATE="2024-09-05" STARTDATE="2024-09-05" ENDDATE="2079-06-06" ISACTUAL="1" ISACTIVE="1" /><STEAD ID="68627376" OBJECTID="165089213" OBJECTGUID="462ba2bc-5759-4f68-8a92-acc46a09c869" CHANGEID="600558773" NUMBER="14/2" OPERTYPEID="10" PREVID="0" NEXTID="0" UPDATEDATE="2024-09-05" STARTDATE="2024-09-05" ENDDATE="2079-06-06" ISACTUAL="1" ISACTIVE="1" /><STEAD ID="68627382" OBJECTID="165089222" OBJECTGUID="60638f73-2c99-400a-9713-3a9c0f5d837f" CHANGEID="600558800" NUMBER="27А" OPERTYPEID="10" PREVID="0" NEXTID="0" UPDATEDATE="2024-09-05" STARTDATE="2024-09-05" ENDDATE="2079-06-06" ISACTUAL="1" ISACTIVE="1" /><STEAD ID="68627394" OBJECTID="165089244" OBJECTGUID="19e88591-fbbe-4dbb-bf51-18ebf93bd0b8" CHANGEID="600558873" NUMBER="23" OPERTYPEID="10" PREVID="0" NEXTID="0" UPDATEDATE="2024-09-05" STARTDATE="2024-09-05" ENDDATE="2079-06-06" ISACTUAL="1" ISACTIVE="1" /><STEAD ID="68627403" OBJECTID="165089256" OBJECTGUID="6d8c826a-35df-4d1c-980d-5dc4e7caead2" CHANGEID="600558927" NUMBER="22" OPERTYPEID="10" PREVID="0" NEXTID="0" UPDATEDATE="2024-09-05" STARTDATE="2024-09-05" ENDDATE="2079-06-06" ISACTUAL="1" ISACTIVE="1" /><STEAD ID="68627407" OBJECTID="165089265" OBJECTGUID="2eb683a5-08c1-4fa1-9dd2-3db77b456dd9" CHANGEID="600558939" NUMBER="10" OPERTYPEID="10" PREVID="0" NEXTID="0" UPDATEDATE="2024-09-05" STARTDATE="2024-09-05" ENDDATE="2079-06-06" ISACTUAL="1" ISACTIVE="1" /><STEAD ID="68627408" OBJECTID="165089268" OBJECTGUID="f3ac5282-2843-4b13-bb5e-f198c27fef36" CHANGEID="600558943" NUMBER="9А" OPERTYPEID="10" PREVID="0" NEXTID="0" UPDATEDATE="2024-09-05" STARTDATE="2024-09-05" ENDDATE="2079-06-06" ISACTUAL="1" ISACTIVE="1" /><STEAD ID="68627422" OBJECTID="165089289" OBJECTGUID="7c972b12-0ca0-44ab-8912-b96b42d5d0f7" CHANGEID="600558969" NUMBER="4" OPERTYPEID="10" PREVID="0" NEXTID="0" UPDATEDATE="2024-09-05" STARTDATE="2024-09-05" ENDDATE="2079-06-06" ISACTUAL="1" ISACTIVE="1" /><STEAD ID="68627428" OBJECTID="165089301" OBJECTGUID="00723ff0-ce04-406a-9ff5-5ef5a3b15cda" CHANGEID="600558987" NUMBER="3А" OPERTYPEID="10" PREVID="0" NEXTID="0" UPDATEDATE="2024-09-05" STARTDATE="2024-09-05" ENDDATE="2079-06-06" ISACTUAL="1" ISACTIVE="1" /><STEAD ID="68627378" OBJECTID="165089216" OBJECTGUID="0e530500-29a4-467e-8e7a-859799ef26dd" CHANGEID="600558789" NUMBER="29" OPERTYPEID="10" PREVID="0" NEXTID="0" UPDATEDATE="2024-09-05" STARTDATE="2024-09-05" ENDDATE="2079-06-06" ISACTUAL="1" ISACTIVE="1" /><STEAD ID="68627385" OBJECTID="165089228" OBJECTGUID="57f7566f-414d-4c46-8733-dff68b923074" CHANGEID="600558807" NUMBER="27" OPERTYPEID="10" PREVID="0" NEXTID="0" UPDATEDATE="2024-09-05" STARTDATE="2024-09-05" ENDDATE="2079-06-06" ISACTUAL="1" ISACTIVE="1" /><STEAD ID="68627392" OBJECTID="165089241" OBJECTGUID="3b1d30f6-dca0-4b84-af47-5c1b96f0758f" CHANGEID="600558866" NUMBER="25" OPERTYPEID="10" PREVID="0" NEXTID="0" UPDATEDATE="2024-09-05" STARTDATE="2024-09-05" ENDDATE="2079-06-06" ISACTUAL="1" ISACTIVE="1" /><STEAD ID="68627396" OBJECTID="165089249" OBJECTGUID="60dac9fd-dc71-4d21-bfdd-363dffd02248" CHANGEID="600558878" NUMBER="21А" OPERTYPEID="10" PREVID="0" NEXTID="0" UPDATEDATE="2024-09-05" STARTDATE="2024-09-05" ENDDATE="2079-06-06" ISACTUAL="1" ISACTIVE="1" /><STEAD ID="68627399" OBJECTID="165089251" OBJECTGUID="9d768949-ca45-41a4-82c6-b6cded1efd11" CHANGEID="600558898" NUMBER="26А" OPERTYPEID="10" PREVID="0" NEXTID="0" UPDATEDATE="2024-09-05" STARTDATE="2024-09-05" ENDDATE="2079-06-06" ISACTUAL="1" ISACTIVE="1" /><STEAD ID="68627401" OBJECTID="165089253" OBJECTGUID="502987f2-abc5-4053-a64d-ec30c5ad09ad" CHANGEID="600558902" NUMBER="24" OPERTYPEID="10" PREVID="0" NEXTID="0" UPDATEDATE="2024-09-05" STARTDATE="2024-09-05" ENDDATE="2079-06-06" ISACTUAL="1" ISACTIVE="1" /><STEAD ID="68627410" OBJECTID="165089273" OBJECTGUID="6d5d542f-8e1f-46e4-8194-bc0042da65ac" CHANGEID="600558949" NUMBER="8" OPERTYPEID="10" PREVID="0" NEXTID="0" UPDATEDATE="2024-09-05" STARTDATE="2024-09-05" ENDDATE="2079-06-06" ISACTUAL="1" ISACTIVE="1" /><STEAD ID="68627425" OBJECTID="165089297" OBJECTGUID="a1e42609-703d-4fbb-aa4c-6adbefaa8a94" CHANGEID="600558980" NUMBER="3Б" OPERTYPEID="10" PREVID="0" NEXTID="0" UPDATEDATE="2024-09-05" STARTDATE="2024-09-05" ENDDATE="2079-06-06" ISACTUAL="1" ISACTIVE="1" /><STEAD ID="68627433" OBJECTID="165089305" OBJECTGUID="592b8d18-344d-4ce3-9349-8a2394d277b5" CHANGEID="600558995" NUMBER="4а" OPERTYPEID="10" PREVID="0" NEXTID="0" UPDATEDATE="2024-09-05" STARTDATE="2024-09-05" ENDDATE="2079-06-06" ISACTUAL="1" ISACTIVE="1" /><STEAD ID="68627438" OBJECTID="165089323" OBJECTGUID="8cee6a5c-5dbd-432f-b447-e41a9296b3c8" CHANGEID="600559019" NUMBER="2а" OPERTYPEID="10" PREVID="0" NEXTID="0" UPDATEDATE="2024-09-05" STARTDATE="2024-09-05" ENDDATE="2079-06-06" ISACTUAL="1" ISACTIVE="1" /><STEAD ID="68627439" OBJECTID="165089324" OBJECTGUID="6ccd9c74-e1cf-47bc-b649-9589b2401e5e" CHANGEID="600559023" NUMBER="1" OPERTYPEID="10" PREVID="0" NEXTID="0" UPDATEDATE="2024-09-05" STARTDATE="2024-09-05" ENDDATE="2079-06-06" ISACTUAL="1" ISACTIVE="1" /><STEAD ID="68627441" OBJECTID="165089328" OBJECTGUID="39e001f7-adb7-4c7e-ab1a-826dfe4f9dfe" CHANGEID="600559031" NUMBER="4" OPERTYPEID="10" PREVID="0" NEXTID="0" UPDATEDATE="2024-09-05" STARTDATE="2024-09-05" ENDDATE="2079-06-06" ISACTUAL="1" ISACTIVE="1" /><STEAD ID="68627443" OBJECTID="165089341" OBJECTGUID="733d457c-a42f-4a1e-be27-1e1ed5ba884e" CHANGEID="600559061" NUMBER="13" OPERTYPEID="10" PREVID="0" NEXTID="0" UPDATEDATE="2024-09-05" STARTDATE="2024-09-05" ENDDATE="2079-06-06" ISACTUAL="1" ISACTIVE="1" /><STEAD ID="68627447" OBJECTID="165089345" OBJECTGUID="ac0f84ca-b50b-4c26-9c2b-e906d06edfcc" CHANGEID="600559071" NUMBER="40а" OPERTYPEID="10" PREVID="0" NEXTID="0" UPDATEDATE="2024-09-05" STARTDATE="2024-09-05" ENDDATE="2079-06-06" ISACTUAL="1" ISACTIVE="1" /><STEAD ID="68630144" OBJECTID="98629245" OBJECTGUID="f3f4d1b9-49c9-4212-92f8-59b9f0446592" CHANGEID="600565804" NUMBER="3" OPERTYPEID="30" PREVID="12642128" NEXTID="0" UPDATEDATE="2024-09-06" STARTDATE="2024-09-06" ENDDATE="2079-06-06" ISACTUAL="1" ISACTIVE="0" /><STEAD ID="12642128" OBJECTID="98629245" OBJECTGUID="f3f4d1b9-49c9-4212-92f8-59b9f0446592" CHANGEID="157356433" NUMBER="3" OPERTYPEID="10" PREVID="0" NEXTID="68630144" UPDATEDATE="2024-09-06" STARTDATE="2020-10-09" ENDDATE="2024-09-06" ISACTUAL="0" ISACTIVE="0" /><STEAD ID="68630133" OBJECTID="98629246" OBJECTGUID="8db428ed-30c1-4d0c-80e1-f23f3fd9cc97" CHANGEID="600565775" NUMBER="1" OPERTYPEID="30" PREVID="12642129" NEXTID="0" UPDATEDATE="2024-09-06" STARTDATE="2024-09-06" ENDDATE="2079-06-06" ISACTUAL="1" ISACTIVE="0" /><STEAD ID="12642129" OBJECTID="98629246" OBJECTGUID="8db428ed-30c1-4d0c-80e1-f23f3fd9cc97" CHANGEID="157356437" NUMBER="1" OPERTYPEID="10" PREVID="0" NEXTID="68630133" UPDATEDATE="2024-09-06" STARTDATE="2020-10-09" ENDDATE="2024-09-06" ISACTUAL="0" ISACTIVE="0" /><STEAD ID="68630135" OBJECTID="98629247" OBJECTGUID="0e167d60-9078-4768-bfbb-23b0046528c9" CHANGEID="600565779" NUMBER="8" OPERTYPEID="30" PREVID="12642130" NEXTID="0" UPDATEDATE="2024-09-06" STARTDATE="2024-09-06" ENDDATE="2079-06-06" ISACTUAL="1" ISACTIVE="0" /><STEAD ID="12642130" OBJECTID="98629247" OBJECTGUID="0e167d60-9078-4768-bfbb-23b0046528c9" CHANGEID="157356438" NUMBER="8" OPERTYPEID="10" PREVID="0" NEXTID="68630135" UPDATEDATE="2024-09-06" STARTDATE="2020-10-09" ENDDATE="2024-09-06" ISACTUAL="0" ISACTIVE="0" /><STEAD ID="68630282" OBJECTID="98629184" OBJECTGUID="bf1dcab9-1179-4daa-82f8-ce417bfd7d1b" CHANGEID="600566584" NUMBER="9" OPERTYPEID="30" PREVID="12642072" NEXTID="0" UPDATEDATE="2024-09-06" STARTDATE="2024-09-06" ENDDATE="2079-06-06" ISACTUAL="1" ISACTIVE="0" /><STEAD ID="12642072" OBJECTID="98629184" OBJECTGUID="bf1dcab9-1179-4daa-82f8-ce417bfd7d1b" CHANGEID="157356347" NUMBER="9" OPERTYPEID="10" PREVID="0" NEXTID="68630282" UPDATEDATE="2024-09-06" STARTDATE="2020-10-09" ENDDATE="2024-09-06" ISACTUAL="0" ISACTIVE="0" /><STEAD ID="68630285" OBJECTID="98629187" OBJECTGUID="58fbabd5-15cf-4963-a5b2-bc6406027d10" CHANGEID="600566590" NUMBER="11" OPERTYPEID="30" PREVID="12642075" NEXTID="0" UPDATEDATE="2024-09-06" STARTDATE="2024-09-06" ENDDATE="2079-06-06" ISACTUAL="1" ISACTIVE="0" /><STEAD ID="12642075" OBJECTID="98629187" OBJECTGUID="58fbabd5-15cf-4963-a5b2-bc6406027d10" CHANGEID="157356351" NUMBER="11" OPERTYPEID="10" PREVID="0" NEXTID="68630285" UPDATEDATE="2024-09-06" STARTDATE="2020-10-09" ENDDATE="2024-09-06" ISACTUAL="0" ISACTIVE="0" /><STEAD ID="68630280" OBJECTID="165093916" OBJECTGUID="53eefd3c-c15f-4408-b7a6-ed35d08c77d0" CHANGEID="600566581" NUMBER="9б" OPERTYPEID="10" PREVID="0" NEXTID="0" UPDATEDATE="2024-09-06" STARTDATE="2024-09-06" ENDDATE="2079-06-06" ISACTUAL="1" ISACTIVE="1" /><STEAD ID="68630281" OBJECTID="98629183" OBJECTGUID="b4a52d99-c140-43f7-9928-7d0996f9a48c" CHANGEID="600566583" NUMBER="1" OPERTYPEID="30" PREVID="12642071" NEXTID="0" UPDATEDATE="2024-09-06" STARTDATE="2024-09-06" ENDDATE="2079-06-06" ISACTUAL="1" ISACTIVE="0" /><STEAD ID="68630283" OBJECTID="98629185" OBJECTGUID="e64d6395-94dc-40b7-aa0b-b92155f5bb40" CHANGEID="600566585" NUMBER="14" OPERTYPEID="30" PREVID="12642073" NEXTID="0" UPDATEDATE="2024-09-06" STARTDATE="2024-09-06" ENDDATE="2079-06-06" ISACTUAL="1" ISACTIVE="0" /><STEAD ID="12642073" OBJECTID="98629185" OBJECTGUID="e64d6395-94dc-40b7-aa0b-b92155f5bb40" CHANGEID="157356348" NUMBER="14" OPERTYPEID="10" PREVID="0" NEXTID="68630283" UPDATEDATE="2024-09-06" STARTDATE="2020-10-09" ENDDATE="2024-09-06" ISACTUAL="0" ISACTIVE="0" /><STEAD ID="68630284" OBJECTID="98629186" OBJECTGUID="8f2a20f7-9d7e-4a56-9854-52bf021841a9" CHANGEID="600566587" NUMBER="8" OPERTYPEID="30" PREVID="12642074" NEXTID="0" UPDATEDATE="2024-09-06" STARTDATE="2024-09-06" ENDDATE="2079-06-06" ISACTUAL="1" ISACTIVE="0" /><STEAD ID="12642074" OBJECTID="98629186" OBJECTGUID="8f2a20f7-9d7e-4a56-9854-52bf021841a9" CHANGEID="157356350" NUMBER="8" OPERTYPEID="10" PREVID="0" NEXTID="68630284" UPDATEDATE="2024-09-06" STARTDATE="2020-10-09" ENDDATE="2024-09-06" ISACTUAL="0" ISACTIVE="0" /><STEAD ID="68630287" OBJECTID="98629188" OBJECTGUID="b8d6a4ca-86c8-41d6-aec8-c57fd00d8206" CHANGEID="600566602" NUMBER="8" OPERTYPEID="30" PREVID="12642076" NEXTID="0" UPDATEDATE="2024-09-06" STARTDATE="2024-09-06" ENDDATE="2079-06-06" ISACTUAL="1" ISACTIVE="0" /><STEAD ID="12642076" OBJECTID="98629188" OBJECTGUID="b8d6a4ca-86c8-41d6-aec8-c57fd00d8206" CHANGEID="157356353" NUMBER="8" OPERTYPEID="10" PREVID="0" NEXTID="68630287" UPDATEDATE="2024-09-06" STARTDATE="2020-10-09" ENDDATE="2024-09-06" ISACTUAL="0" ISACTIVE="0" /><STEAD ID="68630835" OBJECTID="165094859" OBJECTGUID="b2df5d44-8a35-477b-aebf-dba8cf20cb19" CHANGEID="600568675" NUMBER="26" OPERTYPEID="10" PREVID="0" NEXTID="0" UPDATEDATE="2024-09-06" STARTDATE="2024-09-06" ENDDATE="2079-06-06" ISACTUAL="1" ISACTIVE="1" /><STEAD ID="68630836" OBJECTID="165094860" OBJECTGUID="b8250698-3c3f-4ee7-bc3d-5b37fc23987b" CHANGEID="600568677" NUMBER="57" OPERTYPEID="10" PREVID="0" NEXTID="0" UPDATEDATE="2024-09-06" STARTDATE="2024-09-06" ENDDATE="2079-06-06" ISACTUAL="1" ISACTIVE="1" /><STEAD ID="68630838" OBJECTID="165094938" OBJECTGUID="25cfa6d9-90ba-4b28-b098-d8c8150bd7e8" CHANGEID="600568776" NUMBER="40я" OPERTYPEID="10" PREVID="0" NEXTID="0" UPDATEDATE="2024-09-06" STARTDATE="2024-09-06" ENDDATE="2079-06-06" ISACTUAL="1" ISACTIVE="1" /><STEAD ID="68630827" OBJECTID="165094849" OBJECTGUID="fbfd9fa8-66dc-4277-803d-87dba381a544" CHANGEID="600568631" NUMBER="12" OPERTYPEID="10" PREVID="0" NEXTID="0" UPDATEDATE="2024-09-06" STARTDATE="2024-09-06" ENDDATE="2079-06-06" ISACTUAL="1" ISACTIVE="1" /><STEAD ID="68630828" OBJECTID="165094850" OBJECTGUID="f96b5cb2-3c1b-4c6d-8765-dd00b26f8bde" CHANGEID="600568633" NUMBER="40" OPERTYPEID="10" PREVID="0" NEXTID="0" UPDATEDATE="2024-09-06" STARTDATE="2024-09-06" ENDDATE="2079-06-06" ISACTUAL="1" ISACTIVE="1" /><STEAD ID="68630837" OBJECTID="165094933" OBJECTGUID="3417162c-8eb1-4cb8-9380-f57166593f1f" CHANGEID="600568767" NUMBER="172б" OPERTYPEID="10" PREVID="0" NEXTID="0" UPDATEDATE="2024-09-06" STARTDATE="2024-09-06" ENDDATE="2079-06-06" ISACTUAL="1" ISACTIVE="1" /><STEAD ID="68631423" OBJECTID="165096191" OBJECTGUID="a719ab26-6b44-4a80-8bfa-4cd192913124" CHANGEID="600570978" NUMBER="731" OPERTYPEID="10" PREVID="0" NEXTID="0" UPDATEDATE="2024-09-06" STARTDATE="2024-09-06" ENDDATE="2079-06-06" ISACTUAL="1" ISACTIVE="1" /><STEAD ID="68636853" OBJECTID="165104333" OBJECTGUID="8963158d-485a-467d-8504-7cf3413a9b98" CHANGEID="600586801" NUMBER="63" OPERTYPEID="10" PREVID="0" NEXTID="0" UPDATEDATE="2024-09-06" STARTDATE="2024-09-06" ENDDATE="2079-06-06" ISACTUAL="1" ISACTIVE="1" /><STEAD ID="68636942" OBJECTID="98677448" OBJECTGUID="d8d7a394-856e-4bd4-8b8a-c186ac4ab4d7" CHANGEID="600587025" NUMBER="19" OPERTYPEID="30" PREVID="12667745" NEXTID="0" UPDATEDATE="2024-09-06" STARTDATE="2024-09-06" ENDDATE="2079-06-06" ISACTUAL="1" ISACTIVE="0" /><STEAD ID="12667745" OBJECTID="98677448" OBJECTGUID="d8d7a394-856e-4bd4-8b8a-c186ac4ab4d7" CHANGEID="157455549" NUMBER="19" OPERTYPEID="10" PREVID="0" NEXTID="68636942" UPDATEDATE="2024-09-06" STARTDATE="2020-10-13" ENDDATE="2024-09-06" ISACTUAL="0" ISACTIVE="0" /><STEAD ID="68637500" OBJECTID="165105373" OBJECTGUID="d639b142-a520-45b1-9b5d-2368f4b808df" CHANGEID="600588332" NUMBER="19а" OPERTYPEID="10" PREVID="0" NEXTID="0" UPDATEDATE="2024-09-06" STARTDATE="2024-09-06" ENDDATE="2079-06-06" ISACTUAL="1" ISACTIVE="1" /><STEAD ID="68638240" OBJECTID="165106333" OBJECTGUID="5b366181-680d-4645-b3bc-889138803a83" CHANGEID="600590026" NUMBER="113" OPERTYPEID="10" PREVID="0" NEXTID="0" UPDATEDATE="2024-09-06" STARTDATE="2024-09-06" ENDDATE="2079-06-06" ISACTUAL="1" ISACTIVE="1" /><STEAD ID="68638425" OBJECTID="165106529" OBJECTGUID="bbd8e273-8f73-4bfd-8a86-24ea70069879" CHANGEID="600590532" NUMBER="65" OPERTYPEID="10" PREVID="0" NEXTID="0" UPDATEDATE="2024-09-06" STARTDATE="2024-09-06" ENDDATE="2079-06-06" ISACTUAL="1" ISACTIVE="1" /><STEAD ID="68638426" OBJECTID="165106530" OBJECTGUID="dfe3a620-51b9-4321-a7bc-78cb718aa003" CHANGEID="600590533" NUMBER="59" OPERTYPEID="10" PREVID="0" NEXTID="0" UPDATEDATE="2024-09-06" STARTDATE="2024-09-06" ENDDATE="2079-06-06" ISACTUAL="1" ISACTIVE="1" /><STEAD ID="68638427" OBJECTID="165106531" OBJECTGUID="90dc95ba-6e69-430f-b668-9320b0983754" CHANGEID="600590534" NUMBER="57" OPERTYPEID="10" PREVID="0" NEXTID="0" UPDATEDATE="2024-09-06" STARTDATE="2024-09-06" ENDDATE="2079-06-06" ISACTUAL="1" ISACTIVE="1" /><STEAD ID="68639026" OBJECTID="165107763" OBJECTGUID="c5eaf092-9034-4897-bce3-7a04b26aa5c7" CHANGEID="600592433" NUMBER="216" OPERTYPEID="10" PREVID="0" NEXTID="0" UPDATEDATE="2024-09-06" STARTDATE="2024-09-06" ENDDATE="2079-06-06" ISACTUAL="1" ISACTIVE="1" /><STEAD ID="68639092" OBJECTID="165107880" OBJECTGUID="c3e2185c-9320-421c-b36b-91e02d5d1555" CHANGEID="600592603" NUMBER="61" OPERTYPEID="10" PREVID="0" NEXTID="0" UPDATEDATE="2024-09-06" STARTDATE="2024-09-06" ENDDATE="2079-06-06" ISACTUAL="1" ISACTIVE="1" /><STEAD ID="68639099" OBJECTID="165107890" OBJECTGUID="64ecab75-99c3-42db-966c-fa417b350fe1" CHANGEID="600592621" NUMBER="43" OPERTYPEID="10" PREVID="0" NEXTID="0" UPDATEDATE="2024-09-06" STARTDATE="2024-09-06" ENDDATE="2079-06-06" ISACTUAL="1" ISACTIVE="1" /><STEAD ID="68641813" OBJECTID="165113189" OBJECTGUID="a475f93d-d1c3-458b-b744-46271f351962" CHANGEID="600701301" NUMBER="73" OPERTYPEID="10" PREVID="0" NEXTID="0" UPDATEDATE="2024-09-06" STARTDATE="2024-09-06" ENDDATE="2079-06-06" ISACTUAL="1" ISACTIVE="1" /><STEAD ID="68641814" OBJECTID="165113190" OBJECTGUID="60d84cbb-bc6e-439a-be39-14f775569e87" CHANGEID="600701302" NUMBER="78" OPERTYPEID="10" PREVID="0" NEXTID="0" UPDATEDATE="2024-09-06" STARTDATE="2024-09-06" ENDDATE="2079-06-06" ISACTUAL="1" ISACTIVE="1" /><STEAD ID="68641815" OBJECTID="165113191" OBJECTGUID="e46511b6-d264-45a7-b1b1-41004a4684d7" CHANGEID="600701303" NUMBER="88" OPERTYPEID="10" PREVID="0" NEXTID="0" UPDATEDATE="2024-09-06" STARTDATE="2024-09-06" ENDDATE="2079-06-06" ISACTUAL="1" ISACTIVE="1" /><STEAD ID="68641816" OBJECTID="165113192" OBJECTGUID="59e1617f-a4ec-4441-93c9-aa6df19076d0" CHANGEID="600701304" NUMBER="91" OPERTYPEID="10" PREVID="0" NEXTID="0" UPDATEDATE="2024-09-06" STARTDATE="2024-09-06" ENDDATE="2079-06-06" ISACTUAL="1" ISACTIVE="1" /><STEAD ID="68642174" OBJECTID="165113594" OBJECTGUID="3b98a737-2700-41a0-90ff-cd27068c02a1" CHANGEID="600701985" NUMBER="3" OPERTYPEID="10" PREVID="0" NEXTID="0" UPDATEDATE="2024-09-06" STARTDATE="2024-09-06" ENDDATE="2079-06-06" ISACTUAL="1" ISACTIVE="1" /><STEAD ID="68642175" OBJECTID="165113595" OBJECTGUID="0a26cf72-ffdf-4cf6-a3a4-028f1c8674f8" CHANGEID="600701986" NUMBER="5" OPERTYPEID="10" PREVID="0" NEXTID="0" UPDATEDATE="2024-09-06" STARTDATE="2024-09-06" ENDDATE="2079-06-06" ISACTUAL="1" ISACTIVE="1" /><STEAD ID="68642203" OBJECTID="165113637" OBJECTGUID="f801a511-c290-44b4-811c-8bbe10b87597" CHANGEID="600702067" NUMBER="19" OPERTYPEID="10" PREVID="0" NEXTID="0" UPDATEDATE="2024-09-06" STARTDATE="2024-09-06" ENDDATE="2079-06-06" ISACTUAL="1" ISACTIVE="1" /><STEAD ID="68642204" OBJECTID="165113638" OBJECTGUID="6c714568-e2e3-4ab0-be83-31eeab886789" CHANGEID="600702068" NUMBER="20" OPERTYPEID="10" PREVID="0" NEXTID="0" UPDATEDATE="2024-09-06" STARTDATE="2024-09-06" ENDDATE="2079-06-06" ISACTUAL="1" ISACTIVE="1" /><STEAD ID="68642205" OBJECTID="165113639" OBJECTGUID="a8a9daf6-6ff0-45ec-ac80-18a741144144" CHANGEID="600702069" NUMBER="27" OPERTYPEID="10" PREVID="0" NEXTID="0" UPDATEDATE="2024-09-06" STARTDATE="2024-09-06" ENDDATE="2079-06-06" ISACTUAL="1" ISACTIVE="1" /><STEAD ID="68642206" OBJECTID="165113640" OBJECTGUID="6dcd157f-b1d9-4520-9c57-8ce869e359ba" CHANGEID="600702070" NUMBER="37" OPERTYPEID="10" PREVID="0" NEXTID="0" UPDATEDATE="2024-09-06" STARTDATE="2024-09-06" ENDDATE="2079-06-06" ISACTUAL="1" ISACTIVE="1" /><STEAD ID="68642207" OBJECTID="165113641" OBJECTGUID="d8a62d45-3093-415b-9a15-8455348b1ba4" CHANGEID="600702071" NUMBER="36" OPERTYPEID="10" PREVID="0" NEXTID="0" UPDATEDATE="2024-09-06" STARTDATE="2024-09-06" ENDDATE="2079-06-06" ISACTUAL="1" ISACTIVE="1" /><STEAD ID="68642208" OBJECTID="165113642" OBJECTGUID="0f6bfcd1-087d-4b3f-87e7-443be42f78f8" CHANGEID="600702072" NUMBER="35" OPERTYPEID="10" PREVID="0" NEXTID="0" UPDATEDATE="2024-09-06" STARTDATE="2024-09-06" ENDDATE="2079-06-06" ISACTUAL="1" ISACTIVE="1" /><STEAD ID="68642209" OBJECTID="165113643" OBJECTGUID="88f5a94e-019a-4dd3-970e-e54684ca95f6" CHANGEID="600702073" NUMBER="33" OPERTYPEID="10" PREVID="0" NEXTID="0" UPDATEDATE="2024-09-06" STARTDATE="2024-09-06" ENDDATE="2079-06-06" ISACTUAL="1" ISACTIVE="1" /><STEAD ID="68642641" OBJECTID="85416832" OBJECTGUID="f1c122f9-da1a-4f4a-af63-4cd49fdddda1" CHANGEID="600703259" NUMBER="97" OPERTYPEID="30" PREVID="865897" NEXTID="0" UPDATEDATE="2024-09-06" STARTDATE="2024-09-06" ENDDATE="2079-06-06" ISACTUAL="1" ISACTIVE="0" /><STEAD ID="865897" OBJECTID="85416832" OBJECTGUID="f1c122f9-da1a-4f4a-af63-4cd49fdddda1" CHANGEID="126829709" NUMBER="97" OPERTYPEID="10" NEXTID="68642641" UPDATEDATE="2024-09-06" STARTDATE="2018-05-16" ENDDATE="2024-09-06" ISACTUAL="0" ISACTIVE="0" /><STEAD ID="68642642" OBJECTID="85416146" OBJECTGUID="a5cff2ce-df8e-424b-bb2e-f05b788cc2e3" CHANGEID="600703260" NUMBER="99" OPERTYPEID="30" PREVID="865210" NEXTID="0" UPDATEDATE="2024-09-06" STARTDATE="2024-09-06" ENDDATE="2079-06-06" ISACTUAL="1" ISACTIVE="0" /><STEAD ID="865210" OBJECTID="85416146" OBJECTGUID="a5cff2ce-df8e-424b-bb2e-f05b788cc2e3" CHANGEID="126828755" NUMBER="99" OPERTYPEID="10" NEXTID="68642642" UPDATEDATE="2024-09-06" STARTDATE="2018-05-16" ENDDATE="2024-09-06" ISACTUAL="0" ISACTIVE="0" /><STEAD ID="68642643" OBJECTID="85259438" OBJECTGUID="b51f3d83-c85c-4876-99a5-a60b836995ea" CHANGEID="600703261" NUMBER="91" OPERTYPEID="30" PREVID="707569" NEXTID="0" UPDATEDATE="2024-09-06" STARTDATE="2024-09-06" ENDDATE="2079-06-06" ISACTUAL="1" ISACTIVE="0" /><STEAD ID="707569" OBJECTID="85259438" OBJECTGUID="b51f3d83-c85c-4876-99a5-a60b836995ea" CHANGEID="126606774" NUMBER="91" OPERTYPEID="10" NEXTID="68642643" UPDATEDATE="2024-09-06" STARTDATE="2018-05-16" ENDDATE="2024-09-06" ISACTUAL="0" ISACTIVE="0" /><STEAD ID="68642749" OBJECTID="165114546" OBJECTGUID="359d87ba-5184-4bec-9fb9-cd13b376431d" CHANGEID="600703496" NUMBER="19а" OPERTYPEID="10" PREVID="0" NEXTID="0" UPDATEDATE="2024-09-06" STARTDATE="2024-09-06" ENDDATE="2079-06-06" ISACTUAL="1" ISACTIVE="1" /><STEAD ID="68642977" OBJECTID="165115109" OBJECTGUID="5836e155-2388-4894-aba5-496c731a0be0" CHANGEID="600704459" NUMBER="61" OPERTYPEID="10" PREVID="0" NEXTID="0" UPDATEDATE="2024-09-06" STARTDATE="2024-09-06" ENDDATE="2079-06-06" ISACTUAL="1" ISACTIVE="1" /><STEAD ID="68643415" OBJECTID="165115392" OBJECTGUID="4601b7f7-827e-41f6-8e52-4e2e8772b1f0" CHANGEID="600705241" NUMBER="19" OPERTYPEID="10" PREVID="0" NEXTID="0" UPDATEDATE="2024-09-06" STARTDATE="2024-09-06" ENDDATE="2079-06-06" ISACTUAL="1" ISACTIVE="1" /><STEAD ID="68646476" OBJECTID="165120274" OBJECTGUID="55f3e1d0-16cc-454e-9304-224e1ad2029e" CHANGEID="600742960" NUMBER="1" OPERTYPEID="10" PREVID="0" NEXTID="0" UPDATEDATE="2024-09-09" STARTDATE="2024-09-09" ENDDATE="2079-06-06" ISACTUAL="1" ISACTIVE="1" /><STEAD ID="68646875" OBJECTID="90899230" OBJECTGUID="84854c08-79a8-4950-8974-033b687df8fc" CHANGEID="600744421" NUMBER="5" OPERTYPEID="60" PREVID="6364408" UPDATEDATE="2024-09-09" STARTDATE="2024-09-09" ENDDATE="2079-06-06" ISACTUAL="1" ISACTIVE="0" /><STEAD ID="68646876" OBJECTID="165120878" OBJECTGUID="36b09e41-953d-44c3-a650-2685403b4a56" CHANGEID="600744422" NUMBER="5" OPERTYPEID="61" PREVID="68646875" NEXTID="0" UPDATEDATE="2024-09-09" STARTDATE="2024-09-09" ENDDATE="2079-06-06" ISACTUAL="1" ISACTIVE="1" /><STEAD ID="68646877" OBJECTID="165120879" OBJECTGUID="8a1ca135-46dc-4743-9366-ce5cac50e7d8" CHANGEID="600744423" NUMBER="5б" OPERTYPEID="61" PREVID="68646875" NEXTID="0" UPDATEDATE="2024-09-09" STARTDATE="2024-09-09" ENDDATE="2079-06-06" ISACTUAL="1" ISACTIVE="1" /><STEAD ID="68646890" OBJECTID="94927245" OBJECTGUID="92486d96-9b23-4b2f-8d32-82d432d7292e" CHANGEID="600744530" NUMBER="14/2" OPERTYPEID="30" PREVID="10394124" NEXTID="0" UPDATEDATE="2024-09-09" STARTDATE="2024-09-09" ENDDATE="2079-06-06" ISACTUAL="1" ISACTIVE="0" /><STEAD ID="10394124" OBJECTID="94927245" OBJECTGUID="92486d96-9b23-4b2f-8d32-82d432d7292e" CHANGEID="137881282" NUMBER="14/2" OPERTYPEID="10" NEXTID="68646890" UPDATEDATE="2024-09-09" STARTDATE="2019-10-30" ENDDATE="2024-09-09" ISACTUAL="0" ISACTIVE="0" /><STEAD ID="68646902" OBJECTID="165120997" OBJECTGUID="d65e189f-9870-41d4-aee4-c5983b44d6df" CHANGEID="600744565" NUMBER="15д" OPERTYPEID="10" PREVID="0" NEXTID="0" UPDATEDATE="2024-09-09" STARTDATE="2024-09-09" ENDDATE="2079-06-06" ISACTUAL="1" ISACTIVE="1" /><STEAD ID="68649241" OBJECTID="165124740" OBJECTGUID="67ba3880-04bd-4c4a-9ac5-8eda722af67a" CHANGEID="600749697" NUMBER="9" OPERTYPEID="10" PREVID="0" NEXTID="0" UPDATEDATE="2024-09-09" STARTDATE="2024-09-09" ENDDATE="2079-06-06" ISACTUAL="1" ISACTIVE="1" /><STEAD ID="68651182" OBJECTID="86812633" OBJECTGUID="0e6154ac-1131-4c81-9447-0b7d43fbd915" CHANGEID="600754069" NUMBER="2" OPERTYPEID="30" PREVID="2268227" NEXTID="0" UPDATEDATE="2024-09-09" STARTDATE="2024-09-09" ENDDATE="2079-06-06" ISACTUAL="1" ISACTIVE="0" /><STEAD ID="2268227" OBJECTID="86812633" OBJECTGUID="0e6154ac-1131-4c81-9447-0b7d43fbd915" CHANGEID="128713428" NUMBER="2" OPERTYPEID="10" NEXTID="68651182" UPDATEDATE="2024-09-09" STARTDATE="2015-08-24" ENDDATE="2024-09-09" ISACTUAL="0" ISACTIVE="0" /><STEAD ID="68654902" OBJECTID="165133743" OBJECTGUID="c33d64f5-1fbe-4136-8116-54c340ae6a8e" CHANGEID="600764021" NUMBER="14/2" OPERTYPEID="10" PREVID="0" NEXTID="0" UPDATEDATE="2024-09-09" STARTDATE="2024-09-09" ENDDATE="2079-06-06" ISACTUAL="1" ISACTIVE="1" /><STEAD ID="68655903" OBJECTID="165135219" OBJECTGUID="88cf7681-d171-493a-98cd-78706cc3de08" CHANGEID="600765955" NUMBER="12/2" OPERTYPEID="10" PREVID="0" NEXTID="0" UPDATEDATE="2024-09-09" STARTDATE="2024-09-09" ENDDATE="2079-06-06" ISACTUAL="1" ISACTIVE="1" /><STEAD ID="68655856" OBJECTID="165135167" OBJECTGUID="575161b1-063e-49dd-8518-6aa572666620" CHANGEID="600765877" NUMBER="12/1" OPERTYPEID="10" PREVID="0" NEXTID="0" UPDATEDATE="2024-09-09" STARTDATE="2024-09-09" ENDDATE="2079-06-06" ISACTUAL="1" ISACTIVE="1" /><STEAD ID="68656442" OBJECTID="165136346" OBJECTGUID="90e1bb6b-67a8-4936-bbc3-ac1aeda5b81c" CHANGEID="600767413" NUMBER="18" OPERTYPEID="10" PREVID="0" NEXTID="0" UPDATEDATE="2024-09-09" STARTDATE="2024-09-09" ENDDATE="2079-06-06" ISACTUAL="1" ISACTIVE="1" /><STEAD ID="68657799" OBJECTID="98660208" OBJECTGUID="94105dd9-0086-4dcc-94b1-86431195e551" CHANGEID="600772704" NUMBER="12" OPERTYPEID="30" PREVID="12657602" NEXTID="0" UPDATEDATE="2024-09-09" STARTDATE="2024-09-09" ENDDATE="2079-06-06" ISACTUAL="1" ISACTIVE="0" /><STEAD ID="12657602" OBJECTID="98660208" OBJECTGUID="94105dd9-0086-4dcc-94b1-86431195e551" CHANGEID="157425516" NUMBER="12" OPERTYPEID="10" PREVID="0" NEXTID="68657799" UPDATEDATE="2024-09-09" STARTDATE="2020-10-12" ENDDATE="2024-09-09" ISACTUAL="0" ISACTIVE="0" /><STEAD ID="68657988" OBJECTID="165139486" OBJECTGUID="2a86aa0e-9069-4a04-9327-7b117e726eaf" CHANGEID="600773309" NUMBER="30а" OPERTYPEID="10" PREVID="0" NEXTID="0" UPDATEDATE="2024-09-09" STARTDATE="2024-09-09" ENDDATE="2079-06-06" ISACTUAL="1" ISACTIVE="1" /><STEAD ID="68660952" OBJECTID="165145111" OBJECTGUID="b1a59547-20e7-4265-84fe-a814dba65cba" CHANGEID="600783123" NUMBER="2" OPERTYPEID="10" PREVID="0" NEXTID="0" UPDATEDATE="2024-09-09" STARTDATE="2024-09-09" ENDDATE="2079-06-06" ISACTUAL="1" ISACTIVE="1" /><STEAD ID="68661413" OBJECTID="165146108" OBJECTGUID="ae88d771-b73b-4d17-9b21-5cf4b12285fa" CHANGEID="600784419" NUMBER="13" OPERTYPEID="10" PREVID="0" NEXTID="0" UPDATEDATE="2024-09-09" STARTDATE="2024-09-09" ENDDATE="2079-06-06" ISACTUAL="1" ISACTIVE="1" /><STEAD ID="68661432" OBJECTID="165146128" OBJECTGUID="f31f58a4-6cd0-4b08-b674-3bb84aeb819f" CHANGEID="600784449" NUMBER="16а" OPERTYPEID="10" PREVID="0" NEXTID="0" UPDATEDATE="2024-09-09" STARTDATE="2024-09-09" ENDDATE="2079-06-06" ISACTUAL="1" ISACTIVE="1" /><STEAD ID="68662204" OBJECTID="85430662" OBJECTGUID="cf2b2d46-d13c-428c-8b5a-9a1d8f3b984e" CHANGEID="600786581" NUMBER="29" OPERTYPEID="30" PREVID="879782" NEXTID="0" UPDATEDATE="2024-09-09" STARTDATE="2024-09-09" ENDDATE="2079-06-06" ISACTUAL="1" ISACTIVE="0" /><STEAD ID="68662255" OBJECTID="101440001" OBJECTGUID="35bb24d7-e109-4f36-b0cf-0ba46ed01aaf" CHANGEID="600786679" NUMBER="22" OPERTYPEID="30" PREVID="14238732" NEXTID="0" UPDATEDATE="2024-09-09" STARTDATE="2024-09-09" ENDDATE="2079-06-06" ISACTUAL="1" ISACTIVE="0" /><STEAD ID="14238732" OBJECTID="101440001" OBJECTGUID="35bb24d7-e109-4f36-b0cf-0ba46ed01aaf" CHANGEID="194937427" NUMBER="22" OPERTYPEID="10" PREVID="0" NEXTID="68662255" UPDATEDATE="2024-09-09" STARTDATE="2021-06-03" ENDDATE="2024-09-09" ISACTUAL="0" ISACTIVE="0" /><STEAD ID="68662313" OBJECTID="85428895" OBJECTGUID="401c4f1f-ed95-44ce-b63e-035ca7444515" CHANGEID="600786819" NUMBER="21а" OPERTYPEID="30" PREVID="878010" NEXTID="0" UPDATEDATE="2024-09-09" STARTDATE="2024-09-09" ENDDATE="2079-06-06" ISACTUAL="1" ISACTIVE="0" /><STEAD ID="68662409" OBJECTID="101440005" OBJECTGUID="4d007d50-f309-4b23-b149-14d31db3ff62" CHANGEID="600787027" NUMBER="16а" OPERTYPEID="30" PREVID="14238736" NEXTID="0" UPDATEDATE="2024-09-09" STARTDATE="2024-09-09" ENDDATE="2079-06-06" ISACTUAL="1" ISACTIVE="0" /><STEAD ID="14238736" OBJECTID="101440005" OBJECTGUID="4d007d50-f309-4b23-b149-14d31db3ff62" CHANGEID="194937434" NUMBER="16а" OPERTYPEID="10" PREVID="0" NEXTID="68662409" UPDATEDATE="2024-09-09" STARTDATE="2021-06-03" ENDDATE="2024-09-09" ISACTUAL="0" ISACTIVE="0" /><STEAD ID="68662524" OBJECTID="94199842" OBJECTGUID="0267214b-9284-4271-987c-edd8960bdc9c" CHANGEID="600787305" NUMBER="10" OPERTYPEID="30" PREVID="9666645" NEXTID="0" UPDATEDATE="2024-09-09" STARTDATE="2024-09-09" ENDDATE="2079-06-06" ISACTUAL="1" ISACTIVE="0" /><STEAD ID="68662610" OBJECTID="94160940" OBJECTGUID="1ae666ba-cab2-4b0e-9cc2-ecd29249e7b1" CHANGEID="600787518" NUMBER="1" OPERTYPEID="30" PREVID="9627942" NEXTID="0" UPDATEDATE="2024-09-09" STARTDATE="2024-09-09" ENDDATE="2079-06-06" ISACTUAL="1" ISACTIVE="0" /><STEAD ID="9627942" OBJECTID="94160940" OBJECTGUID="1ae666ba-cab2-4b0e-9cc2-ecd29249e7b1" CHANGEID="137099544" NUMBER="1" OPERTYPEID="10" NEXTID="68662610" UPDATEDATE="2024-09-09" STARTDATE="2019-12-04" ENDDATE="2024-09-09" ISACTUAL="0" ISACTIVE="0" /><STEAD ID="68662781" OBJECTID="101440035" OBJECTGUID="b20ec9cf-139a-43a1-a438-bfd8b70173c9" CHANGEID="600787919" NUMBER="3" OPERTYPEID="30" PREVID="14238763" NEXTID="0" UPDATEDATE="2024-09-09" STARTDATE="2024-09-09" ENDDATE="2079-06-06" ISACTUAL="1" ISACTIVE="0" /><STEAD ID="68662928" OBJECTID="93799523" OBJECTGUID="19a960c2-fde0-4f4e-823a-0194b9346ba5" CHANGEID="600788253" NUMBER="7а" OPERTYPEID="30" PREVID="9266240" NEXTID="0" UPDATEDATE="2024-09-09" STARTDATE="2024-09-09" ENDDATE="2079-06-06" ISACTUAL="1" ISACTIVE="0" /><STEAD ID="68662959" OBJECTID="90078832" OBJECTGUID="62d69dfe-6104-48fd-953e-b91c772eb673" CHANGEID="600788307" NUMBER="7б" OPERTYPEID="30" PREVID="5543111" NEXTID="0" UPDATEDATE="2024-09-09" STARTDATE="2024-09-09" ENDDATE="2079-06-06" ISACTUAL="1" ISACTIVE="0" /><STEAD ID="68662971" OBJECTID="89163271" OBJECTGUID="d01e6f0b-39bd-43a6-8789-7f4dafa01e96" CHANGEID="600788347" NUMBER="7в" OPERTYPEID="30" PREVID="4626072" NEXTID="0" UPDATEDATE="2024-09-09" STARTDATE="2024-09-09" ENDDATE="2079-06-06" ISACTUAL="1" ISACTIVE="0" /><STEAD ID="68663274" OBJECTID="93775961" OBJECTGUID="fa70fb7e-dc87-4663-b17d-d6d9ead705a2" CHANGEID="600789265" NUMBER="14" OPERTYPEID="30" PREVID="9242657" NEXTID="0" UPDATEDATE="2024-09-09" STARTDATE="2024-09-09" ENDDATE="2079-06-06" ISACTUAL="1" ISACTIVE="0" /><STEAD ID="9242657" OBJECTID="93775961" OBJECTGUID="fa70fb7e-dc87-4663-b17d-d6d9ead705a2" CHANGEID="136691920" NUMBER="14" OPERTYPEID="10" NEXTID="68663274" UPDATEDATE="2024-09-09" STARTDATE="2019-12-02" ENDDATE="2024-09-09" ISACTUAL="0" ISACTIVE="0" /><STEAD ID="68663555" OBJECTID="94737608" OBJECTGUID="1826f7aa-f133-40e9-bae6-6ef352176874" CHANGEID="600790397" NUMBER="33" OPERTYPEID="30" PREVID="10204496" NEXTID="0" UPDATEDATE="2024-09-09" STARTDATE="2024-09-09" ENDDATE="2079-06-06" ISACTUAL="1" ISACTIVE="0" /><STEAD ID="10204496" OBJECTID="94737608" OBJECTGUID="1826f7aa-f133-40e9-bae6-6ef352176874" CHANGEID="137689804" NUMBER="33" OPERTYPEID="10" NEXTID="68663555" UPDATEDATE="2024-09-09" STARTDATE="2019-09-08" ENDDATE="2024-09-09" ISACTUAL="0" ISACTIVE="0" /><STEAD ID="68668022" OBJECTID="165158335" OBJECTGUID="fe385cfc-ef4c-4d1f-8afd-bbf8b6e519bf" CHANGEID="600808303" NUMBER="1" OPERTYPEID="10" PREVID="0" NEXTID="0" UPDATEDATE="2024-09-10" STARTDATE="2024-09-10" ENDDATE="2079-06-06" ISACTUAL="1" ISACTIVE="1" /><STEAD ID="68668302" OBJECTID="94158915" OBJECTGUID="0a6256b6-daa6-46e7-a6d8-8837b79a146d" CHANGEID="600808853" NUMBER="3" OPERTYPEID="30" PREVID="9625715" NEXTID="0" UPDATEDATE="2024-09-10" STARTDATE="2024-09-10" ENDDATE="2079-06-06" ISACTUAL="1" ISACTIVE="0" /><STEAD ID="68668979" OBJECTID="94159537" OBJECTGUID="bf1d52b3-35e4-42ce-86f7-0674524ee60e" CHANGEID="600810904" NUMBER="1" OPERTYPEID="30" PREVID="9626342" NEXTID="0" UPDATEDATE="2024-09-10" STARTDATE="2024-09-10" ENDDATE="2079-06-06" ISACTUAL="1" ISACTIVE="0" /><STEAD ID="68673933" OBJECTID="165167930" OBJECTGUID="6530c2a9-71f1-4e4c-9aae-44edcfbaa4f6" CHANGEID="600823709" NUMBER="14" OPERTYPEID="10" PREVID="0" NEXTID="0" UPDATEDATE="2024-09-10" STARTDATE="2024-09-10" ENDDATE="2079-06-06" ISACTUAL="1" ISACTIVE="1" /><STEAD ID="68674840" OBJECTID="91200697" OBJECTGUID="754016be-7cb3-4fe1-95b8-0e7b0288fec7" CHANGEID="600824918" NUMBER="12" OPERTYPEID="30" PREVID="6666102" NEXTID="0" UPDATEDATE="2024-09-10" STARTDATE="2024-09-10" ENDDATE="2079-06-06" ISACTUAL="1" ISACTIVE="0" /><STEAD ID="6666102" OBJECTID="91200697" OBJECTGUID="754016be-7cb3-4fe1-95b8-0e7b0288fec7" CHANGEID="133896591" NUMBER="12" OPERTYPEID="10" NEXTID="68674840" UPDATEDATE="2024-09-10" STARTDATE="2019-11-19" ENDDATE="2024-09-10" ISACTUAL="0" ISACTIVE="0" /><STEAD ID="68679548" OBJECTID="90094730" OBJECTGUID="d577a315-2577-4a27-a307-beb2f2c451a3" CHANGEID="600837217" NUMBER="8" OPERTYPEID="60" PREVID="5559048" UPDATEDATE="2024-09-10" STARTDATE="2024-09-10" ENDDATE="2079-06-06" ISACTUAL="1" ISACTIVE="0" /><STEAD ID="68679549" OBJECTID="165176911" OBJECTGUID="8571ae80-3d75-4a46-96c8-24d766ac5e5a" CHANGEID="600837218" NUMBER="8а" OPERTYPEID="61" PREVID="68679548" NEXTID="0" UPDATEDATE="2024-09-10" STARTDATE="2024-09-10" ENDDATE="2079-06-06" ISACTUAL="1" ISACTIVE="1" /><STEAD ID="68679550" OBJECTID="165176912" OBJECTGUID="f2bb41c6-f087-496c-a5d0-1860d2a86c54" CHANGEID="600837219" NUMBER="8" OPERTYPEID="61" PREVID="68679548" NEXTID="0" UPDATEDATE="2024-09-10" STARTDATE="2024-09-10" ENDDATE="2079-06-06" ISACTUAL="1" ISACTIVE="1" /><STEAD ID="68681385" OBJECTID="165179505" OBJECTGUID="6d8306da-688d-4664-8a0e-23971310f644" CHANGEID="600841611" NUMBER="1а" OPERTYPEID="10" PREVID="0" NEXTID="0" UPDATEDATE="2024-09-10" STARTDATE="2024-09-10" ENDDATE="2079-06-06" ISACTUAL="1" ISACTIVE="1" /><STEAD ID="68681844" OBJECTID="165180634" OBJECTGUID="8cb7bb17-bcda-4351-a827-7748a945a942" CHANGEID="600843589" NUMBER="2/1" OPERTYPEID="10" PREVID="0" NEXTID="0" UPDATEDATE="2024-09-10" STARTDATE="2024-09-10" ENDDATE="2079-06-06" ISACTUAL="1" ISACTIVE="1" /><STEAD ID="68681984" OBJECTID="165180815" OBJECTGUID="c07a8ef7-e396-412f-8189-ecb1338c2e88" CHANGEID="600844015" NUMBER="7/53" OPERTYPEID="10" PREVID="0" NEXTID="0" UPDATEDATE="2024-09-10" STARTDATE="2024-09-10" ENDDATE="2079-06-06" ISACTUAL="1" ISACTIVE="1" /><STEAD ID="68682207" OBJECTID="165181208" OBJECTGUID="61ae2d8b-75f5-4ef8-99dc-066358641831" CHANGEID="600844823" NUMBER="107" OPERTYPEID="10" PREVID="0" NEXTID="0" UPDATEDATE="2024-09-10" STARTDATE="2024-09-10" ENDDATE="2079-06-06" ISACTUAL="1" ISACTIVE="1" /><STEAD ID="68682313" OBJECTID="165181331" OBJECTGUID="316313da-199e-4d7c-8879-db18443b256a" CHANGEID="600845083" NUMBER="52" OPERTYPEID="10" PREVID="0" NEXTID="0" UPDATEDATE="2024-09-10" STARTDATE="2024-09-10" ENDDATE="2079-06-06" ISACTUAL="1" ISACTIVE="1" /><STEAD ID="68682820" OBJECTID="159304317" OBJECTGUID="a638736e-062d-42fd-bb43-f3ac2b63fff8" CHANGEID="600846658" NUMBER="127в" OPERTYPEID="30" PREVID="66771667" NEXTID="0" UPDATEDATE="2024-09-10" STARTDATE="2024-09-10" ENDDATE="2079-06-06" ISACTUAL="1" ISACTIVE="0" /><STEAD ID="66771667" OBJECTID="159304317" OBJECTGUID="a638736e-062d-42fd-bb43-f3ac2b63fff8" CHANGEID="506824621" NUMBER="127в" OPERTYPEID="61" PREVID="66771666" NEXTID="68682820" UPDATEDATE="2024-09-10" STARTDATE="2023-07-03" ENDDATE="2024-09-10" ISACTUAL="0" ISACTIVE="0" /><STEAD ID="68686020" OBJECTID="164345999" OBJECTGUID="81177480-6e77-4111-9f7f-b380fbae850c" CHANGEID="600878664" NUMBER="19" OPERTYPEID="40" PREVID="68327443" UPDATEDATE="2024-09-11" STARTDATE="2024-09-11" ENDDATE="2079-06-06" ISACTUAL="1" ISACTIVE="1" /><STEAD ID="68686021" OBJECTID="164346000" OBJECTGUID="919538d4-b04c-4d26-b9b4-9e62f60320e4" CHANGEID="600878665" NUMBER="19/2" OPERTYPEID="42" PREVID="68327444" NEXTID="68686020" UPDATEDATE="2024-09-11" STARTDATE="2024-09-11" ENDDATE="2079-06-06" ISACTUAL="1" ISACTIVE="0" /><STEAD ID="68686284" OBJECTID="165188004" OBJECTGUID="64602ca4-665f-4741-aa43-f745d1a449bc" CHANGEID="600879689" NUMBER="21" OPERTYPEID="10" PREVID="0" NEXTID="0" UPDATEDATE="2024-09-11" STARTDATE="2024-09-11" ENDDATE="2079-06-06" ISACTUAL="1" ISACTIVE="1" /><STEAD ID="68686349" OBJECTID="165188089" OBJECTGUID="edd4848e-4730-4b4c-bda0-61e2066ad256" CHANGEID="600879789" NUMBER="1А" OPERTYPEID="10" PREVID="0" NEXTID="0" UPDATEDATE="2024-09-11" STARTDATE="2024-09-11" ENDDATE="2079-06-06" ISACTUAL="1" ISACTIVE="1" /><STEAD ID="68686344" OBJECTID="165188083" OBJECTGUID="039cd7c2-dded-405a-93b8-a3d7c482abdf" CHANGEID="600879782" NUMBER="127в" OPERTYPEID="10" PREVID="0" NEXTID="0" UPDATEDATE="2024-09-11" STARTDATE="2024-09-11" ENDDATE="2079-06-06" ISACTUAL="1" ISACTIVE="1" /><STEAD ID="68686398" OBJECTID="165188140" OBJECTGUID="facd9d1c-75e5-4497-a5dc-1d8379b16701" CHANGEID="600879845" NUMBER="25" OPERTYPEID="10" PREVID="0" NEXTID="0" UPDATEDATE="2024-09-11" STARTDATE="2024-09-11" ENDDATE="2079-06-06" ISACTUAL="1" ISACTIVE="1" /><STEAD ID="68686425" OBJECTID="165188171" OBJECTGUID="8c4e8c18-e369-4f00-9fbc-6f7a5519c333" CHANGEID="600879884" NUMBER="6" OPERTYPEID="10" PREVID="0" NEXTID="0" UPDATEDATE="2024-09-11" STARTDATE="2024-09-11" ENDDATE="2079-06-06" ISACTUAL="1" ISACTIVE="1" /><STEAD ID="68686430" OBJECTID="165188178" OBJECTGUID="edf5c207-f07f-4c1a-a4c9-48002bafbc62" CHANGEID="600879895" NUMBER="2А" OPERTYPEID="10" PREVID="0" NEXTID="0" UPDATEDATE="2024-09-11" STARTDATE="2024-09-11" ENDDATE="2079-06-06" ISACTUAL="1" ISACTIVE="1" /><STEAD ID="68686447" OBJECTID="165188203" OBJECTGUID="9e37d710-7ade-4051-9938-a669d97708d5" CHANGEID="600879933" NUMBER="4Б" OPERTYPEID="10" PREVID="0" NEXTID="0" UPDATEDATE="2024-09-11" STARTDATE="2024-09-11" ENDDATE="2079-06-06" ISACTUAL="1" ISACTIVE="1" /><STEAD ID="68686454" OBJECTID="165188214" OBJECTGUID="5bc0b7a7-9bc8-4148-ba9b-c905f6be30cf" CHANGEID="600879946" NUMBER="5" OPERTYPEID="10" PREVID="0" NEXTID="0" UPDATEDATE="2024-09-11" STARTDATE="2024-09-11" ENDDATE="2079-06-06" ISACTUAL="1" ISACTIVE="1" /><STEAD ID="68686671" OBJECTID="165188723" OBJECTGUID="9cdb9d3a-4c3d-43d9-a49e-a690423d9c78" CHANGEID="600880828" NUMBER="15" OPERTYPEID="10" PREVID="0" NEXTID="0" UPDATEDATE="2024-09-11" STARTDATE="2024-09-11" ENDDATE="2079-06-06" ISACTUAL="1" ISACTIVE="1" /><STEAD ID="68686677" OBJECTID="165188729" OBJECTGUID="b57f81d3-fdf9-4f8f-bff4-ce4f82aed1ee" CHANGEID="600880836" NUMBER="47" OPERTYPEID="10" PREVID="0" NEXTID="0" UPDATEDATE="2024-09-11" STARTDATE="2024-09-11" ENDDATE="2079-06-06" ISACTUAL="1" ISACTIVE="1" /><STEAD ID="68686675" OBJECTID="165188728" OBJECTGUID="4c5b3031-ceb6-48af-b056-ea1761a29c12" CHANGEID="600880833" NUMBER="45" OPERTYPEID="10" PREVID="0" NEXTID="0" UPDATEDATE="2024-09-11" STARTDATE="2024-09-11" ENDDATE="2079-06-06" ISACTUAL="1" ISACTIVE="1" /><STEAD ID="68686696" OBJECTID="165188750" OBJECTGUID="368090aa-3a90-41a6-954a-252b50402308" CHANGEID="600880863" NUMBER="1а" OPERTYPEID="10" PREVID="0" NEXTID="0" UPDATEDATE="2024-09-11" STARTDATE="2024-09-11" ENDDATE="2079-06-06" ISACTUAL="1" ISACTIVE="1" /><STEAD ID="68686703" OBJECTID="165188758" OBJECTGUID="bf20549f-c853-4551-bceb-f60d4f78418c" CHANGEID="600880879" NUMBER="1" OPERTYPEID="10" PREVID="0" NEXTID="0" UPDATEDATE="2024-09-11" STARTDATE="2024-09-11" ENDDATE="2079-06-06" ISACTUAL="1" ISACTIVE="1" /><STEAD ID="68686706" OBJECTID="165188763" OBJECTGUID="8937c13f-9245-477d-a52d-ecc3cd287c7b" CHANGEID="600880887" NUMBER="12" OPERTYPEID="10" PREVID="0" NEXTID="0" UPDATEDATE="2024-09-11" STARTDATE="2024-09-11" ENDDATE="2079-06-06" ISACTUAL="1" ISACTIVE="1" /><STEAD ID="68686715" OBJECTID="165188776" OBJECTGUID="a4736158-e125-4d29-ad2f-323bda84ef1e" CHANGEID="600880913" NUMBER="48" OPERTYPEID="10" PREVID="0" NEXTID="0" UPDATEDATE="2024-09-11" STARTDATE="2024-09-11" ENDDATE="2079-06-06" ISACTUAL="1" ISACTIVE="1" /><STEAD ID="68686728" OBJECTID="165188806" OBJECTGUID="9e6965f4-0fea-4f78-a10c-1efc15a78a4d" CHANGEID="600880949" NUMBER="46" OPERTYPEID="10" PREVID="0" NEXTID="0" UPDATEDATE="2024-09-11" STARTDATE="2024-09-11" ENDDATE="2079-06-06" ISACTUAL="1" ISACTIVE="1" /><STEAD ID="68686710" OBJECTID="165188768" OBJECTGUID="59e4ba7a-d061-4867-ab10-7fb6c95436e2" CHANGEID="600880902" NUMBER="6" OPERTYPEID="10" PREVID="0" NEXTID="0" UPDATEDATE="2024-09-11" STARTDATE="2024-09-11" ENDDATE="2079-06-06" ISACTUAL="1" ISACTIVE="1" /><STEAD ID="68686714" OBJECTID="165188774" OBJECTGUID="ee35d9b0-c3f6-4549-ba13-e6c670455ae6" CHANGEID="600880908" NUMBER="20/2" OPERTYPEID="10" PREVID="0" NEXTID="0" UPDATEDATE="2024-09-11" STARTDATE="2024-09-11" ENDDATE="2079-06-06" ISACTUAL="1" ISACTIVE="1" /><STEAD ID="68686719" OBJECTID="165188781" OBJECTGUID="64dc4854-2584-4b9f-9269-8fc59a04ebf9" CHANGEID="600880920" NUMBER="10" OPERTYPEID="10" PREVID="0" NEXTID="0" UPDATEDATE="2024-09-11" STARTDATE="2024-09-11" ENDDATE="2079-06-06" ISACTUAL="1" ISACTIVE="1" /><STEAD ID="68686751" OBJECTID="165188835" OBJECTGUID="4839af1b-9ab0-4b7e-97fc-1a9ce5a86965" CHANGEID="600880983" NUMBER="44" OPERTYPEID="10" PREVID="0" NEXTID="0" UPDATEDATE="2024-09-11" STARTDATE="2024-09-11" ENDDATE="2079-06-06" ISACTUAL="1" ISACTIVE="1" /><STEAD ID="68686754" OBJECTID="165188841" OBJECTGUID="e040f74e-4609-4f36-8927-441339417b17" CHANGEID="600880991" NUMBER="11" OPERTYPEID="10" PREVID="0" NEXTID="0" UPDATEDATE="2024-09-11" STARTDATE="2024-09-11" ENDDATE="2079-06-06" ISACTUAL="1" ISACTIVE="1" /><STEAD ID="68686758" OBJECTID="165188846" OBJECTGUID="06fa0a48-2c32-4aa7-813f-18553041712a" CHANGEID="600880997" NUMBER="21" OPERTYPEID="10" PREVID="0" NEXTID="0" UPDATEDATE="2024-09-11" STARTDATE="2024-09-11" ENDDATE="2079-06-06" ISACTUAL="1" ISACTIVE="1" /><STEAD ID="68686783" OBJECTID="165188876" OBJECTGUID="54b0287e-eed4-4b8d-9496-944af03e342c" CHANGEID="600881030" NUMBER="14" OPERTYPEID="10" PREVID="0" NEXTID="0" UPDATEDATE="2024-09-11" STARTDATE="2024-09-11" ENDDATE="2079-06-06" ISACTUAL="1" ISACTIVE="1" /><STEAD ID="68686789" OBJECTID="165188888" OBJECTGUID="47e8155e-2bd0-4848-8b7e-2078875d1d73" CHANGEID="600881047" NUMBER="42" OPERTYPEID="10" PREVID="0" NEXTID="0" UPDATEDATE="2024-09-11" STARTDATE="2024-09-11" ENDDATE="2079-06-06" ISACTUAL="1" ISACTIVE="1" /><STEAD ID="68686792" OBJECTID="165188894" OBJECTGUID="b920ae1e-e552-4ae5-8fc3-ce6415f6c60e" CHANGEID="600881056" NUMBER="22" OPERTYPEID="10" PREVID="0" NEXTID="0" UPDATEDATE="2024-09-11" STARTDATE="2024-09-11" ENDDATE="2079-06-06" ISACTUAL="1" ISACTIVE="1" /><STEAD ID="68686798" OBJECTID="165188900" OBJECTGUID="b778105c-a988-4c84-9744-9ed381b4b0f0" CHANGEID="600881063" NUMBER="43" OPERTYPEID="10" PREVID="0" NEXTID="0" UPDATEDATE="2024-09-11" STARTDATE="2024-09-11" ENDDATE="2079-06-06" ISACTUAL="1" ISACTIVE="1" /><STEAD ID="68686800" OBJECTID="165188905" OBJECTGUID="f8bc43c5-25cf-4a74-accc-f98e252c0249" CHANGEID="600881071" NUMBER="3" OPERTYPEID="10" PREVID="0" NEXTID="0" UPDATEDATE="2024-09-11" STARTDATE="2024-09-11" ENDDATE="2079-06-06" ISACTUAL="1" ISACTIVE="1" /><STEAD ID="68686803" OBJECTID="165188908" OBJECTGUID="fab1859a-f2e3-4f41-80b7-9a5f902575e0" CHANGEID="600881075" NUMBER="20" OPERTYPEID="10" PREVID="0" NEXTID="0" UPDATEDATE="2024-09-11" STARTDATE="2024-09-11" ENDDATE="2079-06-06" ISACTUAL="1" ISACTIVE="1" /><STEAD ID="68686806" OBJECTID="165188913" OBJECTGUID="82b2a41a-712e-4ef4-bda2-5ea1453cd909" CHANGEID="600881081" NUMBER="41" OPERTYPEID="10" PREVID="0" NEXTID="0" UPDATEDATE="2024-09-11" STARTDATE="2024-09-11" ENDDATE="2079-06-06" ISACTUAL="1" ISACTIVE="1" /><STEAD ID="68686810" OBJECTID="165188918" OBJECTGUID="f78cbfee-027a-4099-bc45-5d21e65332fa" CHANGEID="600881088" NUMBER="13" OPERTYPEID="10" PREVID="0" NEXTID="0" UPDATEDATE="2024-09-11" STARTDATE="2024-09-11" ENDDATE="2079-06-06" ISACTUAL="1" ISACTIVE="1" /><STEAD ID="68686812" OBJECTID="165188923" OBJECTGUID="ddc6f639-decc-4233-ab37-48c2214e7461" CHANGEID="600881094" NUMBER="17" OPERTYPEID="10" PREVID="0" NEXTID="0" UPDATEDATE="2024-09-11" STARTDATE="2024-09-11" ENDDATE="2079-06-06" ISACTUAL="1" ISACTIVE="1" /><STEAD ID="68686813" OBJECTID="165188925" OBJECTGUID="e38e5ada-6339-4c2e-b3be-6c2bb462dab4" CHANGEID="600881096" NUMBER="19" OPERTYPEID="10" PREVID="0" NEXTID="0" UPDATEDATE="2024-09-11" STARTDATE="2024-09-11" ENDDATE="2079-06-06" ISACTUAL="1" ISACTIVE="1" /><STEAD ID="68686815" OBJECTID="165188928" OBJECTGUID="2c14cd28-e169-4d0d-ac2d-7b0a002fd17d" CHANGEID="600881101" NUMBER="18" OPERTYPEID="10" PREVID="0" NEXTID="0" UPDATEDATE="2024-09-11" STARTDATE="2024-09-11" ENDDATE="2079-06-06" ISACTUAL="1" ISACTIVE="1" /><STEAD ID="68686818" OBJECTID="165188932" OBJECTGUID="e519833d-05a0-431f-aa20-068d8c6b1bab" CHANGEID="600881107" NUMBER="1Б" OPERTYPEID="10" PREVID="0" NEXTID="0" UPDATEDATE="2024-09-11" STARTDATE="2024-09-11" ENDDATE="2079-06-06" ISACTUAL="1" ISACTIVE="1" /><STEAD ID="68686821" OBJECTID="165188940" OBJECTGUID="f5aea8ea-b7fb-49e2-b712-9c7e2a66ae10" CHANGEID="600881115" NUMBER="40" OPERTYPEID="10" PREVID="0" NEXTID="0" UPDATEDATE="2024-09-11" STARTDATE="2024-09-11" ENDDATE="2079-06-06" ISACTUAL="1" ISACTIVE="1" /><STEAD ID="68686836" OBJECTID="161239983" OBJECTGUID="ba1e71fa-79f3-49b7-9bda-56e1cfc1d4be" CHANGEID="600881170" NUMBER="55" OPERTYPEID="30" PREVID="67237743" NEXTID="0" UPDATEDATE="2024-09-11" STARTDATE="2024-09-11" ENDDATE="2079-06-06" ISACTUAL="1" ISACTIVE="0" /><STEAD ID="68687117" OBJECTID="165189470" OBJECTGUID="24ff7a02-bd69-4900-afa4-9606272897b2" CHANGEID="600882082" NUMBER="49/1" OPERTYPEID="10" PREVID="0" NEXTID="0" UPDATEDATE="2024-09-11" STARTDATE="2024-09-11" ENDDATE="2079-06-06" ISACTUAL="1" ISACTIVE="1" /><STEAD ID="68687124" OBJECTID="165189501" OBJECTGUID="0208de12-5c5c-41a3-9eeb-9baf1e52c2ee" CHANGEID="600882140" NUMBER="41/1" OPERTYPEID="10" PREVID="0" NEXTID="0" UPDATEDATE="2024-09-11" STARTDATE="2024-09-11" ENDDATE="2079-06-06" ISACTUAL="1" ISACTIVE="1" /><STEAD ID="68687125" OBJECTID="165189503" OBJECTGUID="550980b9-0b1b-4cb8-b131-fbdd3550c70e" CHANGEID="600882142" NUMBER="2а" OPERTYPEID="10" PREVID="0" NEXTID="0" UPDATEDATE="2024-09-11" STARTDATE="2024-09-11" ENDDATE="2079-06-06" ISACTUAL="1" ISACTIVE="1" /><STEAD ID="68687232" OBJECTID="165189731" OBJECTGUID="d4a8dfd8-1e69-4736-8f33-8c4c4a94f39f" CHANGEID="600882458" NUMBER="25" OPERTYPEID="10" PREVID="0" NEXTID="0" UPDATEDATE="2024-09-11" STARTDATE="2024-09-11" ENDDATE="2079-06-06" ISACTUAL="1" ISACTIVE="1" /><STEAD ID="68687240" OBJECTID="165189740" OBJECTGUID="2bfc10a6-a29b-49c9-9443-e47353156a8d" CHANGEID="600882469" NUMBER="24" OPERTYPEID="10" PREVID="0" NEXTID="0" UPDATEDATE="2024-09-11" STARTDATE="2024-09-11" ENDDATE="2079-06-06" ISACTUAL="1" ISACTIVE="1" /><STEAD ID="68687242" OBJECTID="165189743" OBJECTGUID="16ad88d3-853f-4f05-8c70-49e9b0ecc0d9" CHANGEID="600882479" NUMBER="23" OPERTYPEID="10" PREVID="0" NEXTID="0" UPDATEDATE="2024-09-11" STARTDATE="2024-09-11" ENDDATE="2079-06-06" ISACTUAL="1" ISACTIVE="1" /><STEAD ID="68687245" OBJECTID="165189747" OBJECTGUID="910601c9-214a-40b4-9f4e-b26200a78bd1" CHANGEID="600882485" NUMBER="28" OPERTYPEID="10" PREVID="0" NEXTID="0" UPDATEDATE="2024-09-11" STARTDATE="2024-09-11" ENDDATE="2079-06-06" ISACTUAL="1" ISACTIVE="1" /><STEAD ID="68687246" OBJECTID="165189750" OBJECTGUID="c2a1b7d4-2ba9-4b31-a653-09c00dd5494a" CHANGEID="600882493" NUMBER="36" OPERTYPEID="10" PREVID="0" NEXTID="0" UPDATEDATE="2024-09-11" STARTDATE="2024-09-11" ENDDATE="2079-06-06" ISACTUAL="1" ISACTIVE="1" /><STEAD ID="68687249" OBJECTID="165189754" OBJECTGUID="5d97d990-e428-4832-8ec5-90e0019d1f78" CHANGEID="600882501" NUMBER="38" OPERTYPEID="10" PREVID="0" NEXTID="0" UPDATEDATE="2024-09-11" STARTDATE="2024-09-11" ENDDATE="2079-06-06" ISACTUAL="1" ISACTIVE="1" /><STEAD ID="68687225" OBJECTID="165189718" OBJECTGUID="d1c32886-1b6d-44fb-8ae0-a81696fe2d79" CHANGEID="600882442" NUMBER="39" OPERTYPEID="10" PREVID="0" NEXTID="0" UPDATEDATE="2024-09-11" STARTDATE="2024-09-11" ENDDATE="2079-06-06" ISACTUAL="1" ISACTIVE="1" /><STEAD ID="68687227" OBJECTID="165189721" OBJECTGUID="73aaec3f-3f06-423e-bdcf-abe09009e041" CHANGEID="600882446" NUMBER="7" OPERTYPEID="10" PREVID="0" NEXTID="0" UPDATEDATE="2024-09-11" STARTDATE="2024-09-11" ENDDATE="2079-06-06" ISACTUAL="1" ISACTIVE="1" /><STEAD ID="68687228" OBJECTID="165189722" OBJECTGUID="f14084f4-5b61-4d84-a161-75d9d132b2af" CHANGEID="600882448" NUMBER="33" OPERTYPEID="10" PREVID="0" NEXTID="0" UPDATEDATE="2024-09-11" STARTDATE="2024-09-11" ENDDATE="2079-06-06" ISACTUAL="1" ISACTIVE="1" /><STEAD ID="68687272" OBJECTID="165189801" OBJECTGUID="797df65b-aa4c-4c74-b5bc-288732b81cec" CHANGEID="600882560" NUMBER="30" OPERTYPEID="10" PREVID="0" NEXTID="0" UPDATEDATE="2024-09-11" STARTDATE="2024-09-11" ENDDATE="2079-06-06" ISACTUAL="1" ISACTIVE="1" /><STEAD ID="68687279" OBJECTID="165189812" OBJECTGUID="2c1b37fa-b39d-4a67-a1e2-c1cdcfe61498" CHANGEID="600882578" NUMBER="35/2" OPERTYPEID="10" PREVID="0" NEXTID="0" UPDATEDATE="2024-09-11" STARTDATE="2024-09-11" ENDDATE="2079-06-06" ISACTUAL="1" ISACTIVE="1" /><STEAD ID="68687276" OBJECTID="165189810" OBJECTGUID="8a1eaecf-c193-472d-adf3-1051d4a92a93" CHANGEID="600882573" NUMBER="37" OPERTYPEID="10" PREVID="0" NEXTID="0" UPDATEDATE="2024-09-11" STARTDATE="2024-09-11" ENDDATE="2079-06-06" ISACTUAL="1" ISACTIVE="1" /><STEAD ID="68687282" OBJECTID="165189949" OBJECTGUID="872e8a21-edd8-4baa-b675-b1e92fc2d8dc" CHANGEID="600882718" NUMBER="35/1" OPERTYPEID="10" PREVID="0" NEXTID="0" UPDATEDATE="2024-09-11" STARTDATE="2024-09-11" ENDDATE="2079-06-06" ISACTUAL="1" ISACTIVE="1" /><STEAD ID="68687285" OBJECTID="165189955" OBJECTGUID="e8aa9c13-e696-4ac2-a16b-a5090cd3eb87" CHANGEID="600882730" NUMBER="29" OPERTYPEID="10" PREVID="0" NEXTID="0" UPDATEDATE="2024-09-11" STARTDATE="2024-09-11" ENDDATE="2079-06-06" ISACTUAL="1" ISACTIVE="1" /><STEAD ID="68687289" OBJECTID="165189960" OBJECTGUID="28cc9292-be7b-4c47-9bca-4a36ddbe5b2b" CHANGEID="600882739" NUMBER="34" OPERTYPEID="10" PREVID="0" NEXTID="0" UPDATEDATE="2024-09-11" STARTDATE="2024-09-11" ENDDATE="2079-06-06" ISACTUAL="1" ISACTIVE="1" /><STEAD ID="68687290" OBJECTID="165189962" OBJECTGUID="f9c0a7a7-9a46-4532-8388-95e8921ec835" CHANGEID="600882742" NUMBER="32" OPERTYPEID="10" PREVID="0" NEXTID="0" UPDATEDATE="2024-09-11" STARTDATE="2024-09-11" ENDDATE="2079-06-06" ISACTUAL="1" ISACTIVE="1" /><STEAD ID="68687292" OBJECTID="165189965" OBJECTGUID="85f69f08-fa43-449f-8b68-1f8ff5c00961" CHANGEID="600882748" NUMBER="26" OPERTYPEID="10" PREVID="0" NEXTID="0" UPDATEDATE="2024-09-11" STARTDATE="2024-09-11" ENDDATE="2079-06-06" ISACTUAL="1" ISACTIVE="1" /><STEAD ID="68687322" OBJECTID="165190033" OBJECTGUID="5be17ddf-6061-4029-ad21-5ba399d9f6b0" CHANGEID="600882860" NUMBER="31" OPERTYPEID="10" PREVID="0" NEXTID="0" UPDATEDATE="2024-09-11" STARTDATE="2024-09-11" ENDDATE="2079-06-06" ISACTUAL="1" ISACTIVE="1" /><STEAD ID="68687325" OBJECTID="165190036" OBJECTGUID="5d2bc155-2a88-4687-b6c0-c3cedf45e3a2" CHANGEID="600882864" NUMBER="35а" OPERTYPEID="10" PREVID="0" NEXTID="0" UPDATEDATE="2024-09-11" STARTDATE="2024-09-11" ENDDATE="2079-06-06" ISACTUAL="1" ISACTIVE="1" /><STEAD ID="68687328" OBJECTID="165190041" OBJECTGUID="299da031-86f5-41a8-a5fd-3876bd520210" CHANGEID="600882871" NUMBER="27" OPERTYPEID="10" PREVID="0" NEXTID="0" UPDATEDATE="2024-09-11" STARTDATE="2024-09-11" ENDDATE="2079-06-06" ISACTUAL="1" ISACTIVE="1" /><STEAD ID="68687351" OBJECTID="165190054" OBJECTGUID="b3ef526b-407b-4df1-9e2a-315c5b4b0220" CHANGEID="600882897" NUMBER="49" OPERTYPEID="10" PREVID="0" NEXTID="0" UPDATEDATE="2024-09-11" STARTDATE="2024-09-11" ENDDATE="2079-06-06" ISACTUAL="1" ISACTIVE="1" /><STEAD ID="68687339" OBJECTID="165190042" OBJECTGUID="318f0333-f862-446f-a829-5625603cb870" CHANGEID="600882882" NUMBER="53" OPERTYPEID="10" PREVID="0" NEXTID="0" UPDATEDATE="2024-09-11" STARTDATE="2024-09-11" ENDDATE="2079-06-06" ISACTUAL="1" ISACTIVE="1" /><STEAD ID="68687352" OBJECTID="165190057" OBJECTGUID="48abefbb-fb50-4c73-987e-05752ff11d08" CHANGEID="600882900" NUMBER="5" OPERTYPEID="10" PREVID="0" NEXTID="0" UPDATEDATE="2024-09-11" STARTDATE="2024-09-11" ENDDATE="2079-06-06" ISACTUAL="1" ISACTIVE="1" /><STEAD ID="68691711" OBJECTID="165200180" OBJECTGUID="7d5a24b6-dd16-473a-9f3f-0d8e08d40a77" CHANGEID="600897228" NUMBER="1А" OPERTYPEID="10" PREVID="0" NEXTID="0" UPDATEDATE="2024-09-11" STARTDATE="2024-09-11" ENDDATE="2079-06-06" ISACTUAL="1" ISACTIVE="1" /><STEAD ID="68692690" OBJECTID="165202752" OBJECTGUID="23cf767a-c0b0-41ff-b648-fb5b8dacfd16" CHANGEID="600900448" NUMBER="66а" OPERTYPEID="10" PREVID="0" NEXTID="0" UPDATEDATE="2024-09-11" STARTDATE="2024-09-11" ENDDATE="2079-06-06" ISACTUAL="1" ISACTIVE="1" /><STEAD ID="68692737" OBJECTID="165202827" OBJECTGUID="57cfa6f7-b2a8-4c59-b7b4-4b306341e715" CHANGEID="600900551" NUMBER="2" OPERTYPEID="10" PREVID="0" NEXTID="0" UPDATEDATE="2024-09-11" STARTDATE="2024-09-11" ENDDATE="2079-06-06" ISACTUAL="1" ISACTIVE="1" /><STEAD ID="68693377" OBJECTID="88884216" OBJECTGUID="4c0c3017-4bd3-490d-934b-7dcc21288def" CHANGEID="600902141" NUMBER="3а" OPERTYPEID="30" PREVID="4346405" NEXTID="0" UPDATEDATE="2024-09-11" STARTDATE="2024-09-11" ENDDATE="2079-06-06" ISACTUAL="1" ISACTIVE="0" /><STEAD ID="4346405" OBJECTID="88884216" OBJECTGUID="4c0c3017-4bd3-490d-934b-7dcc21288def" CHANGEID="131272151" NUMBER="3а" OPERTYPEID="10" NEXTID="68693377" UPDATEDATE="2024-09-11" STARTDATE="2008-01-15" ENDDATE="2024-09-11" ISACTUAL="0" ISACTIVE="0" /><STEAD ID="68693457" OBJECTID="89158704" OBJECTGUID="207279df-9a1b-4096-bdbb-11f73bfd0324" CHANGEID="600902366" NUMBER="2а" OPERTYPEID="30" PREVID="4621509" NEXTID="0" UPDATEDATE="2024-09-11" STARTDATE="2024-09-11" ENDDATE="2079-06-06" ISACTUAL="1" ISACTIVE="0" /><STEAD ID="4621509" OBJECTID="89158704" OBJECTGUID="207279df-9a1b-4096-bdbb-11f73bfd0324" CHANGEID="131589025" NUMBER="2а" OPERTYPEID="10" NEXTID="68693457" UPDATEDATE="2024-09-11" STARTDATE="2010-08-31" ENDDATE="2024-09-11" ISACTUAL="0" ISACTIVE="0" /><STEAD ID="68693917" OBJECTID="89158954" OBJECTGUID="fe709575-fa9d-4a91-9b1d-6eccd4a9a71e" CHANGEID="600903349" NUMBER="4а" OPERTYPEID="30" PREVID="4621763" NEXTID="0" UPDATEDATE="2024-09-11" STARTDATE="2024-09-11" ENDDATE="2079-06-06" ISACTUAL="1" ISACTIVE="0" /><STEAD ID="4621763" OBJECTID="89158954" OBJECTGUID="fe709575-fa9d-4a91-9b1d-6eccd4a9a71e" CHANGEID="131589295" NUMBER="4а" OPERTYPEID="10" NEXTID="68693917" UPDATEDATE="2024-09-11" STARTDATE="2010-08-31" ENDDATE="2024-09-11" ISACTUAL="0" ISACTIVE="0" /><STEAD ID="68693965" OBJECTID="165204842" OBJECTGUID="11241d0c-a9c0-484d-bca6-a75820e7662f" CHANGEID="600903537" NUMBER="9" OPERTYPEID="10" PREVID="0" NEXTID="0" UPDATEDATE="2024-09-11" STARTDATE="2024-09-11" ENDDATE="2079-06-06" ISACTUAL="1" ISACTIVE="1" /><STEAD ID="68693966" OBJECTID="165204843" OBJECTGUID="950e740e-9590-417c-9071-8713fa424604" CHANGEID="600903538" NUMBER="9б" OPERTYPEID="10" PREVID="0" NEXTID="0" UPDATEDATE="2024-09-11" STARTDATE="2024-09-11" ENDDATE="2079-06-06" ISACTUAL="1" ISACTIVE="1" /><STEAD ID="68693978" OBJECTID="165204866" OBJECTGUID="636845a8-cc62-4e94-86b3-ffddce8a3e39" CHANGEID="600903597" NUMBER="60" OPERTYPEID="10" PREVID="0" NEXTID="0" UPDATEDATE="2024-09-11" STARTDATE="2024-09-11" ENDDATE="2079-06-06" ISACTUAL="1" ISACTIVE="1" /><STEAD ID="68694020" OBJECTID="165204952" OBJECTGUID="6e747afd-6aab-44a9-918d-76d441175563" CHANGEID="600903723" NUMBER="14" OPERTYPEID="10" PREVID="0" NEXTID="0" UPDATEDATE="2024-09-11" STARTDATE="2024-09-11" ENDDATE="2079-06-06" ISACTUAL="1" ISACTIVE="1" /><STEAD ID="68694125" OBJECTID="165205188" OBJECTGUID="ddc326e2-f067-4dad-920d-579369d078f2" CHANGEID="600904074" NUMBER="23" OPERTYPEID="10" PREVID="0" NEXTID="0" UPDATEDATE="2024-09-11" STARTDATE="2024-09-11" ENDDATE="2079-06-06" ISACTUAL="1" ISACTIVE="1" /><STEAD ID="68694127" OBJECTID="165205190" OBJECTGUID="88fd0de3-ee4d-42d1-9f84-7fcddb5a7e64" CHANGEID="600904076" NUMBER="11д" OPERTYPEID="10" PREVID="0" NEXTID="0" UPDATEDATE="2024-09-11" STARTDATE="2024-09-11" ENDDATE="2079-06-06" ISACTUAL="1" ISACTIVE="1" /><STEAD ID="68694151" OBJECTID="101439984" OBJECTGUID="63beb66e-7acf-4b21-afd9-ff2ae68e14e7" CHANGEID="600904168" NUMBER="2" OPERTYPEID="30" PREVID="14238716" NEXTID="0" UPDATEDATE="2024-09-11" STARTDATE="2024-09-11" ENDDATE="2079-06-06" ISACTUAL="1" ISACTIVE="0" /><STEAD ID="14238716" OBJECTID="101439984" OBJECTGUID="63beb66e-7acf-4b21-afd9-ff2ae68e14e7" CHANGEID="194937401" NUMBER="2" OPERTYPEID="10" PREVID="0" NEXTID="68694151" UPDATEDATE="2024-09-11" STARTDATE="2021-06-03" ENDDATE="2024-09-11" ISACTUAL="0" ISACTIVE="0" /><STEAD ID="68694940" OBJECTID="101439973" OBJECTGUID="c0fc10e2-7b12-44b2-8461-bceb21be32ee" CHANGEID="600905412" NUMBER="26" OPERTYPEID="30" PREVID="14238705" NEXTID="0" UPDATEDATE="2024-09-11" STARTDATE="2024-09-11" ENDDATE="2079-06-06" ISACTUAL="1" ISACTIVE="0" /><STEAD ID="14238705" OBJECTID="101439973" OBJECTGUID="c0fc10e2-7b12-44b2-8461-bceb21be32ee" CHANGEID="194937385" NUMBER="26" OPERTYPEID="10" PREVID="0" NEXTID="68694940" UPDATEDATE="2024-09-11" STARTDATE="2021-06-03" ENDDATE="2024-09-11" ISACTUAL="0" ISACTIVE="0" /><STEAD ID="68694968" OBJECTID="101439950" OBJECTGUID="b9f5d354-c848-431e-a868-a39620f6af2a" CHANGEID="600905463" NUMBER="26а" OPERTYPEID="30" PREVID="14238683" NEXTID="0" UPDATEDATE="2024-09-11" STARTDATE="2024-09-11" ENDDATE="2079-06-06" ISACTUAL="1" ISACTIVE="0" /><STEAD ID="68695086" OBJECTID="101439946" OBJECTGUID="060a73b7-4eeb-4997-adfb-54bb5c4c35d3" CHANGEID="600905716" NUMBER="28" OPERTYPEID="30" PREVID="14238679" NEXTID="0" UPDATEDATE="2024-09-11" STARTDATE="2024-09-11" ENDDATE="2079-06-06" ISACTUAL="1" ISACTIVE="0" /><STEAD ID="68695228" OBJECTID="165206601" OBJECTGUID="c3df1b8e-fa11-46e9-9d90-dbd6600fa265" CHANGEID="600906211" NUMBER="5а" OPERTYPEID="10" PREVID="0" NEXTID="0" UPDATEDATE="2024-09-11" STARTDATE="2024-09-11" ENDDATE="2079-06-06" ISACTUAL="1" ISACTIVE="1" /><STEAD ID="68695303" OBJECTID="165206698" OBJECTGUID="8bf11ca9-551c-4ded-862d-1e8ef1d19c8f" CHANGEID="600906377" NUMBER="56" OPERTYPEID="10" PREVID="0" NEXTID="0" UPDATEDATE="2024-09-11" STARTDATE="2024-09-11" ENDDATE="2079-06-06" ISACTUAL="1" ISACTIVE="1" /><STEAD ID="68699253" OBJECTID="165213040" OBJECTGUID="3d4eea79-ead9-4122-8169-4aede34c76b8" CHANGEID="600916987" NUMBER="19" OPERTYPEID="10" PREVID="0" NEXTID="0" UPDATEDATE="2024-09-11" STARTDATE="2024-09-11" ENDDATE="2079-06-06" ISACTUAL="1" ISACTIVE="1" /><STEAD ID="68699617" OBJECTID="101439942" OBJECTGUID="920dda72-f1f9-48f1-8261-5c8c3c0b80cb" CHANGEID="600917621" NUMBER="30" OPERTYPEID="30" PREVID="14238676" NEXTID="0" UPDATEDATE="2024-09-11" STARTDATE="2024-09-11" ENDDATE="2079-06-06" ISACTUAL="1" ISACTIVE="0" /><STEAD ID="68700457" OBJECTID="165214705" OBJECTGUID="fab8b90e-dfe4-4e06-ab9d-e9f5f8bb29fc" CHANGEID="600919532" NUMBER="6" OPERTYPEID="10" PREVID="0" NEXTID="0" UPDATEDATE="2024-09-11" STARTDATE="2024-09-11" ENDDATE="2079-06-06" ISACTUAL="1" ISACTIVE="1" /><STEAD ID="68700667" OBJECTID="101439933" OBJECTGUID="f8648a73-d77a-4cfb-bb61-ec8d71de3e55" CHANGEID="600920631" NUMBER="11" OPERTYPEID="30" PREVID="14238668" NEXTID="0" UPDATEDATE="2024-09-11" STARTDATE="2024-09-11" ENDDATE="2079-06-06" ISACTUAL="1" ISACTIVE="0" /><STEAD ID="68700677" OBJECTID="165214929" OBJECTGUID="167fae2a-53f9-45bb-af09-4998a44641a7" CHANGEID="600920674" NUMBER="10" OPERTYPEID="10" PREVID="0" NEXTID="0" UPDATEDATE="2024-09-11" STARTDATE="2024-09-11" ENDDATE="2079-06-06" ISACTUAL="1" ISACTIVE="1" /><STEAD ID="68700825" OBJECTID="165215103" OBJECTGUID="f846b9a1-8e01-4cf6-84d1-fc4cb7afb699" CHANGEID="600920901" NUMBER="4" OPERTYPEID="10" PREVID="0" NEXTID="0" UPDATEDATE="2024-09-11" STARTDATE="2024-09-11" ENDDATE="2079-06-06" ISACTUAL="1" ISACTIVE="1" /><STEAD ID="68702381" OBJECTID="165217835" OBJECTGUID="5a7e4c3b-a02f-4b20-bae0-c434618b5b98" CHANGEID="600925128" NUMBER="12б" OPERTYPEID="10" PREVID="0" NEXTID="0" UPDATEDATE="2024-09-11" STARTDATE="2024-09-11" ENDDATE="2079-06-06" ISACTUAL="1" ISACTIVE="1" /><STEAD ID="68703621" OBJECTID="165219618" OBJECTGUID="c83215a4-1ec4-4a6f-a335-232eaabd6862" CHANGEID="600929308" NUMBER="21б" OPERTYPEID="10" PREVID="0" NEXTID="0" UPDATEDATE="2024-09-11" STARTDATE="2024-09-11" ENDDATE="2079-06-06" ISACTUAL="1" ISACTIVE="1" /><STEAD ID="68703809" OBJECTID="91022646" OBJECTGUID="d517f6e4-46c6-4438-b3bf-032993bf37f7" CHANGEID="600930081" NUMBER="5" OPERTYPEID="60" PREVID="6487913" UPDATEDATE="2024-09-11" STARTDATE="2024-09-11" ENDDATE="2079-06-06" ISACTUAL="1" ISACTIVE="0" /><STEAD ID="6487913" OBJECTID="91022646" OBJECTGUID="d517f6e4-46c6-4438-b3bf-032993bf37f7" CHANGEID="133694740" NUMBER="5" OPERTYPEID="10" NEXTID="68703809" UPDATEDATE="2024-09-11" STARTDATE="2019-08-09" ENDDATE="2024-09-11" ISACTUAL="0" ISACTIVE="0" /><STEAD ID="68703810" OBJECTID="165219923" OBJECTGUID="e56ac59b-945d-46d6-96db-0fff794938d6" CHANGEID="600930082" NUMBER="5/1" OPERTYPEID="61" PREVID="68703809" NEXTID="0" UPDATEDATE="2024-09-11" STARTDATE="2024-09-11" ENDDATE="2079-06-06" ISACTUAL="1" ISACTIVE="1" /><STEAD ID="68703811" OBJECTID="165219924" OBJECTGUID="59818727-b61a-4880-a618-d07913eb204c" CHANGEID="600930083" NUMBER="5/2" OPERTYPEID="61" PREVID="68703809" NEXTID="0" UPDATEDATE="2024-09-11" STARTDATE="2024-09-11" ENDDATE="2079-06-06" ISACTUAL="1" ISACTIVE="1" /><STEAD ID="68703902" OBJECTID="165220065" OBJECTGUID="94010180-7f45-4787-a3c8-11a68406863c" CHANGEID="600930274" NUMBER="38б" OPERTYPEID="10" PREVID="0" NEXTID="0" UPDATEDATE="2024-09-11" STARTDATE="2024-09-11" ENDDATE="2079-06-06" ISACTUAL="1" ISACTIVE="1" /><STEAD ID="68703981" OBJECTID="165220155" OBJECTGUID="21784a1b-9d04-43fd-8bac-1c931a067818" CHANGEID="600930519" NUMBER="1" OPERTYPEID="10" PREVID="0" NEXTID="0" UPDATEDATE="2024-09-11" STARTDATE="2024-09-11" ENDDATE="2079-06-06" ISACTUAL="1" ISACTIVE="1" /><STEAD ID="68703982" OBJECTID="165220156" OBJECTGUID="ef5747a7-c0c9-4cc7-8a40-f9625468cfe6" CHANGEID="600930520" NUMBER="1а" OPERTYPEID="10" PREVID="0" NEXTID="0" UPDATEDATE="2024-09-11" STARTDATE="2024-09-11" ENDDATE="2079-06-06" ISACTUAL="1" ISACTIVE="1" /><STEAD ID="68704003" OBJECTID="90777266" OBJECTGUID="659b6a29-32b3-4002-8e30-86db53283032" CHANGEID="600930547" NUMBER="38" OPERTYPEID="30" PREVID="6242331" NEXTID="0" UPDATEDATE="2024-09-11" STARTDATE="2024-09-11" ENDDATE="2079-06-06" ISACTUAL="1" ISACTIVE="0" /><STEAD ID="68704004" OBJECTID="90773693" OBJECTGUID="beb3926f-b4fd-4bbc-b92c-5710bae478b8" CHANGEID="600930548" NUMBER="40" OPERTYPEID="30" PREVID="6238755" NEXTID="0" UPDATEDATE="2024-09-11" STARTDATE="2024-09-11" ENDDATE="2079-06-06" ISACTUAL="1" ISACTIVE="0" /><STEAD ID="6238755" OBJECTID="90773693" OBJECTGUID="beb3926f-b4fd-4bbc-b92c-5710bae478b8" CHANGEID="133410569" NUMBER="40" OPERTYPEID="10" NEXTID="68704004" UPDATEDATE="2024-09-11" STARTDATE="2019-02-18" ENDDATE="2024-09-11" ISACTUAL="0" ISACTIVE="0" /><STEAD ID="68704522" OBJECTID="94464860" OBJECTGUID="2f918f32-1f36-4b8f-8c4b-18e2d91f6e3e" CHANGEID="600931695" NUMBER="11" OPERTYPEID="30" PREVID="9931676" NEXTID="0" UPDATEDATE="2024-09-11" STARTDATE="2024-09-11" ENDDATE="2079-06-06" ISACTUAL="1" ISACTIVE="0" /></STEADS>