﻿<?xml version="1.0" encoding="utf-8"?><HOUSES><HOUSE ID="55419035" OBJECTID="82644568" OBJECTGUID="3900f5e3-313f-4372-b7c7-ffc81e7f3d17" CHANGEID="122775044" HOUSENUM="3а" HOUSETYPE="2" OPERTYPEID="20" PREVID="50010178" NEXTID="126753320" UPDATEDATE="2024-09-10" STARTDATE="2019-02-19" ENDDATE="2024-09-10" ISACTUAL="0" ISACTIVE="0" /><HOUSE ID="57688133" OBJECTID="80698786" OBJECTGUID="590ad879-5760-44e0-a873-e6819dd1d1a4" CHANGEID="119938284" HOUSENUM="11" HOUSETYPE="2" OPERTYPEID="20" PREVID="48829145" NEXTID="126740650" UPDATEDATE="2024-09-09" STARTDATE="2014-01-10" ENDDATE="2024-09-09" ISACTUAL="0" ISACTIVE="0" /><HOUSE ID="58332194" OBJECTID="54974336" OBJECTGUID="621dd52d-67e8-4414-8ae8-7e2376858557" CHANGEID="82227662" HOUSENUM="40" HOUSETYPE="2" OPERTYPEID="20" PREVID="32829479" NEXTID="126754581" UPDATEDATE="2024-09-10" STARTDATE="2019-03-27" ENDDATE="2024-09-10" ISACTUAL="0" ISACTIVE="0" /><HOUSE ID="59373815" OBJECTID="62621139" OBJECTGUID="70d40672-d3f4-418b-af49-a757dfe532bf" CHANGEID="93481445" HOUSENUM="37" HOUSETYPE="2" OPERTYPEID="20" PREVID="37639775" NEXTID="126746482" UPDATEDATE="2024-09-09" STARTDATE="2014-01-10" ENDDATE="2024-09-09" ISACTUAL="0" ISACTIVE="0" /><HOUSE ID="66875772" OBJECTID="37123218" OBJECTGUID="dabb15a2-c4f6-4cb3-bbc8-e8d098ab5a23" CHANGEID="56333245" HOUSENUM="1" HOUSETYPE="2" OPERTYPEID="20" PREVID="22131061" NEXTID="126761148" UPDATEDATE="2024-09-11" STARTDATE="2018-10-12" ENDDATE="2024-09-11" ISACTUAL="0" ISACTIVE="0" /><HOUSE ID="126726868" OBJECTID="165068502" OBJECTGUID="99733c60-0f17-4b5d-9c21-5fc2718b5afe" CHANGEID="600524677" HOUSENUM="13" HOUSETYPE="2" OPERTYPEID="10" PREVID="0" NEXTID="0" UPDATEDATE="2024-09-05" STARTDATE="2024-09-05" ENDDATE="2079-06-06" ISACTUAL="1" ISACTIVE="1" /><HOUSE ID="126726898" OBJECTID="165068548" OBJECTGUID="5d35dab6-8c66-4a63-a5aa-a6a4e20f2544" CHANGEID="600524802" HOUSENUM="3" HOUSETYPE="2" OPERTYPEID="10" PREVID="0" NEXTID="0" UPDATEDATE="2024-09-05" STARTDATE="2024-09-05" ENDDATE="2079-06-06" ISACTUAL="1" ISACTIVE="1" /><HOUSE ID="126726928" OBJECTID="165068657" OBJECTGUID="6b975151-77e3-441f-b8e1-cef368064bb8" CHANGEID="600525016" HOUSENUM="36" HOUSETYPE="2" OPERTYPEID="10" PREVID="0" NEXTID="0" UPDATEDATE="2024-09-05" STARTDATE="2024-09-05" ENDDATE="2079-06-06" ISACTUAL="1" ISACTIVE="1" /><HOUSE ID="126727188" OBJECTID="165069567" OBJECTGUID="31bc292b-f9d4-49c8-a175-88a7c9967314" CHANGEID="600526458" HOUSENUM="37" HOUSETYPE="2" OPERTYPEID="10" PREVID="0" NEXTID="0" UPDATEDATE="2024-09-05" STARTDATE="2024-09-05" ENDDATE="2079-06-06" ISACTUAL="1" ISACTIVE="1" /><HOUSE ID="126727216" OBJECTID="165069634" OBJECTGUID="34035b09-6d1c-4469-95ab-a45c4ebc1a46" CHANGEID="600526617" HOUSENUM="17а" HOUSETYPE="2" OPERTYPEID="10" PREVID="0" NEXTID="0" UPDATEDATE="2024-09-05" STARTDATE="2024-09-05" ENDDATE="2079-06-06" ISACTUAL="1" ISACTIVE="1" /><HOUSE ID="126727393" OBJECTID="165070148" OBJECTGUID="7ea47912-e4b1-4536-b6cd-f449cff2db2d" CHANGEID="600527419" HOUSENUM="21" HOUSETYPE="2" OPERTYPEID="10" PREVID="0" NEXTID="0" UPDATEDATE="2024-09-05" STARTDATE="2024-09-05" ENDDATE="2079-06-06" ISACTUAL="1" ISACTIVE="1" /><HOUSE ID="126727409" OBJECTID="165070239" OBJECTGUID="21ef51e5-c9be-4c8c-93f0-0ecaf9c1cdda" CHANGEID="600527588" HOUSENUM="33" HOUSETYPE="2" OPERTYPEID="10" PREVID="0" NEXTID="0" UPDATEDATE="2024-09-05" STARTDATE="2024-09-05" ENDDATE="2079-06-06" ISACTUAL="1" ISACTIVE="1" /><HOUSE ID="126727445" OBJECTID="165070455" OBJECTGUID="ca5e8b00-b322-4e92-b520-924cf8a6af0b" CHANGEID="600527939" HOUSENUM="1" HOUSETYPE="2" OPERTYPEID="10" PREVID="0" NEXTID="0" UPDATEDATE="2024-09-05" STARTDATE="2024-09-05" ENDDATE="2079-06-06" ISACTUAL="1" ISACTIVE="1" /><HOUSE ID="126727503" OBJECTID="165070817" OBJECTGUID="9fd5162e-7e4d-47f7-bf48-f0952b4486f9" CHANGEID="600528412" HOUSENUM="6" HOUSETYPE="2" OPERTYPEID="10" PREVID="0" NEXTID="0" UPDATEDATE="2024-09-05" STARTDATE="2024-09-05" ENDDATE="2079-06-06" ISACTUAL="1" ISACTIVE="1" /><HOUSE ID="126727515" OBJECTID="165070849" OBJECTGUID="2e3ddfd3-78bd-4fa7-a94d-cf9173ae419c" CHANGEID="600528468" HOUSENUM="4" HOUSETYPE="2" OPERTYPEID="10" PREVID="0" NEXTID="0" UPDATEDATE="2024-09-05" STARTDATE="2024-09-05" ENDDATE="2079-06-06" ISACTUAL="1" ISACTIVE="1" /><HOUSE ID="126727491" OBJECTID="165070737" OBJECTGUID="3b24edb6-4ae4-4b54-9f24-a41809870bc5" CHANGEID="600528304" HOUSENUM="32" HOUSETYPE="2" OPERTYPEID="10" PREVID="0" NEXTID="0" UPDATEDATE="2024-09-05" STARTDATE="2024-09-05" ENDDATE="2079-06-06" ISACTUAL="1" ISACTIVE="1" /><HOUSE ID="126728688" OBJECTID="165077245" OBJECTGUID="896017bc-3d6b-4189-bd4d-dde9033b0c7e" CHANGEID="600538280" HOUSENUM="21б" HOUSETYPE="2" OPERTYPEID="10" PREVID="0" NEXTID="0" UPDATEDATE="2024-09-05" STARTDATE="2024-09-05" ENDDATE="2079-06-06" ISACTUAL="1" ISACTIVE="1" /><HOUSE ID="126730389" OBJECTID="12729678" OBJECTGUID="69ccc5c5-25e6-4a6e-8ea1-7bc6d63f7e8b" CHANGEID="600550459" HOUSENUM="7а" HOUSETYPE="2" OPERTYPEID="30" PREVID="58876107" NEXTID="0" UPDATEDATE="2024-09-05" STARTDATE="2024-09-05" ENDDATE="2079-06-06" ISACTUAL="1" ISACTIVE="0" /><HOUSE ID="58876107" OBJECTID="12729678" OBJECTGUID="69ccc5c5-25e6-4a6e-8ea1-7bc6d63f7e8b" CHANGEID="20500970" HOUSENUM="7а" HOUSETYPE="2" OPERTYPEID="20" PREVID="6889515" NEXTID="126730389" UPDATEDATE="2024-09-05" STARTDATE="2019-03-27" ENDDATE="2024-09-05" ISACTUAL="0" ISACTIVE="0" /><HOUSE ID="126731335" OBJECTID="165089247" OBJECTGUID="9258bb7e-05ad-4f1a-bb67-6ab585f11a33" CHANGEID="600558876" HOUSENUM="8" HOUSETYPE="2" OPERTYPEID="10" PREVID="0" NEXTID="0" UPDATEDATE="2024-09-05" STARTDATE="2024-09-05" ENDDATE="2079-06-06" ISACTUAL="1" ISACTIVE="1" /><HOUSE ID="126731408" OBJECTID="165089523" OBJECTGUID="a89e22c8-4fb1-44d2-9f03-19661aa88568" CHANGEID="600559461" HOUSENUM="1" HOUSETYPE="7" OPERTYPEID="10" PREVID="0" NEXTID="0" UPDATEDATE="2024-09-05" STARTDATE="2024-09-05" ENDDATE="2079-06-06" ISACTUAL="1" ISACTIVE="1" /><HOUSE ID="126733310" OBJECTID="165097413" OBJECTGUID="9e683657-8586-49de-807e-d9cbe7f0990d" CHANGEID="600574390" HOUSENUM="54а" ADDNUM1="2" HOUSETYPE="2" ADDTYPE1="1" OPERTYPEID="10" PREVID="0" NEXTID="0" UPDATEDATE="2024-09-06" STARTDATE="2024-09-06" ENDDATE="2079-06-06" ISACTUAL="1" ISACTIVE="1" /><HOUSE ID="126733359" OBJECTID="165097518" OBJECTGUID="574586ab-c495-474d-a611-27b9b6380a35" CHANGEID="600574547" HOUSENUM="54а" ADDNUM1="3" HOUSETYPE="2" ADDTYPE1="1" OPERTYPEID="10" PREVID="0" NEXTID="0" UPDATEDATE="2024-09-06" STARTDATE="2024-09-06" ENDDATE="2079-06-06" ISACTUAL="1" ISACTIVE="1" /><HOUSE ID="64156206" OBJECTID="76983958" OBJECTGUID="b4544ff7-b40d-46fe-b4f2-dd07fa8a036d" CHANGEID="114511358" HOUSENUM="18/14" HOUSETYPE="3" OPERTYPEID="20" PREVID="46530275" NEXTID="126733382" UPDATEDATE="2024-09-06" STARTDATE="2018-10-12" ENDDATE="2024-09-06" ISACTUAL="0" ISACTIVE="0" /><HOUSE ID="126733382" OBJECTID="76983958" OBJECTGUID="b4544ff7-b40d-46fe-b4f2-dd07fa8a036d" CHANGEID="600574750" HOUSENUM="18/14" HOUSETYPE="2" OPERTYPEID="20" PREVID="64156206" UPDATEDATE="2024-09-06" STARTDATE="2024-09-06" ENDDATE="2079-06-06" ISACTUAL="1" ISACTIVE="1" /><HOUSE ID="126733426" OBJECTID="165097799" OBJECTGUID="1ec01c3d-d7fb-49ea-833b-d8234e4c9237" CHANGEID="600575039" HOUSENUM="10а" HOUSETYPE="2" OPERTYPEID="10" PREVID="0" NEXTID="0" UPDATEDATE="2024-09-06" STARTDATE="2024-09-06" ENDDATE="2079-06-06" ISACTUAL="1" ISACTIVE="1" /><HOUSE ID="126734451" OBJECTID="165101517" OBJECTGUID="536107de-d593-4a15-a4be-60b97d3483ea" CHANGEID="600581556" HOUSENUM="151/2" HOUSETYPE="2" OPERTYPEID="10" PREVID="0" NEXTID="0" UPDATEDATE="2024-09-06" STARTDATE="2024-09-06" ENDDATE="2079-06-06" ISACTUAL="1" ISACTIVE="1" /><HOUSE ID="126734621" OBJECTID="165102359" OBJECTGUID="d1e5d85c-eebe-44ab-baf4-343da6cdda1c" CHANGEID="600583115" HOUSENUM="54а" ADDNUM1="1" HOUSETYPE="2" ADDTYPE1="1" OPERTYPEID="10" PREVID="0" NEXTID="0" UPDATEDATE="2024-09-06" STARTDATE="2024-09-06" ENDDATE="2079-06-06" ISACTUAL="1" ISACTIVE="1" /><HOUSE ID="126734852" OBJECTID="165103081" OBJECTGUID="77c3fc9d-c6b7-426d-b779-46e13a27a1e0" CHANGEID="600584590" HOUSENUM="11" HOUSETYPE="2" OPERTYPEID="10" PREVID="0" NEXTID="0" UPDATEDATE="2024-09-06" STARTDATE="2024-09-06" ENDDATE="2079-06-06" ISACTUAL="1" ISACTIVE="1" /><HOUSE ID="126735967" OBJECTID="165105763" OBJECTGUID="488c7455-a59b-43c2-86b4-f57219b17625" CHANGEID="600588997" HOUSENUM="12" HOUSETYPE="2" OPERTYPEID="10" PREVID="0" NEXTID="0" UPDATEDATE="2024-09-06" STARTDATE="2024-09-06" ENDDATE="2079-06-06" ISACTUAL="1" ISACTIVE="1" /><HOUSE ID="126736928" OBJECTID="165109458" OBJECTGUID="52ee008d-6089-4963-bcba-a22de97ac132" CHANGEID="600594899" HOUSENUM="52" HOUSETYPE="2" OPERTYPEID="10" PREVID="0" NEXTID="0" UPDATEDATE="2024-09-06" STARTDATE="2024-09-06" ENDDATE="2079-06-06" ISACTUAL="1" ISACTIVE="1" /><HOUSE ID="126738011" OBJECTID="165113963" OBJECTGUID="edca8f1c-599e-4645-a42f-f4a59a5ef695" CHANGEID="600702655" HOUSENUM="17а" HOUSETYPE="2" OPERTYPEID="10" PREVID="0" NEXTID="0" UPDATEDATE="2024-09-06" STARTDATE="2024-09-06" ENDDATE="2079-06-06" ISACTUAL="1" ISACTIVE="1" /><HOUSE ID="126738037" OBJECTID="165114042" OBJECTGUID="e459cce8-bd0b-4bed-bebb-2be5a1569079" CHANGEID="600702783" HOUSENUM="4" HOUSETYPE="2" OPERTYPEID="10" PREVID="0" NEXTID="0" UPDATEDATE="2024-09-06" STARTDATE="2024-09-06" ENDDATE="2079-06-06" ISACTUAL="1" ISACTIVE="1" /><HOUSE ID="126738077" OBJECTID="165114332" OBJECTGUID="d35537a1-51a9-4a13-9816-d91c5cad1874" CHANGEID="600703180" HOUSENUM="55" HOUSETYPE="2" OPERTYPEID="10" PREVID="0" NEXTID="0" UPDATEDATE="2024-09-06" STARTDATE="2024-09-06" ENDDATE="2079-06-06" ISACTUAL="1" ISACTIVE="1" /><HOUSE ID="126738053" OBJECTID="165114090" OBJECTGUID="9fba79fc-0577-426b-9817-02696f017e93" CHANGEID="600702868" HOUSENUM="149" HOUSETYPE="2" OPERTYPEID="10" PREVID="0" NEXTID="0" UPDATEDATE="2024-09-06" STARTDATE="2024-09-06" ENDDATE="2079-06-06" ISACTUAL="1" ISACTIVE="1" /><HOUSE ID="126738138" OBJECTID="165114549" OBJECTGUID="96cfe465-f06f-4623-b1ba-12c0565842d9" CHANGEID="600703504" HOUSENUM="10" HOUSETYPE="2" OPERTYPEID="10" PREVID="0" NEXTID="0" UPDATEDATE="2024-09-06" STARTDATE="2024-09-06" ENDDATE="2079-06-06" ISACTUAL="1" ISACTIVE="1" /><HOUSE ID="126738159" OBJECTID="165114583" OBJECTGUID="42abab04-de29-4672-89f7-53b9c456c3fe" CHANGEID="600703561" HOUSENUM="66" HOUSETYPE="2" OPERTYPEID="10" PREVID="0" NEXTID="0" UPDATEDATE="2024-09-06" STARTDATE="2024-09-06" ENDDATE="2079-06-06" ISACTUAL="1" ISACTIVE="1" /><HOUSE ID="126738176" OBJECTID="165114612" OBJECTGUID="b9e2827b-9af6-4c0c-a3f0-b0ae081140a6" CHANGEID="600703617" HOUSENUM="6/3" HOUSETYPE="5" OPERTYPEID="10" PREVID="0" NEXTID="0" UPDATEDATE="2024-09-06" STARTDATE="2024-09-06" ENDDATE="2079-06-06" ISACTUAL="1" ISACTIVE="1" /><HOUSE ID="126740650" OBJECTID="80698786" OBJECTGUID="590ad879-5760-44e0-a873-e6819dd1d1a4" CHANGEID="600750848" HOUSENUM="11" HOUSETYPE="2" OPERTYPEID="30" PREVID="57688133" NEXTID="0" UPDATEDATE="2024-09-09" STARTDATE="2024-09-09" ENDDATE="2079-06-06" ISACTUAL="1" ISACTIVE="0" /><HOUSE ID="126741150" OBJECTID="165127865" OBJECTGUID="1ed4f764-75b1-42d9-b3da-caf3a80d7a28" CHANGEID="600755164" HOUSENUM="19" HOUSETYPE="5" OPERTYPEID="10" PREVID="0" NEXTID="0" UPDATEDATE="2024-09-09" STARTDATE="2024-09-09" ENDDATE="2079-06-06" ISACTUAL="1" ISACTIVE="1" /><HOUSE ID="126741204" OBJECTID="165128216" OBJECTGUID="2141abc5-e512-4ab6-a33a-ac40bc967e85" CHANGEID="600755632" HOUSENUM="7" ADDNUM1="4/1" HOUSETYPE="2" ADDTYPE1="2" OPERTYPEID="10" PREVID="0" NEXTID="0" UPDATEDATE="2024-09-09" STARTDATE="2024-09-09" ENDDATE="2079-06-06" ISACTUAL="1" ISACTIVE="1" /><HOUSE ID="126741205" OBJECTID="165128218" OBJECTGUID="167c9d26-4884-4f7b-9766-13ecc6f3af22" CHANGEID="600755634" HOUSENUM="7" ADDNUM1="4/2" HOUSETYPE="2" ADDTYPE1="2" OPERTYPEID="10" PREVID="0" NEXTID="0" UPDATEDATE="2024-09-09" STARTDATE="2024-09-09" ENDDATE="2079-06-06" ISACTUAL="1" ISACTIVE="1" /><HOUSE ID="126743651" OBJECTID="165137780" OBJECTGUID="5c11d1d7-a71b-48ff-bb90-aa4b008991e2" CHANGEID="600770931" HOUSENUM="27б" HOUSETYPE="2" OPERTYPEID="10" PREVID="0" NEXTID="0" UPDATEDATE="2024-09-09" STARTDATE="2024-09-09" ENDDATE="2079-06-06" ISACTUAL="1" ISACTIVE="1" /><HOUSE ID="126744343" OBJECTID="165139169" OBJECTGUID="65e4f251-3dbb-485f-9f3f-0cab70fd9027" CHANGEID="600772742" HOUSENUM="89" HOUSETYPE="2" OPERTYPEID="10" PREVID="0" NEXTID="0" UPDATEDATE="2024-09-09" STARTDATE="2024-09-09" ENDDATE="2079-06-06" ISACTUAL="1" ISACTIVE="1" /><HOUSE ID="126744404" OBJECTID="165139291" OBJECTGUID="5e70dd19-2883-4400-889c-a910f6f4e25b" CHANGEID="600772954" HOUSENUM="13в" HOUSETYPE="5" OPERTYPEID="10" PREVID="0" NEXTID="0" UPDATEDATE="2024-09-09" STARTDATE="2024-09-09" ENDDATE="2079-06-06" ISACTUAL="1" ISACTIVE="1" /><HOUSE ID="126744897" OBJECTID="165140911" OBJECTGUID="42801e0f-25ce-4849-98fe-688606c13a5b" CHANGEID="600775779" HOUSENUM="18" HOUSETYPE="2" OPERTYPEID="10" PREVID="0" NEXTID="0" UPDATEDATE="2024-09-09" STARTDATE="2024-09-09" ENDDATE="2079-06-06" ISACTUAL="1" ISACTIVE="1" /><HOUSE ID="126745014" OBJECTID="165141442" OBJECTGUID="3240aa45-21c1-43ef-8691-f6a8a5d2c811" CHANGEID="600776517" HOUSENUM="31" HOUSETYPE="2" OPERTYPEID="10" PREVID="0" NEXTID="0" UPDATEDATE="2024-09-09" STARTDATE="2024-09-09" ENDDATE="2079-06-06" ISACTUAL="1" ISACTIVE="1" /><HOUSE ID="126745228" OBJECTID="165141925" OBJECTGUID="137f841d-bead-4705-82d4-f1cc8c9e062e" CHANGEID="600777432" HOUSENUM="9/43" HOUSETYPE="2" OPERTYPEID="10" PREVID="0" NEXTID="0" UPDATEDATE="2024-09-09" STARTDATE="2024-09-09" ENDDATE="2079-06-06" ISACTUAL="1" ISACTIVE="1" /><HOUSE ID="126745893" OBJECTID="165144071" OBJECTGUID="25e22c8b-8c50-48f8-bd54-096293825b2f" CHANGEID="600781461" HOUSENUM="242" HOUSETYPE="2" OPERTYPEID="10" PREVID="0" NEXTID="0" UPDATEDATE="2024-09-09" STARTDATE="2024-09-09" ENDDATE="2079-06-06" ISACTUAL="1" ISACTIVE="1" /><HOUSE ID="126745916" OBJECTID="165144227" OBJECTGUID="b9843dac-4b33-443a-aeb2-0d3ca6302c12" CHANGEID="600781667" HOUSENUM="47" HOUSETYPE="2" OPERTYPEID="10" PREVID="0" NEXTID="0" UPDATEDATE="2024-09-09" STARTDATE="2024-09-09" ENDDATE="2079-06-06" ISACTUAL="1" ISACTIVE="1" /><HOUSE ID="126745905" OBJECTID="165144140" OBJECTGUID="e179f8b1-e3d0-4f75-b8d7-2b253008a84d" CHANGEID="600781555" HOUSENUM="2а" HOUSETYPE="2" OPERTYPEID="10" PREVID="0" NEXTID="0" UPDATEDATE="2024-09-09" STARTDATE="2024-09-09" ENDDATE="2079-06-06" ISACTUAL="1" ISACTIVE="1" /><HOUSE ID="126745927" OBJECTID="165144271" OBJECTGUID="219b59e2-4f2e-4a0f-8449-02d6056cd01c" CHANGEID="600781739" HOUSENUM="41" HOUSETYPE="2" OPERTYPEID="10" PREVID="0" NEXTID="0" UPDATEDATE="2024-09-09" STARTDATE="2024-09-09" ENDDATE="2079-06-06" ISACTUAL="1" ISACTIVE="1" /><HOUSE ID="126746121" OBJECTID="165144814" OBJECTGUID="ada1a511-42b7-406a-9033-eb3ad72bf2b5" CHANGEID="600782718" HOUSENUM="7" HOUSETYPE="2" OPERTYPEID="10" PREVID="0" NEXTID="0" UPDATEDATE="2024-09-09" STARTDATE="2024-09-09" ENDDATE="2079-06-06" ISACTUAL="1" ISACTIVE="1" /><HOUSE ID="126746471" OBJECTID="165146442" OBJECTGUID="34acc56f-2da4-4c08-a1fe-183daeba68e2" CHANGEID="600784966" HOUSENUM="9" HOUSETYPE="2" OPERTYPEID="10" PREVID="0" NEXTID="0" UPDATEDATE="2024-09-09" STARTDATE="2024-09-09" ENDDATE="2079-06-06" ISACTUAL="1" ISACTIVE="1" /><HOUSE ID="126746482" OBJECTID="62621139" OBJECTGUID="70d40672-d3f4-418b-af49-a757dfe532bf" CHANGEID="600785021" HOUSENUM="37" HOUSETYPE="2" OPERTYPEID="30" PREVID="59373815" NEXTID="0" UPDATEDATE="2024-09-09" STARTDATE="2024-09-09" ENDDATE="2079-06-06" ISACTUAL="1" ISACTIVE="0" /><HOUSE ID="126746520" OBJECTID="165146625" OBJECTGUID="f9360eca-5977-49d3-9481-cc8a7fc10186" CHANGEID="600785377" HOUSENUM="26" HOUSETYPE="2" OPERTYPEID="10" PREVID="0" NEXTID="0" UPDATEDATE="2024-09-09" STARTDATE="2024-09-09" ENDDATE="2079-06-06" ISACTUAL="1" ISACTIVE="1" /><HOUSE ID="126746487" OBJECTID="8478838" OBJECTGUID="134342c7-a481-4fdf-86ad-79ea421a1cfd" CHANGEID="600785093" HOUSENUM="5" HOUSETYPE="2" OPERTYPEID="30" PREVID="52745099" NEXTID="0" UPDATEDATE="2024-09-09" STARTDATE="2024-09-09" ENDDATE="2079-06-06" ISACTUAL="1" ISACTIVE="0" /><HOUSE ID="52745099" OBJECTID="8478838" OBJECTGUID="134342c7-a481-4fdf-86ad-79ea421a1cfd" CHANGEID="14308370" HOUSENUM="5" HOUSETYPE="2" OPERTYPEID="20" PREVID="4308702" NEXTID="126746487" UPDATEDATE="2024-09-09" STARTDATE="2014-01-10" ENDDATE="2024-09-09" ISACTUAL="0" ISACTIVE="0" /><HOUSE ID="126746577" OBJECTID="165146842" OBJECTGUID="446dd103-dbb3-4346-9721-d5fe3b01bb33" CHANGEID="600785714" HOUSENUM="5а" HOUSETYPE="2" OPERTYPEID="10" PREVID="0" NEXTID="0" UPDATEDATE="2024-09-09" STARTDATE="2024-09-09" ENDDATE="2079-06-06" ISACTUAL="1" ISACTIVE="1" /><HOUSE ID="126746590" OBJECTID="165146864" OBJECTGUID="dfca67d4-c213-4934-9154-7bc6337c0526" CHANGEID="600785767" HOUSENUM="6" HOUSETYPE="2" OPERTYPEID="10" PREVID="0" NEXTID="0" UPDATEDATE="2024-09-09" STARTDATE="2024-09-09" ENDDATE="2079-06-06" ISACTUAL="1" ISACTIVE="1" /><HOUSE ID="126746596" OBJECTID="165146882" OBJECTGUID="9105e3fe-7416-485e-8a56-5c101d6b287a" CHANGEID="600785803" HOUSENUM="7" HOUSETYPE="2" OPERTYPEID="10" PREVID="0" NEXTID="0" UPDATEDATE="2024-09-09" STARTDATE="2024-09-09" ENDDATE="2079-06-06" ISACTUAL="1" ISACTIVE="1" /><HOUSE ID="126746681" OBJECTID="165147472" OBJECTGUID="ff25b85a-0403-4e2b-b79e-6c44aeb55bf0" CHANGEID="600786587" HOUSENUM="1" HOUSETYPE="2" OPERTYPEID="10" PREVID="0" NEXTID="0" UPDATEDATE="2024-09-09" STARTDATE="2024-09-09" ENDDATE="2079-06-06" ISACTUAL="1" ISACTIVE="1" /><HOUSE ID="126746693" OBJECTID="165147546" OBJECTGUID="46d478ba-e2cb-498c-80f6-ede416b4fb7e" CHANGEID="600786700" HOUSENUM="48" HOUSETYPE="2" OPERTYPEID="10" PREVID="0" NEXTID="0" UPDATEDATE="2024-09-09" STARTDATE="2024-09-09" ENDDATE="2079-06-06" ISACTUAL="1" ISACTIVE="1" /><HOUSE ID="126747131" OBJECTID="165149679" OBJECTGUID="79bdf237-91f8-42bc-8de9-4312ceb78f55" CHANGEID="600789959" HOUSENUM="62Б" HOUSETYPE="2" OPERTYPEID="10" PREVID="0" NEXTID="0" UPDATEDATE="2024-09-09" STARTDATE="2024-09-09" ENDDATE="2079-06-06" ISACTUAL="1" ISACTIVE="1" /><HOUSE ID="126747411" OBJECTID="165150577" OBJECTGUID="d134722b-3ef7-4a94-a6b6-1ca585c5cd37" CHANGEID="600791583" HOUSENUM="23" HOUSETYPE="2" OPERTYPEID="10" PREVID="0" NEXTID="0" UPDATEDATE="2024-09-09" STARTDATE="2024-09-09" ENDDATE="2079-06-06" ISACTUAL="1" ISACTIVE="1" /><HOUSE ID="126748960" OBJECTID="165159775" OBJECTGUID="d9362179-be7f-4015-a612-685c20df993a" CHANGEID="600810701" HOUSENUM="3" HOUSETYPE="2" OPERTYPEID="10" PREVID="0" NEXTID="0" UPDATEDATE="2024-09-10" STARTDATE="2024-09-10" ENDDATE="2079-06-06" ISACTUAL="1" ISACTIVE="1" /><HOUSE ID="126750388" OBJECTID="54992440" OBJECTGUID="2b9d8935-846c-4c70-b4c1-a13078593af9" CHANGEID="600819709" HOUSENUM="42" HOUSETYPE="2" OPERTYPEID="30" PREVID="54471183" NEXTID="0" UPDATEDATE="2024-09-10" STARTDATE="2024-09-10" ENDDATE="2079-06-06" ISACTUAL="1" ISACTIVE="0" /><HOUSE ID="54471183" OBJECTID="54992440" OBJECTGUID="2b9d8935-846c-4c70-b4c1-a13078593af9" CHANGEID="82255447" HOUSENUM="42" HOUSETYPE="2" OPERTYPEID="20" PREVID="32842134" NEXTID="126750388" UPDATEDATE="2024-09-10" STARTDATE="2019-03-27" ENDDATE="2024-09-10" ISACTUAL="0" ISACTIVE="0" /><HOUSE ID="126750504" OBJECTID="165165757" OBJECTGUID="95c0060f-9c55-4ca9-88b4-2fa0531dcf29" CHANGEID="600820644" HOUSENUM="11" HOUSETYPE="2" OPERTYPEID="10" PREVID="0" NEXTID="0" UPDATEDATE="2024-09-10" STARTDATE="2024-09-10" ENDDATE="2079-06-06" ISACTUAL="1" ISACTIVE="1" /><HOUSE ID="126750527" OBJECTID="165165830" OBJECTGUID="3db36166-8f58-4b93-8513-b0aba89b4d5b" CHANGEID="600820766" HOUSENUM="37" HOUSETYPE="2" OPERTYPEID="10" PREVID="0" NEXTID="0" UPDATEDATE="2024-09-10" STARTDATE="2024-09-10" ENDDATE="2079-06-06" ISACTUAL="1" ISACTIVE="1" /><HOUSE ID="126750760" OBJECTID="165167259" OBJECTGUID="f6c1912c-a6f4-430d-98c7-4227589c737b" CHANGEID="600822705" HOUSENUM="30М" HOUSETYPE="2" OPERTYPEID="10" PREVID="0" NEXTID="0" UPDATEDATE="2024-09-10" STARTDATE="2024-09-10" ENDDATE="2079-06-06" ISACTUAL="1" ISACTIVE="1" /><HOUSE ID="126750772" OBJECTID="165167386" OBJECTGUID="3886b74b-5f5c-4a39-b04c-f535c1d527e2" CHANGEID="600822873" HOUSENUM="214" HOUSETYPE="2" OPERTYPEID="10" PREVID="0" NEXTID="0" UPDATEDATE="2024-09-10" STARTDATE="2024-09-10" ENDDATE="2079-06-06" ISACTUAL="1" ISACTIVE="1" /><HOUSE ID="126750910" OBJECTID="165167936" OBJECTGUID="c0b22267-383f-42d4-84c8-be7b96ee28bd" CHANGEID="600823717" HOUSENUM="207" HOUSETYPE="5" OPERTYPEID="10" PREVID="0" NEXTID="0" UPDATEDATE="2024-09-10" STARTDATE="2024-09-10" ENDDATE="2079-06-06" ISACTUAL="1" ISACTIVE="1" /><HOUSE ID="126751327" OBJECTID="165170022" OBJECTGUID="b4b3ecc6-5e3f-410c-b387-9a567884ad7e" CHANGEID="600826381" HOUSENUM="5" HOUSETYPE="2" OPERTYPEID="10" PREVID="0" NEXTID="0" UPDATEDATE="2024-09-10" STARTDATE="2024-09-10" ENDDATE="2079-06-06" ISACTUAL="1" ISACTIVE="1" /><HOUSE ID="126751912" OBJECTID="165172333" OBJECTGUID="8f5c083b-42f6-406c-9c8f-3265ee0063d2" CHANGEID="600830144" HOUSENUM="26" HOUSETYPE="2" OPERTYPEID="10" PREVID="0" NEXTID="0" UPDATEDATE="2024-09-10" STARTDATE="2024-09-10" ENDDATE="2079-06-06" ISACTUAL="1" ISACTIVE="1" /><HOUSE ID="126751920" OBJECTID="165172353" OBJECTGUID="ff3a8929-5bc1-48ba-947f-e015da68837c" CHANGEID="600830191" HOUSENUM="17" HOUSETYPE="2" OPERTYPEID="10" PREVID="0" NEXTID="0" UPDATEDATE="2024-09-10" STARTDATE="2024-09-10" ENDDATE="2079-06-06" ISACTUAL="1" ISACTIVE="1" /><HOUSE ID="126751963" OBJECTID="165172442" OBJECTGUID="289eea83-f07b-4e22-947b-10380211de40" CHANGEID="600830333" HOUSENUM="8" HOUSETYPE="2" OPERTYPEID="10" PREVID="0" NEXTID="0" UPDATEDATE="2024-09-10" STARTDATE="2024-09-10" ENDDATE="2079-06-06" ISACTUAL="1" ISACTIVE="1" /><HOUSE ID="126751972" OBJECTID="165172466" OBJECTGUID="a0223e07-c90e-4e72-bc6f-ccd77ad43fca" CHANGEID="600830364" HOUSENUM="50" HOUSETYPE="2" OPERTYPEID="10" PREVID="0" NEXTID="0" UPDATEDATE="2024-09-10" STARTDATE="2024-09-10" ENDDATE="2079-06-06" ISACTUAL="1" ISACTIVE="1" /><HOUSE ID="126751950" OBJECTID="165172424" OBJECTGUID="1bcc065c-c2ec-41a5-972b-4bc776ce461f" CHANGEID="600830303" HOUSENUM="24" HOUSETYPE="2" OPERTYPEID="10" PREVID="0" NEXTID="0" UPDATEDATE="2024-09-10" STARTDATE="2024-09-10" ENDDATE="2079-06-06" ISACTUAL="1" ISACTIVE="1" /><HOUSE ID="126751968" OBJECTID="165172448" OBJECTGUID="fa3cd08e-34fd-4e67-9d29-31f2dec46283" CHANGEID="600830342" HOUSENUM="17" HOUSETYPE="2" OPERTYPEID="10" PREVID="0" NEXTID="0" UPDATEDATE="2024-09-10" STARTDATE="2024-09-10" ENDDATE="2079-06-06" ISACTUAL="1" ISACTIVE="1" /><HOUSE ID="126751981" OBJECTID="165172488" OBJECTGUID="6c29ed91-d090-4895-9ebf-73fdd2f86434" CHANGEID="600830752" HOUSENUM="34" HOUSETYPE="2" OPERTYPEID="10" PREVID="0" NEXTID="0" UPDATEDATE="2024-09-10" STARTDATE="2024-09-10" ENDDATE="2079-06-06" ISACTUAL="1" ISACTIVE="1" /><HOUSE ID="126753078" OBJECTID="54302458" OBJECTGUID="6ae86cd5-1b4b-4a13-914c-9b32798396d2" CHANGEID="600837094" HOUSENUM="8" HOUSETYPE="2" OPERTYPEID="30" PREVID="58954729" NEXTID="0" UPDATEDATE="2024-09-10" STARTDATE="2024-09-10" ENDDATE="2079-06-06" ISACTUAL="1" ISACTIVE="0" /><HOUSE ID="58954729" OBJECTID="54302458" OBJECTGUID="6ae86cd5-1b4b-4a13-914c-9b32798396d2" CHANGEID="81267654" HOUSENUM="8" HOUSETYPE="2" OPERTYPEID="20" PREVID="32444415" NEXTID="126753078" UPDATEDATE="2024-09-10" STARTDATE="2019-03-27" ENDDATE="2024-09-10" ISACTUAL="0" ISACTIVE="0" /><HOUSE ID="126753279" OBJECTID="165178063" OBJECTGUID="047857ce-d22d-49af-b8f6-65e802d90aec" CHANGEID="600838932" HOUSENUM="4" HOUSETYPE="2" OPERTYPEID="10" PREVID="0" NEXTID="0" UPDATEDATE="2024-09-10" STARTDATE="2024-09-10" ENDDATE="2079-06-06" ISACTUAL="1" ISACTIVE="1" /><HOUSE ID="126753313" OBJECTID="165178219" OBJECTGUID="1932de47-ffcb-403b-9c5a-af173f7a7b99" CHANGEID="600839157" HOUSENUM="22" HOUSETYPE="2" OPERTYPEID="10" PREVID="0" NEXTID="0" UPDATEDATE="2024-09-10" STARTDATE="2024-09-10" ENDDATE="2079-06-06" ISACTUAL="1" ISACTIVE="1" /><HOUSE ID="126753317" OBJECTID="165178243" OBJECTGUID="0d9c4eaf-b187-4cdb-a969-39a2b1a91ba0" CHANGEID="600839227" HOUSENUM="278" HOUSETYPE="2" OPERTYPEID="10" PREVID="0" NEXTID="0" UPDATEDATE="2024-09-10" STARTDATE="2024-09-10" ENDDATE="2079-06-06" ISACTUAL="1" ISACTIVE="1" /><HOUSE ID="126753320" OBJECTID="82644568" OBJECTGUID="3900f5e3-313f-4372-b7c7-ffc81e7f3d17" CHANGEID="600839232" HOUSENUM="3а" HOUSETYPE="2" OPERTYPEID="30" PREVID="55419035" NEXTID="0" UPDATEDATE="2024-09-10" STARTDATE="2024-09-10" ENDDATE="2079-06-06" ISACTUAL="1" ISACTIVE="0" /><HOUSE ID="126753323" OBJECTID="165178268" OBJECTGUID="915f5a03-43aa-4c9c-92d0-21e875e9d8e2" CHANGEID="600839266" HOUSENUM="11" HOUSETYPE="2" OPERTYPEID="10" PREVID="0" NEXTID="0" UPDATEDATE="2024-09-10" STARTDATE="2024-09-10" ENDDATE="2079-06-06" ISACTUAL="1" ISACTIVE="1" /><HOUSE ID="126753331" OBJECTID="165178295" OBJECTGUID="dfc7e1cb-2c28-4637-9793-2737ce868b60" CHANGEID="600839319" HOUSENUM="14" HOUSETYPE="2" OPERTYPEID="10" PREVID="0" NEXTID="0" UPDATEDATE="2024-09-10" STARTDATE="2024-09-10" ENDDATE="2079-06-06" ISACTUAL="1" ISACTIVE="1" /><HOUSE ID="126753340" OBJECTID="165178347" OBJECTGUID="c0b05f71-bf2b-45d3-a6a3-68e78b87adc8" CHANGEID="600839403" HOUSENUM="24" HOUSETYPE="2" OPERTYPEID="10" PREVID="0" NEXTID="0" UPDATEDATE="2024-09-10" STARTDATE="2024-09-10" ENDDATE="2079-06-06" ISACTUAL="1" ISACTIVE="1" /><HOUSE ID="126753347" OBJECTID="165178419" OBJECTGUID="ea621aeb-84d3-499f-926e-88b0a17a59ef" CHANGEID="600839494" HOUSENUM="1" ADDNUM1="4" HOUSETYPE="2" ADDTYPE1="1" OPERTYPEID="10" PREVID="0" NEXTID="0" UPDATEDATE="2024-09-10" STARTDATE="2024-09-10" ENDDATE="2079-06-06" ISACTUAL="1" ISACTIVE="1" /><HOUSE ID="126753687" OBJECTID="165179477" OBJECTGUID="d86ef95e-7a3a-44b9-aad4-7e848bba50ff" CHANGEID="600841569" HOUSENUM="6" HOUSETYPE="2" OPERTYPEID="10" PREVID="0" NEXTID="0" UPDATEDATE="2024-09-10" STARTDATE="2024-09-10" ENDDATE="2079-06-06" ISACTUAL="1" ISACTIVE="1" /><HOUSE ID="126753739" OBJECTID="165179653" OBJECTGUID="cb91dd4a-e797-43c6-b23a-6e5dfae99cac" CHANGEID="600841920" HOUSENUM="1а" HOUSETYPE="2" OPERTYPEID="10" PREVID="0" NEXTID="0" UPDATEDATE="2024-09-10" STARTDATE="2024-09-10" ENDDATE="2079-06-06" ISACTUAL="1" ISACTIVE="1" /><HOUSE ID="126754188" OBJECTID="165181188" OBJECTGUID="b9a54969-bae9-4650-aa67-75a36a71f578" CHANGEID="600844795" HOUSENUM="25" HOUSETYPE="2" OPERTYPEID="10" PREVID="0" NEXTID="0" UPDATEDATE="2024-09-10" STARTDATE="2024-09-10" ENDDATE="2079-06-06" ISACTUAL="1" ISACTIVE="1" /><HOUSE ID="126754176" OBJECTID="165181140" OBJECTGUID="67b42bcf-6447-4732-9372-2a232db0f2d5" CHANGEID="600844681" HOUSENUM="24" HOUSETYPE="2" OPERTYPEID="10" PREVID="0" NEXTID="0" UPDATEDATE="2024-09-10" STARTDATE="2024-09-10" ENDDATE="2079-06-06" ISACTUAL="1" ISACTIVE="1" /><HOUSE ID="126754546" OBJECTID="23366774" OBJECTGUID="d2c0d3b2-7f25-4d5f-85ee-4d94be8e4bd7" CHANGEID="600847458" HOUSENUM="4" HOUSETYPE="2" OPERTYPEID="30" PREVID="66309995" NEXTID="0" UPDATEDATE="2024-09-10" STARTDATE="2024-09-10" ENDDATE="2079-06-06" ISACTUAL="1" ISACTIVE="0" /><HOUSE ID="66309995" OBJECTID="23366774" OBJECTGUID="d2c0d3b2-7f25-4d5f-85ee-4d94be8e4bd7" CHANGEID="36333503" HOUSENUM="4" HOUSETYPE="2" OPERTYPEID="20" PREVID="13799756" NEXTID="126754546" UPDATEDATE="2024-09-10" STARTDATE="2019-03-27" ENDDATE="2024-09-10" ISACTUAL="0" ISACTIVE="0" /><HOUSE ID="126754558" OBJECTID="165182745" OBJECTGUID="6d6e3246-a129-4ffd-9639-78fe4791294e" CHANGEID="600847526" HOUSENUM="41" HOUSETYPE="2" OPERTYPEID="10" PREVID="0" NEXTID="0" UPDATEDATE="2024-09-10" STARTDATE="2024-09-10" ENDDATE="2079-06-06" ISACTUAL="1" ISACTIVE="1" /><HOUSE ID="126754569" OBJECTID="165182773" OBJECTGUID="873f46cf-f89f-4fd1-a4b4-c278a4902ab6" CHANGEID="600847568" HOUSENUM="9" HOUSETYPE="2" OPERTYPEID="10" PREVID="0" NEXTID="0" UPDATEDATE="2024-09-10" STARTDATE="2024-09-10" ENDDATE="2079-06-06" ISACTUAL="1" ISACTIVE="1" /><HOUSE ID="126754581" OBJECTID="54974336" OBJECTGUID="621dd52d-67e8-4414-8ae8-7e2376858557" CHANGEID="600847634" HOUSENUM="40" HOUSETYPE="2" OPERTYPEID="30" PREVID="58332194" NEXTID="0" UPDATEDATE="2024-09-10" STARTDATE="2024-09-10" ENDDATE="2079-06-06" ISACTUAL="1" ISACTIVE="0" /><HOUSE ID="126754670" OBJECTID="55002260" OBJECTGUID="563e23ed-4a4f-49d5-b302-c2b8dc1bbb79" CHANGEID="600847910" HOUSENUM="53" HOUSETYPE="2" OPERTYPEID="30" PREVID="57489350" NEXTID="0" UPDATEDATE="2024-09-10" STARTDATE="2024-09-10" ENDDATE="2079-06-06" ISACTUAL="1" ISACTIVE="0" /><HOUSE ID="57489350" OBJECTID="55002260" OBJECTGUID="563e23ed-4a4f-49d5-b302-c2b8dc1bbb79" CHANGEID="82269834" HOUSENUM="53" HOUSETYPE="2" OPERTYPEID="20" PREVID="32848151" NEXTID="126754670" UPDATEDATE="2024-09-10" STARTDATE="2019-03-27" ENDDATE="2024-09-10" ISACTUAL="0" ISACTIVE="0" /><HOUSE ID="126754675" OBJECTID="55016918" OBJECTGUID="248b4630-07a3-43cb-8d0d-d6a75230b3bb" CHANGEID="600847922" HOUSENUM="75" HOUSETYPE="2" OPERTYPEID="30" PREVID="53969065" NEXTID="0" UPDATEDATE="2024-09-10" STARTDATE="2024-09-10" ENDDATE="2079-06-06" ISACTUAL="1" ISACTIVE="0" /><HOUSE ID="53969065" OBJECTID="55016918" OBJECTGUID="248b4630-07a3-43cb-8d0d-d6a75230b3bb" CHANGEID="82291146" HOUSENUM="75" HOUSETYPE="2" OPERTYPEID="20" PREVID="32857125" NEXTID="126754675" UPDATEDATE="2024-09-10" STARTDATE="2019-03-27" ENDDATE="2024-09-10" ISACTUAL="0" ISACTIVE="0" /><HOUSE ID="126755960" OBJECTID="165190613" OBJECTGUID="7efba7f9-8e04-4cc0-a572-2e82695f877b" CHANGEID="600883791" HOUSENUM="27а" HOUSETYPE="2" OPERTYPEID="10" PREVID="0" NEXTID="0" UPDATEDATE="2024-09-11" STARTDATE="2024-09-11" ENDDATE="2079-06-06" ISACTUAL="1" ISACTIVE="1" /><HOUSE ID="126756071" OBJECTID="165191942" OBJECTGUID="ba3b3473-9871-41c0-b5cf-fe44d76f25f9" CHANGEID="600885604" HOUSENUM="1" HOUSETYPE="7" OPERTYPEID="10" PREVID="0" NEXTID="0" UPDATEDATE="2024-09-11" STARTDATE="2024-09-11" ENDDATE="2079-06-06" ISACTUAL="1" ISACTIVE="1" /><HOUSE ID="126756098" OBJECTID="165192000" OBJECTGUID="46f853e4-e8dc-47d6-98a2-a0008899cce0" CHANGEID="600885693" HOUSENUM="4" HOUSETYPE="2" OPERTYPEID="10" PREVID="0" NEXTID="0" UPDATEDATE="2024-09-11" STARTDATE="2024-09-11" ENDDATE="2079-06-06" ISACTUAL="1" ISACTIVE="1" /><HOUSE ID="126758526" OBJECTID="165205207" OBJECTGUID="0e5a2ce1-fdf1-4e46-959d-fca3ea2ebab2" CHANGEID="600904099" HOUSENUM="14" ADDNUM1="1" HOUSETYPE="2" ADDTYPE1="2" OPERTYPEID="10" PREVID="0" NEXTID="0" UPDATEDATE="2024-09-11" STARTDATE="2024-09-11" ENDDATE="2079-06-06" ISACTUAL="1" ISACTIVE="1" /><HOUSE ID="126758516" OBJECTID="165205150" OBJECTGUID="4575f1a4-3428-4446-a5a2-dc7bf5aeddd7" CHANGEID="600904022" HOUSENUM="98/2" HOUSETYPE="2" OPERTYPEID="10" PREVID="0" NEXTID="0" UPDATEDATE="2024-09-11" STARTDATE="2024-09-11" ENDDATE="2079-06-06" ISACTUAL="1" ISACTIVE="1" /><HOUSE ID="126758547" OBJECTID="165205310" OBJECTGUID="3de76d71-9a5b-465d-a82d-b7b846830963" CHANGEID="600904273" HOUSENUM="7а" HOUSETYPE="2" OPERTYPEID="10" PREVID="0" NEXTID="0" UPDATEDATE="2024-09-11" STARTDATE="2024-09-11" ENDDATE="2079-06-06" ISACTUAL="1" ISACTIVE="1" /><HOUSE ID="126758628" OBJECTID="165206071" OBJECTGUID="8ffae2e9-00f6-4434-b210-91c0e43a95d8" CHANGEID="600905310" HOUSENUM="16/1" HOUSETYPE="5" OPERTYPEID="10" PREVID="0" NEXTID="0" UPDATEDATE="2024-09-11" STARTDATE="2024-09-11" ENDDATE="2079-06-06" ISACTUAL="1" ISACTIVE="1" /><HOUSE ID="126758676" OBJECTID="165206348" OBJECTGUID="e62a3a95-6fc0-4c24-991d-6cf94a32f36b" CHANGEID="600905772" HOUSENUM="7" HOUSETYPE="2" OPERTYPEID="10" PREVID="0" NEXTID="0" UPDATEDATE="2024-09-11" STARTDATE="2024-09-11" ENDDATE="2079-06-06" ISACTUAL="1" ISACTIVE="1" /><HOUSE ID="126759204" OBJECTID="165208666" OBJECTGUID="d3eacf14-7c5f-4c64-91d3-20a9ed96da18" CHANGEID="600909738" HOUSENUM="4" HOUSETYPE="2" OPERTYPEID="10" PREVID="0" NEXTID="0" UPDATEDATE="2024-09-11" STARTDATE="2024-09-11" ENDDATE="2079-06-06" ISACTUAL="1" ISACTIVE="1" /><HOUSE ID="126759227" OBJECTID="165208762" OBJECTGUID="dc630c7d-c80e-45ac-9c37-12d91ae59e2d" CHANGEID="600909925" HOUSENUM="16б" HOUSETYPE="2" OPERTYPEID="10" PREVID="0" NEXTID="0" UPDATEDATE="2024-09-11" STARTDATE="2024-09-11" ENDDATE="2079-06-06" ISACTUAL="1" ISACTIVE="1" /><HOUSE ID="126760954" OBJECTID="165216263" OBJECTGUID="ed09f8ea-107d-412d-a3a9-c86e8876a670" CHANGEID="600922875" HOUSENUM="15А" HOUSETYPE="2" OPERTYPEID="10" PREVID="0" NEXTID="0" UPDATEDATE="2024-09-11" STARTDATE="2024-09-11" ENDDATE="2079-06-06" ISACTUAL="1" ISACTIVE="1" /><HOUSE ID="126761148" OBJECTID="37123218" OBJECTGUID="dabb15a2-c4f6-4cb3-bbc8-e8d098ab5a23" CHANGEID="600924962" HOUSENUM="1" HOUSETYPE="2" OPERTYPEID="30" PREVID="66875772" NEXTID="0" UPDATEDATE="2024-09-11" STARTDATE="2024-09-11" ENDDATE="2079-06-06" ISACTUAL="1" ISACTIVE="0" /><HOUSE ID="126761309" OBJECTID="165218560" OBJECTGUID="4cbc061e-7d7a-4a62-8007-9e25cb16bb66" CHANGEID="600926240" HOUSENUM="360" HOUSETYPE="2" OPERTYPEID="10" PREVID="0" NEXTID="0" UPDATEDATE="2024-09-11" STARTDATE="2024-09-11" ENDDATE="2079-06-06" ISACTUAL="1" ISACTIVE="1" /><HOUSE ID="126761338" OBJECTID="165218637" OBJECTGUID="a8861371-53e2-4361-a697-813d39ae285a" CHANGEID="600926500" HOUSENUM="35" HOUSETYPE="2" OPERTYPEID="10" PREVID="0" NEXTID="0" UPDATEDATE="2024-09-11" STARTDATE="2024-09-11" ENDDATE="2079-06-06" ISACTUAL="1" ISACTIVE="1" /><HOUSE ID="126761353" OBJECTID="165218715" OBJECTGUID="ae25fd76-9f4c-4eb0-b8b2-1a2e70726227" CHANGEID="600927234" HOUSENUM="175" HOUSETYPE="2" OPERTYPEID="10" PREVID="0" NEXTID="0" UPDATEDATE="2024-09-11" STARTDATE="2024-09-11" ENDDATE="2079-06-06" ISACTUAL="1" ISACTIVE="1" /><HOUSE ID="126761390" OBJECTID="165218888" OBJECTGUID="a0b67646-9e87-43d1-8a36-1191b0395e13" CHANGEID="600927673" HOUSENUM="170" HOUSETYPE="2" OPERTYPEID="10" PREVID="0" NEXTID="0" UPDATEDATE="2024-09-11" STARTDATE="2024-09-11" ENDDATE="2079-06-06" ISACTUAL="1" ISACTIVE="1" /><HOUSE ID="126761405" OBJECTID="165218981" OBJECTGUID="b49e615c-a259-4db8-ae3f-fe041f9224c5" CHANGEID="600928503" HOUSENUM="27" HOUSETYPE="2" OPERTYPEID="10" PREVID="0" NEXTID="0" UPDATEDATE="2024-09-11" STARTDATE="2024-09-11" ENDDATE="2079-06-06" ISACTUAL="1" ISACTIVE="1" /><HOUSE ID="126761513" OBJECTID="165219700" OBJECTGUID="71bac61b-118a-498a-98af-0483e7ce4a50" CHANGEID="600929435" HOUSENUM="22" HOUSETYPE="2" OPERTYPEID="10" PREVID="0" NEXTID="0" UPDATEDATE="2024-09-11" STARTDATE="2024-09-11" ENDDATE="2079-06-06" ISACTUAL="1" ISACTIVE="1" /><HOUSE ID="126761639" OBJECTID="165220048" OBJECTGUID="24430802-ad7a-4dac-b11d-9b3e0a767dbf" CHANGEID="600930250" HOUSENUM="3" HOUSETYPE="7" OPERTYPEID="10" PREVID="0" NEXTID="0" UPDATEDATE="2024-09-11" STARTDATE="2024-09-11" ENDDATE="2079-06-06" ISACTUAL="1" ISACTIVE="1" /><HOUSE ID="126761914" OBJECTID="165221417" OBJECTGUID="671b0733-cf5c-4c9f-8c56-7adf778e072a" CHANGEID="600932805" HOUSENUM="123в" HOUSETYPE="5" OPERTYPEID="10" PREVID="0" NEXTID="0" UPDATEDATE="2024-09-11" STARTDATE="2024-09-11" ENDDATE="2079-06-06" ISACTUAL="1" ISACTIVE="1" /><HOUSE ID="126761994" OBJECTID="165221604" OBJECTGUID="f8116e0e-4519-408d-889c-256963ca25e8" CHANGEID="600933098" HOUSENUM="62" HOUSETYPE="2" OPERTYPEID="10" PREVID="0" NEXTID="0" UPDATEDATE="2024-09-11" STARTDATE="2024-09-11" ENDDATE="2079-06-06" ISACTUAL="1" ISACTIVE="1" /><HOUSE ID="126761989" OBJECTID="165221588" OBJECTGUID="1c7d642c-e350-40ac-ad13-8aafcfb9131b" CHANGEID="600933071" HOUSENUM="11а" HOUSETYPE="2" OPERTYPEID="10" PREVID="0" NEXTID="0" UPDATEDATE="2024-09-11" STARTDATE="2024-09-11" ENDDATE="2079-06-06" ISACTUAL="1" ISACTIVE="1" /><HOUSE ID="126761999" OBJECTID="165221613" OBJECTGUID="05c97289-cd21-45d2-a283-681912e92d5d" CHANGEID="600933128" HOUSENUM="39а" HOUSETYPE="2" OPERTYPEID="10" PREVID="0" NEXTID="0" UPDATEDATE="2024-09-11" STARTDATE="2024-09-11" ENDDATE="2079-06-06" ISACTUAL="1" ISACTIVE="1" /></HOUSES>