﻿<?xml version="1.0" encoding="utf-8"?><REESTR_OBJECTS><OBJECT OBJECTID="95232678" OBJECTGUID="1cac065a-97af-4ac2-ba43-09638f2783b0" CHANGEID="600778586" ISACTIVE="1" LEVELID="4" CREATEDATE="2011-01-01" UPDATEDATE="2024-09-09" /><OBJECT OBJECTID="68418138" OBJECTGUID="aa6ff25d-46c4-4143-b94b-e1467725944a" CHANGEID="600785887" ISACTIVE="1" LEVELID="10" CREATEDATE="2019-07-14" UPDATEDATE="2024-09-09" /><OBJECT OBJECTID="76388115" OBJECTGUID="22fd945f-7971-4902-980f-66d0a129b6be" CHANGEID="600511790" ISACTIVE="1" LEVELID="11" CREATEDATE="2017-05-12" UPDATEDATE="2024-09-05" /><OBJECT OBJECTID="76389346" OBJECTGUID="f3b021a1-3f50-42da-9c7b-0f4bef491683" CHANGEID="600513315" ISACTIVE="1" LEVELID="11" CREATEDATE="2017-05-12" UPDATEDATE="2024-09-05" /><OBJECT OBJECTID="76388180" OBJECTGUID="5fdd564e-6757-4e98-b486-6cc7927212c3" CHANGEID="600513314" ISACTIVE="1" LEVELID="11" CREATEDATE="2017-05-12" UPDATEDATE="2024-09-05" /><OBJECT OBJECTID="76388853" OBJECTGUID="c85fa479-e62b-4f4d-b810-e660bd0881f6" CHANGEID="600513316" ISACTIVE="1" LEVELID="11" CREATEDATE="2017-05-12" UPDATEDATE="2024-09-05" /><OBJECT OBJECTID="76388823" OBJECTGUID="b4796522-e6a4-45ca-9ef7-91b1a77b4387" CHANGEID="600513324" ISACTIVE="1" LEVELID="11" CREATEDATE="2017-05-12" UPDATEDATE="2024-09-05" /><OBJECT OBJECTID="76389313" OBJECTGUID="e7d59590-70f9-403a-ab8b-f986bbe0f38a" CHANGEID="600513327" ISACTIVE="1" LEVELID="11" CREATEDATE="2017-05-12" UPDATEDATE="2024-09-05" /><OBJECT OBJECTID="76388173" OBJECTGUID="5747223c-f92e-484a-bea5-086dd6c9d90e" CHANGEID="600513334" ISACTIVE="1" LEVELID="11" CREATEDATE="2017-05-12" UPDATEDATE="2024-09-05" /><OBJECT OBJECTID="76388100" OBJECTGUID="15d08af5-e6b6-4c5f-a267-d7361b56ff9d" CHANGEID="600513336" ISACTIVE="1" LEVELID="11" CREATEDATE="2017-05-12" UPDATEDATE="2024-09-05" /><OBJECT OBJECTID="165071317" OBJECTGUID="3efc2bb3-2b50-4525-b198-5b48d3e4b0f4" CHANGEID="600529125" ISACTIVE="1" LEVELID="11" CREATEDATE="2024-09-05" UPDATEDATE="2024-09-05" /><OBJECT OBJECTID="164941210" OBJECTGUID="81703a2a-37ab-4dee-87f2-bd89d9837e59" CHANGEID="600716201" ISACTIVE="1" LEVELID="10" CREATEDATE="2024-08-29" UPDATEDATE="2024-09-07" /><OBJECT OBJECTID="112783" OBJECTGUID="47cbea54-40c5-46d6-8e2c-6f59b91ec5c7" CHANGEID="600814098" ISACTIVE="1" LEVELID="8" CREATEDATE="2015-02-11" UPDATEDATE="2024-09-10" /><OBJECT OBJECTID="165140769" OBJECTGUID="22b4b074-6e7d-4e09-a1fc-0cfa9b5360fb" CHANGEID="600775525" ISACTIVE="1" LEVELID="9" CREATEDATE="2024-09-09" UPDATEDATE="2024-09-09" /><OBJECT OBJECTID="165140768" OBJECTGUID="13480ad3-33f4-4ed8-9775-dd5079c67371" CHANGEID="600775523" ISACTIVE="1" LEVELID="9" CREATEDATE="2024-09-09" UPDATEDATE="2024-09-09" /><OBJECT OBJECTID="165140770" OBJECTGUID="44278f77-ed2a-4423-af2d-6061807c56b9" CHANGEID="600775528" ISACTIVE="1" LEVELID="9" CREATEDATE="2024-09-09" UPDATEDATE="2024-09-09" /><OBJECT OBJECTID="165142265" OBJECTGUID="bda8bb3f-137e-4ff6-aea0-962abb5d1b8d" CHANGEID="600778585" ISACTIVE="1" LEVELID="9" CREATEDATE="2024-09-09" UPDATEDATE="2024-09-09" /><OBJECT OBJECTID="165142266" OBJECTGUID="4d4f496b-b6a6-429b-918f-3f8f51f06019" CHANGEID="600778587" ISACTIVE="1" LEVELID="10" CREATEDATE="2024-09-09" UPDATEDATE="2024-09-09" /><OBJECT OBJECTID="77423112" OBJECTGUID="6e63f15d-50d0-4d6c-b203-d257c55de3cc" CHANGEID="600785881" ISACTIVE="1" LEVELID="10" CREATEDATE="2019-07-14" UPDATEDATE="2024-09-09" /><OBJECT OBJECTID="111425" OBJECTGUID="ef7fb704-3ce5-4236-b3db-ea0d9da10ab9" CHANGEID="600785879" ISACTIVE="1" LEVELID="8" CREATEDATE="2015-02-11" UPDATEDATE="2024-09-09" /><OBJECT OBJECTID="15191181" OBJECTGUID="d86f4073-01f2-4bd6-bb44-f850a9037fe8" CHANGEID="600785901" ISACTIVE="1" LEVELID="10" CREATEDATE="2019-07-14" UPDATEDATE="2024-09-09" /><OBJECT OBJECTID="15190086" OBJECTGUID="815b035d-3938-4525-8e38-f1e683a1084e" CHANGEID="600785900" ISACTIVE="1" LEVELID="10" CREATEDATE="2019-07-14" UPDATEDATE="2024-09-09" /><OBJECT OBJECTID="15189815" OBJECTGUID="49210e12-3d12-47c1-99b1-db54e360924b" CHANGEID="600785899" ISACTIVE="1" LEVELID="10" CREATEDATE="2019-07-14" UPDATEDATE="2024-09-09" /><OBJECT OBJECTID="15184226" OBJECTGUID="551528ce-adde-49ce-9003-ab1eac6bd80a" CHANGEID="600785897" ISACTIVE="1" LEVELID="10" CREATEDATE="2019-07-14" UPDATEDATE="2024-09-09" /><OBJECT OBJECTID="15183656" OBJECTGUID="8cf7ae81-755e-4b0e-8bde-a3a2b13f92d3" CHANGEID="600785896" ISACTIVE="1" LEVELID="10" CREATEDATE="2019-07-14" UPDATEDATE="2024-09-09" /><OBJECT OBJECTID="15181807" OBJECTGUID="6a1a7804-565c-434c-b330-4dc35a75c113" CHANGEID="600785893" ISACTIVE="1" LEVELID="10" CREATEDATE="2019-07-14" UPDATEDATE="2024-09-09" /><OBJECT OBJECTID="15181388" OBJECTGUID="7bb2972f-ff92-4fe1-b998-337d7f952298" CHANGEID="600785892" ISACTIVE="1" LEVELID="10" CREATEDATE="2019-07-14" UPDATEDATE="2024-09-09" /><OBJECT OBJECTID="15181130" OBJECTGUID="003e4ab0-4827-4a60-ad55-2c20cc7ddfc6" CHANGEID="600785891" ISACTIVE="1" LEVELID="10" CREATEDATE="2015-02-10" UPDATEDATE="2024-09-09" /><OBJECT OBJECTID="114510" OBJECTGUID="a23a53fa-c354-4f68-85fa-2aa242610590" CHANGEID="600785890" ISACTIVE="1" LEVELID="8" CREATEDATE="2015-02-11" UPDATEDATE="2024-09-09" /><OBJECT OBJECTID="68418637" OBJECTGUID="d701d9b4-5d31-44fe-aa8d-e5d45a733d48" CHANGEID="600785888" ISACTIVE="1" LEVELID="10" CREATEDATE="2019-07-14" UPDATEDATE="2024-09-09" /><OBJECT OBJECTID="68417989" OBJECTGUID="b8513afa-fe7c-493c-b8e8-de0881d33a0b" CHANGEID="600785886" ISACTIVE="1" LEVELID="10" CREATEDATE="2019-07-14" UPDATEDATE="2024-09-09" /><OBJECT OBJECTID="68411465" OBJECTGUID="d4bace8e-c191-4bd2-a4d1-cb7696f093e0" CHANGEID="600785885" ISACTIVE="1" LEVELID="10" CREATEDATE="2019-07-14" UPDATEDATE="2024-09-09" /><OBJECT OBJECTID="68411131" OBJECTGUID="94b72b49-9b09-49dc-9898-2710bd9a8724" CHANGEID="600785884" ISACTIVE="1" LEVELID="10" CREATEDATE="2015-02-10" UPDATEDATE="2024-09-09" /><OBJECT OBJECTID="111446" OBJECTGUID="f87fd3f4-b6d4-4073-85b6-ce14638027ad" CHANGEID="600785883" ISACTIVE="1" LEVELID="8" CREATEDATE="2015-02-11" UPDATEDATE="2024-09-09" /><OBJECT OBJECTID="3245516" OBJECTGUID="180e9fc1-17d5-4bd6-8698-ffb27d14ae39" CHANGEID="600785909" ISACTIVE="1" LEVELID="10" CREATEDATE="2019-07-14" UPDATEDATE="2024-09-09" /><OBJECT OBJECTID="3245339" OBJECTGUID="f3a8a505-1a74-453e-9fb7-d76982ce9f43" CHANGEID="600785908" ISACTIVE="1" LEVELID="10" CREATEDATE="2019-07-14" UPDATEDATE="2024-09-09" /><OBJECT OBJECTID="3245175" OBJECTGUID="55de4544-9573-4a14-b7fe-d660c2cdba24" CHANGEID="600785907" ISACTIVE="1" LEVELID="10" CREATEDATE="2019-07-14" UPDATEDATE="2024-09-09" /><OBJECT OBJECTID="3244882" OBJECTGUID="4de93c50-a7d9-4ba8-a6ff-9ddb755526b9" CHANGEID="600785906" ISACTIVE="1" LEVELID="10" CREATEDATE="2019-07-14" UPDATEDATE="2024-09-09" /><OBJECT OBJECTID="3244811" OBJECTGUID="c240d9a2-bffe-42a8-9872-98efa600a891" CHANGEID="600785905" ISACTIVE="1" LEVELID="10" CREATEDATE="2019-07-14" UPDATEDATE="2024-09-09" /><OBJECT OBJECTID="3244459" OBJECTGUID="1e2e60d9-2838-4126-b991-214ee30466ef" CHANGEID="600785903" ISACTIVE="1" LEVELID="10" CREATEDATE="2015-02-10" UPDATEDATE="2024-09-09" /><OBJECT OBJECTID="110369" OBJECTGUID="d8600f0c-970e-4314-8051-055698851070" CHANGEID="600785902" ISACTIVE="1" LEVELID="8" CREATEDATE="2015-02-11" UPDATEDATE="2024-09-09" /><OBJECT OBJECTID="165211289" OBJECTGUID="70b38b9d-782d-4c74-b43d-0300f67944d4" CHANGEID="600914490" ISACTIVE="1" LEVELID="10" CREATEDATE="2024-09-11" UPDATEDATE="2024-09-11" /><OBJECT OBJECTID="165212749" OBJECTGUID="8358af60-1edf-45bf-a35b-4f44b82acefa" CHANGEID="600916499" ISACTIVE="1" LEVELID="10" CREATEDATE="2024-09-11" UPDATEDATE="2024-09-11" /><OBJECT OBJECTID="15183235" OBJECTGUID="df2a1bb3-c0f0-4255-93b0-710da094ec8d" CHANGEID="600785895" ISACTIVE="1" LEVELID="10" CREATEDATE="2019-07-14" UPDATEDATE="2024-09-09" /><OBJECT OBJECTID="15182791" OBJECTGUID="c5dd8906-55f5-4a3c-aea1-68b9f141eb9b" CHANGEID="600785894" ISACTIVE="1" LEVELID="10" CREATEDATE="2019-07-14" UPDATEDATE="2024-09-09" /><OBJECT OBJECTID="77422678" OBJECTGUID="da7fa035-3f55-47fc-86f2-0b139aa3c877" CHANGEID="600785880" ISACTIVE="1" LEVELID="10" CREATEDATE="2015-02-10" UPDATEDATE="2024-09-09" /><OBJECT OBJECTID="15188700" OBJECTGUID="608e2a7a-6a06-48a6-87ab-d4bfc6917bab" CHANGEID="600785898" ISACTIVE="1" LEVELID="10" CREATEDATE="2019-07-14" UPDATEDATE="2024-09-09" /><OBJECT OBJECTID="76388495" OBJECTGUID="9e32c7f5-268c-487a-a28b-b274413384c8" CHANGEID="600513313" ISACTIVE="1" LEVELID="11" CREATEDATE="2017-05-12" UPDATEDATE="2024-09-05" /><OBJECT OBJECTID="164869305" OBJECTGUID="d580b44e-36d1-4a46-bdc7-95fe03650dfe" CHANGEID="600716202" ISACTIVE="1" LEVELID="10" CREATEDATE="2024-08-26" UPDATEDATE="2024-09-07" /><OBJECT OBJECTID="3244575" OBJECTGUID="8eb85b36-f129-4dc8-a4d3-5c56e9e4ec31" CHANGEID="600785904" ISACTIVE="1" LEVELID="10" CREATEDATE="2019-07-14" UPDATEDATE="2024-09-09" /></REESTR_OBJECTS>