﻿<?xml version="1.0" encoding="utf-8"?><ADDRESSOBJECTS><OBJECT ID="52125685" OBJECTID="165063869" OBJECTGUID="15a5997a-3207-468b-ba4f-8a396c539326" CHANGEID="600516964" NAME="Школьная" TYPENAME="тер." LEVEL="7" OPERTYPEID="10" PREVID="0" NEXTID="0" UPDATEDATE="2024-09-05" STARTDATE="2024-09-05" ENDDATE="2079-06-06" ISACTUAL="1" ISACTIVE="1" /><OBJECT ID="52125768" OBJECTID="165069695" OBJECTGUID="78e20a45-98a1-42f4-bfc4-494d53674ffc" CHANGEID="600526707" NAME="Центральная" TYPENAME="ул." LEVEL="8" OPERTYPEID="10" PREVID="0" NEXTID="0" UPDATEDATE="2024-09-05" STARTDATE="2024-09-05" ENDDATE="2079-06-06" ISACTUAL="1" ISACTIVE="1" /><OBJECT ID="52125769" OBJECTID="165069805" OBJECTGUID="5c98d87f-4ade-4228-b5d7-dd360eeb2bd8" CHANGEID="600526899" NAME="Терновый" TYPENAME="пер." LEVEL="8" OPERTYPEID="10" PREVID="0" NEXTID="0" UPDATEDATE="2024-09-05" STARTDATE="2024-09-05" ENDDATE="2079-06-06" ISACTUAL="1" ISACTIVE="1" /><OBJECT ID="52125785" OBJECTID="165075576" OBJECTGUID="a18c8292-ab09-44ae-9bf6-1325af55acdd" CHANGEID="600535927" NAME="Автодорога М-5 Урал" TYPENAME="тер." LEVEL="7" OPERTYPEID="10" PREVID="0" NEXTID="0" UPDATEDATE="2024-09-05" STARTDATE="2024-09-05" ENDDATE="2079-06-06" ISACTUAL="1" ISACTIVE="1" /><OBJECT ID="52125837" OBJECTID="165087756" OBJECTGUID="27cbd21b-5e12-416a-9141-279f1807daa1" CHANGEID="600555564" NAME="260-й" TYPENAME="км" LEVEL="8" OPERTYPEID="10" PREVID="0" NEXTID="0" UPDATEDATE="2024-09-05" STARTDATE="2024-09-05" ENDDATE="2079-06-06" ISACTUAL="1" ISACTIVE="1" /><OBJECT ID="52125849" OBJECTID="165089272" OBJECTGUID="50a63b44-e4ea-42e2-b794-4836a8542cb7" CHANGEID="600558947" NAME="Выселки" TYPENAME="ул." LEVEL="8" OPERTYPEID="10" PREVID="0" NEXTID="0" UPDATEDATE="2024-09-05" STARTDATE="2024-09-05" ENDDATE="2079-06-06" ISACTUAL="1" ISACTIVE="1" /><OBJECT ID="52125850" OBJECTID="165089317" OBJECTGUID="5902d9c2-7a13-4bbf-bc67-d44e7e002055" CHANGEID="600559009" NAME="Яблочный" TYPENAME="пер." LEVEL="8" OPERTYPEID="10" PREVID="0" NEXTID="0" UPDATEDATE="2024-09-05" STARTDATE="2024-09-05" ENDDATE="2079-06-06" ISACTUAL="1" ISACTIVE="1" /><OBJECT ID="52125851" OBJECTID="165089325" OBJECTGUID="e6b92f98-a817-4c72-9542-68c2081321e7" CHANGEID="600559024" NAME="Ореховый" TYPENAME="пер." LEVEL="8" OPERTYPEID="10" PREVID="0" NEXTID="0" UPDATEDATE="2024-09-05" STARTDATE="2024-09-05" ENDDATE="2079-06-06" ISACTUAL="1" ISACTIVE="1" /><OBJECT ID="52126465" OBJECTID="165207039" OBJECTGUID="6f5e34ee-9e88-488d-bc8b-18aaafd2a3c8" CHANGEID="600906809" NAME="Агроквартал" TYPENAME="тер." LEVEL="7" OPERTYPEID="10" PREVID="0" NEXTID="0" UPDATEDATE="2024-09-11" STARTDATE="2024-09-11" ENDDATE="2079-06-06" ISACTUAL="1" ISACTIVE="1" /></ADDRESSOBJECTS>