﻿<?xml version="1.0" encoding="utf-8"?><HOUSES><HOUSE ID="56802512" OBJECTID="52591036" OBJECTGUID="4c8a94c3-96ae-477e-9724-97480aec2407" CHANGEID="78778375" HOUSENUM="3" HOUSETYPE="2" OPERTYPEID="20" PREVID="31415933" NEXTID="126728357" UPDATEDATE="2024-09-05" STARTDATE="2017-01-02" ENDDATE="2024-09-05" ISACTUAL="0" ISACTIVE="0" /><HOUSE ID="58336307" OBJECTID="10524823" OBJECTGUID="622f76cf-cc5b-47af-bdfa-54e5a6794b4c" CHANGEID="17270350" HOUSENUM="27" HOUSETYPE="2" OPERTYPEID="20" PREVID="5533304" NEXTID="126737452" UPDATEDATE="2024-09-06" STARTDATE="2015-03-16" ENDDATE="2024-09-06" ISACTUAL="0" ISACTIVE="0" /><HOUSE ID="59541714" OBJECTID="40254171" OBJECTGUID="7334b606-0fc6-4791-9477-8c9affedd220" CHANGEID="60942109" HOUSENUM="17" HOUSETYPE="2" OPERTYPEID="20" PREVID="24066728" NEXTID="126752994" UPDATEDATE="2024-09-10" STARTDATE="2019-10-16" ENDDATE="2024-09-10" ISACTUAL="0" ISACTIVE="0" /><HOUSE ID="59942621" OBJECTID="40252371" OBJECTGUID="78db1d25-7e71-4057-866b-35c7ec1da5ae" CHANGEID="60938438" HOUSENUM="11" HOUSETYPE="2" OPERTYPEID="20" PREVID="24065223" NEXTID="126752997" UPDATEDATE="2024-09-10" STARTDATE="2019-10-16" ENDDATE="2024-09-10" ISACTUAL="0" ISACTIVE="0" /><HOUSE ID="60995362" OBJECTID="74481462" OBJECTGUID="87b63eae-450e-4003-867e-0568e998f99f" CHANGEID="110850540" HOUSENUM="16" HOUSETYPE="2" OPERTYPEID="20" PREVID="44973235" NEXTID="126761806" UPDATEDATE="2024-09-11" STARTDATE="2014-01-04" ENDDATE="2024-09-11" ISACTUAL="0" ISACTIVE="0" /><HOUSE ID="62298695" OBJECTID="18035185" OBJECTGUID="9a18421a-93ff-4332-a4ed-ebf9f1494df1" CHANGEID="28433276" HOUSENUM="22" HOUSETYPE="2" OPERTYPEID="20" PREVID="10390000" NEXTID="126747416" UPDATEDATE="2024-09-09" STARTDATE="2014-01-04" ENDDATE="2024-09-09" ISACTUAL="0" ISACTIVE="0" /><HOUSE ID="62411589" OBJECTID="40257096" OBJECTGUID="9bb028c9-a33b-4fd2-833c-ca8bddefd30a" CHANGEID="60946181" HOUSENUM="6" HOUSETYPE="2" OPERTYPEID="20" PREVID="24068648" NEXTID="126752993" UPDATEDATE="2024-09-10" STARTDATE="2019-10-16" ENDDATE="2024-09-10" ISACTUAL="0" ISACTIVE="0" /><HOUSE ID="64421905" OBJECTID="38584839" OBJECTGUID="b813893c-13ac-4ab8-9ce8-1223a73fdd81" CHANGEID="58492506" HOUSENUM="15" HOUSETYPE="2" OPERTYPEID="20" PREVID="23053269" NEXTID="126733753" UPDATEDATE="2024-09-06" STARTDATE="2019-10-31" ENDDATE="2024-09-06" ISACTUAL="0" ISACTIVE="0" /><HOUSE ID="64846959" OBJECTID="35732145" OBJECTGUID="be115df2-21ce-4a56-8f02-d1dcf1a934ab" CHANGEID="54274587" HOUSENUM="51" HOUSETYPE="7" OPERTYPEID="20" PREVID="21228642" NEXTID="126736753" UPDATEDATE="2024-09-06" STARTDATE="2019-10-16" ENDDATE="2024-09-06" ISACTUAL="0" ISACTIVE="0" /><HOUSE ID="66190375" OBJECTID="12276345" OBJECTGUID="d11068fd-bcb5-47b4-9db1-5feabfabc1bc" CHANGEID="19844624" HOUSENUM="1" HOUSETYPE="2" OPERTYPEID="20" PREVID="6620196" NEXTID="126748923" UPDATEDATE="2024-09-10" STARTDATE="2015-05-13" ENDDATE="2024-09-10" ISACTUAL="0" ISACTIVE="0" /><HOUSE ID="67094992" OBJECTID="46402327" OBJECTGUID="ddd87b17-0a35-424a-8e61-9ecbb9bdc4ad" CHANGEID="69846579" HOUSENUM="7" HOUSETYPE="2" OPERTYPEID="20" PREVID="27731348" NEXTID="126752595" UPDATEDATE="2024-09-10" STARTDATE="2019-09-17" ENDDATE="2024-09-10" ISACTUAL="0" ISACTIVE="0" /><HOUSE ID="67108643" OBJECTID="75496468" OBJECTGUID="de078448-e688-4b9f-8286-93e987603aca" CHANGEID="112316931" HOUSENUM="7" HOUSETYPE="2" OPERTYPEID="20" PREVID="45582426" NEXTID="126758108" UPDATEDATE="2024-09-11" STARTDATE="2014-01-04" ENDDATE="2024-09-11" ISACTUAL="0" ISACTIVE="0" /><HOUSE ID="68686928" OBJECTID="35710246" OBJECTGUID="f45118b9-5f4f-4b68-9b78-72a6a39e8812" CHANGEID="54243701" HOUSENUM="24" HOUSETYPE="7" OPERTYPEID="20" PREVID="21218248" NEXTID="126735343" UPDATEDATE="2024-09-06" STARTDATE="2019-10-16" ENDDATE="2024-09-06" ISACTUAL="0" ISACTIVE="0" /><HOUSE ID="69150787" OBJECTID="35710975" OBJECTGUID="faddc69d-6c4e-4539-a337-81985efa4c26" CHANGEID="54244789" HOUSENUM="87" HOUSETYPE="7" OPERTYPEID="20" PREVID="21218554" NEXTID="126737463" UPDATEDATE="2024-09-06" STARTDATE="2019-10-16" ENDDATE="2024-09-06" ISACTUAL="0" ISACTIVE="0" /><HOUSE ID="68368739" OBJECTID="35703204" OBJECTGUID="efd42cbf-7a78-4329-b2f3-c1112fbb2239" CHANGEID="54233424" HOUSENUM="11" HOUSETYPE="7" OPERTYPEID="20" PREVID="21214210" NEXTID="126735832" UPDATEDATE="2024-09-06" STARTDATE="2019-10-16" ENDDATE="2024-09-06" ISACTUAL="0" ISACTIVE="0" /><HOUSE ID="18498676" OBJECTID="31162268" OBJECTGUID="313f1411-63af-4e76-8747-a56da107b795" CHANGEID="47673276" HOUSENUM="59" HOUSETYPE="2" OPERTYPEID="10" PREVID="0" NEXTID="126748901" UPDATEDATE="2024-09-10" STARTDATE="2018-09-17" ENDDATE="2024-09-10" ISACTUAL="0" ISACTIVE="0" /><HOUSE ID="52501271" OBJECTID="40614679" OBJECTGUID="0fd063c9-c861-4f91-adde-6cf65887b227" CHANGEID="61460324" HOUSENUM="15" HOUSETYPE="2" OPERTYPEID="20" PREVID="24276274" NEXTID="126742174" UPDATEDATE="2024-09-09" STARTDATE="2014-04-10" ENDDATE="2024-09-09" ISACTUAL="0" ISACTIVE="0" /><HOUSE ID="126726467" OBJECTID="165066580" OBJECTGUID="81e85606-9f91-4d32-b3b5-8bfbf3a42731" CHANGEID="600521617" HOUSENUM="2" HOUSETYPE="2" OPERTYPEID="10" PREVID="0" NEXTID="0" UPDATEDATE="2024-09-05" STARTDATE="2024-09-05" ENDDATE="2079-06-06" ISACTUAL="1" ISACTIVE="1" /><HOUSE ID="126726465" OBJECTID="165066500" OBJECTGUID="acc94099-5915-41f9-81f1-7a41d21ca58a" CHANGEID="600521523" HOUSENUM="142а" HOUSETYPE="5" OPERTYPEID="10" PREVID="0" NEXTID="0" UPDATEDATE="2024-09-05" STARTDATE="2024-09-05" ENDDATE="2079-06-06" ISACTUAL="1" ISACTIVE="1" /><HOUSE ID="126726790" OBJECTID="165068130" OBJECTGUID="c7947841-48e7-427f-adb2-3b57b718cdde" CHANGEID="600523989" HOUSENUM="64а" HOUSETYPE="2" OPERTYPEID="10" PREVID="0" NEXTID="0" UPDATEDATE="2024-09-05" STARTDATE="2024-09-05" ENDDATE="2079-06-06" ISACTUAL="1" ISACTIVE="1" /><HOUSE ID="126726815" OBJECTID="165068225" OBJECTGUID="a51e3c59-37d0-4e9d-9abc-2c752b1759d9" CHANGEID="600524112" HOUSENUM="24В" HOUSETYPE="7" OPERTYPEID="10" PREVID="0" NEXTID="0" UPDATEDATE="2024-09-05" STARTDATE="2024-09-05" ENDDATE="2079-06-06" ISACTUAL="1" ISACTIVE="1" /><HOUSE ID="126726801" OBJECTID="165068184" OBJECTGUID="6d7dd06a-14dd-4cc9-8779-1fcf2de0c415" CHANGEID="600524055" HOUSENUM="39а" HOUSETYPE="2" OPERTYPEID="10" PREVID="0" NEXTID="0" UPDATEDATE="2024-09-05" STARTDATE="2024-09-05" ENDDATE="2079-06-06" ISACTUAL="1" ISACTIVE="1" /><HOUSE ID="126726831" OBJECTID="165068347" OBJECTGUID="8c46a675-6384-4d2d-83e6-90a1918e4e08" CHANGEID="600524427" HOUSENUM="4а" HOUSETYPE="5" OPERTYPEID="10" PREVID="0" NEXTID="0" UPDATEDATE="2024-09-05" STARTDATE="2024-09-05" ENDDATE="2079-06-06" ISACTUAL="1" ISACTIVE="1" /><HOUSE ID="126726832" OBJECTID="165068349" OBJECTGUID="b2463316-b86d-4200-aee6-57c6023d2af7" CHANGEID="600524429" HOUSENUM="4б" HOUSETYPE="5" OPERTYPEID="10" PREVID="0" NEXTID="0" UPDATEDATE="2024-09-05" STARTDATE="2024-09-05" ENDDATE="2079-06-06" ISACTUAL="1" ISACTIVE="1" /><HOUSE ID="126726918" OBJECTID="165068630" OBJECTGUID="4268280a-a486-4a81-926e-658fda554e96" CHANGEID="600524956" HOUSENUM="2" HOUSETYPE="2" OPERTYPEID="10" PREVID="0" NEXTID="0" UPDATEDATE="2024-09-05" STARTDATE="2024-09-05" ENDDATE="2079-06-06" ISACTUAL="1" ISACTIVE="1" /><HOUSE ID="126727164" OBJECTID="165069383" OBJECTGUID="c5e4748a-b67e-4e8e-a287-97e8f7ac6156" CHANGEID="600526146" HOUSENUM="1" HOUSETYPE="2" OPERTYPEID="10" PREVID="0" NEXTID="0" UPDATEDATE="2024-09-05" STARTDATE="2024-09-05" ENDDATE="2079-06-06" ISACTUAL="1" ISACTIVE="1" /><HOUSE ID="126727165" OBJECTID="165069414" OBJECTGUID="44a86a75-d63d-4e98-9047-44925ebd63f4" CHANGEID="600526185" HOUSENUM="29" HOUSETYPE="2" OPERTYPEID="10" PREVID="0" NEXTID="0" UPDATEDATE="2024-09-05" STARTDATE="2024-09-05" ENDDATE="2079-06-06" ISACTUAL="1" ISACTIVE="1" /><HOUSE ID="126727166" OBJECTID="165069421" OBJECTGUID="899c66cb-93a2-4d92-a233-a358a1f63820" CHANGEID="600526211" HOUSENUM="13" HOUSETYPE="2" OPERTYPEID="10" PREVID="0" NEXTID="0" UPDATEDATE="2024-09-05" STARTDATE="2024-09-05" ENDDATE="2079-06-06" ISACTUAL="1" ISACTIVE="1" /><HOUSE ID="126727175" OBJECTID="165069486" OBJECTGUID="72db1031-3d59-461b-b096-631e4b58e040" CHANGEID="600526307" HOUSENUM="20" HOUSETYPE="2" OPERTYPEID="10" PREVID="0" NEXTID="0" UPDATEDATE="2024-09-05" STARTDATE="2024-09-05" ENDDATE="2079-06-06" ISACTUAL="1" ISACTIVE="1" /><HOUSE ID="126727467" OBJECTID="165070512" OBJECTGUID="81a05124-47cb-4ba3-bfda-90ba9eed8954" CHANGEID="600528021" HOUSENUM="17а" HOUSETYPE="2" OPERTYPEID="10" PREVID="0" NEXTID="0" UPDATEDATE="2024-09-05" STARTDATE="2024-09-05" ENDDATE="2079-06-06" ISACTUAL="1" ISACTIVE="1" /><HOUSE ID="126727839" OBJECTID="165072045" OBJECTGUID="564428ae-1e2c-460c-91af-f33828fe01cb" CHANGEID="600530290" HOUSENUM="46В" HOUSETYPE="2" OPERTYPEID="10" PREVID="0" NEXTID="0" UPDATEDATE="2024-09-05" STARTDATE="2024-09-05" ENDDATE="2079-06-06" ISACTUAL="1" ISACTIVE="1" /><HOUSE ID="126727867" OBJECTID="165072206" OBJECTGUID="26530e01-5f36-4101-a955-c35accb0d9c6" CHANGEID="600530517" HOUSENUM="3Г" HOUSETYPE="2" OPERTYPEID="10" PREVID="0" NEXTID="0" UPDATEDATE="2024-09-05" STARTDATE="2024-09-05" ENDDATE="2079-06-06" ISACTUAL="1" ISACTIVE="1" /><HOUSE ID="126727890" OBJECTID="165072470" OBJECTGUID="bf5b34b6-5cf4-42a8-9ec4-8b83e37d10d0" CHANGEID="600530869" HOUSENUM="8" HOUSETYPE="2" OPERTYPEID="10" PREVID="0" NEXTID="0" UPDATEDATE="2024-09-05" STARTDATE="2024-09-05" ENDDATE="2079-06-06" ISACTUAL="1" ISACTIVE="1" /><HOUSE ID="126728356" OBJECTID="52594408" OBJECTGUID="e6c9bb06-7666-46e5-88e2-43a0c5d8454d" CHANGEID="600534860" HOUSENUM="32" HOUSETYPE="2" OPERTYPEID="30" PREVID="31418619" NEXTID="0" UPDATEDATE="2024-09-05" STARTDATE="2024-09-05" ENDDATE="2079-06-06" ISACTUAL="1" ISACTIVE="0" /><HOUSE ID="31418619" OBJECTID="52594408" OBJECTGUID="e6c9bb06-7666-46e5-88e2-43a0c5d8454d" CHANGEID="78783264" HOUSENUM="32" HOUSETYPE="2" OPERTYPEID="10" PREVID="0" NEXTID="126728356" UPDATEDATE="2024-09-05" STARTDATE="2017-07-21" ENDDATE="2024-09-05" ISACTUAL="0" ISACTIVE="0" /><HOUSE ID="126728357" OBJECTID="52591036" OBJECTGUID="4c8a94c3-96ae-477e-9724-97480aec2407" CHANGEID="600534861" HOUSENUM="3" HOUSETYPE="2" OPERTYPEID="30" PREVID="56802512" NEXTID="0" UPDATEDATE="2024-09-05" STARTDATE="2024-09-05" ENDDATE="2079-06-06" ISACTUAL="1" ISACTIVE="0" /><HOUSE ID="126728670" OBJECTID="165076964" OBJECTGUID="9deff653-7e68-446c-9930-3837629c5138" CHANGEID="600537760" HOUSENUM="2А" HOUSETYPE="5" OPERTYPEID="10" PREVID="0" NEXTID="0" UPDATEDATE="2024-09-05" STARTDATE="2024-09-05" ENDDATE="2079-06-06" ISACTUAL="1" ISACTIVE="1" /><HOUSE ID="126728686" OBJECTID="165077243" OBJECTGUID="a8f0fb9f-0b9d-4212-9be6-084e927b4243" CHANGEID="600538268" HOUSENUM="5/3" HOUSETYPE="2" OPERTYPEID="10" PREVID="0" NEXTID="0" UPDATEDATE="2024-09-05" STARTDATE="2024-09-05" ENDDATE="2079-06-06" ISACTUAL="1" ISACTIVE="1" /><HOUSE ID="126728758" OBJECTID="165077549" OBJECTGUID="8bee63a8-8bde-4d02-90f5-0c71052222ff" CHANGEID="600538779" HOUSENUM="12" HOUSETYPE="2" OPERTYPEID="10" PREVID="0" NEXTID="0" UPDATEDATE="2024-09-05" STARTDATE="2024-09-05" ENDDATE="2079-06-06" ISACTUAL="1" ISACTIVE="1" /><HOUSE ID="126729142" OBJECTID="165079225" OBJECTGUID="54e76d15-65df-4174-9c94-62da5f73ad20" CHANGEID="600541103" HOUSENUM="266" HOUSETYPE="2" OPERTYPEID="10" PREVID="0" NEXTID="0" UPDATEDATE="2024-09-05" STARTDATE="2024-09-05" ENDDATE="2079-06-06" ISACTUAL="1" ISACTIVE="1" /><HOUSE ID="126729861" OBJECTID="165081829" OBJECTGUID="6ae382da-20f3-4905-badb-48e09b190d0f" CHANGEID="600545833" HOUSENUM="46а" HOUSETYPE="2" OPERTYPEID="10" PREVID="0" NEXTID="0" UPDATEDATE="2024-09-05" STARTDATE="2024-09-05" ENDDATE="2079-06-06" ISACTUAL="1" ISACTIVE="1" /><HOUSE ID="126730173" OBJECTID="165083196" OBJECTGUID="8b8c59ca-6efa-4b53-9ba5-018f3312b2c3" CHANGEID="600547992" HOUSENUM="1" HOUSETYPE="2" OPERTYPEID="10" PREVID="0" NEXTID="0" UPDATEDATE="2024-09-05" STARTDATE="2024-09-05" ENDDATE="2079-06-06" ISACTUAL="1" ISACTIVE="1" /><HOUSE ID="126730793" OBJECTID="165086592" OBJECTGUID="999b904f-668d-4975-9be5-9c63b233b0b9" CHANGEID="600553591" HOUSENUM="12" HOUSETYPE="7" OPERTYPEID="10" PREVID="0" NEXTID="0" UPDATEDATE="2024-09-05" STARTDATE="2024-09-05" ENDDATE="2079-06-06" ISACTUAL="1" ISACTIVE="1" /><HOUSE ID="126730893" OBJECTID="165087178" OBJECTGUID="bc60c170-bcda-4e21-bc97-94689919a621" CHANGEID="600554422" HOUSENUM="11А" HOUSETYPE="5" OPERTYPEID="10" PREVID="0" NEXTID="0" UPDATEDATE="2024-09-05" STARTDATE="2024-09-05" ENDDATE="2079-06-06" ISACTUAL="1" ISACTIVE="1" /><HOUSE ID="126730870" OBJECTID="165087068" OBJECTGUID="a277f42c-3f88-415e-8fab-d5dee110fbc0" CHANGEID="600554240" HOUSENUM="7а" HOUSETYPE="7" OPERTYPEID="10" PREVID="0" NEXTID="0" UPDATEDATE="2024-09-05" STARTDATE="2024-09-05" ENDDATE="2079-06-06" ISACTUAL="1" ISACTIVE="1" /><HOUSE ID="126731003" OBJECTID="165087969" OBJECTGUID="4986d25d-4ac5-4bf8-a430-d46e586f7f98" CHANGEID="600556108" HOUSENUM="245А" HOUSETYPE="2" OPERTYPEID="10" PREVID="0" NEXTID="0" UPDATEDATE="2024-09-05" STARTDATE="2024-09-05" ENDDATE="2079-06-06" ISACTUAL="1" ISACTIVE="1" /><HOUSE ID="126731423" OBJECTID="165089644" OBJECTGUID="a6685576-adae-4755-b363-3b1f5ab3ca99" CHANGEID="600559605" HOUSENUM="1" HOUSETYPE="2" OPERTYPEID="10" PREVID="0" NEXTID="0" UPDATEDATE="2024-09-05" STARTDATE="2024-09-05" ENDDATE="2079-06-06" ISACTUAL="1" ISACTIVE="1" /><HOUSE ID="126731390" OBJECTID="165089433" OBJECTGUID="b5ac1040-77e4-45e9-b572-139cc6a7b0fd" CHANGEID="600559215" HOUSENUM="208" HOUSETYPE="2" OPERTYPEID="10" PREVID="0" NEXTID="0" UPDATEDATE="2024-09-05" STARTDATE="2024-09-05" ENDDATE="2079-06-06" ISACTUAL="1" ISACTIVE="1" /><HOUSE ID="126731465" OBJECTID="165089803" OBJECTGUID="9bb9fbef-7d61-426e-a9a9-59e3802acb3c" CHANGEID="600559861" HOUSENUM="5/2" HOUSETYPE="2" OPERTYPEID="10" PREVID="0" NEXTID="0" UPDATEDATE="2024-09-05" STARTDATE="2024-09-05" ENDDATE="2079-06-06" ISACTUAL="1" ISACTIVE="1" /><HOUSE ID="126733753" OBJECTID="38584839" OBJECTGUID="b813893c-13ac-4ab8-9ce8-1223a73fdd81" CHANGEID="600575774" HOUSENUM="15" HOUSETYPE="5" OPERTYPEID="20" PREVID="64421905" UPDATEDATE="2024-09-06" STARTDATE="2024-09-06" ENDDATE="2079-06-06" ISACTUAL="1" ISACTIVE="1" /><HOUSE ID="126734435" OBJECTID="165101387" OBJECTGUID="b1b75c9f-cbcb-49a3-90e3-d47ae903092d" CHANGEID="600581392" HOUSENUM="35" HOUSETYPE="5" OPERTYPEID="10" PREVID="0" NEXTID="0" UPDATEDATE="2024-09-06" STARTDATE="2024-09-06" ENDDATE="2079-06-06" ISACTUAL="1" ISACTIVE="1" /><HOUSE ID="126734859" OBJECTID="165103118" OBJECTGUID="c08d9b17-933b-4a03-a406-ceb101298b46" CHANGEID="600584649" HOUSENUM="45А" HOUSETYPE="2" OPERTYPEID="10" PREVID="0" NEXTID="0" UPDATEDATE="2024-09-06" STARTDATE="2024-09-06" ENDDATE="2079-06-06" ISACTUAL="1" ISACTIVE="1" /><HOUSE ID="126734793" OBJECTID="26900911" OBJECTGUID="ad58e171-6ac1-48b9-bc64-a5ceb367eebe" CHANGEID="600584258" HOUSENUM="32" HOUSETYPE="2" OPERTYPEID="30" PREVID="63661292" NEXTID="0" UPDATEDATE="2024-09-06" STARTDATE="2024-09-06" ENDDATE="2079-06-06" ISACTUAL="1" ISACTIVE="0" /><HOUSE ID="63661292" OBJECTID="26900911" OBJECTGUID="ad58e171-6ac1-48b9-bc64-a5ceb367eebe" CHANGEID="41507543" HOUSENUM="32" HOUSETYPE="2" OPERTYPEID="20" PREVID="15975029" NEXTID="126734793" UPDATEDATE="2024-09-06" STARTDATE="2019-11-13" ENDDATE="2024-09-06" ISACTUAL="0" ISACTIVE="0" /><HOUSE ID="126734851" OBJECTID="165103077" OBJECTGUID="cab4a006-201e-4fe7-93a1-6f7a39cb4c77" CHANGEID="600584584" HOUSENUM="18а" HOUSETYPE="2" OPERTYPEID="10" PREVID="0" NEXTID="0" UPDATEDATE="2024-09-06" STARTDATE="2024-09-06" ENDDATE="2079-06-06" ISACTUAL="1" ISACTIVE="1" /><HOUSE ID="53176125" OBJECTID="35712947" OBJECTGUID="1956c0d1-a75a-4712-9fc4-b60e2238fdbf" CHANGEID="54247327" HOUSENUM="3" HOUSETYPE="7" OPERTYPEID="20" PREVID="21220016" NEXTID="126735342" UPDATEDATE="2024-09-06" STARTDATE="2019-10-16" ENDDATE="2024-09-06" ISACTUAL="0" ISACTIVE="0" /><HOUSE ID="126735342" OBJECTID="35712947" OBJECTGUID="1956c0d1-a75a-4712-9fc4-b60e2238fdbf" CHANGEID="600586500" HOUSENUM="3" HOUSETYPE="2" OPERTYPEID="20" PREVID="53176125" UPDATEDATE="2024-09-06" STARTDATE="2024-09-06" ENDDATE="2079-06-06" ISACTUAL="1" ISACTIVE="1" /><HOUSE ID="126735343" OBJECTID="35710246" OBJECTGUID="f45118b9-5f4f-4b68-9b78-72a6a39e8812" CHANGEID="600586513" HOUSENUM="24" HOUSETYPE="2" OPERTYPEID="20" PREVID="68686928" UPDATEDATE="2024-09-06" STARTDATE="2024-09-06" ENDDATE="2079-06-06" ISACTUAL="1" ISACTIVE="1" /><HOUSE ID="126735832" OBJECTID="35703204" OBJECTGUID="efd42cbf-7a78-4329-b2f3-c1112fbb2239" CHANGEID="600588220" HOUSENUM="11" HOUSETYPE="2" OPERTYPEID="20" PREVID="68368739" UPDATEDATE="2024-09-06" STARTDATE="2024-09-06" ENDDATE="2079-06-06" ISACTUAL="1" ISACTIVE="1" /><HOUSE ID="126736140" OBJECTID="165106412" OBJECTGUID="4ea6d822-b276-4254-a476-06c940abce57" CHANGEID="600590237" HOUSENUM="279в" HOUSETYPE="2" OPERTYPEID="10" PREVID="0" NEXTID="0" UPDATEDATE="2024-09-06" STARTDATE="2024-09-06" ENDDATE="2079-06-06" ISACTUAL="1" ISACTIVE="1" /><HOUSE ID="126736202" OBJECTID="165106545" OBJECTGUID="97829432-a55b-4b46-832c-8869e4c99474" CHANGEID="600590571" HOUSENUM="282" HOUSETYPE="2" OPERTYPEID="10" PREVID="0" NEXTID="0" UPDATEDATE="2024-09-06" STARTDATE="2024-09-06" ENDDATE="2079-06-06" ISACTUAL="1" ISACTIVE="1" /><HOUSE ID="126736200" OBJECTID="165106528" OBJECTGUID="c59dfa4a-290d-4666-87f6-1d318bed7448" CHANGEID="600590531" HOUSENUM="12" HOUSETYPE="2" OPERTYPEID="10" PREVID="0" NEXTID="0" UPDATEDATE="2024-09-06" STARTDATE="2024-09-06" ENDDATE="2079-06-06" ISACTUAL="1" ISACTIVE="1" /><HOUSE ID="126736215" OBJECTID="165106620" OBJECTGUID="a44c7802-6008-42a2-910b-12955f6961aa" CHANGEID="600590693" HOUSENUM="282а" HOUSETYPE="7" OPERTYPEID="10" PREVID="0" NEXTID="0" UPDATEDATE="2024-09-06" STARTDATE="2024-09-06" ENDDATE="2079-06-06" ISACTUAL="1" ISACTIVE="1" /><HOUSE ID="126736257" OBJECTID="165106693" OBJECTGUID="f8fc9b92-846e-4cb7-b8a3-467548b9eb7d" CHANGEID="600590849" HOUSENUM="111" HOUSETYPE="2" OPERTYPEID="10" PREVID="0" NEXTID="0" UPDATEDATE="2024-09-06" STARTDATE="2024-09-06" ENDDATE="2079-06-06" ISACTUAL="1" ISACTIVE="1" /><HOUSE ID="126736266" OBJECTID="165106726" OBJECTGUID="089fc6d5-cca5-433f-af78-16d373010931" CHANGEID="600590908" HOUSENUM="81" HOUSETYPE="2" OPERTYPEID="10" PREVID="0" NEXTID="0" UPDATEDATE="2024-09-06" STARTDATE="2024-09-06" ENDDATE="2079-06-06" ISACTUAL="1" ISACTIVE="1" /><HOUSE ID="126736296" OBJECTID="165107534" OBJECTGUID="debe7913-2002-43f2-b036-27e6ac2c093d" CHANGEID="600591854" HOUSENUM="1А" HOUSETYPE="8" OPERTYPEID="10" PREVID="0" NEXTID="0" UPDATEDATE="2024-09-06" STARTDATE="2024-09-06" ENDDATE="2079-06-06" ISACTUAL="1" ISACTIVE="1" /><HOUSE ID="57004568" OBJECTID="35702092" OBJECTGUID="4f65384e-ffb7-4ecd-a5f6-3000f69ab65e" CHANGEID="54231447" HOUSENUM="102" HOUSETYPE="7" OPERTYPEID="20" PREVID="21213421" NEXTID="126736324" UPDATEDATE="2024-09-06" STARTDATE="2019-10-16" ENDDATE="2024-09-06" ISACTUAL="0" ISACTIVE="0" /><HOUSE ID="126736324" OBJECTID="35702092" OBJECTGUID="4f65384e-ffb7-4ecd-a5f6-3000f69ab65e" CHANGEID="600591953" HOUSENUM="102" HOUSETYPE="2" OPERTYPEID="20" PREVID="57004568" UPDATEDATE="2024-09-06" STARTDATE="2024-09-06" ENDDATE="2079-06-06" ISACTUAL="1" ISACTIVE="1" /><HOUSE ID="126736356" OBJECTID="165107788" OBJECTGUID="f28da91c-f220-4492-b44d-7041cf63b5e9" CHANGEID="600592485" HOUSENUM="7" HOUSETYPE="2" OPERTYPEID="10" PREVID="0" NEXTID="0" UPDATEDATE="2024-09-06" STARTDATE="2024-09-06" ENDDATE="2079-06-06" ISACTUAL="1" ISACTIVE="1" /><HOUSE ID="126736436" OBJECTID="165108019" OBJECTGUID="74f542be-944c-4d2c-bde5-4ac97bfcb8a7" CHANGEID="600592857" HOUSENUM="66" HOUSETYPE="4" OPERTYPEID="10" PREVID="0" NEXTID="0" UPDATEDATE="2024-09-06" STARTDATE="2024-09-06" ENDDATE="2079-06-06" ISACTUAL="1" ISACTIVE="1" /><HOUSE ID="126736463" OBJECTID="165108176" OBJECTGUID="0a1515d1-6989-40d2-a02d-e65d4fecad9f" CHANGEID="600593082" HOUSENUM="18А" HOUSETYPE="2" OPERTYPEID="10" PREVID="0" NEXTID="0" UPDATEDATE="2024-09-06" STARTDATE="2024-09-06" ENDDATE="2079-06-06" ISACTUAL="1" ISACTIVE="1" /><HOUSE ID="126736748" OBJECTID="165108675" OBJECTGUID="773d41dc-b7f6-48a0-a714-3f612c634df9" CHANGEID="600593838" HOUSENUM="26а" HOUSETYPE="2" OPERTYPEID="10" PREVID="0" NEXTID="0" UPDATEDATE="2024-09-06" STARTDATE="2024-09-06" ENDDATE="2079-06-06" ISACTUAL="1" ISACTIVE="1" /><HOUSE ID="126736753" OBJECTID="35732145" OBJECTGUID="be115df2-21ce-4a56-8f02-d1dcf1a934ab" CHANGEID="600593846" HOUSENUM="51" HOUSETYPE="2" OPERTYPEID="20" PREVID="64846959" UPDATEDATE="2024-09-06" STARTDATE="2024-09-06" ENDDATE="2079-06-06" ISACTUAL="1" ISACTIVE="1" /><HOUSE ID="55851424" OBJECTID="35734495" OBJECTGUID="3f1af71e-b1e1-419a-a02d-da379135d3f8" CHANGEID="54276459" HOUSENUM="43" HOUSETYPE="7" OPERTYPEID="20" PREVID="21230047" NEXTID="126736731" UPDATEDATE="2024-09-06" STARTDATE="2019-10-16" ENDDATE="2024-09-06" ISACTUAL="0" ISACTIVE="0" /><HOUSE ID="126736731" OBJECTID="35734495" OBJECTGUID="3f1af71e-b1e1-419a-a02d-da379135d3f8" CHANGEID="600593746" HOUSENUM="43" HOUSETYPE="2" OPERTYPEID="20" PREVID="55851424" UPDATEDATE="2024-09-06" STARTDATE="2024-09-06" ENDDATE="2079-06-06" ISACTUAL="1" ISACTIVE="1" /><HOUSE ID="66385825" OBJECTID="35708860" OBJECTGUID="d3d1b14e-b47f-4626-b9f7-4fc2ee70dc23" CHANGEID="54241657" HOUSENUM="141" HOUSETYPE="7" OPERTYPEID="20" PREVID="21217431" NEXTID="126736754" UPDATEDATE="2024-09-06" STARTDATE="2019-10-16" ENDDATE="2024-09-06" ISACTUAL="0" ISACTIVE="0" /><HOUSE ID="126736754" OBJECTID="35708860" OBJECTGUID="d3d1b14e-b47f-4626-b9f7-4fc2ee70dc23" CHANGEID="600593847" HOUSENUM="141" HOUSETYPE="2" OPERTYPEID="20" PREVID="66385825" UPDATEDATE="2024-09-06" STARTDATE="2024-09-06" ENDDATE="2079-06-06" ISACTUAL="1" ISACTIVE="1" /><HOUSE ID="126736789" OBJECTID="165108867" OBJECTGUID="17ac9c5f-6ea8-45b9-a9ca-54b2f52b1e3c" CHANGEID="600594106" HOUSENUM="85б" HOUSETYPE="2" OPERTYPEID="10" PREVID="0" NEXTID="0" UPDATEDATE="2024-09-06" STARTDATE="2024-09-06" ENDDATE="2079-06-06" ISACTUAL="1" ISACTIVE="1" /><HOUSE ID="126736832" OBJECTID="165109089" OBJECTGUID="e4601f7d-5e9c-496e-afa4-b71b1a9f96b7" CHANGEID="600594415" HOUSENUM="24а" HOUSETYPE="2" OPERTYPEID="10" PREVID="0" NEXTID="0" UPDATEDATE="2024-09-06" STARTDATE="2024-09-06" ENDDATE="2079-06-06" ISACTUAL="1" ISACTIVE="1" /><HOUSE ID="66034469" OBJECTID="35702803" OBJECTGUID="ced722ce-c8fd-4a38-bf9c-803157882a68" CHANGEID="54232509" HOUSENUM="82" HOUSETYPE="7" OPERTYPEID="20" PREVID="21213904" NEXTID="126737243" UPDATEDATE="2024-09-06" STARTDATE="2019-10-16" ENDDATE="2024-09-06" ISACTUAL="0" ISACTIVE="0" /><HOUSE ID="126737243" OBJECTID="35702803" OBJECTGUID="ced722ce-c8fd-4a38-bf9c-803157882a68" CHANGEID="600596140" HOUSENUM="82" HOUSETYPE="2" OPERTYPEID="20" PREVID="66034469" UPDATEDATE="2024-09-06" STARTDATE="2024-09-06" ENDDATE="2079-06-06" ISACTUAL="1" ISACTIVE="1" /><HOUSE ID="126737303" OBJECTID="165110842" OBJECTGUID="38237e68-4168-46e8-be26-816e757b60a9" CHANGEID="600601324" HOUSENUM="1" HOUSETYPE="2" OPERTYPEID="10" PREVID="0" NEXTID="0" UPDATEDATE="2024-09-06" STARTDATE="2024-09-06" ENDDATE="2079-06-06" ISACTUAL="1" ISACTIVE="1" /><HOUSE ID="66463235" OBJECTID="35702211" OBJECTGUID="d4e854e9-dd0d-4d77-b16d-67ff668ad2f6" CHANGEID="54231585" HOUSENUM="94" HOUSETYPE="7" OPERTYPEID="20" PREVID="21213514" NEXTID="126737382" UPDATEDATE="2024-09-06" STARTDATE="2019-10-16" ENDDATE="2024-09-06" ISACTUAL="0" ISACTIVE="0" /><HOUSE ID="126737382" OBJECTID="35702211" OBJECTGUID="d4e854e9-dd0d-4d77-b16d-67ff668ad2f6" CHANGEID="600609608" HOUSENUM="94" HOUSETYPE="2" OPERTYPEID="20" PREVID="66463235" UPDATEDATE="2024-09-06" STARTDATE="2024-09-06" ENDDATE="2079-06-06" ISACTUAL="1" ISACTIVE="1" /><HOUSE ID="126737451" OBJECTID="165111950" OBJECTGUID="36db8266-a4db-4b54-a05a-3c444e22a411" CHANGEID="600631027" HOUSENUM="2" HOUSETYPE="5" OPERTYPEID="10" PREVID="0" NEXTID="0" UPDATEDATE="2024-09-06" STARTDATE="2024-09-06" ENDDATE="2079-06-06" ISACTUAL="1" ISACTIVE="1" /><HOUSE ID="126737452" OBJECTID="10524823" OBJECTGUID="622f76cf-cc5b-47af-bdfa-54e5a6794b4c" CHANGEID="600631540" HOUSENUM="27" HOUSETYPE="2" OPERTYPEID="30" PREVID="58336307" NEXTID="0" UPDATEDATE="2024-09-06" STARTDATE="2024-09-06" ENDDATE="2079-06-06" ISACTUAL="1" ISACTIVE="0" /><HOUSE ID="126737463" OBJECTID="35710975" OBJECTGUID="faddc69d-6c4e-4539-a337-81985efa4c26" CHANGEID="600633870" HOUSENUM="87" HOUSETYPE="2" OPERTYPEID="20" PREVID="69150787" UPDATEDATE="2024-09-06" STARTDATE="2024-09-06" ENDDATE="2079-06-06" ISACTUAL="1" ISACTIVE="1" /><HOUSE ID="126737618" OBJECTID="165112674" OBJECTGUID="e9bbb4a7-bcd2-4844-9e1c-fe273902d935" CHANGEID="600674364" HOUSENUM="143" HOUSETYPE="2" OPERTYPEID="10" PREVID="0" NEXTID="0" UPDATEDATE="2024-09-06" STARTDATE="2024-09-06" ENDDATE="2079-06-06" ISACTUAL="1" ISACTIVE="1" /><HOUSE ID="126737718" OBJECTID="165112892" OBJECTGUID="60bd9296-cc72-4146-ad6a-710590279449" CHANGEID="600700724" HOUSENUM="1" HOUSETYPE="8" OPERTYPEID="10" PREVID="0" NEXTID="0" UPDATEDATE="2024-09-06" STARTDATE="2024-09-06" ENDDATE="2079-06-06" ISACTUAL="1" ISACTIVE="1" /><HOUSE ID="126737995" OBJECTID="165113949" OBJECTGUID="8b11a732-4bfc-4a71-97de-f90ffbaa29ef" CHANGEID="600702615" HOUSENUM="6" HOUSETYPE="7" OPERTYPEID="10" PREVID="0" NEXTID="0" UPDATEDATE="2024-09-06" STARTDATE="2024-09-06" ENDDATE="2079-06-06" ISACTUAL="1" ISACTIVE="1" /><HOUSE ID="126738153" OBJECTID="165114576" OBJECTGUID="ee16a170-e676-4569-b85e-0c1e10b69913" CHANGEID="600703543" HOUSENUM="61" HOUSETYPE="2" OPERTYPEID="10" PREVID="0" NEXTID="0" UPDATEDATE="2024-09-06" STARTDATE="2024-09-06" ENDDATE="2079-06-06" ISACTUAL="1" ISACTIVE="1" /><HOUSE ID="126738201" OBJECTID="165114743" OBJECTGUID="8aab68d5-c0c1-4b74-a5e7-1ac5a07fabaa" CHANGEID="600703798" HOUSENUM="54" HOUSETYPE="2" OPERTYPEID="10" PREVID="0" NEXTID="0" UPDATEDATE="2024-09-06" STARTDATE="2024-09-06" ENDDATE="2079-06-06" ISACTUAL="1" ISACTIVE="1" /><HOUSE ID="126738685" OBJECTID="165115933" OBJECTGUID="94299021-310e-4ce1-9014-14e11f9b9def" CHANGEID="600706361" HOUSENUM="5" HOUSETYPE="2" OPERTYPEID="10" PREVID="0" NEXTID="0" UPDATEDATE="2024-09-06" STARTDATE="2024-09-06" ENDDATE="2079-06-06" ISACTUAL="1" ISACTIVE="1" /><HOUSE ID="126738734" OBJECTID="165116204" OBJECTGUID="cbc05581-683b-4b86-bcb1-88ed6c61712c" CHANGEID="600707090" HOUSENUM="49" HOUSETYPE="2" OPERTYPEID="10" PREVID="0" NEXTID="0" UPDATEDATE="2024-09-06" STARTDATE="2024-09-06" ENDDATE="2079-06-06" ISACTUAL="1" ISACTIVE="1" /><HOUSE ID="126740315" OBJECTID="13439815" OBJECTGUID="77428a4d-f2f5-4521-ae51-7cdc712b05f9" CHANGEID="600748370" HOUSENUM="35" HOUSETYPE="2" OPERTYPEID="30" PREVID="59829496" NEXTID="0" UPDATEDATE="2024-09-09" STARTDATE="2024-09-09" ENDDATE="2079-06-06" ISACTUAL="1" ISACTIVE="0" /><HOUSE ID="59829496" OBJECTID="13439815" OBJECTGUID="77428a4d-f2f5-4521-ae51-7cdc712b05f9" CHANGEID="21574463" HOUSENUM="35" HOUSETYPE="2" OPERTYPEID="20" PREVID="7369056" NEXTID="126740315" UPDATEDATE="2024-09-09" STARTDATE="2019-11-15" ENDDATE="2024-09-09" ISACTUAL="0" ISACTIVE="0" /><HOUSE ID="126740989" OBJECTID="165127442" OBJECTGUID="2e6dc712-cf2a-42d6-8002-98a80995725e" CHANGEID="600754304" HOUSENUM="19" ADDNUM1="1" HOUSETYPE="2" ADDTYPE1="2" OPERTYPEID="10" PREVID="0" NEXTID="0" UPDATEDATE="2024-09-09" STARTDATE="2024-09-09" ENDDATE="2079-06-06" ISACTUAL="1" ISACTIVE="1" /><HOUSE ID="126740990" OBJECTID="165127444" OBJECTGUID="65fd76f6-859a-4e34-be48-5353453ecf63" CHANGEID="600754306" HOUSENUM="19" ADDNUM1="2" HOUSETYPE="2" ADDTYPE1="2" OPERTYPEID="10" PREVID="0" NEXTID="0" UPDATEDATE="2024-09-09" STARTDATE="2024-09-09" ENDDATE="2079-06-06" ISACTUAL="1" ISACTIVE="1" /><HOUSE ID="126740991" OBJECTID="165127448" OBJECTGUID="f338c25d-728a-4b37-b80b-4d9be80fa1f7" CHANGEID="600754311" HOUSENUM="19" ADDNUM1="3" HOUSETYPE="2" ADDTYPE1="2" OPERTYPEID="10" PREVID="0" NEXTID="0" UPDATEDATE="2024-09-09" STARTDATE="2024-09-09" ENDDATE="2079-06-06" ISACTUAL="1" ISACTIVE="1" /><HOUSE ID="126740992" OBJECTID="165127514" OBJECTGUID="713fa37c-d6e9-4c1b-a382-8aa901efb1d3" CHANGEID="600754422" HOUSENUM="19А" ADDNUM1="1" HOUSETYPE="2" ADDTYPE1="2" OPERTYPEID="10" PREVID="0" NEXTID="0" UPDATEDATE="2024-09-09" STARTDATE="2024-09-09" ENDDATE="2079-06-06" ISACTUAL="1" ISACTIVE="1" /><HOUSE ID="126741183" OBJECTID="165127928" OBJECTGUID="21b4873f-dff2-4e43-8874-5ca3f884a8ac" CHANGEID="600755248" HOUSENUM="1а" HOUSETYPE="2" OPERTYPEID="10" PREVID="0" NEXTID="0" UPDATEDATE="2024-09-09" STARTDATE="2024-09-09" ENDDATE="2079-06-06" ISACTUAL="1" ISACTIVE="1" /><HOUSE ID="126741168" OBJECTID="165127901" OBJECTGUID="020823bd-2fd2-4ebd-a3e6-23eecb4a0309" CHANGEID="600755212" HOUSENUM="17" HOUSETYPE="5" OPERTYPEID="10" PREVID="0" NEXTID="0" UPDATEDATE="2024-09-09" STARTDATE="2024-09-09" ENDDATE="2079-06-06" ISACTUAL="1" ISACTIVE="1" /><HOUSE ID="126741225" OBJECTID="165128522" OBJECTGUID="bf262156-5021-4457-8eca-ac0cef46d1e3" CHANGEID="600755999" HOUSENUM="2а" HOUSETYPE="5" OPERTYPEID="10" PREVID="0" NEXTID="0" UPDATEDATE="2024-09-09" STARTDATE="2024-09-09" ENDDATE="2079-06-06" ISACTUAL="1" ISACTIVE="1" /><HOUSE ID="126741356" OBJECTID="165129600" OBJECTGUID="0bdc5938-75e8-446f-a06b-079fc94d6889" CHANGEID="600757527" HOUSENUM="73" HOUSETYPE="7" OPERTYPEID="10" PREVID="0" NEXTID="0" UPDATEDATE="2024-09-09" STARTDATE="2024-09-09" ENDDATE="2079-06-06" ISACTUAL="1" ISACTIVE="1" /><HOUSE ID="126741360" OBJECTID="165129609" OBJECTGUID="49c1dff3-4a36-4067-add2-c06d7e960505" CHANGEID="600757548" HOUSENUM="25" HOUSETYPE="2" OPERTYPEID="10" PREVID="0" NEXTID="0" UPDATEDATE="2024-09-09" STARTDATE="2024-09-09" ENDDATE="2079-06-06" ISACTUAL="1" ISACTIVE="1" /><HOUSE ID="126741362" OBJECTID="165129611" OBJECTGUID="a1cd9f45-2ce4-419c-8b6f-53edf08de8e9" CHANGEID="600757550" HOUSENUM="29" HOUSETYPE="2" OPERTYPEID="10" PREVID="0" NEXTID="0" UPDATEDATE="2024-09-09" STARTDATE="2024-09-09" ENDDATE="2079-06-06" ISACTUAL="1" ISACTIVE="1" /><HOUSE ID="126741374" OBJECTID="165129628" OBJECTGUID="a7578259-ecf0-4c95-ba00-26ef94d78914" CHANGEID="600757576" HOUSENUM="112" HOUSETYPE="7" OPERTYPEID="10" PREVID="0" NEXTID="0" UPDATEDATE="2024-09-09" STARTDATE="2024-09-09" ENDDATE="2079-06-06" ISACTUAL="1" ISACTIVE="1" /><HOUSE ID="126741353" OBJECTID="165129595" OBJECTGUID="536eb4ca-7962-455a-b4ef-04c3c480ef5f" CHANGEID="600757515" HOUSENUM="75" HOUSETYPE="7" OPERTYPEID="10" PREVID="0" NEXTID="0" UPDATEDATE="2024-09-09" STARTDATE="2024-09-09" ENDDATE="2079-06-06" ISACTUAL="1" ISACTIVE="1" /><HOUSE ID="126741357" OBJECTID="165129601" OBJECTGUID="c7580541-01ab-4ca4-bbe2-7bf784de4692" CHANGEID="600757530" HOUSENUM="95" HOUSETYPE="7" OPERTYPEID="10" PREVID="0" NEXTID="0" UPDATEDATE="2024-09-09" STARTDATE="2024-09-09" ENDDATE="2079-06-06" ISACTUAL="1" ISACTIVE="1" /><HOUSE ID="126741359" OBJECTID="165129608" OBJECTGUID="ab3eaf63-27a6-4243-892f-92e2a9c3f77b" CHANGEID="600757545" HOUSENUM="18" HOUSETYPE="2" OPERTYPEID="10" PREVID="0" NEXTID="0" UPDATEDATE="2024-09-09" STARTDATE="2024-09-09" ENDDATE="2079-06-06" ISACTUAL="1" ISACTIVE="1" /><HOUSE ID="126741361" OBJECTID="165129610" OBJECTGUID="91b891e3-47fa-485a-9828-926dff26089b" CHANGEID="600757549" HOUSENUM="9" HOUSETYPE="7" OPERTYPEID="10" PREVID="0" NEXTID="0" UPDATEDATE="2024-09-09" STARTDATE="2024-09-09" ENDDATE="2079-06-06" ISACTUAL="1" ISACTIVE="1" /><HOUSE ID="126741378" OBJECTID="165129631" OBJECTGUID="8a033afa-c0db-47ac-8b0a-daf6f3a9f45e" CHANGEID="600757584" HOUSENUM="16" HOUSETYPE="7" OPERTYPEID="10" PREVID="0" NEXTID="0" UPDATEDATE="2024-09-09" STARTDATE="2024-09-09" ENDDATE="2079-06-06" ISACTUAL="1" ISACTIVE="1" /><HOUSE ID="126741380" OBJECTID="165129633" OBJECTGUID="1fb95dea-b195-4caa-98d0-b8b2f9a1ada5" CHANGEID="600757587" HOUSENUM="407" HOUSETYPE="2" OPERTYPEID="10" PREVID="0" NEXTID="0" UPDATEDATE="2024-09-09" STARTDATE="2024-09-09" ENDDATE="2079-06-06" ISACTUAL="1" ISACTIVE="1" /><HOUSE ID="126741951" OBJECTID="165132071" OBJECTGUID="b5a47091-83a6-4317-b86b-733ff3d1c526" CHANGEID="600761647" HOUSENUM="15" HOUSETYPE="2" OPERTYPEID="10" PREVID="0" NEXTID="0" UPDATEDATE="2024-09-09" STARTDATE="2024-09-09" ENDDATE="2079-06-06" ISACTUAL="1" ISACTIVE="1" /><HOUSE ID="126742174" OBJECTID="40614679" OBJECTGUID="0fd063c9-c861-4f91-adde-6cf65887b227" CHANGEID="600763257" HOUSENUM="15" HOUSETYPE="2" OPERTYPEID="30" PREVID="52501271" NEXTID="0" UPDATEDATE="2024-09-09" STARTDATE="2024-09-09" ENDDATE="2079-06-06" ISACTUAL="1" ISACTIVE="0" /><HOUSE ID="126746132" OBJECTID="165144854" OBJECTGUID="c73a9048-388e-4933-9317-765ecb50c8b2" CHANGEID="600782785" HOUSENUM="153а" HOUSETYPE="2" OPERTYPEID="10" PREVID="0" NEXTID="0" UPDATEDATE="2024-09-09" STARTDATE="2024-09-09" ENDDATE="2079-06-06" ISACTUAL="1" ISACTIVE="1" /><HOUSE ID="126746209" OBJECTID="165145166" OBJECTGUID="bf87809b-ab86-4ece-96a9-b0f908878341" CHANGEID="600783205" HOUSENUM="9а" HOUSETYPE="2" OPERTYPEID="10" PREVID="0" NEXTID="0" UPDATEDATE="2024-09-09" STARTDATE="2024-09-09" ENDDATE="2079-06-06" ISACTUAL="1" ISACTIVE="1" /><HOUSE ID="126746261" OBJECTID="165145733" OBJECTGUID="c8e9144c-994a-4863-b366-cf8c85d7ea23" CHANGEID="600783905" HOUSENUM="110" HOUSETYPE="2" OPERTYPEID="10" PREVID="0" NEXTID="0" UPDATEDATE="2024-09-09" STARTDATE="2024-09-09" ENDDATE="2079-06-06" ISACTUAL="1" ISACTIVE="1" /><HOUSE ID="126746579" OBJECTID="165146846" OBJECTGUID="5a0e16a3-7988-4b78-9a0b-260f333d32f4" CHANGEID="600785723" HOUSENUM="15" HOUSETYPE="2" OPERTYPEID="10" PREVID="0" NEXTID="0" UPDATEDATE="2024-09-09" STARTDATE="2024-09-09" ENDDATE="2079-06-06" ISACTUAL="1" ISACTIVE="1" /><HOUSE ID="126746640" OBJECTID="165147305" OBJECTGUID="8348caf6-ab1e-46f2-b5e9-e692e21fd43c" CHANGEID="600786307" HOUSENUM="137А" HOUSETYPE="2" OPERTYPEID="10" PREVID="0" NEXTID="0" UPDATEDATE="2024-09-09" STARTDATE="2024-09-09" ENDDATE="2079-06-06" ISACTUAL="1" ISACTIVE="1" /><HOUSE ID="126746746" OBJECTID="165147756" OBJECTGUID="2204887f-7650-406d-8461-754e21fbb242" CHANGEID="600787018" HOUSENUM="59" HOUSETYPE="2" OPERTYPEID="10" PREVID="0" NEXTID="0" UPDATEDATE="2024-09-09" STARTDATE="2024-09-09" ENDDATE="2079-06-06" ISACTUAL="1" ISACTIVE="1" /><HOUSE ID="126746754" OBJECTID="165147816" OBJECTGUID="fb0ade4b-3fcb-4bac-8390-37155f71ada9" CHANGEID="600787116" HOUSENUM="3" HOUSETYPE="7" OPERTYPEID="10" PREVID="0" NEXTID="0" UPDATEDATE="2024-09-09" STARTDATE="2024-09-09" ENDDATE="2079-06-06" ISACTUAL="1" ISACTIVE="1" /><HOUSE ID="126746926" OBJECTID="165148625" OBJECTGUID="91c00131-3d1e-4afe-a555-2b2352666e26" CHANGEID="600788407" HOUSENUM="1а" HOUSETYPE="2" OPERTYPEID="10" PREVID="0" NEXTID="0" UPDATEDATE="2024-09-09" STARTDATE="2024-09-09" ENDDATE="2079-06-06" ISACTUAL="1" ISACTIVE="1" /><HOUSE ID="126746950" OBJECTID="165148942" OBJECTGUID="deb9707c-3785-4841-add5-9b96b3a0a0a5" CHANGEID="600788791" HOUSENUM="16а" HOUSETYPE="2" OPERTYPEID="10" PREVID="0" NEXTID="0" UPDATEDATE="2024-09-09" STARTDATE="2024-09-09" ENDDATE="2079-06-06" ISACTUAL="1" ISACTIVE="1" /><HOUSE ID="126746965" OBJECTID="165149099" OBJECTGUID="49a4fd57-f4d0-4779-af70-21890df175bb" CHANGEID="600788991" HOUSENUM="12" HOUSETYPE="7" OPERTYPEID="10" PREVID="0" NEXTID="0" UPDATEDATE="2024-09-09" STARTDATE="2024-09-09" ENDDATE="2079-06-06" ISACTUAL="1" ISACTIVE="1" /><HOUSE ID="126747076" OBJECTID="165149519" OBJECTGUID="778f69b8-7a78-49cc-8bd0-9a0fa7cba29e" CHANGEID="600789680" HOUSENUM="9" HOUSETYPE="2" OPERTYPEID="10" PREVID="0" NEXTID="0" UPDATEDATE="2024-09-09" STARTDATE="2024-09-09" ENDDATE="2079-06-06" ISACTUAL="1" ISACTIVE="1" /><HOUSE ID="126747091" OBJECTID="165149587" OBJECTGUID="1a4116c8-2bc1-4ac1-92f8-99434fb046ed" CHANGEID="600789791" HOUSENUM="10" HOUSETYPE="2" OPERTYPEID="10" PREVID="0" NEXTID="0" UPDATEDATE="2024-09-09" STARTDATE="2024-09-09" ENDDATE="2079-06-06" ISACTUAL="1" ISACTIVE="1" /><HOUSE ID="126747121" OBJECTID="165149656" OBJECTGUID="45aeb06b-75b8-4b7f-9f19-8a796495e68f" CHANGEID="600789911" HOUSENUM="32" HOUSETYPE="2" OPERTYPEID="10" PREVID="0" NEXTID="0" UPDATEDATE="2024-09-09" STARTDATE="2024-09-09" ENDDATE="2079-06-06" ISACTUAL="1" ISACTIVE="1" /><HOUSE ID="126747123" OBJECTID="165149659" OBJECTGUID="013d70f3-4ecb-426f-a9c5-6a93263aebab" CHANGEID="600789915" HOUSENUM="1" HOUSETYPE="2" OPERTYPEID="10" PREVID="0" NEXTID="0" UPDATEDATE="2024-09-09" STARTDATE="2024-09-09" ENDDATE="2079-06-06" ISACTUAL="1" ISACTIVE="1" /><HOUSE ID="126747101" OBJECTID="165149625" OBJECTGUID="77c5f359-aef2-4cac-a609-eb8c6d87133e" CHANGEID="600789852" HOUSENUM="6" HOUSETYPE="2" OPERTYPEID="10" PREVID="0" NEXTID="0" UPDATEDATE="2024-09-09" STARTDATE="2024-09-09" ENDDATE="2079-06-06" ISACTUAL="1" ISACTIVE="1" /><HOUSE ID="126747103" OBJECTID="34558694" OBJECTGUID="3ca7ad12-a681-4439-b88f-1ae7a8f59676" CHANGEID="600789858" HOUSENUM="75" HOUSETYPE="2" OPERTYPEID="30" PREVID="69652567" NEXTID="0" UPDATEDATE="2024-09-09" STARTDATE="2024-09-09" ENDDATE="2079-06-06" ISACTUAL="1" ISACTIVE="0" /><HOUSE ID="69652567" OBJECTID="34558694" OBJECTGUID="3ca7ad12-a681-4439-b88f-1ae7a8f59676" CHANGEID="149496644" HOUSENUM="75" HOUSETYPE="2" OPERTYPEID="20" PREVID="55678077" NEXTID="126747103" UPDATEDATE="2024-09-09" STARTDATE="2020-05-12" ENDDATE="2024-09-09" ISACTUAL="0" ISACTIVE="0" /><HOUSE ID="126747130" OBJECTID="165149674" OBJECTGUID="10898924-55cc-4fb6-8032-88c03552097c" CHANGEID="600789953" HOUSENUM="57А" HOUSETYPE="7" OPERTYPEID="10" PREVID="0" NEXTID="0" UPDATEDATE="2024-09-09" STARTDATE="2024-09-09" ENDDATE="2079-06-06" ISACTUAL="1" ISACTIVE="1" /><HOUSE ID="126747260" OBJECTID="165150088" OBJECTGUID="d07eeeff-ba2f-455a-9b96-b4803ebbf456" CHANGEID="600790738" HOUSENUM="70" HOUSETYPE="2" OPERTYPEID="10" PREVID="0" NEXTID="0" UPDATEDATE="2024-09-09" STARTDATE="2024-09-09" ENDDATE="2079-06-06" ISACTUAL="1" ISACTIVE="1" /><HOUSE ID="126747330" OBJECTID="165150335" OBJECTGUID="2f1856a3-9d07-485b-8942-01cc3bf6ee80" CHANGEID="600791124" HOUSENUM="11" HOUSETYPE="5" OPERTYPEID="10" PREVID="0" NEXTID="0" UPDATEDATE="2024-09-09" STARTDATE="2024-09-09" ENDDATE="2079-06-06" ISACTUAL="1" ISACTIVE="1" /><HOUSE ID="126747340" OBJECTID="165150408" OBJECTGUID="2b97f77a-f087-4635-bdb7-82e68c8e826a" CHANGEID="600791226" HOUSENUM="60/106" HOUSETYPE="5" OPERTYPEID="10" PREVID="0" NEXTID="0" UPDATEDATE="2024-09-09" STARTDATE="2024-09-09" ENDDATE="2079-06-06" ISACTUAL="1" ISACTIVE="1" /><HOUSE ID="126747364" OBJECTID="165150446" OBJECTGUID="0c33a008-5caf-483e-b841-d20f8aaf017d" CHANGEID="600791330" HOUSENUM="26" HOUSETYPE="2" OPERTYPEID="10" PREVID="0" NEXTID="0" UPDATEDATE="2024-09-09" STARTDATE="2024-09-09" ENDDATE="2079-06-06" ISACTUAL="1" ISACTIVE="1" /><HOUSE ID="126747365" OBJECTID="165150447" OBJECTGUID="a30e4da1-dd97-46a7-abb0-6fff9b1e3f23" CHANGEID="600791331" HOUSENUM="30" HOUSETYPE="7" OPERTYPEID="10" PREVID="0" NEXTID="0" UPDATEDATE="2024-09-09" STARTDATE="2024-09-09" ENDDATE="2079-06-06" ISACTUAL="1" ISACTIVE="1" /><HOUSE ID="126747366" OBJECTID="165150448" OBJECTGUID="53a84f64-a07f-4977-8a55-5628c4e25de5" CHANGEID="600791332" HOUSENUM="47" HOUSETYPE="7" OPERTYPEID="10" PREVID="0" NEXTID="0" UPDATEDATE="2024-09-09" STARTDATE="2024-09-09" ENDDATE="2079-06-06" ISACTUAL="1" ISACTIVE="1" /><HOUSE ID="126747367" OBJECTID="165150449" OBJECTGUID="e1391b0c-b4fa-4b69-a81b-2ae36cb5fad4" CHANGEID="600791333" HOUSENUM="101" HOUSETYPE="7" OPERTYPEID="10" PREVID="0" NEXTID="0" UPDATEDATE="2024-09-09" STARTDATE="2024-09-09" ENDDATE="2079-06-06" ISACTUAL="1" ISACTIVE="1" /><HOUSE ID="126747368" OBJECTID="165150450" OBJECTGUID="bcb4d2b1-4651-4a2a-93bd-b12ee2eea2f9" CHANGEID="600791334" HOUSENUM="101а" HOUSETYPE="7" OPERTYPEID="10" PREVID="0" NEXTID="0" UPDATEDATE="2024-09-09" STARTDATE="2024-09-09" ENDDATE="2079-06-06" ISACTUAL="1" ISACTIVE="1" /><HOUSE ID="126747369" OBJECTID="165150451" OBJECTGUID="482730d9-091a-43b1-ba52-267a22088588" CHANGEID="600791335" HOUSENUM="126" HOUSETYPE="7" OPERTYPEID="10" PREVID="0" NEXTID="0" UPDATEDATE="2024-09-09" STARTDATE="2024-09-09" ENDDATE="2079-06-06" ISACTUAL="1" ISACTIVE="1" /><HOUSE ID="126747370" OBJECTID="165150452" OBJECTGUID="fe0bf3d4-1db1-4269-80a2-dff435496957" CHANGEID="600791336" HOUSENUM="135" HOUSETYPE="7" OPERTYPEID="10" PREVID="0" NEXTID="0" UPDATEDATE="2024-09-09" STARTDATE="2024-09-09" ENDDATE="2079-06-06" ISACTUAL="1" ISACTIVE="1" /><HOUSE ID="126747371" OBJECTID="165150453" OBJECTGUID="f6bcf33b-79b8-4345-95ff-7fd1c8fa12cf" CHANGEID="600791337" HOUSENUM="138" HOUSETYPE="7" OPERTYPEID="10" PREVID="0" NEXTID="0" UPDATEDATE="2024-09-09" STARTDATE="2024-09-09" ENDDATE="2079-06-06" ISACTUAL="1" ISACTIVE="1" /><HOUSE ID="126747372" OBJECTID="165150454" OBJECTGUID="1a5630e7-08c4-44b9-933f-e259a2cef41b" CHANGEID="600791338" HOUSENUM="148" HOUSETYPE="7" OPERTYPEID="10" PREVID="0" NEXTID="0" UPDATEDATE="2024-09-09" STARTDATE="2024-09-09" ENDDATE="2079-06-06" ISACTUAL="1" ISACTIVE="1" /><HOUSE ID="126747376" OBJECTID="165150502" OBJECTGUID="1cf05e3b-ec76-40df-97bb-9309a639185b" CHANGEID="600791409" HOUSENUM="39а" HOUSETYPE="5" OPERTYPEID="10" PREVID="0" NEXTID="0" UPDATEDATE="2024-09-09" STARTDATE="2024-09-09" ENDDATE="2079-06-06" ISACTUAL="1" ISACTIVE="1" /><HOUSE ID="126747414" OBJECTID="38840696" OBJECTGUID="58753f95-7f15-4901-bee9-53d12001f284" CHANGEID="600791629" HOUSENUM="3" HOUSETYPE="2" OPERTYPEID="30" PREVID="23216550" NEXTID="0" UPDATEDATE="2024-09-09" STARTDATE="2024-09-09" ENDDATE="2079-06-06" ISACTUAL="1" ISACTIVE="0" /><HOUSE ID="23216550" OBJECTID="38840696" OBJECTGUID="58753f95-7f15-4901-bee9-53d12001f284" CHANGEID="58871058" HOUSENUM="3" HOUSETYPE="2" OPERTYPEID="10" PREVID="0" NEXTID="126747414" UPDATEDATE="2024-09-09" STARTDATE="2018-12-25" ENDDATE="2024-09-09" ISACTUAL="0" ISACTIVE="0" /><HOUSE ID="126747416" OBJECTID="18035185" OBJECTGUID="9a18421a-93ff-4332-a4ed-ebf9f1494df1" CHANGEID="600791637" HOUSENUM="22" HOUSETYPE="2" OPERTYPEID="30" PREVID="62298695" NEXTID="0" UPDATEDATE="2024-09-09" STARTDATE="2024-09-09" ENDDATE="2079-06-06" ISACTUAL="1" ISACTIVE="0" /><HOUSE ID="126747430" OBJECTID="158352336" OBJECTGUID="a6d62b41-1e3d-4992-a5ff-2913b851a127" CHANGEID="600791690" HOUSENUM="20" HOUSETYPE="2" OPERTYPEID="30" PREVID="124204435" NEXTID="0" UPDATEDATE="2024-09-09" STARTDATE="2024-09-09" ENDDATE="2079-06-06" ISACTUAL="1" ISACTIVE="0" /><HOUSE ID="124204435" OBJECTID="158352336" OBJECTGUID="a6d62b41-1e3d-4992-a5ff-2913b851a127" CHANGEID="496703358" HOUSENUM="20" HOUSETYPE="2" OPERTYPEID="10" PREVID="0" NEXTID="126747430" UPDATEDATE="2024-09-09" STARTDATE="2023-03-20" ENDDATE="2024-09-09" ISACTUAL="0" ISACTIVE="0" /><HOUSE ID="126747471" OBJECTID="165150771" OBJECTGUID="713f5670-768d-4c55-a542-382718dfae24" CHANGEID="600795826" HOUSENUM="18" HOUSETYPE="2" OPERTYPEID="10" PREVID="0" NEXTID="0" UPDATEDATE="2024-09-09" STARTDATE="2024-09-09" ENDDATE="2079-06-06" ISACTUAL="1" ISACTIVE="1" /><HOUSE ID="126748901" OBJECTID="31162268" OBJECTGUID="313f1411-63af-4e76-8747-a56da107b795" CHANGEID="600810233" HOUSENUM="59" HOUSETYPE="2" OPERTYPEID="30" PREVID="18498676" NEXTID="0" UPDATEDATE="2024-09-10" STARTDATE="2024-09-10" ENDDATE="2079-06-06" ISACTUAL="1" ISACTIVE="0" /><HOUSE ID="126748923" OBJECTID="12276345" OBJECTGUID="d11068fd-bcb5-47b4-9db1-5feabfabc1bc" CHANGEID="600810420" HOUSENUM="1" HOUSETYPE="2" OPERTYPEID="30" PREVID="66190375" NEXTID="0" UPDATEDATE="2024-09-10" STARTDATE="2024-09-10" ENDDATE="2079-06-06" ISACTUAL="1" ISACTIVE="0" /><HOUSE ID="126748926" OBJECTID="28882519" OBJECTGUID="fd93ecf9-a2df-49ee-9ab7-7db6ec170001" CHANGEID="600810429" HOUSENUM="26г" HOUSETYPE="2" OPERTYPEID="30" PREVID="17139558" NEXTID="0" UPDATEDATE="2024-09-10" STARTDATE="2024-09-10" ENDDATE="2079-06-06" ISACTUAL="1" ISACTIVE="0" /><HOUSE ID="17139558" OBJECTID="28882519" OBJECTGUID="fd93ecf9-a2df-49ee-9ab7-7db6ec170001" CHANGEID="44381092" HOUSENUM="26г" HOUSETYPE="2" OPERTYPEID="10" PREVID="0" NEXTID="126748926" UPDATEDATE="2024-09-10" STARTDATE="2016-05-31" ENDDATE="2024-09-10" ISACTUAL="0" ISACTIVE="0" /><HOUSE ID="126749339" OBJECTID="57099252" OBJECTGUID="cddc3a41-07bb-4b0a-afa9-0bceb7f5e76c" CHANGEID="600812161" HOUSENUM="54" HOUSETYPE="2" OPERTYPEID="30" PREVID="65964307" NEXTID="0" UPDATEDATE="2024-09-10" STARTDATE="2024-09-10" ENDDATE="2079-06-06" ISACTUAL="1" ISACTIVE="0" /><HOUSE ID="65964307" OBJECTID="57099252" OBJECTGUID="cddc3a41-07bb-4b0a-afa9-0bceb7f5e76c" CHANGEID="85385729" HOUSENUM="54" HOUSETYPE="2" OPERTYPEID="20" PREVID="34183996" NEXTID="126749339" UPDATEDATE="2024-09-10" STARTDATE="2014-01-04" ENDDATE="2024-09-10" ISACTUAL="0" ISACTIVE="0" /><HOUSE ID="126749874" OBJECTID="165162930" OBJECTGUID="eefe7273-4c36-4d95-8c5d-a9a40496f449" CHANGEID="600815591" HOUSENUM="56" HOUSETYPE="7" OPERTYPEID="10" PREVID="0" NEXTID="0" UPDATEDATE="2024-09-10" STARTDATE="2024-09-10" ENDDATE="2079-06-06" ISACTUAL="1" ISACTIVE="1" /><HOUSE ID="126750346" OBJECTID="165165189" OBJECTGUID="a87387b4-1be6-4990-89a8-4116166da4ab" CHANGEID="600819490" HOUSENUM="6" HOUSETYPE="7" OPERTYPEID="10" PREVID="0" NEXTID="0" UPDATEDATE="2024-09-10" STARTDATE="2024-09-10" ENDDATE="2079-06-06" ISACTUAL="1" ISACTIVE="1" /><HOUSE ID="126750347" OBJECTID="165165190" OBJECTGUID="7cda5814-c4f5-4fcd-841d-af239c50ce72" CHANGEID="600819491" HOUSENUM="10" HOUSETYPE="2" OPERTYPEID="10" PREVID="0" NEXTID="0" UPDATEDATE="2024-09-10" STARTDATE="2024-09-10" ENDDATE="2079-06-06" ISACTUAL="1" ISACTIVE="1" /><HOUSE ID="126750348" OBJECTID="165165191" OBJECTGUID="bf7e4466-4aac-4442-bd2e-7ef98256d35e" CHANGEID="600819492" HOUSENUM="13" HOUSETYPE="7" OPERTYPEID="10" PREVID="0" NEXTID="0" UPDATEDATE="2024-09-10" STARTDATE="2024-09-10" ENDDATE="2079-06-06" ISACTUAL="1" ISACTIVE="1" /><HOUSE ID="126750349" OBJECTID="165165192" OBJECTGUID="477da986-cdd9-41ad-8287-bb72f5b25eeb" CHANGEID="600819493" HOUSENUM="21" HOUSETYPE="2" OPERTYPEID="10" PREVID="0" NEXTID="0" UPDATEDATE="2024-09-10" STARTDATE="2024-09-10" ENDDATE="2079-06-06" ISACTUAL="1" ISACTIVE="1" /><HOUSE ID="126750350" OBJECTID="165165193" OBJECTGUID="d6f1501c-e36a-4864-ab68-8d34aa5d3054" CHANGEID="600819494" HOUSENUM="23" HOUSETYPE="7" OPERTYPEID="10" PREVID="0" NEXTID="0" UPDATEDATE="2024-09-10" STARTDATE="2024-09-10" ENDDATE="2079-06-06" ISACTUAL="1" ISACTIVE="1" /><HOUSE ID="126750351" OBJECTID="165165194" OBJECTGUID="9146afc5-2050-4e79-8916-3564716930fa" CHANGEID="600819495" HOUSENUM="29" HOUSETYPE="7" OPERTYPEID="10" PREVID="0" NEXTID="0" UPDATEDATE="2024-09-10" STARTDATE="2024-09-10" ENDDATE="2079-06-06" ISACTUAL="1" ISACTIVE="1" /><HOUSE ID="126750352" OBJECTID="165165195" OBJECTGUID="e50de54f-ed20-447a-8c68-3d0705d09433" CHANGEID="600819496" HOUSENUM="33" HOUSETYPE="7" OPERTYPEID="10" PREVID="0" NEXTID="0" UPDATEDATE="2024-09-10" STARTDATE="2024-09-10" ENDDATE="2079-06-06" ISACTUAL="1" ISACTIVE="1" /><HOUSE ID="126750353" OBJECTID="165165196" OBJECTGUID="05f7801c-2b33-4ef5-b3d6-74f8f5ea5adf" CHANGEID="600819497" HOUSENUM="40" HOUSETYPE="7" OPERTYPEID="10" PREVID="0" NEXTID="0" UPDATEDATE="2024-09-10" STARTDATE="2024-09-10" ENDDATE="2079-06-06" ISACTUAL="1" ISACTIVE="1" /><HOUSE ID="126750354" OBJECTID="165165197" OBJECTGUID="ac4b06c8-0c9c-4b32-a639-6c787f556926" CHANGEID="600819498" HOUSENUM="41" HOUSETYPE="7" OPERTYPEID="10" PREVID="0" NEXTID="0" UPDATEDATE="2024-09-10" STARTDATE="2024-09-10" ENDDATE="2079-06-06" ISACTUAL="1" ISACTIVE="1" /><HOUSE ID="126750355" OBJECTID="165165198" OBJECTGUID="51086bd2-bd2b-4b11-9e9e-0838fa404538" CHANGEID="600819499" HOUSENUM="45" HOUSETYPE="7" OPERTYPEID="10" PREVID="0" NEXTID="0" UPDATEDATE="2024-09-10" STARTDATE="2024-09-10" ENDDATE="2079-06-06" ISACTUAL="1" ISACTIVE="1" /><HOUSE ID="126750492" OBJECTID="165165692" OBJECTGUID="16db9db3-5fa6-4798-ba8e-156c60a010f6" CHANGEID="600820535" HOUSENUM="17" HOUSETYPE="7" OPERTYPEID="10" PREVID="0" NEXTID="0" UPDATEDATE="2024-09-10" STARTDATE="2024-09-10" ENDDATE="2079-06-06" ISACTUAL="1" ISACTIVE="1" /><HOUSE ID="126750515" OBJECTID="165165792" OBJECTGUID="efe4d6a2-67a6-449d-bd84-826b41187d0c" CHANGEID="600820701" HOUSENUM="53" HOUSETYPE="2" OPERTYPEID="10" PREVID="0" NEXTID="0" UPDATEDATE="2024-09-10" STARTDATE="2024-09-10" ENDDATE="2079-06-06" ISACTUAL="1" ISACTIVE="1" /><HOUSE ID="126750734" OBJECTID="165167110" OBJECTGUID="f5286b51-6cee-44dc-8b1f-64c91cdaeddb" CHANGEID="600822488" HOUSENUM="50" HOUSETYPE="2" OPERTYPEID="10" PREVID="0" NEXTID="0" UPDATEDATE="2024-09-10" STARTDATE="2024-09-10" ENDDATE="2079-06-06" ISACTUAL="1" ISACTIVE="1" /><HOUSE ID="126750735" OBJECTID="165167111" OBJECTGUID="4d252715-4db5-457d-b3e1-f33377597440" CHANGEID="600822489" HOUSENUM="55" HOUSETYPE="7" OPERTYPEID="10" PREVID="0" NEXTID="0" UPDATEDATE="2024-09-10" STARTDATE="2024-09-10" ENDDATE="2079-06-06" ISACTUAL="1" ISACTIVE="1" /><HOUSE ID="126750736" OBJECTID="165167112" OBJECTGUID="e9215ee9-9225-4107-9cee-009d239116a7" CHANGEID="600822490" HOUSENUM="78" HOUSETYPE="2" OPERTYPEID="10" PREVID="0" NEXTID="0" UPDATEDATE="2024-09-10" STARTDATE="2024-09-10" ENDDATE="2079-06-06" ISACTUAL="1" ISACTIVE="1" /><HOUSE ID="126750737" OBJECTID="165167113" OBJECTGUID="2b40542c-114c-49a0-a732-b6a1c996b5e2" CHANGEID="600822491" HOUSENUM="80" HOUSETYPE="2" OPERTYPEID="10" PREVID="0" NEXTID="0" UPDATEDATE="2024-09-10" STARTDATE="2024-09-10" ENDDATE="2079-06-06" ISACTUAL="1" ISACTIVE="1" /><HOUSE ID="126750738" OBJECTID="165167114" OBJECTGUID="cd740672-61b5-4417-9201-63cd0155e45e" CHANGEID="600822492" HOUSENUM="83" HOUSETYPE="7" OPERTYPEID="10" PREVID="0" NEXTID="0" UPDATEDATE="2024-09-10" STARTDATE="2024-09-10" ENDDATE="2079-06-06" ISACTUAL="1" ISACTIVE="1" /><HOUSE ID="126750739" OBJECTID="165167115" OBJECTGUID="cdb0cfae-d56a-4116-b8b6-f57d5798f8db" CHANGEID="600822493" HOUSENUM="91" HOUSETYPE="7" OPERTYPEID="10" PREVID="0" NEXTID="0" UPDATEDATE="2024-09-10" STARTDATE="2024-09-10" ENDDATE="2079-06-06" ISACTUAL="1" ISACTIVE="1" /><HOUSE ID="126750740" OBJECTID="165167116" OBJECTGUID="e20dddec-ce06-42cc-acdd-79bd56f66ebf" CHANGEID="600822494" HOUSENUM="93" HOUSETYPE="2" OPERTYPEID="10" PREVID="0" NEXTID="0" UPDATEDATE="2024-09-10" STARTDATE="2024-09-10" ENDDATE="2079-06-06" ISACTUAL="1" ISACTIVE="1" /><HOUSE ID="126750741" OBJECTID="165167117" OBJECTGUID="f2536dc7-e6c6-4003-848d-8ad926075afb" CHANGEID="600822495" HOUSENUM="104" HOUSETYPE="7" OPERTYPEID="10" PREVID="0" NEXTID="0" UPDATEDATE="2024-09-10" STARTDATE="2024-09-10" ENDDATE="2079-06-06" ISACTUAL="1" ISACTIVE="1" /><HOUSE ID="126750742" OBJECTID="165167118" OBJECTGUID="4dd08ff7-5cac-4dee-8e12-6aff984c44cc" CHANGEID="600822496" HOUSENUM="108" HOUSETYPE="7" OPERTYPEID="10" PREVID="0" NEXTID="0" UPDATEDATE="2024-09-10" STARTDATE="2024-09-10" ENDDATE="2079-06-06" ISACTUAL="1" ISACTIVE="1" /><HOUSE ID="126750743" OBJECTID="165167119" OBJECTGUID="f9caaefe-1875-4ad5-bd35-6a066905c0a6" CHANGEID="600822497" HOUSENUM="110" HOUSETYPE="7" OPERTYPEID="10" PREVID="0" NEXTID="0" UPDATEDATE="2024-09-10" STARTDATE="2024-09-10" ENDDATE="2079-06-06" ISACTUAL="1" ISACTIVE="1" /><HOUSE ID="126751058" OBJECTID="165168985" OBJECTGUID="03b4cfa6-13e5-4c07-bfb6-3b2ea9cb8444" CHANGEID="600824929" HOUSENUM="16" HOUSETYPE="2" OPERTYPEID="10" PREVID="0" NEXTID="0" UPDATEDATE="2024-09-10" STARTDATE="2024-09-10" ENDDATE="2079-06-06" ISACTUAL="1" ISACTIVE="1" /><HOUSE ID="126751068" OBJECTID="165169031" OBJECTGUID="09646f60-721f-4597-ad17-43f4c5c32e00" CHANGEID="600825076" HOUSENUM="26Г" HOUSETYPE="7" OPERTYPEID="10" PREVID="0" NEXTID="0" UPDATEDATE="2024-09-10" STARTDATE="2024-09-10" ENDDATE="2079-06-06" ISACTUAL="1" ISACTIVE="1" /><HOUSE ID="126751109" OBJECTID="165169244" OBJECTGUID="4896d64c-3176-45df-a0ab-52820b8bba0a" CHANGEID="600825394" HOUSENUM="111" HOUSETYPE="2" OPERTYPEID="10" PREVID="0" NEXTID="0" UPDATEDATE="2024-09-10" STARTDATE="2024-09-10" ENDDATE="2079-06-06" ISACTUAL="1" ISACTIVE="1" /><HOUSE ID="126751110" OBJECTID="165169245" OBJECTGUID="90a659bf-fc83-4649-9d1b-c59b8ced6ba3" CHANGEID="600825395" HOUSENUM="114" HOUSETYPE="7" OPERTYPEID="10" PREVID="0" NEXTID="0" UPDATEDATE="2024-09-10" STARTDATE="2024-09-10" ENDDATE="2079-06-06" ISACTUAL="1" ISACTIVE="1" /><HOUSE ID="126751111" OBJECTID="165169246" OBJECTGUID="0121b4e9-8e2c-4589-a598-70aaad8ce06c" CHANGEID="600825396" HOUSENUM="117" HOUSETYPE="2" OPERTYPEID="10" PREVID="0" NEXTID="0" UPDATEDATE="2024-09-10" STARTDATE="2024-09-10" ENDDATE="2079-06-06" ISACTUAL="1" ISACTIVE="1" /><HOUSE ID="126751112" OBJECTID="165169247" OBJECTGUID="65dc3e45-9a94-4bf9-be2c-5b0465b6cfb8" CHANGEID="600825397" HOUSENUM="125" HOUSETYPE="2" OPERTYPEID="10" PREVID="0" NEXTID="0" UPDATEDATE="2024-09-10" STARTDATE="2024-09-10" ENDDATE="2079-06-06" ISACTUAL="1" ISACTIVE="1" /><HOUSE ID="126751113" OBJECTID="165169248" OBJECTGUID="01d1bce2-b246-401d-b95c-316748c2ce65" CHANGEID="600825398" HOUSENUM="129" HOUSETYPE="7" OPERTYPEID="10" PREVID="0" NEXTID="0" UPDATEDATE="2024-09-10" STARTDATE="2024-09-10" ENDDATE="2079-06-06" ISACTUAL="1" ISACTIVE="1" /><HOUSE ID="126751114" OBJECTID="165169249" OBJECTGUID="c1bcc4a3-5e22-43b4-bb8d-9cbe735b4c85" CHANGEID="600825399" HOUSENUM="133" HOUSETYPE="2" OPERTYPEID="10" PREVID="0" NEXTID="0" UPDATEDATE="2024-09-10" STARTDATE="2024-09-10" ENDDATE="2079-06-06" ISACTUAL="1" ISACTIVE="1" /><HOUSE ID="126751115" OBJECTID="165169250" OBJECTGUID="a2ed01e8-8820-4688-8253-de5b513509db" CHANGEID="600825400" HOUSENUM="151" HOUSETYPE="7" OPERTYPEID="10" PREVID="0" NEXTID="0" UPDATEDATE="2024-09-10" STARTDATE="2024-09-10" ENDDATE="2079-06-06" ISACTUAL="1" ISACTIVE="1" /><HOUSE ID="126751116" OBJECTID="165169251" OBJECTGUID="508e77ef-1f66-464d-836d-1a8f5f224768" CHANGEID="600825401" HOUSENUM="153" HOUSETYPE="7" OPERTYPEID="10" PREVID="0" NEXTID="0" UPDATEDATE="2024-09-10" STARTDATE="2024-09-10" ENDDATE="2079-06-06" ISACTUAL="1" ISACTIVE="1" /><HOUSE ID="126751117" OBJECTID="165169252" OBJECTGUID="5d09d879-e2cb-49f9-afd8-9d215fc804b6" CHANGEID="600825402" HOUSENUM="159" HOUSETYPE="2" OPERTYPEID="10" PREVID="0" NEXTID="0" UPDATEDATE="2024-09-10" STARTDATE="2024-09-10" ENDDATE="2079-06-06" ISACTUAL="1" ISACTIVE="1" /><HOUSE ID="126751118" OBJECTID="165169253" OBJECTGUID="20096382-b3de-4f01-bcce-ba44d0236b73" CHANGEID="600825403" HOUSENUM="162" HOUSETYPE="7" OPERTYPEID="10" PREVID="0" NEXTID="0" UPDATEDATE="2024-09-10" STARTDATE="2024-09-10" ENDDATE="2079-06-06" ISACTUAL="1" ISACTIVE="1" /><HOUSE ID="126751302" OBJECTID="165169956" OBJECTGUID="0ed76044-09e9-4745-94b8-b0d9a426174c" CHANGEID="600826279" HOUSENUM="26А" HOUSETYPE="2" OPERTYPEID="10" PREVID="0" NEXTID="0" UPDATEDATE="2024-09-10" STARTDATE="2024-09-10" ENDDATE="2079-06-06" ISACTUAL="1" ISACTIVE="1" /><HOUSE ID="67190460" OBJECTID="77404606" OBJECTGUID="df2d5626-8099-44b4-a396-696b25ea4fb1" CHANGEID="115105455" HOUSENUM="49/13" HOUSETYPE="2" OPERTYPEID="20" PREVID="46765039" NEXTID="126751307" UPDATEDATE="2024-09-10" STARTDATE="2014-03-26" ENDDATE="2024-09-10" ISACTUAL="0" ISACTIVE="0" /><HOUSE ID="126751307" OBJECTID="77404606" OBJECTGUID="df2d5626-8099-44b4-a396-696b25ea4fb1" CHANGEID="600826304" HOUSENUM="49" HOUSETYPE="2" OPERTYPEID="20" PREVID="67190460" UPDATEDATE="2024-09-10" STARTDATE="2024-09-10" ENDDATE="2079-06-06" ISACTUAL="1" ISACTIVE="1" /><HOUSE ID="126751933" OBJECTID="165172373" OBJECTGUID="5146566b-0bdc-4e04-a2e4-e4994d844594" CHANGEID="600830229" HOUSENUM="7/1" HOUSETYPE="5" OPERTYPEID="10" PREVID="0" NEXTID="0" UPDATEDATE="2024-09-10" STARTDATE="2024-09-10" ENDDATE="2079-06-06" ISACTUAL="1" ISACTIVE="1" /><HOUSE ID="126752107" OBJECTID="165173096" OBJECTGUID="eb38dd96-e6a6-4a9f-a07e-6a335a57bf70" CHANGEID="600831535" HOUSENUM="52" HOUSETYPE="7" OPERTYPEID="10" PREVID="0" NEXTID="0" UPDATEDATE="2024-09-10" STARTDATE="2024-09-10" ENDDATE="2079-06-06" ISACTUAL="1" ISACTIVE="1" /><HOUSE ID="126752111" OBJECTID="165173106" OBJECTGUID="0b24f12a-b2b8-4ef6-9b40-ec4060a81b5a" CHANGEID="600831545" HOUSENUM="10В" HOUSETYPE="2" OPERTYPEID="10" PREVID="0" NEXTID="0" UPDATEDATE="2024-09-10" STARTDATE="2024-09-10" ENDDATE="2079-06-06" ISACTUAL="1" ISACTIVE="1" /><HOUSE ID="126752118" OBJECTID="165173123" OBJECTGUID="01981089-eb42-470f-afa0-fa00e59d7c05" CHANGEID="600831572" HOUSENUM="38" HOUSETYPE="7" OPERTYPEID="10" PREVID="0" NEXTID="0" UPDATEDATE="2024-09-10" STARTDATE="2024-09-10" ENDDATE="2079-06-06" ISACTUAL="1" ISACTIVE="1" /><HOUSE ID="126752557" OBJECTID="165174112" OBJECTGUID="c1227a95-4f1d-43d7-ab43-3cd730f784b3" CHANGEID="600833391" HOUSENUM="21Ж/3" HOUSETYPE="7" OPERTYPEID="10" PREVID="0" NEXTID="0" UPDATEDATE="2024-09-10" STARTDATE="2024-09-10" ENDDATE="2079-06-06" ISACTUAL="1" ISACTIVE="1" /><HOUSE ID="126752579" OBJECTID="165174168" OBJECTGUID="05d5f99c-68d0-466f-87b8-71d810403ce5" CHANGEID="600833462" HOUSENUM="1" HOUSETYPE="2" OPERTYPEID="10" PREVID="0" NEXTID="0" UPDATEDATE="2024-09-10" STARTDATE="2024-09-10" ENDDATE="2079-06-06" ISACTUAL="1" ISACTIVE="1" /><HOUSE ID="126752589" OBJECTID="165174195" OBJECTGUID="ca09c71c-f04b-4fd0-86aa-2f625532c5aa" CHANGEID="600833496" HOUSENUM="1А" HOUSETYPE="2" OPERTYPEID="10" PREVID="0" NEXTID="0" UPDATEDATE="2024-09-10" STARTDATE="2024-09-10" ENDDATE="2079-06-06" ISACTUAL="1" ISACTIVE="1" /><HOUSE ID="126752587" OBJECTID="165174185" OBJECTGUID="9dd0fff6-941e-4cd7-8ab2-ecb022f86314" CHANGEID="600833485" HOUSENUM="1Б" HOUSETYPE="2" OPERTYPEID="10" PREVID="0" NEXTID="0" UPDATEDATE="2024-09-10" STARTDATE="2024-09-10" ENDDATE="2079-06-06" ISACTUAL="1" ISACTIVE="1" /><HOUSE ID="126752595" OBJECTID="46402327" OBJECTGUID="ddd87b17-0a35-424a-8e61-9ecbb9bdc4ad" CHANGEID="600833513" HOUSENUM="7" HOUSETYPE="2" OPERTYPEID="30" PREVID="67094992" NEXTID="0" UPDATEDATE="2024-09-10" STARTDATE="2024-09-10" ENDDATE="2079-06-06" ISACTUAL="1" ISACTIVE="0" /><HOUSE ID="126752999" OBJECTID="165176156" OBJECTGUID="ca907531-6a76-46de-bdba-959703000c59" CHANGEID="600836244" HOUSENUM="45" HOUSETYPE="2" OPERTYPEID="10" PREVID="0" NEXTID="0" UPDATEDATE="2024-09-10" STARTDATE="2024-09-10" ENDDATE="2079-06-06" ISACTUAL="1" ISACTIVE="1" /><HOUSE ID="126752991" OBJECTID="40259719" OBJECTGUID="11483171-21d3-4014-9624-f6a29c9f437f" CHANGEID="600836236" HOUSENUM="9" HOUSETYPE="2" OPERTYPEID="30" PREVID="52604949" NEXTID="0" UPDATEDATE="2024-09-10" STARTDATE="2024-09-10" ENDDATE="2079-06-06" ISACTUAL="1" ISACTIVE="0" /><HOUSE ID="52604949" OBJECTID="40259719" OBJECTGUID="11483171-21d3-4014-9624-f6a29c9f437f" CHANGEID="60949243" HOUSENUM="9" HOUSETYPE="2" OPERTYPEID="20" PREVID="24069973" NEXTID="126752991" UPDATEDATE="2024-09-10" STARTDATE="2019-10-16" ENDDATE="2024-09-10" ISACTUAL="0" ISACTIVE="0" /><HOUSE ID="126752992" OBJECTID="40259191" OBJECTGUID="66992a6a-271c-4398-8fe1-d9b312b22d42" CHANGEID="600836237" HOUSENUM="29" HOUSETYPE="2" OPERTYPEID="30" PREVID="58649815" NEXTID="0" UPDATEDATE="2024-09-10" STARTDATE="2024-09-10" ENDDATE="2079-06-06" ISACTUAL="1" ISACTIVE="0" /><HOUSE ID="58649815" OBJECTID="40259191" OBJECTGUID="66992a6a-271c-4398-8fe1-d9b312b22d42" CHANGEID="60948348" HOUSENUM="29" HOUSETYPE="2" OPERTYPEID="20" PREVID="24069571" NEXTID="126752992" UPDATEDATE="2024-09-10" STARTDATE="2019-10-16" ENDDATE="2024-09-10" ISACTUAL="0" ISACTIVE="0" /><HOUSE ID="126752993" OBJECTID="40257096" OBJECTGUID="9bb028c9-a33b-4fd2-833c-ca8bddefd30a" CHANGEID="600836238" HOUSENUM="6" HOUSETYPE="2" OPERTYPEID="30" PREVID="62411589" NEXTID="0" UPDATEDATE="2024-09-10" STARTDATE="2024-09-10" ENDDATE="2079-06-06" ISACTUAL="1" ISACTIVE="0" /><HOUSE ID="126752994" OBJECTID="40254171" OBJECTGUID="7334b606-0fc6-4791-9477-8c9affedd220" CHANGEID="600836239" HOUSENUM="17" HOUSETYPE="2" OPERTYPEID="30" PREVID="59541714" NEXTID="0" UPDATEDATE="2024-09-10" STARTDATE="2024-09-10" ENDDATE="2079-06-06" ISACTUAL="1" ISACTIVE="0" /><HOUSE ID="126752995" OBJECTID="40253313" OBJECTGUID="3b0c72b2-696e-429f-8c3a-41d842146268" CHANGEID="600836240" HOUSENUM="10" HOUSETYPE="2" OPERTYPEID="30" PREVID="55563891" NEXTID="0" UPDATEDATE="2024-09-10" STARTDATE="2024-09-10" ENDDATE="2079-06-06" ISACTUAL="1" ISACTIVE="0" /><HOUSE ID="55563891" OBJECTID="40253313" OBJECTGUID="3b0c72b2-696e-429f-8c3a-41d842146268" CHANGEID="60940301" HOUSENUM="10" HOUSETYPE="2" OPERTYPEID="20" PREVID="24066017" NEXTID="126752995" UPDATEDATE="2024-09-10" STARTDATE="2019-10-16" ENDDATE="2024-09-10" ISACTUAL="0" ISACTIVE="0" /><HOUSE ID="126752996" OBJECTID="40252752" OBJECTGUID="392f3b20-270a-4a4f-9797-40f670db15d8" CHANGEID="600836241" HOUSENUM="12" HOUSETYPE="2" OPERTYPEID="30" PREVID="55432000" NEXTID="0" UPDATEDATE="2024-09-10" STARTDATE="2024-09-10" ENDDATE="2079-06-06" ISACTUAL="1" ISACTIVE="0" /><HOUSE ID="55432000" OBJECTID="40252752" OBJECTGUID="392f3b20-270a-4a4f-9797-40f670db15d8" CHANGEID="60939376" HOUSENUM="12" HOUSETYPE="2" OPERTYPEID="20" PREVID="24065511" NEXTID="126752996" UPDATEDATE="2024-09-10" STARTDATE="2019-10-16" ENDDATE="2024-09-10" ISACTUAL="0" ISACTIVE="0" /><HOUSE ID="126752997" OBJECTID="40252371" OBJECTGUID="78db1d25-7e71-4057-866b-35c7ec1da5ae" CHANGEID="600836242" HOUSENUM="11" HOUSETYPE="2" OPERTYPEID="30" PREVID="59942621" NEXTID="0" UPDATEDATE="2024-09-10" STARTDATE="2024-09-10" ENDDATE="2079-06-06" ISACTUAL="1" ISACTIVE="0" /><HOUSE ID="126752998" OBJECTID="40252138" OBJECTGUID="c3a777b1-7147-4c65-96dd-31b2d075f237" CHANGEID="600836243" HOUSENUM="14" HOUSETYPE="2" OPERTYPEID="30" PREVID="65242739" NEXTID="0" UPDATEDATE="2024-09-10" STARTDATE="2024-09-10" ENDDATE="2079-06-06" ISACTUAL="1" ISACTIVE="0" /><HOUSE ID="65242739" OBJECTID="40252138" OBJECTGUID="c3a777b1-7147-4c65-96dd-31b2d075f237" CHANGEID="60937929" HOUSENUM="14" HOUSETYPE="2" OPERTYPEID="20" PREVID="24064965" NEXTID="126752998" UPDATEDATE="2024-09-10" STARTDATE="2019-10-16" ENDDATE="2024-09-10" ISACTUAL="0" ISACTIVE="0" /><HOUSE ID="126753228" OBJECTID="165177917" OBJECTGUID="573fb8ce-b772-4bf9-83ad-5af9864f4f2f" CHANGEID="600838717" HOUSENUM="75" HOUSETYPE="2" OPERTYPEID="10" PREVID="0" NEXTID="0" UPDATEDATE="2024-09-10" STARTDATE="2024-09-10" ENDDATE="2079-06-06" ISACTUAL="1" ISACTIVE="1" /><HOUSE ID="126753259" OBJECTID="165178006" OBJECTGUID="9563beea-7ac1-4c21-9328-d82ff1e4de3c" CHANGEID="600838825" HOUSENUM="29" HOUSETYPE="2" OPERTYPEID="10" PREVID="0" NEXTID="0" UPDATEDATE="2024-09-10" STARTDATE="2024-09-10" ENDDATE="2079-06-06" ISACTUAL="1" ISACTIVE="1" /><HOUSE ID="126753274" OBJECTID="165178038" OBJECTGUID="5ca3e21f-2016-4edc-8f17-c4d0e49b5db5" CHANGEID="600838888" HOUSENUM="2" HOUSETYPE="2" OPERTYPEID="10" PREVID="0" NEXTID="0" UPDATEDATE="2024-09-10" STARTDATE="2024-09-10" ENDDATE="2079-06-06" ISACTUAL="1" ISACTIVE="1" /><HOUSE ID="126753485" OBJECTID="165178928" OBJECTGUID="48e9eb84-6e3d-4768-a2bb-9f5f05d9b410" CHANGEID="600840258" HOUSENUM="1" HOUSETYPE="5" OPERTYPEID="10" PREVID="0" NEXTID="0" UPDATEDATE="2024-09-10" STARTDATE="2024-09-10" ENDDATE="2079-06-06" ISACTUAL="1" ISACTIVE="1" /><HOUSE ID="126753547" OBJECTID="165179079" OBJECTGUID="b599cf7a-bd4d-4cc5-8721-8fa2f206152c" CHANGEID="600840678" HOUSENUM="18" HOUSETYPE="2" OPERTYPEID="10" PREVID="0" NEXTID="0" UPDATEDATE="2024-09-10" STARTDATE="2024-09-10" ENDDATE="2079-06-06" ISACTUAL="1" ISACTIVE="1" /><HOUSE ID="126754001" OBJECTID="165180741" OBJECTGUID="43543e2c-c05a-48fd-9626-a0cb2ddf7089" CHANGEID="600843812" HOUSENUM="21" HOUSETYPE="2" OPERTYPEID="10" PREVID="0" NEXTID="0" UPDATEDATE="2024-09-10" STARTDATE="2024-09-10" ENDDATE="2079-06-06" ISACTUAL="1" ISACTIVE="1" /><HOUSE ID="126754168" OBJECTID="165181110" OBJECTGUID="5c8ed2db-8261-41c5-a96f-5cf3462f2d89" CHANGEID="600844632" HOUSENUM="193/53" HOUSETYPE="5" OPERTYPEID="10" PREVID="0" NEXTID="0" UPDATEDATE="2024-09-10" STARTDATE="2024-09-10" ENDDATE="2079-06-06" ISACTUAL="1" ISACTIVE="1" /><HOUSE ID="126754296" OBJECTID="165181802" OBJECTGUID="99c548b3-3742-4b66-9b63-09cd6e4e3459" CHANGEID="600845719" HOUSENUM="58/13" HOUSETYPE="5" OPERTYPEID="10" PREVID="0" NEXTID="0" UPDATEDATE="2024-09-10" STARTDATE="2024-09-10" ENDDATE="2079-06-06" ISACTUAL="1" ISACTIVE="1" /><HOUSE ID="126754350" OBJECTID="165181972" OBJECTGUID="d1dbb1d6-9a7e-4570-b6b3-8faa9bfa74a4" CHANGEID="600845971" HOUSENUM="10/11" HOUSETYPE="5" OPERTYPEID="10" PREVID="0" NEXTID="0" UPDATEDATE="2024-09-10" STARTDATE="2024-09-10" ENDDATE="2079-06-06" ISACTUAL="1" ISACTIVE="1" /><HOUSE ID="126757601" OBJECTID="165198702" OBJECTGUID="9e26b9ce-93c0-4703-85ed-669e39ca874e" CHANGEID="600895413" HOUSENUM="6В" HOUSETYPE="2" OPERTYPEID="10" PREVID="0" NEXTID="0" UPDATEDATE="2024-09-11" STARTDATE="2024-09-11" ENDDATE="2079-06-06" ISACTUAL="1" ISACTIVE="1" /><HOUSE ID="126757608" OBJECTID="165198779" OBJECTGUID="7dceeb05-defa-4c32-9cca-87d1ef2cbcef" CHANGEID="600895507" HOUSENUM="3/2" HOUSETYPE="2" OPERTYPEID="10" PREVID="0" NEXTID="0" UPDATEDATE="2024-09-11" STARTDATE="2024-09-11" ENDDATE="2079-06-06" ISACTUAL="1" ISACTIVE="1" /><HOUSE ID="126757920" OBJECTID="165201343" OBJECTGUID="d9d7ee63-c0e4-4ea3-9f01-ce39499eca54" CHANGEID="600898814" HOUSENUM="1" HOUSETYPE="2" OPERTYPEID="10" PREVID="0" NEXTID="0" UPDATEDATE="2024-09-11" STARTDATE="2024-09-11" ENDDATE="2079-06-06" ISACTUAL="1" ISACTIVE="1" /><HOUSE ID="126757928" OBJECTID="165201406" OBJECTGUID="27cbbdca-5042-4d35-9e86-a61831e9edff" CHANGEID="600898958" HOUSENUM="23" HOUSETYPE="2" OPERTYPEID="10" PREVID="0" NEXTID="0" UPDATEDATE="2024-09-11" STARTDATE="2024-09-11" ENDDATE="2079-06-06" ISACTUAL="1" ISACTIVE="1" /><HOUSE ID="126758100" OBJECTID="165203464" OBJECTGUID="5612a05c-c995-40dd-954a-e39774490c73" CHANGEID="600901322" HOUSENUM="3" HOUSETYPE="5" OPERTYPEID="10" PREVID="0" NEXTID="0" UPDATEDATE="2024-09-11" STARTDATE="2024-09-11" ENDDATE="2079-06-06" ISACTUAL="1" ISACTIVE="1" /><HOUSE ID="126758108" OBJECTID="75496468" OBJECTGUID="de078448-e688-4b9f-8286-93e987603aca" CHANGEID="600901356" HOUSENUM="7" HOUSETYPE="2" OPERTYPEID="30" PREVID="67108643" NEXTID="0" UPDATEDATE="2024-09-11" STARTDATE="2024-09-11" ENDDATE="2079-06-06" ISACTUAL="1" ISACTIVE="0" /><HOUSE ID="126758110" OBJECTID="165203493" OBJECTGUID="a85d41d9-c2dd-4231-8661-621593d3a42c" CHANGEID="600901358" HOUSENUM="17" HOUSETYPE="2" OPERTYPEID="10" PREVID="0" NEXTID="0" UPDATEDATE="2024-09-11" STARTDATE="2024-09-11" ENDDATE="2079-06-06" ISACTUAL="1" ISACTIVE="1" /><HOUSE ID="126758114" OBJECTID="165203500" OBJECTGUID="f7dd4b06-7400-47b2-ac02-ddb21a424434" CHANGEID="600901368" HOUSENUM="15" HOUSETYPE="2" OPERTYPEID="10" PREVID="0" NEXTID="0" UPDATEDATE="2024-09-11" STARTDATE="2024-09-11" ENDDATE="2079-06-06" ISACTUAL="1" ISACTIVE="1" /><HOUSE ID="126758111" OBJECTID="165203495" OBJECTGUID="d866767e-ccff-4d8f-b8ad-7925ee3466fb" CHANGEID="600901361" HOUSENUM="15а" HOUSETYPE="2" OPERTYPEID="10" PREVID="0" NEXTID="0" UPDATEDATE="2024-09-11" STARTDATE="2024-09-11" ENDDATE="2079-06-06" ISACTUAL="1" ISACTIVE="1" /><HOUSE ID="126758112" OBJECTID="46839123" OBJECTGUID="ad8eaaf8-5836-4802-8de0-94c5fb0f0c4a" CHANGEID="600901363" HOUSENUM="4" HOUSETYPE="2" OPERTYPEID="30" PREVID="63675983" NEXTID="0" UPDATEDATE="2024-09-11" STARTDATE="2024-09-11" ENDDATE="2079-06-06" ISACTUAL="1" ISACTIVE="0" /><HOUSE ID="63675983" OBJECTID="46839123" OBJECTGUID="ad8eaaf8-5836-4802-8de0-94c5fb0f0c4a" CHANGEID="70488747" HOUSENUM="4" HOUSETYPE="2" OPERTYPEID="20" PREVID="28010663" NEXTID="126758112" UPDATEDATE="2024-09-11" STARTDATE="2019-10-29" ENDDATE="2024-09-11" ISACTUAL="0" ISACTIVE="0" /><HOUSE ID="126758115" OBJECTID="165203501" OBJECTGUID="de84235a-8e61-4931-a575-7d76c39462b9" CHANGEID="600901369" HOUSENUM="15А" HOUSETYPE="2" OPERTYPEID="10" PREVID="0" NEXTID="0" UPDATEDATE="2024-09-11" STARTDATE="2024-09-11" ENDDATE="2079-06-06" ISACTUAL="1" ISACTIVE="1" /><HOUSE ID="126758172" OBJECTID="165203679" OBJECTGUID="c6db209c-878f-43c9-926d-cc1d9dafb32a" CHANGEID="600901602" HOUSENUM="17" HOUSETYPE="2" OPERTYPEID="10" PREVID="0" NEXTID="0" UPDATEDATE="2024-09-11" STARTDATE="2024-09-11" ENDDATE="2079-06-06" ISACTUAL="1" ISACTIVE="1" /><HOUSE ID="126758377" OBJECTID="165204695" OBJECTGUID="fd29b488-943e-433d-b2f7-abcfda5b99c1" CHANGEID="600903256" HOUSENUM="25" HOUSETYPE="2" OPERTYPEID="10" PREVID="0" NEXTID="0" UPDATEDATE="2024-09-11" STARTDATE="2024-09-11" ENDDATE="2079-06-06" ISACTUAL="1" ISACTIVE="1" /><HOUSE ID="126758378" OBJECTID="165204697" OBJECTGUID="5677d436-ddcd-4406-8895-187e9ad4319f" CHANGEID="600903258" HOUSENUM="34" HOUSETYPE="2" OPERTYPEID="10" PREVID="0" NEXTID="0" UPDATEDATE="2024-09-11" STARTDATE="2024-09-11" ENDDATE="2079-06-06" ISACTUAL="1" ISACTIVE="1" /><HOUSE ID="126758385" OBJECTID="165204738" OBJECTGUID="bda11c6e-56f5-454b-bcb9-b464d02b3a9b" CHANGEID="600903314" HOUSENUM="36" HOUSETYPE="2" OPERTYPEID="10" PREVID="0" NEXTID="0" UPDATEDATE="2024-09-11" STARTDATE="2024-09-11" ENDDATE="2079-06-06" ISACTUAL="1" ISACTIVE="1" /><HOUSE ID="126758375" OBJECTID="165204690" OBJECTGUID="3220d67b-4edd-426c-8330-6755a79b9bf0" CHANGEID="600903245" HOUSENUM="13г" HOUSETYPE="5" OPERTYPEID="10" PREVID="0" NEXTID="0" UPDATEDATE="2024-09-11" STARTDATE="2024-09-11" ENDDATE="2079-06-06" ISACTUAL="1" ISACTIVE="1" /><HOUSE ID="126758436" OBJECTID="165204954" OBJECTGUID="c826e6e4-da3b-4d83-b5b7-57d618aeb528" CHANGEID="600903725" HOUSENUM="3" HOUSETYPE="5" OPERTYPEID="10" PREVID="0" NEXTID="0" UPDATEDATE="2024-09-11" STARTDATE="2024-09-11" ENDDATE="2079-06-06" ISACTUAL="1" ISACTIVE="1" /><HOUSE ID="7696195" OBJECTID="13918705" OBJECTGUID="d8f3a6c1-1c39-4bd3-b4d2-350838ccb7b5" CHANGEID="22297404" HOUSENUM="20" HOUSETYPE="2" OPERTYPEID="20" PREVID="7696153" NEXTID="126759012" UPDATEDATE="2024-09-11" STARTDATE="2019-05-31" ENDDATE="2024-09-11" ISACTUAL="0" ISACTIVE="0" /><HOUSE ID="126759012" OBJECTID="13918705" OBJECTGUID="d8f3a6c1-1c39-4bd3-b4d2-350838ccb7b5" CHANGEID="600908013" HOUSENUM="20" HOUSETYPE="5" OPERTYPEID="20" PREVID="7696195" UPDATEDATE="2024-09-11" STARTDATE="2024-09-11" ENDDATE="2079-06-06" ISACTUAL="1" ISACTIVE="1" /><HOUSE ID="126759176" OBJECTID="53439930" OBJECTGUID="f724c466-eed1-428c-94ff-b448e2b87965" CHANGEID="600909205" HOUSENUM="55" HOUSETYPE="2" OPERTYPEID="30" PREVID="68885907" NEXTID="0" UPDATEDATE="2024-09-11" STARTDATE="2024-09-11" ENDDATE="2079-06-06" ISACTUAL="1" ISACTIVE="0" /><HOUSE ID="68885907" OBJECTID="53439930" OBJECTGUID="f724c466-eed1-428c-94ff-b448e2b87965" CHANGEID="79993987" HOUSENUM="55" HOUSETYPE="2" OPERTYPEID="20" PREVID="31901981" NEXTID="126759176" UPDATEDATE="2024-09-11" STARTDATE="2014-01-04" ENDDATE="2024-09-11" ISACTUAL="0" ISACTIVE="0" /><HOUSE ID="126759189" OBJECTID="165208390" OBJECTGUID="bd5bd225-4f9a-441d-ad28-53cab91de45d" CHANGEID="600909418" HOUSENUM="116а" HOUSETYPE="2" OPERTYPEID="10" PREVID="0" NEXTID="0" UPDATEDATE="2024-09-11" STARTDATE="2024-09-11" ENDDATE="2079-06-06" ISACTUAL="1" ISACTIVE="1" /><HOUSE ID="126759193" OBJECTID="165208408" OBJECTGUID="a99e4809-8045-44c2-97e4-c07133e47be8" CHANGEID="600909442" HOUSENUM="34" HOUSETYPE="2" OPERTYPEID="10" PREVID="0" NEXTID="0" UPDATEDATE="2024-09-11" STARTDATE="2024-09-11" ENDDATE="2079-06-06" ISACTUAL="1" ISACTIVE="1" /><HOUSE ID="126759623" OBJECTID="23617614" OBJECTGUID="12961352-4e94-48be-b05f-6ba5fcc14213" CHANGEID="600912695" HOUSENUM="34" HOUSETYPE="2" OPERTYPEID="30" PREVID="13943856" NEXTID="0" UPDATEDATE="2024-09-11" STARTDATE="2024-09-11" ENDDATE="2079-06-06" ISACTUAL="1" ISACTIVE="0" /><HOUSE ID="13943856" OBJECTID="23617614" OBJECTGUID="12961352-4e94-48be-b05f-6ba5fcc14213" CHANGEID="36693597" HOUSENUM="34" HOUSETYPE="2" OPERTYPEID="20" PREVID="13943850" NEXTID="126759623" UPDATEDATE="2024-09-11" STARTDATE="2019-05-29" ENDDATE="2024-09-11" ISACTUAL="0" ISACTIVE="0" /><HOUSE ID="126759624" OBJECTID="165210386" OBJECTGUID="51d49ae8-cbef-4bbb-a3dd-f43be0220a03" CHANGEID="600912704" HOUSENUM="1" HOUSETYPE="2" OPERTYPEID="10" PREVID="0" NEXTID="0" UPDATEDATE="2024-09-11" STARTDATE="2024-09-11" ENDDATE="2079-06-06" ISACTUAL="1" ISACTIVE="1" /><HOUSE ID="126759659" OBJECTID="165210498" OBJECTGUID="45756539-259e-4f16-92fa-a788728c04a7" CHANGEID="600913259" HOUSENUM="8" HOUSETYPE="2" OPERTYPEID="10" PREVID="0" NEXTID="0" UPDATEDATE="2024-09-11" STARTDATE="2024-09-11" ENDDATE="2079-06-06" ISACTUAL="1" ISACTIVE="1" /><HOUSE ID="126760021" OBJECTID="165212013" OBJECTGUID="ad9aa8a9-c147-457b-9556-5e78bd2a62ac" CHANGEID="600915367" HOUSENUM="6" HOUSETYPE="2" OPERTYPEID="10" PREVID="0" NEXTID="0" UPDATEDATE="2024-09-11" STARTDATE="2024-09-11" ENDDATE="2079-06-06" ISACTUAL="1" ISACTIVE="1" /><HOUSE ID="126760022" OBJECTID="165212014" OBJECTGUID="3e4186a3-acff-4583-b03a-81700d6988af" CHANGEID="600915368" HOUSENUM="27" HOUSETYPE="7" OPERTYPEID="10" PREVID="0" NEXTID="0" UPDATEDATE="2024-09-11" STARTDATE="2024-09-11" ENDDATE="2079-06-06" ISACTUAL="1" ISACTIVE="1" /><HOUSE ID="126760023" OBJECTID="165212015" OBJECTGUID="2dab0267-fddf-41c5-bdce-b927c2cfad03" CHANGEID="600915369" HOUSENUM="33" HOUSETYPE="7" OPERTYPEID="10" PREVID="0" NEXTID="0" UPDATEDATE="2024-09-11" STARTDATE="2024-09-11" ENDDATE="2079-06-06" ISACTUAL="1" ISACTIVE="1" /><HOUSE ID="126760024" OBJECTID="165212016" OBJECTGUID="244aed4d-89f4-46cd-846e-8a70b815ab68" CHANGEID="600915370" HOUSENUM="35" HOUSETYPE="7" OPERTYPEID="10" PREVID="0" NEXTID="0" UPDATEDATE="2024-09-11" STARTDATE="2024-09-11" ENDDATE="2079-06-06" ISACTUAL="1" ISACTIVE="1" /><HOUSE ID="126760025" OBJECTID="165212017" OBJECTGUID="dcc92ad8-3190-47a5-8036-ad3ad8978468" CHANGEID="600915371" HOUSENUM="52" HOUSETYPE="7" OPERTYPEID="10" PREVID="0" NEXTID="0" UPDATEDATE="2024-09-11" STARTDATE="2024-09-11" ENDDATE="2079-06-06" ISACTUAL="1" ISACTIVE="1" /><HOUSE ID="126760026" OBJECTID="165212018" OBJECTGUID="cd2d0f6d-8c27-431e-ae69-56ae28cd7c69" CHANGEID="600915372" HOUSENUM="59" HOUSETYPE="7" OPERTYPEID="10" PREVID="0" NEXTID="0" UPDATEDATE="2024-09-11" STARTDATE="2024-09-11" ENDDATE="2079-06-06" ISACTUAL="1" ISACTIVE="1" /><HOUSE ID="126760027" OBJECTID="165212019" OBJECTGUID="aa6658cf-1665-4ddc-82e4-a0853cc82568" CHANGEID="600915373" HOUSENUM="72" HOUSETYPE="2" OPERTYPEID="10" PREVID="0" NEXTID="0" UPDATEDATE="2024-09-11" STARTDATE="2024-09-11" ENDDATE="2079-06-06" ISACTUAL="1" ISACTIVE="1" /><HOUSE ID="126760028" OBJECTID="165212020" OBJECTGUID="e5f68f0b-92b0-4251-b23c-0a6eb8060182" CHANGEID="600915374" HOUSENUM="106" HOUSETYPE="2" OPERTYPEID="10" PREVID="0" NEXTID="0" UPDATEDATE="2024-09-11" STARTDATE="2024-09-11" ENDDATE="2079-06-06" ISACTUAL="1" ISACTIVE="1" /><HOUSE ID="126760045" OBJECTID="82777369" OBJECTGUID="47bb8c65-31ea-4a1b-8753-0c7d8b94b208" CHANGEID="600915647" HOUSENUM="30" HOUSETYPE="2" OPERTYPEID="30" PREVID="69526914" NEXTID="0" UPDATEDATE="2024-09-11" STARTDATE="2024-09-11" ENDDATE="2079-06-06" ISACTUAL="1" ISACTIVE="0" /><HOUSE ID="69526914" OBJECTID="82777369" OBJECTGUID="47bb8c65-31ea-4a1b-8753-0c7d8b94b208" CHANGEID="141119585" HOUSENUM="30" HOUSETYPE="2" OPERTYPEID="20" PREVID="56462357" NEXTID="126760045" UPDATEDATE="2024-09-11" STARTDATE="2020-03-22" ENDDATE="2024-09-11" ISACTUAL="0" ISACTIVE="0" /><HOUSE ID="126760222" OBJECTID="165213178" OBJECTGUID="c0998daf-4345-4b35-9de7-6c11adebd1ea" CHANGEID="600917154" HOUSENUM="107" HOUSETYPE="7" OPERTYPEID="10" PREVID="0" NEXTID="0" UPDATEDATE="2024-09-11" STARTDATE="2024-09-11" ENDDATE="2079-06-06" ISACTUAL="1" ISACTIVE="1" /><HOUSE ID="126760223" OBJECTID="165213179" OBJECTGUID="1b216f8b-bf19-4933-b008-fc17fb963625" CHANGEID="600917155" HOUSENUM="107а" HOUSETYPE="7" OPERTYPEID="10" PREVID="0" NEXTID="0" UPDATEDATE="2024-09-11" STARTDATE="2024-09-11" ENDDATE="2079-06-06" ISACTUAL="1" ISACTIVE="1" /><HOUSE ID="126760224" OBJECTID="165213180" OBJECTGUID="a096344a-63ee-44b7-b322-d9d340c887f8" CHANGEID="600917156" HOUSENUM="110" HOUSETYPE="7" OPERTYPEID="10" PREVID="0" NEXTID="0" UPDATEDATE="2024-09-11" STARTDATE="2024-09-11" ENDDATE="2079-06-06" ISACTUAL="1" ISACTIVE="1" /><HOUSE ID="126760225" OBJECTID="165213181" OBJECTGUID="ccd33f59-20ae-40a9-8c78-095d18ad5919" CHANGEID="600917157" HOUSENUM="111" HOUSETYPE="7" OPERTYPEID="10" PREVID="0" NEXTID="0" UPDATEDATE="2024-09-11" STARTDATE="2024-09-11" ENDDATE="2079-06-06" ISACTUAL="1" ISACTIVE="1" /><HOUSE ID="126760226" OBJECTID="165213182" OBJECTGUID="5d300578-f9c6-4fa1-9e73-4d5fe9316be3" CHANGEID="600917158" HOUSENUM="120" HOUSETYPE="7" OPERTYPEID="10" PREVID="0" NEXTID="0" UPDATEDATE="2024-09-11" STARTDATE="2024-09-11" ENDDATE="2079-06-06" ISACTUAL="1" ISACTIVE="1" /><HOUSE ID="126760227" OBJECTID="165213183" OBJECTGUID="8da52768-590d-4857-9c7d-d3c1f3389a0c" CHANGEID="600917159" HOUSENUM="122а" HOUSETYPE="7" OPERTYPEID="10" PREVID="0" NEXTID="0" UPDATEDATE="2024-09-11" STARTDATE="2024-09-11" ENDDATE="2079-06-06" ISACTUAL="1" ISACTIVE="1" /><HOUSE ID="126760228" OBJECTID="165213184" OBJECTGUID="08c802ea-f8c0-4174-b8d1-e0c5b84b0ce6" CHANGEID="600917160" HOUSENUM="124" HOUSETYPE="7" OPERTYPEID="10" PREVID="0" NEXTID="0" UPDATEDATE="2024-09-11" STARTDATE="2024-09-11" ENDDATE="2079-06-06" ISACTUAL="1" ISACTIVE="1" /><HOUSE ID="7354829" OBJECTID="13420146" OBJECTGUID="32bb9600-c5aa-4bdc-bd34-2bf7426609ab" CHANGEID="21543372" HOUSENUM="2" HOUSETYPE="5" OPERTYPEID="20" PREVID="7354827" NEXTID="126760568" UPDATEDATE="2024-09-11" STARTDATE="2019-11-15" ENDDATE="2024-09-11" ISACTUAL="0" ISACTIVE="0" /><HOUSE ID="126760568" OBJECTID="13420146" OBJECTGUID="32bb9600-c5aa-4bdc-bd34-2bf7426609ab" CHANGEID="600920741" HOUSENUM="2" HOUSETYPE="2" OPERTYPEID="20" PREVID="7354829" UPDATEDATE="2024-09-11" STARTDATE="2024-09-11" ENDDATE="2079-06-06" ISACTUAL="1" ISACTIVE="1" /><HOUSE ID="126760836" OBJECTID="165215773" OBJECTGUID="185f842e-9f1b-4ff6-8417-d5b099c3ce07" CHANGEID="600922129" HOUSENUM="6" HOUSETYPE="2" OPERTYPEID="10" PREVID="0" NEXTID="0" UPDATEDATE="2024-09-11" STARTDATE="2024-09-11" ENDDATE="2079-06-06" ISACTUAL="1" ISACTIVE="1" /><HOUSE ID="126761097" OBJECTID="165217486" OBJECTGUID="54ac2f64-4be8-444f-940f-a6b07fbbec07" CHANGEID="600924528" HOUSENUM="21Б" HOUSETYPE="2" OPERTYPEID="10" PREVID="0" NEXTID="0" UPDATEDATE="2024-09-11" STARTDATE="2024-09-11" ENDDATE="2079-06-06" ISACTUAL="1" ISACTIVE="1" /><HOUSE ID="126761124" OBJECTID="46843543" OBJECTGUID="01e4d041-6e93-4657-a47d-c08856bad761" CHANGEID="600924746" HOUSENUM="5" HOUSETYPE="2" OPERTYPEID="30" PREVID="51513990" NEXTID="0" UPDATEDATE="2024-09-11" STARTDATE="2024-09-11" ENDDATE="2079-06-06" ISACTUAL="1" ISACTIVE="0" /><HOUSE ID="51513990" OBJECTID="46843543" OBJECTGUID="01e4d041-6e93-4657-a47d-c08856bad761" CHANGEID="70493194" HOUSENUM="5" HOUSETYPE="2" OPERTYPEID="20" PREVID="28012557" NEXTID="126761124" UPDATEDATE="2024-09-11" STARTDATE="2019-10-29" ENDDATE="2024-09-11" ISACTUAL="0" ISACTIVE="0" /><HOUSE ID="126761254" OBJECTID="165218357" OBJECTGUID="8fd6239d-d71f-4d65-9958-475b5b5b1e8d" CHANGEID="600925870" HOUSENUM="14" HOUSETYPE="2" OPERTYPEID="10" PREVID="0" NEXTID="0" UPDATEDATE="2024-09-11" STARTDATE="2024-09-11" ENDDATE="2079-06-06" ISACTUAL="1" ISACTIVE="1" /><HOUSE ID="126761361" OBJECTID="165218752" OBJECTGUID="b2083bdf-4c45-4464-af0d-88630afc8930" CHANGEID="600927289" HOUSENUM="9" HOUSETYPE="2" OPERTYPEID="10" PREVID="0" NEXTID="0" UPDATEDATE="2024-09-11" STARTDATE="2024-09-11" ENDDATE="2079-06-06" ISACTUAL="1" ISACTIVE="1" /><HOUSE ID="126761410" OBJECTID="165219051" OBJECTGUID="087cbfa9-e0c4-4536-affc-b774b31a459a" CHANGEID="600928587" HOUSENUM="55" HOUSETYPE="2" OPERTYPEID="10" PREVID="0" NEXTID="0" UPDATEDATE="2024-09-11" STARTDATE="2024-09-11" ENDDATE="2079-06-06" ISACTUAL="1" ISACTIVE="1" /><HOUSE ID="126761597" OBJECTID="165219887" OBJECTGUID="7d45a34d-f300-452a-b73b-d8f76aa8f149" CHANGEID="600930040" HOUSENUM="90/2" HOUSETYPE="2" OPERTYPEID="10" PREVID="0" NEXTID="0" UPDATEDATE="2024-09-11" STARTDATE="2024-09-11" ENDDATE="2079-06-06" ISACTUAL="1" ISACTIVE="1" /><HOUSE ID="126761609" OBJECTID="165219938" OBJECTGUID="3b6b8e25-bf69-463a-820d-d83a4916ea13" CHANGEID="600930105" HOUSENUM="15а/1" HOUSETYPE="2" OPERTYPEID="10" PREVID="0" NEXTID="0" UPDATEDATE="2024-09-11" STARTDATE="2024-09-11" ENDDATE="2079-06-06" ISACTUAL="1" ISACTIVE="1" /><HOUSE ID="126761584" OBJECTID="165219826" OBJECTGUID="331a2a9a-7b40-4bcb-8aa8-9fe4dc2f3c81" CHANGEID="600929643" HOUSENUM="30" HOUSETYPE="2" OPERTYPEID="10" PREVID="0" NEXTID="0" UPDATEDATE="2024-09-11" STARTDATE="2024-09-11" ENDDATE="2079-06-06" ISACTUAL="1" ISACTIVE="1" /><HOUSE ID="126761615" OBJECTID="165219956" OBJECTGUID="afdc3da8-3f7e-4d57-80dd-82dc6a3930c6" CHANGEID="600930136" HOUSENUM="15а/2" HOUSETYPE="2" OPERTYPEID="10" PREVID="0" NEXTID="0" UPDATEDATE="2024-09-11" STARTDATE="2024-09-11" ENDDATE="2079-06-06" ISACTUAL="1" ISACTIVE="1" /><HOUSE ID="126761675" OBJECTID="165220274" OBJECTGUID="84e5c74b-157b-403e-8e33-ebe3698eac45" CHANGEID="600930679" HOUSENUM="103а" HOUSETYPE="2" OPERTYPEID="10" PREVID="0" NEXTID="0" UPDATEDATE="2024-09-11" STARTDATE="2024-09-11" ENDDATE="2079-06-06" ISACTUAL="1" ISACTIVE="1" /><HOUSE ID="126761724" OBJECTID="165220527" OBJECTGUID="16d8f3bd-a25f-40b1-800d-ad3c5313347d" CHANGEID="600931134" HOUSENUM="33" HOUSETYPE="2" OPERTYPEID="10" PREVID="0" NEXTID="0" UPDATEDATE="2024-09-11" STARTDATE="2024-09-11" ENDDATE="2079-06-06" ISACTUAL="1" ISACTIVE="1" /><HOUSE ID="126761730" OBJECTID="165220569" OBJECTGUID="71b52d11-604a-4871-9c99-1fddc5c8357a" CHANGEID="600931186" HOUSENUM="1а" HOUSETYPE="5" OPERTYPEID="10" PREVID="0" NEXTID="0" UPDATEDATE="2024-09-11" STARTDATE="2024-09-11" ENDDATE="2079-06-06" ISACTUAL="1" ISACTIVE="1" /><HOUSE ID="126761752" OBJECTID="165220623" OBJECTGUID="b108103d-01a5-4e9e-ab29-9ee02f631d14" CHANGEID="600931481" HOUSENUM="24" HOUSETYPE="2" OPERTYPEID="10" PREVID="0" NEXTID="0" UPDATEDATE="2024-09-11" STARTDATE="2024-09-11" ENDDATE="2079-06-06" ISACTUAL="1" ISACTIVE="1" /><HOUSE ID="126761806" OBJECTID="74481462" OBJECTGUID="87b63eae-450e-4003-867e-0568e998f99f" CHANGEID="600931996" HOUSENUM="16" HOUSETYPE="2" OPERTYPEID="30" PREVID="60995362" NEXTID="0" UPDATEDATE="2024-09-11" STARTDATE="2024-09-11" ENDDATE="2079-06-06" ISACTUAL="1" ISACTIVE="0" /><HOUSE ID="126761803" OBJECTID="97784949" OBJECTGUID="4c6b31c1-f5fd-45ca-9782-dcb0a6756f58" CHANGEID="600931942" HOUSENUM="112А" HOUSETYPE="5" OPERTYPEID="30" PREVID="69922837" NEXTID="0" UPDATEDATE="2024-09-11" STARTDATE="2024-09-11" ENDDATE="2079-06-06" ISACTUAL="1" ISACTIVE="0" /><HOUSE ID="69922837" OBJECTID="97784949" OBJECTGUID="4c6b31c1-f5fd-45ca-9782-dcb0a6756f58" CHANGEID="154275027" HOUSENUM="112А" HOUSETYPE="5" OPERTYPEID="10" PREVID="0" NEXTID="126761803" UPDATEDATE="2024-09-11" STARTDATE="2020-08-05" ENDDATE="2024-09-11" ISACTUAL="0" ISACTIVE="0" /><HOUSE ID="126761821" OBJECTID="34289060" OBJECTGUID="02be2793-738f-424a-8428-862361ea5b5e" CHANGEID="600932160" HOUSENUM="16" HOUSETYPE="2" OPERTYPEID="30" PREVID="51574264" NEXTID="0" UPDATEDATE="2024-09-11" STARTDATE="2024-09-11" ENDDATE="2079-06-06" ISACTUAL="1" ISACTIVE="0" /><HOUSE ID="51574264" OBJECTID="34289060" OBJECTGUID="02be2793-738f-424a-8428-862361ea5b5e" CHANGEID="52223721" HOUSENUM="16" HOUSETYPE="2" OPERTYPEID="20" PREVID="20408473" NEXTID="126761821" UPDATEDATE="2024-09-11" STARTDATE="2015-10-15" ENDDATE="2024-09-11" ISACTUAL="0" ISACTIVE="0" /><HOUSE ID="126761922" OBJECTID="165221445" OBJECTGUID="422d9f5d-e768-48d5-a0bf-8c53d92873bd" CHANGEID="600932847" HOUSENUM="14" HOUSETYPE="2" OPERTYPEID="10" PREVID="0" NEXTID="0" UPDATEDATE="2024-09-11" STARTDATE="2024-09-11" ENDDATE="2079-06-06" ISACTUAL="1" ISACTIVE="1" /></HOUSES>