﻿<?xml version="1.0" encoding="utf-8"?><STEADS><STEAD ID="2078157" OBJECTID="86623481" OBJECTGUID="e591299c-7953-4041-be57-ab6cb460aca1" CHANGEID="128464373" NUMBER="26а" OPERTYPEID="10" NEXTID="68699831" UPDATEDATE="2024-09-11" STARTDATE="2019-01-14" ENDDATE="2024-09-11" ISACTUAL="0" ISACTIVE="0" /><STEAD ID="6852809" OBJECTID="91387296" OBJECTGUID="44534db5-92dc-48cb-9b7d-d1c52222f878" CHANGEID="134105955" NUMBER="72" OPERTYPEID="10" NEXTID="68698801" UPDATEDATE="2024-09-11" STARTDATE="2019-11-26" ENDDATE="2024-09-11" ISACTUAL="0" ISACTIVE="0" /><STEAD ID="66809434" OBJECTID="159410116" OBJECTGUID="ef28f798-1a93-46de-a8f2-66a5477db626" CHANGEID="507159098" NUMBER="21" OPERTYPEID="10" PREVID="0" NEXTID="68698352" UPDATEDATE="2024-09-11" STARTDATE="2023-07-13" ENDDATE="2024-09-11" ISACTUAL="0" ISACTIVE="0" /><STEAD ID="68618240" OBJECTID="165068342" OBJECTGUID="b2259141-d609-44ab-b383-125645206443" CHANGEID="600524421" NUMBER="53а" OPERTYPEID="10" PREVID="0" NEXTID="0" UPDATEDATE="2024-09-05" STARTDATE="2024-09-05" ENDDATE="2079-06-06" ISACTUAL="1" ISACTIVE="1" /><STEAD ID="68618356" OBJECTID="165068622" OBJECTGUID="c990b71a-b399-4f8a-b82a-ffc4d77b4a1c" CHANGEID="600524930" NUMBER="2" OPERTYPEID="10" PREVID="0" NEXTID="0" UPDATEDATE="2024-09-05" STARTDATE="2024-09-05" ENDDATE="2079-06-06" ISACTUAL="1" ISACTIVE="1" /><STEAD ID="68618395" OBJECTID="165068672" OBJECTGUID="d5111801-159d-4520-835f-6bb209e5b834" CHANGEID="600525033" NUMBER="13" OPERTYPEID="10" PREVID="0" NEXTID="0" UPDATEDATE="2024-09-05" STARTDATE="2024-09-05" ENDDATE="2079-06-06" ISACTUAL="1" ISACTIVE="1" /><STEAD ID="68618727" OBJECTID="165069382" OBJECTGUID="6b33e210-90ad-4e0f-9cb7-db44360ff2df" CHANGEID="600526145" NUMBER="1" OPERTYPEID="10" PREVID="0" NEXTID="0" UPDATEDATE="2024-09-05" STARTDATE="2024-09-05" ENDDATE="2079-06-06" ISACTUAL="1" ISACTIVE="1" /><STEAD ID="68618758" OBJECTID="165069415" OBJECTGUID="e77e6a68-e6e3-4f2c-bd58-65984ccab885" CHANGEID="600526187" NUMBER="29" OPERTYPEID="10" PREVID="0" NEXTID="0" UPDATEDATE="2024-09-05" STARTDATE="2024-09-05" ENDDATE="2079-06-06" ISACTUAL="1" ISACTIVE="1" /><STEAD ID="68618794" OBJECTID="165069458" OBJECTGUID="451bcef4-7e6f-4b65-b202-949001a5036c" CHANGEID="600526259" NUMBER="20" OPERTYPEID="10" PREVID="0" NEXTID="0" UPDATEDATE="2024-09-05" STARTDATE="2024-09-05" ENDDATE="2079-06-06" ISACTUAL="1" ISACTIVE="1" /><STEAD ID="68619137" OBJECTID="165070088" OBJECTGUID="0ad2244e-91b3-4795-8afd-054fd4a8e3ee" CHANGEID="600527310" NUMBER="117" OPERTYPEID="10" PREVID="0" NEXTID="0" UPDATEDATE="2024-09-05" STARTDATE="2024-09-05" ENDDATE="2079-06-06" ISACTUAL="1" ISACTIVE="1" /><STEAD ID="68619139" OBJECTID="165070090" OBJECTGUID="e706362e-02ab-4c4e-929d-1deba6b84492" CHANGEID="600527312" NUMBER="14/2" OPERTYPEID="10" PREVID="0" NEXTID="0" UPDATEDATE="2024-09-05" STARTDATE="2024-09-05" ENDDATE="2079-06-06" ISACTUAL="1" ISACTIVE="1" /><STEAD ID="68619136" OBJECTID="165070087" OBJECTGUID="7185e66c-bb53-41d0-b2f5-8d03cf46d1c3" CHANGEID="600527309" NUMBER="22" OPERTYPEID="10" PREVID="0" NEXTID="0" UPDATEDATE="2024-09-05" STARTDATE="2024-09-05" ENDDATE="2079-06-06" ISACTUAL="1" ISACTIVE="1" /><STEAD ID="68619138" OBJECTID="165070089" OBJECTGUID="85554038-43c2-44ee-b718-9af786de2491" CHANGEID="600527311" NUMBER="2" OPERTYPEID="10" PREVID="0" NEXTID="0" UPDATEDATE="2024-09-05" STARTDATE="2024-09-05" ENDDATE="2079-06-06" ISACTUAL="1" ISACTIVE="1" /><STEAD ID="68619424" OBJECTID="165070422" OBJECTGUID="59f18b75-1217-4c68-8bd4-09ae2cecdfc2" CHANGEID="600527876" NUMBER="17а" OPERTYPEID="10" PREVID="0" NEXTID="0" UPDATEDATE="2024-09-05" STARTDATE="2024-09-05" ENDDATE="2079-06-06" ISACTUAL="1" ISACTIVE="1" /><STEAD ID="68620022" OBJECTID="165071766" OBJECTGUID="f6b4b646-5cea-434c-b24d-ed38d3fb3012" CHANGEID="600529885" NUMBER="29а" OPERTYPEID="10" PREVID="0" NEXTID="0" UPDATEDATE="2024-09-05" STARTDATE="2024-09-05" ENDDATE="2079-06-06" ISACTUAL="1" ISACTIVE="1" /><STEAD ID="68620158" OBJECTID="165071931" OBJECTGUID="c08ec095-a885-438c-9bb6-2d57db64ea8e" CHANGEID="600530155" NUMBER="4" OPERTYPEID="10" PREVID="0" NEXTID="0" UPDATEDATE="2024-09-05" STARTDATE="2024-09-05" ENDDATE="2079-06-06" ISACTUAL="1" ISACTIVE="1" /><STEAD ID="68620244" OBJECTID="165072040" OBJECTGUID="c7dbd2c3-359c-49aa-9e7a-c5e0b46a392b" CHANGEID="600530283" NUMBER="3А" OPERTYPEID="10" PREVID="0" NEXTID="0" UPDATEDATE="2024-09-05" STARTDATE="2024-09-05" ENDDATE="2079-06-06" ISACTUAL="1" ISACTIVE="1" /><STEAD ID="68620276" OBJECTID="165072125" OBJECTGUID="c267ca6c-3597-4050-8e04-3a0162ce81de" CHANGEID="600530418" NUMBER="3Г" OPERTYPEID="10" PREVID="0" NEXTID="0" UPDATEDATE="2024-09-05" STARTDATE="2024-09-05" ENDDATE="2079-06-06" ISACTUAL="1" ISACTIVE="1" /><STEAD ID="68620466" OBJECTID="165072747" OBJECTGUID="67f4d718-dc6d-46cd-9104-8d58f120d1d7" CHANGEID="600531188" NUMBER="14" OPERTYPEID="10" PREVID="0" NEXTID="0" UPDATEDATE="2024-09-05" STARTDATE="2024-09-05" ENDDATE="2079-06-06" ISACTUAL="1" ISACTIVE="1" /><STEAD ID="68620424" OBJECTID="165072484" OBJECTGUID="3c3fd681-fd8c-4c45-94a6-c618c52dc429" CHANGEID="600530895" NUMBER="8" OPERTYPEID="10" PREVID="0" NEXTID="0" UPDATEDATE="2024-09-05" STARTDATE="2024-09-05" ENDDATE="2079-06-06" ISACTUAL="1" ISACTIVE="1" /><STEAD ID="68622008" OBJECTID="89837346" OBJECTGUID="14fab769-9258-479a-b2f7-f6c789894f9d" CHANGEID="600537757" NUMBER="18а" OPERTYPEID="30" PREVID="5301314" NEXTID="0" UPDATEDATE="2024-09-05" STARTDATE="2024-09-05" ENDDATE="2079-06-06" ISACTUAL="1" ISACTIVE="0" /><STEAD ID="5301314" OBJECTID="89837346" OBJECTGUID="14fab769-9258-479a-b2f7-f6c789894f9d" CHANGEID="132359656" NUMBER="18а" OPERTYPEID="10" NEXTID="68622008" UPDATEDATE="2024-09-05" STARTDATE="2019-10-24" ENDDATE="2024-09-05" ISACTUAL="0" ISACTIVE="0" /><STEAD ID="68622010" OBJECTID="165076963" OBJECTGUID="113af806-6ba7-4f3c-929d-16d3fdbe57c2" CHANGEID="600537759" NUMBER="45/1" OPERTYPEID="10" PREVID="0" NEXTID="0" UPDATEDATE="2024-09-05" STARTDATE="2024-09-05" ENDDATE="2079-06-06" ISACTUAL="1" ISACTIVE="1" /><STEAD ID="68622019" OBJECTID="165076977" OBJECTGUID="b81ee580-9cdb-49c5-ae03-c6762256f93b" CHANGEID="600537907" NUMBER="8" OPERTYPEID="10" PREVID="0" NEXTID="0" UPDATEDATE="2024-09-05" STARTDATE="2024-09-05" ENDDATE="2079-06-06" ISACTUAL="1" ISACTIVE="1" /><STEAD ID="68622023" OBJECTID="165077181" OBJECTGUID="9056f215-8c4f-45dd-a05f-483db987e998" CHANGEID="600538119" NUMBER="8/1" OPERTYPEID="10" PREVID="0" NEXTID="0" UPDATEDATE="2024-09-05" STARTDATE="2024-09-05" ENDDATE="2079-06-06" ISACTUAL="1" ISACTIVE="1" /><STEAD ID="68622053" OBJECTID="165077242" OBJECTGUID="74c6ef1e-0b73-4387-9e92-0ba55a1a5498" CHANGEID="600538267" NUMBER="5/3" OPERTYPEID="10" PREVID="0" NEXTID="0" UPDATEDATE="2024-09-05" STARTDATE="2024-09-05" ENDDATE="2079-06-06" ISACTUAL="1" ISACTIVE="1" /><STEAD ID="68622055" OBJECTID="165077297" OBJECTGUID="30b8a514-505f-4af7-969b-3d4afe07ca9a" CHANGEID="600538338" NUMBER="12" OPERTYPEID="10" PREVID="0" NEXTID="0" UPDATEDATE="2024-09-05" STARTDATE="2024-09-05" ENDDATE="2079-06-06" ISACTUAL="1" ISACTIVE="1" /><STEAD ID="68622245" OBJECTID="165077572" OBJECTGUID="1ea37484-f3b6-4769-8183-a437940aaf01" CHANGEID="600538811" NUMBER="12/1" OPERTYPEID="10" PREVID="0" NEXTID="0" UPDATEDATE="2024-09-05" STARTDATE="2024-09-05" ENDDATE="2079-06-06" ISACTUAL="1" ISACTIVE="1" /><STEAD ID="68622595" OBJECTID="165079090" OBJECTGUID="1b72d72b-63f8-4b22-ad76-c59cd6ecad4f" CHANGEID="600540654" NUMBER="2" OPERTYPEID="10" PREVID="0" NEXTID="0" UPDATEDATE="2024-09-05" STARTDATE="2024-09-05" ENDDATE="2079-06-06" ISACTUAL="1" ISACTIVE="1" /><STEAD ID="68622699" OBJECTID="165079221" OBJECTGUID="41eed842-89f1-4f55-897c-bca1f6545f8b" CHANGEID="600541090" NUMBER="5" OPERTYPEID="10" PREVID="0" NEXTID="0" UPDATEDATE="2024-09-05" STARTDATE="2024-09-05" ENDDATE="2079-06-06" ISACTUAL="1" ISACTIVE="1" /><STEAD ID="68622700" OBJECTID="165079223" OBJECTGUID="1dbe63f7-0890-4324-a4b2-16b873940a0e" CHANGEID="600541092" NUMBER="266" OPERTYPEID="10" PREVID="0" NEXTID="0" UPDATEDATE="2024-09-05" STARTDATE="2024-09-05" ENDDATE="2079-06-06" ISACTUAL="1" ISACTIVE="1" /><STEAD ID="68622698" OBJECTID="165079220" OBJECTGUID="f591e80b-025d-4976-9eba-691f3ab92791" CHANGEID="600541087" NUMBER="30/1" OPERTYPEID="10" PREVID="0" NEXTID="0" UPDATEDATE="2024-09-05" STARTDATE="2024-09-05" ENDDATE="2079-06-06" ISACTUAL="1" ISACTIVE="1" /><STEAD ID="68622701" OBJECTID="165079224" OBJECTGUID="fb6b488d-d31e-4f9c-99fb-2bf8c25e9f52" CHANGEID="600541099" NUMBER="23" OPERTYPEID="10" PREVID="0" NEXTID="0" UPDATEDATE="2024-09-05" STARTDATE="2024-09-05" ENDDATE="2079-06-06" ISACTUAL="1" ISACTIVE="1" /><STEAD ID="68624131" OBJECTID="165082021" OBJECTGUID="da5aa861-5e77-4c1b-9c4c-704dcbe1e1cb" CHANGEID="600546054" NUMBER="9" OPERTYPEID="10" PREVID="0" NEXTID="0" UPDATEDATE="2024-09-05" STARTDATE="2024-09-05" ENDDATE="2079-06-06" ISACTUAL="1" ISACTIVE="1" /><STEAD ID="68624763" OBJECTID="165083443" OBJECTGUID="74229f7b-0f6e-45d6-b100-25bea13483ed" CHANGEID="600548618" NUMBER="45" OPERTYPEID="10" PREVID="0" NEXTID="0" UPDATEDATE="2024-09-05" STARTDATE="2024-09-05" ENDDATE="2079-06-06" ISACTUAL="1" ISACTIVE="1" /><STEAD ID="68624927" OBJECTID="165083854" OBJECTGUID="94450ca5-9547-48aa-b36a-81c1c515bffd" CHANGEID="600549214" NUMBER="25" OPERTYPEID="10" PREVID="0" NEXTID="0" UPDATEDATE="2024-09-05" STARTDATE="2024-09-05" ENDDATE="2079-06-06" ISACTUAL="1" ISACTIVE="1" /><STEAD ID="68625715" OBJECTID="165085751" OBJECTGUID="7945aabf-e2a4-4941-b074-5d33fb9a7ee5" CHANGEID="600552166" NUMBER="22" OPERTYPEID="10" PREVID="0" NEXTID="0" UPDATEDATE="2024-09-05" STARTDATE="2024-09-05" ENDDATE="2079-06-06" ISACTUAL="1" ISACTIVE="1" /><STEAD ID="68626001" OBJECTID="165086303" OBJECTGUID="b3e1ff0c-7bdb-4ea3-a1a7-e42c8cd3e8b1" CHANGEID="600552981" NUMBER="115" OPERTYPEID="10" PREVID="0" NEXTID="0" UPDATEDATE="2024-09-05" STARTDATE="2024-09-05" ENDDATE="2079-06-06" ISACTUAL="1" ISACTIVE="1" /><STEAD ID="68626053" OBJECTID="165086359" OBJECTGUID="f2e77817-9f9d-4681-af78-b4ae4f4772e6" CHANGEID="600553129" NUMBER="31" OPERTYPEID="10" PREVID="0" NEXTID="0" UPDATEDATE="2024-09-05" STARTDATE="2024-09-05" ENDDATE="2079-06-06" ISACTUAL="1" ISACTIVE="1" /><STEAD ID="68626168" OBJECTID="165086492" OBJECTGUID="2b5a64e1-d6c3-464b-90a1-6b4d686cd142" CHANGEID="600553458" NUMBER="13а" OPERTYPEID="10" PREVID="0" NEXTID="0" UPDATEDATE="2024-09-05" STARTDATE="2024-09-05" ENDDATE="2079-06-06" ISACTUAL="1" ISACTIVE="1" /><STEAD ID="68626356" OBJECTID="165087030" OBJECTGUID="c39f7c72-0502-48a2-973f-459a94264393" CHANGEID="600554189" NUMBER="7а" OPERTYPEID="10" PREVID="0" NEXTID="0" UPDATEDATE="2024-09-05" STARTDATE="2024-09-05" ENDDATE="2079-06-06" ISACTUAL="1" ISACTIVE="1" /><STEAD ID="68626571" OBJECTID="165087549" OBJECTGUID="4fedd429-db3b-4817-b00f-2a3a61484620" CHANGEID="600555193" NUMBER="15" OPERTYPEID="10" PREVID="0" NEXTID="0" UPDATEDATE="2024-09-05" STARTDATE="2024-09-05" ENDDATE="2079-06-06" ISACTUAL="1" ISACTIVE="1" /><STEAD ID="68626576" OBJECTID="165087588" OBJECTGUID="ede03205-bc14-439b-af79-ca84d8eb369c" CHANGEID="600555248" NUMBER="16" OPERTYPEID="10" PREVID="0" NEXTID="0" UPDATEDATE="2024-09-05" STARTDATE="2024-09-05" ENDDATE="2079-06-06" ISACTUAL="1" ISACTIVE="1" /><STEAD ID="68626621" OBJECTID="165087636" OBJECTGUID="e3f139a7-48e8-4961-92cc-de2dbce04144" CHANGEID="600555304" NUMBER="17" OPERTYPEID="10" PREVID="0" NEXTID="0" UPDATEDATE="2024-09-05" STARTDATE="2024-09-05" ENDDATE="2079-06-06" ISACTUAL="1" ISACTIVE="1" /><STEAD ID="68626644" OBJECTID="165087693" OBJECTGUID="796e5a6d-bb9b-482d-acbc-55cdccc3e05b" CHANGEID="600555374" NUMBER="19" OPERTYPEID="10" PREVID="0" NEXTID="0" UPDATEDATE="2024-09-05" STARTDATE="2024-09-05" ENDDATE="2079-06-06" ISACTUAL="1" ISACTIVE="1" /><STEAD ID="68626651" OBJECTID="165087707" OBJECTGUID="0c8201ba-1d68-4c28-9907-240e96625f18" CHANGEID="600555392" NUMBER="20" OPERTYPEID="10" PREVID="0" NEXTID="0" UPDATEDATE="2024-09-05" STARTDATE="2024-09-05" ENDDATE="2079-06-06" ISACTUAL="1" ISACTIVE="1" /><STEAD ID="68626626" OBJECTID="165087675" OBJECTGUID="2bada7c0-24f9-405f-be18-471b20224d83" CHANGEID="600555350" NUMBER="18" OPERTYPEID="10" PREVID="0" NEXTID="0" UPDATEDATE="2024-09-05" STARTDATE="2024-09-05" ENDDATE="2079-06-06" ISACTUAL="1" ISACTIVE="1" /><STEAD ID="68627126" OBJECTID="165088581" OBJECTGUID="7e28101a-c985-460b-95e8-8049201f838a" CHANGEID="600557700" NUMBER="61" OPERTYPEID="10" PREVID="0" NEXTID="0" UPDATEDATE="2024-09-05" STARTDATE="2024-09-05" ENDDATE="2079-06-06" ISACTUAL="1" ISACTIVE="1" /><STEAD ID="68627435" OBJECTID="165089320" OBJECTGUID="b9db0e1a-3f62-4d81-af3b-864ee6be5391" CHANGEID="600559016" NUMBER="15" OPERTYPEID="10" PREVID="0" NEXTID="0" UPDATEDATE="2024-09-05" STARTDATE="2024-09-05" ENDDATE="2079-06-06" ISACTUAL="1" ISACTIVE="1" /><STEAD ID="68627474" OBJECTID="165089404" OBJECTGUID="8a6c819d-3e68-49d2-a90c-1954ec9ba4f4" CHANGEID="600559177" NUMBER="5" OPERTYPEID="10" PREVID="0" NEXTID="0" UPDATEDATE="2024-09-05" STARTDATE="2024-09-05" ENDDATE="2079-06-06" ISACTUAL="1" ISACTIVE="1" /><STEAD ID="68627442" OBJECTID="165089329" OBJECTGUID="b64a7322-8a9d-489e-b194-22f4472d5e55" CHANGEID="600559033" NUMBER="17" OPERTYPEID="10" PREVID="0" NEXTID="0" UPDATEDATE="2024-09-05" STARTDATE="2024-09-05" ENDDATE="2079-06-06" ISACTUAL="1" ISACTIVE="1" /><STEAD ID="68627448" OBJECTID="165089347" OBJECTGUID="61c8fbda-b058-4e8a-bb50-12574d5cbf43" CHANGEID="600559075" NUMBER="12" OPERTYPEID="10" PREVID="0" NEXTID="0" UPDATEDATE="2024-09-05" STARTDATE="2024-09-05" ENDDATE="2079-06-06" ISACTUAL="1" ISACTIVE="1" /><STEAD ID="68627480" OBJECTID="165089430" OBJECTGUID="f264c3dc-de08-4c37-80db-696ab309dd19" CHANGEID="600559208" NUMBER="5" OPERTYPEID="10" PREVID="0" NEXTID="0" UPDATEDATE="2024-09-05" STARTDATE="2024-09-05" ENDDATE="2079-06-06" ISACTUAL="1" ISACTIVE="1" /><STEAD ID="68627488" OBJECTID="165089456" OBJECTGUID="c5087a6a-8ca7-4342-a4c6-dc356c04dc52" CHANGEID="600559245" NUMBER="38а" OPERTYPEID="10" PREVID="0" NEXTID="0" UPDATEDATE="2024-09-05" STARTDATE="2024-09-05" ENDDATE="2079-06-06" ISACTUAL="1" ISACTIVE="1" /><STEAD ID="68627501" OBJECTID="165089477" OBJECTGUID="0bb32fd9-8420-456c-ada3-95664a2a6ab8" CHANGEID="600559402" NUMBER="3" OPERTYPEID="10" PREVID="0" NEXTID="0" UPDATEDATE="2024-09-05" STARTDATE="2024-09-05" ENDDATE="2079-06-06" ISACTUAL="1" ISACTIVE="1" /><STEAD ID="68627598" OBJECTID="165089598" OBJECTGUID="3b4be0a2-4234-4afc-b89d-61d33f0a633d" CHANGEID="600559544" NUMBER="154" OPERTYPEID="10" PREVID="0" NEXTID="0" UPDATEDATE="2024-09-05" STARTDATE="2024-09-05" ENDDATE="2079-06-06" ISACTUAL="1" ISACTIVE="1" /><STEAD ID="68627650" OBJECTID="165089682" OBJECTGUID="3c1f6667-4af3-42d7-aa7a-81a539648a00" CHANGEID="600559662" NUMBER="1Т" OPERTYPEID="10" PREVID="0" NEXTID="0" UPDATEDATE="2024-09-05" STARTDATE="2024-09-05" ENDDATE="2079-06-06" ISACTUAL="1" ISACTIVE="1" /><STEAD ID="68627617" OBJECTID="165089642" OBJECTGUID="20923915-4bf8-4701-afd8-9b30a7e78d1b" CHANGEID="600559602" NUMBER="47" OPERTYPEID="10" PREVID="0" NEXTID="0" UPDATEDATE="2024-09-05" STARTDATE="2024-09-05" ENDDATE="2079-06-06" ISACTUAL="1" ISACTIVE="1" /><STEAD ID="68627655" OBJECTID="165089701" OBJECTGUID="9eba30a9-488c-47cf-979e-c9750aa3a0db" CHANGEID="600559695" NUMBER="38" OPERTYPEID="10" PREVID="0" NEXTID="0" UPDATEDATE="2024-09-05" STARTDATE="2024-09-05" ENDDATE="2079-06-06" ISACTUAL="1" ISACTIVE="1" /><STEAD ID="68627684" OBJECTID="165089732" OBJECTGUID="ca870880-86be-45cc-bb32-098828fb1866" CHANGEID="600559736" NUMBER="78" OPERTYPEID="10" PREVID="0" NEXTID="0" UPDATEDATE="2024-09-05" STARTDATE="2024-09-05" ENDDATE="2079-06-06" ISACTUAL="1" ISACTIVE="1" /><STEAD ID="68627699" OBJECTID="165089765" OBJECTGUID="7ce494eb-45cd-4fec-9d9e-3036270ce01c" CHANGEID="600559790" NUMBER="104а" OPERTYPEID="10" PREVID="0" NEXTID="0" UPDATEDATE="2024-09-05" STARTDATE="2024-09-05" ENDDATE="2079-06-06" ISACTUAL="1" ISACTIVE="1" /><STEAD ID="68627687" OBJECTID="165089738" OBJECTGUID="858c19d1-0320-475a-8f30-8f48f71ce9e8" CHANGEID="600559747" NUMBER="28" OPERTYPEID="10" PREVID="0" NEXTID="0" UPDATEDATE="2024-09-05" STARTDATE="2024-09-05" ENDDATE="2079-06-06" ISACTUAL="1" ISACTIVE="1" /><STEAD ID="68635008" OBJECTID="165102048" OBJECTGUID="4fad6255-9575-429f-999f-eca4dd1d415e" CHANGEID="600582519" NUMBER="23" OPERTYPEID="10" PREVID="0" NEXTID="0" UPDATEDATE="2024-09-06" STARTDATE="2024-09-06" ENDDATE="2079-06-06" ISACTUAL="1" ISACTIVE="1" /><STEAD ID="68635765" OBJECTID="165102967" OBJECTGUID="f667778b-2814-4199-813f-27ac1051139d" CHANGEID="600584384" NUMBER="20А" OPERTYPEID="10" PREVID="0" NEXTID="0" UPDATEDATE="2024-09-06" STARTDATE="2024-09-06" ENDDATE="2079-06-06" ISACTUAL="1" ISACTIVE="1" /><STEAD ID="68635883" OBJECTID="165103167" OBJECTGUID="b8a69680-54fc-46d1-b05d-71221140439b" CHANGEID="600584718" NUMBER="18/1" OPERTYPEID="10" PREVID="0" NEXTID="0" UPDATEDATE="2024-09-06" STARTDATE="2024-09-06" ENDDATE="2079-06-06" ISACTUAL="1" ISACTIVE="1" /><STEAD ID="68636709" OBJECTID="165104150" OBJECTGUID="be8d46c9-57d9-4c9d-bbbf-ebabccdbed8f" CHANGEID="600586522" NUMBER="18/2" OPERTYPEID="10" PREVID="0" NEXTID="0" UPDATEDATE="2024-09-06" STARTDATE="2024-09-06" ENDDATE="2079-06-06" ISACTUAL="1" ISACTIVE="1" /><STEAD ID="68636793" OBJECTID="165104246" OBJECTGUID="26d2552b-aa2c-4f02-ac10-30e929f8b01a" CHANGEID="600586650" NUMBER="69" OPERTYPEID="10" PREVID="0" NEXTID="0" UPDATEDATE="2024-09-06" STARTDATE="2024-09-06" ENDDATE="2079-06-06" ISACTUAL="1" ISACTIVE="1" /><STEAD ID="68637537" OBJECTID="165105429" OBJECTGUID="5ba0c790-1309-4d19-98c5-3ebc257787de" CHANGEID="600588426" NUMBER="1" OPERTYPEID="10" PREVID="0" NEXTID="0" UPDATEDATE="2024-09-06" STARTDATE="2024-09-06" ENDDATE="2079-06-06" ISACTUAL="1" ISACTIVE="1" /><STEAD ID="68637543" OBJECTID="165105438" OBJECTGUID="6905989d-95e8-4fd7-9794-79411c544942" CHANGEID="600588440" NUMBER="26" OPERTYPEID="10" PREVID="0" NEXTID="0" UPDATEDATE="2024-09-06" STARTDATE="2024-09-06" ENDDATE="2079-06-06" ISACTUAL="1" ISACTIVE="1" /><STEAD ID="68638214" OBJECTID="165106304" OBJECTGUID="86583d6f-df16-4b87-9147-294916373ad0" CHANGEID="600589971" NUMBER="20" OPERTYPEID="10" PREVID="0" NEXTID="0" UPDATEDATE="2024-09-06" STARTDATE="2024-09-06" ENDDATE="2079-06-06" ISACTUAL="1" ISACTIVE="1" /><STEAD ID="68638171" OBJECTID="165106234" OBJECTGUID="599f50ff-4cda-4ae3-abf7-d2886af32a4d" CHANGEID="600589760" NUMBER="90" OPERTYPEID="10" PREVID="0" NEXTID="0" UPDATEDATE="2024-09-06" STARTDATE="2024-09-06" ENDDATE="2079-06-06" ISACTUAL="1" ISACTIVE="1" /><STEAD ID="68638405" OBJECTID="165106501" OBJECTGUID="752f63b4-21c6-4acd-a25c-42ef7d31d4e8" CHANGEID="600590460" NUMBER="76" OPERTYPEID="10" PREVID="0" NEXTID="0" UPDATEDATE="2024-09-06" STARTDATE="2024-09-06" ENDDATE="2079-06-06" ISACTUAL="1" ISACTIVE="1" /><STEAD ID="68638375" OBJECTID="165106468" OBJECTGUID="2ac19c12-644d-4f74-b6e9-9f3a4c9114f3" CHANGEID="600590314" NUMBER="89" OPERTYPEID="10" PREVID="0" NEXTID="0" UPDATEDATE="2024-09-06" STARTDATE="2024-09-06" ENDDATE="2079-06-06" ISACTUAL="1" ISACTIVE="1" /><STEAD ID="68638828" OBJECTID="165107493" OBJECTGUID="ac2ecba1-0d3a-4e50-b95a-f6843de0ad40" CHANGEID="600591813" NUMBER="89" OPERTYPEID="10" PREVID="0" NEXTID="0" UPDATEDATE="2024-09-06" STARTDATE="2024-09-06" ENDDATE="2079-06-06" ISACTUAL="1" ISACTIVE="1" /><STEAD ID="68638829" OBJECTID="165107494" OBJECTGUID="fb8c4025-c6d0-4ee0-b6ac-0f7025a0a91a" CHANGEID="600591814" NUMBER="10" OPERTYPEID="10" PREVID="0" NEXTID="0" UPDATEDATE="2024-09-06" STARTDATE="2024-09-06" ENDDATE="2079-06-06" ISACTUAL="1" ISACTIVE="1" /><STEAD ID="68638830" OBJECTID="165107533" OBJECTGUID="3e9a7bc1-2b33-49a8-8d75-f529065123f7" CHANGEID="600591853" NUMBER="11" OPERTYPEID="10" PREVID="0" NEXTID="0" UPDATEDATE="2024-09-06" STARTDATE="2024-09-06" ENDDATE="2079-06-06" ISACTUAL="1" ISACTIVE="1" /><STEAD ID="68638838" OBJECTID="165107552" OBJECTGUID="c0cf6a60-dc22-4834-a817-848c078ad857" CHANGEID="600591877" NUMBER="245А" OPERTYPEID="10" PREVID="0" NEXTID="0" UPDATEDATE="2024-09-06" STARTDATE="2024-09-06" ENDDATE="2079-06-06" ISACTUAL="1" ISACTIVE="1" /><STEAD ID="68639019" OBJECTID="165107754" OBJECTGUID="cc212284-239a-4b39-86b4-3391fdf6fcff" CHANGEID="600592418" NUMBER="7" OPERTYPEID="10" PREVID="0" NEXTID="0" UPDATEDATE="2024-09-06" STARTDATE="2024-09-06" ENDDATE="2079-06-06" ISACTUAL="1" ISACTIVE="1" /><STEAD ID="68639000" OBJECTID="165107729" OBJECTGUID="af0caa27-ce97-4f75-8974-da51ef0275d2" CHANGEID="600592358" NUMBER="25" OPERTYPEID="10" PREVID="0" NEXTID="0" UPDATEDATE="2024-09-06" STARTDATE="2024-09-06" ENDDATE="2079-06-06" ISACTUAL="1" ISACTIVE="1" /><STEAD ID="68639087" OBJECTID="165107842" OBJECTGUID="1664f506-dda3-4a55-a557-68df0ba97c15" CHANGEID="600592551" NUMBER="18" OPERTYPEID="10" PREVID="0" NEXTID="0" UPDATEDATE="2024-09-06" STARTDATE="2024-09-06" ENDDATE="2079-06-06" ISACTUAL="1" ISACTIVE="1" /><STEAD ID="68639120" OBJECTID="165107917" OBJECTGUID="15af4d07-4587-4687-bdde-905601d1c1ee" CHANGEID="600592654" NUMBER="32" OPERTYPEID="10" PREVID="0" NEXTID="0" UPDATEDATE="2024-09-06" STARTDATE="2024-09-06" ENDDATE="2079-06-06" ISACTUAL="1" ISACTIVE="1" /><STEAD ID="68639508" OBJECTID="165108737" OBJECTGUID="bf01c006-a0d6-4b6e-b48b-451c324352b2" CHANGEID="600593940" NUMBER="24а" OPERTYPEID="10" PREVID="0" NEXTID="0" UPDATEDATE="2024-09-06" STARTDATE="2024-09-06" ENDDATE="2079-06-06" ISACTUAL="1" ISACTIVE="1" /><STEAD ID="68640485" OBJECTID="165110914" OBJECTGUID="e659807c-1c02-4d24-a63a-75e34b19c0a6" CHANGEID="600602113" NUMBER="3" OPERTYPEID="10" PREVID="0" NEXTID="0" UPDATEDATE="2024-09-06" STARTDATE="2024-09-06" ENDDATE="2079-06-06" ISACTUAL="1" ISACTIVE="1" /><STEAD ID="68640539" OBJECTID="165111102" OBJECTGUID="ea08e170-0cfa-487e-9f6e-948380b5d908" CHANGEID="600603692" NUMBER="13" OPERTYPEID="10" PREVID="0" NEXTID="0" UPDATEDATE="2024-09-06" STARTDATE="2024-09-06" ENDDATE="2079-06-06" ISACTUAL="1" ISACTIVE="1" /><STEAD ID="68641097" OBJECTID="165111959" OBJECTGUID="599ecb16-bca8-496b-9279-c18930ac9ab5" CHANGEID="600631427" NUMBER="1" OPERTYPEID="10" PREVID="0" NEXTID="0" UPDATEDATE="2024-09-06" STARTDATE="2024-09-06" ENDDATE="2079-06-06" ISACTUAL="1" ISACTIVE="1" /><STEAD ID="68641099" OBJECTID="90052171" OBJECTGUID="6340eab1-47c0-421b-9b68-7548087ad89e" CHANGEID="600631853" NUMBER="61" OPERTYPEID="30" PREVID="5516435" NEXTID="0" UPDATEDATE="2024-09-06" STARTDATE="2024-09-06" ENDDATE="2079-06-06" ISACTUAL="1" ISACTIVE="0" /><STEAD ID="5516435" OBJECTID="90052171" OBJECTGUID="6340eab1-47c0-421b-9b68-7548087ad89e" CHANGEID="132600563" NUMBER="61" OPERTYPEID="10" NEXTID="68641099" UPDATEDATE="2024-09-06" STARTDATE="2019-06-28" ENDDATE="2024-09-06" ISACTUAL="0" ISACTIVE="0" /><STEAD ID="68641464" OBJECTID="165112607" OBJECTGUID="d17286f9-5859-413d-9681-6d34d17f0dab" CHANGEID="600661438" NUMBER="28" OPERTYPEID="10" PREVID="0" NEXTID="0" UPDATEDATE="2024-09-06" STARTDATE="2024-09-06" ENDDATE="2079-06-06" ISACTUAL="1" ISACTIVE="1" /><STEAD ID="68641540" OBJECTID="165112697" OBJECTGUID="fb30033b-baf6-4b74-88d2-3d2305c1492d" CHANGEID="600676042" NUMBER="4" OPERTYPEID="10" PREVID="0" NEXTID="0" UPDATEDATE="2024-09-06" STARTDATE="2024-09-06" ENDDATE="2079-06-06" ISACTUAL="1" ISACTIVE="1" /><STEAD ID="68641618" OBJECTID="165112893" OBJECTGUID="c21b98c5-59d6-4e2d-b6bf-7ea23d9ca221" CHANGEID="600700726" NUMBER="36" OPERTYPEID="10" PREVID="0" NEXTID="0" UPDATEDATE="2024-09-06" STARTDATE="2024-09-06" ENDDATE="2079-06-06" ISACTUAL="1" ISACTIVE="1" /><STEAD ID="68641883" OBJECTID="165113272" OBJECTGUID="891e7e96-9bf0-4c52-9bdc-0f146386879f" CHANGEID="600701418" NUMBER="31" OPERTYPEID="10" PREVID="0" NEXTID="0" UPDATEDATE="2024-09-06" STARTDATE="2024-09-06" ENDDATE="2079-06-06" ISACTUAL="1" ISACTIVE="1" /><STEAD ID="68641898" OBJECTID="165113289" OBJECTGUID="265a7737-f696-4722-90f9-0eb6f900b3bd" CHANGEID="600701458" NUMBER="29" OPERTYPEID="10" PREVID="0" NEXTID="0" UPDATEDATE="2024-09-06" STARTDATE="2024-09-06" ENDDATE="2079-06-06" ISACTUAL="1" ISACTIVE="1" /><STEAD ID="68641903" OBJECTID="165113297" OBJECTGUID="5cfa9453-20dd-40e7-8c08-86beee7ac2ac" CHANGEID="600701478" NUMBER="17" OPERTYPEID="10" PREVID="0" NEXTID="0" UPDATEDATE="2024-09-06" STARTDATE="2024-09-06" ENDDATE="2079-06-06" ISACTUAL="1" ISACTIVE="1" /><STEAD ID="68642071" OBJECTID="165113469" OBJECTGUID="e4ff48d3-6a82-4bbe-954a-35d4dc5cc8a7" CHANGEID="600701806" NUMBER="28" OPERTYPEID="10" PREVID="0" NEXTID="0" UPDATEDATE="2024-09-06" STARTDATE="2024-09-06" ENDDATE="2079-06-06" ISACTUAL="1" ISACTIVE="1" /><STEAD ID="68642097" OBJECTID="165113501" OBJECTGUID="1d50e181-2684-41c7-9151-5c22bf7b0e5b" CHANGEID="600701858" NUMBER="33" OPERTYPEID="10" PREVID="0" NEXTID="0" UPDATEDATE="2024-09-06" STARTDATE="2024-09-06" ENDDATE="2079-06-06" ISACTUAL="1" ISACTIVE="1" /><STEAD ID="68642088" OBJECTID="165113489" OBJECTGUID="ad8ef41e-6100-4f6f-ba8d-e669555abb97" CHANGEID="600701839" NUMBER="57" OPERTYPEID="10" PREVID="0" NEXTID="0" UPDATEDATE="2024-09-06" STARTDATE="2024-09-06" ENDDATE="2079-06-06" ISACTUAL="1" ISACTIVE="1" /><STEAD ID="68642382" OBJECTID="93605560" OBJECTGUID="8522da3e-cc62-4340-bc27-81e59d5c941a" CHANGEID="600702343" NUMBER="18" OPERTYPEID="30" PREVID="9072235" NEXTID="0" UPDATEDATE="2024-09-06" STARTDATE="2024-09-06" ENDDATE="2079-06-06" ISACTUAL="1" ISACTIVE="0" /><STEAD ID="9072235" OBJECTID="93605560" OBJECTGUID="8522da3e-cc62-4340-bc27-81e59d5c941a" CHANGEID="136511024" NUMBER="18" OPERTYPEID="10" NEXTID="68642382" UPDATEDATE="2024-09-06" STARTDATE="2019-10-17" ENDDATE="2024-09-06" ISACTUAL="0" ISACTIVE="0" /><STEAD ID="68642417" OBJECTID="165113846" OBJECTGUID="57fa9538-97e6-4fc6-9325-c3d79aefb96e" CHANGEID="600702456" NUMBER="4/3" OPERTYPEID="10" PREVID="0" NEXTID="0" UPDATEDATE="2024-09-06" STARTDATE="2024-09-06" ENDDATE="2079-06-06" ISACTUAL="1" ISACTIVE="1" /><STEAD ID="68642478" OBJECTID="165113962" OBJECTGUID="4630a1cf-f913-4c8e-a0c6-b47a6c74c49a" CHANGEID="600702647" NUMBER="49" OPERTYPEID="10" PREVID="0" NEXTID="0" UPDATEDATE="2024-09-06" STARTDATE="2024-09-06" ENDDATE="2079-06-06" ISACTUAL="1" ISACTIVE="1" /><STEAD ID="68642529" OBJECTID="165114020" OBJECTGUID="5335af52-581c-420b-9004-6a103ffef54b" CHANGEID="600702726" NUMBER="15" OPERTYPEID="10" PREVID="0" NEXTID="0" UPDATEDATE="2024-09-06" STARTDATE="2024-09-06" ENDDATE="2079-06-06" ISACTUAL="1" ISACTIVE="1" /><STEAD ID="68642543" OBJECTID="165114037" OBJECTGUID="0c6e54c6-a3d5-4ea1-9b1a-8c9512ad6406" CHANGEID="600702776" NUMBER="5а" OPERTYPEID="10" PREVID="0" NEXTID="0" UPDATEDATE="2024-09-06" STARTDATE="2024-09-06" ENDDATE="2079-06-06" ISACTUAL="1" ISACTIVE="1" /><STEAD ID="68642575" OBJECTID="165114072" OBJECTGUID="f8adf4f0-e220-47d0-bfb7-863d70144294" CHANGEID="600702830" NUMBER="213" OPERTYPEID="10" PREVID="0" NEXTID="0" UPDATEDATE="2024-09-06" STARTDATE="2024-09-06" ENDDATE="2079-06-06" ISACTUAL="1" ISACTIVE="1" /><STEAD ID="68642736" OBJECTID="165114474" OBJECTGUID="97f35a22-ccb0-479c-9f7c-c007eddbcb3b" CHANGEID="600703368" NUMBER="205" OPERTYPEID="10" PREVID="0" NEXTID="0" UPDATEDATE="2024-09-06" STARTDATE="2024-09-06" ENDDATE="2079-06-06" ISACTUAL="1" ISACTIVE="1" /><STEAD ID="68642739" OBJECTID="165114478" OBJECTGUID="e08ce534-60fb-4707-863e-145e53d03ff9" CHANGEID="600703387" NUMBER="84" OPERTYPEID="10" PREVID="0" NEXTID="0" UPDATEDATE="2024-09-06" STARTDATE="2024-09-06" ENDDATE="2079-06-06" ISACTUAL="1" ISACTIVE="1" /><STEAD ID="68642750" OBJECTID="165114548" OBJECTGUID="99089623-240a-46e9-b3c1-b767600fb618" CHANGEID="600703501" NUMBER="13" OPERTYPEID="10" PREVID="0" NEXTID="0" UPDATEDATE="2024-09-06" STARTDATE="2024-09-06" ENDDATE="2079-06-06" ISACTUAL="1" ISACTIVE="1" /><STEAD ID="68642788" OBJECTID="165114749" OBJECTGUID="0d037296-6699-4aec-b90d-cc659a8c5879" CHANGEID="600703814" NUMBER="146" OPERTYPEID="10" PREVID="0" NEXTID="0" UPDATEDATE="2024-09-06" STARTDATE="2024-09-06" ENDDATE="2079-06-06" ISACTUAL="1" ISACTIVE="1" /><STEAD ID="68642752" OBJECTID="165114567" OBJECTGUID="6f7f00f9-8126-49ed-90b1-16486bc39743" CHANGEID="600703529" NUMBER="61" OPERTYPEID="10" PREVID="0" NEXTID="0" UPDATEDATE="2024-09-06" STARTDATE="2024-09-06" ENDDATE="2079-06-06" ISACTUAL="1" ISACTIVE="1" /><STEAD ID="68642773" OBJECTID="165114627" OBJECTGUID="b2698fc2-2dc7-493c-909c-fb6d6a196d25" CHANGEID="600703654" NUMBER="121" OPERTYPEID="10" PREVID="0" NEXTID="0" UPDATEDATE="2024-09-06" STARTDATE="2024-09-06" ENDDATE="2079-06-06" ISACTUAL="1" ISACTIVE="1" /><STEAD ID="68642782" OBJECTID="165114739" OBJECTGUID="1219fd58-b6dc-4cf4-927e-0fc0329bf57c" CHANGEID="600703786" NUMBER="54" OPERTYPEID="10" PREVID="0" NEXTID="0" UPDATEDATE="2024-09-06" STARTDATE="2024-09-06" ENDDATE="2079-06-06" ISACTUAL="1" ISACTIVE="1" /><STEAD ID="68643226" OBJECTID="165115182" OBJECTGUID="d8b2a4a0-6b22-4bf3-8067-00d47bc31387" CHANGEID="600704784" NUMBER="28" OPERTYPEID="10" PREVID="0" NEXTID="0" UPDATEDATE="2024-09-06" STARTDATE="2024-09-06" ENDDATE="2079-06-06" ISACTUAL="1" ISACTIVE="1" /><STEAD ID="68643262" OBJECTID="165115199" OBJECTGUID="4078efb7-e8ed-411d-ba01-e8a24bea362e" CHANGEID="600704845" NUMBER="6" OPERTYPEID="10" PREVID="0" NEXTID="0" UPDATEDATE="2024-09-06" STARTDATE="2024-09-06" ENDDATE="2079-06-06" ISACTUAL="1" ISACTIVE="1" /><STEAD ID="68643636" OBJECTID="165115642" OBJECTGUID="0b205375-0249-464c-a337-40264f9b804f" CHANGEID="600705761" NUMBER="38" OPERTYPEID="10" PREVID="0" NEXTID="0" UPDATEDATE="2024-09-06" STARTDATE="2024-09-06" ENDDATE="2079-06-06" ISACTUAL="1" ISACTIVE="1" /><STEAD ID="68643793" OBJECTID="165115913" OBJECTGUID="7cf36a61-3f23-4029-8457-0c98ac39e4a6" CHANGEID="600706299" NUMBER="407" OPERTYPEID="10" PREVID="0" NEXTID="0" UPDATEDATE="2024-09-06" STARTDATE="2024-09-06" ENDDATE="2079-06-06" ISACTUAL="1" ISACTIVE="1" /><STEAD ID="68643807" OBJECTID="165115929" OBJECTGUID="4d7e2d67-f70b-4c9c-8187-d3b520d32d34" CHANGEID="600706344" NUMBER="5" OPERTYPEID="10" PREVID="0" NEXTID="0" UPDATEDATE="2024-09-06" STARTDATE="2024-09-06" ENDDATE="2079-06-06" ISACTUAL="1" ISACTIVE="1" /><STEAD ID="68643814" OBJECTID="165115950" OBJECTGUID="52adcc93-57ed-4921-be5c-d25a5169635e" CHANGEID="600706390" NUMBER="5/1" OPERTYPEID="10" PREVID="0" NEXTID="0" UPDATEDATE="2024-09-06" STARTDATE="2024-09-06" ENDDATE="2079-06-06" ISACTUAL="1" ISACTIVE="1" /><STEAD ID="68643850" OBJECTID="165115991" OBJECTGUID="262bf648-f1d6-47f6-8dde-7e3c700488cb" CHANGEID="600706702" NUMBER="746" OPERTYPEID="10" PREVID="0" NEXTID="0" UPDATEDATE="2024-09-06" STARTDATE="2024-09-06" ENDDATE="2079-06-06" ISACTUAL="1" ISACTIVE="1" /><STEAD ID="68643878" OBJECTID="165116039" OBJECTGUID="9a7ea2c9-a789-4e6b-b591-49059d0f83f7" CHANGEID="600706801" NUMBER="25" OPERTYPEID="10" PREVID="0" NEXTID="0" UPDATEDATE="2024-09-06" STARTDATE="2024-09-06" ENDDATE="2079-06-06" ISACTUAL="1" ISACTIVE="1" /><STEAD ID="68643939" OBJECTID="165116182" OBJECTGUID="e62175ef-fb73-4ee9-954c-54fd7427ebeb" CHANGEID="600707035" NUMBER="27" OPERTYPEID="10" PREVID="0" NEXTID="0" UPDATEDATE="2024-09-06" STARTDATE="2024-09-06" ENDDATE="2079-06-06" ISACTUAL="1" ISACTIVE="1" /><STEAD ID="68643946" OBJECTID="165116207" OBJECTGUID="a725463a-8961-4961-9d4e-1ebc8a82a192" CHANGEID="600707104" NUMBER="49" OPERTYPEID="10" PREVID="0" NEXTID="0" UPDATEDATE="2024-09-06" STARTDATE="2024-09-06" ENDDATE="2079-06-06" ISACTUAL="1" ISACTIVE="1" /><STEAD ID="68643943" OBJECTID="165116196" OBJECTGUID="9297fb1c-e78b-4b6d-aec0-36f64a573abd" CHANGEID="600707056" NUMBER="25" OPERTYPEID="10" PREVID="0" NEXTID="0" UPDATEDATE="2024-09-06" STARTDATE="2024-09-06" ENDDATE="2079-06-06" ISACTUAL="1" ISACTIVE="1" /><STEAD ID="68643948" OBJECTID="165116218" OBJECTGUID="dd7f9675-c17d-42ff-ba20-37c9b76e8026" CHANGEID="600707128" NUMBER="32" OPERTYPEID="10" PREVID="0" NEXTID="0" UPDATEDATE="2024-09-06" STARTDATE="2024-09-06" ENDDATE="2079-06-06" ISACTUAL="1" ISACTIVE="1" /><STEAD ID="4332166" OBJECTID="88869963" OBJECTGUID="574bc8cc-aa4e-4f4d-86a6-7d20191cd4e1" CHANGEID="131255609" NUMBER="36" OPERTYPEID="10" NEXTID="68649727" UPDATEDATE="2024-09-09" STARTDATE="2019-05-29" ENDDATE="2024-09-09" ISACTUAL="0" ISACTIVE="0" /><STEAD ID="68649727" OBJECTID="88869963" OBJECTGUID="574bc8cc-aa4e-4f4d-86a6-7d20191cd4e1" CHANGEID="600750727" NUMBER="36/1" OPERTYPEID="20" PREVID="4332166" UPDATEDATE="2024-09-09" STARTDATE="2024-09-09" ENDDATE="2079-06-06" ISACTUAL="1" ISACTIVE="1" /><STEAD ID="68651347" OBJECTID="165127436" OBJECTGUID="a43eb9cb-4b97-4c16-94f3-3d116199ca13" CHANGEID="600754297" NUMBER="39" OPERTYPEID="10" PREVID="0" NEXTID="0" UPDATEDATE="2024-09-09" STARTDATE="2024-09-09" ENDDATE="2079-06-06" ISACTUAL="1" ISACTIVE="1" /><STEAD ID="68651349" OBJECTID="165127438" OBJECTGUID="3ee9d5d2-85ef-4e44-8df0-7c10778febf5" CHANGEID="600754299" NUMBER="39А" OPERTYPEID="10" PREVID="0" NEXTID="0" UPDATEDATE="2024-09-09" STARTDATE="2024-09-09" ENDDATE="2079-06-06" ISACTUAL="1" ISACTIVE="1" /><STEAD ID="68653015" OBJECTID="165129603" OBJECTGUID="bd709a9f-08dc-44a4-8fe4-d88319c448bf" CHANGEID="600757536" NUMBER="89" OPERTYPEID="10" PREVID="0" NEXTID="0" UPDATEDATE="2024-09-09" STARTDATE="2024-09-09" ENDDATE="2079-06-06" ISACTUAL="1" ISACTIVE="1" /><STEAD ID="68653016" OBJECTID="165129604" OBJECTGUID="2e39f28c-ffa6-41d0-a8fe-095a35a97072" CHANGEID="600757538" NUMBER="18а" OPERTYPEID="10" PREVID="0" NEXTID="0" UPDATEDATE="2024-09-09" STARTDATE="2024-09-09" ENDDATE="2079-06-06" ISACTUAL="1" ISACTIVE="1" /><STEAD ID="68653017" OBJECTID="165129606" OBJECTGUID="48c8c12c-fade-470e-89fb-0ffc1f1757ec" CHANGEID="600757541" NUMBER="18б" OPERTYPEID="10" PREVID="0" NEXTID="0" UPDATEDATE="2024-09-09" STARTDATE="2024-09-09" ENDDATE="2079-06-06" ISACTUAL="1" ISACTIVE="1" /><STEAD ID="68653027" OBJECTID="165129634" OBJECTGUID="40f65a27-d7ec-49fc-91b1-9762e6370928" CHANGEID="600757592" NUMBER="16б" OPERTYPEID="10" PREVID="0" NEXTID="0" UPDATEDATE="2024-09-09" STARTDATE="2024-09-09" ENDDATE="2079-06-06" ISACTUAL="1" ISACTIVE="1" /><STEAD ID="68653029" OBJECTID="165129636" OBJECTGUID="5b3201a0-37b3-4b28-bbfc-f61f1b6bfb06" CHANGEID="600757714" NUMBER="16а" OPERTYPEID="10" PREVID="0" NEXTID="0" UPDATEDATE="2024-09-09" STARTDATE="2024-09-09" ENDDATE="2079-06-06" ISACTUAL="1" ISACTIVE="1" /><STEAD ID="68653676" OBJECTID="165131162" OBJECTGUID="165bf22f-901a-4500-b10f-2cfcc1d6205d" CHANGEID="600760671" NUMBER="2" OPERTYPEID="10" PREVID="0" NEXTID="0" UPDATEDATE="2024-09-09" STARTDATE="2024-09-09" ENDDATE="2079-06-06" ISACTUAL="1" ISACTIVE="1" /><STEAD ID="68653741" OBJECTID="165132076" OBJECTGUID="f548052d-c06d-4221-b867-44f6f23fa226" CHANGEID="600761653" NUMBER="2" OPERTYPEID="10" PREVID="0" NEXTID="0" UPDATEDATE="2024-09-09" STARTDATE="2024-09-09" ENDDATE="2079-06-06" ISACTUAL="1" ISACTIVE="1" /><STEAD ID="68653743" OBJECTID="165132080" OBJECTGUID="a322294b-7222-4521-8219-3071626b90e7" CHANGEID="600761657" NUMBER="1" OPERTYPEID="10" PREVID="0" NEXTID="0" UPDATEDATE="2024-09-09" STARTDATE="2024-09-09" ENDDATE="2079-06-06" ISACTUAL="1" ISACTIVE="1" /><STEAD ID="68654804" OBJECTID="165133606" OBJECTGUID="ffed5271-5ae3-45fc-8b2b-0085852ca132" CHANGEID="600763764" NUMBER="1а" OPERTYPEID="10" PREVID="0" NEXTID="0" UPDATEDATE="2024-09-09" STARTDATE="2024-09-09" ENDDATE="2079-06-06" ISACTUAL="1" ISACTIVE="1" /><STEAD ID="68657263" OBJECTID="165137803" OBJECTGUID="8e8a60c7-4674-4799-9d1d-78eea7306bbc" CHANGEID="600770956" NUMBER="75" OPERTYPEID="10" PREVID="0" NEXTID="0" UPDATEDATE="2024-09-09" STARTDATE="2024-09-09" ENDDATE="2079-06-06" ISACTUAL="1" ISACTIVE="1" /><STEAD ID="68658291" OBJECTID="165140296" OBJECTGUID="e26b5ff4-69d2-4bbe-b2b0-6d6e899e99cf" CHANGEID="600774782" NUMBER="61" OPERTYPEID="10" PREVID="0" NEXTID="0" UPDATEDATE="2024-09-09" STARTDATE="2024-09-09" ENDDATE="2079-06-06" ISACTUAL="1" ISACTIVE="1" /><STEAD ID="68658555" OBJECTID="165140668" OBJECTGUID="0c4f00b9-2fb4-4d3e-a3cf-624710a023a3" CHANGEID="600775399" NUMBER="61а" OPERTYPEID="10" PREVID="0" NEXTID="0" UPDATEDATE="2024-09-09" STARTDATE="2024-09-09" ENDDATE="2079-06-06" ISACTUAL="1" ISACTIVE="1" /><STEAD ID="68660009" OBJECTID="165143601" OBJECTGUID="8a45f3ed-a81d-41d5-a47a-73bed1790a35" CHANGEID="600780730" NUMBER="137А" OPERTYPEID="10" PREVID="0" NEXTID="0" UPDATEDATE="2024-09-09" STARTDATE="2024-09-09" ENDDATE="2079-06-06" ISACTUAL="1" ISACTIVE="1" /><STEAD ID="68660187" OBJECTID="165143836" OBJECTGUID="55569c41-3b7c-4faf-ab87-b25f190b2a66" CHANGEID="600781066" NUMBER="153а" OPERTYPEID="10" PREVID="0" NEXTID="0" UPDATEDATE="2024-09-09" STARTDATE="2024-09-09" ENDDATE="2079-06-06" ISACTUAL="1" ISACTIVE="1" /><STEAD ID="68661967" OBJECTID="165146885" OBJECTGUID="180b43ef-a451-4423-a3f9-bd02073a8adf" CHANGEID="600785807" NUMBER="137А" OPERTYPEID="10" PREVID="0" NEXTID="0" UPDATEDATE="2024-09-09" STARTDATE="2024-09-09" ENDDATE="2079-06-06" ISACTUAL="1" ISACTIVE="1" /><STEAD ID="68662460" OBJECTID="165147834" OBJECTGUID="6581a0b6-317e-4928-a601-38b590c42545" CHANGEID="600787180" NUMBER="18" OPERTYPEID="10" PREVID="0" NEXTID="0" UPDATEDATE="2024-09-09" STARTDATE="2024-09-09" ENDDATE="2079-06-06" ISACTUAL="1" ISACTIVE="1" /><STEAD ID="68662679" OBJECTID="165148220" OBJECTGUID="4e4253b4-6bb9-4767-8bc8-113c3d34cfbf" CHANGEID="600787791" NUMBER="100" OPERTYPEID="10" PREVID="0" NEXTID="0" UPDATEDATE="2024-09-09" STARTDATE="2024-09-09" ENDDATE="2079-06-06" ISACTUAL="1" ISACTIVE="1" /><STEAD ID="68662784" OBJECTID="97735805" OBJECTGUID="ff34dc24-ddeb-4c57-a17b-17970638bef9" CHANGEID="600787926" NUMBER="92" OPERTYPEID="30" PREVID="12122873" NEXTID="0" UPDATEDATE="2024-09-09" STARTDATE="2024-09-09" ENDDATE="2079-06-06" ISACTUAL="1" ISACTIVE="0" /><STEAD ID="12122873" OBJECTID="97735805" OBJECTGUID="ff34dc24-ddeb-4c57-a17b-17970638bef9" CHANGEID="154114946" NUMBER="92" OPERTYPEID="10" PREVID="0" NEXTID="68662784" UPDATEDATE="2024-09-09" STARTDATE="2020-07-31" ENDDATE="2024-09-09" ISACTUAL="0" ISACTIVE="0" /><STEAD ID="68662785" OBJECTID="97735694" OBJECTGUID="c7791906-3dcd-4bb8-be0f-1f6e93551be2" CHANGEID="600787927" NUMBER="42" OPERTYPEID="30" PREVID="12122763" NEXTID="0" UPDATEDATE="2024-09-09" STARTDATE="2024-09-09" ENDDATE="2079-06-06" ISACTUAL="1" ISACTIVE="0" /><STEAD ID="12122763" OBJECTID="97735694" OBJECTGUID="c7791906-3dcd-4bb8-be0f-1f6e93551be2" CHANGEID="154114834" NUMBER="42" OPERTYPEID="10" PREVID="0" NEXTID="68662785" UPDATEDATE="2024-09-09" STARTDATE="2020-07-31" ENDDATE="2024-09-09" ISACTUAL="0" ISACTIVE="0" /><STEAD ID="68662972" OBJECTID="165148597" OBJECTGUID="a1ce0ab7-dcce-4c8d-9c3f-ca6c3bdb125c" CHANGEID="600788348" NUMBER="1а" OPERTYPEID="10" PREVID="0" NEXTID="0" UPDATEDATE="2024-09-09" STARTDATE="2024-09-09" ENDDATE="2079-06-06" ISACTUAL="1" ISACTIVE="1" /><STEAD ID="68663309" OBJECTID="165149352" OBJECTGUID="5b43fad3-6272-4abf-9651-29f939604e6c" CHANGEID="600789441" NUMBER="509" OPERTYPEID="10" PREVID="0" NEXTID="0" UPDATEDATE="2024-09-09" STARTDATE="2024-09-09" ENDDATE="2079-06-06" ISACTUAL="1" ISACTIVE="1" /><STEAD ID="68663357" OBJECTID="165149504" OBJECTGUID="d5a72fe4-7b26-4e87-ae6f-bb3e2fb4cf61" CHANGEID="600789661" NUMBER="9" OPERTYPEID="10" PREVID="0" NEXTID="0" UPDATEDATE="2024-09-09" STARTDATE="2024-09-09" ENDDATE="2079-06-06" ISACTUAL="1" ISACTIVE="1" /><STEAD ID="68663374" OBJECTID="165149531" OBJECTGUID="2e6626e9-4660-4f70-b126-32bdf3e4de02" CHANGEID="600789705" NUMBER="9/1" OPERTYPEID="10" PREVID="0" NEXTID="0" UPDATEDATE="2024-09-09" STARTDATE="2024-09-09" ENDDATE="2079-06-06" ISACTUAL="1" ISACTIVE="1" /><STEAD ID="68663384" OBJECTID="165149545" OBJECTGUID="f4cfed5c-39df-4fd7-b5fa-dc97e113d4c2" CHANGEID="600789740" NUMBER="9" OPERTYPEID="10" PREVID="0" NEXTID="0" UPDATEDATE="2024-09-09" STARTDATE="2024-09-09" ENDDATE="2079-06-06" ISACTUAL="1" ISACTIVE="1" /><STEAD ID="68663426" OBJECTID="165149618" OBJECTGUID="0b885134-90e4-45f4-91d5-81aa0ee47b2c" CHANGEID="600789839" NUMBER="6" OPERTYPEID="10" PREVID="0" NEXTID="0" UPDATEDATE="2024-09-09" STARTDATE="2024-09-09" ENDDATE="2079-06-06" ISACTUAL="1" ISACTIVE="1" /><STEAD ID="68663406" OBJECTID="165149582" OBJECTGUID="32a4cd04-eabc-4069-b2e1-e77486033e0e" CHANGEID="600789783" NUMBER="10" OPERTYPEID="10" PREVID="0" NEXTID="0" UPDATEDATE="2024-09-09" STARTDATE="2024-09-09" ENDDATE="2079-06-06" ISACTUAL="1" ISACTIVE="1" /><STEAD ID="68663438" OBJECTID="165149645" OBJECTGUID="f200dc11-baed-410d-b5c0-bf1b6c22a863" CHANGEID="600789895" NUMBER="1" OPERTYPEID="10" PREVID="0" NEXTID="0" UPDATEDATE="2024-09-09" STARTDATE="2024-09-09" ENDDATE="2079-06-06" ISACTUAL="1" ISACTIVE="1" /><STEAD ID="68663677" OBJECTID="165150070" OBJECTGUID="8de15483-7af7-4c91-9950-96a19ff82946" CHANGEID="600790691" NUMBER="70" OPERTYPEID="10" PREVID="0" NEXTID="0" UPDATEDATE="2024-09-09" STARTDATE="2024-09-09" ENDDATE="2079-06-06" ISACTUAL="1" ISACTIVE="1" /><STEAD ID="68663753" OBJECTID="165150261" OBJECTGUID="f4a538aa-55a7-41bf-a686-0ad271b4ceb3" CHANGEID="600790965" NUMBER="10" OPERTYPEID="10" PREVID="0" NEXTID="0" UPDATEDATE="2024-09-09" STARTDATE="2024-09-09" ENDDATE="2079-06-06" ISACTUAL="1" ISACTIVE="1" /><STEAD ID="68663764" OBJECTID="165150272" OBJECTGUID="32f586ce-bb50-4a02-a2f1-656df493b5d7" CHANGEID="600790988" NUMBER="86а" OPERTYPEID="10" PREVID="0" NEXTID="0" UPDATEDATE="2024-09-09" STARTDATE="2024-09-09" ENDDATE="2079-06-06" ISACTUAL="1" ISACTIVE="1" /><STEAD ID="68663786" OBJECTID="165150292" OBJECTGUID="6e2135b3-ad3b-4829-9d23-d4fd29fd768d" CHANGEID="600791023" NUMBER="49" OPERTYPEID="10" PREVID="0" NEXTID="0" UPDATEDATE="2024-09-09" STARTDATE="2024-09-09" ENDDATE="2079-06-06" ISACTUAL="1" ISACTIVE="1" /><STEAD ID="68663809" OBJECTID="165150324" OBJECTGUID="2cdde31b-2ef5-4501-b272-4de66e691e4f" CHANGEID="600791079" NUMBER="11" OPERTYPEID="10" PREVID="0" NEXTID="0" UPDATEDATE="2024-09-09" STARTDATE="2024-09-09" ENDDATE="2079-06-06" ISACTUAL="1" ISACTIVE="1" /><STEAD ID="68663827" OBJECTID="165150388" OBJECTGUID="7826be29-e998-4ce0-9d7b-02c4238f53ac" CHANGEID="600791182" NUMBER="60/106" OPERTYPEID="10" PREVID="0" NEXTID="0" UPDATEDATE="2024-09-09" STARTDATE="2024-09-09" ENDDATE="2079-06-06" ISACTUAL="1" ISACTIVE="1" /><STEAD ID="68663841" OBJECTID="165150398" OBJECTGUID="a2344eb8-33c5-4288-bfbd-3f8632d94aa6" CHANGEID="600791205" NUMBER="99" OPERTYPEID="10" PREVID="0" NEXTID="0" UPDATEDATE="2024-09-09" STARTDATE="2024-09-09" ENDDATE="2079-06-06" ISACTUAL="1" ISACTIVE="1" /><STEAD ID="68663879" OBJECTID="165150438" OBJECTGUID="031b07c5-b334-4609-89e6-3b0d8c8cd7bb" CHANGEID="600791308" NUMBER="182" OPERTYPEID="10" PREVID="0" NEXTID="0" UPDATEDATE="2024-09-09" STARTDATE="2024-09-09" ENDDATE="2079-06-06" ISACTUAL="1" ISACTIVE="1" /><STEAD ID="68663893" OBJECTID="165150456" OBJECTGUID="8a51d9ef-928b-4c0f-8d55-e4c153334a43" CHANGEID="600791343" NUMBER="19" OPERTYPEID="10" PREVID="0" NEXTID="0" UPDATEDATE="2024-09-09" STARTDATE="2024-09-09" ENDDATE="2079-06-06" ISACTUAL="1" ISACTIVE="1" /><STEAD ID="68663906" OBJECTID="165150466" OBJECTGUID="09231550-c97e-4720-8146-f2f83bbc2bb9" CHANGEID="600791364" NUMBER="14в" OPERTYPEID="10" PREVID="0" NEXTID="0" UPDATEDATE="2024-09-09" STARTDATE="2024-09-09" ENDDATE="2079-06-06" ISACTUAL="1" ISACTIVE="1" /><STEAD ID="68663935" OBJECTID="165150519" OBJECTGUID="295b2b24-f944-4118-b723-9748ffe15470" CHANGEID="600791448" NUMBER="2" OPERTYPEID="10" PREVID="0" NEXTID="0" UPDATEDATE="2024-09-09" STARTDATE="2024-09-09" ENDDATE="2079-06-06" ISACTUAL="1" ISACTIVE="1" /><STEAD ID="68664038" OBJECTID="165150624" OBJECTGUID="169b4078-91c8-4841-af0e-f6442de1c80b" CHANGEID="600791723" NUMBER="52" OPERTYPEID="10" PREVID="0" NEXTID="0" UPDATEDATE="2024-09-09" STARTDATE="2024-09-09" ENDDATE="2079-06-06" ISACTUAL="1" ISACTIVE="1" /><STEAD ID="68668773" OBJECTID="165159568" OBJECTGUID="5d753973-1100-46dc-ab48-2aaee28b31ae" CHANGEID="600810438" NUMBER="99" OPERTYPEID="10" PREVID="0" NEXTID="0" UPDATEDATE="2024-09-10" STARTDATE="2024-09-10" ENDDATE="2079-06-06" ISACTUAL="1" ISACTIVE="1" /><STEAD ID="68671051" OBJECTID="165163898" OBJECTGUID="acb671d4-9e05-4c30-b7cf-2b36b3f12a68" CHANGEID="600817464" NUMBER="20" OPERTYPEID="10" PREVID="0" NEXTID="0" UPDATEDATE="2024-09-10" STARTDATE="2024-09-10" ENDDATE="2079-06-06" ISACTUAL="1" ISACTIVE="1" /><STEAD ID="68671055" OBJECTID="165163902" OBJECTGUID="fd78b8ee-ad9c-4f56-b23d-8cb582ad60d8" CHANGEID="600817468" NUMBER="14" OPERTYPEID="10" PREVID="0" NEXTID="0" UPDATEDATE="2024-09-10" STARTDATE="2024-09-10" ENDDATE="2079-06-06" ISACTUAL="1" ISACTIVE="1" /><STEAD ID="68671044" OBJECTID="165163891" OBJECTGUID="12508286-0177-4686-a1ae-aee34ab57512" CHANGEID="600817457" NUMBER="25" OPERTYPEID="10" PREVID="0" NEXTID="0" UPDATEDATE="2024-09-10" STARTDATE="2024-09-10" ENDDATE="2079-06-06" ISACTUAL="1" ISACTIVE="1" /><STEAD ID="68671052" OBJECTID="165163899" OBJECTGUID="fa26cd4f-1115-4669-a5ac-01c6cab6556c" CHANGEID="600817465" NUMBER="13" OPERTYPEID="10" PREVID="0" NEXTID="0" UPDATEDATE="2024-09-10" STARTDATE="2024-09-10" ENDDATE="2079-06-06" ISACTUAL="1" ISACTIVE="1" /><STEAD ID="68671059" OBJECTID="165163906" OBJECTGUID="1e8bf500-7f57-4aa6-9788-450b45addc55" CHANGEID="600817473" NUMBER="8" OPERTYPEID="10" PREVID="0" NEXTID="0" UPDATEDATE="2024-09-10" STARTDATE="2024-09-10" ENDDATE="2079-06-06" ISACTUAL="1" ISACTIVE="1" /><STEAD ID="68672261" OBJECTID="165165460" OBJECTGUID="a2fd3fa5-7fd0-49ac-a669-62cba89e2474" CHANGEID="600819923" NUMBER="12" OPERTYPEID="10" PREVID="0" NEXTID="0" UPDATEDATE="2024-09-10" STARTDATE="2024-09-10" ENDDATE="2079-06-06" ISACTUAL="1" ISACTIVE="1" /><STEAD ID="68672272" OBJECTID="165165481" OBJECTGUID="c3ae183f-4c01-400a-811a-9ec5df9df9d5" CHANGEID="600819959" NUMBER="3" OPERTYPEID="10" PREVID="0" NEXTID="0" UPDATEDATE="2024-09-10" STARTDATE="2024-09-10" ENDDATE="2079-06-06" ISACTUAL="1" ISACTIVE="1" /><STEAD ID="68674910" OBJECTID="165169012" OBJECTGUID="eb3f24f4-d00f-4757-9011-d7160994ba28" CHANGEID="600825032" NUMBER="114" OPERTYPEID="10" PREVID="0" NEXTID="0" UPDATEDATE="2024-09-10" STARTDATE="2024-09-10" ENDDATE="2079-06-06" ISACTUAL="1" ISACTIVE="1" /><STEAD ID="68674920" OBJECTID="165169018" OBJECTGUID="f29ec8cc-a544-4f5b-82c3-13528a5cbb7c" CHANGEID="600825058" NUMBER="31" OPERTYPEID="10" PREVID="0" NEXTID="0" UPDATEDATE="2024-09-10" STARTDATE="2024-09-10" ENDDATE="2079-06-06" ISACTUAL="1" ISACTIVE="1" /><STEAD ID="68674925" OBJECTID="165169026" OBJECTGUID="60f4e5a7-e733-4d37-b7c2-787e03fb31f7" CHANGEID="600825068" NUMBER="31а" OPERTYPEID="10" PREVID="0" NEXTID="0" UPDATEDATE="2024-09-10" STARTDATE="2024-09-10" ENDDATE="2079-06-06" ISACTUAL="1" ISACTIVE="1" /><STEAD ID="68674926" OBJECTID="165169030" OBJECTGUID="3d77ccc1-1562-484a-9b2b-d8e60fb4b8bb" CHANGEID="600825074" NUMBER="55" OPERTYPEID="10" PREVID="0" NEXTID="0" UPDATEDATE="2024-09-10" STARTDATE="2024-09-10" ENDDATE="2079-06-06" ISACTUAL="1" ISACTIVE="1" /><STEAD ID="68674931" OBJECTID="165169037" OBJECTGUID="26f64ca6-8ad3-419d-bef1-a05b3e92877a" CHANGEID="600825087" NUMBER="92" OPERTYPEID="10" PREVID="0" NEXTID="0" UPDATEDATE="2024-09-10" STARTDATE="2024-09-10" ENDDATE="2079-06-06" ISACTUAL="1" ISACTIVE="1" /><STEAD ID="68676294" OBJECTID="165171250" OBJECTGUID="4e5e2a74-67b8-4360-8e39-5718763a4e50" CHANGEID="600828283" NUMBER="10" OPERTYPEID="10" PREVID="0" NEXTID="0" UPDATEDATE="2024-09-10" STARTDATE="2024-09-10" ENDDATE="2079-06-06" ISACTUAL="1" ISACTIVE="1" /><STEAD ID="68676360" OBJECTID="165171389" OBJECTGUID="cd6f1265-1589-48a0-ad52-df5111217a3d" CHANGEID="600828483" NUMBER="62" OPERTYPEID="10" PREVID="0" NEXTID="0" UPDATEDATE="2024-09-10" STARTDATE="2024-09-10" ENDDATE="2079-06-06" ISACTUAL="1" ISACTIVE="1" /><STEAD ID="68676384" OBJECTID="165171418" OBJECTGUID="461e51b4-1d22-4209-b7d7-c3e8290103d6" CHANGEID="600828519" NUMBER="15б" OPERTYPEID="10" PREVID="0" NEXTID="0" UPDATEDATE="2024-09-10" STARTDATE="2024-09-10" ENDDATE="2079-06-06" ISACTUAL="1" ISACTIVE="1" /><STEAD ID="68676342" OBJECTID="165171332" OBJECTGUID="0ca0b0e2-90c0-484b-a8b6-1e1d880d2627" CHANGEID="600828391" NUMBER="77" OPERTYPEID="10" PREVID="0" NEXTID="0" UPDATEDATE="2024-09-10" STARTDATE="2024-09-10" ENDDATE="2079-06-06" ISACTUAL="1" ISACTIVE="1" /><STEAD ID="68676348" OBJECTID="165171353" OBJECTGUID="2fbd3892-9126-47c8-9f90-66ec3c5cc68e" CHANGEID="600828438" NUMBER="298" OPERTYPEID="10" PREVID="0" NEXTID="0" UPDATEDATE="2024-09-10" STARTDATE="2024-09-10" ENDDATE="2079-06-06" ISACTUAL="1" ISACTIVE="1" /><STEAD ID="68676527" OBJECTID="165171593" OBJECTGUID="441db714-9aae-4f71-b4a6-ee29f677b01b" CHANGEID="600828725" NUMBER="203а" OPERTYPEID="10" PREVID="0" NEXTID="0" UPDATEDATE="2024-09-10" STARTDATE="2024-09-10" ENDDATE="2079-06-06" ISACTUAL="1" ISACTIVE="1" /><STEAD ID="68677442" OBJECTID="165173094" OBJECTGUID="7fc7be13-e451-4949-9c03-e03eabb78a89" CHANGEID="600831533" NUMBER="52" OPERTYPEID="10" PREVID="0" NEXTID="0" UPDATEDATE="2024-09-10" STARTDATE="2024-09-10" ENDDATE="2079-06-06" ISACTUAL="1" ISACTIVE="1" /><STEAD ID="68677431" OBJECTID="165173081" OBJECTGUID="2b7df5f2-950d-4728-b740-e64cf2929b6a" CHANGEID="600831510" NUMBER="50" OPERTYPEID="10" PREVID="0" NEXTID="0" UPDATEDATE="2024-09-10" STARTDATE="2024-09-10" ENDDATE="2079-06-06" ISACTUAL="1" ISACTIVE="1" /><STEAD ID="68677437" OBJECTID="165173087" OBJECTGUID="a5745b76-a68d-45b6-bf2c-9365f1b82706" CHANGEID="600831522" NUMBER="18" OPERTYPEID="10" PREVID="0" NEXTID="0" UPDATEDATE="2024-09-10" STARTDATE="2024-09-10" ENDDATE="2079-06-06" ISACTUAL="1" ISACTIVE="1" /><STEAD ID="68677449" OBJECTID="165173105" OBJECTGUID="fb317c66-bf16-4096-a83e-45ed912f394c" CHANGEID="600831544" NUMBER="10В" OPERTYPEID="10" PREVID="0" NEXTID="0" UPDATEDATE="2024-09-10" STARTDATE="2024-09-10" ENDDATE="2079-06-06" ISACTUAL="1" ISACTIVE="1" /><STEAD ID="68677460" OBJECTID="165173120" OBJECTGUID="86147940-eee4-49a7-90c1-b60271590ac0" CHANGEID="600831569" NUMBER="38" OPERTYPEID="10" PREVID="0" NEXTID="0" UPDATEDATE="2024-09-10" STARTDATE="2024-09-10" ENDDATE="2079-06-06" ISACTUAL="1" ISACTIVE="1" /><STEAD ID="68678283" OBJECTID="165174120" OBJECTGUID="4c95c212-1fd5-4b9a-aaa7-904653328fd1" CHANGEID="600833403" NUMBER="5" OPERTYPEID="10" PREVID="0" NEXTID="0" UPDATEDATE="2024-09-10" STARTDATE="2024-09-10" ENDDATE="2079-06-06" ISACTUAL="1" ISACTIVE="1" /><STEAD ID="68678633" OBJECTID="165174887" OBJECTGUID="ec604df1-deec-40d5-b255-7a2a0709c3ff" CHANGEID="600834546" NUMBER="9" OPERTYPEID="10" PREVID="0" NEXTID="0" UPDATEDATE="2024-09-10" STARTDATE="2024-09-10" ENDDATE="2079-06-06" ISACTUAL="1" ISACTIVE="1" /><STEAD ID="68679234" OBJECTID="165176154" OBJECTGUID="dd080882-396f-45b6-af0b-3819d0f47472" CHANGEID="600836234" NUMBER="16" OPERTYPEID="10" PREVID="0" NEXTID="0" UPDATEDATE="2024-09-10" STARTDATE="2024-09-10" ENDDATE="2079-06-06" ISACTUAL="1" ISACTIVE="1" /><STEAD ID="68680447" OBJECTID="165178035" OBJECTGUID="31779cae-0c48-465a-80ae-999a47363b61" CHANGEID="600838880" NUMBER="10" OPERTYPEID="10" PREVID="0" NEXTID="0" UPDATEDATE="2024-09-10" STARTDATE="2024-09-10" ENDDATE="2079-06-06" ISACTUAL="1" ISACTIVE="1" /><STEAD ID="68680449" OBJECTID="165178037" OBJECTGUID="4742e8f0-5402-4c63-a2e4-60dabb8a2a00" CHANGEID="600838885" NUMBER="2" OPERTYPEID="10" PREVID="0" NEXTID="0" UPDATEDATE="2024-09-10" STARTDATE="2024-09-10" ENDDATE="2079-06-06" ISACTUAL="1" ISACTIVE="1" /><STEAD ID="68681079" OBJECTID="165179077" OBJECTGUID="018461d2-5748-4923-9a9a-320bd1fdf151" CHANGEID="600840668" NUMBER="18" OPERTYPEID="10" PREVID="0" NEXTID="0" UPDATEDATE="2024-09-10" STARTDATE="2024-09-10" ENDDATE="2079-06-06" ISACTUAL="1" ISACTIVE="1" /><STEAD ID="68681039" OBJECTID="165178935" OBJECTGUID="186d031d-6bdb-44e4-abfb-9ec172ff902f" CHANGEID="600840270" NUMBER="5" OPERTYPEID="10" PREVID="0" NEXTID="0" UPDATEDATE="2024-09-10" STARTDATE="2024-09-10" ENDDATE="2079-06-06" ISACTUAL="1" ISACTIVE="1" /><STEAD ID="68681096" OBJECTID="165179097" OBJECTGUID="c453cd7a-c3bb-44e8-8c83-b99b9fa6110e" CHANGEID="600840740" NUMBER="68Д" OPERTYPEID="10" PREVID="0" NEXTID="0" UPDATEDATE="2024-09-10" STARTDATE="2024-09-10" ENDDATE="2079-06-06" ISACTUAL="1" ISACTIVE="1" /><STEAD ID="68681330" OBJECTID="165179445" OBJECTGUID="2a74cab9-4b95-4e5f-8281-116d947419d1" CHANGEID="600841413" NUMBER="74" OPERTYPEID="10" PREVID="0" NEXTID="0" UPDATEDATE="2024-09-10" STARTDATE="2024-09-10" ENDDATE="2079-06-06" ISACTUAL="1" ISACTIVE="1" /><STEAD ID="68681348" OBJECTID="165179464" OBJECTGUID="e8545556-2c34-4976-a4ae-9aa6cc6fce0f" CHANGEID="600841456" NUMBER="76" OPERTYPEID="10" PREVID="0" NEXTID="0" UPDATEDATE="2024-09-10" STARTDATE="2024-09-10" ENDDATE="2079-06-06" ISACTUAL="1" ISACTIVE="1" /><STEAD ID="68681369" OBJECTID="165179484" OBJECTGUID="6fb72d35-3e3f-47c6-96b2-ccc1ebac1344" CHANGEID="600841579" NUMBER="26" OPERTYPEID="10" PREVID="0" NEXTID="0" UPDATEDATE="2024-09-10" STARTDATE="2024-09-10" ENDDATE="2079-06-06" ISACTUAL="1" ISACTIVE="1" /><STEAD ID="68681384" OBJECTID="165179504" OBJECTGUID="a5f4cbc8-fcb6-4a6d-9c17-f310b7b5618b" CHANGEID="600841609" NUMBER="77" OPERTYPEID="10" PREVID="0" NEXTID="0" UPDATEDATE="2024-09-10" STARTDATE="2024-09-10" ENDDATE="2079-06-06" ISACTUAL="1" ISACTIVE="1" /><STEAD ID="68681398" OBJECTID="165179521" OBJECTGUID="8aafe130-09a1-46f7-8f6f-ceb25ae8e323" CHANGEID="600841655" NUMBER="20" OPERTYPEID="10" PREVID="0" NEXTID="0" UPDATEDATE="2024-09-10" STARTDATE="2024-09-10" ENDDATE="2079-06-06" ISACTUAL="1" ISACTIVE="1" /><STEAD ID="68681419" OBJECTID="165179553" OBJECTGUID="673be56d-85cb-4936-b141-de8566d5dd0e" CHANGEID="600841710" NUMBER="26" OPERTYPEID="10" PREVID="0" NEXTID="0" UPDATEDATE="2024-09-10" STARTDATE="2024-09-10" ENDDATE="2079-06-06" ISACTUAL="1" ISACTIVE="1" /><STEAD ID="68681427" OBJECTID="165179565" OBJECTGUID="d7a3ee1a-7333-486d-aae6-f06f2b9df99c" CHANGEID="600841736" NUMBER="10а" OPERTYPEID="10" PREVID="0" NEXTID="0" UPDATEDATE="2024-09-10" STARTDATE="2024-09-10" ENDDATE="2079-06-06" ISACTUAL="1" ISACTIVE="1" /><STEAD ID="68681799" OBJECTID="165180518" OBJECTGUID="8d76ad07-aaec-49b0-914e-7fb959f33f7e" CHANGEID="600843393" NUMBER="13" OPERTYPEID="10" PREVID="0" NEXTID="0" UPDATEDATE="2024-09-10" STARTDATE="2024-09-10" ENDDATE="2079-06-06" ISACTUAL="1" ISACTIVE="1" /><STEAD ID="68681876" OBJECTID="165180670" OBJECTGUID="e76145e5-320d-4ce0-89e3-28dac1911473" CHANGEID="600843647" NUMBER="30" OPERTYPEID="10" PREVID="0" NEXTID="0" UPDATEDATE="2024-09-10" STARTDATE="2024-09-10" ENDDATE="2079-06-06" ISACTUAL="1" ISACTIVE="1" /><STEAD ID="68682001" OBJECTID="165180835" OBJECTGUID="2781d7d3-f1d8-47e0-bdb3-1deea9affaa2" CHANGEID="600844063" NUMBER="193/53" OPERTYPEID="10" PREVID="0" NEXTID="0" UPDATEDATE="2024-09-10" STARTDATE="2024-09-10" ENDDATE="2079-06-06" ISACTUAL="1" ISACTIVE="1" /><STEAD ID="68682008" OBJECTID="165180845" OBJECTGUID="4c033086-22b8-4b60-a3a4-cb63d106471e" CHANGEID="600844085" NUMBER="20" OPERTYPEID="10" PREVID="0" NEXTID="0" UPDATEDATE="2024-09-10" STARTDATE="2024-09-10" ENDDATE="2079-06-06" ISACTUAL="1" ISACTIVE="1" /><STEAD ID="68682079" OBJECTID="165180953" OBJECTGUID="5517e025-bec2-48cd-96f2-810146c363e6" CHANGEID="600844285" NUMBER="16" OPERTYPEID="10" PREVID="0" NEXTID="0" UPDATEDATE="2024-09-10" STARTDATE="2024-09-10" ENDDATE="2079-06-06" ISACTUAL="1" ISACTIVE="1" /><STEAD ID="68682135" OBJECTID="165181087" OBJECTGUID="20503ff2-6203-4529-a342-db37ca8f0b24" CHANGEID="600844603" NUMBER="15" OPERTYPEID="10" PREVID="0" NEXTID="0" UPDATEDATE="2024-09-10" STARTDATE="2024-09-10" ENDDATE="2079-06-06" ISACTUAL="1" ISACTIVE="1" /><STEAD ID="68682366" OBJECTID="165181386" OBJECTGUID="f9a16274-f8ac-481b-8f42-3917c735701e" CHANGEID="600845146" NUMBER="42б" OPERTYPEID="10" PREVID="0" NEXTID="0" UPDATEDATE="2024-09-10" STARTDATE="2024-09-10" ENDDATE="2079-06-06" ISACTUAL="1" ISACTIVE="1" /><STEAD ID="68682592" OBJECTID="165181729" OBJECTGUID="758c15d1-2e60-40cd-bc2c-e89c39b3fd99" CHANGEID="600845589" NUMBER="58/13" OPERTYPEID="10" PREVID="0" NEXTID="0" UPDATEDATE="2024-09-10" STARTDATE="2024-09-10" ENDDATE="2079-06-06" ISACTUAL="1" ISACTIVE="1" /><STEAD ID="68682722" OBJECTID="165181939" OBJECTGUID="970b50c7-2aaf-45ae-a6ad-d16503bbcdda" CHANGEID="600845921" NUMBER="10/11" OPERTYPEID="10" PREVID="0" NEXTID="0" UPDATEDATE="2024-09-10" STARTDATE="2024-09-10" ENDDATE="2079-06-06" ISACTUAL="1" ISACTIVE="1" /><STEAD ID="68683374" OBJECTID="165183012" OBJECTGUID="87f1db71-81f6-4c07-8bcc-5770de4fba7a" CHANGEID="600847989" NUMBER="1" OPERTYPEID="10" PREVID="0" NEXTID="0" UPDATEDATE="2024-09-10" STARTDATE="2024-09-10" ENDDATE="2079-06-06" ISACTUAL="1" ISACTIVE="1" /><STEAD ID="68688463" OBJECTID="165192672" OBJECTGUID="3c515ffa-eab1-4331-91ae-76ef250d98b8" CHANGEID="600886567" NUMBER="7" OPERTYPEID="10" PREVID="0" NEXTID="0" UPDATEDATE="2024-09-11" STARTDATE="2024-09-11" ENDDATE="2079-06-06" ISACTUAL="1" ISACTIVE="1" /><STEAD ID="68688462" OBJECTID="165192671" OBJECTGUID="2e6873c6-6137-46ab-8e6f-007ca407ccb9" CHANGEID="600886566" NUMBER="6" OPERTYPEID="10" PREVID="0" NEXTID="0" UPDATEDATE="2024-09-11" STARTDATE="2024-09-11" ENDDATE="2079-06-06" ISACTUAL="1" ISACTIVE="1" /><STEAD ID="68689624" OBJECTID="165196066" OBJECTGUID="b8ca87ae-91b0-4a69-8906-cfe4f2c4483c" CHANGEID="600891040" NUMBER="8" OPERTYPEID="10" PREVID="0" NEXTID="0" UPDATEDATE="2024-09-11" STARTDATE="2024-09-11" ENDDATE="2079-06-06" ISACTUAL="1" ISACTIVE="1" /><STEAD ID="68689625" OBJECTID="165196068" OBJECTGUID="ffa414d7-74a9-4a03-a2e9-0e7ab0671c6d" CHANGEID="600891042" NUMBER="10" OPERTYPEID="10" PREVID="0" NEXTID="0" UPDATEDATE="2024-09-11" STARTDATE="2024-09-11" ENDDATE="2079-06-06" ISACTUAL="1" ISACTIVE="1" /><STEAD ID="68689680" OBJECTID="165196124" OBJECTGUID="5928221d-c6cf-45a4-a2dd-e1448cb01a74" CHANGEID="600891157" NUMBER="21" OPERTYPEID="10" PREVID="0" NEXTID="0" UPDATEDATE="2024-09-11" STARTDATE="2024-09-11" ENDDATE="2079-06-06" ISACTUAL="1" ISACTIVE="1" /><STEAD ID="68689830" OBJECTID="165196319" OBJECTGUID="06d736c6-ad6b-4e2e-a361-9b5bc0a4204b" CHANGEID="600891693" NUMBER="18" OPERTYPEID="10" PREVID="0" NEXTID="0" UPDATEDATE="2024-09-11" STARTDATE="2024-09-11" ENDDATE="2079-06-06" ISACTUAL="1" ISACTIVE="1" /><STEAD ID="68689833" OBJECTID="165196322" OBJECTGUID="373fc56c-99e4-47be-87a9-73a664873dc3" CHANGEID="600891702" NUMBER="11" OPERTYPEID="10" PREVID="0" NEXTID="0" UPDATEDATE="2024-09-11" STARTDATE="2024-09-11" ENDDATE="2079-06-06" ISACTUAL="1" ISACTIVE="1" /><STEAD ID="68691124" OBJECTID="165198595" OBJECTGUID="762b46d2-5fde-45e4-863a-4be6d3bca983" CHANGEID="600895246" NUMBER="6" OPERTYPEID="10" PREVID="0" NEXTID="0" UPDATEDATE="2024-09-11" STARTDATE="2024-09-11" ENDDATE="2079-06-06" ISACTUAL="1" ISACTIVE="1" /><STEAD ID="68691185" OBJECTID="165198663" OBJECTGUID="51c43806-78ab-4f85-a427-ac0b911d04ad" CHANGEID="600895373" NUMBER="224" OPERTYPEID="10" PREVID="0" NEXTID="0" UPDATEDATE="2024-09-11" STARTDATE="2024-09-11" ENDDATE="2079-06-06" ISACTUAL="1" ISACTIVE="1" /><STEAD ID="68691223" OBJECTID="165198701" OBJECTGUID="6a9d54e9-d278-44d5-a76c-01797515fc2c" CHANGEID="600895412" NUMBER="6В" OPERTYPEID="10" PREVID="0" NEXTID="0" UPDATEDATE="2024-09-11" STARTDATE="2024-09-11" ENDDATE="2079-06-06" ISACTUAL="1" ISACTIVE="1" /><STEAD ID="68691306" OBJECTID="165198796" OBJECTGUID="b0e24727-d7c7-40b5-9412-088947bcea3b" CHANGEID="600895552" NUMBER="21" OPERTYPEID="10" PREVID="0" NEXTID="0" UPDATEDATE="2024-09-11" STARTDATE="2024-09-11" ENDDATE="2079-06-06" ISACTUAL="1" ISACTIVE="1" /><STEAD ID="68692392" OBJECTID="165201339" OBJECTGUID="65cc2291-7894-4999-afd1-754a42e55eef" CHANGEID="600898810" NUMBER="20" OPERTYPEID="10" PREVID="0" NEXTID="0" UPDATEDATE="2024-09-11" STARTDATE="2024-09-11" ENDDATE="2079-06-06" ISACTUAL="1" ISACTIVE="1" /><STEAD ID="68692394" OBJECTID="165201341" OBJECTGUID="a5d7cdca-d799-4eac-aa77-c973fa1acb08" CHANGEID="600898812" NUMBER="1" OPERTYPEID="10" PREVID="0" NEXTID="0" UPDATEDATE="2024-09-11" STARTDATE="2024-09-11" ENDDATE="2079-06-06" ISACTUAL="1" ISACTIVE="1" /><STEAD ID="68692400" OBJECTID="165201371" OBJECTGUID="f7d56b0b-0bb2-49d4-a09d-5c811e95a613" CHANGEID="600898843" NUMBER="21" OPERTYPEID="10" PREVID="0" NEXTID="0" UPDATEDATE="2024-09-11" STARTDATE="2024-09-11" ENDDATE="2079-06-06" ISACTUAL="1" ISACTIVE="1" /><STEAD ID="68692404" OBJECTID="165201375" OBJECTGUID="1dda45c9-ec54-4867-b377-26c4bcc7dd55" CHANGEID="600898847" NUMBER="17" OPERTYPEID="10" PREVID="0" NEXTID="0" UPDATEDATE="2024-09-11" STARTDATE="2024-09-11" ENDDATE="2079-06-06" ISACTUAL="1" ISACTIVE="1" /><STEAD ID="68692410" OBJECTID="165201405" OBJECTGUID="7bef3e71-e8da-406c-925b-35c8598d451e" CHANGEID="600898929" NUMBER="2" OPERTYPEID="10" PREVID="0" NEXTID="0" UPDATEDATE="2024-09-11" STARTDATE="2024-09-11" ENDDATE="2079-06-06" ISACTUAL="1" ISACTIVE="1" /><STEAD ID="68692387" OBJECTID="165201334" OBJECTGUID="33ce9bd4-7e54-4d43-93dc-c6b5f59dd6d9" CHANGEID="600898805" NUMBER="12" OPERTYPEID="10" PREVID="0" NEXTID="0" UPDATEDATE="2024-09-11" STARTDATE="2024-09-11" ENDDATE="2079-06-06" ISACTUAL="1" ISACTIVE="1" /><STEAD ID="68692389" OBJECTID="165201336" OBJECTGUID="cb5d4eef-52ee-4ad1-a95f-a340bf676b20" CHANGEID="600898807" NUMBER="43/2" OPERTYPEID="10" PREVID="0" NEXTID="0" UPDATEDATE="2024-09-11" STARTDATE="2024-09-11" ENDDATE="2079-06-06" ISACTUAL="1" ISACTIVE="1" /><STEAD ID="68692393" OBJECTID="165201340" OBJECTGUID="12973704-e175-4e3b-807d-6901f6b14140" CHANGEID="600898811" NUMBER="1б" OPERTYPEID="10" PREVID="0" NEXTID="0" UPDATEDATE="2024-09-11" STARTDATE="2024-09-11" ENDDATE="2079-06-06" ISACTUAL="1" ISACTIVE="1" /><STEAD ID="68692399" OBJECTID="165201347" OBJECTGUID="149c8db2-e9e0-4621-8f5f-1424eb6e78d6" CHANGEID="600898819" NUMBER="29" OPERTYPEID="10" PREVID="0" NEXTID="0" UPDATEDATE="2024-09-11" STARTDATE="2024-09-11" ENDDATE="2079-06-06" ISACTUAL="1" ISACTIVE="1" /><STEAD ID="68692401" OBJECTID="165201372" OBJECTGUID="32c6a43e-e123-46e2-a81b-259281cb1317" CHANGEID="600898844" NUMBER="14" OPERTYPEID="10" PREVID="0" NEXTID="0" UPDATEDATE="2024-09-11" STARTDATE="2024-09-11" ENDDATE="2079-06-06" ISACTUAL="1" ISACTIVE="1" /><STEAD ID="68692403" OBJECTID="165201374" OBJECTGUID="53706cdb-a961-4c7b-80d1-7c6cfeee7f67" CHANGEID="600898846" NUMBER="14/1" OPERTYPEID="10" PREVID="0" NEXTID="0" UPDATEDATE="2024-09-11" STARTDATE="2024-09-11" ENDDATE="2079-06-06" ISACTUAL="1" ISACTIVE="1" /><STEAD ID="68692405" OBJECTID="165201376" OBJECTGUID="2bca5106-54e7-4eef-8a4c-7bedc1af077c" CHANGEID="600898848" NUMBER="17/1" OPERTYPEID="10" PREVID="0" NEXTID="0" UPDATEDATE="2024-09-11" STARTDATE="2024-09-11" ENDDATE="2079-06-06" ISACTUAL="1" ISACTIVE="1" /><STEAD ID="68692409" OBJECTID="165201404" OBJECTGUID="8c77b172-9244-4bb1-877d-06b7d143e64e" CHANGEID="600898928" NUMBER="17е" OPERTYPEID="10" PREVID="0" NEXTID="0" UPDATEDATE="2024-09-11" STARTDATE="2024-09-11" ENDDATE="2079-06-06" ISACTUAL="1" ISACTIVE="1" /><STEAD ID="68693119" OBJECTID="165203475" OBJECTGUID="79cc6a3b-37c1-4398-b6fb-c5a9a76913d4" CHANGEID="600901338" NUMBER="1" OPERTYPEID="10" PREVID="0" NEXTID="0" UPDATEDATE="2024-09-11" STARTDATE="2024-09-11" ENDDATE="2079-06-06" ISACTUAL="1" ISACTIVE="1" /><STEAD ID="68693122" OBJECTID="165203496" OBJECTGUID="76ae0de4-91c4-454d-91ca-9acd9e57e322" CHANGEID="600901364" NUMBER="15/1" OPERTYPEID="10" PREVID="0" NEXTID="0" UPDATEDATE="2024-09-11" STARTDATE="2024-09-11" ENDDATE="2079-06-06" ISACTUAL="1" ISACTIVE="1" /><STEAD ID="68693124" OBJECTID="165203498" OBJECTGUID="06cd468c-d8ef-4820-afee-f64521241dae" CHANGEID="600901366" NUMBER="15" OPERTYPEID="10" PREVID="0" NEXTID="0" UPDATEDATE="2024-09-11" STARTDATE="2024-09-11" ENDDATE="2079-06-06" ISACTUAL="1" ISACTIVE="1" /><STEAD ID="68693114" OBJECTID="165203463" OBJECTGUID="f644432b-d906-49fb-be76-0b22020a6f91" CHANGEID="600901321" NUMBER="7А" OPERTYPEID="10" PREVID="0" NEXTID="0" UPDATEDATE="2024-09-11" STARTDATE="2024-09-11" ENDDATE="2079-06-06" ISACTUAL="1" ISACTIVE="1" /><STEAD ID="68693854" OBJECTID="165204691" OBJECTGUID="b503bede-332b-42a3-9f6c-efdf70005ecb" CHANGEID="600903251" NUMBER="6" OPERTYPEID="10" PREVID="0" NEXTID="0" UPDATEDATE="2024-09-11" STARTDATE="2024-09-11" ENDDATE="2079-06-06" ISACTUAL="1" ISACTIVE="1" /><STEAD ID="68693856" OBJECTID="165204693" OBJECTGUID="8d7d3ee6-b2e3-4f9c-9062-68a239b8da14" CHANGEID="600903254" NUMBER="56" OPERTYPEID="10" PREVID="0" NEXTID="0" UPDATEDATE="2024-09-11" STARTDATE="2024-09-11" ENDDATE="2079-06-06" ISACTUAL="1" ISACTIVE="1" /><STEAD ID="68693857" OBJECTID="165204694" OBJECTGUID="1168842e-6eca-4b7b-9f3f-593df1db5d00" CHANGEID="600903255" NUMBER="25" OPERTYPEID="10" PREVID="0" NEXTID="0" UPDATEDATE="2024-09-11" STARTDATE="2024-09-11" ENDDATE="2079-06-06" ISACTUAL="1" ISACTIVE="1" /><STEAD ID="68693858" OBJECTID="165204696" OBJECTGUID="6869459e-c404-44fc-a790-f3ebc21db015" CHANGEID="600903257" NUMBER="34" OPERTYPEID="10" PREVID="0" NEXTID="0" UPDATEDATE="2024-09-11" STARTDATE="2024-09-11" ENDDATE="2079-06-06" ISACTUAL="1" ISACTIVE="1" /><STEAD ID="68693865" OBJECTID="165204712" OBJECTGUID="6d0552cd-ca67-4fa9-b220-8a853306435b" CHANGEID="600903282" NUMBER="5а" OPERTYPEID="10" PREVID="0" NEXTID="0" UPDATEDATE="2024-09-11" STARTDATE="2024-09-11" ENDDATE="2079-06-06" ISACTUAL="1" ISACTIVE="1" /><STEAD ID="68693866" OBJECTID="165204713" OBJECTGUID="14c45838-6d7b-457c-90e5-5cc4ab6537e7" CHANGEID="600903283" NUMBER="20а" OPERTYPEID="10" PREVID="0" NEXTID="0" UPDATEDATE="2024-09-11" STARTDATE="2024-09-11" ENDDATE="2079-06-06" ISACTUAL="1" ISACTIVE="1" /><STEAD ID="68693868" OBJECTID="165204716" OBJECTGUID="4a16af7d-23a3-405e-90d0-ab7d3dd1a50c" CHANGEID="600903286" NUMBER="45/3" OPERTYPEID="10" PREVID="0" NEXTID="0" UPDATEDATE="2024-09-11" STARTDATE="2024-09-11" ENDDATE="2079-06-06" ISACTUAL="1" ISACTIVE="1" /><STEAD ID="68693870" OBJECTID="165204718" OBJECTGUID="c672b4f6-5319-4cd8-8eb0-292aab18f8c4" CHANGEID="600903288" NUMBER="3" OPERTYPEID="10" PREVID="0" NEXTID="0" UPDATEDATE="2024-09-11" STARTDATE="2024-09-11" ENDDATE="2079-06-06" ISACTUAL="1" ISACTIVE="1" /><STEAD ID="68693974" OBJECTID="165204862" OBJECTGUID="50d8682c-2f7e-4308-b426-2f7f5321efd8" CHANGEID="600903576" NUMBER="3" OPERTYPEID="10" PREVID="0" NEXTID="0" UPDATEDATE="2024-09-11" STARTDATE="2024-09-11" ENDDATE="2079-06-06" ISACTUAL="1" ISACTIVE="1" /><STEAD ID="68694050" OBJECTID="165205087" OBJECTGUID="78895681-bb2c-4613-b44e-4ceea44cdb73" CHANGEID="600903937" NUMBER="8/1" OPERTYPEID="10" PREVID="0" NEXTID="0" UPDATEDATE="2024-09-11" STARTDATE="2024-09-11" ENDDATE="2079-06-06" ISACTUAL="1" ISACTIVE="1" /><STEAD ID="68694115" OBJECTID="165205175" OBJECTGUID="60ccc8d2-707e-408d-8863-233498ad06bf" CHANGEID="600904052" NUMBER="10/1" OPERTYPEID="10" PREVID="0" NEXTID="0" UPDATEDATE="2024-09-11" STARTDATE="2024-09-11" ENDDATE="2079-06-06" ISACTUAL="1" ISACTIVE="1" /><STEAD ID="68694148" OBJECTID="165205239" OBJECTGUID="0549c9cb-303b-4c87-83c7-ab749a8e2dae" CHANGEID="600904150" NUMBER="36б" OPERTYPEID="10" PREVID="0" NEXTID="0" UPDATEDATE="2024-09-11" STARTDATE="2024-09-11" ENDDATE="2079-06-06" ISACTUAL="1" ISACTIVE="1" /><STEAD ID="68694810" OBJECTID="165205979" OBJECTGUID="55fdcb21-78f9-4410-ada1-6fbfa5975dd4" CHANGEID="600905178" NUMBER="14/1" OPERTYPEID="10" PREVID="0" NEXTID="0" UPDATEDATE="2024-09-11" STARTDATE="2024-09-11" ENDDATE="2079-06-06" ISACTUAL="1" ISACTIVE="1" /><STEAD ID="68694838" OBJECTID="165205998" OBJECTGUID="c0e657df-f1ad-4c0a-ac57-3e598bf32431" CHANGEID="600905207" NUMBER="9а" OPERTYPEID="10" PREVID="0" NEXTID="0" UPDATEDATE="2024-09-11" STARTDATE="2024-09-11" ENDDATE="2079-06-06" ISACTUAL="1" ISACTIVE="1" /><STEAD ID="68695903" OBJECTID="165207568" OBJECTGUID="e934c425-0112-43d5-9699-04fad71173d6" CHANGEID="600907653" NUMBER="3а" OPERTYPEID="10" PREVID="0" NEXTID="0" UPDATEDATE="2024-09-11" STARTDATE="2024-09-11" ENDDATE="2079-06-06" ISACTUAL="1" ISACTIVE="1" /><STEAD ID="68696304" OBJECTID="165208233" OBJECTGUID="12efc074-a3e1-43af-a386-95e160755b7c" CHANGEID="600908724" NUMBER="21а" OPERTYPEID="10" PREVID="0" NEXTID="0" UPDATEDATE="2024-09-11" STARTDATE="2024-09-11" ENDDATE="2079-06-06" ISACTUAL="1" ISACTIVE="1" /><STEAD ID="68696406" OBJECTID="165208388" OBJECTGUID="c9902f84-9fa0-4b19-be10-8fe1559d2df6" CHANGEID="600909416" NUMBER="116а" OPERTYPEID="10" PREVID="0" NEXTID="0" UPDATEDATE="2024-09-11" STARTDATE="2024-09-11" ENDDATE="2079-06-06" ISACTUAL="1" ISACTIVE="1" /><STEAD ID="68696427" OBJECTID="165208416" OBJECTGUID="8797b10d-d146-429c-ae02-35acaf9cb2b2" CHANGEID="600909454" NUMBER="54а" OPERTYPEID="10" PREVID="0" NEXTID="0" UPDATEDATE="2024-09-11" STARTDATE="2024-09-11" ENDDATE="2079-06-06" ISACTUAL="1" ISACTIVE="1" /><STEAD ID="68696741" OBJECTID="165209237" OBJECTGUID="1f995643-aea8-4fce-893b-8aeadf9c4f02" CHANGEID="600910808" NUMBER="251" OPERTYPEID="10" PREVID="0" NEXTID="0" UPDATEDATE="2024-09-11" STARTDATE="2024-09-11" ENDDATE="2079-06-06" ISACTUAL="1" ISACTIVE="1" /><STEAD ID="68696810" OBJECTID="165209311" OBJECTGUID="b06929e8-8960-4475-9abf-ceb67be3aef5" CHANGEID="600910913" NUMBER="1а" OPERTYPEID="10" PREVID="0" NEXTID="0" UPDATEDATE="2024-09-11" STARTDATE="2024-09-11" ENDDATE="2079-06-06" ISACTUAL="1" ISACTIVE="1" /><STEAD ID="68697518" OBJECTID="165210453" OBJECTGUID="c3316788-93a2-44f2-9bcf-1ca99b951c35" CHANGEID="600912809" NUMBER="61" OPERTYPEID="10" PREVID="0" NEXTID="0" UPDATEDATE="2024-09-11" STARTDATE="2024-09-11" ENDDATE="2079-06-06" ISACTUAL="1" ISACTIVE="1" /><STEAD ID="68697491" OBJECTID="165210426" OBJECTGUID="c93efd49-d33c-4cd7-9445-11fa6788df38" CHANGEID="600912748" NUMBER="25а" OPERTYPEID="10" PREVID="0" NEXTID="0" UPDATEDATE="2024-09-11" STARTDATE="2024-09-11" ENDDATE="2079-06-06" ISACTUAL="1" ISACTIVE="1" /><STEAD ID="68697595" OBJECTID="165210527" OBJECTGUID="4787e1f4-a772-4b4b-9984-7bfb41483f09" CHANGEID="600913328" NUMBER="21" OPERTYPEID="10" PREVID="0" NEXTID="0" UPDATEDATE="2024-09-11" STARTDATE="2024-09-11" ENDDATE="2079-06-06" ISACTUAL="1" ISACTIVE="1" /><STEAD ID="68697689" OBJECTID="165210662" OBJECTGUID="b5228a07-659d-4f26-a958-df8ca23ac3a9" CHANGEID="600913557" NUMBER="48" OPERTYPEID="10" PREVID="0" NEXTID="0" UPDATEDATE="2024-09-11" STARTDATE="2024-09-11" ENDDATE="2079-06-06" ISACTUAL="1" ISACTIVE="1" /><STEAD ID="68697760" OBJECTID="165210848" OBJECTGUID="b142b04f-608f-4cf4-97b0-7f7255d08379" CHANGEID="600913834" NUMBER="10" OPERTYPEID="10" PREVID="0" NEXTID="0" UPDATEDATE="2024-09-11" STARTDATE="2024-09-11" ENDDATE="2079-06-06" ISACTUAL="1" ISACTIVE="1" /><STEAD ID="68698352" OBJECTID="159410116" OBJECTGUID="ef28f798-1a93-46de-a8f2-66a5477db626" CHANGEID="600914910" NUMBER="21" OPERTYPEID="30" PREVID="66809434" NEXTID="0" UPDATEDATE="2024-09-11" STARTDATE="2024-09-11" ENDDATE="2079-06-06" ISACTUAL="1" ISACTIVE="0" /><STEAD ID="68698364" OBJECTID="165211660" OBJECTGUID="a4022d84-2f14-4d36-8b9d-f361832251e1" CHANGEID="600914935" NUMBER="16/2" OPERTYPEID="10" PREVID="0" NEXTID="0" UPDATEDATE="2024-09-11" STARTDATE="2024-09-11" ENDDATE="2079-06-06" ISACTUAL="1" ISACTIVE="1" /><STEAD ID="68698369" OBJECTID="165211680" OBJECTGUID="3365d5b6-e593-47eb-9db9-21c2ba9ca756" CHANGEID="600914968" NUMBER="121" OPERTYPEID="10" PREVID="0" NEXTID="0" UPDATEDATE="2024-09-11" STARTDATE="2024-09-11" ENDDATE="2079-06-06" ISACTUAL="1" ISACTIVE="1" /><STEAD ID="68698423" OBJECTID="165211762" OBJECTGUID="d67b63c1-d9f1-4399-893c-9b7b622f9b05" CHANGEID="600915059" NUMBER="27" OPERTYPEID="10" PREVID="0" NEXTID="0" UPDATEDATE="2024-09-11" STARTDATE="2024-09-11" ENDDATE="2079-06-06" ISACTUAL="1" ISACTIVE="1" /><STEAD ID="68698543" OBJECTID="165211973" OBJECTGUID="eccf57a2-fa93-4824-8ef1-5bbf64603279" CHANGEID="600915316" NUMBER="21" OPERTYPEID="10" PREVID="0" NEXTID="0" UPDATEDATE="2024-09-11" STARTDATE="2024-09-11" ENDDATE="2079-06-06" ISACTUAL="1" ISACTIVE="1" /><STEAD ID="68698801" OBJECTID="91387296" OBJECTGUID="44534db5-92dc-48cb-9b7d-d1c52222f878" CHANGEID="600916048" NUMBER="72/1" OPERTYPEID="20" PREVID="6852809" UPDATEDATE="2024-09-11" STARTDATE="2024-09-11" ENDDATE="2079-06-06" ISACTUAL="1" ISACTIVE="1" /><STEAD ID="68699372" OBJECTID="165213171" OBJECTGUID="ad6ef645-f123-4492-b89c-ff2401f0128c" CHANGEID="600917141" NUMBER="2353" OPERTYPEID="10" PREVID="0" NEXTID="0" UPDATEDATE="2024-09-11" STARTDATE="2024-09-11" ENDDATE="2079-06-06" ISACTUAL="1" ISACTIVE="1" /><STEAD ID="68699465" OBJECTID="98083090" OBJECTGUID="58648245-db42-40f3-b8e3-2ce7efd02bb9" CHANGEID="600917337" NUMBER="10" OPERTYPEID="30" PREVID="12319016" NEXTID="0" UPDATEDATE="2024-09-11" STARTDATE="2024-09-11" ENDDATE="2079-06-06" ISACTUAL="1" ISACTIVE="0" /><STEAD ID="12319016" OBJECTID="98083090" OBJECTGUID="58648245-db42-40f3-b8e3-2ce7efd02bb9" CHANGEID="156100499" NUMBER="10" OPERTYPEID="10" PREVID="0" NEXTID="68699465" UPDATEDATE="2024-09-11" STARTDATE="2020-08-28" ENDDATE="2024-09-11" ISACTUAL="0" ISACTIVE="0" /><STEAD ID="68699385" OBJECTID="165213197" OBJECTGUID="4120900e-092f-482e-8eb7-df265a903c32" CHANGEID="600917177" NUMBER="5" OPERTYPEID="10" PREVID="0" NEXTID="0" UPDATEDATE="2024-09-11" STARTDATE="2024-09-11" ENDDATE="2079-06-06" ISACTUAL="1" ISACTIVE="1" /><STEAD ID="68699722" OBJECTID="165213627" OBJECTGUID="826df714-69d0-4649-a74e-a871fb4abf90" CHANGEID="600918086" NUMBER="191" OPERTYPEID="10" PREVID="0" NEXTID="0" UPDATEDATE="2024-09-11" STARTDATE="2024-09-11" ENDDATE="2079-06-06" ISACTUAL="1" ISACTIVE="1" /><STEAD ID="68699831" OBJECTID="86623481" OBJECTGUID="e591299c-7953-4041-be57-ab6cb460aca1" CHANGEID="600918254" NUMBER="26" OPERTYPEID="20" PREVID="2078157" UPDATEDATE="2024-09-11" STARTDATE="2024-09-11" ENDDATE="2079-06-06" ISACTUAL="1" ISACTIVE="1" /><STEAD ID="68701061" OBJECTID="165215574" OBJECTGUID="110efffb-117c-4551-91f7-d0f56cec96d0" CHANGEID="600921602" NUMBER="104А" OPERTYPEID="10" PREVID="0" NEXTID="0" UPDATEDATE="2024-09-11" STARTDATE="2024-09-11" ENDDATE="2079-06-06" ISACTUAL="1" ISACTIVE="1" /><STEAD ID="68701197" OBJECTID="165215726" OBJECTGUID="098dff37-63f9-4c33-b475-82fe70a72f1c" CHANGEID="600922049" NUMBER="4а" OPERTYPEID="10" PREVID="0" NEXTID="0" UPDATEDATE="2024-09-11" STARTDATE="2024-09-11" ENDDATE="2079-06-06" ISACTUAL="1" ISACTIVE="1" /><STEAD ID="68702080" OBJECTID="165217399" OBJECTGUID="9a5a91ba-f9f9-401f-92f9-d10f51a44f25" CHANGEID="600924402" NUMBER="21Б" OPERTYPEID="10" PREVID="0" NEXTID="0" UPDATEDATE="2024-09-11" STARTDATE="2024-09-11" ENDDATE="2079-06-06" ISACTUAL="1" ISACTIVE="1" /><STEAD ID="68702252" OBJECTID="165217656" OBJECTGUID="34cecae0-2b58-48d2-a8eb-b3804710a066" CHANGEID="600924765" NUMBER="15а" OPERTYPEID="10" PREVID="0" NEXTID="0" UPDATEDATE="2024-09-11" STARTDATE="2024-09-11" ENDDATE="2079-06-06" ISACTUAL="1" ISACTIVE="1" /><STEAD ID="68702397" OBJECTID="165217853" OBJECTGUID="8e86c97f-371c-40e0-998c-fb8857268e2f" CHANGEID="600925205" NUMBER="7/2" OPERTYPEID="10" PREVID="0" NEXTID="0" UPDATEDATE="2024-09-11" STARTDATE="2024-09-11" ENDDATE="2079-06-06" ISACTUAL="1" ISACTIVE="1" /><STEAD ID="68702691" OBJECTID="165218305" OBJECTGUID="0742802b-ee2a-44f6-82d9-8c3b955f1618" CHANGEID="600925799" NUMBER="20" OPERTYPEID="10" PREVID="0" NEXTID="0" UPDATEDATE="2024-09-11" STARTDATE="2024-09-11" ENDDATE="2079-06-06" ISACTUAL="1" ISACTIVE="1" /><STEAD ID="68702779" OBJECTID="165218436" OBJECTGUID="746c90ba-9771-4d18-bcf8-d1a2b4a97174" CHANGEID="600926015" NUMBER="7" OPERTYPEID="10" PREVID="0" NEXTID="0" UPDATEDATE="2024-09-11" STARTDATE="2024-09-11" ENDDATE="2079-06-06" ISACTUAL="1" ISACTIVE="1" /><STEAD ID="68702998" OBJECTID="165218711" OBJECTGUID="6567be6f-7270-4482-b8f7-98b7578b6193" CHANGEID="600927080" NUMBER="9" OPERTYPEID="10" PREVID="0" NEXTID="0" UPDATEDATE="2024-09-11" STARTDATE="2024-09-11" ENDDATE="2079-06-06" ISACTUAL="1" ISACTIVE="1" /><STEAD ID="68703687" OBJECTID="165219753" OBJECTGUID="afca71b6-b9a2-4c06-b1e9-d52dd194ccee" CHANGEID="600929496" NUMBER="49" OPERTYPEID="10" PREVID="0" NEXTID="0" UPDATEDATE="2024-09-11" STARTDATE="2024-09-11" ENDDATE="2079-06-06" ISACTUAL="1" ISACTIVE="1" /><STEAD ID="68703693" OBJECTID="165219761" OBJECTGUID="6c4cef34-b383-403c-aebe-659be664e381" CHANGEID="600929508" NUMBER="75" OPERTYPEID="10" PREVID="0" NEXTID="0" UPDATEDATE="2024-09-11" STARTDATE="2024-09-11" ENDDATE="2079-06-06" ISACTUAL="1" ISACTIVE="1" /><STEAD ID="68703706" OBJECTID="165219798" OBJECTGUID="3abaaa46-fc55-49f9-a836-ccf597de94f1" CHANGEID="600929606" NUMBER="77" OPERTYPEID="10" PREVID="0" NEXTID="0" UPDATEDATE="2024-09-11" STARTDATE="2024-09-11" ENDDATE="2079-06-06" ISACTUAL="1" ISACTIVE="1" /><STEAD ID="68703750" OBJECTID="165219855" OBJECTGUID="c4644ca1-9aa6-453b-a1cd-94a34db46b67" CHANGEID="600929980" NUMBER="30" OPERTYPEID="10" PREVID="0" NEXTID="0" UPDATEDATE="2024-09-11" STARTDATE="2024-09-11" ENDDATE="2079-06-06" ISACTUAL="1" ISACTIVE="1" /><STEAD ID="68704196" OBJECTID="165220436" OBJECTGUID="c0d315af-804a-46ad-9219-f6f07be15565" CHANGEID="600930925" NUMBER="2" OPERTYPEID="10" PREVID="0" NEXTID="0" UPDATEDATE="2024-09-11" STARTDATE="2024-09-11" ENDDATE="2079-06-06" ISACTUAL="1" ISACTIVE="1" /><STEAD ID="68704236" OBJECTID="165220475" OBJECTGUID="97ec1512-0608-4bdb-b90e-d74fe3dcdb42" CHANGEID="600931025" NUMBER="23а" OPERTYPEID="10" PREVID="0" NEXTID="0" UPDATEDATE="2024-09-11" STARTDATE="2024-09-11" ENDDATE="2079-06-06" ISACTUAL="1" ISACTIVE="1" /><STEAD ID="68704285" OBJECTID="165220528" OBJECTGUID="a0cb8d79-a4f2-4207-80c6-90a579030529" CHANGEID="600931136" NUMBER="70а" OPERTYPEID="10" PREVID="0" NEXTID="0" UPDATEDATE="2024-09-11" STARTDATE="2024-09-11" ENDDATE="2079-06-06" ISACTUAL="1" ISACTIVE="1" /><STEAD ID="68704329" OBJECTID="165220580" OBJECTGUID="d1aa4e30-2b65-4939-93d0-524ce9c7a0ab" CHANGEID="600931200" NUMBER="18" OPERTYPEID="10" PREVID="0" NEXTID="0" UPDATEDATE="2024-09-11" STARTDATE="2024-09-11" ENDDATE="2079-06-06" ISACTUAL="1" ISACTIVE="1" /><STEAD ID="68704355" OBJECTID="165220617" OBJECTGUID="9c22dbbc-0040-4632-a92a-faff426391fa" CHANGEID="600931471" NUMBER="5" OPERTYPEID="10" PREVID="0" NEXTID="0" UPDATEDATE="2024-09-11" STARTDATE="2024-09-11" ENDDATE="2079-06-06" ISACTUAL="1" ISACTIVE="1" /><STEAD ID="68704339" OBJECTID="165220597" OBJECTGUID="71499f66-92f3-477c-a299-d827fb00ab51" CHANGEID="600931225" NUMBER="96а" OPERTYPEID="10" PREVID="0" NEXTID="0" UPDATEDATE="2024-09-11" STARTDATE="2024-09-11" ENDDATE="2079-06-06" ISACTUAL="1" ISACTIVE="1" /><STEAD ID="68704596" OBJECTID="165220891" OBJECTGUID="23682fbc-ab93-4051-ae04-164decb98d74" CHANGEID="600931868" NUMBER="3" OPERTYPEID="10" PREVID="0" NEXTID="0" UPDATEDATE="2024-09-11" STARTDATE="2024-09-11" ENDDATE="2079-06-06" ISACTUAL="1" ISACTIVE="1" /><STEAD ID="68704659" OBJECTID="165220987" OBJECTGUID="b8b93e8d-30b8-4440-ac1c-c79ee2213260" CHANGEID="600931998" NUMBER="69/1" OPERTYPEID="10" PREVID="0" NEXTID="0" UPDATEDATE="2024-09-11" STARTDATE="2024-09-11" ENDDATE="2079-06-06" ISACTUAL="1" ISACTIVE="1" /><STEAD ID="68704795" OBJECTID="165221265" OBJECTGUID="50e0e9e7-5c2d-4f79-b8ce-19b6ff0c63d5" CHANGEID="600932358" NUMBER="21" OPERTYPEID="10" PREVID="0" NEXTID="0" UPDATEDATE="2024-09-11" STARTDATE="2024-09-11" ENDDATE="2079-06-06" ISACTUAL="1" ISACTIVE="1" /><STEAD ID="68704863" OBJECTID="165221402" OBJECTGUID="658fe76a-2bc9-4eff-b48a-4297817bfae5" CHANGEID="600932782" NUMBER="42в" OPERTYPEID="10" PREVID="0" NEXTID="0" UPDATEDATE="2024-09-11" STARTDATE="2024-09-11" ENDDATE="2079-06-06" ISACTUAL="1" ISACTIVE="1" /></STEADS>