﻿<?xml version="1.0" encoding="utf-8"?><ADDRESSOBJECTS><OBJECT ID="1216506" OBJECTID="981111" OBJECTGUID="ffd3ef8e-740b-4325-b7b0-9aa86fcb2990" CHANGEID="2694332" NAME="Думино" TYPENAME="с" LEVEL="6" OPERTYPEID="1" PREVID="0" NEXTID="52126503" UPDATEDATE="2024-09-11" STARTDATE="1900-01-01" ENDDATE="2024-09-11" ISACTUAL="0" ISACTIVE="0" /><OBJECT ID="1222916" OBJECTID="986778" OBJECTGUID="5d356385-7b0b-4661-8903-b6ff1013cb70" CHANGEID="2707572" NAME="14я Линия" TYPENAME="ул" LEVEL="8" OPERTYPEID="10" PREVID="0" NEXTID="52126135" UPDATEDATE="2024-09-09" STARTDATE="2017-05-15" ENDDATE="2024-09-09" ISACTUAL="0" ISACTIVE="0" /><OBJECT ID="52125711" OBJECTID="165064494" OBJECTGUID="772389b0-5648-4484-b1db-59d796683c78" CHANGEID="600518338" NAME="10-я Линия" TYPENAME="ул." LEVEL="8" OPERTYPEID="10" PREVID="0" NEXTID="0" UPDATEDATE="2024-09-05" STARTDATE="2024-09-05" ENDDATE="2079-06-06" ISACTUAL="1" ISACTIVE="1" /><OBJECT ID="52125770" OBJECTID="165070146" OBJECTGUID="e06cc64a-466a-43a5-805f-e299136141c5" CHANGEID="600527412" NAME="№ 10 НМС ст. Губерля" TYPENAME="тер. СНТ" LEVEL="7" OPERTYPEID="10" PREVID="0" NEXTID="0" UPDATEDATE="2024-09-05" STARTDATE="2024-09-05" ENDDATE="2079-06-06" ISACTUAL="1" ISACTIVE="1" /><OBJECT ID="52126124" OBJECTID="165146339" OBJECTGUID="4435d16d-5615-4da7-ad67-72c6600a29a6" CHANGEID="600784789" NAME="1-я Линия" TYPENAME="ул." LEVEL="8" OPERTYPEID="10" PREVID="0" NEXTID="0" UPDATEDATE="2024-09-09" STARTDATE="2024-09-09" ENDDATE="2079-06-06" ISACTUAL="1" ISACTIVE="1" /><OBJECT ID="52126125" OBJECTID="165146351" OBJECTGUID="6c467f8b-bc65-4cf6-a24b-c260b455403b" CHANGEID="600784805" NAME="10-я Линия" TYPENAME="ул." LEVEL="8" OPERTYPEID="10" PREVID="0" NEXTID="0" UPDATEDATE="2024-09-09" STARTDATE="2024-09-09" ENDDATE="2079-06-06" ISACTUAL="1" ISACTIVE="1" /><OBJECT ID="52126126" OBJECTID="165146365" OBJECTGUID="2cd05f36-e682-453e-a2e3-c6e6dfcccf8e" CHANGEID="600784825" NAME="24-я Линия" TYPENAME="ул." LEVEL="8" OPERTYPEID="10" PREVID="0" NEXTID="0" UPDATEDATE="2024-09-09" STARTDATE="2024-09-09" ENDDATE="2079-06-06" ISACTUAL="1" ISACTIVE="1" /><OBJECT ID="52126127" OBJECTID="165146381" OBJECTGUID="acfa1894-f7d5-468b-89a2-878342300a1b" CHANGEID="600784848" NAME="26-я Линия" TYPENAME="ул." LEVEL="8" OPERTYPEID="10" PREVID="0" NEXTID="0" UPDATEDATE="2024-09-09" STARTDATE="2024-09-09" ENDDATE="2079-06-06" ISACTUAL="1" ISACTIVE="1" /><OBJECT ID="52126128" OBJECTID="165146390" OBJECTGUID="30a67bc7-d8d0-4c3e-8a97-76c805fa441d" CHANGEID="600784878" NAME="9-я Линия" TYPENAME="ул." LEVEL="8" OPERTYPEID="10" PREVID="0" NEXTID="0" UPDATEDATE="2024-09-09" STARTDATE="2024-09-09" ENDDATE="2079-06-06" ISACTUAL="1" ISACTIVE="1" /><OBJECT ID="52126135" OBJECTID="986778" OBJECTGUID="5d356385-7b0b-4661-8903-b6ff1013cb70" CHANGEID="600785357" NAME="14-я Линия" TYPENAME="ул" LEVEL="8" OPERTYPEID="20" PREVID="1222916" UPDATEDATE="2024-09-09" STARTDATE="2024-09-09" ENDDATE="2079-06-06" ISACTUAL="1" ISACTIVE="1" /><OBJECT ID="52126137" OBJECTID="165146630" OBJECTGUID="58d47707-fbb1-46ee-9da6-670abb9ab6a7" CHANGEID="600785385" NAME="Северная" TYPENAME="ул." LEVEL="8" OPERTYPEID="10" PREVID="0" NEXTID="0" UPDATEDATE="2024-09-09" STARTDATE="2024-09-09" ENDDATE="2079-06-06" ISACTUAL="1" ISACTIVE="1" /><OBJECT ID="52126209" OBJECTID="165161432" OBJECTGUID="ec18d26a-c24a-4525-92f9-ea4c04080a84" CHANGEID="600813126" NAME="ДНП № 13 ЮУМЗ" TYPENAME="тер." LEVEL="7" OPERTYPEID="10" PREVID="0" NEXTID="0" UPDATEDATE="2024-09-10" STARTDATE="2024-09-10" ENDDATE="2079-06-06" ISACTUAL="1" ISACTIVE="1" /><OBJECT ID="52126211" OBJECTID="165161449" OBJECTGUID="d8fdb8c5-5d65-4326-a567-84b40c7f1c6b" CHANGEID="600813157" NAME="Ранетковая" TYPENAME="ул." LEVEL="8" OPERTYPEID="10" PREVID="0" NEXTID="0" UPDATEDATE="2024-09-10" STARTDATE="2024-09-10" ENDDATE="2079-06-06" ISACTUAL="1" ISACTIVE="1" /><OBJECT ID="52126212" OBJECTID="165161451" OBJECTGUID="dce38ad0-a4b3-4d4d-81bb-8717b563e139" CHANGEID="600813161" NAME="Тисовая" TYPENAME="ул." LEVEL="8" OPERTYPEID="10" PREVID="0" NEXTID="0" UPDATEDATE="2024-09-10" STARTDATE="2024-09-10" ENDDATE="2079-06-06" ISACTUAL="1" ISACTIVE="1" /><OBJECT ID="52126213" OBJECTID="165161458" OBJECTGUID="dc7b31d2-f824-4448-8f84-64c9faff5c49" CHANGEID="600813173" NAME="Маковая" TYPENAME="ул." LEVEL="8" OPERTYPEID="10" PREVID="0" NEXTID="0" UPDATEDATE="2024-09-10" STARTDATE="2024-09-10" ENDDATE="2079-06-06" ISACTUAL="1" ISACTIVE="1" /><OBJECT ID="52126214" OBJECTID="165161459" OBJECTGUID="3c86c2ca-5f8d-404a-baf0-17d94d8028da" CHANGEID="600813174" NAME="Атамановская" TYPENAME="ул." LEVEL="8" OPERTYPEID="10" PREVID="0" NEXTID="0" UPDATEDATE="2024-09-10" STARTDATE="2024-09-10" ENDDATE="2079-06-06" ISACTUAL="1" ISACTIVE="1" /><OBJECT ID="52126215" OBJECTID="165161460" OBJECTGUID="61ab035b-360c-4ed5-bdc0-3d8c825c7020" CHANGEID="600813175" NAME="1-я Атамановская" TYPENAME="ул." LEVEL="8" OPERTYPEID="10" PREVID="0" NEXTID="0" UPDATEDATE="2024-09-10" STARTDATE="2024-09-10" ENDDATE="2079-06-06" ISACTUAL="1" ISACTIVE="1" /><OBJECT ID="52126216" OBJECTID="165161461" OBJECTGUID="f92517e8-2fc3-47de-b690-4b872b34a6b1" CHANGEID="600813176" NAME="Ясеневая" TYPENAME="ул." LEVEL="8" OPERTYPEID="10" PREVID="0" NEXTID="0" UPDATEDATE="2024-09-10" STARTDATE="2024-09-10" ENDDATE="2079-06-06" ISACTUAL="1" ISACTIVE="1" /><OBJECT ID="52126217" OBJECTID="165161476" OBJECTGUID="e7bb2330-3db7-4fc1-bfd8-0f8d399001f2" CHANGEID="600813243" NAME="5-я Атамановская" TYPENAME="ул." LEVEL="8" OPERTYPEID="10" PREVID="0" NEXTID="0" UPDATEDATE="2024-09-10" STARTDATE="2024-09-10" ENDDATE="2079-06-06" ISACTUAL="1" ISACTIVE="1" /><OBJECT ID="52126218" OBJECTID="165161477" OBJECTGUID="fcb2fec0-e457-4879-ba64-b9eb4af4d949" CHANGEID="600813244" NAME="Ясеневая" TYPENAME="ул." LEVEL="8" OPERTYPEID="10" PREVID="0" NEXTID="0" UPDATEDATE="2024-09-10" STARTDATE="2024-09-10" ENDDATE="2079-06-06" ISACTUAL="1" ISACTIVE="1" /><OBJECT ID="52126219" OBJECTID="165161478" OBJECTGUID="2865794a-e637-4592-9419-9270678c1223" CHANGEID="600813245" NAME="Атамановская" TYPENAME="ул." LEVEL="8" OPERTYPEID="10" PREVID="0" NEXTID="0" UPDATEDATE="2024-09-10" STARTDATE="2024-09-10" ENDDATE="2079-06-06" ISACTUAL="1" ISACTIVE="1" /><OBJECT ID="52126220" OBJECTID="165161479" OBJECTGUID="be8227e6-567a-4968-bd16-6cc39d84dd7a" CHANGEID="600813246" NAME="1-я Атамановская" TYPENAME="ул." LEVEL="8" OPERTYPEID="10" PREVID="0" NEXTID="0" UPDATEDATE="2024-09-10" STARTDATE="2024-09-10" ENDDATE="2079-06-06" ISACTUAL="1" ISACTIVE="1" /><OBJECT ID="52126221" OBJECTID="165161480" OBJECTGUID="62d8b0f5-52bf-4cf3-b020-da23508da001" CHANGEID="600813247" NAME="2-я Атамановская" TYPENAME="ул." LEVEL="8" OPERTYPEID="10" PREVID="0" NEXTID="0" UPDATEDATE="2024-09-10" STARTDATE="2024-09-10" ENDDATE="2079-06-06" ISACTUAL="1" ISACTIVE="1" /><OBJECT ID="52126222" OBJECTID="165161481" OBJECTGUID="26b615b6-c865-424b-913d-c8f6074ade1d" CHANGEID="600813248" NAME="3-я Атамановская" TYPENAME="ул." LEVEL="8" OPERTYPEID="10" PREVID="0" NEXTID="0" UPDATEDATE="2024-09-10" STARTDATE="2024-09-10" ENDDATE="2079-06-06" ISACTUAL="1" ISACTIVE="1" /><OBJECT ID="52126223" OBJECTID="165161482" OBJECTGUID="4df77436-885c-4842-beef-0284a11a70d8" CHANGEID="600813249" NAME="4-я Атамановская" TYPENAME="ул." LEVEL="8" OPERTYPEID="10" PREVID="0" NEXTID="0" UPDATEDATE="2024-09-10" STARTDATE="2024-09-10" ENDDATE="2079-06-06" ISACTUAL="1" ISACTIVE="1" /><OBJECT ID="52126230" OBJECTID="165161555" OBJECTGUID="81e914eb-3995-4664-bcb7-35a9f434f210" CHANGEID="600813369" NAME="Ландышевая" TYPENAME="ул." LEVEL="8" OPERTYPEID="10" PREVID="0" NEXTID="0" UPDATEDATE="2024-09-10" STARTDATE="2024-09-10" ENDDATE="2079-06-06" ISACTUAL="1" ISACTIVE="1" /><OBJECT ID="52126231" OBJECTID="165161556" OBJECTGUID="2c614808-f5da-4c13-b2ab-2ba164fa908b" CHANGEID="600813370" NAME="Жасминовая" TYPENAME="ул." LEVEL="8" OPERTYPEID="10" PREVID="0" NEXTID="0" UPDATEDATE="2024-09-10" STARTDATE="2024-09-10" ENDDATE="2079-06-06" ISACTUAL="1" ISACTIVE="1" /><OBJECT ID="52126232" OBJECTID="165161557" OBJECTGUID="db8aaa88-943b-42c3-acaf-15de5297f069" CHANGEID="600813371" NAME="Барбарисовая" TYPENAME="ул." LEVEL="8" OPERTYPEID="10" PREVID="0" NEXTID="0" UPDATEDATE="2024-09-10" STARTDATE="2024-09-10" ENDDATE="2079-06-06" ISACTUAL="1" ISACTIVE="1" /><OBJECT ID="52126233" OBJECTID="165161558" OBJECTGUID="f996e670-538c-46ac-badd-776c096c4e79" CHANGEID="600813372" NAME="Лавандовая" TYPENAME="ул." LEVEL="8" OPERTYPEID="10" PREVID="0" NEXTID="0" UPDATEDATE="2024-09-10" STARTDATE="2024-09-10" ENDDATE="2079-06-06" ISACTUAL="1" ISACTIVE="1" /><OBJECT ID="52126234" OBJECTID="165161559" OBJECTGUID="cd5d6f4e-1c88-45a4-9d88-9187e045b3dd" CHANGEID="600813373" NAME="Апельсиновая" TYPENAME="ул." LEVEL="8" OPERTYPEID="10" PREVID="0" NEXTID="0" UPDATEDATE="2024-09-10" STARTDATE="2024-09-10" ENDDATE="2079-06-06" ISACTUAL="1" ISACTIVE="1" /><OBJECT ID="52126236" OBJECTID="165161673" OBJECTGUID="a003122a-0dcc-4d08-93d1-201ca41e2e22" CHANGEID="600813557" NAME="Соловьиная" TYPENAME="ул." LEVEL="8" OPERTYPEID="10" PREVID="0" NEXTID="0" UPDATEDATE="2024-09-10" STARTDATE="2024-09-10" ENDDATE="2079-06-06" ISACTUAL="1" ISACTIVE="1" /><OBJECT ID="52126239" OBJECTID="165161676" OBJECTGUID="e66f06ca-7a78-4e4e-a2e4-97d5ed61a200" CHANGEID="600813565" NAME="Иволговая" TYPENAME="ул." LEVEL="8" OPERTYPEID="10" PREVID="0" NEXTID="0" UPDATEDATE="2024-09-10" STARTDATE="2024-09-10" ENDDATE="2079-06-06" ISACTUAL="1" ISACTIVE="1" /><OBJECT ID="52126240" OBJECTID="165161678" OBJECTGUID="1993903d-1ef9-4f4c-a97c-639b4a4d0697" CHANGEID="600813570" NAME="Голубиная" TYPENAME="ул." LEVEL="8" OPERTYPEID="10" PREVID="0" NEXTID="0" UPDATEDATE="2024-09-10" STARTDATE="2024-09-10" ENDDATE="2079-06-06" ISACTUAL="1" ISACTIVE="1" /><OBJECT ID="52126241" OBJECTID="165161681" OBJECTGUID="a3567e3a-687f-4479-a960-0f316bd2db8f" CHANGEID="600813575" NAME="Лебединая" TYPENAME="ул." LEVEL="8" OPERTYPEID="10" PREVID="0" NEXTID="0" UPDATEDATE="2024-09-10" STARTDATE="2024-09-10" ENDDATE="2079-06-06" ISACTUAL="1" ISACTIVE="1" /><OBJECT ID="52126242" OBJECTID="165161689" OBJECTGUID="7e897a97-e199-40e5-8361-09e846fe0b2c" CHANGEID="600813585" NAME="Соколиная" TYPENAME="ул." LEVEL="8" OPERTYPEID="10" PREVID="0" NEXTID="0" UPDATEDATE="2024-09-10" STARTDATE="2024-09-10" ENDDATE="2079-06-06" ISACTUAL="1" ISACTIVE="1" /><OBJECT ID="52126243" OBJECTID="165161692" OBJECTGUID="325c1691-e918-4ca3-85b0-852fd502dcf2" CHANGEID="600813591" NAME="Укромный" TYPENAME="пер." LEVEL="8" OPERTYPEID="10" PREVID="0" NEXTID="0" UPDATEDATE="2024-09-10" STARTDATE="2024-09-10" ENDDATE="2079-06-06" ISACTUAL="1" ISACTIVE="1" /><OBJECT ID="52126224" OBJECTID="165161524" OBJECTGUID="e563074f-9adf-4e95-b7cb-487da366c590" CHANGEID="600813322" NAME="1-я Зеленховская" TYPENAME="ул." LEVEL="8" OPERTYPEID="10" PREVID="0" NEXTID="0" UPDATEDATE="2024-09-10" STARTDATE="2024-09-10" ENDDATE="2079-06-06" ISACTUAL="1" ISACTIVE="1" /><OBJECT ID="52126225" OBJECTID="165161525" OBJECTGUID="5014ec92-b97b-4a29-8f51-53c0a6ba3975" CHANGEID="600813323" NAME="6-я Зеленховская" TYPENAME="ул." LEVEL="8" OPERTYPEID="10" PREVID="0" NEXTID="0" UPDATEDATE="2024-09-10" STARTDATE="2024-09-10" ENDDATE="2079-06-06" ISACTUAL="1" ISACTIVE="1" /><OBJECT ID="52126226" OBJECTID="165161526" OBJECTGUID="f81dded1-805f-48cf-bd1c-51211b720de6" CHANGEID="600813324" NAME="5-я Зеленховская" TYPENAME="ул." LEVEL="8" OPERTYPEID="10" PREVID="0" NEXTID="0" UPDATEDATE="2024-09-10" STARTDATE="2024-09-10" ENDDATE="2079-06-06" ISACTUAL="1" ISACTIVE="1" /><OBJECT ID="52126227" OBJECTID="165161527" OBJECTGUID="5a1e815f-c354-4e1f-9619-7c63bf17fb08" CHANGEID="600813325" NAME="3-я Зеленховская" TYPENAME="ул." LEVEL="8" OPERTYPEID="10" PREVID="0" NEXTID="0" UPDATEDATE="2024-09-10" STARTDATE="2024-09-10" ENDDATE="2079-06-06" ISACTUAL="1" ISACTIVE="1" /><OBJECT ID="52126228" OBJECTID="165161528" OBJECTGUID="47069f74-1df3-4bb9-b0d7-0199d843230b" CHANGEID="600813326" NAME="4-я Зеленховская" TYPENAME="ул." LEVEL="8" OPERTYPEID="10" PREVID="0" NEXTID="0" UPDATEDATE="2024-09-10" STARTDATE="2024-09-10" ENDDATE="2079-06-06" ISACTUAL="1" ISACTIVE="1" /><OBJECT ID="52126229" OBJECTID="165161529" OBJECTGUID="5d44b682-fd93-426d-8b5a-d92d6886367a" CHANGEID="600813327" NAME="2-я Зеленховская" TYPENAME="ул." LEVEL="8" OPERTYPEID="10" PREVID="0" NEXTID="0" UPDATEDATE="2024-09-10" STARTDATE="2024-09-10" ENDDATE="2079-06-06" ISACTUAL="1" ISACTIVE="1" /><OBJECT ID="52126281" OBJECTID="165162567" OBJECTGUID="fd41c0ac-9fd6-47ee-a38e-5272b8e97e1b" CHANGEID="600815027" NAME="Луговая" TYPENAME="ул." LEVEL="8" OPERTYPEID="10" PREVID="0" NEXTID="0" UPDATEDATE="2024-09-10" STARTDATE="2024-09-10" ENDDATE="2079-06-06" ISACTUAL="1" ISACTIVE="1" /><OBJECT ID="52126282" OBJECTID="165162568" OBJECTGUID="ecd49c9c-778a-451b-904e-1b51d1c65a12" CHANGEID="600815028" NAME="Высотная" TYPENAME="ул." LEVEL="8" OPERTYPEID="10" PREVID="0" NEXTID="0" UPDATEDATE="2024-09-10" STARTDATE="2024-09-10" ENDDATE="2079-06-06" ISACTUAL="1" ISACTIVE="1" /><OBJECT ID="52126414" OBJECTID="165197806" OBJECTGUID="e3287932-ab47-452d-b14b-486f46d97008" CHANGEID="600893400" NAME="Набережный" TYPENAME="пер." LEVEL="8" OPERTYPEID="10" PREVID="0" NEXTID="0" UPDATEDATE="2024-09-11" STARTDATE="2024-09-11" ENDDATE="2079-06-06" ISACTUAL="1" ISACTIVE="1" /><OBJECT ID="52126497" OBJECTID="165213033" OBJECTGUID="5a90d1ba-2676-4038-9d2e-5ce4ee05e70c" CHANGEID="600916978" NAME="№1 треста НМС" TYPENAME="тер. СНТ" LEVEL="7" OPERTYPEID="10" PREVID="0" NEXTID="0" UPDATEDATE="2024-09-11" STARTDATE="2024-09-11" ENDDATE="2079-06-06" ISACTUAL="1" ISACTIVE="1" /><OBJECT ID="52126499" OBJECTID="165213202" OBJECTGUID="c63e8962-1ea1-43e1-b27a-54330da1a596" CHANGEID="600917184" NAME="№ 23 Дачное" TYPENAME="тер. СНТ" LEVEL="7" OPERTYPEID="10" PREVID="0" NEXTID="0" UPDATEDATE="2024-09-11" STARTDATE="2024-09-11" ENDDATE="2079-06-06" ISACTUAL="1" ISACTIVE="1" /><OBJECT ID="52126503" OBJECTID="981111" OBJECTGUID="ffd3ef8e-740b-4325-b7b0-9aa86fcb2990" CHANGEID="600921482" NAME="Думино" TYPENAME="п." LEVEL="6" OPERTYPEID="20" PREVID="1216506" UPDATEDATE="2024-09-11" STARTDATE="2024-09-11" ENDDATE="2079-06-06" ISACTUAL="1" ISACTIVE="1" /><OBJECT ID="52126505" OBJECTID="165216112" OBJECTGUID="f787e52f-b56a-4098-9c72-f82dfa095bdc" CHANGEID="600922642" NAME="Молодежная" TYPENAME="ул." LEVEL="8" OPERTYPEID="10" PREVID="0" NEXTID="0" UPDATEDATE="2024-09-11" STARTDATE="2024-09-11" ENDDATE="2079-06-06" ISACTUAL="1" ISACTIVE="1" /></ADDRESSOBJECTS>