﻿<?xml version="1.0" encoding="utf-8"?><HOUSES><HOUSE ID="60386934" OBJECTID="55129274" OBJECTGUID="7f1e8715-578f-492b-af5a-92bbb31e7289" CHANGEID="82456860" HOUSENUM="2б" HOUSETYPE="2" OPERTYPEID="20" PREVID="32926860" NEXTID="126738757" UPDATEDATE="2024-09-06" STARTDATE="2019-01-14" ENDDATE="2024-09-06" ISACTUAL="0" ISACTIVE="0" /><HOUSE ID="68560193" OBJECTID="28584572" OBJECTGUID="f288603c-fdd4-43c2-980f-391fd6131c60" CHANGEID="43940203" HOUSENUM="1а" HOUSETYPE="2" OPERTYPEID="20" PREVID="16954885" NEXTID="126742395" UPDATEDATE="2024-09-09" STARTDATE="2019-01-14" ENDDATE="2024-09-09" ISACTUAL="0" ISACTIVE="0" /><HOUSE ID="63656277" OBJECTID="55124276" OBJECTGUID="ad4a4a68-68fc-4854-aaf2-4a1fe0b19114" CHANGEID="82449923" HOUSENUM="5б" HOUSETYPE="2" OPERTYPEID="20" PREVID="32923929" NEXTID="126738759" UPDATEDATE="2024-09-06" STARTDATE="2019-01-14" ENDDATE="2024-09-06" ISACTUAL="0" ISACTIVE="0" /><HOUSE ID="126728574" OBJECTID="165075822" OBJECTGUID="ef20c211-24e7-42d3-a445-c75ece9cb574" CHANGEID="600536381" HOUSENUM="193" HOUSETYPE="2" OPERTYPEID="10" PREVID="0" NEXTID="0" UPDATEDATE="2024-09-05" STARTDATE="2024-09-05" ENDDATE="2079-06-06" ISACTUAL="1" ISACTIVE="1" /><HOUSE ID="126728556" OBJECTID="165075720" OBJECTGUID="b03ee84d-07c6-4fe5-8b16-b931fa47ea1c" CHANGEID="600536181" HOUSENUM="84" HOUSETYPE="2" OPERTYPEID="10" PREVID="0" NEXTID="0" UPDATEDATE="2024-09-05" STARTDATE="2024-09-05" ENDDATE="2079-06-06" ISACTUAL="1" ISACTIVE="1" /><HOUSE ID="126728766" OBJECTID="165077569" OBJECTGUID="6f5d8401-8014-4c07-bb4b-e66e6a24ae83" CHANGEID="600538808" HOUSENUM="4" HOUSETYPE="2" OPERTYPEID="10" PREVID="0" NEXTID="0" UPDATEDATE="2024-09-05" STARTDATE="2024-09-05" ENDDATE="2079-06-06" ISACTUAL="1" ISACTIVE="1" /><HOUSE ID="126728777" OBJECTID="165077618" OBJECTGUID="cf1d9e25-5998-46bb-9903-778f955d232a" CHANGEID="600538893" HOUSENUM="12" HOUSETYPE="2" OPERTYPEID="10" PREVID="0" NEXTID="0" UPDATEDATE="2024-09-05" STARTDATE="2024-09-05" ENDDATE="2079-06-06" ISACTUAL="1" ISACTIVE="1" /><HOUSE ID="126728789" OBJECTID="165077701" OBJECTGUID="eb54ef78-e051-4b01-912a-a3e00452e364" CHANGEID="600538994" HOUSENUM="7" HOUSETYPE="2" OPERTYPEID="10" PREVID="0" NEXTID="0" UPDATEDATE="2024-09-05" STARTDATE="2024-09-05" ENDDATE="2079-06-06" ISACTUAL="1" ISACTIVE="1" /><HOUSE ID="126728783" OBJECTID="165077652" OBJECTGUID="068c01fe-5a3f-4859-b244-86d1089c25a9" CHANGEID="600538936" HOUSENUM="8" HOUSETYPE="2" OPERTYPEID="10" PREVID="0" NEXTID="0" UPDATEDATE="2024-09-05" STARTDATE="2024-09-05" ENDDATE="2079-06-06" ISACTUAL="1" ISACTIVE="1" /><HOUSE ID="126729206" OBJECTID="165079332" OBJECTGUID="2a7762c4-dd10-46cd-b466-7fb6b415d387" CHANGEID="600541301" HOUSENUM="2А" HOUSETYPE="2" OPERTYPEID="10" PREVID="0" NEXTID="0" UPDATEDATE="2024-09-05" STARTDATE="2024-09-05" ENDDATE="2079-06-06" ISACTUAL="1" ISACTIVE="1" /><HOUSE ID="126729892" OBJECTID="165082096" OBJECTGUID="ac44f53b-878f-4582-9ce8-018a5193705b" CHANGEID="600546197" HOUSENUM="60А" HOUSETYPE="2" OPERTYPEID="10" PREVID="0" NEXTID="0" UPDATEDATE="2024-09-05" STARTDATE="2024-09-05" ENDDATE="2079-06-06" ISACTUAL="1" ISACTIVE="1" /><HOUSE ID="126729945" OBJECTID="165082276" OBJECTGUID="2701ce3f-933a-465a-bfb5-f2fd556d69d4" CHANGEID="600546533" HOUSENUM="4" HOUSETYPE="2" OPERTYPEID="10" PREVID="0" NEXTID="0" UPDATEDATE="2024-09-05" STARTDATE="2024-09-05" ENDDATE="2079-06-06" ISACTUAL="1" ISACTIVE="1" /><HOUSE ID="126730198" OBJECTID="165083423" OBJECTGUID="4c9beb5d-984b-4497-b332-734b1d806000" CHANGEID="600548582" HOUSENUM="115" HOUSETYPE="2" OPERTYPEID="10" PREVID="0" NEXTID="0" UPDATEDATE="2024-09-05" STARTDATE="2024-09-05" ENDDATE="2079-06-06" ISACTUAL="1" ISACTIVE="1" /><HOUSE ID="126730200" OBJECTID="165083431" OBJECTGUID="d880ae5e-6122-44b1-b810-447ec01bceab" CHANGEID="600548596" HOUSENUM="61" HOUSETYPE="2" OPERTYPEID="10" PREVID="0" NEXTID="0" UPDATEDATE="2024-09-05" STARTDATE="2024-09-05" ENDDATE="2079-06-06" ISACTUAL="1" ISACTIVE="1" /><HOUSE ID="126730201" OBJECTID="165083435" OBJECTGUID="9f845dd4-bd58-4e27-b205-2a4c6408e5a5" CHANGEID="600548608" HOUSENUM="367" HOUSETYPE="2" OPERTYPEID="10" PREVID="0" NEXTID="0" UPDATEDATE="2024-09-05" STARTDATE="2024-09-05" ENDDATE="2079-06-06" ISACTUAL="1" ISACTIVE="1" /><HOUSE ID="126730219" OBJECTID="165083551" OBJECTGUID="9188b723-3078-441d-8d9d-a6d16f269ae5" CHANGEID="600548849" HOUSENUM="34" HOUSETYPE="2" OPERTYPEID="10" PREVID="0" NEXTID="0" UPDATEDATE="2024-09-05" STARTDATE="2024-09-05" ENDDATE="2079-06-06" ISACTUAL="1" ISACTIVE="1" /><HOUSE ID="126730234" OBJECTID="165083837" OBJECTGUID="c9c8f46b-2b80-40bd-9ad0-023fb5edc758" CHANGEID="600549190" HOUSENUM="5А" HOUSETYPE="2" OPERTYPEID="10" PREVID="0" NEXTID="0" UPDATEDATE="2024-09-05" STARTDATE="2024-09-05" ENDDATE="2079-06-06" ISACTUAL="1" ISACTIVE="1" /><HOUSE ID="126731111" OBJECTID="165088529" OBJECTGUID="c30e3588-0cbc-48d6-b766-1af4cf0b7e09" CHANGEID="600557605" HOUSENUM="8" HOUSETYPE="2" OPERTYPEID="10" PREVID="0" NEXTID="0" UPDATEDATE="2024-09-05" STARTDATE="2024-09-05" ENDDATE="2079-06-06" ISACTUAL="1" ISACTIVE="1" /><HOUSE ID="126735909" OBJECTID="165105591" OBJECTGUID="7c48e4be-f061-4a3a-b8e7-5f6babe37891" CHANGEID="600588684" HOUSENUM="24А" HOUSETYPE="2" OPERTYPEID="10" PREVID="0" NEXTID="0" UPDATEDATE="2024-09-06" STARTDATE="2024-09-06" ENDDATE="2079-06-06" ISACTUAL="1" ISACTIVE="1" /><HOUSE ID="126735948" OBJECTID="165105732" OBJECTGUID="cdebb4fc-9a46-4b21-a543-56ea1106e19b" CHANGEID="600588909" HOUSENUM="195" HOUSETYPE="2" OPERTYPEID="10" PREVID="0" NEXTID="0" UPDATEDATE="2024-09-06" STARTDATE="2024-09-06" ENDDATE="2079-06-06" ISACTUAL="1" ISACTIVE="1" /><HOUSE ID="126736126" OBJECTID="165106379" OBJECTGUID="f040a9b1-4f74-4754-83a2-c3a653523a77" CHANGEID="600590147" HOUSENUM="2" HOUSETYPE="2" OPERTYPEID="10" PREVID="0" NEXTID="0" UPDATEDATE="2024-09-06" STARTDATE="2024-09-06" ENDDATE="2079-06-06" ISACTUAL="1" ISACTIVE="1" /><HOUSE ID="126736132" OBJECTID="165106387" OBJECTGUID="cbafe4d6-91aa-43f9-b0f3-57414c6e0a0b" CHANGEID="600590200" HOUSENUM="8А" HOUSETYPE="2" OPERTYPEID="10" PREVID="0" NEXTID="0" UPDATEDATE="2024-09-06" STARTDATE="2024-09-06" ENDDATE="2079-06-06" ISACTUAL="1" ISACTIVE="1" /><HOUSE ID="126736136" OBJECTID="165106409" OBJECTGUID="40642572-779a-4397-888b-e8c6525bed04" CHANGEID="600590230" HOUSENUM="73" HOUSETYPE="2" OPERTYPEID="10" PREVID="0" NEXTID="0" UPDATEDATE="2024-09-06" STARTDATE="2024-09-06" ENDDATE="2079-06-06" ISACTUAL="1" ISACTIVE="1" /><HOUSE ID="126737411" OBJECTID="165111572" OBJECTGUID="aa42e87a-e5f8-495f-9a9a-35dcd9276504" CHANGEID="600611335" HOUSENUM="46" HOUSETYPE="2" OPERTYPEID="10" PREVID="0" NEXTID="0" UPDATEDATE="2024-09-06" STARTDATE="2024-09-06" ENDDATE="2079-06-06" ISACTUAL="1" ISACTIVE="1" /><HOUSE ID="126738556" OBJECTID="165115673" OBJECTGUID="5e7441cc-5159-4795-bcc9-dee3309fc9e1" CHANGEID="600705823" HOUSENUM="11Р" HOUSETYPE="2" OPERTYPEID="10" PREVID="0" NEXTID="0" UPDATEDATE="2024-09-06" STARTDATE="2024-09-06" ENDDATE="2079-06-06" ISACTUAL="1" ISACTIVE="1" /><HOUSE ID="126738599" OBJECTID="165115828" OBJECTGUID="6b3da5f8-6be1-48ab-bda2-9ebfa618b036" CHANGEID="600706088" HOUSENUM="43" HOUSETYPE="2" OPERTYPEID="10" PREVID="0" NEXTID="0" UPDATEDATE="2024-09-06" STARTDATE="2024-09-06" ENDDATE="2079-06-06" ISACTUAL="1" ISACTIVE="1" /><HOUSE ID="126738600" OBJECTID="165115829" OBJECTGUID="55b18092-c389-4758-b2d7-a87e583260f1" CHANGEID="600706089" HOUSENUM="39" HOUSETYPE="2" OPERTYPEID="10" PREVID="0" NEXTID="0" UPDATEDATE="2024-09-06" STARTDATE="2024-09-06" ENDDATE="2079-06-06" ISACTUAL="1" ISACTIVE="1" /><HOUSE ID="126738622" OBJECTID="165115864" OBJECTGUID="c0e95ae8-1d3d-410b-bee6-15edfc4b457c" CHANGEID="600706169" HOUSENUM="1" HOUSETYPE="2" OPERTYPEID="10" PREVID="0" NEXTID="0" UPDATEDATE="2024-09-06" STARTDATE="2024-09-06" ENDDATE="2079-06-06" ISACTUAL="1" ISACTIVE="1" /><HOUSE ID="126738563" OBJECTID="165115703" OBJECTGUID="55542c16-492d-4aa0-b530-c558e598e58d" CHANGEID="600705878" HOUSENUM="16" HOUSETYPE="2" OPERTYPEID="10" PREVID="0" NEXTID="0" UPDATEDATE="2024-09-06" STARTDATE="2024-09-06" ENDDATE="2079-06-06" ISACTUAL="1" ISACTIVE="1" /><HOUSE ID="126738626" OBJECTID="165115875" OBJECTGUID="9ab2e6a1-8d0c-4b4a-97f7-dffd409677b0" CHANGEID="600706192" HOUSENUM="5" HOUSETYPE="2" OPERTYPEID="10" PREVID="0" NEXTID="0" UPDATEDATE="2024-09-06" STARTDATE="2024-09-06" ENDDATE="2079-06-06" ISACTUAL="1" ISACTIVE="1" /><HOUSE ID="126738757" OBJECTID="55129274" OBJECTGUID="7f1e8715-578f-492b-af5a-92bbb31e7289" CHANGEID="600707301" HOUSENUM="2Б" HOUSETYPE="2" OPERTYPEID="20" PREVID="60386934" UPDATEDATE="2024-09-06" STARTDATE="2024-09-06" ENDDATE="2079-06-06" ISACTUAL="1" ISACTIVE="1" /><HOUSE ID="126738759" OBJECTID="55124276" OBJECTGUID="ad4a4a68-68fc-4854-aaf2-4a1fe0b19114" CHANGEID="600707317" HOUSENUM="5Б" HOUSETYPE="2" OPERTYPEID="20" PREVID="63656277" UPDATEDATE="2024-09-06" STARTDATE="2024-09-06" ENDDATE="2079-06-06" ISACTUAL="1" ISACTIVE="1" /><HOUSE ID="126738763" OBJECTID="165116329" OBJECTGUID="8538b8f0-cc7c-450c-97c7-c3c11a6bd2b9" CHANGEID="600707413" HOUSENUM="9" HOUSETYPE="2" OPERTYPEID="10" PREVID="0" NEXTID="0" UPDATEDATE="2024-09-06" STARTDATE="2024-09-06" ENDDATE="2079-06-06" ISACTUAL="1" ISACTIVE="1" /><HOUSE ID="52099949" OBJECTID="84022845" OBJECTGUID="0a22c77b-b404-46d3-8ec7-87cd6c3686eb" CHANGEID="124821914" HOUSENUM="2а" HOUSETYPE="2" OPERTYPEID="20" PREVID="50884010" NEXTID="126738761" UPDATEDATE="2024-09-06" STARTDATE="2019-01-14" ENDDATE="2024-09-06" ISACTUAL="0" ISACTIVE="0" /><HOUSE ID="126738761" OBJECTID="84022845" OBJECTGUID="0a22c77b-b404-46d3-8ec7-87cd6c3686eb" CHANGEID="600707371" HOUSENUM="2А" HOUSETYPE="2" OPERTYPEID="20" PREVID="52099949" UPDATEDATE="2024-09-06" STARTDATE="2024-09-06" ENDDATE="2079-06-06" ISACTUAL="1" ISACTIVE="1" /><HOUSE ID="126738762" OBJECTID="165116328" OBJECTGUID="69a7ae06-d9b3-46f3-9ad5-d04098f37f6a" CHANGEID="600707412" HOUSENUM="30А" HOUSETYPE="2" OPERTYPEID="10" PREVID="0" NEXTID="0" UPDATEDATE="2024-09-06" STARTDATE="2024-09-06" ENDDATE="2079-06-06" ISACTUAL="1" ISACTIVE="1" /><HOUSE ID="126742395" OBJECTID="28584572" OBJECTGUID="f288603c-fdd4-43c2-980f-391fd6131c60" CHANGEID="600765721" HOUSENUM="1А" HOUSETYPE="2" OPERTYPEID="20" PREVID="68560193" UPDATEDATE="2024-09-09" STARTDATE="2024-09-09" ENDDATE="2079-06-06" ISACTUAL="1" ISACTIVE="1" /><HOUSE ID="126744375" OBJECTID="71538327" OBJECTGUID="ef55ac30-694c-4366-80c0-6175c850f568" CHANGEID="600772882" HOUSENUM="36" HOUSETYPE="2" OPERTYPEID="30" PREVID="68333690" NEXTID="0" UPDATEDATE="2024-09-09" STARTDATE="2024-09-09" ENDDATE="2079-06-06" ISACTUAL="1" ISACTIVE="0" /><HOUSE ID="68333690" OBJECTID="71538327" OBJECTGUID="ef55ac30-694c-4366-80c0-6175c850f568" CHANGEID="106558813" HOUSENUM="36" HOUSETYPE="2" OPERTYPEID="20" PREVID="43163929" NEXTID="126744375" UPDATEDATE="2024-09-09" STARTDATE="2017-02-28" ENDDATE="2024-09-09" ISACTUAL="0" ISACTIVE="0" /><HOUSE ID="126744413" OBJECTID="165139313" OBJECTGUID="e23f2742-75e9-4d5f-ac31-f52c96873379" CHANGEID="600772989" HOUSENUM="4А" HOUSETYPE="2" OPERTYPEID="10" PREVID="0" NEXTID="0" UPDATEDATE="2024-09-09" STARTDATE="2024-09-09" ENDDATE="2079-06-06" ISACTUAL="1" ISACTIVE="1" /><HOUSE ID="126745008" OBJECTID="165141432" OBJECTGUID="459fb3ed-96b9-426c-8fab-c7233b678c36" CHANGEID="600776499" HOUSENUM="4" HOUSETYPE="2" OPERTYPEID="10" PREVID="0" NEXTID="0" UPDATEDATE="2024-09-09" STARTDATE="2024-09-09" ENDDATE="2079-06-06" ISACTUAL="1" ISACTIVE="1" /><HOUSE ID="126745032" OBJECTID="165141481" OBJECTGUID="0a01075f-abb3-4c5b-bb68-5417207c729a" CHANGEID="600776595" HOUSENUM="18" HOUSETYPE="2" OPERTYPEID="10" PREVID="0" NEXTID="0" UPDATEDATE="2024-09-09" STARTDATE="2024-09-09" ENDDATE="2079-06-06" ISACTUAL="1" ISACTIVE="1" /><HOUSE ID="126745033" OBJECTID="165141485" OBJECTGUID="69bad9f6-698d-46bb-839f-4311bdc261c5" CHANGEID="600776606" HOUSENUM="1" HOUSETYPE="2" OPERTYPEID="10" PREVID="0" NEXTID="0" UPDATEDATE="2024-09-09" STARTDATE="2024-09-09" ENDDATE="2079-06-06" ISACTUAL="1" ISACTIVE="1" /><HOUSE ID="126745034" OBJECTID="165141486" OBJECTGUID="257a5c2c-4367-4d1a-89e1-915d452c0732" CHANGEID="600776607" HOUSENUM="3" HOUSETYPE="2" OPERTYPEID="10" PREVID="0" NEXTID="0" UPDATEDATE="2024-09-09" STARTDATE="2024-09-09" ENDDATE="2079-06-06" ISACTUAL="1" ISACTIVE="1" /><HOUSE ID="126745021" OBJECTID="165141461" OBJECTGUID="a80dc3c3-9750-4219-a140-bebe3d65f38a" CHANGEID="600776548" HOUSENUM="2" HOUSETYPE="2" OPERTYPEID="10" PREVID="0" NEXTID="0" UPDATEDATE="2024-09-09" STARTDATE="2024-09-09" ENDDATE="2079-06-06" ISACTUAL="1" ISACTIVE="1" /><HOUSE ID="126745022" OBJECTID="165141462" OBJECTGUID="648ad85e-f8e7-408e-94a1-7239385609fe" CHANGEID="600776549" HOUSENUM="4" HOUSETYPE="2" OPERTYPEID="10" PREVID="0" NEXTID="0" UPDATEDATE="2024-09-09" STARTDATE="2024-09-09" ENDDATE="2079-06-06" ISACTUAL="1" ISACTIVE="1" /><HOUSE ID="126745184" OBJECTID="165141815" OBJECTGUID="5836f8d8-5d75-4039-a44f-f3de8106a70b" CHANGEID="600777240" HOUSENUM="28А" HOUSETYPE="2" OPERTYPEID="10" PREVID="0" NEXTID="0" UPDATEDATE="2024-09-09" STARTDATE="2024-09-09" ENDDATE="2079-06-06" ISACTUAL="1" ISACTIVE="1" /><HOUSE ID="126745216" OBJECTID="165141899" OBJECTGUID="48bb24cb-9065-4ecf-b7ca-f7d1c34b463d" CHANGEID="600777390" HOUSENUM="13А" HOUSETYPE="2" OPERTYPEID="10" PREVID="0" NEXTID="0" UPDATEDATE="2024-09-09" STARTDATE="2024-09-09" ENDDATE="2079-06-06" ISACTUAL="1" ISACTIVE="1" /><HOUSE ID="126745759" OBJECTID="165143630" OBJECTGUID="a531b473-02f6-40bd-9ad2-a556ae152980" CHANGEID="600780771" HOUSENUM="19В" HOUSETYPE="2" OPERTYPEID="10" PREVID="0" NEXTID="0" UPDATEDATE="2024-09-09" STARTDATE="2024-09-09" ENDDATE="2079-06-06" ISACTUAL="1" ISACTIVE="1" /><HOUSE ID="126745760" OBJECTID="165143631" OBJECTGUID="4cff6314-951c-49d5-802b-88d95a2555ca" CHANGEID="600780772" HOUSENUM="19В" ADDNUM1="1" HOUSETYPE="2" ADDTYPE1="2" OPERTYPEID="10" PREVID="0" NEXTID="0" UPDATEDATE="2024-09-09" STARTDATE="2024-09-09" ENDDATE="2079-06-06" ISACTUAL="1" ISACTIVE="1" /><HOUSE ID="126745793" OBJECTID="165143758" OBJECTGUID="ba693b3c-4476-4fda-9ca4-de2f209694ec" CHANGEID="600780965" HOUSENUM="52" HOUSETYPE="2" OPERTYPEID="10" PREVID="0" NEXTID="0" UPDATEDATE="2024-09-09" STARTDATE="2024-09-09" ENDDATE="2079-06-06" ISACTUAL="1" ISACTIVE="1" /><HOUSE ID="126745809" OBJECTID="165143829" OBJECTGUID="f03a4185-04af-428c-9e3e-78f02ba474a3" CHANGEID="600781057" HOUSENUM="5" HOUSETYPE="2" OPERTYPEID="10" PREVID="0" NEXTID="0" UPDATEDATE="2024-09-09" STARTDATE="2024-09-09" ENDDATE="2079-06-06" ISACTUAL="1" ISACTIVE="1" /><HOUSE ID="25601791" OBJECTID="42859771" OBJECTGUID="fe589633-f450-4510-af35-999b57a8fd29" CHANGEID="64719182" HOUSENUM="9" HOUSETYPE="2" OPERTYPEID="10" PREVID="0" NEXTID="126746220" UPDATEDATE="2024-09-09" STARTDATE="2019-01-23" ENDDATE="2024-09-09" ISACTUAL="0" ISACTIVE="0" /><HOUSE ID="126746220" OBJECTID="42859771" OBJECTGUID="fe589633-f450-4510-af35-999b57a8fd29" CHANGEID="600783331" HOUSENUM="9" HOUSETYPE="5" OPERTYPEID="20" PREVID="25601791" UPDATEDATE="2024-09-09" STARTDATE="2024-09-09" ENDDATE="2079-06-06" ISACTUAL="1" ISACTIVE="1" /><HOUSE ID="126746234" OBJECTID="165145357" OBJECTGUID="d6f53d9e-9d73-4b58-bf8a-6d1e666d6699" CHANGEID="600783473" HOUSENUM="14" HOUSETYPE="5" OPERTYPEID="10" PREVID="0" NEXTID="0" UPDATEDATE="2024-09-09" STARTDATE="2024-09-09" ENDDATE="2079-06-06" ISACTUAL="1" ISACTIVE="1" /><HOUSE ID="126751639" OBJECTID="165171345" OBJECTGUID="919230ba-ea3a-4a09-b3fb-7bded1bd908d" CHANGEID="600828405" HOUSENUM="19" HOUSETYPE="2" OPERTYPEID="10" PREVID="0" NEXTID="0" UPDATEDATE="2024-09-10" STARTDATE="2024-09-10" ENDDATE="2079-06-06" ISACTUAL="1" ISACTIVE="1" /><HOUSE ID="126751653" OBJECTID="165171406" OBJECTGUID="4304ab06-8e77-4295-af78-6f812fe45b93" CHANGEID="600828504" HOUSENUM="8" HOUSETYPE="2" OPERTYPEID="10" PREVID="0" NEXTID="0" UPDATEDATE="2024-09-10" STARTDATE="2024-09-10" ENDDATE="2079-06-06" ISACTUAL="1" ISACTIVE="1" /><HOUSE ID="126751699" OBJECTID="165171685" OBJECTGUID="b505e419-921d-4f85-a441-481dcc022ad5" CHANGEID="600828893" HOUSENUM="1" HOUSETYPE="2" OPERTYPEID="10" PREVID="0" NEXTID="0" UPDATEDATE="2024-09-10" STARTDATE="2024-09-10" ENDDATE="2079-06-06" ISACTUAL="1" ISACTIVE="1" /><HOUSE ID="126751985" OBJECTID="165172494" OBJECTGUID="ad454830-519c-4fa6-b4cf-dfd192f6115c" CHANGEID="600830760" HOUSENUM="3" HOUSETYPE="2" OPERTYPEID="10" PREVID="0" NEXTID="0" UPDATEDATE="2024-09-10" STARTDATE="2024-09-10" ENDDATE="2079-06-06" ISACTUAL="1" ISACTIVE="1" /><HOUSE ID="126752294" OBJECTID="165173553" OBJECTGUID="b37887eb-81ce-4597-9b3f-b3848f6d8bae" CHANGEID="600832413" HOUSENUM="16" HOUSETYPE="2" OPERTYPEID="10" PREVID="0" NEXTID="0" UPDATEDATE="2024-09-10" STARTDATE="2024-09-10" ENDDATE="2079-06-06" ISACTUAL="1" ISACTIVE="1" /><HOUSE ID="126752303" OBJECTID="165173615" OBJECTGUID="0d048f62-ab21-4ad7-971f-b97a124205b3" CHANGEID="600832485" HOUSENUM="16" HOUSETYPE="5" OPERTYPEID="10" PREVID="0" NEXTID="0" UPDATEDATE="2024-09-10" STARTDATE="2024-09-10" ENDDATE="2079-06-06" ISACTUAL="1" ISACTIVE="1" /><HOUSE ID="126752306" OBJECTID="165173619" OBJECTGUID="c288e7d0-81b4-4a6c-ab67-9d4ccd33242d" CHANGEID="600832491" HOUSENUM="17" HOUSETYPE="2" OPERTYPEID="10" PREVID="0" NEXTID="0" UPDATEDATE="2024-09-10" STARTDATE="2024-09-10" ENDDATE="2079-06-06" ISACTUAL="1" ISACTIVE="1" /><HOUSE ID="126752634" OBJECTID="165174709" OBJECTGUID="e4f7ce15-a3a9-4658-8486-b9baf557acf8" CHANGEID="600834163" HOUSENUM="17" ADDNUM1="1" HOUSETYPE="2" ADDTYPE1="1" OPERTYPEID="10" PREVID="0" NEXTID="0" UPDATEDATE="2024-09-10" STARTDATE="2024-09-10" ENDDATE="2079-06-06" ISACTUAL="1" ISACTIVE="1" /><HOUSE ID="126752675" OBJECTID="165174863" OBJECTGUID="1bff7f3c-4990-4549-ab3e-9e42cc8e870e" CHANGEID="600834498" HOUSENUM="14" HOUSETYPE="2" OPERTYPEID="10" PREVID="0" NEXTID="0" UPDATEDATE="2024-09-10" STARTDATE="2024-09-10" ENDDATE="2079-06-06" ISACTUAL="1" ISACTIVE="1" /><HOUSE ID="126753058" OBJECTID="165176716" OBJECTGUID="57f7dadd-93f0-491c-9ea3-f5a6c368e099" CHANGEID="600836924" HOUSENUM="7" HOUSETYPE="2" OPERTYPEID="10" PREVID="0" NEXTID="0" UPDATEDATE="2024-09-10" STARTDATE="2024-09-10" ENDDATE="2079-06-06" ISACTUAL="1" ISACTIVE="1" /><HOUSE ID="126753032" OBJECTID="165176578" OBJECTGUID="778f608c-d49c-47ab-9743-466bca37ea1d" CHANGEID="600836730" HOUSENUM="46" HOUSETYPE="2" OPERTYPEID="10" PREVID="0" NEXTID="0" UPDATEDATE="2024-09-10" STARTDATE="2024-09-10" ENDDATE="2079-06-06" ISACTUAL="1" ISACTIVE="1" /><HOUSE ID="126753098" OBJECTID="165176926" OBJECTGUID="b4006ce5-c52e-4140-bf04-d1c14aa59de4" CHANGEID="600837243" HOUSENUM="5" HOUSETYPE="2" OPERTYPEID="10" PREVID="0" NEXTID="0" UPDATEDATE="2024-09-10" STARTDATE="2024-09-10" ENDDATE="2079-06-06" ISACTUAL="1" ISACTIVE="1" /><HOUSE ID="126753360" OBJECTID="165178481" OBJECTGUID="d21f7e95-2b03-4e03-86cf-74b1b3897d7e" CHANGEID="600839586" HOUSENUM="9" HOUSETYPE="2" OPERTYPEID="10" PREVID="0" NEXTID="0" UPDATEDATE="2024-09-10" STARTDATE="2024-09-10" ENDDATE="2079-06-06" ISACTUAL="1" ISACTIVE="1" /><HOUSE ID="126754657" OBJECTID="165182935" OBJECTGUID="2bcb3d86-86aa-4e69-9905-13842284cbfa" CHANGEID="600847865" HOUSENUM="55" HOUSETYPE="2" OPERTYPEID="10" PREVID="0" NEXTID="0" UPDATEDATE="2024-09-10" STARTDATE="2024-09-10" ENDDATE="2079-06-06" ISACTUAL="1" ISACTIVE="1" /><HOUSE ID="126759822" OBJECTID="165210928" OBJECTGUID="08df25b9-f9d2-4d67-8f17-ed3852cf3678" CHANGEID="600913982" HOUSENUM="35" HOUSETYPE="2" OPERTYPEID="10" PREVID="0" NEXTID="0" UPDATEDATE="2024-09-11" STARTDATE="2024-09-11" ENDDATE="2079-06-06" ISACTUAL="1" ISACTIVE="1" /><HOUSE ID="126760059" OBJECTID="165212185" OBJECTGUID="2856c960-5b4f-472b-85b1-8c2d4e89255d" CHANGEID="600915792" HOUSENUM="21" HOUSETYPE="2" OPERTYPEID="10" PREVID="0" NEXTID="0" UPDATEDATE="2024-09-11" STARTDATE="2024-09-11" ENDDATE="2079-06-06" ISACTUAL="1" ISACTIVE="1" /><HOUSE ID="126760322" OBJECTID="165213679" OBJECTGUID="ba15aedd-38e3-4725-833b-a8791de8c56d" CHANGEID="600918159" HOUSENUM="18" ADDNUM1="1" HOUSETYPE="5" ADDTYPE1="1" OPERTYPEID="10" PREVID="0" NEXTID="0" UPDATEDATE="2024-09-11" STARTDATE="2024-09-11" ENDDATE="2079-06-06" ISACTUAL="1" ISACTIVE="1" /><HOUSE ID="126760963" OBJECTID="165216287" OBJECTGUID="6b268505-e8d3-4e7f-9880-0efe54b6e1ce" CHANGEID="600922918" HOUSENUM="4" HOUSETYPE="2" OPERTYPEID="10" PREVID="0" NEXTID="0" UPDATEDATE="2024-09-11" STARTDATE="2024-09-11" ENDDATE="2079-06-06" ISACTUAL="1" ISACTIVE="1" /><HOUSE ID="126761055" OBJECTID="165217230" OBJECTGUID="80593b4c-9df8-4e21-8e85-09c6d0825dac" CHANGEID="600924155" HOUSENUM="412" HOUSETYPE="2" OPERTYPEID="10" PREVID="0" NEXTID="0" UPDATEDATE="2024-09-11" STARTDATE="2024-09-11" ENDDATE="2079-06-06" ISACTUAL="1" ISACTIVE="1" /><HOUSE ID="126761086" OBJECTID="165217443" OBJECTGUID="04cb6c7e-a1b6-4f3f-9da9-d03c76279f4e" CHANGEID="600924455" HOUSENUM="7" HOUSETYPE="2" OPERTYPEID="10" PREVID="0" NEXTID="0" UPDATEDATE="2024-09-11" STARTDATE="2024-09-11" ENDDATE="2079-06-06" ISACTUAL="1" ISACTIVE="1" /><HOUSE ID="126761099" OBJECTID="165217487" OBJECTGUID="29b866f5-ae76-47a2-967e-7bd227f6b443" CHANGEID="600924530" HOUSENUM="44" HOUSETYPE="2" OPERTYPEID="10" PREVID="0" NEXTID="0" UPDATEDATE="2024-09-11" STARTDATE="2024-09-11" ENDDATE="2079-06-06" ISACTUAL="1" ISACTIVE="1" /><HOUSE ID="126761100" OBJECTID="165217488" OBJECTGUID="e0d381b6-bfc4-4111-852f-879d9d1dc7f0" CHANGEID="600924531" HOUSENUM="39" HOUSETYPE="2" OPERTYPEID="10" PREVID="0" NEXTID="0" UPDATEDATE="2024-09-11" STARTDATE="2024-09-11" ENDDATE="2079-06-06" ISACTUAL="1" ISACTIVE="1" /><HOUSE ID="126761101" OBJECTID="165217489" OBJECTGUID="4c81c3ac-60d2-494a-8535-16340ce47cf2" CHANGEID="600924532" HOUSENUM="33" HOUSETYPE="2" OPERTYPEID="10" PREVID="0" NEXTID="0" UPDATEDATE="2024-09-11" STARTDATE="2024-09-11" ENDDATE="2079-06-06" ISACTUAL="1" ISACTIVE="1" /><HOUSE ID="126761105" OBJECTID="165217503" OBJECTGUID="19fadad7-8ad7-4844-83a0-cc1eceee787c" CHANGEID="600924555" HOUSENUM="5" HOUSETYPE="2" OPERTYPEID="10" PREVID="0" NEXTID="0" UPDATEDATE="2024-09-11" STARTDATE="2024-09-11" ENDDATE="2079-06-06" ISACTUAL="1" ISACTIVE="1" /><HOUSE ID="126761111" OBJECTID="165217520" OBJECTGUID="78b94ca2-d625-484a-8ead-09a3df87e5e3" CHANGEID="600924587" HOUSENUM="6" HOUSETYPE="2" OPERTYPEID="10" PREVID="0" NEXTID="0" UPDATEDATE="2024-09-11" STARTDATE="2024-09-11" ENDDATE="2079-06-06" ISACTUAL="1" ISACTIVE="1" /><HOUSE ID="126761462" OBJECTID="165219219" OBJECTGUID="129310da-ebfd-46f1-9345-ca923fc2a29e" CHANGEID="600928835" HOUSENUM="9" HOUSETYPE="2" OPERTYPEID="10" PREVID="0" NEXTID="0" UPDATEDATE="2024-09-11" STARTDATE="2024-09-11" ENDDATE="2079-06-06" ISACTUAL="1" ISACTIVE="1" /><HOUSE ID="126761526" OBJECTID="165219792" OBJECTGUID="9d93da37-4c59-4071-b67e-8236325b5e86" CHANGEID="600929545" HOUSENUM="19" HOUSETYPE="2" OPERTYPEID="10" PREVID="0" NEXTID="0" UPDATEDATE="2024-09-11" STARTDATE="2024-09-11" ENDDATE="2079-06-06" ISACTUAL="1" ISACTIVE="1" /><HOUSE ID="126761591" OBJECTID="165219854" OBJECTGUID="c6af2239-cd7e-4b8d-91bf-e1fde6e49bf0" CHANGEID="600929979" HOUSENUM="42" HOUSETYPE="2" OPERTYPEID="10" PREVID="0" NEXTID="0" UPDATEDATE="2024-09-11" STARTDATE="2024-09-11" ENDDATE="2079-06-06" ISACTUAL="1" ISACTIVE="1" /><HOUSE ID="126761628" OBJECTID="165220022" OBJECTGUID="51bfffd2-d6ef-49f7-a278-c95351b13839" CHANGEID="600930214" HOUSENUM="56" HOUSETYPE="2" OPERTYPEID="10" PREVID="0" NEXTID="0" UPDATEDATE="2024-09-11" STARTDATE="2024-09-11" ENDDATE="2079-06-06" ISACTUAL="1" ISACTIVE="1" /><HOUSE ID="126761672" OBJECTID="165220243" OBJECTGUID="ce9fbe8e-8c83-43d8-985f-7ff16d822684" CHANGEID="600930643" HOUSENUM="13Б" HOUSETYPE="2" OPERTYPEID="10" PREVID="0" NEXTID="0" UPDATEDATE="2024-09-11" STARTDATE="2024-09-11" ENDDATE="2079-06-06" ISACTUAL="1" ISACTIVE="1" /><HOUSE ID="126761720" OBJECTID="165220490" OBJECTGUID="3040e05a-d38f-4fb4-91b5-3be80c55120d" CHANGEID="600931089" HOUSENUM="1" HOUSETYPE="2" OPERTYPEID="10" PREVID="0" NEXTID="0" UPDATEDATE="2024-09-11" STARTDATE="2024-09-11" ENDDATE="2079-06-06" ISACTUAL="1" ISACTIVE="1" /><HOUSE ID="126761780" OBJECTID="165220815" OBJECTGUID="b1203eb3-c185-4efd-8afb-1e86cec70ada" CHANGEID="600931758" HOUSENUM="29" HOUSETYPE="2" OPERTYPEID="10" PREVID="0" NEXTID="0" UPDATEDATE="2024-09-11" STARTDATE="2024-09-11" ENDDATE="2079-06-06" ISACTUAL="1" ISACTIVE="1" /><HOUSE ID="126761786" OBJECTID="165220869" OBJECTGUID="f963c59c-a829-498a-bffa-37783b12d36d" CHANGEID="600931837" HOUSENUM="13" HOUSETYPE="2" OPERTYPEID="10" PREVID="0" NEXTID="0" UPDATEDATE="2024-09-11" STARTDATE="2024-09-11" ENDDATE="2079-06-06" ISACTUAL="1" ISACTIVE="1" /><HOUSE ID="126761819" OBJECTID="165221098" OBJECTGUID="e0f0944c-9124-4be3-b8ea-40fc9bd93449" CHANGEID="600932138" HOUSENUM="8" HOUSETYPE="2" OPERTYPEID="10" PREVID="0" NEXTID="0" UPDATEDATE="2024-09-11" STARTDATE="2024-09-11" ENDDATE="2079-06-06" ISACTUAL="1" ISACTIVE="1" /><HOUSE ID="126761886" OBJECTID="165221280" OBJECTGUID="ed1bbacc-dcee-4886-9d6e-9d905fe0416c" CHANGEID="600932379" HOUSENUM="28" HOUSETYPE="2" OPERTYPEID="10" PREVID="0" NEXTID="0" UPDATEDATE="2024-09-11" STARTDATE="2024-09-11" ENDDATE="2079-06-06" ISACTUAL="1" ISACTIVE="1" /><HOUSE ID="126761893" OBJECTID="165221348" OBJECTGUID="a244f50e-e6c9-4a89-8f44-4e45960316af" CHANGEID="600932458" HOUSENUM="6" HOUSETYPE="2" OPERTYPEID="10" PREVID="0" NEXTID="0" UPDATEDATE="2024-09-11" STARTDATE="2024-09-11" ENDDATE="2079-06-06" ISACTUAL="1" ISACTIVE="1" /><HOUSE ID="126761975" OBJECTID="165221545" OBJECTGUID="ff12e371-0fbd-44c7-8e72-7cdd6a8f3133" CHANGEID="600933000" HOUSENUM="16А" HOUSETYPE="2" OPERTYPEID="10" PREVID="0" NEXTID="0" UPDATEDATE="2024-09-11" STARTDATE="2024-09-11" ENDDATE="2079-06-06" ISACTUAL="1" ISACTIVE="1" /><HOUSE ID="126762013" OBJECTID="165221634" OBJECTGUID="7b0069f6-4b1a-4020-968e-9a451a0eb0f3" CHANGEID="600933165" HOUSENUM="1" HOUSETYPE="2" OPERTYPEID="10" PREVID="0" NEXTID="0" UPDATEDATE="2024-09-11" STARTDATE="2024-09-11" ENDDATE="2079-06-06" ISACTUAL="1" ISACTIVE="1" /><HOUSE ID="126762070" OBJECTID="165221728" OBJECTGUID="f3c9d945-bec9-4f96-aef1-ac5c60a2943c" CHANGEID="600933289" HOUSENUM="7" HOUSETYPE="2" OPERTYPEID="10" PREVID="0" NEXTID="0" UPDATEDATE="2024-09-11" STARTDATE="2024-09-11" ENDDATE="2079-06-06" ISACTUAL="1" ISACTIVE="1" /><HOUSE ID="126762057" OBJECTID="165221705" OBJECTGUID="475c09c5-2609-484b-8c98-c7a2361b4b6a" CHANGEID="600933259" HOUSENUM="11А" HOUSETYPE="5" OPERTYPEID="10" PREVID="0" NEXTID="0" UPDATEDATE="2024-09-11" STARTDATE="2024-09-11" ENDDATE="2079-06-06" ISACTUAL="1" ISACTIVE="1" /></HOUSES>