﻿<?xml version="1.0" encoding="utf-8"?><STEADS><STEAD ID="2878332" OBJECTID="87420435" OBJECTGUID="5d92177c-f20f-44b9-8c0f-4aafe39621d0" CHANGEID="129495830" NUMBER="9" OPERTYPEID="10" NEXTID="68627010" UPDATEDATE="2024-09-05" STARTDATE="2018-05-03" ENDDATE="2024-09-05" ISACTUAL="0" ISACTIVE="0" /><STEAD ID="3161599" OBJECTID="87702721" OBJECTGUID="bf0ee34c-2aa3-43d3-a3dd-644c62f3433c" CHANGEID="129847891" NUMBER="4" OPERTYPEID="10" NEXTID="68627077" UPDATEDATE="2024-09-05" STARTDATE="2018-05-03" ENDDATE="2024-09-05" ISACTUAL="0" ISACTIVE="0" /><STEAD ID="68618212" OBJECTID="165068226" OBJECTGUID="06e8847a-999a-4fd8-8deb-ff91334f36d7" CHANGEID="600524115" NUMBER="5" OPERTYPEID="10" PREVID="0" NEXTID="0" UPDATEDATE="2024-09-05" STARTDATE="2024-09-05" ENDDATE="2079-06-06" ISACTUAL="1" ISACTIVE="1" /><STEAD ID="68618991" OBJECTID="165069789" OBJECTGUID="a3787414-328a-43b7-ac5e-9381c71bbf0b" CHANGEID="600526870" NUMBER="24" OPERTYPEID="10" PREVID="0" NEXTID="0" UPDATEDATE="2024-09-05" STARTDATE="2024-09-05" ENDDATE="2079-06-06" ISACTUAL="1" ISACTIVE="1" /><STEAD ID="68618992" OBJECTID="165069790" OBJECTGUID="54ed730b-304f-4173-9208-e83c560b5bb5" CHANGEID="600526871" NUMBER="24А" OPERTYPEID="10" PREVID="0" NEXTID="0" UPDATEDATE="2024-09-05" STARTDATE="2024-09-05" ENDDATE="2079-06-06" ISACTUAL="1" ISACTIVE="1" /><STEAD ID="68618993" OBJECTID="165069791" OBJECTGUID="ce62f354-f1bd-4e56-b63a-d7597beabd87" CHANGEID="600526872" NUMBER="26" OPERTYPEID="10" PREVID="0" NEXTID="0" UPDATEDATE="2024-09-05" STARTDATE="2024-09-05" ENDDATE="2079-06-06" ISACTUAL="1" ISACTIVE="1" /><STEAD ID="68618994" OBJECTID="165069792" OBJECTGUID="cc2c470b-70e1-44a7-8231-5334805845c2" CHANGEID="600526873" NUMBER="26А" OPERTYPEID="10" PREVID="0" NEXTID="0" UPDATEDATE="2024-09-05" STARTDATE="2024-09-05" ENDDATE="2079-06-06" ISACTUAL="1" ISACTIVE="1" /><STEAD ID="68618995" OBJECTID="165069793" OBJECTGUID="400e57c6-1b7c-4bd1-9441-84ff8e3f7bd6" CHANGEID="600526874" NUMBER="28" OPERTYPEID="10" PREVID="0" NEXTID="0" UPDATEDATE="2024-09-05" STARTDATE="2024-09-05" ENDDATE="2079-06-06" ISACTUAL="1" ISACTIVE="1" /><STEAD ID="68618996" OBJECTID="165069794" OBJECTGUID="3552d56a-52e2-4f05-9adf-53268deb66b0" CHANGEID="600526875" NUMBER="28А" OPERTYPEID="10" PREVID="0" NEXTID="0" UPDATEDATE="2024-09-05" STARTDATE="2024-09-05" ENDDATE="2079-06-06" ISACTUAL="1" ISACTIVE="1" /><STEAD ID="68618997" OBJECTID="165069795" OBJECTGUID="2c646ed1-3ab0-4618-b083-95e4119a56d8" CHANGEID="600526876" NUMBER="30" OPERTYPEID="10" PREVID="0" NEXTID="0" UPDATEDATE="2024-09-05" STARTDATE="2024-09-05" ENDDATE="2079-06-06" ISACTUAL="1" ISACTIVE="1" /><STEAD ID="68618998" OBJECTID="165069796" OBJECTGUID="54b4c81e-ae3b-412a-884a-10cb910c602c" CHANGEID="600526877" NUMBER="30А" OPERTYPEID="10" PREVID="0" NEXTID="0" UPDATEDATE="2024-09-05" STARTDATE="2024-09-05" ENDDATE="2079-06-06" ISACTUAL="1" ISACTIVE="1" /><STEAD ID="68621608" OBJECTID="165075710" OBJECTGUID="39ef82b6-f93b-4c8a-930c-f7a7be321b5f" CHANGEID="600536167" NUMBER="84" OPERTYPEID="10" PREVID="0" NEXTID="0" UPDATEDATE="2024-09-05" STARTDATE="2024-09-05" ENDDATE="2079-06-06" ISACTUAL="1" ISACTIVE="1" /><STEAD ID="68621659" OBJECTID="165075783" OBJECTGUID="655f603a-9f61-47fc-af5b-dc514ba1aeff" CHANGEID="600536287" NUMBER="193" OPERTYPEID="10" PREVID="0" NEXTID="0" UPDATEDATE="2024-09-05" STARTDATE="2024-09-05" ENDDATE="2079-06-06" ISACTUAL="1" ISACTIVE="1" /><STEAD ID="68624183" OBJECTID="165082104" OBJECTGUID="77e88083-475f-4dd9-9721-735a20a12c02" CHANGEID="600546208" NUMBER="16Е" OPERTYPEID="10" PREVID="0" NEXTID="0" UPDATEDATE="2024-09-05" STARTDATE="2024-09-05" ENDDATE="2079-06-06" ISACTUAL="1" ISACTIVE="1" /><STEAD ID="68624923" OBJECTID="165083847" OBJECTGUID="93f23cd3-5664-4c2a-a8d5-201277e17180" CHANGEID="600549205" NUMBER="5" OPERTYPEID="10" PREVID="0" NEXTID="0" UPDATEDATE="2024-09-05" STARTDATE="2024-09-05" ENDDATE="2079-06-06" ISACTUAL="1" ISACTIVE="1" /><STEAD ID="68624924" OBJECTID="165083848" OBJECTGUID="7ae5d47a-54f0-4fc6-a1c0-ffc6e1175854" CHANGEID="600549206" NUMBER="5А" OPERTYPEID="10" PREVID="0" NEXTID="0" UPDATEDATE="2024-09-05" STARTDATE="2024-09-05" ENDDATE="2079-06-06" ISACTUAL="1" ISACTIVE="1" /><STEAD ID="68625462" OBJECTID="165085169" OBJECTGUID="c9a42a0f-7aa1-434a-bd9e-ff4e2759f61e" CHANGEID="600551244" NUMBER="40" OPERTYPEID="10" PREVID="0" NEXTID="0" UPDATEDATE="2024-09-05" STARTDATE="2024-09-05" ENDDATE="2079-06-06" ISACTUAL="1" ISACTIVE="1" /><STEAD ID="68625463" OBJECTID="165085170" OBJECTGUID="06eb210f-049d-4059-8612-27f8fa7b39b0" CHANGEID="600551245" NUMBER="50" OPERTYPEID="10" PREVID="0" NEXTID="0" UPDATEDATE="2024-09-05" STARTDATE="2024-09-05" ENDDATE="2079-06-06" ISACTUAL="1" ISACTIVE="1" /><STEAD ID="68625464" OBJECTID="165085171" OBJECTGUID="d130cd95-b4f4-4cae-9278-478aeb627feb" CHANGEID="600551246" NUMBER="52" OPERTYPEID="10" PREVID="0" NEXTID="0" UPDATEDATE="2024-09-05" STARTDATE="2024-09-05" ENDDATE="2079-06-06" ISACTUAL="1" ISACTIVE="1" /><STEAD ID="68625465" OBJECTID="165085172" OBJECTGUID="a921cdf3-0b50-4de9-89a4-c6e6888125cf" CHANGEID="600551247" NUMBER="54" OPERTYPEID="10" PREVID="0" NEXTID="0" UPDATEDATE="2024-09-05" STARTDATE="2024-09-05" ENDDATE="2079-06-06" ISACTUAL="1" ISACTIVE="1" /><STEAD ID="68625466" OBJECTID="165085173" OBJECTGUID="ae2acc44-1140-4c9d-80e8-a25453bc3047" CHANGEID="600551248" NUMBER="56" OPERTYPEID="10" PREVID="0" NEXTID="0" UPDATEDATE="2024-09-05" STARTDATE="2024-09-05" ENDDATE="2079-06-06" ISACTUAL="1" ISACTIVE="1" /><STEAD ID="68625467" OBJECTID="165085174" OBJECTGUID="4d0cf7fa-a8c8-4cae-98ec-337a22843a5f" CHANGEID="600551249" NUMBER="56А" OPERTYPEID="10" PREVID="0" NEXTID="0" UPDATEDATE="2024-09-05" STARTDATE="2024-09-05" ENDDATE="2079-06-06" ISACTUAL="1" ISACTIVE="1" /><STEAD ID="68625468" OBJECTID="165085175" OBJECTGUID="d19756a0-c843-44be-b762-f81f5c8e6fcf" CHANGEID="600551250" NUMBER="58А" OPERTYPEID="10" PREVID="0" NEXTID="0" UPDATEDATE="2024-09-05" STARTDATE="2024-09-05" ENDDATE="2079-06-06" ISACTUAL="1" ISACTIVE="1" /><STEAD ID="68625469" OBJECTID="165085176" OBJECTGUID="8c106355-ae01-4d24-90ab-05ad5d35981c" CHANGEID="600551251" NUMBER="60А" OPERTYPEID="10" PREVID="0" NEXTID="0" UPDATEDATE="2024-09-05" STARTDATE="2024-09-05" ENDDATE="2079-06-06" ISACTUAL="1" ISACTIVE="1" /><STEAD ID="68625470" OBJECTID="165085177" OBJECTGUID="06210533-600a-4d06-993c-21ee2875ac3a" CHANGEID="600551252" NUMBER="66Б" OPERTYPEID="10" PREVID="0" NEXTID="0" UPDATEDATE="2024-09-05" STARTDATE="2024-09-05" ENDDATE="2079-06-06" ISACTUAL="1" ISACTIVE="1" /><STEAD ID="68625471" OBJECTID="165085178" OBJECTGUID="8c99ce0d-7691-40f6-96d0-f48bc645499e" CHANGEID="600551253" NUMBER="66А" OPERTYPEID="10" PREVID="0" NEXTID="0" UPDATEDATE="2024-09-05" STARTDATE="2024-09-05" ENDDATE="2079-06-06" ISACTUAL="1" ISACTIVE="1" /><STEAD ID="68625472" OBJECTID="165085179" OBJECTGUID="985d12da-0190-40e2-a415-dc5892d6eda5" CHANGEID="600551254" NUMBER="61В" OPERTYPEID="10" PREVID="0" NEXTID="0" UPDATEDATE="2024-09-05" STARTDATE="2024-09-05" ENDDATE="2079-06-06" ISACTUAL="1" ISACTIVE="1" /><STEAD ID="68625473" OBJECTID="165085180" OBJECTGUID="327239e7-2fe0-491c-9680-6770e32b3547" CHANGEID="600551255" NUMBER="61Б" OPERTYPEID="10" PREVID="0" NEXTID="0" UPDATEDATE="2024-09-05" STARTDATE="2024-09-05" ENDDATE="2079-06-06" ISACTUAL="1" ISACTIVE="1" /><STEAD ID="68625474" OBJECTID="165085181" OBJECTGUID="00921974-a85d-4186-8866-88fe88d75ef6" CHANGEID="600551256" NUMBER="61А" OPERTYPEID="10" PREVID="0" NEXTID="0" UPDATEDATE="2024-09-05" STARTDATE="2024-09-05" ENDDATE="2079-06-06" ISACTUAL="1" ISACTIVE="1" /><STEAD ID="68625475" OBJECTID="165085182" OBJECTGUID="a768325b-9d82-4ce4-a846-b2fcb40f776b" CHANGEID="600551257" NUMBER="61" OPERTYPEID="10" PREVID="0" NEXTID="0" UPDATEDATE="2024-09-05" STARTDATE="2024-09-05" ENDDATE="2079-06-06" ISACTUAL="1" ISACTIVE="1" /><STEAD ID="68625476" OBJECTID="165085183" OBJECTGUID="5215916e-4870-4384-8f09-aaafeefcead7" CHANGEID="600551258" NUMBER="60Б" OPERTYPEID="10" PREVID="0" NEXTID="0" UPDATEDATE="2024-09-05" STARTDATE="2024-09-05" ENDDATE="2079-06-06" ISACTUAL="1" ISACTIVE="1" /><STEAD ID="68625477" OBJECTID="165085184" OBJECTGUID="464506d2-1535-4ef5-9593-eb385e83b956" CHANGEID="600551259" NUMBER="60" OPERTYPEID="10" PREVID="0" NEXTID="0" UPDATEDATE="2024-09-05" STARTDATE="2024-09-05" ENDDATE="2079-06-06" ISACTUAL="1" ISACTIVE="1" /><STEAD ID="68625478" OBJECTID="165085185" OBJECTGUID="7a072dd0-bd73-49aa-a8a7-7d670ecf9b2b" CHANGEID="600551260" NUMBER="59В" OPERTYPEID="10" PREVID="0" NEXTID="0" UPDATEDATE="2024-09-05" STARTDATE="2024-09-05" ENDDATE="2079-06-06" ISACTUAL="1" ISACTIVE="1" /><STEAD ID="68625479" OBJECTID="165085186" OBJECTGUID="4d594ae1-3e84-4074-a28d-449ff106b9f6" CHANGEID="600551261" NUMBER="59Б" OPERTYPEID="10" PREVID="0" NEXTID="0" UPDATEDATE="2024-09-05" STARTDATE="2024-09-05" ENDDATE="2079-06-06" ISACTUAL="1" ISACTIVE="1" /><STEAD ID="68625480" OBJECTID="165085187" OBJECTGUID="c869a2aa-6039-4f83-8990-041c3f92fb13" CHANGEID="600551262" NUMBER="59А" OPERTYPEID="10" PREVID="0" NEXTID="0" UPDATEDATE="2024-09-05" STARTDATE="2024-09-05" ENDDATE="2079-06-06" ISACTUAL="1" ISACTIVE="1" /><STEAD ID="68625481" OBJECTID="165085188" OBJECTGUID="e2b22b22-6274-485b-8148-366495c21f05" CHANGEID="600551263" NUMBER="59" OPERTYPEID="10" PREVID="0" NEXTID="0" UPDATEDATE="2024-09-05" STARTDATE="2024-09-05" ENDDATE="2079-06-06" ISACTUAL="1" ISACTIVE="1" /><STEAD ID="68625482" OBJECTID="165085189" OBJECTGUID="548521eb-dd5b-4e86-80e7-2ccb49984147" CHANGEID="600551264" NUMBER="58" OPERTYPEID="10" PREVID="0" NEXTID="0" UPDATEDATE="2024-09-05" STARTDATE="2024-09-05" ENDDATE="2079-06-06" ISACTUAL="1" ISACTIVE="1" /><STEAD ID="68625483" OBJECTID="165085190" OBJECTGUID="f8a3954f-4d2b-44fc-ae88-e76f08365586" CHANGEID="600551265" NUMBER="57" OPERTYPEID="10" PREVID="0" NEXTID="0" UPDATEDATE="2024-09-05" STARTDATE="2024-09-05" ENDDATE="2079-06-06" ISACTUAL="1" ISACTIVE="1" /><STEAD ID="68625484" OBJECTID="165085191" OBJECTGUID="d7c212d4-acff-4aee-b4e7-08f32d4fe572" CHANGEID="600551266" NUMBER="55" OPERTYPEID="10" PREVID="0" NEXTID="0" UPDATEDATE="2024-09-05" STARTDATE="2024-09-05" ENDDATE="2079-06-06" ISACTUAL="1" ISACTIVE="1" /><STEAD ID="68625485" OBJECTID="165085192" OBJECTGUID="4e831df8-288c-4b39-89b8-7c18661fdc29" CHANGEID="600551267" NUMBER="53В" OPERTYPEID="10" PREVID="0" NEXTID="0" UPDATEDATE="2024-09-05" STARTDATE="2024-09-05" ENDDATE="2079-06-06" ISACTUAL="1" ISACTIVE="1" /><STEAD ID="68625486" OBJECTID="165085193" OBJECTGUID="d285eef7-1e33-43f1-86b4-2ea51a560541" CHANGEID="600551268" NUMBER="53Б" OPERTYPEID="10" PREVID="0" NEXTID="0" UPDATEDATE="2024-09-05" STARTDATE="2024-09-05" ENDDATE="2079-06-06" ISACTUAL="1" ISACTIVE="1" /><STEAD ID="68625487" OBJECTID="165085194" OBJECTGUID="86b8d86b-0e07-4ae8-b9ff-61bb7121cd8a" CHANGEID="600551269" NUMBER="53А" OPERTYPEID="10" PREVID="0" NEXTID="0" UPDATEDATE="2024-09-05" STARTDATE="2024-09-05" ENDDATE="2079-06-06" ISACTUAL="1" ISACTIVE="1" /><STEAD ID="68625488" OBJECTID="165085195" OBJECTGUID="cad1c596-a084-4494-9ed0-87c2e30e2fc8" CHANGEID="600551270" NUMBER="53" OPERTYPEID="10" PREVID="0" NEXTID="0" UPDATEDATE="2024-09-05" STARTDATE="2024-09-05" ENDDATE="2079-06-06" ISACTUAL="1" ISACTIVE="1" /><STEAD ID="68625489" OBJECTID="165085196" OBJECTGUID="5d22704d-4820-4b7a-8cc1-312e4dbbe873" CHANGEID="600551271" NUMBER="51Б" OPERTYPEID="10" PREVID="0" NEXTID="0" UPDATEDATE="2024-09-05" STARTDATE="2024-09-05" ENDDATE="2079-06-06" ISACTUAL="1" ISACTIVE="1" /><STEAD ID="68625490" OBJECTID="165085197" OBJECTGUID="6b455d04-9ac7-4fd6-a1a6-67a813f907c8" CHANGEID="600551272" NUMBER="51А" OPERTYPEID="10" PREVID="0" NEXTID="0" UPDATEDATE="2024-09-05" STARTDATE="2024-09-05" ENDDATE="2079-06-06" ISACTUAL="1" ISACTIVE="1" /><STEAD ID="68625491" OBJECTID="165085198" OBJECTGUID="73ec933d-ae82-410b-8d9d-4eb540246054" CHANGEID="600551273" NUMBER="51" OPERTYPEID="10" PREVID="0" NEXTID="0" UPDATEDATE="2024-09-05" STARTDATE="2024-09-05" ENDDATE="2079-06-06" ISACTUAL="1" ISACTIVE="1" /><STEAD ID="68625492" OBJECTID="165085199" OBJECTGUID="868f7079-0b6e-465a-ae73-a2becb9abe85" CHANGEID="600551274" NUMBER="50А" OPERTYPEID="10" PREVID="0" NEXTID="0" UPDATEDATE="2024-09-05" STARTDATE="2024-09-05" ENDDATE="2079-06-06" ISACTUAL="1" ISACTIVE="1" /><STEAD ID="68625493" OBJECTID="165085200" OBJECTGUID="6fc9876a-9920-4918-b9c8-fa926066f80d" CHANGEID="600551275" NUMBER="49Б" OPERTYPEID="10" PREVID="0" NEXTID="0" UPDATEDATE="2024-09-05" STARTDATE="2024-09-05" ENDDATE="2079-06-06" ISACTUAL="1" ISACTIVE="1" /><STEAD ID="68625494" OBJECTID="165085201" OBJECTGUID="3b8743af-cc32-4e9b-a67a-dd0f84dff8e5" CHANGEID="600551276" NUMBER="49А" OPERTYPEID="10" PREVID="0" NEXTID="0" UPDATEDATE="2024-09-05" STARTDATE="2024-09-05" ENDDATE="2079-06-06" ISACTUAL="1" ISACTIVE="1" /><STEAD ID="68625495" OBJECTID="165085202" OBJECTGUID="1eba31fc-3e65-4f0b-9893-da3a17fb4cac" CHANGEID="600551277" NUMBER="47Б" OPERTYPEID="10" PREVID="0" NEXTID="0" UPDATEDATE="2024-09-05" STARTDATE="2024-09-05" ENDDATE="2079-06-06" ISACTUAL="1" ISACTIVE="1" /><STEAD ID="68625496" OBJECTID="165085203" OBJECTGUID="879c0a30-0053-4852-80c4-ede17dd7d60a" CHANGEID="600551278" NUMBER="47Д" OPERTYPEID="10" PREVID="0" NEXTID="0" UPDATEDATE="2024-09-05" STARTDATE="2024-09-05" ENDDATE="2079-06-06" ISACTUAL="1" ISACTIVE="1" /><STEAD ID="68627010" OBJECTID="87420435" OBJECTGUID="5d92177c-f20f-44b9-8c0f-4aafe39621d0" CHANGEID="600557244" NUMBER="9" OPERTYPEID="30" PREVID="2878332" NEXTID="0" UPDATEDATE="2024-09-05" STARTDATE="2024-09-05" ENDDATE="2079-06-06" ISACTUAL="1" ISACTIVE="0" /><STEAD ID="68627077" OBJECTID="87702721" OBJECTGUID="bf0ee34c-2aa3-43d3-a3dd-644c62f3433c" CHANGEID="600557572" NUMBER="4" OPERTYPEID="30" PREVID="3161599" NEXTID="0" UPDATEDATE="2024-09-05" STARTDATE="2024-09-05" ENDDATE="2079-06-06" ISACTUAL="1" ISACTIVE="0" /><STEAD ID="68632464" OBJECTID="165097350" OBJECTGUID="24eba5f7-5fac-4c6d-bdff-d450dae7fc56" CHANGEID="600574101" NUMBER="176" OPERTYPEID="10" PREVID="0" NEXTID="0" UPDATEDATE="2024-09-06" STARTDATE="2024-09-06" ENDDATE="2079-06-06" ISACTUAL="1" ISACTIVE="1" /><STEAD ID="68632468" OBJECTID="165097364" OBJECTGUID="3cdd8997-c95e-4bb4-8859-a6a7b32758c3" CHANGEID="600574199" NUMBER="2" OPERTYPEID="10" PREVID="0" NEXTID="0" UPDATEDATE="2024-09-06" STARTDATE="2024-09-06" ENDDATE="2079-06-06" ISACTUAL="1" ISACTIVE="1" /><STEAD ID="68632469" OBJECTID="165097365" OBJECTGUID="7de550b7-6f37-4417-a281-8bd20372d0b6" CHANGEID="600574200" NUMBER="3" OPERTYPEID="10" PREVID="0" NEXTID="0" UPDATEDATE="2024-09-06" STARTDATE="2024-09-06" ENDDATE="2079-06-06" ISACTUAL="1" ISACTIVE="1" /><STEAD ID="68637654" OBJECTID="165105578" OBJECTGUID="ffd97b35-abac-45d5-9b68-da01754f0901" CHANGEID="600588648" NUMBER="24А" OPERTYPEID="10" PREVID="0" NEXTID="0" UPDATEDATE="2024-09-06" STARTDATE="2024-09-06" ENDDATE="2079-06-06" ISACTUAL="1" ISACTIVE="1" /><STEAD ID="68637773" OBJECTID="165105724" OBJECTGUID="99d989fc-65f0-4fee-91fb-d31288127ff8" CHANGEID="600588887" NUMBER="195" OPERTYPEID="10" PREVID="0" NEXTID="0" UPDATEDATE="2024-09-06" STARTDATE="2024-09-06" ENDDATE="2079-06-06" ISACTUAL="1" ISACTIVE="1" /><STEAD ID="68638217" OBJECTID="165106308" OBJECTGUID="463206b0-cfee-43d2-ad8d-12686731771a" CHANGEID="600589976" NUMBER="361" OPERTYPEID="10" PREVID="0" NEXTID="0" UPDATEDATE="2024-09-06" STARTDATE="2024-09-06" ENDDATE="2079-06-06" ISACTUAL="1" ISACTIVE="1" /><STEAD ID="68638219" OBJECTID="165106310" OBJECTGUID="b1bf3fd4-44a5-4b8e-8575-5f9aff12dd30" CHANGEID="600589993" NUMBER="360" OPERTYPEID="10" PREVID="0" NEXTID="0" UPDATEDATE="2024-09-06" STARTDATE="2024-09-06" ENDDATE="2079-06-06" ISACTUAL="1" ISACTIVE="1" /><STEAD ID="68638259" OBJECTID="165106359" OBJECTGUID="cdf5cf88-2afc-40b5-8d73-2d7689e45c86" CHANGEID="600590092" NUMBER="54" OPERTYPEID="10" PREVID="0" NEXTID="0" UPDATEDATE="2024-09-06" STARTDATE="2024-09-06" ENDDATE="2079-06-06" ISACTUAL="1" ISACTIVE="1" /><STEAD ID="68643725" OBJECTID="165115823" OBJECTGUID="6dcb2afd-cea8-4ceb-b1b9-47d9cc632ff2" CHANGEID="600706077" NUMBER="43" OPERTYPEID="10" PREVID="0" NEXTID="0" UPDATEDATE="2024-09-06" STARTDATE="2024-09-06" ENDDATE="2079-06-06" ISACTUAL="1" ISACTIVE="1" /><STEAD ID="68643726" OBJECTID="165115824" OBJECTGUID="edd6b70a-f8b0-499b-b0f9-ec9be610fd86" CHANGEID="600706078" NUMBER="39" OPERTYPEID="10" PREVID="0" NEXTID="0" UPDATEDATE="2024-09-06" STARTDATE="2024-09-06" ENDDATE="2079-06-06" ISACTUAL="1" ISACTIVE="1" /><STEAD ID="68643681" OBJECTID="165115682" OBJECTGUID="15adc3b0-7fa8-4600-bd64-98b917b10d19" CHANGEID="600705849" NUMBER="16" OPERTYPEID="10" PREVID="0" NEXTID="0" UPDATEDATE="2024-09-06" STARTDATE="2024-09-06" ENDDATE="2079-06-06" ISACTUAL="1" ISACTIVE="1" /><STEAD ID="68643736" OBJECTID="165115840" OBJECTGUID="61f5c5bf-cc20-4a32-b339-62298e67f33b" CHANGEID="600706106" NUMBER="6" OPERTYPEID="10" PREVID="0" NEXTID="0" UPDATEDATE="2024-09-06" STARTDATE="2024-09-06" ENDDATE="2079-06-06" ISACTUAL="1" ISACTIVE="1" /><STEAD ID="68643763" OBJECTID="165115873" OBJECTGUID="d4f46f04-2b09-4800-9305-9179fb36a0db" CHANGEID="600706184" NUMBER="5" OPERTYPEID="10" PREVID="0" NEXTID="0" UPDATEDATE="2024-09-06" STARTDATE="2024-09-06" ENDDATE="2079-06-06" ISACTUAL="1" ISACTIVE="1" /><STEAD ID="68657910" OBJECTID="165139296" OBJECTGUID="ab04a722-47f2-4ff6-a436-94a4d8691495" CHANGEID="600772966" NUMBER="4" OPERTYPEID="10" PREVID="0" NEXTID="0" UPDATEDATE="2024-09-09" STARTDATE="2024-09-09" ENDDATE="2079-06-06" ISACTUAL="1" ISACTIVE="1" /><STEAD ID="68658827" OBJECTID="165141446" OBJECTGUID="d7cc35f0-4ec4-48b8-85a9-337b1b2fcbb1" CHANGEID="600776523" NUMBER="4" OPERTYPEID="10" PREVID="0" NEXTID="0" UPDATEDATE="2024-09-09" STARTDATE="2024-09-09" ENDDATE="2079-06-06" ISACTUAL="1" ISACTIVE="1" /><STEAD ID="68658859" OBJECTID="165141504" OBJECTGUID="8d317bb6-d670-4dee-9e62-c4a0748abbe3" CHANGEID="600776671" NUMBER="18" OPERTYPEID="10" PREVID="0" NEXTID="0" UPDATEDATE="2024-09-09" STARTDATE="2024-09-09" ENDDATE="2079-06-06" ISACTUAL="1" ISACTIVE="1" /><STEAD ID="68658932" OBJECTID="165141647" OBJECTGUID="a27fa038-261f-474b-9051-609035fa1823" CHANGEID="600776984" NUMBER="8А" OPERTYPEID="10" PREVID="0" NEXTID="0" UPDATEDATE="2024-09-09" STARTDATE="2024-09-09" ENDDATE="2079-06-06" ISACTUAL="1" ISACTIVE="1" /><STEAD ID="68658969" OBJECTID="165141690" OBJECTGUID="29767de5-6319-4102-8f36-b4c4f23e073d" CHANGEID="600777050" NUMBER="13" OPERTYPEID="10" PREVID="0" NEXTID="0" UPDATEDATE="2024-09-09" STARTDATE="2024-09-09" ENDDATE="2079-06-06" ISACTUAL="1" ISACTIVE="1" /><STEAD ID="68659021" OBJECTID="165141825" OBJECTGUID="e31fce55-c2df-443d-914b-552ff439fb6a" CHANGEID="600777261" NUMBER="28А" OPERTYPEID="10" PREVID="0" NEXTID="0" UPDATEDATE="2024-09-09" STARTDATE="2024-09-09" ENDDATE="2079-06-06" ISACTUAL="1" ISACTIVE="1" /><STEAD ID="68659421" OBJECTID="85821740" OBJECTGUID="b5749138-0a51-440d-ab21-18c84412e0e2" CHANGEID="600779217" NUMBER="4" OPERTYPEID="30" PREVID="1272798" NEXTID="0" UPDATEDATE="2024-09-09" STARTDATE="2024-09-09" ENDDATE="2079-06-06" ISACTUAL="1" ISACTIVE="0" /><STEAD ID="1272798" OBJECTID="85821740" OBJECTGUID="b5749138-0a51-440d-ab21-18c84412e0e2" CHANGEID="127392465" NUMBER="4" OPERTYPEID="10" NEXTID="68659421" UPDATEDATE="2024-09-09" STARTDATE="2016-12-02" ENDDATE="2024-09-09" ISACTUAL="0" ISACTIVE="0" /><STEAD ID="68660045" OBJECTID="165143649" OBJECTGUID="021042c5-0d01-4e1c-a0f8-de07384f1285" CHANGEID="600780798" NUMBER="19В" OPERTYPEID="10" PREVID="0" NEXTID="0" UPDATEDATE="2024-09-09" STARTDATE="2024-09-09" ENDDATE="2079-06-06" ISACTUAL="1" ISACTIVE="1" /><STEAD ID="68660190" OBJECTID="165143842" OBJECTGUID="5128d851-228a-4e11-99d5-aa056ef46ff9" CHANGEID="600781078" NUMBER="5" OPERTYPEID="10" PREVID="0" NEXTID="0" UPDATEDATE="2024-09-09" STARTDATE="2024-09-09" ENDDATE="2079-06-06" ISACTUAL="1" ISACTIVE="1" /><STEAD ID="68661107" OBJECTID="165145349" OBJECTGUID="03d2d22e-4dd2-4b40-9284-8e1a1b0805c6" CHANGEID="600783460" NUMBER="14" OPERTYPEID="10" PREVID="0" NEXTID="0" UPDATEDATE="2024-09-09" STARTDATE="2024-09-09" ENDDATE="2079-06-06" ISACTUAL="1" ISACTIVE="1" /><STEAD ID="68661645" OBJECTID="165146373" OBJECTGUID="b87e5a7a-32b8-45cb-96d1-036199bba866" CHANGEID="600784834" NUMBER="9" OPERTYPEID="10" PREVID="0" NEXTID="0" UPDATEDATE="2024-09-09" STARTDATE="2024-09-09" ENDDATE="2079-06-06" ISACTUAL="1" ISACTIVE="1" /><STEAD ID="68661788" OBJECTID="165146539" OBJECTGUID="cda245b7-f926-4501-b7bd-d4142e9cea1e" CHANGEID="600785092" NUMBER="2" OPERTYPEID="10" PREVID="0" NEXTID="0" UPDATEDATE="2024-09-09" STARTDATE="2024-09-09" ENDDATE="2079-06-06" ISACTUAL="1" ISACTIVE="1" /><STEAD ID="68661810" OBJECTID="87050557" OBJECTGUID="06056c88-e0f8-490d-aaa1-3047bdd321b8" CHANGEID="600785170" NUMBER="39" OPERTYPEID="40" PREVID="2507074" UPDATEDATE="2024-09-09" STARTDATE="2024-09-09" ENDDATE="2079-06-06" ISACTUAL="1" ISACTIVE="1" /><STEAD ID="2507074" OBJECTID="87050557" OBJECTGUID="06056c88-e0f8-490d-aaa1-3047bdd321b8" CHANGEID="129019792" NUMBER="39" OPERTYPEID="10" NEXTID="68661810" UPDATEDATE="2024-09-09" STARTDATE="2018-02-12" ENDDATE="2024-09-09" ISACTUAL="0" ISACTIVE="0" /><STEAD ID="8596395" OBJECTID="93129888" OBJECTGUID="510ff107-8250-43fd-83f9-ca05781be049" CHANGEID="135993360" NUMBER="41" OPERTYPEID="10" NEXTID="68661811" UPDATEDATE="2024-09-09" STARTDATE="2018-02-12" ENDDATE="2024-09-09" ISACTUAL="0" ISACTIVE="0" /><STEAD ID="68661811" OBJECTID="93129888" OBJECTGUID="510ff107-8250-43fd-83f9-ca05781be049" CHANGEID="600785171" NUMBER="41" OPERTYPEID="42" PREVID="8596395" NEXTID="68661810" UPDATEDATE="2024-09-09" STARTDATE="2024-09-09" ENDDATE="2079-06-06" ISACTUAL="1" ISACTIVE="0" /><STEAD ID="68676343" OBJECTID="165171334" OBJECTGUID="a51aeb10-1a83-43b8-93a0-cbaa52d1ed6a" CHANGEID="600828393" NUMBER="19" OPERTYPEID="10" PREVID="0" NEXTID="0" UPDATEDATE="2024-09-10" STARTDATE="2024-09-10" ENDDATE="2079-06-06" ISACTUAL="1" ISACTIVE="1" /><STEAD ID="68677101" OBJECTID="165172485" OBJECTGUID="07db0bff-12b3-4977-a3a6-6f03de4c0345" CHANGEID="600830749" NUMBER="1" OPERTYPEID="10" PREVID="0" NEXTID="0" UPDATEDATE="2024-09-10" STARTDATE="2024-09-10" ENDDATE="2079-06-06" ISACTUAL="1" ISACTIVE="1" /><STEAD ID="68679278" OBJECTID="165176529" OBJECTGUID="481509ce-367b-43d4-b7dd-4fb29a8b9022" CHANGEID="600836650" NUMBER="14" OPERTYPEID="10" PREVID="0" NEXTID="0" UPDATEDATE="2024-09-10" STARTDATE="2024-09-10" ENDDATE="2079-06-06" ISACTUAL="1" ISACTIVE="1" /><STEAD ID="68679356" OBJECTID="165176632" OBJECTGUID="624af2bc-8625-4241-a62c-c09e8548a117" CHANGEID="600836796" NUMBER="46" OPERTYPEID="10" PREVID="0" NEXTID="0" UPDATEDATE="2024-09-10" STARTDATE="2024-09-10" ENDDATE="2079-06-06" ISACTUAL="1" ISACTIVE="1" /><STEAD ID="68679603" OBJECTID="165176973" OBJECTGUID="1604b3b1-b1a4-45f0-b638-fbd6f86da16b" CHANGEID="600837308" NUMBER="5" OPERTYPEID="10" PREVID="0" NEXTID="0" UPDATEDATE="2024-09-10" STARTDATE="2024-09-10" ENDDATE="2079-06-06" ISACTUAL="1" ISACTIVE="1" /><STEAD ID="68680481" OBJECTID="98636514" OBJECTGUID="a5a2751f-f0ad-4977-a732-be78cef0ff49" CHANGEID="600838948" NUMBER="76" OPERTYPEID="30" PREVID="12646811" NEXTID="0" UPDATEDATE="2024-09-10" STARTDATE="2024-09-10" ENDDATE="2079-06-06" ISACTUAL="1" ISACTIVE="0" /><STEAD ID="12646811" OBJECTID="98636514" OBJECTGUID="a5a2751f-f0ad-4977-a732-be78cef0ff49" CHANGEID="157365419" NUMBER="76" OPERTYPEID="10" PREVID="0" NEXTID="68680481" UPDATEDATE="2024-09-10" STARTDATE="2020-10-09" ENDDATE="2024-09-10" ISACTUAL="0" ISACTIVE="0" /><STEAD ID="68680529" OBJECTID="165178136" OBJECTGUID="5287b82a-dda9-4b9e-afaa-e311c7de068d" CHANGEID="600839043" NUMBER="29" OPERTYPEID="10" PREVID="0" NEXTID="0" UPDATEDATE="2024-09-10" STARTDATE="2024-09-10" ENDDATE="2079-06-06" ISACTUAL="1" ISACTIVE="1" /><STEAD ID="68680738" OBJECTID="165178412" OBJECTGUID="2a27dff2-cd84-4780-95ca-f894953d2788" CHANGEID="600839480" NUMBER="9" OPERTYPEID="10" PREVID="0" NEXTID="0" UPDATEDATE="2024-09-10" STARTDATE="2024-09-10" ENDDATE="2079-06-06" ISACTUAL="1" ISACTIVE="1" /><STEAD ID="68681958" OBJECTID="165180780" OBJECTGUID="e99c657f-beff-48ae-a3fa-f78d848b7372" CHANGEID="600843901" NUMBER="24" OPERTYPEID="10" PREVID="0" NEXTID="0" UPDATEDATE="2024-09-10" STARTDATE="2024-09-10" ENDDATE="2079-06-06" ISACTUAL="1" ISACTIVE="1" /><STEAD ID="68682234" OBJECTID="165181243" OBJECTGUID="08f697ac-ad70-4c7f-9172-7726de802dff" CHANGEID="600844923" NUMBER="198А" OPERTYPEID="10" PREVID="0" NEXTID="0" UPDATEDATE="2024-09-10" STARTDATE="2024-09-10" ENDDATE="2079-06-06" ISACTUAL="1" ISACTIVE="1" /><STEAD ID="68682235" OBJECTID="165181244" OBJECTGUID="a97b925b-b5b7-4d83-80c0-31b974e8828a" CHANGEID="600844924" NUMBER="199А" OPERTYPEID="10" PREVID="0" NEXTID="0" UPDATEDATE="2024-09-10" STARTDATE="2024-09-10" ENDDATE="2079-06-06" ISACTUAL="1" ISACTIVE="1" /><STEAD ID="68682954" OBJECTID="165182453" OBJECTGUID="472f4b52-6ead-4219-a8fa-6170de6f0b8e" CHANGEID="600847035" NUMBER="4" OPERTYPEID="10" PREVID="0" NEXTID="0" UPDATEDATE="2024-09-10" STARTDATE="2024-09-10" ENDDATE="2079-06-06" ISACTUAL="1" ISACTIVE="1" /><STEAD ID="68683189" OBJECTID="165182765" OBJECTGUID="331efb41-54e5-400b-9d5a-b380549252b0" CHANGEID="600847556" NUMBER="1А" OPERTYPEID="10" PREVID="0" NEXTID="0" UPDATEDATE="2024-09-10" STARTDATE="2024-09-10" ENDDATE="2079-06-06" ISACTUAL="1" ISACTIVE="1" /><STEAD ID="68683320" OBJECTID="165182941" OBJECTGUID="550c647a-9aca-48fb-82cf-89c85a613073" CHANGEID="600847874" NUMBER="55" OPERTYPEID="10" PREVID="0" NEXTID="0" UPDATEDATE="2024-09-10" STARTDATE="2024-09-10" ENDDATE="2079-06-06" ISACTUAL="1" ISACTIVE="1" /><STEAD ID="68683432" OBJECTID="165183094" OBJECTGUID="37bf12a5-eb09-4e7f-bd74-295038d58859" CHANGEID="600848125" NUMBER="79А" OPERTYPEID="10" PREVID="0" NEXTID="0" UPDATEDATE="2024-09-10" STARTDATE="2024-09-10" ENDDATE="2079-06-06" ISACTUAL="1" ISACTIVE="1" /><STEAD ID="68694974" OBJECTID="165206161" OBJECTGUID="7f5f1ed6-7af0-4bb8-ac8c-264e94586d2e" CHANGEID="600905479" NUMBER="1А" OPERTYPEID="10" PREVID="0" NEXTID="0" UPDATEDATE="2024-09-11" STARTDATE="2024-09-11" ENDDATE="2079-06-06" ISACTUAL="1" ISACTIVE="1" /><STEAD ID="68699618" OBJECTID="165213484" OBJECTGUID="b9031b8a-90b8-4756-8a94-923e3bea2143" CHANGEID="600917623" NUMBER="120А" OPERTYPEID="10" PREVID="0" NEXTID="0" UPDATEDATE="2024-09-11" STARTDATE="2024-09-11" ENDDATE="2079-06-06" ISACTUAL="1" ISACTIVE="1" /><STEAD ID="68699658" OBJECTID="165213523" OBJECTGUID="923ec5df-641b-438e-aff4-2ce91b102c3f" CHANGEID="600917709" NUMBER="18" OPERTYPEID="10" PREVID="0" NEXTID="0" UPDATEDATE="2024-09-11" STARTDATE="2024-09-11" ENDDATE="2079-06-06" ISACTUAL="1" ISACTIVE="1" /><STEAD ID="68701509" OBJECTID="165216077" OBJECTGUID="27c94e51-8423-49b7-8afd-e77146c8720b" CHANGEID="600922571" NUMBER="23" OPERTYPEID="10" PREVID="0" NEXTID="0" UPDATEDATE="2024-09-11" STARTDATE="2024-09-11" ENDDATE="2079-06-06" ISACTUAL="1" ISACTIVE="1" /><STEAD ID="68701683" OBJECTID="165216344" OBJECTGUID="5638a7c0-4407-4ac3-81b8-c255d19a9aad" CHANGEID="600922991" NUMBER="25" OPERTYPEID="10" PREVID="0" NEXTID="0" UPDATEDATE="2024-09-11" STARTDATE="2024-09-11" ENDDATE="2079-06-06" ISACTUAL="1" ISACTIVE="1" /><STEAD ID="68701681" OBJECTID="165216340" OBJECTGUID="f3628484-2763-4b92-ac35-85459e328d13" CHANGEID="600922985" NUMBER="4" OPERTYPEID="10" PREVID="0" NEXTID="0" UPDATEDATE="2024-09-11" STARTDATE="2024-09-11" ENDDATE="2079-06-06" ISACTUAL="1" ISACTIVE="1" /><STEAD ID="68701705" OBJECTID="165216400" OBJECTGUID="0e65c362-20c2-484d-aef3-60912a9b9a5c" CHANGEID="600923093" NUMBER="12А" OPERTYPEID="10" PREVID="0" NEXTID="0" UPDATEDATE="2024-09-11" STARTDATE="2024-09-11" ENDDATE="2079-06-06" ISACTUAL="1" ISACTIVE="1" /><STEAD ID="68701763" OBJECTID="165216468" OBJECTGUID="23b39bc5-9b93-4f59-8b0d-1ccf9348702c" CHANGEID="600923226" NUMBER="19" OPERTYPEID="10" PREVID="0" NEXTID="0" UPDATEDATE="2024-09-11" STARTDATE="2024-09-11" ENDDATE="2079-06-06" ISACTUAL="1" ISACTIVE="1" /><STEAD ID="68701770" OBJECTID="165216477" OBJECTGUID="0e580f20-4691-40ac-9901-2dc5155f0800" CHANGEID="600923241" NUMBER="32А" OPERTYPEID="10" PREVID="0" NEXTID="0" UPDATEDATE="2024-09-11" STARTDATE="2024-09-11" ENDDATE="2079-06-06" ISACTUAL="1" ISACTIVE="1" /><STEAD ID="68701838" OBJECTID="165216587" OBJECTGUID="c389fdf0-e27d-4908-ae09-03838f162479" CHANGEID="600923414" NUMBER="13" OPERTYPEID="10" PREVID="0" NEXTID="0" UPDATEDATE="2024-09-11" STARTDATE="2024-09-11" ENDDATE="2079-06-06" ISACTUAL="1" ISACTIVE="1" /><STEAD ID="68702043" OBJECTID="165217348" OBJECTGUID="baa78aa9-c421-41a7-9481-39688888f340" CHANGEID="600924333" NUMBER="21" OPERTYPEID="10" PREVID="0" NEXTID="0" UPDATEDATE="2024-09-11" STARTDATE="2024-09-11" ENDDATE="2079-06-06" ISACTUAL="1" ISACTIVE="1" /><STEAD ID="68702063" OBJECTID="165217379" OBJECTGUID="f6457832-adc6-4e83-b053-b979d0f63ccc" CHANGEID="600924373" NUMBER="49В" OPERTYPEID="10" PREVID="0" NEXTID="0" UPDATEDATE="2024-09-11" STARTDATE="2024-09-11" ENDDATE="2079-06-06" ISACTUAL="1" ISACTIVE="1" /><STEAD ID="68702005" OBJECTID="165217280" OBJECTGUID="b450fff1-267b-46dc-81f5-5603a279099d" CHANGEID="600924222" NUMBER="15" OPERTYPEID="10" PREVID="0" NEXTID="0" UPDATEDATE="2024-09-11" STARTDATE="2024-09-11" ENDDATE="2079-06-06" ISACTUAL="1" ISACTIVE="1" /><STEAD ID="68702070" OBJECTID="165217390" OBJECTGUID="bb61ad00-a26c-41a4-982d-7ecdc7238684" CHANGEID="600924390" NUMBER="39" OPERTYPEID="10" PREVID="0" NEXTID="0" UPDATEDATE="2024-09-11" STARTDATE="2024-09-11" ENDDATE="2079-06-06" ISACTUAL="1" ISACTIVE="1" /><STEAD ID="68702169" OBJECTID="165217516" OBJECTGUID="98f81641-7869-4a17-bd40-1ff33a0a48f3" CHANGEID="600924574" NUMBER="6" OPERTYPEID="10" PREVID="0" NEXTID="0" UPDATEDATE="2024-09-11" STARTDATE="2024-09-11" ENDDATE="2079-06-06" ISACTUAL="1" ISACTIVE="1" /><STEAD ID="68702117" OBJECTID="165217438" OBJECTGUID="30c8cbe8-4077-4bde-a894-69dd66f68654" CHANGEID="600924445" NUMBER="7" OPERTYPEID="10" PREVID="0" NEXTID="0" UPDATEDATE="2024-09-11" STARTDATE="2024-09-11" ENDDATE="2079-06-06" ISACTUAL="1" ISACTIVE="1" /><STEAD ID="68703333" OBJECTID="165219197" OBJECTGUID="e61de62b-454f-4eef-bf62-caeb9668c5aa" CHANGEID="600928803" NUMBER="9" OPERTYPEID="10" PREVID="0" NEXTID="0" UPDATEDATE="2024-09-11" STARTDATE="2024-09-11" ENDDATE="2079-06-06" ISACTUAL="1" ISACTIVE="1" /><STEAD ID="68703818" OBJECTID="165219935" OBJECTGUID="5a934e3e-4d9c-4134-a756-58de1e17fd3f" CHANGEID="600930101" NUMBER="5" OPERTYPEID="10" PREVID="0" NEXTID="0" UPDATEDATE="2024-09-11" STARTDATE="2024-09-11" ENDDATE="2079-06-06" ISACTUAL="1" ISACTIVE="1" /><STEAD ID="68704136" OBJECTID="165220324" OBJECTGUID="62f7f8e1-8bdc-4629-b582-763163518918" CHANGEID="600930746" NUMBER="13Б" OPERTYPEID="10" PREVID="0" NEXTID="0" UPDATEDATE="2024-09-11" STARTDATE="2024-09-11" ENDDATE="2079-06-06" ISACTUAL="1" ISACTIVE="1" /><STEAD ID="68704231" OBJECTID="165220469" OBJECTGUID="3b61d775-6560-45cd-a8ae-01c73be6392b" CHANGEID="600931017" NUMBER="22" OPERTYPEID="10" PREVID="0" NEXTID="0" UPDATEDATE="2024-09-11" STARTDATE="2024-09-11" ENDDATE="2079-06-06" ISACTUAL="1" ISACTIVE="1" /><STEAD ID="68704232" OBJECTID="165220470" OBJECTGUID="8c9a0289-9be6-43a0-84b1-436d15e3d62e" CHANGEID="600931018" NUMBER="24" OPERTYPEID="10" PREVID="0" NEXTID="0" UPDATEDATE="2024-09-11" STARTDATE="2024-09-11" ENDDATE="2079-06-06" ISACTUAL="1" ISACTIVE="1" /><STEAD ID="68704233" OBJECTID="165220471" OBJECTGUID="4147a8ee-16b4-4ccf-96ac-64ff850154d3" CHANGEID="600931019" NUMBER="26" OPERTYPEID="10" PREVID="0" NEXTID="0" UPDATEDATE="2024-09-11" STARTDATE="2024-09-11" ENDDATE="2079-06-06" ISACTUAL="1" ISACTIVE="1" /><STEAD ID="68704234" OBJECTID="165220472" OBJECTGUID="77953388-fe31-4f90-a0ab-508a81f8d895" CHANGEID="600931020" NUMBER="26А" OPERTYPEID="10" PREVID="0" NEXTID="0" UPDATEDATE="2024-09-11" STARTDATE="2024-09-11" ENDDATE="2079-06-06" ISACTUAL="1" ISACTIVE="1" /><STEAD ID="68704591" OBJECTID="165220883" OBJECTGUID="d9f2c643-a9e3-4074-89eb-2688ded18bd0" CHANGEID="600931857" NUMBER="29" OPERTYPEID="10" PREVID="0" NEXTID="0" UPDATEDATE="2024-09-11" STARTDATE="2024-09-11" ENDDATE="2079-06-06" ISACTUAL="1" ISACTIVE="1" /><STEAD ID="68704745" OBJECTID="165221122" OBJECTGUID="5e1a4a1b-6068-4ec6-8bea-279cc184ba9e" CHANGEID="600932176" NUMBER="8" OPERTYPEID="10" PREVID="0" NEXTID="0" UPDATEDATE="2024-09-11" STARTDATE="2024-09-11" ENDDATE="2079-06-06" ISACTUAL="1" ISACTIVE="1" /><STEAD ID="68704792" OBJECTID="165221259" OBJECTGUID="7ca7e4de-2a83-44ac-bca4-e069148c3bcc" CHANGEID="600932349" NUMBER="15Г" OPERTYPEID="10" PREVID="0" NEXTID="0" UPDATEDATE="2024-09-11" STARTDATE="2024-09-11" ENDDATE="2079-06-06" ISACTUAL="1" ISACTIVE="1" /><STEAD ID="68704960" OBJECTID="165221600" OBJECTGUID="6804f5b3-6d94-424a-b495-5d721c709235" CHANGEID="600933092" NUMBER="8" OPERTYPEID="10" PREVID="0" NEXTID="0" UPDATEDATE="2024-09-11" STARTDATE="2024-09-11" ENDDATE="2079-06-06" ISACTUAL="1" ISACTIVE="1" /><STEAD ID="68704970" OBJECTID="165221611" OBJECTGUID="42b1ec30-e7bd-4291-92e3-51b05c2a14b0" CHANGEID="600933125" NUMBER="6" OPERTYPEID="10" PREVID="0" NEXTID="0" UPDATEDATE="2024-09-11" STARTDATE="2024-09-11" ENDDATE="2079-06-06" ISACTUAL="1" ISACTIVE="1" /><STEAD ID="68704964" OBJECTID="165221605" OBJECTGUID="df3fa916-73c0-45c5-900e-cb7801e61c96" CHANGEID="600933114" NUMBER="4" OPERTYPEID="10" PREVID="0" NEXTID="0" UPDATEDATE="2024-09-11" STARTDATE="2024-09-11" ENDDATE="2079-06-06" ISACTUAL="1" ISACTIVE="1" /><STEAD ID="68704974" OBJECTID="165221616" OBJECTGUID="7477cdf2-77c6-448a-b7f9-7f1e04627c1a" CHANGEID="600933137" NUMBER="10" OPERTYPEID="10" PREVID="0" NEXTID="0" UPDATEDATE="2024-09-11" STARTDATE="2024-09-11" ENDDATE="2079-06-06" ISACTUAL="1" ISACTIVE="1" /><STEAD ID="68704978" OBJECTID="165221622" OBJECTGUID="89bf942e-b65d-43fb-9f02-102dc843cc58" CHANGEID="600933145" NUMBER="11" OPERTYPEID="10" PREVID="0" NEXTID="0" UPDATEDATE="2024-09-11" STARTDATE="2024-09-11" ENDDATE="2079-06-06" ISACTUAL="1" ISACTIVE="1" /><STEAD ID="68704981" OBJECTID="165221624" OBJECTGUID="87ad4787-b6b2-4b0c-a970-7407a0f2b8b0" CHANGEID="600933149" NUMBER="12" OPERTYPEID="10" PREVID="0" NEXTID="0" UPDATEDATE="2024-09-11" STARTDATE="2024-09-11" ENDDATE="2079-06-06" ISACTUAL="1" ISACTIVE="1" /><STEAD ID="68704988" OBJECTID="165221635" OBJECTGUID="b4f328ba-2c70-4c8c-a0c3-1a71f9ef5bc1" CHANGEID="600933167" NUMBER="1" OPERTYPEID="10" PREVID="0" NEXTID="0" UPDATEDATE="2024-09-11" STARTDATE="2024-09-11" ENDDATE="2079-06-06" ISACTUAL="1" ISACTIVE="1" /><STEAD ID="68705001" OBJECTID="165221663" OBJECTGUID="99bc7936-79da-40e0-8003-458b8ce127e2" CHANGEID="600933204" NUMBER="227" OPERTYPEID="10" PREVID="0" NEXTID="0" UPDATEDATE="2024-09-11" STARTDATE="2024-09-11" ENDDATE="2079-06-06" ISACTUAL="1" ISACTIVE="1" /><STEAD ID="68705030" OBJECTID="165221726" OBJECTGUID="ea36edfd-dacc-4052-944f-d1cb1a3dede6" CHANGEID="600933287" NUMBER="9" OPERTYPEID="10" PREVID="0" NEXTID="0" UPDATEDATE="2024-09-11" STARTDATE="2024-09-11" ENDDATE="2079-06-06" ISACTUAL="1" ISACTIVE="1" /><STEAD ID="68705021" OBJECTID="165221711" OBJECTGUID="877473f6-c0ed-424f-9623-a4aea19c673a" CHANGEID="600933265" NUMBER="11А" OPERTYPEID="10" PREVID="0" NEXTID="0" UPDATEDATE="2024-09-11" STARTDATE="2024-09-11" ENDDATE="2079-06-06" ISACTUAL="1" ISACTIVE="1" /></STEADS>