﻿<?xml version="1.0" encoding="utf-8"?><ADDRESSOBJECTS><OBJECT ID="1092214" OBJECTID="880822" OBJECTGUID="463485c2-9995-4393-9b03-fedf684495bf" CHANGEID="2436696" NAME="Алексеева" TYPENAME="ул" LEVEL="8" OPERTYPEID="1" PREVID="0" NEXTID="52126326" UPDATEDATE="2024-09-10" STARTDATE="1900-01-01" ENDDATE="2024-09-10" ISACTUAL="0" ISACTIVE="0" /><OBJECT ID="1095899" OBJECTID="883087" OBJECTGUID="38864bf7-35c2-4665-902d-1b930456a1af" CHANGEID="2442507" NAME="Уютное" TYPENAME="снт" LEVEL="7" OPERTYPEID="50" PREVID="1095843" NEXTID="52126312" UPDATEDATE="2024-09-10" STARTDATE="2016-09-28" ENDDATE="2024-09-10" ISACTUAL="0" ISACTIVE="0" /><OBJECT ID="1109287" OBJECTID="891517" OBJECTGUID="be8f7c67-630e-4e8f-81f6-b84d75438bcc" CHANGEID="2464761" NAME="Чехов-8" TYPENAME="г" LEVEL="5" OPERTYPEID="1" PREVID="0" NEXTID="52125771" UPDATEDATE="2024-09-05" STARTDATE="1900-01-01" ENDDATE="2024-09-05" ISACTUAL="0" ISACTIVE="0" /><OBJECT ID="1816171" OBJECTID="95244274" OBJECTGUID="cee60012-7661-46c6-8bfb-b306552f8a7a" CHANGEID="138200791" NAME="Пущино" TYPENAME="г.о." LEVEL="3" OPERTYPEID="0" PREVID="0" NEXTID="52125758" UPDATEDATE="2024-09-05" STARTDATE="2011-01-01" ENDDATE="2024-09-05" ISACTUAL="0" ISACTIVE="0" /><OBJECT ID="1001994" OBJECTID="827527" OBJECTGUID="4b2b41e5-8e31-4b99-8449-b233a97e945a" CHANGEID="2209509" NAME="Горького" TYPENAME="ул" LEVEL="8" OPERTYPEID="10" PREVID="0" NEXTID="52125923" UPDATEDATE="2024-09-06" STARTDATE="2018-03-26" ENDDATE="2024-09-06" ISACTUAL="0" ISACTIVE="0" /><OBJECT ID="52085119" OBJECTID="840782" OBJECTGUID="1b47977d-5019-4c77-83e6-d12c76a2ced7" CHANGEID="575211973" NAME="Родник-3" TYPENAME="тер" LEVEL="7" OPERTYPEID="40" PREVID="1017097" NEXTID="52125887" UPDATEDATE="2024-09-06" STARTDATE="2023-11-27" ENDDATE="2024-09-06" ISACTUAL="0" ISACTIVE="0" /><OBJECT ID="52113244" OBJECTID="163750539" OBJECTGUID="c224af92-3243-4cdb-a570-21ca0265822c" CHANGEID="596401192" NAME="Грушовая" TYPENAME="ул." LEVEL="8" OPERTYPEID="10" PREVID="0" NEXTID="52126340" UPDATEDATE="2024-09-10" STARTDATE="2024-05-31" ENDDATE="2024-09-10" ISACTUAL="0" ISACTIVE="0" /><OBJECT ID="52120688" OBJECTID="164417198" OBJECTGUID="502de177-4db0-4b6d-b88c-1a4da5e1209e" CHANGEID="598614669" NAME="Учебная" TYPENAME="тер." LEVEL="7" OPERTYPEID="10" PREVID="0" NEXTID="52126041" UPDATEDATE="2024-09-09" STARTDATE="2024-07-25" ENDDATE="2024-09-09" ISACTUAL="0" ISACTIVE="0" /><OBJECT ID="52122541" OBJECTID="164626390" OBJECTGUID="1a46b3d1-facb-4288-bd21-e07a6aa7ab05" CHANGEID="599460340" NAME="Ушаковская" TYPENAME="ул." LEVEL="8" OPERTYPEID="10" PREVID="0" NEXTID="52125748" UPDATEDATE="2024-09-05" STARTDATE="2024-08-09" ENDDATE="2024-09-05" ISACTUAL="0" ISACTIVE="0" /><OBJECT ID="1851310" OBJECTID="879328" OBJECTGUID="e7e215b2-9fe9-4d14-a46e-9ccdf8584572" CHANGEID="152734748" NAME="гаражно-строительный кооператив Березки" TYPENAME="тер." LEVEL="7" OPERTYPEID="50" PREVID="1090058" NEXTID="52125669" UPDATEDATE="2024-09-05" STARTDATE="2020-07-03" ENDDATE="2024-09-05" ISACTUAL="0" ISACTIVE="0" /><OBJECT ID="52125669" OBJECTID="879328" OBJECTGUID="e7e215b2-9fe9-4d14-a46e-9ccdf8584572" CHANGEID="600515814" NAME="ГСК Березки" TYPENAME="тер." LEVEL="7" OPERTYPEID="20" PREVID="1851310" UPDATEDATE="2024-09-05" STARTDATE="2024-09-05" ENDDATE="2079-06-06" ISACTUAL="1" ISACTIVE="1" /><OBJECT ID="52125746" OBJECTID="165067146" OBJECTGUID="d2386b59-bb15-4be3-8cd0-9d6d2f57a0e7" CHANGEID="600522661" NAME="Звёздная" TYPENAME="тер." LEVEL="7" OPERTYPEID="10" PREVID="0" NEXTID="0" UPDATEDATE="2024-09-05" STARTDATE="2024-09-05" ENDDATE="2079-06-06" ISACTUAL="1" ISACTIVE="1" /><OBJECT ID="52125748" OBJECTID="164626390" OBJECTGUID="1a46b3d1-facb-4288-bd21-e07a6aa7ab05" CHANGEID="600522785" NAME="Ушаковская" TYPENAME="ул." LEVEL="8" OPERTYPEID="30" PREVID="52122541" NEXTID="0" UPDATEDATE="2024-09-05" STARTDATE="2024-09-05" ENDDATE="2079-06-06" ISACTUAL="1" ISACTIVE="0" /><OBJECT ID="52125749" OBJECTID="164626392" OBJECTGUID="ea81d1dc-e261-4030-99a2-b9e4627ee2ff" CHANGEID="600522786" NAME="1-й Нахимовский" TYPENAME="пр-д" LEVEL="8" OPERTYPEID="30" PREVID="52122543" NEXTID="0" UPDATEDATE="2024-09-05" STARTDATE="2024-09-05" ENDDATE="2079-06-06" ISACTUAL="1" ISACTIVE="0" /><OBJECT ID="52122543" OBJECTID="164626392" OBJECTGUID="ea81d1dc-e261-4030-99a2-b9e4627ee2ff" CHANGEID="599460342" NAME="1-й Нахимовский" TYPENAME="пр-д" LEVEL="8" OPERTYPEID="10" PREVID="0" NEXTID="52125749" UPDATEDATE="2024-09-05" STARTDATE="2024-08-09" ENDDATE="2024-09-05" ISACTUAL="0" ISACTIVE="0" /><OBJECT ID="52125756" OBJECTID="165068417" OBJECTGUID="68bf3b26-4462-4e98-ae17-03e19906288c" CHANGEID="600524547" NAME="Северо-Восточная" TYPENAME="тер." LEVEL="7" OPERTYPEID="10" PREVID="0" NEXTID="0" UPDATEDATE="2024-09-05" STARTDATE="2024-09-05" ENDDATE="2079-06-06" ISACTUAL="1" ISACTIVE="1" /><OBJECT ID="52125757" OBJECTID="95244331" OBJECTGUID="dd93347c-d43d-413a-8656-aefa94f5bf31" CHANGEID="600524667" NAME="Протвино" TYPENAME="г.о." LEVEL="3" OPERTYPEID="30" PREVID="1816228" NEXTID="0" UPDATEDATE="2024-09-05" STARTDATE="2024-09-05" ENDDATE="2079-06-06" ISACTUAL="1" ISACTIVE="0" /><OBJECT ID="1816228" OBJECTID="95244331" OBJECTGUID="dd93347c-d43d-413a-8656-aefa94f5bf31" CHANGEID="138200848" NAME="Протвино" TYPENAME="г.о." LEVEL="3" OPERTYPEID="0" PREVID="0" NEXTID="52125757" UPDATEDATE="2024-09-05" STARTDATE="2011-01-01" ENDDATE="2024-09-05" ISACTUAL="0" ISACTIVE="0" /><OBJECT ID="52125758" OBJECTID="95244274" OBJECTGUID="cee60012-7661-46c6-8bfb-b306552f8a7a" CHANGEID="600524668" NAME="Пущино" TYPENAME="г.о." LEVEL="3" OPERTYPEID="30" PREVID="1816171" NEXTID="0" UPDATEDATE="2024-09-05" STARTDATE="2024-09-05" ENDDATE="2079-06-06" ISACTUAL="1" ISACTIVE="0" /><OBJECT ID="52125771" OBJECTID="891517" OBJECTGUID="be8f7c67-630e-4e8f-81f6-b84d75438bcc" CHANGEID="600527417" NAME="Чехов-8" TYPENAME="г" LEVEL="5" OPERTYPEID="30" PREVID="1109287" NEXTID="0" UPDATEDATE="2024-09-05" STARTDATE="2024-09-05" ENDDATE="2079-06-06" ISACTUAL="1" ISACTIVE="0" /><OBJECT ID="52125881" OBJECTID="165099700" OBJECTGUID="9f50ba8e-93d4-4417-8e4e-a03044cdb547" CHANGEID="600578597" NAME="Лесная" TYPENAME="ул." LEVEL="8" OPERTYPEID="10" PREVID="0" NEXTID="0" UPDATEDATE="2024-09-06" STARTDATE="2024-09-06" ENDDATE="2079-06-06" ISACTUAL="1" ISACTIVE="1" /><OBJECT ID="52125882" OBJECTID="165099701" OBJECTGUID="9d9ca744-5992-4cc0-b19e-dfb21bba220b" CHANGEID="600578598" NAME="Кадетский" TYPENAME="пер." LEVEL="8" OPERTYPEID="10" PREVID="0" NEXTID="0" UPDATEDATE="2024-09-06" STARTDATE="2024-09-06" ENDDATE="2079-06-06" ISACTUAL="1" ISACTIVE="1" /><OBJECT ID="52125884" OBJECTID="165099703" OBJECTGUID="18024c9f-ec48-45df-891f-8e750d497093" CHANGEID="600578600" NAME="Центральный" TYPENAME="пер." LEVEL="8" OPERTYPEID="10" PREVID="0" NEXTID="0" UPDATEDATE="2024-09-06" STARTDATE="2024-09-06" ENDDATE="2079-06-06" ISACTUAL="1" ISACTIVE="1" /><OBJECT ID="52125886" OBJECTID="165100038" OBJECTGUID="89af4d47-904a-4ea7-ba8a-668af11d300a" CHANGEID="600578987" NAME="Калистово-2" TYPENAME="тер." LEVEL="7" OPERTYPEID="10" PREVID="0" NEXTID="0" UPDATEDATE="2024-09-06" STARTDATE="2024-09-06" ENDDATE="2079-06-06" ISACTUAL="1" ISACTIVE="1" /><OBJECT ID="52125887" OBJECTID="840782" OBJECTGUID="1b47977d-5019-4c77-83e6-d12c76a2ced7" CHANGEID="600578996" NAME="СНТ Родник-3" TYPENAME="тер." LEVEL="7" OPERTYPEID="20" PREVID="52085119" UPDATEDATE="2024-09-06" STARTDATE="2024-09-06" ENDDATE="2079-06-06" ISACTUAL="1" ISACTIVE="1" /><OBJECT ID="52125888" OBJECTID="165100041" OBJECTGUID="b3fa2966-a9ab-4afc-aae3-aa895847f157" CHANGEID="600578998" NAME="8-9" TYPENAME="кв-л" LEVEL="7" OPERTYPEID="10" PREVID="0" NEXTID="0" UPDATEDATE="2024-09-06" STARTDATE="2024-09-06" ENDDATE="2079-06-06" ISACTUAL="1" ISACTIVE="1" /><OBJECT ID="52125889" OBJECTID="165100095" OBJECTGUID="88b00bb1-0578-4098-b55a-a41c4bce5b82" CHANGEID="600579064" NAME="Сирень" TYPENAME="тер. СНТ" LEVEL="7" OPERTYPEID="10" PREVID="0" NEXTID="0" UPDATEDATE="2024-09-06" STARTDATE="2024-09-06" ENDDATE="2079-06-06" ISACTUAL="1" ISACTIVE="1" /><OBJECT ID="52125923" OBJECTID="827527" OBJECTGUID="4b2b41e5-8e31-4b99-8449-b233a97e945a" CHANGEID="600580687" NAME="Горького" TYPENAME="ул" LEVEL="8" OPERTYPEID="30" PREVID="1001994" NEXTID="0" UPDATEDATE="2024-09-06" STARTDATE="2024-09-06" ENDDATE="2079-06-06" ISACTUAL="1" ISACTIVE="0" /><OBJECT ID="52125967" OBJECTID="165112608" OBJECTGUID="3e4f1738-c6a6-4c15-8561-1a9ffebbcbbe" CHANGEID="600661577" NAME="Ореховая" TYPENAME="ул." LEVEL="8" OPERTYPEID="10" PREVID="0" NEXTID="0" UPDATEDATE="2024-09-06" STARTDATE="2024-09-06" ENDDATE="2079-06-06" ISACTUAL="1" ISACTIVE="1" /><OBJECT ID="52125998" OBJECTID="165125227" OBJECTGUID="2f746e7f-116d-4757-86e6-365c8feaf1f6" CHANGEID="600750337" NAME="0040237" TYPENAME="кв-л" LEVEL="7" OPERTYPEID="10" PREVID="0" NEXTID="0" UPDATEDATE="2024-09-09" STARTDATE="2024-09-09" ENDDATE="2079-06-06" ISACTUAL="1" ISACTIVE="1" /><OBJECT ID="52126041" OBJECTID="164417198" OBJECTGUID="502de177-4db0-4b6d-b88c-1a4da5e1209e" CHANGEID="600754774" NAME="Учебная рекреационная" TYPENAME="тер." LEVEL="7" OPERTYPEID="20" PREVID="52120688" UPDATEDATE="2024-09-09" STARTDATE="2024-09-09" ENDDATE="2079-06-06" ISACTUAL="1" ISACTIVE="1" /><OBJECT ID="1932314" OBJECTID="845441" OBJECTGUID="f0627372-bb8e-439b-85f5-c3f70ffe7d48" CHANGEID="228943167" NAME="СНТ Плутон" TYPENAME="тер." LEVEL="7" OPERTYPEID="20" PREVID="1024444" NEXTID="52126046" UPDATEDATE="2024-09-09" STARTDATE="2021-11-25" ENDDATE="2024-09-09" ISACTUAL="0" ISACTIVE="0" /><OBJECT ID="52126046" OBJECTID="845441" OBJECTGUID="f0627372-bb8e-439b-85f5-c3f70ffe7d48" CHANGEID="600759640" NAME="СНТ Плутон" TYPENAME="тер" LEVEL="8" OPERTYPEID="50" PREVID="1932314" UPDATEDATE="2024-09-09" STARTDATE="2024-09-09" ENDDATE="2079-06-06" ISACTUAL="1" ISACTIVE="1" /><OBJECT ID="52126048" OBJECTID="103211474" OBJECTGUID="8efa8310-1703-43a4-ac4a-0bbbac0b1ca4" CHANGEID="600762964" NAME="ДНП Алый Закат" TYPENAME="тер." LEVEL="7" OPERTYPEID="30" PREVID="1934509" NEXTID="0" UPDATEDATE="2024-09-09" STARTDATE="2024-09-09" ENDDATE="2079-06-06" ISACTUAL="1" ISACTIVE="0" /><OBJECT ID="1934509" OBJECTID="103211474" OBJECTGUID="8efa8310-1703-43a4-ac4a-0bbbac0b1ca4" CHANGEID="238369344" NAME="ДНП Алый Закат" TYPENAME="тер." LEVEL="7" OPERTYPEID="10" PREVID="0" NEXTID="52126048" UPDATEDATE="2024-09-09" STARTDATE="2021-12-13" ENDDATE="2024-09-09" ISACTUAL="0" ISACTIVE="0" /><OBJECT ID="52126055" OBJECTID="165137171" OBJECTGUID="e2e341b3-55cb-45e3-ad21-32d24de8b451" CHANGEID="600769777" NAME="Григорково-1" TYPENAME="тер." LEVEL="7" OPERTYPEID="10" PREVID="0" NEXTID="0" UPDATEDATE="2024-09-09" STARTDATE="2024-09-09" ENDDATE="2079-06-06" ISACTUAL="1" ISACTIVE="1" /><OBJECT ID="52126056" OBJECTID="165137253" OBJECTGUID="b32db251-1ab8-481e-9f64-dac1390263d9" CHANGEID="600770115" NAME="КП Акварель" TYPENAME="тер" LEVEL="8" OPERTYPEID="10" PREVID="0" NEXTID="0" UPDATEDATE="2024-09-09" STARTDATE="2024-09-09" ENDDATE="2079-06-06" ISACTUAL="1" ISACTIVE="1" /><OBJECT ID="1031075" OBJECTID="848287" OBJECTGUID="5611d687-396c-4ada-9d25-36d839a53f5e" CHANGEID="2310642" NAME="СНТ Металлург-13" TYPENAME="тер." LEVEL="7" OPERTYPEID="20" PREVID="1031027" NEXTID="52126064" UPDATEDATE="2024-09-09" STARTDATE="2018-09-21" ENDDATE="2024-09-09" ISACTUAL="0" ISACTIVE="0" /><OBJECT ID="52126064" OBJECTID="848287" OBJECTGUID="5611d687-396c-4ada-9d25-36d839a53f5e" CHANGEID="600772105" NAME="СНТСН Металлург-13" TYPENAME="тер." LEVEL="7" OPERTYPEID="20" PREVID="1031075" UPDATEDATE="2024-09-09" STARTDATE="2024-09-09" ENDDATE="2079-06-06" ISACTUAL="1" ISACTIVE="1" /><OBJECT ID="52126075" OBJECTID="165139842" OBJECTGUID="fb130c6b-6dc6-4405-9812-e24ed00b4278" CHANGEID="600774216" NAME="Прудно-3" TYPENAME="тер." LEVEL="7" OPERTYPEID="10" PREVID="0" NEXTID="0" UPDATEDATE="2024-09-09" STARTDATE="2024-09-09" ENDDATE="2079-06-06" ISACTUAL="1" ISACTIVE="1" /><OBJECT ID="52126108" OBJECTID="165144511" OBJECTGUID="e3933fa8-6113-49f4-b03d-25b1076247e8" CHANGEID="600782202" NAME="1-я Звёздная" TYPENAME="ул." LEVEL="8" OPERTYPEID="10" PREVID="0" NEXTID="0" UPDATEDATE="2024-09-09" STARTDATE="2024-09-09" ENDDATE="2079-06-06" ISACTUAL="1" ISACTIVE="1" /><OBJECT ID="52126109" OBJECTID="165144513" OBJECTGUID="c32ef46d-1467-4b25-a922-b2ef456e27a5" CHANGEID="600782204" NAME="2-я Звёздная" TYPENAME="ул." LEVEL="8" OPERTYPEID="10" PREVID="0" NEXTID="0" UPDATEDATE="2024-09-09" STARTDATE="2024-09-09" ENDDATE="2079-06-06" ISACTUAL="1" ISACTIVE="1" /><OBJECT ID="52126110" OBJECTID="165144515" OBJECTGUID="067c24b9-53db-49d6-ab19-da52f954d379" CHANGEID="600782206" NAME="3-я Звёздная" TYPENAME="ул." LEVEL="8" OPERTYPEID="10" PREVID="0" NEXTID="0" UPDATEDATE="2024-09-09" STARTDATE="2024-09-09" ENDDATE="2079-06-06" ISACTUAL="1" ISACTIVE="1" /><OBJECT ID="52126111" OBJECTID="165144516" OBJECTGUID="100fe645-c0d3-445c-8345-cfe71265cefd" CHANGEID="600782207" NAME="4-я Звёздная" TYPENAME="ул." LEVEL="8" OPERTYPEID="10" PREVID="0" NEXTID="0" UPDATEDATE="2024-09-09" STARTDATE="2024-09-09" ENDDATE="2079-06-06" ISACTUAL="1" ISACTIVE="1" /><OBJECT ID="52126112" OBJECTID="165144517" OBJECTGUID="36f815d4-100a-4796-bed2-fbd411854c65" CHANGEID="600782208" NAME="5-я Звёздная" TYPENAME="ул." LEVEL="8" OPERTYPEID="10" PREVID="0" NEXTID="0" UPDATEDATE="2024-09-09" STARTDATE="2024-09-09" ENDDATE="2079-06-06" ISACTUAL="1" ISACTIVE="1" /><OBJECT ID="52126113" OBJECTID="165144518" OBJECTGUID="4e430cfb-d343-44d0-b7ef-fe9ea7ed0fb4" CHANGEID="600782210" NAME="6-я Звёздная" TYPENAME="ул." LEVEL="8" OPERTYPEID="10" PREVID="0" NEXTID="0" UPDATEDATE="2024-09-09" STARTDATE="2024-09-09" ENDDATE="2079-06-06" ISACTUAL="1" ISACTIVE="1" /><OBJECT ID="52126114" OBJECTID="165144519" OBJECTGUID="83411c90-85a0-4bb0-8205-179f19949994" CHANGEID="600782211" NAME="7-я Звёздная" TYPENAME="ул." LEVEL="8" OPERTYPEID="10" PREVID="0" NEXTID="0" UPDATEDATE="2024-09-09" STARTDATE="2024-09-09" ENDDATE="2079-06-06" ISACTUAL="1" ISACTIVE="1" /><OBJECT ID="52126115" OBJECTID="165144520" OBJECTGUID="79738cca-f716-4291-910e-f9ea60cfc1ff" CHANGEID="600782213" NAME="8-я Звёздная" TYPENAME="ул." LEVEL="8" OPERTYPEID="10" PREVID="0" NEXTID="0" UPDATEDATE="2024-09-09" STARTDATE="2024-09-09" ENDDATE="2079-06-06" ISACTUAL="1" ISACTIVE="1" /><OBJECT ID="52126116" OBJECTID="165144521" OBJECTGUID="a7733f08-0fb6-4dc3-b17c-f75584435a8e" CHANGEID="600782214" NAME="9-я Звёздная" TYPENAME="ул." LEVEL="8" OPERTYPEID="10" PREVID="0" NEXTID="0" UPDATEDATE="2024-09-09" STARTDATE="2024-09-09" ENDDATE="2079-06-06" ISACTUAL="1" ISACTIVE="1" /><OBJECT ID="52126122" OBJECTID="165146092" OBJECTGUID="9d9fe84d-ca81-4db0-8529-f3a5c79b988a" CHANGEID="600784400" NAME="Трусово - Троицкое" TYPENAME="тер." LEVEL="7" OPERTYPEID="10" PREVID="0" NEXTID="0" UPDATEDATE="2024-09-09" STARTDATE="2024-09-09" ENDDATE="2079-06-06" ISACTUAL="1" ISACTIVE="1" /><OBJECT ID="52126200" OBJECTID="165160654" OBJECTGUID="f7c62cce-b2d5-47dd-9828-d885c9b4d307" CHANGEID="600812109" NAME="Рубин" TYPENAME="тер." LEVEL="7" OPERTYPEID="10" PREVID="0" NEXTID="0" UPDATEDATE="2024-09-10" STARTDATE="2024-09-10" ENDDATE="2079-06-06" ISACTUAL="1" ISACTIVE="1" /><OBJECT ID="52126201" OBJECTID="165160655" OBJECTGUID="a6cdd918-5429-48e6-8244-0f8ebe5519ef" CHANGEID="600812110" NAME="34-й Калининский" TYPENAME="пер." LEVEL="8" OPERTYPEID="10" PREVID="0" NEXTID="0" UPDATEDATE="2024-09-10" STARTDATE="2024-09-10" ENDDATE="2079-06-06" ISACTUAL="1" ISACTIVE="1" /><OBJECT ID="52126202" OBJECTID="165160656" OBJECTGUID="1314efda-a9ae-4790-95d2-cda67b770331" CHANGEID="600812113" NAME="31-й Калининский" TYPENAME="пер." LEVEL="8" OPERTYPEID="10" PREVID="0" NEXTID="0" UPDATEDATE="2024-09-10" STARTDATE="2024-09-10" ENDDATE="2079-06-06" ISACTUAL="1" ISACTIVE="1" /><OBJECT ID="52126275" OBJECTID="165162311" OBJECTGUID="5dd3128b-5a20-482c-b828-bb0b6e0080a0" CHANGEID="600814635" NAME="Лесной ручей-3" TYPENAME="тер." LEVEL="7" OPERTYPEID="10" PREVID="0" NEXTID="0" UPDATEDATE="2024-09-10" STARTDATE="2024-09-10" ENDDATE="2079-06-06" ISACTUAL="1" ISACTIVE="1" /><OBJECT ID="52126276" OBJECTID="165162386" OBJECTGUID="f37d065b-703b-4269-9cb0-67c061a34316" CHANGEID="600814712" NAME="ВНИИССОК производственная" TYPENAME="тер." LEVEL="7" OPERTYPEID="10" PREVID="0" NEXTID="0" UPDATEDATE="2024-09-10" STARTDATE="2024-09-10" ENDDATE="2079-06-06" ISACTUAL="1" ISACTIVE="1" /><OBJECT ID="52126299" OBJECTID="165166772" OBJECTGUID="33a3ed8f-08e3-41a0-8954-e65bed11b610" CHANGEID="600821999" NAME="Звёздный" TYPENAME="пр-д" LEVEL="8" OPERTYPEID="10" PREVID="0" NEXTID="0" UPDATEDATE="2024-09-10" STARTDATE="2024-09-10" ENDDATE="2079-06-06" ISACTUAL="1" ISACTIVE="1" /><OBJECT ID="52126312" OBJECTID="883087" OBJECTGUID="38864bf7-35c2-4665-902d-1b930456a1af" CHANGEID="600827903" NAME="СНТ Уютное" TYPENAME="тер." LEVEL="7" OPERTYPEID="50" PREVID="1095899" UPDATEDATE="2024-09-10" STARTDATE="2024-09-10" ENDDATE="2079-06-06" ISACTUAL="1" ISACTIVE="1" /><OBJECT ID="52126314" OBJECTID="165171123" OBJECTGUID="bf09cd18-edbc-45ec-b562-5f5c0a87b2b7" CHANGEID="600828076" NAME="Радужное" TYPENAME="тер." LEVEL="7" OPERTYPEID="10" PREVID="0" NEXTID="0" UPDATEDATE="2024-09-10" STARTDATE="2024-09-10" ENDDATE="2079-06-06" ISACTUAL="1" ISACTIVE="1" /><OBJECT ID="52126324" OBJECTID="165174101" OBJECTGUID="44f5189b-84a7-48f9-9265-e5a7583d0015" CHANGEID="600833380" NAME="КП Лес" TYPENAME="тер." LEVEL="7" OPERTYPEID="10" PREVID="0" NEXTID="0" UPDATEDATE="2024-09-10" STARTDATE="2024-09-10" ENDDATE="2079-06-06" ISACTUAL="1" ISACTIVE="1" /><OBJECT ID="52126325" OBJECTID="165174103" OBJECTGUID="bfc4ee80-6db8-4895-823d-1cd956a426d8" CHANGEID="600833382" NAME="КП Селятино-1" TYPENAME="тер." LEVEL="7" OPERTYPEID="10" PREVID="0" NEXTID="0" UPDATEDATE="2024-09-10" STARTDATE="2024-09-10" ENDDATE="2079-06-06" ISACTUAL="1" ISACTIVE="1" /><OBJECT ID="52126326" OBJECTID="880822" OBJECTGUID="463485c2-9995-4393-9b03-fedf684495bf" CHANGEID="600833524" NAME="Лётчика Алексеева" TYPENAME="ул" LEVEL="8" OPERTYPEID="20" PREVID="1092214" UPDATEDATE="2024-09-10" STARTDATE="2024-09-10" ENDDATE="2079-06-06" ISACTUAL="1" ISACTIVE="1" /><OBJECT ID="52126334" OBJECTID="165177984" OBJECTGUID="bb297aeb-1d56-4574-a4a9-eb1a95ae4765" CHANGEID="600838803" NAME="Звёздная" TYPENAME="ул." LEVEL="8" OPERTYPEID="10" PREVID="0" NEXTID="0" UPDATEDATE="2024-09-10" STARTDATE="2024-09-10" ENDDATE="2079-06-06" ISACTUAL="1" ISACTIVE="1" /><OBJECT ID="52126335" OBJECTID="165177985" OBJECTGUID="5f77b7a9-dc89-477b-b9d1-d28ef24c32b6" CHANGEID="600838804" NAME="Петровская" TYPENAME="ул." LEVEL="8" OPERTYPEID="10" PREVID="0" NEXTID="0" UPDATEDATE="2024-09-10" STARTDATE="2024-09-10" ENDDATE="2079-06-06" ISACTUAL="1" ISACTIVE="1" /><OBJECT ID="52126336" OBJECTID="165177986" OBJECTGUID="2aa551da-530f-40b0-ba70-3db0e147adca" CHANGEID="600838805" NAME="Тенистая" TYPENAME="ул." LEVEL="8" OPERTYPEID="10" PREVID="0" NEXTID="0" UPDATEDATE="2024-09-10" STARTDATE="2024-09-10" ENDDATE="2079-06-06" ISACTUAL="1" ISACTIVE="1" /><OBJECT ID="1024769" OBJECTID="845605" OBJECTGUID="80ad7411-7628-47d0-871f-9ebd91ae8a75" CHANGEID="2295488" NAME="Маяк" TYPENAME="гск" LEVEL="7" OPERTYPEID="50" PREVID="1024739" NEXTID="52126338" UPDATEDATE="2024-09-10" STARTDATE="2016-09-29" ENDDATE="2024-09-10" ISACTUAL="0" ISACTIVE="0" /><OBJECT ID="52126338" OBJECTID="845605" OBJECTGUID="80ad7411-7628-47d0-871f-9ebd91ae8a75" CHANGEID="600838882" NAME="ГСК Маяк" TYPENAME="тер." LEVEL="7" OPERTYPEID="20" PREVID="1024769" UPDATEDATE="2024-09-10" STARTDATE="2024-09-10" ENDDATE="2079-06-06" ISACTUAL="1" ISACTIVE="1" /><OBJECT ID="52126340" OBJECTID="163750539" OBJECTGUID="c224af92-3243-4cdb-a570-21ca0265822c" CHANGEID="600839226" NAME="Грушевая" TYPENAME="ул." LEVEL="8" OPERTYPEID="20" PREVID="52113244" UPDATEDATE="2024-09-10" STARTDATE="2024-09-10" ENDDATE="2079-06-06" ISACTUAL="1" ISACTIVE="1" /><OBJECT ID="52126408" OBJECTID="165196400" OBJECTGUID="fab5df1e-8d3a-442b-ad0c-0c0a0d3c6260" CHANGEID="600891804" NAME="Ручейная" TYPENAME="ул." LEVEL="8" OPERTYPEID="10" PREVID="0" NEXTID="0" UPDATEDATE="2024-09-11" STARTDATE="2024-09-11" ENDDATE="2079-06-06" ISACTUAL="1" ISACTIVE="1" /><OBJECT ID="52126369" OBJECTID="165181029" OBJECTGUID="2e87b914-20c5-4f65-bae8-2bdf78f00d1e" CHANGEID="600844366" NAME="Музыкальная" TYPENAME="ул." LEVEL="8" OPERTYPEID="10" PREVID="0" NEXTID="0" UPDATEDATE="2024-09-10" STARTDATE="2024-09-10" ENDDATE="2079-06-06" ISACTUAL="1" ISACTIVE="1" /><OBJECT ID="52126370" OBJECTID="165181046" OBJECTGUID="7faa2843-cb86-4b02-97d1-2ad173f4c161" CHANGEID="600844402" NAME="Автогарант" TYPENAME="тер" LEVEL="8" OPERTYPEID="10" PREVID="0" NEXTID="0" UPDATEDATE="2024-09-10" STARTDATE="2024-09-10" ENDDATE="2079-06-06" ISACTUAL="1" ISACTIVE="1" /><OBJECT ID="52126372" OBJECTID="165182351" OBJECTGUID="8501aa78-2380-4356-98f5-661f06f9b10c" CHANGEID="600846873" NAME="10211" TYPENAME="кв-л" LEVEL="7" OPERTYPEID="10" PREVID="0" NEXTID="0" UPDATEDATE="2024-09-10" STARTDATE="2024-09-10" ENDDATE="2079-06-06" ISACTUAL="1" ISACTIVE="1" /><OBJECT ID="1829890" OBJECTID="851440" OBJECTGUID="25e4e053-f301-4bad-ad3a-89e5c44d19c0" CHANGEID="139379395" NAME="СНТ Металлург-9" TYPENAME="тер." LEVEL="7" OPERTYPEID="20" PREVID="1039499" NEXTID="52126373" UPDATEDATE="2024-09-10" STARTDATE="2020-02-20" ENDDATE="2024-09-10" ISACTUAL="0" ISACTIVE="0" /><OBJECT ID="52126373" OBJECTID="851440" OBJECTGUID="25e4e053-f301-4bad-ad3a-89e5c44d19c0" CHANGEID="600847122" NAME="СНТСН Металлург-9" TYPENAME="тер." LEVEL="7" OPERTYPEID="20" PREVID="1829890" UPDATEDATE="2024-09-10" STARTDATE="2024-09-10" ENDDATE="2079-06-06" ISACTUAL="1" ISACTIVE="1" /><OBJECT ID="1096833" OBJECTID="883688" OBJECTGUID="5fdabf39-5f0e-4cd4-866c-5afa2a194a52" CHANGEID="2443939" NAME="Кристалл" TYPENAME="снт" LEVEL="7" OPERTYPEID="50" PREVID="1096809" NEXTID="52126436" UPDATEDATE="2024-09-11" STARTDATE="2016-09-28" ENDDATE="2024-09-11" ISACTUAL="0" ISACTIVE="0" /><OBJECT ID="52126436" OBJECTID="883688" OBJECTGUID="5fdabf39-5f0e-4cd4-866c-5afa2a194a52" CHANGEID="600896994" NAME="СНТ Кристалл" TYPENAME="тер." LEVEL="7" OPERTYPEID="50" PREVID="1096833" UPDATEDATE="2024-09-11" STARTDATE="2024-09-11" ENDDATE="2079-06-06" ISACTUAL="1" ISACTIVE="1" /><OBJECT ID="52126498" OBJECTID="165213126" OBJECTGUID="1c7804b6-725f-4196-811b-db54f771d44b" CHANGEID="600917091" NAME="Клинские сады" TYPENAME="тер." LEVEL="7" OPERTYPEID="10" PREVID="0" NEXTID="0" UPDATEDATE="2024-09-11" STARTDATE="2024-09-11" ENDDATE="2079-06-06" ISACTUAL="1" ISACTIVE="1" /><OBJECT ID="1096639" OBJECTID="883539" OBJECTGUID="4adbb98b-ee7a-4d6f-8a13-46ac8e44a061" CHANGEID="2443633" NAME="Излучина" TYPENAME="снт" LEVEL="7" OPERTYPEID="50" PREVID="1096568" NEXTID="52126513" UPDATEDATE="2024-09-11" STARTDATE="2016-09-28" ENDDATE="2024-09-11" ISACTUAL="0" ISACTIVE="0" /><OBJECT ID="52126513" OBJECTID="883539" OBJECTGUID="4adbb98b-ee7a-4d6f-8a13-46ac8e44a061" CHANGEID="600925139" NAME="СНТ Излучина" TYPENAME="тер." LEVEL="7" OPERTYPEID="50" PREVID="1096639" UPDATEDATE="2024-09-11" STARTDATE="2024-09-11" ENDDATE="2079-06-06" ISACTUAL="1" ISACTIVE="1" /><OBJECT ID="52126520" OBJECTID="165219497" OBJECTGUID="6ad4326c-023c-4668-b456-418439982017" CHANGEID="600929172" NAME="КП Тимонино-1" TYPENAME="тер." LEVEL="7" OPERTYPEID="10" PREVID="0" NEXTID="0" UPDATEDATE="2024-09-11" STARTDATE="2024-09-11" ENDDATE="2079-06-06" ISACTUAL="1" ISACTIVE="1" /><OBJECT ID="1093051" OBJECTID="881357" OBJECTGUID="810ad39a-1c65-487d-98e8-597014596679" CHANGEID="2438037" NAME="ДНП Фортуна" TYPENAME="тер." LEVEL="7" OPERTYPEID="10" PREVID="0" NEXTID="52126521" UPDATEDATE="2024-09-11" STARTDATE="2019-02-27" ENDDATE="2024-09-11" ISACTUAL="0" ISACTIVE="0" /><OBJECT ID="52126521" OBJECTID="881357" OBJECTGUID="810ad39a-1c65-487d-98e8-597014596679" CHANGEID="600929353" NAME="ДНП Фортуна-Дурниха" TYPENAME="тер." LEVEL="7" OPERTYPEID="50" PREVID="1093051" UPDATEDATE="2024-09-11" STARTDATE="2024-09-11" ENDDATE="2079-06-06" ISACTUAL="1" ISACTIVE="1" /></ADDRESSOBJECTS>