﻿<?xml version="1.0" encoding="utf-8"?><ADDRESSOBJECTS><OBJECT ID="908643" OBJECTID="750527" OBJECTGUID="1af245b5-c5e9-4d15-aa58-810cded653c1" CHANGEID="1968781" NAME="Еловая" TYPENAME="ул" LEVEL="8" OPERTYPEID="10" PREVID="0" NEXTID="52126076" UPDATEDATE="2024-09-09" STARTDATE="2016-02-02" ENDDATE="2024-09-09" ISACTUAL="0" ISACTIVE="0" /><OBJECT ID="908443" OBJECTID="750358" OBJECTGUID="d6838e63-9d06-4dc3-89e5-8435045252b9" CHANGEID="1968347" NAME="Ивовый" TYPENAME="туп" LEVEL="8" OPERTYPEID="10" PREVID="0" NEXTID="52126077" UPDATEDATE="2024-09-09" STARTDATE="2016-02-02" ENDDATE="2024-09-09" ISACTUAL="0" ISACTIVE="0" /><OBJECT ID="913764" OBJECTID="754732" OBJECTGUID="d17d8b61-3524-471d-80f1-fb611ab237bf" CHANGEID="1980556" NAME="2-я Линия" TYPENAME="ул" LEVEL="8" OPERTYPEID="1" PREVID="0" NEXTID="52126004" UPDATEDATE="2024-09-09" STARTDATE="1900-01-01" ENDDATE="2024-09-09" ISACTUAL="0" ISACTIVE="0" /><OBJECT ID="918986" OBJECTID="758887" OBJECTGUID="6ea4a714-44c4-43e0-b3fb-f28cc7ee94e1" CHANGEID="1995217" NAME="3-я Линия" TYPENAME="ул" LEVEL="8" OPERTYPEID="1" PREVID="0" NEXTID="52126000" UPDATEDATE="2024-09-09" STARTDATE="1900-01-01" ENDDATE="2024-09-09" ISACTUAL="0" ISACTIVE="0" /><OBJECT ID="920849" OBJECTID="760373" OBJECTGUID="3cc8f78d-69b8-407f-b274-6eac668561fc" CHANGEID="2000297" NAME="1-я Линия" TYPENAME="ул" LEVEL="8" OPERTYPEID="1" PREVID="0" NEXTID="52126002" UPDATEDATE="2024-09-09" STARTDATE="1900-01-01" ENDDATE="2024-09-09" ISACTUAL="0" ISACTIVE="0" /><OBJECT ID="52125890" OBJECTID="165100098" OBJECTGUID="2cc97edf-2c48-4720-b312-c882e8eacf65" CHANGEID="600579091" NAME="КАС Волна-4" TYPENAME="тер." LEVEL="7" OPERTYPEID="10" PREVID="0" NEXTID="0" UPDATEDATE="2024-09-06" STARTDATE="2024-09-06" ENDDATE="2079-06-06" ISACTUAL="1" ISACTIVE="1" /><OBJECT ID="52125930" OBJECTID="165102242" OBJECTGUID="ebfca0c9-4783-4039-bd47-23feff8c2061" CHANGEID="600582793" NAME="Алтайская" TYPENAME="ул." LEVEL="8" OPERTYPEID="10" PREVID="0" NEXTID="0" UPDATEDATE="2024-09-06" STARTDATE="2024-09-06" ENDDATE="2079-06-06" ISACTUAL="1" ISACTIVE="1" /><OBJECT ID="52126000" OBJECTID="758887" OBJECTGUID="6ea4a714-44c4-43e0-b3fb-f28cc7ee94e1" CHANGEID="600750557" NAME="3-я Линия" TYPENAME="ул" LEVEL="8" OPERTYPEID="30" PREVID="918986" NEXTID="0" UPDATEDATE="2024-09-09" STARTDATE="2024-09-09" ENDDATE="2079-06-06" ISACTUAL="1" ISACTIVE="0" /><OBJECT ID="52126001" OBJECTID="757285" OBJECTGUID="1710e186-e97b-432f-be82-588a38539244" CHANGEID="600750558" NAME="5-я Линия" TYPENAME="ул" LEVEL="8" OPERTYPEID="30" PREVID="916955" NEXTID="0" UPDATEDATE="2024-09-09" STARTDATE="2024-09-09" ENDDATE="2079-06-06" ISACTUAL="1" ISACTIVE="0" /><OBJECT ID="916955" OBJECTID="757285" OBJECTGUID="1710e186-e97b-432f-be82-588a38539244" CHANGEID="1989387" NAME="5-я Линия" TYPENAME="ул" LEVEL="8" OPERTYPEID="1" PREVID="0" NEXTID="52126001" UPDATEDATE="2024-09-09" STARTDATE="1900-01-01" ENDDATE="2024-09-09" ISACTUAL="0" ISACTIVE="0" /><OBJECT ID="52126002" OBJECTID="760373" OBJECTGUID="3cc8f78d-69b8-407f-b274-6eac668561fc" CHANGEID="600750559" NAME="1-я Линия" TYPENAME="ул" LEVEL="8" OPERTYPEID="30" PREVID="920849" NEXTID="0" UPDATEDATE="2024-09-09" STARTDATE="2024-09-09" ENDDATE="2079-06-06" ISACTUAL="1" ISACTIVE="0" /><OBJECT ID="52126003" OBJECTID="760380" OBJECTGUID="9214bcf8-81bb-49cf-9d31-225ea5c513dc" CHANGEID="600750560" NAME="4-я Линия" TYPENAME="ул" LEVEL="8" OPERTYPEID="30" PREVID="920857" NEXTID="0" UPDATEDATE="2024-09-09" STARTDATE="2024-09-09" ENDDATE="2079-06-06" ISACTUAL="1" ISACTIVE="0" /><OBJECT ID="920857" OBJECTID="760380" OBJECTGUID="9214bcf8-81bb-49cf-9d31-225ea5c513dc" CHANGEID="2000324" NAME="4-я Линия" TYPENAME="ул" LEVEL="8" OPERTYPEID="1" PREVID="0" NEXTID="52126003" UPDATEDATE="2024-09-09" STARTDATE="1900-01-01" ENDDATE="2024-09-09" ISACTUAL="0" ISACTIVE="0" /><OBJECT ID="52126004" OBJECTID="754732" OBJECTGUID="d17d8b61-3524-471d-80f1-fb611ab237bf" CHANGEID="600750561" NAME="2-я Линия" TYPENAME="ул" LEVEL="8" OPERTYPEID="30" PREVID="913764" NEXTID="0" UPDATEDATE="2024-09-09" STARTDATE="2024-09-09" ENDDATE="2079-06-06" ISACTUAL="1" ISACTIVE="0" /><OBJECT ID="52126027" OBJECTID="165126483" OBJECTGUID="701666e1-1c39-42e6-9c42-25255d690045" CHANGEID="600752515" NAME="Стеклянный" TYPENAME="тер. СНТ" LEVEL="7" OPERTYPEID="10" PREVID="0" NEXTID="0" UPDATEDATE="2024-09-09" STARTDATE="2024-09-09" ENDDATE="2079-06-06" ISACTUAL="1" ISACTIVE="1" /><OBJECT ID="52126028" OBJECTID="165126586" OBJECTGUID="559b3140-134b-4087-957d-b25047b26593" CHANGEID="600752804" NAME="Каштановая" TYPENAME="ул." LEVEL="8" OPERTYPEID="10" PREVID="0" NEXTID="0" UPDATEDATE="2024-09-09" STARTDATE="2024-09-09" ENDDATE="2079-06-06" ISACTUAL="1" ISACTIVE="1" /><OBJECT ID="52126076" OBJECTID="750527" OBJECTGUID="1af245b5-c5e9-4d15-aa58-810cded653c1" CHANGEID="600774995" NAME="Еловая" TYPENAME="ул" LEVEL="8" OPERTYPEID="30" PREVID="908643" NEXTID="0" UPDATEDATE="2024-09-09" STARTDATE="2024-09-09" ENDDATE="2079-06-06" ISACTUAL="1" ISACTIVE="0" /><OBJECT ID="52126077" OBJECTID="750358" OBJECTGUID="d6838e63-9d06-4dc3-89e5-8435045252b9" CHANGEID="600774996" NAME="Ивовый" TYPENAME="туп" LEVEL="8" OPERTYPEID="30" PREVID="908443" NEXTID="0" UPDATEDATE="2024-09-09" STARTDATE="2024-09-09" ENDDATE="2079-06-06" ISACTUAL="1" ISACTIVE="0" /><OBJECT ID="52126304" OBJECTID="165169009" OBJECTGUID="c08f3c70-4980-4c8c-94a4-fe81d3c7cd33" CHANGEID="600825026" NAME="Росток" TYPENAME="ул." LEVEL="8" OPERTYPEID="10" PREVID="0" NEXTID="0" UPDATEDATE="2024-09-10" STARTDATE="2024-09-10" ENDDATE="2079-06-06" ISACTUAL="1" ISACTIVE="1" /><OBJECT ID="52126515" OBJECTID="165218032" OBJECTGUID="1277b9e1-7b39-44ad-8336-20c95c92be54" CHANGEID="600925478" NAME="Лужская - Нефтяная" TYPENAME="тер." LEVEL="7" OPERTYPEID="10" PREVID="0" NEXTID="0" UPDATEDATE="2024-09-11" STARTDATE="2024-09-11" ENDDATE="2079-06-06" ISACTUAL="1" ISACTIVE="1" /><OBJECT ID="52126516" OBJECTID="165218406" OBJECTGUID="7d3e6fe5-0f9f-48fe-a7a6-281104548497" CHANGEID="600925972" NAME="Лужская - Южная" TYPENAME="тер." LEVEL="7" OPERTYPEID="10" PREVID="0" NEXTID="0" UPDATEDATE="2024-09-11" STARTDATE="2024-09-11" ENDDATE="2079-06-06" ISACTUAL="1" ISACTIVE="1" /></ADDRESSOBJECTS>