﻿<?xml version="1.0" encoding="utf-8"?><ADDRESSOBJECTS><OBJECT ID="52125724" OBJECTID="165065560" OBJECTGUID="3245a536-d7f5-4f60-9810-f28fb108e493" CHANGEID="600520248" NAME="Желудёвый" TYPENAME="пер." LEVEL="8" OPERTYPEID="10" PREVID="0" NEXTID="0" UPDATEDATE="2024-09-05" STARTDATE="2024-09-05" ENDDATE="2079-06-06" ISACTUAL="1" ISACTIVE="1" /><OBJECT ID="52125751" OBJECTID="165068190" OBJECTGUID="7fcd9023-428a-4713-8419-3fdec5a68938" CHANGEID="600524068" NAME="Новая" TYPENAME="ул." LEVEL="8" OPERTYPEID="10" PREVID="0" NEXTID="0" UPDATEDATE="2024-09-05" STARTDATE="2024-09-05" ENDDATE="2079-06-06" ISACTUAL="1" ISACTIVE="1" /><OBJECT ID="52125752" OBJECTID="165068191" OBJECTGUID="31f70a58-60cb-4d55-b597-7ed7453e17f5" CHANGEID="600524069" NAME="Короткая" TYPENAME="ул." LEVEL="8" OPERTYPEID="10" PREVID="0" NEXTID="0" UPDATEDATE="2024-09-05" STARTDATE="2024-09-05" ENDDATE="2079-06-06" ISACTUAL="1" ISACTIVE="1" /><OBJECT ID="52125753" OBJECTID="165068192" OBJECTGUID="cd1f7683-dd76-4b0b-8d6a-9ab4c36af921" CHANGEID="600524070" NAME="Осичкина О.А." TYPENAME="ул." LEVEL="8" OPERTYPEID="10" PREVID="0" NEXTID="0" UPDATEDATE="2024-09-05" STARTDATE="2024-09-05" ENDDATE="2079-06-06" ISACTUAL="1" ISACTIVE="1" /><OBJECT ID="52125754" OBJECTID="165068193" OBJECTGUID="5a8c3888-ac2c-44da-b11d-174508243dd8" CHANGEID="600524071" NAME="Подлубного С.Ю." TYPENAME="ул." LEVEL="8" OPERTYPEID="10" PREVID="0" NEXTID="0" UPDATEDATE="2024-09-05" STARTDATE="2024-09-05" ENDDATE="2079-06-06" ISACTUAL="1" ISACTIVE="1" /><OBJECT ID="52125815" OBJECTID="165085962" OBJECTGUID="1890157c-3777-409b-9b1d-5996e1f5462c" CHANGEID="600552526" NAME="Южный" TYPENAME="пер." LEVEL="8" OPERTYPEID="10" PREVID="0" NEXTID="0" UPDATEDATE="2024-09-05" STARTDATE="2024-09-05" ENDDATE="2079-06-06" ISACTUAL="1" ISACTIVE="1" /><OBJECT ID="52125852" OBJECTID="165089905" OBJECTGUID="bce42b7a-d805-4a4f-8d54-da9c68d2cad4" CHANGEID="600560038" NAME="Потапенко Е.В." TYPENAME="ул." LEVEL="8" OPERTYPEID="10" PREVID="0" NEXTID="0" UPDATEDATE="2024-09-05" STARTDATE="2024-09-05" ENDDATE="2079-06-06" ISACTUAL="1" ISACTIVE="1" /><OBJECT ID="52125853" OBJECTID="165089906" OBJECTGUID="07ee85c7-f245-4663-acd4-8583237ab554" CHANGEID="600560039" NAME="Сидоренко М.С." TYPENAME="ул." LEVEL="8" OPERTYPEID="10" PREVID="0" NEXTID="0" UPDATEDATE="2024-09-05" STARTDATE="2024-09-05" ENDDATE="2079-06-06" ISACTUAL="1" ISACTIVE="1" /><OBJECT ID="52125854" OBJECTID="165089907" OBJECTGUID="0753889d-f9d2-44b0-88e9-f19065f1ce06" CHANGEID="600560040" NAME="Сиринько С.В." TYPENAME="ул." LEVEL="8" OPERTYPEID="10" PREVID="0" NEXTID="0" UPDATEDATE="2024-09-05" STARTDATE="2024-09-05" ENDDATE="2079-06-06" ISACTUAL="1" ISACTIVE="1" /><OBJECT ID="52125855" OBJECTID="165089908" OBJECTGUID="971ae66f-a2a0-4477-b0ba-615c5fcee199" CHANGEID="600560041" NAME="Валуева И.И." TYPENAME="ул." LEVEL="8" OPERTYPEID="10" PREVID="0" NEXTID="0" UPDATEDATE="2024-09-05" STARTDATE="2024-09-05" ENDDATE="2079-06-06" ISACTUAL="1" ISACTIVE="1" /><OBJECT ID="52125856" OBJECTID="165089909" OBJECTGUID="f608bcfb-12d5-41a5-bd2b-83884fb1ac70" CHANGEID="600560042" NAME="Алексенко С.Г." TYPENAME="ул." LEVEL="8" OPERTYPEID="10" PREVID="0" NEXTID="0" UPDATEDATE="2024-09-05" STARTDATE="2024-09-05" ENDDATE="2079-06-06" ISACTUAL="1" ISACTIVE="1" /><OBJECT ID="52125863" OBJECTID="165098993" OBJECTGUID="77022513-7629-430a-8db8-fa637924e012" CHANGEID="600577212" NAME="Атамана Осьминина" TYPENAME="ул." LEVEL="8" OPERTYPEID="10" PREVID="0" NEXTID="0" UPDATEDATE="2024-09-06" STARTDATE="2024-09-06" ENDDATE="2079-06-06" ISACTUAL="1" ISACTIVE="1" /><OBJECT ID="52125864" OBJECTID="165098994" OBJECTGUID="f9040743-3ff1-4216-b9f5-8c9ac82d0702" CHANGEID="600577213" NAME="Кедровая" TYPENAME="ул." LEVEL="8" OPERTYPEID="10" PREVID="0" NEXTID="0" UPDATEDATE="2024-09-06" STARTDATE="2024-09-06" ENDDATE="2079-06-06" ISACTUAL="1" ISACTIVE="1" /><OBJECT ID="52125865" OBJECTID="165098995" OBJECTGUID="8b3355f6-e493-44ed-8072-43e0258e2849" CHANGEID="600577214" NAME="Кленовая" TYPENAME="ул." LEVEL="8" OPERTYPEID="10" PREVID="0" NEXTID="0" UPDATEDATE="2024-09-06" STARTDATE="2024-09-06" ENDDATE="2079-06-06" ISACTUAL="1" ISACTIVE="1" /><OBJECT ID="385273" OBJECTID="315981" OBJECTGUID="88bb88db-3bc0-4e3e-8026-7a660296165a" CHANGEID="813772" NAME="Новоселов" TYPENAME="ул" LEVEL="8" OPERTYPEID="1" PREVID="0" NEXTID="52125945" UPDATEDATE="2024-09-06" STARTDATE="1900-01-01" ENDDATE="2024-09-06" ISACTUAL="0" ISACTIVE="0" /><OBJECT ID="52125945" OBJECTID="315981" OBJECTGUID="88bb88db-3bc0-4e3e-8026-7a660296165a" CHANGEID="600587114" NAME="Новосёлов" TYPENAME="ул" LEVEL="8" OPERTYPEID="20" PREVID="385273" UPDATEDATE="2024-09-06" STARTDATE="2024-09-06" ENDDATE="2079-06-06" ISACTUAL="1" ISACTIVE="1" /><OBJECT ID="1809361" OBJECTID="95237464" OBJECTGUID="47dca927-5b4d-4b92-8387-89386f1f581e" CHANGEID="138193981" NAME="город Горячий Ключ" TYPENAME="г.о." LEVEL="3" OPERTYPEID="0" PREVID="0" NEXTID="52126013" UPDATEDATE="2024-09-09" STARTDATE="2011-01-01" ENDDATE="2024-09-09" ISACTUAL="0" ISACTIVE="0" /><OBJECT ID="52126013" OBJECTID="95237464" OBJECTGUID="47dca927-5b4d-4b92-8387-89386f1f581e" CHANGEID="600751002" NAME="город Горячий Ключ" TYPENAME="м.о." LEVEL="3" OPERTYPEID="20" PREVID="1809361" UPDATEDATE="2024-09-09" STARTDATE="2024-09-09" ENDDATE="2079-06-06" ISACTUAL="1" ISACTIVE="1" /><OBJECT ID="411585" OBJECTID="338940" OBJECTGUID="79e97888-6c30-408c-845e-fe1f4c847f42" CHANGEID="871771" NAME="СОТ Кооператор участок Мотор" TYPENAME="снт" LEVEL="7" OPERTYPEID="50" PREVID="411578" NEXTID="52126199" UPDATEDATE="2024-09-10" STARTDATE="2016-09-29" ENDDATE="2024-09-10" ISACTUAL="0" ISACTIVE="0" /><OBJECT ID="52126199" OBJECTID="338940" OBJECTGUID="79e97888-6c30-408c-845e-fe1f4c847f42" CHANGEID="600811949" NAME="Кооператор участок Мотор" TYPENAME="тер. СНТ" LEVEL="7" OPERTYPEID="50" PREVID="411585" UPDATEDATE="2024-09-10" STARTDATE="2024-09-10" ENDDATE="2079-06-06" ISACTUAL="1" ISACTIVE="1" /><OBJECT ID="52126277" OBJECTID="165162539" OBJECTGUID="08d86ec9-f2f6-4665-b096-901b4131d4a4" CHANGEID="600814973" NAME="имени Александра Лысенко" TYPENAME="ул." LEVEL="8" OPERTYPEID="10" PREVID="0" NEXTID="0" UPDATEDATE="2024-09-10" STARTDATE="2024-09-10" ENDDATE="2079-06-06" ISACTUAL="1" ISACTIVE="1" /><OBJECT ID="415513" OBJECTID="341993" OBJECTGUID="129cd40e-d1de-47fb-87a3-6b9486d56443" CHANGEID="879436" NAME="СОТ Кооператор участок Азовец" TYPENAME="снт" LEVEL="7" OPERTYPEID="50" PREVID="415508" NEXTID="52126313" UPDATEDATE="2024-09-10" STARTDATE="2016-09-29" ENDDATE="2024-09-10" ISACTUAL="0" ISACTIVE="0" /><OBJECT ID="52126313" OBJECTID="341993" OBJECTGUID="129cd40e-d1de-47fb-87a3-6b9486d56443" CHANGEID="600827950" NAME="Кооператор участок Азовец" TYPENAME="тер. СНТ" LEVEL="7" OPERTYPEID="50" PREVID="415513" UPDATEDATE="2024-09-10" STARTDATE="2024-09-10" ENDDATE="2079-06-06" ISACTUAL="1" ISACTIVE="1" /><OBJECT ID="52126315" OBJECTID="165171185" OBJECTGUID="7943dc4e-af17-4598-a069-5f8e9d3c480d" CHANGEID="600828142" NAME="Сиреневая" TYPENAME="ул." LEVEL="8" OPERTYPEID="10" PREVID="0" NEXTID="0" UPDATEDATE="2024-09-10" STARTDATE="2024-09-10" ENDDATE="2079-06-06" ISACTUAL="1" ISACTIVE="1" /><OBJECT ID="52126519" OBJECTID="165219250" OBJECTGUID="12c60988-4bde-48df-9390-7dfb4c5718cd" CHANGEID="600928872" NAME="Мечта" TYPENAME="тер. СНТ" LEVEL="7" OPERTYPEID="10" PREVID="0" NEXTID="0" UPDATEDATE="2024-09-11" STARTDATE="2024-09-11" ENDDATE="2079-06-06" ISACTUAL="1" ISACTIVE="1" /></ADDRESSOBJECTS>