﻿<?xml version="1.0" encoding="utf-8"?><HOUSES><HOUSE ID="40548574" OBJECTID="67329709" OBJECTGUID="c29eb35d-0f6a-42fe-9d8c-713ebb8d2d03" CHANGEID="100383397" HOUSENUM="3" HOUSETYPE="1" OPERTYPEID="10" PREVID="0" NEXTID="126737222" UPDATEDATE="2024-09-06" STARTDATE="1995-12-10" ENDDATE="2024-09-06" ISACTUAL="0" ISACTIVE="0" /><HOUSE ID="40548045" OBJECTID="67329155" OBJECTGUID="9497d2ee-8d7b-4360-936e-6b5e79ba2bd4" CHANGEID="100382446" HOUSENUM="11" HOUSETYPE="1" OPERTYPEID="10" PREVID="0" NEXTID="126752945" UPDATEDATE="2024-09-10" STARTDATE="1995-12-10" ENDDATE="2024-09-10" ISACTUAL="0" ISACTIVE="0" /><HOUSE ID="40550135" OBJECTID="67332359" OBJECTGUID="ded1b7c4-9611-45c1-b7b3-b636c44f46a9" CHANGEID="100387183" HOUSENUM="4" HOUSETYPE="1" OPERTYPEID="10" PREVID="0" NEXTID="126752914" UPDATEDATE="2024-09-10" STARTDATE="1995-12-10" ENDDATE="2024-09-10" ISACTUAL="0" ISACTIVE="0" /><HOUSE ID="126725834" OBJECTID="165063453" OBJECTGUID="688ddde4-3c7e-4f99-ba2d-88518ec7031b" CHANGEID="600516280" HOUSENUM="5" HOUSETYPE="2" OPERTYPEID="10" PREVID="0" NEXTID="0" UPDATEDATE="2024-09-05" STARTDATE="2024-09-05" ENDDATE="2079-06-06" ISACTUAL="1" ISACTIVE="1" /><HOUSE ID="126727070" OBJECTID="165069050" OBJECTGUID="e0af3a33-3e65-40fd-89d4-eaa76506f940" CHANGEID="600525551" HOUSENUM="7А" HOUSETYPE="2" OPERTYPEID="10" PREVID="0" NEXTID="0" UPDATEDATE="2024-09-05" STARTDATE="2024-09-05" ENDDATE="2079-06-06" ISACTUAL="1" ISACTIVE="1" /><HOUSE ID="126727074" OBJECTID="165069061" OBJECTGUID="733591a3-e6c1-4272-b405-7aebc0707997" CHANGEID="600525563" HOUSENUM="9А" HOUSETYPE="2" OPERTYPEID="10" PREVID="0" NEXTID="0" UPDATEDATE="2024-09-05" STARTDATE="2024-09-05" ENDDATE="2079-06-06" ISACTUAL="1" ISACTIVE="1" /><HOUSE ID="126727081" OBJECTID="165069073" OBJECTGUID="688e6014-aad0-41f9-8619-c2c399e3e3fb" CHANGEID="600525581" HOUSENUM="4А" HOUSETYPE="2" OPERTYPEID="10" PREVID="0" NEXTID="0" UPDATEDATE="2024-09-05" STARTDATE="2024-09-05" ENDDATE="2079-06-06" ISACTUAL="1" ISACTIVE="1" /><HOUSE ID="126727071" OBJECTID="165069052" OBJECTGUID="30129021-3ac8-4eac-bdb8-4d8cfc11d93a" CHANGEID="600525553" HOUSENUM="7Б" HOUSETYPE="2" OPERTYPEID="10" PREVID="0" NEXTID="0" UPDATEDATE="2024-09-05" STARTDATE="2024-09-05" ENDDATE="2079-06-06" ISACTUAL="1" ISACTIVE="1" /><HOUSE ID="126727087" OBJECTID="165069093" OBJECTGUID="e7523583-cdb2-40ac-a70b-e9efa764e1f5" CHANGEID="600525606" HOUSENUM="28Б" HOUSETYPE="2" OPERTYPEID="10" PREVID="0" NEXTID="0" UPDATEDATE="2024-09-05" STARTDATE="2024-09-05" ENDDATE="2079-06-06" ISACTUAL="1" ISACTIVE="1" /><HOUSE ID="126727711" OBJECTID="165071357" OBJECTGUID="9748863d-49b1-45d4-b8e0-14e99a1a8fa1" CHANGEID="600529210" HOUSENUM="258" HOUSETYPE="2" OPERTYPEID="10" PREVID="0" NEXTID="0" UPDATEDATE="2024-09-05" STARTDATE="2024-09-05" ENDDATE="2079-06-06" ISACTUAL="1" ISACTIVE="1" /><HOUSE ID="126727716" OBJECTID="165071368" OBJECTGUID="b739c319-c9e8-456b-a121-261ea4305423" CHANGEID="600529225" HOUSENUM="13" HOUSETYPE="2" OPERTYPEID="10" PREVID="0" NEXTID="0" UPDATEDATE="2024-09-05" STARTDATE="2024-09-05" ENDDATE="2079-06-06" ISACTUAL="1" ISACTIVE="1" /><HOUSE ID="126727718" OBJECTID="165071369" OBJECTGUID="08ddf6e0-dac7-44cc-8025-8c45e51bcc33" CHANGEID="600529226" HOUSENUM="13/1" HOUSETYPE="7" OPERTYPEID="10" PREVID="0" NEXTID="0" UPDATEDATE="2024-09-05" STARTDATE="2024-09-05" ENDDATE="2079-06-06" ISACTUAL="1" ISACTIVE="1" /><HOUSE ID="126728341" OBJECTID="165074849" OBJECTGUID="526e635c-1b65-47a2-8831-bf7e19dcb6ee" CHANGEID="600534669" HOUSENUM="72В" HOUSETYPE="8" OPERTYPEID="10" PREVID="0" NEXTID="0" UPDATEDATE="2024-09-05" STARTDATE="2024-09-05" ENDDATE="2079-06-06" ISACTUAL="1" ISACTIVE="1" /><HOUSE ID="126730001" OBJECTID="165082607" OBJECTGUID="ff4e233d-5dcb-4e87-8d77-7af5f512f620" CHANGEID="600547211" HOUSENUM="6Б" HOUSETYPE="2" OPERTYPEID="10" PREVID="0" NEXTID="0" UPDATEDATE="2024-09-05" STARTDATE="2024-09-05" ENDDATE="2079-06-06" ISACTUAL="1" ISACTIVE="1" /><HOUSE ID="126730256" OBJECTID="165083916" OBJECTGUID="12d1e26a-cb99-4312-8b08-e13eb1a3b907" CHANGEID="600549312" HOUSENUM="59" HOUSETYPE="2" OPERTYPEID="10" PREVID="0" NEXTID="0" UPDATEDATE="2024-09-05" STARTDATE="2024-09-05" ENDDATE="2079-06-06" ISACTUAL="1" ISACTIVE="1" /><HOUSE ID="126733131" OBJECTID="165096947" OBJECTGUID="5a115e00-1cf8-478d-a801-9100f2c3b33b" CHANGEID="600572865" HOUSENUM="28" HOUSETYPE="5" OPERTYPEID="10" PREVID="0" NEXTID="0" UPDATEDATE="2024-09-06" STARTDATE="2024-09-06" ENDDATE="2079-06-06" ISACTUAL="1" ISACTIVE="1" /><HOUSE ID="126733132" OBJECTID="165096948" OBJECTGUID="320cde7d-90f9-4925-afad-835841d85b7e" CHANGEID="600572866" HOUSENUM="16" ADDNUM1="1" HOUSETYPE="2" ADDTYPE1="2" OPERTYPEID="10" PREVID="0" NEXTID="0" UPDATEDATE="2024-09-06" STARTDATE="2024-09-06" ENDDATE="2079-06-06" ISACTUAL="1" ISACTIVE="1" /><HOUSE ID="126733450" OBJECTID="165097844" OBJECTGUID="f4f64cfa-95ae-498a-9d5f-62bf29eae2d8" CHANGEID="600575121" HOUSENUM="7А" ADDNUM1="1" HOUSETYPE="2" ADDTYPE1="2" OPERTYPEID="10" PREVID="0" NEXTID="0" UPDATEDATE="2024-09-06" STARTDATE="2024-09-06" ENDDATE="2079-06-06" ISACTUAL="1" ISACTIVE="1" /><HOUSE ID="126733451" OBJECTID="165097845" OBJECTGUID="7acabc03-2e4b-4ef9-827a-37d57d4c02b9" CHANGEID="600575122" HOUSENUM="7А" HOUSETYPE="2" OPERTYPEID="10" PREVID="0" NEXTID="0" UPDATEDATE="2024-09-06" STARTDATE="2024-09-06" ENDDATE="2079-06-06" ISACTUAL="1" ISACTIVE="1" /><HOUSE ID="126733452" OBJECTID="165097846" OBJECTGUID="5cb7b2ad-9d23-462c-8d97-e9aca8277e14" CHANGEID="600575123" HOUSENUM="131В" HOUSETYPE="8" OPERTYPEID="10" PREVID="0" NEXTID="0" UPDATEDATE="2024-09-06" STARTDATE="2024-09-06" ENDDATE="2079-06-06" ISACTUAL="1" ISACTIVE="1" /><HOUSE ID="12017135" OBJECTID="20548853" OBJECTGUID="18bdecc6-6b9d-4976-8df6-9394b52dcffe" CHANGEID="32163791" HOUSENUM="244" HOUSETYPE="7" OPERTYPEID="10" PREVID="0" NEXTID="126733453" UPDATEDATE="2024-09-06" STARTDATE="2019-06-11" ENDDATE="2024-09-06" ISACTUAL="0" ISACTIVE="0" /><HOUSE ID="126733453" OBJECTID="20548853" OBJECTGUID="18bdecc6-6b9d-4976-8df6-9394b52dcffe" CHANGEID="600575127" HOUSENUM="244" HOUSETYPE="2" OPERTYPEID="20" PREVID="12017135" UPDATEDATE="2024-09-06" STARTDATE="2024-09-06" ENDDATE="2079-06-06" ISACTUAL="1" ISACTIVE="1" /><HOUSE ID="126733454" OBJECTID="165097850" OBJECTGUID="73c21528-e36f-426e-a81e-bc5bbdf0bb5d" CHANGEID="600575128" HOUSENUM="22" HOUSETYPE="2" OPERTYPEID="10" PREVID="0" NEXTID="0" UPDATEDATE="2024-09-06" STARTDATE="2024-09-06" ENDDATE="2079-06-06" ISACTUAL="1" ISACTIVE="1" /><HOUSE ID="126733884" OBJECTID="165099087" OBJECTGUID="300577b4-107e-4743-bad3-26024eb94c32" CHANGEID="600577363" HOUSENUM="68Г" HOUSETYPE="7" OPERTYPEID="10" PREVID="0" NEXTID="0" UPDATEDATE="2024-09-06" STARTDATE="2024-09-06" ENDDATE="2079-06-06" ISACTUAL="1" ISACTIVE="1" /><HOUSE ID="126733886" OBJECTID="165099094" OBJECTGUID="fc7d8cb1-a3e8-40a0-94e1-1823854f87f4" CHANGEID="600577373" HOUSENUM="14" HOUSETYPE="5" OPERTYPEID="10" PREVID="0" NEXTID="0" UPDATEDATE="2024-09-06" STARTDATE="2024-09-06" ENDDATE="2079-06-06" ISACTUAL="1" ISACTIVE="1" /><HOUSE ID="126733887" OBJECTID="165099096" OBJECTGUID="5fb011fa-118b-4294-9e69-9e796021c7a6" CHANGEID="600577376" HOUSENUM="15А" HOUSETYPE="2" OPERTYPEID="10" PREVID="0" NEXTID="0" UPDATEDATE="2024-09-06" STARTDATE="2024-09-06" ENDDATE="2079-06-06" ISACTUAL="1" ISACTIVE="1" /><HOUSE ID="126733890" OBJECTID="27560410" OBJECTGUID="15533257-6009-43e5-86d5-6f119fc07657" CHANGEID="600577384" HOUSENUM="6" HOUSETYPE="2" OPERTYPEID="70" PREVID="16373458" NEXTID="0" UPDATEDATE="2024-09-06" STARTDATE="2024-09-06" ENDDATE="2079-06-06" ISACTUAL="1" ISACTIVE="1" /><HOUSE ID="16373458" OBJECTID="27560410" OBJECTGUID="15533257-6009-43e5-86d5-6f119fc07657" CHANGEID="42473589" HOUSENUM="6" HOUSETYPE="2" OPERTYPEID="30" PREVID="16373435" NEXTID="126733890" UPDATEDATE="2024-09-06" STARTDATE="2018-12-14" ENDDATE="2024-09-06" ISACTUAL="0" ISACTIVE="0" /><HOUSE ID="2377380" OBJECTID="5399424" OBJECTGUID="72ab1630-90a5-43f4-ae84-d2ccd60c9eb2" CHANGEID="9785343" HOUSENUM="181" HOUSETYPE="7" OPERTYPEID="10" PREVID="0" NEXTID="126734011" UPDATEDATE="2024-09-06" STARTDATE="2019-05-30" ENDDATE="2024-09-06" ISACTUAL="0" ISACTIVE="0" /><HOUSE ID="126734011" OBJECTID="5399424" OBJECTGUID="72ab1630-90a5-43f4-ae84-d2ccd60c9eb2" CHANGEID="600579407" HOUSENUM="181" HOUSETYPE="2" OPERTYPEID="20" PREVID="2377380" UPDATEDATE="2024-09-06" STARTDATE="2024-09-06" ENDDATE="2079-06-06" ISACTUAL="1" ISACTIVE="1" /><HOUSE ID="126734013" OBJECTID="165100303" OBJECTGUID="3255e60b-3632-472f-a608-586a9d541f41" CHANGEID="600579409" HOUSENUM="4" ADDNUM1="1" HOUSETYPE="2" ADDTYPE1="1" OPERTYPEID="10" PREVID="0" NEXTID="0" UPDATEDATE="2024-09-06" STARTDATE="2024-09-06" ENDDATE="2079-06-06" ISACTUAL="1" ISACTIVE="1" /><HOUSE ID="126734014" OBJECTID="165100304" OBJECTGUID="5f60e580-3717-488c-966e-e8e800cd161b" CHANGEID="600579410" HOUSENUM="4" ADDNUM1="2" HOUSETYPE="2" ADDTYPE1="1" OPERTYPEID="10" PREVID="0" NEXTID="0" UPDATEDATE="2024-09-06" STARTDATE="2024-09-06" ENDDATE="2079-06-06" ISACTUAL="1" ISACTIVE="1" /><HOUSE ID="126734015" OBJECTID="165100305" OBJECTGUID="42a24402-477c-4498-8bca-9b12c9eae45b" CHANGEID="600579411" HOUSENUM="4" ADDNUM1="3" HOUSETYPE="2" ADDTYPE1="1" OPERTYPEID="10" PREVID="0" NEXTID="0" UPDATEDATE="2024-09-06" STARTDATE="2024-09-06" ENDDATE="2079-06-06" ISACTUAL="1" ISACTIVE="1" /><HOUSE ID="126734016" OBJECTID="165100306" OBJECTGUID="6d2228e3-50aa-4ece-b80a-c71f4f1a56b8" CHANGEID="600579412" HOUSENUM="4" ADDNUM1="4" HOUSETYPE="2" ADDTYPE1="1" OPERTYPEID="10" PREVID="0" NEXTID="0" UPDATEDATE="2024-09-06" STARTDATE="2024-09-06" ENDDATE="2079-06-06" ISACTUAL="1" ISACTIVE="1" /><HOUSE ID="126734017" OBJECTID="165100307" OBJECTGUID="b12cf624-b4a4-4abc-9067-2fe7e6f8f6ce" CHANGEID="600579413" HOUSENUM="4" ADDNUM1="5" HOUSETYPE="2" ADDTYPE1="1" OPERTYPEID="10" PREVID="0" NEXTID="0" UPDATEDATE="2024-09-06" STARTDATE="2024-09-06" ENDDATE="2079-06-06" ISACTUAL="1" ISACTIVE="1" /><HOUSE ID="126734018" OBJECTID="165100308" OBJECTGUID="cb1e3f64-574f-4fb9-8d7b-9b0fee64d0b1" CHANGEID="600579414" HOUSENUM="4" ADDNUM1="6" HOUSETYPE="2" ADDTYPE1="1" OPERTYPEID="10" PREVID="0" NEXTID="0" UPDATEDATE="2024-09-06" STARTDATE="2024-09-06" ENDDATE="2079-06-06" ISACTUAL="1" ISACTIVE="1" /><HOUSE ID="126734019" OBJECTID="165100309" OBJECTGUID="ec1657e3-a954-4f99-a857-c7e25482564c" CHANGEID="600579415" HOUSENUM="4" ADDNUM1="7" HOUSETYPE="2" ADDTYPE1="1" OPERTYPEID="10" PREVID="0" NEXTID="0" UPDATEDATE="2024-09-06" STARTDATE="2024-09-06" ENDDATE="2079-06-06" ISACTUAL="1" ISACTIVE="1" /><HOUSE ID="126734466" OBJECTID="165101564" OBJECTGUID="7e301722-b0ca-4cc6-9d50-9f191424cd79" CHANGEID="600581619" HOUSENUM="27" HOUSETYPE="2" OPERTYPEID="10" PREVID="0" NEXTID="0" UPDATEDATE="2024-09-06" STARTDATE="2024-09-06" ENDDATE="2079-06-06" ISACTUAL="1" ISACTIVE="1" /><HOUSE ID="126734470" OBJECTID="165101566" OBJECTGUID="19767961-b3ed-42ee-8b68-61a945bec350" CHANGEID="600581624" HOUSENUM="42А" HOUSETYPE="2" OPERTYPEID="10" PREVID="0" NEXTID="0" UPDATEDATE="2024-09-06" STARTDATE="2024-09-06" ENDDATE="2079-06-06" ISACTUAL="1" ISACTIVE="1" /><HOUSE ID="126734743" OBJECTID="165102631" OBJECTGUID="69ee846f-7de8-46ef-8b84-51948d5891e7" CHANGEID="600583888" HOUSENUM="8А" HOUSETYPE="2" OPERTYPEID="10" PREVID="0" NEXTID="0" UPDATEDATE="2024-09-06" STARTDATE="2024-09-06" ENDDATE="2079-06-06" ISACTUAL="1" ISACTIVE="1" /><HOUSE ID="126735451" OBJECTID="165104662" OBJECTGUID="365e4d89-397d-4f69-a411-5974745b30e7" CHANGEID="600587298" HOUSENUM="31" HOUSETYPE="2" OPERTYPEID="10" PREVID="0" NEXTID="0" UPDATEDATE="2024-09-06" STARTDATE="2024-09-06" ENDDATE="2079-06-06" ISACTUAL="1" ISACTIVE="1" /><HOUSE ID="126736291" OBJECTID="165106958" OBJECTGUID="eb0bd018-0770-4eda-9204-9b108d55f2b7" CHANGEID="600591173" HOUSENUM="2а" HOUSETYPE="7" OPERTYPEID="10" PREVID="0" NEXTID="0" UPDATEDATE="2024-09-06" STARTDATE="2024-09-06" ENDDATE="2079-06-06" ISACTUAL="1" ISACTIVE="1" /><HOUSE ID="126736559" OBJECTID="165108311" OBJECTGUID="e3687048-a30c-4ffd-ba7b-852d314f8a30" CHANGEID="600593265" HOUSENUM="45" HOUSETYPE="2" OPERTYPEID="10" PREVID="0" NEXTID="0" UPDATEDATE="2024-09-06" STARTDATE="2024-09-06" ENDDATE="2079-06-06" ISACTUAL="1" ISACTIVE="1" /><HOUSE ID="126736564" OBJECTID="165108319" OBJECTGUID="bfcb6438-009e-498e-9c94-e47792d039bb" CHANGEID="600593273" HOUSENUM="1А" HOUSETYPE="5" OPERTYPEID="10" PREVID="0" NEXTID="0" UPDATEDATE="2024-09-06" STARTDATE="2024-09-06" ENDDATE="2079-06-06" ISACTUAL="1" ISACTIVE="1" /><HOUSE ID="126736571" OBJECTID="165108328" OBJECTGUID="06752c70-0dff-41a0-aa0c-72c6e9be9be0" CHANGEID="600593282" HOUSENUM="11" HOUSETYPE="2" OPERTYPEID="10" PREVID="0" NEXTID="0" UPDATEDATE="2024-09-06" STARTDATE="2024-09-06" ENDDATE="2079-06-06" ISACTUAL="1" ISACTIVE="1" /><HOUSE ID="126736673" OBJECTID="165108487" OBJECTGUID="13c7830f-6309-4eb1-9df4-407fb5016d9f" CHANGEID="600593462" HOUSENUM="22А" HOUSETYPE="7" OPERTYPEID="10" PREVID="0" NEXTID="0" UPDATEDATE="2024-09-06" STARTDATE="2024-09-06" ENDDATE="2079-06-06" ISACTUAL="1" ISACTIVE="1" /><HOUSE ID="126736569" OBJECTID="165108326" OBJECTGUID="710e4809-5c1b-449c-9e31-20336cd77fac" CHANGEID="600593280" HOUSENUM="4" HOUSETYPE="2" OPERTYPEID="10" PREVID="0" NEXTID="0" UPDATEDATE="2024-09-06" STARTDATE="2024-09-06" ENDDATE="2079-06-06" ISACTUAL="1" ISACTIVE="1" /><HOUSE ID="126737220" OBJECTID="165110275" OBJECTGUID="6bdbc534-2bb3-4ebc-bab9-00ad0ec911e3" CHANGEID="600595935" HOUSENUM="38" HOUSETYPE="2" OPERTYPEID="10" PREVID="0" NEXTID="0" UPDATEDATE="2024-09-06" STARTDATE="2024-09-06" ENDDATE="2079-06-06" ISACTUAL="1" ISACTIVE="1" /><HOUSE ID="126737221" OBJECTID="165110281" OBJECTGUID="4a185b0c-8177-40d5-9a5d-e84d13260578" CHANGEID="600595941" HOUSENUM="16" HOUSETYPE="2" OPERTYPEID="10" PREVID="0" NEXTID="0" UPDATEDATE="2024-09-06" STARTDATE="2024-09-06" ENDDATE="2079-06-06" ISACTUAL="1" ISACTIVE="1" /><HOUSE ID="126737222" OBJECTID="67329709" OBJECTGUID="c29eb35d-0f6a-42fe-9d8c-713ebb8d2d03" CHANGEID="600596006" HOUSENUM="3" HOUSETYPE="7" OPERTYPEID="20" PREVID="40548574" UPDATEDATE="2024-09-06" STARTDATE="2024-09-06" ENDDATE="2079-06-06" ISACTUAL="1" ISACTIVE="1" /><HOUSE ID="126741994" OBJECTID="165132515" OBJECTGUID="20cab2c6-3ba3-4c28-9ffc-ef4f75ce89d0" CHANGEID="600762162" HOUSENUM="19" HOUSETYPE="2" OPERTYPEID="10" PREVID="0" NEXTID="0" UPDATEDATE="2024-09-09" STARTDATE="2024-09-09" ENDDATE="2079-06-06" ISACTUAL="1" ISACTIVE="1" /><HOUSE ID="126741995" OBJECTID="165132517" OBJECTGUID="996f2341-3d88-4565-8b1d-ebc2078ee25d" CHANGEID="600762167" HOUSENUM="1В" HOUSETYPE="5" OPERTYPEID="10" PREVID="0" NEXTID="0" UPDATEDATE="2024-09-09" STARTDATE="2024-09-09" ENDDATE="2079-06-06" ISACTUAL="1" ISACTIVE="1" /><HOUSE ID="126742267" OBJECTID="165133933" OBJECTGUID="43ee511f-1c19-41c9-ad08-a281be082ee6" CHANGEID="600764250" HOUSENUM="29" HOUSETYPE="5" OPERTYPEID="10" PREVID="0" NEXTID="0" UPDATEDATE="2024-09-09" STARTDATE="2024-09-09" ENDDATE="2079-06-06" ISACTUAL="1" ISACTIVE="1" /><HOUSE ID="126750600" OBJECTID="165166149" OBJECTGUID="dbb17f33-5478-44cb-8c5c-8217f731333e" CHANGEID="600821159" HOUSENUM="7" ADDNUM1="1" HOUSETYPE="2" ADDTYPE1="2" OPERTYPEID="10" PREVID="0" NEXTID="0" UPDATEDATE="2024-09-10" STARTDATE="2024-09-10" ENDDATE="2079-06-06" ISACTUAL="1" ISACTIVE="1" /><HOUSE ID="126752914" OBJECTID="67332359" OBJECTGUID="ded1b7c4-9611-45c1-b7b3-b636c44f46a9" CHANGEID="600835582" HOUSENUM="4" HOUSETYPE="7" OPERTYPEID="20" PREVID="40550135" UPDATEDATE="2024-09-10" STARTDATE="2024-09-10" ENDDATE="2079-06-06" ISACTUAL="1" ISACTIVE="1" /><HOUSE ID="40545840" OBJECTID="67326172" OBJECTGUID="959895eb-d184-40d0-9aa0-34c30b5762cf" CHANGEID="100377926" HOUSENUM="21" HOUSETYPE="1" OPERTYPEID="10" PREVID="0" NEXTID="126752941" UPDATEDATE="2024-09-10" STARTDATE="1995-12-10" ENDDATE="2024-09-10" ISACTUAL="0" ISACTIVE="0" /><HOUSE ID="126752941" OBJECTID="67326172" OBJECTGUID="959895eb-d184-40d0-9aa0-34c30b5762cf" CHANGEID="600835612" HOUSENUM="21" HOUSETYPE="7" OPERTYPEID="20" PREVID="40545840" UPDATEDATE="2024-09-10" STARTDATE="2024-09-10" ENDDATE="2079-06-06" ISACTUAL="1" ISACTIVE="1" /><HOUSE ID="40547220" OBJECTID="67328151" OBJECTGUID="5d02b7c2-c03f-4463-be92-6188be287754" CHANGEID="100380747" HOUSENUM="15" HOUSETYPE="1" OPERTYPEID="10" PREVID="0" NEXTID="126752944" UPDATEDATE="2024-09-10" STARTDATE="1995-12-10" ENDDATE="2024-09-10" ISACTUAL="0" ISACTIVE="0" /><HOUSE ID="126752944" OBJECTID="67328151" OBJECTGUID="5d02b7c2-c03f-4463-be92-6188be287754" CHANGEID="600835633" HOUSENUM="15" HOUSETYPE="7" OPERTYPEID="20" PREVID="40547220" UPDATEDATE="2024-09-10" STARTDATE="2024-09-10" ENDDATE="2079-06-06" ISACTUAL="1" ISACTIVE="1" /><HOUSE ID="126752945" OBJECTID="67329155" OBJECTGUID="9497d2ee-8d7b-4360-936e-6b5e79ba2bd4" CHANGEID="600835665" HOUSENUM="11" HOUSETYPE="7" OPERTYPEID="20" PREVID="40548045" UPDATEDATE="2024-09-10" STARTDATE="2024-09-10" ENDDATE="2079-06-06" ISACTUAL="1" ISACTIVE="1" /><HOUSE ID="126752947" OBJECTID="165175638" OBJECTGUID="c2cc6fdc-f024-4169-b8eb-cce996347e6b" CHANGEID="600835669" HOUSENUM="136" HOUSETYPE="7" OPERTYPEID="10" PREVID="0" NEXTID="0" UPDATEDATE="2024-09-10" STARTDATE="2024-09-10" ENDDATE="2079-06-06" ISACTUAL="1" ISACTIVE="1" /><HOUSE ID="40551597" OBJECTID="67334529" OBJECTGUID="2f7c47ba-bcdb-485d-aa58-e626636446b9" CHANGEID="100390314" HOUSENUM="16" HOUSETYPE="1" OPERTYPEID="10" PREVID="0" NEXTID="126752949" UPDATEDATE="2024-09-10" STARTDATE="1995-12-10" ENDDATE="2024-09-10" ISACTUAL="0" ISACTIVE="0" /><HOUSE ID="126752949" OBJECTID="67334529" OBJECTGUID="2f7c47ba-bcdb-485d-aa58-e626636446b9" CHANGEID="600835671" HOUSENUM="16" HOUSETYPE="7" OPERTYPEID="20" PREVID="40551597" UPDATEDATE="2024-09-10" STARTDATE="2024-09-10" ENDDATE="2079-06-06" ISACTUAL="1" ISACTIVE="1" /><HOUSE ID="126752951" OBJECTID="165175639" OBJECTGUID="b936cfde-ac7e-43cc-8535-1a33db2b3582" CHANGEID="600835673" HOUSENUM="66" HOUSETYPE="7" OPERTYPEID="10" PREVID="0" NEXTID="0" UPDATEDATE="2024-09-10" STARTDATE="2024-09-10" ENDDATE="2079-06-06" ISACTUAL="1" ISACTIVE="1" /><HOUSE ID="126752953" OBJECTID="165175641" OBJECTGUID="e6226780-58b3-488d-8f1d-10d9e6863a65" CHANGEID="600835675" HOUSENUM="387" HOUSETYPE="7" OPERTYPEID="10" PREVID="0" NEXTID="0" UPDATEDATE="2024-09-10" STARTDATE="2024-09-10" ENDDATE="2079-06-06" ISACTUAL="1" ISACTIVE="1" /><HOUSE ID="126752954" OBJECTID="165175642" OBJECTGUID="172b293a-ee35-437a-9376-40eec66f154e" CHANGEID="600835677" HOUSENUM="362" HOUSETYPE="7" OPERTYPEID="10" PREVID="0" NEXTID="0" UPDATEDATE="2024-09-10" STARTDATE="2024-09-10" ENDDATE="2079-06-06" ISACTUAL="1" ISACTIVE="1" /><HOUSE ID="40549543" OBJECTID="67331593" OBJECTGUID="12d3266b-4061-4a0e-99dd-9c94028013dd" CHANGEID="100386049" HOUSENUM="6" HOUSETYPE="1" OPERTYPEID="10" PREVID="0" NEXTID="126752940" UPDATEDATE="2024-09-10" STARTDATE="1995-12-10" ENDDATE="2024-09-10" ISACTUAL="0" ISACTIVE="0" /><HOUSE ID="126752940" OBJECTID="67331593" OBJECTGUID="12d3266b-4061-4a0e-99dd-9c94028013dd" CHANGEID="600835611" HOUSENUM="6" HOUSETYPE="7" OPERTYPEID="20" PREVID="40549543" UPDATEDATE="2024-09-10" STARTDATE="2024-09-10" ENDDATE="2079-06-06" ISACTUAL="1" ISACTIVE="1" /><HOUSE ID="40549396" OBJECTID="67331197" OBJECTGUID="02bbc051-7c97-44ea-935a-9ab739a340d3" CHANGEID="100385527" HOUSENUM="5" HOUSETYPE="1" OPERTYPEID="10" PREVID="0" NEXTID="126752942" UPDATEDATE="2024-09-10" STARTDATE="1995-12-10" ENDDATE="2024-09-10" ISACTUAL="0" ISACTIVE="0" /><HOUSE ID="126752942" OBJECTID="67331197" OBJECTGUID="02bbc051-7c97-44ea-935a-9ab739a340d3" CHANGEID="600835613" HOUSENUM="5" HOUSETYPE="7" OPERTYPEID="20" PREVID="40549396" UPDATEDATE="2024-09-10" STARTDATE="2024-09-10" ENDDATE="2079-06-06" ISACTUAL="1" ISACTIVE="1" /><HOUSE ID="40549673" OBJECTID="67331790" OBJECTGUID="f7813337-27f0-495e-8401-a66c8b34d0d5" CHANGEID="100386314" HOUSENUM="18" HOUSETYPE="1" OPERTYPEID="10" PREVID="0" NEXTID="126752946" UPDATEDATE="2024-09-10" STARTDATE="1995-12-10" ENDDATE="2024-09-10" ISACTUAL="0" ISACTIVE="0" /><HOUSE ID="126752946" OBJECTID="67331790" OBJECTGUID="f7813337-27f0-495e-8401-a66c8b34d0d5" CHANGEID="600835666" HOUSENUM="18" HOUSETYPE="7" OPERTYPEID="20" PREVID="40549673" UPDATEDATE="2024-09-10" STARTDATE="2024-09-10" ENDDATE="2079-06-06" ISACTUAL="1" ISACTIVE="1" /><HOUSE ID="40544526" OBJECTID="67324148" OBJECTGUID="c92da6ee-0bb4-41fe-a269-2ed8c351842b" CHANGEID="100374873" HOUSENUM="20" HOUSETYPE="1" OPERTYPEID="10" PREVID="0" NEXTID="126752948" UPDATEDATE="2024-09-10" STARTDATE="1995-12-10" ENDDATE="2024-09-10" ISACTUAL="0" ISACTIVE="0" /><HOUSE ID="126752948" OBJECTID="67324148" OBJECTGUID="c92da6ee-0bb4-41fe-a269-2ed8c351842b" CHANGEID="600835670" HOUSENUM="20" HOUSETYPE="7" OPERTYPEID="20" PREVID="40544526" UPDATEDATE="2024-09-10" STARTDATE="2024-09-10" ENDDATE="2079-06-06" ISACTUAL="1" ISACTIVE="1" /><HOUSE ID="40543910" OBJECTID="67323128" OBJECTGUID="4feb7db6-b19f-4581-86de-2df79e053c82" CHANGEID="100373362" HOUSENUM="24" HOUSETYPE="1" OPERTYPEID="10" PREVID="0" NEXTID="126752950" UPDATEDATE="2024-09-10" STARTDATE="1995-12-10" ENDDATE="2024-09-10" ISACTUAL="0" ISACTIVE="0" /><HOUSE ID="126752950" OBJECTID="67323128" OBJECTGUID="4feb7db6-b19f-4581-86de-2df79e053c82" CHANGEID="600835672" HOUSENUM="24" HOUSETYPE="7" OPERTYPEID="20" PREVID="40543910" UPDATEDATE="2024-09-10" STARTDATE="2024-09-10" ENDDATE="2079-06-06" ISACTUAL="1" ISACTIVE="1" /><HOUSE ID="126752952" OBJECTID="165175640" OBJECTGUID="4f313ab2-8737-4429-af50-69d9afedebf9" CHANGEID="600835674" HOUSENUM="37" HOUSETYPE="7" OPERTYPEID="10" PREVID="0" NEXTID="0" UPDATEDATE="2024-09-10" STARTDATE="2024-09-10" ENDDATE="2079-06-06" ISACTUAL="1" ISACTIVE="1" /><HOUSE ID="56086221" OBJECTID="35814876" OBJECTGUID="426ed15a-00a7-4f2d-bf6e-71c4742d5af0" CHANGEID="54392184" HOUSENUM="48" ADDNUM1="А" HOUSETYPE="2" ADDTYPE1="1" OPERTYPEID="20" PREVID="21279160" NEXTID="126753213" UPDATEDATE="2024-09-10" STARTDATE="2015-10-09" ENDDATE="2024-09-10" ISACTUAL="0" ISACTIVE="0" /><HOUSE ID="126753213" OBJECTID="35814876" OBJECTGUID="426ed15a-00a7-4f2d-bf6e-71c4742d5af0" CHANGEID="600838592" HOUSENUM="48А" HOUSETYPE="2" OPERTYPEID="20" PREVID="56086221" UPDATEDATE="2024-09-10" STARTDATE="2024-09-10" ENDDATE="2079-06-06" ISACTUAL="1" ISACTIVE="1" /><HOUSE ID="126753472" OBJECTID="165178880" OBJECTGUID="8305811d-66b1-47ee-b5fd-29f10df7e86b" CHANGEID="600840191" HOUSENUM="1А/1" HOUSETYPE="7" OPERTYPEID="10" PREVID="0" NEXTID="0" UPDATEDATE="2024-09-10" STARTDATE="2024-09-10" ENDDATE="2079-06-06" ISACTUAL="1" ISACTIVE="1" /><HOUSE ID="126757569" OBJECTID="165198435" OBJECTGUID="1c24d344-6927-4c04-ab95-ca6542cba38a" CHANGEID="600894955" HOUSENUM="81" HOUSETYPE="2" OPERTYPEID="10" PREVID="0" NEXTID="0" UPDATEDATE="2024-09-11" STARTDATE="2024-09-11" ENDDATE="2079-06-06" ISACTUAL="1" ISACTIVE="1" /><HOUSE ID="126757792" OBJECTID="165200355" OBJECTGUID="c20d00af-3279-484d-97ed-22cefa9a62c3" CHANGEID="600897524" HOUSENUM="48" HOUSETYPE="7" OPERTYPEID="10" PREVID="0" NEXTID="0" UPDATEDATE="2024-09-11" STARTDATE="2024-09-11" ENDDATE="2079-06-06" ISACTUAL="1" ISACTIVE="1" /><HOUSE ID="126757788" OBJECTID="165200346" OBJECTGUID="9262f4ee-e472-4962-9cd5-c5f9fd308d93" CHANGEID="600897515" HOUSENUM="64/2" HOUSETYPE="7" OPERTYPEID="10" PREVID="0" NEXTID="0" UPDATEDATE="2024-09-11" STARTDATE="2024-09-11" ENDDATE="2079-06-06" ISACTUAL="1" ISACTIVE="1" /><HOUSE ID="126757789" OBJECTID="165200348" OBJECTGUID="060e5f74-4b8e-4d7d-a7a8-17130d8e6f80" CHANGEID="600897517" HOUSENUM="64/1" HOUSETYPE="7" OPERTYPEID="10" PREVID="0" NEXTID="0" UPDATEDATE="2024-09-11" STARTDATE="2024-09-11" ENDDATE="2079-06-06" ISACTUAL="1" ISACTIVE="1" /><HOUSE ID="126757916" OBJECTID="165201306" OBJECTGUID="c188bc50-9938-4da4-9c5a-d7f44e0ce854" CHANGEID="600898767" HOUSENUM="1а" HOUSETYPE="2" OPERTYPEID="10" PREVID="0" NEXTID="0" UPDATEDATE="2024-09-11" STARTDATE="2024-09-11" ENDDATE="2079-06-06" ISACTUAL="1" ISACTIVE="1" /><HOUSE ID="126758066" OBJECTID="165203016" OBJECTGUID="8e8f6918-14f8-457e-b063-c577ccfa8778" CHANGEID="600900805" HOUSENUM="55" HOUSETYPE="2" OPERTYPEID="10" PREVID="0" NEXTID="0" UPDATEDATE="2024-09-11" STARTDATE="2024-09-11" ENDDATE="2079-06-06" ISACTUAL="1" ISACTIVE="1" /><HOUSE ID="126758067" OBJECTID="165203017" OBJECTGUID="7f79df1f-0d67-4e7f-9e95-221c4c62a7b6" CHANGEID="600900809" HOUSENUM="122" HOUSETYPE="7" OPERTYPEID="10" PREVID="0" NEXTID="0" UPDATEDATE="2024-09-11" STARTDATE="2024-09-11" ENDDATE="2079-06-06" ISACTUAL="1" ISACTIVE="1" /><HOUSE ID="126758359" OBJECTID="165204469" OBJECTGUID="f796acc3-9282-4174-b602-c2d2c22fecda" CHANGEID="600902935" HOUSENUM="1" HOUSETYPE="4" OPERTYPEID="10" PREVID="0" NEXTID="0" UPDATEDATE="2024-09-11" STARTDATE="2024-09-11" ENDDATE="2079-06-06" ISACTUAL="1" ISACTIVE="1" /><HOUSE ID="126758379" OBJECTID="165204705" OBJECTGUID="edd37f66-9983-48d6-abe4-2e3375f3b3af" CHANGEID="600903271" HOUSENUM="725" HOUSETYPE="7" OPERTYPEID="10" PREVID="0" NEXTID="0" UPDATEDATE="2024-09-11" STARTDATE="2024-09-11" ENDDATE="2079-06-06" ISACTUAL="1" ISACTIVE="1" /><HOUSE ID="126758380" OBJECTID="165204707" OBJECTGUID="d224612a-c448-4f7a-a847-d27486077a8a" CHANGEID="600903273" HOUSENUM="783" HOUSETYPE="7" OPERTYPEID="10" PREVID="0" NEXTID="0" UPDATEDATE="2024-09-11" STARTDATE="2024-09-11" ENDDATE="2079-06-06" ISACTUAL="1" ISACTIVE="1" /><HOUSE ID="126759170" OBJECTID="165208320" OBJECTGUID="7b02b7e0-d26e-4520-a50c-c41979b5d7a0" CHANGEID="600908984" HOUSENUM="4/1" HOUSETYPE="7" OPERTYPEID="10" PREVID="0" NEXTID="0" UPDATEDATE="2024-09-11" STARTDATE="2024-09-11" ENDDATE="2079-06-06" ISACTUAL="1" ISACTIVE="1" /><HOUSE ID="126759530" OBJECTID="165210097" OBJECTGUID="6b22e520-a6cc-41e9-aa93-8b7e30cd62f7" CHANGEID="600911883" HOUSENUM="41/3" HOUSETYPE="7" OPERTYPEID="10" PREVID="0" NEXTID="0" UPDATEDATE="2024-09-11" STARTDATE="2024-09-11" ENDDATE="2079-06-06" ISACTUAL="1" ISACTIVE="1" /><HOUSE ID="126759580" OBJECTID="165210181" OBJECTGUID="c0330c64-db54-4079-916e-fb4a48ada496" CHANGEID="600912024" HOUSENUM="3Б" HOUSETYPE="2" OPERTYPEID="10" PREVID="0" NEXTID="0" UPDATEDATE="2024-09-11" STARTDATE="2024-09-11" ENDDATE="2079-06-06" ISACTUAL="1" ISACTIVE="1" /><HOUSE ID="126759529" OBJECTID="165210096" OBJECTGUID="0e2995ce-b4f5-470d-86f3-07d09d285161" CHANGEID="600911882" HOUSENUM="396" HOUSETYPE="2" OPERTYPEID="10" PREVID="0" NEXTID="0" UPDATEDATE="2024-09-11" STARTDATE="2024-09-11" ENDDATE="2079-06-06" ISACTUAL="1" ISACTIVE="1" /><HOUSE ID="126759533" OBJECTID="165210101" OBJECTGUID="700113fb-ecf2-4552-ba37-be1c660c2fac" CHANGEID="600911888" HOUSENUM="14А" HOUSETYPE="2" OPERTYPEID="10" PREVID="0" NEXTID="0" UPDATEDATE="2024-09-11" STARTDATE="2024-09-11" ENDDATE="2079-06-06" ISACTUAL="1" ISACTIVE="1" /><HOUSE ID="126759536" OBJECTID="165210105" OBJECTGUID="cf494a05-33da-4611-a83c-50a544dd9f3b" CHANGEID="600911892" HOUSENUM="4А" HOUSETYPE="2" OPERTYPEID="10" PREVID="0" NEXTID="0" UPDATEDATE="2024-09-11" STARTDATE="2024-09-11" ENDDATE="2079-06-06" ISACTUAL="1" ISACTIVE="1" /><HOUSE ID="126759591" OBJECTID="165210225" OBJECTGUID="7e121842-248d-4680-b85f-446c2d425176" CHANGEID="600912085" HOUSENUM="124Г" HOUSETYPE="7" OPERTYPEID="10" PREVID="0" NEXTID="0" UPDATEDATE="2024-09-11" STARTDATE="2024-09-11" ENDDATE="2079-06-06" ISACTUAL="1" ISACTIVE="1" /><HOUSE ID="126759884" OBJECTID="165211516" OBJECTGUID="aa66e2ea-bbe5-4fce-b239-45d2836d8911" CHANGEID="600914721" HOUSENUM="19" HOUSETYPE="2" OPERTYPEID="10" PREVID="0" NEXTID="0" UPDATEDATE="2024-09-11" STARTDATE="2024-09-11" ENDDATE="2079-06-06" ISACTUAL="1" ISACTIVE="1" /><HOUSE ID="126759921" OBJECTID="165211580" OBJECTGUID="dd379dc9-c8a6-4325-bc73-d18c9a2f943c" CHANGEID="600914831" HOUSENUM="2В" HOUSETYPE="7" OPERTYPEID="10" PREVID="0" NEXTID="0" UPDATEDATE="2024-09-11" STARTDATE="2024-09-11" ENDDATE="2079-06-06" ISACTUAL="1" ISACTIVE="1" /><HOUSE ID="126759919" OBJECTID="165211577" OBJECTGUID="bd0be4bc-ef1f-4a27-b124-be806144b79a" CHANGEID="600914828" HOUSENUM="42/1" HOUSETYPE="2" OPERTYPEID="10" PREVID="0" NEXTID="0" UPDATEDATE="2024-09-11" STARTDATE="2024-09-11" ENDDATE="2079-06-06" ISACTUAL="1" ISACTIVE="1" /><HOUSE ID="126759920" OBJECTID="165211579" OBJECTGUID="779657a6-e99d-4996-9455-ec4e91c771a4" CHANGEID="600914830" HOUSENUM="77А" HOUSETYPE="2" OPERTYPEID="10" PREVID="0" NEXTID="0" UPDATEDATE="2024-09-11" STARTDATE="2024-09-11" ENDDATE="2079-06-06" ISACTUAL="1" ISACTIVE="1" /><HOUSE ID="126760456" OBJECTID="165214498" OBJECTGUID="cedebaa8-ff19-4b1d-8089-1834a2a32004" CHANGEID="600919201" HOUSENUM="55" HOUSETYPE="2" OPERTYPEID="10" PREVID="0" NEXTID="0" UPDATEDATE="2024-09-11" STARTDATE="2024-09-11" ENDDATE="2079-06-06" ISACTUAL="1" ISACTIVE="1" /><HOUSE ID="126760457" OBJECTID="165214500" OBJECTGUID="9081250a-9ffe-4ef0-bab4-7125f25560a7" CHANGEID="600919203" HOUSENUM="2М" HOUSETYPE="2" OPERTYPEID="10" PREVID="0" NEXTID="0" UPDATEDATE="2024-09-11" STARTDATE="2024-09-11" ENDDATE="2079-06-06" ISACTUAL="1" ISACTIVE="1" /><HOUSE ID="126760463" OBJECTID="165214574" OBJECTGUID="07cb975b-e4e4-4635-910e-ff90074deef6" CHANGEID="600919283" HOUSENUM="32/1" HOUSETYPE="2" OPERTYPEID="10" PREVID="0" NEXTID="0" UPDATEDATE="2024-09-11" STARTDATE="2024-09-11" ENDDATE="2079-06-06" ISACTUAL="1" ISACTIVE="1" /><HOUSE ID="126760458" OBJECTID="165214509" OBJECTGUID="6856feac-2b99-45f8-a49e-957b452cede0" CHANGEID="600919212" HOUSENUM="318" HOUSETYPE="2" OPERTYPEID="10" PREVID="0" NEXTID="0" UPDATEDATE="2024-09-11" STARTDATE="2024-09-11" ENDDATE="2079-06-06" ISACTUAL="1" ISACTIVE="1" /><HOUSE ID="126760818" OBJECTID="165215662" OBJECTGUID="95216c0c-bd64-4cc3-97da-06cfa8f10e08" CHANGEID="600921847" HOUSENUM="27Ж" HOUSETYPE="2" OPERTYPEID="10" PREVID="0" NEXTID="0" UPDATEDATE="2024-09-11" STARTDATE="2024-09-11" ENDDATE="2079-06-06" ISACTUAL="1" ISACTIVE="1" /><HOUSE ID="126760819" OBJECTID="165215673" OBJECTGUID="bd9483b0-9a74-4463-a180-f1df74aa020c" CHANGEID="600921859" HOUSENUM="8А" HOUSETYPE="2" OPERTYPEID="10" PREVID="0" NEXTID="0" UPDATEDATE="2024-09-11" STARTDATE="2024-09-11" ENDDATE="2079-06-06" ISACTUAL="1" ISACTIVE="1" /></HOUSES>