﻿<?xml version="1.0" encoding="utf-8"?><REESTR_OBJECTS><OBJECT OBJECTID="94781914" OBJECTGUID="6aa6b218-8fce-4af8-a3ea-b52604f8a013" CHANGEID="600589313" ISACTIVE="1" LEVELID="9" CREATEDATE="2019-05-08" UPDATEDATE="2024-09-06" /><OBJECT OBJECTID="165063453" OBJECTGUID="688ddde4-3c7e-4f99-ba2d-88518ec7031b" CHANGEID="600516280" ISACTIVE="1" LEVELID="10" CREATEDATE="2024-09-05" UPDATEDATE="2024-09-05" /><OBJECT OBJECTID="165063462" OBJECTGUID="4f179404-3722-4357-87fe-720ed3016d8e" CHANGEID="600516290" ISACTIVE="1" LEVELID="11" CREATEDATE="2024-09-05" UPDATEDATE="2024-09-05" /><OBJECT OBJECTID="161856303" OBJECTGUID="f5492ec7-dca6-4274-a7dc-ebc69fbf2ec1" CHANGEID="600516293" ISACTIVE="1" LEVELID="9" CREATEDATE="2023-12-20" UPDATEDATE="2024-09-05" /><OBJECT OBJECTID="165069050" OBJECTGUID="e0af3a33-3e65-40fd-89d4-eaa76506f940" CHANGEID="600525551" ISACTIVE="1" LEVELID="10" CREATEDATE="2024-09-05" UPDATEDATE="2024-09-05" /><OBJECT OBJECTID="165069057" OBJECTGUID="59307969-0123-4d41-8014-5b4266b3b506" CHANGEID="600525558" ISACTIVE="1" LEVELID="9" CREATEDATE="2024-09-05" UPDATEDATE="2024-09-05" /><OBJECT OBJECTID="165069061" OBJECTGUID="733591a3-e6c1-4272-b405-7aebc0707997" CHANGEID="600525563" ISACTIVE="1" LEVELID="10" CREATEDATE="2024-09-05" UPDATEDATE="2024-09-05" /><OBJECT OBJECTID="165069073" OBJECTGUID="688e6014-aad0-41f9-8619-c2c399e3e3fb" CHANGEID="600525581" ISACTIVE="1" LEVELID="10" CREATEDATE="2024-09-05" UPDATEDATE="2024-09-05" /><OBJECT OBJECTID="165069083" OBJECTGUID="9f01390a-67d7-478e-9aa0-b2589d697290" CHANGEID="600525593" ISACTIVE="1" LEVELID="9" CREATEDATE="2024-09-05" UPDATEDATE="2024-09-05" /><OBJECT OBJECTID="165069086" OBJECTGUID="657c5ffc-ddd4-4f97-814c-c55fecb0bd1a" CHANGEID="600525597" ISACTIVE="1" LEVELID="9" CREATEDATE="2024-09-05" UPDATEDATE="2024-09-05" /><OBJECT OBJECTID="165069052" OBJECTGUID="30129021-3ac8-4eac-bdb8-4d8cfc11d93a" CHANGEID="600525553" ISACTIVE="1" LEVELID="10" CREATEDATE="2024-09-05" UPDATEDATE="2024-09-05" /><OBJECT OBJECTID="165069085" OBJECTGUID="b712cd79-eed7-4bcf-9da4-2d1afbffe5ce" CHANGEID="600525595" ISACTIVE="1" LEVELID="9" CREATEDATE="2024-09-05" UPDATEDATE="2024-09-05" /><OBJECT OBJECTID="165069087" OBJECTGUID="9fe04004-0516-4554-883e-7d550001b5ee" CHANGEID="600525599" ISACTIVE="1" LEVELID="9" CREATEDATE="2024-09-05" UPDATEDATE="2024-09-05" /><OBJECT OBJECTID="165069093" OBJECTGUID="e7523583-cdb2-40ac-a70b-e9efa764e1f5" CHANGEID="600525606" ISACTIVE="1" LEVELID="10" CREATEDATE="2024-09-05" UPDATEDATE="2024-09-05" /><OBJECT OBJECTID="165069096" OBJECTGUID="cd3ec9e1-7b34-41ef-b1f9-5c984d4cad75" CHANGEID="600525610" ISACTIVE="1" LEVELID="9" CREATEDATE="2024-09-05" UPDATEDATE="2024-09-05" /><OBJECT OBJECTID="165069103" OBJECTGUID="e51532c2-e023-4f4a-8575-786c8c7c373d" CHANGEID="600525618" ISACTIVE="1" LEVELID="11" CREATEDATE="2024-09-05" UPDATEDATE="2024-09-05" /><OBJECT OBJECTID="165069088" OBJECTGUID="697abd78-c616-4ad5-863f-5d9d7a617c21" CHANGEID="600525601" ISACTIVE="1" LEVELID="9" CREATEDATE="2024-09-05" UPDATEDATE="2024-09-05" /><OBJECT OBJECTID="165069094" OBJECTGUID="fef19555-26c2-4839-8a83-03c5cc445b36" CHANGEID="600525608" ISACTIVE="1" LEVELID="9" CREATEDATE="2024-09-05" UPDATEDATE="2024-09-05" /><OBJECT OBJECTID="165069097" OBJECTGUID="c8ff0227-0adb-4779-b1f4-74a737b47724" CHANGEID="600525611" ISACTIVE="1" LEVELID="9" CREATEDATE="2024-09-05" UPDATEDATE="2024-09-05" /><OBJECT OBJECTID="165071229" OBJECTGUID="ef7a069c-c6ad-4079-b3b8-bf56e009b249" CHANGEID="600528956" ISACTIVE="1" LEVELID="9" CREATEDATE="2024-09-05" UPDATEDATE="2024-09-05" /><OBJECT OBJECTID="165071357" OBJECTGUID="9748863d-49b1-45d4-b8e0-14e99a1a8fa1" CHANGEID="600529210" ISACTIVE="1" LEVELID="10" CREATEDATE="2024-09-05" UPDATEDATE="2024-09-05" /><OBJECT OBJECTID="165071368" OBJECTGUID="b739c319-c9e8-456b-a121-261ea4305423" CHANGEID="600529225" ISACTIVE="1" LEVELID="10" CREATEDATE="2024-09-05" UPDATEDATE="2024-09-05" /><OBJECT OBJECTID="165071369" OBJECTGUID="08ddf6e0-dac7-44cc-8025-8c45e51bcc33" CHANGEID="600529226" ISACTIVE="1" LEVELID="10" CREATEDATE="2024-09-05" UPDATEDATE="2024-09-05" /><OBJECT OBJECTID="165074846" OBJECTGUID="9eb020ca-3e7f-4b7e-86f2-e793fc88c096" CHANGEID="600534666" ISACTIVE="1" LEVELID="9" CREATEDATE="2024-09-05" UPDATEDATE="2024-09-05" /><OBJECT OBJECTID="165074848" OBJECTGUID="3a5912ee-86bc-4309-ba0b-8d6f89ac30f0" CHANGEID="600534668" ISACTIVE="1" LEVELID="9" CREATEDATE="2024-09-05" UPDATEDATE="2024-09-05" /><OBJECT OBJECTID="165074847" OBJECTGUID="a5e09452-8667-4527-9e88-577439ed04c6" CHANGEID="600534667" ISACTIVE="1" LEVELID="9" CREATEDATE="2024-09-05" UPDATEDATE="2024-09-05" /><OBJECT OBJECTID="165074849" OBJECTGUID="526e635c-1b65-47a2-8831-bf7e19dcb6ee" CHANGEID="600534669" ISACTIVE="1" LEVELID="10" CREATEDATE="2024-09-05" UPDATEDATE="2024-09-05" /><OBJECT OBJECTID="165074850" OBJECTGUID="263d6560-6661-4f66-af91-e48d2e5805c2" CHANGEID="600534670" ISACTIVE="1" LEVELID="9" CREATEDATE="2024-09-05" UPDATEDATE="2024-09-05" /><OBJECT OBJECTID="165076016" OBJECTGUID="b98857b2-ce19-4e36-987e-599f4b544f8b" CHANGEID="600536654" ISACTIVE="1" LEVELID="9" CREATEDATE="2024-09-05" UPDATEDATE="2024-09-05" /><OBJECT OBJECTID="165076018" OBJECTGUID="47b73c1a-ca4e-4b5d-bf11-262d165025b3" CHANGEID="600536657" ISACTIVE="1" LEVELID="9" CREATEDATE="2024-09-05" UPDATEDATE="2024-09-05" /><OBJECT OBJECTID="165076022" OBJECTGUID="442fa116-a0f9-40ac-a5a9-a78ea53e7cb5" CHANGEID="600536661" ISACTIVE="1" LEVELID="9" CREATEDATE="2024-09-05" UPDATEDATE="2024-09-05" /><OBJECT OBJECTID="165076020" OBJECTGUID="baeafdd8-7faf-47d7-989f-ebe4279f3c79" CHANGEID="600536659" ISACTIVE="1" LEVELID="9" CREATEDATE="2024-09-05" UPDATEDATE="2024-09-05" /><OBJECT OBJECTID="165076024" OBJECTGUID="9b3fb6a6-f76c-4053-9c66-afd82b9c09e1" CHANGEID="600536663" ISACTIVE="1" LEVELID="9" CREATEDATE="2024-09-05" UPDATEDATE="2024-09-05" /><OBJECT OBJECTID="165076025" OBJECTGUID="6c31a4bc-42df-4d9a-8111-d46931d4070a" CHANGEID="600536664" ISACTIVE="1" LEVELID="9" CREATEDATE="2024-09-05" UPDATEDATE="2024-09-05" /><OBJECT OBJECTID="165076027" OBJECTGUID="097f3168-e86b-48f7-866e-222de1f8515b" CHANGEID="600536666" ISACTIVE="1" LEVELID="9" CREATEDATE="2024-09-05" UPDATEDATE="2024-09-05" /><OBJECT OBJECTID="165076029" OBJECTGUID="74ea9366-e1a1-44bc-a658-bcbce7a6865a" CHANGEID="600536668" ISACTIVE="1" LEVELID="9" CREATEDATE="2024-09-05" UPDATEDATE="2024-09-05" /><OBJECT OBJECTID="94736262" OBJECTGUID="169245e4-2513-4264-b278-586dd0ccfb36" CHANGEID="600589320" ISACTIVE="1" LEVELID="9" CREATEDATE="2019-05-08" UPDATEDATE="2024-09-06" /><OBJECT OBJECTID="165077977" OBJECTGUID="988c5a7b-7070-454c-a8a4-0d65b2236ca8" CHANGEID="600539411" ISACTIVE="1" LEVELID="9" CREATEDATE="2024-09-05" UPDATEDATE="2024-09-05" /><OBJECT OBJECTID="165080536" OBJECTGUID="8433ec9c-f023-43ae-bd03-c0d6c5c120e6" CHANGEID="600543508" ISACTIVE="1" LEVELID="9" CREATEDATE="2024-09-05" UPDATEDATE="2024-09-05" /><OBJECT OBJECTID="163862341" OBJECTGUID="5923c47a-6f22-4d36-ab6e-f37fa8d8c543" CHANGEID="600543513" ISACTIVE="1" LEVELID="11" CREATEDATE="2024-06-11" UPDATEDATE="2024-09-05" /><OBJECT OBJECTID="165080533" OBJECTGUID="451c1e0f-8f1c-4c58-bf67-430d8c7d5a80" CHANGEID="600543500" ISACTIVE="1" LEVELID="9" CREATEDATE="2024-09-05" UPDATEDATE="2024-09-05" /><OBJECT OBJECTID="165080534" OBJECTGUID="2deaace5-1c8f-4010-aaf8-b12d0c5839a2" CHANGEID="600543504" ISACTIVE="1" LEVELID="9" CREATEDATE="2024-09-05" UPDATEDATE="2024-09-05" /><OBJECT OBJECTID="165080538" OBJECTGUID="50089f4b-f62d-40f5-84b7-7000fddc5d12" CHANGEID="600543511" ISACTIVE="1" LEVELID="9" CREATEDATE="2024-09-05" UPDATEDATE="2024-09-05" /><OBJECT OBJECTID="165082605" OBJECTGUID="665eb9e7-f8fc-4406-a53c-89dd888fff34" CHANGEID="600547209" ISACTIVE="1" LEVELID="9" CREATEDATE="2024-09-05" UPDATEDATE="2024-09-05" /><OBJECT OBJECTID="165082601" OBJECTGUID="8acbc096-349b-4482-a729-6284ba84a826" CHANGEID="600547205" ISACTIVE="1" LEVELID="9" CREATEDATE="2024-09-05" UPDATEDATE="2024-09-05" /><OBJECT OBJECTID="165082603" OBJECTGUID="09808e89-c0bf-4492-802f-5d349f883181" CHANGEID="600547207" ISACTIVE="1" LEVELID="9" CREATEDATE="2024-09-05" UPDATEDATE="2024-09-05" /><OBJECT OBJECTID="165082607" OBJECTGUID="ff4e233d-5dcb-4e87-8d77-7af5f512f620" CHANGEID="600547211" ISACTIVE="1" LEVELID="10" CREATEDATE="2024-09-05" UPDATEDATE="2024-09-05" /><OBJECT OBJECTID="165083916" OBJECTGUID="12d1e26a-cb99-4312-8b08-e13eb1a3b907" CHANGEID="600549312" ISACTIVE="1" LEVELID="10" CREATEDATE="2024-09-05" UPDATEDATE="2024-09-05" /><OBJECT OBJECTID="63032126" OBJECTGUID="dec1a168-184c-40eb-a2ea-bf94660c6f74" CHANGEID="600571084" ISACTIVE="1" LEVELID="10" CREATEDATE="2019-07-09" UPDATEDATE="2024-09-06" /><OBJECT OBJECTID="160372146" OBJECTGUID="7e401086-b26b-4f35-8c49-38eaca7ac443" CHANGEID="600571086" ISACTIVE="1" LEVELID="10" CREATEDATE="2023-09-18" UPDATEDATE="2024-09-06" /><OBJECT OBJECTID="165096947" OBJECTGUID="5a115e00-1cf8-478d-a801-9100f2c3b33b" CHANGEID="600572865" ISACTIVE="1" LEVELID="10" CREATEDATE="2024-09-06" UPDATEDATE="2024-09-06" /><OBJECT OBJECTID="165096948" OBJECTGUID="320cde7d-90f9-4925-afad-835841d85b7e" CHANGEID="600572866" ISACTIVE="1" LEVELID="10" CREATEDATE="2024-09-06" UPDATEDATE="2024-09-06" /><OBJECT OBJECTID="165097845" OBJECTGUID="7acabc03-2e4b-4ef9-827a-37d57d4c02b9" CHANGEID="600575122" ISACTIVE="1" LEVELID="10" CREATEDATE="2024-09-06" UPDATEDATE="2024-09-06" /><OBJECT OBJECTID="165097844" OBJECTGUID="f4f64cfa-95ae-498a-9d5f-62bf29eae2d8" CHANGEID="600575121" ISACTIVE="1" LEVELID="10" CREATEDATE="2024-09-06" UPDATEDATE="2024-09-06" /><OBJECT OBJECTID="165097846" OBJECTGUID="5cb7b2ad-9d23-462c-8d97-e9aca8277e14" CHANGEID="600575123" ISACTIVE="1" LEVELID="10" CREATEDATE="2024-09-06" UPDATEDATE="2024-09-06" /><OBJECT OBJECTID="165097848" OBJECTGUID="1d887cac-1a14-4455-aaba-6110697079df" CHANGEID="600575125" ISACTIVE="1" LEVELID="11" CREATEDATE="2024-09-06" UPDATEDATE="2024-09-06" /><OBJECT OBJECTID="20548853" OBJECTGUID="18bdecc6-6b9d-4976-8df6-9394b52dcffe" CHANGEID="600575127" ISACTIVE="1" LEVELID="10" CREATEDATE="2019-07-04" UPDATEDATE="2024-09-06" /><OBJECT OBJECTID="165097852" OBJECTGUID="e2e183ce-42a5-4bee-968c-1f2e1ace3657" CHANGEID="600575131" ISACTIVE="1" LEVELID="9" CREATEDATE="2024-09-06" UPDATEDATE="2024-09-06" /><OBJECT OBJECTID="165097854" OBJECTGUID="8d6b5bd1-650e-4158-a301-f92f121f90c9" CHANGEID="600575133" ISACTIVE="1" LEVELID="9" CREATEDATE="2024-09-06" UPDATEDATE="2024-09-06" /><OBJECT OBJECTID="165097847" OBJECTGUID="63e993cd-7aea-4308-a962-8ba7d80260be" CHANGEID="600575124" ISACTIVE="1" LEVELID="11" CREATEDATE="2024-09-06" UPDATEDATE="2024-09-06" /><OBJECT OBJECTID="165097849" OBJECTGUID="38d97294-2741-4367-9785-2ff32465d5ef" CHANGEID="600575126" ISACTIVE="1" LEVELID="11" CREATEDATE="2024-09-06" UPDATEDATE="2024-09-06" /><OBJECT OBJECTID="165097850" OBJECTGUID="73c21528-e36f-426e-a81e-bc5bbdf0bb5d" CHANGEID="600575128" ISACTIVE="1" LEVELID="10" CREATEDATE="2024-09-06" UPDATEDATE="2024-09-06" /><OBJECT OBJECTID="165097853" OBJECTGUID="aff43bdf-8ff4-4d94-8e50-777116c94ffe" CHANGEID="600575132" ISACTIVE="1" LEVELID="9" CREATEDATE="2024-09-06" UPDATEDATE="2024-09-06" /><OBJECT OBJECTID="165097855" OBJECTGUID="afd1fbad-7b47-4ba4-93d3-510612e19656" CHANGEID="600575134" ISACTIVE="1" LEVELID="9" CREATEDATE="2024-09-06" UPDATEDATE="2024-09-06" /><OBJECT OBJECTID="165097857" OBJECTGUID="f90d7a57-7397-40fb-bc7e-321f0661ba55" CHANGEID="600575136" ISACTIVE="1" LEVELID="9" CREATEDATE="2024-09-06" UPDATEDATE="2024-09-06" /><OBJECT OBJECTID="165097859" OBJECTGUID="e6590daa-5acd-4ccd-a383-606fcacd87c8" CHANGEID="600575138" ISACTIVE="1" LEVELID="9" CREATEDATE="2024-09-06" UPDATEDATE="2024-09-06" /><OBJECT OBJECTID="165097856" OBJECTGUID="52db665b-d680-40f8-b76f-c56e8f5402a8" CHANGEID="600575135" ISACTIVE="1" LEVELID="9" CREATEDATE="2024-09-06" UPDATEDATE="2024-09-06" /><OBJECT OBJECTID="165097858" OBJECTGUID="40803965-4a96-44ef-b069-dae08888fe5f" CHANGEID="600575137" ISACTIVE="1" LEVELID="9" CREATEDATE="2024-09-06" UPDATEDATE="2024-09-06" /><OBJECT OBJECTID="165099092" OBJECTGUID="cb053a51-8cb4-4f0b-9b61-13c385c78105" CHANGEID="600577371" ISACTIVE="1" LEVELID="9" CREATEDATE="2024-09-06" UPDATEDATE="2024-09-06" /><OBJECT OBJECTID="165099096" OBJECTGUID="5fb011fa-118b-4294-9e69-9e796021c7a6" CHANGEID="600577376" ISACTIVE="1" LEVELID="10" CREATEDATE="2024-09-06" UPDATEDATE="2024-09-06" /><OBJECT OBJECTID="165099097" OBJECTGUID="1855f4f6-7a7c-4fde-8fec-88bfe4194307" CHANGEID="600577380" ISACTIVE="1" LEVELID="9" CREATEDATE="2024-09-06" UPDATEDATE="2024-09-06" /><OBJECT OBJECTID="27560410" OBJECTGUID="15533257-6009-43e5-86d5-6f119fc07657" CHANGEID="600838262" ISACTIVE="1" LEVELID="10" CREATEDATE="2018-12-14" UPDATEDATE="2024-09-10" /><OBJECT OBJECTID="165099087" OBJECTGUID="300577b4-107e-4743-bad3-26024eb94c32" CHANGEID="600577363" ISACTIVE="1" LEVELID="10" CREATEDATE="2024-09-06" UPDATEDATE="2024-09-06" /><OBJECT OBJECTID="165099091" OBJECTGUID="7ae3dd09-bef5-459e-9cd5-1cdd49c2d33b" CHANGEID="600577369" ISACTIVE="1" LEVELID="9" CREATEDATE="2024-09-06" UPDATEDATE="2024-09-06" /><OBJECT OBJECTID="165099094" OBJECTGUID="fc7d8cb1-a3e8-40a0-94e1-1823854f87f4" CHANGEID="600577373" ISACTIVE="1" LEVELID="10" CREATEDATE="2024-09-06" UPDATEDATE="2024-09-06" /><OBJECT OBJECTID="28388377" OBJECTGUID="b6834f0e-44c7-4857-ab25-0f5df7be7ce2" CHANGEID="600577378" ISACTIVE="1" LEVELID="10" CREATEDATE="2011-12-28" UPDATEDATE="2024-09-06" /><OBJECT OBJECTID="15420597" OBJECTGUID="9bda066e-8b4c-4e95-adee-2b37a4a1eec3" CHANGEID="600577382" ISACTIVE="1" LEVELID="10" CREATEDATE="2012-08-30" UPDATEDATE="2024-09-06" /><OBJECT OBJECTID="165099100" OBJECTGUID="22010081-3907-4814-adf3-55da824a26a5" CHANGEID="600577387" ISACTIVE="1" LEVELID="9" CREATEDATE="2024-09-06" UPDATEDATE="2024-09-06" /><OBJECT OBJECTID="165099335" OBJECTGUID="d9842841-bc6d-4db1-aeca-24f366258f14" CHANGEID="600577694" ISACTIVE="1" LEVELID="9" CREATEDATE="2024-09-06" UPDATEDATE="2024-09-06" /><OBJECT OBJECTID="165099339" OBJECTGUID="f9a13093-665b-482d-89b6-f78c9e26392f" CHANGEID="600577698" ISACTIVE="1" LEVELID="9" CREATEDATE="2024-09-06" UPDATEDATE="2024-09-06" /><OBJECT OBJECTID="165099333" OBJECTGUID="32dda9c4-ce25-4cec-ac97-b8a223dc6ecf" CHANGEID="600577692" ISACTIVE="1" LEVELID="9" CREATEDATE="2024-09-06" UPDATEDATE="2024-09-06" /><OBJECT OBJECTID="165099336" OBJECTGUID="c5f756c7-9276-4a32-8669-dc42488b7530" CHANGEID="600577695" ISACTIVE="1" LEVELID="9" CREATEDATE="2024-09-06" UPDATEDATE="2024-09-06" /><OBJECT OBJECTID="165099341" OBJECTGUID="775fb261-f67e-4a71-b617-d7734d6b9dc6" CHANGEID="600577700" ISACTIVE="1" LEVELID="9" CREATEDATE="2024-09-06" UPDATEDATE="2024-09-06" /><OBJECT OBJECTID="28985289" OBJECTGUID="133354f1-e1c5-4a8a-99dc-8ff566c5c27d" CHANGEID="600838263" ISACTIVE="1" LEVELID="10" CREATEDATE="2017-01-17" UPDATEDATE="2024-09-10" /><OBJECT OBJECTID="165100303" OBJECTGUID="3255e60b-3632-472f-a608-586a9d541f41" CHANGEID="600579409" ISACTIVE="1" LEVELID="10" CREATEDATE="2024-09-06" UPDATEDATE="2024-09-06" /><OBJECT OBJECTID="165100304" OBJECTGUID="5f60e580-3717-488c-966e-e8e800cd161b" CHANGEID="600579410" ISACTIVE="1" LEVELID="10" CREATEDATE="2024-09-06" UPDATEDATE="2024-09-06" /><OBJECT OBJECTID="165100305" OBJECTGUID="42a24402-477c-4498-8bca-9b12c9eae45b" CHANGEID="600579411" ISACTIVE="1" LEVELID="10" CREATEDATE="2024-09-06" UPDATEDATE="2024-09-06" /><OBJECT OBJECTID="165100306" OBJECTGUID="6d2228e3-50aa-4ece-b80a-c71f4f1a56b8" CHANGEID="600579412" ISACTIVE="1" LEVELID="10" CREATEDATE="2024-09-06" UPDATEDATE="2024-09-06" /><OBJECT OBJECTID="165100307" OBJECTGUID="b12cf624-b4a4-4abc-9067-2fe7e6f8f6ce" CHANGEID="600579413" ISACTIVE="1" LEVELID="10" CREATEDATE="2024-09-06" UPDATEDATE="2024-09-06" /><OBJECT OBJECTID="165100308" OBJECTGUID="cb1e3f64-574f-4fb9-8d7b-9b0fee64d0b1" CHANGEID="600579414" ISACTIVE="1" LEVELID="10" CREATEDATE="2024-09-06" UPDATEDATE="2024-09-06" /><OBJECT OBJECTID="165100309" OBJECTGUID="ec1657e3-a954-4f99-a857-c7e25482564c" CHANGEID="600579415" ISACTIVE="1" LEVELID="10" CREATEDATE="2024-09-06" UPDATEDATE="2024-09-06" /><OBJECT OBJECTID="165100488" OBJECTGUID="3d127a3f-a646-4dfe-bbd5-606b91e386db" CHANGEID="600579609" ISACTIVE="1" LEVELID="9" CREATEDATE="2024-09-06" UPDATEDATE="2024-09-06" /><OBJECT OBJECTID="165101564" OBJECTGUID="7e301722-b0ca-4cc6-9d50-9f191424cd79" CHANGEID="600581619" ISACTIVE="1" LEVELID="10" CREATEDATE="2024-09-06" UPDATEDATE="2024-09-06" /><OBJECT OBJECTID="165101569" OBJECTGUID="b8334055-8edb-498b-8c2f-388988ec4f04" CHANGEID="600581629" ISACTIVE="1" LEVELID="9" CREATEDATE="2024-09-06" UPDATEDATE="2024-09-06" /><OBJECT OBJECTID="165101574" OBJECTGUID="b71b7584-ee05-4449-aa9e-fc89637efc78" CHANGEID="600581635" ISACTIVE="1" LEVELID="9" CREATEDATE="2024-09-06" UPDATEDATE="2024-09-06" /><OBJECT OBJECTID="165101566" OBJECTGUID="19767961-b3ed-42ee-8b68-61a945bec350" CHANGEID="600581624" ISACTIVE="1" LEVELID="10" CREATEDATE="2024-09-06" UPDATEDATE="2024-09-06" /><OBJECT OBJECTID="165101572" OBJECTGUID="913d3749-4b4b-4559-b5f9-f243aa773a21" CHANGEID="600581633" ISACTIVE="1" LEVELID="9" CREATEDATE="2024-09-06" UPDATEDATE="2024-09-06" /><OBJECT OBJECTID="165101576" OBJECTGUID="42a07f48-1670-4049-9b6d-ad772ba60944" CHANGEID="600581637" ISACTIVE="1" LEVELID="9" CREATEDATE="2024-09-06" UPDATEDATE="2024-09-06" /><OBJECT OBJECTID="165101582" OBJECTGUID="00fb9e05-50b8-4e7a-948f-37b2f6711394" CHANGEID="600581644" ISACTIVE="1" LEVELID="9" CREATEDATE="2024-09-06" UPDATEDATE="2024-09-06" /><OBJECT OBJECTID="165101580" OBJECTGUID="2774a72c-1264-4c14-9c67-460322731874" CHANGEID="600581641" ISACTIVE="1" LEVELID="9" CREATEDATE="2024-09-06" UPDATEDATE="2024-09-06" /><OBJECT OBJECTID="165101585" OBJECTGUID="1e52012b-8b94-42f2-996f-c4187a9d894d" CHANGEID="600581647" ISACTIVE="1" LEVELID="9" CREATEDATE="2024-09-06" UPDATEDATE="2024-09-06" /><OBJECT OBJECTID="165101588" OBJECTGUID="6ffca3d6-fa3a-4b5e-aefa-23655a147134" CHANGEID="600581655" ISACTIVE="1" LEVELID="9" CREATEDATE="2024-09-06" UPDATEDATE="2024-09-06" /><OBJECT OBJECTID="165101587" OBJECTGUID="b59ca5a7-40a3-4760-8d4a-84c81accd478" CHANGEID="600581652" ISACTIVE="1" LEVELID="9" CREATEDATE="2024-09-06" UPDATEDATE="2024-09-06" /><OBJECT OBJECTID="88917856" OBJECTGUID="1989ab92-7d51-4e1e-88ee-946c1ab3539c" CHANGEID="600581875" ISACTIVE="1" LEVELID="9" CREATEDATE="2019-04-05" UPDATEDATE="2024-09-06" /><OBJECT OBJECTID="92255450" OBJECTGUID="919b6676-1c22-48c1-abae-b805ec6efcee" CHANGEID="600581887" ISACTIVE="1" LEVELID="9" CREATEDATE="2019-08-26" UPDATEDATE="2024-09-06" /><OBJECT OBJECTID="157822005" OBJECTGUID="5e4af7a5-be95-420a-8919-6cef5adc52d0" CHANGEID="600581872" ISACTIVE="1" LEVELID="9" CREATEDATE="2023-01-19" UPDATEDATE="2024-09-06" /><OBJECT OBJECTID="156806986" OBJECTGUID="c7156274-742a-4554-a9de-58de91fecd31" CHANGEID="600581874" ISACTIVE="1" LEVELID="9" CREATEDATE="2022-10-28" UPDATEDATE="2024-09-06" /><OBJECT OBJECTID="165101749" OBJECTGUID="35fb1d00-4440-4794-a9f6-e58956ca8b91" CHANGEID="600581927" ISACTIVE="1" LEVELID="9" CREATEDATE="2024-09-06" UPDATEDATE="2024-09-06" /><OBJECT OBJECTID="165102580" OBJECTGUID="e9882f2d-3513-4b17-8891-6aa54aad2c46" CHANGEID="600583771" ISACTIVE="1" LEVELID="9" CREATEDATE="2024-09-06" UPDATEDATE="2024-09-06" /><OBJECT OBJECTID="165102582" OBJECTGUID="f0966dd6-bdcb-4932-b9da-2eafca19febd" CHANGEID="600583775" ISACTIVE="1" LEVELID="9" CREATEDATE="2024-09-06" UPDATEDATE="2024-09-06" /><OBJECT OBJECTID="165102578" OBJECTGUID="ae41ed1f-564e-443a-b68f-b97f7292139c" CHANGEID="600583768" ISACTIVE="1" LEVELID="9" CREATEDATE="2024-09-06" UPDATEDATE="2024-09-06" /><OBJECT OBJECTID="165102583" OBJECTGUID="3ed8621f-ea69-48ae-98ac-8d6b647ef0f7" CHANGEID="600583797" ISACTIVE="1" LEVELID="9" CREATEDATE="2024-09-06" UPDATEDATE="2024-09-06" /><OBJECT OBJECTID="165102584" OBJECTGUID="cf01e989-d829-4a1e-bf69-374a30d56761" CHANGEID="600583803" ISACTIVE="1" LEVELID="9" CREATEDATE="2024-09-06" UPDATEDATE="2024-09-06" /><OBJECT OBJECTID="165102599" OBJECTGUID="8e924a64-1e78-4293-9eb8-ebabe49792b2" CHANGEID="600583847" ISACTIVE="1" LEVELID="9" CREATEDATE="2024-09-06" UPDATEDATE="2024-09-06" /><OBJECT OBJECTID="165102586" OBJECTGUID="4002d629-ec56-40ed-925e-b316b321aa26" CHANGEID="600583818" ISACTIVE="1" LEVELID="9" CREATEDATE="2024-09-06" UPDATEDATE="2024-09-06" /><OBJECT OBJECTID="165102604" OBJECTGUID="adb96719-45bf-44ca-888b-316b2f97d764" CHANGEID="600583853" ISACTIVE="1" LEVELID="9" CREATEDATE="2024-09-06" UPDATEDATE="2024-09-06" /><OBJECT OBJECTID="165102606" OBJECTGUID="4944a84e-2601-4b35-9a1b-8c94f364b6ce" CHANGEID="600583855" ISACTIVE="1" LEVELID="9" CREATEDATE="2024-09-06" UPDATEDATE="2024-09-06" /><OBJECT OBJECTID="165102608" OBJECTGUID="a3bf1721-12f4-46cd-b172-f290aebd1f53" CHANGEID="600583857" ISACTIVE="1" LEVELID="9" CREATEDATE="2024-09-06" UPDATEDATE="2024-09-06" /><OBJECT OBJECTID="165102610" OBJECTGUID="401fd0cb-b6e8-410e-b52e-360c987ac24d" CHANGEID="600583859" ISACTIVE="1" LEVELID="9" CREATEDATE="2024-09-06" UPDATEDATE="2024-09-06" /><OBJECT OBJECTID="165102612" OBJECTGUID="c8324a2f-a6ac-44ff-a2aa-a563a18dc6e3" CHANGEID="600583861" ISACTIVE="1" LEVELID="9" CREATEDATE="2024-09-06" UPDATEDATE="2024-09-06" /><OBJECT OBJECTID="165102603" OBJECTGUID="d3f2ff84-b8e6-4534-ba07-30321fc40789" CHANGEID="600583852" ISACTIVE="1" LEVELID="9" CREATEDATE="2024-09-06" UPDATEDATE="2024-09-06" /><OBJECT OBJECTID="165102607" OBJECTGUID="f22a6897-a48b-4b8a-8be9-08fcb5a21dc2" CHANGEID="600583856" ISACTIVE="1" LEVELID="9" CREATEDATE="2024-09-06" UPDATEDATE="2024-09-06" /><OBJECT OBJECTID="165102609" OBJECTGUID="2952055f-9aae-40df-ba10-246ac4e49aa3" CHANGEID="600583858" ISACTIVE="1" LEVELID="9" CREATEDATE="2024-09-06" UPDATEDATE="2024-09-06" /><OBJECT OBJECTID="165102611" OBJECTGUID="6392d6d9-c306-467a-8d42-49ea817a637c" CHANGEID="600583860" ISACTIVE="1" LEVELID="9" CREATEDATE="2024-09-06" UPDATEDATE="2024-09-06" /><OBJECT OBJECTID="165102613" OBJECTGUID="c6e874b9-7e39-4bf6-8cca-937bddcd5cc2" CHANGEID="600583862" ISACTIVE="1" LEVELID="9" CREATEDATE="2024-09-06" UPDATEDATE="2024-09-06" /><OBJECT OBJECTID="165102615" OBJECTGUID="0a348ac4-fe35-4cdd-a2d9-16b671846dc5" CHANGEID="600583864" ISACTIVE="1" LEVELID="9" CREATEDATE="2024-09-06" UPDATEDATE="2024-09-06" /><OBJECT OBJECTID="165102618" OBJECTGUID="b3934c54-1d34-43b9-b7ae-a8ba09bb4cfd" CHANGEID="600583868" ISACTIVE="1" LEVELID="9" CREATEDATE="2024-09-06" UPDATEDATE="2024-09-06" /><OBJECT OBJECTID="165102620" OBJECTGUID="3b76cf57-4df6-48d6-9126-e472ea7f895e" CHANGEID="600583870" ISACTIVE="1" LEVELID="9" CREATEDATE="2024-09-06" UPDATEDATE="2024-09-06" /><OBJECT OBJECTID="165102614" OBJECTGUID="f804906b-ac49-420f-8aad-16ca2e4e37d5" CHANGEID="600583863" ISACTIVE="1" LEVELID="9" CREATEDATE="2024-09-06" UPDATEDATE="2024-09-06" /><OBJECT OBJECTID="165102616" OBJECTGUID="ffda56e7-c5dc-4618-9613-abe4918ee15e" CHANGEID="600583865" ISACTIVE="1" LEVELID="9" CREATEDATE="2024-09-06" UPDATEDATE="2024-09-06" /><OBJECT OBJECTID="165102617" OBJECTGUID="f2c29e38-560a-4586-b70e-8050f17227b9" CHANGEID="600583867" ISACTIVE="1" LEVELID="9" CREATEDATE="2024-09-06" UPDATEDATE="2024-09-06" /><OBJECT OBJECTID="165102619" OBJECTGUID="2a0b7b95-d86d-4fc7-b2f3-d136aae284e1" CHANGEID="600583869" ISACTIVE="1" LEVELID="9" CREATEDATE="2024-09-06" UPDATEDATE="2024-09-06" /><OBJECT OBJECTID="157433763" OBJECTGUID="39252742-45ba-47a9-952a-ebe6e663df52" CHANGEID="600583882" ISACTIVE="1" LEVELID="9" CREATEDATE="2022-12-08" UPDATEDATE="2024-09-06" /><OBJECT OBJECTID="165102628" OBJECTGUID="83b28dc1-b296-488c-b011-ab0f8683415b" CHANGEID="600583883" ISACTIVE="1" LEVELID="11" CREATEDATE="2024-09-06" UPDATEDATE="2024-09-06" /><OBJECT OBJECTID="86822580" OBJECTGUID="7a6b7e8d-0d45-45b6-88eb-62e23c2bed1c" CHANGEID="600583885" ISACTIVE="1" LEVELID="9" CREATEDATE="2019-10-15" UPDATEDATE="2024-09-06" /><OBJECT OBJECTID="165102632" OBJECTGUID="d6c5573b-eabf-4cf8-83ad-3da02884c518" CHANGEID="600583889" ISACTIVE="1" LEVELID="9" CREATEDATE="2024-09-06" UPDATEDATE="2024-09-06" /><OBJECT OBJECTID="165102629" OBJECTGUID="24261a6c-2373-4faf-ad4c-03c076865603" CHANGEID="600583886" ISACTIVE="1" LEVELID="11" CREATEDATE="2024-09-06" UPDATEDATE="2024-09-06" /><OBJECT OBJECTID="165102631" OBJECTGUID="69ee846f-7de8-46ef-8b84-51948d5891e7" CHANGEID="600583888" ISACTIVE="1" LEVELID="10" CREATEDATE="2024-09-06" UPDATEDATE="2024-09-06" /><OBJECT OBJECTID="104299814" OBJECTGUID="7d3eeec4-68a7-4560-b99e-a4cd908f3db4" CHANGEID="600583890" ISACTIVE="1" LEVELID="9" CREATEDATE="2022-04-21" UPDATEDATE="2024-09-06" /><OBJECT OBJECTID="22460982" OBJECTGUID="620fb55f-dedc-418d-91b1-1c7beb95d2a1" CHANGEID="600583892" ISACTIVE="1" LEVELID="10" CREATEDATE="2012-08-30" UPDATEDATE="2024-09-06" /><OBJECT OBJECTID="165103585" OBJECTGUID="631de108-d965-42e1-80db-2aaed9fa3af2" CHANGEID="600585428" ISACTIVE="1" LEVELID="9" CREATEDATE="2024-09-06" UPDATEDATE="2024-09-06" /><OBJECT OBJECTID="165103624" OBJECTGUID="bf7a3cf0-f57f-4810-bc31-80cd5728f884" CHANGEID="600585471" ISACTIVE="1" LEVELID="11" CREATEDATE="2024-09-06" UPDATEDATE="2024-09-06" /><OBJECT OBJECTID="68153019" OBJECTGUID="9cb70c3a-fdbe-4d89-901a-c9f70ef8abcb" CHANGEID="600585419" ISACTIVE="1" LEVELID="10" CREATEDATE="2019-07-09" UPDATEDATE="2024-09-06" /><OBJECT OBJECTID="165103588" OBJECTGUID="b6df5681-6b34-41fc-a6a3-29326ba3d00c" CHANGEID="600585432" ISACTIVE="1" LEVELID="9" CREATEDATE="2024-09-06" UPDATEDATE="2024-09-06" /><OBJECT OBJECTID="165103622" OBJECTGUID="92fec50d-8ee5-4d35-bfdf-02938f09735c" CHANGEID="600585469" ISACTIVE="1" LEVELID="11" CREATEDATE="2024-09-06" UPDATEDATE="2024-09-06" /><OBJECT OBJECTID="165103627" OBJECTGUID="a2493504-4004-427e-b2c0-e1bfe3b18be6" CHANGEID="600585474" ISACTIVE="1" LEVELID="11" CREATEDATE="2024-09-06" UPDATEDATE="2024-09-06" /><OBJECT OBJECTID="165104660" OBJECTGUID="171be908-7f9a-43cf-a8c1-8479a47da023" CHANGEID="600587296" ISACTIVE="1" LEVELID="9" CREATEDATE="2024-09-06" UPDATEDATE="2024-09-06" /><OBJECT OBJECTID="165104662" OBJECTGUID="365e4d89-397d-4f69-a411-5974745b30e7" CHANGEID="600587298" ISACTIVE="1" LEVELID="10" CREATEDATE="2024-09-06" UPDATEDATE="2024-09-06" /><OBJECT OBJECTID="165104663" OBJECTGUID="05593d15-d6df-4034-83c6-5cd1662bfcba" CHANGEID="600587300" ISACTIVE="1" LEVELID="11" CREATEDATE="2024-09-06" UPDATEDATE="2024-09-06" /><OBJECT OBJECTID="165104661" OBJECTGUID="f9defe99-b4eb-4429-98d0-b651e114afc3" CHANGEID="600587297" ISACTIVE="1" LEVELID="11" CREATEDATE="2024-09-06" UPDATEDATE="2024-09-06" /><OBJECT OBJECTID="94740905" OBJECTGUID="ddd2fd9c-6b97-4851-a3ce-7805aa432e45" CHANGEID="600589282" ISACTIVE="1" LEVELID="9" CREATEDATE="2019-05-08" UPDATEDATE="2024-09-06" /><OBJECT OBJECTID="91499949" OBJECTGUID="54601e5a-265d-4e6e-8e2b-0c784baa689a" CHANGEID="600589276" ISACTIVE="1" LEVELID="9" CREATEDATE="2019-05-08" UPDATEDATE="2024-09-06" /><OBJECT OBJECTID="94788617" OBJECTGUID="9fffae1c-8ec5-4192-887f-1d75425f48f0" CHANGEID="600589316" ISACTIVE="1" LEVELID="9" CREATEDATE="2019-05-08" UPDATEDATE="2024-09-06" /><OBJECT OBJECTID="165106099" OBJECTGUID="3d635943-50f7-4ee0-a91d-7ad29daa15b8" CHANGEID="600589433" ISACTIVE="1" LEVELID="9" CREATEDATE="2024-09-06" UPDATEDATE="2024-09-06" /><OBJECT OBJECTID="58849449" OBJECTGUID="0619a86d-6c35-4561-868a-11484542e0df" CHANGEID="600590948" ISACTIVE="1" LEVELID="10" CREATEDATE="2012-02-04" UPDATEDATE="2024-09-06" /><OBJECT OBJECTID="46843287" OBJECTGUID="5f5288c4-e553-4894-8bf6-40dfefb2a399" CHANGEID="600590952" ISACTIVE="1" LEVELID="10" CREATEDATE="2015-10-21" UPDATEDATE="2024-09-06" /><OBJECT OBJECTID="165106751" OBJECTGUID="ab23d7d7-b07f-4686-821f-3fc9905c6bb1" CHANGEID="600590950" ISACTIVE="1" LEVELID="9" CREATEDATE="2024-09-06" UPDATEDATE="2024-09-06" /><OBJECT OBJECTID="165106958" OBJECTGUID="eb0bd018-0770-4eda-9204-9b108d55f2b7" CHANGEID="600591173" ISACTIVE="1" LEVELID="10" CREATEDATE="2024-09-06" UPDATEDATE="2024-09-06" /><OBJECT OBJECTID="165106957" OBJECTGUID="1f2d9da9-0127-405c-b2fe-8bbfdaa6345a" CHANGEID="600591172" ISACTIVE="1" LEVELID="9" CREATEDATE="2024-09-06" UPDATEDATE="2024-09-06" /><OBJECT OBJECTID="165106960" OBJECTGUID="5aa149a9-5606-42e1-95b6-52529b4fd1d0" CHANGEID="600591175" ISACTIVE="1" LEVELID="11" CREATEDATE="2024-09-06" UPDATEDATE="2024-09-06" /><OBJECT OBJECTID="165108244" OBJECTGUID="53c79e15-42bd-4698-8ef0-08a5f3a42f19" CHANGEID="600593198" ISACTIVE="1" LEVELID="9" CREATEDATE="2024-09-06" UPDATEDATE="2024-09-06" /><OBJECT OBJECTID="165108257" OBJECTGUID="ecd4344f-8889-4e7f-b200-08daa5ae9311" CHANGEID="600593211" ISACTIVE="1" LEVELID="11" CREATEDATE="2024-09-06" UPDATEDATE="2024-09-06" /><OBJECT OBJECTID="165108311" OBJECTGUID="e3687048-a30c-4ffd-ba7b-852d314f8a30" CHANGEID="600593265" ISACTIVE="1" LEVELID="10" CREATEDATE="2024-09-06" UPDATEDATE="2024-09-06" /><OBJECT OBJECTID="165108319" OBJECTGUID="bfcb6438-009e-498e-9c94-e47792d039bb" CHANGEID="600593273" ISACTIVE="1" LEVELID="10" CREATEDATE="2024-09-06" UPDATEDATE="2024-09-06" /><OBJECT OBJECTID="165108324" OBJECTGUID="76f36b91-0184-4df6-930f-543f1bd85ad7" CHANGEID="600593278" ISACTIVE="1" LEVELID="9" CREATEDATE="2024-09-06" UPDATEDATE="2024-09-06" /><OBJECT OBJECTID="165108328" OBJECTGUID="06752c70-0dff-41a0-aa0c-72c6e9be9be0" CHANGEID="600593282" ISACTIVE="1" LEVELID="10" CREATEDATE="2024-09-06" UPDATEDATE="2024-09-06" /><OBJECT OBJECTID="165108326" OBJECTGUID="710e4809-5c1b-449c-9e31-20336cd77fac" CHANGEID="600593280" ISACTIVE="1" LEVELID="10" CREATEDATE="2024-09-06" UPDATEDATE="2024-09-06" /><OBJECT OBJECTID="165108480" OBJECTGUID="484668f3-0876-4ccd-ac51-1ba3a3f7c585" CHANGEID="600593455" ISACTIVE="1" LEVELID="9" CREATEDATE="2024-09-06" UPDATEDATE="2024-09-06" /><OBJECT OBJECTID="165108487" OBJECTGUID="13c7830f-6309-4eb1-9df4-407fb5016d9f" CHANGEID="600593462" ISACTIVE="1" LEVELID="10" CREATEDATE="2024-09-06" UPDATEDATE="2024-09-06" /><OBJECT OBJECTID="165110275" OBJECTGUID="6bdbc534-2bb3-4ebc-bab9-00ad0ec911e3" CHANGEID="600595935" ISACTIVE="1" LEVELID="10" CREATEDATE="2024-09-06" UPDATEDATE="2024-09-06" /><OBJECT OBJECTID="165110278" OBJECTGUID="56f95790-af43-4365-b6c4-ea8e65e3ed05" CHANGEID="600595938" ISACTIVE="1" LEVELID="9" CREATEDATE="2024-09-06" UPDATEDATE="2024-09-06" /><OBJECT OBJECTID="165110281" OBJECTGUID="4a185b0c-8177-40d5-9a5d-e84d13260578" CHANGEID="600595941" ISACTIVE="1" LEVELID="10" CREATEDATE="2024-09-06" UPDATEDATE="2024-09-06" /><OBJECT OBJECTID="67329709" OBJECTGUID="c29eb35d-0f6a-42fe-9d8c-713ebb8d2d03" CHANGEID="600596006" ISACTIVE="1" LEVELID="10" CREATEDATE="2015-11-25" UPDATEDATE="2024-09-06" /><OBJECT OBJECTID="31750959" OBJECTGUID="dde24091-401a-4e44-8ef2-9886d2390b76" CHANGEID="600596012" ISACTIVE="1" LEVELID="11" CREATEDATE="2018-11-07" UPDATEDATE="2024-09-06" /><OBJECT OBJECTID="165110354" OBJECTGUID="0e26cb17-ddc3-4b0a-a120-baea00836417" CHANGEID="600596019" ISACTIVE="1" LEVELID="9" CREATEDATE="2024-09-06" UPDATEDATE="2024-09-06" /><OBJECT OBJECTID="165110356" OBJECTGUID="e1653e9d-59f6-476a-a218-71065a9240d8" CHANGEID="600596021" ISACTIVE="1" LEVELID="9" CREATEDATE="2024-09-06" UPDATEDATE="2024-09-06" /><OBJECT OBJECTID="165110353" OBJECTGUID="2f3fc7e7-fcff-40d8-b8d5-ed2a782599d3" CHANGEID="600596018" ISACTIVE="1" LEVELID="9" CREATEDATE="2024-09-06" UPDATEDATE="2024-09-06" /><OBJECT OBJECTID="165110355" OBJECTGUID="1fb70d3b-059a-4205-9b48-d6c09f4983b6" CHANGEID="600596020" ISACTIVE="1" LEVELID="9" CREATEDATE="2024-09-06" UPDATEDATE="2024-09-06" /><OBJECT OBJECTID="165110357" OBJECTGUID="2dba4eca-8008-4345-9e4a-8dd3e8359d32" CHANGEID="600596022" ISACTIVE="1" LEVELID="9" CREATEDATE="2024-09-06" UPDATEDATE="2024-09-06" /><OBJECT OBJECTID="165110358" OBJECTGUID="076600ed-a042-4036-9499-353682b17fd1" CHANGEID="600596023" ISACTIVE="1" LEVELID="9" CREATEDATE="2024-09-06" UPDATEDATE="2024-09-06" /><OBJECT OBJECTID="165111925" OBJECTGUID="8a1056e4-5ccf-4bf8-bfd2-b52f3c590c5e" CHANGEID="600630096" ISACTIVE="1" LEVELID="9" CREATEDATE="2024-09-06" UPDATEDATE="2024-09-06" /><OBJECT OBJECTID="165111927" OBJECTGUID="040e9176-dd89-4757-bac0-b6f70dad99a8" CHANGEID="600630192" ISACTIVE="1" LEVELID="9" CREATEDATE="2024-09-06" UPDATEDATE="2024-09-06" /><OBJECT OBJECTID="165111926" OBJECTGUID="d8940d45-4945-4643-99df-d0d97f4d66ed" CHANGEID="600630146" ISACTIVE="1" LEVELID="9" CREATEDATE="2024-09-06" UPDATEDATE="2024-09-06" /><OBJECT OBJECTID="164397942" OBJECTGUID="8361213c-21a1-49d8-a018-1066a9e32891" CHANGEID="600721639" ISACTIVE="1" LEVELID="10" CREATEDATE="2024-07-24" UPDATEDATE="2024-09-07" /><OBJECT OBJECTID="164396248" OBJECTGUID="c33dfb75-96ad-4f37-9aea-a8f3d14fde00" CHANGEID="600721640" ISACTIVE="1" LEVELID="10" CREATEDATE="2024-07-24" UPDATEDATE="2024-09-07" /><OBJECT OBJECTID="164879712" OBJECTGUID="7ec0ba99-bdbd-444b-a539-63297f946683" CHANGEID="600721806" ISACTIVE="1" LEVELID="10" CREATEDATE="2024-08-26" UPDATEDATE="2024-09-07" /><OBJECT OBJECTID="164879710" OBJECTGUID="ec027a1d-3c30-4f7f-bb74-19b63f15b779" CHANGEID="600721809" ISACTIVE="1" LEVELID="10" CREATEDATE="2024-08-26" UPDATEDATE="2024-09-07" /><OBJECT OBJECTID="164879709" OBJECTGUID="2e329a0d-0e1c-4277-8420-54454c8dc384" CHANGEID="600721810" ISACTIVE="1" LEVELID="10" CREATEDATE="2024-08-26" UPDATEDATE="2024-09-07" /><OBJECT OBJECTID="164877980" OBJECTGUID="6d15775f-af0d-4929-8ff2-f19a92e57c89" CHANGEID="600721814" ISACTIVE="1" LEVELID="10" CREATEDATE="2024-08-26" UPDATEDATE="2024-09-07" /><OBJECT OBJECTID="164877061" OBJECTGUID="96e2f42b-3da2-4a70-9a04-1ec6edd14518" CHANGEID="600721816" ISACTIVE="1" LEVELID="10" CREATEDATE="2024-08-26" UPDATEDATE="2024-09-07" /><OBJECT OBJECTID="164874831" OBJECTGUID="ea42b67a-ec20-4294-98b8-6ecb6a8c48ad" CHANGEID="600721819" ISACTIVE="1" LEVELID="10" CREATEDATE="2024-08-26" UPDATEDATE="2024-09-07" /><OBJECT OBJECTID="164873150" OBJECTGUID="7ac5c956-3e83-461d-b1d1-35aa3bf026c9" CHANGEID="600721829" ISACTIVE="1" LEVELID="10" CREATEDATE="2024-08-26" UPDATEDATE="2024-09-07" /><OBJECT OBJECTID="164869388" OBJECTGUID="227055d4-bb17-485f-9379-5921322400fd" CHANGEID="600721835" ISACTIVE="1" LEVELID="10" CREATEDATE="2024-08-26" UPDATEDATE="2024-09-07" /><OBJECT OBJECTID="164855449" OBJECTGUID="54251ffa-b86a-46ce-9bd8-fccfefbc98ad" CHANGEID="600721841" ISACTIVE="1" LEVELID="10" CREATEDATE="2024-08-23" UPDATEDATE="2024-09-07" /><OBJECT OBJECTID="164838084" OBJECTGUID="e7286f1a-1e34-4f62-abe4-0f8b9cce19e6" CHANGEID="600721843" ISACTIVE="1" LEVELID="10" CREATEDATE="2024-08-22" UPDATEDATE="2024-09-07" /><OBJECT OBJECTID="164836667" OBJECTGUID="ddd21c4a-9eff-4621-9e2a-19714138abb4" CHANGEID="600721854" ISACTIVE="1" LEVELID="10" CREATEDATE="2024-08-22" UPDATEDATE="2024-09-07" /><OBJECT OBJECTID="164823451" OBJECTGUID="e8b0f515-f255-42fe-90fa-3a924083d52e" CHANGEID="600721859" ISACTIVE="1" LEVELID="10" CREATEDATE="2024-08-22" UPDATEDATE="2024-09-07" /><OBJECT OBJECTID="164799925" OBJECTGUID="f32d9e50-0b73-4bd4-b7c3-fc90e3758a2f" CHANGEID="600721869" ISACTIVE="1" LEVELID="10" CREATEDATE="2024-08-21" UPDATEDATE="2024-09-07" /><OBJECT OBJECTID="164766684" OBJECTGUID="380c9e52-80ea-4b5f-bc7a-69350d18e55c" CHANGEID="600721872" ISACTIVE="1" LEVELID="10" CREATEDATE="2024-08-19" UPDATEDATE="2024-09-07" /><OBJECT OBJECTID="164757447" OBJECTGUID="e304014d-f304-4af3-ab9e-917c87737ed4" CHANGEID="600721880" ISACTIVE="1" LEVELID="10" CREATEDATE="2024-08-19" UPDATEDATE="2024-09-07" /><OBJECT OBJECTID="164756600" OBJECTGUID="f139e310-a69e-459e-bdd7-21c4181ea43a" CHANGEID="600721882" ISACTIVE="1" LEVELID="10" CREATEDATE="2024-08-19" UPDATEDATE="2024-09-07" /><OBJECT OBJECTID="164746292" OBJECTGUID="392abeed-3c6a-4ec8-88fb-e35a646b8330" CHANGEID="600721888" ISACTIVE="1" LEVELID="10" CREATEDATE="2024-08-16" UPDATEDATE="2024-09-07" /><OBJECT OBJECTID="164672331" OBJECTGUID="47d347b6-3f86-46ae-9f60-6de1edb50aaf" CHANGEID="600721901" ISACTIVE="1" LEVELID="10" CREATEDATE="2024-08-13" UPDATEDATE="2024-09-07" /><OBJECT OBJECTID="164670613" OBJECTGUID="db5adda9-b906-40fe-93e2-474eabd5aa29" CHANGEID="600721903" ISACTIVE="1" LEVELID="10" CREATEDATE="2024-08-13" UPDATEDATE="2024-09-07" /><OBJECT OBJECTID="164658592" OBJECTGUID="002dbde3-1a86-4e44-b0ee-0215067b1d35" CHANGEID="600721912" ISACTIVE="1" LEVELID="10" CREATEDATE="2024-08-13" UPDATEDATE="2024-09-07" /><OBJECT OBJECTID="164838035" OBJECTGUID="5878476e-0d64-400f-aa63-3021b81d15f7" CHANGEID="600721846" ISACTIVE="1" LEVELID="10" CREATEDATE="2024-08-22" UPDATEDATE="2024-09-07" /><OBJECT OBJECTID="164837939" OBJECTGUID="98f703fb-a47d-4188-8c56-380dfa943cf5" CHANGEID="600721848" ISACTIVE="1" LEVELID="10" CREATEDATE="2024-08-22" UPDATEDATE="2024-09-07" /><OBJECT OBJECTID="164836813" OBJECTGUID="fff8c69c-d251-40af-a2dd-a993192d007b" CHANGEID="600721852" ISACTIVE="1" LEVELID="10" CREATEDATE="2024-08-22" UPDATEDATE="2024-09-07" /><OBJECT OBJECTID="164836472" OBJECTGUID="a0ec3c4c-8c42-4d97-a6c2-b9c686193e83" CHANGEID="600721855" ISACTIVE="1" LEVELID="10" CREATEDATE="2024-08-22" UPDATEDATE="2024-09-07" /><OBJECT OBJECTID="164823457" OBJECTGUID="62007343-824a-4492-8300-a1b9054f9bf3" CHANGEID="600721857" ISACTIVE="1" LEVELID="10" CREATEDATE="2024-08-22" UPDATEDATE="2024-09-07" /><OBJECT OBJECTID="164804026" OBJECTGUID="3125bf6a-60bd-4029-8e72-1b3025e0b3a4" CHANGEID="600721864" ISACTIVE="1" LEVELID="10" CREATEDATE="2024-08-21" UPDATEDATE="2024-09-07" /><OBJECT OBJECTID="164762638" OBJECTGUID="a59e281a-9996-41ee-bb9e-da2e60a78e86" CHANGEID="600721874" ISACTIVE="1" LEVELID="10" CREATEDATE="2024-08-19" UPDATEDATE="2024-09-07" /><OBJECT OBJECTID="164746290" OBJECTGUID="2fc5a1e9-b5bd-4779-9cb6-902bad88a826" CHANGEID="600721891" ISACTIVE="1" LEVELID="10" CREATEDATE="2024-08-16" UPDATEDATE="2024-09-07" /><OBJECT OBJECTID="164698403" OBJECTGUID="5c0f8352-2f2d-44bd-a006-44894af98fef" CHANGEID="600721896" ISACTIVE="1" LEVELID="10" CREATEDATE="2024-08-14" UPDATEDATE="2024-09-07" /><OBJECT OBJECTID="164695993" OBJECTGUID="bb2f0552-a885-4e88-93df-e2df632850a7" CHANGEID="600721898" ISACTIVE="1" LEVELID="10" CREATEDATE="2024-08-14" UPDATEDATE="2024-09-07" /><OBJECT OBJECTID="164692726" OBJECTGUID="928f87d5-e4fb-47f5-a9e0-6f4bd000c055" CHANGEID="600721900" ISACTIVE="1" LEVELID="10" CREATEDATE="2024-08-14" UPDATEDATE="2024-09-07" /><OBJECT OBJECTID="164670476" OBJECTGUID="a0859809-bd66-41e4-b574-8fa4e7ae8196" CHANGEID="600721904" ISACTIVE="1" LEVELID="10" CREATEDATE="2024-08-13" UPDATEDATE="2024-09-07" /><OBJECT OBJECTID="164667655" OBJECTGUID="cbe8adc0-bcf1-4f7e-8b1c-8b7c97a7e5e0" CHANGEID="600721906" ISACTIVE="1" LEVELID="10" CREATEDATE="2024-08-13" UPDATEDATE="2024-09-07" /><OBJECT OBJECTID="164667627" OBJECTGUID="48f1bf1e-caa2-4204-b27c-477b5bbadf1c" CHANGEID="600721908" ISACTIVE="1" LEVELID="10" CREATEDATE="2024-08-13" UPDATEDATE="2024-09-07" /><OBJECT OBJECTID="164661035" OBJECTGUID="ca8964fe-ddbb-4c63-8151-7fc388015231" CHANGEID="600721911" ISACTIVE="1" LEVELID="10" CREATEDATE="2024-08-13" UPDATEDATE="2024-09-07" /><OBJECT OBJECTID="164958701" OBJECTGUID="13355cfd-a79f-410d-a331-6889e5df66f8" CHANGEID="600721972" ISACTIVE="1" LEVELID="10" CREATEDATE="2024-08-30" UPDATEDATE="2024-09-07" /><OBJECT OBJECTID="164953772" OBJECTGUID="006f0276-cb1b-4b66-bdea-52ede96f5ec2" CHANGEID="600721975" ISACTIVE="1" LEVELID="10" CREATEDATE="2024-08-30" UPDATEDATE="2024-09-07" /><OBJECT OBJECTID="164943979" OBJECTGUID="5ca678bd-9462-4b97-92c6-f79ec39f01cd" CHANGEID="600721978" ISACTIVE="1" LEVELID="10" CREATEDATE="2024-08-29" UPDATEDATE="2024-09-07" /><OBJECT OBJECTID="164932610" OBJECTGUID="e4eaae54-6eac-4dc2-98d0-5d3b6fe8f7ac" CHANGEID="600721979" ISACTIVE="1" LEVELID="10" CREATEDATE="2024-08-28" UPDATEDATE="2024-09-07" /><OBJECT OBJECTID="164932606" OBJECTGUID="e970187c-4923-4ef3-a0b2-16fbbe699c3e" CHANGEID="600721980" ISACTIVE="1" LEVELID="10" CREATEDATE="2024-08-28" UPDATEDATE="2024-09-07" /><OBJECT OBJECTID="164932598" OBJECTGUID="a3ccc35f-f77a-4de4-9170-9db998131433" CHANGEID="600721981" ISACTIVE="1" LEVELID="10" CREATEDATE="2024-08-28" UPDATEDATE="2024-09-07" /><OBJECT OBJECTID="164932574" OBJECTGUID="8e34a2a4-160e-4509-9f87-b9a8a70cdc93" CHANGEID="600721982" ISACTIVE="1" LEVELID="10" CREATEDATE="2024-08-28" UPDATEDATE="2024-09-07" /><OBJECT OBJECTID="164925123" OBJECTGUID="42445736-f44b-449f-bbd0-2b96bb4d8650" CHANGEID="600721983" ISACTIVE="1" LEVELID="10" CREATEDATE="2024-08-28" UPDATEDATE="2024-09-07" /><OBJECT OBJECTID="164919241" OBJECTGUID="3d666842-9502-499a-a140-b596b0066a04" CHANGEID="600721984" ISACTIVE="1" LEVELID="10" CREATEDATE="2024-08-28" UPDATEDATE="2024-09-07" /><OBJECT OBJECTID="164903571" OBJECTGUID="1a592f0f-191b-4d7f-9c14-3ad8ebcabbb3" CHANGEID="600721992" ISACTIVE="1" LEVELID="10" CREATEDATE="2024-08-27" UPDATEDATE="2024-09-07" /><OBJECT OBJECTID="164880819" OBJECTGUID="849b805b-f2b5-438a-af1b-b1f3fa6f9b2b" CHANGEID="600721996" ISACTIVE="1" LEVELID="10" CREATEDATE="2024-08-26" UPDATEDATE="2024-09-07" /><OBJECT OBJECTID="164672439" OBJECTGUID="00a6e939-5cc3-4235-ae59-a690027bcca8" CHANGEID="600736532" ISACTIVE="1" LEVELID="10" CREATEDATE="2024-08-13" UPDATEDATE="2024-09-07" /><OBJECT OBJECTID="165160293" OBJECTGUID="10c51f4d-5ad9-4136-a573-5dcd0e799fb6" CHANGEID="600811508" ISACTIVE="1" LEVELID="9" CREATEDATE="2024-09-10" UPDATEDATE="2024-09-10" /><OBJECT OBJECTID="165160291" OBJECTGUID="4a9dd72e-b2d2-4062-a628-3e924ce40350" CHANGEID="600811506" ISACTIVE="1" LEVELID="9" CREATEDATE="2024-09-10" UPDATEDATE="2024-09-10" /><OBJECT OBJECTID="165160295" OBJECTGUID="154c4b13-2645-4e8e-8901-df17c50d91d9" CHANGEID="600811510" ISACTIVE="1" LEVELID="9" CREATEDATE="2024-09-10" UPDATEDATE="2024-09-10" /><OBJECT OBJECTID="165160299" OBJECTGUID="0ca6489a-7188-4501-ad4c-bb993e0ceadc" CHANGEID="600811514" ISACTIVE="1" LEVELID="9" CREATEDATE="2024-09-10" UPDATEDATE="2024-09-10" /><OBJECT OBJECTID="165160297" OBJECTGUID="aaf9c916-aaae-4c31-8065-ced795fe1f3f" CHANGEID="600811512" ISACTIVE="1" LEVELID="9" CREATEDATE="2024-09-10" UPDATEDATE="2024-09-10" /><OBJECT OBJECTID="165132515" OBJECTGUID="20cab2c6-3ba3-4c28-9ffc-ef4f75ce89d0" CHANGEID="600762162" ISACTIVE="1" LEVELID="10" CREATEDATE="2024-09-09" UPDATEDATE="2024-09-09" /><OBJECT OBJECTID="165132517" OBJECTGUID="996f2341-3d88-4565-8b1d-ebc2078ee25d" CHANGEID="600762167" ISACTIVE="1" LEVELID="10" CREATEDATE="2024-09-09" UPDATEDATE="2024-09-09" /><OBJECT OBJECTID="165132518" OBJECTGUID="d5cfbdf8-6720-4e69-814a-71af62cf3448" CHANGEID="600762169" ISACTIVE="1" LEVELID="9" CREATEDATE="2024-09-09" UPDATEDATE="2024-09-09" /><OBJECT OBJECTID="31637738" OBJECTGUID="28e1dbb1-a711-4cbc-ad52-e355ccc0e78a" CHANGEID="600762171" ISACTIVE="1" LEVELID="10" CREATEDATE="2019-07-09" UPDATEDATE="2024-09-09" /><OBJECT OBJECTID="165132519" OBJECTGUID="91cd7656-647b-4825-bd90-62465322495e" CHANGEID="600762173" ISACTIVE="1" LEVELID="9" CREATEDATE="2024-09-09" UPDATEDATE="2024-09-09" /><OBJECT OBJECTID="86821497" OBJECTGUID="4c3db536-01c0-4abb-aa88-98e84263ae90" CHANGEID="600762175" ISACTIVE="1" LEVELID="9" CREATEDATE="2016-04-19" UPDATEDATE="2024-09-09" /><OBJECT OBJECTID="104299840" OBJECTGUID="367becf3-6519-4f87-bf4e-d8279bd12034" CHANGEID="600762187" ISACTIVE="1" LEVELID="9" CREATEDATE="2022-04-21" UPDATEDATE="2024-09-09" /><OBJECT OBJECTID="103328350" OBJECTGUID="4623d660-b7cf-4ffb-89ab-fb500a9b61d0" CHANGEID="600762189" ISACTIVE="1" LEVELID="10" CREATEDATE="2021-12-23" UPDATEDATE="2024-09-09" /><OBJECT OBJECTID="165132516" OBJECTGUID="aecb531b-c5c0-4331-b286-8f0d1db7e6f2" CHANGEID="600762166" ISACTIVE="1" LEVELID="9" CREATEDATE="2024-09-09" UPDATEDATE="2024-09-09" /><OBJECT OBJECTID="1922124" OBJECTGUID="039df628-b56e-457f-adf5-f8c0b21afaf8" CHANGEID="600762170" ISACTIVE="1" LEVELID="10" CREATEDATE="2019-07-09" UPDATEDATE="2024-09-09" /><OBJECT OBJECTID="28402502" OBJECTGUID="15df3a4c-4698-4aa9-9f5d-c98d288222f3" CHANGEID="600762172" ISACTIVE="1" LEVELID="10" CREATEDATE="2019-07-09" UPDATEDATE="2024-09-09" /><OBJECT OBJECTID="165132529" OBJECTGUID="4d5381a4-f901-452d-b57e-f5e1bb17948a" CHANGEID="600762188" ISACTIVE="1" LEVELID="9" CREATEDATE="2024-09-09" UPDATEDATE="2024-09-09" /><OBJECT OBJECTID="11394644" OBJECTGUID="3e59b44a-e028-4c03-bfa9-58665fc041fb" CHANGEID="600762300" ISACTIVE="1" LEVELID="10" CREATEDATE="2019-07-09" UPDATEDATE="2024-09-09" /><OBJECT OBJECTID="165133934" OBJECTGUID="164b549d-2e5d-4d17-aeaa-57cfa11f851d" CHANGEID="600764251" ISACTIVE="1" LEVELID="9" CREATEDATE="2024-09-09" UPDATEDATE="2024-09-09" /><OBJECT OBJECTID="165133935" OBJECTGUID="e8f89460-2f7b-4244-bb69-b17a04054984" CHANGEID="600764253" ISACTIVE="1" LEVELID="9" CREATEDATE="2024-09-09" UPDATEDATE="2024-09-09" /><OBJECT OBJECTID="165133976" OBJECTGUID="6e80df2d-df40-47ae-a34f-de73f10747cf" CHANGEID="600764294" ISACTIVE="1" LEVELID="9" CREATEDATE="2024-09-09" UPDATEDATE="2024-09-09" /><OBJECT OBJECTID="165133978" OBJECTGUID="08728dba-7aef-4b74-b472-f5889e9b89fd" CHANGEID="600764296" ISACTIVE="1" LEVELID="9" CREATEDATE="2024-09-09" UPDATEDATE="2024-09-09" /><OBJECT OBJECTID="165133980" OBJECTGUID="35cd8c52-0dd3-411e-8177-86ee464d8044" CHANGEID="600764298" ISACTIVE="1" LEVELID="9" CREATEDATE="2024-09-09" UPDATEDATE="2024-09-09" /><OBJECT OBJECTID="165133933" OBJECTGUID="43ee511f-1c19-41c9-ad08-a281be082ee6" CHANGEID="600764250" ISACTIVE="1" LEVELID="10" CREATEDATE="2024-09-09" UPDATEDATE="2024-09-09" /><OBJECT OBJECTID="165133977" OBJECTGUID="4f2c5360-14bc-42bc-b9f4-cf735316732f" CHANGEID="600764295" ISACTIVE="1" LEVELID="9" CREATEDATE="2024-09-09" UPDATEDATE="2024-09-09" /><OBJECT OBJECTID="165133979" OBJECTGUID="dec54494-2521-45b3-8d10-9d4359e3e550" CHANGEID="600764297" ISACTIVE="1" LEVELID="9" CREATEDATE="2024-09-09" UPDATEDATE="2024-09-09" /><OBJECT OBJECTID="165161831" OBJECTGUID="63065dc7-4cc6-4f11-bcf8-dd4d79420af8" CHANGEID="600813965" ISACTIVE="1" LEVELID="9" CREATEDATE="2024-09-10" UPDATEDATE="2024-09-10" /><OBJECT OBJECTID="164510996" OBJECTGUID="df10f378-5c3e-4b4d-9898-24d76ecbd7bd" CHANGEID="600897597" ISACTIVE="1" LEVELID="10" CREATEDATE="2024-08-01" UPDATEDATE="2024-09-11" /><OBJECT OBJECTID="165163319" OBJECTGUID="edc6da1f-f67a-4f76-b20a-dbd7fc71af7a" CHANGEID="600816267" ISACTIVE="1" LEVELID="9" CREATEDATE="2024-09-10" UPDATEDATE="2024-09-10" /><OBJECT OBJECTID="165163321" OBJECTGUID="b7e3f231-faed-4b93-adfd-b15eee0a4e08" CHANGEID="600816269" ISACTIVE="1" LEVELID="11" CREATEDATE="2024-09-10" UPDATEDATE="2024-09-10" /><OBJECT OBJECTID="165166147" OBJECTGUID="cb830359-01c2-4320-888c-3b28e62e207d" CHANGEID="600821156" ISACTIVE="1" LEVELID="9" CREATEDATE="2024-09-10" UPDATEDATE="2024-09-10" /><OBJECT OBJECTID="165166152" OBJECTGUID="018bad15-4a7c-4d04-8035-9d33ed9ce2db" CHANGEID="600821161" ISACTIVE="1" LEVELID="9" CREATEDATE="2024-09-10" UPDATEDATE="2024-09-10" /><OBJECT OBJECTID="165166149" OBJECTGUID="dbb17f33-5478-44cb-8c5c-8217f731333e" CHANGEID="600821159" ISACTIVE="1" LEVELID="10" CREATEDATE="2024-09-10" UPDATEDATE="2024-09-10" /><OBJECT OBJECTID="165168030" OBJECTGUID="ee02f2fa-010e-492f-98f5-a66bf1f69822" CHANGEID="600823833" ISACTIVE="1" LEVELID="9" CREATEDATE="2024-09-10" UPDATEDATE="2024-09-10" /><OBJECT OBJECTID="68431387" OBJECTGUID="0912fad2-9fa6-4471-91a1-64fef9f68809" CHANGEID="600823876" ISACTIVE="1" LEVELID="10" CREATEDATE="2019-07-09" UPDATEDATE="2024-09-10" /><OBJECT OBJECTID="73898027" OBJECTGUID="912b4555-29c4-4775-9d7c-63de10cfd85c" CHANGEID="600823929" ISACTIVE="1" LEVELID="10" CREATEDATE="2019-07-09" UPDATEDATE="2024-09-10" /><OBJECT OBJECTID="165208265" OBJECTGUID="a5041224-c568-4676-9fb1-e694c5923c07" CHANGEID="600908809" ISACTIVE="1" LEVELID="9" CREATEDATE="2024-09-11" UPDATEDATE="2024-09-11" /><OBJECT OBJECTID="165208319" OBJECTGUID="4d81ee6a-e945-402d-8be4-af5a52061b3e" CHANGEID="600908983" ISACTIVE="1" LEVELID="9" CREATEDATE="2024-09-11" UPDATEDATE="2024-09-11" /><OBJECT OBJECTID="165208320" OBJECTGUID="7b02b7e0-d26e-4520-a50c-c41979b5d7a0" CHANGEID="600908984" ISACTIVE="1" LEVELID="10" CREATEDATE="2024-09-11" UPDATEDATE="2024-09-11" /><OBJECT OBJECTID="67332359" OBJECTGUID="ded1b7c4-9611-45c1-b7b3-b636c44f46a9" CHANGEID="600835582" ISACTIVE="1" LEVELID="10" CREATEDATE="2015-11-25" UPDATEDATE="2024-09-10" /><OBJECT OBJECTID="67328151" OBJECTGUID="5d02b7c2-c03f-4463-be92-6188be287754" CHANGEID="600835633" ISACTIVE="1" LEVELID="10" CREATEDATE="2015-11-25" UPDATEDATE="2024-09-10" /><OBJECT OBJECTID="67329155" OBJECTGUID="9497d2ee-8d7b-4360-936e-6b5e79ba2bd4" CHANGEID="600835665" ISACTIVE="1" LEVELID="10" CREATEDATE="2015-11-25" UPDATEDATE="2024-09-10" /><OBJECT OBJECTID="165175638" OBJECTGUID="c2cc6fdc-f024-4169-b8eb-cce996347e6b" CHANGEID="600835669" ISACTIVE="1" LEVELID="10" CREATEDATE="2024-09-10" UPDATEDATE="2024-09-10" /><OBJECT OBJECTID="165175639" OBJECTGUID="b936cfde-ac7e-43cc-8535-1a33db2b3582" CHANGEID="600835673" ISACTIVE="1" LEVELID="10" CREATEDATE="2024-09-10" UPDATEDATE="2024-09-10" /><OBJECT OBJECTID="165175641" OBJECTGUID="e6226780-58b3-488d-8f1d-10d9e6863a65" CHANGEID="600835675" ISACTIVE="1" LEVELID="10" CREATEDATE="2024-09-10" UPDATEDATE="2024-09-10" /><OBJECT OBJECTID="165175642" OBJECTGUID="172b293a-ee35-437a-9376-40eec66f154e" CHANGEID="600835677" ISACTIVE="1" LEVELID="10" CREATEDATE="2024-09-10" UPDATEDATE="2024-09-10" /><OBJECT OBJECTID="165175644" OBJECTGUID="31ade8fd-7361-426e-b589-9f06dc7ee87a" CHANGEID="600835679" ISACTIVE="1" LEVELID="11" CREATEDATE="2024-09-10" UPDATEDATE="2024-09-10" /><OBJECT OBJECTID="67331197" OBJECTGUID="02bbc051-7c97-44ea-935a-9ab739a340d3" CHANGEID="600835613" ISACTIVE="1" LEVELID="10" CREATEDATE="2015-11-25" UPDATEDATE="2024-09-10" /><OBJECT OBJECTID="67331790" OBJECTGUID="f7813337-27f0-495e-8401-a66c8b34d0d5" CHANGEID="600835666" ISACTIVE="1" LEVELID="10" CREATEDATE="2015-11-25" UPDATEDATE="2024-09-10" /><OBJECT OBJECTID="14870186" OBJECTGUID="e44f449f-8612-4149-a093-fa1b2470e9a1" CHANGEID="600835668" ISACTIVE="1" LEVELID="10" CREATEDATE="2019-07-09" UPDATEDATE="2024-09-10" /><OBJECT OBJECTID="67324148" OBJECTGUID="c92da6ee-0bb4-41fe-a269-2ed8c351842b" CHANGEID="600835670" ISACTIVE="1" LEVELID="10" CREATEDATE="2015-11-25" UPDATEDATE="2024-09-10" /><OBJECT OBJECTID="67323128" OBJECTGUID="4feb7db6-b19f-4581-86de-2df79e053c82" CHANGEID="600835672" ISACTIVE="1" LEVELID="10" CREATEDATE="2015-11-25" UPDATEDATE="2024-09-10" /><OBJECT OBJECTID="165175640" OBJECTGUID="4f313ab2-8737-4429-af50-69d9afedebf9" CHANGEID="600835674" ISACTIVE="1" LEVELID="10" CREATEDATE="2024-09-10" UPDATEDATE="2024-09-10" /><OBJECT OBJECTID="165175643" OBJECTGUID="9c027765-d011-49a8-ac6d-b8605bbe7ac4" CHANGEID="600835678" ISACTIVE="1" LEVELID="11" CREATEDATE="2024-09-10" UPDATEDATE="2024-09-10" /><OBJECT OBJECTID="165177819" OBJECTGUID="52760383-c614-4715-8a4e-51a584ccf2ad" CHANGEID="600838261" ISACTIVE="1" LEVELID="11" CREATEDATE="2024-09-10" UPDATEDATE="2024-09-10" /><OBJECT OBJECTID="165177820" OBJECTGUID="48458e83-4ef8-4200-92ff-12fa6b4fda80" CHANGEID="600838264" ISACTIVE="1" LEVELID="9" CREATEDATE="2024-09-10" UPDATEDATE="2024-09-10" /><OBJECT OBJECTID="165177823" OBJECTGUID="e659a332-cc56-4515-80f3-60fda80867d2" CHANGEID="600838331" ISACTIVE="1" LEVELID="9" CREATEDATE="2024-09-10" UPDATEDATE="2024-09-10" /><OBJECT OBJECTID="165177826" OBJECTGUID="ec57a81f-d52c-40b8-8403-af940308cf11" CHANGEID="600838375" ISACTIVE="1" LEVELID="9" CREATEDATE="2024-09-10" UPDATEDATE="2024-09-10" /><OBJECT OBJECTID="35814876" OBJECTGUID="426ed15a-00a7-4f2d-bf6e-71c4742d5af0" CHANGEID="600838592" ISACTIVE="1" LEVELID="10" CREATEDATE="2019-07-09" UPDATEDATE="2024-09-10" /><OBJECT OBJECTID="165178880" OBJECTGUID="8305811d-66b1-47ee-b5fd-29f10df7e86b" CHANGEID="600840191" ISACTIVE="1" LEVELID="10" CREATEDATE="2024-09-10" UPDATEDATE="2024-09-10" /><OBJECT OBJECTID="164581005" OBJECTGUID="367eb35e-6ede-433b-84fd-273c5c4ae577" CHANGEID="600721927" ISACTIVE="1" LEVELID="10" CREATEDATE="2024-08-07" UPDATEDATE="2024-09-07" /><OBJECT OBJECTID="164582298" OBJECTGUID="df660457-a802-4ced-8e93-2c862a145202" CHANGEID="600721926" ISACTIVE="1" LEVELID="10" CREATEDATE="2024-08-07" UPDATEDATE="2024-09-07" /><OBJECT OBJECTID="164619380" OBJECTGUID="154567dc-6231-41f4-a512-e53801cabf49" CHANGEID="600721924" ISACTIVE="1" LEVELID="10" CREATEDATE="2024-08-09" UPDATEDATE="2024-09-07" /><OBJECT OBJECTID="94887985" OBJECTGUID="3315d3a4-93f7-4662-910a-42bc83a7cf95" CHANGEID="600885943" ISACTIVE="1" LEVELID="9" CREATEDATE="2019-05-30" UPDATEDATE="2024-09-11" /><OBJECT OBJECTID="65154311" OBJECTGUID="93dfcb88-03db-4ecb-9d23-57ea1e3c0d0a" CHANGEID="600885963" ISACTIVE="1" LEVELID="10" CREATEDATE="2019-07-09" UPDATEDATE="2024-09-11" /><OBJECT OBJECTID="89991387" OBJECTGUID="4483faf4-e0b0-4a69-955d-9b7c3620b839" CHANGEID="600893431" ISACTIVE="0" LEVELID="9" CREATEDATE="2019-09-27" UPDATEDATE="2024-09-11" /><OBJECT OBJECTID="100317250" OBJECTGUID="df39db7b-41a0-457b-9842-e0fe4a21f316" CHANGEID="600893433" ISACTIVE="0" LEVELID="9" CREATEDATE="2021-02-17" UPDATEDATE="2024-09-11" /><OBJECT OBJECTID="86281552" OBJECTGUID="72cf2c84-e7fb-45bd-a362-b09e75a27414" CHANGEID="600893432" ISACTIVE="0" LEVELID="9" CREATEDATE="2019-07-23" UPDATEDATE="2024-09-11" /><OBJECT OBJECTID="165197840" OBJECTGUID="1eb1d8bd-bcd8-4a72-bce3-2825cb6caf73" CHANGEID="600893438" ISACTIVE="1" LEVELID="11" CREATEDATE="2024-09-11" UPDATEDATE="2024-09-11" /><OBJECT OBJECTID="165210097" OBJECTGUID="6b22e520-a6cc-41e9-aa93-8b7e30cd62f7" CHANGEID="600911883" ISACTIVE="1" LEVELID="10" CREATEDATE="2024-09-11" UPDATEDATE="2024-09-11" /><OBJECT OBJECTID="165210100" OBJECTGUID="89392eaa-0533-4ec6-82b4-553de7d0daeb" CHANGEID="600911887" ISACTIVE="1" LEVELID="9" CREATEDATE="2024-09-11" UPDATEDATE="2024-09-11" /><OBJECT OBJECTID="165210102" OBJECTGUID="e2a9e096-a250-414e-b77d-c6e1511a5413" CHANGEID="600911889" ISACTIVE="1" LEVELID="9" CREATEDATE="2024-09-11" UPDATEDATE="2024-09-11" /><OBJECT OBJECTID="165198435" OBJECTGUID="1c24d344-6927-4c04-ab95-ca6542cba38a" CHANGEID="600894955" ISACTIVE="1" LEVELID="10" CREATEDATE="2024-09-11" UPDATEDATE="2024-09-11" /><OBJECT OBJECTID="165198438" OBJECTGUID="0d9f2be4-44d7-4fa0-b9dc-4a02f0a0ebac" CHANGEID="600894959" ISACTIVE="1" LEVELID="9" CREATEDATE="2024-09-11" UPDATEDATE="2024-09-11" /><OBJECT OBJECTID="158010383" OBJECTGUID="164d5d25-ecf3-4759-96a2-c46b31d57c6d" CHANGEID="600894969" ISACTIVE="1" LEVELID="10" CREATEDATE="2023-02-07" UPDATEDATE="2024-09-11" /><OBJECT OBJECTID="165210096" OBJECTGUID="0e2995ce-b4f5-470d-86f3-07d09d285161" CHANGEID="600911882" ISACTIVE="1" LEVELID="10" CREATEDATE="2024-09-11" UPDATEDATE="2024-09-11" /><OBJECT OBJECTID="27164914" OBJECTGUID="63924f23-192e-475a-a481-ab173da79b4f" CHANGEID="600911886" ISACTIVE="1" LEVELID="10" CREATEDATE="2019-07-09" UPDATEDATE="2024-09-11" /><OBJECT OBJECTID="165210101" OBJECTGUID="700113fb-ecf2-4552-ba37-be1c660c2fac" CHANGEID="600911888" ISACTIVE="1" LEVELID="10" CREATEDATE="2024-09-11" UPDATEDATE="2024-09-11" /><OBJECT OBJECTID="165210105" OBJECTGUID="cf494a05-33da-4611-a83c-50a544dd9f3b" CHANGEID="600911892" ISACTIVE="1" LEVELID="10" CREATEDATE="2024-09-11" UPDATEDATE="2024-09-11" /><OBJECT OBJECTID="165198557" OBJECTGUID="3a56261e-e599-439c-856c-6623165dc838" CHANGEID="600895132" ISACTIVE="1" LEVELID="9" CREATEDATE="2024-09-11" UPDATEDATE="2024-09-11" /><OBJECT OBJECTID="165198559" OBJECTGUID="e4630870-d1c8-40f0-8e5c-470139e30468" CHANGEID="600895134" ISACTIVE="1" LEVELID="9" CREATEDATE="2024-09-11" UPDATEDATE="2024-09-11" /><OBJECT OBJECTID="165198560" OBJECTGUID="40ba7bc5-0ec1-4b43-a562-2cd71fb74e9e" CHANGEID="600895141" ISACTIVE="1" LEVELID="9" CREATEDATE="2024-09-11" UPDATEDATE="2024-09-11" /><OBJECT OBJECTID="165198561" OBJECTGUID="47122138-b7dd-4d96-b74c-7994c0c068c3" CHANGEID="600895143" ISACTIVE="1" LEVELID="9" CREATEDATE="2024-09-11" UPDATEDATE="2024-09-11" /><OBJECT OBJECTID="165198563" OBJECTGUID="cb723da1-68d1-4cf7-8284-2b467e356d03" CHANGEID="600895145" ISACTIVE="1" LEVELID="9" CREATEDATE="2024-09-11" UPDATEDATE="2024-09-11" /><OBJECT OBJECTID="165198556" OBJECTGUID="c374b897-6261-4c51-9c44-2532ace8beff" CHANGEID="600895131" ISACTIVE="1" LEVELID="9" CREATEDATE="2024-09-11" UPDATEDATE="2024-09-11" /><OBJECT OBJECTID="165198558" OBJECTGUID="a5159446-0892-471b-9f11-c4cbae43bc3a" CHANGEID="600895133" ISACTIVE="1" LEVELID="9" CREATEDATE="2024-09-11" UPDATEDATE="2024-09-11" /><OBJECT OBJECTID="165198562" OBJECTGUID="85ada15b-6b02-46d7-a93c-59d67b00c4b8" CHANGEID="600895144" ISACTIVE="1" LEVELID="9" CREATEDATE="2024-09-11" UPDATEDATE="2024-09-11" /><OBJECT OBJECTID="165198564" OBJECTGUID="9bd63f9d-b850-431b-9506-c96c5d3e3325" CHANGEID="600895146" ISACTIVE="1" LEVELID="9" CREATEDATE="2024-09-11" UPDATEDATE="2024-09-11" /><OBJECT OBJECTID="165198781" OBJECTGUID="2a3b514d-835f-4d6e-8673-077e945a0b09" CHANGEID="600895511" ISACTIVE="1" LEVELID="9" CREATEDATE="2024-09-11" UPDATEDATE="2024-09-11" /><OBJECT OBJECTID="165198785" OBJECTGUID="6b43efba-daf0-46cf-8e2d-7221b96c86cc" CHANGEID="600895523" ISACTIVE="1" LEVELID="9" CREATEDATE="2024-09-11" UPDATEDATE="2024-09-11" /><OBJECT OBJECTID="165198780" OBJECTGUID="f59ce6d5-fdbc-49be-a9bf-7d17324455ba" CHANGEID="600895510" ISACTIVE="1" LEVELID="9" CREATEDATE="2024-09-11" UPDATEDATE="2024-09-11" /><OBJECT OBJECTID="95987584" OBJECTGUID="c9b2add7-84b0-44e6-8812-067b4591f98e" CHANGEID="600895514" ISACTIVE="1" LEVELID="9" CREATEDATE="2020-03-17" UPDATEDATE="2024-09-11" /><OBJECT OBJECTID="64615507" OBJECTGUID="f232fafc-d8ff-406e-8117-6eddb3e60e33" CHANGEID="600895520" ISACTIVE="1" LEVELID="10" CREATEDATE="2019-07-09" UPDATEDATE="2024-09-11" /><OBJECT OBJECTID="67112023" OBJECTGUID="d5ed6734-f453-4e42-a50e-967062c227db" CHANGEID="600895522" ISACTIVE="1" LEVELID="10" CREATEDATE="2019-07-09" UPDATEDATE="2024-09-11" /><OBJECT OBJECTID="165210181" OBJECTGUID="c0330c64-db54-4079-916e-fb4a48ada496" CHANGEID="600912024" ISACTIVE="1" LEVELID="10" CREATEDATE="2024-09-11" UPDATEDATE="2024-09-11" /><OBJECT OBJECTID="165200346" OBJECTGUID="9262f4ee-e472-4962-9cd5-c5f9fd308d93" CHANGEID="600897515" ISACTIVE="1" LEVELID="10" CREATEDATE="2024-09-11" UPDATEDATE="2024-09-11" /><OBJECT OBJECTID="165200348" OBJECTGUID="060e5f74-4b8e-4d7d-a7a8-17130d8e6f80" CHANGEID="600897517" ISACTIVE="1" LEVELID="10" CREATEDATE="2024-09-11" UPDATEDATE="2024-09-11" /><OBJECT OBJECTID="165200354" OBJECTGUID="b48c3f15-0f26-4b23-a803-ca78afce5432" CHANGEID="600897523" ISACTIVE="1" LEVELID="9" CREATEDATE="2024-09-11" UPDATEDATE="2024-09-11" /><OBJECT OBJECTID="165200356" OBJECTGUID="1d88f8de-640e-4190-abb9-045ca176ec52" CHANGEID="600897525" ISACTIVE="1" LEVELID="9" CREATEDATE="2024-09-11" UPDATEDATE="2024-09-11" /><OBJECT OBJECTID="165200347" OBJECTGUID="73630365-a3be-4222-a637-be0baa957edc" CHANGEID="600897516" ISACTIVE="1" LEVELID="9" CREATEDATE="2024-09-11" UPDATEDATE="2024-09-11" /><OBJECT OBJECTID="165200355" OBJECTGUID="c20d00af-3279-484d-97ed-22cefa9a62c3" CHANGEID="600897524" ISACTIVE="1" LEVELID="10" CREATEDATE="2024-09-11" UPDATEDATE="2024-09-11" /><OBJECT OBJECTID="165210225" OBJECTGUID="7e121842-248d-4680-b85f-446c2d425176" CHANGEID="600912085" ISACTIVE="1" LEVELID="10" CREATEDATE="2024-09-11" UPDATEDATE="2024-09-11" /><OBJECT OBJECTID="165200776" OBJECTGUID="58cfb2ed-e1d9-4c8b-b0e1-8a233a1e7d75" CHANGEID="600897989" ISACTIVE="1" LEVELID="9" CREATEDATE="2024-09-11" UPDATEDATE="2024-09-11" /><OBJECT OBJECTID="2083217" OBJECTGUID="4e99e0a5-b2b0-40f4-8a0a-fecfba516603" CHANGEID="600898758" ISACTIVE="1" LEVELID="10" CREATEDATE="2017-12-25" UPDATEDATE="2024-09-11" /><OBJECT OBJECTID="165201309" OBJECTGUID="d3b8ba51-9a8b-4224-91da-373d565eeb53" CHANGEID="600898772" ISACTIVE="1" LEVELID="9" CREATEDATE="2024-09-11" UPDATEDATE="2024-09-11" /><OBJECT OBJECTID="165201306" OBJECTGUID="c188bc50-9938-4da4-9c5a-d7f44e0ce854" CHANGEID="600898767" ISACTIVE="1" LEVELID="10" CREATEDATE="2024-09-11" UPDATEDATE="2024-09-11" /><OBJECT OBJECTID="165201342" OBJECTGUID="40b06a0e-6451-4568-8a70-83f35533d76a" CHANGEID="600898813" ISACTIVE="1" LEVELID="9" CREATEDATE="2024-09-11" UPDATEDATE="2024-09-11" /><OBJECT OBJECTID="165201379" OBJECTGUID="c5007b35-6156-4b5d-aeb7-e3ba8395759d" CHANGEID="600898857" ISACTIVE="1" LEVELID="9" CREATEDATE="2024-09-11" UPDATEDATE="2024-09-11" /><OBJECT OBJECTID="165203018" OBJECTGUID="8c20ee58-2e23-441c-8915-e70a95ab553e" CHANGEID="600900810" ISACTIVE="1" LEVELID="9" CREATEDATE="2024-09-11" UPDATEDATE="2024-09-11" /><OBJECT OBJECTID="165203016" OBJECTGUID="8e8f6918-14f8-457e-b063-c577ccfa8778" CHANGEID="600900805" ISACTIVE="1" LEVELID="10" CREATEDATE="2024-09-11" UPDATEDATE="2024-09-11" /><OBJECT OBJECTID="165203017" OBJECTGUID="7f79df1f-0d67-4e7f-9e95-221c4c62a7b6" CHANGEID="600900809" ISACTIVE="1" LEVELID="10" CREATEDATE="2024-09-11" UPDATEDATE="2024-09-11" /><OBJECT OBJECTID="164642841" OBJECTGUID="8cc9ca14-aa35-4de5-8d74-5b35eb47c3c6" CHANGEID="600721922" ISACTIVE="1" LEVELID="10" CREATEDATE="2024-08-12" UPDATEDATE="2024-09-07" /><OBJECT OBJECTID="54734090" OBJECTGUID="2770e3f3-55b2-4465-8273-1a0a18c99908" CHANGEID="600901265" ISACTIVE="1" LEVELID="11" CREATEDATE="2017-06-19" UPDATEDATE="2024-09-11" /><OBJECT OBJECTID="165203415" OBJECTGUID="4d4483b5-9c4b-49a2-9c8d-5c410fb6659b" CHANGEID="600901266" ISACTIVE="1" LEVELID="9" CREATEDATE="2024-09-11" UPDATEDATE="2024-09-11" /><OBJECT OBJECTID="165203494" OBJECTGUID="36278f30-a3bb-461a-b8ac-952a25fe9e39" CHANGEID="600901360" ISACTIVE="1" LEVELID="9" CREATEDATE="2024-09-11" UPDATEDATE="2024-09-11" /><OBJECT OBJECTID="31676753" OBJECTGUID="bd379fba-0e7a-4ad8-9e6f-c316b4e5c2bc" CHANGEID="600901359" ISACTIVE="1" LEVELID="10" CREATEDATE="2019-07-09" UPDATEDATE="2024-09-11" /><OBJECT OBJECTID="165204454" OBJECTGUID="e3ed1c19-0972-4797-804a-45be0441f0a3" CHANGEID="600902916" ISACTIVE="1" LEVELID="11" CREATEDATE="2024-09-11" UPDATEDATE="2024-09-11" /><OBJECT OBJECTID="165204456" OBJECTGUID="8652d3d9-95a8-41ad-a344-8e78545975d0" CHANGEID="600902918" ISACTIVE="1" LEVELID="9" CREATEDATE="2024-09-11" UPDATEDATE="2024-09-11" /><OBJECT OBJECTID="165204457" OBJECTGUID="50ffd2e8-7bbd-4d0d-a3e2-af7648e33117" CHANGEID="600902919" ISACTIVE="1" LEVELID="9" CREATEDATE="2024-09-11" UPDATEDATE="2024-09-11" /><OBJECT OBJECTID="165204455" OBJECTGUID="3a6fccd9-aa8a-447d-ac04-c06a42947988" CHANGEID="600902917" ISACTIVE="1" LEVELID="9" CREATEDATE="2024-09-11" UPDATEDATE="2024-09-11" /><OBJECT OBJECTID="165204469" OBJECTGUID="f796acc3-9282-4174-b602-c2d2c22fecda" CHANGEID="600902935" ISACTIVE="1" LEVELID="10" CREATEDATE="2024-09-11" UPDATEDATE="2024-09-11" /><OBJECT OBJECTID="165204704" OBJECTGUID="1fd9f015-af9e-4dce-bc40-5732afea8e21" CHANGEID="600903270" ISACTIVE="1" LEVELID="9" CREATEDATE="2024-09-11" UPDATEDATE="2024-09-11" /><OBJECT OBJECTID="165204706" OBJECTGUID="18059068-7c53-41e0-b6f3-742db29dfe7d" CHANGEID="600903272" ISACTIVE="1" LEVELID="9" CREATEDATE="2024-09-11" UPDATEDATE="2024-09-11" /><OBJECT OBJECTID="165204708" OBJECTGUID="ce2107bc-274f-46db-b3fc-cf7536eb3890" CHANGEID="600903274" ISACTIVE="1" LEVELID="9" CREATEDATE="2024-09-11" UPDATEDATE="2024-09-11" /><OBJECT OBJECTID="165204703" OBJECTGUID="260466f2-1232-4f32-ab64-bd5e4c913314" CHANGEID="600903269" ISACTIVE="1" LEVELID="9" CREATEDATE="2024-09-11" UPDATEDATE="2024-09-11" /><OBJECT OBJECTID="165204705" OBJECTGUID="edd37f66-9983-48d6-abe4-2e3375f3b3af" CHANGEID="600903271" ISACTIVE="1" LEVELID="10" CREATEDATE="2024-09-11" UPDATEDATE="2024-09-11" /><OBJECT OBJECTID="165204707" OBJECTGUID="d224612a-c448-4f7a-a847-d27486077a8a" CHANGEID="600903273" ISACTIVE="1" LEVELID="10" CREATEDATE="2024-09-11" UPDATEDATE="2024-09-11" /><OBJECT OBJECTID="164648767" OBJECTGUID="69695631-89d7-434c-bdcd-50ab24e94c64" CHANGEID="600721919" ISACTIVE="1" LEVELID="10" CREATEDATE="2024-08-12" UPDATEDATE="2024-09-07" /><OBJECT OBJECTID="164649518" OBJECTGUID="6f952383-0fac-4ba3-b749-81c0452274cd" CHANGEID="600721918" ISACTIVE="1" LEVELID="10" CREATEDATE="2024-08-12" UPDATEDATE="2024-09-07" /><OBJECT OBJECTID="164650547" OBJECTGUID="69fb67a9-a053-4917-9e86-8c10292656b0" CHANGEID="600721914" ISACTIVE="1" LEVELID="10" CREATEDATE="2024-08-12" UPDATEDATE="2024-09-07" /><OBJECT OBJECTID="18310449" OBJECTGUID="f0eb4868-29f5-4f03-8987-ded798c20fe3" CHANGEID="600906718" ISACTIVE="1" LEVELID="10" CREATEDATE="2019-07-09" UPDATEDATE="2024-09-11" /><OBJECT OBJECTID="165207089" OBJECTGUID="ce1d3912-80c8-4e2e-a251-ce05a2ce837e" CHANGEID="600906880" ISACTIVE="1" LEVELID="9" CREATEDATE="2024-09-11" UPDATEDATE="2024-09-11" /><OBJECT OBJECTID="165211516" OBJECTGUID="aa66e2ea-bbe5-4fce-b239-45d2836d8911" CHANGEID="600914721" ISACTIVE="1" LEVELID="10" CREATEDATE="2024-09-11" UPDATEDATE="2024-09-11" /><OBJECT OBJECTID="165211578" OBJECTGUID="fd690ca3-50f6-4ebe-8357-6de93246f926" CHANGEID="600914829" ISACTIVE="1" LEVELID="9" CREATEDATE="2024-09-11" UPDATEDATE="2024-09-11" /><OBJECT OBJECTID="165211580" OBJECTGUID="dd379dc9-c8a6-4325-bc73-d18c9a2f943c" CHANGEID="600914831" ISACTIVE="1" LEVELID="10" CREATEDATE="2024-09-11" UPDATEDATE="2024-09-11" /><OBJECT OBJECTID="165211577" OBJECTGUID="bd0be4bc-ef1f-4a27-b124-be806144b79a" CHANGEID="600914828" ISACTIVE="1" LEVELID="10" CREATEDATE="2024-09-11" UPDATEDATE="2024-09-11" /><OBJECT OBJECTID="165211579" OBJECTGUID="779657a6-e99d-4996-9455-ec4e91c771a4" CHANGEID="600914830" ISACTIVE="1" LEVELID="10" CREATEDATE="2024-09-11" UPDATEDATE="2024-09-11" /><OBJECT OBJECTID="165211581" OBJECTGUID="e7c44d2c-3aac-4fe8-98a3-c6035c21b32b" CHANGEID="600914832" ISACTIVE="1" LEVELID="11" CREATEDATE="2024-09-11" UPDATEDATE="2024-09-11" /><OBJECT OBJECTID="165212773" OBJECTGUID="7bd65713-8925-41bd-97a5-0440a232aeb3" CHANGEID="600916532" ISACTIVE="1" LEVELID="9" CREATEDATE="2024-09-11" UPDATEDATE="2024-09-11" /><OBJECT OBJECTID="35658906" OBJECTGUID="b4acbfaa-bac6-4302-b54f-87db5cfbaf79" CHANGEID="600916523" ISACTIVE="1" LEVELID="10" CREATEDATE="2019-07-09" UPDATEDATE="2024-09-11" /><OBJECT OBJECTID="165212774" OBJECTGUID="d2d155d7-c1e4-410d-9ec3-547793adbc0e" CHANGEID="600916533" ISACTIVE="1" LEVELID="9" CREATEDATE="2024-09-11" UPDATEDATE="2024-09-11" /><OBJECT OBJECTID="165214498" OBJECTGUID="cedebaa8-ff19-4b1d-8089-1834a2a32004" CHANGEID="600919201" ISACTIVE="1" LEVELID="10" CREATEDATE="2024-09-11" UPDATEDATE="2024-09-11" /><OBJECT OBJECTID="165214500" OBJECTGUID="9081250a-9ffe-4ef0-bab4-7125f25560a7" CHANGEID="600919203" ISACTIVE="1" LEVELID="10" CREATEDATE="2024-09-11" UPDATEDATE="2024-09-11" /><OBJECT OBJECTID="165214501" OBJECTGUID="d203ec0b-c264-488b-97bb-eac7d9976607" CHANGEID="600919204" ISACTIVE="1" LEVELID="9" CREATEDATE="2024-09-11" UPDATEDATE="2024-09-11" /><OBJECT OBJECTID="165214509" OBJECTGUID="6856feac-2b99-45f8-a49e-957b452cede0" CHANGEID="600919212" ISACTIVE="1" LEVELID="10" CREATEDATE="2024-09-11" UPDATEDATE="2024-09-11" /><OBJECT OBJECTID="165214511" OBJECTGUID="ba238732-092f-4580-9ab8-aae4f25bd0c2" CHANGEID="600919214" ISACTIVE="1" LEVELID="9" CREATEDATE="2024-09-11" UPDATEDATE="2024-09-11" /><OBJECT OBJECTID="165214570" OBJECTGUID="8e834f27-aa12-4139-a371-932a32069e52" CHANGEID="600919277" ISACTIVE="1" LEVELID="9" CREATEDATE="2024-09-11" UPDATEDATE="2024-09-11" /><OBJECT OBJECTID="165214572" OBJECTGUID="397d7055-43ae-4a95-8a63-8742ed6c5c80" CHANGEID="600919279" ISACTIVE="1" LEVELID="9" CREATEDATE="2024-09-11" UPDATEDATE="2024-09-11" /><OBJECT OBJECTID="165214574" OBJECTGUID="07cb975b-e4e4-4635-910e-ff90074deef6" CHANGEID="600919283" ISACTIVE="1" LEVELID="10" CREATEDATE="2024-09-11" UPDATEDATE="2024-09-11" /><OBJECT OBJECTID="165214576" OBJECTGUID="19c499a7-8286-4b9c-8045-28d9b91160f4" CHANGEID="600919285" ISACTIVE="1" LEVELID="9" CREATEDATE="2024-09-11" UPDATEDATE="2024-09-11" /><OBJECT OBJECTID="165214569" OBJECTGUID="97ff07c2-f261-456c-802c-e50d5d83f2a7" CHANGEID="600919276" ISACTIVE="1" LEVELID="9" CREATEDATE="2024-09-11" UPDATEDATE="2024-09-11" /><OBJECT OBJECTID="30270635" OBJECTGUID="05a4b485-4489-479d-a901-6f986eaea1ac" CHANGEID="600919280" ISACTIVE="1" LEVELID="10" CREATEDATE="2019-07-09" UPDATEDATE="2024-09-11" /><OBJECT OBJECTID="37076852" OBJECTGUID="b6c811ad-d4cb-43cb-9d91-5829a68bf0aa" CHANGEID="600919282" ISACTIVE="1" LEVELID="10" CREATEDATE="2019-07-09" UPDATEDATE="2024-09-11" /><OBJECT OBJECTID="165214577" OBJECTGUID="3be6ad1e-5165-4e67-b666-2115cb93de30" CHANGEID="600919286" ISACTIVE="1" LEVELID="9" CREATEDATE="2024-09-11" UPDATEDATE="2024-09-11" /><OBJECT OBJECTID="165215661" OBJECTGUID="348cecba-094d-4141-ac4b-1ff9e18ec255" CHANGEID="600921846" ISACTIVE="1" LEVELID="9" CREATEDATE="2024-09-11" UPDATEDATE="2024-09-11" /><OBJECT OBJECTID="165215663" OBJECTGUID="d5d3413c-a3c6-423b-bc56-32ac3bb9fdc5" CHANGEID="600921848" ISACTIVE="1" LEVELID="9" CREATEDATE="2024-09-11" UPDATEDATE="2024-09-11" /><OBJECT OBJECTID="165215678" OBJECTGUID="1c9596c2-c553-42b0-bb3a-a46cee1e6cfd" CHANGEID="600921864" ISACTIVE="1" LEVELID="9" CREATEDATE="2024-09-11" UPDATEDATE="2024-09-11" /><OBJECT OBJECTID="165215662" OBJECTGUID="95216c0c-bd64-4cc3-97da-06cfa8f10e08" CHANGEID="600921847" ISACTIVE="1" LEVELID="10" CREATEDATE="2024-09-11" UPDATEDATE="2024-09-11" /><OBJECT OBJECTID="165215673" OBJECTGUID="bd9483b0-9a74-4463-a180-f1df74aa020c" CHANGEID="600921859" ISACTIVE="1" LEVELID="10" CREATEDATE="2024-09-11" UPDATEDATE="2024-09-11" /><OBJECT OBJECTID="165215679" OBJECTGUID="089f4f11-4a20-4e62-a96e-d596790ec4bf" CHANGEID="600921865" ISACTIVE="1" LEVELID="9" CREATEDATE="2024-09-11" UPDATEDATE="2024-09-11" /><OBJECT OBJECTID="165217640" OBJECTGUID="aaf33568-f104-45a4-b8c4-9c656b229a5b" CHANGEID="600924740" ISACTIVE="1" LEVELID="9" CREATEDATE="2024-09-11" UPDATEDATE="2024-09-11" /><OBJECT OBJECTID="165217704" OBJECTGUID="69540faa-1414-4666-b464-e1b6572ba0ca" CHANGEID="600924875" ISACTIVE="1" LEVELID="9" CREATEDATE="2024-09-11" UPDATEDATE="2024-09-11" /><OBJECT OBJECTID="105035554" OBJECTGUID="66d5c082-100c-49ad-a2fe-6e1049c56c2d" CHANGEID="600581870" ISACTIVE="1" LEVELID="9" CREATEDATE="2022-07-20" UPDATEDATE="2024-09-06" /><OBJECT OBJECTID="164667355" OBJECTGUID="afb5c9b3-3ae3-4d72-a0a6-c50e2749f2ba" CHANGEID="600721910" ISACTIVE="1" LEVELID="10" CREATEDATE="2024-08-13" UPDATEDATE="2024-09-07" /><OBJECT OBJECTID="46260158" OBJECTGUID="97d73c96-e82d-4be4-bbb2-ad3b1a02ac94" CHANGEID="600895142" ISACTIVE="1" LEVELID="11" CREATEDATE="2017-06-21" UPDATEDATE="2024-09-11" /><OBJECT OBJECTID="40795180" OBJECTGUID="44566971-fb7a-4e38-9011-72fc26334087" CHANGEID="600895495" ISACTIVE="1" LEVELID="10" CREATEDATE="2019-07-09" UPDATEDATE="2024-09-11" /><OBJECT OBJECTID="164725690" OBJECTGUID="13947058-35c4-49fb-9344-60f5455f1597" CHANGEID="600721894" ISACTIVE="1" LEVELID="10" CREATEDATE="2024-08-15" UPDATEDATE="2024-09-07" /><OBJECT OBJECTID="51020691" OBJECTGUID="d7891d40-27bc-4eb6-8488-98dea0c91dd9" CHANGEID="600762176" ISACTIVE="1" LEVELID="10" CREATEDATE="2019-07-09" UPDATEDATE="2024-09-09" /><OBJECT OBJECTID="54757899" OBJECTGUID="0a841de7-aecd-42b5-993d-0454e8f9f5bd" CHANGEID="600823930" ISACTIVE="1" LEVELID="10" CREATEDATE="2011-12-13" UPDATEDATE="2024-09-10" /><OBJECT OBJECTID="164746293" OBJECTGUID="5d37a20f-8c4a-4d34-9566-1223718b2747" CHANGEID="600721886" ISACTIVE="1" LEVELID="10" CREATEDATE="2024-08-16" UPDATEDATE="2024-09-07" /><OBJECT OBJECTID="164746462" OBJECTGUID="e757c89e-1a4f-4f21-9734-1e6a4059373e" CHANGEID="600721885" ISACTIVE="1" LEVELID="10" CREATEDATE="2024-08-16" UPDATEDATE="2024-09-07" /><OBJECT OBJECTID="164749192" OBJECTGUID="73c48c42-f13a-49fd-94f7-e621614a2e7e" CHANGEID="600721883" ISACTIVE="1" LEVELID="10" CREATEDATE="2024-08-16" UPDATEDATE="2024-09-07" /><OBJECT OBJECTID="31793449" OBJECTGUID="f30c413c-0635-47ea-a3ee-7ce0abf2d5ad" CHANGEID="600583891" ISACTIVE="1" LEVELID="10" CREATEDATE="2019-07-09" UPDATEDATE="2024-09-06" /><OBJECT OBJECTID="164757468" OBJECTGUID="9848f6e3-2bfe-47f6-a69a-9cedbe47d8bc" CHANGEID="600721878" ISACTIVE="1" LEVELID="10" CREATEDATE="2024-08-19" UPDATEDATE="2024-09-07" /><OBJECT OBJECTID="164757479" OBJECTGUID="5ea59b42-0b99-4302-8313-c49bb970ba2f" CHANGEID="600721876" ISACTIVE="1" LEVELID="10" CREATEDATE="2024-08-19" UPDATEDATE="2024-09-07" /><OBJECT OBJECTID="62834517" OBJECTGUID="96581c35-479a-44bc-9828-218f7baa1928" CHANGEID="600895447" ISACTIVE="1" LEVELID="10" CREATEDATE="2019-07-09" UPDATEDATE="2024-09-11" /><OBJECT OBJECTID="164778854" OBJECTGUID="44eecbcc-34e8-4b6b-b018-7eee3c4aba3d" CHANGEID="600721871" ISACTIVE="1" LEVELID="10" CREATEDATE="2024-08-20" UPDATEDATE="2024-09-07" /><OBJECT OBJECTID="164803469" OBJECTGUID="36433a0f-8063-4c17-9ecb-992d4c071280" CHANGEID="600721867" ISACTIVE="1" LEVELID="10" CREATEDATE="2024-08-21" UPDATEDATE="2024-09-07" /><OBJECT OBJECTID="164803509" OBJECTGUID="3f9bd615-bd89-4ae5-b06f-77507bbb4f62" CHANGEID="600721865" ISACTIVE="1" LEVELID="10" CREATEDATE="2024-08-21" UPDATEDATE="2024-09-07" /><OBJECT OBJECTID="164804068" OBJECTGUID="bd190df7-83b4-42c6-b757-c0481059586c" CHANGEID="600721862" ISACTIVE="1" LEVELID="10" CREATEDATE="2024-08-21" UPDATEDATE="2024-09-07" /><OBJECT OBJECTID="164836898" OBJECTGUID="a59c447e-d2c4-4965-bae3-bd339158456f" CHANGEID="600721850" ISACTIVE="1" LEVELID="10" CREATEDATE="2024-08-22" UPDATEDATE="2024-09-07" /><OBJECT OBJECTID="164838024" OBJECTGUID="648c1fc6-e308-4dc5-bb1d-beb361c8a437" CHANGEID="600721847" ISACTIVE="1" LEVELID="10" CREATEDATE="2024-08-22" UPDATEDATE="2024-09-07" /><OBJECT OBJECTID="164855555" OBJECTGUID="2d5aba73-f9de-43bc-84b1-c040fbdcc82d" CHANGEID="600721838" ISACTIVE="1" LEVELID="10" CREATEDATE="2024-08-23" UPDATEDATE="2024-09-07" /><OBJECT OBJECTID="158233225" OBJECTGUID="571af71a-f5bb-434d-a291-032a846091ec" CHANGEID="600885973" ISACTIVE="1" LEVELID="9" CREATEDATE="2023-03-06" UPDATEDATE="2024-09-11" /><OBJECT OBJECTID="86025572" OBJECTGUID="b0f846b0-d1d3-4da8-9d08-57314de39855" CHANGEID="600577367" ISACTIVE="1" LEVELID="9" CREATEDATE="2018-11-08" UPDATEDATE="2024-09-06" /><OBJECT OBJECTID="67326172" OBJECTGUID="959895eb-d184-40d0-9aa0-34c30b5762cf" CHANGEID="600835612" ISACTIVE="1" LEVELID="10" CREATEDATE="2015-11-25" UPDATEDATE="2024-09-10" /><OBJECT OBJECTID="67331593" OBJECTGUID="12d3266b-4061-4a0e-99dd-9c94028013dd" CHANGEID="600835611" ISACTIVE="1" LEVELID="10" CREATEDATE="2015-11-25" UPDATEDATE="2024-09-10" /><OBJECT OBJECTID="67334529" OBJECTGUID="2f7c47ba-bcdb-485d-aa58-e626636446b9" CHANGEID="600835671" ISACTIVE="1" LEVELID="10" CREATEDATE="2015-11-25" UPDATEDATE="2024-09-10" /><OBJECT OBJECTID="86821636" OBJECTGUID="0cc90bd1-6f48-4157-8018-9d7ef9a02ef0" CHANGEID="600762177" ISACTIVE="1" LEVELID="9" CREATEDATE="2019-10-15" UPDATEDATE="2024-09-09" /><OBJECT OBJECTID="85104473" OBJECTGUID="6b521ac4-49f3-4a85-bbf1-039805fa605a" CHANGEID="600916991" ISACTIVE="1" LEVELID="9" CREATEDATE="2019-10-15" UPDATEDATE="2024-09-11" /><OBJECT OBJECTID="164871374" OBJECTGUID="72678399-f49e-4b91-b79e-428ee6b0601b" CHANGEID="600721833" ISACTIVE="1" LEVELID="10" CREATEDATE="2024-08-26" UPDATEDATE="2024-09-07" /><OBJECT OBJECTID="164873149" OBJECTGUID="d522aa4c-a22e-4400-b234-2cd0581dd688" CHANGEID="600721831" ISACTIVE="1" LEVELID="10" CREATEDATE="2024-08-26" UPDATEDATE="2024-09-07" /><OBJECT OBJECTID="164873151" OBJECTGUID="5ebb37e7-7394-4f10-9a37-2370a5e5bbc7" CHANGEID="600721827" ISACTIVE="1" LEVELID="10" CREATEDATE="2024-08-26" UPDATEDATE="2024-09-07" /><OBJECT OBJECTID="164873152" OBJECTGUID="8127103f-f450-49d4-99df-d79dca9e7e97" CHANGEID="600721825" ISACTIVE="1" LEVELID="10" CREATEDATE="2024-08-26" UPDATEDATE="2024-09-07" /><OBJECT OBJECTID="164873953" OBJECTGUID="1924f8dc-2195-4c94-ae9e-11f9778860dc" CHANGEID="600721822" ISACTIVE="1" LEVELID="10" CREATEDATE="2024-08-26" UPDATEDATE="2024-09-07" /><OBJECT OBJECTID="89909017" OBJECTGUID="4711cc9a-c486-47ba-bb2f-5444a26dedbe" CHANGEID="600581883" ISACTIVE="1" LEVELID="9" CREATEDATE="2019-06-03" UPDATEDATE="2024-09-06" /><OBJECT OBJECTID="164878798" OBJECTGUID="aa95a5f2-386b-4662-b709-f72816e5ac32" CHANGEID="600721812" ISACTIVE="1" LEVELID="10" CREATEDATE="2024-08-26" UPDATEDATE="2024-09-07" /><OBJECT OBJECTID="24524050" OBJECTGUID="5432cb0b-79e1-495f-a39b-4500430c3f47" CHANGEID="600778070" ISACTIVE="1" LEVELID="10" CREATEDATE="2019-07-09" UPDATEDATE="2024-09-09" /><OBJECT OBJECTID="95121440" OBJECTGUID="5b2a14bc-be73-47c8-ad68-afb8a7c3a001" CHANGEID="600575129" ISACTIVE="1" LEVELID="9" CREATEDATE="2019-10-03" UPDATEDATE="2024-09-06" /><OBJECT OBJECTID="5399424" OBJECTGUID="72ab1630-90a5-43f4-ae84-d2ccd60c9eb2" CHANGEID="600579407" ISACTIVE="1" LEVELID="10" CREATEDATE="2019-06-17" UPDATEDATE="2024-09-06" /><OBJECT OBJECTID="164895564" OBJECTGUID="be45aee1-82b2-4a1a-9d0c-69117b235504" CHANGEID="600721995" ISACTIVE="1" LEVELID="10" CREATEDATE="2024-08-27" UPDATEDATE="2024-09-07" /><OBJECT OBJECTID="164897339" OBJECTGUID="971f6cf6-6d70-443d-8de0-bdee1864884f" CHANGEID="600721994" ISACTIVE="1" LEVELID="10" CREATEDATE="2024-08-27" UPDATEDATE="2024-09-07" /><OBJECT OBJECTID="158739987" OBJECTGUID="73aa5738-20cb-493e-b40f-4f3e6f37530e" CHANGEID="600762174" ISACTIVE="1" LEVELID="9" CREATEDATE="2023-04-28" UPDATEDATE="2024-09-09" /><OBJECT OBJECTID="164900618" OBJECTGUID="54d79fd3-6881-4806-acfa-63c9bf2168f4" CHANGEID="600721993" ISACTIVE="1" LEVELID="10" CREATEDATE="2024-08-27" UPDATEDATE="2024-09-07" /><OBJECT OBJECTID="94790597" OBJECTGUID="ba22b4dc-6837-46a9-94ec-783f378e2755" CHANGEID="600589309" ISACTIVE="1" LEVELID="9" CREATEDATE="2019-05-08" UPDATEDATE="2024-09-06" /><OBJECT OBJECTID="164904255" OBJECTGUID="095261cf-183b-4348-ad55-8d2f7c4f0154" CHANGEID="600721991" ISACTIVE="1" LEVELID="10" CREATEDATE="2024-08-27" UPDATEDATE="2024-09-07" /><OBJECT OBJECTID="164908909" OBJECTGUID="8db54a06-e394-474f-b7d3-8385f01539c2" CHANGEID="600721990" ISACTIVE="1" LEVELID="10" CREATEDATE="2024-08-27" UPDATEDATE="2024-09-07" /><OBJECT OBJECTID="95987583" OBJECTGUID="a3b967a3-7147-4e78-82f6-4ee7db8b6fc1" CHANGEID="600895517" ISACTIVE="1" LEVELID="9" CREATEDATE="2020-03-17" UPDATEDATE="2024-09-11" /><OBJECT OBJECTID="164915741" OBJECTGUID="25c2323c-9632-4168-b6cc-55d7c3e44d39" CHANGEID="600721989" ISACTIVE="1" LEVELID="10" CREATEDATE="2024-08-28" UPDATEDATE="2024-09-07" /><OBJECT OBJECTID="164917698" OBJECTGUID="79a455f7-a87b-4bdd-a499-f46ee5bf983a" CHANGEID="600721987" ISACTIVE="1" LEVELID="10" CREATEDATE="2024-08-28" UPDATEDATE="2024-09-07" /><OBJECT OBJECTID="164917697" OBJECTGUID="5edc4c5a-4bc5-43d2-aa1f-b2658106732f" CHANGEID="600721988" ISACTIVE="1" LEVELID="10" CREATEDATE="2024-08-28" UPDATEDATE="2024-09-07" /><OBJECT OBJECTID="164917703" OBJECTGUID="6ebd1e9c-e391-4177-b30b-006eae454f55" CHANGEID="600721986" ISACTIVE="1" LEVELID="10" CREATEDATE="2024-08-28" UPDATEDATE="2024-09-07" /><OBJECT OBJECTID="164917712" OBJECTGUID="5b749ecd-541f-42e4-b845-3ceea00f908d" CHANGEID="600721985" ISACTIVE="1" LEVELID="10" CREATEDATE="2024-08-28" UPDATEDATE="2024-09-07" /><OBJECT OBJECTID="68970053" OBJECTGUID="e15a973c-daea-4e39-a8a8-15d301938c50" CHANGEID="600916602" ISACTIVE="1" LEVELID="10" CREATEDATE="2012-08-30" UPDATEDATE="2024-09-11" /><OBJECT OBJECTID="37247460" OBJECTGUID="87296746-ffaa-43ed-946c-1272b603a094" CHANGEID="600921853" ISACTIVE="1" LEVELID="10" CREATEDATE="2011-12-05" UPDATEDATE="2024-09-11" /><OBJECT OBJECTID="40740919" OBJECTGUID="7244f3ca-8e77-4689-ba12-ee93faa992c0" CHANGEID="600906715" ISACTIVE="1" LEVELID="10" CREATEDATE="2018-03-29" UPDATEDATE="2024-09-11" /><OBJECT OBJECTID="164945653" OBJECTGUID="fc8182ce-4c7e-4e15-a98c-a7f9f34c32d6" CHANGEID="600721977" ISACTIVE="1" LEVELID="10" CREATEDATE="2024-08-29" UPDATEDATE="2024-09-07" /><OBJECT OBJECTID="164946518" OBJECTGUID="5046e45a-f478-4fba-8b2b-4af7fe885cae" CHANGEID="600721976" ISACTIVE="1" LEVELID="10" CREATEDATE="2024-08-29" UPDATEDATE="2024-09-07" /><OBJECT OBJECTID="164954617" OBJECTGUID="8c418066-8152-4013-9b51-90466c44faae" CHANGEID="600721974" ISACTIVE="1" LEVELID="10" CREATEDATE="2024-08-30" UPDATEDATE="2024-09-07" /><OBJECT OBJECTID="164954636" OBJECTGUID="51ab58b5-bbac-423d-acd3-e5cbfa7c1e3e" CHANGEID="600721973" ISACTIVE="1" LEVELID="10" CREATEDATE="2024-08-30" UPDATEDATE="2024-09-07" /><OBJECT OBJECTID="164959570" OBJECTGUID="930c6747-4ad6-4efd-b2a6-d8e1ce3090c8" CHANGEID="600721971" ISACTIVE="1" LEVELID="10" CREATEDATE="2024-08-30" UPDATEDATE="2024-09-07" /></REESTR_OBJECTS>