﻿<?xml version="1.0" encoding="utf-8"?><HOUSES><HOUSE ID="55249669" OBJECTID="74421114" OBJECTGUID="369df53a-532b-45c4-8e5c-dfc97ae5cb5e" CHANGEID="110761104" HOUSENUM="87г" HOUSETYPE="2" OPERTYPEID="20" PREVID="44933300" NEXTID="126761285" UPDATEDATE="2024-09-11" STARTDATE="2016-01-02" ENDDATE="2024-09-11" ISACTUAL="0" ISACTIVE="0" /><HOUSE ID="58073588" OBJECTID="32288867" OBJECTGUID="5e7b3261-a083-44ee-8df9-e48c584945d2" CHANGEID="49298083" HOUSENUM="147" HOUSETYPE="2" OPERTYPEID="20" PREVID="19166208" NEXTID="126729377" UPDATEDATE="2024-09-05" STARTDATE="2016-01-02" ENDDATE="2024-09-05" ISACTUAL="0" ISACTIVE="0" /><HOUSE ID="58194062" OBJECTID="74446155" OBJECTGUID="602cadef-50e5-41b8-8cb5-565622182e24" CHANGEID="110797594" HOUSENUM="87а" HOUSETYPE="2" OPERTYPEID="20" PREVID="44949443" NEXTID="126761269" UPDATEDATE="2024-09-11" STARTDATE="2016-01-02" ENDDATE="2024-09-11" ISACTUAL="0" ISACTIVE="0" /><HOUSE ID="60218573" OBJECTID="41517628" OBJECTGUID="7cbb680f-223c-48f7-a95f-9cd9db00190a" CHANGEID="62779172" HOUSENUM="252Б" HOUSETYPE="2" OPERTYPEID="20" PREVID="24814347" NEXTID="126745193" UPDATEDATE="2024-09-09" STARTDATE="2016-11-25" ENDDATE="2024-09-09" ISACTUAL="0" ISACTIVE="0" /><HOUSE ID="61211306" OBJECTID="74421920" OBJECTGUID="8abfbf6e-01a2-47cb-9732-1cc56823c8f0" CHANGEID="110762133" HOUSENUM="190" HOUSETYPE="2" OPERTYPEID="20" PREVID="44933673" NEXTID="126761293" UPDATEDATE="2024-09-11" STARTDATE="2016-01-02" ENDDATE="2024-09-11" ISACTUAL="0" ISACTIVE="0" /><HOUSE ID="61888322" OBJECTID="74414773" OBJECTGUID="9452dcab-4494-4c3d-9ac9-15d9defca06f" CHANGEID="110751382" HOUSENUM="87ж" HOUSETYPE="2" OPERTYPEID="20" PREVID="44929135" NEXTID="126761270" UPDATEDATE="2024-09-11" STARTDATE="2016-01-02" ENDDATE="2024-09-11" ISACTUAL="0" ISACTIVE="0" /><HOUSE ID="66375407" OBJECTID="13632036" OBJECTGUID="d3a998f5-e7d6-4521-acbe-07cafe50e6a5" CHANGEID="21860803" HOUSENUM="9" HOUSETYPE="2" OPERTYPEID="20" PREVID="7497266" NEXTID="126738228" UPDATEDATE="2024-09-06" STARTDATE="2016-01-02" ENDDATE="2024-09-06" ISACTUAL="0" ISACTIVE="0" /><HOUSE ID="41038031" OBJECTID="68102482" OBJECTGUID="3824b7cc-0f0e-4a20-b230-0dc1c2794b2e" CHANGEID="101519413" HOUSENUM="427" HOUSETYPE="5" OPERTYPEID="10" PREVID="0" NEXTID="126738631" UPDATEDATE="2024-09-06" STARTDATE="2018-02-02" ENDDATE="2024-09-06" ISACTUAL="0" ISACTIVE="0" /><HOUSE ID="56170467" OBJECTID="10743124" OBJECTGUID="439e16c8-e3a6-4ad2-93e2-93c2fe9eaca8" CHANGEID="17588416" HOUSENUM="37" HOUSETYPE="2" OPERTYPEID="20" PREVID="5667402" NEXTID="126738210" UPDATEDATE="2024-09-06" STARTDATE="2016-01-02" ENDDATE="2024-09-06" ISACTUAL="0" ISACTIVE="0" /><HOUSE ID="126726853" OBJECTID="165068428" OBJECTGUID="3b6c5cf4-afaf-416f-972d-47883ddec5b0" CHANGEID="600524564" HOUSENUM="6" HOUSETYPE="2" OPERTYPEID="10" PREVID="0" NEXTID="0" UPDATEDATE="2024-09-05" STARTDATE="2024-09-05" ENDDATE="2079-06-06" ISACTUAL="1" ISACTIVE="1" /><HOUSE ID="126726897" OBJECTID="165068547" OBJECTGUID="b6dee81d-7323-42c3-ae4e-5c70a5eb5651" CHANGEID="600524800" HOUSENUM="36" ADDNUM1="2" HOUSETYPE="2" ADDTYPE1="2" OPERTYPEID="10" PREVID="0" NEXTID="0" UPDATEDATE="2024-09-05" STARTDATE="2024-09-05" ENDDATE="2079-06-06" ISACTUAL="1" ISACTIVE="1" /><HOUSE ID="126726887" OBJECTID="165068540" OBJECTGUID="d1e154f8-bde5-483f-88ce-817fa7aeb241" CHANGEID="600524774" HOUSENUM="36" ADDNUM1="1" HOUSETYPE="2" ADDTYPE1="2" OPERTYPEID="10" PREVID="0" NEXTID="0" UPDATEDATE="2024-09-05" STARTDATE="2024-09-05" ENDDATE="2079-06-06" ISACTUAL="1" ISACTIVE="1" /><HOUSE ID="126726915" OBJECTID="165068592" OBJECTGUID="311cc61e-8b4c-42fc-bb28-9db8a488dbdb" CHANGEID="600524897" HOUSENUM="4" HOUSETYPE="2" OPERTYPEID="10" PREVID="0" NEXTID="0" UPDATEDATE="2024-09-05" STARTDATE="2024-09-05" ENDDATE="2079-06-06" ISACTUAL="1" ISACTIVE="1" /><HOUSE ID="126727176" OBJECTID="165069487" OBJECTGUID="e8cdf6f8-7aae-4f80-8994-e0bcee8084fc" CHANGEID="600526310" HOUSENUM="18" HOUSETYPE="2" OPERTYPEID="10" PREVID="0" NEXTID="0" UPDATEDATE="2024-09-05" STARTDATE="2024-09-05" ENDDATE="2079-06-06" ISACTUAL="1" ISACTIVE="1" /><HOUSE ID="126727180" OBJECTID="165069508" OBJECTGUID="0cc5705b-6e8a-4862-a27b-0e444029348d" CHANGEID="600526359" HOUSENUM="12" HOUSETYPE="2" OPERTYPEID="10" PREVID="0" NEXTID="0" UPDATEDATE="2024-09-05" STARTDATE="2024-09-05" ENDDATE="2079-06-06" ISACTUAL="1" ISACTIVE="1" /><HOUSE ID="126727437" OBJECTID="165070437" OBJECTGUID="49724362-51c1-409d-8e3a-1f61680224a0" CHANGEID="600527899" HOUSENUM="17" HOUSETYPE="2" OPERTYPEID="10" PREVID="0" NEXTID="0" UPDATEDATE="2024-09-05" STARTDATE="2024-09-05" ENDDATE="2079-06-06" ISACTUAL="1" ISACTIVE="1" /><HOUSE ID="126727452" OBJECTID="165070477" OBJECTGUID="d61274e6-ab03-42dc-89cd-acd304a96a3f" CHANGEID="600527968" HOUSENUM="21а" HOUSETYPE="5" OPERTYPEID="10" PREVID="0" NEXTID="0" UPDATEDATE="2024-09-05" STARTDATE="2024-09-05" ENDDATE="2079-06-06" ISACTUAL="1" ISACTIVE="1" /><HOUSE ID="126727471" OBJECTID="165070516" OBJECTGUID="53ed02e5-37f3-46f8-87d0-1b4f458910bc" CHANGEID="600528031" HOUSENUM="57" HOUSETYPE="2" OPERTYPEID="10" PREVID="0" NEXTID="0" UPDATEDATE="2024-09-05" STARTDATE="2024-09-05" ENDDATE="2079-06-06" ISACTUAL="1" ISACTIVE="1" /><HOUSE ID="126727474" OBJECTID="165070543" OBJECTGUID="3fa9fb53-68cf-4c71-b7cb-117c85b75baf" CHANGEID="600528067" HOUSENUM="120" HOUSETYPE="2" OPERTYPEID="10" PREVID="0" NEXTID="0" UPDATEDATE="2024-09-05" STARTDATE="2024-09-05" ENDDATE="2079-06-06" ISACTUAL="1" ISACTIVE="1" /><HOUSE ID="126727502" OBJECTID="165070797" OBJECTGUID="b382a02b-9c5f-4e0b-ae99-7b607d582f5f" CHANGEID="600528388" HOUSENUM="11" HOUSETYPE="2" OPERTYPEID="10" PREVID="0" NEXTID="0" UPDATEDATE="2024-09-05" STARTDATE="2024-09-05" ENDDATE="2079-06-06" ISACTUAL="1" ISACTIVE="1" /><HOUSE ID="126727523" OBJECTID="165070996" OBJECTGUID="e311ac61-2fd4-4591-ad09-6a31c0e8c714" CHANGEID="600528637" HOUSENUM="8/4" HOUSETYPE="2" OPERTYPEID="10" PREVID="0" NEXTID="0" UPDATEDATE="2024-09-05" STARTDATE="2024-09-05" ENDDATE="2079-06-06" ISACTUAL="1" ISACTIVE="1" /><HOUSE ID="126727861" OBJECTID="165072119" OBJECTGUID="a928c17a-1c2d-46d0-a30a-71043d4121b9" CHANGEID="600530409" HOUSENUM="96" HOUSETYPE="2" OPERTYPEID="10" PREVID="0" NEXTID="0" UPDATEDATE="2024-09-05" STARTDATE="2024-09-05" ENDDATE="2079-06-06" ISACTUAL="1" ISACTIVE="1" /><HOUSE ID="126728103" OBJECTID="165073275" OBJECTGUID="6d85d940-b824-4927-9ea4-cdacf74c3cf5" CHANGEID="600532046" HOUSENUM="89" HOUSETYPE="2" OPERTYPEID="10" PREVID="0" NEXTID="0" UPDATEDATE="2024-09-05" STARTDATE="2024-09-05" ENDDATE="2079-06-06" ISACTUAL="1" ISACTIVE="1" /><HOUSE ID="126728097" OBJECTID="165073138" OBJECTGUID="aa9809d8-d9d5-4d2e-92e9-9ba2b485e7c1" CHANGEID="600531863" HOUSENUM="17" HOUSETYPE="2" OPERTYPEID="10" PREVID="0" NEXTID="0" UPDATEDATE="2024-09-05" STARTDATE="2024-09-05" ENDDATE="2079-06-06" ISACTUAL="1" ISACTIVE="1" /><HOUSE ID="126728107" OBJECTID="165073293" OBJECTGUID="1229e377-766d-4c31-9acb-5e25cfc1da6e" CHANGEID="600532085" HOUSENUM="448" HOUSETYPE="2" OPERTYPEID="10" PREVID="0" NEXTID="0" UPDATEDATE="2024-09-05" STARTDATE="2024-09-05" ENDDATE="2079-06-06" ISACTUAL="1" ISACTIVE="1" /><HOUSE ID="126728150" OBJECTID="165073770" OBJECTGUID="9d1d464e-b427-4f28-aad9-f123e7920e12" CHANGEID="600532729" HOUSENUM="22" HOUSETYPE="2" OPERTYPEID="10" PREVID="0" NEXTID="0" UPDATEDATE="2024-09-05" STARTDATE="2024-09-05" ENDDATE="2079-06-06" ISACTUAL="1" ISACTIVE="1" /><HOUSE ID="126728190" OBJECTID="165074140" OBJECTGUID="bdfa8d95-fe3c-4b9d-8ddd-595178830b59" CHANGEID="600533172" HOUSENUM="37" HOUSETYPE="2" OPERTYPEID="10" PREVID="0" NEXTID="0" UPDATEDATE="2024-09-05" STARTDATE="2024-09-05" ENDDATE="2079-06-06" ISACTUAL="1" ISACTIVE="1" /><HOUSE ID="126728238" OBJECTID="165074368" OBJECTGUID="1acce68d-8f29-4f86-86a0-050101fcf37b" CHANGEID="600533563" HOUSENUM="2А" HOUSETYPE="2" OPERTYPEID="10" PREVID="0" NEXTID="0" UPDATEDATE="2024-09-05" STARTDATE="2024-09-05" ENDDATE="2079-06-06" ISACTUAL="1" ISACTIVE="1" /><HOUSE ID="126728237" OBJECTID="165074362" OBJECTGUID="48513069-b0e0-43f8-bd2b-dde63e895afd" CHANGEID="600533551" HOUSENUM="11в" HOUSETYPE="2" OPERTYPEID="10" PREVID="0" NEXTID="0" UPDATEDATE="2024-09-05" STARTDATE="2024-09-05" ENDDATE="2079-06-06" ISACTUAL="1" ISACTIVE="1" /><HOUSE ID="126728468" OBJECTID="165075211" OBJECTGUID="3543f126-d4b0-4568-a5b5-590f70418088" CHANGEID="600535410" HOUSENUM="45" HOUSETYPE="2" OPERTYPEID="10" PREVID="0" NEXTID="0" UPDATEDATE="2024-09-05" STARTDATE="2024-09-05" ENDDATE="2079-06-06" ISACTUAL="1" ISACTIVE="1" /><HOUSE ID="126728478" OBJECTID="165075225" OBJECTGUID="0cc88b14-3263-47be-97cd-a12f3bd78983" CHANGEID="600535440" HOUSENUM="35А" HOUSETYPE="2" OPERTYPEID="10" PREVID="0" NEXTID="0" UPDATEDATE="2024-09-05" STARTDATE="2024-09-05" ENDDATE="2079-06-06" ISACTUAL="1" ISACTIVE="1" /><HOUSE ID="126728553" OBJECTID="165075708" OBJECTGUID="1777c403-fdc0-4bc4-9138-c003ea43d866" CHANGEID="600536159" HOUSENUM="35" HOUSETYPE="2" OPERTYPEID="10" PREVID="0" NEXTID="0" UPDATEDATE="2024-09-05" STARTDATE="2024-09-05" ENDDATE="2079-06-06" ISACTUAL="1" ISACTIVE="1" /><HOUSE ID="126728573" OBJECTID="165075820" OBJECTGUID="201d650b-0b54-4a16-96b1-bf6e3348d6ea" CHANGEID="600536379" HOUSENUM="51" HOUSETYPE="2" OPERTYPEID="10" PREVID="0" NEXTID="0" UPDATEDATE="2024-09-05" STARTDATE="2024-09-05" ENDDATE="2079-06-06" ISACTUAL="1" ISACTIVE="1" /><HOUSE ID="126728563" OBJECTID="165075737" OBJECTGUID="c4aa39a1-86dd-4238-a6db-e8301397cabb" CHANGEID="600536220" HOUSENUM="180" HOUSETYPE="2" OPERTYPEID="10" PREVID="0" NEXTID="0" UPDATEDATE="2024-09-05" STARTDATE="2024-09-05" ENDDATE="2079-06-06" ISACTUAL="1" ISACTIVE="1" /><HOUSE ID="126728695" OBJECTID="165077370" OBJECTGUID="409505d0-4922-496b-9da3-dc7fba60ad6d" CHANGEID="600538429" HOUSENUM="40" HOUSETYPE="2" OPERTYPEID="10" PREVID="0" NEXTID="0" UPDATEDATE="2024-09-05" STARTDATE="2024-09-05" ENDDATE="2079-06-06" ISACTUAL="1" ISACTIVE="1" /><HOUSE ID="126728723" OBJECTID="165077481" OBJECTGUID="bbee144d-1ded-40cc-9264-0783407230e9" CHANGEID="600538630" HOUSENUM="21" HOUSETYPE="2" OPERTYPEID="10" PREVID="0" NEXTID="0" UPDATEDATE="2024-09-05" STARTDATE="2024-09-05" ENDDATE="2079-06-06" ISACTUAL="1" ISACTIVE="1" /><HOUSE ID="123890418" OBJECTID="157315662" OBJECTGUID="0a3eb9be-6904-40a2-91d3-7064b551081c" CHANGEID="488397926" HOUSENUM="3" ADDNUM1="6" HOUSETYPE="5" ADDTYPE1="2" OPERTYPEID="10" PREVID="0" NEXTID="126728752" UPDATEDATE="2024-09-05" STARTDATE="2022-11-28" ENDDATE="2024-09-05" ISACTUAL="0" ISACTIVE="0" /><HOUSE ID="126728752" OBJECTID="157315662" OBJECTGUID="0a3eb9be-6904-40a2-91d3-7064b551081c" CHANGEID="600538743" HOUSENUM="3А" HOUSETYPE="5" OPERTYPEID="20" PREVID="123890418" UPDATEDATE="2024-09-05" STARTDATE="2024-09-05" ENDDATE="2079-06-06" ISACTUAL="1" ISACTIVE="1" /><HOUSE ID="126729377" OBJECTID="32288867" OBJECTGUID="5e7b3261-a083-44ee-8df9-e48c584945d2" CHANGEID="600542661" HOUSENUM="147" HOUSETYPE="2" OPERTYPEID="60" PREVID="58073588" UPDATEDATE="2024-09-05" STARTDATE="2024-09-05" ENDDATE="2079-06-06" ISACTUAL="1" ISACTIVE="0" /><HOUSE ID="126729378" OBJECTID="165080098" OBJECTGUID="fb0551c9-0f73-4831-9b57-4a5b94595fb2" CHANGEID="600542662" HOUSENUM="147а" HOUSETYPE="2" OPERTYPEID="61" PREVID="126729377" NEXTID="0" UPDATEDATE="2024-09-05" STARTDATE="2024-09-05" ENDDATE="2079-06-06" ISACTUAL="1" ISACTIVE="1" /><HOUSE ID="126729379" OBJECTID="165080099" OBJECTGUID="1cfb58e7-cef3-46df-8944-e6f7672e29e2" CHANGEID="600542664" HOUSENUM="147б" HOUSETYPE="2" OPERTYPEID="61" PREVID="126729377" NEXTID="0" UPDATEDATE="2024-09-05" STARTDATE="2024-09-05" ENDDATE="2079-06-06" ISACTUAL="1" ISACTIVE="1" /><HOUSE ID="126731505" OBJECTID="165089913" OBJECTGUID="e46eea08-3305-4edf-8022-18b652044a2f" CHANGEID="600560049" HOUSENUM="46" HOUSETYPE="2" OPERTYPEID="10" PREVID="0" NEXTID="0" UPDATEDATE="2024-09-05" STARTDATE="2024-09-05" ENDDATE="2079-06-06" ISACTUAL="1" ISACTIVE="1" /><HOUSE ID="126734148" OBJECTID="165100480" OBJECTGUID="b276f5d3-c03d-4512-83b6-98fc81c5de3a" CHANGEID="600579600" HOUSENUM="90а" HOUSETYPE="2" OPERTYPEID="10" PREVID="0" NEXTID="0" UPDATEDATE="2024-09-06" STARTDATE="2024-09-06" ENDDATE="2079-06-06" ISACTUAL="1" ISACTIVE="1" /><HOUSE ID="126734149" OBJECTID="165100482" OBJECTGUID="cecf95f3-1868-460f-b85a-b63b169b0c76" CHANGEID="600579602" HOUSENUM="109а" HOUSETYPE="2" OPERTYPEID="10" PREVID="0" NEXTID="0" UPDATEDATE="2024-09-06" STARTDATE="2024-09-06" ENDDATE="2079-06-06" ISACTUAL="1" ISACTIVE="1" /><HOUSE ID="126735362" OBJECTID="165104263" OBJECTGUID="ae75b9dd-287f-4fd2-a741-a63b5ff0a1d4" CHANGEID="600586687" HOUSENUM="103" HOUSETYPE="2" OPERTYPEID="10" PREVID="0" NEXTID="0" UPDATEDATE="2024-09-06" STARTDATE="2024-09-06" ENDDATE="2079-06-06" ISACTUAL="1" ISACTIVE="1" /><HOUSE ID="126735952" OBJECTID="165105739" OBJECTGUID="29492836-3fcc-42de-9ef6-3b7496a9c4bf" CHANGEID="600588924" HOUSENUM="3" HOUSETYPE="2" OPERTYPEID="10" PREVID="0" NEXTID="0" UPDATEDATE="2024-09-06" STARTDATE="2024-09-06" ENDDATE="2079-06-06" ISACTUAL="1" ISACTIVE="1" /><HOUSE ID="126736124" OBJECTID="165106372" OBJECTGUID="fdf848eb-aa56-4461-bd63-07376ea0b67d" CHANGEID="600590136" HOUSENUM="21" ADDNUM1="7" HOUSETYPE="2" ADDTYPE1="1" OPERTYPEID="10" PREVID="0" NEXTID="0" UPDATEDATE="2024-09-06" STARTDATE="2024-09-06" ENDDATE="2079-06-06" ISACTUAL="1" ISACTIVE="1" /><HOUSE ID="126736142" OBJECTID="165106455" OBJECTGUID="f94bb6dd-9d88-4bc6-8716-4db1f6e551f5" CHANGEID="600590287" HOUSENUM="1" HOUSETYPE="2" OPERTYPEID="10" PREVID="0" NEXTID="0" UPDATEDATE="2024-09-06" STARTDATE="2024-09-06" ENDDATE="2079-06-06" ISACTUAL="1" ISACTIVE="1" /><HOUSE ID="126736157" OBJECTID="165106475" OBJECTGUID="8f20641d-8b37-4781-9934-18857791393a" CHANGEID="600590336" HOUSENUM="50А" HOUSETYPE="2" OPERTYPEID="10" PREVID="0" NEXTID="0" UPDATEDATE="2024-09-06" STARTDATE="2024-09-06" ENDDATE="2079-06-06" ISACTUAL="1" ISACTIVE="1" /><HOUSE ID="126737324" OBJECTID="165111261" OBJECTGUID="bb38ef5d-90be-45ed-9512-3b3494a1d4e0" CHANGEID="600605968" HOUSENUM="2819" HOUSETYPE="2" OPERTYPEID="10" PREVID="0" NEXTID="0" UPDATEDATE="2024-09-06" STARTDATE="2024-09-06" ENDDATE="2079-06-06" ISACTUAL="1" ISACTIVE="1" /><HOUSE ID="126737369" OBJECTID="165111386" OBJECTGUID="b738f4d9-728f-44b1-b742-f4333d0136ee" CHANGEID="600608578" HOUSENUM="1" HOUSETYPE="2" OPERTYPEID="10" PREVID="0" NEXTID="0" UPDATEDATE="2024-09-06" STARTDATE="2024-09-06" ENDDATE="2079-06-06" ISACTUAL="1" ISACTIVE="1" /><HOUSE ID="126737887" OBJECTID="165113614" OBJECTGUID="772b8deb-06b6-4d80-8cc3-ecfebd1680b0" CHANGEID="600702009" HOUSENUM="209" HOUSETYPE="2" OPERTYPEID="10" PREVID="0" NEXTID="0" UPDATEDATE="2024-09-06" STARTDATE="2024-09-06" ENDDATE="2079-06-06" ISACTUAL="1" ISACTIVE="1" /><HOUSE ID="126737888" OBJECTID="165113615" OBJECTGUID="d198c097-7266-42ad-86f6-581b19ec1f6c" CHANGEID="600702010" HOUSENUM="4" HOUSETYPE="2" OPERTYPEID="10" PREVID="0" NEXTID="0" UPDATEDATE="2024-09-06" STARTDATE="2024-09-06" ENDDATE="2079-06-06" ISACTUAL="1" ISACTIVE="1" /><HOUSE ID="126737889" OBJECTID="165113616" OBJECTGUID="0abeb63e-95dd-4ed2-9546-a110267b08cd" CHANGEID="600702011" HOUSENUM="5" HOUSETYPE="2" OPERTYPEID="10" PREVID="0" NEXTID="0" UPDATEDATE="2024-09-06" STARTDATE="2024-09-06" ENDDATE="2079-06-06" ISACTUAL="1" ISACTIVE="1" /><HOUSE ID="126737890" OBJECTID="165113617" OBJECTGUID="d78c5d46-7c9f-4e5b-94a9-656b7a21c1f6" CHANGEID="600702012" HOUSENUM="7" HOUSETYPE="2" OPERTYPEID="10" PREVID="0" NEXTID="0" UPDATEDATE="2024-09-06" STARTDATE="2024-09-06" ENDDATE="2079-06-06" ISACTUAL="1" ISACTIVE="1" /><HOUSE ID="126737891" OBJECTID="165113618" OBJECTGUID="46f77f17-7145-43d3-9782-65e5a2493bb8" CHANGEID="600702013" HOUSENUM="10" HOUSETYPE="2" OPERTYPEID="10" PREVID="0" NEXTID="0" UPDATEDATE="2024-09-06" STARTDATE="2024-09-06" ENDDATE="2079-06-06" ISACTUAL="1" ISACTIVE="1" /><HOUSE ID="126737892" OBJECTID="165113619" OBJECTGUID="a36d53cf-1376-436f-90e3-6bb8163ba0b3" CHANGEID="600702014" HOUSENUM="12" HOUSETYPE="2" OPERTYPEID="10" PREVID="0" NEXTID="0" UPDATEDATE="2024-09-06" STARTDATE="2024-09-06" ENDDATE="2079-06-06" ISACTUAL="1" ISACTIVE="1" /><HOUSE ID="126737893" OBJECTID="165113620" OBJECTGUID="0f91f6cf-9828-44e8-bc6c-dfce118a0e10" CHANGEID="600702015" HOUSENUM="13" HOUSETYPE="2" OPERTYPEID="10" PREVID="0" NEXTID="0" UPDATEDATE="2024-09-06" STARTDATE="2024-09-06" ENDDATE="2079-06-06" ISACTUAL="1" ISACTIVE="1" /><HOUSE ID="126737894" OBJECTID="165113621" OBJECTGUID="5f181679-7bbe-4c51-a578-9109a87e15fb" CHANGEID="600702016" HOUSENUM="14" HOUSETYPE="2" OPERTYPEID="10" PREVID="0" NEXTID="0" UPDATEDATE="2024-09-06" STARTDATE="2024-09-06" ENDDATE="2079-06-06" ISACTUAL="1" ISACTIVE="1" /><HOUSE ID="126737927" OBJECTID="165113675" OBJECTGUID="ee053b61-6a11-4d58-b8ec-8f69695494fc" CHANGEID="600702184" HOUSENUM="97" HOUSETYPE="2" OPERTYPEID="10" PREVID="0" NEXTID="0" UPDATEDATE="2024-09-06" STARTDATE="2024-09-06" ENDDATE="2079-06-06" ISACTUAL="1" ISACTIVE="1" /><HOUSE ID="126737928" OBJECTID="165113676" OBJECTGUID="3f1e72d6-f2ba-44ae-b31c-263d839966a7" CHANGEID="600702185" HOUSENUM="94" HOUSETYPE="2" OPERTYPEID="10" PREVID="0" NEXTID="0" UPDATEDATE="2024-09-06" STARTDATE="2024-09-06" ENDDATE="2079-06-06" ISACTUAL="1" ISACTIVE="1" /><HOUSE ID="126737929" OBJECTID="165113677" OBJECTGUID="414c7fef-a9ea-4ba4-b85c-00512e8e540d" CHANGEID="600702186" HOUSENUM="91" HOUSETYPE="2" OPERTYPEID="10" PREVID="0" NEXTID="0" UPDATEDATE="2024-09-06" STARTDATE="2024-09-06" ENDDATE="2079-06-06" ISACTUAL="1" ISACTIVE="1" /><HOUSE ID="126737930" OBJECTID="165113678" OBJECTGUID="dd04496f-ad9b-46ec-83bd-88c31f63f9e1" CHANGEID="600702187" HOUSENUM="123" HOUSETYPE="2" OPERTYPEID="10" PREVID="0" NEXTID="0" UPDATEDATE="2024-09-06" STARTDATE="2024-09-06" ENDDATE="2079-06-06" ISACTUAL="1" ISACTIVE="1" /><HOUSE ID="126737979" OBJECTID="165113903" OBJECTGUID="73d98c76-4200-4cd0-9f5b-1d55599967b7" CHANGEID="600702516" HOUSENUM="25А" ADDNUM1="1" HOUSETYPE="2" ADDTYPE1="2" OPERTYPEID="10" PREVID="0" NEXTID="0" UPDATEDATE="2024-09-06" STARTDATE="2024-09-06" ENDDATE="2079-06-06" ISACTUAL="1" ISACTIVE="1" /><HOUSE ID="126738210" OBJECTID="10743124" OBJECTGUID="439e16c8-e3a6-4ad2-93e2-93c2fe9eaca8" CHANGEID="600703837" HOUSENUM="37" HOUSETYPE="2" OPERTYPEID="30" PREVID="56170467" NEXTID="0" UPDATEDATE="2024-09-06" STARTDATE="2024-09-06" ENDDATE="2079-06-06" ISACTUAL="1" ISACTIVE="0" /><HOUSE ID="126738211" OBJECTID="73740432" OBJECTGUID="9f790314-b6b8-4369-8db4-778001966a2b" CHANGEID="600703872" HOUSENUM="9" HOUSETYPE="2" OPERTYPEID="30" PREVID="62680746" NEXTID="0" UPDATEDATE="2024-09-06" STARTDATE="2024-09-06" ENDDATE="2079-06-06" ISACTUAL="1" ISACTIVE="0" /><HOUSE ID="62680746" OBJECTID="73740432" OBJECTGUID="9f790314-b6b8-4369-8db4-778001966a2b" CHANGEID="109776705" HOUSENUM="9" HOUSETYPE="2" OPERTYPEID="20" PREVID="44529487" NEXTID="126738211" UPDATEDATE="2024-09-06" STARTDATE="2016-01-02" ENDDATE="2024-09-06" ISACTUAL="0" ISACTIVE="0" /><HOUSE ID="126738203" OBJECTID="58145265" OBJECTGUID="64123e3a-7d2c-457b-9685-cbecefcd23ce" CHANGEID="600703807" HOUSENUM="56" HOUSETYPE="2" OPERTYPEID="30" PREVID="58470593" NEXTID="0" UPDATEDATE="2024-09-06" STARTDATE="2024-09-06" ENDDATE="2079-06-06" ISACTUAL="1" ISACTIVE="0" /><HOUSE ID="58470593" OBJECTID="58145265" OBJECTGUID="64123e3a-7d2c-457b-9685-cbecefcd23ce" CHANGEID="86912364" HOUSENUM="56" HOUSETYPE="2" OPERTYPEID="20" PREVID="34816664" NEXTID="126738203" UPDATEDATE="2024-09-06" STARTDATE="2016-01-02" ENDDATE="2024-09-06" ISACTUAL="0" ISACTIVE="0" /><HOUSE ID="126738218" OBJECTID="80977075" OBJECTGUID="3df1ae6c-65fb-441a-baad-4688a87704c7" CHANGEID="600703898" HOUSENUM="51" HOUSETYPE="2" OPERTYPEID="30" PREVID="55769173" NEXTID="0" UPDATEDATE="2024-09-06" STARTDATE="2024-09-06" ENDDATE="2079-06-06" ISACTUAL="1" ISACTIVE="0" /><HOUSE ID="55769173" OBJECTID="80977075" OBJECTGUID="3df1ae6c-65fb-441a-baad-4688a87704c7" CHANGEID="120343110" HOUSENUM="51" HOUSETYPE="2" OPERTYPEID="20" PREVID="49001121" NEXTID="126738218" UPDATEDATE="2024-09-06" STARTDATE="2016-01-02" ENDDATE="2024-09-06" ISACTUAL="0" ISACTIVE="0" /><HOUSE ID="126738228" OBJECTID="13632036" OBJECTGUID="d3a998f5-e7d6-4521-acbe-07cafe50e6a5" CHANGEID="600703939" HOUSENUM="9" HOUSETYPE="2" OPERTYPEID="30" PREVID="66375407" NEXTID="0" UPDATEDATE="2024-09-06" STARTDATE="2024-09-06" ENDDATE="2079-06-06" ISACTUAL="1" ISACTIVE="0" /><HOUSE ID="126738411" OBJECTID="165115342" OBJECTGUID="7450e281-99fe-47d0-8c63-f4e2de2d3f7a" CHANGEID="600705139" HOUSENUM="6А" HOUSETYPE="2" OPERTYPEID="10" PREVID="0" NEXTID="0" UPDATEDATE="2024-09-06" STARTDATE="2024-09-06" ENDDATE="2079-06-06" ISACTUAL="1" ISACTIVE="1" /><HOUSE ID="126738631" OBJECTID="68102482" OBJECTGUID="3824b7cc-0f0e-4a20-b230-0dc1c2794b2e" CHANGEID="600706217" HOUSENUM="427" HOUSETYPE="2" OPERTYPEID="20" PREVID="41038031" UPDATEDATE="2024-09-06" STARTDATE="2024-09-06" ENDDATE="2079-06-06" ISACTUAL="1" ISACTIVE="1" /><HOUSE ID="126738722" OBJECTID="165116104" OBJECTGUID="65e959f6-fe30-4500-8814-b8cc34e8d603" CHANGEID="600706940" HOUSENUM="9Б" HOUSETYPE="2" OPERTYPEID="10" PREVID="0" NEXTID="0" UPDATEDATE="2024-09-06" STARTDATE="2024-09-06" ENDDATE="2079-06-06" ISACTUAL="1" ISACTIVE="1" /><HOUSE ID="126738729" OBJECTID="165116193" OBJECTGUID="1e4fc89b-535d-493c-802b-d19eca1bf910" CHANGEID="600707049" HOUSENUM="9В" HOUSETYPE="2" OPERTYPEID="10" PREVID="0" NEXTID="0" UPDATEDATE="2024-09-06" STARTDATE="2024-09-06" ENDDATE="2079-06-06" ISACTUAL="1" ISACTIVE="1" /><HOUSE ID="126738732" OBJECTID="165116197" OBJECTGUID="5643f29b-5f42-41a7-8ec4-18f734d718b7" CHANGEID="600707063" HOUSENUM="9Г" HOUSETYPE="2" OPERTYPEID="10" PREVID="0" NEXTID="0" UPDATEDATE="2024-09-06" STARTDATE="2024-09-06" ENDDATE="2079-06-06" ISACTUAL="1" ISACTIVE="1" /><HOUSE ID="126741811" OBJECTID="165131069" OBJECTGUID="b485f112-d243-4b0f-9fb0-744b849092b2" CHANGEID="600760503" HOUSENUM="38" HOUSETYPE="2" OPERTYPEID="10" PREVID="0" NEXTID="0" UPDATEDATE="2024-09-09" STARTDATE="2024-09-09" ENDDATE="2079-06-06" ISACTUAL="1" ISACTIVE="1" /><HOUSE ID="126741974" OBJECTID="165132165" OBJECTGUID="820def94-27af-4ed9-ab0b-890372d2500e" CHANGEID="600761790" HOUSENUM="22В" HOUSETYPE="2" OPERTYPEID="10" PREVID="0" NEXTID="0" UPDATEDATE="2024-09-09" STARTDATE="2024-09-09" ENDDATE="2079-06-06" ISACTUAL="1" ISACTIVE="1" /><HOUSE ID="126742341" OBJECTID="165134508" OBJECTGUID="8a945520-b4ac-448a-a08a-0b03e5043d7b" CHANGEID="600765005" HOUSENUM="289" ADDNUM1="19" HOUSETYPE="2" ADDTYPE1="2" OPERTYPEID="10" PREVID="0" NEXTID="0" UPDATEDATE="2024-09-09" STARTDATE="2024-09-09" ENDDATE="2079-06-06" ISACTUAL="1" ISACTIVE="1" /><HOUSE ID="126742413" OBJECTID="165135181" OBJECTGUID="36a2a0ad-e7fe-45c6-a684-fa8d43ec5a1c" CHANGEID="600765916" HOUSENUM="39/2" HOUSETYPE="7" OPERTYPEID="10" PREVID="0" NEXTID="0" UPDATEDATE="2024-09-09" STARTDATE="2024-09-09" ENDDATE="2079-06-06" ISACTUAL="1" ISACTIVE="1" /><HOUSE ID="126744433" OBJECTID="165139410" OBJECTGUID="7ec7f5e7-e04e-4a23-8877-1dbd58b71865" CHANGEID="600773130" HOUSENUM="5а" HOUSETYPE="2" OPERTYPEID="10" PREVID="0" NEXTID="0" UPDATEDATE="2024-09-09" STARTDATE="2024-09-09" ENDDATE="2079-06-06" ISACTUAL="1" ISACTIVE="1" /><HOUSE ID="126744715" OBJECTID="165140300" OBJECTGUID="bd5eb976-e140-4347-9cb7-15bd72ca49a4" CHANGEID="600774788" HOUSENUM="89" HOUSETYPE="2" OPERTYPEID="10" PREVID="0" NEXTID="0" UPDATEDATE="2024-09-09" STARTDATE="2024-09-09" ENDDATE="2079-06-06" ISACTUAL="1" ISACTIVE="1" /><HOUSE ID="126745186" OBJECTID="165141819" OBJECTGUID="f918dfcd-8525-4a6c-b5e9-c4ffabb626f2" CHANGEID="600777249" HOUSENUM="29" HOUSETYPE="2" OPERTYPEID="10" PREVID="0" NEXTID="0" UPDATEDATE="2024-09-09" STARTDATE="2024-09-09" ENDDATE="2079-06-06" ISACTUAL="1" ISACTIVE="1" /><HOUSE ID="126745193" OBJECTID="41517628" OBJECTGUID="7cbb680f-223c-48f7-a95f-9cd9db00190a" CHANGEID="600777269" HOUSENUM="252Б" HOUSETYPE="5" OPERTYPEID="20" PREVID="60218573" UPDATEDATE="2024-09-09" STARTDATE="2024-09-09" ENDDATE="2079-06-06" ISACTUAL="1" ISACTIVE="1" /><HOUSE ID="126745226" OBJECTID="165141922" OBJECTGUID="83dc5718-d813-49cc-856c-267c3f7d8b6f" CHANGEID="600777428" HOUSENUM="45а" HOUSETYPE="2" OPERTYPEID="10" PREVID="0" NEXTID="0" UPDATEDATE="2024-09-09" STARTDATE="2024-09-09" ENDDATE="2079-06-06" ISACTUAL="1" ISACTIVE="1" /><HOUSE ID="126745513" OBJECTID="165142738" OBJECTGUID="b9ac5a4c-b763-4327-9b02-3cab56ee7f7d" CHANGEID="600779336" HOUSENUM="60" HOUSETYPE="2" OPERTYPEID="10" PREVID="0" NEXTID="0" UPDATEDATE="2024-09-09" STARTDATE="2024-09-09" ENDDATE="2079-06-06" ISACTUAL="1" ISACTIVE="1" /><HOUSE ID="126745514" OBJECTID="165142739" OBJECTGUID="92c3359a-e28f-498d-b462-4d7503c95b94" CHANGEID="600779337" HOUSENUM="61" HOUSETYPE="2" OPERTYPEID="10" PREVID="0" NEXTID="0" UPDATEDATE="2024-09-09" STARTDATE="2024-09-09" ENDDATE="2079-06-06" ISACTUAL="1" ISACTIVE="1" /><HOUSE ID="126745515" OBJECTID="165142740" OBJECTGUID="bd1cf665-cae7-43fc-96bc-17344457ace7" CHANGEID="600779338" HOUSENUM="68" HOUSETYPE="2" OPERTYPEID="10" PREVID="0" NEXTID="0" UPDATEDATE="2024-09-09" STARTDATE="2024-09-09" ENDDATE="2079-06-06" ISACTUAL="1" ISACTIVE="1" /><HOUSE ID="126745516" OBJECTID="165142741" OBJECTGUID="0842832a-eb24-446c-bb50-efc31458d334" CHANGEID="600779339" HOUSENUM="69" HOUSETYPE="2" OPERTYPEID="10" PREVID="0" NEXTID="0" UPDATEDATE="2024-09-09" STARTDATE="2024-09-09" ENDDATE="2079-06-06" ISACTUAL="1" ISACTIVE="1" /><HOUSE ID="126745517" OBJECTID="165142742" OBJECTGUID="e2c13f43-2017-4e89-9ab4-815d2456826a" CHANGEID="600779340" HOUSENUM="72" HOUSETYPE="2" OPERTYPEID="10" PREVID="0" NEXTID="0" UPDATEDATE="2024-09-09" STARTDATE="2024-09-09" ENDDATE="2079-06-06" ISACTUAL="1" ISACTIVE="1" /><HOUSE ID="126745518" OBJECTID="165142743" OBJECTGUID="8f26c4aa-7b5d-4179-ae05-5f2537829e95" CHANGEID="600779341" HOUSENUM="78" HOUSETYPE="2" OPERTYPEID="10" PREVID="0" NEXTID="0" UPDATEDATE="2024-09-09" STARTDATE="2024-09-09" ENDDATE="2079-06-06" ISACTUAL="1" ISACTIVE="1" /><HOUSE ID="126745519" OBJECTID="165142744" OBJECTGUID="2d89408f-71ae-4b11-b5b2-bc5c187eb0ab" CHANGEID="600779342" HOUSENUM="79" HOUSETYPE="2" OPERTYPEID="10" PREVID="0" NEXTID="0" UPDATEDATE="2024-09-09" STARTDATE="2024-09-09" ENDDATE="2079-06-06" ISACTUAL="1" ISACTIVE="1" /><HOUSE ID="126745520" OBJECTID="165142745" OBJECTGUID="a51215d7-eab2-4f83-bb34-0f2ef7b5f788" CHANGEID="600779343" HOUSENUM="63" HOUSETYPE="2" OPERTYPEID="10" PREVID="0" NEXTID="0" UPDATEDATE="2024-09-09" STARTDATE="2024-09-09" ENDDATE="2079-06-06" ISACTUAL="1" ISACTIVE="1" /><HOUSE ID="126745521" OBJECTID="165142746" OBJECTGUID="c4508119-4acb-4de9-b25d-360797f65f4f" CHANGEID="600779344" HOUSENUM="84" HOUSETYPE="2" OPERTYPEID="10" PREVID="0" NEXTID="0" UPDATEDATE="2024-09-09" STARTDATE="2024-09-09" ENDDATE="2079-06-06" ISACTUAL="1" ISACTIVE="1" /><HOUSE ID="126745522" OBJECTID="165142747" OBJECTGUID="aec57d04-6a57-4bcb-95dc-8a7d4bf153c5" CHANGEID="600779345" HOUSENUM="100" HOUSETYPE="2" OPERTYPEID="10" PREVID="0" NEXTID="0" UPDATEDATE="2024-09-09" STARTDATE="2024-09-09" ENDDATE="2079-06-06" ISACTUAL="1" ISACTIVE="1" /><HOUSE ID="126745523" OBJECTID="165142748" OBJECTGUID="2b7af016-7c4c-4d2c-abea-27d28bbb0e5d" CHANGEID="600779346" HOUSENUM="104" HOUSETYPE="2" OPERTYPEID="10" PREVID="0" NEXTID="0" UPDATEDATE="2024-09-09" STARTDATE="2024-09-09" ENDDATE="2079-06-06" ISACTUAL="1" ISACTIVE="1" /><HOUSE ID="126745524" OBJECTID="165142749" OBJECTGUID="dfd57c26-e8b6-41c6-af2d-e8e5f91a86fe" CHANGEID="600779347" HOUSENUM="109" HOUSETYPE="2" OPERTYPEID="10" PREVID="0" NEXTID="0" UPDATEDATE="2024-09-09" STARTDATE="2024-09-09" ENDDATE="2079-06-06" ISACTUAL="1" ISACTIVE="1" /><HOUSE ID="126745525" OBJECTID="165142750" OBJECTGUID="b2a27be4-7c6b-4fb3-b7d0-db7ef0817c0a" CHANGEID="600779348" HOUSENUM="110" HOUSETYPE="2" OPERTYPEID="10" PREVID="0" NEXTID="0" UPDATEDATE="2024-09-09" STARTDATE="2024-09-09" ENDDATE="2079-06-06" ISACTUAL="1" ISACTIVE="1" /><HOUSE ID="126745526" OBJECTID="165142751" OBJECTGUID="870d8f1f-7990-48c7-9107-5b732be4ae2b" CHANGEID="600779349" HOUSENUM="111" HOUSETYPE="2" OPERTYPEID="10" PREVID="0" NEXTID="0" UPDATEDATE="2024-09-09" STARTDATE="2024-09-09" ENDDATE="2079-06-06" ISACTUAL="1" ISACTIVE="1" /><HOUSE ID="126745527" OBJECTID="165142752" OBJECTGUID="ca8c9542-95a7-4a44-bf71-4aebfdce7eb8" CHANGEID="600779350" HOUSENUM="112" HOUSETYPE="2" OPERTYPEID="10" PREVID="0" NEXTID="0" UPDATEDATE="2024-09-09" STARTDATE="2024-09-09" ENDDATE="2079-06-06" ISACTUAL="1" ISACTIVE="1" /><HOUSE ID="126745528" OBJECTID="165142753" OBJECTGUID="6f2c8b68-70e5-4be3-a462-74265bbbfa91" CHANGEID="600779351" HOUSENUM="120" HOUSETYPE="2" OPERTYPEID="10" PREVID="0" NEXTID="0" UPDATEDATE="2024-09-09" STARTDATE="2024-09-09" ENDDATE="2079-06-06" ISACTUAL="1" ISACTIVE="1" /><HOUSE ID="126745529" OBJECTID="165142754" OBJECTGUID="8524134a-63d4-4bf1-830b-27437ed9a21e" CHANGEID="600779352" HOUSENUM="121" HOUSETYPE="2" OPERTYPEID="10" PREVID="0" NEXTID="0" UPDATEDATE="2024-09-09" STARTDATE="2024-09-09" ENDDATE="2079-06-06" ISACTUAL="1" ISACTIVE="1" /><HOUSE ID="126746985" OBJECTID="165149151" OBJECTGUID="87b41ce6-d530-4875-a549-ab2ba03829cc" CHANGEID="600789123" HOUSENUM="16" HOUSETYPE="2" OPERTYPEID="10" PREVID="0" NEXTID="0" UPDATEDATE="2024-09-09" STARTDATE="2024-09-09" ENDDATE="2079-06-06" ISACTUAL="1" ISACTIVE="1" /><HOUSE ID="126747020" OBJECTID="165149337" OBJECTGUID="2a987e8c-56a4-4c07-a981-d07fb31837d6" CHANGEID="600789399" HOUSENUM="37" HOUSETYPE="2" OPERTYPEID="10" PREVID="0" NEXTID="0" UPDATEDATE="2024-09-09" STARTDATE="2024-09-09" ENDDATE="2079-06-06" ISACTUAL="1" ISACTIVE="1" /><HOUSE ID="126747047" OBJECTID="165149366" OBJECTGUID="450271da-477f-4883-bcba-63258cda94d6" CHANGEID="600789475" HOUSENUM="101А" HOUSETYPE="5" OPERTYPEID="10" PREVID="0" NEXTID="0" UPDATEDATE="2024-09-09" STARTDATE="2024-09-09" ENDDATE="2079-06-06" ISACTUAL="1" ISACTIVE="1" /><HOUSE ID="126747353" OBJECTID="165150412" OBJECTGUID="21a4febc-a648-461b-aee2-27e62d313820" CHANGEID="600791246" HOUSENUM="62" HOUSETYPE="2" OPERTYPEID="10" PREVID="0" NEXTID="0" UPDATEDATE="2024-09-09" STARTDATE="2024-09-09" ENDDATE="2079-06-06" ISACTUAL="1" ISACTIVE="1" /><HOUSE ID="126747445" OBJECTID="165150644" OBJECTGUID="c068a3fd-81c4-42c2-b9aa-0fa340f26307" CHANGEID="600791794" HOUSENUM="5" HOUSETYPE="2" OPERTYPEID="10" PREVID="0" NEXTID="0" UPDATEDATE="2024-09-09" STARTDATE="2024-09-09" ENDDATE="2079-06-06" ISACTUAL="1" ISACTIVE="1" /><HOUSE ID="126747457" OBJECTID="165150704" OBJECTGUID="42d45f63-3831-4a52-bc80-cfadb54d2ceb" CHANGEID="600795723" HOUSENUM="16" HOUSETYPE="2" OPERTYPEID="10" PREVID="0" NEXTID="0" UPDATEDATE="2024-09-09" STARTDATE="2024-09-09" ENDDATE="2079-06-06" ISACTUAL="1" ISACTIVE="1" /><HOUSE ID="126747469" OBJECTID="165150761" OBJECTGUID="e915a957-3cb7-41d4-8019-6f3563895260" CHANGEID="600795812" HOUSENUM="249" HOUSETYPE="2" OPERTYPEID="10" PREVID="0" NEXTID="0" UPDATEDATE="2024-09-09" STARTDATE="2024-09-09" ENDDATE="2079-06-06" ISACTUAL="1" ISACTIVE="1" /><HOUSE ID="126747470" OBJECTID="165150766" OBJECTGUID="d2a83a37-0397-49a4-9350-db6829877e29" CHANGEID="600795819" HOUSENUM="40" HOUSETYPE="2" OPERTYPEID="10" PREVID="0" NEXTID="0" UPDATEDATE="2024-09-09" STARTDATE="2024-09-09" ENDDATE="2079-06-06" ISACTUAL="1" ISACTIVE="1" /><HOUSE ID="126747473" OBJECTID="165150774" OBJECTGUID="5a7c8f9d-bfc5-4d94-bf6e-0beaabcb7006" CHANGEID="600795831" HOUSENUM="17" HOUSETYPE="2" OPERTYPEID="10" PREVID="0" NEXTID="0" UPDATEDATE="2024-09-09" STARTDATE="2024-09-09" ENDDATE="2079-06-06" ISACTUAL="1" ISACTIVE="1" /><HOUSE ID="126747474" OBJECTID="165150781" OBJECTGUID="06b50f1a-98c5-49ea-a116-0e3ae6512b53" CHANGEID="600795841" HOUSENUM="60" HOUSETYPE="2" OPERTYPEID="10" PREVID="0" NEXTID="0" UPDATEDATE="2024-09-09" STARTDATE="2024-09-09" ENDDATE="2079-06-06" ISACTUAL="1" ISACTIVE="1" /><HOUSE ID="126747475" OBJECTID="165150786" OBJECTGUID="4a4abb7c-d7ac-4802-9f21-0719e1512dfc" CHANGEID="600795851" HOUSENUM="98а" HOUSETYPE="2" OPERTYPEID="10" PREVID="0" NEXTID="0" UPDATEDATE="2024-09-09" STARTDATE="2024-09-09" ENDDATE="2079-06-06" ISACTUAL="1" ISACTIVE="1" /><HOUSE ID="126747483" OBJECTID="165150855" OBJECTGUID="a82a1006-7a80-45a4-9560-dad8fe42f6fd" CHANGEID="600795953" HOUSENUM="111" HOUSETYPE="2" OPERTYPEID="10" PREVID="0" NEXTID="0" UPDATEDATE="2024-09-09" STARTDATE="2024-09-09" ENDDATE="2079-06-06" ISACTUAL="1" ISACTIVE="1" /><HOUSE ID="126747489" OBJECTID="165150951" OBJECTGUID="c23bb975-121b-4bcf-aff9-dcf4446b1ddd" CHANGEID="600796114" HOUSENUM="246" HOUSETYPE="2" OPERTYPEID="10" PREVID="0" NEXTID="0" UPDATEDATE="2024-09-09" STARTDATE="2024-09-09" ENDDATE="2079-06-06" ISACTUAL="1" ISACTIVE="1" /><HOUSE ID="126747491" OBJECTID="165150953" OBJECTGUID="2102ef79-166f-435c-9724-55206ab3d10f" CHANGEID="600796122" HOUSENUM="18/19" HOUSETYPE="2" OPERTYPEID="10" PREVID="0" NEXTID="0" UPDATEDATE="2024-09-09" STARTDATE="2024-09-09" ENDDATE="2079-06-06" ISACTUAL="1" ISACTIVE="1" /><HOUSE ID="126747495" OBJECTID="165150961" OBJECTGUID="71ae702e-a2ba-4e23-ade6-4dd8d62b5c30" CHANGEID="600796136" HOUSENUM="499" HOUSETYPE="2" OPERTYPEID="10" PREVID="0" NEXTID="0" UPDATEDATE="2024-09-09" STARTDATE="2024-09-09" ENDDATE="2079-06-06" ISACTUAL="1" ISACTIVE="1" /><HOUSE ID="126747487" OBJECTID="165150915" OBJECTGUID="74d0e242-530c-43ee-a38a-91cb31d648d7" CHANGEID="600796065" HOUSENUM="411" HOUSETYPE="2" OPERTYPEID="10" PREVID="0" NEXTID="0" UPDATEDATE="2024-09-09" STARTDATE="2024-09-09" ENDDATE="2079-06-06" ISACTUAL="1" ISACTIVE="1" /><HOUSE ID="126750457" OBJECTID="165165635" OBJECTGUID="9f36f2ed-0d98-4a66-8be7-d5ed5496a522" CHANGEID="600820420" HOUSENUM="38А" HOUSETYPE="2" OPERTYPEID="10" PREVID="0" NEXTID="0" UPDATEDATE="2024-09-10" STARTDATE="2024-09-10" ENDDATE="2079-06-06" ISACTUAL="1" ISACTIVE="1" /><HOUSE ID="26056375" OBJECTID="43600748" OBJECTGUID="6e7489bd-4e9d-40af-8dd7-e0e14c524ab6" CHANGEID="65797830" HOUSENUM="18" HOUSETYPE="2" OPERTYPEID="10" PREVID="0" NEXTID="126750892" UPDATEDATE="2024-09-10" STARTDATE="2018-02-15" ENDDATE="2024-09-10" ISACTUAL="0" ISACTIVE="0" /><HOUSE ID="126750892" OBJECTID="43600748" OBJECTGUID="6e7489bd-4e9d-40af-8dd7-e0e14c524ab6" CHANGEID="600823601" HOUSENUM="18А" HOUSETYPE="2" OPERTYPEID="20" PREVID="26056375" UPDATEDATE="2024-09-10" STARTDATE="2024-09-10" ENDDATE="2079-06-06" ISACTUAL="1" ISACTIVE="1" /><HOUSE ID="126751343" OBJECTID="165170045" OBJECTGUID="6ab23b12-19fd-494e-b209-9108d6b6a8f9" CHANGEID="600826440" HOUSENUM="19" HOUSETYPE="2" OPERTYPEID="10" PREVID="0" NEXTID="0" UPDATEDATE="2024-09-10" STARTDATE="2024-09-10" ENDDATE="2079-06-06" ISACTUAL="1" ISACTIVE="1" /><HOUSE ID="126751935" OBJECTID="165172376" OBJECTGUID="2bcb3f95-1617-4d6d-a779-f1246a91c398" CHANGEID="600830233" HOUSENUM="124" HOUSETYPE="2" OPERTYPEID="10" PREVID="0" NEXTID="0" UPDATEDATE="2024-09-10" STARTDATE="2024-09-10" ENDDATE="2079-06-06" ISACTUAL="1" ISACTIVE="1" /><HOUSE ID="126751969" OBJECTID="165172451" OBJECTGUID="1c7688dd-2423-49e1-a498-721456074f06" CHANGEID="600830347" HOUSENUM="92" HOUSETYPE="2" OPERTYPEID="10" PREVID="0" NEXTID="0" UPDATEDATE="2024-09-10" STARTDATE="2024-09-10" ENDDATE="2079-06-06" ISACTUAL="1" ISACTIVE="1" /><HOUSE ID="126752209" OBJECTID="165173280" OBJECTGUID="2e6d38db-b6ff-4844-990d-72b9b164e119" CHANGEID="600831845" HOUSENUM="95а" HOUSETYPE="2" OPERTYPEID="10" PREVID="0" NEXTID="0" UPDATEDATE="2024-09-10" STARTDATE="2024-09-10" ENDDATE="2079-06-06" ISACTUAL="1" ISACTIVE="1" /><HOUSE ID="126752297" OBJECTID="165173567" OBJECTGUID="0ddd8e1f-712d-4076-9944-3ef6becbaab1" CHANGEID="600832429" HOUSENUM="7А" HOUSETYPE="2" OPERTYPEID="10" PREVID="0" NEXTID="0" UPDATEDATE="2024-09-10" STARTDATE="2024-09-10" ENDDATE="2079-06-06" ISACTUAL="1" ISACTIVE="1" /><HOUSE ID="126752660" OBJECTID="165174816" OBJECTGUID="0dc3b8d9-d4ed-44b4-9876-a5aaa7f1df46" CHANGEID="600834312" HOUSENUM="64" HOUSETYPE="2" OPERTYPEID="10" PREVID="0" NEXTID="0" UPDATEDATE="2024-09-10" STARTDATE="2024-09-10" ENDDATE="2079-06-06" ISACTUAL="1" ISACTIVE="1" /><HOUSE ID="126753064" OBJECTID="165176743" OBJECTGUID="50c12163-05aa-40fa-93a9-83d1654a63b5" CHANGEID="600836968" HOUSENUM="8" HOUSETYPE="2" OPERTYPEID="10" PREVID="0" NEXTID="0" UPDATEDATE="2024-09-10" STARTDATE="2024-09-10" ENDDATE="2079-06-06" ISACTUAL="1" ISACTIVE="1" /><HOUSE ID="126753065" OBJECTID="165176748" OBJECTGUID="e6a5996f-763e-484f-b902-e43a818799fc" CHANGEID="600836975" HOUSENUM="143" HOUSETYPE="2" OPERTYPEID="10" PREVID="0" NEXTID="0" UPDATEDATE="2024-09-10" STARTDATE="2024-09-10" ENDDATE="2079-06-06" ISACTUAL="1" ISACTIVE="1" /><HOUSE ID="126753068" OBJECTID="165176776" OBJECTGUID="f2d3d11f-a1d5-432e-a273-82688884deaa" CHANGEID="600837012" HOUSENUM="1Б" HOUSETYPE="2" OPERTYPEID="10" PREVID="0" NEXTID="0" UPDATEDATE="2024-09-10" STARTDATE="2024-09-10" ENDDATE="2079-06-06" ISACTUAL="1" ISACTIVE="1" /><HOUSE ID="126753070" OBJECTID="165176778" OBJECTGUID="842b744b-c0cd-4815-bc09-dcc157e4d067" CHANGEID="600837020" HOUSENUM="23р" HOUSETYPE="2" OPERTYPEID="10" PREVID="0" NEXTID="0" UPDATEDATE="2024-09-10" STARTDATE="2024-09-10" ENDDATE="2079-06-06" ISACTUAL="1" ISACTIVE="1" /><HOUSE ID="126753101" OBJECTID="165176933" OBJECTGUID="0b05899b-efce-45cd-bcfe-68cc8377de3e" CHANGEID="600837255" HOUSENUM="54" HOUSETYPE="2" OPERTYPEID="10" PREVID="0" NEXTID="0" UPDATEDATE="2024-09-10" STARTDATE="2024-09-10" ENDDATE="2079-06-06" ISACTUAL="1" ISACTIVE="1" /><HOUSE ID="126753639" OBJECTID="165179338" OBJECTGUID="25ed0035-537a-4aed-ab6c-724a5d30f7ea" CHANGEID="600841255" HOUSENUM="14Б" HOUSETYPE="2" OPERTYPEID="10" PREVID="0" NEXTID="0" UPDATEDATE="2024-09-10" STARTDATE="2024-09-10" ENDDATE="2079-06-06" ISACTUAL="1" ISACTIVE="1" /><HOUSE ID="126753658" OBJECTID="165179423" OBJECTGUID="5ffa72b8-06cf-472c-a359-0fbd761e5f7f" CHANGEID="600841379" HOUSENUM="21" HOUSETYPE="2" OPERTYPEID="10" PREVID="0" NEXTID="0" UPDATEDATE="2024-09-10" STARTDATE="2024-09-10" ENDDATE="2079-06-06" ISACTUAL="1" ISACTIVE="1" /><HOUSE ID="126753664" OBJECTID="165179446" OBJECTGUID="4a2e5472-d83a-4b2f-91a5-dfab85e9c6a7" CHANGEID="600841414" HOUSENUM="204" HOUSETYPE="2" OPERTYPEID="10" PREVID="0" NEXTID="0" UPDATEDATE="2024-09-10" STARTDATE="2024-09-10" ENDDATE="2079-06-06" ISACTUAL="1" ISACTIVE="1" /><HOUSE ID="126753693" OBJECTID="165179498" OBJECTGUID="0d9fa60c-6ae8-4556-bbcf-d4eafca52411" CHANGEID="600841599" HOUSENUM="39/3" HOUSETYPE="2" OPERTYPEID="10" PREVID="0" NEXTID="0" UPDATEDATE="2024-09-10" STARTDATE="2024-09-10" ENDDATE="2079-06-06" ISACTUAL="1" ISACTIVE="1" /><HOUSE ID="126754008" OBJECTID="165180763" OBJECTGUID="c1b5deb6-65db-4b58-904a-37ae9184b0c7" CHANGEID="600843868" HOUSENUM="22" HOUSETYPE="2" OPERTYPEID="10" PREVID="0" NEXTID="0" UPDATEDATE="2024-09-10" STARTDATE="2024-09-10" ENDDATE="2079-06-06" ISACTUAL="1" ISACTIVE="1" /><HOUSE ID="126754420" OBJECTID="165182349" OBJECTGUID="d0125486-f881-4be1-95e0-79f6118bec99" CHANGEID="600846871" HOUSENUM="50" HOUSETYPE="2" OPERTYPEID="10" PREVID="0" NEXTID="0" UPDATEDATE="2024-09-10" STARTDATE="2024-09-10" ENDDATE="2079-06-06" ISACTUAL="1" ISACTIVE="1" /><HOUSE ID="126754446" OBJECTID="165182392" OBJECTGUID="dd8396e0-d9eb-4bbd-b4ed-b5f5cd119803" CHANGEID="600846964" HOUSENUM="51" HOUSETYPE="2" OPERTYPEID="10" PREVID="0" NEXTID="0" UPDATEDATE="2024-09-10" STARTDATE="2024-09-10" ENDDATE="2079-06-06" ISACTUAL="1" ISACTIVE="1" /><HOUSE ID="126754471" OBJECTID="165182494" OBJECTGUID="ed52edf8-7d81-4e9e-b30d-c9e4c16ef107" CHANGEID="600847126" HOUSENUM="5Д" HOUSETYPE="2" OPERTYPEID="10" PREVID="0" NEXTID="0" UPDATEDATE="2024-09-10" STARTDATE="2024-09-10" ENDDATE="2079-06-06" ISACTUAL="1" ISACTIVE="1" /><HOUSE ID="126754479" OBJECTID="165182511" OBJECTGUID="c4a6ffd0-a70a-46ad-8be3-a90a8307b063" CHANGEID="600847158" HOUSENUM="5Г" HOUSETYPE="2" OPERTYPEID="10" PREVID="0" NEXTID="0" UPDATEDATE="2024-09-10" STARTDATE="2024-09-10" ENDDATE="2079-06-06" ISACTUAL="1" ISACTIVE="1" /><HOUSE ID="126754522" OBJECTID="165182640" OBJECTGUID="cf7393c2-4f9c-48c8-a63b-61149338607d" CHANGEID="600847353" HOUSENUM="5В" HOUSETYPE="2" OPERTYPEID="10" PREVID="0" NEXTID="0" UPDATEDATE="2024-09-10" STARTDATE="2024-09-10" ENDDATE="2079-06-06" ISACTUAL="1" ISACTIVE="1" /><HOUSE ID="3214779" OBJECTID="6739368" OBJECTGUID="15aca3b6-6015-4339-9e2d-2b0122d3b97b" CHANGEID="11745266" HOUSENUM="16-А" HOUSETYPE="2" OPERTYPEID="10" PREVID="0" NEXTID="126754504" UPDATEDATE="2024-09-10" STARTDATE="2019-01-24" ENDDATE="2024-09-10" ISACTUAL="0" ISACTIVE="0" /><HOUSE ID="126754504" OBJECTID="6739368" OBJECTGUID="15aca3b6-6015-4339-9e2d-2b0122d3b97b" CHANGEID="600847275" HOUSENUM="16А" HOUSETYPE="2" OPERTYPEID="20" PREVID="3214779" UPDATEDATE="2024-09-10" STARTDATE="2024-09-10" ENDDATE="2079-06-06" ISACTUAL="1" ISACTIVE="1" /><HOUSE ID="126754733" OBJECTID="165183132" OBJECTGUID="fe12064d-d9d3-4d6e-b8ea-a7c5061bef4c" CHANGEID="600848179" HOUSENUM="25/15" HOUSETYPE="2" OPERTYPEID="10" PREVID="0" NEXTID="0" UPDATEDATE="2024-09-10" STARTDATE="2024-09-10" ENDDATE="2079-06-06" ISACTUAL="1" ISACTIVE="1" /><HOUSE ID="126756365" OBJECTID="165192904" OBJECTGUID="5da18311-192f-4485-a3a6-0063db389234" CHANGEID="600886958" HOUSENUM="55" HOUSETYPE="2" OPERTYPEID="10" PREVID="0" NEXTID="0" UPDATEDATE="2024-09-11" STARTDATE="2024-09-11" ENDDATE="2079-06-06" ISACTUAL="1" ISACTIVE="1" /><HOUSE ID="13534969" OBJECTID="22945297" OBJECTGUID="d0a3c2be-d29b-4ab9-91f0-a0834f9947c2" CHANGEID="35707919" HOUSENUM="18-А" HOUSETYPE="2" OPERTYPEID="10" PREVID="0" NEXTID="126758412" UPDATEDATE="2024-09-11" STARTDATE="1900-01-01" ENDDATE="2024-09-11" ISACTUAL="0" ISACTIVE="0" /><HOUSE ID="126758412" OBJECTID="22945297" OBJECTGUID="d0a3c2be-d29b-4ab9-91f0-a0834f9947c2" CHANGEID="600903580" HOUSENUM="18А" HOUSETYPE="2" OPERTYPEID="20" PREVID="13534969" UPDATEDATE="2024-09-11" STARTDATE="2024-09-11" ENDDATE="2079-06-06" ISACTUAL="1" ISACTIVE="1" /><HOUSE ID="126759632" OBJECTID="165210449" OBJECTGUID="b90976b0-6a57-407f-83ac-8a8349326558" CHANGEID="600912782" HOUSENUM="6а" HOUSETYPE="2" OPERTYPEID="10" PREVID="0" NEXTID="0" UPDATEDATE="2024-09-11" STARTDATE="2024-09-11" ENDDATE="2079-06-06" ISACTUAL="1" ISACTIVE="1" /><HOUSE ID="126760075" OBJECTID="165212248" OBJECTGUID="ab3a0874-4916-45ef-a3ed-8225dd9dd937" CHANGEID="600915887" HOUSENUM="3/2а" HOUSETYPE="2" OPERTYPEID="10" PREVID="0" NEXTID="0" UPDATEDATE="2024-09-11" STARTDATE="2024-09-11" ENDDATE="2079-06-06" ISACTUAL="1" ISACTIVE="1" /><HOUSE ID="126760232" OBJECTID="165213194" OBJECTGUID="20355d5f-ed89-4617-af84-256d47d0a938" CHANGEID="600917172" HOUSENUM="35" HOUSETYPE="2" OPERTYPEID="10" PREVID="0" NEXTID="0" UPDATEDATE="2024-09-11" STARTDATE="2024-09-11" ENDDATE="2079-06-06" ISACTUAL="1" ISACTIVE="1" /><HOUSE ID="126760239" OBJECTID="165213224" OBJECTGUID="743a3318-a9e5-4fcb-9586-3667d45c0a65" CHANGEID="600917213" HOUSENUM="6" HOUSETYPE="2" OPERTYPEID="10" PREVID="0" NEXTID="0" UPDATEDATE="2024-09-11" STARTDATE="2024-09-11" ENDDATE="2079-06-06" ISACTUAL="1" ISACTIVE="1" /><HOUSE ID="126761231" OBJECTID="24235026" OBJECTGUID="5ff2423d-cde8-4916-8ad3-e3841c7cb68c" CHANGEID="600925579" HOUSENUM="51" HOUSETYPE="2" OPERTYPEID="30" PREVID="14298150" NEXTID="0" UPDATEDATE="2024-09-11" STARTDATE="2024-09-11" ENDDATE="2079-06-06" ISACTUAL="1" ISACTIVE="0" /><HOUSE ID="14298150" OBJECTID="24235026" OBJECTGUID="5ff2423d-cde8-4916-8ad3-e3841c7cb68c" CHANGEID="37574829" HOUSENUM="51" HOUSETYPE="2" OPERTYPEID="10" PREVID="0" NEXTID="126761231" UPDATEDATE="2024-09-11" STARTDATE="1900-01-01" ENDDATE="2024-09-11" ISACTUAL="0" ISACTIVE="0" /><HOUSE ID="126761226" OBJECTID="24204631" OBJECTGUID="8eb4f6a6-8f41-4201-b782-9c458404e6b3" CHANGEID="600925551" HOUSENUM="5" HOUSETYPE="2" OPERTYPEID="30" PREVID="14280791" NEXTID="0" UPDATEDATE="2024-09-11" STARTDATE="2024-09-11" ENDDATE="2079-06-06" ISACTUAL="1" ISACTIVE="0" /><HOUSE ID="14280791" OBJECTID="24204631" OBJECTGUID="8eb4f6a6-8f41-4201-b782-9c458404e6b3" CHANGEID="37532106" HOUSENUM="5" HOUSETYPE="2" OPERTYPEID="10" PREVID="0" NEXTID="126761226" UPDATEDATE="2024-09-11" STARTDATE="1900-01-01" ENDDATE="2024-09-11" ISACTUAL="0" ISACTIVE="0" /><HOUSE ID="126761249" OBJECTID="74511948" OBJECTGUID="087a26af-db66-496d-b112-7c7ed6fb3d87" CHANGEID="600925852" HOUSENUM="87" HOUSETYPE="2" OPERTYPEID="30" PREVID="44989577" NEXTID="0" UPDATEDATE="2024-09-11" STARTDATE="2024-09-11" ENDDATE="2079-06-06" ISACTUAL="1" ISACTIVE="0" /><HOUSE ID="44989577" OBJECTID="74511948" OBJECTGUID="087a26af-db66-496d-b112-7c7ed6fb3d87" CHANGEID="110892816" HOUSENUM="87" HOUSETYPE="2" OPERTYPEID="10" PREVID="0" NEXTID="126761249" UPDATEDATE="2024-09-11" STARTDATE="2016-01-02" ENDDATE="2024-09-11" ISACTUAL="0" ISACTIVE="0" /><HOUSE ID="126761250" OBJECTID="74427036" OBJECTGUID="e1410c81-926f-4051-9657-276b9dcee10c" CHANGEID="600925853" HOUSENUM="87в" HOUSETYPE="2" OPERTYPEID="30" PREVID="67337185" NEXTID="0" UPDATEDATE="2024-09-11" STARTDATE="2024-09-11" ENDDATE="2079-06-06" ISACTUAL="1" ISACTIVE="0" /><HOUSE ID="67337185" OBJECTID="74427036" OBJECTGUID="e1410c81-926f-4051-9657-276b9dcee10c" CHANGEID="110769115" HOUSENUM="87в" HOUSETYPE="2" OPERTYPEID="20" PREVID="44936954" NEXTID="126761250" UPDATEDATE="2024-09-11" STARTDATE="2016-01-02" ENDDATE="2024-09-11" ISACTUAL="0" ISACTIVE="0" /><HOUSE ID="126761269" OBJECTID="74446155" OBJECTGUID="602cadef-50e5-41b8-8cb5-565622182e24" CHANGEID="600925940" HOUSENUM="87а" HOUSETYPE="2" OPERTYPEID="30" PREVID="58194062" NEXTID="0" UPDATEDATE="2024-09-11" STARTDATE="2024-09-11" ENDDATE="2079-06-06" ISACTUAL="1" ISACTIVE="0" /><HOUSE ID="126761270" OBJECTID="74414773" OBJECTGUID="9452dcab-4494-4c3d-9ac9-15d9defca06f" CHANGEID="600925941" HOUSENUM="87ж" HOUSETYPE="2" OPERTYPEID="30" PREVID="61888322" NEXTID="0" UPDATEDATE="2024-09-11" STARTDATE="2024-09-11" ENDDATE="2079-06-06" ISACTUAL="1" ISACTIVE="0" /><HOUSE ID="126761299" OBJECTID="79901770" OBJECTGUID="08fb3fb6-b56f-4fb0-9b08-787bc938243f" CHANGEID="600926156" HOUSENUM="13" HOUSETYPE="2" OPERTYPEID="30" PREVID="48314200" NEXTID="0" UPDATEDATE="2024-09-11" STARTDATE="2024-09-11" ENDDATE="2079-06-06" ISACTUAL="1" ISACTIVE="0" /><HOUSE ID="48314200" OBJECTID="79901770" OBJECTGUID="08fb3fb6-b56f-4fb0-9b08-787bc938243f" CHANGEID="118753388" HOUSENUM="13" HOUSETYPE="2" OPERTYPEID="10" PREVID="0" NEXTID="126761299" UPDATEDATE="2024-09-11" STARTDATE="2016-01-02" ENDDATE="2024-09-11" ISACTUAL="0" ISACTIVE="0" /><HOUSE ID="126761304" OBJECTID="79905975" OBJECTGUID="55614f76-b2c1-475f-b7e6-9f7c3b378776" CHANGEID="600926217" HOUSENUM="23" HOUSETYPE="2" OPERTYPEID="30" PREVID="48316504" NEXTID="0" UPDATEDATE="2024-09-11" STARTDATE="2024-09-11" ENDDATE="2079-06-06" ISACTUAL="1" ISACTIVE="0" /><HOUSE ID="48316504" OBJECTID="79905975" OBJECTGUID="55614f76-b2c1-475f-b7e6-9f7c3b378776" CHANGEID="118759186" HOUSENUM="23" HOUSETYPE="2" OPERTYPEID="10" PREVID="0" NEXTID="126761304" UPDATEDATE="2024-09-11" STARTDATE="2016-01-02" ENDDATE="2024-09-11" ISACTUAL="0" ISACTIVE="0" /><HOUSE ID="126761320" OBJECTID="165218585" OBJECTGUID="2318776f-01b3-4a96-8111-587256d6f279" CHANGEID="600926289" HOUSENUM="3/6" HOUSETYPE="2" OPERTYPEID="10" PREVID="0" NEXTID="0" UPDATEDATE="2024-09-11" STARTDATE="2024-09-11" ENDDATE="2079-06-06" ISACTUAL="1" ISACTIVE="1" /><HOUSE ID="126761284" OBJECTID="74438378" OBJECTGUID="fc8b69bd-4a03-4ba4-9018-4abad6cbe7ce" CHANGEID="600926007" HOUSENUM="87б" HOUSETYPE="2" OPERTYPEID="30" PREVID="69269105" NEXTID="0" UPDATEDATE="2024-09-11" STARTDATE="2024-09-11" ENDDATE="2079-06-06" ISACTUAL="1" ISACTIVE="0" /><HOUSE ID="69269105" OBJECTID="74438378" OBJECTGUID="fc8b69bd-4a03-4ba4-9018-4abad6cbe7ce" CHANGEID="110785658" HOUSENUM="87б" HOUSETYPE="2" OPERTYPEID="20" PREVID="44944086" NEXTID="126761284" UPDATEDATE="2024-09-11" STARTDATE="2016-01-02" ENDDATE="2024-09-11" ISACTUAL="0" ISACTIVE="0" /><HOUSE ID="126761285" OBJECTID="74421114" OBJECTGUID="369df53a-532b-45c4-8e5c-dfc97ae5cb5e" CHANGEID="600926008" HOUSENUM="87г" HOUSETYPE="2" OPERTYPEID="30" PREVID="55249669" NEXTID="0" UPDATEDATE="2024-09-11" STARTDATE="2024-09-11" ENDDATE="2079-06-06" ISACTUAL="1" ISACTIVE="0" /><HOUSE ID="126761293" OBJECTID="74421920" OBJECTGUID="8abfbf6e-01a2-47cb-9732-1cc56823c8f0" CHANGEID="600926071" HOUSENUM="190" HOUSETYPE="2" OPERTYPEID="30" PREVID="61211306" NEXTID="0" UPDATEDATE="2024-09-11" STARTDATE="2024-09-11" ENDDATE="2079-06-06" ISACTUAL="1" ISACTIVE="0" /><HOUSE ID="126761394" OBJECTID="165218923" OBJECTGUID="41d7d795-246c-47e4-800d-7f2ce98077e2" CHANGEID="600927725" HOUSENUM="7А" HOUSETYPE="5" OPERTYPEID="10" PREVID="0" NEXTID="0" UPDATEDATE="2024-09-11" STARTDATE="2024-09-11" ENDDATE="2079-06-06" ISACTUAL="1" ISACTIVE="1" /><HOUSE ID="126761663" OBJECTID="165220161" OBJECTGUID="da0297b4-1e1d-4c19-84c5-97ffb7afb238" CHANGEID="600930528" HOUSENUM="19а" HOUSETYPE="2" OPERTYPEID="10" PREVID="0" NEXTID="0" UPDATEDATE="2024-09-11" STARTDATE="2024-09-11" ENDDATE="2079-06-06" ISACTUAL="1" ISACTIVE="1" /><HOUSE ID="126761802" OBJECTID="165220940" OBJECTGUID="269561bd-b1ea-4f13-bf2f-e1fb6d1fc4ec" CHANGEID="600931921" HOUSENUM="1" HOUSETYPE="2" OPERTYPEID="10" PREVID="0" NEXTID="0" UPDATEDATE="2024-09-11" STARTDATE="2024-09-11" ENDDATE="2079-06-06" ISACTUAL="1" ISACTIVE="1" /><HOUSE ID="126762080" OBJECTID="165221748" OBJECTGUID="5d93e316-8b3d-452c-a093-02c08a173626" CHANGEID="600933313" HOUSENUM="11А" HOUSETYPE="2" OPERTYPEID="10" PREVID="0" NEXTID="0" UPDATEDATE="2024-09-11" STARTDATE="2024-09-11" ENDDATE="2079-06-06" ISACTUAL="1" ISACTIVE="1" /><HOUSE ID="126762081" OBJECTID="165221750" OBJECTGUID="f3dcc070-da00-40cf-a711-adb3c3addc91" CHANGEID="600933316" HOUSENUM="16А" HOUSETYPE="2" OPERTYPEID="10" PREVID="0" NEXTID="0" UPDATEDATE="2024-09-11" STARTDATE="2024-09-11" ENDDATE="2079-06-06" ISACTUAL="1" ISACTIVE="1" /></HOUSES>