﻿<?xml version="1.0" encoding="utf-8"?><STEADS><STEAD ID="68617737" OBJECTID="165067216" OBJECTGUID="35e6c984-c21c-485e-800c-3dadf5345332" CHANGEID="600522754" NUMBER="119" OPERTYPEID="10" PREVID="0" NEXTID="0" UPDATEDATE="2024-09-05" STARTDATE="2024-09-05" ENDDATE="2079-06-06" ISACTUAL="1" ISACTIVE="1" /><STEAD ID="68618305" OBJECTID="165068559" OBJECTGUID="cfec6a9b-2c25-46c1-bb6c-7250eb45a917" CHANGEID="600524831" NUMBER="10" OPERTYPEID="10" PREVID="0" NEXTID="0" UPDATEDATE="2024-09-05" STARTDATE="2024-09-05" ENDDATE="2079-06-06" ISACTUAL="1" ISACTIVE="1" /><STEAD ID="68618255" OBJECTID="165068394" OBJECTGUID="d5b626a7-b0f3-4c4a-b4fd-c94ea76842a7" CHANGEID="600524507" NUMBER="95" OPERTYPEID="10" PREVID="0" NEXTID="0" UPDATEDATE="2024-09-05" STARTDATE="2024-09-05" ENDDATE="2079-06-06" ISACTUAL="1" ISACTIVE="1" /><STEAD ID="68618267" OBJECTID="165068444" OBJECTGUID="304c4929-d659-4660-8753-3fc001e98caf" CHANGEID="600524592" NUMBER="6" OPERTYPEID="10" PREVID="0" NEXTID="0" UPDATEDATE="2024-09-05" STARTDATE="2024-09-05" ENDDATE="2079-06-06" ISACTUAL="1" ISACTIVE="1" /><STEAD ID="68618398" OBJECTID="165068675" OBJECTGUID="1c98ccbc-634b-4b12-aa1d-714f8f32928c" CHANGEID="600525036" NUMBER="74" OPERTYPEID="10" PREVID="0" NEXTID="0" UPDATEDATE="2024-09-05" STARTDATE="2024-09-05" ENDDATE="2079-06-06" ISACTUAL="1" ISACTIVE="1" /><STEAD ID="68618881" OBJECTID="165069590" OBJECTGUID="093a7e9c-eefa-4153-8902-155523bd9bec" CHANGEID="600526536" NUMBER="62К" OPERTYPEID="10" PREVID="0" NEXTID="0" UPDATEDATE="2024-09-05" STARTDATE="2024-09-05" ENDDATE="2079-06-06" ISACTUAL="1" ISACTIVE="1" /><STEAD ID="68618861" OBJECTID="165069569" OBJECTGUID="4901b776-e6c3-47d1-8c3b-71c35f2c9c54" CHANGEID="600526460" NUMBER="56А" OPERTYPEID="10" PREVID="0" NEXTID="0" UPDATEDATE="2024-09-05" STARTDATE="2024-09-05" ENDDATE="2079-06-06" ISACTUAL="1" ISACTIVE="1" /><STEAD ID="68619162" OBJECTID="165070121" OBJECTGUID="603fb5f8-2306-4f4f-832c-1324eabd5551" CHANGEID="600527362" NUMBER="13" OPERTYPEID="10" PREVID="0" NEXTID="0" UPDATEDATE="2024-09-05" STARTDATE="2024-09-05" ENDDATE="2079-06-06" ISACTUAL="1" ISACTIVE="1" /><STEAD ID="68619163" OBJECTID="165070122" OBJECTGUID="234ee717-68d3-4ab2-9eb9-16101a73f9cc" CHANGEID="600527363" NUMBER="151" OPERTYPEID="10" PREVID="0" NEXTID="0" UPDATEDATE="2024-09-05" STARTDATE="2024-09-05" ENDDATE="2079-06-06" ISACTUAL="1" ISACTIVE="1" /><STEAD ID="68619164" OBJECTID="165070123" OBJECTGUID="b4158fbf-f88b-4ae9-af96-017433721d33" CHANGEID="600527364" NUMBER="120" OPERTYPEID="10" PREVID="0" NEXTID="0" UPDATEDATE="2024-09-05" STARTDATE="2024-09-05" ENDDATE="2079-06-06" ISACTUAL="1" ISACTIVE="1" /><STEAD ID="68619165" OBJECTID="165070124" OBJECTGUID="93f60d4c-2c59-4cd2-9583-04476ec506cf" CHANGEID="600527365" NUMBER="144" OPERTYPEID="10" PREVID="0" NEXTID="0" UPDATEDATE="2024-09-05" STARTDATE="2024-09-05" ENDDATE="2079-06-06" ISACTUAL="1" ISACTIVE="1" /><STEAD ID="68619166" OBJECTID="165070125" OBJECTGUID="2e95d49a-6231-4d34-a518-0108683d2531" CHANGEID="600527366" NUMBER="106" OPERTYPEID="10" PREVID="0" NEXTID="0" UPDATEDATE="2024-09-05" STARTDATE="2024-09-05" ENDDATE="2079-06-06" ISACTUAL="1" ISACTIVE="1" /><STEAD ID="68619167" OBJECTID="165070126" OBJECTGUID="ce402d5f-72dd-4bb2-92fc-59e813187afb" CHANGEID="600527367" NUMBER="155" OPERTYPEID="10" PREVID="0" NEXTID="0" UPDATEDATE="2024-09-05" STARTDATE="2024-09-05" ENDDATE="2079-06-06" ISACTUAL="1" ISACTIVE="1" /><STEAD ID="68619168" OBJECTID="165070127" OBJECTGUID="9387e27a-c163-4636-ae78-78af2d6b3db1" CHANGEID="600527368" NUMBER="124" OPERTYPEID="10" PREVID="0" NEXTID="0" UPDATEDATE="2024-09-05" STARTDATE="2024-09-05" ENDDATE="2079-06-06" ISACTUAL="1" ISACTIVE="1" /><STEAD ID="68619169" OBJECTID="165070128" OBJECTGUID="7d805ccc-a6d9-4d0e-a671-8802aa38321d" CHANGEID="600527369" NUMBER="157" OPERTYPEID="10" PREVID="0" NEXTID="0" UPDATEDATE="2024-09-05" STARTDATE="2024-09-05" ENDDATE="2079-06-06" ISACTUAL="1" ISACTIVE="1" /><STEAD ID="68619170" OBJECTID="165070129" OBJECTGUID="bfd90fbd-36fe-466b-9d41-6adf309e4be9" CHANGEID="600527370" NUMBER="166" OPERTYPEID="10" PREVID="0" NEXTID="0" UPDATEDATE="2024-09-05" STARTDATE="2024-09-05" ENDDATE="2079-06-06" ISACTUAL="1" ISACTIVE="1" /><STEAD ID="68619171" OBJECTID="165070130" OBJECTGUID="7b097cd4-25b5-4045-af47-3e80a554c5bb" CHANGEID="600527371" NUMBER="149" OPERTYPEID="10" PREVID="0" NEXTID="0" UPDATEDATE="2024-09-05" STARTDATE="2024-09-05" ENDDATE="2079-06-06" ISACTUAL="1" ISACTIVE="1" /><STEAD ID="68619172" OBJECTID="165070131" OBJECTGUID="98e9ec65-23c6-4c17-96d0-c8295607f32e" CHANGEID="600527372" NUMBER="178" OPERTYPEID="10" PREVID="0" NEXTID="0" UPDATEDATE="2024-09-05" STARTDATE="2024-09-05" ENDDATE="2079-06-06" ISACTUAL="1" ISACTIVE="1" /><STEAD ID="68619173" OBJECTID="165070132" OBJECTGUID="605ddbad-fb55-4302-8dbc-343493b804a6" CHANGEID="600527373" NUMBER="139" OPERTYPEID="10" PREVID="0" NEXTID="0" UPDATEDATE="2024-09-05" STARTDATE="2024-09-05" ENDDATE="2079-06-06" ISACTUAL="1" ISACTIVE="1" /><STEAD ID="68619174" OBJECTID="165070133" OBJECTGUID="372ad73a-52da-46f7-8f1a-388f0de3ee73" CHANGEID="600527374" NUMBER="112" OPERTYPEID="10" PREVID="0" NEXTID="0" UPDATEDATE="2024-09-05" STARTDATE="2024-09-05" ENDDATE="2079-06-06" ISACTUAL="1" ISACTIVE="1" /><STEAD ID="68619390" OBJECTID="165070382" OBJECTGUID="0afc3353-6d82-4891-abc2-47aefe138c0e" CHANGEID="600527824" NUMBER="13" OPERTYPEID="10" PREVID="0" NEXTID="0" UPDATEDATE="2024-09-05" STARTDATE="2024-09-05" ENDDATE="2079-06-06" ISACTUAL="1" ISACTIVE="1" /><STEAD ID="68619569" OBJECTID="165070780" OBJECTGUID="ec72aeaa-45c4-4d90-82ac-e886b83c9951" CHANGEID="600528365" NUMBER="11" OPERTYPEID="10" PREVID="0" NEXTID="0" UPDATEDATE="2024-09-05" STARTDATE="2024-09-05" ENDDATE="2079-06-06" ISACTUAL="1" ISACTIVE="1" /><STEAD ID="68620405" OBJECTID="165072440" OBJECTGUID="9dd43ee2-323f-4243-b848-3f660196b308" CHANGEID="600530820" NUMBER="134" OPERTYPEID="10" PREVID="0" NEXTID="0" UPDATEDATE="2024-09-05" STARTDATE="2024-09-05" ENDDATE="2079-06-06" ISACTUAL="1" ISACTIVE="1" /><STEAD ID="68620666" OBJECTID="165073153" OBJECTGUID="d8fbd8dd-6b5c-44f1-86c0-28be58f1b954" CHANGEID="600531893" NUMBER="17" OPERTYPEID="10" PREVID="0" NEXTID="0" UPDATEDATE="2024-09-05" STARTDATE="2024-09-05" ENDDATE="2079-06-06" ISACTUAL="1" ISACTIVE="1" /><STEAD ID="68620825" OBJECTID="165073758" OBJECTGUID="bfff53dc-9e90-41cf-b7eb-5c69b481b801" CHANGEID="600532695" NUMBER="9" OPERTYPEID="10" PREVID="0" NEXTID="0" UPDATEDATE="2024-09-05" STARTDATE="2024-09-05" ENDDATE="2079-06-06" ISACTUAL="1" ISACTIVE="1" /><STEAD ID="68620863" OBJECTID="165073924" OBJECTGUID="807105c0-1b05-447f-908d-985c422d17c6" CHANGEID="600532921" NUMBER="5А" OPERTYPEID="10" PREVID="0" NEXTID="0" UPDATEDATE="2024-09-05" STARTDATE="2024-09-05" ENDDATE="2079-06-06" ISACTUAL="1" ISACTIVE="1" /><STEAD ID="68620888" OBJECTID="165074116" OBJECTGUID="2dc3c27a-d0cf-4604-b90f-7033b5b0f2ae" CHANGEID="600533131" NUMBER="7" OPERTYPEID="10" PREVID="0" NEXTID="0" UPDATEDATE="2024-09-05" STARTDATE="2024-09-05" ENDDATE="2079-06-06" ISACTUAL="1" ISACTIVE="1" /><STEAD ID="68620914" OBJECTID="165074164" OBJECTGUID="f49fa89f-06cd-4eb2-88d7-ad69b88632b0" CHANGEID="600533228" NUMBER="121" OPERTYPEID="10" PREVID="0" NEXTID="0" UPDATEDATE="2024-09-05" STARTDATE="2024-09-05" ENDDATE="2079-06-06" ISACTUAL="1" ISACTIVE="1" /><STEAD ID="68620915" OBJECTID="165074165" OBJECTGUID="de0e789a-31a1-48ce-b332-38831cbfba1f" CHANGEID="600533229" NUMBER="105" OPERTYPEID="10" PREVID="0" NEXTID="0" UPDATEDATE="2024-09-05" STARTDATE="2024-09-05" ENDDATE="2079-06-06" ISACTUAL="1" ISACTIVE="1" /><STEAD ID="68620916" OBJECTID="165074166" OBJECTGUID="d41809ee-5d83-4975-af91-b2cc3fdc80c9" CHANGEID="600533230" NUMBER="104" OPERTYPEID="10" PREVID="0" NEXTID="0" UPDATEDATE="2024-09-05" STARTDATE="2024-09-05" ENDDATE="2079-06-06" ISACTUAL="1" ISACTIVE="1" /><STEAD ID="68620917" OBJECTID="165074167" OBJECTGUID="aa63809d-9197-400a-b306-350f7b7dd23a" CHANGEID="600533231" NUMBER="111" OPERTYPEID="10" PREVID="0" NEXTID="0" UPDATEDATE="2024-09-05" STARTDATE="2024-09-05" ENDDATE="2079-06-06" ISACTUAL="1" ISACTIVE="1" /><STEAD ID="68620918" OBJECTID="165074168" OBJECTGUID="2814110f-9415-477b-9001-211d81c6c3c7" CHANGEID="600533232" NUMBER="160" OPERTYPEID="10" PREVID="0" NEXTID="0" UPDATEDATE="2024-09-05" STARTDATE="2024-09-05" ENDDATE="2079-06-06" ISACTUAL="1" ISACTIVE="1" /><STEAD ID="68620919" OBJECTID="165074169" OBJECTGUID="f510649e-c5d3-4c17-a83d-b90b962c2563" CHANGEID="600533233" NUMBER="158" OPERTYPEID="10" PREVID="0" NEXTID="0" UPDATEDATE="2024-09-05" STARTDATE="2024-09-05" ENDDATE="2079-06-06" ISACTUAL="1" ISACTIVE="1" /><STEAD ID="68620920" OBJECTID="165074170" OBJECTGUID="dcd5bf21-349d-40af-b895-f69c2c6f3e2b" CHANGEID="600533234" NUMBER="159" OPERTYPEID="10" PREVID="0" NEXTID="0" UPDATEDATE="2024-09-05" STARTDATE="2024-09-05" ENDDATE="2079-06-06" ISACTUAL="1" ISACTIVE="1" /><STEAD ID="68620921" OBJECTID="165074171" OBJECTGUID="9d60a141-f12b-48f8-910e-265e6aeefd1f" CHANGEID="600533235" NUMBER="133" OPERTYPEID="10" PREVID="0" NEXTID="0" UPDATEDATE="2024-09-05" STARTDATE="2024-09-05" ENDDATE="2079-06-06" ISACTUAL="1" ISACTIVE="1" /><STEAD ID="68620922" OBJECTID="165074172" OBJECTGUID="762b32fe-2182-4a45-85ab-ba1f4f025603" CHANGEID="600533236" NUMBER="132" OPERTYPEID="10" PREVID="0" NEXTID="0" UPDATEDATE="2024-09-05" STARTDATE="2024-09-05" ENDDATE="2079-06-06" ISACTUAL="1" ISACTIVE="1" /><STEAD ID="68620923" OBJECTID="165074173" OBJECTGUID="1ec1846f-0a3c-4b3d-b6dd-b493ba3c17ad" CHANGEID="600533237" NUMBER="127" OPERTYPEID="10" PREVID="0" NEXTID="0" UPDATEDATE="2024-09-05" STARTDATE="2024-09-05" ENDDATE="2079-06-06" ISACTUAL="1" ISACTIVE="1" /><STEAD ID="68620924" OBJECTID="165074174" OBJECTGUID="f06265c4-4ddc-4d95-bb78-62f64aee00a6" CHANGEID="600533238" NUMBER="115" OPERTYPEID="10" PREVID="0" NEXTID="0" UPDATEDATE="2024-09-05" STARTDATE="2024-09-05" ENDDATE="2079-06-06" ISACTUAL="1" ISACTIVE="1" /><STEAD ID="68620925" OBJECTID="165074175" OBJECTGUID="0c362087-748f-445d-b9e4-bde316dea2cd" CHANGEID="600533239" NUMBER="154" OPERTYPEID="10" PREVID="0" NEXTID="0" UPDATEDATE="2024-09-05" STARTDATE="2024-09-05" ENDDATE="2079-06-06" ISACTUAL="1" ISACTIVE="1" /><STEAD ID="68620926" OBJECTID="165074176" OBJECTGUID="3471abc2-5ded-48c3-8752-23a3833a43aa" CHANGEID="600533240" NUMBER="134" OPERTYPEID="10" PREVID="0" NEXTID="0" UPDATEDATE="2024-09-05" STARTDATE="2024-09-05" ENDDATE="2079-06-06" ISACTUAL="1" ISACTIVE="1" /><STEAD ID="68620927" OBJECTID="165074177" OBJECTGUID="e58597af-9d98-41b6-8893-ba11f0ed94ed" CHANGEID="600533241" NUMBER="110" OPERTYPEID="10" PREVID="0" NEXTID="0" UPDATEDATE="2024-09-05" STARTDATE="2024-09-05" ENDDATE="2079-06-06" ISACTUAL="1" ISACTIVE="1" /><STEAD ID="68620941" OBJECTID="165074192" OBJECTGUID="eb1fc954-a4d6-4241-a755-0527edadf190" CHANGEID="600533278" NUMBER="20А" OPERTYPEID="10" PREVID="0" NEXTID="0" UPDATEDATE="2024-09-05" STARTDATE="2024-09-05" ENDDATE="2079-06-06" ISACTUAL="1" ISACTIVE="1" /><STEAD ID="68620964" OBJECTID="165074296" OBJECTGUID="79f7697f-a820-430d-a981-4f38d4cfb794" CHANGEID="600533415" NUMBER="5" OPERTYPEID="10" PREVID="0" NEXTID="0" UPDATEDATE="2024-09-05" STARTDATE="2024-09-05" ENDDATE="2079-06-06" ISACTUAL="1" ISACTIVE="1" /><STEAD ID="68620965" OBJECTID="165074297" OBJECTGUID="0bf9c2ae-4f98-4f14-99f5-2e7340352dd1" CHANGEID="600533416" NUMBER="224" OPERTYPEID="10" PREVID="0" NEXTID="0" UPDATEDATE="2024-09-05" STARTDATE="2024-09-05" ENDDATE="2079-06-06" ISACTUAL="1" ISACTIVE="1" /><STEAD ID="68620966" OBJECTID="165074298" OBJECTGUID="509c7075-b01b-40e3-b035-332861bb116f" CHANGEID="600533417" NUMBER="164" OPERTYPEID="10" PREVID="0" NEXTID="0" UPDATEDATE="2024-09-05" STARTDATE="2024-09-05" ENDDATE="2079-06-06" ISACTUAL="1" ISACTIVE="1" /><STEAD ID="68620967" OBJECTID="165074299" OBJECTGUID="f71e03b1-0c4a-4673-bced-f978a5fb2355" CHANGEID="600533418" NUMBER="125" OPERTYPEID="10" PREVID="0" NEXTID="0" UPDATEDATE="2024-09-05" STARTDATE="2024-09-05" ENDDATE="2079-06-06" ISACTUAL="1" ISACTIVE="1" /><STEAD ID="68620968" OBJECTID="165074300" OBJECTGUID="b84dce19-fde8-4185-af23-ad6d90816ba7" CHANGEID="600533419" NUMBER="200" OPERTYPEID="10" PREVID="0" NEXTID="0" UPDATEDATE="2024-09-05" STARTDATE="2024-09-05" ENDDATE="2079-06-06" ISACTUAL="1" ISACTIVE="1" /><STEAD ID="68620969" OBJECTID="165074301" OBJECTGUID="28ba1ac0-bba5-4397-924d-01f0dadee504" CHANGEID="600533420" NUMBER="213" OPERTYPEID="10" PREVID="0" NEXTID="0" UPDATEDATE="2024-09-05" STARTDATE="2024-09-05" ENDDATE="2079-06-06" ISACTUAL="1" ISACTIVE="1" /><STEAD ID="68620970" OBJECTID="165074302" OBJECTGUID="1f02002b-b1b7-4c75-b3e3-a17fc2e1f79a" CHANGEID="600533421" NUMBER="523" OPERTYPEID="10" PREVID="0" NEXTID="0" UPDATEDATE="2024-09-05" STARTDATE="2024-09-05" ENDDATE="2079-06-06" ISACTUAL="1" ISACTIVE="1" /><STEAD ID="68620971" OBJECTID="165074303" OBJECTGUID="0365796d-1f24-474c-a172-2673977016df" CHANGEID="600533422" NUMBER="531" OPERTYPEID="10" PREVID="0" NEXTID="0" UPDATEDATE="2024-09-05" STARTDATE="2024-09-05" ENDDATE="2079-06-06" ISACTUAL="1" ISACTIVE="1" /><STEAD ID="68620983" OBJECTID="165074320" OBJECTGUID="5a10c5a3-b618-41c0-9069-e4ab03b9b06f" CHANGEID="600533443" NUMBER="7" OPERTYPEID="10" PREVID="0" NEXTID="0" UPDATEDATE="2024-09-05" STARTDATE="2024-09-05" ENDDATE="2079-06-06" ISACTUAL="1" ISACTIVE="1" /><STEAD ID="68621007" OBJECTID="165074348" OBJECTGUID="8e00ea0c-8ac4-40b0-b6d4-529078cfc203" CHANGEID="600533529" NUMBER="11в" OPERTYPEID="10" PREVID="0" NEXTID="0" UPDATEDATE="2024-09-05" STARTDATE="2024-09-05" ENDDATE="2079-06-06" ISACTUAL="1" ISACTIVE="1" /><STEAD ID="68621289" OBJECTID="165075137" OBJECTGUID="36cbd0e6-9740-457f-adfa-faef0d0208e1" CHANGEID="600535247" NUMBER="2А" OPERTYPEID="10" PREVID="0" NEXTID="0" UPDATEDATE="2024-09-05" STARTDATE="2024-09-05" ENDDATE="2079-06-06" ISACTUAL="1" ISACTIVE="1" /><STEAD ID="68621455" OBJECTID="165075330" OBJECTGUID="058cbf8a-22e9-4cf3-a2fd-aee6f5747803" CHANGEID="600535606" NUMBER="35А" OPERTYPEID="10" PREVID="0" NEXTID="0" UPDATEDATE="2024-09-05" STARTDATE="2024-09-05" ENDDATE="2079-06-06" ISACTUAL="1" ISACTIVE="1" /><STEAD ID="68622082" OBJECTID="165077395" OBJECTGUID="1187f4e3-e2f8-4829-b727-c18722ac57a8" CHANGEID="600538488" NUMBER="40" OPERTYPEID="10" PREVID="0" NEXTID="0" UPDATEDATE="2024-09-05" STARTDATE="2024-09-05" ENDDATE="2079-06-06" ISACTUAL="1" ISACTIVE="1" /><STEAD ID="68622723" OBJECTID="165079274" OBJECTGUID="7ad8bc68-1ecf-419c-bdfc-e68aac8b6991" CHANGEID="600541205" NUMBER="10" OPERTYPEID="10" PREVID="0" NEXTID="0" UPDATEDATE="2024-09-05" STARTDATE="2024-09-05" ENDDATE="2079-06-06" ISACTUAL="1" ISACTIVE="1" /><STEAD ID="68626228" OBJECTID="165086629" OBJECTGUID="78de7979-52cc-4d99-8ba3-ef68cc081b3d" CHANGEID="600553657" NUMBER="3" OPERTYPEID="10" PREVID="0" NEXTID="0" UPDATEDATE="2024-09-05" STARTDATE="2024-09-05" ENDDATE="2079-06-06" ISACTUAL="1" ISACTIVE="1" /><STEAD ID="68626833" OBJECTID="165088009" OBJECTGUID="e194ae95-738e-4873-9cb6-96051f2de311" CHANGEID="600556305" NUMBER="2" OPERTYPEID="10" PREVID="0" NEXTID="0" UPDATEDATE="2024-09-05" STARTDATE="2024-09-05" ENDDATE="2079-06-06" ISACTUAL="1" ISACTIVE="1" /><STEAD ID="68626866" OBJECTID="165088153" OBJECTGUID="b29d82ea-8d2f-4291-9489-921e59572bcb" CHANGEID="600556562" NUMBER="2а" OPERTYPEID="10" PREVID="0" NEXTID="0" UPDATEDATE="2024-09-05" STARTDATE="2024-09-05" ENDDATE="2079-06-06" ISACTUAL="1" ISACTIVE="1" /><STEAD ID="68627250" OBJECTID="165088832" OBJECTGUID="6a45f847-1be0-402c-8ac8-623997d32371" CHANGEID="600558149" NUMBER="21а" OPERTYPEID="10" PREVID="0" NEXTID="0" UPDATEDATE="2024-09-05" STARTDATE="2024-09-05" ENDDATE="2079-06-06" ISACTUAL="1" ISACTIVE="1" /><STEAD ID="68627251" OBJECTID="165088833" OBJECTGUID="1f6f7cc1-f2d6-4eb7-bc2f-5ce48931fbbc" CHANGEID="600558150" NUMBER="30/2" OPERTYPEID="10" PREVID="0" NEXTID="0" UPDATEDATE="2024-09-05" STARTDATE="2024-09-05" ENDDATE="2079-06-06" ISACTUAL="1" ISACTIVE="1" /><STEAD ID="68627252" OBJECTID="165088834" OBJECTGUID="167ff020-3f99-444f-9b63-36be83440602" CHANGEID="600558151" NUMBER="30/1" OPERTYPEID="10" PREVID="0" NEXTID="0" UPDATEDATE="2024-09-05" STARTDATE="2024-09-05" ENDDATE="2079-06-06" ISACTUAL="1" ISACTIVE="1" /><STEAD ID="68627253" OBJECTID="165088835" OBJECTGUID="ea4940cf-0738-4b94-b2c8-a69f613d1ced" CHANGEID="600558152" NUMBER="37" OPERTYPEID="10" PREVID="0" NEXTID="0" UPDATEDATE="2024-09-05" STARTDATE="2024-09-05" ENDDATE="2079-06-06" ISACTUAL="1" ISACTIVE="1" /><STEAD ID="68627254" OBJECTID="165088836" OBJECTGUID="58ae46f8-e96b-4dae-a677-e839f019320e" CHANGEID="600558153" NUMBER="36" OPERTYPEID="10" PREVID="0" NEXTID="0" UPDATEDATE="2024-09-05" STARTDATE="2024-09-05" ENDDATE="2079-06-06" ISACTUAL="1" ISACTIVE="1" /><STEAD ID="68627255" OBJECTID="165088837" OBJECTGUID="a40dfaf3-ae61-4456-bc02-7ee3fed75c35" CHANGEID="600558154" NUMBER="28" OPERTYPEID="10" PREVID="0" NEXTID="0" UPDATEDATE="2024-09-05" STARTDATE="2024-09-05" ENDDATE="2079-06-06" ISACTUAL="1" ISACTIVE="1" /><STEAD ID="68627256" OBJECTID="165088838" OBJECTGUID="a091867e-1225-462b-abfc-f742cec429f6" CHANGEID="600558155" NUMBER="27" OPERTYPEID="10" PREVID="0" NEXTID="0" UPDATEDATE="2024-09-05" STARTDATE="2024-09-05" ENDDATE="2079-06-06" ISACTUAL="1" ISACTIVE="1" /><STEAD ID="68627257" OBJECTID="165088839" OBJECTGUID="fc34f3b4-5712-4bc7-945d-a5517f2d0e14" CHANGEID="600558156" NUMBER="26" OPERTYPEID="10" PREVID="0" NEXTID="0" UPDATEDATE="2024-09-05" STARTDATE="2024-09-05" ENDDATE="2079-06-06" ISACTUAL="1" ISACTIVE="1" /><STEAD ID="68627258" OBJECTID="165088840" OBJECTGUID="2c328881-8c7e-4fa5-81c7-1bc440141fda" CHANGEID="600558157" NUMBER="24" OPERTYPEID="10" PREVID="0" NEXTID="0" UPDATEDATE="2024-09-05" STARTDATE="2024-09-05" ENDDATE="2079-06-06" ISACTUAL="1" ISACTIVE="1" /><STEAD ID="68627259" OBJECTID="165088841" OBJECTGUID="4ec33506-3664-4c25-aed3-6ddcb3d378fb" CHANGEID="600558158" NUMBER="23" OPERTYPEID="10" PREVID="0" NEXTID="0" UPDATEDATE="2024-09-05" STARTDATE="2024-09-05" ENDDATE="2079-06-06" ISACTUAL="1" ISACTIVE="1" /><STEAD ID="68627260" OBJECTID="165088842" OBJECTGUID="e174017f-6bb3-4039-8326-160325d4d368" CHANGEID="600558159" NUMBER="22" OPERTYPEID="10" PREVID="0" NEXTID="0" UPDATEDATE="2024-09-05" STARTDATE="2024-09-05" ENDDATE="2079-06-06" ISACTUAL="1" ISACTIVE="1" /><STEAD ID="68627261" OBJECTID="165088843" OBJECTGUID="70155f87-8883-4113-8a81-2bdd47ffbfb5" CHANGEID="600558160" NUMBER="29" OPERTYPEID="10" PREVID="0" NEXTID="0" UPDATEDATE="2024-09-05" STARTDATE="2024-09-05" ENDDATE="2079-06-06" ISACTUAL="1" ISACTIVE="1" /><STEAD ID="68627262" OBJECTID="165088844" OBJECTGUID="a690385a-ac1a-40be-9d81-78fa5b03b3da" CHANGEID="600558161" NUMBER="21" OPERTYPEID="10" PREVID="0" NEXTID="0" UPDATEDATE="2024-09-05" STARTDATE="2024-09-05" ENDDATE="2079-06-06" ISACTUAL="1" ISACTIVE="1" /><STEAD ID="68627263" OBJECTID="165088845" OBJECTGUID="8bb95ced-866c-4125-8d30-46070e8df8b7" CHANGEID="600558162" NUMBER="20" OPERTYPEID="10" PREVID="0" NEXTID="0" UPDATEDATE="2024-09-05" STARTDATE="2024-09-05" ENDDATE="2079-06-06" ISACTUAL="1" ISACTIVE="1" /><STEAD ID="68627264" OBJECTID="165088846" OBJECTGUID="40f0fe20-8712-4b03-8f95-dd79188c1bcc" CHANGEID="600558163" NUMBER="19" OPERTYPEID="10" PREVID="0" NEXTID="0" UPDATEDATE="2024-09-05" STARTDATE="2024-09-05" ENDDATE="2079-06-06" ISACTUAL="1" ISACTIVE="1" /><STEAD ID="68627265" OBJECTID="165088847" OBJECTGUID="77bdc637-8632-4d90-8f70-fcc3c646d1f6" CHANGEID="600558164" NUMBER="18" OPERTYPEID="10" PREVID="0" NEXTID="0" UPDATEDATE="2024-09-05" STARTDATE="2024-09-05" ENDDATE="2079-06-06" ISACTUAL="1" ISACTIVE="1" /><STEAD ID="68627266" OBJECTID="165088848" OBJECTGUID="e4e88a14-e276-4dbf-a6e5-243e730eb0dc" CHANGEID="600558165" NUMBER="34" OPERTYPEID="10" PREVID="0" NEXTID="0" UPDATEDATE="2024-09-05" STARTDATE="2024-09-05" ENDDATE="2079-06-06" ISACTUAL="1" ISACTIVE="1" /><STEAD ID="68627267" OBJECTID="165088849" OBJECTGUID="d7cef35d-3475-48f2-bfad-4a7540d394cb" CHANGEID="600558166" NUMBER="17" OPERTYPEID="10" PREVID="0" NEXTID="0" UPDATEDATE="2024-09-05" STARTDATE="2024-09-05" ENDDATE="2079-06-06" ISACTUAL="1" ISACTIVE="1" /><STEAD ID="68627268" OBJECTID="165088850" OBJECTGUID="287acf01-4a0e-47f4-bf5e-1f816e5bd079" CHANGEID="600558167" NUMBER="15" OPERTYPEID="10" PREVID="0" NEXTID="0" UPDATEDATE="2024-09-05" STARTDATE="2024-09-05" ENDDATE="2079-06-06" ISACTUAL="1" ISACTIVE="1" /><STEAD ID="68627269" OBJECTID="165088851" OBJECTGUID="463997af-e86a-42c4-807f-7001b204c32e" CHANGEID="600558168" NUMBER="10" OPERTYPEID="10" PREVID="0" NEXTID="0" UPDATEDATE="2024-09-05" STARTDATE="2024-09-05" ENDDATE="2079-06-06" ISACTUAL="1" ISACTIVE="1" /><STEAD ID="68627270" OBJECTID="165088852" OBJECTGUID="45a69009-bb51-4ac1-a101-b424a5185c2b" CHANGEID="600558169" NUMBER="12" OPERTYPEID="10" PREVID="0" NEXTID="0" UPDATEDATE="2024-09-05" STARTDATE="2024-09-05" ENDDATE="2079-06-06" ISACTUAL="1" ISACTIVE="1" /><STEAD ID="68627652" OBJECTID="165089696" OBJECTGUID="95858ca8-5dcf-4fa5-a874-b713a29abd1b" CHANGEID="600559682" NUMBER="63/10" OPERTYPEID="10" PREVID="0" NEXTID="0" UPDATEDATE="2024-09-05" STARTDATE="2024-09-05" ENDDATE="2079-06-06" ISACTUAL="1" ISACTIVE="1" /><STEAD ID="68627535" OBJECTID="165089535" OBJECTGUID="1b4c4753-327a-4204-9af5-c4289e3a4f0a" CHANGEID="600559476" NUMBER="31" OPERTYPEID="10" PREVID="0" NEXTID="0" UPDATEDATE="2024-09-05" STARTDATE="2024-09-05" ENDDATE="2079-06-06" ISACTUAL="1" ISACTIVE="1" /><STEAD ID="68627536" OBJECTID="165089536" OBJECTGUID="64b4a47e-9709-4951-a8e9-fb61b26ca21d" CHANGEID="600559477" NUMBER="35" OPERTYPEID="10" PREVID="0" NEXTID="0" UPDATEDATE="2024-09-05" STARTDATE="2024-09-05" ENDDATE="2079-06-06" ISACTUAL="1" ISACTIVE="1" /><STEAD ID="68627537" OBJECTID="165089537" OBJECTGUID="35f6a661-97ef-45f8-a0d2-19d091461c9a" CHANGEID="600559478" NUMBER="38А" OPERTYPEID="10" PREVID="0" NEXTID="0" UPDATEDATE="2024-09-05" STARTDATE="2024-09-05" ENDDATE="2079-06-06" ISACTUAL="1" ISACTIVE="1" /><STEAD ID="68627538" OBJECTID="165089538" OBJECTGUID="26bb8aaf-4957-43e2-9f8d-ff93d165c77d" CHANGEID="600559479" NUMBER="39" OPERTYPEID="10" PREVID="0" NEXTID="0" UPDATEDATE="2024-09-05" STARTDATE="2024-09-05" ENDDATE="2079-06-06" ISACTUAL="1" ISACTIVE="1" /><STEAD ID="68627539" OBJECTID="165089539" OBJECTGUID="c82bd382-2d0e-4b28-b97a-9aa1773943ba" CHANGEID="600559480" NUMBER="43" OPERTYPEID="10" PREVID="0" NEXTID="0" UPDATEDATE="2024-09-05" STARTDATE="2024-09-05" ENDDATE="2079-06-06" ISACTUAL="1" ISACTIVE="1" /><STEAD ID="68627540" OBJECTID="165089540" OBJECTGUID="184c961d-fe62-4d44-bf9e-61f16797fe1a" CHANGEID="600559481" NUMBER="44/2" OPERTYPEID="10" PREVID="0" NEXTID="0" UPDATEDATE="2024-09-05" STARTDATE="2024-09-05" ENDDATE="2079-06-06" ISACTUAL="1" ISACTIVE="1" /><STEAD ID="68627541" OBJECTID="165089541" OBJECTGUID="7d1e29f2-6ea8-4057-8b6d-f39fed06b888" CHANGEID="600559482" NUMBER="44/1" OPERTYPEID="10" PREVID="0" NEXTID="0" UPDATEDATE="2024-09-05" STARTDATE="2024-09-05" ENDDATE="2079-06-06" ISACTUAL="1" ISACTIVE="1" /><STEAD ID="68627542" OBJECTID="165089542" OBJECTGUID="5a2ffb05-7073-4901-aec6-8b1b7cb1004c" CHANGEID="600559483" NUMBER="45" OPERTYPEID="10" PREVID="0" NEXTID="0" UPDATEDATE="2024-09-05" STARTDATE="2024-09-05" ENDDATE="2079-06-06" ISACTUAL="1" ISACTIVE="1" /><STEAD ID="68627543" OBJECTID="165089543" OBJECTGUID="57e0d082-2c71-4361-99b6-c098f329c5b2" CHANGEID="600559484" NUMBER="46" OPERTYPEID="10" PREVID="0" NEXTID="0" UPDATEDATE="2024-09-05" STARTDATE="2024-09-05" ENDDATE="2079-06-06" ISACTUAL="1" ISACTIVE="1" /><STEAD ID="68627544" OBJECTID="165089544" OBJECTGUID="8ff833fb-d983-4e8a-81a5-4a87280dca30" CHANGEID="600559485" NUMBER="47/1" OPERTYPEID="10" PREVID="0" NEXTID="0" UPDATEDATE="2024-09-05" STARTDATE="2024-09-05" ENDDATE="2079-06-06" ISACTUAL="1" ISACTIVE="1" /><STEAD ID="68627545" OBJECTID="165089545" OBJECTGUID="9f87497b-8ebf-44eb-92ce-71b5780e2f1e" CHANGEID="600559486" NUMBER="47/2" OPERTYPEID="10" PREVID="0" NEXTID="0" UPDATEDATE="2024-09-05" STARTDATE="2024-09-05" ENDDATE="2079-06-06" ISACTUAL="1" ISACTIVE="1" /><STEAD ID="68627546" OBJECTID="165089546" OBJECTGUID="2b361a3c-db3e-414f-8b87-23d8d620626f" CHANGEID="600559487" NUMBER="47/3" OPERTYPEID="10" PREVID="0" NEXTID="0" UPDATEDATE="2024-09-05" STARTDATE="2024-09-05" ENDDATE="2079-06-06" ISACTUAL="1" ISACTIVE="1" /><STEAD ID="68627547" OBJECTID="165089547" OBJECTGUID="0c005047-9c20-4c77-9e37-36f19aa73ba3" CHANGEID="600559488" NUMBER="48/2" OPERTYPEID="10" PREVID="0" NEXTID="0" UPDATEDATE="2024-09-05" STARTDATE="2024-09-05" ENDDATE="2079-06-06" ISACTUAL="1" ISACTIVE="1" /><STEAD ID="68627548" OBJECTID="165089548" OBJECTGUID="06298b03-93d0-4e35-ba57-3955b5479155" CHANGEID="600559489" NUMBER="49/1" OPERTYPEID="10" PREVID="0" NEXTID="0" UPDATEDATE="2024-09-05" STARTDATE="2024-09-05" ENDDATE="2079-06-06" ISACTUAL="1" ISACTIVE="1" /><STEAD ID="68627549" OBJECTID="165089549" OBJECTGUID="c1138ead-2113-4bab-8078-1efcfd88df9b" CHANGEID="600559490" NUMBER="49/2" OPERTYPEID="10" PREVID="0" NEXTID="0" UPDATEDATE="2024-09-05" STARTDATE="2024-09-05" ENDDATE="2079-06-06" ISACTUAL="1" ISACTIVE="1" /><STEAD ID="68627550" OBJECTID="165089550" OBJECTGUID="ab498f80-98d3-4b0f-a34e-ce26baab8ff5" CHANGEID="600559491" NUMBER="50/2" OPERTYPEID="10" PREVID="0" NEXTID="0" UPDATEDATE="2024-09-05" STARTDATE="2024-09-05" ENDDATE="2079-06-06" ISACTUAL="1" ISACTIVE="1" /><STEAD ID="68627551" OBJECTID="165089551" OBJECTGUID="86665aa6-7e05-4754-8a9f-e4ae0575d25c" CHANGEID="600559492" NUMBER="52/1" OPERTYPEID="10" PREVID="0" NEXTID="0" UPDATEDATE="2024-09-05" STARTDATE="2024-09-05" ENDDATE="2079-06-06" ISACTUAL="1" ISACTIVE="1" /><STEAD ID="68627552" OBJECTID="165089552" OBJECTGUID="fd2f72bf-94f7-4aea-bed3-c3d3c21ed2e9" CHANGEID="600559493" NUMBER="52/2" OPERTYPEID="10" PREVID="0" NEXTID="0" UPDATEDATE="2024-09-05" STARTDATE="2024-09-05" ENDDATE="2079-06-06" ISACTUAL="1" ISACTIVE="1" /><STEAD ID="68627553" OBJECTID="165089553" OBJECTGUID="f133518f-a36d-4b03-8aab-bb4f692a8b76" CHANGEID="600559494" NUMBER="53/2" OPERTYPEID="10" PREVID="0" NEXTID="0" UPDATEDATE="2024-09-05" STARTDATE="2024-09-05" ENDDATE="2079-06-06" ISACTUAL="1" ISACTIVE="1" /><STEAD ID="68627554" OBJECTID="165089554" OBJECTGUID="90fcbcca-a7bf-437d-a300-27a5aa88664c" CHANGEID="600559495" NUMBER="54/2" OPERTYPEID="10" PREVID="0" NEXTID="0" UPDATEDATE="2024-09-05" STARTDATE="2024-09-05" ENDDATE="2079-06-06" ISACTUAL="1" ISACTIVE="1" /><STEAD ID="68627555" OBJECTID="165089555" OBJECTGUID="45f3ea0f-a9b2-47f3-9055-fb7a0d819bcf" CHANGEID="600559496" NUMBER="55" OPERTYPEID="10" PREVID="0" NEXTID="0" UPDATEDATE="2024-09-05" STARTDATE="2024-09-05" ENDDATE="2079-06-06" ISACTUAL="1" ISACTIVE="1" /><STEAD ID="68627556" OBJECTID="165089556" OBJECTGUID="05b52409-7ff0-4421-9925-3ebad81bd1c7" CHANGEID="600559497" NUMBER="56/1" OPERTYPEID="10" PREVID="0" NEXTID="0" UPDATEDATE="2024-09-05" STARTDATE="2024-09-05" ENDDATE="2079-06-06" ISACTUAL="1" ISACTIVE="1" /><STEAD ID="68627557" OBJECTID="165089557" OBJECTGUID="18ab54ef-816f-4b46-998a-48b89f776976" CHANGEID="600559498" NUMBER="56/2" OPERTYPEID="10" PREVID="0" NEXTID="0" UPDATEDATE="2024-09-05" STARTDATE="2024-09-05" ENDDATE="2079-06-06" ISACTUAL="1" ISACTIVE="1" /><STEAD ID="68627558" OBJECTID="165089558" OBJECTGUID="9cc7b8fe-192d-47d9-bbd2-95db992130d6" CHANGEID="600559499" NUMBER="58" OPERTYPEID="10" PREVID="0" NEXTID="0" UPDATEDATE="2024-09-05" STARTDATE="2024-09-05" ENDDATE="2079-06-06" ISACTUAL="1" ISACTIVE="1" /><STEAD ID="68627559" OBJECTID="165089559" OBJECTGUID="40fa9713-bc50-4960-8cdf-202bc244cb39" CHANGEID="600559500" NUMBER="58А" OPERTYPEID="10" PREVID="0" NEXTID="0" UPDATEDATE="2024-09-05" STARTDATE="2024-09-05" ENDDATE="2079-06-06" ISACTUAL="1" ISACTIVE="1" /><STEAD ID="68627560" OBJECTID="165089560" OBJECTGUID="bb83734a-f8bb-416f-8fd4-2c02efc7d0a9" CHANGEID="600559501" NUMBER="59" OPERTYPEID="10" PREVID="0" NEXTID="0" UPDATEDATE="2024-09-05" STARTDATE="2024-09-05" ENDDATE="2079-06-06" ISACTUAL="1" ISACTIVE="1" /><STEAD ID="68627561" OBJECTID="165089561" OBJECTGUID="d53b99c5-25f4-46c1-a63b-b3eebe624d3d" CHANGEID="600559502" NUMBER="61" OPERTYPEID="10" PREVID="0" NEXTID="0" UPDATEDATE="2024-09-05" STARTDATE="2024-09-05" ENDDATE="2079-06-06" ISACTUAL="1" ISACTIVE="1" /><STEAD ID="68627562" OBJECTID="165089562" OBJECTGUID="304931b2-2ac4-4de8-996e-f72b9ceffad5" CHANGEID="600559503" NUMBER="62" OPERTYPEID="10" PREVID="0" NEXTID="0" UPDATEDATE="2024-09-05" STARTDATE="2024-09-05" ENDDATE="2079-06-06" ISACTUAL="1" ISACTIVE="1" /><STEAD ID="68627563" OBJECTID="165089563" OBJECTGUID="50e286ca-fa53-44a9-93b9-72f84057a3d0" CHANGEID="600559504" NUMBER="85/1" OPERTYPEID="10" PREVID="0" NEXTID="0" UPDATEDATE="2024-09-05" STARTDATE="2024-09-05" ENDDATE="2079-06-06" ISACTUAL="1" ISACTIVE="1" /><STEAD ID="68627564" OBJECTID="165089564" OBJECTGUID="570ccc2f-ebfa-4ca2-ad35-2f1a8e5ac864" CHANGEID="600559505" NUMBER="85/2" OPERTYPEID="10" PREVID="0" NEXTID="0" UPDATEDATE="2024-09-05" STARTDATE="2024-09-05" ENDDATE="2079-06-06" ISACTUAL="1" ISACTIVE="1" /><STEAD ID="68627565" OBJECTID="165089565" OBJECTGUID="98a1bb45-c4f4-4175-aca1-610c5a90af21" CHANGEID="600559506" NUMBER="86/1" OPERTYPEID="10" PREVID="0" NEXTID="0" UPDATEDATE="2024-09-05" STARTDATE="2024-09-05" ENDDATE="2079-06-06" ISACTUAL="1" ISACTIVE="1" /><STEAD ID="68627566" OBJECTID="165089566" OBJECTGUID="954e32d1-cf11-45fb-afd8-0828ef40b3d0" CHANGEID="600559507" NUMBER="86/2" OPERTYPEID="10" PREVID="0" NEXTID="0" UPDATEDATE="2024-09-05" STARTDATE="2024-09-05" ENDDATE="2079-06-06" ISACTUAL="1" ISACTIVE="1" /><STEAD ID="68627567" OBJECTID="165089567" OBJECTGUID="b501e083-740e-404c-8359-f00a0b67c31f" CHANGEID="600559508" NUMBER="87/1" OPERTYPEID="10" PREVID="0" NEXTID="0" UPDATEDATE="2024-09-05" STARTDATE="2024-09-05" ENDDATE="2079-06-06" ISACTUAL="1" ISACTIVE="1" /><STEAD ID="68627568" OBJECTID="165089568" OBJECTGUID="c3f93fe4-69cb-4f5e-a155-292c90f8f2b4" CHANGEID="600559509" NUMBER="87/2" OPERTYPEID="10" PREVID="0" NEXTID="0" UPDATEDATE="2024-09-05" STARTDATE="2024-09-05" ENDDATE="2079-06-06" ISACTUAL="1" ISACTIVE="1" /><STEAD ID="68627569" OBJECTID="165089569" OBJECTGUID="cf41cbd3-f2c2-4678-bec3-52bc6acbb6bf" CHANGEID="600559510" NUMBER="63" OPERTYPEID="10" PREVID="0" NEXTID="0" UPDATEDATE="2024-09-05" STARTDATE="2024-09-05" ENDDATE="2079-06-06" ISACTUAL="1" ISACTIVE="1" /><STEAD ID="68627570" OBJECTID="165089570" OBJECTGUID="4fb63f1c-c768-448c-9bea-3d83006c4dfd" CHANGEID="600559511" NUMBER="64" OPERTYPEID="10" PREVID="0" NEXTID="0" UPDATEDATE="2024-09-05" STARTDATE="2024-09-05" ENDDATE="2079-06-06" ISACTUAL="1" ISACTIVE="1" /><STEAD ID="68627571" OBJECTID="165089571" OBJECTGUID="71af513e-cf58-4550-9fc4-03be7f97f61b" CHANGEID="600559512" NUMBER="65" OPERTYPEID="10" PREVID="0" NEXTID="0" UPDATEDATE="2024-09-05" STARTDATE="2024-09-05" ENDDATE="2079-06-06" ISACTUAL="1" ISACTIVE="1" /><STEAD ID="68627572" OBJECTID="165089572" OBJECTGUID="e4faaf2a-af89-4527-af6a-f7cf69f57d7f" CHANGEID="600559513" NUMBER="66" OPERTYPEID="10" PREVID="0" NEXTID="0" UPDATEDATE="2024-09-05" STARTDATE="2024-09-05" ENDDATE="2079-06-06" ISACTUAL="1" ISACTIVE="1" /><STEAD ID="68627573" OBJECTID="165089573" OBJECTGUID="090ba82f-8e32-4e87-b3c2-309c98baaa88" CHANGEID="600559514" NUMBER="67" OPERTYPEID="10" PREVID="0" NEXTID="0" UPDATEDATE="2024-09-05" STARTDATE="2024-09-05" ENDDATE="2079-06-06" ISACTUAL="1" ISACTIVE="1" /><STEAD ID="68627574" OBJECTID="165089574" OBJECTGUID="0e243c9e-4590-4271-97c6-050f9b14a8e3" CHANGEID="600559515" NUMBER="68" OPERTYPEID="10" PREVID="0" NEXTID="0" UPDATEDATE="2024-09-05" STARTDATE="2024-09-05" ENDDATE="2079-06-06" ISACTUAL="1" ISACTIVE="1" /><STEAD ID="68627575" OBJECTID="165089575" OBJECTGUID="e9020c4f-1b5b-470d-875e-4a1930f86c80" CHANGEID="600559516" NUMBER="69" OPERTYPEID="10" PREVID="0" NEXTID="0" UPDATEDATE="2024-09-05" STARTDATE="2024-09-05" ENDDATE="2079-06-06" ISACTUAL="1" ISACTIVE="1" /><STEAD ID="68627576" OBJECTID="165089576" OBJECTGUID="7b436ef0-edd0-4eb8-8fb1-4b53d67ffd44" CHANGEID="600559517" NUMBER="70" OPERTYPEID="10" PREVID="0" NEXTID="0" UPDATEDATE="2024-09-05" STARTDATE="2024-09-05" ENDDATE="2079-06-06" ISACTUAL="1" ISACTIVE="1" /><STEAD ID="68627577" OBJECTID="165089577" OBJECTGUID="c504f5c5-0983-4005-9cab-519a7a946ebf" CHANGEID="600559518" NUMBER="71" OPERTYPEID="10" PREVID="0" NEXTID="0" UPDATEDATE="2024-09-05" STARTDATE="2024-09-05" ENDDATE="2079-06-06" ISACTUAL="1" ISACTIVE="1" /><STEAD ID="68627578" OBJECTID="165089578" OBJECTGUID="db5e89d0-76ac-45f3-941a-be28078b208c" CHANGEID="600559519" NUMBER="72" OPERTYPEID="10" PREVID="0" NEXTID="0" UPDATEDATE="2024-09-05" STARTDATE="2024-09-05" ENDDATE="2079-06-06" ISACTUAL="1" ISACTIVE="1" /><STEAD ID="68627579" OBJECTID="165089579" OBJECTGUID="5225557b-0f10-4e9b-8198-9c552faab652" CHANGEID="600559520" NUMBER="73" OPERTYPEID="10" PREVID="0" NEXTID="0" UPDATEDATE="2024-09-05" STARTDATE="2024-09-05" ENDDATE="2079-06-06" ISACTUAL="1" ISACTIVE="1" /><STEAD ID="68627580" OBJECTID="165089580" OBJECTGUID="b1a8bee6-d4bc-4486-a441-b8ec1715c5af" CHANGEID="600559521" NUMBER="75" OPERTYPEID="10" PREVID="0" NEXTID="0" UPDATEDATE="2024-09-05" STARTDATE="2024-09-05" ENDDATE="2079-06-06" ISACTUAL="1" ISACTIVE="1" /><STEAD ID="68627581" OBJECTID="165089581" OBJECTGUID="798f4857-7d96-4684-a3d8-f96ac06b6186" CHANGEID="600559522" NUMBER="77" OPERTYPEID="10" PREVID="0" NEXTID="0" UPDATEDATE="2024-09-05" STARTDATE="2024-09-05" ENDDATE="2079-06-06" ISACTUAL="1" ISACTIVE="1" /><STEAD ID="68627582" OBJECTID="165089582" OBJECTGUID="0cdc3da2-2b0c-4759-b182-a29d3fc01604" CHANGEID="600559523" NUMBER="78" OPERTYPEID="10" PREVID="0" NEXTID="0" UPDATEDATE="2024-09-05" STARTDATE="2024-09-05" ENDDATE="2079-06-06" ISACTUAL="1" ISACTIVE="1" /><STEAD ID="68627583" OBJECTID="165089583" OBJECTGUID="b8effebf-7b9c-4f47-a0ee-a93e27479e8b" CHANGEID="600559524" NUMBER="79" OPERTYPEID="10" PREVID="0" NEXTID="0" UPDATEDATE="2024-09-05" STARTDATE="2024-09-05" ENDDATE="2079-06-06" ISACTUAL="1" ISACTIVE="1" /><STEAD ID="68627584" OBJECTID="165089584" OBJECTGUID="c988d7be-41f8-46a1-aaab-c1e987159545" CHANGEID="600559525" NUMBER="80" OPERTYPEID="10" PREVID="0" NEXTID="0" UPDATEDATE="2024-09-05" STARTDATE="2024-09-05" ENDDATE="2079-06-06" ISACTUAL="1" ISACTIVE="1" /><STEAD ID="68627585" OBJECTID="165089585" OBJECTGUID="e7e89492-c33e-456a-9e8d-e9840999d7e3" CHANGEID="600559526" NUMBER="81" OPERTYPEID="10" PREVID="0" NEXTID="0" UPDATEDATE="2024-09-05" STARTDATE="2024-09-05" ENDDATE="2079-06-06" ISACTUAL="1" ISACTIVE="1" /><STEAD ID="68627586" OBJECTID="165089586" OBJECTGUID="3a32702c-74e8-4d60-b9f4-093e29da90b7" CHANGEID="600559527" NUMBER="82" OPERTYPEID="10" PREVID="0" NEXTID="0" UPDATEDATE="2024-09-05" STARTDATE="2024-09-05" ENDDATE="2079-06-06" ISACTUAL="1" ISACTIVE="1" /><STEAD ID="68627587" OBJECTID="165089587" OBJECTGUID="a4027b3b-f006-4292-9228-191979f6ca1b" CHANGEID="600559528" NUMBER="83" OPERTYPEID="10" PREVID="0" NEXTID="0" UPDATEDATE="2024-09-05" STARTDATE="2024-09-05" ENDDATE="2079-06-06" ISACTUAL="1" ISACTIVE="1" /><STEAD ID="68627588" OBJECTID="165089588" OBJECTGUID="574ffb08-246b-42c7-bf11-bdbd848826bb" CHANGEID="600559529" NUMBER="84" OPERTYPEID="10" PREVID="0" NEXTID="0" UPDATEDATE="2024-09-05" STARTDATE="2024-09-05" ENDDATE="2079-06-06" ISACTUAL="1" ISACTIVE="1" /><STEAD ID="68627589" OBJECTID="165089589" OBJECTGUID="354e4c0a-90b4-4a2c-adaa-bc598d314189" CHANGEID="600559530" NUMBER="84а" OPERTYPEID="10" PREVID="0" NEXTID="0" UPDATEDATE="2024-09-05" STARTDATE="2024-09-05" ENDDATE="2079-06-06" ISACTUAL="1" ISACTIVE="1" /><STEAD ID="68627590" OBJECTID="165089590" OBJECTGUID="42430a3a-9179-4dd7-aa8b-a491282503d6" CHANGEID="600559531" NUMBER="88/1" OPERTYPEID="10" PREVID="0" NEXTID="0" UPDATEDATE="2024-09-05" STARTDATE="2024-09-05" ENDDATE="2079-06-06" ISACTUAL="1" ISACTIVE="1" /><STEAD ID="68627591" OBJECTID="165089591" OBJECTGUID="942e2332-31cc-43aa-822f-fd550f8e1f6d" CHANGEID="600559532" NUMBER="88/2" OPERTYPEID="10" PREVID="0" NEXTID="0" UPDATEDATE="2024-09-05" STARTDATE="2024-09-05" ENDDATE="2079-06-06" ISACTUAL="1" ISACTIVE="1" /><STEAD ID="68627592" OBJECTID="165089592" OBJECTGUID="64c8de53-c4a0-4028-bc59-7eb666ec71c3" CHANGEID="600559533" NUMBER="89/1" OPERTYPEID="10" PREVID="0" NEXTID="0" UPDATEDATE="2024-09-05" STARTDATE="2024-09-05" ENDDATE="2079-06-06" ISACTUAL="1" ISACTIVE="1" /><STEAD ID="68627593" OBJECTID="165089593" OBJECTGUID="c1a42651-86e5-475d-bd7b-1e6cfccefbdb" CHANGEID="600559534" NUMBER="89/2" OPERTYPEID="10" PREVID="0" NEXTID="0" UPDATEDATE="2024-09-05" STARTDATE="2024-09-05" ENDDATE="2079-06-06" ISACTUAL="1" ISACTIVE="1" /><STEAD ID="68627594" OBJECTID="165089594" OBJECTGUID="397b25a7-fc33-4a05-ab69-03c32cb5d3d7" CHANGEID="600559535" NUMBER="90" OPERTYPEID="10" PREVID="0" NEXTID="0" UPDATEDATE="2024-09-05" STARTDATE="2024-09-05" ENDDATE="2079-06-06" ISACTUAL="1" ISACTIVE="1" /><STEAD ID="68627691" OBJECTID="165089742" OBJECTGUID="12cb172c-82d4-4dc7-9195-c4f693a9661d" CHANGEID="600559754" NUMBER="45" OPERTYPEID="10" PREVID="0" NEXTID="0" UPDATEDATE="2024-09-05" STARTDATE="2024-09-05" ENDDATE="2079-06-06" ISACTUAL="1" ISACTIVE="1" /><STEAD ID="68627694" OBJECTID="165089754" OBJECTGUID="efe8d714-83e8-4f25-929c-182c497cb8c0" CHANGEID="600559770" NUMBER="40" OPERTYPEID="10" PREVID="0" NEXTID="0" UPDATEDATE="2024-09-05" STARTDATE="2024-09-05" ENDDATE="2079-06-06" ISACTUAL="1" ISACTIVE="1" /><STEAD ID="68627715" OBJECTID="165089826" OBJECTGUID="e02e678f-c41d-480c-ac0c-91b7f81e982d" CHANGEID="600559913" NUMBER="45" OPERTYPEID="10" PREVID="0" NEXTID="0" UPDATEDATE="2024-09-05" STARTDATE="2024-09-05" ENDDATE="2079-06-06" ISACTUAL="1" ISACTIVE="1" /><STEAD ID="68627765" OBJECTID="165089911" OBJECTGUID="5578eafe-1af9-464b-87c3-e2cb0c49e740" CHANGEID="600560046" NUMBER="46" OPERTYPEID="10" PREVID="0" NEXTID="0" UPDATEDATE="2024-09-05" STARTDATE="2024-09-05" ENDDATE="2079-06-06" ISACTUAL="1" ISACTIVE="1" /><STEAD ID="68636875" OBJECTID="165104363" OBJECTGUID="269bfc12-965b-43aa-86c7-2c0fc23b709f" CHANGEID="600586853" NUMBER="3" OPERTYPEID="10" PREVID="0" NEXTID="0" UPDATEDATE="2024-09-06" STARTDATE="2024-09-06" ENDDATE="2079-06-06" ISACTUAL="1" ISACTIVE="1" /><STEAD ID="68638507" OBJECTID="165106648" OBJECTGUID="eebcde50-46b7-4481-9668-c8f4f897d751" CHANGEID="600590745" NUMBER="49" OPERTYPEID="10" PREVID="0" NEXTID="0" UPDATEDATE="2024-09-06" STARTDATE="2024-09-06" ENDDATE="2079-06-06" ISACTUAL="1" ISACTIVE="1" /><STEAD ID="68640732" OBJECTID="165111363" OBJECTGUID="547a2b2e-896b-4fe3-9227-33ee7eb77f0f" CHANGEID="600608050" NUMBER="1" OPERTYPEID="10" PREVID="0" NEXTID="0" UPDATEDATE="2024-09-06" STARTDATE="2024-09-06" ENDDATE="2079-06-06" ISACTUAL="1" ISACTIVE="1" /><STEAD ID="68641351" OBJECTID="165112483" OBJECTGUID="c4ff4043-ffd4-45f2-9ac6-9bcf1d7f2ffa" CHANGEID="600651905" NUMBER="48А" OPERTYPEID="10" PREVID="0" NEXTID="0" UPDATEDATE="2024-09-06" STARTDATE="2024-09-06" ENDDATE="2079-06-06" ISACTUAL="1" ISACTIVE="1" /><STEAD ID="68641453" OBJECTID="165112586" OBJECTGUID="ba2e4a30-0d01-408e-baf9-6f5526d59718" CHANGEID="600660536" NUMBER="30" OPERTYPEID="10" PREVID="0" NEXTID="0" UPDATEDATE="2024-09-06" STARTDATE="2024-09-06" ENDDATE="2079-06-06" ISACTUAL="1" ISACTIVE="1" /><STEAD ID="68641765" OBJECTID="165113107" OBJECTGUID="757897ed-1d19-40b6-b576-fd5d305b2620" CHANGEID="600701124" NUMBER="209" OPERTYPEID="10" PREVID="0" NEXTID="0" UPDATEDATE="2024-09-06" STARTDATE="2024-09-06" ENDDATE="2079-06-06" ISACTUAL="1" ISACTIVE="1" /><STEAD ID="68641766" OBJECTID="165113108" OBJECTGUID="0e98f7a8-6830-4940-8270-bc46c5ad2d8f" CHANGEID="600701125" NUMBER="18" OPERTYPEID="10" PREVID="0" NEXTID="0" UPDATEDATE="2024-09-06" STARTDATE="2024-09-06" ENDDATE="2079-06-06" ISACTUAL="1" ISACTIVE="1" /><STEAD ID="68641767" OBJECTID="165113109" OBJECTGUID="36079381-9d47-46a6-9434-494a9f9155ed" CHANGEID="600701126" NUMBER="117" OPERTYPEID="10" PREVID="0" NEXTID="0" UPDATEDATE="2024-09-06" STARTDATE="2024-09-06" ENDDATE="2079-06-06" ISACTUAL="1" ISACTIVE="1" /><STEAD ID="68641768" OBJECTID="165113110" OBJECTGUID="95fed97a-25c6-4c25-85f7-82d2433a7748" CHANGEID="600701127" NUMBER="102" OPERTYPEID="10" PREVID="0" NEXTID="0" UPDATEDATE="2024-09-06" STARTDATE="2024-09-06" ENDDATE="2079-06-06" ISACTUAL="1" ISACTIVE="1" /><STEAD ID="68641769" OBJECTID="165113111" OBJECTGUID="bc6ae7e4-4176-4ee6-afac-26dd1cc61b2b" CHANGEID="600701128" NUMBER="121" OPERTYPEID="10" PREVID="0" NEXTID="0" UPDATEDATE="2024-09-06" STARTDATE="2024-09-06" ENDDATE="2079-06-06" ISACTUAL="1" ISACTIVE="1" /><STEAD ID="68641770" OBJECTID="165113112" OBJECTGUID="935c9dd2-c55e-4b45-a2cb-a7d32f74e43b" CHANGEID="600701129" NUMBER="101" OPERTYPEID="10" PREVID="0" NEXTID="0" UPDATEDATE="2024-09-06" STARTDATE="2024-09-06" ENDDATE="2079-06-06" ISACTUAL="1" ISACTIVE="1" /><STEAD ID="68641771" OBJECTID="165113113" OBJECTGUID="327f41c7-b8d9-4640-a052-6cee4e0d3e2d" CHANGEID="600701130" NUMBER="96" OPERTYPEID="10" PREVID="0" NEXTID="0" UPDATEDATE="2024-09-06" STARTDATE="2024-09-06" ENDDATE="2079-06-06" ISACTUAL="1" ISACTIVE="1" /><STEAD ID="68641772" OBJECTID="165113114" OBJECTGUID="c72011bd-4dad-4794-b0b8-30f8281fef77" CHANGEID="600701131" NUMBER="95" OPERTYPEID="10" PREVID="0" NEXTID="0" UPDATEDATE="2024-09-06" STARTDATE="2024-09-06" ENDDATE="2079-06-06" ISACTUAL="1" ISACTIVE="1" /><STEAD ID="68641773" OBJECTID="165113115" OBJECTGUID="9bf03272-8a18-4a03-ad7c-50616f7a3e96" CHANGEID="600701132" NUMBER="112" OPERTYPEID="10" PREVID="0" NEXTID="0" UPDATEDATE="2024-09-06" STARTDATE="2024-09-06" ENDDATE="2079-06-06" ISACTUAL="1" ISACTIVE="1" /><STEAD ID="68641677" OBJECTID="165113047" OBJECTGUID="eedf89c8-60b8-48b4-b9dd-1525d7fbb48f" CHANGEID="600700996" NUMBER="94" OPERTYPEID="10" PREVID="0" NEXTID="0" UPDATEDATE="2024-09-06" STARTDATE="2024-09-06" ENDDATE="2079-06-06" ISACTUAL="1" ISACTIVE="1" /><STEAD ID="68642211" OBJECTID="165113647" OBJECTGUID="801b3e4e-dc82-4159-beb6-4356a01f53c6" CHANGEID="600702079" NUMBER="97" OPERTYPEID="10" PREVID="0" NEXTID="0" UPDATEDATE="2024-09-06" STARTDATE="2024-09-06" ENDDATE="2079-06-06" ISACTUAL="1" ISACTIVE="1" /><STEAD ID="68642212" OBJECTID="165113648" OBJECTGUID="70dc5abe-51b5-4b63-a806-d9ac88a6e038" CHANGEID="600702080" NUMBER="98" OPERTYPEID="10" PREVID="0" NEXTID="0" UPDATEDATE="2024-09-06" STARTDATE="2024-09-06" ENDDATE="2079-06-06" ISACTUAL="1" ISACTIVE="1" /><STEAD ID="68642213" OBJECTID="165113649" OBJECTGUID="527b65df-9de5-4fcb-957b-28c3b44c9055" CHANGEID="600702081" NUMBER="94" OPERTYPEID="10" PREVID="0" NEXTID="0" UPDATEDATE="2024-09-06" STARTDATE="2024-09-06" ENDDATE="2079-06-06" ISACTUAL="1" ISACTIVE="1" /><STEAD ID="68642214" OBJECTID="165113650" OBJECTGUID="47fcb46b-01b0-4bf9-8b56-e9e056f16581" CHANGEID="600702082" NUMBER="92" OPERTYPEID="10" PREVID="0" NEXTID="0" UPDATEDATE="2024-09-06" STARTDATE="2024-09-06" ENDDATE="2079-06-06" ISACTUAL="1" ISACTIVE="1" /><STEAD ID="68642215" OBJECTID="165113651" OBJECTGUID="86b7376a-909c-4e60-8515-d78d9b0e29e4" CHANGEID="600702083" NUMBER="91" OPERTYPEID="10" PREVID="0" NEXTID="0" UPDATEDATE="2024-09-06" STARTDATE="2024-09-06" ENDDATE="2079-06-06" ISACTUAL="1" ISACTIVE="1" /><STEAD ID="68642216" OBJECTID="165113652" OBJECTGUID="7d6f16ae-5528-4462-a3c3-bd9dc3c02c89" CHANGEID="600702084" NUMBER="123" OPERTYPEID="10" PREVID="0" NEXTID="0" UPDATEDATE="2024-09-06" STARTDATE="2024-09-06" ENDDATE="2079-06-06" ISACTUAL="1" ISACTIVE="1" /><STEAD ID="68642882" OBJECTID="165115087" OBJECTGUID="462ec5c5-62e1-4be9-a9f3-607ccc00303a" CHANGEID="600704332" NUMBER="35/1" OPERTYPEID="10" PREVID="0" NEXTID="0" UPDATEDATE="2024-09-06" STARTDATE="2024-09-06" ENDDATE="2079-06-06" ISACTUAL="1" ISACTIVE="1" /><STEAD ID="68642930" OBJECTID="165115103" OBJECTGUID="34f078c0-1255-4e66-8aa8-e3338e3c40e7" CHANGEID="600704402" NUMBER="35/2" OPERTYPEID="10" PREVID="0" NEXTID="0" UPDATEDATE="2024-09-06" STARTDATE="2024-09-06" ENDDATE="2079-06-06" ISACTUAL="1" ISACTIVE="1" /><STEAD ID="68643164" OBJECTID="165115178" OBJECTGUID="a541c16f-0ba4-42f1-81cf-3d86a40d618f" CHANGEID="600704719" NUMBER="134" OPERTYPEID="10" PREVID="0" NEXTID="0" UPDATEDATE="2024-09-06" STARTDATE="2024-09-06" ENDDATE="2079-06-06" ISACTUAL="1" ISACTIVE="1" /><STEAD ID="68643837" OBJECTID="165115975" OBJECTGUID="2d92e94d-513c-4113-b3f9-337f738bfa3b" CHANGEID="600706423" NUMBER="5а" OPERTYPEID="10" PREVID="0" NEXTID="0" UPDATEDATE="2024-09-06" STARTDATE="2024-09-06" ENDDATE="2079-06-06" ISACTUAL="1" ISACTIVE="1" /><STEAD ID="68643895" OBJECTID="165116062" OBJECTGUID="88f32366-aebc-43b8-ad8c-2f30f4cc9479" CHANGEID="600706850" NUMBER="23А" OPERTYPEID="10" PREVID="0" NEXTID="0" UPDATEDATE="2024-09-06" STARTDATE="2024-09-06" ENDDATE="2079-06-06" ISACTUAL="1" ISACTIVE="1" /><STEAD ID="68643899" OBJECTID="165116078" OBJECTGUID="4bf2eb5e-7e88-4159-b960-a945d9fe33ff" CHANGEID="600706899" NUMBER="5" OPERTYPEID="10" PREVID="0" NEXTID="0" UPDATEDATE="2024-09-06" STARTDATE="2024-09-06" ENDDATE="2079-06-06" ISACTUAL="1" ISACTIVE="1" /><STEAD ID="68653750" OBJECTID="165132091" OBJECTGUID="906cdc71-c911-47bb-8df5-537db3724eae" CHANGEID="600761672" NUMBER="9" OPERTYPEID="10" PREVID="0" NEXTID="0" UPDATEDATE="2024-09-09" STARTDATE="2024-09-09" ENDDATE="2079-06-06" ISACTUAL="1" ISACTIVE="1" /><STEAD ID="68654687" OBJECTID="165133258" OBJECTGUID="226cd5b2-8c95-4ecf-a2cc-1f0254246590" CHANGEID="600763275" NUMBER="7" OPERTYPEID="10" PREVID="0" NEXTID="0" UPDATEDATE="2024-09-09" STARTDATE="2024-09-09" ENDDATE="2079-06-06" ISACTUAL="1" ISACTIVE="1" /><STEAD ID="68654692" OBJECTID="165133265" OBJECTGUID="53d34610-a600-4851-82a3-dbb99dad1a0c" CHANGEID="600763289" NUMBER="3" OPERTYPEID="10" PREVID="0" NEXTID="0" UPDATEDATE="2024-09-09" STARTDATE="2024-09-09" ENDDATE="2079-06-06" ISACTUAL="1" ISACTIVE="1" /><STEAD ID="68654793" OBJECTID="165133520" OBJECTGUID="4d0b74ae-8d73-45ca-9b46-7119176ee504" CHANGEID="600763663" NUMBER="19" OPERTYPEID="10" PREVID="0" NEXTID="0" UPDATEDATE="2024-09-09" STARTDATE="2024-09-09" ENDDATE="2079-06-06" ISACTUAL="1" ISACTIVE="1" /><STEAD ID="68654905" OBJECTID="165133757" OBJECTGUID="3699375a-d9e0-4d0c-92fe-90bc679ca49c" CHANGEID="600764037" NUMBER="9" OPERTYPEID="10" PREVID="0" NEXTID="0" UPDATEDATE="2024-09-09" STARTDATE="2024-09-09" ENDDATE="2079-06-06" ISACTUAL="1" ISACTIVE="1" /><STEAD ID="68654906" OBJECTID="165133758" OBJECTGUID="907206e1-91b4-4514-85c3-aba7123717d9" CHANGEID="600764038" NUMBER="10" OPERTYPEID="10" PREVID="0" NEXTID="0" UPDATEDATE="2024-09-09" STARTDATE="2024-09-09" ENDDATE="2079-06-06" ISACTUAL="1" ISACTIVE="1" /><STEAD ID="68654907" OBJECTID="165133759" OBJECTGUID="7a15e811-036c-48f4-9978-649ca994e85d" CHANGEID="600764039" NUMBER="11" OPERTYPEID="10" PREVID="0" NEXTID="0" UPDATEDATE="2024-09-09" STARTDATE="2024-09-09" ENDDATE="2079-06-06" ISACTUAL="1" ISACTIVE="1" /><STEAD ID="68654908" OBJECTID="165133760" OBJECTGUID="e5cb571b-1fc5-412d-9bb1-6d973a3f53c0" CHANGEID="600764040" NUMBER="16" OPERTYPEID="10" PREVID="0" NEXTID="0" UPDATEDATE="2024-09-09" STARTDATE="2024-09-09" ENDDATE="2079-06-06" ISACTUAL="1" ISACTIVE="1" /><STEAD ID="68654909" OBJECTID="165133761" OBJECTGUID="08807438-6948-43b8-bc0d-8b0e90bcfb3f" CHANGEID="600764041" NUMBER="21" OPERTYPEID="10" PREVID="0" NEXTID="0" UPDATEDATE="2024-09-09" STARTDATE="2024-09-09" ENDDATE="2079-06-06" ISACTUAL="1" ISACTIVE="1" /><STEAD ID="68654910" OBJECTID="165133762" OBJECTGUID="689733e7-8ee2-433d-ab6b-39587c61ef72" CHANGEID="600764042" NUMBER="23" OPERTYPEID="10" PREVID="0" NEXTID="0" UPDATEDATE="2024-09-09" STARTDATE="2024-09-09" ENDDATE="2079-06-06" ISACTUAL="1" ISACTIVE="1" /><STEAD ID="68654911" OBJECTID="165133763" OBJECTGUID="180ff71d-176c-4681-94cb-1d214c804fe7" CHANGEID="600764043" NUMBER="25" OPERTYPEID="10" PREVID="0" NEXTID="0" UPDATEDATE="2024-09-09" STARTDATE="2024-09-09" ENDDATE="2079-06-06" ISACTUAL="1" ISACTIVE="1" /><STEAD ID="68654912" OBJECTID="165133764" OBJECTGUID="a99d824f-0dda-41ef-9476-a6318fc5ca68" CHANGEID="600764044" NUMBER="41а" OPERTYPEID="10" PREVID="0" NEXTID="0" UPDATEDATE="2024-09-09" STARTDATE="2024-09-09" ENDDATE="2079-06-06" ISACTUAL="1" ISACTIVE="1" /><STEAD ID="68654913" OBJECTID="165133765" OBJECTGUID="4dd9d7f6-db95-42f7-90fa-ed690be92706" CHANGEID="600764045" NUMBER="43" OPERTYPEID="10" PREVID="0" NEXTID="0" UPDATEDATE="2024-09-09" STARTDATE="2024-09-09" ENDDATE="2079-06-06" ISACTUAL="1" ISACTIVE="1" /><STEAD ID="68654914" OBJECTID="165133766" OBJECTGUID="62067b98-5477-4958-96a2-298cf1999366" CHANGEID="600764046" NUMBER="44" OPERTYPEID="10" PREVID="0" NEXTID="0" UPDATEDATE="2024-09-09" STARTDATE="2024-09-09" ENDDATE="2079-06-06" ISACTUAL="1" ISACTIVE="1" /><STEAD ID="68654915" OBJECTID="165133767" OBJECTGUID="be16edfe-63e3-4bc6-bc87-0a446f6ded12" CHANGEID="600764047" NUMBER="46" OPERTYPEID="10" PREVID="0" NEXTID="0" UPDATEDATE="2024-09-09" STARTDATE="2024-09-09" ENDDATE="2079-06-06" ISACTUAL="1" ISACTIVE="1" /><STEAD ID="68654916" OBJECTID="165133768" OBJECTGUID="ab49e491-88cb-46c7-98fc-716c283813a7" CHANGEID="600764048" NUMBER="54" OPERTYPEID="10" PREVID="0" NEXTID="0" UPDATEDATE="2024-09-09" STARTDATE="2024-09-09" ENDDATE="2079-06-06" ISACTUAL="1" ISACTIVE="1" /><STEAD ID="68654917" OBJECTID="165133769" OBJECTGUID="9b197c4c-ad1c-4f78-9cf9-f03629e274b4" CHANGEID="600764049" NUMBER="55" OPERTYPEID="10" PREVID="0" NEXTID="0" UPDATEDATE="2024-09-09" STARTDATE="2024-09-09" ENDDATE="2079-06-06" ISACTUAL="1" ISACTIVE="1" /><STEAD ID="68654918" OBJECTID="165133770" OBJECTGUID="95dd851a-6335-4bc4-86aa-122648d7d796" CHANGEID="600764050" NUMBER="58" OPERTYPEID="10" PREVID="0" NEXTID="0" UPDATEDATE="2024-09-09" STARTDATE="2024-09-09" ENDDATE="2079-06-06" ISACTUAL="1" ISACTIVE="1" /><STEAD ID="68654919" OBJECTID="165133771" OBJECTGUID="89754338-2e69-46a7-84fc-2d65ef4bc705" CHANGEID="600764051" NUMBER="62" OPERTYPEID="10" PREVID="0" NEXTID="0" UPDATEDATE="2024-09-09" STARTDATE="2024-09-09" ENDDATE="2079-06-06" ISACTUAL="1" ISACTIVE="1" /><STEAD ID="68654920" OBJECTID="165133772" OBJECTGUID="09d1c4fb-170d-45d2-a13d-34bced9fd4fc" CHANGEID="600764052" NUMBER="63" OPERTYPEID="10" PREVID="0" NEXTID="0" UPDATEDATE="2024-09-09" STARTDATE="2024-09-09" ENDDATE="2079-06-06" ISACTUAL="1" ISACTIVE="1" /><STEAD ID="68654921" OBJECTID="165133773" OBJECTGUID="af2adac2-cc4f-4d00-bbff-ecdd6938b6a7" CHANGEID="600764053" NUMBER="64" OPERTYPEID="10" PREVID="0" NEXTID="0" UPDATEDATE="2024-09-09" STARTDATE="2024-09-09" ENDDATE="2079-06-06" ISACTUAL="1" ISACTIVE="1" /><STEAD ID="68654922" OBJECTID="165133774" OBJECTGUID="b8b05676-fb20-4adf-a525-f1e442c19dd4" CHANGEID="600764054" NUMBER="68" OPERTYPEID="10" PREVID="0" NEXTID="0" UPDATEDATE="2024-09-09" STARTDATE="2024-09-09" ENDDATE="2079-06-06" ISACTUAL="1" ISACTIVE="1" /><STEAD ID="68654923" OBJECTID="165133775" OBJECTGUID="71f9b377-e7db-4510-b2a7-ee50a97482d8" CHANGEID="600764055" NUMBER="74" OPERTYPEID="10" PREVID="0" NEXTID="0" UPDATEDATE="2024-09-09" STARTDATE="2024-09-09" ENDDATE="2079-06-06" ISACTUAL="1" ISACTIVE="1" /><STEAD ID="68654924" OBJECTID="165133776" OBJECTGUID="6eabd72e-3117-49dc-b2be-24e27f0e2662" CHANGEID="600764056" NUMBER="75" OPERTYPEID="10" PREVID="0" NEXTID="0" UPDATEDATE="2024-09-09" STARTDATE="2024-09-09" ENDDATE="2079-06-06" ISACTUAL="1" ISACTIVE="1" /><STEAD ID="68654925" OBJECTID="165133777" OBJECTGUID="3ef05790-6459-4da9-9d7f-e3e2ca187aa4" CHANGEID="600764057" NUMBER="76" OPERTYPEID="10" PREVID="0" NEXTID="0" UPDATEDATE="2024-09-09" STARTDATE="2024-09-09" ENDDATE="2079-06-06" ISACTUAL="1" ISACTIVE="1" /><STEAD ID="68654926" OBJECTID="165133778" OBJECTGUID="de6d25b5-aa0c-443d-8d1f-e0753c3b1af7" CHANGEID="600764058" NUMBER="81" OPERTYPEID="10" PREVID="0" NEXTID="0" UPDATEDATE="2024-09-09" STARTDATE="2024-09-09" ENDDATE="2079-06-06" ISACTUAL="1" ISACTIVE="1" /><STEAD ID="68654927" OBJECTID="165133779" OBJECTGUID="ec4d98a0-6424-4480-b2be-b14155359587" CHANGEID="600764059" NUMBER="84" OPERTYPEID="10" PREVID="0" NEXTID="0" UPDATEDATE="2024-09-09" STARTDATE="2024-09-09" ENDDATE="2079-06-06" ISACTUAL="1" ISACTIVE="1" /><STEAD ID="68654928" OBJECTID="165133780" OBJECTGUID="5bdce680-3d9f-4b87-9852-d81a27b28264" CHANGEID="600764060" NUMBER="85" OPERTYPEID="10" PREVID="0" NEXTID="0" UPDATEDATE="2024-09-09" STARTDATE="2024-09-09" ENDDATE="2079-06-06" ISACTUAL="1" ISACTIVE="1" /><STEAD ID="68654929" OBJECTID="165133781" OBJECTGUID="ad224fbe-bf25-4a16-b223-6fcb01d793dc" CHANGEID="600764061" NUMBER="86" OPERTYPEID="10" PREVID="0" NEXTID="0" UPDATEDATE="2024-09-09" STARTDATE="2024-09-09" ENDDATE="2079-06-06" ISACTUAL="1" ISACTIVE="1" /><STEAD ID="68654930" OBJECTID="165133782" OBJECTGUID="71220658-d761-4410-bf54-264aa2193b6e" CHANGEID="600764062" NUMBER="4" OPERTYPEID="10" PREVID="0" NEXTID="0" UPDATEDATE="2024-09-09" STARTDATE="2024-09-09" ENDDATE="2079-06-06" ISACTUAL="1" ISACTIVE="1" /><STEAD ID="68654931" OBJECTID="165133783" OBJECTGUID="5eeac1f5-add3-48d6-a066-d993860faf4b" CHANGEID="600764063" NUMBER="7" OPERTYPEID="10" PREVID="0" NEXTID="0" UPDATEDATE="2024-09-09" STARTDATE="2024-09-09" ENDDATE="2079-06-06" ISACTUAL="1" ISACTIVE="1" /><STEAD ID="68654932" OBJECTID="165133784" OBJECTGUID="1a7c4677-ca93-46ec-bf6d-655346f32e5d" CHANGEID="600764064" NUMBER="26" OPERTYPEID="10" PREVID="0" NEXTID="0" UPDATEDATE="2024-09-09" STARTDATE="2024-09-09" ENDDATE="2079-06-06" ISACTUAL="1" ISACTIVE="1" /><STEAD ID="68654933" OBJECTID="165133785" OBJECTGUID="214a955c-8ed7-4f41-a2e7-8316f9c66c01" CHANGEID="600764065" NUMBER="28" OPERTYPEID="10" PREVID="0" NEXTID="0" UPDATEDATE="2024-09-09" STARTDATE="2024-09-09" ENDDATE="2079-06-06" ISACTUAL="1" ISACTIVE="1" /><STEAD ID="68654934" OBJECTID="165133786" OBJECTGUID="ef08c6c2-ca59-4867-9931-7e0a6f873e0f" CHANGEID="600764066" NUMBER="29" OPERTYPEID="10" PREVID="0" NEXTID="0" UPDATEDATE="2024-09-09" STARTDATE="2024-09-09" ENDDATE="2079-06-06" ISACTUAL="1" ISACTIVE="1" /><STEAD ID="68654935" OBJECTID="165133787" OBJECTGUID="2762c32d-f0b1-4375-8da6-40a5e2867d88" CHANGEID="600764067" NUMBER="31" OPERTYPEID="10" PREVID="0" NEXTID="0" UPDATEDATE="2024-09-09" STARTDATE="2024-09-09" ENDDATE="2079-06-06" ISACTUAL="1" ISACTIVE="1" /><STEAD ID="68654936" OBJECTID="165133788" OBJECTGUID="f5f190e5-1559-4d0a-bb34-98153d2ed247" CHANGEID="600764068" NUMBER="32" OPERTYPEID="10" PREVID="0" NEXTID="0" UPDATEDATE="2024-09-09" STARTDATE="2024-09-09" ENDDATE="2079-06-06" ISACTUAL="1" ISACTIVE="1" /><STEAD ID="68654937" OBJECTID="165133789" OBJECTGUID="bcec0476-772f-4a10-a6ae-e6b299d32147" CHANGEID="600764069" NUMBER="34" OPERTYPEID="10" PREVID="0" NEXTID="0" UPDATEDATE="2024-09-09" STARTDATE="2024-09-09" ENDDATE="2079-06-06" ISACTUAL="1" ISACTIVE="1" /><STEAD ID="68654938" OBJECTID="165133790" OBJECTGUID="c632b7b5-0728-45c6-9559-83ebfff274cb" CHANGEID="600764070" NUMBER="36" OPERTYPEID="10" PREVID="0" NEXTID="0" UPDATEDATE="2024-09-09" STARTDATE="2024-09-09" ENDDATE="2079-06-06" ISACTUAL="1" ISACTIVE="1" /><STEAD ID="68654939" OBJECTID="165133791" OBJECTGUID="5fc9e64d-5015-4441-a82c-153b9dd7a97c" CHANGEID="600764071" NUMBER="37" OPERTYPEID="10" PREVID="0" NEXTID="0" UPDATEDATE="2024-09-09" STARTDATE="2024-09-09" ENDDATE="2079-06-06" ISACTUAL="1" ISACTIVE="1" /><STEAD ID="68654940" OBJECTID="165133792" OBJECTGUID="aa3c18e7-39b3-4fba-b5c4-296363e43910" CHANGEID="600764072" NUMBER="38" OPERTYPEID="10" PREVID="0" NEXTID="0" UPDATEDATE="2024-09-09" STARTDATE="2024-09-09" ENDDATE="2079-06-06" ISACTUAL="1" ISACTIVE="1" /><STEAD ID="68654941" OBJECTID="165133793" OBJECTGUID="e80b3192-4ed5-4097-9ffd-8791b22fb3e2" CHANGEID="600764073" NUMBER="39" OPERTYPEID="10" PREVID="0" NEXTID="0" UPDATEDATE="2024-09-09" STARTDATE="2024-09-09" ENDDATE="2079-06-06" ISACTUAL="1" ISACTIVE="1" /><STEAD ID="68655490" OBJECTID="165134382" OBJECTGUID="b0e7cec5-afd6-4ed7-9ff8-37882e62609b" CHANGEID="600764846" NUMBER="13" OPERTYPEID="10" PREVID="0" NEXTID="0" UPDATEDATE="2024-09-09" STARTDATE="2024-09-09" ENDDATE="2079-06-06" ISACTUAL="1" ISACTIVE="1" /><STEAD ID="68655558" OBJECTID="165134520" OBJECTGUID="5d82ad00-7590-4b45-a61a-38d39a0ebed2" CHANGEID="600765022" NUMBER="289/19" OPERTYPEID="10" PREVID="0" NEXTID="0" UPDATEDATE="2024-09-09" STARTDATE="2024-09-09" ENDDATE="2079-06-06" ISACTUAL="1" ISACTIVE="1" /><STEAD ID="68659041" OBJECTID="165141876" OBJECTGUID="eedc47a2-5c0a-4688-8086-a031ebb4b2cb" CHANGEID="600777337" NUMBER="45" OPERTYPEID="10" PREVID="0" NEXTID="0" UPDATEDATE="2024-09-09" STARTDATE="2024-09-09" ENDDATE="2079-06-06" ISACTUAL="1" ISACTIVE="1" /><STEAD ID="68659338" OBJECTID="165142560" OBJECTGUID="15e639f0-1d78-410b-ae1c-09b2080c37f9" CHANGEID="600779073" NUMBER="79" OPERTYPEID="10" PREVID="0" NEXTID="0" UPDATEDATE="2024-09-09" STARTDATE="2024-09-09" ENDDATE="2079-06-06" ISACTUAL="1" ISACTIVE="1" /><STEAD ID="68659346" OBJECTID="165142589" OBJECTGUID="f44f5a6f-d63d-4f4b-afcc-a2d85ebbef15" CHANGEID="600779109" NUMBER="7" OPERTYPEID="10" PREVID="0" NEXTID="0" UPDATEDATE="2024-09-09" STARTDATE="2024-09-09" ENDDATE="2079-06-06" ISACTUAL="1" ISACTIVE="1" /><STEAD ID="68659448" OBJECTID="165142705" OBJECTGUID="4d56885e-5f62-4a96-a3fd-b0fc7298d3de" CHANGEID="600779284" NUMBER="55" OPERTYPEID="10" PREVID="0" NEXTID="0" UPDATEDATE="2024-09-09" STARTDATE="2024-09-09" ENDDATE="2079-06-06" ISACTUAL="1" ISACTIVE="1" /><STEAD ID="68661174" OBJECTID="165145731" OBJECTGUID="98cca351-db7c-47a4-aff2-e10ae6163b3c" CHANGEID="600783901" NUMBER="3" OPERTYPEID="10" PREVID="0" NEXTID="0" UPDATEDATE="2024-09-09" STARTDATE="2024-09-09" ENDDATE="2079-06-06" ISACTUAL="1" ISACTIVE="1" /><STEAD ID="68662974" OBJECTID="165148598" OBJECTGUID="9f0fe59c-d9b8-4114-bad9-27010c1b2acb" CHANGEID="600788354" NUMBER="34б" OPERTYPEID="10" PREVID="0" NEXTID="0" UPDATEDATE="2024-09-09" STARTDATE="2024-09-09" ENDDATE="2079-06-06" ISACTUAL="1" ISACTIVE="1" /><STEAD ID="68663286" OBJECTID="165149318" OBJECTGUID="7996a686-d293-46be-9b34-39ad6c17f558" CHANGEID="600789352" NUMBER="2" OPERTYPEID="10" PREVID="0" NEXTID="0" UPDATEDATE="2024-09-09" STARTDATE="2024-09-09" ENDDATE="2079-06-06" ISACTUAL="1" ISACTIVE="1" /><STEAD ID="68663325" OBJECTID="165149373" OBJECTGUID="7a06e4b4-2d27-4043-b84c-23c71f1d8342" CHANGEID="600789492" NUMBER="23" OPERTYPEID="10" PREVID="0" NEXTID="0" UPDATEDATE="2024-09-09" STARTDATE="2024-09-09" ENDDATE="2079-06-06" ISACTUAL="1" ISACTIVE="1" /><STEAD ID="68663355" OBJECTID="165149501" OBJECTGUID="51fb6a5d-d4e7-4f58-9399-6db9cf9dea36" CHANGEID="600789654" NUMBER="30" OPERTYPEID="10" PREVID="0" NEXTID="0" UPDATEDATE="2024-09-09" STARTDATE="2024-09-09" ENDDATE="2079-06-06" ISACTUAL="1" ISACTIVE="1" /><STEAD ID="68663360" OBJECTID="165149512" OBJECTGUID="ae12b675-776a-4a25-b34f-90a616b30f73" CHANGEID="600789672" NUMBER="43А" OPERTYPEID="10" PREVID="0" NEXTID="0" UPDATEDATE="2024-09-09" STARTDATE="2024-09-09" ENDDATE="2079-06-06" ISACTUAL="1" ISACTIVE="1" /><STEAD ID="68663455" OBJECTID="165149675" OBJECTGUID="f8717ba5-5c56-4ea7-93a5-26d4babdc321" CHANGEID="600789954" NUMBER="4а" OPERTYPEID="10" PREVID="0" NEXTID="0" UPDATEDATE="2024-09-09" STARTDATE="2024-09-09" ENDDATE="2079-06-06" ISACTUAL="1" ISACTIVE="1" /><STEAD ID="68663401" OBJECTID="165149572" OBJECTGUID="00954322-b880-4f91-bffd-e2d90fd51c0b" CHANGEID="600789768" NUMBER="29" OPERTYPEID="10" PREVID="0" NEXTID="0" UPDATEDATE="2024-09-09" STARTDATE="2024-09-09" ENDDATE="2079-06-06" ISACTUAL="1" ISACTIVE="1" /><STEAD ID="68663537" OBJECTID="165149888" OBJECTGUID="ceea56eb-af7c-4e62-ab83-5492e7f5e25a" CHANGEID="600790316" NUMBER="43" OPERTYPEID="10" PREVID="0" NEXTID="0" UPDATEDATE="2024-09-09" STARTDATE="2024-09-09" ENDDATE="2079-06-06" ISACTUAL="1" ISACTIVE="1" /><STEAD ID="68663678" OBJECTID="165150071" OBJECTGUID="5bbb312b-1c7d-4e2b-a74b-b4af4e6cabeb" CHANGEID="600790700" NUMBER="42" OPERTYPEID="10" PREVID="0" NEXTID="0" UPDATEDATE="2024-09-09" STARTDATE="2024-09-09" ENDDATE="2079-06-06" ISACTUAL="1" ISACTIVE="1" /><STEAD ID="68663726" OBJECTID="165150124" OBJECTGUID="3a1fb22d-9c9f-4df8-808d-35bf05d5ec3e" CHANGEID="600790809" NUMBER="39" OPERTYPEID="10" PREVID="0" NEXTID="0" UPDATEDATE="2024-09-09" STARTDATE="2024-09-09" ENDDATE="2079-06-06" ISACTUAL="1" ISACTIVE="1" /><STEAD ID="68663870" OBJECTID="165150433" OBJECTGUID="f45d7f52-5829-48bd-8875-099997f67f80" CHANGEID="600791291" NUMBER="62" OPERTYPEID="10" PREVID="0" NEXTID="0" UPDATEDATE="2024-09-09" STARTDATE="2024-09-09" ENDDATE="2079-06-06" ISACTUAL="1" ISACTIVE="1" /><STEAD ID="68663886" OBJECTID="165150443" OBJECTGUID="d4183cf4-c558-41be-9a19-0a53cd790591" CHANGEID="600791325" NUMBER="18" OPERTYPEID="10" PREVID="0" NEXTID="0" UPDATEDATE="2024-09-09" STARTDATE="2024-09-09" ENDDATE="2079-06-06" ISACTUAL="1" ISACTIVE="1" /><STEAD ID="68663958" OBJECTID="165150547" OBJECTGUID="04251dd5-89d9-4ae9-a465-974014ca2627" CHANGEID="600791504" NUMBER="37" OPERTYPEID="10" PREVID="0" NEXTID="0" UPDATEDATE="2024-09-09" STARTDATE="2024-09-09" ENDDATE="2079-06-06" ISACTUAL="1" ISACTIVE="1" /><STEAD ID="68664060" OBJECTID="165150648" OBJECTGUID="08969c62-a4dc-45f6-a91c-6f08bd089f55" CHANGEID="600791803" NUMBER="33" OPERTYPEID="10" PREVID="0" NEXTID="0" UPDATEDATE="2024-09-09" STARTDATE="2024-09-09" ENDDATE="2079-06-06" ISACTUAL="1" ISACTIVE="1" /><STEAD ID="68664075" OBJECTID="165150659" OBJECTGUID="ccb70ead-26e1-4bd9-a896-e6c62fcf4237" CHANGEID="600791832" NUMBER="21" OPERTYPEID="10" PREVID="0" NEXTID="0" UPDATEDATE="2024-09-09" STARTDATE="2024-09-09" ENDDATE="2079-06-06" ISACTUAL="1" ISACTIVE="1" /><STEAD ID="68664100" OBJECTID="165150676" OBJECTGUID="f5cbd898-5dd1-4d1c-80a6-b8cd81ac42c4" CHANGEID="600791867" NUMBER="44" OPERTYPEID="10" PREVID="0" NEXTID="0" UPDATEDATE="2024-09-09" STARTDATE="2024-09-09" ENDDATE="2079-06-06" ISACTUAL="1" ISACTIVE="1" /><STEAD ID="68664175" OBJECTID="165150752" OBJECTGUID="932b8521-3439-4835-93c8-977212631487" CHANGEID="600795800" NUMBER="37/2" OPERTYPEID="10" PREVID="0" NEXTID="0" UPDATEDATE="2024-09-09" STARTDATE="2024-09-09" ENDDATE="2079-06-06" ISACTUAL="1" ISACTIVE="1" /><STEAD ID="68664174" OBJECTID="165150751" OBJECTGUID="ea2433f4-c79a-4983-8f76-7ad2e5a01924" CHANGEID="600795799" NUMBER="249" OPERTYPEID="10" PREVID="0" NEXTID="0" UPDATEDATE="2024-09-09" STARTDATE="2024-09-09" ENDDATE="2079-06-06" ISACTUAL="1" ISACTIVE="1" /><STEAD ID="68664204" OBJECTID="165150782" OBJECTGUID="769e295b-11c7-4712-ab7a-cadf0fa0887e" CHANGEID="600795842" NUMBER="98а" OPERTYPEID="10" PREVID="0" NEXTID="0" UPDATEDATE="2024-09-09" STARTDATE="2024-09-09" ENDDATE="2079-06-06" ISACTUAL="1" ISACTIVE="1" /><STEAD ID="68664257" OBJECTID="165150821" OBJECTGUID="1c96044a-56b5-4741-82db-940866f1d9ee" CHANGEID="600795914" NUMBER="111" OPERTYPEID="10" PREVID="0" NEXTID="0" UPDATEDATE="2024-09-09" STARTDATE="2024-09-09" ENDDATE="2079-06-06" ISACTUAL="1" ISACTIVE="1" /><STEAD ID="68664317" OBJECTID="165150913" OBJECTGUID="9d4dd233-10e2-44f2-8141-531c49c63787" CHANGEID="600796059" NUMBER="411" OPERTYPEID="10" PREVID="0" NEXTID="0" UPDATEDATE="2024-09-09" STARTDATE="2024-09-09" ENDDATE="2079-06-06" ISACTUAL="1" ISACTIVE="1" /><STEAD ID="68664343" OBJECTID="165150931" OBJECTGUID="cb9ebb32-1608-4049-b8a6-085b9499b196" CHANGEID="600796089" NUMBER="246" OPERTYPEID="10" PREVID="0" NEXTID="0" UPDATEDATE="2024-09-09" STARTDATE="2024-09-09" ENDDATE="2079-06-06" ISACTUAL="1" ISACTIVE="1" /><STEAD ID="68664362" OBJECTID="165150963" OBJECTGUID="8be84c2e-420c-481f-aa3a-8256cbb8023d" CHANGEID="600796138" NUMBER="499" OPERTYPEID="10" PREVID="0" NEXTID="0" UPDATEDATE="2024-09-09" STARTDATE="2024-09-09" ENDDATE="2079-06-06" ISACTUAL="1" ISACTIVE="1" /><STEAD ID="68664354" OBJECTID="165150954" OBJECTGUID="edded149-a607-486d-b025-69d313d988cb" CHANGEID="600796125" NUMBER="18/19" OPERTYPEID="10" PREVID="0" NEXTID="0" UPDATEDATE="2024-09-09" STARTDATE="2024-09-09" ENDDATE="2079-06-06" ISACTUAL="1" ISACTIVE="1" /><STEAD ID="68673911" OBJECTID="165167901" OBJECTGUID="ca01f5d6-6b5e-4830-af7b-beedc4e68fb2" CHANGEID="600823621" NUMBER="18А" OPERTYPEID="10" PREVID="0" NEXTID="0" UPDATEDATE="2024-09-10" STARTDATE="2024-09-10" ENDDATE="2079-06-06" ISACTUAL="1" ISACTIVE="1" /><STEAD ID="68676359" OBJECTID="165171384" OBJECTGUID="c32c0e34-840d-46c0-9a74-29b29d09949b" CHANGEID="600828477" NUMBER="3А" OPERTYPEID="10" PREVID="0" NEXTID="0" UPDATEDATE="2024-09-10" STARTDATE="2024-09-10" ENDDATE="2079-06-06" ISACTUAL="1" ISACTIVE="1" /><STEAD ID="68677064" OBJECTID="165172429" OBJECTGUID="c9f7cf8d-9ec9-43b0-9118-556adb7b7b0d" CHANGEID="600830310" NUMBER="92" OPERTYPEID="10" PREVID="0" NEXTID="0" UPDATEDATE="2024-09-10" STARTDATE="2024-09-10" ENDDATE="2079-06-06" ISACTUAL="1" ISACTIVE="1" /><STEAD ID="66114947" OBJECTID="157467410" OBJECTGUID="798daf8c-4a86-448b-bb5e-3a4b7f30e6bf" CHANGEID="489075270" NUMBER="36" OPERTYPEID="10" PREVID="0" NEXTID="68677558" UPDATEDATE="2024-09-10" STARTDATE="2022-12-13" ENDDATE="2024-09-10" ISACTUAL="0" ISACTIVE="0" /><STEAD ID="68677558" OBJECTID="157467410" OBJECTGUID="798daf8c-4a86-448b-bb5e-3a4b7f30e6bf" CHANGEID="600831841" NUMBER="8" OPERTYPEID="50" PREVID="66114947" UPDATEDATE="2024-09-10" STARTDATE="2024-09-10" ENDDATE="2079-06-06" ISACTUAL="1" ISACTIVE="1" /><STEAD ID="68677574" OBJECTID="165173298" OBJECTGUID="c057922d-bf36-42f6-8583-292f2eaeb65f" CHANGEID="600831884" NUMBER="95а/1" OPERTYPEID="10" PREVID="0" NEXTID="0" UPDATEDATE="2024-09-10" STARTDATE="2024-09-10" ENDDATE="2079-06-06" ISACTUAL="1" ISACTIVE="1" /><STEAD ID="66114946" OBJECTID="157467409" OBJECTGUID="7573120f-0bf2-4221-819c-4796e85f1248" CHANGEID="489075269" NUMBER="35" OPERTYPEID="10" PREVID="0" NEXTID="68677601" UPDATEDATE="2024-09-10" STARTDATE="2022-12-13" ENDDATE="2024-09-10" ISACTUAL="0" ISACTIVE="0" /><STEAD ID="68677601" OBJECTID="157467409" OBJECTGUID="7573120f-0bf2-4221-819c-4796e85f1248" CHANGEID="600831931" NUMBER="22" OPERTYPEID="50" PREVID="66114946" UPDATEDATE="2024-09-10" STARTDATE="2024-09-10" ENDDATE="2079-06-06" ISACTUAL="1" ISACTIVE="1" /><STEAD ID="68677569" OBJECTID="165173293" OBJECTGUID="e585f1eb-fb82-4aa9-99c4-75e15ecfcf3d" CHANGEID="600831861" NUMBER="95а" OPERTYPEID="10" PREVID="0" NEXTID="0" UPDATEDATE="2024-09-10" STARTDATE="2024-09-10" ENDDATE="2079-06-06" ISACTUAL="1" ISACTIVE="1" /><STEAD ID="66114945" OBJECTID="157467408" OBJECTGUID="cfaa9234-47f5-491c-b0ed-30a1905c463a" CHANGEID="489075268" NUMBER="22" OPERTYPEID="10" PREVID="0" NEXTID="68677718" UPDATEDATE="2024-09-10" STARTDATE="2022-12-13" ENDDATE="2024-09-10" ISACTUAL="0" ISACTIVE="0" /><STEAD ID="68677718" OBJECTID="157467408" OBJECTGUID="cfaa9234-47f5-491c-b0ed-30a1905c463a" CHANGEID="600832131" NUMBER="6" OPERTYPEID="50" PREVID="66114945" UPDATEDATE="2024-09-10" STARTDATE="2024-09-10" ENDDATE="2079-06-06" ISACTUAL="1" ISACTIVE="1" /><STEAD ID="68678638" OBJECTID="165174892" OBJECTGUID="f24de603-a92d-4685-9b31-309d5a88df21" CHANGEID="600834555" NUMBER="44" OPERTYPEID="10" PREVID="0" NEXTID="0" UPDATEDATE="2024-09-10" STARTDATE="2024-09-10" ENDDATE="2079-06-06" ISACTUAL="1" ISACTIVE="1" /><STEAD ID="68679361" OBJECTID="165176639" OBJECTGUID="d34a0809-9a03-4495-aff6-c4d499906a49" CHANGEID="600836803" NUMBER="9" OPERTYPEID="10" PREVID="0" NEXTID="0" UPDATEDATE="2024-09-10" STARTDATE="2024-09-10" ENDDATE="2079-06-06" ISACTUAL="1" ISACTIVE="1" /><STEAD ID="68679415" OBJECTID="165176726" OBJECTGUID="96491abe-a237-45f0-a6a7-f9892794ecf0" CHANGEID="600836942" NUMBER="143" OPERTYPEID="10" PREVID="0" NEXTID="0" UPDATEDATE="2024-09-10" STARTDATE="2024-09-10" ENDDATE="2079-06-06" ISACTUAL="1" ISACTIVE="1" /><STEAD ID="68679429" OBJECTID="165176749" OBJECTGUID="b9951307-ac5d-4845-a3e9-28f6a3f12a58" CHANGEID="600836976" NUMBER="23р" OPERTYPEID="10" PREVID="0" NEXTID="0" UPDATEDATE="2024-09-10" STARTDATE="2024-09-10" ENDDATE="2079-06-06" ISACTUAL="1" ISACTIVE="1" /><STEAD ID="68680591" OBJECTID="165178236" OBJECTGUID="10d6dd65-3154-4c7e-8c62-1e4fcf768d79" CHANGEID="600839183" NUMBER="2Е" OPERTYPEID="10" PREVID="0" NEXTID="0" UPDATEDATE="2024-09-10" STARTDATE="2024-09-10" ENDDATE="2079-06-06" ISACTUAL="1" ISACTIVE="1" /><STEAD ID="68680819" OBJECTID="165178502" OBJECTGUID="fedef1c0-09ad-4834-b1e5-4d6ede772773" CHANGEID="600839625" NUMBER="22" OPERTYPEID="10" PREVID="0" NEXTID="0" UPDATEDATE="2024-09-10" STARTDATE="2024-09-10" ENDDATE="2079-06-06" ISACTUAL="1" ISACTIVE="1" /><STEAD ID="68681167" OBJECTID="165179238" OBJECTGUID="907ac0a5-6bce-4bc9-92d3-e1dab2545d0f" CHANGEID="600841034" NUMBER="24" OPERTYPEID="10" PREVID="0" NEXTID="0" UPDATEDATE="2024-09-10" STARTDATE="2024-09-10" ENDDATE="2079-06-06" ISACTUAL="1" ISACTIVE="1" /><STEAD ID="68681268" OBJECTID="165179376" OBJECTGUID="c1b37b12-ab90-4e6b-99b5-2236c1fbc8f4" CHANGEID="600841306" NUMBER="20А" OPERTYPEID="10" PREVID="0" NEXTID="0" UPDATEDATE="2024-09-10" STARTDATE="2024-09-10" ENDDATE="2079-06-06" ISACTUAL="1" ISACTIVE="1" /><STEAD ID="68681269" OBJECTID="165179377" OBJECTGUID="1d9d5f38-d6f0-48c6-a550-18aaec97d8aa" CHANGEID="600841307" NUMBER="20" OPERTYPEID="10" PREVID="0" NEXTID="0" UPDATEDATE="2024-09-10" STARTDATE="2024-09-10" ENDDATE="2079-06-06" ISACTUAL="1" ISACTIVE="1" /><STEAD ID="68681290" OBJECTID="165179400" OBJECTGUID="12a9be9c-3748-4635-969a-3ae82aac2341" CHANGEID="600841351" NUMBER="21" OPERTYPEID="10" PREVID="0" NEXTID="0" UPDATEDATE="2024-09-10" STARTDATE="2024-09-10" ENDDATE="2079-06-06" ISACTUAL="1" ISACTIVE="1" /><STEAD ID="68681276" OBJECTID="165179385" OBJECTGUID="677257ce-7758-44ec-8129-40e137a7aa31" CHANGEID="600841320" NUMBER="14Б" OPERTYPEID="10" PREVID="0" NEXTID="0" UPDATEDATE="2024-09-10" STARTDATE="2024-09-10" ENDDATE="2079-06-06" ISACTUAL="1" ISACTIVE="1" /><STEAD ID="68681323" OBJECTID="165179437" OBJECTGUID="c39f8b8d-954e-4567-9a88-fff4099a8dac" CHANGEID="600841402" NUMBER="204" OPERTYPEID="10" PREVID="0" NEXTID="0" UPDATEDATE="2024-09-10" STARTDATE="2024-09-10" ENDDATE="2079-06-06" ISACTUAL="1" ISACTIVE="1" /><STEAD ID="68681367" OBJECTID="165179482" OBJECTGUID="3857c3e8-7c97-4bd6-bfca-6660aca60abe" CHANGEID="600841577" NUMBER="39/3" OPERTYPEID="10" PREVID="0" NEXTID="0" UPDATEDATE="2024-09-10" STARTDATE="2024-09-10" ENDDATE="2079-06-06" ISACTUAL="1" ISACTIVE="1" /><STEAD ID="68681340" OBJECTID="165179457" OBJECTGUID="e5dc17fc-7a41-430b-8592-fc57341e8a05" CHANGEID="600841433" NUMBER="35" OPERTYPEID="10" PREVID="0" NEXTID="0" UPDATEDATE="2024-09-10" STARTDATE="2024-09-10" ENDDATE="2079-06-06" ISACTUAL="1" ISACTIVE="1" /><STEAD ID="68681354" OBJECTID="165179470" OBJECTGUID="3ac1344e-43c6-4523-9f2a-652de77dd573" CHANGEID="600841467" NUMBER="4а" OPERTYPEID="10" PREVID="0" NEXTID="0" UPDATEDATE="2024-09-10" STARTDATE="2024-09-10" ENDDATE="2079-06-06" ISACTUAL="1" ISACTIVE="1" /><STEAD ID="68682988" OBJECTID="165182504" OBJECTGUID="143a2103-3d4b-4548-b330-b8a32931ecb6" CHANGEID="600847142" NUMBER="16/1" OPERTYPEID="10" PREVID="0" NEXTID="0" UPDATEDATE="2024-09-10" STARTDATE="2024-09-10" ENDDATE="2079-06-06" ISACTUAL="1" ISACTIVE="1" /><STEAD ID="68683144" OBJECTID="165182695" OBJECTGUID="49258429-2fa9-4e30-a4f3-2aec4c67fd4c" CHANGEID="600847436" NUMBER="17А" OPERTYPEID="10" PREVID="0" NEXTID="0" UPDATEDATE="2024-09-10" STARTDATE="2024-09-10" ENDDATE="2079-06-06" ISACTUAL="1" ISACTIVE="1" /><STEAD ID="68683429" OBJECTID="165183090" OBJECTGUID="bbd4feb0-ec2a-4a00-8002-6d97be4ae242" CHANGEID="600848115" NUMBER="144" OPERTYPEID="10" PREVID="0" NEXTID="0" UPDATEDATE="2024-09-10" STARTDATE="2024-09-10" ENDDATE="2079-06-06" ISACTUAL="1" ISACTIVE="1" /><STEAD ID="68683462" OBJECTID="165183133" OBJECTGUID="72e5a89f-377e-4ac3-8ffa-61d035713d57" CHANGEID="600848180" NUMBER="25/15" OPERTYPEID="10" PREVID="0" NEXTID="0" UPDATEDATE="2024-09-10" STARTDATE="2024-09-10" ENDDATE="2079-06-06" ISACTUAL="1" ISACTIVE="1" /><STEAD ID="68687367" OBJECTID="165190085" OBJECTGUID="752d4468-fbac-4c90-9425-cd62a7118826" CHANGEID="600882936" NUMBER="3/1" OPERTYPEID="10" PREVID="0" NEXTID="0" UPDATEDATE="2024-09-11" STARTDATE="2024-09-11" ENDDATE="2079-06-06" ISACTUAL="1" ISACTIVE="1" /><STEAD ID="68696305" OBJECTID="165208234" OBJECTGUID="dad916c7-3e3e-4582-ad1e-701f5c7dfe0c" CHANGEID="600908725" NUMBER="29а" OPERTYPEID="10" PREVID="0" NEXTID="0" UPDATEDATE="2024-09-11" STARTDATE="2024-09-11" ENDDATE="2079-06-06" ISACTUAL="1" ISACTIVE="1" /><STEAD ID="68699556" OBJECTID="165213403" OBJECTGUID="a7a84d7b-56d5-4e3c-bbe5-45472e9972b2" CHANGEID="600917489" NUMBER="48" OPERTYPEID="10" PREVID="0" NEXTID="0" UPDATEDATE="2024-09-11" STARTDATE="2024-09-11" ENDDATE="2079-06-06" ISACTUAL="1" ISACTIVE="1" /><STEAD ID="68700620" OBJECTID="165214880" OBJECTGUID="c0d37e5f-c161-487f-a906-e762957e980a" CHANGEID="600920554" NUMBER="1" OPERTYPEID="10" PREVID="0" NEXTID="0" UPDATEDATE="2024-09-11" STARTDATE="2024-09-11" ENDDATE="2079-06-06" ISACTUAL="1" ISACTIVE="1" /><STEAD ID="68704183" OBJECTID="165220426" OBJECTGUID="2223c34f-454e-43cc-86d7-dfaacf2ea391" CHANGEID="600930899" NUMBER="22" OPERTYPEID="10" PREVID="0" NEXTID="0" UPDATEDATE="2024-09-11" STARTDATE="2024-09-11" ENDDATE="2079-06-06" ISACTUAL="1" ISACTIVE="1" /><STEAD ID="68704424" OBJECTID="165220701" OBJECTGUID="2e497e01-bd7d-453d-8ef8-96d62264636b" CHANGEID="600931588" NUMBER="16" OPERTYPEID="10" PREVID="0" NEXTID="0" UPDATEDATE="2024-09-11" STARTDATE="2024-09-11" ENDDATE="2079-06-06" ISACTUAL="1" ISACTIVE="1" /><STEAD ID="68704633" OBJECTID="165220960" OBJECTGUID="9d34d2ce-099c-445f-b06a-aca0491158c6" CHANGEID="600931960" NUMBER="8" OPERTYPEID="10" PREVID="0" NEXTID="0" UPDATEDATE="2024-09-11" STARTDATE="2024-09-11" ENDDATE="2079-06-06" ISACTUAL="1" ISACTIVE="1" /><STEAD ID="68704953" OBJECTID="165221584" OBJECTGUID="381def5c-aa68-4167-9f86-9ec81048f316" CHANGEID="600933059" NUMBER="102А" OPERTYPEID="10" PREVID="0" NEXTID="0" UPDATEDATE="2024-09-11" STARTDATE="2024-09-11" ENDDATE="2079-06-06" ISACTUAL="1" ISACTIVE="1" /></STEADS>