﻿<?xml version="1.0" encoding="utf-8"?><ADDRESSOBJECTS><OBJECT ID="708914" OBJECTID="584446" OBJECTGUID="2c2dce88-51f2-44d2-9b49-bf84221072b4" CHANGEID="1523596" NAME="Садовая" TYPENAME="ул" LEVEL="8" OPERTYPEID="1" PREVID="0" NEXTID="52126104" UPDATEDATE="2024-09-09" STARTDATE="1900-01-01" ENDDATE="2024-09-09" ISACTUAL="0" ISACTIVE="0" /><OBJECT ID="52125789" OBJECTID="165076540" OBJECTGUID="72f9c716-ec33-42f0-a8e2-3b975e63103d" CHANGEID="600537283" NAME="Ореховая" TYPENAME="ул." LEVEL="8" OPERTYPEID="10" PREVID="0" NEXTID="0" UPDATEDATE="2024-09-05" STARTDATE="2024-09-05" ENDDATE="2079-06-06" ISACTUAL="1" ISACTIVE="1" /><OBJECT ID="52125790" OBJECTID="165076541" OBJECTGUID="da7b0939-3a83-46e2-92ce-345e4fdd585a" CHANGEID="600537284" NAME="Тепличная" TYPENAME="ул." LEVEL="8" OPERTYPEID="10" PREVID="0" NEXTID="0" UPDATEDATE="2024-09-05" STARTDATE="2024-09-05" ENDDATE="2079-06-06" ISACTUAL="1" ISACTIVE="1" /><OBJECT ID="52125870" OBJECTID="165099596" OBJECTGUID="835a999e-a7fb-4f17-93c4-7e20b2f21f0f" CHANGEID="600578029" NAME="36:22:3300007" TYPENAME="кв-л" LEVEL="7" OPERTYPEID="10" PREVID="0" NEXTID="0" UPDATEDATE="2024-09-06" STARTDATE="2024-09-06" ENDDATE="2079-06-06" ISACTUAL="1" ISACTIVE="1" /><OBJECT ID="52125871" OBJECTID="165099597" OBJECTGUID="c1c3678d-f0e2-40c1-9256-b47fac454050" CHANGEID="600578030" NAME="36:22:3300008" TYPENAME="кв-л" LEVEL="7" OPERTYPEID="10" PREVID="0" NEXTID="0" UPDATEDATE="2024-09-06" STARTDATE="2024-09-06" ENDDATE="2079-06-06" ISACTUAL="1" ISACTIVE="1" /><OBJECT ID="52125872" OBJECTID="165099598" OBJECTGUID="f49cff43-ae54-48b1-9e92-63318952748c" CHANGEID="600578031" NAME="36:22:3300009" TYPENAME="кв-л" LEVEL="7" OPERTYPEID="10" PREVID="0" NEXTID="0" UPDATEDATE="2024-09-06" STARTDATE="2024-09-06" ENDDATE="2079-06-06" ISACTUAL="1" ISACTIVE="1" /><OBJECT ID="52125873" OBJECTID="165099599" OBJECTGUID="d61e10df-2f2b-4359-8617-57a3a1607ab1" CHANGEID="600578032" NAME="36:22:3300010" TYPENAME="кв-л" LEVEL="7" OPERTYPEID="10" PREVID="0" NEXTID="0" UPDATEDATE="2024-09-06" STARTDATE="2024-09-06" ENDDATE="2079-06-06" ISACTUAL="1" ISACTIVE="1" /><OBJECT ID="52125874" OBJECTID="165099600" OBJECTGUID="4e170bbe-3650-4449-a300-ed1d856c1696" CHANGEID="600578033" NAME="36:22:3300011" TYPENAME="кв-л" LEVEL="7" OPERTYPEID="10" PREVID="0" NEXTID="0" UPDATEDATE="2024-09-06" STARTDATE="2024-09-06" ENDDATE="2079-06-06" ISACTUAL="1" ISACTIVE="1" /><OBJECT ID="52125875" OBJECTID="165099601" OBJECTGUID="3dc8d443-dccb-43f3-afb8-335c0ff0ed26" CHANGEID="600578034" NAME="36:22:3300013" TYPENAME="кв-л" LEVEL="7" OPERTYPEID="10" PREVID="0" NEXTID="0" UPDATEDATE="2024-09-06" STARTDATE="2024-09-06" ENDDATE="2079-06-06" ISACTUAL="1" ISACTIVE="1" /><OBJECT ID="52125876" OBJECTID="165099602" OBJECTGUID="6c424ead-4be0-4e02-8354-46fdf2896573" CHANGEID="600578035" NAME="36:22:3400009" TYPENAME="кв-л" LEVEL="7" OPERTYPEID="10" PREVID="0" NEXTID="0" UPDATEDATE="2024-09-06" STARTDATE="2024-09-06" ENDDATE="2079-06-06" ISACTUAL="1" ISACTIVE="1" /><OBJECT ID="52125877" OBJECTID="165099603" OBJECTGUID="f5b869de-aab2-4e0f-ad09-728a1be8521b" CHANGEID="600578036" NAME="36:22:3400011" TYPENAME="кв-л" LEVEL="7" OPERTYPEID="10" PREVID="0" NEXTID="0" UPDATEDATE="2024-09-06" STARTDATE="2024-09-06" ENDDATE="2079-06-06" ISACTUAL="1" ISACTIVE="1" /><OBJECT ID="52125878" OBJECTID="165099604" OBJECTGUID="bc9f64f5-b14f-4fb5-9c80-52b6babb5bbf" CHANGEID="600578037" NAME="36:22:0000000" TYPENAME="кв-л" LEVEL="7" OPERTYPEID="10" PREVID="0" NEXTID="0" UPDATEDATE="2024-09-06" STARTDATE="2024-09-06" ENDDATE="2079-06-06" ISACTUAL="1" ISACTIVE="1" /><OBJECT ID="52126063" OBJECTID="165138738" OBJECTGUID="a7bf6e26-a812-41f9-be27-13242a9dc15d" CHANGEID="600772103" NAME="36:05:1800004" TYPENAME="кв-л" LEVEL="7" OPERTYPEID="10" PREVID="0" NEXTID="0" UPDATEDATE="2024-09-09" STARTDATE="2024-09-09" ENDDATE="2079-06-06" ISACTUAL="1" ISACTIVE="1" /><OBJECT ID="52126104" OBJECTID="584446" OBJECTGUID="2c2dce88-51f2-44d2-9b49-bf84221072b4" CHANGEID="600782072" NAME="Садовая" TYPENAME="ул" LEVEL="8" OPERTYPEID="30" PREVID="708914" NEXTID="0" UPDATEDATE="2024-09-09" STARTDATE="2024-09-09" ENDDATE="2079-06-06" ISACTUAL="1" ISACTIVE="0" /><OBJECT ID="52126105" OBJECTID="586265" OBJECTGUID="36a4692e-6beb-4073-a814-41acb3351895" CHANGEID="600782073" NAME="Молодежная" TYPENAME="ул" LEVEL="8" OPERTYPEID="30" PREVID="710891" NEXTID="0" UPDATEDATE="2024-09-09" STARTDATE="2024-09-09" ENDDATE="2079-06-06" ISACTUAL="1" ISACTIVE="0" /><OBJECT ID="710891" OBJECTID="586265" OBJECTGUID="36a4692e-6beb-4073-a814-41acb3351895" CHANGEID="1527280" NAME="Молодежная" TYPENAME="ул" LEVEL="8" OPERTYPEID="1" PREVID="0" NEXTID="52126105" UPDATEDATE="2024-09-09" STARTDATE="1900-01-01" ENDDATE="2024-09-09" ISACTUAL="0" ISACTIVE="0" /><OBJECT ID="52126106" OBJECTID="585725" OBJECTGUID="7a8193ca-f962-4c1a-ac7a-859224ec5893" CHANGEID="600782074" NAME="Новый" TYPENAME="пер" LEVEL="8" OPERTYPEID="30" PREVID="710300" NEXTID="0" UPDATEDATE="2024-09-09" STARTDATE="2024-09-09" ENDDATE="2079-06-06" ISACTUAL="1" ISACTIVE="0" /><OBJECT ID="710300" OBJECTID="585725" OBJECTGUID="7a8193ca-f962-4c1a-ac7a-859224ec5893" CHANGEID="1526180" NAME="Новый" TYPENAME="пер" LEVEL="8" OPERTYPEID="1" PREVID="0" NEXTID="52126106" UPDATEDATE="2024-09-09" STARTDATE="1900-01-01" ENDDATE="2024-09-09" ISACTUAL="0" ISACTIVE="0" /><OBJECT ID="52126107" OBJECTID="584783" OBJECTGUID="b4596dc4-96c1-47b4-a22d-81506293c41e" CHANGEID="600782075" NAME="Дорожная" TYPENAME="ул" LEVEL="8" OPERTYPEID="30" PREVID="709285" NEXTID="0" UPDATEDATE="2024-09-09" STARTDATE="2024-09-09" ENDDATE="2079-06-06" ISACTUAL="1" ISACTIVE="0" /><OBJECT ID="709285" OBJECTID="584783" OBJECTGUID="b4596dc4-96c1-47b4-a22d-81506293c41e" CHANGEID="1524309" NAME="Дорожная" TYPENAME="ул" LEVEL="8" OPERTYPEID="1" PREVID="0" NEXTID="52126107" UPDATEDATE="2024-09-09" STARTDATE="1900-01-01" ENDDATE="2024-09-09" ISACTUAL="0" ISACTIVE="0" /><OBJECT ID="52126289" OBJECTID="165164884" OBJECTGUID="7ece0e8d-3bae-4175-9fce-8178b78dd413" CHANGEID="600818999" NAME="36:21:0000000" TYPENAME="кв-л" LEVEL="7" OPERTYPEID="10" PREVID="0" NEXTID="0" UPDATEDATE="2024-09-10" STARTDATE="2024-09-10" ENDDATE="2079-06-06" ISACTUAL="1" ISACTIVE="1" /><OBJECT ID="52126290" OBJECTID="165164885" OBJECTGUID="b69ba1ab-0adf-497a-8f98-512ee7c9e25a" CHANGEID="600819000" NAME="36:21:8500001" TYPENAME="кв-л" LEVEL="7" OPERTYPEID="10" PREVID="0" NEXTID="0" UPDATEDATE="2024-09-10" STARTDATE="2024-09-10" ENDDATE="2079-06-06" ISACTUAL="1" ISACTIVE="1" /><OBJECT ID="52126291" OBJECTID="165164886" OBJECTGUID="1cd177e1-15e0-4ef9-9fba-4499f25b0194" CHANGEID="600819001" NAME="36:21:8500002" TYPENAME="кв-л" LEVEL="7" OPERTYPEID="10" PREVID="0" NEXTID="0" UPDATEDATE="2024-09-10" STARTDATE="2024-09-10" ENDDATE="2079-06-06" ISACTUAL="1" ISACTIVE="1" /><OBJECT ID="52126292" OBJECTID="165164887" OBJECTGUID="7a8413f8-cba1-4928-81f5-9c01ea0804bb" CHANGEID="600819002" NAME="36:21:8500003" TYPENAME="кв-л" LEVEL="7" OPERTYPEID="10" PREVID="0" NEXTID="0" UPDATEDATE="2024-09-10" STARTDATE="2024-09-10" ENDDATE="2079-06-06" ISACTUAL="1" ISACTIVE="1" /><OBJECT ID="52126293" OBJECTID="165164888" OBJECTGUID="a30cd903-443d-485f-955b-6a45dfe150c3" CHANGEID="600819003" NAME="36:21:8500004" TYPENAME="кв-л" LEVEL="7" OPERTYPEID="10" PREVID="0" NEXTID="0" UPDATEDATE="2024-09-10" STARTDATE="2024-09-10" ENDDATE="2079-06-06" ISACTUAL="1" ISACTIVE="1" /><OBJECT ID="52126294" OBJECTID="165164889" OBJECTGUID="7ae80aec-fc49-462f-9724-4340f681bc46" CHANGEID="600819004" NAME="36:21:8500005" TYPENAME="кв-л" LEVEL="7" OPERTYPEID="10" PREVID="0" NEXTID="0" UPDATEDATE="2024-09-10" STARTDATE="2024-09-10" ENDDATE="2079-06-06" ISACTUAL="1" ISACTIVE="1" /><OBJECT ID="52126295" OBJECTID="165164890" OBJECTGUID="c352f903-4d4c-4376-b5d0-3d3d6e2d78ea" CHANGEID="600819005" NAME="36:21:8500006" TYPENAME="кв-л" LEVEL="7" OPERTYPEID="10" PREVID="0" NEXTID="0" UPDATEDATE="2024-09-10" STARTDATE="2024-09-10" ENDDATE="2079-06-06" ISACTUAL="1" ISACTIVE="1" /><OBJECT ID="52126398" OBJECTID="581169" OBJECTGUID="216f839d-5610-4f13-b030-3ef599891182" CHANGEID="600890741" NAME="Избище" TYPENAME="ул" LEVEL="8" OPERTYPEID="30" PREVID="705269" NEXTID="0" UPDATEDATE="2024-09-11" STARTDATE="2024-09-11" ENDDATE="2079-06-06" ISACTUAL="1" ISACTIVE="0" /><OBJECT ID="705269" OBJECTID="581169" OBJECTGUID="216f839d-5610-4f13-b030-3ef599891182" CHANGEID="1516759" NAME="Избище" TYPENAME="ул" LEVEL="8" OPERTYPEID="1" PREVID="0" NEXTID="52126398" UPDATEDATE="2024-09-11" STARTDATE="1900-01-01" ENDDATE="2024-09-11" ISACTUAL="0" ISACTIVE="0" /><OBJECT ID="52126399" OBJECTID="582040" OBJECTGUID="eb25edc0-83f5-460f-9fbf-c05857a32ec6" CHANGEID="600890742" NAME="Гусевка" TYPENAME="ул" LEVEL="8" OPERTYPEID="30" PREVID="706260" NEXTID="0" UPDATEDATE="2024-09-11" STARTDATE="2024-09-11" ENDDATE="2079-06-06" ISACTUAL="1" ISACTIVE="0" /><OBJECT ID="706260" OBJECTID="582040" OBJECTGUID="eb25edc0-83f5-460f-9fbf-c05857a32ec6" CHANGEID="1518668" NAME="Гусевка" TYPENAME="ул" LEVEL="8" OPERTYPEID="1" PREVID="0" NEXTID="52126399" UPDATEDATE="2024-09-11" STARTDATE="1900-01-01" ENDDATE="2024-09-11" ISACTUAL="0" ISACTIVE="0" /><OBJECT ID="52126422" OBJECTID="165198458" OBJECTGUID="edc368d1-261d-4438-99b2-0712d3aa4be5" CHANGEID="600895011" NAME="36:05:1800007" TYPENAME="кв-л" LEVEL="7" OPERTYPEID="10" PREVID="0" NEXTID="0" UPDATEDATE="2024-09-11" STARTDATE="2024-09-11" ENDDATE="2079-06-06" ISACTUAL="1" ISACTIVE="1" /><OBJECT ID="52126478" OBJECTID="165210246" OBJECTGUID="dff56d6f-50d6-4291-80b3-e5d9cefaa0ce" CHANGEID="600912114" NAME="36:21:8600002" TYPENAME="кв-л" LEVEL="7" OPERTYPEID="10" PREVID="0" NEXTID="0" UPDATEDATE="2024-09-11" STARTDATE="2024-09-11" ENDDATE="2079-06-06" ISACTUAL="1" ISACTIVE="1" /><OBJECT ID="52126479" OBJECTID="165210247" OBJECTGUID="87fe4013-11c3-40fa-8857-db1a474b703a" CHANGEID="600912115" NAME="36:21:8600003" TYPENAME="кв-л" LEVEL="7" OPERTYPEID="10" PREVID="0" NEXTID="0" UPDATEDATE="2024-09-11" STARTDATE="2024-09-11" ENDDATE="2079-06-06" ISACTUAL="1" ISACTIVE="1" /><OBJECT ID="52126480" OBJECTID="165210248" OBJECTGUID="bcf16275-cb52-4ef2-a4f4-130973b7a577" CHANGEID="600912116" NAME="36:21:8400009" TYPENAME="кв-л" LEVEL="7" OPERTYPEID="10" PREVID="0" NEXTID="0" UPDATEDATE="2024-09-11" STARTDATE="2024-09-11" ENDDATE="2079-06-06" ISACTUAL="1" ISACTIVE="1" /><OBJECT ID="52126481" OBJECTID="165210249" OBJECTGUID="d0fc3207-ebe3-4963-ba1b-d957f5d24f58" CHANGEID="600912117" NAME="36:21:8400010" TYPENAME="кв-л" LEVEL="7" OPERTYPEID="10" PREVID="0" NEXTID="0" UPDATEDATE="2024-09-11" STARTDATE="2024-09-11" ENDDATE="2079-06-06" ISACTUAL="1" ISACTIVE="1" /><OBJECT ID="52126491" OBJECTID="165211679" OBJECTGUID="1e98bb83-303e-4bc2-9ace-bac2ca3c0c7e" CHANGEID="600914967" NAME="36:21:8400001" TYPENAME="кв-л" LEVEL="7" OPERTYPEID="10" PREVID="0" NEXTID="0" UPDATEDATE="2024-09-11" STARTDATE="2024-09-11" ENDDATE="2079-06-06" ISACTUAL="1" ISACTIVE="1" /><OBJECT ID="52126509" OBJECTID="165216367" OBJECTGUID="25f44d65-0f25-44ea-bc85-270b6270afed" CHANGEID="600923025" NAME="36:31:4000008" TYPENAME="кв-л" LEVEL="7" OPERTYPEID="10" PREVID="0" NEXTID="0" UPDATEDATE="2024-09-11" STARTDATE="2024-09-11" ENDDATE="2079-06-06" ISACTUAL="1" ISACTIVE="1" /></ADDRESSOBJECTS>