﻿<?xml version="1.0" encoding="utf-8"?><ADDRESSOBJECTS><OBJECT ID="52125705" OBJECTID="165064413" OBJECTGUID="9e8dff4d-e113-4071-9b0e-6c9f6fbfa19a" CHANGEID="600518200" NAME="Надежды" TYPENAME="ул." LEVEL="8" OPERTYPEID="10" PREVID="0" NEXTID="0" UPDATEDATE="2024-09-05" STARTDATE="2024-09-05" ENDDATE="2079-06-06" ISACTUAL="1" ISACTIVE="1" /><OBJECT ID="52125706" OBJECTID="165064414" OBJECTGUID="fd1a6852-8181-4faa-bf61-0111ecb72a4c" CHANGEID="600518201" NAME="Новая" TYPENAME="ул." LEVEL="8" OPERTYPEID="10" PREVID="0" NEXTID="0" UPDATEDATE="2024-09-05" STARTDATE="2024-09-05" ENDDATE="2079-06-06" ISACTUAL="1" ISACTIVE="1" /><OBJECT ID="52125707" OBJECTID="165064415" OBJECTGUID="ed850068-4e29-40e2-957e-cd5975b38a12" CHANGEID="600518202" NAME="Лунная" TYPENAME="ул." LEVEL="8" OPERTYPEID="10" PREVID="0" NEXTID="0" UPDATEDATE="2024-09-05" STARTDATE="2024-09-05" ENDDATE="2079-06-06" ISACTUAL="1" ISACTIVE="1" /><OBJECT ID="52125708" OBJECTID="165064416" OBJECTGUID="3c10b238-bba8-4f11-ad5b-4d1ef95a2712" CHANGEID="600518203" NAME="Лесная" TYPENAME="ул." LEVEL="8" OPERTYPEID="10" PREVID="0" NEXTID="0" UPDATEDATE="2024-09-05" STARTDATE="2024-09-05" ENDDATE="2079-06-06" ISACTUAL="1" ISACTIVE="1" /><OBJECT ID="52125709" OBJECTID="1201186" OBJECTGUID="d8678009-35fd-45d3-869a-7bf345ea9128" CHANGEID="600518316" NAME="Стимул" TYPENAME="гск" LEVEL="7" OPERTYPEID="30" PREVID="1487550" NEXTID="0" UPDATEDATE="2024-09-05" STARTDATE="2024-09-05" ENDDATE="2079-06-06" ISACTUAL="1" ISACTIVE="0" /><OBJECT ID="1487550" OBJECTID="1201186" OBJECTGUID="d8678009-35fd-45d3-869a-7bf345ea9128" CHANGEID="3299176" NAME="Стимул" TYPENAME="гск" LEVEL="7" OPERTYPEID="50" PREVID="1487379" NEXTID="52125709" UPDATEDATE="2024-09-05" STARTDATE="2016-09-29" ENDDATE="2024-09-05" ISACTUAL="0" ISACTIVE="0" /><OBJECT ID="52125924" OBJECTID="165101014" OBJECTGUID="ba136bab-48e8-499e-98ac-a477461dea0c" CHANGEID="600580742" NAME="Владимира Казимирского" TYPENAME="ул." LEVEL="8" OPERTYPEID="10" PREVID="0" NEXTID="0" UPDATEDATE="2024-09-06" STARTDATE="2024-09-06" ENDDATE="2079-06-06" ISACTUAL="1" ISACTIVE="1" /><OBJECT ID="52125932" OBJECTID="165102436" OBJECTGUID="0fe86502-475c-4e08-aded-4b4a05527a89" CHANGEID="600583238" NAME="Рябиновая" TYPENAME="ул." LEVEL="8" OPERTYPEID="10" PREVID="0" NEXTID="0" UPDATEDATE="2024-09-06" STARTDATE="2024-09-06" ENDDATE="2079-06-06" ISACTUAL="1" ISACTIVE="1" /><OBJECT ID="52125933" OBJECTID="165102437" OBJECTGUID="9e2b9365-0d27-4b43-9cd6-d48bf638a02e" CHANGEID="600583239" NAME="Веселая" TYPENAME="ул." LEVEL="8" OPERTYPEID="10" PREVID="0" NEXTID="0" UPDATEDATE="2024-09-06" STARTDATE="2024-09-06" ENDDATE="2079-06-06" ISACTUAL="1" ISACTIVE="1" /><OBJECT ID="52125934" OBJECTID="165102438" OBJECTGUID="cf83f3e2-6801-4b20-b579-491079fa8d09" CHANGEID="600583240" NAME="Цветочная" TYPENAME="ул." LEVEL="8" OPERTYPEID="10" PREVID="0" NEXTID="0" UPDATEDATE="2024-09-06" STARTDATE="2024-09-06" ENDDATE="2079-06-06" ISACTUAL="1" ISACTIVE="1" /><OBJECT ID="52126150" OBJECTID="165147701" OBJECTGUID="3e27bc10-2f1b-47e8-876d-a355e473a722" CHANGEID="600786934" NAME="Центральная" TYPENAME="ул." LEVEL="8" OPERTYPEID="10" PREVID="0" NEXTID="0" UPDATEDATE="2024-09-09" STARTDATE="2024-09-09" ENDDATE="2079-06-06" ISACTUAL="1" ISACTIVE="1" /></ADDRESSOBJECTS>