﻿<?xml version="1.0" encoding="utf-8"?><HOUSES><HOUSE ID="29885450" OBJECTID="49963976" OBJECTGUID="439c4eb6-389b-4bc8-8959-2e669c20ab4a" CHANGEID="75011011" HOUSENUM="11" HOUSETYPE="2" OPERTYPEID="10" PREVID="0" NEXTID="126755612" UPDATEDATE="2024-09-11" STARTDATE="2012-05-04" ENDDATE="2024-09-11" ISACTUAL="0" ISACTIVE="0" /><HOUSE ID="29918783" OBJECTID="50018948" OBJECTGUID="623e7518-1332-429e-86a4-e5964f8858b9" CHANGEID="75091626" HOUSENUM="9" HOUSETYPE="2" OPERTYPEID="10" PREVID="0" NEXTID="126755611" UPDATEDATE="2024-09-11" STARTDATE="2012-05-04" ENDDATE="2024-09-11" ISACTUAL="0" ISACTIVE="0" /><HOUSE ID="30225660" OBJECTID="50538673" OBJECTGUID="f9ff69bc-e358-4f01-a53e-a609d1c24125" CHANGEID="75840521" HOUSENUM="7" HOUSETYPE="2" OPERTYPEID="10" PREVID="0" NEXTID="126756003" UPDATEDATE="2024-09-11" STARTDATE="2012-05-04" ENDDATE="2024-09-11" ISACTUAL="0" ISACTIVE="0" /><HOUSE ID="30274784" OBJECTID="50629974" OBJECTGUID="6442d7f5-a0ac-4f5e-b0e8-21f3ee7a656e" CHANGEID="75968368" HOUSENUM="6" HOUSETYPE="2" OPERTYPEID="10" PREVID="0" NEXTID="126756002" UPDATEDATE="2024-09-11" STARTDATE="2012-05-04" ENDDATE="2024-09-11" ISACTUAL="0" ISACTIVE="0" /><HOUSE ID="43021389" OBJECTID="71323367" OBJECTGUID="c529635f-00fc-4630-b1d5-c00d8648f364" CHANGEID="106234081" HOUSENUM="8" HOUSETYPE="2" OPERTYPEID="10" PREVID="0" NEXTID="126724587" UPDATEDATE="2024-09-05" STARTDATE="2012-02-10" ENDDATE="2024-09-05" ISACTUAL="0" ISACTIVE="0" /><HOUSE ID="43019371" OBJECTID="71320537" OBJECTGUID="5c246f0c-69ff-459f-a3ca-530a5e80c00f" CHANGEID="106229810" HOUSENUM="14" HOUSETYPE="2" OPERTYPEID="10" PREVID="0" NEXTID="126724588" UPDATEDATE="2024-09-05" STARTDATE="2012-02-10" ENDDATE="2024-09-05" ISACTUAL="0" ISACTIVE="0" /><HOUSE ID="48220046" OBJECTID="79755691" OBJECTGUID="1c829c05-026f-4170-be39-b16ddf5dcb72" CHANGEID="118537355" HOUSENUM="1-1" HOUSETYPE="2" OPERTYPEID="10" PREVID="0" NEXTID="126747706" UPDATEDATE="2024-09-10" STARTDATE="2012-06-28" ENDDATE="2024-09-10" ISACTUAL="0" ISACTIVE="0" /><HOUSE ID="48221386" OBJECTID="79758001" OBJECTGUID="cb87cfa1-d1a2-4ccf-9c67-d17e621725a5" CHANGEID="118540739" HOUSENUM="3-1" HOUSETYPE="2" OPERTYPEID="10" PREVID="0" NEXTID="126747703" UPDATEDATE="2024-09-10" STARTDATE="2012-06-28" ENDDATE="2024-09-10" ISACTUAL="0" ISACTIVE="0" /><HOUSE ID="48220943" OBJECTID="79757095" OBJECTGUID="6a56f600-4287-4c85-972a-c717267f7082" CHANGEID="118539428" HOUSENUM="10-1" HOUSETYPE="2" OPERTYPEID="10" PREVID="0" NEXTID="126747704" UPDATEDATE="2024-09-10" STARTDATE="2012-06-28" ENDDATE="2024-09-10" ISACTUAL="0" ISACTIVE="0" /><HOUSE ID="48220449" OBJECTID="79756492" OBJECTGUID="3aaf491b-70f3-4785-b85c-b2da999a4b40" CHANGEID="118538533" HOUSENUM="12-2" HOUSETYPE="2" OPERTYPEID="10" PREVID="0" NEXTID="126747705" UPDATEDATE="2024-09-10" STARTDATE="2012-06-28" ENDDATE="2024-09-10" ISACTUAL="0" ISACTIVE="0" /><HOUSE ID="48261892" OBJECTID="79821378" OBJECTGUID="70036579-7fd0-43fe-bc6b-087f611acdf6" CHANGEID="118634475" HOUSENUM="8-2" HOUSETYPE="2" OPERTYPEID="10" PREVID="0" NEXTID="126747697" UPDATEDATE="2024-09-10" STARTDATE="2012-06-28" ENDDATE="2024-09-10" ISACTUAL="0" ISACTIVE="0" /><HOUSE ID="48265323" OBJECTID="79824675" OBJECTGUID="8c19255b-4ea6-4ae9-b0a9-14021264014d" CHANGEID="118640155" HOUSENUM="6-2" HOUSETYPE="2" OPERTYPEID="10" PREVID="0" NEXTID="126747695" UPDATEDATE="2024-09-10" STARTDATE="2012-06-28" ENDDATE="2024-09-10" ISACTUAL="0" ISACTIVE="0" /><HOUSE ID="126333033" OBJECTID="163900257" OBJECTGUID="0affdf64-ea05-4046-83cf-7c4c70da2ca3" CHANGEID="596840862" HOUSENUM="7" HOUSETYPE="2" OPERTYPEID="10" PREVID="0" NEXTID="126754766" UPDATEDATE="2024-09-11" STARTDATE="2024-06-18" ENDDATE="2024-09-11" ISACTUAL="0" ISACTIVE="0" /><HOUSE ID="126333519" OBJECTID="163901150" OBJECTGUID="f39fe19f-3c58-4113-aea5-de983a1eb72c" CHANGEID="596842524" HOUSENUM="155" HOUSETYPE="2" OPERTYPEID="10" PREVID="0" NEXTID="126754765" UPDATEDATE="2024-09-11" STARTDATE="2024-06-18" ENDDATE="2024-09-11" ISACTUAL="0" ISACTIVE="0" /><HOUSE ID="126724507" OBJECTID="165056302" OBJECTGUID="065f3501-04bd-4c7f-8a7a-999069829e01" CHANGEID="600505161" HOUSENUM="3" HOUSETYPE="2" OPERTYPEID="10" PREVID="0" NEXTID="0" UPDATEDATE="2024-09-05" STARTDATE="2024-09-05" ENDDATE="2079-06-06" ISACTUAL="1" ISACTIVE="1" /><HOUSE ID="126724508" OBJECTID="165056304" OBJECTGUID="8df9b65c-86e1-4f6b-ba1e-0682429aa34d" CHANGEID="600505163" HOUSENUM="13" HOUSETYPE="2" OPERTYPEID="10" PREVID="0" NEXTID="0" UPDATEDATE="2024-09-05" STARTDATE="2024-09-05" ENDDATE="2079-06-06" ISACTUAL="1" ISACTIVE="1" /><HOUSE ID="126724509" OBJECTID="165056306" OBJECTGUID="c2b97b1d-0641-4813-9bee-c1ac5b1d649e" CHANGEID="600505165" HOUSENUM="17" HOUSETYPE="2" OPERTYPEID="10" PREVID="0" NEXTID="0" UPDATEDATE="2024-09-05" STARTDATE="2024-09-05" ENDDATE="2079-06-06" ISACTUAL="1" ISACTIVE="1" /><HOUSE ID="126724513" OBJECTID="165056436" OBJECTGUID="ac011a3e-ef9a-49bd-9134-075ddd4f7cf0" CHANGEID="600505318" HOUSENUM="20" HOUSETYPE="2" OPERTYPEID="10" PREVID="0" NEXTID="0" UPDATEDATE="2024-09-05" STARTDATE="2024-09-05" ENDDATE="2079-06-06" ISACTUAL="1" ISACTIVE="1" /><HOUSE ID="126724523" OBJECTID="165056762" OBJECTGUID="cdcce75a-d778-4ff3-8793-1f328109ae7a" CHANGEID="600505668" HOUSENUM="10" HOUSETYPE="2" OPERTYPEID="10" PREVID="0" NEXTID="0" UPDATEDATE="2024-09-05" STARTDATE="2024-09-05" ENDDATE="2079-06-06" ISACTUAL="1" ISACTIVE="1" /><HOUSE ID="126724524" OBJECTID="165056765" OBJECTGUID="3c59d4b4-6b99-4d8d-9e1a-2444a84fa436" CHANGEID="600505671" HOUSENUM="12" HOUSETYPE="2" OPERTYPEID="10" PREVID="0" NEXTID="0" UPDATEDATE="2024-09-05" STARTDATE="2024-09-05" ENDDATE="2079-06-06" ISACTUAL="1" ISACTIVE="1" /><HOUSE ID="126724543" OBJECTID="165056994" OBJECTGUID="e6f4fcad-1ac2-4cb7-9e38-3660ed197ad9" CHANGEID="600505992" HOUSENUM="11" HOUSETYPE="2" OPERTYPEID="10" PREVID="0" NEXTID="0" UPDATEDATE="2024-09-05" STARTDATE="2024-09-05" ENDDATE="2079-06-06" ISACTUAL="1" ISACTIVE="1" /><HOUSE ID="126724554" OBJECTID="165057021" OBJECTGUID="fdac128c-b4ef-4f15-aae4-b0c11bf1f2a5" CHANGEID="600506032" HOUSENUM="4" HOUSETYPE="2" OPERTYPEID="10" PREVID="0" NEXTID="0" UPDATEDATE="2024-09-05" STARTDATE="2024-09-05" ENDDATE="2079-06-06" ISACTUAL="1" ISACTIVE="1" /><HOUSE ID="37883856" OBJECTID="62996185" OBJECTGUID="587d8674-d06f-4adf-a033-804441842137" CHANGEID="94036576" HOUSENUM="8" HOUSETYPE="2" OPERTYPEID="10" PREVID="0" NEXTID="126724558" UPDATEDATE="2024-09-05" STARTDATE="2017-12-18" ENDDATE="2024-09-05" ISACTUAL="0" ISACTIVE="0" /><HOUSE ID="126724558" OBJECTID="62996185" OBJECTGUID="587d8674-d06f-4adf-a033-804441842137" CHANGEID="600506051" HOUSENUM="4" HOUSETYPE="2" OPERTYPEID="20" PREVID="37883856" UPDATEDATE="2024-09-05" STARTDATE="2024-09-05" ENDDATE="2079-06-06" ISACTUAL="1" ISACTIVE="1" /><HOUSE ID="126724571" OBJECTID="165057050" OBJECTGUID="5207c9ed-46f5-41ec-944c-111d824ec51f" CHANGEID="600506080" HOUSENUM="15" HOUSETYPE="2" OPERTYPEID="10" PREVID="0" NEXTID="0" UPDATEDATE="2024-09-05" STARTDATE="2024-09-05" ENDDATE="2079-06-06" ISACTUAL="1" ISACTIVE="1" /><HOUSE ID="126724587" OBJECTID="71323367" OBJECTGUID="c529635f-00fc-4630-b1d5-c00d8648f364" CHANGEID="600506407" HOUSENUM="8" HOUSETYPE="2" OPERTYPEID="30" PREVID="43021389" NEXTID="0" UPDATEDATE="2024-09-05" STARTDATE="2024-09-05" ENDDATE="2079-06-06" ISACTUAL="1" ISACTIVE="0" /><HOUSE ID="126724588" OBJECTID="71320537" OBJECTGUID="5c246f0c-69ff-459f-a3ca-530a5e80c00f" CHANGEID="600506408" HOUSENUM="14" HOUSETYPE="2" OPERTYPEID="30" PREVID="43019371" NEXTID="0" UPDATEDATE="2024-09-05" STARTDATE="2024-09-05" ENDDATE="2079-06-06" ISACTUAL="1" ISACTIVE="0" /><HOUSE ID="126725308" OBJECTID="165060928" OBJECTGUID="2e55fb7d-8cb5-4e33-acad-63e886065509" CHANGEID="600512292" HOUSENUM="11" HOUSETYPE="2" OPERTYPEID="10" PREVID="0" NEXTID="0" UPDATEDATE="2024-09-05" STARTDATE="2024-09-05" ENDDATE="2079-06-06" ISACTUAL="1" ISACTIVE="1" /><HOUSE ID="126731546" OBJECTID="165090061" OBJECTGUID="04082c16-c70f-4615-91c6-653cdbed96cd" CHANGEID="600560250" HOUSENUM="98" HOUSETYPE="2" OPERTYPEID="10" PREVID="0" NEXTID="0" UPDATEDATE="2024-09-06" STARTDATE="2024-09-06" ENDDATE="2079-06-06" ISACTUAL="1" ISACTIVE="1" /><HOUSE ID="126731571" OBJECTID="165090337" OBJECTGUID="18e77158-6b7f-4eb3-a0e0-07dc668b037d" CHANGEID="600560565" HOUSENUM="4Б" HOUSETYPE="7" OPERTYPEID="10" PREVID="0" NEXTID="0" UPDATEDATE="2024-09-06" STARTDATE="2024-09-06" ENDDATE="2079-06-06" ISACTUAL="1" ISACTIVE="1" /><HOUSE ID="126731572" OBJECTID="165090339" OBJECTGUID="70c72323-b4f2-44cf-90c0-7e9add5c346a" CHANGEID="600560570" HOUSENUM="133д" HOUSETYPE="2" OPERTYPEID="10" PREVID="0" NEXTID="0" UPDATEDATE="2024-09-06" STARTDATE="2024-09-06" ENDDATE="2079-06-06" ISACTUAL="1" ISACTIVE="1" /><HOUSE ID="126731585" OBJECTID="165090529" OBJECTGUID="14f6b843-ac7a-4f83-bc00-c68b583c5296" CHANGEID="600560846" HOUSENUM="91" ADDNUM1="1" HOUSETYPE="2" ADDTYPE1="1" OPERTYPEID="10" PREVID="0" NEXTID="0" UPDATEDATE="2024-09-06" STARTDATE="2024-09-06" ENDDATE="2079-06-06" ISACTUAL="1" ISACTIVE="1" /><HOUSE ID="126731600" OBJECTID="165090787" OBJECTGUID="df8f4062-7a0a-4e80-98aa-f7ef4c047ff6" CHANGEID="600561175" HOUSENUM="79г" HOUSETYPE="2" OPERTYPEID="10" PREVID="0" NEXTID="0" UPDATEDATE="2024-09-06" STARTDATE="2024-09-06" ENDDATE="2079-06-06" ISACTUAL="1" ISACTIVE="1" /><HOUSE ID="126731601" OBJECTID="165090788" OBJECTGUID="f6ea3ae7-5b0b-4066-ac64-8f3c602c14fa" CHANGEID="600561176" HOUSENUM="18а" HOUSETYPE="2" OPERTYPEID="10" PREVID="0" NEXTID="0" UPDATEDATE="2024-09-06" STARTDATE="2024-09-06" ENDDATE="2079-06-06" ISACTUAL="1" ISACTIVE="1" /><HOUSE ID="126731603" OBJECTID="165090794" OBJECTGUID="481120d7-28e7-451c-9054-31197f0ea7ba" CHANGEID="600561183" HOUSENUM="4" HOUSETYPE="2" OPERTYPEID="10" PREVID="0" NEXTID="0" UPDATEDATE="2024-09-06" STARTDATE="2024-09-06" ENDDATE="2079-06-06" ISACTUAL="1" ISACTIVE="1" /><HOUSE ID="126731604" OBJECTID="165090796" OBJECTGUID="90fef4a7-3843-4080-bdcd-7a81ce253175" CHANGEID="600561185" HOUSENUM="175в/2" HOUSETYPE="2" OPERTYPEID="10" PREVID="0" NEXTID="0" UPDATEDATE="2024-09-06" STARTDATE="2024-09-06" ENDDATE="2079-06-06" ISACTUAL="1" ISACTIVE="1" /><HOUSE ID="126731605" OBJECTID="165090797" OBJECTGUID="92ff634c-9d9c-4382-bcdb-e643b9a384c3" CHANGEID="600561186" HOUSENUM="175в/2" ADDNUM1="1" HOUSETYPE="2" ADDTYPE1="2" OPERTYPEID="10" PREVID="0" NEXTID="0" UPDATEDATE="2024-09-06" STARTDATE="2024-09-06" ENDDATE="2079-06-06" ISACTUAL="1" ISACTIVE="1" /><HOUSE ID="126731608" OBJECTID="165090857" OBJECTGUID="61287da3-3731-4ccd-914b-aa04fc4e182d" CHANGEID="600561276" HOUSENUM="48" HOUSETYPE="5" OPERTYPEID="10" PREVID="0" NEXTID="0" UPDATEDATE="2024-09-06" STARTDATE="2024-09-06" ENDDATE="2079-06-06" ISACTUAL="1" ISACTIVE="1" /><HOUSE ID="126731609" OBJECTID="165090858" OBJECTGUID="1d390f1f-201b-4e8c-97c2-3ea131e41cc9" CHANGEID="600561285" HOUSENUM="72/8" HOUSETYPE="2" OPERTYPEID="10" PREVID="0" NEXTID="0" UPDATEDATE="2024-09-06" STARTDATE="2024-09-06" ENDDATE="2079-06-06" ISACTUAL="1" ISACTIVE="1" /><HOUSE ID="126731611" OBJECTID="165090862" OBJECTGUID="e54e9069-0d0f-4b7a-aca5-ac6653995f22" CHANGEID="600561308" HOUSENUM="9" HOUSETYPE="2" OPERTYPEID="10" PREVID="0" NEXTID="0" UPDATEDATE="2024-09-06" STARTDATE="2024-09-06" ENDDATE="2079-06-06" ISACTUAL="1" ISACTIVE="1" /><HOUSE ID="126731694" OBJECTID="165091480" OBJECTGUID="94cc1ae3-44a7-41d0-b69b-71f6be277855" CHANGEID="600562045" HOUSENUM="28" HOUSETYPE="2" OPERTYPEID="10" PREVID="0" NEXTID="0" UPDATEDATE="2024-09-06" STARTDATE="2024-09-06" ENDDATE="2079-06-06" ISACTUAL="1" ISACTIVE="1" /><HOUSE ID="126731847" OBJECTID="165092115" OBJECTGUID="7fc04064-f91b-4ca6-928d-7c86646ffe2b" CHANGEID="600563408" HOUSENUM="15А" HOUSETYPE="7" OPERTYPEID="10" PREVID="0" NEXTID="0" UPDATEDATE="2024-09-06" STARTDATE="2024-09-06" ENDDATE="2079-06-06" ISACTUAL="1" ISACTIVE="1" /><HOUSE ID="126731948" OBJECTID="165092679" OBJECTGUID="0ff9d337-8bdd-4de5-9d07-ec9f77745abc" CHANGEID="600564470" HOUSENUM="1а" HOUSETYPE="2" OPERTYPEID="10" PREVID="0" NEXTID="0" UPDATEDATE="2024-09-06" STARTDATE="2024-09-06" ENDDATE="2079-06-06" ISACTUAL="1" ISACTIVE="1" /><HOUSE ID="126738783" OBJECTID="165116355" OBJECTGUID="db7cd569-75b4-44ff-a665-cd2cfe8bc879" CHANGEID="600736697" HOUSENUM="13б" ADDNUM1="7" HOUSETYPE="2" ADDTYPE1="2" OPERTYPEID="10" PREVID="0" NEXTID="0" UPDATEDATE="2024-09-09" STARTDATE="2024-09-09" ENDDATE="2079-06-06" ISACTUAL="1" ISACTIVE="1" /><HOUSE ID="126738808" OBJECTID="165116422" OBJECTGUID="a8fdde13-f1a0-473f-83ad-9535290e6f6d" CHANGEID="600736793" HOUSENUM="7" HOUSETYPE="2" OPERTYPEID="10" PREVID="0" NEXTID="0" UPDATEDATE="2024-09-09" STARTDATE="2024-09-09" ENDDATE="2079-06-06" ISACTUAL="1" ISACTIVE="1" /><HOUSE ID="126747529" OBJECTID="165151071" OBJECTGUID="81e438a1-8aa8-4916-b8f6-ab37b508aa72" CHANGEID="600796302" HOUSENUM="73" HOUSETYPE="2" OPERTYPEID="10" PREVID="0" NEXTID="0" UPDATEDATE="2024-09-10" STARTDATE="2024-09-10" ENDDATE="2079-06-06" ISACTUAL="1" ISACTIVE="1" /><HOUSE ID="126747653" OBJECTID="165151813" OBJECTGUID="4e99c0cc-6307-4260-8be2-1e898f2e3ea7" CHANGEID="600797493" HOUSENUM="28" HOUSETYPE="2" OPERTYPEID="10" PREVID="0" NEXTID="0" UPDATEDATE="2024-09-10" STARTDATE="2024-09-10" ENDDATE="2079-06-06" ISACTUAL="1" ISACTIVE="1" /><HOUSE ID="126747722" OBJECTID="42074866" OBJECTGUID="1d793301-2acc-4c43-8a57-c28feca428a2" CHANGEID="600799044" HOUSENUM="1-2" HOUSETYPE="2" OPERTYPEID="30" PREVID="25144541" NEXTID="0" UPDATEDATE="2024-09-10" STARTDATE="2024-09-10" ENDDATE="2079-06-06" ISACTUAL="1" ISACTIVE="0" /><HOUSE ID="25144541" OBJECTID="42074866" OBJECTGUID="1d793301-2acc-4c43-8a57-c28feca428a2" CHANGEID="63588976" HOUSENUM="1-2" HOUSETYPE="2" OPERTYPEID="10" PREVID="0" NEXTID="126747722" UPDATEDATE="2024-09-10" STARTDATE="2012-06-28" ENDDATE="2024-09-10" ISACTUAL="0" ISACTIVE="0" /><HOUSE ID="126747723" OBJECTID="42074105" OBJECTGUID="2bf77fce-756c-4f2d-94c9-bba7c3aa8d29" CHANGEID="600799045" HOUSENUM="10-2" HOUSETYPE="2" OPERTYPEID="30" PREVID="25144023" NEXTID="0" UPDATEDATE="2024-09-10" STARTDATE="2024-09-10" ENDDATE="2079-06-06" ISACTUAL="1" ISACTIVE="0" /><HOUSE ID="25144023" OBJECTID="42074105" OBJECTGUID="2bf77fce-756c-4f2d-94c9-bba7c3aa8d29" CHANGEID="63587901" HOUSENUM="10-2" HOUSETYPE="2" OPERTYPEID="10" PREVID="0" NEXTID="126747723" UPDATEDATE="2024-09-10" STARTDATE="2012-06-28" ENDDATE="2024-09-10" ISACTUAL="0" ISACTIVE="0" /><HOUSE ID="126747724" OBJECTID="42073895" OBJECTGUID="bf008a1d-c2c4-453e-8878-935527420266" CHANGEID="600799046" HOUSENUM="5-2" HOUSETYPE="2" OPERTYPEID="30" PREVID="25143899" NEXTID="0" UPDATEDATE="2024-09-10" STARTDATE="2024-09-10" ENDDATE="2079-06-06" ISACTUAL="1" ISACTIVE="0" /><HOUSE ID="25143899" OBJECTID="42073895" OBJECTGUID="bf008a1d-c2c4-453e-8878-935527420266" CHANGEID="63587599" HOUSENUM="5-2" HOUSETYPE="2" OPERTYPEID="10" PREVID="0" NEXTID="126747724" UPDATEDATE="2024-09-10" STARTDATE="2012-06-28" ENDDATE="2024-09-10" ISACTUAL="0" ISACTIVE="0" /><HOUSE ID="126747725" OBJECTID="42073522" OBJECTGUID="b0db0845-8841-4aaf-aa78-8aa64aae1999" CHANGEID="600799047" HOUSENUM="12-1" HOUSETYPE="2" OPERTYPEID="30" PREVID="25143676" NEXTID="0" UPDATEDATE="2024-09-10" STARTDATE="2024-09-10" ENDDATE="2079-06-06" ISACTUAL="1" ISACTIVE="0" /><HOUSE ID="25143676" OBJECTID="42073522" OBJECTGUID="b0db0845-8841-4aaf-aa78-8aa64aae1999" CHANGEID="63587045" HOUSENUM="12-1" HOUSETYPE="2" OPERTYPEID="10" PREVID="0" NEXTID="126747725" UPDATEDATE="2024-09-10" STARTDATE="2012-06-28" ENDDATE="2024-09-10" ISACTUAL="0" ISACTIVE="0" /><HOUSE ID="126747726" OBJECTID="42072951" OBJECTGUID="31947942-f07d-44c8-962d-7c590ba4bb45" CHANGEID="600799048" HOUSENUM="10-1" HOUSETYPE="2" OPERTYPEID="30" PREVID="25143481" NEXTID="0" UPDATEDATE="2024-09-10" STARTDATE="2024-09-10" ENDDATE="2079-06-06" ISACTUAL="1" ISACTIVE="0" /><HOUSE ID="25143481" OBJECTID="42072951" OBJECTGUID="31947942-f07d-44c8-962d-7c590ba4bb45" CHANGEID="63586291" HOUSENUM="10-1" HOUSETYPE="2" OPERTYPEID="10" PREVID="0" NEXTID="126747726" UPDATEDATE="2024-09-10" STARTDATE="2012-06-28" ENDDATE="2024-09-10" ISACTUAL="0" ISACTIVE="0" /><HOUSE ID="126747727" OBJECTID="42072634" OBJECTGUID="f175daab-df14-4b4e-9801-6b844c5ea3dd" CHANGEID="600799049" HOUSENUM="3-2" HOUSETYPE="2" OPERTYPEID="30" PREVID="25143198" NEXTID="0" UPDATEDATE="2024-09-10" STARTDATE="2024-09-10" ENDDATE="2079-06-06" ISACTUAL="1" ISACTIVE="0" /><HOUSE ID="25143198" OBJECTID="42072634" OBJECTGUID="f175daab-df14-4b4e-9801-6b844c5ea3dd" CHANGEID="63585822" HOUSENUM="3-2" HOUSETYPE="2" OPERTYPEID="10" PREVID="0" NEXTID="126747727" UPDATEDATE="2024-09-10" STARTDATE="2012-06-28" ENDDATE="2024-09-10" ISACTUAL="0" ISACTIVE="0" /><HOUSE ID="126747728" OBJECTID="42072162" OBJECTGUID="fb10088f-7c1e-46c3-b904-6574a486c2f8" CHANGEID="600799050" HOUSENUM="1-1" HOUSETYPE="2" OPERTYPEID="30" PREVID="25142928" NEXTID="0" UPDATEDATE="2024-09-10" STARTDATE="2024-09-10" ENDDATE="2079-06-06" ISACTUAL="1" ISACTIVE="0" /><HOUSE ID="25142928" OBJECTID="42072162" OBJECTGUID="fb10088f-7c1e-46c3-b904-6574a486c2f8" CHANGEID="63585100" HOUSENUM="1-1" HOUSETYPE="2" OPERTYPEID="10" PREVID="0" NEXTID="126747728" UPDATEDATE="2024-09-10" STARTDATE="2012-06-28" ENDDATE="2024-09-10" ISACTUAL="0" ISACTIVE="0" /><HOUSE ID="126747729" OBJECTID="42071249" OBJECTGUID="0c6f8e3c-4ea8-415c-82aa-5aec255660f5" CHANGEID="600799051" HOUSENUM="8-2" HOUSETYPE="2" OPERTYPEID="30" PREVID="25142451" NEXTID="0" UPDATEDATE="2024-09-10" STARTDATE="2024-09-10" ENDDATE="2079-06-06" ISACTUAL="1" ISACTIVE="0" /><HOUSE ID="25142451" OBJECTID="42071249" OBJECTGUID="0c6f8e3c-4ea8-415c-82aa-5aec255660f5" CHANGEID="63583806" HOUSENUM="8-2" HOUSETYPE="2" OPERTYPEID="10" PREVID="0" NEXTID="126747729" UPDATEDATE="2024-09-10" STARTDATE="2012-06-28" ENDDATE="2024-09-10" ISACTUAL="0" ISACTIVE="0" /><HOUSE ID="126747730" OBJECTID="42071041" OBJECTGUID="01178206-8b40-4d91-8145-386b2790bf5a" CHANGEID="600799052" HOUSENUM="8-1" HOUSETYPE="2" OPERTYPEID="30" PREVID="25142180" NEXTID="0" UPDATEDATE="2024-09-10" STARTDATE="2024-09-10" ENDDATE="2079-06-06" ISACTUAL="1" ISACTIVE="0" /><HOUSE ID="25142180" OBJECTID="42071041" OBJECTGUID="01178206-8b40-4d91-8145-386b2790bf5a" CHANGEID="63583475" HOUSENUM="8-1" HOUSETYPE="2" OPERTYPEID="10" PREVID="0" NEXTID="126747730" UPDATEDATE="2024-09-10" STARTDATE="2012-06-28" ENDDATE="2024-09-10" ISACTUAL="0" ISACTIVE="0" /><HOUSE ID="126747731" OBJECTID="42070634" OBJECTGUID="14f74d0e-e472-403e-9c8f-2466c46fb1e5" CHANGEID="600799053" HOUSENUM="5-1" HOUSETYPE="2" OPERTYPEID="30" PREVID="25141927" NEXTID="0" UPDATEDATE="2024-09-10" STARTDATE="2024-09-10" ENDDATE="2079-06-06" ISACTUAL="1" ISACTIVE="0" /><HOUSE ID="25141927" OBJECTID="42070634" OBJECTGUID="14f74d0e-e472-403e-9c8f-2466c46fb1e5" CHANGEID="63582857" HOUSENUM="5-1" HOUSETYPE="2" OPERTYPEID="10" PREVID="0" NEXTID="126747731" UPDATEDATE="2024-09-10" STARTDATE="2012-06-28" ENDDATE="2024-09-10" ISACTUAL="0" ISACTIVE="0" /><HOUSE ID="126747732" OBJECTID="42070135" OBJECTGUID="5576ceda-9d87-4ecb-920d-0e12d922a1bc" CHANGEID="600799054" HOUSENUM="3-1" HOUSETYPE="2" OPERTYPEID="30" PREVID="25141543" NEXTID="0" UPDATEDATE="2024-09-10" STARTDATE="2024-09-10" ENDDATE="2079-06-06" ISACTUAL="1" ISACTIVE="0" /><HOUSE ID="25141543" OBJECTID="42070135" OBJECTGUID="5576ceda-9d87-4ecb-920d-0e12d922a1bc" CHANGEID="63582100" HOUSENUM="3-1" HOUSETYPE="2" OPERTYPEID="10" PREVID="0" NEXTID="126747732" UPDATEDATE="2024-09-10" STARTDATE="2012-06-28" ENDDATE="2024-09-10" ISACTUAL="0" ISACTIVE="0" /><HOUSE ID="126747695" OBJECTID="79824675" OBJECTGUID="8c19255b-4ea6-4ae9-b0a9-14021264014d" CHANGEID="600799005" HOUSENUM="6-2" HOUSETYPE="2" OPERTYPEID="30" PREVID="48265323" NEXTID="0" UPDATEDATE="2024-09-10" STARTDATE="2024-09-10" ENDDATE="2079-06-06" ISACTUAL="1" ISACTIVE="0" /><HOUSE ID="126747696" OBJECTID="79824299" OBJECTGUID="7be1219a-679f-4e8b-b7c5-0ebe5640b090" CHANGEID="600799006" HOUSENUM="12-1" HOUSETYPE="2" OPERTYPEID="30" PREVID="48265075" NEXTID="0" UPDATEDATE="2024-09-10" STARTDATE="2024-09-10" ENDDATE="2079-06-06" ISACTUAL="1" ISACTIVE="0" /><HOUSE ID="48265075" OBJECTID="79824299" OBJECTGUID="7be1219a-679f-4e8b-b7c5-0ebe5640b090" CHANGEID="118639482" HOUSENUM="12-1" HOUSETYPE="2" OPERTYPEID="10" PREVID="0" NEXTID="126747696" UPDATEDATE="2024-09-10" STARTDATE="2012-06-28" ENDDATE="2024-09-10" ISACTUAL="0" ISACTIVE="0" /><HOUSE ID="126747697" OBJECTID="79821378" OBJECTGUID="70036579-7fd0-43fe-bc6b-087f611acdf6" CHANGEID="600799007" HOUSENUM="8-2" HOUSETYPE="2" OPERTYPEID="30" PREVID="48261892" NEXTID="0" UPDATEDATE="2024-09-10" STARTDATE="2024-09-10" ENDDATE="2079-06-06" ISACTUAL="1" ISACTIVE="0" /><HOUSE ID="126747698" OBJECTID="79763183" OBJECTGUID="ca62fc2d-55ca-469e-9c5b-e84ce7f01d5d" CHANGEID="600799008" HOUSENUM="2-2" HOUSETYPE="2" OPERTYPEID="30" PREVID="48224734" NEXTID="0" UPDATEDATE="2024-09-10" STARTDATE="2024-09-10" ENDDATE="2079-06-06" ISACTUAL="1" ISACTIVE="0" /><HOUSE ID="48224734" OBJECTID="79763183" OBJECTGUID="ca62fc2d-55ca-469e-9c5b-e84ce7f01d5d" CHANGEID="118548424" HOUSENUM="2-2" HOUSETYPE="2" OPERTYPEID="10" PREVID="0" NEXTID="126747698" UPDATEDATE="2024-09-10" STARTDATE="2012-06-28" ENDDATE="2024-09-10" ISACTUAL="0" ISACTIVE="0" /><HOUSE ID="126747699" OBJECTID="79761644" OBJECTGUID="9b1d1db2-7da3-49b5-8516-dca7b8a980aa" CHANGEID="600799009" HOUSENUM="4-2" HOUSETYPE="2" OPERTYPEID="30" PREVID="48224228" NEXTID="0" UPDATEDATE="2024-09-10" STARTDATE="2024-09-10" ENDDATE="2079-06-06" ISACTUAL="1" ISACTIVE="0" /><HOUSE ID="48224228" OBJECTID="79761644" OBJECTGUID="9b1d1db2-7da3-49b5-8516-dca7b8a980aa" CHANGEID="118546481" HOUSENUM="4-2" HOUSETYPE="2" OPERTYPEID="10" PREVID="0" NEXTID="126747699" UPDATEDATE="2024-09-10" STARTDATE="2012-06-28" ENDDATE="2024-09-10" ISACTUAL="0" ISACTIVE="0" /><HOUSE ID="126747700" OBJECTID="79760936" OBJECTGUID="2c5c2429-456d-4494-9cda-d742227b9b19" CHANGEID="600799010" HOUSENUM="10-2" HOUSETYPE="2" OPERTYPEID="30" PREVID="48223706" NEXTID="0" UPDATEDATE="2024-09-10" STARTDATE="2024-09-10" ENDDATE="2079-06-06" ISACTUAL="1" ISACTIVE="0" /><HOUSE ID="48223706" OBJECTID="79760936" OBJECTGUID="2c5c2429-456d-4494-9cda-d742227b9b19" CHANGEID="118545308" HOUSENUM="10-2" HOUSETYPE="2" OPERTYPEID="10" PREVID="0" NEXTID="126747700" UPDATEDATE="2024-09-10" STARTDATE="2012-06-28" ENDDATE="2024-09-10" ISACTUAL="0" ISACTIVE="0" /><HOUSE ID="126747701" OBJECTID="79759925" OBJECTGUID="94c43e39-cbc3-4641-ab1d-d5965a6911d2" CHANGEID="600799011" HOUSENUM="3-2" HOUSETYPE="2" OPERTYPEID="30" PREVID="48222992" NEXTID="0" UPDATEDATE="2024-09-10" STARTDATE="2024-09-10" ENDDATE="2079-06-06" ISACTUAL="1" ISACTIVE="0" /><HOUSE ID="48222992" OBJECTID="79759925" OBJECTGUID="94c43e39-cbc3-4641-ab1d-d5965a6911d2" CHANGEID="118543814" HOUSENUM="3-2" HOUSETYPE="2" OPERTYPEID="10" PREVID="0" NEXTID="126747701" UPDATEDATE="2024-09-10" STARTDATE="2012-06-28" ENDDATE="2024-09-10" ISACTUAL="0" ISACTIVE="0" /><HOUSE ID="126747702" OBJECTID="79759395" OBJECTGUID="e559d3f3-e796-4f9e-97ad-d247cec18560" CHANGEID="600799012" HOUSENUM="4-1" HOUSETYPE="2" OPERTYPEID="30" PREVID="48222575" NEXTID="0" UPDATEDATE="2024-09-10" STARTDATE="2024-09-10" ENDDATE="2079-06-06" ISACTUAL="1" ISACTIVE="0" /><HOUSE ID="48222575" OBJECTID="79759395" OBJECTGUID="e559d3f3-e796-4f9e-97ad-d247cec18560" CHANGEID="118543001" HOUSENUM="4-1" HOUSETYPE="2" OPERTYPEID="10" PREVID="0" NEXTID="126747702" UPDATEDATE="2024-09-10" STARTDATE="2012-06-28" ENDDATE="2024-09-10" ISACTUAL="0" ISACTIVE="0" /><HOUSE ID="126747703" OBJECTID="79758001" OBJECTGUID="cb87cfa1-d1a2-4ccf-9c67-d17e621725a5" CHANGEID="600799013" HOUSENUM="3-1" HOUSETYPE="2" OPERTYPEID="30" PREVID="48221386" NEXTID="0" UPDATEDATE="2024-09-10" STARTDATE="2024-09-10" ENDDATE="2079-06-06" ISACTUAL="1" ISACTIVE="0" /><HOUSE ID="126747704" OBJECTID="79757095" OBJECTGUID="6a56f600-4287-4c85-972a-c717267f7082" CHANGEID="600799014" HOUSENUM="10-1" HOUSETYPE="2" OPERTYPEID="30" PREVID="48220943" NEXTID="0" UPDATEDATE="2024-09-10" STARTDATE="2024-09-10" ENDDATE="2079-06-06" ISACTUAL="1" ISACTIVE="0" /><HOUSE ID="126747705" OBJECTID="79756492" OBJECTGUID="3aaf491b-70f3-4785-b85c-b2da999a4b40" CHANGEID="600799015" HOUSENUM="12-2" HOUSETYPE="2" OPERTYPEID="30" PREVID="48220449" NEXTID="0" UPDATEDATE="2024-09-10" STARTDATE="2024-09-10" ENDDATE="2079-06-06" ISACTUAL="1" ISACTIVE="0" /><HOUSE ID="126747706" OBJECTID="79755691" OBJECTGUID="1c829c05-026f-4170-be39-b16ddf5dcb72" CHANGEID="600799016" HOUSENUM="1-1" HOUSETYPE="2" OPERTYPEID="30" PREVID="48220046" NEXTID="0" UPDATEDATE="2024-09-10" STARTDATE="2024-09-10" ENDDATE="2079-06-06" ISACTUAL="1" ISACTIVE="0" /><HOUSE ID="126747707" OBJECTID="79754557" OBJECTGUID="7cc04102-4fb3-411a-a0e2-a6361df4cef1" CHANGEID="600799017" HOUSENUM="14-1" HOUSETYPE="2" OPERTYPEID="30" PREVID="48219214" NEXTID="0" UPDATEDATE="2024-09-10" STARTDATE="2024-09-10" ENDDATE="2079-06-06" ISACTUAL="1" ISACTIVE="0" /><HOUSE ID="48219214" OBJECTID="79754557" OBJECTGUID="7cc04102-4fb3-411a-a0e2-a6361df4cef1" CHANGEID="118535604" HOUSENUM="14-1" HOUSETYPE="2" OPERTYPEID="10" PREVID="0" NEXTID="126747707" UPDATEDATE="2024-09-10" STARTDATE="2012-06-28" ENDDATE="2024-09-10" ISACTUAL="0" ISACTIVE="0" /><HOUSE ID="126747708" OBJECTID="79753925" OBJECTGUID="9538f943-aa82-482f-a49b-a5b76bef1713" CHANGEID="600799018" HOUSENUM="8-1" HOUSETYPE="2" OPERTYPEID="30" PREVID="48218840" NEXTID="0" UPDATEDATE="2024-09-10" STARTDATE="2024-09-10" ENDDATE="2079-06-06" ISACTUAL="1" ISACTIVE="0" /><HOUSE ID="48218840" OBJECTID="79753925" OBJECTGUID="9538f943-aa82-482f-a49b-a5b76bef1713" CHANGEID="118534681" HOUSENUM="8-1" HOUSETYPE="2" OPERTYPEID="10" PREVID="0" NEXTID="126747708" UPDATEDATE="2024-09-10" STARTDATE="2012-06-28" ENDDATE="2024-09-10" ISACTUAL="0" ISACTIVE="0" /><HOUSE ID="126747709" OBJECTID="79753183" OBJECTGUID="3ec3f627-1a78-4c11-a7c2-8af346503812" CHANGEID="600799019" HOUSENUM="2-1" HOUSETYPE="2" OPERTYPEID="30" PREVID="48218441" NEXTID="0" UPDATEDATE="2024-09-10" STARTDATE="2024-09-10" ENDDATE="2079-06-06" ISACTUAL="1" ISACTIVE="0" /><HOUSE ID="48218441" OBJECTID="79753183" OBJECTGUID="3ec3f627-1a78-4c11-a7c2-8af346503812" CHANGEID="118533667" HOUSENUM="2-1" HOUSETYPE="2" OPERTYPEID="10" PREVID="0" NEXTID="126747709" UPDATEDATE="2024-09-10" STARTDATE="2012-06-28" ENDDATE="2024-09-10" ISACTUAL="0" ISACTIVE="0" /><HOUSE ID="126747710" OBJECTID="79752159" OBJECTGUID="c0705b87-d2f0-4489-8e10-86fade4462d1" CHANGEID="600799020" HOUSENUM="5-2" HOUSETYPE="2" OPERTYPEID="30" PREVID="48217765" NEXTID="0" UPDATEDATE="2024-09-10" STARTDATE="2024-09-10" ENDDATE="2079-06-06" ISACTUAL="1" ISACTIVE="0" /><HOUSE ID="48217765" OBJECTID="79752159" OBJECTGUID="c0705b87-d2f0-4489-8e10-86fade4462d1" CHANGEID="118532169" HOUSENUM="5-2" HOUSETYPE="2" OPERTYPEID="10" PREVID="0" NEXTID="126747710" UPDATEDATE="2024-09-10" STARTDATE="2012-06-28" ENDDATE="2024-09-10" ISACTUAL="0" ISACTIVE="0" /><HOUSE ID="126747711" OBJECTID="79751877" OBJECTGUID="e0f9a838-4b4f-443e-b972-69428d464a04" CHANGEID="600799021" HOUSENUM="16-1" HOUSETYPE="2" OPERTYPEID="30" PREVID="48217605" NEXTID="0" UPDATEDATE="2024-09-10" STARTDATE="2024-09-10" ENDDATE="2079-06-06" ISACTUAL="1" ISACTIVE="0" /><HOUSE ID="48217605" OBJECTID="79751877" OBJECTGUID="e0f9a838-4b4f-443e-b972-69428d464a04" CHANGEID="118531749" HOUSENUM="16-1" HOUSETYPE="2" OPERTYPEID="10" PREVID="0" NEXTID="126747711" UPDATEDATE="2024-09-10" STARTDATE="2012-06-28" ENDDATE="2024-09-10" ISACTUAL="0" ISACTIVE="0" /><HOUSE ID="126747712" OBJECTID="79751456" OBJECTGUID="b722862d-82a9-490f-9066-665664392735" CHANGEID="600799022" HOUSENUM="14-2" HOUSETYPE="2" OPERTYPEID="30" PREVID="48217267" NEXTID="0" UPDATEDATE="2024-09-10" STARTDATE="2024-09-10" ENDDATE="2079-06-06" ISACTUAL="1" ISACTIVE="0" /><HOUSE ID="48217267" OBJECTID="79751456" OBJECTGUID="b722862d-82a9-490f-9066-665664392735" CHANGEID="118531095" HOUSENUM="14-2" HOUSETYPE="2" OPERTYPEID="10" PREVID="0" NEXTID="126747712" UPDATEDATE="2024-09-10" STARTDATE="2012-06-28" ENDDATE="2024-09-10" ISACTUAL="0" ISACTIVE="0" /><HOUSE ID="126747713" OBJECTID="79750481" OBJECTGUID="29d827f5-25b1-4773-8e09-659ec4c4bd1c" CHANGEID="600799023" HOUSENUM="7-2" HOUSETYPE="2" OPERTYPEID="30" PREVID="48216443" NEXTID="0" UPDATEDATE="2024-09-10" STARTDATE="2024-09-10" ENDDATE="2079-06-06" ISACTUAL="1" ISACTIVE="0" /><HOUSE ID="48216443" OBJECTID="79750481" OBJECTGUID="29d827f5-25b1-4773-8e09-659ec4c4bd1c" CHANGEID="118529491" HOUSENUM="7-2" HOUSETYPE="2" OPERTYPEID="10" PREVID="0" NEXTID="126747713" UPDATEDATE="2024-09-10" STARTDATE="2012-06-28" ENDDATE="2024-09-10" ISACTUAL="0" ISACTIVE="0" /><HOUSE ID="126747714" OBJECTID="79750320" OBJECTGUID="da12a983-7b8a-4a8f-a03a-56f1ad25b336" CHANGEID="600799024" HOUSENUM="7-1" HOUSETYPE="2" OPERTYPEID="30" PREVID="48216337" NEXTID="0" UPDATEDATE="2024-09-10" STARTDATE="2024-09-10" ENDDATE="2079-06-06" ISACTUAL="1" ISACTIVE="0" /><HOUSE ID="48216337" OBJECTID="79750320" OBJECTGUID="da12a983-7b8a-4a8f-a03a-56f1ad25b336" CHANGEID="118529242" HOUSENUM="7-1" HOUSETYPE="2" OPERTYPEID="10" PREVID="0" NEXTID="126747714" UPDATEDATE="2024-09-10" STARTDATE="2012-06-28" ENDDATE="2024-09-10" ISACTUAL="0" ISACTIVE="0" /><HOUSE ID="126747715" OBJECTID="79749646" OBJECTGUID="55ec735e-beb1-4c42-8e6e-45cfacc03af6" CHANGEID="600799025" HOUSENUM="1-2" HOUSETYPE="2" OPERTYPEID="30" PREVID="48215919" NEXTID="0" UPDATEDATE="2024-09-10" STARTDATE="2024-09-10" ENDDATE="2079-06-06" ISACTUAL="1" ISACTIVE="0" /><HOUSE ID="48215919" OBJECTID="79749646" OBJECTGUID="55ec735e-beb1-4c42-8e6e-45cfacc03af6" CHANGEID="118528290" HOUSENUM="1-2" HOUSETYPE="2" OPERTYPEID="10" PREVID="0" NEXTID="126747715" UPDATEDATE="2024-09-10" STARTDATE="2012-06-28" ENDDATE="2024-09-10" ISACTUAL="0" ISACTIVE="0" /><HOUSE ID="126747716" OBJECTID="79749018" OBJECTGUID="5bbb99b4-cbfa-4244-84fd-3a56f954c631" CHANGEID="600799026" HOUSENUM="16-2" HOUSETYPE="2" OPERTYPEID="30" PREVID="48215736" NEXTID="0" UPDATEDATE="2024-09-10" STARTDATE="2024-09-10" ENDDATE="2079-06-06" ISACTUAL="1" ISACTIVE="0" /><HOUSE ID="48215736" OBJECTID="79749018" OBJECTGUID="5bbb99b4-cbfa-4244-84fd-3a56f954c631" CHANGEID="118527508" HOUSENUM="16-2" HOUSETYPE="2" OPERTYPEID="10" PREVID="0" NEXTID="126747716" UPDATEDATE="2024-09-10" STARTDATE="2012-06-28" ENDDATE="2024-09-10" ISACTUAL="0" ISACTIVE="0" /><HOUSE ID="126747717" OBJECTID="79748419" OBJECTGUID="dbc9cbd2-6e05-41f1-99c7-38ab9ee259c1" CHANGEID="600799027" HOUSENUM="6-1" HOUSETYPE="2" OPERTYPEID="30" PREVID="48215335" NEXTID="0" UPDATEDATE="2024-09-10" STARTDATE="2024-09-10" ENDDATE="2079-06-06" ISACTUAL="1" ISACTIVE="0" /><HOUSE ID="48215335" OBJECTID="79748419" OBJECTGUID="dbc9cbd2-6e05-41f1-99c7-38ab9ee259c1" CHANGEID="118526593" HOUSENUM="6-1" HOUSETYPE="2" OPERTYPEID="10" PREVID="0" NEXTID="126747717" UPDATEDATE="2024-09-10" STARTDATE="2012-06-28" ENDDATE="2024-09-10" ISACTUAL="0" ISACTIVE="0" /><HOUSE ID="126747718" OBJECTID="79747822" OBJECTGUID="a6c0885c-2a6f-41af-b251-2db017fcfb48" CHANGEID="600799028" HOUSENUM="5-1" HOUSETYPE="2" OPERTYPEID="30" PREVID="48214944" NEXTID="0" UPDATEDATE="2024-09-10" STARTDATE="2024-09-10" ENDDATE="2079-06-06" ISACTUAL="1" ISACTIVE="0" /><HOUSE ID="48214944" OBJECTID="79747822" OBJECTGUID="a6c0885c-2a6f-41af-b251-2db017fcfb48" CHANGEID="118525438" HOUSENUM="5-1" HOUSETYPE="2" OPERTYPEID="10" PREVID="0" NEXTID="126747718" UPDATEDATE="2024-09-10" STARTDATE="2012-06-28" ENDDATE="2024-09-10" ISACTUAL="0" ISACTIVE="0" /><HOUSE ID="126747991" OBJECTID="165156140" OBJECTGUID="d8255eb8-caa9-4f33-b8f4-dadc83abdf4b" CHANGEID="600804500" HOUSENUM="15Б" HOUSETYPE="7" OPERTYPEID="10" PREVID="0" NEXTID="0" UPDATEDATE="2024-09-10" STARTDATE="2024-09-10" ENDDATE="2079-06-06" ISACTUAL="1" ISACTIVE="1" /><HOUSE ID="126747992" OBJECTID="165156141" OBJECTGUID="a5d9560f-ca17-498f-9a59-31a1b4424b51" CHANGEID="600804501" HOUSENUM="17" HOUSETYPE="7" OPERTYPEID="10" PREVID="0" NEXTID="0" UPDATEDATE="2024-09-10" STARTDATE="2024-09-10" ENDDATE="2079-06-06" ISACTUAL="1" ISACTIVE="1" /><HOUSE ID="126747993" OBJECTID="165156142" OBJECTGUID="a803b8db-275c-41df-93b8-db306b2206b2" CHANGEID="600804502" HOUSENUM="15В" HOUSETYPE="7" OPERTYPEID="10" PREVID="0" NEXTID="0" UPDATEDATE="2024-09-10" STARTDATE="2024-09-10" ENDDATE="2079-06-06" ISACTUAL="1" ISACTIVE="1" /><HOUSE ID="126747994" OBJECTID="165156143" OBJECTGUID="31d72c2d-dd0a-413a-9082-8a6b5af1b343" CHANGEID="600804503" HOUSENUM="18" HOUSETYPE="7" OPERTYPEID="10" PREVID="0" NEXTID="0" UPDATEDATE="2024-09-10" STARTDATE="2024-09-10" ENDDATE="2079-06-06" ISACTUAL="1" ISACTIVE="1" /><HOUSE ID="126747995" OBJECTID="165156144" OBJECTGUID="b308284e-04fa-4a23-b795-484b7a0104ca" CHANGEID="600804504" HOUSENUM="19" HOUSETYPE="7" OPERTYPEID="10" PREVID="0" NEXTID="0" UPDATEDATE="2024-09-10" STARTDATE="2024-09-10" ENDDATE="2079-06-06" ISACTUAL="1" ISACTIVE="1" /><HOUSE ID="126747996" OBJECTID="165156145" OBJECTGUID="7f91ed44-0a47-4933-8f72-43655b438850" CHANGEID="600804505" HOUSENUM="20" HOUSETYPE="7" OPERTYPEID="10" PREVID="0" NEXTID="0" UPDATEDATE="2024-09-10" STARTDATE="2024-09-10" ENDDATE="2079-06-06" ISACTUAL="1" ISACTIVE="1" /><HOUSE ID="126749435" OBJECTID="165161407" OBJECTGUID="83503652-b41b-4a14-a0f6-bb08d168e09f" CHANGEID="600813079" HOUSENUM="9Б" HOUSETYPE="2" OPERTYPEID="10" PREVID="0" NEXTID="0" UPDATEDATE="2024-09-10" STARTDATE="2024-09-10" ENDDATE="2079-06-06" ISACTUAL="1" ISACTIVE="1" /><HOUSE ID="126749437" OBJECTID="165161414" OBJECTGUID="6c5fa0b4-edf2-4c15-90b7-0d785029545e" CHANGEID="600813096" HOUSENUM="3" HOUSETYPE="2" OPERTYPEID="10" PREVID="0" NEXTID="0" UPDATEDATE="2024-09-10" STARTDATE="2024-09-10" ENDDATE="2079-06-06" ISACTUAL="1" ISACTIVE="1" /><HOUSE ID="126749508" OBJECTID="165161577" OBJECTGUID="68dd5051-c8ba-492b-a93d-1dcefd1ec73c" CHANGEID="600813409" HOUSENUM="17" HOUSETYPE="2" OPERTYPEID="10" PREVID="0" NEXTID="0" UPDATEDATE="2024-09-10" STARTDATE="2024-09-10" ENDDATE="2079-06-06" ISACTUAL="1" ISACTIVE="1" /><HOUSE ID="126754756" OBJECTID="165183474" OBJECTGUID="395c602b-0ddc-4baa-a509-09cb691d3741" CHANGEID="600848557" HOUSENUM="66А" HOUSETYPE="2" OPERTYPEID="10" PREVID="0" NEXTID="0" UPDATEDATE="2024-09-11" STARTDATE="2024-09-11" ENDDATE="2079-06-06" ISACTUAL="1" ISACTIVE="1" /><HOUSE ID="126754763" OBJECTID="165183489" OBJECTGUID="6f47faca-e7b4-460f-85ea-8cf5ad3a853c" CHANGEID="600848573" HOUSENUM="6" HOUSETYPE="2" OPERTYPEID="10" PREVID="0" NEXTID="0" UPDATEDATE="2024-09-11" STARTDATE="2024-09-11" ENDDATE="2079-06-06" ISACTUAL="1" ISACTIVE="1" /><HOUSE ID="126754764" OBJECTID="44720548" OBJECTGUID="e474d2d5-8da1-4aae-8036-d391a6b19596" CHANGEID="600848575" HOUSENUM="3" HOUSETYPE="2" OPERTYPEID="30" PREVID="26715782" NEXTID="0" UPDATEDATE="2024-09-11" STARTDATE="2024-09-11" ENDDATE="2079-06-06" ISACTUAL="1" ISACTIVE="0" /><HOUSE ID="26715782" OBJECTID="44720548" OBJECTGUID="e474d2d5-8da1-4aae-8036-d391a6b19596" CHANGEID="67408620" HOUSENUM="3" HOUSETYPE="2" OPERTYPEID="10" PREVID="0" NEXTID="126754764" UPDATEDATE="2024-09-11" STARTDATE="2017-08-11" ENDDATE="2024-09-11" ISACTUAL="0" ISACTIVE="0" /><HOUSE ID="126754765" OBJECTID="163901150" OBJECTGUID="f39fe19f-3c58-4113-aea5-de983a1eb72c" CHANGEID="600848684" HOUSENUM="155" HOUSETYPE="2" OPERTYPEID="30" PREVID="126333519" NEXTID="0" UPDATEDATE="2024-09-11" STARTDATE="2024-09-11" ENDDATE="2079-06-06" ISACTUAL="1" ISACTIVE="0" /><HOUSE ID="126754766" OBJECTID="163900257" OBJECTGUID="0affdf64-ea05-4046-83cf-7c4c70da2ca3" CHANGEID="600848687" HOUSENUM="7" HOUSETYPE="2" OPERTYPEID="30" PREVID="126333033" NEXTID="0" UPDATEDATE="2024-09-11" STARTDATE="2024-09-11" ENDDATE="2079-06-06" ISACTUAL="1" ISACTIVE="0" /><HOUSE ID="126754767" OBJECTID="165183584" OBJECTGUID="ee457dc2-0e41-45c2-8656-66af3d3d82c0" CHANGEID="600848689" HOUSENUM="69/49" HOUSETYPE="2" OPERTYPEID="10" PREVID="0" NEXTID="0" UPDATEDATE="2024-09-11" STARTDATE="2024-09-11" ENDDATE="2079-06-06" ISACTUAL="1" ISACTIVE="1" /><HOUSE ID="126754775" OBJECTID="165183603" OBJECTGUID="38dd470b-97b4-4ebb-a3fb-2a2a7f803aa7" CHANGEID="600848722" HOUSENUM="69/22" HOUSETYPE="2" OPERTYPEID="10" PREVID="0" NEXTID="0" UPDATEDATE="2024-09-11" STARTDATE="2024-09-11" ENDDATE="2079-06-06" ISACTUAL="1" ISACTIVE="1" /><HOUSE ID="126754776" OBJECTID="165183605" OBJECTGUID="01082387-5223-49bc-aef8-1427eda685c1" CHANGEID="600848724" HOUSENUM="20" ADDNUM1="1" HOUSETYPE="2" ADDTYPE1="2" OPERTYPEID="10" PREVID="0" NEXTID="0" UPDATEDATE="2024-09-11" STARTDATE="2024-09-11" ENDDATE="2079-06-06" ISACTUAL="1" ISACTIVE="1" /><HOUSE ID="126754828" OBJECTID="165184388" OBJECTGUID="e5b43996-f51b-453f-985c-ea10ae923574" CHANGEID="600861837" HOUSENUM="11" HOUSETYPE="2" OPERTYPEID="10" PREVID="0" NEXTID="0" UPDATEDATE="2024-09-11" STARTDATE="2024-09-11" ENDDATE="2079-06-06" ISACTUAL="1" ISACTIVE="1" /><HOUSE ID="126755393" OBJECTID="49966046" OBJECTGUID="045bfa5a-1410-482b-a627-476bc78c1a4e" CHANGEID="600880599" HOUSENUM="42" HOUSETYPE="2" OPERTYPEID="30" PREVID="29886689" NEXTID="0" UPDATEDATE="2024-09-11" STARTDATE="2024-09-11" ENDDATE="2079-06-06" ISACTUAL="1" ISACTIVE="0" /><HOUSE ID="29886689" OBJECTID="49966046" OBJECTGUID="045bfa5a-1410-482b-a627-476bc78c1a4e" CHANGEID="75013983" HOUSENUM="42" HOUSETYPE="2" OPERTYPEID="10" PREVID="0" NEXTID="126755393" UPDATEDATE="2024-09-11" STARTDATE="2012-05-04" ENDDATE="2024-09-11" ISACTUAL="0" ISACTIVE="0" /><HOUSE ID="126755397" OBJECTID="165188613" OBJECTGUID="5f8e4a8b-c5fc-44c5-b1eb-a9bddcb85533" CHANGEID="600880624" HOUSENUM="6" HOUSETYPE="5" OPERTYPEID="10" PREVID="0" NEXTID="0" UPDATEDATE="2024-09-11" STARTDATE="2024-09-11" ENDDATE="2079-06-06" ISACTUAL="1" ISACTIVE="1" /><HOUSE ID="126755611" OBJECTID="50018948" OBJECTGUID="623e7518-1332-429e-86a4-e5964f8858b9" CHANGEID="600882020" HOUSENUM="9" HOUSETYPE="2" OPERTYPEID="30" PREVID="29918783" NEXTID="0" UPDATEDATE="2024-09-11" STARTDATE="2024-09-11" ENDDATE="2079-06-06" ISACTUAL="1" ISACTIVE="0" /><HOUSE ID="126755612" OBJECTID="49963976" OBJECTGUID="439c4eb6-389b-4bc8-8959-2e669c20ab4a" CHANGEID="600882021" HOUSENUM="11" HOUSETYPE="2" OPERTYPEID="30" PREVID="29885450" NEXTID="0" UPDATEDATE="2024-09-11" STARTDATE="2024-09-11" ENDDATE="2079-06-06" ISACTUAL="1" ISACTIVE="0" /><HOUSE ID="126755613" OBJECTID="50009311" OBJECTGUID="17e25cf1-e2b1-4ff5-b9ff-b3ddda962efc" CHANGEID="600882023" HOUSENUM="1" HOUSETYPE="2" OPERTYPEID="30" PREVID="29913055" NEXTID="0" UPDATEDATE="2024-09-11" STARTDATE="2024-09-11" ENDDATE="2079-06-06" ISACTUAL="1" ISACTIVE="0" /><HOUSE ID="29913055" OBJECTID="50009311" OBJECTGUID="17e25cf1-e2b1-4ff5-b9ff-b3ddda962efc" CHANGEID="75077631" HOUSENUM="1" HOUSETYPE="2" OPERTYPEID="10" PREVID="0" NEXTID="126755613" UPDATEDATE="2024-09-11" STARTDATE="2012-05-04" ENDDATE="2024-09-11" ISACTUAL="0" ISACTIVE="0" /><HOUSE ID="126755614" OBJECTID="49260457" OBJECTGUID="e5be465f-4430-42db-bcb0-6f128fa2e164" CHANGEID="600882025" HOUSENUM="9" HOUSETYPE="2" OPERTYPEID="30" PREVID="29462055" NEXTID="0" UPDATEDATE="2024-09-11" STARTDATE="2024-09-11" ENDDATE="2079-06-06" ISACTUAL="1" ISACTIVE="0" /><HOUSE ID="29462055" OBJECTID="49260457" OBJECTGUID="e5be465f-4430-42db-bcb0-6f128fa2e164" CHANGEID="73998016" HOUSENUM="9" HOUSETYPE="2" OPERTYPEID="10" PREVID="0" NEXTID="126755614" UPDATEDATE="2024-09-11" STARTDATE="2012-05-04" ENDDATE="2024-09-11" ISACTUAL="0" ISACTIVE="0" /><HOUSE ID="126756002" OBJECTID="50629974" OBJECTGUID="6442d7f5-a0ac-4f5e-b0e8-21f3ee7a656e" CHANGEID="600884802" HOUSENUM="6" HOUSETYPE="2" OPERTYPEID="30" PREVID="30274784" NEXTID="0" UPDATEDATE="2024-09-11" STARTDATE="2024-09-11" ENDDATE="2079-06-06" ISACTUAL="1" ISACTIVE="0" /><HOUSE ID="126756003" OBJECTID="50538673" OBJECTGUID="f9ff69bc-e358-4f01-a53e-a609d1c24125" CHANGEID="600884803" HOUSENUM="7" HOUSETYPE="2" OPERTYPEID="30" PREVID="30225660" NEXTID="0" UPDATEDATE="2024-09-11" STARTDATE="2024-09-11" ENDDATE="2079-06-06" ISACTUAL="1" ISACTIVE="0" /><HOUSE ID="126756654" OBJECTID="50634104" OBJECTGUID="187dafac-d349-4bf6-9760-6e328ac1e310" CHANGEID="600889647" HOUSENUM="11" HOUSETYPE="2" OPERTYPEID="30" PREVID="30277218" NEXTID="0" UPDATEDATE="2024-09-11" STARTDATE="2024-09-11" ENDDATE="2079-06-06" ISACTUAL="1" ISACTIVE="0" /><HOUSE ID="30277218" OBJECTID="50634104" OBJECTGUID="187dafac-d349-4bf6-9760-6e328ac1e310" CHANGEID="75974254" HOUSENUM="11" HOUSETYPE="2" OPERTYPEID="10" PREVID="0" NEXTID="126756654" UPDATEDATE="2024-09-11" STARTDATE="2012-05-04" ENDDATE="2024-09-11" ISACTUAL="0" ISACTIVE="0" /><HOUSE ID="126756655" OBJECTID="50540714" OBJECTGUID="2934919f-1a79-447a-aca2-d8d3c3e04f39" CHANGEID="600889649" HOUSENUM="15" HOUSETYPE="2" OPERTYPEID="30" PREVID="30226765" NEXTID="0" UPDATEDATE="2024-09-11" STARTDATE="2024-09-11" ENDDATE="2079-06-06" ISACTUAL="1" ISACTIVE="0" /><HOUSE ID="30226765" OBJECTID="50540714" OBJECTGUID="2934919f-1a79-447a-aca2-d8d3c3e04f39" CHANGEID="75843266" HOUSENUM="15" HOUSETYPE="2" OPERTYPEID="10" PREVID="0" NEXTID="126756655" UPDATEDATE="2024-09-11" STARTDATE="2012-05-04" ENDDATE="2024-09-11" ISACTUAL="0" ISACTIVE="0" /><HOUSE ID="126756656" OBJECTID="45566970" OBJECTGUID="e7977fde-619f-469a-a2e9-ac683a39c1a5" CHANGEID="600889665" HOUSENUM="2" HOUSETYPE="2" OPERTYPEID="30" PREVID="27223739" NEXTID="0" UPDATEDATE="2024-09-11" STARTDATE="2024-09-11" ENDDATE="2079-06-06" ISACTUAL="1" ISACTIVE="0" /><HOUSE ID="27223739" OBJECTID="45566970" OBJECTGUID="e7977fde-619f-469a-a2e9-ac683a39c1a5" CHANGEID="68635569" HOUSENUM="2" HOUSETYPE="2" OPERTYPEID="10" PREVID="0" NEXTID="126756656" UPDATEDATE="2024-09-11" STARTDATE="2012-05-04" ENDDATE="2024-09-11" ISACTUAL="0" ISACTIVE="0" /><HOUSE ID="126756657" OBJECTID="45559822" OBJECTGUID="0d402289-fcfd-43c1-9bf8-4c32d2960c45" CHANGEID="600889669" HOUSENUM="8" HOUSETYPE="2" OPERTYPEID="30" PREVID="27219320" NEXTID="0" UPDATEDATE="2024-09-11" STARTDATE="2024-09-11" ENDDATE="2079-06-06" ISACTUAL="1" ISACTIVE="0" /><HOUSE ID="27219320" OBJECTID="45559822" OBJECTGUID="0d402289-fcfd-43c1-9bf8-4c32d2960c45" CHANGEID="68625100" HOUSENUM="8" HOUSETYPE="2" OPERTYPEID="10" PREVID="0" NEXTID="126756657" UPDATEDATE="2024-09-11" STARTDATE="2012-05-04" ENDDATE="2024-09-11" ISACTUAL="0" ISACTIVE="0" /></HOUSES>