﻿<?xml version="1.0" encoding="utf-8"?><HOUSES><HOUSE ID="64591499" OBJECTID="10801588" OBJECTGUID="ba753c1b-48e0-4496-b78f-0710f6ccfdfd" CHANGEID="17677331" HOUSENUM="88" HOUSETYPE="2" OPERTYPEID="20" PREVID="5707963" NEXTID="126747599" UPDATEDATE="2024-09-10" STARTDATE="2016-06-07" ENDDATE="2024-09-10" ISACTUAL="0" ISACTIVE="0" /><HOUSE ID="124973112" OBJECTID="160722876" OBJECTGUID="8dce9757-b054-4f7a-8c39-f090f28489d9" CHANGEID="567576938" HOUSENUM="31А" HOUSETYPE="2" OPERTYPEID="10" PREVID="0" NEXTID="126754951" UPDATEDATE="2024-09-11" STARTDATE="2023-10-18" ENDDATE="2024-09-11" ISACTUAL="0" ISACTIVE="0" /><HOUSE ID="125254495" OBJECTID="161519443" OBJECTGUID="e468dc8e-e432-42b1-926f-2bdaff1584aa" CHANGEID="575325225" HOUSENUM="3В" HOUSETYPE="2" OPERTYPEID="10" PREVID="0" NEXTID="126754905" UPDATEDATE="2024-09-11" STARTDATE="2023-11-29" ENDDATE="2024-09-11" ISACTUAL="0" ISACTIVE="0" /><HOUSE ID="125254497" OBJECTID="161519445" OBJECTGUID="b6bde6b0-5907-4cd7-8e68-19b1898aae7d" CHANGEID="575325233" HOUSENUM="3Б" HOUSETYPE="2" OPERTYPEID="10" PREVID="0" NEXTID="126754906" UPDATEDATE="2024-09-11" STARTDATE="2023-11-29" ENDDATE="2024-09-11" ISACTUAL="0" ISACTIVE="0" /><HOUSE ID="125254491" OBJECTID="161519437" OBJECTGUID="89e07ebf-2f02-4628-a588-0927bcfbd6c9" CHANGEID="575325206" HOUSENUM="3Д" HOUSETYPE="2" OPERTYPEID="10" PREVID="0" NEXTID="126754950" UPDATEDATE="2024-09-11" STARTDATE="2023-11-29" ENDDATE="2024-09-11" ISACTUAL="0" ISACTIVE="0" /><HOUSE ID="125254498" OBJECTID="161519447" OBJECTGUID="d4fcd688-b366-447e-b2fc-68acf4de5079" CHANGEID="575325240" HOUSENUM="3А" HOUSETYPE="2" OPERTYPEID="10" PREVID="0" NEXTID="126754949" UPDATEDATE="2024-09-11" STARTDATE="2023-11-29" ENDDATE="2024-09-11" ISACTUAL="0" ISACTIVE="0" /><HOUSE ID="126724541" OBJECTID="165056956" OBJECTGUID="25a7f2f2-5b9d-483f-9efe-d51b30ed1e4e" CHANGEID="600505950" HOUSENUM="1" HOUSETYPE="2" OPERTYPEID="10" PREVID="0" NEXTID="0" UPDATEDATE="2024-09-05" STARTDATE="2024-09-05" ENDDATE="2079-06-06" ISACTUAL="1" ISACTIVE="1" /><HOUSE ID="126724561" OBJECTID="165057034" OBJECTGUID="d178ea04-af2d-45d4-ab1c-4902981e3517" CHANGEID="600506054" HOUSENUM="31" HOUSETYPE="2" OPERTYPEID="10" PREVID="0" NEXTID="0" UPDATEDATE="2024-09-05" STARTDATE="2024-09-05" ENDDATE="2079-06-06" ISACTUAL="1" ISACTIVE="1" /><HOUSE ID="126724610" OBJECTID="165057194" OBJECTGUID="105086e5-01d9-46c8-97de-5a7ae9b25a49" CHANGEID="600506490" HOUSENUM="13Б" HOUSETYPE="2" OPERTYPEID="10" PREVID="0" NEXTID="0" UPDATEDATE="2024-09-05" STARTDATE="2024-09-05" ENDDATE="2079-06-06" ISACTUAL="1" ISACTIVE="1" /><HOUSE ID="126731664" OBJECTID="165090947" OBJECTGUID="731d5e3f-bc40-4486-a0dc-b9c7bc45cb90" CHANGEID="600561448" HOUSENUM="8" HOUSETYPE="2" OPERTYPEID="10" PREVID="0" NEXTID="0" UPDATEDATE="2024-09-06" STARTDATE="2024-09-06" ENDDATE="2079-06-06" ISACTUAL="1" ISACTIVE="1" /><HOUSE ID="126738875" OBJECTID="165116726" OBJECTGUID="9b7e0b7d-4769-4035-8020-4b040a339d77" CHANGEID="600737413" HOUSENUM="12" ADDNUM1="1" HOUSETYPE="2" ADDTYPE1="1" OPERTYPEID="10" PREVID="0" NEXTID="0" UPDATEDATE="2024-09-09" STARTDATE="2024-09-09" ENDDATE="2079-06-06" ISACTUAL="1" ISACTIVE="1" /><HOUSE ID="126738907" OBJECTID="165116946" OBJECTGUID="73a656ca-3c94-4a9b-8891-4b4162b6fa81" CHANGEID="600737798" HOUSENUM="5/1" HOUSETYPE="5" OPERTYPEID="10" PREVID="0" NEXTID="0" UPDATEDATE="2024-09-09" STARTDATE="2024-09-09" ENDDATE="2079-06-06" ISACTUAL="1" ISACTIVE="1" /><HOUSE ID="126739072" OBJECTID="39199031" OBJECTGUID="b200cf8a-1fac-4147-a822-de18d6d3e6de" CHANGEID="600740549" HOUSENUM="9" HOUSETYPE="2" OPERTYPEID="30" PREVID="23436723" NEXTID="0" UPDATEDATE="2024-09-09" STARTDATE="2024-09-09" ENDDATE="2079-06-06" ISACTUAL="1" ISACTIVE="0" /><HOUSE ID="23436723" OBJECTID="39199031" OBJECTGUID="b200cf8a-1fac-4147-a822-de18d6d3e6de" CHANGEID="59399783" HOUSENUM="9" HOUSETYPE="2" OPERTYPEID="10" PREVID="0" NEXTID="126739072" UPDATEDATE="2024-09-09" STARTDATE="2019-03-20" ENDDATE="2024-09-09" ISACTUAL="0" ISACTIVE="0" /><HOUSE ID="126739209" OBJECTID="165119397" OBJECTGUID="cdddaea0-50dd-461e-9b76-b74c01f0fef8" CHANGEID="600741656" HOUSENUM="152" HOUSETYPE="2" OPERTYPEID="10" PREVID="0" NEXTID="0" UPDATEDATE="2024-09-09" STARTDATE="2024-09-09" ENDDATE="2079-06-06" ISACTUAL="1" ISACTIVE="1" /><HOUSE ID="126739242" OBJECTID="165119456" OBJECTGUID="4cbab881-6502-4ac4-90fc-c66d84cd7ca1" CHANGEID="600741813" HOUSENUM="4" HOUSETYPE="2" OPERTYPEID="10" PREVID="0" NEXTID="0" UPDATEDATE="2024-09-09" STARTDATE="2024-09-09" ENDDATE="2079-06-06" ISACTUAL="1" ISACTIVE="1" /><HOUSE ID="126739305" OBJECTID="165119769" OBJECTGUID="58fc45ca-768a-456c-834d-1d20b034c392" CHANGEID="600742224" HOUSENUM="21" HOUSETYPE="2" OPERTYPEID="10" PREVID="0" NEXTID="0" UPDATEDATE="2024-09-09" STARTDATE="2024-09-09" ENDDATE="2079-06-06" ISACTUAL="1" ISACTIVE="1" /><HOUSE ID="126739306" OBJECTID="165119770" OBJECTGUID="d058176d-8b33-4617-89d7-fee97a5e8832" CHANGEID="600742228" HOUSENUM="5А" HOUSETYPE="2" OPERTYPEID="10" PREVID="0" NEXTID="0" UPDATEDATE="2024-09-09" STARTDATE="2024-09-09" ENDDATE="2079-06-06" ISACTUAL="1" ISACTIVE="1" /><HOUSE ID="126744453" OBJECTID="165139512" OBJECTGUID="c69586af-f60c-4ed8-be98-fe80f507000e" CHANGEID="600773345" HOUSENUM="72" HOUSETYPE="5" OPERTYPEID="10" PREVID="0" NEXTID="0" UPDATEDATE="2024-09-09" STARTDATE="2024-09-09" ENDDATE="2079-06-06" ISACTUAL="1" ISACTIVE="1" /><HOUSE ID="126744454" OBJECTID="165139513" OBJECTGUID="680fd8ef-2654-4ab5-9f06-652e2b6e3553" CHANGEID="600773346" HOUSENUM="119" HOUSETYPE="5" OPERTYPEID="10" PREVID="0" NEXTID="0" UPDATEDATE="2024-09-09" STARTDATE="2024-09-09" ENDDATE="2079-06-06" ISACTUAL="1" ISACTIVE="1" /><HOUSE ID="126747547" OBJECTID="165151173" OBJECTGUID="195d453c-d79c-4869-8301-f8ce555afa41" CHANGEID="600796427" HOUSENUM="16" HOUSETYPE="5" OPERTYPEID="10" PREVID="0" NEXTID="0" UPDATEDATE="2024-09-10" STARTDATE="2024-09-10" ENDDATE="2079-06-06" ISACTUAL="1" ISACTIVE="1" /><HOUSE ID="126747599" OBJECTID="10801588" OBJECTGUID="ba753c1b-48e0-4496-b78f-0710f6ccfdfd" CHANGEID="600796830" HOUSENUM="88" HOUSETYPE="2" OPERTYPEID="30" PREVID="64591499" NEXTID="0" UPDATEDATE="2024-09-10" STARTDATE="2024-09-10" ENDDATE="2079-06-06" ISACTUAL="1" ISACTIVE="0" /><HOUSE ID="126747669" OBJECTID="165152253" OBJECTGUID="adb92a5d-7274-4ef2-8e7c-55f13237b53d" CHANGEID="600798138" HOUSENUM="2" ADDNUM1="1" HOUSETYPE="2" ADDTYPE1="2" OPERTYPEID="10" PREVID="0" NEXTID="0" UPDATEDATE="2024-09-10" STARTDATE="2024-09-10" ENDDATE="2079-06-06" ISACTUAL="1" ISACTIVE="1" /><HOUSE ID="126747855" OBJECTID="165155272" OBJECTGUID="0c8c7a9e-95f0-48f0-b5cd-c76104851f3b" CHANGEID="600802175" HOUSENUM="1" HOUSETYPE="2" OPERTYPEID="10" PREVID="0" NEXTID="0" UPDATEDATE="2024-09-10" STARTDATE="2024-09-10" ENDDATE="2079-06-06" ISACTUAL="1" ISACTIVE="1" /><HOUSE ID="126754813" OBJECTID="165184034" OBJECTGUID="27be5177-1d3f-4601-80fd-b15550dffb8d" CHANGEID="600860560" HOUSENUM="19Б" HOUSETYPE="2" OPERTYPEID="10" PREVID="0" NEXTID="0" UPDATEDATE="2024-09-11" STARTDATE="2024-09-11" ENDDATE="2079-06-06" ISACTUAL="1" ISACTIVE="1" /><HOUSE ID="126754823" OBJECTID="165184311" OBJECTGUID="ce11a6e6-5671-4cce-8841-f6b0eb96d626" CHANGEID="600861513" HOUSENUM="18" ADDNUM1="1" HOUSETYPE="2" ADDTYPE1="1" OPERTYPEID="10" PREVID="0" NEXTID="0" UPDATEDATE="2024-09-11" STARTDATE="2024-09-11" ENDDATE="2079-06-06" ISACTUAL="1" ISACTIVE="1" /><HOUSE ID="126754830" OBJECTID="165184460" OBJECTGUID="6c0a4e2e-790a-4093-bb69-f4d13733899c" CHANGEID="600862104" HOUSENUM="72Б" HOUSETYPE="2" OPERTYPEID="10" PREVID="0" NEXTID="0" UPDATEDATE="2024-09-11" STARTDATE="2024-09-11" ENDDATE="2079-06-06" ISACTUAL="1" ISACTIVE="1" /><HOUSE ID="126754832" OBJECTID="165184484" OBJECTGUID="d8db430d-f245-40f2-a7b4-c1409180a95f" CHANGEID="600862168" HOUSENUM="121" ADDNUM1="1" HOUSETYPE="2" ADDTYPE1="1" OPERTYPEID="10" PREVID="0" NEXTID="0" UPDATEDATE="2024-09-11" STARTDATE="2024-09-11" ENDDATE="2079-06-06" ISACTUAL="1" ISACTIVE="1" /><HOUSE ID="126754833" OBJECTID="165184503" OBJECTGUID="5a79dbcf-0a55-43b0-92d7-853c39855411" CHANGEID="600862219" HOUSENUM="15" ADDNUM1="1" HOUSETYPE="2" ADDTYPE1="1" OPERTYPEID="10" PREVID="0" NEXTID="0" UPDATEDATE="2024-09-11" STARTDATE="2024-09-11" ENDDATE="2079-06-06" ISACTUAL="1" ISACTIVE="1" /><HOUSE ID="126754863" OBJECTID="165184631" OBJECTGUID="fc5c5fb8-194d-470e-9801-e09581377cff" CHANGEID="600874035" HOUSENUM="43" HOUSETYPE="2" OPERTYPEID="10" PREVID="0" NEXTID="0" UPDATEDATE="2024-09-11" STARTDATE="2024-09-11" ENDDATE="2079-06-06" ISACTUAL="1" ISACTIVE="1" /><HOUSE ID="125254493" OBJECTID="161519440" OBJECTGUID="1e604b65-2b97-4476-bd21-ca3cdc3ad542" CHANGEID="575325220" HOUSENUM="3Г" HOUSETYPE="2" OPERTYPEID="10" PREVID="0" NEXTID="126754904" UPDATEDATE="2024-09-11" STARTDATE="2023-11-29" ENDDATE="2024-09-11" ISACTUAL="0" ISACTIVE="0" /><HOUSE ID="126754904" OBJECTID="161519440" OBJECTGUID="1e604b65-2b97-4476-bd21-ca3cdc3ad542" CHANGEID="600875985" HOUSENUM="3" ADDNUM1="1" HOUSETYPE="2" ADDTYPE1="1" OPERTYPEID="20" PREVID="125254493" UPDATEDATE="2024-09-11" STARTDATE="2024-09-11" ENDDATE="2079-06-06" ISACTUAL="1" ISACTIVE="1" /><HOUSE ID="126754905" OBJECTID="161519443" OBJECTGUID="e468dc8e-e432-42b1-926f-2bdaff1584aa" CHANGEID="600875986" HOUSENUM="3" ADDNUM1="2" HOUSETYPE="2" ADDTYPE1="1" OPERTYPEID="20" PREVID="125254495" UPDATEDATE="2024-09-11" STARTDATE="2024-09-11" ENDDATE="2079-06-06" ISACTUAL="1" ISACTIVE="1" /><HOUSE ID="126754906" OBJECTID="161519445" OBJECTGUID="b6bde6b0-5907-4cd7-8e68-19b1898aae7d" CHANGEID="600875987" HOUSENUM="3" ADDNUM1="3" HOUSETYPE="2" ADDTYPE1="1" OPERTYPEID="20" PREVID="125254497" UPDATEDATE="2024-09-11" STARTDATE="2024-09-11" ENDDATE="2079-06-06" ISACTUAL="1" ISACTIVE="1" /><HOUSE ID="126754949" OBJECTID="161519447" OBJECTGUID="d4fcd688-b366-447e-b2fc-68acf4de5079" CHANGEID="600876666" HOUSENUM="3" ADDNUM1="4" HOUSETYPE="2" ADDTYPE1="1" OPERTYPEID="20" PREVID="125254498" UPDATEDATE="2024-09-11" STARTDATE="2024-09-11" ENDDATE="2079-06-06" ISACTUAL="1" ISACTIVE="1" /><HOUSE ID="126754950" OBJECTID="161519437" OBJECTGUID="89e07ebf-2f02-4628-a588-0927bcfbd6c9" CHANGEID="600876668" HOUSENUM="3" ADDNUM1="5" HOUSETYPE="2" ADDTYPE1="1" OPERTYPEID="20" PREVID="125254491" UPDATEDATE="2024-09-11" STARTDATE="2024-09-11" ENDDATE="2079-06-06" ISACTUAL="1" ISACTIVE="1" /><HOUSE ID="126754951" OBJECTID="160722876" OBJECTGUID="8dce9757-b054-4f7a-8c39-f090f28489d9" CHANGEID="600876674" HOUSENUM="31" ADDNUM1="1" HOUSETYPE="2" ADDTYPE1="1" OPERTYPEID="20" PREVID="124973112" UPDATEDATE="2024-09-11" STARTDATE="2024-09-11" ENDDATE="2079-06-06" ISACTUAL="1" ISACTIVE="1" /><HOUSE ID="126756180" OBJECTID="165192244" OBJECTGUID="daa2d2ce-ac76-41c4-b2af-584d65365f03" CHANGEID="600885996" HOUSENUM="6" ADDNUM1="1" HOUSETYPE="2" ADDTYPE1="1" OPERTYPEID="10" PREVID="0" NEXTID="0" UPDATEDATE="2024-09-11" STARTDATE="2024-09-11" ENDDATE="2079-06-06" ISACTUAL="1" ISACTIVE="1" /><HOUSE ID="126756184" OBJECTID="165192251" OBJECTGUID="03b81cbd-58db-4e40-8ce3-6b8fd9ca1c14" CHANGEID="600886006" HOUSENUM="2" HOUSETYPE="2" OPERTYPEID="10" PREVID="0" NEXTID="0" UPDATEDATE="2024-09-11" STARTDATE="2024-09-11" ENDDATE="2079-06-06" ISACTUAL="1" ISACTIVE="1" /></HOUSES>