﻿<?xml version="1.0" encoding="utf-8"?><HOUSES><HOUSE ID="57640567" OBJECTID="19777218" OBJECTGUID="58615fc9-032e-4a45-ba77-5c3ddd3fca63" CHANGEID="31010588" HOUSENUM="5/2" HOUSETYPE="2" OPERTYPEID="20" PREVID="11499049" NEXTID="126734390" UPDATEDATE="2024-09-06" STARTDATE="2016-05-11" ENDDATE="2024-09-06" ISACTUAL="0" ISACTIVE="0" /><HOUSE ID="59729721" OBJECTID="5030416" OBJECTGUID="75d9ab52-f8dc-4d4b-ba7e-16d7616c2ccc" CHANGEID="9231654" HOUSENUM="14А" HOUSETYPE="2" OPERTYPEID="20" PREVID="2138503" NEXTID="126747444" UPDATEDATE="2024-09-09" STARTDATE="2016-05-11" ENDDATE="2024-09-09" ISACTUAL="0" ISACTIVE="0" /><HOUSE ID="60046050" OBJECTID="19703233" OBJECTGUID="7a4f9120-094f-47a5-a71a-edd76c0bef71" CHANGEID="30900238" HOUSENUM="3" HOUSETYPE="2" OPERTYPEID="20" PREVID="11452253" NEXTID="126734391" UPDATEDATE="2024-09-06" STARTDATE="2016-05-11" ENDDATE="2024-09-06" ISACTUAL="0" ISACTIVE="0" /><HOUSE ID="60151719" OBJECTID="20013530" OBJECTGUID="7bce763a-a111-4baa-b523-d6c8c066d449" CHANGEID="31359047" HOUSENUM="28А" HOUSETYPE="2" OPERTYPEID="20" PREVID="11650442" NEXTID="126734406" UPDATEDATE="2024-09-06" STARTDATE="2016-05-11" ENDDATE="2024-09-06" ISACTUAL="0" ISACTIVE="0" /><HOUSE ID="60489295" OBJECTID="19934708" OBJECTGUID="80945a65-b527-48b3-912a-0ee8a0b4a4fe" CHANGEID="31241749" HOUSENUM="16" HOUSETYPE="2" OPERTYPEID="20" PREVID="11598873" NEXTID="126734389" UPDATEDATE="2024-09-06" STARTDATE="2016-05-11" ENDDATE="2024-09-06" ISACTUAL="0" ISACTIVE="0" /><HOUSE ID="72181863" OBJECTID="103818268" OBJECTGUID="58fd23b6-eb6f-45fd-9e52-d2d247680d5b" CHANGEID="277402032" HOUSENUM="10" HOUSETYPE="12" OPERTYPEID="10" PREVID="0" NEXTID="126756996" UPDATEDATE="2024-09-11" STARTDATE="2022-02-24" ENDDATE="2024-09-11" ISACTUAL="0" ISACTIVE="0" /><HOUSE ID="124138696" OBJECTID="158144212" OBJECTGUID="6a8e25f7-3d80-4ee3-b3f3-2503a028d447" CHANGEID="495636818" HOUSENUM="10" ADDNUM1="1" HOUSETYPE="5" ADDTYPE1="2" OPERTYPEID="10" PREVID="0" NEXTID="126726699" UPDATEDATE="2024-09-05" STARTDATE="2023-02-21" ENDDATE="2024-09-05" ISACTUAL="0" ISACTIVE="0" /><HOUSE ID="124161684" OBJECTID="158217556" OBJECTGUID="a02826b9-89a5-453c-acb9-5b4d36c4a4cc" CHANGEID="495941692" HOUSENUM="47" HOUSETYPE="7" OPERTYPEID="10" PREVID="0" NEXTID="126758656" UPDATEDATE="2024-09-11" STARTDATE="2023-03-03" ENDDATE="2024-09-11" ISACTUAL="0" ISACTIVE="0" /><HOUSE ID="62412103" OBJECTID="55289059" OBJECTGUID="9bb249f5-44d8-44e3-9829-f645816f22c1" CHANGEID="82692530" HOUSENUM="26" HOUSETYPE="2" OPERTYPEID="20" PREVID="33027940" NEXTID="126747440" UPDATEDATE="2024-09-09" STARTDATE="2016-05-11" ENDDATE="2024-09-09" ISACTUAL="0" ISACTIVE="0" /><HOUSE ID="63001197" OBJECTID="19678927" OBJECTGUID="a404489d-39b1-4f07-88bc-d2196715d76e" CHANGEID="30862532" HOUSENUM="32-32а" HOUSETYPE="2" OPERTYPEID="20" PREVID="11434486" NEXTID="126734393" UPDATEDATE="2024-09-06" STARTDATE="2016-05-11" ENDDATE="2024-09-06" ISACTUAL="0" ISACTIVE="0" /><HOUSE ID="63103285" OBJECTID="55288279" OBJECTGUID="a57525c7-5131-4907-a6ff-89fbdc5c1764" CHANGEID="82691645" HOUSENUM="32" HOUSETYPE="2" OPERTYPEID="20" PREVID="33027546" NEXTID="126747442" UPDATEDATE="2024-09-09" STARTDATE="2016-05-11" ENDDATE="2024-09-09" ISACTUAL="0" ISACTIVE="0" /><HOUSE ID="65526346" OBJECTID="34969521" OBJECTGUID="c7a9a0b7-9d52-4388-b8b6-47e6b0ec609d" CHANGEID="53189695" HOUSENUM="6" HOUSETYPE="2" OPERTYPEID="20" PREVID="20797249" NEXTID="126726689" UPDATEDATE="2024-09-05" STARTDATE="2016-05-11" ENDDATE="2024-09-05" ISACTUAL="0" ISACTIVE="0" /><HOUSE ID="68397232" OBJECTID="20008296" OBJECTGUID="f0397334-2031-4954-967c-64c2a326af2d" CHANGEID="31351613" HOUSENUM="18Б" HOUSETYPE="2" OPERTYPEID="20" PREVID="11647187" NEXTID="126734408" UPDATEDATE="2024-09-06" STARTDATE="2016-05-11" ENDDATE="2024-09-06" ISACTUAL="0" ISACTIVE="0" /><HOUSE ID="71206143" OBJECTID="100910599" OBJECTGUID="b600c7e0-05b7-4474-83df-406be1cf86f3" CHANGEID="191410819" HOUSENUM="107" HOUSETYPE="2" OPERTYPEID="10" PREVID="0" NEXTID="126756979" UPDATEDATE="2024-09-11" STARTDATE="2021-04-12" ENDDATE="2024-09-11" ISACTUAL="0" ISACTIVE="0" /><HOUSE ID="71286157" OBJECTID="101181743" OBJECTGUID="a41f22f7-1b07-4f85-b524-d35cb0b7176a" CHANGEID="192893313" HOUSENUM="59" HOUSETYPE="2" OPERTYPEID="10" PREVID="0" NEXTID="126726708" UPDATEDATE="2024-09-05" STARTDATE="2021-05-11" ENDDATE="2024-09-05" ISACTUAL="0" ISACTIVE="0" /><HOUSE ID="71368257" OBJECTID="101469776" OBJECTGUID="890afb92-0567-4b2b-956a-2cf8e5d068b2" CHANGEID="195032857" HOUSENUM="7А" HOUSETYPE="5" OPERTYPEID="10" PREVID="0" NEXTID="126747493" UPDATEDATE="2024-09-09" STARTDATE="2021-06-07" ENDDATE="2024-09-09" ISACTUAL="0" ISACTIVE="0" /><HOUSE ID="71918051" OBJECTID="102974276" OBJECTGUID="f97b04d7-c1dc-4f07-8a50-2cffe02c7a14" CHANGEID="228383896" HOUSENUM="77" HOUSETYPE="5" OPERTYPEID="10" PREVID="0" NEXTID="126734556" UPDATEDATE="2024-09-06" STARTDATE="2021-11-20" ENDDATE="2024-09-06" ISACTUAL="0" ISACTIVE="0" /><HOUSE ID="126726689" OBJECTID="34969521" OBJECTGUID="c7a9a0b7-9d52-4388-b8b6-47e6b0ec609d" CHANGEID="600523418" HOUSENUM="6г" HOUSETYPE="5" OPERTYPEID="20" PREVID="65526346" UPDATEDATE="2024-09-05" STARTDATE="2024-09-05" ENDDATE="2079-06-06" ISACTUAL="1" ISACTIVE="1" /><HOUSE ID="126726699" OBJECTID="158144212" OBJECTGUID="6a8e25f7-3d80-4ee3-b3f3-2503a028d447" CHANGEID="600523634" HOUSENUM="10/4" ADDNUM1="4" HOUSETYPE="5" ADDTYPE1="2" OPERTYPEID="20" PREVID="124138696" UPDATEDATE="2024-09-05" STARTDATE="2024-09-05" ENDDATE="2079-06-06" ISACTUAL="1" ISACTIVE="1" /><HOUSE ID="126726708" OBJECTID="101181743" OBJECTGUID="a41f22f7-1b07-4f85-b524-d35cb0b7176a" CHANGEID="600523825" HOUSENUM="67/59" HOUSETYPE="2" OPERTYPEID="50" PREVID="71286157" UPDATEDATE="2024-09-05" STARTDATE="2024-09-05" ENDDATE="2079-06-06" ISACTUAL="1" ISACTIVE="1" /><HOUSE ID="126726711" OBJECTID="165068011" OBJECTGUID="9a0e0c0d-7dc1-4126-b504-a8b0bdcc4364" CHANGEID="600523829" HOUSENUM="5/106" HOUSETYPE="2" OPERTYPEID="10" PREVID="0" NEXTID="0" UPDATEDATE="2024-09-05" STARTDATE="2024-09-05" ENDDATE="2079-06-06" ISACTUAL="1" ISACTIVE="1" /><HOUSE ID="126726714" OBJECTID="165068016" OBJECTGUID="4066ed97-2299-4380-8a43-901a63b15309" CHANGEID="600523834" HOUSENUM="80/52" HOUSETYPE="2" OPERTYPEID="10" PREVID="0" NEXTID="0" UPDATEDATE="2024-09-05" STARTDATE="2024-09-05" ENDDATE="2079-06-06" ISACTUAL="1" ISACTIVE="1" /><HOUSE ID="126727103" OBJECTID="165069135" OBJECTGUID="2c72f617-f8df-48ef-93f5-5d462cca9928" CHANGEID="600525772" HOUSENUM="6/7" HOUSETYPE="5" OPERTYPEID="10" PREVID="0" NEXTID="0" UPDATEDATE="2024-09-05" STARTDATE="2024-09-05" ENDDATE="2079-06-06" ISACTUAL="1" ISACTIVE="1" /><HOUSE ID="126734392" OBJECTID="20027739" OBJECTGUID="a82a5b62-e03d-4052-aba4-d7ebe643cecc" CHANGEID="600581009" HOUSENUM="23" HOUSETYPE="2" OPERTYPEID="30" PREVID="11659003" NEXTID="0" UPDATEDATE="2024-09-06" STARTDATE="2024-09-06" ENDDATE="2079-06-06" ISACTUAL="1" ISACTIVE="0" /><HOUSE ID="11659003" OBJECTID="20027739" OBJECTGUID="a82a5b62-e03d-4052-aba4-d7ebe643cecc" CHANGEID="31379494" HOUSENUM="23" HOUSETYPE="2" OPERTYPEID="10" PREVID="0" NEXTID="126734392" UPDATEDATE="2024-09-06" STARTDATE="2017-01-13" ENDDATE="2024-09-06" ISACTUAL="0" ISACTIVE="0" /><HOUSE ID="126734393" OBJECTID="19678927" OBJECTGUID="a404489d-39b1-4f07-88bc-d2196715d76e" CHANGEID="600581010" HOUSENUM="32-32а" HOUSETYPE="2" OPERTYPEID="30" PREVID="63001197" NEXTID="0" UPDATEDATE="2024-09-06" STARTDATE="2024-09-06" ENDDATE="2079-06-06" ISACTUAL="1" ISACTIVE="0" /><HOUSE ID="71625973" OBJECTID="101436645" OBJECTGUID="7104a156-a110-4469-b9ee-700406f0bea8" CHANGEID="215511718" HOUSENUM="38а" HOUSETYPE="5" OPERTYPEID="50" PREVID="71358190" NEXTID="126734396" UPDATEDATE="2024-09-06" STARTDATE="2021-09-02" ENDDATE="2024-09-06" ISACTUAL="0" ISACTIVE="0" /><HOUSE ID="126734396" OBJECTID="101436645" OBJECTGUID="7104a156-a110-4469-b9ee-700406f0bea8" CHANGEID="600581016" HOUSENUM="38а" HOUSETYPE="2" OPERTYPEID="20" PREVID="71625973" UPDATEDATE="2024-09-06" STARTDATE="2024-09-06" ENDDATE="2079-06-06" ISACTUAL="1" ISACTIVE="1" /><HOUSE ID="72090669" OBJECTID="103545680" OBJECTGUID="5ad07410-70ff-4e95-81f6-9cc992ff25d7" CHANGEID="265239879" HOUSENUM="3" HOUSETYPE="4" OPERTYPEID="10" PREVID="0" NEXTID="126734403" UPDATEDATE="2024-09-06" STARTDATE="2022-01-24" ENDDATE="2024-09-06" ISACTUAL="0" ISACTIVE="0" /><HOUSE ID="126734403" OBJECTID="103545680" OBJECTGUID="5ad07410-70ff-4e95-81f6-9cc992ff25d7" CHANGEID="600581041" HOUSENUM="3а" ADDNUM1="1" HOUSETYPE="4" ADDTYPE1="2" OPERTYPEID="20" PREVID="72090669" UPDATEDATE="2024-09-06" STARTDATE="2024-09-06" ENDDATE="2079-06-06" ISACTUAL="1" ISACTIVE="1" /><HOUSE ID="71754764" OBJECTID="20030380" OBJECTGUID="c677ba8a-9439-4b32-817d-cb81cce144b9" CHANGEID="218963093" HOUSENUM="12а" HOUSETYPE="2" OPERTYPEID="20" PREVID="11660932" NEXTID="126734405" UPDATEDATE="2024-09-06" STARTDATE="2021-10-04" ENDDATE="2024-09-06" ISACTUAL="0" ISACTIVE="0" /><HOUSE ID="126734388" OBJECTID="19974890" OBJECTGUID="0661bed6-4140-4adc-9137-a5d8f1bdc68b" CHANGEID="600581005" HOUSENUM="15" HOUSETYPE="2" OPERTYPEID="30" PREVID="51835613" NEXTID="0" UPDATEDATE="2024-09-06" STARTDATE="2024-09-06" ENDDATE="2079-06-06" ISACTUAL="1" ISACTIVE="0" /><HOUSE ID="51835613" OBJECTID="19974890" OBJECTGUID="0661bed6-4140-4adc-9137-a5d8f1bdc68b" CHANGEID="31302328" HOUSENUM="15" HOUSETYPE="2" OPERTYPEID="20" PREVID="11626121" NEXTID="126734388" UPDATEDATE="2024-09-06" STARTDATE="2016-05-11" ENDDATE="2024-09-06" ISACTUAL="0" ISACTIVE="0" /><HOUSE ID="126734389" OBJECTID="19934708" OBJECTGUID="80945a65-b527-48b3-912a-0ee8a0b4a4fe" CHANGEID="600581006" HOUSENUM="16" HOUSETYPE="2" OPERTYPEID="30" PREVID="60489295" NEXTID="0" UPDATEDATE="2024-09-06" STARTDATE="2024-09-06" ENDDATE="2079-06-06" ISACTUAL="1" ISACTIVE="0" /><HOUSE ID="126734390" OBJECTID="19777218" OBJECTGUID="58615fc9-032e-4a45-ba77-5c3ddd3fca63" CHANGEID="600581007" HOUSENUM="5/2" HOUSETYPE="2" OPERTYPEID="30" PREVID="57640567" NEXTID="0" UPDATEDATE="2024-09-06" STARTDATE="2024-09-06" ENDDATE="2079-06-06" ISACTUAL="1" ISACTIVE="0" /><HOUSE ID="126734391" OBJECTID="19703233" OBJECTGUID="7a4f9120-094f-47a5-a71a-edd76c0bef71" CHANGEID="600581008" HOUSENUM="3" HOUSETYPE="2" OPERTYPEID="30" PREVID="60046050" NEXTID="0" UPDATEDATE="2024-09-06" STARTDATE="2024-09-06" ENDDATE="2079-06-06" ISACTUAL="1" ISACTIVE="0" /><HOUSE ID="126734394" OBJECTID="103545685" OBJECTGUID="1e989860-a8ba-47df-86bf-454a99973ccd" CHANGEID="600581011" HOUSENUM="7а" HOUSETYPE="5" OPERTYPEID="30" PREVID="72090674" NEXTID="0" UPDATEDATE="2024-09-06" STARTDATE="2024-09-06" ENDDATE="2079-06-06" ISACTUAL="1" ISACTIVE="0" /><HOUSE ID="72090674" OBJECTID="103545685" OBJECTGUID="1e989860-a8ba-47df-86bf-454a99973ccd" CHANGEID="265239884" HOUSENUM="7а" HOUSETYPE="5" OPERTYPEID="10" PREVID="0" NEXTID="126734394" UPDATEDATE="2024-09-06" STARTDATE="2022-01-24" ENDDATE="2024-09-06" ISACTUAL="0" ISACTIVE="0" /><HOUSE ID="126734395" OBJECTID="103545690" OBJECTGUID="cedcec24-bd19-4623-8fe1-39cdd1a9ca62" CHANGEID="600581013" HOUSENUM="13а" HOUSETYPE="5" OPERTYPEID="30" PREVID="72090679" NEXTID="0" UPDATEDATE="2024-09-06" STARTDATE="2024-09-06" ENDDATE="2079-06-06" ISACTUAL="1" ISACTIVE="0" /><HOUSE ID="72090679" OBJECTID="103545690" OBJECTGUID="cedcec24-bd19-4623-8fe1-39cdd1a9ca62" CHANGEID="265239889" HOUSENUM="13а" HOUSETYPE="5" OPERTYPEID="10" PREVID="0" NEXTID="126734395" UPDATEDATE="2024-09-06" STARTDATE="2022-01-24" ENDDATE="2024-09-06" ISACTUAL="0" ISACTIVE="0" /><HOUSE ID="71266191" OBJECTID="101114869" OBJECTGUID="ec46ee08-ea66-4a35-8ba1-88521c59b1e9" CHANGEID="192690549" HOUSENUM="90" HOUSETYPE="5" OPERTYPEID="10" PREVID="0" NEXTID="126734397" UPDATEDATE="2024-09-06" STARTDATE="2021-04-29" ENDDATE="2024-09-06" ISACTUAL="0" ISACTIVE="0" /><HOUSE ID="126734397" OBJECTID="101114869" OBJECTGUID="ec46ee08-ea66-4a35-8ba1-88521c59b1e9" CHANGEID="600581029" HOUSENUM="96/90" HOUSETYPE="2" OPERTYPEID="50" PREVID="71266191" UPDATEDATE="2024-09-06" STARTDATE="2024-09-06" ENDDATE="2079-06-06" ISACTUAL="1" ISACTIVE="1" /><HOUSE ID="126734399" OBJECTID="165101282" OBJECTGUID="d2b88a1d-3d87-4afe-abe7-e9131fced92a" CHANGEID="600581037" HOUSENUM="9" ADDNUM1="2" HOUSETYPE="4" ADDTYPE1="2" OPERTYPEID="10" PREVID="0" NEXTID="0" UPDATEDATE="2024-09-06" STARTDATE="2024-09-06" ENDDATE="2079-06-06" ISACTUAL="1" ISACTIVE="1" /><HOUSE ID="126734400" OBJECTID="165101283" OBJECTGUID="18543ac4-e26e-4c22-b8e6-60fcf9a203c1" CHANGEID="600581038" HOUSENUM="3а" ADDNUM1="4" HOUSETYPE="4" ADDTYPE1="2" OPERTYPEID="10" PREVID="0" NEXTID="0" UPDATEDATE="2024-09-06" STARTDATE="2024-09-06" ENDDATE="2079-06-06" ISACTUAL="1" ISACTIVE="1" /><HOUSE ID="126734401" OBJECTID="165101284" OBJECTGUID="e1ac0402-495c-4cdc-924c-88a6121c1b33" CHANGEID="600581039" HOUSENUM="3а" ADDNUM1="3" HOUSETYPE="4" ADDTYPE1="2" OPERTYPEID="10" PREVID="0" NEXTID="0" UPDATEDATE="2024-09-06" STARTDATE="2024-09-06" ENDDATE="2079-06-06" ISACTUAL="1" ISACTIVE="1" /><HOUSE ID="126734402" OBJECTID="165101285" OBJECTGUID="e228a9a4-73a0-4c65-bc0a-4916f7e477e3" CHANGEID="600581040" HOUSENUM="3а" ADDNUM1="2" HOUSETYPE="4" ADDTYPE1="2" OPERTYPEID="10" PREVID="0" NEXTID="0" UPDATEDATE="2024-09-06" STARTDATE="2024-09-06" ENDDATE="2079-06-06" ISACTUAL="1" ISACTIVE="1" /><HOUSE ID="72090676" OBJECTID="103545687" OBJECTGUID="f4685723-e98b-47d4-a2b5-c83fdd1a6257" CHANGEID="265239886" HOUSENUM="9" HOUSETYPE="4" OPERTYPEID="10" PREVID="0" NEXTID="126734404" UPDATEDATE="2024-09-06" STARTDATE="2022-01-24" ENDDATE="2024-09-06" ISACTUAL="0" ISACTIVE="0" /><HOUSE ID="126734404" OBJECTID="103545687" OBJECTGUID="f4685723-e98b-47d4-a2b5-c83fdd1a6257" CHANGEID="600581044" HOUSENUM="9" ADDNUM1="3" HOUSETYPE="4" ADDTYPE1="2" OPERTYPEID="20" PREVID="72090676" UPDATEDATE="2024-09-06" STARTDATE="2024-09-06" ENDDATE="2079-06-06" ISACTUAL="1" ISACTIVE="1" /><HOUSE ID="126734406" OBJECTID="20013530" OBJECTGUID="7bce763a-a111-4baa-b523-d6c8c066d449" CHANGEID="600581050" HOUSENUM="28а" HOUSETYPE="5" OPERTYPEID="20" PREVID="60151719" UPDATEDATE="2024-09-06" STARTDATE="2024-09-06" ENDDATE="2079-06-06" ISACTUAL="1" ISACTIVE="1" /><HOUSE ID="72090675" OBJECTID="103545686" OBJECTGUID="f522e784-063c-4d7d-a7ab-11a580aabb2a" CHANGEID="265239885" HOUSENUM="3" HOUSETYPE="5" OPERTYPEID="10" PREVID="0" NEXTID="126734407" UPDATEDATE="2024-09-06" STARTDATE="2022-01-24" ENDDATE="2024-09-06" ISACTUAL="0" ISACTIVE="0" /><HOUSE ID="126734407" OBJECTID="103545686" OBJECTGUID="f522e784-063c-4d7d-a7ab-11a580aabb2a" CHANGEID="600581052" HOUSENUM="3" ADDNUM1="1" HOUSETYPE="5" ADDTYPE1="2" OPERTYPEID="20" PREVID="72090675" UPDATEDATE="2024-09-06" STARTDATE="2024-09-06" ENDDATE="2079-06-06" ISACTUAL="1" ISACTIVE="1" /><HOUSE ID="72090678" OBJECTID="103545689" OBJECTGUID="1051ac64-1907-4db1-aad3-38ede1a6c44c" CHANGEID="265239888" HOUSENUM="1" HOUSETYPE="5" OPERTYPEID="10" PREVID="0" NEXTID="126734411" UPDATEDATE="2024-09-06" STARTDATE="2022-01-24" ENDDATE="2024-09-06" ISACTUAL="0" ISACTIVE="0" /><HOUSE ID="126734411" OBJECTID="103545689" OBJECTGUID="1051ac64-1907-4db1-aad3-38ede1a6c44c" CHANGEID="600581056" HOUSENUM="1" ADDNUM1="1" HOUSETYPE="5" ADDTYPE1="2" OPERTYPEID="20" PREVID="72090678" UPDATEDATE="2024-09-06" STARTDATE="2024-09-06" ENDDATE="2079-06-06" ISACTUAL="1" ISACTIVE="1" /><HOUSE ID="126734405" OBJECTID="20030380" OBJECTGUID="c677ba8a-9439-4b32-817d-cb81cce144b9" CHANGEID="600581047" HOUSENUM="12а" HOUSETYPE="5" OPERTYPEID="20" PREVID="71754764" UPDATEDATE="2024-09-06" STARTDATE="2024-09-06" ENDDATE="2079-06-06" ISACTUAL="1" ISACTIVE="1" /><HOUSE ID="126734408" OBJECTID="20008296" OBJECTGUID="f0397334-2031-4954-967c-64c2a326af2d" CHANGEID="600581053" HOUSENUM="18б" HOUSETYPE="2" OPERTYPEID="20" PREVID="68397232" UPDATEDATE="2024-09-06" STARTDATE="2024-09-06" ENDDATE="2079-06-06" ISACTUAL="1" ISACTIVE="1" /><HOUSE ID="71754762" OBJECTID="20030073" OBJECTGUID="8a660d1e-3f53-47c3-8e1f-a6d94694caff" CHANGEID="218963091" HOUSENUM="1а" HOUSETYPE="2" OPERTYPEID="20" PREVID="11660704" NEXTID="126734410" UPDATEDATE="2024-09-06" STARTDATE="2021-10-04" ENDDATE="2024-09-06" ISACTUAL="0" ISACTIVE="0" /><HOUSE ID="126734410" OBJECTID="20030073" OBJECTGUID="8a660d1e-3f53-47c3-8e1f-a6d94694caff" CHANGEID="600581055" HOUSENUM="1а" HOUSETYPE="5" OPERTYPEID="20" PREVID="71754762" UPDATEDATE="2024-09-06" STARTDATE="2024-09-06" ENDDATE="2079-06-06" ISACTUAL="1" ISACTIVE="1" /><HOUSE ID="71754766" OBJECTID="20029417" OBJECTGUID="a79b44f9-6247-45b6-820b-a4453bd141d2" CHANGEID="218963098" HOUSENUM="9а" HOUSETYPE="2" OPERTYPEID="20" PREVID="11660326" NEXTID="126734412" UPDATEDATE="2024-09-06" STARTDATE="2021-10-04" ENDDATE="2024-09-06" ISACTUAL="0" ISACTIVE="0" /><HOUSE ID="126734412" OBJECTID="20029417" OBJECTGUID="a79b44f9-6247-45b6-820b-a4453bd141d2" CHANGEID="600581057" HOUSENUM="9а" ADDNUM1="2" HOUSETYPE="5" ADDTYPE1="2" OPERTYPEID="20" PREVID="71754766" UPDATEDATE="2024-09-06" STARTDATE="2024-09-06" ENDDATE="2079-06-06" ISACTUAL="1" ISACTIVE="1" /><HOUSE ID="126734416" OBJECTID="165101295" OBJECTGUID="b9b09f3b-1e2f-443b-8cff-87982f597827" CHANGEID="600581070" HOUSENUM="1" ADDNUM1="2" HOUSETYPE="5" ADDTYPE1="2" OPERTYPEID="10" PREVID="0" NEXTID="0" UPDATEDATE="2024-09-06" STARTDATE="2024-09-06" ENDDATE="2079-06-06" ISACTUAL="1" ISACTIVE="1" /><HOUSE ID="126734417" OBJECTID="165101296" OBJECTGUID="629ce9b0-e078-460d-ab5c-04d74d1ef672" CHANGEID="600581071" HOUSENUM="3а" ADDNUM1="2" HOUSETYPE="5" ADDTYPE1="2" OPERTYPEID="10" PREVID="0" NEXTID="0" UPDATEDATE="2024-09-06" STARTDATE="2024-09-06" ENDDATE="2079-06-06" ISACTUAL="1" ISACTIVE="1" /><HOUSE ID="126734418" OBJECTID="165101297" OBJECTGUID="95dbb112-6232-4ccc-a603-cfd8a7c8886e" CHANGEID="600581072" HOUSENUM="3а" ADDNUM1="3" HOUSETYPE="5" ADDTYPE1="2" OPERTYPEID="10" PREVID="0" NEXTID="0" UPDATEDATE="2024-09-06" STARTDATE="2024-09-06" ENDDATE="2079-06-06" ISACTUAL="1" ISACTIVE="1" /><HOUSE ID="126734419" OBJECTID="165101298" OBJECTGUID="a8d2e827-e0de-4f6c-980c-7a3dfe50c625" CHANGEID="600581073" HOUSENUM="9а" ADDNUM1="1" HOUSETYPE="5" ADDTYPE1="2" OPERTYPEID="10" PREVID="0" NEXTID="0" UPDATEDATE="2024-09-06" STARTDATE="2024-09-06" ENDDATE="2079-06-06" ISACTUAL="1" ISACTIVE="1" /><HOUSE ID="126734420" OBJECTID="165101299" OBJECTGUID="3b349b99-6874-4d0d-bb07-2f5e4f85aadf" CHANGEID="600581074" HOUSENUM="10б" HOUSETYPE="5" OPERTYPEID="10" PREVID="0" NEXTID="0" UPDATEDATE="2024-09-06" STARTDATE="2024-09-06" ENDDATE="2079-06-06" ISACTUAL="1" ISACTIVE="1" /><HOUSE ID="126734421" OBJECTID="165101300" OBJECTGUID="3b28c9d0-cd60-4c67-a43c-4588f214b162" CHANGEID="600581075" HOUSENUM="18а" HOUSETYPE="5" OPERTYPEID="10" PREVID="0" NEXTID="0" UPDATEDATE="2024-09-06" STARTDATE="2024-09-06" ENDDATE="2079-06-06" ISACTUAL="1" ISACTIVE="1" /><HOUSE ID="126734422" OBJECTID="165101301" OBJECTGUID="54fe1ad2-fa85-4cda-9567-c8d2f79fa6a2" CHANGEID="600581076" HOUSENUM="24а" HOUSETYPE="5" OPERTYPEID="10" PREVID="0" NEXTID="0" UPDATEDATE="2024-09-06" STARTDATE="2024-09-06" ENDDATE="2079-06-06" ISACTUAL="1" ISACTIVE="1" /><HOUSE ID="126734423" OBJECTID="165101302" OBJECTGUID="dcdd64fe-4fdb-4e2c-b715-23f6e77b4198" CHANGEID="600581077" HOUSENUM="32б" HOUSETYPE="5" OPERTYPEID="10" PREVID="0" NEXTID="0" UPDATEDATE="2024-09-06" STARTDATE="2024-09-06" ENDDATE="2079-06-06" ISACTUAL="1" ISACTIVE="1" /><HOUSE ID="126734554" OBJECTID="165102035" OBJECTGUID="00f095d4-2791-4c09-b5e9-2df21a47805d" CHANGEID="600582494" HOUSENUM="18а" HOUSETYPE="2" OPERTYPEID="10" PREVID="0" NEXTID="0" UPDATEDATE="2024-09-06" STARTDATE="2024-09-06" ENDDATE="2079-06-06" ISACTUAL="1" ISACTIVE="1" /><HOUSE ID="126734556" OBJECTID="102974276" OBJECTGUID="f97b04d7-c1dc-4f07-8a50-2cffe02c7a14" CHANGEID="600582496" HOUSENUM="77" ADDNUM1="2" HOUSETYPE="5" ADDTYPE1="2" OPERTYPEID="20" PREVID="71918051" UPDATEDATE="2024-09-06" STARTDATE="2024-09-06" ENDDATE="2079-06-06" ISACTUAL="1" ISACTIVE="1" /><HOUSE ID="72158200" OBJECTID="103751261" OBJECTGUID="d3308aaf-3b7f-403e-bf0f-738d0bdad6b0" CHANGEID="275775241" HOUSENUM="77" HOUSETYPE="4" OPERTYPEID="10" PREVID="0" NEXTID="126734557" UPDATEDATE="2024-09-06" STARTDATE="2022-02-15" ENDDATE="2024-09-06" ISACTUAL="0" ISACTIVE="0" /><HOUSE ID="126734557" OBJECTID="103751261" OBJECTGUID="d3308aaf-3b7f-403e-bf0f-738d0bdad6b0" CHANGEID="600582498" HOUSENUM="77" ADDNUM1="1" HOUSETYPE="4" ADDTYPE1="2" OPERTYPEID="20" PREVID="72158200" UPDATEDATE="2024-09-06" STARTDATE="2024-09-06" ENDDATE="2079-06-06" ISACTUAL="1" ISACTIVE="1" /><HOUSE ID="126734558" OBJECTID="165102038" OBJECTGUID="02de3839-4503-49bb-a677-574c9c00306b" CHANGEID="600582500" HOUSENUM="77" ADDNUM1="3" HOUSETYPE="5" ADDTYPE1="2" OPERTYPEID="10" PREVID="0" NEXTID="0" UPDATEDATE="2024-09-06" STARTDATE="2024-09-06" ENDDATE="2079-06-06" ISACTUAL="1" ISACTIVE="1" /><HOUSE ID="126734559" OBJECTID="165102039" OBJECTGUID="423c5dc8-1017-45ac-9d30-5a5b2c027c39" CHANGEID="600582501" HOUSENUM="77" ADDNUM1="1" HOUSETYPE="5" ADDTYPE1="2" OPERTYPEID="10" PREVID="0" NEXTID="0" UPDATEDATE="2024-09-06" STARTDATE="2024-09-06" ENDDATE="2079-06-06" ISACTUAL="1" ISACTIVE="1" /><HOUSE ID="126734555" OBJECTID="165102036" OBJECTGUID="cf3a3eec-5061-47b4-8762-7e506ee91eac" CHANGEID="600582495" HOUSENUM="45/218" HOUSETYPE="2" OPERTYPEID="10" PREVID="0" NEXTID="0" UPDATEDATE="2024-09-06" STARTDATE="2024-09-06" ENDDATE="2079-06-06" ISACTUAL="1" ISACTIVE="1" /><HOUSE ID="71333590" OBJECTID="101334971" OBJECTGUID="82e4688a-adbc-47e9-8640-5e3b1e614089" CHANGEID="193456194" HOUSENUM="95" HOUSETYPE="5" OPERTYPEID="10" PREVID="0" NEXTID="126734561" UPDATEDATE="2024-09-06" STARTDATE="2021-05-26" ENDDATE="2024-09-06" ISACTUAL="0" ISACTIVE="0" /><HOUSE ID="126734561" OBJECTID="101334971" OBJECTGUID="82e4688a-adbc-47e9-8640-5e3b1e614089" CHANGEID="600582508" HOUSENUM="57/95" HOUSETYPE="2" OPERTYPEID="50" PREVID="71333590" UPDATEDATE="2024-09-06" STARTDATE="2024-09-06" ENDDATE="2079-06-06" ISACTUAL="1" ISACTIVE="1" /><HOUSE ID="71360184" OBJECTID="101444205" OBJECTGUID="93e26e7c-21b1-44f2-99a8-ab597a185b3a" CHANGEID="194942591" HOUSENUM="71" HOUSETYPE="5" OPERTYPEID="10" PREVID="0" NEXTID="126734562" UPDATEDATE="2024-09-06" STARTDATE="2021-06-03" ENDDATE="2024-09-06" ISACTUAL="0" ISACTIVE="0" /><HOUSE ID="126734562" OBJECTID="101444205" OBJECTGUID="93e26e7c-21b1-44f2-99a8-ab597a185b3a" CHANGEID="600582510" HOUSENUM="71а/71" HOUSETYPE="2" OPERTYPEID="50" PREVID="71360184" UPDATEDATE="2024-09-06" STARTDATE="2024-09-06" ENDDATE="2079-06-06" ISACTUAL="1" ISACTIVE="1" /><HOUSE ID="126734565" OBJECTID="165102047" OBJECTGUID="dc7f17d0-01a2-4792-96c0-0702e15a0763" CHANGEID="600582516" HOUSENUM="86" ADDNUM1="1" HOUSETYPE="5" ADDTYPE1="2" OPERTYPEID="10" PREVID="0" NEXTID="0" UPDATEDATE="2024-09-06" STARTDATE="2024-09-06" ENDDATE="2079-06-06" ISACTUAL="1" ISACTIVE="1" /><HOUSE ID="126734566" OBJECTID="165102049" OBJECTGUID="4bb313f9-bab6-4f54-a587-b77ef2bc16e9" CHANGEID="600582521" HOUSENUM="47/241" HOUSETYPE="2" OPERTYPEID="10" PREVID="0" NEXTID="0" UPDATEDATE="2024-09-06" STARTDATE="2024-09-06" ENDDATE="2079-06-06" ISACTUAL="1" ISACTIVE="1" /><HOUSE ID="126736170" OBJECTID="165106491" OBJECTGUID="881785c7-47aa-4e00-9bbb-762f740599d1" CHANGEID="600590422" HOUSENUM="108/54" HOUSETYPE="2" OPERTYPEID="10" PREVID="0" NEXTID="0" UPDATEDATE="2024-09-06" STARTDATE="2024-09-06" ENDDATE="2079-06-06" ISACTUAL="1" ISACTIVE="1" /><HOUSE ID="126736259" OBJECTID="165106696" OBJECTGUID="584f44bc-79c0-4fd9-b7a1-26b9cb0fe1b0" CHANGEID="600590853" HOUSENUM="96" HOUSETYPE="2" OPERTYPEID="10" PREVID="0" NEXTID="0" UPDATEDATE="2024-09-06" STARTDATE="2024-09-06" ENDDATE="2079-06-06" ISACTUAL="1" ISACTIVE="1" /><HOUSE ID="126736337" OBJECTID="165107724" OBJECTGUID="49ed69d2-b836-4f9c-a655-7a37f3a37c2a" CHANGEID="600592347" HOUSENUM="57а/1" HOUSETYPE="2" OPERTYPEID="10" PREVID="0" NEXTID="0" UPDATEDATE="2024-09-06" STARTDATE="2024-09-06" ENDDATE="2079-06-06" ISACTUAL="1" ISACTIVE="1" /><HOUSE ID="71285938" OBJECTID="101181435" OBJECTGUID="1110ff0c-21cb-46f6-aa89-47480afce0a7" CHANGEID="192892338" HOUSENUM="7" HOUSETYPE="5" OPERTYPEID="10" PREVID="0" NEXTID="126736371" UPDATEDATE="2024-09-06" STARTDATE="2021-05-11" ENDDATE="2024-09-06" ISACTUAL="0" ISACTIVE="0" /><HOUSE ID="126736371" OBJECTID="101181435" OBJECTGUID="1110ff0c-21cb-46f6-aa89-47480afce0a7" CHANGEID="600592605" HOUSENUM="16а" HOUSETYPE="2" OPERTYPEID="50" PREVID="71285938" UPDATEDATE="2024-09-06" STARTDATE="2024-09-06" ENDDATE="2079-06-06" ISACTUAL="1" ISACTIVE="1" /><HOUSE ID="71193960" OBJECTID="100867688" OBJECTGUID="080e9e85-5efd-4bd4-b260-38976fce888f" CHANGEID="191234883" HOUSENUM="1" HOUSETYPE="2" OPERTYPEID="10" PREVID="0" NEXTID="126736407" UPDATEDATE="2024-09-06" STARTDATE="2021-04-08" ENDDATE="2024-09-06" ISACTUAL="0" ISACTIVE="0" /><HOUSE ID="126736407" OBJECTID="100867688" OBJECTGUID="080e9e85-5efd-4bd4-b260-38976fce888f" CHANGEID="600592740" HOUSENUM="2" HOUSETYPE="2" OPERTYPEID="20" PREVID="71193960" UPDATEDATE="2024-09-06" STARTDATE="2024-09-06" ENDDATE="2079-06-06" ISACTUAL="1" ISACTIVE="1" /><HOUSE ID="71345607" OBJECTID="101395350" OBJECTGUID="d24ecf65-ef9c-496f-b54a-b8ee11a44a1d" CHANGEID="194791896" HOUSENUM="625" HOUSETYPE="4" OPERTYPEID="10" PREVID="0" NEXTID="126736421" UPDATEDATE="2024-09-06" STARTDATE="2021-05-31" ENDDATE="2024-09-06" ISACTUAL="0" ISACTIVE="0" /><HOUSE ID="126736421" OBJECTID="101395350" OBJECTGUID="d24ecf65-ef9c-496f-b54a-b8ee11a44a1d" CHANGEID="600592828" HOUSENUM="2" ADDNUM1="1" HOUSETYPE="4" ADDTYPE1="2" OPERTYPEID="50" PREVID="71345607" UPDATEDATE="2024-09-06" STARTDATE="2024-09-06" ENDDATE="2079-06-06" ISACTUAL="1" ISACTIVE="1" /><HOUSE ID="126736442" OBJECTID="165108061" OBJECTGUID="a53b8b25-ad94-4560-a0e5-42424adcb3ae" CHANGEID="600592916" HOUSENUM="2" ADDNUM1="1" HOUSETYPE="5" ADDTYPE1="2" OPERTYPEID="10" PREVID="0" NEXTID="0" UPDATEDATE="2024-09-06" STARTDATE="2024-09-06" ENDDATE="2079-06-06" ISACTUAL="1" ISACTIVE="1" /><HOUSE ID="126736443" OBJECTID="165108062" OBJECTGUID="f52ce1e6-0ade-448c-86f7-239dbed58d92" CHANGEID="600592917" HOUSENUM="2" ADDNUM1="2" HOUSETYPE="5" ADDTYPE1="2" OPERTYPEID="10" PREVID="0" NEXTID="0" UPDATEDATE="2024-09-06" STARTDATE="2024-09-06" ENDDATE="2079-06-06" ISACTUAL="1" ISACTIVE="1" /><HOUSE ID="126736824" OBJECTID="165109055" OBJECTGUID="aa14cf93-6fd8-4354-a029-926849e848db" CHANGEID="600594361" HOUSENUM="64/37" HOUSETYPE="2" OPERTYPEID="10" PREVID="0" NEXTID="0" UPDATEDATE="2024-09-06" STARTDATE="2024-09-06" ENDDATE="2079-06-06" ISACTUAL="1" ISACTIVE="1" /><HOUSE ID="126736946" OBJECTID="165109734" OBJECTGUID="75ca8a08-f288-49b0-a109-ccbd28d35304" CHANGEID="600595213" HOUSENUM="20" HOUSETYPE="2" OPERTYPEID="10" PREVID="0" NEXTID="0" UPDATEDATE="2024-09-06" STARTDATE="2024-09-06" ENDDATE="2079-06-06" ISACTUAL="1" ISACTIVE="1" /><HOUSE ID="126736909" OBJECTID="165109323" OBJECTGUID="753661c7-70c8-412a-96c5-1828c0115c7e" CHANGEID="600594711" HOUSENUM="37/7" HOUSETYPE="2" OPERTYPEID="10" PREVID="0" NEXTID="0" UPDATEDATE="2024-09-06" STARTDATE="2024-09-06" ENDDATE="2079-06-06" ISACTUAL="1" ISACTIVE="1" /><HOUSE ID="70133006" OBJECTID="98922124" OBJECTGUID="89d8b6c6-fc07-440d-837f-4c1adbe3d941" CHANGEID="158269166" HOUSENUM="19а" HOUSETYPE="2" OPERTYPEID="10" PREVID="0" NEXTID="126737386" UPDATEDATE="2024-09-06" STARTDATE="2020-11-02" ENDDATE="2024-09-06" ISACTUAL="0" ISACTIVE="0" /><HOUSE ID="126737386" OBJECTID="98922124" OBJECTGUID="89d8b6c6-fc07-440d-837f-4c1adbe3d941" CHANGEID="600609775" HOUSENUM="18/19а" HOUSETYPE="2" OPERTYPEID="50" PREVID="70133006" UPDATEDATE="2024-09-06" STARTDATE="2024-09-06" ENDDATE="2079-06-06" ISACTUAL="1" ISACTIVE="1" /><HOUSE ID="71355307" OBJECTID="101427453" OBJECTGUID="c4501ec7-6bfa-411c-8789-da43840247ba" CHANGEID="194911193" HOUSENUM="178" HOUSETYPE="5" OPERTYPEID="10" PREVID="0" NEXTID="126737420" UPDATEDATE="2024-09-06" STARTDATE="2021-06-02" ENDDATE="2024-09-06" ISACTUAL="0" ISACTIVE="0" /><HOUSE ID="126737420" OBJECTID="101427453" OBJECTGUID="c4501ec7-6bfa-411c-8789-da43840247ba" CHANGEID="600612321" HOUSENUM="178" HOUSETYPE="2" OPERTYPEID="20" PREVID="71355307" UPDATEDATE="2024-09-06" STARTDATE="2024-09-06" ENDDATE="2079-06-06" ISACTUAL="1" ISACTIVE="1" /><HOUSE ID="71320321" OBJECTID="101291691" OBJECTGUID="0263d28a-c669-4a83-b5e2-f2f6a3d1cbbf" CHANGEID="193283589" HOUSENUM="62" HOUSETYPE="5" OPERTYPEID="10" PREVID="0" NEXTID="126737460" UPDATEDATE="2024-09-06" STARTDATE="2021-05-21" ENDDATE="2024-09-06" ISACTUAL="0" ISACTIVE="0" /><HOUSE ID="126737460" OBJECTID="101291691" OBJECTGUID="0263d28a-c669-4a83-b5e2-f2f6a3d1cbbf" CHANGEID="600633264" HOUSENUM="14/62" HOUSETYPE="2" OPERTYPEID="50" PREVID="71320321" UPDATEDATE="2024-09-06" STARTDATE="2024-09-06" ENDDATE="2079-06-06" ISACTUAL="1" ISACTIVE="1" /><HOUSE ID="126737483" OBJECTID="165112090" OBJECTGUID="8db43512-a78f-48db-8148-02d5bc3b67fa" CHANGEID="600638292" HOUSENUM="4г" HOUSETYPE="5" OPERTYPEID="10" PREVID="0" NEXTID="126747256" UPDATEDATE="2024-09-09" STARTDATE="2024-09-06" ENDDATE="2024-09-09" ISACTUAL="0" ISACTIVE="0" /><HOUSE ID="126737489" OBJECTID="165112161" OBJECTGUID="bdc76d3a-beee-4648-9105-66189eea141e" CHANGEID="600642179" HOUSENUM="20в" HOUSETYPE="5" OPERTYPEID="10" PREVID="0" NEXTID="126747258" UPDATEDATE="2024-09-09" STARTDATE="2024-09-06" ENDDATE="2024-09-09" ISACTUAL="0" ISACTIVE="0" /><HOUSE ID="126737709" OBJECTID="165112870" OBJECTGUID="c487b8e1-ba12-4897-a1df-0e422ab1bc0c" CHANGEID="600689118" HOUSENUM="7в" HOUSETYPE="5" OPERTYPEID="10" PREVID="0" NEXTID="0" UPDATEDATE="2024-09-06" STARTDATE="2024-09-06" ENDDATE="2079-06-06" ISACTUAL="1" ISACTIVE="1" /><HOUSE ID="126742132" OBJECTID="165133011" OBJECTGUID="9e0863dd-b654-4a64-9bd1-83288c534126" CHANGEID="600762963" HOUSENUM="24" HOUSETYPE="2" OPERTYPEID="10" PREVID="0" NEXTID="0" UPDATEDATE="2024-09-09" STARTDATE="2024-09-09" ENDDATE="2079-06-06" ISACTUAL="1" ISACTIVE="1" /><HOUSE ID="126742133" OBJECTID="165133013" OBJECTGUID="561dada0-fdbc-48a0-a12b-8af17fb5b00d" CHANGEID="600762966" HOUSENUM="90" HOUSETYPE="2" OPERTYPEID="10" PREVID="0" NEXTID="0" UPDATEDATE="2024-09-09" STARTDATE="2024-09-09" ENDDATE="2079-06-06" ISACTUAL="1" ISACTIVE="1" /><HOUSE ID="126747256" OBJECTID="165112090" OBJECTGUID="8db43512-a78f-48db-8148-02d5bc3b67fa" CHANGEID="600790708" HOUSENUM="4г" HOUSETYPE="8" OPERTYPEID="20" PREVID="126737483" UPDATEDATE="2024-09-09" STARTDATE="2024-09-09" ENDDATE="2079-06-06" ISACTUAL="1" ISACTIVE="1" /><HOUSE ID="126747258" OBJECTID="165112161" OBJECTGUID="bdc76d3a-beee-4648-9105-66189eea141e" CHANGEID="600790732" HOUSENUM="20в" HOUSETYPE="8" OPERTYPEID="20" PREVID="126737489" UPDATEDATE="2024-09-09" STARTDATE="2024-09-09" ENDDATE="2079-06-06" ISACTUAL="1" ISACTIVE="1" /><HOUSE ID="126747423" OBJECTID="5048623" OBJECTGUID="f4c88704-533c-4ba5-929c-d7156c557912" CHANGEID="600791659" HOUSENUM="2А" HOUSETYPE="2" OPERTYPEID="30" PREVID="68719972" NEXTID="0" UPDATEDATE="2024-09-09" STARTDATE="2024-09-09" ENDDATE="2079-06-06" ISACTUAL="1" ISACTIVE="0" /><HOUSE ID="68719972" OBJECTID="5048623" OBJECTGUID="f4c88704-533c-4ba5-929c-d7156c557912" CHANGEID="9260201" HOUSENUM="2А" HOUSETYPE="2" OPERTYPEID="20" PREVID="2150306" NEXTID="126747423" UPDATEDATE="2024-09-09" STARTDATE="2016-05-11" ENDDATE="2024-09-09" ISACTUAL="0" ISACTIVE="0" /><HOUSE ID="126747424" OBJECTID="5047802" OBJECTGUID="45f74dc8-21e3-4131-98c2-8e09d8fefeba" CHANGEID="600791660" HOUSENUM="2" HOUSETYPE="2" OPERTYPEID="30" PREVID="56336450" NEXTID="0" UPDATEDATE="2024-09-09" STARTDATE="2024-09-09" ENDDATE="2079-06-06" ISACTUAL="1" ISACTIVE="0" /><HOUSE ID="56336450" OBJECTID="5047802" OBJECTGUID="45f74dc8-21e3-4131-98c2-8e09d8fefeba" CHANGEID="9258809" HOUSENUM="2" HOUSETYPE="2" OPERTYPEID="20" PREVID="2149890" NEXTID="126747424" UPDATEDATE="2024-09-09" STARTDATE="2016-05-11" ENDDATE="2024-09-09" ISACTUAL="0" ISACTIVE="0" /><HOUSE ID="126747425" OBJECTID="5047525" OBJECTGUID="c44199e0-a346-4aaa-bb21-8b16fb7b4668" CHANGEID="600791661" HOUSENUM="10А" HOUSETYPE="2" OPERTYPEID="30" PREVID="65285160" NEXTID="0" UPDATEDATE="2024-09-09" STARTDATE="2024-09-09" ENDDATE="2079-06-06" ISACTUAL="1" ISACTIVE="0" /><HOUSE ID="65285160" OBJECTID="5047525" OBJECTGUID="c44199e0-a346-4aaa-bb21-8b16fb7b4668" CHANGEID="9258120" HOUSENUM="10А" HOUSETYPE="2" OPERTYPEID="20" PREVID="2149536" NEXTID="126747425" UPDATEDATE="2024-09-09" STARTDATE="2016-05-11" ENDDATE="2024-09-09" ISACTUAL="0" ISACTIVE="0" /><HOUSE ID="126747426" OBJECTID="5043354" OBJECTGUID="b403284f-8b3b-43e2-a177-717da8780f27" CHANGEID="600791662" HOUSENUM="6" HOUSETYPE="2" OPERTYPEID="30" PREVID="64133653" NEXTID="0" UPDATEDATE="2024-09-09" STARTDATE="2024-09-09" ENDDATE="2079-06-06" ISACTUAL="1" ISACTIVE="0" /><HOUSE ID="64133653" OBJECTID="5043354" OBJECTGUID="b403284f-8b3b-43e2-a177-717da8780f27" CHANGEID="9251932" HOUSENUM="6" HOUSETYPE="2" OPERTYPEID="20" PREVID="2146814" NEXTID="126747426" UPDATEDATE="2024-09-09" STARTDATE="2016-05-11" ENDDATE="2024-09-09" ISACTUAL="0" ISACTIVE="0" /><HOUSE ID="126747434" OBJECTID="55310160" OBJECTGUID="9f596cce-ce57-4af2-a47d-cd126d03ba9f" CHANGEID="600791708" HOUSENUM="11/6" HOUSETYPE="2" OPERTYPEID="30" PREVID="33045120" NEXTID="0" UPDATEDATE="2024-09-09" STARTDATE="2024-09-09" ENDDATE="2079-06-06" ISACTUAL="1" ISACTIVE="0" /><HOUSE ID="33045120" OBJECTID="55310160" OBJECTGUID="9f596cce-ce57-4af2-a47d-cd126d03ba9f" CHANGEID="82726638" HOUSENUM="11/6" HOUSETYPE="2" OPERTYPEID="10" PREVID="0" NEXTID="126747434" UPDATEDATE="2024-09-09" STARTDATE="2017-04-16" ENDDATE="2024-09-09" ISACTUAL="0" ISACTIVE="0" /><HOUSE ID="126747435" OBJECTID="5046776" OBJECTGUID="53a8a97d-6792-4069-b778-887883d4cf36" CHANGEID="600791709" HOUSENUM="11А" HOUSETYPE="2" OPERTYPEID="30" PREVID="57307048" NEXTID="0" UPDATEDATE="2024-09-09" STARTDATE="2024-09-09" ENDDATE="2079-06-06" ISACTUAL="1" ISACTIVE="0" /><HOUSE ID="57307048" OBJECTID="5046776" OBJECTGUID="53a8a97d-6792-4069-b778-887883d4cf36" CHANGEID="9257321" HOUSENUM="11А" HOUSETYPE="2" OPERTYPEID="20" PREVID="2149143" NEXTID="126747435" UPDATEDATE="2024-09-09" STARTDATE="2016-05-11" ENDDATE="2024-09-09" ISACTUAL="0" ISACTIVE="0" /><HOUSE ID="126747440" OBJECTID="55289059" OBJECTGUID="9bb249f5-44d8-44e3-9829-f645816f22c1" CHANGEID="600791777" HOUSENUM="26" HOUSETYPE="2" OPERTYPEID="30" PREVID="62412103" NEXTID="0" UPDATEDATE="2024-09-09" STARTDATE="2024-09-09" ENDDATE="2079-06-06" ISACTUAL="1" ISACTIVE="0" /><HOUSE ID="126747441" OBJECTID="55288466" OBJECTGUID="47fa8226-2c10-4948-bf7c-91cb45ea366e" CHANGEID="600791778" HOUSENUM="24" HOUSETYPE="2" OPERTYPEID="30" PREVID="56478964" NEXTID="0" UPDATEDATE="2024-09-09" STARTDATE="2024-09-09" ENDDATE="2079-06-06" ISACTUAL="1" ISACTIVE="0" /><HOUSE ID="56478964" OBJECTID="55288466" OBJECTGUID="47fa8226-2c10-4948-bf7c-91cb45ea366e" CHANGEID="82692238" HOUSENUM="24" HOUSETYPE="2" OPERTYPEID="20" PREVID="33027637" NEXTID="126747441" UPDATEDATE="2024-09-09" STARTDATE="2016-05-11" ENDDATE="2024-09-09" ISACTUAL="0" ISACTIVE="0" /><HOUSE ID="126747442" OBJECTID="55288279" OBJECTGUID="a57525c7-5131-4907-a6ff-89fbdc5c1764" CHANGEID="600791779" HOUSENUM="32" HOUSETYPE="2" OPERTYPEID="30" PREVID="63103285" NEXTID="0" UPDATEDATE="2024-09-09" STARTDATE="2024-09-09" ENDDATE="2079-06-06" ISACTUAL="1" ISACTIVE="0" /><HOUSE ID="126747443" OBJECTID="55286663" OBJECTGUID="04631265-845c-4736-befa-24160ff235e8" CHANGEID="600791780" HOUSENUM="16" HOUSETYPE="2" OPERTYPEID="30" PREVID="51694564" NEXTID="0" UPDATEDATE="2024-09-09" STARTDATE="2024-09-09" ENDDATE="2079-06-06" ISACTUAL="1" ISACTIVE="0" /><HOUSE ID="51694564" OBJECTID="55286663" OBJECTGUID="04631265-845c-4736-befa-24160ff235e8" CHANGEID="82689686" HOUSENUM="16" HOUSETYPE="2" OPERTYPEID="20" PREVID="33026730" NEXTID="126747443" UPDATEDATE="2024-09-09" STARTDATE="2016-05-11" ENDDATE="2024-09-09" ISACTUAL="0" ISACTIVE="0" /><HOUSE ID="126747444" OBJECTID="5030416" OBJECTGUID="75d9ab52-f8dc-4d4b-ba7e-16d7616c2ccc" CHANGEID="600791781" HOUSENUM="14А" HOUSETYPE="2" OPERTYPEID="30" PREVID="59729721" NEXTID="0" UPDATEDATE="2024-09-09" STARTDATE="2024-09-09" ENDDATE="2079-06-06" ISACTUAL="1" ISACTIVE="0" /><HOUSE ID="126747486" OBJECTID="165150873" OBJECTGUID="eda382c7-410e-429c-b4ce-ef82457bbf1e" CHANGEID="600795989" HOUSENUM="9а" HOUSETYPE="5" OPERTYPEID="10" PREVID="0" NEXTID="0" UPDATEDATE="2024-09-09" STARTDATE="2024-09-09" ENDDATE="2079-06-06" ISACTUAL="1" ISACTIVE="1" /><HOUSE ID="126747490" OBJECTID="165150952" OBJECTGUID="882edf3d-97ab-4796-a342-85c69b84317a" CHANGEID="600796118" HOUSENUM="6а" HOUSETYPE="5" OPERTYPEID="10" PREVID="0" NEXTID="0" UPDATEDATE="2024-09-09" STARTDATE="2024-09-09" ENDDATE="2079-06-06" ISACTUAL="1" ISACTIVE="1" /><HOUSE ID="33045498" OBJECTID="55310599" OBJECTGUID="d4e297fc-e4aa-4a54-b3a1-05a748ac4b3d" CHANGEID="82727409" HOUSENUM="7а" HOUSETYPE="2" OPERTYPEID="10" PREVID="0" NEXTID="126747492" UPDATEDATE="2024-09-09" STARTDATE="2017-09-03" ENDDATE="2024-09-09" ISACTUAL="0" ISACTIVE="0" /><HOUSE ID="126747492" OBJECTID="55310599" OBJECTGUID="d4e297fc-e4aa-4a54-b3a1-05a748ac4b3d" CHANGEID="600796126" HOUSENUM="7а/35" HOUSETYPE="5" OPERTYPEID="20" PREVID="33045498" UPDATEDATE="2024-09-09" STARTDATE="2024-09-09" ENDDATE="2079-06-06" ISACTUAL="1" ISACTIVE="1" /><HOUSE ID="33046076" OBJECTID="55311177" OBJECTGUID="4ce4d727-5053-41f1-be55-5d6d77f743d8" CHANGEID="82728460" HOUSENUM="8а" HOUSETYPE="2" OPERTYPEID="10" PREVID="0" NEXTID="126747501" UPDATEDATE="2024-09-09" STARTDATE="2017-09-03" ENDDATE="2024-09-09" ISACTUAL="0" ISACTIVE="0" /><HOUSE ID="126747501" OBJECTID="55311177" OBJECTGUID="4ce4d727-5053-41f1-be55-5d6d77f743d8" CHANGEID="600796152" HOUSENUM="8а" HOUSETYPE="5" OPERTYPEID="20" PREVID="33046076" UPDATEDATE="2024-09-09" STARTDATE="2024-09-09" ENDDATE="2079-06-06" ISACTUAL="1" ISACTIVE="1" /><HOUSE ID="126747505" OBJECTID="165150983" OBJECTGUID="24d4efca-e673-4e84-ae46-9d8ed133004d" CHANGEID="600796168" HOUSENUM="12" HOUSETYPE="5" OPERTYPEID="10" PREVID="0" NEXTID="0" UPDATEDATE="2024-09-09" STARTDATE="2024-09-09" ENDDATE="2079-06-06" ISACTUAL="1" ISACTIVE="1" /><HOUSE ID="70141183" OBJECTID="98982365" OBJECTGUID="8a160320-05c2-4f45-9104-d0df86ea8235" CHANGEID="158396206" HOUSENUM="48" HOUSETYPE="2" OPERTYPEID="10" PREVID="0" NEXTID="126747506" UPDATEDATE="2024-09-09" STARTDATE="2020-11-06" ENDDATE="2024-09-09" ISACTUAL="0" ISACTIVE="0" /><HOUSE ID="126747506" OBJECTID="98982365" OBJECTGUID="8a160320-05c2-4f45-9104-d0df86ea8235" CHANGEID="600796170" HOUSENUM="48" HOUSETYPE="5" OPERTYPEID="20" PREVID="70141183" UPDATEDATE="2024-09-09" STARTDATE="2024-09-09" ENDDATE="2079-06-06" ISACTUAL="1" ISACTIVE="1" /><HOUSE ID="126747507" OBJECTID="165150988" OBJECTGUID="878f452c-4dce-4762-b9a8-341fd2fd35bb" CHANGEID="600796174" HOUSENUM="52" ADDNUM1="1" HOUSETYPE="5" ADDTYPE1="2" OPERTYPEID="10" PREVID="0" NEXTID="0" UPDATEDATE="2024-09-09" STARTDATE="2024-09-09" ENDDATE="2079-06-06" ISACTUAL="1" ISACTIVE="1" /><HOUSE ID="126747508" OBJECTID="165150989" OBJECTGUID="7a61053e-0e26-4b25-921a-64505b2be63b" CHANGEID="600796175" HOUSENUM="52" ADDNUM1="2" HOUSETYPE="5" ADDTYPE1="2" OPERTYPEID="10" PREVID="0" NEXTID="0" UPDATEDATE="2024-09-09" STARTDATE="2024-09-09" ENDDATE="2079-06-06" ISACTUAL="1" ISACTIVE="1" /><HOUSE ID="126747493" OBJECTID="101469776" OBJECTGUID="890afb92-0567-4b2b-956a-2cf8e5d068b2" CHANGEID="600796129" HOUSENUM="7а" HOUSETYPE="5" OPERTYPEID="20" PREVID="71368257" UPDATEDATE="2024-09-09" STARTDATE="2024-09-09" ENDDATE="2079-06-06" ISACTUAL="1" ISACTIVE="1" /><HOUSE ID="126747503" OBJECTID="165150977" OBJECTGUID="2152c3db-9215-4154-a6cb-cddcb8afdc76" CHANGEID="600796159" HOUSENUM="10" HOUSETYPE="5" OPERTYPEID="10" PREVID="0" NEXTID="0" UPDATEDATE="2024-09-09" STARTDATE="2024-09-09" ENDDATE="2079-06-06" ISACTUAL="1" ISACTIVE="1" /><HOUSE ID="55605157" OBJECTID="55287634" OBJECTGUID="3b9e8ce2-394c-41a6-8498-65ac53fcfcd5" CHANGEID="82691064" HOUSENUM="34" HOUSETYPE="2" OPERTYPEID="20" PREVID="33027210" NEXTID="126747510" UPDATEDATE="2024-09-09" STARTDATE="2016-05-11" ENDDATE="2024-09-09" ISACTUAL="0" ISACTIVE="0" /><HOUSE ID="126747510" OBJECTID="55287634" OBJECTGUID="3b9e8ce2-394c-41a6-8498-65ac53fcfcd5" CHANGEID="600796180" HOUSENUM="48" ADDNUM1="1" HOUSETYPE="5" ADDTYPE1="2" OPERTYPEID="20" PREVID="55605157" UPDATEDATE="2024-09-09" STARTDATE="2024-09-09" ENDDATE="2079-06-06" ISACTUAL="1" ISACTIVE="1" /><HOUSE ID="71979336" OBJECTID="103161638" OBJECTGUID="58feb10f-50a7-469d-a66a-ae5d0e9e6c79" CHANGEID="234987881" HOUSENUM="34" HOUSETYPE="7" OPERTYPEID="10" PREVID="0" NEXTID="126747511" UPDATEDATE="2024-09-09" STARTDATE="2021-12-08" ENDDATE="2024-09-09" ISACTUAL="0" ISACTIVE="0" /><HOUSE ID="126747511" OBJECTID="103161638" OBJECTGUID="58feb10f-50a7-469d-a66a-ae5d0e9e6c79" CHANGEID="600796182" HOUSENUM="48" ADDNUM1="2" HOUSETYPE="5" ADDTYPE1="2" OPERTYPEID="20" PREVID="71979336" UPDATEDATE="2024-09-09" STARTDATE="2024-09-09" ENDDATE="2079-06-06" ISACTUAL="1" ISACTIVE="1" /><HOUSE ID="71320307" OBJECTID="101291670" OBJECTGUID="a62abbd1-2c5d-4c51-8ab5-8f0c36cae695" CHANGEID="193283559" HOUSENUM="24" HOUSETYPE="2" OPERTYPEID="10" PREVID="0" NEXTID="126756943" UPDATEDATE="2024-09-11" STARTDATE="2021-05-21" ENDDATE="2024-09-11" ISACTUAL="0" ISACTIVE="0" /><HOUSE ID="126756943" OBJECTID="101291670" OBJECTGUID="a62abbd1-2c5d-4c51-8ab5-8f0c36cae695" CHANGEID="600891674" HOUSENUM="14/24" HOUSETYPE="2" OPERTYPEID="50" PREVID="71320307" UPDATEDATE="2024-09-11" STARTDATE="2024-09-11" ENDDATE="2079-06-06" ISACTUAL="1" ISACTIVE="1" /><HOUSE ID="126756956" OBJECTID="165196348" OBJECTGUID="5f2ed547-6557-4505-946c-0b2f6ab31ac0" CHANGEID="600891742" HOUSENUM="4/2" HOUSETYPE="2" OPERTYPEID="10" PREVID="0" NEXTID="0" UPDATEDATE="2024-09-11" STARTDATE="2024-09-11" ENDDATE="2079-06-06" ISACTUAL="1" ISACTIVE="1" /><HOUSE ID="126756957" OBJECTID="165196349" OBJECTGUID="77c7f9ab-5b10-41ed-92bc-8d8d722c27f9" CHANGEID="600891743" HOUSENUM="4/1" HOUSETYPE="2" OPERTYPEID="10" PREVID="0" NEXTID="0" UPDATEDATE="2024-09-11" STARTDATE="2024-09-11" ENDDATE="2079-06-06" ISACTUAL="1" ISACTIVE="1" /><HOUSE ID="126756979" OBJECTID="100910599" OBJECTGUID="b600c7e0-05b7-4474-83df-406be1cf86f3" CHANGEID="600891812" HOUSENUM="52/107" HOUSETYPE="2" OPERTYPEID="50" PREVID="71206143" UPDATEDATE="2024-09-11" STARTDATE="2024-09-11" ENDDATE="2079-06-06" ISACTUAL="1" ISACTIVE="1" /><HOUSE ID="126756993" OBJECTID="165196427" OBJECTGUID="8cf8494e-4c16-4948-bf36-1074d84dd451" CHANGEID="600891848" HOUSENUM="10/1" ADDNUM1="2" HOUSETYPE="5" ADDTYPE1="2" OPERTYPEID="10" PREVID="0" NEXTID="0" UPDATEDATE="2024-09-11" STARTDATE="2024-09-11" ENDDATE="2079-06-06" ISACTUAL="1" ISACTIVE="1" /><HOUSE ID="71930773" OBJECTID="103011169" OBJECTGUID="a67b62c7-6224-42c1-87df-a4b85f07f470" CHANGEID="228939645" HOUSENUM="10" HOUSETYPE="5" OPERTYPEID="10" PREVID="0" NEXTID="126756994" UPDATEDATE="2024-09-11" STARTDATE="2021-11-25" ENDDATE="2024-09-11" ISACTUAL="0" ISACTIVE="0" /><HOUSE ID="126756994" OBJECTID="103011169" OBJECTGUID="a67b62c7-6224-42c1-87df-a4b85f07f470" CHANGEID="600891857" HOUSENUM="10/1" ADDNUM1="3" HOUSETYPE="5" ADDTYPE1="2" OPERTYPEID="20" PREVID="71930773" UPDATEDATE="2024-09-11" STARTDATE="2024-09-11" ENDDATE="2079-06-06" ISACTUAL="1" ISACTIVE="1" /><HOUSE ID="126756996" OBJECTID="103818268" OBJECTGUID="58fd23b6-eb6f-45fd-9e52-d2d247680d5b" CHANGEID="600891863" HOUSENUM="10/1" ADDNUM1="1" HOUSETYPE="5" ADDTYPE1="2" OPERTYPEID="20" PREVID="72181863" UPDATEDATE="2024-09-11" STARTDATE="2024-09-11" ENDDATE="2079-06-06" ISACTUAL="1" ISACTIVE="1" /><HOUSE ID="126757621" OBJECTID="165198973" OBJECTGUID="aa8ec2e6-e095-4b5f-afbd-e802612d624f" CHANGEID="600895878" HOUSENUM="40" HOUSETYPE="2" OPERTYPEID="10" PREVID="0" NEXTID="0" UPDATEDATE="2024-09-11" STARTDATE="2024-09-11" ENDDATE="2079-06-06" ISACTUAL="1" ISACTIVE="1" /><HOUSE ID="126757622" OBJECTID="165198974" OBJECTGUID="9b1f3550-c548-4c4a-83ff-70ed5cee0b81" CHANGEID="600895880" HOUSENUM="34а/72" HOUSETYPE="2" OPERTYPEID="10" PREVID="0" NEXTID="0" UPDATEDATE="2024-09-11" STARTDATE="2024-09-11" ENDDATE="2079-06-06" ISACTUAL="1" ISACTIVE="1" /><HOUSE ID="126757623" OBJECTID="165198975" OBJECTGUID="f0dc8e6c-2c77-4045-87a1-ee46e90282a2" CHANGEID="600895881" HOUSENUM="21а" HOUSETYPE="2" OPERTYPEID="10" PREVID="0" NEXTID="0" UPDATEDATE="2024-09-11" STARTDATE="2024-09-11" ENDDATE="2079-06-06" ISACTUAL="1" ISACTIVE="1" /><HOUSE ID="71942240" OBJECTID="103047674" OBJECTGUID="d005a6a7-89b6-4ecd-b369-2a7b695f2117" CHANGEID="230406112" HOUSENUM="97" HOUSETYPE="5" OPERTYPEID="10" PREVID="0" NEXTID="126757624" UPDATEDATE="2024-09-11" STARTDATE="2021-11-29" ENDDATE="2024-09-11" ISACTUAL="0" ISACTIVE="0" /><HOUSE ID="126757624" OBJECTID="103047674" OBJECTGUID="d005a6a7-89b6-4ecd-b369-2a7b695f2117" CHANGEID="600895884" HOUSENUM="59/98" HOUSETYPE="2" OPERTYPEID="50" PREVID="71942240" UPDATEDATE="2024-09-11" STARTDATE="2024-09-11" ENDDATE="2079-06-06" ISACTUAL="1" ISACTIVE="1" /><HOUSE ID="72058759" OBJECTID="103435873" OBJECTGUID="887cea2b-2ef0-4c76-ab53-a916354cbaa3" CHANGEID="256173391" HOUSENUM="178" HOUSETYPE="2" OPERTYPEID="10" PREVID="0" NEXTID="126758029" UPDATEDATE="2024-09-11" STARTDATE="2022-01-11" ENDDATE="2024-09-11" ISACTUAL="0" ISACTIVE="0" /><HOUSE ID="126758029" OBJECTID="103435873" OBJECTGUID="887cea2b-2ef0-4c76-ab53-a916354cbaa3" CHANGEID="600900519" HOUSENUM="23" HOUSETYPE="2" OPERTYPEID="50" PREVID="72058759" UPDATEDATE="2024-09-11" STARTDATE="2024-09-11" ENDDATE="2079-06-06" ISACTUAL="1" ISACTIVE="1" /><HOUSE ID="71327100" OBJECTID="101313078" OBJECTGUID="34f2e9a0-2cf4-4452-8436-8bc6cf364ed8" CHANGEID="193384613" HOUSENUM="132" HOUSETYPE="2" OPERTYPEID="10" PREVID="0" NEXTID="126758394" UPDATEDATE="2024-09-11" STARTDATE="2021-05-25" ENDDATE="2024-09-11" ISACTUAL="0" ISACTIVE="0" /><HOUSE ID="126758394" OBJECTID="101313078" OBJECTGUID="34f2e9a0-2cf4-4452-8436-8bc6cf364ed8" CHANGEID="600903479" HOUSENUM="19" HOUSETYPE="2" OPERTYPEID="50" PREVID="71327100" UPDATEDATE="2024-09-11" STARTDATE="2024-09-11" ENDDATE="2079-06-06" ISACTUAL="1" ISACTIVE="1" /><HOUSE ID="4573859" OBJECTID="8878060" OBJECTGUID="dbbb625a-55ae-4e68-a711-b52b47a49a6a" CHANGEID="14906149" HOUSENUM="26" HOUSETYPE="2" OPERTYPEID="10" PREVID="0" NEXTID="126758524" UPDATEDATE="2024-09-11" STARTDATE="2019-09-02" ENDDATE="2024-09-11" ISACTUAL="0" ISACTIVE="0" /><HOUSE ID="126758524" OBJECTID="8878060" OBJECTGUID="dbbb625a-55ae-4e68-a711-b52b47a49a6a" CHANGEID="600904082" HOUSENUM="14/26" HOUSETYPE="2" OPERTYPEID="50" PREVID="4573859" UPDATEDATE="2024-09-11" STARTDATE="2024-09-11" ENDDATE="2079-06-06" ISACTUAL="1" ISACTIVE="1" /><HOUSE ID="126758656" OBJECTID="158217556" OBJECTGUID="a02826b9-89a5-453c-acb9-5b4d36c4a4cc" CHANGEID="600905602" HOUSENUM="47" ADDNUM1="2" HOUSETYPE="5" ADDTYPE1="2" OPERTYPEID="20" PREVID="124161684" UPDATEDATE="2024-09-11" STARTDATE="2024-09-11" ENDDATE="2079-06-06" ISACTUAL="1" ISACTIVE="1" /></HOUSES>