﻿<?xml version="1.0" encoding="utf-8"?><HOUSES><HOUSE ID="54662127" OBJECTID="68655850" OBJECTGUID="2e5086c7-0cc8-4ea2-a94a-fa74af92b303" CHANGEID="102344030" HOUSENUM="1" HOUSETYPE="2" OPERTYPEID="20" PREVID="41395189" NEXTID="126745761" UPDATEDATE="2024-09-09" STARTDATE="2017-03-01" ENDDATE="2024-09-09" ISACTUAL="0" ISACTIVE="0" /><HOUSE ID="54940163" OBJECTID="10368432" OBJECTGUID="323fcc61-0488-4710-b35b-6ee8a3bc76d6" CHANGEID="17036366" HOUSENUM="9Б" HOUSETYPE="2" OPERTYPEID="20" PREVID="5430203" NEXTID="126757658" UPDATEDATE="2024-09-11" STARTDATE="2017-09-22" ENDDATE="2024-09-11" ISACTUAL="0" ISACTIVE="0" /><HOUSE ID="55039746" OBJECTID="1854476" OBJECTGUID="33aa47ee-502e-4857-a2f7-d38892021e74" CHANGEID="4634773" HOUSENUM="1Б" HOUSETYPE="2" OPERTYPEID="20" PREVID="243872" NEXTID="126757665" UPDATEDATE="2024-09-11" STARTDATE="2017-03-06" ENDDATE="2024-09-11" ISACTUAL="0" ISACTIVE="0" /><HOUSE ID="55123421" OBJECTID="1849635" OBJECTGUID="34d3456e-4fe3-44de-b5d8-5e21c15f3b00" CHANGEID="4627359" HOUSENUM="3" HOUSETYPE="2" OPERTYPEID="20" PREVID="240564" NEXTID="126757694" UPDATEDATE="2024-09-11" STARTDATE="2017-03-06" ENDDATE="2024-09-11" ISACTUAL="0" ISACTIVE="0" /><HOUSE ID="56265180" OBJECTID="1851019" OBJECTGUID="44f569ad-ad42-4717-a2be-7efd2465a627" CHANGEID="4629471" HOUSENUM="1" HOUSETYPE="2" OPERTYPEID="20" PREVID="241503" NEXTID="126757686" UPDATEDATE="2024-09-11" STARTDATE="2017-03-06" ENDDATE="2024-09-11" ISACTUAL="0" ISACTIVE="0" /><HOUSE ID="56539899" OBJECTID="40093225" OBJECTGUID="48d44ace-7608-4dbf-ac08-88c0ae9f6b76" CHANGEID="60705744" HOUSENUM="3" HOUSETYPE="2" OPERTYPEID="20" PREVID="23971071" NEXTID="126733394" UPDATEDATE="2024-09-06" STARTDATE="2017-03-01" ENDDATE="2024-09-06" ISACTUAL="0" ISACTIVE="0" /><HOUSE ID="57244660" OBJECTID="11381425" OBJECTGUID="52c792f7-f2f4-4777-b57b-9904ab9865e8" CHANGEID="18532408" HOUSENUM="9" HOUSETYPE="2" OPERTYPEID="20" PREVID="6082818" NEXTID="126760368" UPDATEDATE="2024-09-11" STARTDATE="2017-03-01" ENDDATE="2024-09-11" ISACTUAL="0" ISACTIVE="0" /><HOUSE ID="57447689" OBJECTID="1849967" OBJECTGUID="55a3b524-d898-4d85-8233-623e46cc8e84" CHANGEID="4628085" HOUSENUM="13" HOUSETYPE="2" OPERTYPEID="20" PREVID="240863" NEXTID="126757692" UPDATEDATE="2024-09-11" STARTDATE="2017-03-06" ENDDATE="2024-09-11" ISACTUAL="0" ISACTIVE="0" /><HOUSE ID="57728987" OBJECTID="54801777" OBJECTGUID="599b37df-7e0c-4072-b927-4c96aa29c1e9" CHANGEID="81986518" HOUSENUM="29б" HOUSETYPE="2" OPERTYPEID="20" PREVID="32736823" NEXTID="126726265" UPDATEDATE="2024-09-05" STARTDATE="2017-07-24" ENDDATE="2024-09-05" ISACTUAL="0" ISACTIVE="0" /><HOUSE ID="58219825" OBJECTID="18978436" OBJECTGUID="6087c072-bb16-400f-b204-0d117aad6ed3" CHANGEID="29798293" HOUSENUM="16" HOUSETYPE="2" OPERTYPEID="20" PREVID="10949652" NEXTID="126756689" UPDATEDATE="2024-09-11" STARTDATE="2017-09-22" ENDDATE="2024-09-11" ISACTUAL="0" ISACTIVE="0" /><HOUSE ID="58304052" OBJECTID="1851793" OBJECTGUID="61bb0990-d656-4699-904b-86ddc0f45d8e" CHANGEID="4630674" HOUSENUM="6А" HOUSETYPE="2" OPERTYPEID="20" PREVID="241985" NEXTID="126757681" UPDATEDATE="2024-09-11" STARTDATE="2017-03-06" ENDDATE="2024-09-11" ISACTUAL="0" ISACTIVE="0" /><HOUSE ID="58808405" OBJECTID="1848948" OBJECTGUID="68d9817d-a831-4670-b1e8-3cc037f86a28" CHANGEID="4626315" HOUSENUM="59" HOUSETYPE="2" OPERTYPEID="20" PREVID="240067" NEXTID="126757699" UPDATEDATE="2024-09-11" STARTDATE="2017-03-06" ENDDATE="2024-09-11" ISACTUAL="0" ISACTIVE="0" /><HOUSE ID="58980008" OBJECTID="1852194" OBJECTGUID="6b459665-611f-443f-94ef-8d7b0c52b7d8" CHANGEID="4631344" HOUSENUM="2" HOUSETYPE="2" OPERTYPEID="20" PREVID="242292" NEXTID="126757679" UPDATEDATE="2024-09-11" STARTDATE="2017-03-06" ENDDATE="2024-09-11" ISACTUAL="0" ISACTIVE="0" /><HOUSE ID="59038593" OBJECTID="1851187" OBJECTGUID="6c1a6284-c864-456d-a063-80b1859848bc" CHANGEID="4629800" HOUSENUM="36" HOUSETYPE="2" OPERTYPEID="20" PREVID="241679" NEXTID="126757684" UPDATEDATE="2024-09-11" STARTDATE="2017-03-06" ENDDATE="2024-09-11" ISACTUAL="0" ISACTIVE="0" /><HOUSE ID="59249636" OBJECTID="11383437" OBJECTGUID="6f13821e-38a3-451f-8b33-daaf120057e4" CHANGEID="18535917" HOUSENUM="2" HOUSETYPE="2" OPERTYPEID="20" PREVID="6084401" NEXTID="126760348" UPDATEDATE="2024-09-11" STARTDATE="2017-03-01" ENDDATE="2024-09-11" ISACTUAL="0" ISACTIVE="0" /><HOUSE ID="59505847" OBJECTID="65850758" OBJECTGUID="72b3d3f7-3339-4ec7-8ed2-4d4c592092d4" CHANGEID="98212242" HOUSENUM="7" HOUSETYPE="2" OPERTYPEID="20" PREVID="39643594" NEXTID="126737662" UPDATEDATE="2024-09-06" STARTDATE="2017-03-01" ENDDATE="2024-09-06" ISACTUAL="0" ISACTIVE="0" /><HOUSE ID="60590390" OBJECTID="1852462" OBJECTGUID="81fef682-1426-448c-87c0-9fd09944dcb0" CHANGEID="4631619" HOUSENUM="58" HOUSETYPE="2" OPERTYPEID="20" PREVID="242427" NEXTID="126757677" UPDATEDATE="2024-09-11" STARTDATE="2017-03-06" ENDDATE="2024-09-11" ISACTUAL="0" ISACTIVE="0" /><HOUSE ID="61175328" OBJECTID="1850359" OBJECTGUID="8a40718a-5d2a-44bf-8f08-6feccf7dcf27" CHANGEID="4628624" HOUSENUM="10" HOUSETYPE="2" OPERTYPEID="20" PREVID="241126" NEXTID="126757690" UPDATEDATE="2024-09-11" STARTDATE="2017-03-06" ENDDATE="2024-09-11" ISACTUAL="0" ISACTIVE="0" /><HOUSE ID="61290356" OBJECTID="1853510" OBJECTGUID="8bde6390-6926-40cc-8134-bedf98360149" CHANGEID="4633295" HOUSENUM="18" HOUSETYPE="2" OPERTYPEID="20" PREVID="243183" NEXTID="126757672" UPDATEDATE="2024-09-11" STARTDATE="2017-03-06" ENDDATE="2024-09-11" ISACTUAL="0" ISACTIVE="0" /><HOUSE ID="61649063" OBJECTID="1849294" OBJECTGUID="90f27bd8-bbaf-48b5-a343-4e38a1e7e174" CHANGEID="4626991" HOUSENUM="8А" HOUSETYPE="2" OPERTYPEID="20" PREVID="240337" NEXTID="126757695" UPDATEDATE="2024-09-11" STARTDATE="2017-03-06" ENDDATE="2024-09-11" ISACTUAL="0" ISACTIVE="0" /><HOUSE ID="61772514" OBJECTID="1848854" OBJECTGUID="92af985d-dbff-44a5-87b4-369f2ca1856c" CHANGEID="4626163" HOUSENUM="7б" HOUSETYPE="2" OPERTYPEID="20" PREVID="239978" NEXTID="126757700" UPDATEDATE="2024-09-11" STARTDATE="2017-03-06" ENDDATE="2024-09-11" ISACTUAL="0" ISACTIVE="0" /><HOUSE ID="61810827" OBJECTID="47587350" OBJECTGUID="933d57c9-b60c-4398-875b-a4124d65e1d5" CHANGEID="71568239" HOUSENUM="4" HOUSETYPE="2" OPERTYPEID="20" PREVID="28451899" NEXTID="126733385" UPDATEDATE="2024-09-06" STARTDATE="2017-03-01" ENDDATE="2024-09-06" ISACTUAL="0" ISACTIVE="0" /><HOUSE ID="62441135" OBJECTID="54799681" OBJECTGUID="9c1c3977-8627-44a0-9636-08063fba20f1" CHANGEID="81983480" HOUSENUM="76" HOUSETYPE="2" OPERTYPEID="20" PREVID="32735463" NEXTID="126726262" UPDATEDATE="2024-09-05" STARTDATE="2017-07-24" ENDDATE="2024-09-05" ISACTUAL="0" ISACTIVE="0" /><HOUSE ID="62633221" OBJECTID="73190416" OBJECTGUID="9ed1a319-6d03-485a-893f-56d0f855a9e0" CHANGEID="108978976" HOUSENUM="1" HOUSETYPE="2" OPERTYPEID="20" PREVID="44195840" NEXTID="126733367" UPDATEDATE="2024-09-06" STARTDATE="2017-03-01" ENDDATE="2024-09-06" ISACTUAL="0" ISACTIVE="0" /><HOUSE ID="62676407" OBJECTID="59116847" OBJECTGUID="9f6d800f-9db2-4e5f-8198-1ae064538f8f" CHANGEID="88324747" HOUSENUM="28" HOUSETYPE="2" OPERTYPEID="20" PREVID="35406453" NEXTID="126745548" UPDATEDATE="2024-09-09" STARTDATE="2017-03-01" ENDDATE="2024-09-09" ISACTUAL="0" ISACTIVE="0" /><HOUSE ID="62827255" OBJECTID="65853190" OBJECTGUID="a18edf19-cce4-4691-a6dd-699225abd35c" CHANGEID="98215869" HOUSENUM="8" HOUSETYPE="2" OPERTYPEID="20" PREVID="39645311" NEXTID="126737664" UPDATEDATE="2024-09-06" STARTDATE="2017-03-01" ENDDATE="2024-09-06" ISACTUAL="0" ISACTIVE="0" /><HOUSE ID="62939227" OBJECTID="6753109" OBJECTGUID="a32207c0-c0ea-45f7-a605-c852c4cb755d" CHANGEID="11766183" HOUSENUM="5" HOUSETYPE="2" OPERTYPEID="20" PREVID="3223385" NEXTID="126733381" UPDATEDATE="2024-09-06" STARTDATE="2017-03-01" ENDDATE="2024-09-06" ISACTUAL="0" ISACTIVE="0" /><HOUSE ID="64252150" OBJECTID="59120685" OBJECTGUID="b5b0e18e-6eed-437b-8915-2403cb15ec15" CHANGEID="88329152" HOUSENUM="13" HOUSETYPE="2" OPERTYPEID="20" PREVID="35407978" NEXTID="126745171" UPDATEDATE="2024-09-09" STARTDATE="2017-03-01" ENDDATE="2024-09-09" ISACTUAL="0" ISACTIVE="0" /><HOUSE ID="64536592" OBJECTID="1852851" OBJECTGUID="b9ae708e-c916-4749-96dc-a5f9aa764726" CHANGEID="4632559" HOUSENUM="78" HOUSETYPE="2" OPERTYPEID="20" PREVID="242738" NEXTID="126757675" UPDATEDATE="2024-09-11" STARTDATE="2017-03-06" ENDDATE="2024-09-11" ISACTUAL="0" ISACTIVE="0" /><HOUSE ID="65513173" OBJECTID="6201865" OBJECTGUID="c77a211a-1612-4108-a54c-ef554ccc6e00" CHANGEID="10965084" HOUSENUM="18" HOUSETYPE="2" OPERTYPEID="20" PREVID="2887171" NEXTID="126745556" UPDATEDATE="2024-09-09" STARTDATE="2017-03-01" ENDDATE="2024-09-09" ISACTUAL="0" ISACTIVE="0" /><HOUSE ID="66238112" OBJECTID="40842676" OBJECTGUID="d1bdac85-c9b3-46c6-a6ce-683db2ab0ecc" CHANGEID="61794215" HOUSENUM="33" HOUSETYPE="2" OPERTYPEID="20" PREVID="24409456" NEXTID="126749800" UPDATEDATE="2024-09-10" STARTDATE="2017-03-01" ENDDATE="2024-09-10" ISACTUAL="0" ISACTIVE="0" /><HOUSE ID="66742819" OBJECTID="27220539" OBJECTGUID="d8dad117-5e21-4c78-adbc-1b7fd1e2e911" CHANGEID="41982165" HOUSENUM="11" HOUSETYPE="3" OPERTYPEID="20" PREVID="16174006" NEXTID="126751602" UPDATEDATE="2024-09-10" STARTDATE="2017-09-22" ENDDATE="2024-09-10" ISACTUAL="0" ISACTIVE="0" /><HOUSE ID="67154156" OBJECTID="1850225" OBJECTGUID="deaa796e-5185-49aa-9af5-6e2140cd7dc7" CHANGEID="4628319" HOUSENUM="5" HOUSETYPE="2" OPERTYPEID="20" PREVID="241001" NEXTID="126757691" UPDATEDATE="2024-09-11" STARTDATE="2017-03-06" ENDDATE="2024-09-11" ISACTUAL="0" ISACTIVE="0" /><HOUSE ID="67173511" OBJECTID="1850615" OBJECTGUID="def3aad2-8b2a-4484-8b88-71cf25f88d8e" CHANGEID="4628843" HOUSENUM="76" HOUSETYPE="2" OPERTYPEID="20" PREVID="241216" NEXTID="126757689" UPDATEDATE="2024-09-11" STARTDATE="2017-03-06" ENDDATE="2024-09-11" ISACTUAL="0" ISACTIVE="0" /><HOUSE ID="67632957" OBJECTID="1847565" OBJECTGUID="e56eb15c-00a5-435f-9e3f-031b78526a08" CHANGEID="4624168" HOUSENUM="31" HOUSETYPE="2" OPERTYPEID="20" PREVID="239036" NEXTID="126757709" UPDATEDATE="2024-09-11" STARTDATE="2017-03-06" ENDDATE="2024-09-11" ISACTUAL="0" ISACTIVE="0" /><HOUSE ID="67758841" OBJECTID="1853795" OBJECTGUID="e7380088-a964-4d19-be88-c31ebde31103" CHANGEID="4633714" HOUSENUM="52" HOUSETYPE="2" OPERTYPEID="20" PREVID="243364" NEXTID="126757670" UPDATEDATE="2024-09-11" STARTDATE="2017-03-06" ENDDATE="2024-09-11" ISACTUAL="0" ISACTIVE="0" /><HOUSE ID="67802938" OBJECTID="54778413" OBJECTGUID="e7d7d069-a066-404d-886f-de09e365b450" CHANGEID="81953015" HOUSENUM="59" HOUSETYPE="2" OPERTYPEID="20" PREVID="32723344" NEXTID="126726263" UPDATEDATE="2024-09-05" STARTDATE="2017-07-24" ENDDATE="2024-09-05" ISACTUAL="0" ISACTIVE="0" /><HOUSE ID="67857789" OBJECTID="1849792" OBJECTGUID="e89b6799-1fdd-4439-a447-61590549ec90" CHANGEID="4627687" HOUSENUM="46" HOUSETYPE="2" OPERTYPEID="20" PREVID="240711" NEXTID="126757693" UPDATEDATE="2024-09-11" STARTDATE="2019-04-16" ENDDATE="2024-09-11" ISACTUAL="0" ISACTIVE="0" /><HOUSE ID="68082915" OBJECTID="1854962" OBJECTGUID="ebca19a0-f634-45f4-b731-e13c6995227e" CHANGEID="4635439" HOUSENUM="42" HOUSETYPE="2" OPERTYPEID="20" PREVID="244147" NEXTID="126757663" UPDATEDATE="2024-09-11" STARTDATE="2017-03-06" ENDDATE="2024-09-11" ISACTUAL="0" ISACTIVE="0" /><HOUSE ID="68194028" OBJECTID="73184349" OBJECTGUID="ed6010da-a70f-47a3-ae44-240d78a6d6e6" CHANGEID="108969168" HOUSENUM="12" HOUSETYPE="2" OPERTYPEID="20" PREVID="44191238" NEXTID="126738844" UPDATEDATE="2024-09-09" STARTDATE="2017-03-01" ENDDATE="2024-09-09" ISACTUAL="0" ISACTIVE="0" /><HOUSE ID="68263276" OBJECTID="1848148" OBJECTGUID="ee55c927-52e9-4298-b549-2800c27da9de" CHANGEID="4625172" HOUSENUM="6" HOUSETYPE="2" OPERTYPEID="20" PREVID="239522" NEXTID="126757704" UPDATEDATE="2024-09-11" STARTDATE="2017-03-06" ENDDATE="2024-09-11" ISACTUAL="0" ISACTIVE="0" /><HOUSE ID="68493317" OBJECTID="1853586" OBJECTGUID="f196b88a-829c-4de6-ab30-c0f31bfe71b2" CHANGEID="4633434" HOUSENUM="4" HOUSETYPE="2" OPERTYPEID="20" PREVID="243252" NEXTID="126757671" UPDATEDATE="2024-09-11" STARTDATE="2017-03-06" ENDDATE="2024-09-11" ISACTUAL="0" ISACTIVE="0" /><HOUSE ID="68813798" OBJECTID="1848667" OBJECTGUID="f61ed314-d47a-4f30-9437-33029c085ed0" CHANGEID="4625994" HOUSENUM="24" HOUSETYPE="2" OPERTYPEID="20" PREVID="239912" NEXTID="126757701" UPDATEDATE="2024-09-11" STARTDATE="2017-03-06" ENDDATE="2024-09-11" ISACTUAL="0" ISACTIVE="0" /><HOUSE ID="69018133" OBJECTID="1851397" OBJECTGUID="f8fec04c-a212-4a13-a705-83e962d07ed8" CHANGEID="4630201" HOUSENUM="6а/2" HOUSETYPE="2" OPERTYPEID="20" PREVID="241802" NEXTID="126757683" UPDATEDATE="2024-09-11" STARTDATE="2017-03-06" ENDDATE="2024-09-11" ISACTUAL="0" ISACTIVE="0" /><HOUSE ID="69472057" OBJECTID="40851141" OBJECTGUID="ff6dd96d-0243-4d94-ae01-dbb2138d77f7" CHANGEID="61807353" HOUSENUM="23" HOUSETYPE="2" OPERTYPEID="20" PREVID="24415033" NEXTID="126746107" UPDATEDATE="2024-09-09" STARTDATE="2017-03-01" ENDDATE="2024-09-09" ISACTUAL="0" ISACTIVE="0" /><HOUSE ID="69494952" OBJECTID="1853276" OBJECTGUID="ffbd1aee-be20-46f8-8bec-bb860bdd7784" CHANGEID="4633057" HOUSENUM="1Д" HOUSETYPE="2" OPERTYPEID="20" PREVID="243005" NEXTID="126757673" UPDATEDATE="2024-09-11" STARTDATE="2017-03-06" ENDDATE="2024-09-11" ISACTUAL="0" ISACTIVE="0" /><HOUSE ID="55454110" OBJECTID="1849005" OBJECTGUID="397f7818-e352-455b-9d6f-3d84831b75e3" CHANGEID="4626446" HOUSENUM="31/1" HOUSETYPE="2" OPERTYPEID="20" PREVID="240140" NEXTID="126757698" UPDATEDATE="2024-09-11" STARTDATE="2017-03-06" ENDDATE="2024-09-11" ISACTUAL="0" ISACTIVE="0" /><HOUSE ID="63575349" OBJECTID="32405082" OBJECTGUID="ac201903-cb55-4e60-b970-541bfa459f94" CHANGEID="49460331" HOUSENUM="28" ADDNUM1="1" HOUSETYPE="2" ADDTYPE1="1" OPERTYPEID="20" PREVID="19231474" NEXTID="126739741" UPDATEDATE="2024-09-09" STARTDATE="2017-09-22" ENDDATE="2024-09-09" ISACTUAL="0" ISACTIVE="0" /><HOUSE ID="35372406" OBJECTID="59052556" OBJECTGUID="bb0aeb58-447c-4a75-90fc-ff20eb2d9bef" CHANGEID="88234491" HOUSENUM="12" HOUSETYPE="2" OPERTYPEID="10" PREVID="0" NEXTID="126745172" UPDATEDATE="2024-09-09" STARTDATE="2019-06-14" ENDDATE="2024-09-09" ISACTUAL="0" ISACTIVE="0" /><HOUSE ID="52119987" OBJECTID="11379309" OBJECTGUID="0a679884-2b00-4d9a-b68e-46479d657662" CHANGEID="18529785" HOUSENUM="7" HOUSETYPE="2" OPERTYPEID="20" PREVID="6081854" NEXTID="126760369" UPDATEDATE="2024-09-11" STARTDATE="2017-03-01" ENDDATE="2024-09-11" ISACTUAL="0" ISACTIVE="0" /><HOUSE ID="52147081" OBJECTID="1848452" OBJECTGUID="0aca46e3-e029-49c7-bb58-2a6883f3d7ce" CHANGEID="4625651" HOUSENUM="12" HOUSETYPE="2" OPERTYPEID="20" PREVID="239731" NEXTID="126757703" UPDATEDATE="2024-09-11" STARTDATE="2017-03-06" ENDDATE="2024-09-11" ISACTUAL="0" ISACTIVE="0" /><HOUSE ID="52415920" OBJECTID="1847380" OBJECTGUID="0e97fd29-b6da-428e-97fc-019100fdc7f9" CHANGEID="4623949" HOUSENUM="9" HOUSETYPE="2" OPERTYPEID="20" PREVID="238938" NEXTID="126757710" UPDATEDATE="2024-09-11" STARTDATE="2017-03-06" ENDDATE="2024-09-11" ISACTUAL="0" ISACTIVE="0" /><HOUSE ID="52531982" OBJECTID="1854709" OBJECTGUID="103dc88f-032a-41ef-a448-db630ebf07b8" CHANGEID="4635173" HOUSENUM="21" HOUSETYPE="2" OPERTYPEID="20" PREVID="244010" NEXTID="126757664" UPDATEDATE="2024-09-11" STARTDATE="2017-03-06" ENDDATE="2024-09-11" ISACTUAL="0" ISACTIVE="0" /><HOUSE ID="52940312" OBJECTID="1853132" OBJECTGUID="1603e2a9-2f8b-4d05-88d2-b0ca4e4783e3" CHANGEID="4632653" HOUSENUM="54" HOUSETYPE="2" OPERTYPEID="20" PREVID="242888" NEXTID="126757674" UPDATEDATE="2024-09-11" STARTDATE="2017-03-06" ENDDATE="2024-09-11" ISACTUAL="0" ISACTIVE="0" /><HOUSE ID="53692207" OBJECTID="23832549" OBJECTGUID="20a4c9cf-b036-431d-bad2-b03e802834e3" CHANGEID="36997729" HOUSENUM="10" ADDNUM1="1" HOUSETYPE="2" ADDTYPE1="1" OPERTYPEID="20" PREVID="14063690" NEXTID="126731848" UPDATEDATE="2024-09-06" STARTDATE="2017-03-06" ENDDATE="2024-09-06" ISACTUAL="0" ISACTIVE="0" /><HOUSE ID="54167947" OBJECTID="1855444" OBJECTGUID="27580a97-fb82-4f85-9cd3-f88d9318ac1b" CHANGEID="4636191" HOUSENUM="25" HOUSETYPE="2" OPERTYPEID="20" PREVID="244510" NEXTID="126757660" UPDATEDATE="2024-09-11" STARTDATE="2017-03-06" ENDDATE="2024-09-11" ISACTUAL="0" ISACTIVE="0" /><HOUSE ID="54366006" OBJECTID="24908130" OBJECTGUID="2a265757-d96d-4ed0-b74f-e93be1c37cb0" CHANGEID="38587198" HOUSENUM="84" HOUSETYPE="2" OPERTYPEID="20" PREVID="14733483" NEXTID="126725055" UPDATEDATE="2024-09-05" STARTDATE="2015-10-19" ENDDATE="2024-09-05" ISACTUAL="0" ISACTIVE="0" /><HOUSE ID="126724669" OBJECTID="165057621" OBJECTGUID="674c7d04-aede-4e03-b972-68a0b4686785" CHANGEID="600507555" HOUSENUM="19А" HOUSETYPE="2" OPERTYPEID="10" PREVID="0" NEXTID="0" UPDATEDATE="2024-09-05" STARTDATE="2024-09-05" ENDDATE="2079-06-06" ISACTUAL="1" ISACTIVE="1" /><HOUSE ID="126724673" OBJECTID="165057635" OBJECTGUID="f1f1ac19-404a-413f-ad6a-bb42430444ef" CHANGEID="600507628" HOUSENUM="6/1" HOUSETYPE="2" OPERTYPEID="10" PREVID="0" NEXTID="0" UPDATEDATE="2024-09-05" STARTDATE="2024-09-05" ENDDATE="2079-06-06" ISACTUAL="1" ISACTIVE="1" /><HOUSE ID="126724834" OBJECTID="165058239" OBJECTGUID="247834f8-4774-4dca-b394-b873489fd319" CHANGEID="600508390" HOUSENUM="10" HOUSETYPE="2" OPERTYPEID="10" PREVID="0" NEXTID="0" UPDATEDATE="2024-09-05" STARTDATE="2024-09-05" ENDDATE="2079-06-06" ISACTUAL="1" ISACTIVE="1" /><HOUSE ID="126724835" OBJECTID="59105419" OBJECTGUID="72540e52-f58d-44e3-aaa9-ee07b434f022" CHANGEID="600508405" HOUSENUM="2А" HOUSETYPE="2" OPERTYPEID="30" PREVID="35399214" NEXTID="0" UPDATEDATE="2024-09-05" STARTDATE="2024-09-05" ENDDATE="2079-06-06" ISACTUAL="1" ISACTIVE="0" /><HOUSE ID="35399214" OBJECTID="59105419" OBJECTGUID="72540e52-f58d-44e3-aaa9-ee07b434f022" CHANGEID="88308240" HOUSENUM="2А" HOUSETYPE="2" OPERTYPEID="20" PREVID="35399208" NEXTID="126724835" UPDATEDATE="2024-09-05" STARTDATE="2019-08-27" ENDDATE="2024-09-05" ISACTUAL="0" ISACTIVE="0" /><HOUSE ID="126724836" OBJECTID="62763528" OBJECTGUID="ab247e9a-94d8-4879-a940-da5f58572bb7" CHANGEID="600508406" HOUSENUM="3" HOUSETYPE="2" OPERTYPEID="30" PREVID="63505193" NEXTID="0" UPDATEDATE="2024-09-05" STARTDATE="2024-09-05" ENDDATE="2079-06-06" ISACTUAL="1" ISACTIVE="0" /><HOUSE ID="63505193" OBJECTID="62763528" OBJECTGUID="ab247e9a-94d8-4879-a940-da5f58572bb7" CHANGEID="93694694" HOUSENUM="3" HOUSETYPE="2" OPERTYPEID="20" PREVID="37735241" NEXTID="126724836" UPDATEDATE="2024-09-05" STARTDATE="2017-07-24" ENDDATE="2024-09-05" ISACTUAL="0" ISACTIVE="0" /><HOUSE ID="126724837" OBJECTID="78028911" OBJECTGUID="a4141286-9932-472f-8337-99f26ccdbc4c" CHANGEID="600508409" HOUSENUM="14" HOUSETYPE="2" OPERTYPEID="30" PREVID="47144686" NEXTID="0" UPDATEDATE="2024-09-05" STARTDATE="2024-09-05" ENDDATE="2079-06-06" ISACTUAL="1" ISACTIVE="0" /><HOUSE ID="47144686" OBJECTID="78028911" OBJECTGUID="a4141286-9932-472f-8337-99f26ccdbc4c" CHANGEID="116010270" HOUSENUM="14" HOUSETYPE="2" OPERTYPEID="10" PREVID="0" NEXTID="126724837" UPDATEDATE="2024-09-05" STARTDATE="2019-08-21" ENDDATE="2024-09-05" ISACTUAL="0" ISACTIVE="0" /><HOUSE ID="126725055" OBJECTID="24908130" OBJECTGUID="2a265757-d96d-4ed0-b74f-e93be1c37cb0" CHANGEID="600509737" HOUSENUM="84" HOUSETYPE="2" OPERTYPEID="30" PREVID="54366006" NEXTID="0" UPDATEDATE="2024-09-05" STARTDATE="2024-09-05" ENDDATE="2079-06-06" ISACTUAL="1" ISACTIVE="0" /><HOUSE ID="126726261" OBJECTID="58093271" OBJECTGUID="f74f1618-3d8b-4f46-b4de-ba17885af103" CHANGEID="600519650" HOUSENUM="7" HOUSETYPE="2" OPERTYPEID="30" PREVID="68898274" NEXTID="0" UPDATEDATE="2024-09-05" STARTDATE="2024-09-05" ENDDATE="2079-06-06" ISACTUAL="1" ISACTIVE="0" /><HOUSE ID="68898274" OBJECTID="58093271" OBJECTGUID="f74f1618-3d8b-4f46-b4de-ba17885af103" CHANGEID="86837290" HOUSENUM="7" HOUSETYPE="2" OPERTYPEID="20" PREVID="34784273" NEXTID="126726261" UPDATEDATE="2024-09-05" STARTDATE="2017-07-24" ENDDATE="2024-09-05" ISACTUAL="0" ISACTIVE="0" /><HOUSE ID="126726262" OBJECTID="54799681" OBJECTGUID="9c1c3977-8627-44a0-9636-08063fba20f1" CHANGEID="600519653" HOUSENUM="76" HOUSETYPE="2" OPERTYPEID="30" PREVID="62441135" NEXTID="0" UPDATEDATE="2024-09-05" STARTDATE="2024-09-05" ENDDATE="2079-06-06" ISACTUAL="1" ISACTIVE="0" /><HOUSE ID="126726265" OBJECTID="54801777" OBJECTGUID="599b37df-7e0c-4072-b927-4c96aa29c1e9" CHANGEID="600519658" HOUSENUM="29б" HOUSETYPE="2" OPERTYPEID="30" PREVID="57728987" NEXTID="0" UPDATEDATE="2024-09-05" STARTDATE="2024-09-05" ENDDATE="2079-06-06" ISACTUAL="1" ISACTIVE="0" /><HOUSE ID="126726260" OBJECTID="59987673" OBJECTGUID="39e25188-a289-44f6-9ce8-1e94246e6d18" CHANGEID="600519645" HOUSENUM="19" HOUSETYPE="2" OPERTYPEID="30" PREVID="55481428" NEXTID="0" UPDATEDATE="2024-09-05" STARTDATE="2024-09-05" ENDDATE="2079-06-06" ISACTUAL="1" ISACTIVE="0" /><HOUSE ID="55481428" OBJECTID="59987673" OBJECTGUID="39e25188-a289-44f6-9ce8-1e94246e6d18" CHANGEID="89590531" HOUSENUM="19" HOUSETYPE="2" OPERTYPEID="20" PREVID="35932927" NEXTID="126726260" UPDATEDATE="2024-09-05" STARTDATE="2017-07-24" ENDDATE="2024-09-05" ISACTUAL="0" ISACTIVE="0" /><HOUSE ID="126726263" OBJECTID="54778413" OBJECTGUID="e7d7d069-a066-404d-886f-de09e365b450" CHANGEID="600519654" HOUSENUM="59" HOUSETYPE="2" OPERTYPEID="30" PREVID="67802938" NEXTID="0" UPDATEDATE="2024-09-05" STARTDATE="2024-09-05" ENDDATE="2079-06-06" ISACTUAL="1" ISACTIVE="0" /><HOUSE ID="126726264" OBJECTID="54777537" OBJECTGUID="41b2157b-32c0-4dce-85bd-d98157a7f5a3" CHANGEID="600519657" HOUSENUM="32" HOUSETYPE="2" OPERTYPEID="30" PREVID="56034505" NEXTID="0" UPDATEDATE="2024-09-05" STARTDATE="2024-09-05" ENDDATE="2079-06-06" ISACTUAL="1" ISACTIVE="0" /><HOUSE ID="56034505" OBJECTID="54777537" OBJECTGUID="41b2157b-32c0-4dce-85bd-d98157a7f5a3" CHANGEID="81951791" HOUSENUM="32" HOUSETYPE="2" OPERTYPEID="20" PREVID="32722968" NEXTID="126726264" UPDATEDATE="2024-09-05" STARTDATE="2017-07-24" ENDDATE="2024-09-05" ISACTUAL="0" ISACTIVE="0" /><HOUSE ID="126728572" OBJECTID="165075819" OBJECTGUID="4cc0ca7e-6b0e-481d-a9ca-a4e64fe81af1" CHANGEID="600536377" HOUSENUM="9б" HOUSETYPE="2" OPERTYPEID="10" PREVID="0" NEXTID="0" UPDATEDATE="2024-09-05" STARTDATE="2024-09-05" ENDDATE="2079-06-06" ISACTUAL="1" ISACTIVE="1" /><HOUSE ID="126728722" OBJECTID="165077479" OBJECTGUID="073422f9-e9b7-4272-b8a0-1efbd6d61bba" CHANGEID="600538627" HOUSENUM="11/17" HOUSETYPE="2" OPERTYPEID="10" PREVID="0" NEXTID="0" UPDATEDATE="2024-09-05" STARTDATE="2024-09-05" ENDDATE="2079-06-06" ISACTUAL="1" ISACTIVE="1" /><HOUSE ID="126728727" OBJECTID="165077490" OBJECTGUID="51fdc8d4-4b70-445f-ae8e-dc80c96b2935" CHANGEID="600538654" HOUSENUM="44" ADDNUM1="1" HOUSETYPE="2" ADDTYPE1="2" OPERTYPEID="10" PREVID="0" NEXTID="0" UPDATEDATE="2024-09-05" STARTDATE="2024-09-05" ENDDATE="2079-06-06" ISACTUAL="1" ISACTIVE="1" /><HOUSE ID="126728737" OBJECTID="165077506" OBJECTGUID="558e58d8-59a7-4ba7-84af-ea62f30301c7" CHANGEID="600538685" HOUSENUM="157" HOUSETYPE="2" OPERTYPEID="10" PREVID="0" NEXTID="0" UPDATEDATE="2024-09-05" STARTDATE="2024-09-05" ENDDATE="2079-06-06" ISACTUAL="1" ISACTIVE="1" /><HOUSE ID="126731753" OBJECTID="165091687" OBJECTGUID="6f361672-a8fa-4e5d-a98d-cdd417e7c706" CHANGEID="600562373" HOUSENUM="2" HOUSETYPE="2" OPERTYPEID="10" PREVID="0" NEXTID="0" UPDATEDATE="2024-09-06" STARTDATE="2024-09-06" ENDDATE="2079-06-06" ISACTUAL="1" ISACTIVE="1" /><HOUSE ID="126731754" OBJECTID="165091688" OBJECTGUID="8ece5624-8236-4781-bb26-ad5eb830d8d2" CHANGEID="600562374" HOUSENUM="3" HOUSETYPE="2" OPERTYPEID="10" PREVID="0" NEXTID="0" UPDATEDATE="2024-09-06" STARTDATE="2024-09-06" ENDDATE="2079-06-06" ISACTUAL="1" ISACTIVE="1" /><HOUSE ID="126731755" OBJECTID="165091689" OBJECTGUID="3ed69928-8513-47f4-9c4c-4ebc2b0356ba" CHANGEID="600562375" HOUSENUM="4" HOUSETYPE="2" OPERTYPEID="10" PREVID="0" NEXTID="0" UPDATEDATE="2024-09-06" STARTDATE="2024-09-06" ENDDATE="2079-06-06" ISACTUAL="1" ISACTIVE="1" /><HOUSE ID="126731756" OBJECTID="165091690" OBJECTGUID="a716ecaf-ac45-4422-bd04-02b9379a0b76" CHANGEID="600562376" HOUSENUM="5" HOUSETYPE="2" OPERTYPEID="10" PREVID="0" NEXTID="0" UPDATEDATE="2024-09-06" STARTDATE="2024-09-06" ENDDATE="2079-06-06" ISACTUAL="1" ISACTIVE="1" /><HOUSE ID="126731757" OBJECTID="165091691" OBJECTGUID="09cfdeb9-ff6e-4214-a31e-14c41aed452d" CHANGEID="600562377" HOUSENUM="6" HOUSETYPE="2" OPERTYPEID="10" PREVID="0" NEXTID="0" UPDATEDATE="2024-09-06" STARTDATE="2024-09-06" ENDDATE="2079-06-06" ISACTUAL="1" ISACTIVE="1" /><HOUSE ID="126731758" OBJECTID="165091692" OBJECTGUID="46058320-9a58-495d-92fa-6126dce0aa70" CHANGEID="600562378" HOUSENUM="7" HOUSETYPE="2" OPERTYPEID="10" PREVID="0" NEXTID="0" UPDATEDATE="2024-09-06" STARTDATE="2024-09-06" ENDDATE="2079-06-06" ISACTUAL="1" ISACTIVE="1" /><HOUSE ID="126731759" OBJECTID="165091693" OBJECTGUID="245c6391-4ea5-48f0-bf85-03c0e5a7b2fd" CHANGEID="600562379" HOUSENUM="9" HOUSETYPE="2" OPERTYPEID="10" PREVID="0" NEXTID="0" UPDATEDATE="2024-09-06" STARTDATE="2024-09-06" ENDDATE="2079-06-06" ISACTUAL="1" ISACTIVE="1" /><HOUSE ID="126731760" OBJECTID="165091694" OBJECTGUID="e238cef8-d5b4-4366-805c-2b3182233955" CHANGEID="600562380" HOUSENUM="11" HOUSETYPE="2" OPERTYPEID="10" PREVID="0" NEXTID="0" UPDATEDATE="2024-09-06" STARTDATE="2024-09-06" ENDDATE="2079-06-06" ISACTUAL="1" ISACTIVE="1" /><HOUSE ID="126731761" OBJECTID="165091695" OBJECTGUID="eaeab4c6-8c55-45c0-8e3e-99f9b855bc35" CHANGEID="600562381" HOUSENUM="13" HOUSETYPE="2" OPERTYPEID="10" PREVID="0" NEXTID="0" UPDATEDATE="2024-09-06" STARTDATE="2024-09-06" ENDDATE="2079-06-06" ISACTUAL="1" ISACTIVE="1" /><HOUSE ID="126731762" OBJECTID="165091696" OBJECTGUID="83b992ee-477c-4bd8-add4-cff08b3fabf9" CHANGEID="600562382" HOUSENUM="15" HOUSETYPE="2" OPERTYPEID="10" PREVID="0" NEXTID="0" UPDATEDATE="2024-09-06" STARTDATE="2024-09-06" ENDDATE="2079-06-06" ISACTUAL="1" ISACTIVE="1" /><HOUSE ID="126731763" OBJECTID="165091697" OBJECTGUID="20b75633-50c4-446d-9797-25cf7f02d510" CHANGEID="600562383" HOUSENUM="17" HOUSETYPE="2" OPERTYPEID="10" PREVID="0" NEXTID="0" UPDATEDATE="2024-09-06" STARTDATE="2024-09-06" ENDDATE="2079-06-06" ISACTUAL="1" ISACTIVE="1" /><HOUSE ID="126731848" OBJECTID="23832549" OBJECTGUID="20a4c9cf-b036-431d-bad2-b03e802834e3" CHANGEID="600563417" HOUSENUM="10" ADDNUM1="1" HOUSETYPE="2" ADDTYPE1="2" OPERTYPEID="20" PREVID="53692207" UPDATEDATE="2024-09-06" STARTDATE="2024-09-06" ENDDATE="2079-06-06" ISACTUAL="1" ISACTIVE="1" /><HOUSE ID="126731874" OBJECTID="165092226" OBJECTGUID="6ed74794-bbb0-4e5d-9708-3ee3e90541b2" CHANGEID="600563608" HOUSENUM="40а" HOUSETYPE="2" OPERTYPEID="10" PREVID="0" NEXTID="0" UPDATEDATE="2024-09-06" STARTDATE="2024-09-06" ENDDATE="2079-06-06" ISACTUAL="1" ISACTIVE="1" /><HOUSE ID="126731936" OBJECTID="165092623" OBJECTGUID="805840b7-7688-44c3-a974-e639273824fd" CHANGEID="600564403" HOUSENUM="11" HOUSETYPE="2" OPERTYPEID="10" PREVID="0" NEXTID="0" UPDATEDATE="2024-09-06" STARTDATE="2024-09-06" ENDDATE="2079-06-06" ISACTUAL="1" ISACTIVE="1" /><HOUSE ID="126731937" OBJECTID="165092625" OBJECTGUID="6e897f00-7cde-4afe-a3a8-7ab969709113" CHANGEID="600564405" HOUSENUM="2" HOUSETYPE="7" OPERTYPEID="10" PREVID="0" NEXTID="0" UPDATEDATE="2024-09-06" STARTDATE="2024-09-06" ENDDATE="2079-06-06" ISACTUAL="1" ISACTIVE="1" /><HOUSE ID="126731940" OBJECTID="165092631" OBJECTGUID="77fdf006-74ce-43c5-b4d7-62c62882d9ea" CHANGEID="600564414" HOUSENUM="48" HOUSETYPE="2" OPERTYPEID="10" PREVID="0" NEXTID="0" UPDATEDATE="2024-09-06" STARTDATE="2024-09-06" ENDDATE="2079-06-06" ISACTUAL="1" ISACTIVE="1" /><HOUSE ID="126732003" OBJECTID="165093616" OBJECTGUID="ef3cd463-62c8-4493-a04b-1a94106b67a7" CHANGEID="600565603" HOUSENUM="86" HOUSETYPE="2" OPERTYPEID="10" PREVID="0" NEXTID="0" UPDATEDATE="2024-09-06" STARTDATE="2024-09-06" ENDDATE="2079-06-06" ISACTUAL="1" ISACTIVE="1" /><HOUSE ID="126732004" OBJECTID="165093623" OBJECTGUID="cd0ffa3d-262d-42ac-a5f4-cf0fc7ba849f" CHANGEID="600565610" HOUSENUM="44" HOUSETYPE="2" OPERTYPEID="10" PREVID="0" NEXTID="0" UPDATEDATE="2024-09-06" STARTDATE="2024-09-06" ENDDATE="2079-06-06" ISACTUAL="1" ISACTIVE="1" /><HOUSE ID="126732005" OBJECTID="165093625" OBJECTGUID="bf44f68c-44cd-48ef-a3e0-fd94a97c4015" CHANGEID="600565612" HOUSENUM="36" ADDNUM1="1" HOUSETYPE="2" ADDTYPE1="2" OPERTYPEID="10" PREVID="0" NEXTID="0" UPDATEDATE="2024-09-06" STARTDATE="2024-09-06" ENDDATE="2079-06-06" ISACTUAL="1" ISACTIVE="1" /><HOUSE ID="126732006" OBJECTID="165093626" OBJECTGUID="c3b7dc69-e309-4349-a3a3-4b8b36bc6e6a" CHANGEID="600565613" HOUSENUM="36" HOUSETYPE="2" OPERTYPEID="10" PREVID="0" NEXTID="0" UPDATEDATE="2024-09-06" STARTDATE="2024-09-06" ENDDATE="2079-06-06" ISACTUAL="1" ISACTIVE="1" /><HOUSE ID="126732007" OBJECTID="165093627" OBJECTGUID="9427d6c2-c3f7-4922-baad-4963529d92ca" CHANGEID="600565614" HOUSENUM="28" HOUSETYPE="2" OPERTYPEID="10" PREVID="0" NEXTID="0" UPDATEDATE="2024-09-06" STARTDATE="2024-09-06" ENDDATE="2079-06-06" ISACTUAL="1" ISACTIVE="1" /><HOUSE ID="67268488" OBJECTID="10374533" OBJECTGUID="e04832a2-84fe-45a0-9c45-b4de4b4b43e2" CHANGEID="17045115" HOUSENUM="4А" HOUSETYPE="2" OPERTYPEID="20" PREVID="5434405" NEXTID="126732008" UPDATEDATE="2024-09-06" STARTDATE="2017-09-22" ENDDATE="2024-09-06" ISACTUAL="0" ISACTIVE="0" /><HOUSE ID="126732008" OBJECTID="10374533" OBJECTGUID="e04832a2-84fe-45a0-9c45-b4de4b4b43e2" CHANGEID="600565615" HOUSENUM="4а" HOUSETYPE="2" OPERTYPEID="20" PREVID="67268488" UPDATEDATE="2024-09-06" STARTDATE="2024-09-06" ENDDATE="2079-06-06" ISACTUAL="1" ISACTIVE="1" /><HOUSE ID="126732012" OBJECTID="165093641" OBJECTGUID="47f27e92-cf5f-4a1c-8c1f-72086adb2e6d" CHANGEID="600565680" HOUSENUM="80/2" HOUSETYPE="2" OPERTYPEID="10" PREVID="0" NEXTID="0" UPDATEDATE="2024-09-06" STARTDATE="2024-09-06" ENDDATE="2079-06-06" ISACTUAL="1" ISACTIVE="1" /><HOUSE ID="126732013" OBJECTID="165093642" OBJECTGUID="7615d76a-c7fb-40ae-afdd-b96fa9fdcd2c" CHANGEID="600565681" HOUSENUM="6" HOUSETYPE="2" OPERTYPEID="10" PREVID="0" NEXTID="0" UPDATEDATE="2024-09-06" STARTDATE="2024-09-06" ENDDATE="2079-06-06" ISACTUAL="1" ISACTIVE="1" /><HOUSE ID="126732014" OBJECTID="165093671" OBJECTGUID="8402614a-bd28-41cb-a31d-71192ce2018a" CHANGEID="600565724" HOUSENUM="3" HOUSETYPE="2" OPERTYPEID="10" PREVID="0" NEXTID="0" UPDATEDATE="2024-09-06" STARTDATE="2024-09-06" ENDDATE="2079-06-06" ISACTUAL="1" ISACTIVE="1" /><HOUSE ID="126732015" OBJECTID="165093675" OBJECTGUID="4c373ba5-04c8-4f25-a131-cd4e7b78393b" CHANGEID="600565728" HOUSENUM="10" HOUSETYPE="2" OPERTYPEID="10" PREVID="0" NEXTID="0" UPDATEDATE="2024-09-06" STARTDATE="2024-09-06" ENDDATE="2079-06-06" ISACTUAL="1" ISACTIVE="1" /><HOUSE ID="61822282" OBJECTID="8107172" OBJECTGUID="936628e7-5dc3-42f5-b219-d1a1655e256d" CHANGEID="13751516" HOUSENUM="3А" HOUSETYPE="2" OPERTYPEID="20" PREVID="4073739" NEXTID="126732358" UPDATEDATE="2024-09-06" STARTDATE="2017-03-03" ENDDATE="2024-09-06" ISACTUAL="0" ISACTIVE="0" /><HOUSE ID="126732358" OBJECTID="8107172" OBJECTGUID="936628e7-5dc3-42f5-b219-d1a1655e256d" CHANGEID="600568515" HOUSENUM="3а" HOUSETYPE="2" OPERTYPEID="20" PREVID="61822282" UPDATEDATE="2024-09-06" STARTDATE="2024-09-06" ENDDATE="2079-06-06" ISACTUAL="1" ISACTIVE="1" /><HOUSE ID="126732357" OBJECTID="165094805" OBJECTGUID="c4174b41-0719-4fdf-ba0b-afe55c71012a" CHANGEID="600568514" HOUSENUM="1а/1" HOUSETYPE="2" OPERTYPEID="10" PREVID="0" NEXTID="0" UPDATEDATE="2024-09-06" STARTDATE="2024-09-06" ENDDATE="2079-06-06" ISACTUAL="1" ISACTIVE="1" /><HOUSE ID="126732740" OBJECTID="165096154" OBJECTGUID="e9b49936-7d72-4882-b3a6-acb19a4d5f6f" CHANGEID="600570904" HOUSENUM="15" HOUSETYPE="2" OPERTYPEID="10" PREVID="0" NEXTID="0" UPDATEDATE="2024-09-06" STARTDATE="2024-09-06" ENDDATE="2079-06-06" ISACTUAL="1" ISACTIVE="1" /><HOUSE ID="126733300" OBJECTID="165097369" OBJECTGUID="4a73a409-1880-4902-ac4f-2675cfd3bcea" CHANGEID="600574232" HOUSENUM="11А" HOUSETYPE="2" OPERTYPEID="10" PREVID="0" NEXTID="0" UPDATEDATE="2024-09-06" STARTDATE="2024-09-06" ENDDATE="2079-06-06" ISACTUAL="1" ISACTIVE="1" /><HOUSE ID="126733302" OBJECTID="165097376" OBJECTGUID="4f89a277-b8ec-4545-b947-83f4f4c8875f" CHANGEID="600574337" HOUSENUM="14" HOUSETYPE="2" OPERTYPEID="10" PREVID="0" NEXTID="0" UPDATEDATE="2024-09-06" STARTDATE="2024-09-06" ENDDATE="2079-06-06" ISACTUAL="1" ISACTIVE="1" /><HOUSE ID="126733304" OBJECTID="165097380" OBJECTGUID="171af122-fe03-4c9c-b3e4-573cf915a02c" CHANGEID="600574349" HOUSENUM="48а" HOUSETYPE="2" OPERTYPEID="10" PREVID="0" NEXTID="0" UPDATEDATE="2024-09-06" STARTDATE="2024-09-06" ENDDATE="2079-06-06" ISACTUAL="1" ISACTIVE="1" /><HOUSE ID="126733307" OBJECTID="165097385" OBJECTGUID="90fdea36-ae1f-49bf-8704-fbdd6e69edb4" CHANGEID="600574359" HOUSENUM="255" HOUSETYPE="2" OPERTYPEID="10" PREVID="0" NEXTID="0" UPDATEDATE="2024-09-06" STARTDATE="2024-09-06" ENDDATE="2079-06-06" ISACTUAL="1" ISACTIVE="1" /><HOUSE ID="126733309" OBJECTID="165097402" OBJECTGUID="3adcf2dd-1e5f-4a89-a564-2f3ac700c17c" CHANGEID="600574378" HOUSENUM="19" HOUSETYPE="2" OPERTYPEID="10" PREVID="0" NEXTID="0" UPDATEDATE="2024-09-06" STARTDATE="2024-09-06" ENDDATE="2079-06-06" ISACTUAL="1" ISACTIVE="1" /><HOUSE ID="126733311" OBJECTID="165097417" OBJECTGUID="12af3508-965a-444f-ad7a-371ad4fbe2bb" CHANGEID="600574394" HOUSENUM="13а" HOUSETYPE="2" OPERTYPEID="10" PREVID="0" NEXTID="0" UPDATEDATE="2024-09-06" STARTDATE="2024-09-06" ENDDATE="2079-06-06" ISACTUAL="1" ISACTIVE="1" /><HOUSE ID="126733366" OBJECTID="22610310" OBJECTGUID="7daa90c1-3cca-4037-ae23-3b53f7482659" CHANGEID="600574576" HOUSENUM="1" HOUSETYPE="2" OPERTYPEID="30" PREVID="60282839" NEXTID="0" UPDATEDATE="2024-09-06" STARTDATE="2024-09-06" ENDDATE="2079-06-06" ISACTUAL="1" ISACTIVE="0" /><HOUSE ID="60282839" OBJECTID="22610310" OBJECTGUID="7daa90c1-3cca-4037-ae23-3b53f7482659" CHANGEID="35227844" HOUSENUM="1" HOUSETYPE="2" OPERTYPEID="20" PREVID="13344096" NEXTID="126733366" UPDATEDATE="2024-09-06" STARTDATE="2017-03-01" ENDDATE="2024-09-06" ISACTUAL="0" ISACTIVE="0" /><HOUSE ID="126733367" OBJECTID="73190416" OBJECTGUID="9ed1a319-6d03-485a-893f-56d0f855a9e0" CHANGEID="600574583" HOUSENUM="1" HOUSETYPE="2" OPERTYPEID="30" PREVID="62633221" NEXTID="0" UPDATEDATE="2024-09-06" STARTDATE="2024-09-06" ENDDATE="2079-06-06" ISACTUAL="1" ISACTIVE="0" /><HOUSE ID="126733381" OBJECTID="6753109" OBJECTGUID="a32207c0-c0ea-45f7-a605-c852c4cb755d" CHANGEID="600574662" HOUSENUM="5" HOUSETYPE="2" OPERTYPEID="30" PREVID="62939227" NEXTID="0" UPDATEDATE="2024-09-06" STARTDATE="2024-09-06" ENDDATE="2079-06-06" ISACTUAL="1" ISACTIVE="0" /><HOUSE ID="126733385" OBJECTID="47587350" OBJECTGUID="933d57c9-b60c-4398-875b-a4124d65e1d5" CHANGEID="600574766" HOUSENUM="4" HOUSETYPE="2" OPERTYPEID="30" PREVID="61810827" NEXTID="0" UPDATEDATE="2024-09-06" STARTDATE="2024-09-06" ENDDATE="2079-06-06" ISACTUAL="1" ISACTIVE="0" /><HOUSE ID="126733389" OBJECTID="40087427" OBJECTGUID="fa5c95c6-174e-4965-b5bd-58fedcbd8b4f" CHANGEID="600574789" HOUSENUM="2" HOUSETYPE="2" OPERTYPEID="30" PREVID="69115358" NEXTID="0" UPDATEDATE="2024-09-06" STARTDATE="2024-09-06" ENDDATE="2079-06-06" ISACTUAL="1" ISACTIVE="0" /><HOUSE ID="69115358" OBJECTID="40087427" OBJECTGUID="fa5c95c6-174e-4965-b5bd-58fedcbd8b4f" CHANGEID="60697942" HOUSENUM="2" HOUSETYPE="2" OPERTYPEID="20" PREVID="23967744" NEXTID="126733389" UPDATEDATE="2024-09-06" STARTDATE="2017-03-01" ENDDATE="2024-09-06" ISACTUAL="0" ISACTIVE="0" /><HOUSE ID="126733394" OBJECTID="40093225" OBJECTGUID="48d44ace-7608-4dbf-ac08-88c0ae9f6b76" CHANGEID="600574804" HOUSENUM="3" HOUSETYPE="2" OPERTYPEID="30" PREVID="56539899" NEXTID="0" UPDATEDATE="2024-09-06" STARTDATE="2024-09-06" ENDDATE="2079-06-06" ISACTUAL="1" ISACTIVE="0" /><HOUSE ID="126733840" OBJECTID="165098922" OBJECTGUID="630d19bd-fd6f-4f1f-8b34-64341695e685" CHANGEID="600577109" HOUSENUM="4" HOUSETYPE="2" OPERTYPEID="10" PREVID="0" NEXTID="0" UPDATEDATE="2024-09-06" STARTDATE="2024-09-06" ENDDATE="2079-06-06" ISACTUAL="1" ISACTIVE="1" /><HOUSE ID="126733841" OBJECTID="165098923" OBJECTGUID="14ff965b-25df-45bd-9a7e-c439c0b80583" CHANGEID="600577110" HOUSENUM="6" HOUSETYPE="2" OPERTYPEID="10" PREVID="0" NEXTID="0" UPDATEDATE="2024-09-06" STARTDATE="2024-09-06" ENDDATE="2079-06-06" ISACTUAL="1" ISACTIVE="1" /><HOUSE ID="126735969" OBJECTID="165105771" OBJECTGUID="b1856c1f-d9d7-4a20-9fa2-0515b356aabf" CHANGEID="600589011" HOUSENUM="56А" HOUSETYPE="2" OPERTYPEID="10" PREVID="0" NEXTID="0" UPDATEDATE="2024-09-06" STARTDATE="2024-09-06" ENDDATE="2079-06-06" ISACTUAL="1" ISACTIVE="1" /><HOUSE ID="126736248" OBJECTID="165106668" OBJECTGUID="00be9eb7-223f-4e87-9a2f-6d1881b0b13d" CHANGEID="600590787" HOUSENUM="10/1" HOUSETYPE="2" OPERTYPEID="10" PREVID="0" NEXTID="0" UPDATEDATE="2024-09-06" STARTDATE="2024-09-06" ENDDATE="2079-06-06" ISACTUAL="1" ISACTIVE="1" /><HOUSE ID="126736790" OBJECTID="165108891" OBJECTGUID="411d831a-ba1c-46bf-a3cd-0b8422620f79" CHANGEID="600594132" HOUSENUM="60" ADDNUM1="1" HOUSETYPE="2" ADDTYPE1="2" OPERTYPEID="10" PREVID="0" NEXTID="0" UPDATEDATE="2024-09-06" STARTDATE="2024-09-06" ENDDATE="2079-06-06" ISACTUAL="1" ISACTIVE="1" /><HOUSE ID="126736945" OBJECTID="165109732" OBJECTGUID="e34db2db-5f7a-4542-a58f-f93dc2daaa36" CHANGEID="600595210" HOUSENUM="35" HOUSETYPE="2" OPERTYPEID="10" PREVID="0" NEXTID="0" UPDATEDATE="2024-09-06" STARTDATE="2024-09-06" ENDDATE="2079-06-06" ISACTUAL="1" ISACTIVE="1" /><HOUSE ID="126737297" OBJECTID="165110830" OBJECTGUID="15e1e4fc-2f79-4a1b-8e37-aaa3041506c2" CHANGEID="600600768" HOUSENUM="17" HOUSETYPE="2" OPERTYPEID="10" PREVID="0" NEXTID="0" UPDATEDATE="2024-09-06" STARTDATE="2024-09-06" ENDDATE="2079-06-06" ISACTUAL="1" ISACTIVE="1" /><HOUSE ID="126737307" OBJECTID="165110905" OBJECTGUID="8c8f219b-ad5e-4059-bf17-5cdbd594d702" CHANGEID="600601978" HOUSENUM="10" HOUSETYPE="2" OPERTYPEID="10" PREVID="0" NEXTID="0" UPDATEDATE="2024-09-06" STARTDATE="2024-09-06" ENDDATE="2079-06-06" ISACTUAL="1" ISACTIVE="1" /><HOUSE ID="126737659" OBJECTID="10775176" OBJECTGUID="51dc7a26-4814-4f17-90b8-0bb36b308e03" CHANGEID="600685986" HOUSENUM="21" HOUSETYPE="2" OPERTYPEID="30" PREVID="5689246" NEXTID="0" UPDATEDATE="2024-09-06" STARTDATE="2024-09-06" ENDDATE="2079-06-06" ISACTUAL="1" ISACTIVE="0" /><HOUSE ID="5689246" OBJECTID="10775176" OBJECTGUID="51dc7a26-4814-4f17-90b8-0bb36b308e03" CHANGEID="17636703" HOUSENUM="21" HOUSETYPE="2" OPERTYPEID="10" PREVID="0" NEXTID="126737659" UPDATEDATE="2024-09-06" STARTDATE="2017-05-18" ENDDATE="2024-09-06" ISACTUAL="0" ISACTIVE="0" /><HOUSE ID="126737660" OBJECTID="10771687" OBJECTGUID="a71de64c-4199-4093-9473-b326f027bd3c" CHANGEID="600685991" HOUSENUM="2" HOUSETYPE="2" OPERTYPEID="30" PREVID="63220578" NEXTID="0" UPDATEDATE="2024-09-06" STARTDATE="2024-09-06" ENDDATE="2079-06-06" ISACTUAL="1" ISACTIVE="0" /><HOUSE ID="63220578" OBJECTID="10771687" OBJECTGUID="a71de64c-4199-4093-9473-b326f027bd3c" CHANGEID="17631910" HOUSENUM="2" HOUSETYPE="2" OPERTYPEID="20" PREVID="5686919" NEXTID="126737660" UPDATEDATE="2024-09-06" STARTDATE="2017-03-01" ENDDATE="2024-09-06" ISACTUAL="0" ISACTIVE="0" /><HOUSE ID="126737661" OBJECTID="10770974" OBJECTGUID="bfcda0e8-b870-4a06-a57f-8c406d38cad5" CHANGEID="600686243" HOUSENUM="4" HOUSETYPE="2" OPERTYPEID="30" PREVID="64969178" NEXTID="0" UPDATEDATE="2024-09-06" STARTDATE="2024-09-06" ENDDATE="2079-06-06" ISACTUAL="1" ISACTIVE="0" /><HOUSE ID="64969178" OBJECTID="10770974" OBJECTGUID="bfcda0e8-b870-4a06-a57f-8c406d38cad5" CHANGEID="17630119" HOUSENUM="4" HOUSETYPE="2" OPERTYPEID="20" PREVID="5686035" NEXTID="126737661" UPDATEDATE="2024-09-06" STARTDATE="2017-03-01" ENDDATE="2024-09-06" ISACTUAL="0" ISACTIVE="0" /><HOUSE ID="126737662" OBJECTID="65850758" OBJECTGUID="72b3d3f7-3339-4ec7-8ed2-4d4c592092d4" CHANGEID="600686479" HOUSENUM="7" HOUSETYPE="2" OPERTYPEID="30" PREVID="59505847" NEXTID="0" UPDATEDATE="2024-09-06" STARTDATE="2024-09-06" ENDDATE="2079-06-06" ISACTUAL="1" ISACTIVE="0" /><HOUSE ID="126737664" OBJECTID="65853190" OBJECTGUID="a18edf19-cce4-4691-a6dd-699225abd35c" CHANGEID="600686673" HOUSENUM="8" HOUSETYPE="2" OPERTYPEID="30" PREVID="62827255" NEXTID="0" UPDATEDATE="2024-09-06" STARTDATE="2024-09-06" ENDDATE="2079-06-06" ISACTUAL="1" ISACTIVE="0" /><HOUSE ID="126738843" OBJECTID="73188746" OBJECTGUID="635fa57e-cd5f-40f0-bb09-4057e5fcbb8f" CHANGEID="600737063" HOUSENUM="10" HOUSETYPE="2" OPERTYPEID="30" PREVID="58421265" NEXTID="0" UPDATEDATE="2024-09-09" STARTDATE="2024-09-09" ENDDATE="2079-06-06" ISACTUAL="1" ISACTIVE="0" /><HOUSE ID="58421265" OBJECTID="73188746" OBJECTGUID="635fa57e-cd5f-40f0-bb09-4057e5fcbb8f" CHANGEID="108976454" HOUSENUM="10" HOUSETYPE="2" OPERTYPEID="20" PREVID="44194597" NEXTID="126738843" UPDATEDATE="2024-09-09" STARTDATE="2017-03-01" ENDDATE="2024-09-09" ISACTUAL="0" ISACTIVE="0" /><HOUSE ID="126738844" OBJECTID="73184349" OBJECTGUID="ed6010da-a70f-47a3-ae44-240d78a6d6e6" CHANGEID="600737064" HOUSENUM="12" HOUSETYPE="2" OPERTYPEID="30" PREVID="68194028" NEXTID="0" UPDATEDATE="2024-09-09" STARTDATE="2024-09-09" ENDDATE="2079-06-06" ISACTUAL="1" ISACTIVE="0" /><HOUSE ID="126738864" OBJECTID="165116597" OBJECTGUID="f1b3aace-2836-42ae-a83a-8b74128c5886" CHANGEID="600737140" HOUSENUM="1б" HOUSETYPE="2" OPERTYPEID="10" PREVID="0" NEXTID="0" UPDATEDATE="2024-09-09" STARTDATE="2024-09-09" ENDDATE="2079-06-06" ISACTUAL="1" ISACTIVE="1" /><HOUSE ID="54826919" OBJECTID="27800129" OBJECTGUID="30a3c63d-d0b8-4ee3-8c74-ade2208ea768" CHANGEID="42823576" HOUSENUM="4" HOUSETYPE="2" OPERTYPEID="20" PREVID="16517709" NEXTID="126738890" UPDATEDATE="2024-09-09" STARTDATE="2017-03-01" ENDDATE="2024-09-09" ISACTUAL="0" ISACTIVE="0" /><HOUSE ID="126738890" OBJECTID="27800129" OBJECTGUID="30a3c63d-d0b8-4ee3-8c74-ade2208ea768" CHANGEID="600737547" HOUSENUM="4/2" HOUSETYPE="2" OPERTYPEID="20" PREVID="54826919" UPDATEDATE="2024-09-09" STARTDATE="2024-09-09" ENDDATE="2079-06-06" ISACTUAL="1" ISACTIVE="1" /><HOUSE ID="126739041" OBJECTID="165118625" OBJECTGUID="c1ee5d3b-a4d1-4d0d-b842-ab7578f5bb50" CHANGEID="600740450" HOUSENUM="5" HOUSETYPE="2" OPERTYPEID="10" PREVID="0" NEXTID="0" UPDATEDATE="2024-09-09" STARTDATE="2024-09-09" ENDDATE="2079-06-06" ISACTUAL="1" ISACTIVE="1" /><HOUSE ID="126739740" OBJECTID="165120977" OBJECTGUID="7c4862f0-6fdf-4247-bd1d-749caf63547e" CHANGEID="600744527" HOUSENUM="5/11/11/4" HOUSETYPE="2" OPERTYPEID="10" PREVID="0" NEXTID="0" UPDATEDATE="2024-09-09" STARTDATE="2024-09-09" ENDDATE="2079-06-06" ISACTUAL="1" ISACTIVE="1" /><HOUSE ID="126739741" OBJECTID="32405082" OBJECTGUID="ac201903-cb55-4e60-b970-541bfa459f94" CHANGEID="600744531" HOUSENUM="28" ADDNUM1="1" HOUSETYPE="2" ADDTYPE1="2" OPERTYPEID="20" PREVID="63575349" UPDATEDATE="2024-09-09" STARTDATE="2024-09-09" ENDDATE="2079-06-06" ISACTUAL="1" ISACTIVE="1" /><HOUSE ID="126739739" OBJECTID="165120974" OBJECTGUID="afcea36a-c93e-4313-8cde-dbbc86e2e74b" CHANGEID="600744524" HOUSENUM="1/63" HOUSETYPE="2" OPERTYPEID="10" PREVID="0" NEXTID="0" UPDATEDATE="2024-09-09" STARTDATE="2024-09-09" ENDDATE="2079-06-06" ISACTUAL="1" ISACTIVE="1" /><HOUSE ID="126740984" OBJECTID="165127369" OBJECTGUID="1c98397b-1f90-4500-b7a5-1d579bef89e7" CHANGEID="600754225" HOUSENUM="16" HOUSETYPE="2" OPERTYPEID="10" PREVID="0" NEXTID="0" UPDATEDATE="2024-09-09" STARTDATE="2024-09-09" ENDDATE="2079-06-06" ISACTUAL="1" ISACTIVE="1" /><HOUSE ID="126740987" OBJECTID="165127395" OBJECTGUID="2844a988-f382-4d1b-b535-78527b23c6be" CHANGEID="600754255" HOUSENUM="6" HOUSETYPE="2" OPERTYPEID="10" PREVID="0" NEXTID="0" UPDATEDATE="2024-09-09" STARTDATE="2024-09-09" ENDDATE="2079-06-06" ISACTUAL="1" ISACTIVE="1" /><HOUSE ID="126745164" OBJECTID="43231239" OBJECTGUID="70ca9231-2641-4928-882c-16c804c15f5d" CHANGEID="600777124" HOUSENUM="26" HOUSETYPE="2" OPERTYPEID="30" PREVID="59370345" NEXTID="0" UPDATEDATE="2024-09-09" STARTDATE="2024-09-09" ENDDATE="2079-06-06" ISACTUAL="1" ISACTIVE="0" /><HOUSE ID="59370345" OBJECTID="43231239" OBJECTGUID="70ca9231-2641-4928-882c-16c804c15f5d" CHANGEID="65253505" HOUSENUM="26" HOUSETYPE="2" OPERTYPEID="20" PREVID="25820909" NEXTID="126745164" UPDATEDATE="2024-09-09" STARTDATE="2017-03-01" ENDDATE="2024-09-09" ISACTUAL="0" ISACTIVE="0" /><HOUSE ID="126745171" OBJECTID="59120685" OBJECTGUID="b5b0e18e-6eed-437b-8915-2403cb15ec15" CHANGEID="600777170" HOUSENUM="13" HOUSETYPE="2" OPERTYPEID="30" PREVID="64252150" NEXTID="0" UPDATEDATE="2024-09-09" STARTDATE="2024-09-09" ENDDATE="2079-06-06" ISACTUAL="1" ISACTIVE="0" /><HOUSE ID="126745172" OBJECTID="59052556" OBJECTGUID="bb0aeb58-447c-4a75-90fc-ff20eb2d9bef" CHANGEID="600777171" HOUSENUM="12" HOUSETYPE="2" OPERTYPEID="30" PREVID="35372406" NEXTID="0" UPDATEDATE="2024-09-09" STARTDATE="2024-09-09" ENDDATE="2079-06-06" ISACTUAL="1" ISACTIVE="0" /><HOUSE ID="126745548" OBJECTID="59116847" OBJECTGUID="9f6d800f-9db2-4e5f-8198-1ae064538f8f" CHANGEID="600779540" HOUSENUM="28" HOUSETYPE="2" OPERTYPEID="30" PREVID="62676407" NEXTID="0" UPDATEDATE="2024-09-09" STARTDATE="2024-09-09" ENDDATE="2079-06-06" ISACTUAL="1" ISACTIVE="0" /><HOUSE ID="126745549" OBJECTID="59115347" OBJECTGUID="d58566e8-cadd-46f7-ab1a-0a09d2356470" CHANGEID="600779541" HOUSENUM="19" HOUSETYPE="2" OPERTYPEID="30" PREVID="66505944" NEXTID="0" UPDATEDATE="2024-09-09" STARTDATE="2024-09-09" ENDDATE="2079-06-06" ISACTUAL="1" ISACTIVE="0" /><HOUSE ID="66505944" OBJECTID="59115347" OBJECTGUID="d58566e8-cadd-46f7-ab1a-0a09d2356470" CHANGEID="88321710" HOUSENUM="19" HOUSETYPE="2" OPERTYPEID="20" PREVID="35405246" NEXTID="126745549" UPDATEDATE="2024-09-09" STARTDATE="2017-03-01" ENDDATE="2024-09-09" ISACTUAL="0" ISACTIVE="0" /><HOUSE ID="126745556" OBJECTID="6201865" OBJECTGUID="c77a211a-1612-4108-a54c-ef554ccc6e00" CHANGEID="600779808" HOUSENUM="18" HOUSETYPE="2" OPERTYPEID="30" PREVID="65513173" NEXTID="0" UPDATEDATE="2024-09-09" STARTDATE="2024-09-09" ENDDATE="2079-06-06" ISACTUAL="1" ISACTIVE="0" /><HOUSE ID="126745557" OBJECTID="6192515" OBJECTGUID="f8270a86-5ab0-4ad8-88ca-565a12a8d320" CHANGEID="600779809" HOUSENUM="10" HOUSETYPE="2" OPERTYPEID="30" PREVID="68959060" NEXTID="0" UPDATEDATE="2024-09-09" STARTDATE="2024-09-09" ENDDATE="2079-06-06" ISACTUAL="1" ISACTIVE="0" /><HOUSE ID="68959060" OBJECTID="6192515" OBJECTGUID="f8270a86-5ab0-4ad8-88ca-565a12a8d320" CHANGEID="10951769" HOUSENUM="10" HOUSETYPE="2" OPERTYPEID="20" PREVID="2882003" NEXTID="126745557" UPDATEDATE="2024-09-09" STARTDATE="2017-03-01" ENDDATE="2024-09-09" ISACTUAL="0" ISACTIVE="0" /><HOUSE ID="126745761" OBJECTID="68655850" OBJECTGUID="2e5086c7-0cc8-4ea2-a94a-fa74af92b303" CHANGEID="600780792" HOUSENUM="1" HOUSETYPE="2" OPERTYPEID="30" PREVID="54662127" NEXTID="0" UPDATEDATE="2024-09-09" STARTDATE="2024-09-09" ENDDATE="2079-06-06" ISACTUAL="1" ISACTIVE="0" /><HOUSE ID="126745767" OBJECTID="54105886" OBJECTGUID="41ec3ad7-1584-46fa-a3d1-c135be95a22b" CHANGEID="600780825" HOUSENUM="4" HOUSETYPE="2" OPERTYPEID="30" PREVID="56049942" NEXTID="0" UPDATEDATE="2024-09-09" STARTDATE="2024-09-09" ENDDATE="2079-06-06" ISACTUAL="1" ISACTIVE="0" /><HOUSE ID="56049942" OBJECTID="54105886" OBJECTGUID="41ec3ad7-1584-46fa-a3d1-c135be95a22b" CHANGEID="80982729" HOUSENUM="4" HOUSETYPE="2" OPERTYPEID="20" PREVID="32324308" NEXTID="126745767" UPDATEDATE="2024-09-09" STARTDATE="2017-03-01" ENDDATE="2024-09-09" ISACTUAL="0" ISACTIVE="0" /><HOUSE ID="126746107" OBJECTID="40851141" OBJECTGUID="ff6dd96d-0243-4d94-ae01-dbb2138d77f7" CHANGEID="600782546" HOUSENUM="23" HOUSETYPE="2" OPERTYPEID="30" PREVID="69472057" NEXTID="0" UPDATEDATE="2024-09-09" STARTDATE="2024-09-09" ENDDATE="2079-06-06" ISACTUAL="1" ISACTIVE="0" /><HOUSE ID="126746108" OBJECTID="40846816" OBJECTGUID="6e19d95c-1b31-4d85-9353-c1e962143c4f" CHANGEID="600782547" HOUSENUM="43" HOUSETYPE="2" OPERTYPEID="30" PREVID="59181162" NEXTID="0" UPDATEDATE="2024-09-09" STARTDATE="2024-09-09" ENDDATE="2079-06-06" ISACTUAL="1" ISACTIVE="0" /><HOUSE ID="59181162" OBJECTID="40846816" OBJECTGUID="6e19d95c-1b31-4d85-9353-c1e962143c4f" CHANGEID="61800809" HOUSENUM="43" HOUSETYPE="2" OPERTYPEID="20" PREVID="24412427" NEXTID="126746108" UPDATEDATE="2024-09-09" STARTDATE="2017-03-01" ENDDATE="2024-09-09" ISACTUAL="0" ISACTIVE="0" /><HOUSE ID="126746109" OBJECTID="40846158" OBJECTGUID="1df42926-aa4a-4d65-ae21-affde241f9fa" CHANGEID="600782548" HOUSENUM="41" HOUSETYPE="2" OPERTYPEID="30" PREVID="53501930" NEXTID="0" UPDATEDATE="2024-09-09" STARTDATE="2024-09-09" ENDDATE="2079-06-06" ISACTUAL="1" ISACTIVE="0" /><HOUSE ID="53501930" OBJECTID="40846158" OBJECTGUID="1df42926-aa4a-4d65-ae21-affde241f9fa" CHANGEID="61800183" HOUSENUM="41" HOUSETYPE="2" OPERTYPEID="20" PREVID="24412150" NEXTID="126746109" UPDATEDATE="2024-09-09" STARTDATE="2017-03-01" ENDDATE="2024-09-09" ISACTUAL="0" ISACTIVE="0" /><HOUSE ID="126746110" OBJECTID="40821237" OBJECTGUID="d364d54c-953d-4972-9426-20e3b4f19bf4" CHANGEID="600782549" HOUSENUM="37" HOUSETYPE="2" OPERTYPEID="30" PREVID="66355918" NEXTID="0" UPDATEDATE="2024-09-09" STARTDATE="2024-09-09" ENDDATE="2079-06-06" ISACTUAL="1" ISACTIVE="0" /><HOUSE ID="66355918" OBJECTID="40821237" OBJECTGUID="d364d54c-953d-4972-9426-20e3b4f19bf4" CHANGEID="61763500" HOUSENUM="37" HOUSETYPE="2" OPERTYPEID="20" PREVID="24397363" NEXTID="126746110" UPDATEDATE="2024-09-09" STARTDATE="2017-03-01" ENDDATE="2024-09-09" ISACTUAL="0" ISACTIVE="0" /><HOUSE ID="126746164" OBJECTID="42301541" OBJECTGUID="5ce16d8f-7299-4d0c-b504-8e7e8c47e041" CHANGEID="600782863" HOUSENUM="9" HOUSETYPE="2" OPERTYPEID="30" PREVID="57960249" NEXTID="0" UPDATEDATE="2024-09-09" STARTDATE="2024-09-09" ENDDATE="2079-06-06" ISACTUAL="1" ISACTIVE="0" /><HOUSE ID="57960249" OBJECTID="42301541" OBJECTGUID="5ce16d8f-7299-4d0c-b504-8e7e8c47e041" CHANGEID="63915851" HOUSENUM="9" HOUSETYPE="2" OPERTYPEID="20" PREVID="25274335" NEXTID="126746164" UPDATEDATE="2024-09-09" STARTDATE="2017-03-01" ENDDATE="2024-09-09" ISACTUAL="0" ISACTIVE="0" /><HOUSE ID="126746198" OBJECTID="165145122" OBJECTGUID="a4c488b0-6969-4e19-a979-3ba066e169e8" CHANGEID="600783139" HOUSENUM="179а/1" HOUSETYPE="7" OPERTYPEID="10" PREVID="0" NEXTID="0" UPDATEDATE="2024-09-09" STARTDATE="2024-09-09" ENDDATE="2079-06-06" ISACTUAL="1" ISACTIVE="1" /><HOUSE ID="126747753" OBJECTID="165153709" OBJECTGUID="5b6fc18c-587f-4dfb-9cc8-fb2fc9464d45" CHANGEID="600800014" HOUSENUM="112/11" HOUSETYPE="2" OPERTYPEID="10" PREVID="0" NEXTID="0" UPDATEDATE="2024-09-10" STARTDATE="2024-09-10" ENDDATE="2079-06-06" ISACTUAL="1" ISACTIVE="1" /><HOUSE ID="126747846" OBJECTID="165155044" OBJECTGUID="de2a4c17-bf52-4b35-9e05-c435ab1edae0" CHANGEID="600801842" HOUSENUM="262" HOUSETYPE="2" OPERTYPEID="10" PREVID="0" NEXTID="0" UPDATEDATE="2024-09-10" STARTDATE="2024-09-10" ENDDATE="2079-06-06" ISACTUAL="1" ISACTIVE="1" /><HOUSE ID="126747858" OBJECTID="165155306" OBJECTGUID="c2e2113b-a2a6-40d9-8207-077340a386ec" CHANGEID="600802221" HOUSENUM="4А" HOUSETYPE="2" OPERTYPEID="10" PREVID="0" NEXTID="0" UPDATEDATE="2024-09-10" STARTDATE="2024-09-10" ENDDATE="2079-06-06" ISACTUAL="1" ISACTIVE="1" /><HOUSE ID="126749800" OBJECTID="40842676" OBJECTGUID="d1bdac85-c9b3-46c6-a6ce-683db2ab0ecc" CHANGEID="600815113" HOUSENUM="33" HOUSETYPE="2" OPERTYPEID="30" PREVID="66238112" NEXTID="0" UPDATEDATE="2024-09-10" STARTDATE="2024-09-10" ENDDATE="2079-06-06" ISACTUAL="1" ISACTIVE="0" /><HOUSE ID="126750901" OBJECTID="165167913" OBJECTGUID="43d8f39a-88f3-43a2-94c6-d7750e4d8b31" CHANGEID="600823662" HOUSENUM="104" HOUSETYPE="2" OPERTYPEID="10" PREVID="0" NEXTID="0" UPDATEDATE="2024-09-10" STARTDATE="2024-09-10" ENDDATE="2079-06-06" ISACTUAL="1" ISACTIVE="1" /><HOUSE ID="126751419" OBJECTID="165170385" OBJECTGUID="ded20e17-6a1d-482b-939f-a2c66326ba6e" CHANGEID="600826913" HOUSENUM="3" HOUSETYPE="2" OPERTYPEID="10" PREVID="0" NEXTID="0" UPDATEDATE="2024-09-10" STARTDATE="2024-09-10" ENDDATE="2079-06-06" ISACTUAL="1" ISACTIVE="1" /><HOUSE ID="126751431" OBJECTID="165170511" OBJECTGUID="bf69f26e-b231-452c-81bd-d66a2ac7e7eb" CHANGEID="600827056" HOUSENUM="2" HOUSETYPE="2" OPERTYPEID="10" PREVID="0" NEXTID="0" UPDATEDATE="2024-09-10" STARTDATE="2024-09-10" ENDDATE="2079-06-06" ISACTUAL="1" ISACTIVE="1" /><HOUSE ID="126751443" OBJECTID="165170568" OBJECTGUID="b082e91f-4126-4e37-8f2c-56ce2a0a0236" CHANGEID="600827130" HOUSENUM="9" HOUSETYPE="2" OPERTYPEID="10" PREVID="0" NEXTID="0" UPDATEDATE="2024-09-10" STARTDATE="2024-09-10" ENDDATE="2079-06-06" ISACTUAL="1" ISACTIVE="1" /><HOUSE ID="126751444" OBJECTID="1855545" OBJECTGUID="9e70519d-e4c0-444f-98b7-f9fc34fb8ede" CHANGEID="600827147" HOUSENUM="9Б" HOUSETYPE="2" OPERTYPEID="30" PREVID="62606221" NEXTID="0" UPDATEDATE="2024-09-10" STARTDATE="2024-09-10" ENDDATE="2079-06-06" ISACTUAL="1" ISACTIVE="0" /><HOUSE ID="62606221" OBJECTID="1855545" OBJECTGUID="9e70519d-e4c0-444f-98b7-f9fc34fb8ede" CHANGEID="4636375" HOUSENUM="9Б" HOUSETYPE="2" OPERTYPEID="20" PREVID="244605" NEXTID="126751444" UPDATEDATE="2024-09-10" STARTDATE="2017-03-06" ENDDATE="2024-09-10" ISACTUAL="0" ISACTIVE="0" /><HOUSE ID="126751460" OBJECTID="165170629" OBJECTGUID="595a7c0e-d9fd-4ec6-9f97-11982c1f008e" CHANGEID="600827226" HOUSENUM="13а" HOUSETYPE="2" OPERTYPEID="10" PREVID="0" NEXTID="0" UPDATEDATE="2024-09-10" STARTDATE="2024-09-10" ENDDATE="2079-06-06" ISACTUAL="1" ISACTIVE="1" /><HOUSE ID="126751471" OBJECTID="165170668" OBJECTGUID="b88fca7a-e75b-4b52-aeae-2a150123f033" CHANGEID="600827282" HOUSENUM="10" ADDNUM1="2" HOUSETYPE="2" ADDTYPE1="2" OPERTYPEID="10" PREVID="0" NEXTID="0" UPDATEDATE="2024-09-10" STARTDATE="2024-09-10" ENDDATE="2079-06-06" ISACTUAL="1" ISACTIVE="1" /><HOUSE ID="126751602" OBJECTID="27220539" OBJECTGUID="d8dad117-5e21-4c78-adbc-1b7fd1e2e911" CHANGEID="600828167" HOUSENUM="11" HOUSETYPE="2" OPERTYPEID="20" PREVID="66742819" UPDATEDATE="2024-09-10" STARTDATE="2024-09-10" ENDDATE="2079-06-06" ISACTUAL="1" ISACTIVE="1" /><HOUSE ID="126751609" OBJECTID="165171213" OBJECTGUID="7b020c4b-42df-46f6-9787-1f34eb7b2165" CHANGEID="600828186" HOUSENUM="81" HOUSETYPE="2" OPERTYPEID="10" PREVID="0" NEXTID="0" UPDATEDATE="2024-09-10" STARTDATE="2024-09-10" ENDDATE="2079-06-06" ISACTUAL="1" ISACTIVE="1" /><HOUSE ID="126752193" OBJECTID="165173236" OBJECTGUID="f7bf9989-06d0-4035-ace4-38b6cd35f1e6" CHANGEID="600831772" HOUSENUM="13б" HOUSETYPE="2" OPERTYPEID="10" PREVID="0" NEXTID="0" UPDATEDATE="2024-09-10" STARTDATE="2024-09-10" ENDDATE="2079-06-06" ISACTUAL="1" ISACTIVE="1" /><HOUSE ID="126756689" OBJECTID="18978436" OBJECTGUID="6087c072-bb16-400f-b204-0d117aad6ed3" CHANGEID="600889850" HOUSENUM="16" HOUSETYPE="2" OPERTYPEID="60" PREVID="58219825" UPDATEDATE="2024-09-11" STARTDATE="2024-09-11" ENDDATE="2079-06-06" ISACTUAL="1" ISACTIVE="0" /><HOUSE ID="126756690" OBJECTID="165195160" OBJECTGUID="130ca802-4ffe-46b2-b6e8-77af1257118d" CHANGEID="600889851" HOUSENUM="16" HOUSETYPE="2" OPERTYPEID="61" PREVID="126756689" NEXTID="0" UPDATEDATE="2024-09-11" STARTDATE="2024-09-11" ENDDATE="2079-06-06" ISACTUAL="1" ISACTIVE="1" /><HOUSE ID="126756691" OBJECTID="165195161" OBJECTGUID="4da51c69-7151-4f23-aba6-7ad93955b34b" CHANGEID="600889852" HOUSENUM="16а" HOUSETYPE="2" OPERTYPEID="61" PREVID="126756689" NEXTID="0" UPDATEDATE="2024-09-11" STARTDATE="2024-09-11" ENDDATE="2079-06-06" ISACTUAL="1" ISACTIVE="1" /><HOUSE ID="126756693" OBJECTID="165195168" OBJECTGUID="febcccbf-c6a4-45de-8d4c-8ffa4cbf40e7" CHANGEID="600889863" HOUSENUM="182/4" HOUSETYPE="2" OPERTYPEID="10" PREVID="0" NEXTID="0" UPDATEDATE="2024-09-11" STARTDATE="2024-09-11" ENDDATE="2079-06-06" ISACTUAL="1" ISACTIVE="1" /><HOUSE ID="126756695" OBJECTID="165195170" OBJECTGUID="1051ec64-0257-43b1-a9c6-fd5847cff3ec" CHANGEID="600889865" HOUSENUM="11" HOUSETYPE="2" OPERTYPEID="10" PREVID="0" NEXTID="0" UPDATEDATE="2024-09-11" STARTDATE="2024-09-11" ENDDATE="2079-06-06" ISACTUAL="1" ISACTIVE="1" /><HOUSE ID="126756696" OBJECTID="165195172" OBJECTGUID="3dd2ba19-1370-42c0-8635-7cff19c8fbd0" CHANGEID="600889867" HOUSENUM="11" ADDNUM1="1" HOUSETYPE="2" ADDTYPE1="2" OPERTYPEID="10" PREVID="0" NEXTID="0" UPDATEDATE="2024-09-11" STARTDATE="2024-09-11" ENDDATE="2079-06-06" ISACTUAL="1" ISACTIVE="1" /><HOUSE ID="126756697" OBJECTID="165195173" OBJECTGUID="a43d8c86-8f02-44d6-bc63-34cbaef5dcf8" CHANGEID="600889868" HOUSENUM="21" HOUSETYPE="2" OPERTYPEID="10" PREVID="0" NEXTID="0" UPDATEDATE="2024-09-11" STARTDATE="2024-09-11" ENDDATE="2079-06-06" ISACTUAL="1" ISACTIVE="1" /><HOUSE ID="69086281" OBJECTID="55163105" OBJECTGUID="f9f75f85-4343-4772-8878-04736804f1a5" CHANGEID="82508452" HOUSENUM="197" HOUSETYPE="2" OPERTYPEID="20" PREVID="32949923" NEXTID="126757644" UPDATEDATE="2024-09-11" STARTDATE="2015-10-19" ENDDATE="2024-09-11" ISACTUAL="0" ISACTIVE="0" /><HOUSE ID="126757644" OBJECTID="55163105" OBJECTGUID="f9f75f85-4343-4772-8878-04736804f1a5" CHANGEID="600896835" HOUSENUM="197/1" HOUSETYPE="2" OPERTYPEID="20" PREVID="69086281" UPDATEDATE="2024-09-11" STARTDATE="2024-09-11" ENDDATE="2079-06-06" ISACTUAL="1" ISACTIVE="1" /><HOUSE ID="126757660" OBJECTID="1855444" OBJECTGUID="27580a97-fb82-4f85-9cd3-f88d9318ac1b" CHANGEID="600896938" HOUSENUM="25" HOUSETYPE="2" OPERTYPEID="30" PREVID="54167947" NEXTID="0" UPDATEDATE="2024-09-11" STARTDATE="2024-09-11" ENDDATE="2079-06-06" ISACTUAL="1" ISACTIVE="0" /><HOUSE ID="126757661" OBJECTID="1855240" OBJECTGUID="5ce7d91b-8b9d-40d6-b485-e5e82e0b4d27" CHANGEID="600896939" HOUSENUM="20" HOUSETYPE="2" OPERTYPEID="30" PREVID="57962212" NEXTID="0" UPDATEDATE="2024-09-11" STARTDATE="2024-09-11" ENDDATE="2079-06-06" ISACTUAL="1" ISACTIVE="0" /><HOUSE ID="57962212" OBJECTID="1855240" OBJECTGUID="5ce7d91b-8b9d-40d6-b485-e5e82e0b4d27" CHANGEID="4635911" HOUSENUM="20" HOUSETYPE="2" OPERTYPEID="20" PREVID="244375" NEXTID="126757661" UPDATEDATE="2024-09-11" STARTDATE="2017-03-06" ENDDATE="2024-09-11" ISACTUAL="0" ISACTIVE="0" /><HOUSE ID="126757662" OBJECTID="1855064" OBJECTGUID="763bb441-0133-46bf-98fc-e4e466be630c" CHANGEID="600896940" HOUSENUM="27а" HOUSETYPE="2" OPERTYPEID="30" PREVID="59757258" NEXTID="0" UPDATEDATE="2024-09-11" STARTDATE="2024-09-11" ENDDATE="2079-06-06" ISACTUAL="1" ISACTIVE="0" /><HOUSE ID="59757258" OBJECTID="1855064" OBJECTGUID="763bb441-0133-46bf-98fc-e4e466be630c" CHANGEID="4635715" HOUSENUM="27а" HOUSETYPE="2" OPERTYPEID="20" PREVID="244253" NEXTID="126757662" UPDATEDATE="2024-09-11" STARTDATE="2017-03-06" ENDDATE="2024-09-11" ISACTUAL="0" ISACTIVE="0" /><HOUSE ID="126757663" OBJECTID="1854962" OBJECTGUID="ebca19a0-f634-45f4-b731-e13c6995227e" CHANGEID="600896941" HOUSENUM="42" HOUSETYPE="2" OPERTYPEID="30" PREVID="68082915" NEXTID="0" UPDATEDATE="2024-09-11" STARTDATE="2024-09-11" ENDDATE="2079-06-06" ISACTUAL="1" ISACTIVE="0" /><HOUSE ID="126757664" OBJECTID="1854709" OBJECTGUID="103dc88f-032a-41ef-a448-db630ebf07b8" CHANGEID="600896942" HOUSENUM="21" HOUSETYPE="2" OPERTYPEID="30" PREVID="52531982" NEXTID="0" UPDATEDATE="2024-09-11" STARTDATE="2024-09-11" ENDDATE="2079-06-06" ISACTUAL="1" ISACTIVE="0" /><HOUSE ID="126757665" OBJECTID="1854476" OBJECTGUID="33aa47ee-502e-4857-a2f7-d38892021e74" CHANGEID="600896943" HOUSENUM="1Б" HOUSETYPE="2" OPERTYPEID="30" PREVID="55039746" NEXTID="0" UPDATEDATE="2024-09-11" STARTDATE="2024-09-11" ENDDATE="2079-06-06" ISACTUAL="1" ISACTIVE="0" /><HOUSE ID="126757666" OBJECTID="1854339" OBJECTGUID="46cabcfd-3026-4648-b0c7-d27d99eb3cc2" CHANGEID="600896944" HOUSENUM="11" HOUSETYPE="2" OPERTYPEID="30" PREVID="56394682" NEXTID="0" UPDATEDATE="2024-09-11" STARTDATE="2024-09-11" ENDDATE="2079-06-06" ISACTUAL="1" ISACTIVE="0" /><HOUSE ID="56394682" OBJECTID="1854339" OBJECTGUID="46cabcfd-3026-4648-b0c7-d27d99eb3cc2" CHANGEID="4634583" HOUSENUM="11" HOUSETYPE="2" OPERTYPEID="20" PREVID="243794" NEXTID="126757666" UPDATEDATE="2024-09-11" STARTDATE="2017-03-06" ENDDATE="2024-09-11" ISACTUAL="0" ISACTIVE="0" /><HOUSE ID="126757667" OBJECTID="1854215" OBJECTGUID="7071ff5c-86fb-4832-9f06-d16b4cb246d4" CHANGEID="600896945" HOUSENUM="56" HOUSETYPE="2" OPERTYPEID="30" PREVID="59346720" NEXTID="0" UPDATEDATE="2024-09-11" STARTDATE="2024-09-11" ENDDATE="2079-06-06" ISACTUAL="1" ISACTIVE="0" /><HOUSE ID="59346720" OBJECTID="1854215" OBJECTGUID="7071ff5c-86fb-4832-9f06-d16b4cb246d4" CHANGEID="4634398" HOUSENUM="56" HOUSETYPE="2" OPERTYPEID="20" PREVID="243706" NEXTID="126757667" UPDATEDATE="2024-09-11" STARTDATE="2017-03-06" ENDDATE="2024-09-11" ISACTUAL="0" ISACTIVE="0" /><HOUSE ID="126757668" OBJECTID="1854071" OBJECTGUID="22049b3a-e5d5-4a99-8519-ce745a698bd1" CHANGEID="600896946" HOUSENUM="38" HOUSETYPE="2" OPERTYPEID="30" PREVID="53789391" NEXTID="0" UPDATEDATE="2024-09-11" STARTDATE="2024-09-11" ENDDATE="2079-06-06" ISACTUAL="1" ISACTIVE="0" /><HOUSE ID="53789391" OBJECTID="1854071" OBJECTGUID="22049b3a-e5d5-4a99-8519-ce745a698bd1" CHANGEID="4634165" HOUSENUM="38" HOUSETYPE="2" OPERTYPEID="20" PREVID="243583" NEXTID="126757668" UPDATEDATE="2024-09-11" STARTDATE="2017-03-06" ENDDATE="2024-09-11" ISACTUAL="0" ISACTIVE="0" /><HOUSE ID="126757669" OBJECTID="1853884" OBJECTGUID="eccd46cc-81e0-49d7-bde2-c670fc0f12d8" CHANGEID="600896947" HOUSENUM="29" HOUSETYPE="2" OPERTYPEID="30" PREVID="68153301" NEXTID="0" UPDATEDATE="2024-09-11" STARTDATE="2024-09-11" ENDDATE="2079-06-06" ISACTUAL="1" ISACTIVE="0" /><HOUSE ID="68153301" OBJECTID="1853884" OBJECTGUID="eccd46cc-81e0-49d7-bde2-c670fc0f12d8" CHANGEID="4633988" HOUSENUM="29" HOUSETYPE="2" OPERTYPEID="20" PREVID="243438" NEXTID="126757669" UPDATEDATE="2024-09-11" STARTDATE="2017-03-06" ENDDATE="2024-09-11" ISACTUAL="0" ISACTIVE="0" /><HOUSE ID="126757670" OBJECTID="1853795" OBJECTGUID="e7380088-a964-4d19-be88-c31ebde31103" CHANGEID="600896948" HOUSENUM="52" HOUSETYPE="2" OPERTYPEID="30" PREVID="67758841" NEXTID="0" UPDATEDATE="2024-09-11" STARTDATE="2024-09-11" ENDDATE="2079-06-06" ISACTUAL="1" ISACTIVE="0" /><HOUSE ID="126757671" OBJECTID="1853586" OBJECTGUID="f196b88a-829c-4de6-ab30-c0f31bfe71b2" CHANGEID="600896949" HOUSENUM="4" HOUSETYPE="2" OPERTYPEID="30" PREVID="68493317" NEXTID="0" UPDATEDATE="2024-09-11" STARTDATE="2024-09-11" ENDDATE="2079-06-06" ISACTUAL="1" ISACTIVE="0" /><HOUSE ID="126757672" OBJECTID="1853510" OBJECTGUID="8bde6390-6926-40cc-8134-bedf98360149" CHANGEID="600896950" HOUSENUM="18" HOUSETYPE="2" OPERTYPEID="30" PREVID="61290356" NEXTID="0" UPDATEDATE="2024-09-11" STARTDATE="2024-09-11" ENDDATE="2079-06-06" ISACTUAL="1" ISACTIVE="0" /><HOUSE ID="126757673" OBJECTID="1853276" OBJECTGUID="ffbd1aee-be20-46f8-8bec-bb860bdd7784" CHANGEID="600896951" HOUSENUM="1Д" HOUSETYPE="2" OPERTYPEID="30" PREVID="69494952" NEXTID="0" UPDATEDATE="2024-09-11" STARTDATE="2024-09-11" ENDDATE="2079-06-06" ISACTUAL="1" ISACTIVE="0" /><HOUSE ID="126757674" OBJECTID="1853132" OBJECTGUID="1603e2a9-2f8b-4d05-88d2-b0ca4e4783e3" CHANGEID="600896952" HOUSENUM="54" HOUSETYPE="2" OPERTYPEID="30" PREVID="52940312" NEXTID="0" UPDATEDATE="2024-09-11" STARTDATE="2024-09-11" ENDDATE="2079-06-06" ISACTUAL="1" ISACTIVE="0" /><HOUSE ID="126757675" OBJECTID="1852851" OBJECTGUID="b9ae708e-c916-4749-96dc-a5f9aa764726" CHANGEID="600896953" HOUSENUM="78" HOUSETYPE="2" OPERTYPEID="30" PREVID="64536592" NEXTID="0" UPDATEDATE="2024-09-11" STARTDATE="2024-09-11" ENDDATE="2079-06-06" ISACTUAL="1" ISACTIVE="0" /><HOUSE ID="126757676" OBJECTID="1852580" OBJECTGUID="6290af0d-1cfe-42bd-bb14-a2da2db8af92" CHANGEID="600896954" HOUSENUM="26" HOUSETYPE="2" OPERTYPEID="30" PREVID="58362949" NEXTID="0" UPDATEDATE="2024-09-11" STARTDATE="2024-09-11" ENDDATE="2079-06-06" ISACTUAL="1" ISACTIVE="0" /><HOUSE ID="58362949" OBJECTID="1852580" OBJECTGUID="6290af0d-1cfe-42bd-bb14-a2da2db8af92" CHANGEID="4631955" HOUSENUM="26" HOUSETYPE="2" OPERTYPEID="20" PREVID="242577" NEXTID="126757676" UPDATEDATE="2024-09-11" STARTDATE="2017-03-06" ENDDATE="2024-09-11" ISACTUAL="0" ISACTIVE="0" /><HOUSE ID="126757677" OBJECTID="1852462" OBJECTGUID="81fef682-1426-448c-87c0-9fd09944dcb0" CHANGEID="600896955" HOUSENUM="58" HOUSETYPE="2" OPERTYPEID="30" PREVID="60590390" NEXTID="0" UPDATEDATE="2024-09-11" STARTDATE="2024-09-11" ENDDATE="2079-06-06" ISACTUAL="1" ISACTIVE="0" /><HOUSE ID="126757678" OBJECTID="1852347" OBJECTGUID="f4f6fe36-4059-49a6-9723-93312499cb3c" CHANGEID="600896956" HOUSENUM="19" HOUSETYPE="2" OPERTYPEID="30" PREVID="68731787" NEXTID="0" UPDATEDATE="2024-09-11" STARTDATE="2024-09-11" ENDDATE="2079-06-06" ISACTUAL="1" ISACTIVE="0" /><HOUSE ID="68731787" OBJECTID="1852347" OBJECTGUID="f4f6fe36-4059-49a6-9723-93312499cb3c" CHANGEID="4631537" HOUSENUM="19" HOUSETYPE="2" OPERTYPEID="20" PREVID="242395" NEXTID="126757678" UPDATEDATE="2024-09-11" STARTDATE="2017-03-06" ENDDATE="2024-09-11" ISACTUAL="0" ISACTIVE="0" /><HOUSE ID="126757679" OBJECTID="1852194" OBJECTGUID="6b459665-611f-443f-94ef-8d7b0c52b7d8" CHANGEID="600896957" HOUSENUM="2" HOUSETYPE="2" OPERTYPEID="30" PREVID="58980008" NEXTID="0" UPDATEDATE="2024-09-11" STARTDATE="2024-09-11" ENDDATE="2079-06-06" ISACTUAL="1" ISACTIVE="0" /><HOUSE ID="126757680" OBJECTID="1851905" OBJECTGUID="18ff92fb-65c0-4f27-a751-88929bf487df" CHANGEID="600896958" HOUSENUM="23а" HOUSETYPE="2" OPERTYPEID="30" PREVID="53151619" NEXTID="0" UPDATEDATE="2024-09-11" STARTDATE="2024-09-11" ENDDATE="2079-06-06" ISACTUAL="1" ISACTIVE="0" /><HOUSE ID="53151619" OBJECTID="1851905" OBJECTGUID="18ff92fb-65c0-4f27-a751-88929bf487df" CHANGEID="4630997" HOUSENUM="23а" HOUSETYPE="2" OPERTYPEID="20" PREVID="242158" NEXTID="126757680" UPDATEDATE="2024-09-11" STARTDATE="2017-03-06" ENDDATE="2024-09-11" ISACTUAL="0" ISACTIVE="0" /><HOUSE ID="126757681" OBJECTID="1851793" OBJECTGUID="61bb0990-d656-4699-904b-86ddc0f45d8e" CHANGEID="600896959" HOUSENUM="6А" HOUSETYPE="2" OPERTYPEID="30" PREVID="58304052" NEXTID="0" UPDATEDATE="2024-09-11" STARTDATE="2024-09-11" ENDDATE="2079-06-06" ISACTUAL="1" ISACTIVE="0" /><HOUSE ID="126757682" OBJECTID="1851622" OBJECTGUID="fe806726-8d56-4a6d-9569-862663a3ef9f" CHANGEID="600896960" HOUSENUM="1а" HOUSETYPE="2" OPERTYPEID="30" PREVID="69407510" NEXTID="0" UPDATEDATE="2024-09-11" STARTDATE="2024-09-11" ENDDATE="2079-06-06" ISACTUAL="1" ISACTIVE="0" /><HOUSE ID="69407510" OBJECTID="1851622" OBJECTGUID="fe806726-8d56-4a6d-9569-862663a3ef9f" CHANGEID="4630424" HOUSENUM="1а" HOUSETYPE="2" OPERTYPEID="20" PREVID="241888" NEXTID="126757682" UPDATEDATE="2024-09-11" STARTDATE="2017-03-06" ENDDATE="2024-09-11" ISACTUAL="0" ISACTIVE="0" /><HOUSE ID="126757683" OBJECTID="1851397" OBJECTGUID="f8fec04c-a212-4a13-a705-83e962d07ed8" CHANGEID="600896961" HOUSENUM="6а/2" HOUSETYPE="2" OPERTYPEID="30" PREVID="69018133" NEXTID="0" UPDATEDATE="2024-09-11" STARTDATE="2024-09-11" ENDDATE="2079-06-06" ISACTUAL="1" ISACTIVE="0" /><HOUSE ID="126757684" OBJECTID="1851187" OBJECTGUID="6c1a6284-c864-456d-a063-80b1859848bc" CHANGEID="600896962" HOUSENUM="36" HOUSETYPE="2" OPERTYPEID="30" PREVID="59038593" NEXTID="0" UPDATEDATE="2024-09-11" STARTDATE="2024-09-11" ENDDATE="2079-06-06" ISACTUAL="1" ISACTIVE="0" /><HOUSE ID="126757685" OBJECTID="1851064" OBJECTGUID="3c73dcfc-f25b-4e8d-8287-808d4f98e3a6" CHANGEID="600896963" HOUSENUM="13а" HOUSETYPE="2" OPERTYPEID="30" PREVID="55662613" NEXTID="0" UPDATEDATE="2024-09-11" STARTDATE="2024-09-11" ENDDATE="2079-06-06" ISACTUAL="1" ISACTIVE="0" /><HOUSE ID="55662613" OBJECTID="1851064" OBJECTGUID="3c73dcfc-f25b-4e8d-8287-808d4f98e3a6" CHANGEID="4629608" HOUSENUM="13а" HOUSETYPE="2" OPERTYPEID="20" PREVID="241595" NEXTID="126757685" UPDATEDATE="2024-09-11" STARTDATE="2017-03-06" ENDDATE="2024-09-11" ISACTUAL="0" ISACTIVE="0" /><HOUSE ID="126757686" OBJECTID="1851019" OBJECTGUID="44f569ad-ad42-4717-a2be-7efd2465a627" CHANGEID="600896964" HOUSENUM="1" HOUSETYPE="2" OPERTYPEID="30" PREVID="56265180" NEXTID="0" UPDATEDATE="2024-09-11" STARTDATE="2024-09-11" ENDDATE="2079-06-06" ISACTUAL="1" ISACTIVE="0" /><HOUSE ID="126757687" OBJECTID="1850950" OBJECTGUID="05b695b0-1d35-4dbd-87a0-74ef505e76c5" CHANGEID="600896965" HOUSENUM="22" HOUSETYPE="2" OPERTYPEID="30" PREVID="51786269" NEXTID="0" UPDATEDATE="2024-09-11" STARTDATE="2024-09-11" ENDDATE="2079-06-06" ISACTUAL="1" ISACTIVE="0" /><HOUSE ID="51786269" OBJECTID="1850950" OBJECTGUID="05b695b0-1d35-4dbd-87a0-74ef505e76c5" CHANGEID="4629334" HOUSENUM="22" HOUSETYPE="2" OPERTYPEID="20" PREVID="241422" NEXTID="126757687" UPDATEDATE="2024-09-11" STARTDATE="2017-03-06" ENDDATE="2024-09-11" ISACTUAL="0" ISACTIVE="0" /><HOUSE ID="126757688" OBJECTID="1850776" OBJECTGUID="ec841da4-8dc7-4179-a5e8-72197036e318" CHANGEID="600896966" HOUSENUM="48" HOUSETYPE="2" OPERTYPEID="30" PREVID="68133597" NEXTID="0" UPDATEDATE="2024-09-11" STARTDATE="2024-09-11" ENDDATE="2079-06-06" ISACTUAL="1" ISACTIVE="0" /><HOUSE ID="68133597" OBJECTID="1850776" OBJECTGUID="ec841da4-8dc7-4179-a5e8-72197036e318" CHANGEID="4629081" HOUSENUM="48" HOUSETYPE="2" OPERTYPEID="20" PREVID="241301" NEXTID="126757688" UPDATEDATE="2024-09-11" STARTDATE="2017-03-06" ENDDATE="2024-09-11" ISACTUAL="0" ISACTIVE="0" /><HOUSE ID="126757658" OBJECTID="10368432" OBJECTGUID="323fcc61-0488-4710-b35b-6ee8a3bc76d6" CHANGEID="600896924" HOUSENUM="9б" HOUSETYPE="2" OPERTYPEID="20" PREVID="54940163" UPDATEDATE="2024-09-11" STARTDATE="2024-09-11" ENDDATE="2079-06-06" ISACTUAL="1" ISACTIVE="1" /><HOUSE ID="57501716" OBJECTID="27803396" OBJECTGUID="56682bc9-29df-4644-accd-c6ca62393cc5" CHANGEID="42827325" HOUSENUM="8" HOUSETYPE="2" OPERTYPEID="20" PREVID="16519011" NEXTID="126757720" UPDATEDATE="2024-09-11" STARTDATE="2017-03-01" ENDDATE="2024-09-11" ISACTUAL="0" ISACTIVE="0" /><HOUSE ID="126757720" OBJECTID="27803396" OBJECTGUID="56682bc9-29df-4644-accd-c6ca62393cc5" CHANGEID="600897131" HOUSENUM="8/2" HOUSETYPE="2" OPERTYPEID="20" PREVID="57501716" UPDATEDATE="2024-09-11" STARTDATE="2024-09-11" ENDDATE="2079-06-06" ISACTUAL="1" ISACTIVE="1" /><HOUSE ID="126757689" OBJECTID="1850615" OBJECTGUID="def3aad2-8b2a-4484-8b88-71cf25f88d8e" CHANGEID="600896967" HOUSENUM="76" HOUSETYPE="2" OPERTYPEID="30" PREVID="67173511" NEXTID="0" UPDATEDATE="2024-09-11" STARTDATE="2024-09-11" ENDDATE="2079-06-06" ISACTUAL="1" ISACTIVE="0" /><HOUSE ID="126757690" OBJECTID="1850359" OBJECTGUID="8a40718a-5d2a-44bf-8f08-6feccf7dcf27" CHANGEID="600896968" HOUSENUM="10" HOUSETYPE="2" OPERTYPEID="30" PREVID="61175328" NEXTID="0" UPDATEDATE="2024-09-11" STARTDATE="2024-09-11" ENDDATE="2079-06-06" ISACTUAL="1" ISACTIVE="0" /><HOUSE ID="126757691" OBJECTID="1850225" OBJECTGUID="deaa796e-5185-49aa-9af5-6e2140cd7dc7" CHANGEID="600896969" HOUSENUM="5" HOUSETYPE="2" OPERTYPEID="30" PREVID="67154156" NEXTID="0" UPDATEDATE="2024-09-11" STARTDATE="2024-09-11" ENDDATE="2079-06-06" ISACTUAL="1" ISACTIVE="0" /><HOUSE ID="126757692" OBJECTID="1849967" OBJECTGUID="55a3b524-d898-4d85-8233-623e46cc8e84" CHANGEID="600896970" HOUSENUM="13" HOUSETYPE="2" OPERTYPEID="30" PREVID="57447689" NEXTID="0" UPDATEDATE="2024-09-11" STARTDATE="2024-09-11" ENDDATE="2079-06-06" ISACTUAL="1" ISACTIVE="0" /><HOUSE ID="126757693" OBJECTID="1849792" OBJECTGUID="e89b6799-1fdd-4439-a447-61590549ec90" CHANGEID="600896971" HOUSENUM="46" HOUSETYPE="2" OPERTYPEID="30" PREVID="67857789" NEXTID="0" UPDATEDATE="2024-09-11" STARTDATE="2024-09-11" ENDDATE="2079-06-06" ISACTUAL="1" ISACTIVE="0" /><HOUSE ID="126757694" OBJECTID="1849635" OBJECTGUID="34d3456e-4fe3-44de-b5d8-5e21c15f3b00" CHANGEID="600896972" HOUSENUM="3" HOUSETYPE="2" OPERTYPEID="30" PREVID="55123421" NEXTID="0" UPDATEDATE="2024-09-11" STARTDATE="2024-09-11" ENDDATE="2079-06-06" ISACTUAL="1" ISACTIVE="0" /><HOUSE ID="126757695" OBJECTID="1849294" OBJECTGUID="90f27bd8-bbaf-48b5-a343-4e38a1e7e174" CHANGEID="600896973" HOUSENUM="8А" HOUSETYPE="2" OPERTYPEID="30" PREVID="61649063" NEXTID="0" UPDATEDATE="2024-09-11" STARTDATE="2024-09-11" ENDDATE="2079-06-06" ISACTUAL="1" ISACTIVE="0" /><HOUSE ID="126757696" OBJECTID="1849259" OBJECTGUID="7b1d8f98-2f4e-4454-ae5d-4119cdb53699" CHANGEID="600896974" HOUSENUM="21/1" HOUSETYPE="2" OPERTYPEID="30" PREVID="60102752" NEXTID="0" UPDATEDATE="2024-09-11" STARTDATE="2024-09-11" ENDDATE="2079-06-06" ISACTUAL="1" ISACTIVE="0" /><HOUSE ID="60102752" OBJECTID="1849259" OBJECTGUID="7b1d8f98-2f4e-4454-ae5d-4119cdb53699" CHANGEID="4626790" HOUSENUM="21/1" HOUSETYPE="2" OPERTYPEID="20" PREVID="240305" NEXTID="126757696" UPDATEDATE="2024-09-11" STARTDATE="2017-03-06" ENDDATE="2024-09-11" ISACTUAL="0" ISACTIVE="0" /><HOUSE ID="126757697" OBJECTID="1849175" OBJECTGUID="ab7ca63b-8f9a-4953-bc5f-40b1d9e93293" CHANGEID="600896975" HOUSENUM="50" HOUSETYPE="2" OPERTYPEID="30" PREVID="63529768" NEXTID="0" UPDATEDATE="2024-09-11" STARTDATE="2024-09-11" ENDDATE="2079-06-06" ISACTUAL="1" ISACTIVE="0" /><HOUSE ID="63529768" OBJECTID="1849175" OBJECTGUID="ab7ca63b-8f9a-4953-bc5f-40b1d9e93293" CHANGEID="4626675" HOUSENUM="50" HOUSETYPE="2" OPERTYPEID="20" PREVID="240237" NEXTID="126757697" UPDATEDATE="2024-09-11" STARTDATE="2017-03-06" ENDDATE="2024-09-11" ISACTUAL="0" ISACTIVE="0" /><HOUSE ID="126757698" OBJECTID="1849005" OBJECTGUID="397f7818-e352-455b-9d6f-3d84831b75e3" CHANGEID="600896976" HOUSENUM="31/1" HOUSETYPE="2" OPERTYPEID="30" PREVID="55454110" NEXTID="0" UPDATEDATE="2024-09-11" STARTDATE="2024-09-11" ENDDATE="2079-06-06" ISACTUAL="1" ISACTIVE="0" /><HOUSE ID="126757699" OBJECTID="1848948" OBJECTGUID="68d9817d-a831-4670-b1e8-3cc037f86a28" CHANGEID="600896977" HOUSENUM="59" HOUSETYPE="2" OPERTYPEID="30" PREVID="58808405" NEXTID="0" UPDATEDATE="2024-09-11" STARTDATE="2024-09-11" ENDDATE="2079-06-06" ISACTUAL="1" ISACTIVE="0" /><HOUSE ID="126757700" OBJECTID="1848854" OBJECTGUID="92af985d-dbff-44a5-87b4-369f2ca1856c" CHANGEID="600896978" HOUSENUM="7б" HOUSETYPE="2" OPERTYPEID="30" PREVID="61772514" NEXTID="0" UPDATEDATE="2024-09-11" STARTDATE="2024-09-11" ENDDATE="2079-06-06" ISACTUAL="1" ISACTIVE="0" /><HOUSE ID="126757701" OBJECTID="1848667" OBJECTGUID="f61ed314-d47a-4f30-9437-33029c085ed0" CHANGEID="600896979" HOUSENUM="24" HOUSETYPE="2" OPERTYPEID="30" PREVID="68813798" NEXTID="0" UPDATEDATE="2024-09-11" STARTDATE="2024-09-11" ENDDATE="2079-06-06" ISACTUAL="1" ISACTIVE="0" /><HOUSE ID="126757702" OBJECTID="1848584" OBJECTGUID="b4253907-0a80-4225-9c38-32a6fffe69b6" CHANGEID="600896980" HOUSENUM="25А" HOUSETYPE="2" OPERTYPEID="30" PREVID="64143392" NEXTID="0" UPDATEDATE="2024-09-11" STARTDATE="2024-09-11" ENDDATE="2079-06-06" ISACTUAL="1" ISACTIVE="0" /><HOUSE ID="64143392" OBJECTID="1848584" OBJECTGUID="b4253907-0a80-4225-9c38-32a6fffe69b6" CHANGEID="4625731" HOUSENUM="25А" HOUSETYPE="2" OPERTYPEID="20" PREVID="239764" NEXTID="126757702" UPDATEDATE="2024-09-11" STARTDATE="2017-03-06" ENDDATE="2024-09-11" ISACTUAL="0" ISACTIVE="0" /><HOUSE ID="126757703" OBJECTID="1848452" OBJECTGUID="0aca46e3-e029-49c7-bb58-2a6883f3d7ce" CHANGEID="600896981" HOUSENUM="12" HOUSETYPE="2" OPERTYPEID="30" PREVID="52147081" NEXTID="0" UPDATEDATE="2024-09-11" STARTDATE="2024-09-11" ENDDATE="2079-06-06" ISACTUAL="1" ISACTIVE="0" /><HOUSE ID="126757704" OBJECTID="1848148" OBJECTGUID="ee55c927-52e9-4298-b549-2800c27da9de" CHANGEID="600896982" HOUSENUM="6" HOUSETYPE="2" OPERTYPEID="30" PREVID="68263276" NEXTID="0" UPDATEDATE="2024-09-11" STARTDATE="2024-09-11" ENDDATE="2079-06-06" ISACTUAL="1" ISACTIVE="0" /><HOUSE ID="126757705" OBJECTID="1847881" OBJECTGUID="32579b34-140e-441b-91ae-209bd726d029" CHANGEID="600896983" HOUSENUM="7" HOUSETYPE="2" OPERTYPEID="30" PREVID="54946737" NEXTID="0" UPDATEDATE="2024-09-11" STARTDATE="2024-09-11" ENDDATE="2079-06-06" ISACTUAL="1" ISACTIVE="0" /><HOUSE ID="54946737" OBJECTID="1847881" OBJECTGUID="32579b34-140e-441b-91ae-209bd726d029" CHANGEID="4624773" HOUSENUM="7" HOUSETYPE="2" OPERTYPEID="20" PREVID="239329" NEXTID="126757705" UPDATEDATE="2024-09-11" STARTDATE="2017-03-06" ENDDATE="2024-09-11" ISACTUAL="0" ISACTIVE="0" /><HOUSE ID="126757706" OBJECTID="1847775" OBJECTGUID="b08cf5be-a272-49e9-bf33-163e93d47188" CHANGEID="600896984" HOUSENUM="5А" HOUSETYPE="2" OPERTYPEID="30" PREVID="63888426" NEXTID="0" UPDATEDATE="2024-09-11" STARTDATE="2024-09-11" ENDDATE="2079-06-06" ISACTUAL="1" ISACTIVE="0" /><HOUSE ID="63888426" OBJECTID="1847775" OBJECTGUID="b08cf5be-a272-49e9-bf33-163e93d47188" CHANGEID="4624571" HOUSENUM="5А" HOUSETYPE="2" OPERTYPEID="20" PREVID="239206" NEXTID="126757706" UPDATEDATE="2024-09-11" STARTDATE="2017-03-06" ENDDATE="2024-09-11" ISACTUAL="0" ISACTIVE="0" /><HOUSE ID="126757707" OBJECTID="1847618" OBJECTGUID="c7aabbfa-c746-45c4-bf2f-05010ea5105f" CHANGEID="600896985" HOUSENUM="8" HOUSETYPE="2" OPERTYPEID="30" PREVID="65527251" NEXTID="0" UPDATEDATE="2024-09-11" STARTDATE="2024-09-11" ENDDATE="2079-06-06" ISACTUAL="1" ISACTIVE="0" /><HOUSE ID="65527251" OBJECTID="1847618" OBJECTGUID="c7aabbfa-c746-45c4-bf2f-05010ea5105f" CHANGEID="4624268" HOUSENUM="8" HOUSETYPE="2" OPERTYPEID="20" PREVID="239089" NEXTID="126757707" UPDATEDATE="2024-09-11" STARTDATE="2017-03-06" ENDDATE="2024-09-11" ISACTUAL="0" ISACTIVE="0" /><HOUSE ID="126757708" OBJECTID="1855763" OBJECTGUID="f48ad1f7-b7c0-41ec-b90c-fc47b72ea10c" CHANGEID="600896986" HOUSENUM="1Г" HOUSETYPE="2" OPERTYPEID="30" PREVID="68702805" NEXTID="0" UPDATEDATE="2024-09-11" STARTDATE="2024-09-11" ENDDATE="2079-06-06" ISACTUAL="1" ISACTIVE="0" /><HOUSE ID="68702805" OBJECTID="1855763" OBJECTGUID="f48ad1f7-b7c0-41ec-b90c-fc47b72ea10c" CHANGEID="4636639" HOUSENUM="1Г" HOUSETYPE="2" OPERTYPEID="20" PREVID="244707" NEXTID="126757708" UPDATEDATE="2024-09-11" STARTDATE="2017-03-06" ENDDATE="2024-09-11" ISACTUAL="0" ISACTIVE="0" /><HOUSE ID="126757709" OBJECTID="1847565" OBJECTGUID="e56eb15c-00a5-435f-9e3f-031b78526a08" CHANGEID="600896987" HOUSENUM="31" HOUSETYPE="2" OPERTYPEID="30" PREVID="67632957" NEXTID="0" UPDATEDATE="2024-09-11" STARTDATE="2024-09-11" ENDDATE="2079-06-06" ISACTUAL="1" ISACTIVE="0" /><HOUSE ID="126757710" OBJECTID="1847380" OBJECTGUID="0e97fd29-b6da-428e-97fc-019100fdc7f9" CHANGEID="600896988" HOUSENUM="9" HOUSETYPE="2" OPERTYPEID="30" PREVID="52415920" NEXTID="0" UPDATEDATE="2024-09-11" STARTDATE="2024-09-11" ENDDATE="2079-06-06" ISACTUAL="1" ISACTIVE="0" /><HOUSE ID="126758624" OBJECTID="165206043" OBJECTGUID="e209a942-f5e6-4e4d-b93c-dd48d93f056a" CHANGEID="600905257" HOUSENUM="47а" HOUSETYPE="2" OPERTYPEID="10" PREVID="0" NEXTID="0" UPDATEDATE="2024-09-11" STARTDATE="2024-09-11" ENDDATE="2079-06-06" ISACTUAL="1" ISACTIVE="1" /><HOUSE ID="126759090" OBJECTID="165207868" OBJECTGUID="394ee2c4-e98d-4a6b-8b7e-6e8267188905" CHANGEID="600908153" HOUSENUM="18" HOUSETYPE="2" OPERTYPEID="10" PREVID="0" NEXTID="0" UPDATEDATE="2024-09-11" STARTDATE="2024-09-11" ENDDATE="2079-06-06" ISACTUAL="1" ISACTIVE="1" /><HOUSE ID="126759013" OBJECTID="165207827" OBJECTGUID="0dee0348-9f8d-4169-9bbe-efd4583b565b" CHANGEID="600908018" HOUSENUM="1а/3" HOUSETYPE="2" OPERTYPEID="10" PREVID="0" NEXTID="0" UPDATEDATE="2024-09-11" STARTDATE="2024-09-11" ENDDATE="2079-06-06" ISACTUAL="1" ISACTIVE="1" /><HOUSE ID="126759082" OBJECTID="165207837" OBJECTGUID="0b35363f-2094-49de-8a8d-9bee964ca259" CHANGEID="600908115" HOUSENUM="7" HOUSETYPE="2" OPERTYPEID="10" PREVID="0" NEXTID="0" UPDATEDATE="2024-09-11" STARTDATE="2024-09-11" ENDDATE="2079-06-06" ISACTUAL="1" ISACTIVE="1" /><HOUSE ID="126759083" OBJECTID="165207843" OBJECTGUID="d987e381-cbd3-41d7-9194-dc3404437246" CHANGEID="600908123" HOUSENUM="6" HOUSETYPE="2" OPERTYPEID="10" PREVID="0" NEXTID="0" UPDATEDATE="2024-09-11" STARTDATE="2024-09-11" ENDDATE="2079-06-06" ISACTUAL="1" ISACTIVE="1" /><HOUSE ID="126760332" OBJECTID="69710861" OBJECTGUID="0d653b4e-29df-434f-b54f-1a6b55822985" CHANGEID="600918280" HOUSENUM="5" HOUSETYPE="2" OPERTYPEID="30" PREVID="52330221" NEXTID="0" UPDATEDATE="2024-09-11" STARTDATE="2024-09-11" ENDDATE="2079-06-06" ISACTUAL="1" ISACTIVE="0" /><HOUSE ID="52330221" OBJECTID="69710861" OBJECTGUID="0d653b4e-29df-434f-b54f-1a6b55822985" CHANGEID="103893711" HOUSENUM="5" HOUSETYPE="2" OPERTYPEID="20" PREVID="42046332" NEXTID="126760332" UPDATEDATE="2024-09-11" STARTDATE="2017-03-01" ENDDATE="2024-09-11" ISACTUAL="0" ISACTIVE="0" /><HOUSE ID="126760335" OBJECTID="69711234" OBJECTGUID="79e408c9-54bd-4126-ac1e-44c95b1c8362" CHANGEID="600918300" HOUSENUM="9" HOUSETYPE="2" OPERTYPEID="30" PREVID="60016747" NEXTID="0" UPDATEDATE="2024-09-11" STARTDATE="2024-09-11" ENDDATE="2079-06-06" ISACTUAL="1" ISACTIVE="0" /><HOUSE ID="60016747" OBJECTID="69711234" OBJECTGUID="79e408c9-54bd-4126-ac1e-44c95b1c8362" CHANGEID="103894297" HOUSENUM="9" HOUSETYPE="2" OPERTYPEID="20" PREVID="42046558" NEXTID="126760335" UPDATEDATE="2024-09-11" STARTDATE="2017-03-01" ENDDATE="2024-09-11" ISACTUAL="0" ISACTIVE="0" /><HOUSE ID="126760357" OBJECTID="11382565" OBJECTGUID="b0546d43-dc9a-46d8-a654-bdcb2632e37d" CHANGEID="600918403" HOUSENUM="6" HOUSETYPE="2" OPERTYPEID="30" PREVID="63872989" NEXTID="0" UPDATEDATE="2024-09-11" STARTDATE="2024-09-11" ENDDATE="2079-06-06" ISACTUAL="1" ISACTIVE="0" /><HOUSE ID="63872989" OBJECTID="11382565" OBJECTGUID="b0546d43-dc9a-46d8-a654-bdcb2632e37d" CHANGEID="18534593" HOUSENUM="6" HOUSETYPE="2" OPERTYPEID="20" PREVID="6083774" NEXTID="126760357" UPDATEDATE="2024-09-11" STARTDATE="2017-03-01" ENDDATE="2024-09-11" ISACTUAL="0" ISACTIVE="0" /><HOUSE ID="126760348" OBJECTID="11383437" OBJECTGUID="6f13821e-38a3-451f-8b33-daaf120057e4" CHANGEID="600918375" HOUSENUM="2" HOUSETYPE="2" OPERTYPEID="30" PREVID="59249636" NEXTID="0" UPDATEDATE="2024-09-11" STARTDATE="2024-09-11" ENDDATE="2079-06-06" ISACTUAL="1" ISACTIVE="0" /><HOUSE ID="126760368" OBJECTID="11381425" OBJECTGUID="52c792f7-f2f4-4777-b57b-9904ab9865e8" CHANGEID="600918466" HOUSENUM="9" HOUSETYPE="2" OPERTYPEID="30" PREVID="57244660" NEXTID="0" UPDATEDATE="2024-09-11" STARTDATE="2024-09-11" ENDDATE="2079-06-06" ISACTUAL="1" ISACTIVE="0" /><HOUSE ID="126760369" OBJECTID="11379309" OBJECTGUID="0a679884-2b00-4d9a-b68e-46479d657662" CHANGEID="600918467" HOUSENUM="7" HOUSETYPE="2" OPERTYPEID="30" PREVID="52119987" NEXTID="0" UPDATEDATE="2024-09-11" STARTDATE="2024-09-11" ENDDATE="2079-06-06" ISACTUAL="1" ISACTIVE="0" /></HOUSES>