﻿<?xml version="1.0" encoding="utf-8"?><ADDRESSOBJECTS><OBJECT ID="52125656" OBJECTID="165062600" OBJECTGUID="1ad1892b-b478-420f-b7ee-5fc4ad0b83b6" CHANGEID="600514935" NAME="Автодорога М-53 Байкал" TYPENAME="тер." LEVEL="7" OPERTYPEID="10" PREVID="0" NEXTID="0" UPDATEDATE="2024-09-05" STARTDATE="2024-09-05" ENDDATE="2079-06-06" ISACTUAL="1" ISACTIVE="1" /><OBJECT ID="52125919" OBJECTID="165100696" OBJECTGUID="9193eb0b-f517-4210-be64-507bef2d9e80" CHANGEID="600579864" NAME="Сосновая" TYPENAME="ул." LEVEL="8" OPERTYPEID="10" PREVID="0" NEXTID="0" UPDATEDATE="2024-09-06" STARTDATE="2024-09-06" ENDDATE="2079-06-06" ISACTUAL="1" ISACTIVE="1" /><OBJECT ID="52125920" OBJECTID="165100929" OBJECTGUID="04777fb4-9f45-4207-ba75-654971ab504b" CHANGEID="600580461" NAME="СанВил" TYPENAME="тер. ТСН" LEVEL="7" OPERTYPEID="10" PREVID="0" NEXTID="0" UPDATEDATE="2024-09-06" STARTDATE="2024-09-06" ENDDATE="2079-06-06" ISACTUAL="1" ISACTIVE="1" /><OBJECT ID="52125921" OBJECTID="165100930" OBJECTGUID="443fdf51-0a27-44ef-b987-145433be221d" CHANGEID="600580462" NAME="Луговая" TYPENAME="ул." LEVEL="8" OPERTYPEID="10" PREVID="0" NEXTID="0" UPDATEDATE="2024-09-06" STARTDATE="2024-09-06" ENDDATE="2079-06-06" ISACTUAL="1" ISACTIVE="1" /><OBJECT ID="52125922" OBJECTID="165100931" OBJECTGUID="ec45c991-5b3c-4f73-b003-6e9e4e462489" CHANGEID="600580463" NAME="1-й Ряд" TYPENAME="ул." LEVEL="8" OPERTYPEID="10" PREVID="0" NEXTID="0" UPDATEDATE="2024-09-06" STARTDATE="2024-09-06" ENDDATE="2079-06-06" ISACTUAL="1" ISACTIVE="1" /><OBJECT ID="52126020" OBJECTID="165126445" OBJECTGUID="5cd10875-a6dd-4715-a09a-f736e4f0f249" CHANGEID="600752255" NAME="Дорожная" TYPENAME="ул." LEVEL="8" OPERTYPEID="10" PREVID="0" NEXTID="0" UPDATEDATE="2024-09-09" STARTDATE="2024-09-09" ENDDATE="2079-06-06" ISACTUAL="1" ISACTIVE="1" /><OBJECT ID="52126021" OBJECTID="165126446" OBJECTGUID="e8c490b6-ed78-4267-8478-628722924f57" CHANGEID="600752256" NAME="Комарова" TYPENAME="ул." LEVEL="8" OPERTYPEID="10" PREVID="0" NEXTID="0" UPDATEDATE="2024-09-09" STARTDATE="2024-09-09" ENDDATE="2079-06-06" ISACTUAL="1" ISACTIVE="1" /><OBJECT ID="52126022" OBJECTID="165126447" OBJECTGUID="db3eebfd-113e-402b-9ece-ef0820e4773f" CHANGEID="600752257" NAME="Возрождения" TYPENAME="ул." LEVEL="8" OPERTYPEID="10" PREVID="0" NEXTID="0" UPDATEDATE="2024-09-09" STARTDATE="2024-09-09" ENDDATE="2079-06-06" ISACTUAL="1" ISACTIVE="1" /><OBJECT ID="52126023" OBJECTID="165126448" OBJECTGUID="557a4bdc-a35b-4894-9564-7c7eab30e584" CHANGEID="600752258" NAME="Садовая" TYPENAME="ул." LEVEL="8" OPERTYPEID="10" PREVID="0" NEXTID="0" UPDATEDATE="2024-09-09" STARTDATE="2024-09-09" ENDDATE="2079-06-06" ISACTUAL="1" ISACTIVE="1" /><OBJECT ID="52126024" OBJECTID="165126449" OBJECTGUID="d0f3656f-c166-45a4-867e-8b35c41acd5d" CHANGEID="600752259" NAME="Рассветная" TYPENAME="ул." LEVEL="8" OPERTYPEID="10" PREVID="0" NEXTID="0" UPDATEDATE="2024-09-09" STARTDATE="2024-09-09" ENDDATE="2079-06-06" ISACTUAL="1" ISACTIVE="1" /><OBJECT ID="52126258" OBJECTID="362363" OBJECTGUID="b7f49a48-42e0-42c4-8f28-bac80120fa99" CHANGEID="600814149" NAME="Заозерная" TYPENAME="ул" LEVEL="8" OPERTYPEID="30" PREVID="442564" NEXTID="0" UPDATEDATE="2024-09-10" STARTDATE="2024-09-10" ENDDATE="2079-06-06" ISACTUAL="1" ISACTIVE="0" /><OBJECT ID="442564" OBJECTID="362363" OBJECTGUID="b7f49a48-42e0-42c4-8f28-bac80120fa99" CHANGEID="928318" NAME="Заозерная" TYPENAME="ул" LEVEL="8" OPERTYPEID="10" PREVID="0" NEXTID="52126258" UPDATEDATE="2024-09-10" STARTDATE="2011-11-29" ENDDATE="2024-09-10" ISACTUAL="0" ISACTIVE="0" /><OBJECT ID="52126259" OBJECTID="165161979" OBJECTGUID="66fd4e0f-bc42-4e39-8804-cd4e7bb687be" CHANGEID="600814156" NAME="Автодорога М-53 Байкал" TYPENAME="тер." LEVEL="7" OPERTYPEID="10" PREVID="0" NEXTID="0" UPDATEDATE="2024-09-10" STARTDATE="2024-09-10" ENDDATE="2079-06-06" ISACTUAL="1" ISACTIVE="1" /><OBJECT ID="52126261" OBJECTID="165162086" OBJECTGUID="60bcddaa-23d4-44ea-b92b-aaec61648645" CHANGEID="600814324" NAME="Строителей" TYPENAME="ул." LEVEL="8" OPERTYPEID="10" PREVID="0" NEXTID="0" UPDATEDATE="2024-09-10" STARTDATE="2024-09-10" ENDDATE="2079-06-06" ISACTUAL="1" ISACTIVE="1" /><OBJECT ID="52126262" OBJECTID="165162087" OBJECTGUID="c2615ab3-552c-4914-8013-5ea3fa0ecb55" CHANGEID="600814325" NAME="Сибирская" TYPENAME="ул." LEVEL="8" OPERTYPEID="10" PREVID="0" NEXTID="0" UPDATEDATE="2024-09-10" STARTDATE="2024-09-10" ENDDATE="2079-06-06" ISACTUAL="1" ISACTIVE="1" /><OBJECT ID="52126263" OBJECTID="165162088" OBJECTGUID="6b753fc9-ddd8-413d-b33b-0bbc60aef593" CHANGEID="600814326" NAME="Российская" TYPENAME="ул." LEVEL="8" OPERTYPEID="10" PREVID="0" NEXTID="0" UPDATEDATE="2024-09-10" STARTDATE="2024-09-10" ENDDATE="2079-06-06" ISACTUAL="1" ISACTIVE="1" /><OBJECT ID="52126264" OBJECTID="165162089" OBJECTGUID="730c8e29-248a-4f39-92b9-e6369140ab38" CHANGEID="600814327" NAME="Советская" TYPENAME="ул." LEVEL="8" OPERTYPEID="10" PREVID="0" NEXTID="0" UPDATEDATE="2024-09-10" STARTDATE="2024-09-10" ENDDATE="2079-06-06" ISACTUAL="1" ISACTIVE="1" /><OBJECT ID="52126265" OBJECTID="165162090" OBJECTGUID="acb367e2-85c1-46af-b81b-ee9c3ccf692e" CHANGEID="600814328" NAME="Степной" TYPENAME="пр-д" LEVEL="8" OPERTYPEID="10" PREVID="0" NEXTID="0" UPDATEDATE="2024-09-10" STARTDATE="2024-09-10" ENDDATE="2079-06-06" ISACTUAL="1" ISACTIVE="1" /><OBJECT ID="52126266" OBJECTID="165162091" OBJECTGUID="bdb3cc36-1479-4fae-9ccb-b196ec5fbd06" CHANGEID="600814329" NAME="80 лет Победы" TYPENAME="ул." LEVEL="8" OPERTYPEID="10" PREVID="0" NEXTID="0" UPDATEDATE="2024-09-10" STARTDATE="2024-09-10" ENDDATE="2079-06-06" ISACTUAL="1" ISACTIVE="1" /><OBJECT ID="52126267" OBJECTID="165162092" OBJECTGUID="4d0017e9-3c55-46bc-ada9-9e29ec1da857" CHANGEID="600814330" NAME="Безмятежная" TYPENAME="ул." LEVEL="8" OPERTYPEID="10" PREVID="0" NEXTID="0" UPDATEDATE="2024-09-10" STARTDATE="2024-09-10" ENDDATE="2079-06-06" ISACTUAL="1" ISACTIVE="1" /><OBJECT ID="52126268" OBJECTID="165162093" OBJECTGUID="16a37c6c-3a18-4efc-a198-9548d64ae936" CHANGEID="600814331" NAME="Снежная" TYPENAME="ул." LEVEL="8" OPERTYPEID="10" PREVID="0" NEXTID="0" UPDATEDATE="2024-09-10" STARTDATE="2024-09-10" ENDDATE="2079-06-06" ISACTUAL="1" ISACTIVE="1" /><OBJECT ID="52126270" OBJECTID="165162097" OBJECTGUID="9fb3cd3e-823b-43a1-92dc-eb3e44e3d2f2" CHANGEID="600814368" NAME="1-я" TYPENAME="ул." LEVEL="8" OPERTYPEID="10" PREVID="0" NEXTID="0" UPDATEDATE="2024-09-10" STARTDATE="2024-09-10" ENDDATE="2079-06-06" ISACTUAL="1" ISACTIVE="1" /><OBJECT ID="52126271" OBJECTID="165162098" OBJECTGUID="f5844af9-a436-4ff0-8da4-5fcd4d4ece70" CHANGEID="600814369" NAME="2-я" TYPENAME="ул." LEVEL="8" OPERTYPEID="10" PREVID="0" NEXTID="0" UPDATEDATE="2024-09-10" STARTDATE="2024-09-10" ENDDATE="2079-06-06" ISACTUAL="1" ISACTIVE="1" /><OBJECT ID="52126272" OBJECTID="165162099" OBJECTGUID="c08d6be7-cdde-4986-86a7-46d17ef51b14" CHANGEID="600814370" NAME="3-я" TYPENAME="ул." LEVEL="8" OPERTYPEID="10" PREVID="0" NEXTID="0" UPDATEDATE="2024-09-10" STARTDATE="2024-09-10" ENDDATE="2079-06-06" ISACTUAL="1" ISACTIVE="1" /><OBJECT ID="52126273" OBJECTID="165162100" OBJECTGUID="e548c1db-fb35-4803-aa75-e4de384d47d5" CHANGEID="600814371" NAME="4-я" TYPENAME="ул." LEVEL="8" OPERTYPEID="10" PREVID="0" NEXTID="0" UPDATEDATE="2024-09-10" STARTDATE="2024-09-10" ENDDATE="2079-06-06" ISACTUAL="1" ISACTIVE="1" /><OBJECT ID="52126274" OBJECTID="165162101" OBJECTGUID="340ed7f5-f1d6-4734-be42-35b761847877" CHANGEID="600814372" NAME="5-я" TYPENAME="ул." LEVEL="8" OPERTYPEID="10" PREVID="0" NEXTID="0" UPDATEDATE="2024-09-10" STARTDATE="2024-09-10" ENDDATE="2079-06-06" ISACTUAL="1" ISACTIVE="1" /><OBJECT ID="52126403" OBJECTID="165196008" OBJECTGUID="82c6ac7e-e1f8-4c68-9b35-3eea6798b56d" CHANGEID="600890977" NAME="Заозёрная" TYPENAME="ул." LEVEL="8" OPERTYPEID="10" PREVID="0" NEXTID="0" UPDATEDATE="2024-09-11" STARTDATE="2024-09-11" ENDDATE="2079-06-06" ISACTUAL="1" ISACTIVE="1" /><OBJECT ID="52126416" OBJECTID="165197857" OBJECTGUID="e12f24f2-5659-45ba-9e77-5e3999b3f909" CHANGEID="600893638" NAME="Дубовая" TYPENAME="ул." LEVEL="8" OPERTYPEID="10" PREVID="0" NEXTID="0" UPDATEDATE="2024-09-11" STARTDATE="2024-09-11" ENDDATE="2079-06-06" ISACTUAL="1" ISACTIVE="1" /><OBJECT ID="52126417" OBJECTID="165197858" OBJECTGUID="1ea2d3e5-8419-4821-a8ef-3b957c153820" CHANGEID="600893639" NAME="Грибная" TYPENAME="ул." LEVEL="8" OPERTYPEID="10" PREVID="0" NEXTID="0" UPDATEDATE="2024-09-11" STARTDATE="2024-09-11" ENDDATE="2079-06-06" ISACTUAL="1" ISACTIVE="1" /><OBJECT ID="52126418" OBJECTID="165197859" OBJECTGUID="5ffcf203-20e4-4c6b-bce7-b4964194a616" CHANGEID="600893640" NAME="Удачная" TYPENAME="ул." LEVEL="8" OPERTYPEID="10" PREVID="0" NEXTID="0" UPDATEDATE="2024-09-11" STARTDATE="2024-09-11" ENDDATE="2079-06-06" ISACTUAL="1" ISACTIVE="1" /><OBJECT ID="52126400" OBJECTID="165195919" OBJECTGUID="77a58618-f0b0-4fd9-9623-2e71af9c0ae7" CHANGEID="600890848" NAME="Залесье" TYPENAME="тер." LEVEL="7" OPERTYPEID="10" PREVID="0" NEXTID="0" UPDATEDATE="2024-09-11" STARTDATE="2024-09-11" ENDDATE="2079-06-06" ISACTUAL="1" ISACTIVE="1" /><OBJECT ID="52126426" OBJECTID="165199748" OBJECTGUID="c83ac2c2-7382-41d1-8ee8-581ec80bda59" CHANGEID="600896669" NAME="Просторы" TYPENAME="тер." LEVEL="7" OPERTYPEID="10" PREVID="0" NEXTID="0" UPDATEDATE="2024-09-11" STARTDATE="2024-09-11" ENDDATE="2079-06-06" ISACTUAL="1" ISACTIVE="1" /></ADDRESSOBJECTS>