﻿<?xml version="1.0" encoding="utf-8"?><STEADS><STEAD ID="13865809" OBJECTID="100794789" OBJECTGUID="a7ced641-edb7-443b-a133-f3f897fab3f7" CHANGEID="184461808" NUMBER="15А/2" OPERTYPEID="10" PREVID="0" NEXTID="68692061" UPDATEDATE="2024-09-11" STARTDATE="2021-04-02" ENDDATE="2024-09-11" ISACTUAL="0" ISACTIVE="0" /><STEAD ID="3852752" OBJECTID="88391696" OBJECTGUID="4f579c74-1ad8-4f5e-b9b7-13d169d7d08b" CHANGEID="130689063" NUMBER="1А" OPERTYPEID="10" NEXTID="68692060" UPDATEDATE="2024-09-11" STARTDATE="2017-10-10" ENDDATE="2024-09-11" ISACTUAL="0" ISACTIVE="0" /><STEAD ID="3895625" OBJECTID="88434464" OBJECTGUID="40359e4d-8c30-4bb2-a55c-1923889cc809" CHANGEID="130740414" NUMBER="9Г" OPERTYPEID="10" NEXTID="68646610" UPDATEDATE="2024-09-09" STARTDATE="2018-10-09" ENDDATE="2024-09-09" ISACTUAL="0" ISACTIVE="0" /><STEAD ID="5947669" OBJECTID="90482903" OBJECTGUID="6037ec42-c41a-4181-b3d0-12af20b7c646" CHANGEID="133084412" NUMBER="54" OPERTYPEID="10" NEXTID="68692058" UPDATEDATE="2024-09-11" STARTDATE="2019-12-13" ENDDATE="2024-09-11" ISACTUAL="0" ISACTIVE="0" /><STEAD ID="66344865" OBJECTID="158186571" OBJECTGUID="e52aee7f-bb85-4956-a59f-4703b3492c93" CHANGEID="495817963" NUMBER="22" OPERTYPEID="10" PREVID="0" NEXTID="68628852" UPDATEDATE="2024-09-06" STARTDATE="2023-03-01" ENDDATE="2024-09-06" ISACTUAL="0" ISACTIVE="0" /><STEAD ID="68611678" OBJECTID="165057341" OBJECTGUID="e9e5e930-f24b-488a-a435-3de0c59ab642" CHANGEID="600506806" NUMBER="7" OPERTYPEID="10" PREVID="0" NEXTID="0" UPDATEDATE="2024-09-05" STARTDATE="2024-09-05" ENDDATE="2079-06-06" ISACTUAL="1" ISACTIVE="1" /><STEAD ID="68611679" OBJECTID="165057342" OBJECTGUID="2c5c633e-02bd-40fc-b386-0a3c56e61872" CHANGEID="600506808" NUMBER="2" OPERTYPEID="10" PREVID="0" NEXTID="0" UPDATEDATE="2024-09-05" STARTDATE="2024-09-05" ENDDATE="2079-06-06" ISACTUAL="1" ISACTIVE="1" /><STEAD ID="68611677" OBJECTID="165057340" OBJECTGUID="865c3364-a726-410c-b940-bf4370c4306f" CHANGEID="600506803" NUMBER="13" OPERTYPEID="10" PREVID="0" NEXTID="0" UPDATEDATE="2024-09-05" STARTDATE="2024-09-05" ENDDATE="2079-06-06" ISACTUAL="1" ISACTIVE="1" /><STEAD ID="68611680" OBJECTID="165057343" OBJECTGUID="ee606dec-2a68-41a0-9719-084da08e2986" CHANGEID="600506811" NUMBER="25" OPERTYPEID="10" PREVID="0" NEXTID="0" UPDATEDATE="2024-09-05" STARTDATE="2024-09-05" ENDDATE="2079-06-06" ISACTUAL="1" ISACTIVE="1" /><STEAD ID="68611682" OBJECTID="165057345" OBJECTGUID="7eccb815-d425-41ea-935f-c9a4ec5c215d" CHANGEID="600506826" NUMBER="23" OPERTYPEID="10" PREVID="0" NEXTID="0" UPDATEDATE="2024-09-05" STARTDATE="2024-09-05" ENDDATE="2079-06-06" ISACTUAL="1" ISACTIVE="1" /><STEAD ID="68611683" OBJECTID="165057346" OBJECTGUID="6f1ff6a4-c382-4da9-a619-04a8640135c6" CHANGEID="600506830" NUMBER="13" OPERTYPEID="10" PREVID="0" NEXTID="0" UPDATEDATE="2024-09-05" STARTDATE="2024-09-05" ENDDATE="2079-06-06" ISACTUAL="1" ISACTIVE="1" /><STEAD ID="68611786" OBJECTID="165057459" OBJECTGUID="f0961893-8f42-4666-9050-a2bb967cac8e" CHANGEID="600507244" NUMBER="87А" OPERTYPEID="10" PREVID="0" NEXTID="0" UPDATEDATE="2024-09-05" STARTDATE="2024-09-05" ENDDATE="2079-06-06" ISACTUAL="1" ISACTIVE="1" /><STEAD ID="68611812" OBJECTID="165057559" OBJECTGUID="c77dc5b5-e251-4bc8-8109-34c52455991e" CHANGEID="600507388" NUMBER="26" OPERTYPEID="10" PREVID="0" NEXTID="0" UPDATEDATE="2024-09-05" STARTDATE="2024-09-05" ENDDATE="2079-06-06" ISACTUAL="1" ISACTIVE="1" /><STEAD ID="68611813" OBJECTID="165057561" OBJECTGUID="b52ff462-f7ca-4dad-bfb5-3ce0d92598e4" CHANGEID="600507390" NUMBER="23" OPERTYPEID="10" PREVID="0" NEXTID="0" UPDATEDATE="2024-09-05" STARTDATE="2024-09-05" ENDDATE="2079-06-06" ISACTUAL="1" ISACTIVE="1" /><STEAD ID="68611814" OBJECTID="165057563" OBJECTGUID="457cfbeb-9ca1-4af1-9c80-65e37d6196eb" CHANGEID="600507392" NUMBER="185" OPERTYPEID="10" PREVID="0" NEXTID="0" UPDATEDATE="2024-09-05" STARTDATE="2024-09-05" ENDDATE="2079-06-06" ISACTUAL="1" ISACTIVE="1" /><STEAD ID="68611817" OBJECTID="165057570" OBJECTGUID="9d1b074d-d725-4e02-b6fb-9fdb0d50f8dc" CHANGEID="600507413" NUMBER="36" OPERTYPEID="10" PREVID="0" NEXTID="0" UPDATEDATE="2024-09-05" STARTDATE="2024-09-05" ENDDATE="2079-06-06" ISACTUAL="1" ISACTIVE="1" /><STEAD ID="68611819" OBJECTID="165057577" OBJECTGUID="50ca31b1-28ac-45e6-ba8d-e96c2c8a361d" CHANGEID="600507422" NUMBER="26в" OPERTYPEID="10" PREVID="0" NEXTID="0" UPDATEDATE="2024-09-05" STARTDATE="2024-09-05" ENDDATE="2079-06-06" ISACTUAL="1" ISACTIVE="1" /><STEAD ID="68611876" OBJECTID="92463263" OBJECTGUID="40943cc9-cc0e-468f-8fa7-28e2a25a7aee" CHANGEID="600507649" NUMBER="93" OPERTYPEID="60" PREVID="7929467" UPDATEDATE="2024-09-05" STARTDATE="2024-09-05" ENDDATE="2079-06-06" ISACTUAL="1" ISACTIVE="0" /><STEAD ID="7929467" OBJECTID="92463263" OBJECTGUID="40943cc9-cc0e-468f-8fa7-28e2a25a7aee" CHANGEID="135281010" NUMBER="93" OPERTYPEID="10" NEXTID="68611876" UPDATEDATE="2024-09-05" STARTDATE="2019-07-08" ENDDATE="2024-09-05" ISACTUAL="0" ISACTIVE="0" /><STEAD ID="68611877" OBJECTID="165057649" OBJECTGUID="140d5328-c7db-4403-a05e-21cd4c382006" CHANGEID="600507650" NUMBER="93" OPERTYPEID="61" PREVID="68611876" NEXTID="0" UPDATEDATE="2024-09-05" STARTDATE="2024-09-05" ENDDATE="2079-06-06" ISACTUAL="1" ISACTIVE="1" /><STEAD ID="68611878" OBJECTID="165057650" OBJECTGUID="73b58609-f410-4eab-a396-6ce674da6846" CHANGEID="600507651" NUMBER="93А" OPERTYPEID="61" PREVID="68611876" NEXTID="0" UPDATEDATE="2024-09-05" STARTDATE="2024-09-05" ENDDATE="2079-06-06" ISACTUAL="1" ISACTIVE="1" /><STEAD ID="68611879" OBJECTID="165057666" OBJECTGUID="ff8c662e-4fe8-4e08-83b0-dbc79b7b6acb" CHANGEID="600507677" NUMBER="27" OPERTYPEID="10" PREVID="0" NEXTID="0" UPDATEDATE="2024-09-05" STARTDATE="2024-09-05" ENDDATE="2079-06-06" ISACTUAL="1" ISACTIVE="1" /><STEAD ID="68611880" OBJECTID="165057668" OBJECTGUID="5751a729-5bb3-47bd-81f3-ff04f73f141e" CHANGEID="600507679" NUMBER="29" OPERTYPEID="10" PREVID="0" NEXTID="0" UPDATEDATE="2024-09-05" STARTDATE="2024-09-05" ENDDATE="2079-06-06" ISACTUAL="1" ISACTIVE="1" /><STEAD ID="68612341" OBJECTID="165058412" OBJECTGUID="f808e2da-9f0d-4333-8c51-715ed9fb58a7" CHANGEID="600508718" NUMBER="793" OPERTYPEID="10" PREVID="0" NEXTID="0" UPDATEDATE="2024-09-05" STARTDATE="2024-09-05" ENDDATE="2079-06-06" ISACTUAL="1" ISACTIVE="1" /><STEAD ID="68612342" OBJECTID="165058413" OBJECTGUID="1a9f164a-56c3-4955-a7f9-507fa1aa1730" CHANGEID="600508719" NUMBER="792" OPERTYPEID="10" PREVID="0" NEXTID="0" UPDATEDATE="2024-09-05" STARTDATE="2024-09-05" ENDDATE="2079-06-06" ISACTUAL="1" ISACTIVE="1" /><STEAD ID="68612969" OBJECTID="165059245" OBJECTGUID="2a4fa4c3-301b-4140-902b-858e0adcd4fa" CHANGEID="600509847" NUMBER="112" OPERTYPEID="10" PREVID="0" NEXTID="0" UPDATEDATE="2024-09-05" STARTDATE="2024-09-05" ENDDATE="2079-06-06" ISACTUAL="1" ISACTIVE="1" /><STEAD ID="68612973" OBJECTID="165059249" OBJECTGUID="1a163303-0148-473d-9cfb-4052b292dca2" CHANGEID="600509851" NUMBER="102/1" OPERTYPEID="10" PREVID="0" NEXTID="0" UPDATEDATE="2024-09-05" STARTDATE="2024-09-05" ENDDATE="2079-06-06" ISACTUAL="1" ISACTIVE="1" /><STEAD ID="68612975" OBJECTID="165059251" OBJECTGUID="4e381b97-fc9a-4f50-ae24-af8dddba0e01" CHANGEID="600509853" NUMBER="62" OPERTYPEID="10" PREVID="0" NEXTID="0" UPDATEDATE="2024-09-05" STARTDATE="2024-09-05" ENDDATE="2079-06-06" ISACTUAL="1" ISACTIVE="1" /><STEAD ID="68612977" OBJECTID="165059253" OBJECTGUID="3883bcfe-7847-4c0d-abde-45b0a5f17d74" CHANGEID="600509855" NUMBER="53" OPERTYPEID="10" PREVID="0" NEXTID="0" UPDATEDATE="2024-09-05" STARTDATE="2024-09-05" ENDDATE="2079-06-06" ISACTUAL="1" ISACTIVE="1" /><STEAD ID="68612970" OBJECTID="165059246" OBJECTGUID="79839531-09e2-40cf-8ddc-cf76c78b6b28" CHANGEID="600509848" NUMBER="80" OPERTYPEID="10" PREVID="0" NEXTID="0" UPDATEDATE="2024-09-05" STARTDATE="2024-09-05" ENDDATE="2079-06-06" ISACTUAL="1" ISACTIVE="1" /><STEAD ID="68612972" OBJECTID="165059248" OBJECTGUID="ea7e8603-be7b-42b3-a29e-f1a990735cbe" CHANGEID="600509850" NUMBER="102/2" OPERTYPEID="10" PREVID="0" NEXTID="0" UPDATEDATE="2024-09-05" STARTDATE="2024-09-05" ENDDATE="2079-06-06" ISACTUAL="1" ISACTIVE="1" /><STEAD ID="68612974" OBJECTID="165059250" OBJECTGUID="625a92fd-781e-46be-81ea-dd0009de50d5" CHANGEID="600509852" NUMBER="64" OPERTYPEID="10" PREVID="0" NEXTID="0" UPDATEDATE="2024-09-05" STARTDATE="2024-09-05" ENDDATE="2079-06-06" ISACTUAL="1" ISACTIVE="1" /><STEAD ID="68612976" OBJECTID="165059252" OBJECTGUID="658005a6-94cc-4bca-8df0-5c819f8d534e" CHANGEID="600509854" NUMBER="61/2" OPERTYPEID="10" PREVID="0" NEXTID="0" UPDATEDATE="2024-09-05" STARTDATE="2024-09-05" ENDDATE="2079-06-06" ISACTUAL="1" ISACTIVE="1" /><STEAD ID="68617293" OBJECTID="165066196" OBJECTGUID="b187176c-e430-4aab-bb45-43ae0895a721" CHANGEID="600521046" NUMBER="18" OPERTYPEID="10" PREVID="0" NEXTID="0" UPDATEDATE="2024-09-05" STARTDATE="2024-09-05" ENDDATE="2079-06-06" ISACTUAL="1" ISACTIVE="1" /><STEAD ID="68617294" OBJECTID="165066208" OBJECTGUID="56aaa299-ed49-4cb2-bdbc-6a10ab5fd090" CHANGEID="600521067" NUMBER="6" OPERTYPEID="10" PREVID="0" NEXTID="0" UPDATEDATE="2024-09-05" STARTDATE="2024-09-05" ENDDATE="2079-06-06" ISACTUAL="1" ISACTIVE="1" /><STEAD ID="68617362" OBJECTID="165066311" OBJECTGUID="454cbb2b-f247-47e4-bd5e-1130977df23b" CHANGEID="600521195" NUMBER="9" OPERTYPEID="10" PREVID="0" NEXTID="0" UPDATEDATE="2024-09-05" STARTDATE="2024-09-05" ENDDATE="2079-06-06" ISACTUAL="1" ISACTIVE="1" /><STEAD ID="68617363" OBJECTID="165066313" OBJECTGUID="2774d658-a4c0-4b7a-94af-140a642d6506" CHANGEID="600521199" NUMBER="16/1" OPERTYPEID="10" PREVID="0" NEXTID="0" UPDATEDATE="2024-09-05" STARTDATE="2024-09-05" ENDDATE="2079-06-06" ISACTUAL="1" ISACTIVE="1" /><STEAD ID="68617364" OBJECTID="165066316" OBJECTGUID="15a5f759-6797-4023-9c9a-9bd68bb0165d" CHANGEID="600521204" NUMBER="21" OPERTYPEID="10" PREVID="0" NEXTID="0" UPDATEDATE="2024-09-05" STARTDATE="2024-09-05" ENDDATE="2079-06-06" ISACTUAL="1" ISACTIVE="1" /><STEAD ID="68618033" OBJECTID="165067907" OBJECTGUID="5f4b9683-b786-43dc-aa74-687e5dddacdb" CHANGEID="600523692" NUMBER="2" OPERTYPEID="10" PREVID="0" NEXTID="0" UPDATEDATE="2024-09-05" STARTDATE="2024-09-05" ENDDATE="2079-06-06" ISACTUAL="1" ISACTIVE="1" /><STEAD ID="68618034" OBJECTID="165067908" OBJECTGUID="c009a065-24e4-467c-96dc-bb33abd1056e" CHANGEID="600523693" NUMBER="19" OPERTYPEID="10" PREVID="0" NEXTID="0" UPDATEDATE="2024-09-05" STARTDATE="2024-09-05" ENDDATE="2079-06-06" ISACTUAL="1" ISACTIVE="1" /><STEAD ID="68618035" OBJECTID="165067909" OBJECTGUID="4b4c6428-0555-4a38-b6ec-9f9cce238a0d" CHANGEID="600523694" NUMBER="12" OPERTYPEID="10" PREVID="0" NEXTID="0" UPDATEDATE="2024-09-05" STARTDATE="2024-09-05" ENDDATE="2079-06-06" ISACTUAL="1" ISACTIVE="1" /><STEAD ID="68618036" OBJECTID="165067910" OBJECTGUID="2ef07022-9453-47ab-9540-91fa3e296496" CHANGEID="600523695" NUMBER="8" OPERTYPEID="10" PREVID="0" NEXTID="0" UPDATEDATE="2024-09-05" STARTDATE="2024-09-05" ENDDATE="2079-06-06" ISACTUAL="1" ISACTIVE="1" /><STEAD ID="68618037" OBJECTID="165067911" OBJECTGUID="353addc1-21c0-446a-a39f-d3f49af8847d" CHANGEID="600523696" NUMBER="10" OPERTYPEID="10" PREVID="0" NEXTID="0" UPDATEDATE="2024-09-05" STARTDATE="2024-09-05" ENDDATE="2079-06-06" ISACTUAL="1" ISACTIVE="1" /><STEAD ID="68618038" OBJECTID="165067912" OBJECTGUID="841ff3e4-0c28-4073-95dd-010f59682f90" CHANGEID="600523697" NUMBER="12" OPERTYPEID="10" PREVID="0" NEXTID="0" UPDATEDATE="2024-09-05" STARTDATE="2024-09-05" ENDDATE="2079-06-06" ISACTUAL="1" ISACTIVE="1" /><STEAD ID="68618039" OBJECTID="165067913" OBJECTGUID="3b9e7a7c-d245-4e1f-9083-d831cf471b1b" CHANGEID="600523698" NUMBER="14" OPERTYPEID="10" PREVID="0" NEXTID="0" UPDATEDATE="2024-09-05" STARTDATE="2024-09-05" ENDDATE="2079-06-06" ISACTUAL="1" ISACTIVE="1" /><STEAD ID="68618040" OBJECTID="165067914" OBJECTGUID="984c6712-4857-474e-b9cf-4a8c39a22d49" CHANGEID="600523699" NUMBER="16" OPERTYPEID="10" PREVID="0" NEXTID="0" UPDATEDATE="2024-09-05" STARTDATE="2024-09-05" ENDDATE="2079-06-06" ISACTUAL="1" ISACTIVE="1" /><STEAD ID="68618041" OBJECTID="165067915" OBJECTGUID="66cf5a39-a8c4-4713-9da3-96f396b37d4b" CHANGEID="600523700" NUMBER="18" OPERTYPEID="10" PREVID="0" NEXTID="0" UPDATEDATE="2024-09-05" STARTDATE="2024-09-05" ENDDATE="2079-06-06" ISACTUAL="1" ISACTIVE="1" /><STEAD ID="68618042" OBJECTID="165067916" OBJECTGUID="e246502f-9e89-43ba-8f49-50bcc7aef42a" CHANGEID="600523701" NUMBER="2" OPERTYPEID="10" PREVID="0" NEXTID="0" UPDATEDATE="2024-09-05" STARTDATE="2024-09-05" ENDDATE="2079-06-06" ISACTUAL="1" ISACTIVE="1" /><STEAD ID="68618043" OBJECTID="165067917" OBJECTGUID="e4292e09-2cd1-4d45-91a8-463e744b5980" CHANGEID="600523702" NUMBER="4" OPERTYPEID="10" PREVID="0" NEXTID="0" UPDATEDATE="2024-09-05" STARTDATE="2024-09-05" ENDDATE="2079-06-06" ISACTUAL="1" ISACTIVE="1" /><STEAD ID="68618044" OBJECTID="165067918" OBJECTGUID="1795a9eb-7839-44d4-9170-7c3aa8f99e74" CHANGEID="600523703" NUMBER="6" OPERTYPEID="10" PREVID="0" NEXTID="0" UPDATEDATE="2024-09-05" STARTDATE="2024-09-05" ENDDATE="2079-06-06" ISACTUAL="1" ISACTIVE="1" /><STEAD ID="68618045" OBJECTID="165067919" OBJECTGUID="a863f3c8-3e18-4d38-9e0e-5a2b9b36638d" CHANGEID="600523704" NUMBER="20" OPERTYPEID="10" PREVID="0" NEXTID="0" UPDATEDATE="2024-09-05" STARTDATE="2024-09-05" ENDDATE="2079-06-06" ISACTUAL="1" ISACTIVE="1" /><STEAD ID="68618046" OBJECTID="165067921" OBJECTGUID="92081040-8381-4801-a426-aa2e3e6cb141" CHANGEID="600523706" NUMBER="16Б" OPERTYPEID="10" PREVID="0" NEXTID="0" UPDATEDATE="2024-09-05" STARTDATE="2024-09-05" ENDDATE="2079-06-06" ISACTUAL="1" ISACTIVE="1" /><STEAD ID="68618076" OBJECTID="165067951" OBJECTGUID="18ddd973-6bcf-44a1-bb18-25e5653fa22d" CHANGEID="600523755" NUMBER="1А" OPERTYPEID="10" PREVID="0" NEXTID="0" UPDATEDATE="2024-09-05" STARTDATE="2024-09-05" ENDDATE="2079-06-06" ISACTUAL="1" ISACTIVE="1" /><STEAD ID="68618077" OBJECTID="165067953" OBJECTGUID="3c1ffe23-2d0a-4639-8392-9b7ca13c9d94" CHANGEID="600523757" NUMBER="7А" OPERTYPEID="10" PREVID="0" NEXTID="0" UPDATEDATE="2024-09-05" STARTDATE="2024-09-05" ENDDATE="2079-06-06" ISACTUAL="1" ISACTIVE="1" /><STEAD ID="68618615" OBJECTID="165069127" OBJECTGUID="3c792f60-f6dc-4ceb-b434-3f37adc0f7e7" CHANGEID="600525674" NUMBER="6А" OPERTYPEID="10" PREVID="0" NEXTID="0" UPDATEDATE="2024-09-05" STARTDATE="2024-09-05" ENDDATE="2079-06-06" ISACTUAL="1" ISACTIVE="1" /><STEAD ID="68618617" OBJECTID="165069129" OBJECTGUID="ce504c95-5b82-4ce5-b81f-4f952e2ec778" CHANGEID="600525678" NUMBER="18" OPERTYPEID="10" PREVID="0" NEXTID="0" UPDATEDATE="2024-09-05" STARTDATE="2024-09-05" ENDDATE="2079-06-06" ISACTUAL="1" ISACTIVE="1" /><STEAD ID="68618616" OBJECTID="165069128" OBJECTGUID="725f8c7e-6abf-4e29-adb3-6870f0aac35a" CHANGEID="600525677" NUMBER="8" OPERTYPEID="10" PREVID="0" NEXTID="0" UPDATEDATE="2024-09-05" STARTDATE="2024-09-05" ENDDATE="2079-06-06" ISACTUAL="1" ISACTIVE="1" /><STEAD ID="68628852" OBJECTID="158186571" OBJECTGUID="e52aee7f-bb85-4956-a59f-4703b3492c93" CHANGEID="600562306" NUMBER="22" OPERTYPEID="30" PREVID="66344865" NEXTID="0" UPDATEDATE="2024-09-06" STARTDATE="2024-09-06" ENDDATE="2079-06-06" ISACTUAL="1" ISACTIVE="0" /><STEAD ID="68628861" OBJECTID="165091670" OBJECTGUID="3d473268-cbf1-4ebb-afd6-b5209678d944" CHANGEID="600562328" NUMBER="4А/1" OPERTYPEID="10" PREVID="0" NEXTID="0" UPDATEDATE="2024-09-06" STARTDATE="2024-09-06" ENDDATE="2079-06-06" ISACTUAL="1" ISACTIVE="1" /><STEAD ID="68628955" OBJECTID="165091826" OBJECTGUID="e4ef14c7-259e-4a8b-b250-fb513a6dd947" CHANGEID="600562753" NUMBER="14" OPERTYPEID="10" PREVID="0" NEXTID="0" UPDATEDATE="2024-09-06" STARTDATE="2024-09-06" ENDDATE="2079-06-06" ISACTUAL="1" ISACTIVE="1" /><STEAD ID="68628956" OBJECTID="165091827" OBJECTGUID="5138b435-5962-43ce-a19c-51b7fe58cce9" CHANGEID="600562761" NUMBER="426" OPERTYPEID="10" PREVID="0" NEXTID="0" UPDATEDATE="2024-09-06" STARTDATE="2024-09-06" ENDDATE="2079-06-06" ISACTUAL="1" ISACTIVE="1" /><STEAD ID="14163624" OBJECTID="101283878" OBJECTGUID="2b23b061-b3c6-4597-85ee-8b95e2322951" CHANGEID="193264779" NUMBER="15-1" OPERTYPEID="10" PREVID="0" NEXTID="68628957" UPDATEDATE="2024-09-06" STARTDATE="2021-05-21" ENDDATE="2024-09-06" ISACTUAL="0" ISACTIVE="0" /><STEAD ID="68628957" OBJECTID="101283878" OBJECTGUID="2b23b061-b3c6-4597-85ee-8b95e2322951" CHANGEID="600562763" NUMBER="15а" OPERTYPEID="20" PREVID="14163624" UPDATEDATE="2024-09-06" STARTDATE="2024-09-06" ENDDATE="2079-06-06" ISACTUAL="1" ISACTIVE="1" /><STEAD ID="68628958" OBJECTID="165091829" OBJECTGUID="d73f5a4d-a7e2-4983-9d3d-5f37f07f4a99" CHANGEID="600562764" NUMBER="16" OPERTYPEID="10" PREVID="0" NEXTID="0" UPDATEDATE="2024-09-06" STARTDATE="2024-09-06" ENDDATE="2079-06-06" ISACTUAL="1" ISACTIVE="1" /><STEAD ID="68629332" OBJECTID="165092272" OBJECTGUID="f582538f-a4a6-4e70-b9c6-da4df12c0b2a" CHANGEID="600563685" NUMBER="84" OPERTYPEID="10" PREVID="0" NEXTID="0" UPDATEDATE="2024-09-06" STARTDATE="2024-09-06" ENDDATE="2079-06-06" ISACTUAL="1" ISACTIVE="1" /><STEAD ID="68629351" OBJECTID="105408419" OBJECTGUID="244c58ea-b8d7-4327-990a-0a139916a959" CHANGEID="600563707" NUMBER="2" OPERTYPEID="30" PREVID="15782587" NEXTID="0" UPDATEDATE="2024-09-06" STARTDATE="2024-09-06" ENDDATE="2079-06-06" ISACTUAL="1" ISACTIVE="0" /><STEAD ID="15782587" OBJECTID="105408419" OBJECTGUID="244c58ea-b8d7-4327-990a-0a139916a959" CHANGEID="288376512" NUMBER="2" OPERTYPEID="10" PREVID="0" NEXTID="68629351" UPDATEDATE="2024-09-06" STARTDATE="2022-08-24" ENDDATE="2024-09-06" ISACTUAL="0" ISACTIVE="0" /><STEAD ID="68629352" OBJECTID="105408412" OBJECTGUID="15c880d2-7118-427a-9128-3b7176feb6d6" CHANGEID="600563708" NUMBER="2А" OPERTYPEID="30" PREVID="15782580" NEXTID="0" UPDATEDATE="2024-09-06" STARTDATE="2024-09-06" ENDDATE="2079-06-06" ISACTUAL="1" ISACTIVE="0" /><STEAD ID="15782580" OBJECTID="105408412" OBJECTGUID="15c880d2-7118-427a-9128-3b7176feb6d6" CHANGEID="288376505" NUMBER="2А" OPERTYPEID="10" PREVID="0" NEXTID="68629352" UPDATEDATE="2024-09-06" STARTDATE="2022-08-24" ENDDATE="2024-09-06" ISACTUAL="0" ISACTIVE="0" /><STEAD ID="68629777" OBJECTID="165093316" OBJECTGUID="3997445d-2bdd-45eb-b429-90eef25d60f4" CHANGEID="600565255" NUMBER="40/1" OPERTYPEID="10" PREVID="0" NEXTID="0" UPDATEDATE="2024-09-06" STARTDATE="2024-09-06" ENDDATE="2079-06-06" ISACTUAL="1" ISACTIVE="1" /><STEAD ID="68629781" OBJECTID="165093320" OBJECTGUID="e7cce192-1e97-4e04-8a02-80b4bd2a0c83" CHANGEID="600565260" NUMBER="2А" OPERTYPEID="10" PREVID="0" NEXTID="0" UPDATEDATE="2024-09-06" STARTDATE="2024-09-06" ENDDATE="2079-06-06" ISACTUAL="1" ISACTIVE="1" /><STEAD ID="68630185" OBJECTID="165093803" OBJECTGUID="63b22d2b-5877-4c01-af00-6a9651ee8006" CHANGEID="600566134" NUMBER="329" OPERTYPEID="10" PREVID="0" NEXTID="0" UPDATEDATE="2024-09-06" STARTDATE="2024-09-06" ENDDATE="2079-06-06" ISACTUAL="1" ISACTIVE="1" /><STEAD ID="68630193" OBJECTID="165093817" OBJECTGUID="8a1fb064-b812-42d1-86e1-e99b25dfe675" CHANGEID="600566160" NUMBER="68" OPERTYPEID="10" PREVID="0" NEXTID="0" UPDATEDATE="2024-09-06" STARTDATE="2024-09-06" ENDDATE="2079-06-06" ISACTUAL="1" ISACTIVE="1" /><STEAD ID="68630927" OBJECTID="165095205" OBJECTGUID="033b8ab2-e3d0-4476-91f6-c9e911c3c60a" CHANGEID="600569134" NUMBER="64" OPERTYPEID="10" PREVID="0" NEXTID="0" UPDATEDATE="2024-09-06" STARTDATE="2024-09-06" ENDDATE="2079-06-06" ISACTUAL="1" ISACTIVE="1" /><STEAD ID="68631236" OBJECTID="165095292" OBJECTGUID="4d754751-0f84-45ea-b642-23ba9eaf5210" CHANGEID="600569672" NUMBER="22" OPERTYPEID="10" PREVID="0" NEXTID="0" UPDATEDATE="2024-09-06" STARTDATE="2024-09-06" ENDDATE="2079-06-06" ISACTUAL="1" ISACTIVE="1" /><STEAD ID="68631237" OBJECTID="165095294" OBJECTGUID="a60fdf9c-3927-4287-872f-7b0ee2d5ad3c" CHANGEID="600569676" NUMBER="1" OPERTYPEID="10" PREVID="0" NEXTID="0" UPDATEDATE="2024-09-06" STARTDATE="2024-09-06" ENDDATE="2079-06-06" ISACTUAL="1" ISACTIVE="1" /><STEAD ID="68631239" OBJECTID="165095296" OBJECTGUID="3c78ee08-8b86-476a-b083-dc5683820b11" CHANGEID="600569678" NUMBER="100/487а" OPERTYPEID="10" PREVID="0" NEXTID="0" UPDATEDATE="2024-09-06" STARTDATE="2024-09-06" ENDDATE="2079-06-06" ISACTUAL="1" ISACTIVE="1" /><STEAD ID="68631249" OBJECTID="165095412" OBJECTGUID="6cd5be0c-450c-49fb-9e0c-4ae2d91439d7" CHANGEID="600569843" NUMBER="5А" OPERTYPEID="10" PREVID="0" NEXTID="0" UPDATEDATE="2024-09-06" STARTDATE="2024-09-06" ENDDATE="2079-06-06" ISACTUAL="1" ISACTIVE="1" /><STEAD ID="68631240" OBJECTID="165095299" OBJECTGUID="747b6d8e-d0e5-475a-beae-4e5a89ac48a0" CHANGEID="600569681" NUMBER="24/81" OPERTYPEID="10" PREVID="0" NEXTID="0" UPDATEDATE="2024-09-06" STARTDATE="2024-09-06" ENDDATE="2079-06-06" ISACTUAL="1" ISACTIVE="1" /><STEAD ID="68631246" OBJECTID="165095312" OBJECTGUID="5915ac4a-762f-4822-8a91-4af214dcdb23" CHANGEID="600569705" NUMBER="17" OPERTYPEID="10" PREVID="0" NEXTID="0" UPDATEDATE="2024-09-06" STARTDATE="2024-09-06" ENDDATE="2079-06-06" ISACTUAL="1" ISACTIVE="1" /><STEAD ID="68631247" OBJECTID="165095314" OBJECTGUID="087a2cd0-9905-4adf-b718-82e0c4c8a483" CHANGEID="600569716" NUMBER="49" OPERTYPEID="10" PREVID="0" NEXTID="0" UPDATEDATE="2024-09-06" STARTDATE="2024-09-06" ENDDATE="2079-06-06" ISACTUAL="1" ISACTIVE="1" /><STEAD ID="68631248" OBJECTID="165095411" OBJECTGUID="5b8bbebf-6ea7-40bb-a148-e3a6bd6d4305" CHANGEID="600569836" NUMBER="36" OPERTYPEID="10" PREVID="0" NEXTID="0" UPDATEDATE="2024-09-06" STARTDATE="2024-09-06" ENDDATE="2079-06-06" ISACTUAL="1" ISACTIVE="1" /><STEAD ID="68631250" OBJECTID="165095414" OBJECTGUID="6b832d18-b561-404a-8d47-4b90690f9354" CHANGEID="600569852" NUMBER="7А" OPERTYPEID="10" PREVID="0" NEXTID="0" UPDATEDATE="2024-09-06" STARTDATE="2024-09-06" ENDDATE="2079-06-06" ISACTUAL="1" ISACTIVE="1" /><STEAD ID="68631251" OBJECTID="165095416" OBJECTGUID="9f7ff280-6226-4706-ae32-8dc0c4deea10" CHANGEID="600569857" NUMBER="14А" OPERTYPEID="10" PREVID="0" NEXTID="0" UPDATEDATE="2024-09-06" STARTDATE="2024-09-06" ENDDATE="2079-06-06" ISACTUAL="1" ISACTIVE="1" /><STEAD ID="68644448" OBJECTID="165117071" OBJECTGUID="e6035b52-bc0c-443d-8d30-4b86cba6ecfa" CHANGEID="600737979" NUMBER="44Б" OPERTYPEID="10" PREVID="0" NEXTID="0" UPDATEDATE="2024-09-09" STARTDATE="2024-09-09" ENDDATE="2079-06-06" ISACTUAL="1" ISACTIVE="1" /><STEAD ID="68644449" OBJECTID="165117072" OBJECTGUID="130c0149-09f0-4c14-b4bb-9859500b23a5" CHANGEID="600737982" NUMBER="2/1" OPERTYPEID="10" PREVID="0" NEXTID="0" UPDATEDATE="2024-09-09" STARTDATE="2024-09-09" ENDDATE="2079-06-06" ISACTUAL="1" ISACTIVE="1" /><STEAD ID="68645040" OBJECTID="165117902" OBJECTGUID="60fd0e24-9db1-456f-9f8f-50ca06beb941" CHANGEID="600739462" NUMBER="5Б" OPERTYPEID="10" PREVID="0" NEXTID="0" UPDATEDATE="2024-09-09" STARTDATE="2024-09-09" ENDDATE="2079-06-06" ISACTUAL="1" ISACTIVE="1" /><STEAD ID="68645041" OBJECTID="165117904" OBJECTGUID="dc89bd69-134a-45cc-90bb-3a83e6fc67b4" CHANGEID="600739465" NUMBER="15/1" OPERTYPEID="10" PREVID="0" NEXTID="0" UPDATEDATE="2024-09-09" STARTDATE="2024-09-09" ENDDATE="2079-06-06" ISACTUAL="1" ISACTIVE="1" /><STEAD ID="68645480" OBJECTID="165118699" OBJECTGUID="4dd660a8-51af-4989-b72f-6303a99fa014" CHANGEID="600740551" NUMBER="2" OPERTYPEID="10" PREVID="0" NEXTID="0" UPDATEDATE="2024-09-09" STARTDATE="2024-09-09" ENDDATE="2079-06-06" ISACTUAL="1" ISACTIVE="1" /><STEAD ID="68645544" OBJECTID="165118782" OBJECTGUID="686167a6-8e09-4813-b4bc-5b0ec34405df" CHANGEID="600740692" NUMBER="333" OPERTYPEID="10" PREVID="0" NEXTID="0" UPDATEDATE="2024-09-09" STARTDATE="2024-09-09" ENDDATE="2079-06-06" ISACTUAL="1" ISACTIVE="1" /><STEAD ID="68645545" OBJECTID="165118784" OBJECTGUID="2ad36af1-6e8d-4594-b368-e83c9f5833e3" CHANGEID="600740694" NUMBER="133" OPERTYPEID="10" PREVID="0" NEXTID="0" UPDATEDATE="2024-09-09" STARTDATE="2024-09-09" ENDDATE="2079-06-06" ISACTUAL="1" ISACTIVE="1" /><STEAD ID="68645546" OBJECTID="165118786" OBJECTGUID="759f116e-a4b8-4737-9b75-e95dbef445b0" CHANGEID="600740696" NUMBER="46" OPERTYPEID="10" PREVID="0" NEXTID="0" UPDATEDATE="2024-09-09" STARTDATE="2024-09-09" ENDDATE="2079-06-06" ISACTUAL="1" ISACTIVE="1" /><STEAD ID="68645547" OBJECTID="165118792" OBJECTGUID="b41f13b1-a664-4b69-a147-045254107661" CHANGEID="600740702" NUMBER="60" OPERTYPEID="10" PREVID="0" NEXTID="0" UPDATEDATE="2024-09-09" STARTDATE="2024-09-09" ENDDATE="2079-06-06" ISACTUAL="1" ISACTIVE="1" /><STEAD ID="68645914" OBJECTID="165119489" OBJECTGUID="a21d7c31-eff9-48f1-a710-93232fa52206" CHANGEID="600741865" NUMBER="1" OPERTYPEID="10" PREVID="0" NEXTID="0" UPDATEDATE="2024-09-09" STARTDATE="2024-09-09" ENDDATE="2079-06-06" ISACTUAL="1" ISACTIVE="1" /><STEAD ID="68645916" OBJECTID="165119491" OBJECTGUID="34cc4c57-7e3e-4964-9444-c316328b25d1" CHANGEID="600741868" NUMBER="84" OPERTYPEID="10" PREVID="0" NEXTID="0" UPDATEDATE="2024-09-09" STARTDATE="2024-09-09" ENDDATE="2079-06-06" ISACTUAL="1" ISACTIVE="1" /><STEAD ID="68645967" OBJECTID="165119543" OBJECTGUID="ae3e5133-26f0-4f75-8fe0-8a0457bdaccb" CHANGEID="600741953" NUMBER="3" OPERTYPEID="10" PREVID="0" NEXTID="0" UPDATEDATE="2024-09-09" STARTDATE="2024-09-09" ENDDATE="2079-06-06" ISACTUAL="1" ISACTIVE="1" /><STEAD ID="68645988" OBJECTID="165119634" OBJECTGUID="e7adeab5-7c8b-4587-9410-389da5766052" CHANGEID="600742075" NUMBER="65" OPERTYPEID="10" PREVID="0" NEXTID="0" UPDATEDATE="2024-09-09" STARTDATE="2024-09-09" ENDDATE="2079-06-06" ISACTUAL="1" ISACTIVE="1" /><STEAD ID="68645989" OBJECTID="165119635" OBJECTGUID="58a01637-9441-4d9e-8c77-9214d27fadd6" CHANGEID="600742076" NUMBER="64" OPERTYPEID="10" PREVID="0" NEXTID="0" UPDATEDATE="2024-09-09" STARTDATE="2024-09-09" ENDDATE="2079-06-06" ISACTUAL="1" ISACTIVE="1" /><STEAD ID="68645990" OBJECTID="165119636" OBJECTGUID="60bdcc2e-c8ad-484d-ba2b-3ee21df34cbe" CHANGEID="600742077" NUMBER="63" OPERTYPEID="10" PREVID="0" NEXTID="0" UPDATEDATE="2024-09-09" STARTDATE="2024-09-09" ENDDATE="2079-06-06" ISACTUAL="1" ISACTIVE="1" /><STEAD ID="68645991" OBJECTID="165119637" OBJECTGUID="b2723293-eca2-45dc-8f4b-eaea99c43742" CHANGEID="600742078" NUMBER="61" OPERTYPEID="10" PREVID="0" NEXTID="0" UPDATEDATE="2024-09-09" STARTDATE="2024-09-09" ENDDATE="2079-06-06" ISACTUAL="1" ISACTIVE="1" /><STEAD ID="68645992" OBJECTID="165119638" OBJECTGUID="00ab3c20-faed-4b68-a2d4-0b285ad60918" CHANGEID="600742079" NUMBER="60" OPERTYPEID="10" PREVID="0" NEXTID="0" UPDATEDATE="2024-09-09" STARTDATE="2024-09-09" ENDDATE="2079-06-06" ISACTUAL="1" ISACTIVE="1" /><STEAD ID="68645993" OBJECTID="165119639" OBJECTGUID="8107974e-856f-4547-a722-2fe317a4fd92" CHANGEID="600742080" NUMBER="59" OPERTYPEID="10" PREVID="0" NEXTID="0" UPDATEDATE="2024-09-09" STARTDATE="2024-09-09" ENDDATE="2079-06-06" ISACTUAL="1" ISACTIVE="1" /><STEAD ID="68645994" OBJECTID="165119640" OBJECTGUID="55f85614-abcd-40c9-85c7-609947d78122" CHANGEID="600742081" NUMBER="58" OPERTYPEID="10" PREVID="0" NEXTID="0" UPDATEDATE="2024-09-09" STARTDATE="2024-09-09" ENDDATE="2079-06-06" ISACTUAL="1" ISACTIVE="1" /><STEAD ID="68645995" OBJECTID="165119641" OBJECTGUID="47a2a9e5-4797-4696-bd61-f4aa95491dfe" CHANGEID="600742082" NUMBER="55" OPERTYPEID="10" PREVID="0" NEXTID="0" UPDATEDATE="2024-09-09" STARTDATE="2024-09-09" ENDDATE="2079-06-06" ISACTUAL="1" ISACTIVE="1" /><STEAD ID="68645996" OBJECTID="165119642" OBJECTGUID="63e07b34-0435-455e-823b-d31df5674fa8" CHANGEID="600742083" NUMBER="54" OPERTYPEID="10" PREVID="0" NEXTID="0" UPDATEDATE="2024-09-09" STARTDATE="2024-09-09" ENDDATE="2079-06-06" ISACTUAL="1" ISACTIVE="1" /><STEAD ID="68645997" OBJECTID="165119643" OBJECTGUID="94f5320b-0c09-49d4-962c-251bb2d6a4cc" CHANGEID="600742084" NUMBER="53" OPERTYPEID="10" PREVID="0" NEXTID="0" UPDATEDATE="2024-09-09" STARTDATE="2024-09-09" ENDDATE="2079-06-06" ISACTUAL="1" ISACTIVE="1" /><STEAD ID="68645998" OBJECTID="165119644" OBJECTGUID="8932ac6b-4f38-4ff0-bd3f-e6d8c30c2294" CHANGEID="600742085" NUMBER="51" OPERTYPEID="10" PREVID="0" NEXTID="0" UPDATEDATE="2024-09-09" STARTDATE="2024-09-09" ENDDATE="2079-06-06" ISACTUAL="1" ISACTIVE="1" /><STEAD ID="68645999" OBJECTID="165119645" OBJECTGUID="0a81b3e1-5140-49b1-a90a-b24d12b2b0b7" CHANGEID="600742086" NUMBER="50" OPERTYPEID="10" PREVID="0" NEXTID="0" UPDATEDATE="2024-09-09" STARTDATE="2024-09-09" ENDDATE="2079-06-06" ISACTUAL="1" ISACTIVE="1" /><STEAD ID="68646003" OBJECTID="165119661" OBJECTGUID="cd585445-5165-4dd2-9c7a-e142559e2408" CHANGEID="600742104" NUMBER="69" OPERTYPEID="10" PREVID="0" NEXTID="0" UPDATEDATE="2024-09-09" STARTDATE="2024-09-09" ENDDATE="2079-06-06" ISACTUAL="1" ISACTIVE="1" /><STEAD ID="68646004" OBJECTID="165119662" OBJECTGUID="d277de95-5b95-4a88-8dd8-dbf3dcc92751" CHANGEID="600742105" NUMBER="70" OPERTYPEID="10" PREVID="0" NEXTID="0" UPDATEDATE="2024-09-09" STARTDATE="2024-09-09" ENDDATE="2079-06-06" ISACTUAL="1" ISACTIVE="1" /><STEAD ID="68645934" OBJECTID="165119493" OBJECTGUID="b5c05bff-43d6-4b60-905e-acadf29a8adf" CHANGEID="600741887" NUMBER="4" OPERTYPEID="10" PREVID="0" NEXTID="0" UPDATEDATE="2024-09-09" STARTDATE="2024-09-09" ENDDATE="2079-06-06" ISACTUAL="1" ISACTIVE="1" /><STEAD ID="68645966" OBJECTID="165119541" OBJECTGUID="06482502-53f4-43b9-b375-23f4d3839915" CHANGEID="600741940" NUMBER="683" OPERTYPEID="10" PREVID="0" NEXTID="0" UPDATEDATE="2024-09-09" STARTDATE="2024-09-09" ENDDATE="2079-06-06" ISACTUAL="1" ISACTIVE="1" /><STEAD ID="68645969" OBJECTID="165119545" OBJECTGUID="7281c853-afa5-4b77-b942-35008396f946" CHANGEID="600741962" NUMBER="5" OPERTYPEID="10" PREVID="0" NEXTID="0" UPDATEDATE="2024-09-09" STARTDATE="2024-09-09" ENDDATE="2079-06-06" ISACTUAL="1" ISACTIVE="1" /><STEAD ID="68645970" OBJECTID="165119546" OBJECTGUID="18572c7d-2dc3-4162-ab88-920de7d7af29" CHANGEID="600741963" NUMBER="7" OPERTYPEID="10" PREVID="0" NEXTID="0" UPDATEDATE="2024-09-09" STARTDATE="2024-09-09" ENDDATE="2079-06-06" ISACTUAL="1" ISACTIVE="1" /><STEAD ID="68645971" OBJECTID="165119547" OBJECTGUID="6d2ce0dd-7650-4593-9971-326b1c505901" CHANGEID="600741964" NUMBER="9" OPERTYPEID="10" PREVID="0" NEXTID="0" UPDATEDATE="2024-09-09" STARTDATE="2024-09-09" ENDDATE="2079-06-06" ISACTUAL="1" ISACTIVE="1" /><STEAD ID="68645972" OBJECTID="165119548" OBJECTGUID="07e0458d-0298-49c2-9c8e-1dcbde575bf0" CHANGEID="600741965" NUMBER="11" OPERTYPEID="10" PREVID="0" NEXTID="0" UPDATEDATE="2024-09-09" STARTDATE="2024-09-09" ENDDATE="2079-06-06" ISACTUAL="1" ISACTIVE="1" /><STEAD ID="68645973" OBJECTID="165119549" OBJECTGUID="51c0ebec-0852-442f-8c8a-80e7f2b29dd1" CHANGEID="600741966" NUMBER="13" OPERTYPEID="10" PREVID="0" NEXTID="0" UPDATEDATE="2024-09-09" STARTDATE="2024-09-09" ENDDATE="2079-06-06" ISACTUAL="1" ISACTIVE="1" /><STEAD ID="68645974" OBJECTID="165119550" OBJECTGUID="ad02a0f1-6e1c-46bf-b8b1-5eaa6e7bec74" CHANGEID="600741967" NUMBER="15" OPERTYPEID="10" PREVID="0" NEXTID="0" UPDATEDATE="2024-09-09" STARTDATE="2024-09-09" ENDDATE="2079-06-06" ISACTUAL="1" ISACTIVE="1" /><STEAD ID="68645975" OBJECTID="165119551" OBJECTGUID="2b973110-c88e-4ac4-b05b-ef14d7d59396" CHANGEID="600741968" NUMBER="19" OPERTYPEID="10" PREVID="0" NEXTID="0" UPDATEDATE="2024-09-09" STARTDATE="2024-09-09" ENDDATE="2079-06-06" ISACTUAL="1" ISACTIVE="1" /><STEAD ID="68645976" OBJECTID="165119552" OBJECTGUID="ff582a66-f125-47af-a034-826563a5c75e" CHANGEID="600741969" NUMBER="21" OPERTYPEID="10" PREVID="0" NEXTID="0" UPDATEDATE="2024-09-09" STARTDATE="2024-09-09" ENDDATE="2079-06-06" ISACTUAL="1" ISACTIVE="1" /><STEAD ID="68645977" OBJECTID="165119553" OBJECTGUID="592e3579-2dd3-4709-8cf0-95d7ecf4862e" CHANGEID="600741970" NUMBER="23" OPERTYPEID="10" PREVID="0" NEXTID="0" UPDATEDATE="2024-09-09" STARTDATE="2024-09-09" ENDDATE="2079-06-06" ISACTUAL="1" ISACTIVE="1" /><STEAD ID="68645978" OBJECTID="165119554" OBJECTGUID="532334bb-afb3-49b7-9081-4b368d4f2148" CHANGEID="600741971" NUMBER="35" OPERTYPEID="10" PREVID="0" NEXTID="0" UPDATEDATE="2024-09-09" STARTDATE="2024-09-09" ENDDATE="2079-06-06" ISACTUAL="1" ISACTIVE="1" /><STEAD ID="68646023" OBJECTID="165119689" OBJECTGUID="22ff6cb7-8fd1-4e13-ac7d-d25fda9a87a3" CHANGEID="600742133" NUMBER="76" OPERTYPEID="10" PREVID="0" NEXTID="0" UPDATEDATE="2024-09-09" STARTDATE="2024-09-09" ENDDATE="2079-06-06" ISACTUAL="1" ISACTIVE="1" /><STEAD ID="68646025" OBJECTID="165119691" OBJECTGUID="a436bcb2-9342-40ec-bb9d-39fedb6dc86d" CHANGEID="600742135" NUMBER="21" OPERTYPEID="10" PREVID="0" NEXTID="0" UPDATEDATE="2024-09-09" STARTDATE="2024-09-09" ENDDATE="2079-06-06" ISACTUAL="1" ISACTIVE="1" /><STEAD ID="68646044" OBJECTID="165119723" OBJECTGUID="f846a25c-4245-482b-ad5e-3798f9a66db3" CHANGEID="600742168" NUMBER="22" OPERTYPEID="10" PREVID="0" NEXTID="0" UPDATEDATE="2024-09-09" STARTDATE="2024-09-09" ENDDATE="2079-06-06" ISACTUAL="1" ISACTIVE="1" /><STEAD ID="68646005" OBJECTID="165119663" OBJECTGUID="e075ab12-1929-453f-be7b-0b4ec91a8429" CHANGEID="600742106" NUMBER="71" OPERTYPEID="10" PREVID="0" NEXTID="0" UPDATEDATE="2024-09-09" STARTDATE="2024-09-09" ENDDATE="2079-06-06" ISACTUAL="1" ISACTIVE="1" /><STEAD ID="68646006" OBJECTID="165119664" OBJECTGUID="aa928f82-3a73-4c9c-b912-e8bf1275d790" CHANGEID="600742107" NUMBER="72" OPERTYPEID="10" PREVID="0" NEXTID="0" UPDATEDATE="2024-09-09" STARTDATE="2024-09-09" ENDDATE="2079-06-06" ISACTUAL="1" ISACTIVE="1" /><STEAD ID="68646007" OBJECTID="165119665" OBJECTGUID="52b4b2aa-1cc6-4b20-a174-4bc947f506c1" CHANGEID="600742108" NUMBER="73" OPERTYPEID="10" PREVID="0" NEXTID="0" UPDATEDATE="2024-09-09" STARTDATE="2024-09-09" ENDDATE="2079-06-06" ISACTUAL="1" ISACTIVE="1" /><STEAD ID="68646008" OBJECTID="165119666" OBJECTGUID="4a8504a7-754b-4d70-a046-cd9b2fde3d04" CHANGEID="600742109" NUMBER="74" OPERTYPEID="10" PREVID="0" NEXTID="0" UPDATEDATE="2024-09-09" STARTDATE="2024-09-09" ENDDATE="2079-06-06" ISACTUAL="1" ISACTIVE="1" /><STEAD ID="68646009" OBJECTID="165119667" OBJECTGUID="e6fa01b6-161d-4529-874d-28e2dc1d26d4" CHANGEID="600742110" NUMBER="75" OPERTYPEID="10" PREVID="0" NEXTID="0" UPDATEDATE="2024-09-09" STARTDATE="2024-09-09" ENDDATE="2079-06-06" ISACTUAL="1" ISACTIVE="1" /><STEAD ID="68646010" OBJECTID="165119668" OBJECTGUID="177e322d-5218-4545-8be7-0a10d592be1e" CHANGEID="600742111" NUMBER="76" OPERTYPEID="10" PREVID="0" NEXTID="0" UPDATEDATE="2024-09-09" STARTDATE="2024-09-09" ENDDATE="2079-06-06" ISACTUAL="1" ISACTIVE="1" /><STEAD ID="68646011" OBJECTID="165119669" OBJECTGUID="d01b843c-8481-42fb-a38c-3e01d039155b" CHANGEID="600742112" NUMBER="77" OPERTYPEID="10" PREVID="0" NEXTID="0" UPDATEDATE="2024-09-09" STARTDATE="2024-09-09" ENDDATE="2079-06-06" ISACTUAL="1" ISACTIVE="1" /><STEAD ID="68646012" OBJECTID="165119670" OBJECTGUID="b6b5a2f0-d12f-4543-bb45-00389304b66e" CHANGEID="600742113" NUMBER="78" OPERTYPEID="10" PREVID="0" NEXTID="0" UPDATEDATE="2024-09-09" STARTDATE="2024-09-09" ENDDATE="2079-06-06" ISACTUAL="1" ISACTIVE="1" /><STEAD ID="68646013" OBJECTID="165119671" OBJECTGUID="c1407be1-9d2b-4f74-ac3b-09c11ecfd5b5" CHANGEID="600742114" NUMBER="81" OPERTYPEID="10" PREVID="0" NEXTID="0" UPDATEDATE="2024-09-09" STARTDATE="2024-09-09" ENDDATE="2079-06-06" ISACTUAL="1" ISACTIVE="1" /><STEAD ID="68646014" OBJECTID="165119672" OBJECTGUID="4fd1cbf2-0c91-4502-b4dd-ab23f4e78c11" CHANGEID="600742115" NUMBER="82" OPERTYPEID="10" PREVID="0" NEXTID="0" UPDATEDATE="2024-09-09" STARTDATE="2024-09-09" ENDDATE="2079-06-06" ISACTUAL="1" ISACTIVE="1" /><STEAD ID="68646015" OBJECTID="165119673" OBJECTGUID="d5689b49-df3c-43c1-8ab9-bcc447c961ef" CHANGEID="600742116" NUMBER="83" OPERTYPEID="10" PREVID="0" NEXTID="0" UPDATEDATE="2024-09-09" STARTDATE="2024-09-09" ENDDATE="2079-06-06" ISACTUAL="1" ISACTIVE="1" /><STEAD ID="68646016" OBJECTID="165119674" OBJECTGUID="bcea7646-83ba-4259-b532-e18503302ade" CHANGEID="600742117" NUMBER="84" OPERTYPEID="10" PREVID="0" NEXTID="0" UPDATEDATE="2024-09-09" STARTDATE="2024-09-09" ENDDATE="2079-06-06" ISACTUAL="1" ISACTIVE="1" /><STEAD ID="68646017" OBJECTID="165119675" OBJECTGUID="e8d4edf8-f6d8-4b9f-a36d-4037ef8724d0" CHANGEID="600742118" NUMBER="85" OPERTYPEID="10" PREVID="0" NEXTID="0" UPDATEDATE="2024-09-09" STARTDATE="2024-09-09" ENDDATE="2079-06-06" ISACTUAL="1" ISACTIVE="1" /><STEAD ID="68646018" OBJECTID="165119676" OBJECTGUID="65c70bd8-2aef-43c3-84a1-cdaccfa182d6" CHANGEID="600742119" NUMBER="86" OPERTYPEID="10" PREVID="0" NEXTID="0" UPDATEDATE="2024-09-09" STARTDATE="2024-09-09" ENDDATE="2079-06-06" ISACTUAL="1" ISACTIVE="1" /><STEAD ID="68646019" OBJECTID="165119677" OBJECTGUID="b5dff380-ed1a-492a-b65e-3d633b896eec" CHANGEID="600742120" NUMBER="87" OPERTYPEID="10" PREVID="0" NEXTID="0" UPDATEDATE="2024-09-09" STARTDATE="2024-09-09" ENDDATE="2079-06-06" ISACTUAL="1" ISACTIVE="1" /><STEAD ID="68646020" OBJECTID="165119678" OBJECTGUID="25846046-b1e3-4295-afce-ed768fa0e52c" CHANGEID="600742121" NUMBER="88" OPERTYPEID="10" PREVID="0" NEXTID="0" UPDATEDATE="2024-09-09" STARTDATE="2024-09-09" ENDDATE="2079-06-06" ISACTUAL="1" ISACTIVE="1" /><STEAD ID="68646021" OBJECTID="165119679" OBJECTGUID="c68f2c14-f90b-4106-9267-65762841fa3b" CHANGEID="600742122" NUMBER="90" OPERTYPEID="10" PREVID="0" NEXTID="0" UPDATEDATE="2024-09-09" STARTDATE="2024-09-09" ENDDATE="2079-06-06" ISACTUAL="1" ISACTIVE="1" /><STEAD ID="68646022" OBJECTID="165119680" OBJECTGUID="8cb597ca-ca95-4169-a8ec-f0e05ca94916" CHANGEID="600742123" NUMBER="91" OPERTYPEID="10" PREVID="0" NEXTID="0" UPDATEDATE="2024-09-09" STARTDATE="2024-09-09" ENDDATE="2079-06-06" ISACTUAL="1" ISACTIVE="1" /><STEAD ID="68646024" OBJECTID="165119690" OBJECTGUID="da6fa4a2-a625-488e-9808-9a9a2aecee41" CHANGEID="600742134" NUMBER="223" OPERTYPEID="10" PREVID="0" NEXTID="0" UPDATEDATE="2024-09-09" STARTDATE="2024-09-09" ENDDATE="2079-06-06" ISACTUAL="1" ISACTIVE="1" /><STEAD ID="9532567" OBJECTID="94065780" OBJECTGUID="1032c4ba-9619-4ec2-bc68-7b3f37d2ee5c" CHANGEID="137002019" NUMBER="8/2" OPERTYPEID="10" NEXTID="68646518" UPDATEDATE="2024-09-09" STARTDATE="2019-07-29" ENDDATE="2024-09-09" ISACTUAL="0" ISACTIVE="0" /><STEAD ID="68646518" OBJECTID="94065780" OBJECTGUID="1032c4ba-9619-4ec2-bc68-7b3f37d2ee5c" CHANGEID="600743079" NUMBER="8/1" OPERTYPEID="20" PREVID="9532567" UPDATEDATE="2024-09-09" STARTDATE="2024-09-09" ENDDATE="2079-06-06" ISACTUAL="1" ISACTIVE="1" /><STEAD ID="68646525" OBJECTID="165120367" OBJECTGUID="953a6016-2f93-405a-bbd9-818123290c93" CHANGEID="600743099" NUMBER="28" OPERTYPEID="10" PREVID="0" NEXTID="0" UPDATEDATE="2024-09-09" STARTDATE="2024-09-09" ENDDATE="2079-06-06" ISACTUAL="1" ISACTIVE="1" /><STEAD ID="68646528" OBJECTID="165120370" OBJECTGUID="b6225a08-4a37-4055-8e51-f3ca7394fecc" CHANGEID="600743108" NUMBER="27" OPERTYPEID="10" PREVID="0" NEXTID="0" UPDATEDATE="2024-09-09" STARTDATE="2024-09-09" ENDDATE="2079-06-06" ISACTUAL="1" ISACTIVE="1" /><STEAD ID="68646529" OBJECTID="165120371" OBJECTGUID="5f8c5203-92ec-469f-b3d6-431d08f1e086" CHANGEID="600743109" NUMBER="18" OPERTYPEID="10" PREVID="0" NEXTID="0" UPDATEDATE="2024-09-09" STARTDATE="2024-09-09" ENDDATE="2079-06-06" ISACTUAL="1" ISACTIVE="1" /><STEAD ID="68646584" OBJECTID="165120431" OBJECTGUID="a1f38feb-7290-4c14-9f61-5b84ede211d7" CHANGEID="600743192" NUMBER="3/118" OPERTYPEID="10" PREVID="0" NEXTID="0" UPDATEDATE="2024-09-09" STARTDATE="2024-09-09" ENDDATE="2079-06-06" ISACTUAL="1" ISACTIVE="1" /><STEAD ID="68646597" OBJECTID="165120444" OBJECTGUID="6a037c8d-1094-49cd-9b96-9e28692ab508" CHANGEID="600743205" NUMBER="595" OPERTYPEID="10" PREVID="0" NEXTID="0" UPDATEDATE="2024-09-09" STARTDATE="2024-09-09" ENDDATE="2079-06-06" ISACTUAL="1" ISACTIVE="1" /><STEAD ID="68646610" OBJECTID="88434464" OBJECTGUID="40359e4d-8c30-4bb2-a55c-1923889cc809" CHANGEID="600743221" NUMBER="9Г" OPERTYPEID="30" PREVID="3895625" NEXTID="0" UPDATEDATE="2024-09-09" STARTDATE="2024-09-09" ENDDATE="2079-06-06" ISACTUAL="1" ISACTIVE="0" /><STEAD ID="65966478" OBJECTID="156843781" OBJECTGUID="be479993-2ae7-4e80-b521-51992962bd73" CHANGEID="461041424" NUMBER="28" OPERTYPEID="10" PREVID="0" NEXTID="68646614" UPDATEDATE="2024-09-09" STARTDATE="2022-11-02" ENDDATE="2024-09-09" ISACTUAL="0" ISACTIVE="0" /><STEAD ID="68646614" OBJECTID="156843781" OBJECTGUID="be479993-2ae7-4e80-b521-51992962bd73" CHANGEID="600743225" NUMBER="8" OPERTYPEID="50" PREVID="65966478" UPDATEDATE="2024-09-09" STARTDATE="2024-09-09" ENDDATE="2079-06-06" ISACTUAL="1" ISACTIVE="1" /><STEAD ID="68646661" OBJECTID="165120526" OBJECTGUID="bfca156b-4c9a-481a-b31b-610d8213bdf6" CHANGEID="600743349" NUMBER="24" OPERTYPEID="10" PREVID="0" NEXTID="0" UPDATEDATE="2024-09-09" STARTDATE="2024-09-09" ENDDATE="2079-06-06" ISACTUAL="1" ISACTIVE="1" /><STEAD ID="68650324" OBJECTID="104560912" OBJECTGUID="9fac8db8-372b-4922-bb81-5cda5148b03a" CHANGEID="600751903" NUMBER="14" OPERTYPEID="40" PREVID="15491634" UPDATEDATE="2024-09-09" STARTDATE="2024-09-09" ENDDATE="2079-06-06" ISACTUAL="1" ISACTIVE="1" /><STEAD ID="15491634" OBJECTID="104560912" OBJECTGUID="9fac8db8-372b-4922-bb81-5cda5148b03a" CHANGEID="283347170" NUMBER="14" OPERTYPEID="10" PREVID="0" NEXTID="68650324" UPDATEDATE="2024-09-09" STARTDATE="2022-05-25" ENDDATE="2024-09-09" ISACTUAL="0" ISACTIVE="0" /><STEAD ID="15491635" OBJECTID="104560913" OBJECTGUID="33aaf4f9-a4cb-4f8a-b506-4dd290ffae6c" CHANGEID="283347171" NUMBER="15" OPERTYPEID="10" PREVID="0" NEXTID="68650325" UPDATEDATE="2024-09-09" STARTDATE="2022-05-25" ENDDATE="2024-09-09" ISACTUAL="0" ISACTIVE="0" /><STEAD ID="68650325" OBJECTID="104560913" OBJECTGUID="33aaf4f9-a4cb-4f8a-b506-4dd290ffae6c" CHANGEID="600751904" NUMBER="15" OPERTYPEID="42" PREVID="15491635" NEXTID="68650324" UPDATEDATE="2024-09-09" STARTDATE="2024-09-09" ENDDATE="2079-06-06" ISACTUAL="1" ISACTIVE="0" /><STEAD ID="68650328" OBJECTID="165126285" OBJECTGUID="22139ba8-7044-4f72-a7e9-538abcd738ba" CHANGEID="600751996" NUMBER="8/1" OPERTYPEID="10" PREVID="0" NEXTID="0" UPDATEDATE="2024-09-09" STARTDATE="2024-09-09" ENDDATE="2079-06-06" ISACTUAL="1" ISACTIVE="1" /><STEAD ID="68650340" OBJECTID="165126301" OBJECTGUID="c2697126-a946-417e-8c6e-fdcfa02f6d42" CHANGEID="600752012" NUMBER="1" OPERTYPEID="10" PREVID="0" NEXTID="0" UPDATEDATE="2024-09-09" STARTDATE="2024-09-09" ENDDATE="2079-06-06" ISACTUAL="1" ISACTIVE="1" /><STEAD ID="68650341" OBJECTID="165126302" OBJECTGUID="9f1fb9a2-719e-438c-b3db-767d7f0868e1" CHANGEID="600752013" NUMBER="2" OPERTYPEID="10" PREVID="0" NEXTID="0" UPDATEDATE="2024-09-09" STARTDATE="2024-09-09" ENDDATE="2079-06-06" ISACTUAL="1" ISACTIVE="1" /><STEAD ID="68650342" OBJECTID="165126303" OBJECTGUID="c5eae4d4-e9f9-4652-afc0-4bee3398cea0" CHANGEID="600752014" NUMBER="3" OPERTYPEID="10" PREVID="0" NEXTID="0" UPDATEDATE="2024-09-09" STARTDATE="2024-09-09" ENDDATE="2079-06-06" ISACTUAL="1" ISACTIVE="1" /><STEAD ID="68650343" OBJECTID="165126304" OBJECTGUID="a0424a0e-11a6-4167-9c54-aca812f9f56f" CHANGEID="600752015" NUMBER="5" OPERTYPEID="10" PREVID="0" NEXTID="0" UPDATEDATE="2024-09-09" STARTDATE="2024-09-09" ENDDATE="2079-06-06" ISACTUAL="1" ISACTIVE="1" /><STEAD ID="68650387" OBJECTID="165126364" OBJECTGUID="e978b460-648d-4c52-9a30-8048ee867994" CHANGEID="600752100" NUMBER="21/1" OPERTYPEID="10" PREVID="0" NEXTID="0" UPDATEDATE="2024-09-09" STARTDATE="2024-09-09" ENDDATE="2079-06-06" ISACTUAL="1" ISACTIVE="1" /><STEAD ID="68650389" OBJECTID="165126366" OBJECTGUID="7331c4bf-79d9-4a38-a05f-b37b8cf11591" CHANGEID="600752102" NUMBER="23/1" OPERTYPEID="10" PREVID="0" NEXTID="0" UPDATEDATE="2024-09-09" STARTDATE="2024-09-09" ENDDATE="2079-06-06" ISACTUAL="1" ISACTIVE="1" /><STEAD ID="68651452" OBJECTID="165127584" OBJECTGUID="64ba40b2-4725-4b88-9b1b-caba6a71cb6d" CHANGEID="600754527" NUMBER="12а" OPERTYPEID="10" PREVID="0" NEXTID="0" UPDATEDATE="2024-09-09" STARTDATE="2024-09-09" ENDDATE="2079-06-06" ISACTUAL="1" ISACTIVE="1" /><STEAD ID="68651503" OBJECTID="165127653" OBJECTGUID="b28ef4dc-71d6-4b11-9eeb-1e78448306d1" CHANGEID="600754625" NUMBER="7" OPERTYPEID="10" PREVID="0" NEXTID="0" UPDATEDATE="2024-09-09" STARTDATE="2024-09-09" ENDDATE="2079-06-06" ISACTUAL="1" ISACTIVE="1" /><STEAD ID="68651504" OBJECTID="165127654" OBJECTGUID="5781a7da-95ed-4503-9f00-876afc950557" CHANGEID="600754631" NUMBER="165" OPERTYPEID="10" PREVID="0" NEXTID="0" UPDATEDATE="2024-09-09" STARTDATE="2024-09-09" ENDDATE="2079-06-06" ISACTUAL="1" ISACTIVE="1" /><STEAD ID="68651502" OBJECTID="165127651" OBJECTGUID="8de7dae2-7a92-4108-b67a-3cc1c2646142" CHANGEID="600754622" NUMBER="29" OPERTYPEID="10" PREVID="0" NEXTID="0" UPDATEDATE="2024-09-09" STARTDATE="2024-09-09" ENDDATE="2079-06-06" ISACTUAL="1" ISACTIVE="1" /><STEAD ID="68651563" OBJECTID="165127738" OBJECTGUID="14f2f53b-a0d2-4505-af64-3cdfdd059f18" CHANGEID="600754786" NUMBER="128" OPERTYPEID="10" PREVID="0" NEXTID="0" UPDATEDATE="2024-09-09" STARTDATE="2024-09-09" ENDDATE="2079-06-06" ISACTUAL="1" ISACTIVE="1" /><STEAD ID="68652866" OBJECTID="165129399" OBJECTGUID="8be3bb7e-211e-4f18-a74e-a9edb24f5b37" CHANGEID="600756961" NUMBER="9" OPERTYPEID="10" PREVID="0" NEXTID="0" UPDATEDATE="2024-09-09" STARTDATE="2024-09-09" ENDDATE="2079-06-06" ISACTUAL="1" ISACTIVE="1" /><STEAD ID="68653467" OBJECTID="96670444" OBJECTGUID="7122d1f2-78ec-462f-9fa7-d1ba3505b715" CHANGEID="600759487" NUMBER="88" OPERTYPEID="30" PREVID="11540960" NEXTID="0" UPDATEDATE="2024-09-09" STARTDATE="2024-09-09" ENDDATE="2079-06-06" ISACTUAL="1" ISACTIVE="0" /><STEAD ID="11540960" OBJECTID="96670444" OBJECTGUID="7122d1f2-78ec-462f-9fa7-d1ba3505b715" CHANGEID="149605772" NUMBER="88" OPERTYPEID="10" PREVID="0" NEXTID="68653467" UPDATEDATE="2024-09-09" STARTDATE="2020-05-13" ENDDATE="2024-09-09" ISACTUAL="0" ISACTIVE="0" /><STEAD ID="68654305" OBJECTID="165132763" OBJECTGUID="4b3c827c-69f2-47a5-a0ff-9048218f7552" CHANGEID="600762431" NUMBER="18А" OPERTYPEID="10" PREVID="0" NEXTID="0" UPDATEDATE="2024-09-09" STARTDATE="2024-09-09" ENDDATE="2079-06-06" ISACTUAL="1" ISACTIVE="1" /><STEAD ID="68654306" OBJECTID="165132765" OBJECTGUID="695f98d0-afa1-4379-8a3a-1fd9608a7fb1" CHANGEID="600762433" NUMBER="1276" OPERTYPEID="10" PREVID="0" NEXTID="0" UPDATEDATE="2024-09-09" STARTDATE="2024-09-09" ENDDATE="2079-06-06" ISACTUAL="1" ISACTIVE="1" /><STEAD ID="68664723" OBJECTID="165151688" OBJECTGUID="1168eb37-d6b5-4650-a2b7-4e567b02105c" CHANGEID="600797286" NUMBER="381" OPERTYPEID="10" PREVID="0" NEXTID="0" UPDATEDATE="2024-09-10" STARTDATE="2024-09-10" ENDDATE="2079-06-06" ISACTUAL="1" ISACTIVE="1" /><STEAD ID="68664724" OBJECTID="165151690" OBJECTGUID="a24f2ec5-eb45-4a13-b168-75a95128aa93" CHANGEID="600797288" NUMBER="128/1" OPERTYPEID="10" PREVID="0" NEXTID="0" UPDATEDATE="2024-09-10" STARTDATE="2024-09-10" ENDDATE="2079-06-06" ISACTUAL="1" ISACTIVE="1" /><STEAD ID="68665098" OBJECTID="165152328" OBJECTGUID="20d86a68-ef3b-4d0c-b77f-aba5d99b22d4" CHANGEID="600798228" NUMBER="45" OPERTYPEID="10" PREVID="0" NEXTID="0" UPDATEDATE="2024-09-10" STARTDATE="2024-09-10" ENDDATE="2079-06-06" ISACTUAL="1" ISACTIVE="1" /><STEAD ID="68665114" OBJECTID="165153029" OBJECTGUID="db08aebd-f316-4056-8434-7719e39009fd" CHANGEID="600799118" NUMBER="25" OPERTYPEID="10" PREVID="0" NEXTID="0" UPDATEDATE="2024-09-10" STARTDATE="2024-09-10" ENDDATE="2079-06-06" ISACTUAL="1" ISACTIVE="1" /><STEAD ID="68665116" OBJECTID="165153031" OBJECTGUID="7f26e8fa-fa42-4ecc-a0c9-5333b400b630" CHANGEID="600799120" NUMBER="23" OPERTYPEID="10" PREVID="0" NEXTID="0" UPDATEDATE="2024-09-10" STARTDATE="2024-09-10" ENDDATE="2079-06-06" ISACTUAL="1" ISACTIVE="1" /><STEAD ID="68665117" OBJECTID="165153032" OBJECTGUID="5a764c1e-981b-41fe-8ef0-5ac6e6f31881" CHANGEID="600799121" NUMBER="27" OPERTYPEID="10" PREVID="0" NEXTID="0" UPDATEDATE="2024-09-10" STARTDATE="2024-09-10" ENDDATE="2079-06-06" ISACTUAL="1" ISACTIVE="1" /><STEAD ID="68665121" OBJECTID="165153036" OBJECTGUID="b4e814dc-f66a-4058-815a-54e7fa5ab955" CHANGEID="600799126" NUMBER="24" OPERTYPEID="10" PREVID="0" NEXTID="0" UPDATEDATE="2024-09-10" STARTDATE="2024-09-10" ENDDATE="2079-06-06" ISACTUAL="1" ISACTIVE="1" /><STEAD ID="68665126" OBJECTID="165153042" OBJECTGUID="b3984417-0c40-4a49-9878-df86799c477a" CHANGEID="600799132" NUMBER="191" OPERTYPEID="10" PREVID="0" NEXTID="0" UPDATEDATE="2024-09-10" STARTDATE="2024-09-10" ENDDATE="2079-06-06" ISACTUAL="1" ISACTIVE="1" /><STEAD ID="68665528" OBJECTID="165153493" OBJECTGUID="99415500-6e34-46d1-8d79-fb7439917027" CHANGEID="600799704" NUMBER="46" OPERTYPEID="10" PREVID="0" NEXTID="0" UPDATEDATE="2024-09-10" STARTDATE="2024-09-10" ENDDATE="2079-06-06" ISACTUAL="1" ISACTIVE="1" /><STEAD ID="68665840" OBJECTID="165154364" OBJECTGUID="fd987b17-533b-4b1e-8df3-3a99df160cae" CHANGEID="600800823" NUMBER="52" OPERTYPEID="10" PREVID="0" NEXTID="0" UPDATEDATE="2024-09-10" STARTDATE="2024-09-10" ENDDATE="2079-06-06" ISACTUAL="1" ISACTIVE="1" /><STEAD ID="68666482" OBJECTID="165155470" OBJECTGUID="2bace1c8-d5eb-483e-8050-2cc34fc9232d" CHANGEID="600802595" NUMBER="9/7" OPERTYPEID="10" PREVID="0" NEXTID="0" UPDATEDATE="2024-09-10" STARTDATE="2024-09-10" ENDDATE="2079-06-06" ISACTUAL="1" ISACTIVE="1" /><STEAD ID="68666484" OBJECTID="165155472" OBJECTGUID="8344e870-dc55-47e9-a604-41a3ac25ce6e" CHANGEID="600802597" NUMBER="11/4" OPERTYPEID="10" PREVID="0" NEXTID="0" UPDATEDATE="2024-09-10" STARTDATE="2024-09-10" ENDDATE="2079-06-06" ISACTUAL="1" ISACTIVE="1" /><STEAD ID="68666483" OBJECTID="165155471" OBJECTGUID="3400d475-2098-4496-9b45-70523182832c" CHANGEID="600802596" NUMBER="9/5" OPERTYPEID="10" PREVID="0" NEXTID="0" UPDATEDATE="2024-09-10" STARTDATE="2024-09-10" ENDDATE="2079-06-06" ISACTUAL="1" ISACTIVE="1" /><STEAD ID="68666864" OBJECTID="165156006" OBJECTGUID="ad9ce713-1bc0-457e-8ce3-a86b59c08e2a" CHANGEID="600803933" NUMBER="14" OPERTYPEID="10" PREVID="0" NEXTID="0" UPDATEDATE="2024-09-10" STARTDATE="2024-09-10" ENDDATE="2079-06-06" ISACTUAL="1" ISACTIVE="1" /><STEAD ID="68666865" OBJECTID="165156007" OBJECTGUID="ea3aaf46-9740-4b61-bb7d-5e1393c54d1e" CHANGEID="600803934" NUMBER="6" OPERTYPEID="10" PREVID="0" NEXTID="0" UPDATEDATE="2024-09-10" STARTDATE="2024-09-10" ENDDATE="2079-06-06" ISACTUAL="1" ISACTIVE="1" /><STEAD ID="68667247" OBJECTID="165156967" OBJECTGUID="e35cad30-ed8f-4657-85db-08511a0d2205" CHANGEID="600805577" NUMBER="4" OPERTYPEID="10" PREVID="0" NEXTID="0" UPDATEDATE="2024-09-10" STARTDATE="2024-09-10" ENDDATE="2079-06-06" ISACTUAL="1" ISACTIVE="1" /><STEAD ID="68667252" OBJECTID="165156993" OBJECTGUID="534ded2c-a131-4ae4-af08-4e25e4b7ea67" CHANGEID="600805668" NUMBER="1" OPERTYPEID="10" PREVID="0" NEXTID="0" UPDATEDATE="2024-09-10" STARTDATE="2024-09-10" ENDDATE="2079-06-06" ISACTUAL="1" ISACTIVE="1" /><STEAD ID="13191376" OBJECTID="99627949" OBJECTGUID="2cf5ac1a-4932-43f5-a3a6-e4bfb9d772fb" CHANGEID="164358084" NUMBER="12/2б" OPERTYPEID="10" PREVID="0" NEXTID="68667272" UPDATEDATE="2024-09-10" STARTDATE="2020-12-16" ENDDATE="2024-09-10" ISACTUAL="0" ISACTIVE="0" /><STEAD ID="68667272" OBJECTID="99627949" OBJECTGUID="2cf5ac1a-4932-43f5-a3a6-e4bfb9d772fb" CHANGEID="600805731" NUMBER="12/3" OPERTYPEID="20" PREVID="13191376" UPDATEDATE="2024-09-10" STARTDATE="2024-09-10" ENDDATE="2079-06-06" ISACTUAL="1" ISACTIVE="1" /><STEAD ID="68667798" OBJECTID="165157853" OBJECTGUID="f858e8f6-e80f-4e81-be68-a6d4334c40b6" CHANGEID="600807527" NUMBER="158/12" OPERTYPEID="10" PREVID="0" NEXTID="0" UPDATEDATE="2024-09-10" STARTDATE="2024-09-10" ENDDATE="2079-06-06" ISACTUAL="1" ISACTIVE="1" /><STEAD ID="68667822" OBJECTID="95898674" OBJECTGUID="e2717d2a-3c1a-46b5-b8f1-1888bf794893" CHANGEID="600807675" NUMBER="105г/19" OPERTYPEID="30" PREVID="11103601" NEXTID="0" UPDATEDATE="2024-09-10" STARTDATE="2024-09-10" ENDDATE="2079-06-06" ISACTUAL="1" ISACTIVE="0" /><STEAD ID="11103601" OBJECTID="95898674" OBJECTGUID="e2717d2a-3c1a-46b5-b8f1-1888bf794893" CHANGEID="140451070" NUMBER="105г/19" OPERTYPEID="10" PREVID="0" NEXTID="68667822" UPDATEDATE="2024-09-10" STARTDATE="2020-03-10" ENDDATE="2024-09-10" ISACTUAL="0" ISACTIVE="0" /><STEAD ID="68667797" OBJECTID="165157842" OBJECTGUID="1018a611-2c47-40d4-a0de-a92b21b92235" CHANGEID="600807514" NUMBER="98/64" OPERTYPEID="10" PREVID="0" NEXTID="0" UPDATEDATE="2024-09-10" STARTDATE="2024-09-10" ENDDATE="2079-06-06" ISACTUAL="1" ISACTIVE="1" /><STEAD ID="68667813" OBJECTID="165157930" OBJECTGUID="9302cc14-66be-4589-b477-1d0b838bec99" CHANGEID="600807649" NUMBER="102/151" OPERTYPEID="10" PREVID="0" NEXTID="0" UPDATEDATE="2024-09-10" STARTDATE="2024-09-10" ENDDATE="2079-06-06" ISACTUAL="1" ISACTIVE="1" /><STEAD ID="68670030" OBJECTID="165161970" OBJECTGUID="dd40f726-e9ca-48e5-8354-c3b36d0c0668" CHANGEID="600814140" NUMBER="2Г" OPERTYPEID="10" PREVID="0" NEXTID="0" UPDATEDATE="2024-09-10" STARTDATE="2024-09-10" ENDDATE="2079-06-06" ISACTUAL="1" ISACTIVE="1" /><STEAD ID="68670032" OBJECTID="165161972" OBJECTGUID="329ef996-89be-4407-ab11-0bd0a442b920" CHANGEID="600814142" NUMBER="2В" OPERTYPEID="10" PREVID="0" NEXTID="0" UPDATEDATE="2024-09-10" STARTDATE="2024-09-10" ENDDATE="2079-06-06" ISACTUAL="1" ISACTIVE="1" /><STEAD ID="68670033" OBJECTID="165161974" OBJECTGUID="037ad7a6-fe81-4da5-af63-22a2e443bbbf" CHANGEID="600814144" NUMBER="25" OPERTYPEID="10" PREVID="0" NEXTID="0" UPDATEDATE="2024-09-10" STARTDATE="2024-09-10" ENDDATE="2079-06-06" ISACTUAL="1" ISACTIVE="1" /><STEAD ID="68670031" OBJECTID="165161971" OBJECTGUID="231c8495-7ef4-42ca-a9f2-e39ae5ee38b1" CHANGEID="600814141" NUMBER="2А" OPERTYPEID="10" PREVID="0" NEXTID="0" UPDATEDATE="2024-09-10" STARTDATE="2024-09-10" ENDDATE="2079-06-06" ISACTUAL="1" ISACTIVE="1" /><STEAD ID="68670126" OBJECTID="165162080" OBJECTGUID="5e33e7d2-5f67-474d-bd12-ef07d643a684" CHANGEID="600814300" NUMBER="152" OPERTYPEID="10" PREVID="0" NEXTID="0" UPDATEDATE="2024-09-10" STARTDATE="2024-09-10" ENDDATE="2079-06-06" ISACTUAL="1" ISACTIVE="1" /><STEAD ID="68670134" OBJECTID="165162096" OBJECTGUID="476225dd-d33c-4c29-8c3c-8cef4b6bc9c8" CHANGEID="600814366" NUMBER="5" OPERTYPEID="10" PREVID="0" NEXTID="0" UPDATEDATE="2024-09-10" STARTDATE="2024-09-10" ENDDATE="2079-06-06" ISACTUAL="1" ISACTIVE="1" /><STEAD ID="68670693" OBJECTID="165163373" OBJECTGUID="856bc783-b1e7-4e3b-98cd-eb7e26417cee" CHANGEID="600816327" NUMBER="11" OPERTYPEID="10" PREVID="0" NEXTID="0" UPDATEDATE="2024-09-10" STARTDATE="2024-09-10" ENDDATE="2079-06-06" ISACTUAL="1" ISACTIVE="1" /><STEAD ID="68670731" OBJECTID="165163422" OBJECTGUID="c9e50bb1-7924-4597-a988-24daa2f27736" CHANGEID="600816380" NUMBER="19А" OPERTYPEID="10" PREVID="0" NEXTID="0" UPDATEDATE="2024-09-10" STARTDATE="2024-09-10" ENDDATE="2079-06-06" ISACTUAL="1" ISACTIVE="1" /><STEAD ID="68670774" OBJECTID="165163475" OBJECTGUID="04c41efc-e5c0-4ee2-ab0a-90a1c60dcf21" CHANGEID="600816524" NUMBER="7/2" OPERTYPEID="10" PREVID="0" NEXTID="0" UPDATEDATE="2024-09-10" STARTDATE="2024-09-10" ENDDATE="2079-06-06" ISACTUAL="1" ISACTIVE="1" /><STEAD ID="68670775" OBJECTID="165163476" OBJECTGUID="39f19ab7-24e9-4ea3-bb98-ae8971d2aa5f" CHANGEID="600816526" NUMBER="62" OPERTYPEID="10" PREVID="0" NEXTID="0" UPDATEDATE="2024-09-10" STARTDATE="2024-09-10" ENDDATE="2079-06-06" ISACTUAL="1" ISACTIVE="1" /><STEAD ID="68670753" OBJECTID="165163449" OBJECTGUID="0cbd3664-3b39-44fb-9702-6a7ffd279b2e" CHANGEID="600816493" NUMBER="16" OPERTYPEID="10" PREVID="0" NEXTID="0" UPDATEDATE="2024-09-10" STARTDATE="2024-09-10" ENDDATE="2079-06-06" ISACTUAL="1" ISACTIVE="1" /><STEAD ID="68670772" OBJECTID="165163471" OBJECTGUID="7a24eab2-d6dc-4a8f-9c2f-519ca8f2a241" CHANGEID="600816519" NUMBER="35Б" OPERTYPEID="10" PREVID="0" NEXTID="0" UPDATEDATE="2024-09-10" STARTDATE="2024-09-10" ENDDATE="2079-06-06" ISACTUAL="1" ISACTIVE="1" /><STEAD ID="68671629" OBJECTID="165164691" OBJECTGUID="3a629a0d-e453-456f-b438-f33aeab52361" CHANGEID="600818707" NUMBER="2А" OPERTYPEID="10" PREVID="0" NEXTID="0" UPDATEDATE="2024-09-10" STARTDATE="2024-09-10" ENDDATE="2079-06-06" ISACTUAL="1" ISACTIVE="1" /><STEAD ID="68671630" OBJECTID="165164692" OBJECTGUID="e1bf9d75-0e0f-4150-b260-2dc6c7b59747" CHANGEID="600818708" NUMBER="2" OPERTYPEID="10" PREVID="0" NEXTID="0" UPDATEDATE="2024-09-10" STARTDATE="2024-09-10" ENDDATE="2079-06-06" ISACTUAL="1" ISACTIVE="1" /><STEAD ID="68671632" OBJECTID="165164694" OBJECTGUID="8b632c83-d20f-4e98-a0e6-135b16f67e97" CHANGEID="600818712" NUMBER="41" OPERTYPEID="10" PREVID="0" NEXTID="0" UPDATEDATE="2024-09-10" STARTDATE="2024-09-10" ENDDATE="2079-06-06" ISACTUAL="1" ISACTIVE="1" /><STEAD ID="68671633" OBJECTID="165164695" OBJECTGUID="3de6b38e-c0f7-4ceb-841d-66534a0dcf40" CHANGEID="600818714" NUMBER="30" OPERTYPEID="10" PREVID="0" NEXTID="0" UPDATEDATE="2024-09-10" STARTDATE="2024-09-10" ENDDATE="2079-06-06" ISACTUAL="1" ISACTIVE="1" /><STEAD ID="68671635" OBJECTID="165164697" OBJECTGUID="793b01c6-5046-49cd-bca5-b7673c1e01f1" CHANGEID="600818716" NUMBER="35" OPERTYPEID="10" PREVID="0" NEXTID="0" UPDATEDATE="2024-09-10" STARTDATE="2024-09-10" ENDDATE="2079-06-06" ISACTUAL="1" ISACTIVE="1" /><STEAD ID="68671628" OBJECTID="165164690" OBJECTGUID="8d7e30d4-ee74-4167-8b97-dd9fb748f13b" CHANGEID="600818706" NUMBER="8А" OPERTYPEID="10" PREVID="0" NEXTID="0" UPDATEDATE="2024-09-10" STARTDATE="2024-09-10" ENDDATE="2079-06-06" ISACTUAL="1" ISACTIVE="1" /><STEAD ID="68671631" OBJECTID="165164693" OBJECTGUID="99bf82b3-50e6-4402-bd88-0277cf4018fe" CHANGEID="600818709" NUMBER="12" OPERTYPEID="10" PREVID="0" NEXTID="0" UPDATEDATE="2024-09-10" STARTDATE="2024-09-10" ENDDATE="2079-06-06" ISACTUAL="1" ISACTIVE="1" /><STEAD ID="68671634" OBJECTID="165164696" OBJECTGUID="2208ea81-f2fc-41a7-991c-a21c8684e692" CHANGEID="600818715" NUMBER="32" OPERTYPEID="10" PREVID="0" NEXTID="0" UPDATEDATE="2024-09-10" STARTDATE="2024-09-10" ENDDATE="2079-06-06" ISACTUAL="1" ISACTIVE="1" /><STEAD ID="68672742" OBJECTID="165166158" OBJECTGUID="e1ff4707-058f-4cb4-865d-121fbf356fe1" CHANGEID="600821168" NUMBER="2А/1" OPERTYPEID="10" PREVID="0" NEXTID="0" UPDATEDATE="2024-09-10" STARTDATE="2024-09-10" ENDDATE="2079-06-06" ISACTUAL="1" ISACTIVE="1" /><STEAD ID="68672743" OBJECTID="165166161" OBJECTGUID="a5f415e8-5ee5-4e09-9bf1-da2af4474da4" CHANGEID="600821171" NUMBER="2А/2" OPERTYPEID="10" PREVID="0" NEXTID="0" UPDATEDATE="2024-09-10" STARTDATE="2024-09-10" ENDDATE="2079-06-06" ISACTUAL="1" ISACTIVE="1" /><STEAD ID="68672744" OBJECTID="165166162" OBJECTGUID="c9d65c94-ace5-445a-a626-7cd3a3ed7a26" CHANGEID="600821172" NUMBER="2А/3" OPERTYPEID="10" PREVID="0" NEXTID="0" UPDATEDATE="2024-09-10" STARTDATE="2024-09-10" ENDDATE="2079-06-06" ISACTUAL="1" ISACTIVE="1" /><STEAD ID="68672745" OBJECTID="165166163" OBJECTGUID="f0c79ed7-96b3-4b1b-925d-2a68d8e58396" CHANGEID="600821173" NUMBER="2А/4" OPERTYPEID="10" PREVID="0" NEXTID="0" UPDATEDATE="2024-09-10" STARTDATE="2024-09-10" ENDDATE="2079-06-06" ISACTUAL="1" ISACTIVE="1" /><STEAD ID="68672746" OBJECTID="165166165" OBJECTGUID="551e0095-ee9f-4c8e-99c0-9287a8466213" CHANGEID="600821175" NUMBER="2А/5" OPERTYPEID="10" PREVID="0" NEXTID="0" UPDATEDATE="2024-09-10" STARTDATE="2024-09-10" ENDDATE="2079-06-06" ISACTUAL="1" ISACTIVE="1" /><STEAD ID="68672747" OBJECTID="165166166" OBJECTGUID="224a1235-8b7d-467d-bff2-ecc517f7fabf" CHANGEID="600821176" NUMBER="2А/6" OPERTYPEID="10" PREVID="0" NEXTID="0" UPDATEDATE="2024-09-10" STARTDATE="2024-09-10" ENDDATE="2079-06-06" ISACTUAL="1" ISACTIVE="1" /><STEAD ID="68672748" OBJECTID="165166167" OBJECTGUID="58274b7a-d7fa-4c8d-a0ad-f59758a1bfec" CHANGEID="600821177" NUMBER="2Б/1А" OPERTYPEID="10" PREVID="0" NEXTID="0" UPDATEDATE="2024-09-10" STARTDATE="2024-09-10" ENDDATE="2079-06-06" ISACTUAL="1" ISACTIVE="1" /><STEAD ID="68672749" OBJECTID="165166168" OBJECTGUID="3ff35bc5-253c-4067-9016-90fdba2edf43" CHANGEID="600821178" NUMBER="2Б/3" OPERTYPEID="10" PREVID="0" NEXTID="0" UPDATEDATE="2024-09-10" STARTDATE="2024-09-10" ENDDATE="2079-06-06" ISACTUAL="1" ISACTIVE="1" /><STEAD ID="68672750" OBJECTID="165166169" OBJECTGUID="978a8bf9-005e-4e12-b034-da9d6c13f029" CHANGEID="600821179" NUMBER="2Б/4" OPERTYPEID="10" PREVID="0" NEXTID="0" UPDATEDATE="2024-09-10" STARTDATE="2024-09-10" ENDDATE="2079-06-06" ISACTUAL="1" ISACTIVE="1" /><STEAD ID="68672751" OBJECTID="165166170" OBJECTGUID="9ae95d3e-8ee3-4a40-a4b6-2fec00daaf1b" CHANGEID="600821180" NUMBER="2Б/5" OPERTYPEID="10" PREVID="0" NEXTID="0" UPDATEDATE="2024-09-10" STARTDATE="2024-09-10" ENDDATE="2079-06-06" ISACTUAL="1" ISACTIVE="1" /><STEAD ID="68672752" OBJECTID="165166172" OBJECTGUID="abfeabaa-287c-4b4b-89f0-b9bc85d34a01" CHANGEID="600821182" NUMBER="2Б/6" OPERTYPEID="10" PREVID="0" NEXTID="0" UPDATEDATE="2024-09-10" STARTDATE="2024-09-10" ENDDATE="2079-06-06" ISACTUAL="1" ISACTIVE="1" /><STEAD ID="68672753" OBJECTID="165166173" OBJECTGUID="07dbab9f-4c10-455a-af3f-ea979c5fa1f3" CHANGEID="600821183" NUMBER="2Б/7" OPERTYPEID="10" PREVID="0" NEXTID="0" UPDATEDATE="2024-09-10" STARTDATE="2024-09-10" ENDDATE="2079-06-06" ISACTUAL="1" ISACTIVE="1" /><STEAD ID="68672754" OBJECTID="165166181" OBJECTGUID="3c1fef58-5f07-4f6e-ad65-efd252c5a77c" CHANGEID="600821196" NUMBER="1" OPERTYPEID="10" PREVID="0" NEXTID="0" UPDATEDATE="2024-09-10" STARTDATE="2024-09-10" ENDDATE="2079-06-06" ISACTUAL="1" ISACTIVE="1" /><STEAD ID="68672823" OBJECTID="157526300" OBJECTGUID="7303b4a2-dd7e-4071-93ce-7ce0b9708d86" CHANGEID="600821410" NUMBER="4" OPERTYPEID="30" PREVID="66129703" NEXTID="0" UPDATEDATE="2024-09-10" STARTDATE="2024-09-10" ENDDATE="2079-06-06" ISACTUAL="1" ISACTIVE="0" /><STEAD ID="66129703" OBJECTID="157526300" OBJECTGUID="7303b4a2-dd7e-4071-93ce-7ce0b9708d86" CHANGEID="489171292" NUMBER="4" OPERTYPEID="10" PREVID="0" NEXTID="68672823" UPDATEDATE="2024-09-10" STARTDATE="2022-12-16" ENDDATE="2024-09-10" ISACTUAL="0" ISACTIVE="0" /><STEAD ID="68672755" OBJECTID="165166183" OBJECTGUID="2324c485-59d7-4efd-ba39-ecba4ebcbd3a" CHANGEID="600821201" NUMBER="2" OPERTYPEID="10" PREVID="0" NEXTID="0" UPDATEDATE="2024-09-10" STARTDATE="2024-09-10" ENDDATE="2079-06-06" ISACTUAL="1" ISACTIVE="1" /><STEAD ID="68672756" OBJECTID="165166188" OBJECTGUID="49d4b7c5-88aa-481a-8936-cf1b673c7682" CHANGEID="600821209" NUMBER="8" OPERTYPEID="10" PREVID="0" NEXTID="0" UPDATEDATE="2024-09-10" STARTDATE="2024-09-10" ENDDATE="2079-06-06" ISACTUAL="1" ISACTIVE="1" /><STEAD ID="68672757" OBJECTID="165166189" OBJECTGUID="b0217d34-b2a7-4f6b-ae5a-f28841870680" CHANGEID="600821210" NUMBER="8А" OPERTYPEID="10" PREVID="0" NEXTID="0" UPDATEDATE="2024-09-10" STARTDATE="2024-09-10" ENDDATE="2079-06-06" ISACTUAL="1" ISACTIVE="1" /><STEAD ID="68672758" OBJECTID="165166202" OBJECTGUID="3f64f731-94f4-4685-beee-33596a5f6773" CHANGEID="600821225" NUMBER="1" OPERTYPEID="10" PREVID="0" NEXTID="0" UPDATEDATE="2024-09-10" STARTDATE="2024-09-10" ENDDATE="2079-06-06" ISACTUAL="1" ISACTIVE="1" /><STEAD ID="66785386" OBJECTID="159339396" OBJECTGUID="9b14a046-1689-447c-b577-dbed6344c65c" CHANGEID="506930064" NUMBER="61" OPERTYPEID="10" PREVID="0" NEXTID="68674207" UPDATEDATE="2024-09-10" STARTDATE="2023-07-06" ENDDATE="2024-09-10" ISACTUAL="0" ISACTIVE="0" /><STEAD ID="68674207" OBJECTID="159339396" OBJECTGUID="9b14a046-1689-447c-b577-dbed6344c65c" CHANGEID="600824105" NUMBER="7" OPERTYPEID="50" PREVID="66785386" UPDATEDATE="2024-09-10" STARTDATE="2024-09-10" ENDDATE="2079-06-06" ISACTUAL="1" ISACTIVE="1" /><STEAD ID="68684159" OBJECTID="165184632" OBJECTGUID="15c26448-f8da-4e66-ba40-16a0357cf0fd" CHANGEID="600874036" NUMBER="5" OPERTYPEID="10" PREVID="0" NEXTID="0" UPDATEDATE="2024-09-11" STARTDATE="2024-09-11" ENDDATE="2079-06-06" ISACTUAL="1" ISACTIVE="1" /><STEAD ID="68684160" OBJECTID="165184633" OBJECTGUID="1866a934-dbc2-488e-8c4f-9b35674babe9" CHANGEID="600874038" NUMBER="4А" OPERTYPEID="10" PREVID="0" NEXTID="0" UPDATEDATE="2024-09-11" STARTDATE="2024-09-11" ENDDATE="2079-06-06" ISACTUAL="1" ISACTIVE="1" /><STEAD ID="68684161" OBJECTID="165184634" OBJECTGUID="e12c10a1-2e1f-40e6-968c-703509b650f6" CHANGEID="600874039" NUMBER="41" OPERTYPEID="10" PREVID="0" NEXTID="0" UPDATEDATE="2024-09-11" STARTDATE="2024-09-11" ENDDATE="2079-06-06" ISACTUAL="1" ISACTIVE="1" /><STEAD ID="68684434" OBJECTID="165185098" OBJECTGUID="f88c258b-40ab-495e-8caa-b21343f777f2" CHANGEID="600875339" NUMBER="81г" OPERTYPEID="10" PREVID="0" NEXTID="0" UPDATEDATE="2024-09-11" STARTDATE="2024-09-11" ENDDATE="2079-06-06" ISACTUAL="1" ISACTIVE="1" /><STEAD ID="68684435" OBJECTID="165185099" OBJECTGUID="d81c51ff-5aeb-4555-adaa-ae1d052ce61a" CHANGEID="600875343" NUMBER="81д" OPERTYPEID="10" PREVID="0" NEXTID="0" UPDATEDATE="2024-09-11" STARTDATE="2024-09-11" ENDDATE="2079-06-06" ISACTUAL="1" ISACTIVE="1" /><STEAD ID="68684733" OBJECTID="165185519" OBJECTGUID="b36a6a34-bfd2-4ce9-bb25-69be368098ed" CHANGEID="600876193" NUMBER="26" OPERTYPEID="10" PREVID="0" NEXTID="0" UPDATEDATE="2024-09-11" STARTDATE="2024-09-11" ENDDATE="2079-06-06" ISACTUAL="1" ISACTIVE="1" /><STEAD ID="68685076" OBJECTID="165185951" OBJECTGUID="6a6c7f56-5dba-4302-8d15-28a24b35fe19" CHANGEID="600876877" NUMBER="87а/690" OPERTYPEID="10" PREVID="0" NEXTID="0" UPDATEDATE="2024-09-11" STARTDATE="2024-09-11" ENDDATE="2079-06-06" ISACTUAL="1" ISACTIVE="1" /><STEAD ID="10894098" OBJECTID="95567369" OBJECTGUID="88f99fee-f11b-4892-ad27-c63f54fc7a55" CHANGEID="138902393" NUMBER="15/18а" OPERTYPEID="10" PREVID="0" NEXTID="68685086" UPDATEDATE="2024-09-11" STARTDATE="2020-02-11" ENDDATE="2024-09-11" ISACTUAL="0" ISACTIVE="0" /><STEAD ID="68685086" OBJECTID="95567369" OBJECTGUID="88f99fee-f11b-4892-ad27-c63f54fc7a55" CHANGEID="600876889" NUMBER="33" OPERTYPEID="50" PREVID="10894098" UPDATEDATE="2024-09-11" STARTDATE="2024-09-11" ENDDATE="2079-06-06" ISACTUAL="1" ISACTIVE="1" /><STEAD ID="68685642" OBJECTID="165186729" OBJECTGUID="2f3563d5-ba97-4e97-b4d6-b4e1d171df04" CHANGEID="600877963" NUMBER="2" OPERTYPEID="10" PREVID="0" NEXTID="0" UPDATEDATE="2024-09-11" STARTDATE="2024-09-11" ENDDATE="2079-06-06" ISACTUAL="1" ISACTIVE="1" /><STEAD ID="68685645" OBJECTID="165186732" OBJECTGUID="0d56d2f5-05bb-4c68-a808-51cd5bbae980" CHANGEID="600877977" NUMBER="41г" OPERTYPEID="10" PREVID="0" NEXTID="0" UPDATEDATE="2024-09-11" STARTDATE="2024-09-11" ENDDATE="2079-06-06" ISACTUAL="1" ISACTIVE="1" /><STEAD ID="68686469" OBJECTID="165188383" OBJECTGUID="440c94a2-aac8-4f71-a3a7-8f4caa6841a5" CHANGEID="600880198" NUMBER="18" OPERTYPEID="10" PREVID="0" NEXTID="0" UPDATEDATE="2024-09-11" STARTDATE="2024-09-11" ENDDATE="2079-06-06" ISACTUAL="1" ISACTIVE="1" /><STEAD ID="68686487" OBJECTID="165188423" OBJECTGUID="daeac0eb-7e14-4502-946d-948983010e2b" CHANGEID="600880243" NUMBER="29" OPERTYPEID="10" PREVID="0" NEXTID="0" UPDATEDATE="2024-09-11" STARTDATE="2024-09-11" ENDDATE="2079-06-06" ISACTUAL="1" ISACTIVE="1" /><STEAD ID="68686488" OBJECTID="165188424" OBJECTGUID="77831aad-bb58-4c59-8af1-c8ccf5d65b1d" CHANGEID="600880244" NUMBER="38" OPERTYPEID="10" PREVID="0" NEXTID="0" UPDATEDATE="2024-09-11" STARTDATE="2024-09-11" ENDDATE="2079-06-06" ISACTUAL="1" ISACTIVE="1" /><STEAD ID="68686489" OBJECTID="165188441" OBJECTGUID="bf398218-deaf-4057-9c2a-be2984974985" CHANGEID="600880272" NUMBER="43А" OPERTYPEID="10" PREVID="0" NEXTID="0" UPDATEDATE="2024-09-11" STARTDATE="2024-09-11" ENDDATE="2079-06-06" ISACTUAL="1" ISACTIVE="1" /><STEAD ID="68686490" OBJECTID="165188443" OBJECTGUID="9f9faf93-cc31-4a66-ad13-3a8f35b57da2" CHANGEID="600880275" NUMBER="85" OPERTYPEID="10" PREVID="0" NEXTID="0" UPDATEDATE="2024-09-11" STARTDATE="2024-09-11" ENDDATE="2079-06-06" ISACTUAL="1" ISACTIVE="1" /><STEAD ID="68686864" OBJECTID="165189070" OBJECTGUID="e833bd8c-1189-43e8-8158-7382c45e52d1" CHANGEID="600881348" NUMBER="89" OPERTYPEID="10" PREVID="0" NEXTID="0" UPDATEDATE="2024-09-11" STARTDATE="2024-09-11" ENDDATE="2079-06-06" ISACTUAL="1" ISACTIVE="1" /><STEAD ID="68689485" OBJECTID="165195822" OBJECTGUID="2aa39315-1b85-49eb-9ccf-66ca1748a33c" CHANGEID="600890743" NUMBER="7" OPERTYPEID="10" PREVID="0" NEXTID="0" UPDATEDATE="2024-09-11" STARTDATE="2024-09-11" ENDDATE="2079-06-06" ISACTUAL="1" ISACTIVE="1" /><STEAD ID="68689486" OBJECTID="165195829" OBJECTGUID="2684b383-4dd6-4461-807e-a1841895d70f" CHANGEID="600890752" NUMBER="88" OPERTYPEID="10" PREVID="0" NEXTID="0" UPDATEDATE="2024-09-11" STARTDATE="2024-09-11" ENDDATE="2079-06-06" ISACTUAL="1" ISACTIVE="1" /><STEAD ID="11992225" OBJECTID="97479301" OBJECTGUID="1d2cb796-62c8-42d6-bccf-511dad6b791b" CHANGEID="153434662" NUMBER="2Г" OPERTYPEID="10" PREVID="0" NEXTID="68689585" UPDATEDATE="2024-09-11" STARTDATE="2020-07-13" ENDDATE="2024-09-11" ISACTUAL="0" ISACTIVE="0" /><STEAD ID="68689585" OBJECTID="97479301" OBJECTGUID="1d2cb796-62c8-42d6-bccf-511dad6b791b" CHANGEID="600890989" NUMBER="2В" OPERTYPEID="20" PREVID="11992225" UPDATEDATE="2024-09-11" STARTDATE="2024-09-11" ENDDATE="2079-06-06" ISACTUAL="1" ISACTIVE="1" /><STEAD ID="68690926" OBJECTID="165197912" OBJECTGUID="8a68c01d-5ec9-4ccd-8f78-aca689f3084f" CHANGEID="600894350" NUMBER="2д" OPERTYPEID="10" PREVID="0" NEXTID="0" UPDATEDATE="2024-09-11" STARTDATE="2024-09-11" ENDDATE="2079-06-06" ISACTUAL="1" ISACTIVE="1" /><STEAD ID="68690934" OBJECTID="165197922" OBJECTGUID="ab2df462-3298-47f4-85c6-6ec12af787fa" CHANGEID="600894365" NUMBER="46" OPERTYPEID="10" PREVID="0" NEXTID="0" UPDATEDATE="2024-09-11" STARTDATE="2024-09-11" ENDDATE="2079-06-06" ISACTUAL="1" ISACTIVE="1" /><STEAD ID="68690948" OBJECTID="165197936" OBJECTGUID="366aae4a-ed4f-431a-82ce-b6e4bc72c205" CHANGEID="600894381" NUMBER="41" OPERTYPEID="10" PREVID="0" NEXTID="0" UPDATEDATE="2024-09-11" STARTDATE="2024-09-11" ENDDATE="2079-06-06" ISACTUAL="1" ISACTIVE="1" /><STEAD ID="68691010" OBJECTID="165198393" OBJECTGUID="b4926471-a669-41fb-9b59-7df01f9decc8" CHANGEID="600894902" NUMBER="8" OPERTYPEID="10" PREVID="0" NEXTID="0" UPDATEDATE="2024-09-11" STARTDATE="2024-09-11" ENDDATE="2079-06-06" ISACTUAL="1" ISACTIVE="1" /><STEAD ID="68691012" OBJECTID="165198430" OBJECTGUID="476aef45-c1b8-4994-b32e-836db5fca29b" CHANGEID="600894945" NUMBER="36" OPERTYPEID="10" PREVID="0" NEXTID="0" UPDATEDATE="2024-09-11" STARTDATE="2024-09-11" ENDDATE="2079-06-06" ISACTUAL="1" ISACTIVE="1" /><STEAD ID="68692058" OBJECTID="90482903" OBJECTGUID="6037ec42-c41a-4181-b3d0-12af20b7c646" CHANGEID="600897975" NUMBER="54" OPERTYPEID="30" PREVID="5947669" NEXTID="0" UPDATEDATE="2024-09-11" STARTDATE="2024-09-11" ENDDATE="2079-06-06" ISACTUAL="1" ISACTIVE="0" /><STEAD ID="68692061" OBJECTID="100794789" OBJECTGUID="a7ced641-edb7-443b-a133-f3f897fab3f7" CHANGEID="600897981" NUMBER="15А/2" OPERTYPEID="30" PREVID="13865809" NEXTID="0" UPDATEDATE="2024-09-11" STARTDATE="2024-09-11" ENDDATE="2079-06-06" ISACTUAL="1" ISACTIVE="0" /><STEAD ID="68692057" OBJECTID="96030589" OBJECTGUID="28ca27b6-1d37-4dbe-9ada-fcb2dd642d3e" CHANGEID="600897973" NUMBER="14" OPERTYPEID="30" PREVID="11177029" NEXTID="0" UPDATEDATE="2024-09-11" STARTDATE="2024-09-11" ENDDATE="2079-06-06" ISACTUAL="1" ISACTIVE="0" /><STEAD ID="11177029" OBJECTID="96030589" OBJECTGUID="28ca27b6-1d37-4dbe-9ada-fcb2dd642d3e" CHANGEID="140932729" NUMBER="14" OPERTYPEID="10" PREVID="0" NEXTID="68692057" UPDATEDATE="2024-09-11" STARTDATE="2020-03-19" ENDDATE="2024-09-11" ISACTUAL="0" ISACTIVE="0" /><STEAD ID="68692059" OBJECTID="96906474" OBJECTGUID="48c12e26-d4a9-4b2e-a543-55b1430daa2e" CHANGEID="600897976" NUMBER="60Г" OPERTYPEID="30" PREVID="11673032" NEXTID="0" UPDATEDATE="2024-09-11" STARTDATE="2024-09-11" ENDDATE="2079-06-06" ISACTUAL="1" ISACTIVE="0" /><STEAD ID="11673032" OBJECTID="96906474" OBJECTGUID="48c12e26-d4a9-4b2e-a543-55b1430daa2e" CHANGEID="150563846" NUMBER="60Г" OPERTYPEID="10" PREVID="0" NEXTID="68692059" UPDATEDATE="2024-09-11" STARTDATE="2020-05-27" ENDDATE="2024-09-11" ISACTUAL="0" ISACTIVE="0" /><STEAD ID="68692060" OBJECTID="88391696" OBJECTGUID="4f579c74-1ad8-4f5e-b9b7-13d169d7d08b" CHANGEID="600897979" NUMBER="1А" OPERTYPEID="30" PREVID="3852752" NEXTID="0" UPDATEDATE="2024-09-11" STARTDATE="2024-09-11" ENDDATE="2079-06-06" ISACTUAL="1" ISACTIVE="0" /><STEAD ID="68692080" OBJECTID="165200850" OBJECTGUID="20737905-eb4e-4623-a444-89e5d33c7924" CHANGEID="600898120" NUMBER="4/1" OPERTYPEID="10" PREVID="0" NEXTID="0" UPDATEDATE="2024-09-11" STARTDATE="2024-09-11" ENDDATE="2079-06-06" ISACTUAL="1" ISACTIVE="1" /><STEAD ID="68693103" OBJECTID="165203429" OBJECTGUID="b099f6bb-1a56-48e0-a930-1e3b460c7e62" CHANGEID="600901284" NUMBER="2Д" OPERTYPEID="10" PREVID="0" NEXTID="0" UPDATEDATE="2024-09-11" STARTDATE="2024-09-11" ENDDATE="2079-06-06" ISACTUAL="1" ISACTIVE="1" /></STEADS>