﻿<?xml version="1.0" encoding="utf-8"?><ADDRESSOBJECTS><OBJECT ID="52030763" OBJECTID="156160202" OBJECTGUID="92586678-ba2c-4bf8-a038-922211c3e635" CHANGEID="493589832" NAME="Печорская" TYPENAME="ул." LEVEL="8" OPERTYPEID="20" PREVID="51984730" NEXTID="52126367" UPDATEDATE="2024-09-10" STARTDATE="2023-01-18" ENDDATE="2024-09-10" ISACTUAL="0" ISACTIVE="0" /><OBJECT ID="52125750" OBJECTID="165067235" OBJECTGUID="cb14de46-8633-400e-962c-44f437d3408e" CHANGEID="600522810" NAME="Лада-2" TYPENAME="тер. ТСН" LEVEL="7" OPERTYPEID="10" PREVID="0" NEXTID="0" UPDATEDATE="2024-09-05" STARTDATE="2024-09-05" ENDDATE="2079-06-06" ISACTUAL="1" ISACTIVE="1" /><OBJECT ID="52125759" OBJECTID="165068705" OBJECTGUID="23609bf2-c845-4201-827f-041526974e91" CHANGEID="600525072" NAME="Лада-1" TYPENAME="тер. ГСК" LEVEL="7" OPERTYPEID="10" PREVID="0" NEXTID="0" UPDATEDATE="2024-09-05" STARTDATE="2024-09-05" ENDDATE="2079-06-06" ISACTUAL="1" ISACTIVE="1" /><OBJECT ID="52125788" OBJECTID="165076161" OBJECTGUID="046f4e32-7779-4ced-a2df-ae6196e377a7" CHANGEID="600536830" NAME="Мира" TYPENAME="ул." LEVEL="8" OPERTYPEID="10" PREVID="0" NEXTID="0" UPDATEDATE="2024-09-05" STARTDATE="2024-09-05" ENDDATE="2079-06-06" ISACTUAL="1" ISACTIVE="1" /><OBJECT ID="52123526" OBJECTID="164726839" OBJECTGUID="1b40507d-4a70-4041-8840-6df33f382c8f" CHANGEID="599684379" NAME="гаражный кооператив Вымпел" TYPENAME="тер." LEVEL="7" OPERTYPEID="10" PREVID="0" NEXTID="52125866" UPDATEDATE="2024-09-06" STARTDATE="2024-08-15" ENDDATE="2024-09-06" ISACTUAL="0" ISACTIVE="0" /><OBJECT ID="52125866" OBJECTID="164726839" OBJECTGUID="1b40507d-4a70-4041-8840-6df33f382c8f" CHANGEID="600577488" NAME="ГСК Вымпел" TYPENAME="тер." LEVEL="7" OPERTYPEID="20" PREVID="52123526" UPDATEDATE="2024-09-06" STARTDATE="2024-09-06" ENDDATE="2079-06-06" ISACTUAL="1" ISACTIVE="1" /><OBJECT ID="52126323" OBJECTID="165173641" OBJECTGUID="6106c1fd-1a5a-4ccc-8396-eeaac8c92e1d" CHANGEID="600832520" NAME="Мира" TYPENAME="ул." LEVEL="8" OPERTYPEID="10" PREVID="0" NEXTID="0" UPDATEDATE="2024-09-10" STARTDATE="2024-09-10" ENDDATE="2079-06-06" ISACTUAL="1" ISACTIVE="1" /><OBJECT ID="52126367" OBJECTID="156160202" OBJECTGUID="92586678-ba2c-4bf8-a038-922211c3e635" CHANGEID="600842409" NAME="Печерская" TYPENAME="ул." LEVEL="8" OPERTYPEID="20" PREVID="52030763" UPDATEDATE="2024-09-10" STARTDATE="2024-09-10" ENDDATE="2079-06-06" ISACTUAL="1" ISACTIVE="1" /></ADDRESSOBJECTS>