﻿<?xml version="1.0" encoding="utf-8"?><HOUSES><HOUSE ID="2513095" OBJECTID="5602043" OBJECTGUID="dfd97515-4f0a-42e1-b972-e6cb998893e7" CHANGEID="10088317" HOUSENUM="15" HOUSETYPE="2" OPERTYPEID="10" PREVID="0" NEXTID="126748124" UPDATEDATE="2024-09-10" STARTDATE="2017-11-08" ENDDATE="2024-09-10" ISACTUAL="0" ISACTIVE="0" /><HOUSE ID="126724522" OBJECTID="165056760" OBJECTGUID="0209eb53-eb31-4d47-a175-e7d659177fb4" CHANGEID="600505666" HOUSENUM="5" HOUSETYPE="2" OPERTYPEID="10" PREVID="0" NEXTID="0" UPDATEDATE="2024-09-05" STARTDATE="2024-09-05" ENDDATE="2079-06-06" ISACTUAL="1" ISACTIVE="1" /><HOUSE ID="126725082" OBJECTID="165059801" OBJECTGUID="e599e091-dbe2-474f-9fcf-370c511ff88b" CHANGEID="600510447" HOUSENUM="2" HOUSETYPE="2" OPERTYPEID="10" PREVID="0" NEXTID="0" UPDATEDATE="2024-09-05" STARTDATE="2024-09-05" ENDDATE="2079-06-06" ISACTUAL="1" ISACTIVE="1" /><HOUSE ID="126725083" OBJECTID="165059813" OBJECTGUID="584a1fa9-a6ac-463b-b7ca-efd8d97974ab" CHANGEID="600510459" HOUSENUM="35" HOUSETYPE="5" OPERTYPEID="10" PREVID="0" NEXTID="0" UPDATEDATE="2024-09-05" STARTDATE="2024-09-05" ENDDATE="2079-06-06" ISACTUAL="1" ISACTIVE="1" /><HOUSE ID="126731825" OBJECTID="165091938" OBJECTGUID="e9df3908-7648-474d-8ded-59590885716f" CHANGEID="600562958" HOUSENUM="247" HOUSETYPE="2" OPERTYPEID="10" PREVID="0" NEXTID="0" UPDATEDATE="2024-09-06" STARTDATE="2024-09-06" ENDDATE="2079-06-06" ISACTUAL="1" ISACTIVE="1" /><HOUSE ID="126731913" OBJECTID="165092321" OBJECTGUID="0365b0f1-1f6e-4048-ab58-4a622375415a" CHANGEID="600563869" HOUSENUM="59" HOUSETYPE="2" OPERTYPEID="10" PREVID="0" NEXTID="0" UPDATEDATE="2024-09-06" STARTDATE="2024-09-06" ENDDATE="2079-06-06" ISACTUAL="1" ISACTIVE="1" /><HOUSE ID="126731914" OBJECTID="165092322" OBJECTGUID="f9f785c8-9a2c-4b34-9ac3-edda1740b327" CHANGEID="600563870" HOUSENUM="9" ADDNUM1="1" HOUSETYPE="2" ADDTYPE1="2" OPERTYPEID="10" PREVID="0" NEXTID="0" UPDATEDATE="2024-09-06" STARTDATE="2024-09-06" ENDDATE="2079-06-06" ISACTUAL="1" ISACTIVE="1" /><HOUSE ID="126731915" OBJECTID="165092324" OBJECTGUID="eb0c6f59-7764-4565-9c9a-a4f512a6eb30" CHANGEID="600563872" HOUSENUM="32" HOUSETYPE="2" OPERTYPEID="10" PREVID="0" NEXTID="0" UPDATEDATE="2024-09-06" STARTDATE="2024-09-06" ENDDATE="2079-06-06" ISACTUAL="1" ISACTIVE="1" /><HOUSE ID="126731976" OBJECTID="165093304" OBJECTGUID="2d82d379-5e3b-43aa-818c-d560786355a0" CHANGEID="600565201" HOUSENUM="31/1" HOUSETYPE="2" OPERTYPEID="10" PREVID="0" NEXTID="0" UPDATEDATE="2024-09-06" STARTDATE="2024-09-06" ENDDATE="2079-06-06" ISACTUAL="1" ISACTIVE="1" /><HOUSE ID="126732247" OBJECTID="165094307" OBJECTGUID="f5d4e382-9aa7-4824-88e5-388371781603" CHANGEID="600567193" HOUSENUM="13/2" HOUSETYPE="2" OPERTYPEID="10" PREVID="0" NEXTID="0" UPDATEDATE="2024-09-06" STARTDATE="2024-09-06" ENDDATE="2079-06-06" ISACTUAL="1" ISACTIVE="1" /><HOUSE ID="126732246" OBJECTID="165094306" OBJECTGUID="90a49c98-d634-42d6-aa93-39ed0fe4c6a8" CHANGEID="600567192" HOUSENUM="22а" HOUSETYPE="5" OPERTYPEID="10" PREVID="0" NEXTID="0" UPDATEDATE="2024-09-06" STARTDATE="2024-09-06" ENDDATE="2079-06-06" ISACTUAL="1" ISACTIVE="1" /><HOUSE ID="126732248" OBJECTID="165094308" OBJECTGUID="50b38510-2e06-4697-83c7-0fd86e62a8d9" CHANGEID="600567194" HOUSENUM="13/3" HOUSETYPE="2" OPERTYPEID="10" PREVID="0" NEXTID="0" UPDATEDATE="2024-09-06" STARTDATE="2024-09-06" ENDDATE="2079-06-06" ISACTUAL="1" ISACTIVE="1" /><HOUSE ID="126739073" OBJECTID="165118698" OBJECTGUID="f308ceff-3353-4761-babc-22770c1ee7af" CHANGEID="600740550" HOUSENUM="13/1" HOUSETYPE="2" OPERTYPEID="10" PREVID="0" NEXTID="0" UPDATEDATE="2024-09-09" STARTDATE="2024-09-09" ENDDATE="2079-06-06" ISACTUAL="1" ISACTIVE="1" /><HOUSE ID="126739272" OBJECTID="165119624" OBJECTGUID="3b221094-103c-4d86-a7cf-4d927b1e48fb" CHANGEID="600742065" HOUSENUM="23/1" HOUSETYPE="2" OPERTYPEID="10" PREVID="0" NEXTID="0" UPDATEDATE="2024-09-09" STARTDATE="2024-09-09" ENDDATE="2079-06-06" ISACTUAL="1" ISACTIVE="1" /><HOUSE ID="126739277" OBJECTID="165119660" OBJECTGUID="51e56a6d-239c-4dfd-865d-11459bd2d76d" CHANGEID="600742103" HOUSENUM="18" HOUSETYPE="2" OPERTYPEID="10" PREVID="0" NEXTID="0" UPDATEDATE="2024-09-09" STARTDATE="2024-09-09" ENDDATE="2079-06-06" ISACTUAL="1" ISACTIVE="1" /><HOUSE ID="126747524" OBJECTID="165151033" OBJECTGUID="5eabeeb2-baec-4efa-b627-81e09d9c2c43" CHANGEID="600796264" HOUSENUM="272" HOUSETYPE="2" OPERTYPEID="10" PREVID="0" NEXTID="0" UPDATEDATE="2024-09-10" STARTDATE="2024-09-10" ENDDATE="2079-06-06" ISACTUAL="1" ISACTIVE="1" /><HOUSE ID="126747525" OBJECTID="165151047" OBJECTGUID="a9990ade-1577-4d47-9a06-34fc6cc39d02" CHANGEID="600796278" HOUSENUM="2" HOUSETYPE="2" OPERTYPEID="10" PREVID="0" NEXTID="0" UPDATEDATE="2024-09-10" STARTDATE="2024-09-10" ENDDATE="2079-06-06" ISACTUAL="1" ISACTIVE="1" /><HOUSE ID="126747526" OBJECTID="165151048" OBJECTGUID="0af72efe-2ee9-4bfd-ad65-989fb8564036" CHANGEID="600796279" HOUSENUM="14а" HOUSETYPE="2" OPERTYPEID="10" PREVID="0" NEXTID="0" UPDATEDATE="2024-09-10" STARTDATE="2024-09-10" ENDDATE="2079-06-06" ISACTUAL="1" ISACTIVE="1" /><HOUSE ID="126747769" OBJECTID="165154365" OBJECTGUID="aa8244a7-7964-4463-95ed-a5709d6f53ea" CHANGEID="600800827" HOUSENUM="1" HOUSETYPE="2" OPERTYPEID="10" PREVID="0" NEXTID="0" UPDATEDATE="2024-09-10" STARTDATE="2024-09-10" ENDDATE="2079-06-06" ISACTUAL="1" ISACTIVE="1" /><HOUSE ID="126747862" OBJECTID="75795248" OBJECTGUID="a0e4551d-c49b-471d-adbc-ab5981817d03" CHANGEID="600802264" HOUSENUM="16" HOUSETYPE="2" OPERTYPEID="30" PREVID="45770025" NEXTID="0" UPDATEDATE="2024-09-10" STARTDATE="2024-09-10" ENDDATE="2079-06-06" ISACTUAL="1" ISACTIVE="0" /><HOUSE ID="45770025" OBJECTID="75795248" OBJECTGUID="a0e4551d-c49b-471d-adbc-ab5981817d03" CHANGEID="112752145" HOUSENUM="16" HOUSETYPE="2" OPERTYPEID="10" PREVID="0" NEXTID="126747862" UPDATEDATE="2024-09-10" STARTDATE="2017-06-29" ENDDATE="2024-09-10" ISACTUAL="0" ISACTIVE="0" /><HOUSE ID="126747863" OBJECTID="165155342" OBJECTGUID="78975331-a876-4b7b-94b2-904ed5dceb28" CHANGEID="600802266" HOUSENUM="8" HOUSETYPE="2" OPERTYPEID="10" PREVID="0" NEXTID="0" UPDATEDATE="2024-09-10" STARTDATE="2024-09-10" ENDDATE="2079-06-06" ISACTUAL="1" ISACTIVE="1" /><HOUSE ID="126747864" OBJECTID="165155344" OBJECTGUID="31e14382-4415-4cd6-a776-c802c58b2dcd" CHANGEID="600802268" HOUSENUM="78" HOUSETYPE="2" OPERTYPEID="10" PREVID="0" NEXTID="0" UPDATEDATE="2024-09-10" STARTDATE="2024-09-10" ENDDATE="2079-06-06" ISACTUAL="1" ISACTIVE="1" /><HOUSE ID="126747958" OBJECTID="165156009" OBJECTGUID="c4744778-7277-4661-b3fe-f360ab4abb01" CHANGEID="600803936" HOUSENUM="21" HOUSETYPE="2" OPERTYPEID="10" PREVID="0" NEXTID="0" UPDATEDATE="2024-09-10" STARTDATE="2024-09-10" ENDDATE="2079-06-06" ISACTUAL="1" ISACTIVE="1" /><HOUSE ID="126748124" OBJECTID="5602043" OBJECTGUID="dfd97515-4f0a-42e1-b972-e6cb998893e7" CHANGEID="600805655" HOUSENUM="15" HOUSETYPE="2" OPERTYPEID="30" PREVID="2513095" NEXTID="0" UPDATEDATE="2024-09-10" STARTDATE="2024-09-10" ENDDATE="2079-06-06" ISACTUAL="1" ISACTIVE="0" /><HOUSE ID="126748122" OBJECTID="100486738" OBJECTGUID="70ad7c74-29e4-43a1-8444-2360888c4d8b" CHANGEID="600805649" HOUSENUM="95" HOUSETYPE="2" OPERTYPEID="30" PREVID="70417170" NEXTID="0" UPDATEDATE="2024-09-10" STARTDATE="2024-09-10" ENDDATE="2079-06-06" ISACTUAL="1" ISACTIVE="0" /><HOUSE ID="70417170" OBJECTID="100486738" OBJECTGUID="70ad7c74-29e4-43a1-8444-2360888c4d8b" CHANGEID="181794785" HOUSENUM="95" HOUSETYPE="2" OPERTYPEID="10" PREVID="0" NEXTID="126748122" UPDATEDATE="2024-09-10" STARTDATE="2021-03-05" ENDDATE="2024-09-10" ISACTUAL="0" ISACTIVE="0" /><HOUSE ID="126748123" OBJECTID="165156983" OBJECTGUID="a772d440-4054-4541-9446-6ec70c675346" CHANGEID="600805653" HOUSENUM="162" HOUSETYPE="2" OPERTYPEID="10" PREVID="0" NEXTID="0" UPDATEDATE="2024-09-10" STARTDATE="2024-09-10" ENDDATE="2079-06-06" ISACTUAL="1" ISACTIVE="1" /><HOUSE ID="126754908" OBJECTID="165185460" OBJECTGUID="5bc4413b-8dde-44d8-a0be-71d4a93cc888" CHANGEID="600876041" HOUSENUM="19" HOUSETYPE="2" OPERTYPEID="10" PREVID="0" NEXTID="0" UPDATEDATE="2024-09-11" STARTDATE="2024-09-11" ENDDATE="2079-06-06" ISACTUAL="1" ISACTIVE="1" /><HOUSE ID="126754909" OBJECTID="165185462" OBJECTGUID="23c480fb-2f84-4b71-bee6-ef2e699afef1" CHANGEID="600876043" HOUSENUM="11" HOUSETYPE="2" OPERTYPEID="10" PREVID="0" NEXTID="0" UPDATEDATE="2024-09-11" STARTDATE="2024-09-11" ENDDATE="2079-06-06" ISACTUAL="1" ISACTIVE="1" /><HOUSE ID="126754910" OBJECTID="165185465" OBJECTGUID="8ffbd9c4-c6bf-497d-b4a0-06b23741d5da" CHANGEID="600876046" HOUSENUM="2" HOUSETYPE="2" OPERTYPEID="10" PREVID="0" NEXTID="0" UPDATEDATE="2024-09-11" STARTDATE="2024-09-11" ENDDATE="2079-06-06" ISACTUAL="1" ISACTIVE="1" /><HOUSE ID="126754952" OBJECTID="165185883" OBJECTGUID="bd28b15b-372a-446d-9f52-198f8b43addc" CHANGEID="600876725" HOUSENUM="14" HOUSETYPE="2" OPERTYPEID="10" PREVID="0" NEXTID="0" UPDATEDATE="2024-09-11" STARTDATE="2024-09-11" ENDDATE="2079-06-06" ISACTUAL="1" ISACTIVE="1" /><HOUSE ID="126754953" OBJECTID="165185885" OBJECTGUID="70aa70a7-e984-4e47-9a47-05807ad30e80" CHANGEID="600876728" HOUSENUM="15" HOUSETYPE="2" OPERTYPEID="10" PREVID="0" NEXTID="0" UPDATEDATE="2024-09-11" STARTDATE="2024-09-11" ENDDATE="2079-06-06" ISACTUAL="1" ISACTIVE="1" /><HOUSE ID="126754954" OBJECTID="165185888" OBJECTGUID="d670e33a-ee24-44ec-bcd8-85ed87ecd1c8" CHANGEID="600876732" HOUSENUM="16" HOUSETYPE="2" OPERTYPEID="10" PREVID="0" NEXTID="0" UPDATEDATE="2024-09-11" STARTDATE="2024-09-11" ENDDATE="2079-06-06" ISACTUAL="1" ISACTIVE="1" /><HOUSE ID="126755010" OBJECTID="165186613" OBJECTGUID="bec9cb8c-b358-4d59-8303-d7c01452db2c" CHANGEID="600877784" HOUSENUM="168Е" ADDNUM1="1" HOUSETYPE="2" ADDTYPE1="2" OPERTYPEID="10" PREVID="0" NEXTID="0" UPDATEDATE="2024-09-11" STARTDATE="2024-09-11" ENDDATE="2079-06-06" ISACTUAL="1" ISACTIVE="1" /><HOUSE ID="126755011" OBJECTID="165186615" OBJECTGUID="0d9ea2e7-c9dd-46af-9b4c-d0b96bfeb108" CHANGEID="600877786" HOUSENUM="5" HOUSETYPE="2" OPERTYPEID="10" PREVID="0" NEXTID="0" UPDATEDATE="2024-09-11" STARTDATE="2024-09-11" ENDDATE="2079-06-06" ISACTUAL="1" ISACTIVE="1" /><HOUSE ID="126755012" OBJECTID="165186617" OBJECTGUID="50d7a20c-9747-4b43-af4b-a70b4e393f55" CHANGEID="600877788" HOUSENUM="28А" HOUSETYPE="2" OPERTYPEID="10" PREVID="0" NEXTID="0" UPDATEDATE="2024-09-11" STARTDATE="2024-09-11" ENDDATE="2079-06-06" ISACTUAL="1" ISACTIVE="1" /><HOUSE ID="126755013" OBJECTID="165186618" OBJECTGUID="a78d9c14-6946-4f4a-8bdc-026333b2d2c6" CHANGEID="600877789" HOUSENUM="41" HOUSETYPE="2" OPERTYPEID="10" PREVID="0" NEXTID="0" UPDATEDATE="2024-09-11" STARTDATE="2024-09-11" ENDDATE="2079-06-06" ISACTUAL="1" ISACTIVE="1" /><HOUSE ID="126755019" OBJECTID="165186727" OBJECTGUID="234ede3b-c04a-487d-9827-be13ad85a6f4" CHANGEID="600877927" HOUSENUM="41" HOUSETYPE="2" OPERTYPEID="10" PREVID="0" NEXTID="0" UPDATEDATE="2024-09-11" STARTDATE="2024-09-11" ENDDATE="2079-06-06" ISACTUAL="1" ISACTIVE="1" /><HOUSE ID="126755117" OBJECTID="165187756" OBJECTGUID="00da89c6-ddd9-40ee-a6d0-9c352616d6f2" CHANGEID="600879322" HOUSENUM="22/1" HOUSETYPE="2" OPERTYPEID="10" PREVID="0" NEXTID="0" UPDATEDATE="2024-09-11" STARTDATE="2024-09-11" ENDDATE="2079-06-06" ISACTUAL="1" ISACTIVE="1" /><HOUSE ID="126755392" OBJECTID="165188584" OBJECTGUID="b98e784b-1d93-4455-8ac5-704f2f44be91" CHANGEID="600880554" HOUSENUM="95" HOUSETYPE="2" OPERTYPEID="10" PREVID="0" NEXTID="0" UPDATEDATE="2024-09-11" STARTDATE="2024-09-11" ENDDATE="2079-06-06" ISACTUAL="1" ISACTIVE="1" /><HOUSE ID="126756001" OBJECTID="165191321" OBJECTGUID="583130ce-202f-46f3-858b-dea89d8b3f0a" CHANGEID="600884768" HOUSENUM="16" HOUSETYPE="2" OPERTYPEID="10" PREVID="0" NEXTID="0" UPDATEDATE="2024-09-11" STARTDATE="2024-09-11" ENDDATE="2079-06-06" ISACTUAL="1" ISACTIVE="1" /><HOUSE ID="126757636" OBJECTID="165199737" OBJECTGUID="4816995c-8150-402c-bb42-d44ea102dbda" CHANGEID="600896658" HOUSENUM="15" HOUSETYPE="2" OPERTYPEID="10" PREVID="0" NEXTID="0" UPDATEDATE="2024-09-11" STARTDATE="2024-09-11" ENDDATE="2079-06-06" ISACTUAL="1" ISACTIVE="1" /><HOUSE ID="126757931" OBJECTID="165202295" OBJECTGUID="40e1441a-b381-4798-b537-d75ca9558bd5" CHANGEID="600899848" HOUSENUM="5Г" HOUSETYPE="2" OPERTYPEID="10" PREVID="0" NEXTID="0" UPDATEDATE="2024-09-11" STARTDATE="2024-09-11" ENDDATE="2079-06-06" ISACTUAL="1" ISACTIVE="1" /><HOUSE ID="126757932" OBJECTID="62961000" OBJECTGUID="a357bb9e-e709-4085-a39f-d69eebde0c37" CHANGEID="600899870" HOUSENUM="54" HOUSETYPE="2" OPERTYPEID="30" PREVID="37862296" NEXTID="0" UPDATEDATE="2024-09-11" STARTDATE="2024-09-11" ENDDATE="2079-06-06" ISACTUAL="1" ISACTIVE="0" /><HOUSE ID="37862296" OBJECTID="62961000" OBJECTGUID="a357bb9e-e709-4085-a39f-d69eebde0c37" CHANGEID="93985897" HOUSENUM="54" HOUSETYPE="2" OPERTYPEID="10" PREVID="0" NEXTID="126757932" UPDATEDATE="2024-09-11" STARTDATE="2018-05-11" ENDDATE="2024-09-11" ISACTUAL="0" ISACTIVE="0" /><HOUSE ID="126757933" OBJECTID="165202318" OBJECTGUID="b3507167-37f8-410e-9eb8-db3b4a409917" CHANGEID="600899872" HOUSENUM="303" HOUSETYPE="2" OPERTYPEID="10" PREVID="0" NEXTID="0" UPDATEDATE="2024-09-11" STARTDATE="2024-09-11" ENDDATE="2079-06-06" ISACTUAL="1" ISACTIVE="1" /><HOUSE ID="126757934" OBJECTID="165202319" OBJECTGUID="3f091038-cc81-4f69-b98b-b58377daaefb" CHANGEID="600899873" HOUSENUM="34" HOUSETYPE="2" OPERTYPEID="10" PREVID="0" NEXTID="0" UPDATEDATE="2024-09-11" STARTDATE="2024-09-11" ENDDATE="2079-06-06" ISACTUAL="1" ISACTIVE="1" /><HOUSE ID="126757935" OBJECTID="165202335" OBJECTGUID="8d5f8569-6592-4b37-b098-82f61b4e3017" CHANGEID="600899889" HOUSENUM="66" HOUSETYPE="2" OPERTYPEID="10" PREVID="0" NEXTID="0" UPDATEDATE="2024-09-11" STARTDATE="2024-09-11" ENDDATE="2079-06-06" ISACTUAL="1" ISACTIVE="1" /></HOUSES>