﻿<?xml version="1.0" encoding="utf-8"?><ADDRESSOBJECTS><OBJECT ID="52125968" OBJECTID="165112765" OBJECTGUID="8703306c-5b0c-4989-af37-716c0a4ed0b5" CHANGEID="600683406" NAME="Соборная" TYPENAME="пл." LEVEL="8" OPERTYPEID="10" PREVID="0" NEXTID="0" UPDATEDATE="2024-09-06" STARTDATE="2024-09-06" ENDDATE="2079-06-06" ISACTUAL="1" ISACTIVE="1" /><OBJECT ID="52126523" OBJECTID="165220362" OBJECTGUID="3cbb4143-37b6-4833-9b84-5ab4fb079219" CHANGEID="600930791" NAME="Барбарисовый" TYPENAME="пер." LEVEL="8" OPERTYPEID="10" PREVID="0" NEXTID="0" UPDATEDATE="2024-09-11" STARTDATE="2024-09-11" ENDDATE="2079-06-06" ISACTUAL="1" ISACTIVE="1" /><OBJECT ID="52126524" OBJECTID="165220363" OBJECTGUID="5476ec3d-c6e5-49dc-b137-6a42ce30672a" CHANGEID="600930792" NAME="Грецкий" TYPENAME="пер." LEVEL="8" OPERTYPEID="10" PREVID="0" NEXTID="0" UPDATEDATE="2024-09-11" STARTDATE="2024-09-11" ENDDATE="2079-06-06" ISACTUAL="1" ISACTIVE="1" /><OBJECT ID="52126525" OBJECTID="165220364" OBJECTGUID="defb9825-9d1a-4017-8542-4084eee4e48d" CHANGEID="600930793" NAME="Кедровый" TYPENAME="пер." LEVEL="8" OPERTYPEID="10" PREVID="0" NEXTID="0" UPDATEDATE="2024-09-11" STARTDATE="2024-09-11" ENDDATE="2079-06-06" ISACTUAL="1" ISACTIVE="1" /><OBJECT ID="52126526" OBJECTID="165220365" OBJECTGUID="495f9f5e-384e-4caf-aa01-c0fc6acd8109" CHANGEID="600930794" NAME="Черешневый" TYPENAME="пер." LEVEL="8" OPERTYPEID="10" PREVID="0" NEXTID="0" UPDATEDATE="2024-09-11" STARTDATE="2024-09-11" ENDDATE="2079-06-06" ISACTUAL="1" ISACTIVE="1" /><OBJECT ID="52126527" OBJECTID="165220366" OBJECTGUID="e4961e69-8a6a-438f-93f4-7ae458dcb328" CHANGEID="600930795" NAME="Пшеничная" TYPENAME="ул." LEVEL="8" OPERTYPEID="10" PREVID="0" NEXTID="0" UPDATEDATE="2024-09-11" STARTDATE="2024-09-11" ENDDATE="2079-06-06" ISACTUAL="1" ISACTIVE="1" /><OBJECT ID="52126528" OBJECTID="165220367" OBJECTGUID="081bac38-8700-46e4-86a1-f115542ea3d9" CHANGEID="600930796" NAME="Фабричная" TYPENAME="ул." LEVEL="8" OPERTYPEID="10" PREVID="0" NEXTID="0" UPDATEDATE="2024-09-11" STARTDATE="2024-09-11" ENDDATE="2079-06-06" ISACTUAL="1" ISACTIVE="1" /><OBJECT ID="52126529" OBJECTID="165220368" OBJECTGUID="ce3ca0c9-cc21-4519-a3ce-e249d9600453" CHANGEID="600930797" NAME="Школьная" TYPENAME="ул." LEVEL="8" OPERTYPEID="10" PREVID="0" NEXTID="0" UPDATEDATE="2024-09-11" STARTDATE="2024-09-11" ENDDATE="2079-06-06" ISACTUAL="1" ISACTIVE="1" /><OBJECT ID="52126530" OBJECTID="165220369" OBJECTGUID="3b3a838f-d5e4-4d61-8b93-d22f1f1eedca" CHANGEID="600930798" NAME="Юношеская" TYPENAME="ул." LEVEL="8" OPERTYPEID="10" PREVID="0" NEXTID="0" UPDATEDATE="2024-09-11" STARTDATE="2024-09-11" ENDDATE="2079-06-06" ISACTUAL="1" ISACTIVE="1" /><OBJECT ID="52126531" OBJECTID="165220370" OBJECTGUID="a2f1d6c4-4936-423f-8525-e9f1ae15f0f5" CHANGEID="600930799" NAME="Арахисовый" TYPENAME="пер." LEVEL="8" OPERTYPEID="10" PREVID="0" NEXTID="0" UPDATEDATE="2024-09-11" STARTDATE="2024-09-11" ENDDATE="2079-06-06" ISACTUAL="1" ISACTIVE="1" /><OBJECT ID="52126532" OBJECTID="165220371" OBJECTGUID="93182df0-3706-4cdc-96e6-234c896fd284" CHANGEID="600930800" NAME="Черничный" TYPENAME="пер." LEVEL="8" OPERTYPEID="10" PREVID="0" NEXTID="0" UPDATEDATE="2024-09-11" STARTDATE="2024-09-11" ENDDATE="2079-06-06" ISACTUAL="1" ISACTIVE="1" /><OBJECT ID="52126533" OBJECTID="165220372" OBJECTGUID="f9e7cff5-6dca-4313-bc93-bc139d3ff3b3" CHANGEID="600930801" NAME="Брусничный" TYPENAME="пр-д" LEVEL="8" OPERTYPEID="10" PREVID="0" NEXTID="0" UPDATEDATE="2024-09-11" STARTDATE="2024-09-11" ENDDATE="2079-06-06" ISACTUAL="1" ISACTIVE="1" /><OBJECT ID="52126534" OBJECTID="165220373" OBJECTGUID="4504772a-6489-46d8-9634-bb860552661e" CHANGEID="600930802" NAME="Волшебная" TYPENAME="ул." LEVEL="8" OPERTYPEID="10" PREVID="0" NEXTID="0" UPDATEDATE="2024-09-11" STARTDATE="2024-09-11" ENDDATE="2079-06-06" ISACTUAL="1" ISACTIVE="1" /><OBJECT ID="52126535" OBJECTID="165220374" OBJECTGUID="2d451ebe-f635-4485-95c1-b868f66ddd5b" CHANGEID="600930803" NAME="Детская" TYPENAME="ул." LEVEL="8" OPERTYPEID="10" PREVID="0" NEXTID="0" UPDATEDATE="2024-09-11" STARTDATE="2024-09-11" ENDDATE="2079-06-06" ISACTUAL="1" ISACTIVE="1" /><OBJECT ID="52126536" OBJECTID="165220375" OBJECTGUID="e1ad5c0c-1af7-43df-af0a-bb3b8a7dc8de" CHANGEID="600930804" NAME="Заводская" TYPENAME="ул." LEVEL="8" OPERTYPEID="10" PREVID="0" NEXTID="0" UPDATEDATE="2024-09-11" STARTDATE="2024-09-11" ENDDATE="2079-06-06" ISACTUAL="1" ISACTIVE="1" /><OBJECT ID="52126537" OBJECTID="165220376" OBJECTGUID="f7e16dfb-2267-4c09-b5d3-eb329019d25c" CHANGEID="600930805" NAME="Задонская" TYPENAME="ул." LEVEL="8" OPERTYPEID="10" PREVID="0" NEXTID="0" UPDATEDATE="2024-09-11" STARTDATE="2024-09-11" ENDDATE="2079-06-06" ISACTUAL="1" ISACTIVE="1" /><OBJECT ID="52126538" OBJECTID="165220377" OBJECTGUID="24270e26-4525-429c-a669-7d3154d6930b" CHANGEID="600930806" NAME="Народная" TYPENAME="ул." LEVEL="8" OPERTYPEID="10" PREVID="0" NEXTID="0" UPDATEDATE="2024-09-11" STARTDATE="2024-09-11" ENDDATE="2079-06-06" ISACTUAL="1" ISACTIVE="1" /><OBJECT ID="52126539" OBJECTID="165220378" OBJECTGUID="c67ade40-4b15-4d96-8e18-8aebd811ff6c" CHANGEID="600930807" NAME="Сказочная" TYPENAME="ул." LEVEL="8" OPERTYPEID="10" PREVID="0" NEXTID="0" UPDATEDATE="2024-09-11" STARTDATE="2024-09-11" ENDDATE="2079-06-06" ISACTUAL="1" ISACTIVE="1" /><OBJECT ID="52126540" OBJECTID="165220379" OBJECTGUID="d254ae9f-dc22-4f1f-990c-059e1e381ac3" CHANGEID="600930808" NAME="Студенческая" TYPENAME="ул." LEVEL="8" OPERTYPEID="10" PREVID="0" NEXTID="0" UPDATEDATE="2024-09-11" STARTDATE="2024-09-11" ENDDATE="2079-06-06" ISACTUAL="1" ISACTIVE="1" /><OBJECT ID="52126541" OBJECTID="165220380" OBJECTGUID="719ed5b2-dd88-4842-a19d-1c66e8ade594" CHANGEID="600930809" NAME="Каштановый" TYPENAME="пер." LEVEL="8" OPERTYPEID="10" PREVID="0" NEXTID="0" UPDATEDATE="2024-09-11" STARTDATE="2024-09-11" ENDDATE="2079-06-06" ISACTUAL="1" ISACTIVE="1" /><OBJECT ID="52126542" OBJECTID="165220381" OBJECTGUID="e79cf8ed-0942-42ca-a579-9250f5c8ad0a" CHANGEID="600930810" NAME="Кокосовый" TYPENAME="пер." LEVEL="8" OPERTYPEID="10" PREVID="0" NEXTID="0" UPDATEDATE="2024-09-11" STARTDATE="2024-09-11" ENDDATE="2079-06-06" ISACTUAL="1" ISACTIVE="1" /><OBJECT ID="52126543" OBJECTID="165220382" OBJECTGUID="70fc7dc8-d3b8-41d0-b9bb-487e9f4fe905" CHANGEID="600930811" NAME="Миндальный" TYPENAME="пер." LEVEL="8" OPERTYPEID="10" PREVID="0" NEXTID="0" UPDATEDATE="2024-09-11" STARTDATE="2024-09-11" ENDDATE="2079-06-06" ISACTUAL="1" ISACTIVE="1" /><OBJECT ID="52126544" OBJECTID="165220383" OBJECTGUID="d3845ce2-3bcb-4258-878e-2a4909360e93" CHANGEID="600930812" NAME="Можжевеловый" TYPENAME="пер." LEVEL="8" OPERTYPEID="10" PREVID="0" NEXTID="0" UPDATEDATE="2024-09-11" STARTDATE="2024-09-11" ENDDATE="2079-06-06" ISACTUAL="1" ISACTIVE="1" /><OBJECT ID="52126545" OBJECTID="165220384" OBJECTGUID="0d7ab4e6-63f9-4e75-beba-54a2bcc86181" CHANGEID="600930813" NAME="Ореховый" TYPENAME="пер." LEVEL="8" OPERTYPEID="10" PREVID="0" NEXTID="0" UPDATEDATE="2024-09-11" STARTDATE="2024-09-11" ENDDATE="2079-06-06" ISACTUAL="1" ISACTIVE="1" /><OBJECT ID="52126546" OBJECTID="165220385" OBJECTGUID="55b29191-bb07-4234-ae74-e1d9937bdcff" CHANGEID="600930814" NAME="Пихтовый" TYPENAME="пер." LEVEL="8" OPERTYPEID="10" PREVID="0" NEXTID="0" UPDATEDATE="2024-09-11" STARTDATE="2024-09-11" ENDDATE="2079-06-06" ISACTUAL="1" ISACTIVE="1" /><OBJECT ID="52126547" OBJECTID="165220386" OBJECTGUID="ffc80ff6-c062-4f69-9f41-603d3703b24a" CHANGEID="600930815" NAME="Смородиновый" TYPENAME="пер." LEVEL="8" OPERTYPEID="10" PREVID="0" NEXTID="0" UPDATEDATE="2024-09-11" STARTDATE="2024-09-11" ENDDATE="2079-06-06" ISACTUAL="1" ISACTIVE="1" /><OBJECT ID="52126548" OBJECTID="165220387" OBJECTGUID="46213550-cce7-421a-86ef-032b10452ae1" CHANGEID="600930816" NAME="Фисташковый" TYPENAME="пер." LEVEL="8" OPERTYPEID="10" PREVID="0" NEXTID="0" UPDATEDATE="2024-09-11" STARTDATE="2024-09-11" ENDDATE="2079-06-06" ISACTUAL="1" ISACTIVE="1" /><OBJECT ID="52126549" OBJECTID="165220388" OBJECTGUID="341135d3-6e12-44d6-8870-8c209f8107c0" CHANGEID="600930817" NAME="Фундуковый" TYPENAME="пер." LEVEL="8" OPERTYPEID="10" PREVID="0" NEXTID="0" UPDATEDATE="2024-09-11" STARTDATE="2024-09-11" ENDDATE="2079-06-06" ISACTUAL="1" ISACTIVE="1" /><OBJECT ID="52126550" OBJECTID="165220389" OBJECTGUID="a53a498e-15a6-4d4b-9246-97ce7e66d073" CHANGEID="600930818" NAME="Ежевичный" TYPENAME="пр-д" LEVEL="8" OPERTYPEID="10" PREVID="0" NEXTID="0" UPDATEDATE="2024-09-11" STARTDATE="2024-09-11" ENDDATE="2079-06-06" ISACTUAL="1" ISACTIVE="1" /><OBJECT ID="52126551" OBJECTID="165220390" OBJECTGUID="f3edcbb9-3b1c-4164-83f2-3818bc7473a4" CHANGEID="600930819" NAME="Клюквенный" TYPENAME="пр-д" LEVEL="8" OPERTYPEID="10" PREVID="0" NEXTID="0" UPDATEDATE="2024-09-11" STARTDATE="2024-09-11" ENDDATE="2079-06-06" ISACTUAL="1" ISACTIVE="1" /><OBJECT ID="52126552" OBJECTID="165220391" OBJECTGUID="9d0c5bf8-f7fe-4a4e-b807-a77c4fc09638" CHANGEID="600930820" NAME="Облепиховый" TYPENAME="пр-д" LEVEL="8" OPERTYPEID="10" PREVID="0" NEXTID="0" UPDATEDATE="2024-09-11" STARTDATE="2024-09-11" ENDDATE="2079-06-06" ISACTUAL="1" ISACTIVE="1" /><OBJECT ID="52126554" OBJECTID="161451214" OBJECTGUID="81c4d4bc-747e-4faa-b6ae-c420f000da07" CHANGEID="600930903" NAME="Брусничная" TYPENAME="ул." LEVEL="8" OPERTYPEID="30" PREVID="52084035" NEXTID="0" UPDATEDATE="2024-09-11" STARTDATE="2024-09-11" ENDDATE="2079-06-06" ISACTUAL="1" ISACTIVE="0" /><OBJECT ID="52084035" OBJECTID="161451214" OBJECTGUID="81c4d4bc-747e-4faa-b6ae-c420f000da07" CHANGEID="575024575" NAME="Брусничная" TYPENAME="ул." LEVEL="8" OPERTYPEID="10" PREVID="0" NEXTID="52126554" UPDATEDATE="2024-09-11" STARTDATE="2023-11-23" ENDDATE="2024-09-11" ISACTUAL="0" ISACTIVE="0" /><OBJECT ID="52126555" OBJECTID="812670" OBJECTGUID="a58fe552-27d9-448f-9969-28c89159a52f" CHANGEID="600930915" NAME="Паркова" TYPENAME="ул" LEVEL="8" OPERTYPEID="30" PREVID="983634" NEXTID="0" UPDATEDATE="2024-09-11" STARTDATE="2024-09-11" ENDDATE="2079-06-06" ISACTUAL="1" ISACTIVE="0" /><OBJECT ID="983634" OBJECTID="812670" OBJECTGUID="a58fe552-27d9-448f-9969-28c89159a52f" CHANGEID="2140692" NAME="Паркова" TYPENAME="ул" LEVEL="8" OPERTYPEID="10" PREVID="0" NEXTID="52126555" UPDATEDATE="2024-09-11" STARTDATE="2011-11-21" ENDDATE="2024-09-11" ISACTUAL="0" ISACTIVE="0" /></ADDRESSOBJECTS>