﻿<?xml version="1.0" encoding="utf-8"?><HOUSES><HOUSE ID="59941207" OBJECTID="49377428" OBJECTGUID="78d267d6-c54b-47e8-a9bf-ce6413c1dc6e" CHANGEID="74171611" HOUSENUM="26б" HOUSETYPE="2" OPERTYPEID="20" PREVID="29536478" NEXTID="126729073" UPDATEDATE="2024-09-05" STARTDATE="2016-05-12" ENDDATE="2024-09-05" ISACTUAL="0" ISACTIVE="0" /><HOUSE ID="124080789" OBJECTID="157964153" OBJECTGUID="83ea59a1-1fc2-41ef-b6b7-77b93366fb26" CHANGEID="494543375" HOUSENUM="40" HOUSETYPE="2" OPERTYPEID="10" PREVID="0" NEXTID="126761694" UPDATEDATE="2024-09-11" STARTDATE="2023-02-02" ENDDATE="2024-09-11" ISACTUAL="0" ISACTIVE="0" /><HOUSE ID="67045446" OBJECTID="61601697" OBJECTGUID="dd2138d8-275d-4adf-95bb-03374d09a658" CHANGEID="91984099" HOUSENUM="8" HOUSETYPE="2" OPERTYPEID="20" PREVID="36984918" NEXTID="126738226" UPDATEDATE="2024-09-06" STARTDATE="2013-01-16" ENDDATE="2024-09-06" ISACTUAL="0" ISACTIVE="0" /><HOUSE ID="126678874" OBJECTID="28536221" OBJECTGUID="02367dfe-1957-49ba-93a2-de519b91cf4d" CHANGEID="600035239" HOUSENUM="41" HOUSETYPE="2" OPERTYPEID="20" PREVID="51537031" NEXTID="126729065" UPDATEDATE="2024-09-05" STARTDATE="2024-08-26" ENDDATE="2024-09-05" ISACTUAL="0" ISACTIVE="0" /><HOUSE ID="126727404" OBJECTID="165070205" OBJECTGUID="2e31d3f7-edf3-47b8-b827-99576b64b5b0" CHANGEID="600527523" HOUSENUM="1/2/155" HOUSETYPE="7" OPERTYPEID="10" PREVID="0" NEXTID="0" UPDATEDATE="2024-09-05" STARTDATE="2024-09-05" ENDDATE="2079-06-06" ISACTUAL="1" ISACTIVE="1" /><HOUSE ID="126727483" OBJECTID="165070717" OBJECTGUID="05382ab1-131a-4b44-b49a-0e7de10aeae4" CHANGEID="600528260" HOUSENUM="50" HOUSETYPE="2" OPERTYPEID="10" PREVID="0" NEXTID="0" UPDATEDATE="2024-09-05" STARTDATE="2024-09-05" ENDDATE="2079-06-06" ISACTUAL="1" ISACTIVE="1" /><HOUSE ID="126727892" OBJECTID="165072477" OBJECTGUID="e0d6000d-df90-4b80-8c88-bf967b7aeb95" CHANGEID="600530883" HOUSENUM="33" HOUSETYPE="2" OPERTYPEID="10" PREVID="0" NEXTID="0" UPDATEDATE="2024-09-05" STARTDATE="2024-09-05" ENDDATE="2079-06-06" ISACTUAL="1" ISACTIVE="1" /><HOUSE ID="126728671" OBJECTID="165076965" OBJECTGUID="ec6f09c1-dc33-47f0-8f8c-99e75ceb86ec" CHANGEID="600537777" HOUSENUM="32" HOUSETYPE="2" OPERTYPEID="10" PREVID="0" NEXTID="0" UPDATEDATE="2024-09-05" STARTDATE="2024-09-05" ENDDATE="2079-06-06" ISACTUAL="1" ISACTIVE="1" /><HOUSE ID="126729071" OBJECTID="165079130" OBJECTGUID="b94d7ae6-cf9f-44a5-8025-83f3c2c0411a" CHANGEID="600540795" HOUSENUM="44Б" HOUSETYPE="2" OPERTYPEID="10" PREVID="0" NEXTID="0" UPDATEDATE="2024-09-05" STARTDATE="2024-09-05" ENDDATE="2079-06-06" ISACTUAL="1" ISACTIVE="1" /><HOUSE ID="126729065" OBJECTID="28536221" OBJECTGUID="02367dfe-1957-49ba-93a2-de519b91cf4d" CHANGEID="600540778" HOUSENUM="41а" HOUSETYPE="2" OPERTYPEID="20" PREVID="126678874" UPDATEDATE="2024-09-05" STARTDATE="2024-09-05" ENDDATE="2079-06-06" ISACTUAL="1" ISACTIVE="1" /><HOUSE ID="126729073" OBJECTID="49377428" OBJECTGUID="78d267d6-c54b-47e8-a9bf-ce6413c1dc6e" CHANGEID="600540840" HOUSENUM="26б" HOUSETYPE="2" OPERTYPEID="60" PREVID="59941207" UPDATEDATE="2024-09-05" STARTDATE="2024-09-05" ENDDATE="2079-06-06" ISACTUAL="1" ISACTIVE="0" /><HOUSE ID="126729074" OBJECTID="165079140" OBJECTGUID="449c0b8f-9fb6-49f0-9b84-5912c8cbe205" CHANGEID="600540841" HOUSENUM="26б/1" HOUSETYPE="2" OPERTYPEID="61" PREVID="126729073" NEXTID="0" UPDATEDATE="2024-09-05" STARTDATE="2024-09-05" ENDDATE="2079-06-06" ISACTUAL="1" ISACTIVE="1" /><HOUSE ID="126729075" OBJECTID="165079141" OBJECTGUID="69fa4380-2595-4ff1-9065-a58a04cd616a" CHANGEID="600540842" HOUSENUM="26б/2" HOUSETYPE="2" OPERTYPEID="61" PREVID="126729073" NEXTID="0" UPDATEDATE="2024-09-05" STARTDATE="2024-09-05" ENDDATE="2079-06-06" ISACTUAL="1" ISACTIVE="1" /><HOUSE ID="126729860" OBJECTID="165081822" OBJECTGUID="17b5cd5b-ebd4-4580-a215-e49303495dea" CHANGEID="600545825" HOUSENUM="1/7/325" HOUSETYPE="2" OPERTYPEID="10" PREVID="0" NEXTID="0" UPDATEDATE="2024-09-05" STARTDATE="2024-09-05" ENDDATE="2079-06-06" ISACTUAL="1" ISACTIVE="1" /><HOUSE ID="126730176" OBJECTID="165083255" OBJECTGUID="497c4d90-beda-4369-9fbb-62888d9e831f" CHANGEID="600548051" HOUSENUM="66А" HOUSETYPE="2" OPERTYPEID="10" PREVID="0" NEXTID="0" UPDATEDATE="2024-09-05" STARTDATE="2024-09-05" ENDDATE="2079-06-06" ISACTUAL="1" ISACTIVE="1" /><HOUSE ID="126730233" OBJECTID="165083835" OBJECTGUID="b8876b74-6199-4c46-8196-806c386869b4" CHANGEID="600549188" HOUSENUM="40/2" HOUSETYPE="2" OPERTYPEID="10" PREVID="0" NEXTID="0" UPDATEDATE="2024-09-05" STARTDATE="2024-09-05" ENDDATE="2079-06-06" ISACTUAL="1" ISACTIVE="1" /><HOUSE ID="126730551" OBJECTID="165085737" OBJECTGUID="5c4994a5-5d70-42f5-a762-101a20e466bc" CHANGEID="600552144" HOUSENUM="8" HOUSETYPE="2" OPERTYPEID="10" PREVID="0" NEXTID="0" UPDATEDATE="2024-09-05" STARTDATE="2024-09-05" ENDDATE="2079-06-06" ISACTUAL="1" ISACTIVE="1" /><HOUSE ID="126730625" OBJECTID="165086302" OBJECTGUID="dbe356ad-a8e9-42fc-b702-82a6f1a8701e" CHANGEID="600552979" HOUSENUM="7/58" HOUSETYPE="2" OPERTYPEID="10" PREVID="0" NEXTID="0" UPDATEDATE="2024-09-05" STARTDATE="2024-09-05" ENDDATE="2079-06-06" ISACTUAL="1" ISACTIVE="1" /><HOUSE ID="126730619" OBJECTID="165086287" OBJECTGUID="94d82d7b-33c3-4cc5-805e-a3693997d56d" CHANGEID="600552948" HOUSENUM="6б" HOUSETYPE="2" OPERTYPEID="10" PREVID="0" NEXTID="0" UPDATEDATE="2024-09-05" STARTDATE="2024-09-05" ENDDATE="2079-06-06" ISACTUAL="1" ISACTIVE="1" /><HOUSE ID="126730774" OBJECTID="165086502" OBJECTGUID="f399a897-61fc-4d8e-a63d-de4c78e5c926" CHANGEID="600553474" HOUSENUM="53" HOUSETYPE="2" OPERTYPEID="10" PREVID="0" NEXTID="0" UPDATEDATE="2024-09-05" STARTDATE="2024-09-05" ENDDATE="2079-06-06" ISACTUAL="1" ISACTIVE="1" /><HOUSE ID="126730805" OBJECTID="75258277" OBJECTGUID="ab16cdd1-9d87-4326-a0f0-df32717211ee" CHANGEID="600553689" HOUSENUM="24" HOUSETYPE="2" OPERTYPEID="30" PREVID="45436160" NEXTID="0" UPDATEDATE="2024-09-05" STARTDATE="2024-09-05" ENDDATE="2079-06-06" ISACTUAL="1" ISACTIVE="0" /><HOUSE ID="45436160" OBJECTID="75258277" OBJECTGUID="ab16cdd1-9d87-4326-a0f0-df32717211ee" CHANGEID="111969315" HOUSENUM="24" HOUSETYPE="2" OPERTYPEID="10" PREVID="0" NEXTID="126730805" UPDATEDATE="2024-09-05" STARTDATE="1900-01-01" ENDDATE="2024-09-05" ISACTUAL="0" ISACTIVE="0" /><HOUSE ID="126730858" OBJECTID="165087009" OBJECTGUID="85c22846-0287-4d44-aa8c-038769d478ff" CHANGEID="600554160" HOUSENUM="17" HOUSETYPE="2" OPERTYPEID="10" PREVID="0" NEXTID="0" UPDATEDATE="2024-09-05" STARTDATE="2024-09-05" ENDDATE="2079-06-06" ISACTUAL="1" ISACTIVE="1" /><HOUSE ID="126730875" OBJECTID="165087084" OBJECTGUID="17209d5a-a825-422a-b196-d65bdb6c59b6" CHANGEID="600554261" HOUSENUM="890" HOUSETYPE="2" OPERTYPEID="10" PREVID="0" NEXTID="0" UPDATEDATE="2024-09-05" STARTDATE="2024-09-05" ENDDATE="2079-06-06" ISACTUAL="1" ISACTIVE="1" /><HOUSE ID="126730847" OBJECTID="165086973" OBJECTGUID="31105429-0b98-4ba9-8a0c-b5f2f2cce255" CHANGEID="600554103" HOUSENUM="8" HOUSETYPE="2" OPERTYPEID="10" PREVID="0" NEXTID="0" UPDATEDATE="2024-09-05" STARTDATE="2024-09-05" ENDDATE="2079-06-06" ISACTUAL="1" ISACTIVE="1" /><HOUSE ID="126731460" OBJECTID="165089777" OBJECTGUID="77ad487d-50d0-4e21-9280-4321bb984e83" CHANGEID="600559824" HOUSENUM="67е" ADDNUM1="1" HOUSETYPE="7" ADDTYPE1="1" OPERTYPEID="10" PREVID="0" NEXTID="0" UPDATEDATE="2024-09-05" STARTDATE="2024-09-05" ENDDATE="2079-06-06" ISACTUAL="1" ISACTIVE="1" /><HOUSE ID="126731467" OBJECTID="165089812" OBJECTGUID="2cdb9ac0-f90f-4b2c-90af-d2024238ffee" CHANGEID="600559882" HOUSENUM="24" HOUSETYPE="7" OPERTYPEID="10" PREVID="0" NEXTID="0" UPDATEDATE="2024-09-05" STARTDATE="2024-09-05" ENDDATE="2079-06-06" ISACTUAL="1" ISACTIVE="1" /><HOUSE ID="126731451" OBJECTID="165089753" OBJECTGUID="88d578df-1e03-4c40-9ff5-fcadd036b72c" CHANGEID="600559768" HOUSENUM="611" HOUSETYPE="2" OPERTYPEID="10" PREVID="0" NEXTID="0" UPDATEDATE="2024-09-05" STARTDATE="2024-09-05" ENDDATE="2079-06-06" ISACTUAL="1" ISACTIVE="1" /><HOUSE ID="126731464" OBJECTID="165089802" OBJECTGUID="4d548934-4e6e-4dca-b4f1-1f1a20f0c347" CHANGEID="600559860" HOUSENUM="14а" HOUSETYPE="2" OPERTYPEID="10" PREVID="0" NEXTID="0" UPDATEDATE="2024-09-05" STARTDATE="2024-09-05" ENDDATE="2079-06-06" ISACTUAL="1" ISACTIVE="1" /><HOUSE ID="126736362" OBJECTID="165107838" OBJECTGUID="3ca6dc43-2721-4fbb-ba16-2086da019cd9" CHANGEID="600592546" HOUSENUM="2а" HOUSETYPE="2" OPERTYPEID="10" PREVID="0" NEXTID="0" UPDATEDATE="2024-09-06" STARTDATE="2024-09-06" ENDDATE="2079-06-06" ISACTUAL="1" ISACTIVE="1" /><HOUSE ID="126737475" OBJECTID="165112035" OBJECTGUID="604bdde1-ad7b-45cd-8ed2-6d55506aeba6" CHANGEID="600636375" HOUSENUM="875" HOUSETYPE="2" OPERTYPEID="10" PREVID="0" NEXTID="0" UPDATEDATE="2024-09-06" STARTDATE="2024-09-06" ENDDATE="2079-06-06" ISACTUAL="1" ISACTIVE="1" /><HOUSE ID="126737485" OBJECTID="165112112" OBJECTGUID="b8fdabc7-865a-4249-a714-63fce2478bdb" CHANGEID="600638994" HOUSENUM="4" HOUSETYPE="2" OPERTYPEID="10" PREVID="0" NEXTID="0" UPDATEDATE="2024-09-06" STARTDATE="2024-09-06" ENDDATE="2079-06-06" ISACTUAL="1" ISACTIVE="1" /><HOUSE ID="126737598" OBJECTID="165112563" OBJECTGUID="8105f98a-d251-4f30-9de4-1c0cc517a01f" CHANGEID="600657304" HOUSENUM="36" HOUSETYPE="2" OPERTYPEID="10" PREVID="0" NEXTID="0" UPDATEDATE="2024-09-06" STARTDATE="2024-09-06" ENDDATE="2079-06-06" ISACTUAL="1" ISACTIVE="1" /><HOUSE ID="126737627" OBJECTID="165112716" OBJECTGUID="59085e86-9b4b-4b1d-89a8-423828b7753c" CHANGEID="600678688" HOUSENUM="20" HOUSETYPE="2" OPERTYPEID="10" PREVID="0" NEXTID="0" UPDATEDATE="2024-09-06" STARTDATE="2024-09-06" ENDDATE="2079-06-06" ISACTUAL="1" ISACTIVE="1" /><HOUSE ID="126737634" OBJECTID="165112734" OBJECTGUID="30cec932-05c1-42e1-86e9-2a8243870280" CHANGEID="600680468" HOUSENUM="8/2а" HOUSETYPE="7" OPERTYPEID="10" PREVID="0" NEXTID="0" UPDATEDATE="2024-09-06" STARTDATE="2024-09-06" ENDDATE="2079-06-06" ISACTUAL="1" ISACTIVE="1" /><HOUSE ID="126737644" OBJECTID="165112755" OBJECTGUID="e54ab290-d0af-45dc-b9aa-864b70e01d9a" CHANGEID="600682441" HOUSENUM="8/3" HOUSETYPE="7" OPERTYPEID="10" PREVID="0" NEXTID="0" UPDATEDATE="2024-09-06" STARTDATE="2024-09-06" ENDDATE="2079-06-06" ISACTUAL="1" ISACTIVE="1" /><HOUSE ID="126737656" OBJECTID="165112790" OBJECTGUID="500f5324-08a4-44e7-8b7b-46e28831b2ca" CHANGEID="600685611" HOUSENUM="17" HOUSETYPE="2" OPERTYPEID="10" PREVID="0" NEXTID="0" UPDATEDATE="2024-09-06" STARTDATE="2024-09-06" ENDDATE="2079-06-06" ISACTUAL="1" ISACTIVE="1" /><HOUSE ID="126737724" OBJECTID="165112902" OBJECTGUID="87f9dcd1-fbd2-4e90-bf9c-8b89b42e7391" CHANGEID="600700742" HOUSENUM="20а/247" HOUSETYPE="7" OPERTYPEID="10" PREVID="0" NEXTID="0" UPDATEDATE="2024-09-06" STARTDATE="2024-09-06" ENDDATE="2079-06-06" ISACTUAL="1" ISACTIVE="1" /><HOUSE ID="126737848" OBJECTID="165113412" OBJECTGUID="ffb96103-76d5-4160-9efd-c7648afcd0b5" CHANGEID="600701685" HOUSENUM="16а" HOUSETYPE="2" OPERTYPEID="10" PREVID="0" NEXTID="0" UPDATEDATE="2024-09-06" STARTDATE="2024-09-06" ENDDATE="2079-06-06" ISACTUAL="1" ISACTIVE="1" /><HOUSE ID="22666390" OBJECTID="37991837" OBJECTGUID="2ba9d428-dec0-4095-9535-3028722562ac" CHANGEID="57606158" HOUSENUM="37А" HOUSETYPE="2" OPERTYPEID="10" PREVID="0" NEXTID="126737813" UPDATEDATE="2024-09-06" STARTDATE="1900-01-01" ENDDATE="2024-09-06" ISACTUAL="0" ISACTIVE="0" /><HOUSE ID="126737813" OBJECTID="37991837" OBJECTGUID="2ba9d428-dec0-4095-9535-3028722562ac" CHANGEID="600701284" HOUSENUM="37а" HOUSETYPE="2" OPERTYPEID="20" PREVID="22666390" UPDATEDATE="2024-09-06" STARTDATE="2024-09-06" ENDDATE="2079-06-06" ISACTUAL="1" ISACTIVE="1" /><HOUSE ID="22670570" OBJECTID="37996414" OBJECTGUID="4db1cbc3-f114-48c2-9a14-e0acda2f804f" CHANGEID="57613923" HOUSENUM="112А" HOUSETYPE="2" OPERTYPEID="10" PREVID="0" NEXTID="126737816" UPDATEDATE="2024-09-06" STARTDATE="1900-01-01" ENDDATE="2024-09-06" ISACTUAL="0" ISACTIVE="0" /><HOUSE ID="126737816" OBJECTID="37996414" OBJECTGUID="4db1cbc3-f114-48c2-9a14-e0acda2f804f" CHANGEID="600701307" HOUSENUM="112а" HOUSETYPE="2" OPERTYPEID="20" PREVID="22670570" UPDATEDATE="2024-09-06" STARTDATE="2024-09-06" ENDDATE="2079-06-06" ISACTUAL="1" ISACTIVE="1" /><HOUSE ID="22658371" OBJECTID="37978512" OBJECTGUID="fc422609-456b-4b55-ac1d-04abb6abfaa6" CHANGEID="57586233" HOUSENUM="96Д" HOUSETYPE="2" OPERTYPEID="10" PREVID="0" NEXTID="126737818" UPDATEDATE="2024-09-06" STARTDATE="1900-01-01" ENDDATE="2024-09-06" ISACTUAL="0" ISACTIVE="0" /><HOUSE ID="126737818" OBJECTID="37978512" OBJECTGUID="fc422609-456b-4b55-ac1d-04abb6abfaa6" CHANGEID="600701337" HOUSENUM="96д" HOUSETYPE="2" OPERTYPEID="20" PREVID="22658371" UPDATEDATE="2024-09-06" STARTDATE="2024-09-06" ENDDATE="2079-06-06" ISACTUAL="1" ISACTIVE="1" /><HOUSE ID="126738226" OBJECTID="61601697" OBJECTGUID="dd2138d8-275d-4adf-95bb-03374d09a658" CHANGEID="600703930" HOUSENUM="8" HOUSETYPE="2" OPERTYPEID="30" PREVID="67045446" NEXTID="0" UPDATEDATE="2024-09-06" STARTDATE="2024-09-06" ENDDATE="2079-06-06" ISACTUAL="1" ISACTIVE="0" /><HOUSE ID="8506637" OBJECTID="15122592" OBJECTGUID="82857698-73c4-43de-b302-ac347cd87e87" CHANGEID="24118239" HOUSENUM="60А" HOUSETYPE="2" OPERTYPEID="10" PREVID="0" NEXTID="126738283" UPDATEDATE="2024-09-06" STARTDATE="1900-01-01" ENDDATE="2024-09-06" ISACTUAL="0" ISACTIVE="0" /><HOUSE ID="126738283" OBJECTID="15122592" OBJECTGUID="82857698-73c4-43de-b302-ac347cd87e87" CHANGEID="600704468" HOUSENUM="60а" HOUSETYPE="2" OPERTYPEID="20" PREVID="8506637" UPDATEDATE="2024-09-06" STARTDATE="2024-09-06" ENDDATE="2079-06-06" ISACTUAL="1" ISACTIVE="1" /><HOUSE ID="126738543" OBJECTID="165115637" OBJECTGUID="730717b8-bb00-47f9-aac2-93a27d258684" CHANGEID="600705705" HOUSENUM="1/2/78" HOUSETYPE="2" OPERTYPEID="10" PREVID="0" NEXTID="0" UPDATEDATE="2024-09-06" STARTDATE="2024-09-06" ENDDATE="2079-06-06" ISACTUAL="1" ISACTIVE="1" /><HOUSE ID="126741848" OBJECTID="165131608" OBJECTGUID="5f4d97d3-9e63-4201-8510-c45fdd9783dc" CHANGEID="600761177" HOUSENUM="8" HOUSETYPE="2" OPERTYPEID="10" PREVID="0" NEXTID="0" UPDATEDATE="2024-09-09" STARTDATE="2024-09-09" ENDDATE="2079-06-06" ISACTUAL="1" ISACTIVE="1" /><HOUSE ID="126741952" OBJECTID="165132081" OBJECTGUID="4cd1c882-f283-4c48-9027-017c64569047" CHANGEID="600761658" HOUSENUM="9/3" HOUSETYPE="2" OPERTYPEID="10" PREVID="0" NEXTID="0" UPDATEDATE="2024-09-09" STARTDATE="2024-09-09" ENDDATE="2079-06-06" ISACTUAL="1" ISACTIVE="1" /><HOUSE ID="126742393" OBJECTID="165135071" OBJECTGUID="e0d71772-c72d-4412-803d-fca88fcba0ca" CHANGEID="600765716" HOUSENUM="28б" HOUSETYPE="2" OPERTYPEID="10" PREVID="0" NEXTID="0" UPDATEDATE="2024-09-09" STARTDATE="2024-09-09" ENDDATE="2079-06-06" ISACTUAL="1" ISACTIVE="1" /><HOUSE ID="126744332" OBJECTID="165139031" OBJECTGUID="85eed933-c929-49a1-b263-12ac87c06fa2" CHANGEID="600772572" HOUSENUM="56" HOUSETYPE="2" OPERTYPEID="10" PREVID="0" NEXTID="0" UPDATEDATE="2024-09-09" STARTDATE="2024-09-09" ENDDATE="2079-06-06" ISACTUAL="1" ISACTIVE="1" /><HOUSE ID="126744724" OBJECTID="165140344" OBJECTGUID="b4d3f130-3345-4ddd-8fc5-7b7b6d0faf1f" CHANGEID="600774866" HOUSENUM="3а" HOUSETYPE="2" OPERTYPEID="10" PREVID="0" NEXTID="0" UPDATEDATE="2024-09-09" STARTDATE="2024-09-09" ENDDATE="2079-06-06" ISACTUAL="1" ISACTIVE="1" /><HOUSE ID="126746969" OBJECTID="2186657" OBJECTGUID="e0871809-4362-42c5-9af8-9b444400c10c" CHANGEID="600789015" HOUSENUM="132" HOUSETYPE="2" OPERTYPEID="30" PREVID="450429" NEXTID="0" UPDATEDATE="2024-09-09" STARTDATE="2024-09-09" ENDDATE="2079-06-06" ISACTUAL="1" ISACTIVE="0" /><HOUSE ID="450429" OBJECTID="2186657" OBJECTGUID="e0871809-4362-42c5-9af8-9b444400c10c" CHANGEID="5123813" HOUSENUM="132" HOUSETYPE="2" OPERTYPEID="10" PREVID="0" NEXTID="126746969" UPDATEDATE="2024-09-09" STARTDATE="1900-01-01" ENDDATE="2024-09-09" ISACTUAL="0" ISACTIVE="0" /><HOUSE ID="126746981" OBJECTID="165149146" OBJECTGUID="467ef45b-4d5a-40fe-9b2a-85dad4de72b1" CHANGEID="600789109" HOUSENUM="19/48" HOUSETYPE="7" OPERTYPEID="10" PREVID="0" NEXTID="0" UPDATEDATE="2024-09-09" STARTDATE="2024-09-09" ENDDATE="2079-06-06" ISACTUAL="1" ISACTIVE="1" /><HOUSE ID="126746992" OBJECTID="165149262" OBJECTGUID="d81c03ed-1f79-4220-b82c-34c8557992e8" CHANGEID="600789268" HOUSENUM="284" HOUSETYPE="2" OPERTYPEID="10" PREVID="0" NEXTID="0" UPDATEDATE="2024-09-09" STARTDATE="2024-09-09" ENDDATE="2079-06-06" ISACTUAL="1" ISACTIVE="1" /><HOUSE ID="126747015" OBJECTID="165149331" OBJECTGUID="34e2ca96-80c8-460c-a16a-1fd8a2f83e34" CHANGEID="600789382" HOUSENUM="21" HOUSETYPE="2" OPERTYPEID="10" PREVID="0" NEXTID="0" UPDATEDATE="2024-09-09" STARTDATE="2024-09-09" ENDDATE="2079-06-06" ISACTUAL="1" ISACTIVE="1" /><HOUSE ID="126747068" OBJECTID="165149442" OBJECTGUID="0e62275b-45b4-478e-bd3c-0bcf454dd951" CHANGEID="600789592" HOUSENUM="132/2" HOUSETYPE="2" OPERTYPEID="10" PREVID="0" NEXTID="0" UPDATEDATE="2024-09-09" STARTDATE="2024-09-09" ENDDATE="2079-06-06" ISACTUAL="1" ISACTIVE="1" /><HOUSE ID="126747271" OBJECTID="53971271" OBJECTGUID="fadb25ab-d3e2-4f2c-8f7b-82f32a1f1135" CHANGEID="600790802" HOUSENUM="14" HOUSETYPE="2" OPERTYPEID="30" PREVID="69149802" NEXTID="0" UPDATEDATE="2024-09-09" STARTDATE="2024-09-09" ENDDATE="2079-06-06" ISACTUAL="1" ISACTIVE="0" /><HOUSE ID="69149802" OBJECTID="53971271" OBJECTGUID="fadb25ab-d3e2-4f2c-8f7b-82f32a1f1135" CHANGEID="80782075" HOUSENUM="14" HOUSETYPE="2" OPERTYPEID="20" PREVID="32237758" NEXTID="126747271" UPDATEDATE="2024-09-09" STARTDATE="2013-01-16" ENDDATE="2024-09-09" ISACTUAL="0" ISACTIVE="0" /><HOUSE ID="126751473" OBJECTID="165170671" OBJECTGUID="e239704c-ec62-4e1d-8b19-1e93163e1f97" CHANGEID="600827288" HOUSENUM="22в" HOUSETYPE="2" OPERTYPEID="10" PREVID="0" NEXTID="0" UPDATEDATE="2024-09-10" STARTDATE="2024-09-10" ENDDATE="2079-06-06" ISACTUAL="1" ISACTIVE="1" /><HOUSE ID="126752604" OBJECTID="165174314" OBJECTGUID="0956f559-b475-4330-9dc9-557abc2e5d45" CHANGEID="600833643" HOUSENUM="50" HOUSETYPE="2" OPERTYPEID="10" PREVID="0" NEXTID="0" UPDATEDATE="2024-09-10" STARTDATE="2024-09-10" ENDDATE="2079-06-06" ISACTUAL="1" ISACTIVE="1" /><HOUSE ID="126752605" OBJECTID="165174317" OBJECTGUID="919e9b79-8be0-4457-8d53-f3adbdc6ef36" CHANGEID="600833650" HOUSENUM="3" HOUSETYPE="2" OPERTYPEID="10" PREVID="0" NEXTID="0" UPDATEDATE="2024-09-10" STARTDATE="2024-09-10" ENDDATE="2079-06-06" ISACTUAL="1" ISACTIVE="1" /><HOUSE ID="126752606" OBJECTID="165174319" OBJECTGUID="d3b0060c-0d27-4f25-9467-048f2c3bee99" CHANGEID="600833654" HOUSENUM="16" HOUSETYPE="2" OPERTYPEID="10" PREVID="0" NEXTID="0" UPDATEDATE="2024-09-10" STARTDATE="2024-09-10" ENDDATE="2079-06-06" ISACTUAL="1" ISACTIVE="1" /><HOUSE ID="126753007" OBJECTID="165176185" OBJECTGUID="2ee7834f-6870-457d-88d6-0e8c6d6a048f" CHANGEID="600836278" HOUSENUM="3" HOUSETYPE="2" OPERTYPEID="10" PREVID="0" NEXTID="0" UPDATEDATE="2024-09-10" STARTDATE="2024-09-10" ENDDATE="2079-06-06" ISACTUAL="1" ISACTIVE="1" /><HOUSE ID="126753013" OBJECTID="165176303" OBJECTGUID="72db028e-919e-4b20-a45f-e6d81da273a0" CHANGEID="600836399" HOUSENUM="7" HOUSETYPE="2" OPERTYPEID="10" PREVID="0" NEXTID="0" UPDATEDATE="2024-09-10" STARTDATE="2024-09-10" ENDDATE="2079-06-06" ISACTUAL="1" ISACTIVE="1" /><HOUSE ID="126753014" OBJECTID="165176305" OBJECTGUID="c278d470-348e-4eb0-b371-8f3e9f013816" CHANGEID="600836401" HOUSENUM="16" HOUSETYPE="2" OPERTYPEID="10" PREVID="0" NEXTID="0" UPDATEDATE="2024-09-10" STARTDATE="2024-09-10" ENDDATE="2079-06-06" ISACTUAL="1" ISACTIVE="1" /><HOUSE ID="126753787" OBJECTID="165179821" OBJECTGUID="a1593d89-dfb0-4a02-8593-1adb9f066bd6" CHANGEID="600842299" HOUSENUM="3/1" HOUSETYPE="2" OPERTYPEID="10" PREVID="0" NEXTID="0" UPDATEDATE="2024-09-10" STARTDATE="2024-09-10" ENDDATE="2079-06-06" ISACTUAL="1" ISACTIVE="1" /><HOUSE ID="126753788" OBJECTID="165179844" OBJECTGUID="91046185-d165-4202-bc9c-59cf35a0d6e9" CHANGEID="600842335" HOUSENUM="26" HOUSETYPE="2" OPERTYPEID="10" PREVID="0" NEXTID="0" UPDATEDATE="2024-09-10" STARTDATE="2024-09-10" ENDDATE="2079-06-06" ISACTUAL="1" ISACTIVE="1" /><HOUSE ID="126753794" OBJECTID="165179860" OBJECTGUID="305793f1-b64f-4b11-8e27-af7631efee8a" CHANGEID="600842384" HOUSENUM="1" HOUSETYPE="2" OPERTYPEID="10" PREVID="0" NEXTID="0" UPDATEDATE="2024-09-10" STARTDATE="2024-09-10" ENDDATE="2079-06-06" ISACTUAL="1" ISACTIVE="1" /><HOUSE ID="126753821" OBJECTID="165179913" OBJECTGUID="8932fe23-c1f8-4ee5-9b9f-27224f6d5dce" CHANGEID="600842460" HOUSENUM="40а" ADDNUM1="1" HOUSETYPE="2" ADDTYPE1="1" OPERTYPEID="10" PREVID="0" NEXTID="0" UPDATEDATE="2024-09-10" STARTDATE="2024-09-10" ENDDATE="2079-06-06" ISACTUAL="1" ISACTIVE="1" /><HOUSE ID="126753975" OBJECTID="165180612" OBJECTGUID="f3d75997-36a9-43eb-be6e-f2a8cc6f2814" CHANGEID="600843519" HOUSENUM="1а" HOUSETYPE="2" OPERTYPEID="10" PREVID="0" NEXTID="0" UPDATEDATE="2024-09-10" STARTDATE="2024-09-10" ENDDATE="2079-06-06" ISACTUAL="1" ISACTIVE="1" /><HOUSE ID="126753983" OBJECTID="165180635" OBJECTGUID="d5b4b212-e426-4c05-a5bd-db6ce2eac413" CHANGEID="600843590" HOUSENUM="24А" HOUSETYPE="2" OPERTYPEID="10" PREVID="0" NEXTID="0" UPDATEDATE="2024-09-10" STARTDATE="2024-09-10" ENDDATE="2079-06-06" ISACTUAL="1" ISACTIVE="1" /><HOUSE ID="126753958" OBJECTID="165180509" OBJECTGUID="cd2e89c2-71e5-4cfc-9013-4eca73681df8" CHANGEID="600843367" HOUSENUM="8/1" HOUSETYPE="2" OPERTYPEID="10" PREVID="0" NEXTID="0" UPDATEDATE="2024-09-10" STARTDATE="2024-09-10" ENDDATE="2079-06-06" ISACTUAL="1" ISACTIVE="1" /><HOUSE ID="126754012" OBJECTID="165180786" OBJECTGUID="e7b71f91-b881-4814-9a73-3401e6caf3b4" CHANGEID="600843915" HOUSENUM="22/10" HOUSETYPE="7" OPERTYPEID="10" PREVID="0" NEXTID="0" UPDATEDATE="2024-09-10" STARTDATE="2024-09-10" ENDDATE="2079-06-06" ISACTUAL="1" ISACTIVE="1" /><HOUSE ID="126754134" OBJECTID="165181055" OBJECTGUID="231c87aa-cd45-443e-b063-6f06eaf78ef8" CHANGEID="600844570" HOUSENUM="1А" HOUSETYPE="2" OPERTYPEID="10" PREVID="0" NEXTID="0" UPDATEDATE="2024-09-10" STARTDATE="2024-09-10" ENDDATE="2079-06-06" ISACTUAL="1" ISACTIVE="1" /><HOUSE ID="126754209" OBJECTID="165181272" OBJECTGUID="a8b1af14-2de5-4501-8808-b656b47b421d" CHANGEID="600844989" HOUSENUM="106" HOUSETYPE="2" OPERTYPEID="10" PREVID="0" NEXTID="0" UPDATEDATE="2024-09-10" STARTDATE="2024-09-10" ENDDATE="2079-06-06" ISACTUAL="1" ISACTIVE="1" /><HOUSE ID="126754288" OBJECTID="165181763" OBJECTGUID="94c0342d-4765-44e4-baf9-825e69041745" CHANGEID="600845644" HOUSENUM="54" ADDNUM1="2" HOUSETYPE="2" ADDTYPE1="1" OPERTYPEID="10" PREVID="0" NEXTID="0" UPDATEDATE="2024-09-10" STARTDATE="2024-09-10" ENDDATE="2079-06-06" ISACTUAL="1" ISACTIVE="1" /><HOUSE ID="126754455" OBJECTID="165182457" OBJECTGUID="1ad8e655-ca01-4f78-9c8f-7c1aa898a6c8" CHANGEID="600847045" HOUSENUM="2" HOUSETYPE="2" OPERTYPEID="10" PREVID="0" NEXTID="0" UPDATEDATE="2024-09-10" STARTDATE="2024-09-10" ENDDATE="2079-06-06" ISACTUAL="1" ISACTIVE="1" /><HOUSE ID="126754480" OBJECTID="165182545" OBJECTGUID="a5c159a5-60da-4ea6-a8b1-4f754c9bb54b" CHANGEID="600847193" HOUSENUM="12" HOUSETYPE="2" OPERTYPEID="10" PREVID="0" NEXTID="0" UPDATEDATE="2024-09-10" STARTDATE="2024-09-10" ENDDATE="2079-06-06" ISACTUAL="1" ISACTIVE="1" /><HOUSE ID="126754617" OBJECTID="165182847" OBJECTGUID="2a084483-5993-4aa6-8ed1-be84135a5abc" CHANGEID="600847730" HOUSENUM="18Б" HOUSETYPE="2" OPERTYPEID="10" PREVID="0" NEXTID="0" UPDATEDATE="2024-09-10" STARTDATE="2024-09-10" ENDDATE="2079-06-06" ISACTUAL="1" ISACTIVE="1" /><HOUSE ID="126754672" OBJECTID="165182967" OBJECTGUID="01f36761-1d6f-48d3-8364-6951566974e2" CHANGEID="600847913" HOUSENUM="15" HOUSETYPE="7" OPERTYPEID="10" PREVID="0" NEXTID="0" UPDATEDATE="2024-09-10" STARTDATE="2024-09-10" ENDDATE="2079-06-06" ISACTUAL="1" ISACTIVE="1" /><HOUSE ID="126754679" OBJECTID="165183001" OBJECTGUID="b8b2915f-f3a7-4457-8647-936563d5a799" CHANGEID="600847974" HOUSENUM="5" HOUSETYPE="2" OPERTYPEID="10" PREVID="0" NEXTID="0" UPDATEDATE="2024-09-10" STARTDATE="2024-09-10" ENDDATE="2079-06-06" ISACTUAL="1" ISACTIVE="1" /><HOUSE ID="126754695" OBJECTID="165183050" OBJECTGUID="46fc0274-8d88-4eaf-9e9d-606b184d09d4" CHANGEID="600848049" HOUSENUM="36" HOUSETYPE="2" OPERTYPEID="10" PREVID="0" NEXTID="0" UPDATEDATE="2024-09-10" STARTDATE="2024-09-10" ENDDATE="2079-06-06" ISACTUAL="1" ISACTIVE="1" /><HOUSE ID="126754704" OBJECTID="165183059" OBJECTGUID="128b5a47-e0db-4c29-bdc0-67441d79255e" CHANGEID="600848065" HOUSENUM="67е" ADDNUM1="2" HOUSETYPE="7" ADDTYPE1="1" OPERTYPEID="10" PREVID="0" NEXTID="0" UPDATEDATE="2024-09-10" STARTDATE="2024-09-10" ENDDATE="2079-06-06" ISACTUAL="1" ISACTIVE="1" /><HOUSE ID="126754735" OBJECTID="165183136" OBJECTGUID="9b60b77e-2d38-4fd4-8e1e-b755016c1c1a" CHANGEID="600848184" HOUSENUM="1" HOUSETYPE="7" OPERTYPEID="10" PREVID="0" NEXTID="0" UPDATEDATE="2024-09-10" STARTDATE="2024-09-10" ENDDATE="2079-06-06" ISACTUAL="1" ISACTIVE="1" /><HOUSE ID="126757142" OBJECTID="165197797" OBJECTGUID="145f2615-4d53-4be0-b813-51235956dfbe" CHANGEID="600893391" HOUSENUM="4а" HOUSETYPE="2" OPERTYPEID="10" PREVID="0" NEXTID="0" UPDATEDATE="2024-09-11" STARTDATE="2024-09-11" ENDDATE="2079-06-06" ISACTUAL="1" ISACTIVE="1" /><HOUSE ID="126760821" OBJECTID="165215711" OBJECTGUID="b95e5269-0746-483a-8603-3036e3f96f0a" CHANGEID="600921906" HOUSENUM="11/1" HOUSETYPE="2" OPERTYPEID="10" PREVID="0" NEXTID="0" UPDATEDATE="2024-09-11" STARTDATE="2024-09-11" ENDDATE="2079-06-06" ISACTUAL="1" ISACTIVE="1" /><HOUSE ID="126760901" OBJECTID="165216030" OBJECTGUID="6c3de18d-151e-4aec-abe1-7e04a39f3f3c" CHANGEID="600922518" HOUSENUM="8А" HOUSETYPE="2" OPERTYPEID="10" PREVID="0" NEXTID="0" UPDATEDATE="2024-09-11" STARTDATE="2024-09-11" ENDDATE="2079-06-06" ISACTUAL="1" ISACTIVE="1" /><HOUSE ID="126760908" OBJECTID="165216091" OBJECTGUID="ec7e2347-d0f5-426f-ab92-abb07d850271" CHANGEID="600922598" HOUSENUM="1/12" HOUSETYPE="2" OPERTYPEID="10" PREVID="0" NEXTID="0" UPDATEDATE="2024-09-11" STARTDATE="2024-09-11" ENDDATE="2079-06-06" ISACTUAL="1" ISACTIVE="1" /><HOUSE ID="126760928" OBJECTID="165216140" OBJECTGUID="8a2b2353-1efc-4347-98f5-388f098ae8fc" CHANGEID="600922675" HOUSENUM="15" HOUSETYPE="2" OPERTYPEID="10" PREVID="0" NEXTID="0" UPDATEDATE="2024-09-11" STARTDATE="2024-09-11" ENDDATE="2079-06-06" ISACTUAL="1" ISACTIVE="1" /><HOUSE ID="126760978" OBJECTID="165216378" OBJECTGUID="d58c9fb5-4b5c-494c-8c41-3e8eccb96fb5" CHANGEID="600923070" HOUSENUM="14" HOUSETYPE="2" OPERTYPEID="10" PREVID="0" NEXTID="0" UPDATEDATE="2024-09-11" STARTDATE="2024-09-11" ENDDATE="2079-06-06" ISACTUAL="1" ISACTIVE="1" /><HOUSE ID="126761008" OBJECTID="165216576" OBJECTGUID="2aa3bf39-f326-4c0c-a8ba-69f06526fb71" CHANGEID="600923395" HOUSENUM="8" HOUSETYPE="2" OPERTYPEID="10" PREVID="0" NEXTID="0" UPDATEDATE="2024-09-11" STARTDATE="2024-09-11" ENDDATE="2079-06-06" ISACTUAL="1" ISACTIVE="1" /><HOUSE ID="126761052" OBJECTID="165217211" OBJECTGUID="c578666c-f515-4722-b777-b49d84e6c3b3" CHANGEID="600924129" HOUSENUM="17" ADDNUM1="1" HOUSETYPE="2" ADDTYPE1="1" OPERTYPEID="10" PREVID="0" NEXTID="0" UPDATEDATE="2024-09-11" STARTDATE="2024-09-11" ENDDATE="2079-06-06" ISACTUAL="1" ISACTIVE="1" /><HOUSE ID="126761053" OBJECTID="165217213" OBJECTGUID="6e31afd5-fd60-4c6d-9bea-65ab481e5b2e" CHANGEID="600924131" HOUSENUM="31А" HOUSETYPE="2" OPERTYPEID="10" PREVID="0" NEXTID="0" UPDATEDATE="2024-09-11" STARTDATE="2024-09-11" ENDDATE="2079-06-06" ISACTUAL="1" ISACTIVE="1" /><HOUSE ID="126761054" OBJECTID="165217219" OBJECTGUID="317346dd-2788-445d-b016-1fe2f9d102d1" CHANGEID="600924137" HOUSENUM="21А" HOUSETYPE="2" OPERTYPEID="10" PREVID="0" NEXTID="0" UPDATEDATE="2024-09-11" STARTDATE="2024-09-11" ENDDATE="2079-06-06" ISACTUAL="1" ISACTIVE="1" /><HOUSE ID="126761137" OBJECTID="165217719" OBJECTGUID="62fa1f79-fd2d-4c51-81ee-8a2f95ea21fd" CHANGEID="600924897" HOUSENUM="3/376" HOUSETYPE="2" OPERTYPEID="10" PREVID="0" NEXTID="0" UPDATEDATE="2024-09-11" STARTDATE="2024-09-11" ENDDATE="2079-06-06" ISACTUAL="1" ISACTIVE="1" /><HOUSE ID="126761138" OBJECTID="165217720" OBJECTGUID="ed3fe80a-fcff-4944-8e1c-b120955c743f" CHANGEID="600924898" HOUSENUM="3/359" HOUSETYPE="2" OPERTYPEID="10" PREVID="0" NEXTID="0" UPDATEDATE="2024-09-11" STARTDATE="2024-09-11" ENDDATE="2079-06-06" ISACTUAL="1" ISACTIVE="1" /><HOUSE ID="126761139" OBJECTID="165217721" OBJECTGUID="855112c4-16ef-498a-9e39-b68c394f366b" CHANGEID="600924899" HOUSENUM="388" HOUSETYPE="2" OPERTYPEID="10" PREVID="0" NEXTID="0" UPDATEDATE="2024-09-11" STARTDATE="2024-09-11" ENDDATE="2079-06-06" ISACTUAL="1" ISACTIVE="1" /><HOUSE ID="126761230" OBJECTID="165218097" OBJECTGUID="d8ae6fdc-6af2-415f-b79f-ec304c2d128c" CHANGEID="600925576" HOUSENUM="239/1" HOUSETYPE="2" OPERTYPEID="10" PREVID="0" NEXTID="0" UPDATEDATE="2024-09-11" STARTDATE="2024-09-11" ENDDATE="2079-06-06" ISACTUAL="1" ISACTIVE="1" /><HOUSE ID="126761496" OBJECTID="165219601" OBJECTGUID="34857e44-493a-48fd-b723-2e17443ea3e3" CHANGEID="600929286" HOUSENUM="123" HOUSETYPE="2" OPERTYPEID="10" PREVID="0" NEXTID="0" UPDATEDATE="2024-09-11" STARTDATE="2024-09-11" ENDDATE="2079-06-06" ISACTUAL="1" ISACTIVE="1" /><HOUSE ID="126761694" OBJECTID="157964153" OBJECTGUID="83ea59a1-1fc2-41ef-b6b7-77b93366fb26" CHANGEID="600930833" HOUSENUM="40" HOUSETYPE="2" OPERTYPEID="60" PREVID="124080789" UPDATEDATE="2024-09-11" STARTDATE="2024-09-11" ENDDATE="2079-06-06" ISACTUAL="1" ISACTIVE="0" /><HOUSE ID="126761695" OBJECTID="165220399" OBJECTGUID="cab386e3-0380-436e-9dad-a94d80f2a1f1" CHANGEID="600930834" HOUSENUM="40/1" HOUSETYPE="2" OPERTYPEID="61" PREVID="126761694" NEXTID="0" UPDATEDATE="2024-09-11" STARTDATE="2024-09-11" ENDDATE="2079-06-06" ISACTUAL="1" ISACTIVE="1" /><HOUSE ID="126761696" OBJECTID="165220400" OBJECTGUID="3bf5ea0d-8fe9-46fc-ac54-3a521e40097d" CHANGEID="600930835" HOUSENUM="40/2" HOUSETYPE="2" OPERTYPEID="61" PREVID="126761694" NEXTID="0" UPDATEDATE="2024-09-11" STARTDATE="2024-09-11" ENDDATE="2079-06-06" ISACTUAL="1" ISACTIVE="1" /></HOUSES>