﻿<?xml version="1.0" encoding="utf-8"?><HOUSES><HOUSE ID="123869950" OBJECTID="10821847" OBJECTGUID="847e9706-9577-4155-8c5c-0e96d8ae915c" CHANGEID="475596280" HOUSENUM="3" HOUSETYPE="2" OPERTYPEID="20" PREVID="5722103" NEXTID="126754881" UPDATEDATE="2024-09-11" STARTDATE="2022-11-23" ENDDATE="2024-09-11" ISACTUAL="0" ISACTIVE="0" /><HOUSE ID="123871240" OBJECTID="27795754" OBJECTGUID="96f25793-972e-4e56-ab22-ed987b578dbd" CHANGEID="475739937" HOUSENUM="7" HOUSETYPE="2" OPERTYPEID="20" PREVID="16514910" NEXTID="126754882" UPDATEDATE="2024-09-11" STARTDATE="2022-11-23" ENDDATE="2024-09-11" ISACTUAL="0" ISACTIVE="0" /><HOUSE ID="25684820" OBJECTID="42995444" OBJECTGUID="9b2a6538-1436-40cd-8b83-d0fa368b9448" CHANGEID="64916169" HOUSENUM="28" HOUSETYPE="3" OPERTYPEID="10" PREVID="0" NEXTID="126724505" UPDATEDATE="2024-09-05" STARTDATE="2015-11-26" ENDDATE="2024-09-05" ISACTUAL="0" ISACTIVE="0" /><HOUSE ID="126472727" OBJECTID="32448746" OBJECTGUID="98a6a04c-9fbd-4351-b6cb-f7cce8604c6c" CHANGEID="598347491" HOUSENUM="18" HOUSETYPE="2" OPERTYPEID="20" PREVID="19254404" NEXTID="126756766" UPDATEDATE="2024-09-11" STARTDATE="2024-07-17" ENDDATE="2024-09-11" ISACTUAL="0" ISACTIVE="0" /><HOUSE ID="126724503" OBJECTID="83742744" OBJECTGUID="83fb4cf3-fed6-4ddd-a842-0e5338ce0163" CHANGEID="600505130" HOUSENUM="14а" HOUSETYPE="3" OPERTYPEID="30" PREVID="50697531" NEXTID="0" UPDATEDATE="2024-09-05" STARTDATE="2024-09-05" ENDDATE="2079-06-06" ISACTUAL="1" ISACTIVE="0" /><HOUSE ID="50697531" OBJECTID="83742744" OBJECTGUID="83fb4cf3-fed6-4ddd-a842-0e5338ce0163" CHANGEID="124399269" HOUSENUM="14а" HOUSETYPE="3" OPERTYPEID="10" PREVID="0" NEXTID="126724503" UPDATEDATE="2024-09-05" STARTDATE="2017-12-19" ENDDATE="2024-09-05" ISACTUAL="0" ISACTIVE="0" /><HOUSE ID="126724504" OBJECTID="40121433" OBJECTGUID="3d178fc5-443b-44b8-bf5d-ffd6ad8a60b2" CHANGEID="600505131" HOUSENUM="21а" HOUSETYPE="3" OPERTYPEID="30" PREVID="23988461" NEXTID="0" UPDATEDATE="2024-09-05" STARTDATE="2024-09-05" ENDDATE="2079-06-06" ISACTUAL="1" ISACTIVE="0" /><HOUSE ID="23988461" OBJECTID="40121433" OBJECTGUID="3d178fc5-443b-44b8-bf5d-ffd6ad8a60b2" CHANGEID="60747087" HOUSENUM="21а" HOUSETYPE="3" OPERTYPEID="10" PREVID="0" NEXTID="126724504" UPDATEDATE="2024-09-05" STARTDATE="2017-12-13" ENDDATE="2024-09-05" ISACTUAL="0" ISACTIVE="0" /><HOUSE ID="126724505" OBJECTID="42995444" OBJECTGUID="9b2a6538-1436-40cd-8b83-d0fa368b9448" CHANGEID="600505132" HOUSENUM="28" HOUSETYPE="3" OPERTYPEID="30" PREVID="25684820" NEXTID="0" UPDATEDATE="2024-09-05" STARTDATE="2024-09-05" ENDDATE="2079-06-06" ISACTUAL="1" ISACTIVE="0" /><HOUSE ID="126724506" OBJECTID="74491054" OBJECTGUID="b2c3b464-17cc-4e95-8212-9378631a9c12" CHANGEID="600505133" HOUSENUM="20" HOUSETYPE="3" OPERTYPEID="30" PREVID="44975146" NEXTID="0" UPDATEDATE="2024-09-05" STARTDATE="2024-09-05" ENDDATE="2079-06-06" ISACTUAL="1" ISACTIVE="0" /><HOUSE ID="44975146" OBJECTID="74491054" OBJECTGUID="b2c3b464-17cc-4e95-8212-9378631a9c12" CHANGEID="110861618" HOUSENUM="20" HOUSETYPE="3" OPERTYPEID="10" PREVID="0" NEXTID="126724506" UPDATEDATE="2024-09-05" STARTDATE="2015-11-30" ENDDATE="2024-09-05" ISACTUAL="0" ISACTIVE="0" /><HOUSE ID="126724510" OBJECTID="165056415" OBJECTGUID="3b8d37b9-0b9b-4592-8898-5dcc7a498718" CHANGEID="600505295" HOUSENUM="27" HOUSETYPE="2" OPERTYPEID="10" PREVID="0" NEXTID="0" UPDATEDATE="2024-09-05" STARTDATE="2024-09-05" ENDDATE="2079-06-06" ISACTUAL="1" ISACTIVE="1" /><HOUSE ID="126724511" OBJECTID="165056416" OBJECTGUID="b68c6f14-8d47-4b5a-acb0-7e560409eb3a" CHANGEID="600505296" HOUSENUM="82А" HOUSETYPE="5" OPERTYPEID="10" PREVID="0" NEXTID="0" UPDATEDATE="2024-09-05" STARTDATE="2024-09-05" ENDDATE="2079-06-06" ISACTUAL="1" ISACTIVE="1" /><HOUSE ID="126724512" OBJECTID="165056420" OBJECTGUID="d4d2f6da-6816-4f78-9d42-95540dd42fff" CHANGEID="600505300" HOUSENUM="93" HOUSETYPE="2" OPERTYPEID="10" PREVID="0" NEXTID="0" UPDATEDATE="2024-09-05" STARTDATE="2024-09-05" ENDDATE="2079-06-06" ISACTUAL="1" ISACTIVE="1" /><HOUSE ID="126724519" OBJECTID="165056727" OBJECTGUID="e73f3191-be29-4467-879c-78d328087bad" CHANGEID="600505633" HOUSENUM="54" HOUSETYPE="2" OPERTYPEID="10" PREVID="0" NEXTID="0" UPDATEDATE="2024-09-05" STARTDATE="2024-09-05" ENDDATE="2079-06-06" ISACTUAL="1" ISACTIVE="1" /><HOUSE ID="126724520" OBJECTID="165056729" OBJECTGUID="f8f29321-e096-4a1c-9336-d67be0f6257e" CHANGEID="600505635" HOUSENUM="10" HOUSETYPE="2" OPERTYPEID="10" PREVID="0" NEXTID="0" UPDATEDATE="2024-09-05" STARTDATE="2024-09-05" ENDDATE="2079-06-06" ISACTUAL="1" ISACTIVE="1" /><HOUSE ID="126724539" OBJECTID="12133959" OBJECTGUID="32a43882-a498-4822-ab9b-1ca7c78b036a" CHANGEID="600505933" HOUSENUM="56/14" HOUSETYPE="2" OPERTYPEID="30" PREVID="6531910" NEXTID="0" UPDATEDATE="2024-09-05" STARTDATE="2024-09-05" ENDDATE="2079-06-06" ISACTUAL="1" ISACTIVE="0" /><HOUSE ID="6531910" OBJECTID="12133959" OBJECTGUID="32a43882-a498-4822-ab9b-1ca7c78b036a" CHANGEID="19632807" HOUSENUM="56/14" HOUSETYPE="2" OPERTYPEID="10" PREVID="0" NEXTID="126724539" UPDATEDATE="2024-09-05" STARTDATE="2008-09-03" ENDDATE="2024-09-05" ISACTUAL="0" ISACTIVE="0" /><HOUSE ID="126724565" OBJECTID="165057040" OBJECTGUID="f7984625-fec6-408e-a87d-edf4a78e4543" CHANGEID="600506067" HOUSENUM="34А" HOUSETYPE="5" OPERTYPEID="10" PREVID="0" NEXTID="0" UPDATEDATE="2024-09-05" STARTDATE="2024-09-05" ENDDATE="2079-06-06" ISACTUAL="1" ISACTIVE="1" /><HOUSE ID="126724568" OBJECTID="165057041" OBJECTGUID="f78224cd-efba-4216-9394-656041995701" CHANGEID="600506070" HOUSENUM="39" HOUSETYPE="2" OPERTYPEID="10" PREVID="0" NEXTID="0" UPDATEDATE="2024-09-05" STARTDATE="2024-09-05" ENDDATE="2079-06-06" ISACTUAL="1" ISACTIVE="1" /><HOUSE ID="126724569" OBJECTID="165057043" OBJECTGUID="8b52e903-6474-4dc1-9a3e-372bba180513" CHANGEID="600506072" HOUSENUM="23/1" HOUSETYPE="2" OPERTYPEID="10" PREVID="0" NEXTID="0" UPDATEDATE="2024-09-05" STARTDATE="2024-09-05" ENDDATE="2079-06-06" ISACTUAL="1" ISACTIVE="1" /><HOUSE ID="126724570" OBJECTID="165057048" OBJECTGUID="628a4d1c-7438-4c77-ad84-41100d0e1cda" CHANGEID="600506078" HOUSENUM="23" HOUSETYPE="2" OPERTYPEID="10" PREVID="0" NEXTID="0" UPDATEDATE="2024-09-05" STARTDATE="2024-09-05" ENDDATE="2079-06-06" ISACTUAL="1" ISACTIVE="1" /><HOUSE ID="126724598" OBJECTID="165057170" OBJECTGUID="39a25966-038b-45bd-9485-308914d6634a" CHANGEID="600506428" HOUSENUM="14В/2" HOUSETYPE="2" OPERTYPEID="10" PREVID="0" NEXTID="0" UPDATEDATE="2024-09-05" STARTDATE="2024-09-05" ENDDATE="2079-06-06" ISACTUAL="1" ISACTIVE="1" /><HOUSE ID="126724600" OBJECTID="165057179" OBJECTGUID="33a7e849-ccea-42b8-b27c-361e797fef2d" CHANGEID="600506438" HOUSENUM="Л63" HOUSETYPE="2" OPERTYPEID="10" PREVID="0" NEXTID="0" UPDATEDATE="2024-09-05" STARTDATE="2024-09-05" ENDDATE="2079-06-06" ISACTUAL="1" ISACTIVE="1" /><HOUSE ID="126724601" OBJECTID="165057181" OBJECTGUID="de1a2d22-4d26-4a45-8608-1dd6f7b5963f" CHANGEID="600506441" HOUSENUM="10" HOUSETYPE="2" OPERTYPEID="10" PREVID="0" NEXTID="0" UPDATEDATE="2024-09-05" STARTDATE="2024-09-05" ENDDATE="2079-06-06" ISACTUAL="1" ISACTIVE="1" /><HOUSE ID="126724602" OBJECTID="165057186" OBJECTGUID="8189c22a-5392-46b4-8499-9ee90c6fcba9" CHANGEID="600506447" HOUSENUM="Л711" HOUSETYPE="2" OPERTYPEID="10" PREVID="0" NEXTID="0" UPDATEDATE="2024-09-05" STARTDATE="2024-09-05" ENDDATE="2079-06-06" ISACTUAL="1" ISACTIVE="1" /><HOUSE ID="126724963" OBJECTID="44637721" OBJECTGUID="190e370e-900e-498e-a055-ea8d8d2f8361" CHANGEID="600509247" HOUSENUM="50" HOUSETYPE="3" OPERTYPEID="30" PREVID="26668345" NEXTID="0" UPDATEDATE="2024-09-05" STARTDATE="2024-09-05" ENDDATE="2079-06-06" ISACTUAL="1" ISACTIVE="0" /><HOUSE ID="26668345" OBJECTID="44637721" OBJECTGUID="190e370e-900e-498e-a055-ea8d8d2f8361" CHANGEID="67290214" HOUSENUM="50" HOUSETYPE="3" OPERTYPEID="10" PREVID="0" NEXTID="126724963" UPDATEDATE="2024-09-05" STARTDATE="2015-11-26" ENDDATE="2024-09-05" ISACTUAL="0" ISACTIVE="0" /><HOUSE ID="126725359" OBJECTID="165061102" OBJECTGUID="fd35b8bf-2f49-4a59-b2d5-56bd56e71c82" CHANGEID="600512572" HOUSENUM="2" HOUSETYPE="5" OPERTYPEID="10" PREVID="0" NEXTID="0" UPDATEDATE="2024-09-05" STARTDATE="2024-09-05" ENDDATE="2079-06-06" ISACTUAL="1" ISACTIVE="1" /><HOUSE ID="126725557" OBJECTID="165062138" OBJECTGUID="0dd581d3-6920-4724-82e8-629691648c9a" CHANGEID="600514232" HOUSENUM="11819570" HOUSETYPE="4" OPERTYPEID="10" PREVID="0" NEXTID="0" UPDATEDATE="2024-09-05" STARTDATE="2024-09-05" ENDDATE="2079-06-06" ISACTUAL="1" ISACTIVE="1" /><HOUSE ID="126727443" OBJECTID="165070450" OBJECTGUID="78110932-6bb7-4642-b179-37e9379023b6" CHANGEID="600527933" HOUSENUM="4" HOUSETYPE="2" OPERTYPEID="10" PREVID="0" NEXTID="0" UPDATEDATE="2024-09-05" STARTDATE="2024-09-05" ENDDATE="2079-06-06" ISACTUAL="1" ISACTIVE="1" /><HOUSE ID="126727478" OBJECTID="165070550" OBJECTGUID="aa9a162b-a368-46cb-a1df-68b400562d23" CHANGEID="600528077" HOUSENUM="56/14" HOUSETYPE="2" OPERTYPEID="10" PREVID="0" NEXTID="0" UPDATEDATE="2024-09-05" STARTDATE="2024-09-05" ENDDATE="2079-06-06" ISACTUAL="1" ISACTIVE="1" /><HOUSE ID="126727866" OBJECTID="12453713" OBJECTGUID="1a3d4724-7636-4cc6-943f-6aee8e9748ac" CHANGEID="600530440" HOUSENUM="18" HOUSETYPE="2" OPERTYPEID="30" PREVID="6725628" NEXTID="0" UPDATEDATE="2024-09-05" STARTDATE="2024-09-05" ENDDATE="2079-06-06" ISACTUAL="1" ISACTIVE="0" /><HOUSE ID="6725628" OBJECTID="12453713" OBJECTGUID="1a3d4724-7636-4cc6-943f-6aee8e9748ac" CHANGEID="20101050" HOUSENUM="18" HOUSETYPE="2" OPERTYPEID="10" PREVID="0" NEXTID="126727866" UPDATEDATE="2024-09-05" STARTDATE="1900-01-01" ENDDATE="2024-09-05" ISACTUAL="0" ISACTIVE="0" /><HOUSE ID="126731695" OBJECTID="165091540" OBJECTGUID="623e1c6b-df91-4825-876a-90c6e29e0703" CHANGEID="600562105" HOUSENUM="Л74" HOUSETYPE="2" OPERTYPEID="10" PREVID="0" NEXTID="0" UPDATEDATE="2024-09-06" STARTDATE="2024-09-06" ENDDATE="2079-06-06" ISACTUAL="1" ISACTIVE="1" /><HOUSE ID="126731696" OBJECTID="165091542" OBJECTGUID="b8df897f-4bc0-4390-8c13-f4ebb7d89987" CHANGEID="600562107" HOUSENUM="Л72" HOUSETYPE="2" OPERTYPEID="10" PREVID="0" NEXTID="0" UPDATEDATE="2024-09-06" STARTDATE="2024-09-06" ENDDATE="2079-06-06" ISACTUAL="1" ISACTIVE="1" /><HOUSE ID="126731697" OBJECTID="165091544" OBJECTGUID="4c8d7f8f-8745-4394-97b8-c989bea30b81" CHANGEID="600562109" HOUSENUM="Л70" HOUSETYPE="2" OPERTYPEID="10" PREVID="0" NEXTID="0" UPDATEDATE="2024-09-06" STARTDATE="2024-09-06" ENDDATE="2079-06-06" ISACTUAL="1" ISACTIVE="1" /><HOUSE ID="126731698" OBJECTID="165091546" OBJECTGUID="a4ec4f90-2a21-4284-aad4-2eac3a5f97a0" CHANGEID="600562111" HOUSENUM="5" HOUSETYPE="2" OPERTYPEID="10" PREVID="0" NEXTID="0" UPDATEDATE="2024-09-06" STARTDATE="2024-09-06" ENDDATE="2079-06-06" ISACTUAL="1" ISACTIVE="1" /><HOUSE ID="126731699" OBJECTID="165091547" OBJECTGUID="ceafddd8-0b5f-4788-b383-198914eb2e1b" CHANGEID="600562112" HOUSENUM="39" HOUSETYPE="2" OPERTYPEID="10" PREVID="0" NEXTID="0" UPDATEDATE="2024-09-06" STARTDATE="2024-09-06" ENDDATE="2079-06-06" ISACTUAL="1" ISACTIVE="1" /><HOUSE ID="126731700" OBJECTID="165091552" OBJECTGUID="3fa7ccfd-a0fa-46bf-9e83-0765f0b806e9" CHANGEID="600562117" HOUSENUM="Л98" HOUSETYPE="2" OPERTYPEID="10" PREVID="0" NEXTID="0" UPDATEDATE="2024-09-06" STARTDATE="2024-09-06" ENDDATE="2079-06-06" ISACTUAL="1" ISACTIVE="1" /><HOUSE ID="126731701" OBJECTID="165091554" OBJECTGUID="0d2a8216-d1dc-4751-b1b8-c8cf2f1095ee" CHANGEID="600562119" HOUSENUM="16/2" HOUSETYPE="2" OPERTYPEID="10" PREVID="0" NEXTID="0" UPDATEDATE="2024-09-06" STARTDATE="2024-09-06" ENDDATE="2079-06-06" ISACTUAL="1" ISACTIVE="1" /><HOUSE ID="126731702" OBJECTID="165091556" OBJECTGUID="7316eb43-9518-4ddf-907a-752251d7a9c3" CHANGEID="600562121" HOUSENUM="26" HOUSETYPE="2" OPERTYPEID="10" PREVID="0" NEXTID="0" UPDATEDATE="2024-09-06" STARTDATE="2024-09-06" ENDDATE="2079-06-06" ISACTUAL="1" ISACTIVE="1" /><HOUSE ID="126731932" OBJECTID="165092571" OBJECTGUID="1d5ebdc6-77d4-439a-b7c4-0550c70dbdd6" CHANGEID="600564337" HOUSENUM="13" HOUSETYPE="2" OPERTYPEID="10" PREVID="0" NEXTID="0" UPDATEDATE="2024-09-06" STARTDATE="2024-09-06" ENDDATE="2079-06-06" ISACTUAL="1" ISACTIVE="1" /><HOUSE ID="126731933" OBJECTID="165092578" OBJECTGUID="160258b6-cb8b-4230-bcc8-8b603c7fdbe3" CHANGEID="600564346" HOUSENUM="4" HOUSETYPE="2" OPERTYPEID="10" PREVID="0" NEXTID="0" UPDATEDATE="2024-09-06" STARTDATE="2024-09-06" ENDDATE="2079-06-06" ISACTUAL="1" ISACTIVE="1" /><HOUSE ID="126731993" OBJECTID="165093524" OBJECTGUID="a1907314-0794-4e8b-b389-224fc317ab95" CHANGEID="600565508" HOUSENUM="15" HOUSETYPE="5" OPERTYPEID="10" PREVID="0" NEXTID="0" UPDATEDATE="2024-09-06" STARTDATE="2024-09-06" ENDDATE="2079-06-06" ISACTUAL="1" ISACTIVE="1" /><HOUSE ID="126731994" OBJECTID="165093525" OBJECTGUID="b0174e12-fbf7-49b8-beca-41601883ad9a" CHANGEID="600565509" HOUSENUM="18" HOUSETYPE="2" OPERTYPEID="10" PREVID="0" NEXTID="0" UPDATEDATE="2024-09-06" STARTDATE="2024-09-06" ENDDATE="2079-06-06" ISACTUAL="1" ISACTIVE="1" /><HOUSE ID="126731995" OBJECTID="165093554" OBJECTGUID="5568d832-47ff-4994-952d-87b696e6168e" CHANGEID="600565540" HOUSENUM="2Г" ADDNUM1="1" HOUSETYPE="2" ADDTYPE1="2" OPERTYPEID="10" PREVID="0" NEXTID="0" UPDATEDATE="2024-09-06" STARTDATE="2024-09-06" ENDDATE="2079-06-06" ISACTUAL="1" ISACTIVE="1" /><HOUSE ID="126731996" OBJECTID="165093555" OBJECTGUID="0a432cc4-fa99-43eb-9efd-46cca513c040" CHANGEID="600565541" HOUSENUM="2Г" ADDNUM1="3" HOUSETYPE="2" ADDTYPE1="2" OPERTYPEID="10" PREVID="0" NEXTID="0" UPDATEDATE="2024-09-06" STARTDATE="2024-09-06" ENDDATE="2079-06-06" ISACTUAL="1" ISACTIVE="1" /><HOUSE ID="126731997" OBJECTID="165093556" OBJECTGUID="fab2079d-1aaa-4abc-8323-49852325502a" CHANGEID="600565542" HOUSENUM="2Г" ADDNUM1="4" HOUSETYPE="2" ADDTYPE1="2" OPERTYPEID="10" PREVID="0" NEXTID="0" UPDATEDATE="2024-09-06" STARTDATE="2024-09-06" ENDDATE="2079-06-06" ISACTUAL="1" ISACTIVE="1" /><HOUSE ID="126732131" OBJECTID="165093912" OBJECTGUID="bed7226e-b7ef-4637-9f53-bcecc583b827" CHANGEID="600566552" HOUSENUM="2/2" HOUSETYPE="2" OPERTYPEID="10" PREVID="0" NEXTID="0" UPDATEDATE="2024-09-06" STARTDATE="2024-09-06" ENDDATE="2079-06-06" ISACTUAL="1" ISACTIVE="1" /><HOUSE ID="126738785" OBJECTID="165116357" OBJECTGUID="05a40b3c-8da4-4264-ac10-58d8b90d0d00" CHANGEID="600736703" HOUSENUM="27А" HOUSETYPE="2" OPERTYPEID="10" PREVID="0" NEXTID="0" UPDATEDATE="2024-09-09" STARTDATE="2024-09-09" ENDDATE="2079-06-06" ISACTUAL="1" ISACTIVE="1" /><HOUSE ID="126738786" OBJECTID="165116359" OBJECTGUID="5a44c08d-59c7-4824-832c-4647cd65128d" CHANGEID="600736706" HOUSENUM="14" HOUSETYPE="2" OPERTYPEID="10" PREVID="0" NEXTID="0" UPDATEDATE="2024-09-09" STARTDATE="2024-09-09" ENDDATE="2079-06-06" ISACTUAL="1" ISACTIVE="1" /><HOUSE ID="126738787" OBJECTID="165116364" OBJECTGUID="efea6566-a6aa-4285-9226-fb19f4e96f02" CHANGEID="600736711" HOUSENUM="66А" HOUSETYPE="5" OPERTYPEID="10" PREVID="0" NEXTID="0" UPDATEDATE="2024-09-09" STARTDATE="2024-09-09" ENDDATE="2079-06-06" ISACTUAL="1" ISACTIVE="1" /><HOUSE ID="126738866" OBJECTID="165116613" OBJECTGUID="b3ae94c9-12c8-4d4b-9bde-a69d85fa5ff6" CHANGEID="600737174" HOUSENUM="96/2" HOUSETYPE="2" OPERTYPEID="10" PREVID="0" NEXTID="0" UPDATEDATE="2024-09-09" STARTDATE="2024-09-09" ENDDATE="2079-06-06" ISACTUAL="1" ISACTIVE="1" /><HOUSE ID="126738865" OBJECTID="165116612" OBJECTGUID="0ea49210-9753-4df4-80d0-0aad62000bef" CHANGEID="600737171" HOUSENUM="119" HOUSETYPE="2" OPERTYPEID="10" PREVID="0" NEXTID="0" UPDATEDATE="2024-09-09" STARTDATE="2024-09-09" ENDDATE="2079-06-06" ISACTUAL="1" ISACTIVE="1" /><HOUSE ID="2132662" OBJECTID="5021284" OBJECTGUID="d5931a20-fb4c-47bf-9a0a-29cf26a07702" CHANGEID="9217365" HOUSENUM="58" HOUSETYPE="3" OPERTYPEID="10" PREVID="0" NEXTID="126738873" UPDATEDATE="2024-09-09" STARTDATE="1900-01-01" ENDDATE="2024-09-09" ISACTUAL="0" ISACTIVE="0" /><HOUSE ID="126738873" OBJECTID="5021284" OBJECTGUID="d5931a20-fb4c-47bf-9a0a-29cf26a07702" CHANGEID="600737374" HOUSENUM="58" HOUSETYPE="2" OPERTYPEID="20" PREVID="2132662" UPDATEDATE="2024-09-09" STARTDATE="2024-09-09" ENDDATE="2079-06-06" ISACTUAL="1" ISACTIVE="1" /><HOUSE ID="2766498" OBJECTID="6001682" OBJECTGUID="82e75df2-59bf-4705-927d-d50ae13a6f47" CHANGEID="10676123" HOUSENUM="26" HOUSETYPE="2" OPERTYPEID="10" PREVID="0" NEXTID="126738906" UPDATEDATE="2024-09-09" STARTDATE="2011-10-01" ENDDATE="2024-09-09" ISACTUAL="0" ISACTIVE="0" /><HOUSE ID="126738906" OBJECTID="6001682" OBJECTGUID="82e75df2-59bf-4705-927d-d50ae13a6f47" CHANGEID="600737776" HOUSENUM="1" HOUSETYPE="2" OPERTYPEID="50" PREVID="2766498" UPDATEDATE="2024-09-09" STARTDATE="2024-09-09" ENDDATE="2079-06-06" ISACTUAL="1" ISACTIVE="1" /><HOUSE ID="126739043" OBJECTID="27362862" OBJECTGUID="36604e2f-06cb-47ab-a866-a079f46cf6c7" CHANGEID="600740477" HOUSENUM="34" HOUSETYPE="7" OPERTYPEID="30" PREVID="55233009" NEXTID="0" UPDATEDATE="2024-09-09" STARTDATE="2024-09-09" ENDDATE="2079-06-06" ISACTUAL="1" ISACTIVE="0" /><HOUSE ID="55233009" OBJECTID="27362862" OBJECTGUID="36604e2f-06cb-47ab-a866-a079f46cf6c7" CHANGEID="42186074" HOUSENUM="34" HOUSETYPE="7" OPERTYPEID="20" PREVID="16258331" NEXTID="126739043" UPDATEDATE="2024-09-09" STARTDATE="2017-09-05" ENDDATE="2024-09-09" ISACTUAL="0" ISACTIVE="0" /><HOUSE ID="126739044" OBJECTID="83436039" OBJECTGUID="d4451b7b-8681-4b33-8074-0264d707aca7" CHANGEID="600740478" HOUSENUM="17" HOUSETYPE="7" OPERTYPEID="30" PREVID="66417913" NEXTID="0" UPDATEDATE="2024-09-09" STARTDATE="2024-09-09" ENDDATE="2079-06-06" ISACTUAL="1" ISACTIVE="0" /><HOUSE ID="66417913" OBJECTID="83436039" OBJECTGUID="d4451b7b-8681-4b33-8074-0264d707aca7" CHANGEID="123940355" HOUSENUM="17" HOUSETYPE="7" OPERTYPEID="20" PREVID="50499856" NEXTID="126739044" UPDATEDATE="2024-09-09" STARTDATE="2017-09-05" ENDDATE="2024-09-09" ISACTUAL="0" ISACTIVE="0" /><HOUSE ID="126739066" OBJECTID="165118686" OBJECTGUID="ac65b902-59e0-4a05-bc2c-edca60b6d3d5" CHANGEID="600740531" HOUSENUM="190" ADDNUM1="3" HOUSETYPE="2" ADDTYPE1="2" OPERTYPEID="10" PREVID="0" NEXTID="0" UPDATEDATE="2024-09-09" STARTDATE="2024-09-09" ENDDATE="2079-06-06" ISACTUAL="1" ISACTIVE="1" /><HOUSE ID="126739109" OBJECTID="165118827" OBJECTGUID="0837240d-5006-407f-bb81-902528ea5026" CHANGEID="600740813" HOUSENUM="190" ADDNUM1="1" HOUSETYPE="2" ADDTYPE1="2" OPERTYPEID="10" PREVID="0" NEXTID="0" UPDATEDATE="2024-09-09" STARTDATE="2024-09-09" ENDDATE="2079-06-06" ISACTUAL="1" ISACTIVE="1" /><HOUSE ID="126739110" OBJECTID="165118828" OBJECTGUID="1830294a-154b-421b-a3e0-2830d30d9414" CHANGEID="600740814" HOUSENUM="190" ADDNUM1="2" HOUSETYPE="2" ADDTYPE1="2" OPERTYPEID="10" PREVID="0" NEXTID="0" UPDATEDATE="2024-09-09" STARTDATE="2024-09-09" ENDDATE="2079-06-06" ISACTUAL="1" ISACTIVE="1" /><HOUSE ID="126739111" OBJECTID="165118829" OBJECTGUID="38916ce4-7b71-46de-ae36-21148b8612da" CHANGEID="600740815" HOUSENUM="190" ADDNUM1="4" HOUSETYPE="2" ADDTYPE1="2" OPERTYPEID="10" PREVID="0" NEXTID="0" UPDATEDATE="2024-09-09" STARTDATE="2024-09-09" ENDDATE="2079-06-06" ISACTUAL="1" ISACTIVE="1" /><HOUSE ID="126739112" OBJECTID="165118830" OBJECTGUID="19a2b39b-d4fb-410a-bd67-a521dea735ae" CHANGEID="600740816" HOUSENUM="190" ADDNUM1="5" HOUSETYPE="2" ADDTYPE1="2" OPERTYPEID="10" PREVID="0" NEXTID="0" UPDATEDATE="2024-09-09" STARTDATE="2024-09-09" ENDDATE="2079-06-06" ISACTUAL="1" ISACTIVE="1" /><HOUSE ID="126739113" OBJECTID="165118831" OBJECTGUID="be05f240-fe58-4e06-a8e0-360ae334cea8" CHANGEID="600740817" HOUSENUM="190" ADDNUM1="6" HOUSETYPE="2" ADDTYPE1="2" OPERTYPEID="10" PREVID="0" NEXTID="0" UPDATEDATE="2024-09-09" STARTDATE="2024-09-09" ENDDATE="2079-06-06" ISACTUAL="1" ISACTIVE="1" /><HOUSE ID="126739114" OBJECTID="165118832" OBJECTGUID="90a59e80-10b1-4525-8533-de99d9bb0b9e" CHANGEID="600740818" HOUSENUM="190А" HOUSETYPE="2" OPERTYPEID="10" PREVID="0" NEXTID="0" UPDATEDATE="2024-09-09" STARTDATE="2024-09-09" ENDDATE="2079-06-06" ISACTUAL="1" ISACTIVE="1" /><HOUSE ID="126739208" OBJECTID="69636981" OBJECTGUID="64a3cc2a-39be-4643-a5d3-5b92e9b2d438" CHANGEID="600741651" HOUSENUM="1" HOUSETYPE="1" OPERTYPEID="30" PREVID="58510485" NEXTID="0" UPDATEDATE="2024-09-09" STARTDATE="2024-09-09" ENDDATE="2079-06-06" ISACTUAL="1" ISACTIVE="0" /><HOUSE ID="58510485" OBJECTID="69636981" OBJECTGUID="64a3cc2a-39be-4643-a5d3-5b92e9b2d438" CHANGEID="103786295" HOUSENUM="1" HOUSETYPE="1" OPERTYPEID="20" PREVID="42001951" NEXTID="126739208" UPDATEDATE="2024-09-09" STARTDATE="2014-01-10" ENDDATE="2024-09-09" ISACTUAL="0" ISACTIVE="0" /><HOUSE ID="126739744" OBJECTID="165120995" OBJECTGUID="156361bf-b5df-490d-8df4-94e77e5e3768" CHANGEID="600744563" HOUSENUM="Л82" HOUSETYPE="2" OPERTYPEID="10" PREVID="0" NEXTID="0" UPDATEDATE="2024-09-09" STARTDATE="2024-09-09" ENDDATE="2079-06-06" ISACTUAL="1" ISACTIVE="1" /><HOUSE ID="126739759" OBJECTID="165121045" OBJECTGUID="bffe6b4b-2818-447c-930b-7fe9c31f4333" CHANGEID="600744655" HOUSENUM="36" HOUSETYPE="2" OPERTYPEID="10" PREVID="0" NEXTID="0" UPDATEDATE="2024-09-09" STARTDATE="2024-09-09" ENDDATE="2079-06-06" ISACTUAL="1" ISACTIVE="1" /><HOUSE ID="126739746" OBJECTID="165121002" OBJECTGUID="d978147f-7945-4a28-be1a-0b5c12f3ee3a" CHANGEID="600744572" HOUSENUM="Л15" HOUSETYPE="2" OPERTYPEID="10" PREVID="0" NEXTID="0" UPDATEDATE="2024-09-09" STARTDATE="2024-09-09" ENDDATE="2079-06-06" ISACTUAL="1" ISACTIVE="1" /><HOUSE ID="126739749" OBJECTID="165121009" OBJECTGUID="96f46771-e542-4f3e-82f1-ba4e6e4c796f" CHANGEID="600744583" HOUSENUM="Л14" HOUSETYPE="2" OPERTYPEID="10" PREVID="0" NEXTID="0" UPDATEDATE="2024-09-09" STARTDATE="2024-09-09" ENDDATE="2079-06-06" ISACTUAL="1" ISACTIVE="1" /><HOUSE ID="126739751" OBJECTID="165121018" OBJECTGUID="91a46076-1f73-43d1-a0e9-1335ee7b7da6" CHANGEID="600744609" HOUSENUM="2" HOUSETYPE="2" OPERTYPEID="10" PREVID="0" NEXTID="0" UPDATEDATE="2024-09-09" STARTDATE="2024-09-09" ENDDATE="2079-06-06" ISACTUAL="1" ISACTIVE="1" /><HOUSE ID="126740142" OBJECTID="69440508" OBJECTGUID="d7110990-d8a0-4aa2-a42f-a0a3346bc430" CHANGEID="600746308" HOUSENUM="22" HOUSETYPE="2" OPERTYPEID="30" PREVID="41879417" NEXTID="0" UPDATEDATE="2024-09-09" STARTDATE="2024-09-09" ENDDATE="2079-06-06" ISACTUAL="1" ISACTIVE="0" /><HOUSE ID="41879417" OBJECTID="69440508" OBJECTGUID="d7110990-d8a0-4aa2-a42f-a0a3346bc430" CHANGEID="103494686" HOUSENUM="22" HOUSETYPE="2" OPERTYPEID="10" PREVID="0" NEXTID="126740142" UPDATEDATE="2024-09-09" STARTDATE="1900-01-01" ENDDATE="2024-09-09" ISACTUAL="0" ISACTIVE="0" /><HOUSE ID="126740150" OBJECTID="165122296" OBJECTGUID="e0802360-085f-4c10-b937-ce57510f0d1e" CHANGEID="600746431" HOUSENUM="1" HOUSETYPE="2" OPERTYPEID="10" PREVID="0" NEXTID="0" UPDATEDATE="2024-09-09" STARTDATE="2024-09-09" ENDDATE="2079-06-06" ISACTUAL="1" ISACTIVE="1" /><HOUSE ID="126742247" OBJECTID="165133710" OBJECTGUID="df7ccffa-6cba-4024-b3c3-7a5e8b5f7984" CHANGEID="600763959" HOUSENUM="22" HOUSETYPE="2" OPERTYPEID="10" PREVID="0" NEXTID="0" UPDATEDATE="2024-09-09" STARTDATE="2024-09-09" ENDDATE="2079-06-06" ISACTUAL="1" ISACTIVE="1" /><HOUSE ID="126747539" OBJECTID="48515958" OBJECTGUID="f43df2df-1d45-46bd-80e3-ef3133c25513" CHANGEID="600796382" HOUSENUM="3А" HOUSETYPE="2" OPERTYPEID="30" PREVID="29010801" NEXTID="0" UPDATEDATE="2024-09-10" STARTDATE="2024-09-10" ENDDATE="2079-06-06" ISACTUAL="1" ISACTIVE="0" /><HOUSE ID="29010801" OBJECTID="48515958" OBJECTGUID="f43df2df-1d45-46bd-80e3-ef3133c25513" CHANGEID="72914761" HOUSENUM="3А" HOUSETYPE="2" OPERTYPEID="10" PREVID="0" NEXTID="126747539" UPDATEDATE="2024-09-10" STARTDATE="2016-06-03" ENDDATE="2024-09-10" ISACTUAL="0" ISACTIVE="0" /><HOUSE ID="126747540" OBJECTID="55806135" OBJECTGUID="c2bede9e-10df-407c-a78f-ab8a3a0370a0" CHANGEID="600796384" HOUSENUM="8" HOUSETYPE="2" OPERTYPEID="30" PREVID="33376930" NEXTID="0" UPDATEDATE="2024-09-10" STARTDATE="2024-09-10" ENDDATE="2079-06-06" ISACTUAL="1" ISACTIVE="0" /><HOUSE ID="33376930" OBJECTID="55806135" OBJECTGUID="c2bede9e-10df-407c-a78f-ab8a3a0370a0" CHANGEID="83477480" HOUSENUM="8" HOUSETYPE="2" OPERTYPEID="20" PREVID="33376928" NEXTID="126747540" UPDATEDATE="2024-09-10" STARTDATE="2017-03-27" ENDDATE="2024-09-10" ISACTUAL="0" ISACTIVE="0" /><HOUSE ID="126747541" OBJECTID="55795486" OBJECTGUID="839a128f-a6f7-46a9-a3a8-2f047838b222" CHANGEID="600796385" HOUSENUM="10" HOUSETYPE="2" OPERTYPEID="30" PREVID="33370414" NEXTID="0" UPDATEDATE="2024-09-10" STARTDATE="2024-09-10" ENDDATE="2079-06-06" ISACTUAL="1" ISACTIVE="0" /><HOUSE ID="33370414" OBJECTID="55795486" OBJECTGUID="839a128f-a6f7-46a9-a3a8-2f047838b222" CHANGEID="83461778" HOUSENUM="10" HOUSETYPE="2" OPERTYPEID="20" PREVID="33370411" NEXTID="126747541" UPDATEDATE="2024-09-10" STARTDATE="2017-03-27" ENDDATE="2024-09-10" ISACTUAL="0" ISACTIVE="0" /><HOUSE ID="126747677" OBJECTID="165152330" OBJECTGUID="ae9fb449-2901-47c9-961d-cec0f9448ba7" CHANGEID="600798234" HOUSENUM="60" HOUSETYPE="2" OPERTYPEID="10" PREVID="0" NEXTID="0" UPDATEDATE="2024-09-10" STARTDATE="2024-09-10" ENDDATE="2079-06-06" ISACTUAL="1" ISACTIVE="1" /><HOUSE ID="126754768" OBJECTID="165183585" OBJECTGUID="d153ddcc-15ed-4a7c-aa29-c8ca0366068c" CHANGEID="600848694" HOUSENUM="21" HOUSETYPE="2" OPERTYPEID="10" PREVID="0" NEXTID="0" UPDATEDATE="2024-09-11" STARTDATE="2024-09-11" ENDDATE="2079-06-06" ISACTUAL="1" ISACTIVE="1" /><HOUSE ID="126754772" OBJECTID="165183593" OBJECTGUID="7b6048bb-d6b5-4b04-8c59-c74473c006a3" CHANGEID="600848702" HOUSENUM="6" HOUSETYPE="2" OPERTYPEID="10" PREVID="0" NEXTID="0" UPDATEDATE="2024-09-11" STARTDATE="2024-09-11" ENDDATE="2079-06-06" ISACTUAL="1" ISACTIVE="1" /><HOUSE ID="126754773" OBJECTID="47304310" OBJECTGUID="0c6a9ef2-4c9c-4796-b795-9ee1e6243ec9" CHANGEID="600848714" HOUSENUM="37" HOUSETYPE="2" OPERTYPEID="30" PREVID="52262151" NEXTID="0" UPDATEDATE="2024-09-11" STARTDATE="2024-09-11" ENDDATE="2079-06-06" ISACTUAL="1" ISACTIVE="0" /><HOUSE ID="52262151" OBJECTID="47304310" OBJECTGUID="0c6a9ef2-4c9c-4796-b795-9ee1e6243ec9" CHANGEID="71158198" HOUSENUM="37" HOUSETYPE="2" OPERTYPEID="20" PREVID="28284366" NEXTID="126754773" UPDATEDATE="2024-09-11" STARTDATE="2014-01-10" ENDDATE="2024-09-11" ISACTUAL="0" ISACTIVE="0" /><HOUSE ID="126754778" OBJECTID="165183621" OBJECTGUID="9665fa54-d842-4350-9818-14f0483a3cf2" CHANGEID="600848740" HOUSENUM="22/1" HOUSETYPE="2" OPERTYPEID="10" PREVID="0" NEXTID="0" UPDATEDATE="2024-09-11" STARTDATE="2024-09-11" ENDDATE="2079-06-06" ISACTUAL="1" ISACTIVE="1" /><HOUSE ID="126754788" OBJECTID="165183715" OBJECTGUID="69ec961b-cf92-4fac-8c3e-8ce3d7d2a49b" CHANGEID="600848841" HOUSENUM="43" HOUSETYPE="2" OPERTYPEID="10" PREVID="0" NEXTID="0" UPDATEDATE="2024-09-11" STARTDATE="2024-09-11" ENDDATE="2079-06-06" ISACTUAL="1" ISACTIVE="1" /><HOUSE ID="126754786" OBJECTID="165183713" OBJECTGUID="36c4c515-5126-4486-b8e4-4dc1363e4cb2" CHANGEID="600848838" HOUSENUM="45" HOUSETYPE="2" OPERTYPEID="10" PREVID="0" NEXTID="0" UPDATEDATE="2024-09-11" STARTDATE="2024-09-11" ENDDATE="2079-06-06" ISACTUAL="1" ISACTIVE="1" /><HOUSE ID="126754787" OBJECTID="165183714" OBJECTGUID="432b1c90-23bb-4445-9c78-8853a1b2af56" CHANGEID="600848840" HOUSENUM="18" HOUSETYPE="2" OPERTYPEID="10" PREVID="0" NEXTID="0" UPDATEDATE="2024-09-11" STARTDATE="2024-09-11" ENDDATE="2079-06-06" ISACTUAL="1" ISACTIVE="1" /><HOUSE ID="126754836" OBJECTID="165184552" OBJECTGUID="33fc59f8-4e1e-4cee-b1af-cdda8b591547" CHANGEID="600862331" HOUSENUM="31/5" HOUSETYPE="2" OPERTYPEID="10" PREVID="0" NEXTID="0" UPDATEDATE="2024-09-11" STARTDATE="2024-09-11" ENDDATE="2079-06-06" ISACTUAL="1" ISACTIVE="1" /><HOUSE ID="126754839" OBJECTID="165184579" OBJECTGUID="aa268bf2-3141-4073-9af4-31ab9219d8f5" CHANGEID="600862398" HOUSENUM="72/2" HOUSETYPE="2" OPERTYPEID="10" PREVID="0" NEXTID="0" UPDATEDATE="2024-09-11" STARTDATE="2024-09-11" ENDDATE="2079-06-06" ISACTUAL="1" ISACTIVE="1" /><HOUSE ID="126754835" OBJECTID="165184515" OBJECTGUID="0eedd47d-40c7-4cab-8235-5a22f692b59d" CHANGEID="600862271" HOUSENUM="8" HOUSETYPE="2" OPERTYPEID="10" PREVID="0" NEXTID="0" UPDATEDATE="2024-09-11" STARTDATE="2024-09-11" ENDDATE="2079-06-06" ISACTUAL="1" ISACTIVE="1" /><HOUSE ID="126754840" OBJECTID="17682339" OBJECTGUID="54e91f10-08a7-4166-af5a-73532d3d0580" CHANGEID="600862399" HOUSENUM="10" HOUSETYPE="7" OPERTYPEID="30" PREVID="10154486" NEXTID="0" UPDATEDATE="2024-09-11" STARTDATE="2024-09-11" ENDDATE="2079-06-06" ISACTUAL="1" ISACTIVE="0" /><HOUSE ID="10154486" OBJECTID="17682339" OBJECTGUID="54e91f10-08a7-4166-af5a-73532d3d0580" CHANGEID="27905685" HOUSENUM="10" HOUSETYPE="7" OPERTYPEID="10" PREVID="0" NEXTID="126754840" UPDATEDATE="2024-09-11" STARTDATE="2015-11-30" ENDDATE="2024-09-11" ISACTUAL="0" ISACTIVE="0" /><HOUSE ID="126754881" OBJECTID="10821847" OBJECTGUID="847e9706-9577-4155-8c5c-0e96d8ae915c" CHANGEID="600874474" HOUSENUM="3" HOUSETYPE="2" OPERTYPEID="30" PREVID="123869950" NEXTID="0" UPDATEDATE="2024-09-11" STARTDATE="2024-09-11" ENDDATE="2079-06-06" ISACTUAL="1" ISACTIVE="0" /><HOUSE ID="126754882" OBJECTID="27795754" OBJECTGUID="96f25793-972e-4e56-ab22-ed987b578dbd" CHANGEID="600874505" HOUSENUM="7" HOUSETYPE="2" OPERTYPEID="30" PREVID="123871240" NEXTID="0" UPDATEDATE="2024-09-11" STARTDATE="2024-09-11" ENDDATE="2079-06-06" ISACTUAL="1" ISACTIVE="0" /><HOUSE ID="126756766" OBJECTID="32448746" OBJECTGUID="98a6a04c-9fbd-4351-b6cb-f7cce8604c6c" CHANGEID="600890165" HOUSENUM="18" HOUSETYPE="2" OPERTYPEID="30" PREVID="126472727" NEXTID="0" UPDATEDATE="2024-09-11" STARTDATE="2024-09-11" ENDDATE="2079-06-06" ISACTUAL="1" ISACTIVE="0" /><HOUSE ID="1229150" OBJECTID="3491141" OBJECTGUID="d2e41c93-1898-426c-abcf-1dc959d104e6" CHANGEID="7012195" HOUSENUM="15" HOUSETYPE="3" OPERTYPEID="10" PREVID="0" NEXTID="126757995" UPDATEDATE="2024-09-11" STARTDATE="1900-01-01" ENDDATE="2024-09-11" ISACTUAL="0" ISACTIVE="0" /><HOUSE ID="126757995" OBJECTID="3491141" OBJECTGUID="d2e41c93-1898-426c-abcf-1dc959d104e6" CHANGEID="600900226" HOUSENUM="15" HOUSETYPE="2" OPERTYPEID="20" PREVID="1229150" UPDATEDATE="2024-09-11" STARTDATE="2024-09-11" ENDDATE="2079-06-06" ISACTUAL="1" ISACTIVE="1" /><HOUSE ID="126758438" OBJECTID="165204962" OBJECTGUID="f93176ed-c09f-4b24-a44b-59c1d5fbcd5f" CHANGEID="600903748" HOUSENUM="17" HOUSETYPE="2" OPERTYPEID="10" PREVID="0" NEXTID="0" UPDATEDATE="2024-09-11" STARTDATE="2024-09-11" ENDDATE="2079-06-06" ISACTUAL="1" ISACTIVE="1" /></HOUSES>