﻿<?xml version="1.0" encoding="utf-8"?><HOUSES><HOUSE ID="54817198" OBJECTID="64017822" OBJECTGUID="3080eaaf-d794-4e2d-9483-fa0dee2cbb59" CHANGEID="95516697" HOUSENUM="36" HOUSETYPE="2" OPERTYPEID="20" PREVID="38504235" NEXTID="126747185" UPDATEDATE="2024-09-09" STARTDATE="2014-01-04" ENDDATE="2024-09-09" ISACTUAL="0" ISACTIVE="0" /><HOUSE ID="126725697" OBJECTID="165062824" OBJECTGUID="04976026-c3c6-47fc-98d6-ee70fb7700cb" CHANGEID="600515270" HOUSENUM="30" HOUSETYPE="5" OPERTYPEID="10" PREVID="0" NEXTID="0" UPDATEDATE="2024-09-05" STARTDATE="2024-09-05" ENDDATE="2079-06-06" ISACTUAL="1" ISACTIVE="1" /><HOUSE ID="126725753" OBJECTID="165063151" OBJECTGUID="4a1efa52-6b7c-4ddd-80a7-26fb410f9b6f" CHANGEID="600515749" HOUSENUM="28а" HOUSETYPE="2" OPERTYPEID="10" PREVID="0" NEXTID="0" UPDATEDATE="2024-09-05" STARTDATE="2024-09-05" ENDDATE="2079-06-06" ISACTUAL="1" ISACTIVE="1" /><HOUSE ID="126725754" OBJECTID="165063158" OBJECTGUID="6a05f873-2b47-46be-9071-c07b9dfa0fdb" CHANGEID="600515756" HOUSENUM="58" HOUSETYPE="2" OPERTYPEID="10" PREVID="0" NEXTID="0" UPDATEDATE="2024-09-05" STARTDATE="2024-09-05" ENDDATE="2079-06-06" ISACTUAL="1" ISACTIVE="1" /><HOUSE ID="126726896" OBJECTID="165068546" OBJECTGUID="705c95c1-5826-4fdc-856a-7dc334e70541" CHANGEID="600524799" HOUSENUM="6" HOUSETYPE="2" OPERTYPEID="10" PREVID="0" NEXTID="0" UPDATEDATE="2024-09-05" STARTDATE="2024-09-05" ENDDATE="2079-06-06" ISACTUAL="1" ISACTIVE="1" /><HOUSE ID="126727178" OBJECTID="165069492" OBJECTGUID="d9d12c35-79ea-4108-a6ea-98c1f1880c78" CHANGEID="600526322" HOUSENUM="12" HOUSETYPE="2" OPERTYPEID="10" PREVID="0" NEXTID="0" UPDATEDATE="2024-09-05" STARTDATE="2024-09-05" ENDDATE="2079-06-06" ISACTUAL="1" ISACTIVE="1" /><HOUSE ID="126727789" OBJECTID="165071695" OBJECTGUID="00cfd415-3cac-4b09-9214-405dc7befb5b" CHANGEID="600529774" HOUSENUM="17" HOUSETYPE="2" OPERTYPEID="10" PREVID="0" NEXTID="0" UPDATEDATE="2024-09-05" STARTDATE="2024-09-05" ENDDATE="2079-06-06" ISACTUAL="1" ISACTIVE="1" /><HOUSE ID="126728424" OBJECTID="165075135" OBJECTGUID="a11fa55f-a086-4da8-8566-f751dc2e8ab6" CHANGEID="600535245" HOUSENUM="61" ADDNUM1="1" HOUSETYPE="2" ADDTYPE1="2" OPERTYPEID="10" PREVID="0" NEXTID="0" UPDATEDATE="2024-09-05" STARTDATE="2024-09-05" ENDDATE="2079-06-06" ISACTUAL="1" ISACTIVE="1" /><HOUSE ID="126728446" OBJECTID="165075164" OBJECTGUID="153072a0-3d6f-4dae-ae83-c8931f43be06" CHANGEID="600535327" HOUSENUM="7Б" HOUSETYPE="2" OPERTYPEID="10" PREVID="0" NEXTID="0" UPDATEDATE="2024-09-05" STARTDATE="2024-09-05" ENDDATE="2079-06-06" ISACTUAL="1" ISACTIVE="1" /><HOUSE ID="126728706" OBJECTID="165077407" OBJECTGUID="a8dce271-6ae0-4c25-8677-ee00cc660a27" CHANGEID="600538502" HOUSENUM="9" HOUSETYPE="2" OPERTYPEID="10" PREVID="0" NEXTID="0" UPDATEDATE="2024-09-05" STARTDATE="2024-09-05" ENDDATE="2079-06-06" ISACTUAL="1" ISACTIVE="1" /><HOUSE ID="126729972" OBJECTID="165082397" OBJECTGUID="0e019764-8357-43ee-89ce-f472eb38e0d5" CHANGEID="600546728" HOUSENUM="2" HOUSETYPE="2" OPERTYPEID="10" PREVID="0" NEXTID="0" UPDATEDATE="2024-09-05" STARTDATE="2024-09-05" ENDDATE="2079-06-06" ISACTUAL="1" ISACTIVE="1" /><HOUSE ID="126730896" OBJECTID="165087226" OBJECTGUID="8d8f65c3-ef19-4a20-97e6-33c6aa6e7b48" CHANGEID="600554503" HOUSENUM="2" HOUSETYPE="2" OPERTYPEID="10" PREVID="0" NEXTID="0" UPDATEDATE="2024-09-05" STARTDATE="2024-09-05" ENDDATE="2079-06-06" ISACTUAL="1" ISACTIVE="1" /><HOUSE ID="126730905" OBJECTID="165087322" OBJECTGUID="0a203ad0-5b7d-4641-a5cd-36211c7a16ad" CHANGEID="600554614" HOUSENUM="31" HOUSETYPE="2" OPERTYPEID="10" PREVID="0" NEXTID="0" UPDATEDATE="2024-09-05" STARTDATE="2024-09-05" ENDDATE="2079-06-06" ISACTUAL="1" ISACTIVE="1" /><HOUSE ID="126731050" OBJECTID="165088294" OBJECTGUID="7dbb8738-80b8-4f2a-82b2-2abfadc7a880" CHANGEID="600556781" HOUSENUM="2А" HOUSETYPE="2" OPERTYPEID="10" PREVID="0" NEXTID="0" UPDATEDATE="2024-09-05" STARTDATE="2024-09-05" ENDDATE="2079-06-06" ISACTUAL="1" ISACTIVE="1" /><HOUSE ID="126731165" OBJECTID="165088654" OBJECTGUID="6258c4fc-36b6-49ee-be52-a1de3341ac91" CHANGEID="600557862" HOUSENUM="9" HOUSETYPE="2" OPERTYPEID="10" PREVID="0" NEXTID="0" UPDATEDATE="2024-09-05" STARTDATE="2024-09-05" ENDDATE="2079-06-06" ISACTUAL="1" ISACTIVE="1" /><HOUSE ID="126731178" OBJECTID="165088717" OBJECTGUID="a1ec9d63-052c-4d16-8676-93247c45bfa6" CHANGEID="600557941" HOUSENUM="63" HOUSETYPE="2" OPERTYPEID="10" PREVID="0" NEXTID="0" UPDATEDATE="2024-09-05" STARTDATE="2024-09-05" ENDDATE="2079-06-06" ISACTUAL="1" ISACTIVE="1" /><HOUSE ID="126732695" OBJECTID="165095919" OBJECTGUID="974b8457-26cb-4872-b1df-68650814dc99" CHANGEID="600570555" HOUSENUM="11" HOUSETYPE="2" OPERTYPEID="10" PREVID="0" NEXTID="0" UPDATEDATE="2024-09-06" STARTDATE="2024-09-06" ENDDATE="2079-06-06" ISACTUAL="1" ISACTIVE="1" /><HOUSE ID="126733358" OBJECTID="165097476" OBJECTGUID="dd459d0d-a91f-4c6d-9b1b-ba421d5b87b8" CHANGEID="600574500" HOUSENUM="18а" HOUSETYPE="2" OPERTYPEID="10" PREVID="0" NEXTID="0" UPDATEDATE="2024-09-06" STARTDATE="2024-09-06" ENDDATE="2079-06-06" ISACTUAL="1" ISACTIVE="1" /><HOUSE ID="126734617" OBJECTID="165102329" OBJECTGUID="83c16ceb-1601-420c-976e-e248ce6990ec" CHANGEID="600583080" HOUSENUM="11" HOUSETYPE="2" OPERTYPEID="10" PREVID="0" NEXTID="0" UPDATEDATE="2024-09-06" STARTDATE="2024-09-06" ENDDATE="2079-06-06" ISACTUAL="1" ISACTIVE="1" /><HOUSE ID="126737441" OBJECTID="165111910" OBJECTGUID="e0da3f69-9039-4b63-8343-a089dfafad8e" CHANGEID="600617561" HOUSENUM="18" HOUSETYPE="2" OPERTYPEID="10" PREVID="0" NEXTID="0" UPDATEDATE="2024-09-06" STARTDATE="2024-09-06" ENDDATE="2079-06-06" ISACTUAL="1" ISACTIVE="1" /><HOUSE ID="126737458" OBJECTID="165111991" OBJECTGUID="71cdf9ca-b2e1-4a9d-9e4a-bc8ce2d160f1" CHANGEID="600632979" HOUSENUM="16" HOUSETYPE="2" OPERTYPEID="10" PREVID="0" NEXTID="0" UPDATEDATE="2024-09-06" STARTDATE="2024-09-06" ENDDATE="2079-06-06" ISACTUAL="1" ISACTIVE="1" /><HOUSE ID="126737470" OBJECTID="165112019" OBJECTGUID="8b63eb03-3ef9-4092-a254-53be26909a93" CHANGEID="600635331" HOUSENUM="4" HOUSETYPE="2" OPERTYPEID="10" PREVID="0" NEXTID="0" UPDATEDATE="2024-09-06" STARTDATE="2024-09-06" ENDDATE="2079-06-06" ISACTUAL="1" ISACTIVE="1" /><HOUSE ID="126737482" OBJECTID="165112075" OBJECTGUID="011342e5-f24d-4774-9275-9f3384413335" CHANGEID="600637454" HOUSENUM="21" HOUSETYPE="2" OPERTYPEID="10" PREVID="0" NEXTID="0" UPDATEDATE="2024-09-06" STARTDATE="2024-09-06" ENDDATE="2079-06-06" ISACTUAL="1" ISACTIVE="1" /><HOUSE ID="126737491" OBJECTID="165112207" OBJECTGUID="34d0db20-2892-4717-991a-4e3cee8e62c5" CHANGEID="600643609" HOUSENUM="10" HOUSETYPE="2" OPERTYPEID="10" PREVID="0" NEXTID="0" UPDATEDATE="2024-09-06" STARTDATE="2024-09-06" ENDDATE="2079-06-06" ISACTUAL="1" ISACTIVE="1" /><HOUSE ID="126737699" OBJECTID="165112843" OBJECTGUID="34831db6-9078-4031-a500-855d7f4b9a87" CHANGEID="600688188" HOUSENUM="1" HOUSETYPE="2" OPERTYPEID="10" PREVID="0" NEXTID="0" UPDATEDATE="2024-09-06" STARTDATE="2024-09-06" ENDDATE="2079-06-06" ISACTUAL="1" ISACTIVE="1" /><HOUSE ID="126737705" OBJECTID="165112864" OBJECTGUID="b13e03a8-0a40-488d-8d7d-396020e740d2" CHANGEID="600688934" HOUSENUM="1" HOUSETYPE="2" OPERTYPEID="10" PREVID="0" NEXTID="0" UPDATEDATE="2024-09-06" STARTDATE="2024-09-06" ENDDATE="2079-06-06" ISACTUAL="1" ISACTIVE="1" /><HOUSE ID="126737697" OBJECTID="165112840" OBJECTGUID="88b031fc-3dc8-4dcb-8c6e-49493ebda72b" CHANGEID="600688030" HOUSENUM="12" HOUSETYPE="2" OPERTYPEID="10" PREVID="0" NEXTID="0" UPDATEDATE="2024-09-06" STARTDATE="2024-09-06" ENDDATE="2079-06-06" ISACTUAL="1" ISACTIVE="1" /><HOUSE ID="126737710" OBJECTID="165112873" OBJECTGUID="793b5c2e-cbff-4a42-a4b1-3db949b5573e" CHANGEID="600689246" HOUSENUM="12" HOUSETYPE="2" OPERTYPEID="10" PREVID="0" NEXTID="0" UPDATEDATE="2024-09-06" STARTDATE="2024-09-06" ENDDATE="2079-06-06" ISACTUAL="1" ISACTIVE="1" /><HOUSE ID="126738217" OBJECTID="165114797" OBJECTGUID="bc5107ed-6e65-4558-8afe-a3e7aeef87aa" CHANGEID="600703896" HOUSENUM="30д" HOUSETYPE="2" OPERTYPEID="10" PREVID="0" NEXTID="0" UPDATEDATE="2024-09-06" STARTDATE="2024-09-06" ENDDATE="2079-06-06" ISACTUAL="1" ISACTIVE="1" /><HOUSE ID="126738236" OBJECTID="165114838" OBJECTGUID="3c9e94d8-7a25-438c-b000-20b7d0cfda8d" CHANGEID="600703984" HOUSENUM="30" HOUSETYPE="2" OPERTYPEID="10" PREVID="0" NEXTID="0" UPDATEDATE="2024-09-06" STARTDATE="2024-09-06" ENDDATE="2079-06-06" ISACTUAL="1" ISACTIVE="1" /><HOUSE ID="126741780" OBJECTID="165131044" OBJECTGUID="74f9c680-bbe3-489f-bdbb-16a8f8c76604" CHANGEID="600760240" HOUSENUM="22" HOUSETYPE="2" OPERTYPEID="10" PREVID="0" NEXTID="0" UPDATEDATE="2024-09-09" STARTDATE="2024-09-09" ENDDATE="2079-06-06" ISACTUAL="1" ISACTIVE="1" /><HOUSE ID="126742202" OBJECTID="165133592" OBJECTGUID="406b801f-1813-4676-bdda-65126d79c547" CHANGEID="600763741" HOUSENUM="14" HOUSETYPE="2" OPERTYPEID="10" PREVID="0" NEXTID="0" UPDATEDATE="2024-09-09" STARTDATE="2024-09-09" ENDDATE="2079-06-06" ISACTUAL="1" ISACTIVE="1" /><HOUSE ID="126742356" OBJECTID="165134569" OBJECTGUID="c6c0640b-3a00-4d40-ad99-f591b9a87ea2" CHANGEID="600765112" HOUSENUM="71" HOUSETYPE="2" OPERTYPEID="10" PREVID="0" NEXTID="0" UPDATEDATE="2024-09-09" STARTDATE="2024-09-09" ENDDATE="2079-06-06" ISACTUAL="1" ISACTIVE="1" /><HOUSE ID="126742643" OBJECTID="165136757" OBJECTGUID="40f09a93-d56e-4774-bec9-ccac18c8dac0" CHANGEID="600768077" HOUSENUM="1В" HOUSETYPE="2" OPERTYPEID="10" PREVID="0" NEXTID="0" UPDATEDATE="2024-09-09" STARTDATE="2024-09-09" ENDDATE="2079-06-06" ISACTUAL="1" ISACTIVE="1" /><HOUSE ID="126744721" OBJECTID="165140313" OBJECTGUID="bf8ad41b-66a4-4613-9804-f118a05fe964" CHANGEID="600774820" HOUSENUM="17Б" HOUSETYPE="2" OPERTYPEID="10" PREVID="0" NEXTID="0" UPDATEDATE="2024-09-09" STARTDATE="2024-09-09" ENDDATE="2079-06-06" ISACTUAL="1" ISACTIVE="1" /><HOUSE ID="126744763" OBJECTID="165140451" OBJECTGUID="1558bf5a-13b8-413f-9272-f410ec08ff7e" CHANGEID="600775048" HOUSENUM="47" HOUSETYPE="2" OPERTYPEID="10" PREVID="0" NEXTID="0" UPDATEDATE="2024-09-09" STARTDATE="2024-09-09" ENDDATE="2079-06-06" ISACTUAL="1" ISACTIVE="1" /><HOUSE ID="18130226" OBJECTID="30561586" OBJECTGUID="af029b48-f76f-41d2-8172-bf427aed2f5e" CHANGEID="46796073" HOUSENUM="20А" HOUSETYPE="2" OPERTYPEID="20" PREVID="18130221" NEXTID="126745160" UPDATEDATE="2024-09-09" STARTDATE="2017-05-05" ENDDATE="2024-09-09" ISACTUAL="0" ISACTIVE="0" /><HOUSE ID="126745160" OBJECTID="30561586" OBJECTGUID="af029b48-f76f-41d2-8172-bf427aed2f5e" CHANGEID="600777101" HOUSENUM="20а" HOUSETYPE="2" OPERTYPEID="20" PREVID="18130226" UPDATEDATE="2024-09-09" STARTDATE="2024-09-09" ENDDATE="2079-06-06" ISACTUAL="1" ISACTIVE="1" /><HOUSE ID="126745175" OBJECTID="165141768" OBJECTGUID="bdd13b73-ed75-4557-a4c0-da5172cae524" CHANGEID="600777178" HOUSENUM="12" HOUSETYPE="2" OPERTYPEID="10" PREVID="0" NEXTID="0" UPDATEDATE="2024-09-09" STARTDATE="2024-09-09" ENDDATE="2079-06-06" ISACTUAL="1" ISACTIVE="1" /><HOUSE ID="126746416" OBJECTID="165146219" OBJECTGUID="0b710aa3-7b89-4a8f-acb3-fdff458dd07b" CHANGEID="600784616" HOUSENUM="20А" HOUSETYPE="2" OPERTYPEID="10" PREVID="0" NEXTID="0" UPDATEDATE="2024-09-09" STARTDATE="2024-09-09" ENDDATE="2079-06-06" ISACTUAL="1" ISACTIVE="1" /><HOUSE ID="126747187" OBJECTID="165149866" OBJECTGUID="fdd61c73-059c-4967-960c-21b6b6110799" CHANGEID="600790244" HOUSENUM="9" HOUSETYPE="2" OPERTYPEID="10" PREVID="0" NEXTID="0" UPDATEDATE="2024-09-09" STARTDATE="2024-09-09" ENDDATE="2079-06-06" ISACTUAL="1" ISACTIVE="1" /><HOUSE ID="126747159" OBJECTID="165149764" OBJECTGUID="f60683b2-ae26-4f4b-a5f5-83e3b58dc13f" CHANGEID="600790096" HOUSENUM="26" HOUSETYPE="2" OPERTYPEID="10" PREVID="0" NEXTID="0" UPDATEDATE="2024-09-09" STARTDATE="2024-09-09" ENDDATE="2079-06-06" ISACTUAL="1" ISACTIVE="1" /><HOUSE ID="126747174" OBJECTID="165149845" OBJECTGUID="fa10bd1a-fe3f-4bb7-a400-b60557b7d25c" CHANGEID="600790204" HOUSENUM="16" HOUSETYPE="2" OPERTYPEID="10" PREVID="0" NEXTID="0" UPDATEDATE="2024-09-09" STARTDATE="2024-09-09" ENDDATE="2079-06-06" ISACTUAL="1" ISACTIVE="1" /><HOUSE ID="126747185" OBJECTID="64017822" OBJECTGUID="3080eaaf-d794-4e2d-9483-fa0dee2cbb59" CHANGEID="600790241" HOUSENUM="36" HOUSETYPE="2" OPERTYPEID="30" PREVID="54817198" NEXTID="0" UPDATEDATE="2024-09-09" STARTDATE="2024-09-09" ENDDATE="2079-06-06" ISACTUAL="1" ISACTIVE="0" /><HOUSE ID="126747229" OBJECTID="165149941" OBJECTGUID="602734a5-acbf-4198-ae46-09d0b3cfbcdc" CHANGEID="600790425" HOUSENUM="24" HOUSETYPE="2" OPERTYPEID="10" PREVID="0" NEXTID="0" UPDATEDATE="2024-09-09" STARTDATE="2024-09-09" ENDDATE="2079-06-06" ISACTUAL="1" ISACTIVE="1" /><HOUSE ID="126747230" OBJECTID="165149942" OBJECTGUID="1ad3d3e5-d19a-4f9c-b3e0-8ae8a5885438" CHANGEID="600790426" HOUSENUM="24" ADDNUM1="1" HOUSETYPE="2" ADDTYPE1="2" OPERTYPEID="10" PREVID="0" NEXTID="0" UPDATEDATE="2024-09-09" STARTDATE="2024-09-09" ENDDATE="2079-06-06" ISACTUAL="1" ISACTIVE="1" /><HOUSE ID="126747231" OBJECTID="165149943" OBJECTGUID="f3290dc8-b0ac-4342-918b-7b73d89a7c9d" CHANGEID="600790427" HOUSENUM="24" ADDNUM1="2" HOUSETYPE="2" ADDTYPE1="2" OPERTYPEID="10" PREVID="0" NEXTID="0" UPDATEDATE="2024-09-09" STARTDATE="2024-09-09" ENDDATE="2079-06-06" ISACTUAL="1" ISACTIVE="1" /><HOUSE ID="126747299" OBJECTID="165150318" OBJECTGUID="eb3365ba-6d13-4d91-a354-ffc0700a1856" CHANGEID="600791070" HOUSENUM="116" HOUSETYPE="2" OPERTYPEID="10" PREVID="0" NEXTID="0" UPDATEDATE="2024-09-09" STARTDATE="2024-09-09" ENDDATE="2079-06-06" ISACTUAL="1" ISACTIVE="1" /><HOUSE ID="126748613" OBJECTID="165158244" OBJECTGUID="5d1257ce-d20d-42f2-b9b4-426a49513fcc" CHANGEID="600808179" HOUSENUM="3" HOUSETYPE="2" OPERTYPEID="10" PREVID="0" NEXTID="0" UPDATEDATE="2024-09-10" STARTDATE="2024-09-10" ENDDATE="2079-06-06" ISACTUAL="1" ISACTIVE="1" /><HOUSE ID="126748617" OBJECTID="165158283" OBJECTGUID="629aa554-8e49-4038-ac77-1ff70580f9db" CHANGEID="600808219" HOUSENUM="14В" HOUSETYPE="2" OPERTYPEID="10" PREVID="0" NEXTID="0" UPDATEDATE="2024-09-10" STARTDATE="2024-09-10" ENDDATE="2079-06-06" ISACTUAL="1" ISACTIVE="1" /><HOUSE ID="126749973" OBJECTID="165163069" OBJECTGUID="429a3946-821d-4756-ba9c-1a46f370d9fd" CHANGEID="600815900" HOUSENUM="7" HOUSETYPE="2" OPERTYPEID="10" PREVID="0" NEXTID="0" UPDATEDATE="2024-09-10" STARTDATE="2024-09-10" ENDDATE="2079-06-06" ISACTUAL="1" ISACTIVE="1" /><HOUSE ID="126750433" OBJECTID="165165556" OBJECTGUID="7a32c991-6c3a-4bde-bfa1-cad14aeb5138" CHANGEID="600820227" HOUSENUM="4/2" HOUSETYPE="2" OPERTYPEID="10" PREVID="0" NEXTID="0" UPDATEDATE="2024-09-10" STARTDATE="2024-09-10" ENDDATE="2079-06-06" ISACTUAL="1" ISACTIVE="1" /><HOUSE ID="126750890" OBJECTID="165167817" OBJECTGUID="88ec656f-5dd5-46c6-b57c-4e10c944939b" CHANGEID="600823509" HOUSENUM="10а" HOUSETYPE="2" OPERTYPEID="10" PREVID="0" NEXTID="0" UPDATEDATE="2024-09-10" STARTDATE="2024-09-10" ENDDATE="2079-06-06" ISACTUAL="1" ISACTIVE="1" /><HOUSE ID="126751131" OBJECTID="165169286" OBJECTGUID="f5a0dc0a-091e-4e47-8544-52d51df956cb" CHANGEID="600825453" HOUSENUM="2790" HOUSETYPE="5" OPERTYPEID="10" PREVID="0" NEXTID="0" UPDATEDATE="2024-09-10" STARTDATE="2024-09-10" ENDDATE="2079-06-06" ISACTUAL="1" ISACTIVE="1" /><HOUSE ID="126751672" OBJECTID="165171600" OBJECTGUID="3fff9054-96a2-4873-aadc-e786b541ff56" CHANGEID="600828733" HOUSENUM="16А" HOUSETYPE="2" OPERTYPEID="10" PREVID="0" NEXTID="0" UPDATEDATE="2024-09-10" STARTDATE="2024-09-10" ENDDATE="2079-06-06" ISACTUAL="1" ISACTIVE="1" /><HOUSE ID="126752145" OBJECTID="165173194" OBJECTGUID="6894663c-ccd5-481f-9df3-6bb47b809d35" CHANGEID="600831654" HOUSENUM="8" HOUSETYPE="2" OPERTYPEID="10" PREVID="0" NEXTID="0" UPDATEDATE="2024-09-10" STARTDATE="2024-09-10" ENDDATE="2079-06-06" ISACTUAL="1" ISACTIVE="1" /><HOUSE ID="126752148" OBJECTID="165173215" OBJECTGUID="9f6a8609-f07d-4b20-a1c2-3ff42ff2b01b" CHANGEID="600831676" HOUSENUM="31А" HOUSETYPE="2" OPERTYPEID="10" PREVID="0" NEXTID="0" UPDATEDATE="2024-09-10" STARTDATE="2024-09-10" ENDDATE="2079-06-06" ISACTUAL="1" ISACTIVE="1" /><HOUSE ID="126752164" OBJECTID="165173216" OBJECTGUID="4a572874-d0d3-41c0-9793-1cd067c0ecdc" CHANGEID="600831692" HOUSENUM="25" HOUSETYPE="2" OPERTYPEID="10" PREVID="0" NEXTID="0" UPDATEDATE="2024-09-10" STARTDATE="2024-09-10" ENDDATE="2079-06-06" ISACTUAL="1" ISACTIVE="1" /><HOUSE ID="126752612" OBJECTID="165174388" OBJECTGUID="3d4c27b6-e29b-4fdc-9128-904d17fc6af3" CHANGEID="600833784" HOUSENUM="15" HOUSETYPE="2" OPERTYPEID="10" PREVID="0" NEXTID="0" UPDATEDATE="2024-09-10" STARTDATE="2024-09-10" ENDDATE="2079-06-06" ISACTUAL="1" ISACTIVE="1" /><HOUSE ID="126756903" OBJECTID="165196201" OBJECTGUID="5a970be6-01eb-4d3d-92ff-632afdaf49f8" CHANGEID="600891290" HOUSENUM="3" HOUSETYPE="2" OPERTYPEID="10" PREVID="0" NEXTID="0" UPDATEDATE="2024-09-11" STARTDATE="2024-09-11" ENDDATE="2079-06-06" ISACTUAL="1" ISACTIVE="1" /><HOUSE ID="126756912" OBJECTID="165196248" OBJECTGUID="9f9a70fb-cbb1-41dd-91e6-8137c4950f45" CHANGEID="600891613" HOUSENUM="36" HOUSETYPE="2" OPERTYPEID="10" PREVID="0" NEXTID="0" UPDATEDATE="2024-09-11" STARTDATE="2024-09-11" ENDDATE="2079-06-06" ISACTUAL="1" ISACTIVE="1" /><HOUSE ID="126756936" OBJECTID="165196288" OBJECTGUID="d0441037-05e0-4ae5-a6aa-f1e27d37190f" CHANGEID="600891653" HOUSENUM="19" HOUSETYPE="2" OPERTYPEID="10" PREVID="0" NEXTID="0" UPDATEDATE="2024-09-11" STARTDATE="2024-09-11" ENDDATE="2079-06-06" ISACTUAL="1" ISACTIVE="1" /><HOUSE ID="126758113" OBJECTID="165203499" OBJECTGUID="012119a6-17ba-4978-8bac-a1c70099ca21" CHANGEID="600901367" HOUSENUM="2" HOUSETYPE="2" OPERTYPEID="10" PREVID="0" NEXTID="0" UPDATEDATE="2024-09-11" STARTDATE="2024-09-11" ENDDATE="2079-06-06" ISACTUAL="1" ISACTIVE="1" /><HOUSE ID="126758116" OBJECTID="165203503" OBJECTGUID="ebc8d38c-b16d-4a03-b745-9a72a1502129" CHANGEID="600901371" HOUSENUM="718" HOUSETYPE="2" OPERTYPEID="10" PREVID="0" NEXTID="0" UPDATEDATE="2024-09-11" STARTDATE="2024-09-11" ENDDATE="2079-06-06" ISACTUAL="1" ISACTIVE="1" /><HOUSE ID="126758117" OBJECTID="165203504" OBJECTGUID="403783bc-3cf6-4380-af07-72eff37389f3" CHANGEID="600901372" HOUSENUM="718а" HOUSETYPE="2" OPERTYPEID="10" PREVID="0" NEXTID="0" UPDATEDATE="2024-09-11" STARTDATE="2024-09-11" ENDDATE="2079-06-06" ISACTUAL="1" ISACTIVE="1" /><HOUSE ID="126758119" OBJECTID="165203541" OBJECTGUID="9d8c0a05-c927-4148-95a3-b97393d809dd" CHANGEID="600901412" HOUSENUM="5" HOUSETYPE="2" OPERTYPEID="10" PREVID="0" NEXTID="0" UPDATEDATE="2024-09-11" STARTDATE="2024-09-11" ENDDATE="2079-06-06" ISACTUAL="1" ISACTIVE="1" /><HOUSE ID="126758800" OBJECTID="165206489" OBJECTGUID="7a1eeada-df06-4af6-9b70-c2f2630536a6" CHANGEID="600906014" HOUSENUM="16Б" HOUSETYPE="5" OPERTYPEID="10" PREVID="0" NEXTID="0" UPDATEDATE="2024-09-11" STARTDATE="2024-09-11" ENDDATE="2079-06-06" ISACTUAL="1" ISACTIVE="1" /><HOUSE ID="126759306" OBJECTID="4938810" OBJECTGUID="f92e3e1c-6a87-4f4c-8460-f2841bc3ac56" CHANGEID="600910901" HOUSENUM="25" HOUSETYPE="2" OPERTYPEID="30" PREVID="69031352" NEXTID="0" UPDATEDATE="2024-09-11" STARTDATE="2024-09-11" ENDDATE="2079-06-06" ISACTUAL="1" ISACTIVE="0" /><HOUSE ID="69031352" OBJECTID="4938810" OBJECTGUID="f92e3e1c-6a87-4f4c-8460-f2841bc3ac56" CHANGEID="9092406" HOUSENUM="25" HOUSETYPE="2" OPERTYPEID="20" PREVID="2079824" NEXTID="126759306" UPDATEDATE="2024-09-11" STARTDATE="2014-05-22" ENDDATE="2024-09-11" ISACTUAL="0" ISACTIVE="0" /><HOUSE ID="126759713" OBJECTID="165210657" OBJECTGUID="739a96a3-6d60-4943-9e6e-c511b491b49c" CHANGEID="600913547" HOUSENUM="2" HOUSETYPE="2" OPERTYPEID="10" PREVID="0" NEXTID="0" UPDATEDATE="2024-09-11" STARTDATE="2024-09-11" ENDDATE="2079-06-06" ISACTUAL="1" ISACTIVE="1" /><HOUSE ID="126760056" OBJECTID="165212165" OBJECTGUID="c03cec32-ba92-40af-aa7d-0a2e992663f5" CHANGEID="600915765" HOUSENUM="1А" HOUSETYPE="2" OPERTYPEID="10" PREVID="0" NEXTID="0" UPDATEDATE="2024-09-11" STARTDATE="2024-09-11" ENDDATE="2079-06-06" ISACTUAL="1" ISACTIVE="1" /><HOUSE ID="126760305" OBJECTID="165213489" OBJECTGUID="6a3824e8-a048-4f11-927a-e8682fed4c88" CHANGEID="600917632" HOUSENUM="27" HOUSETYPE="2" OPERTYPEID="10" PREVID="0" NEXTID="0" UPDATEDATE="2024-09-11" STARTDATE="2024-09-11" ENDDATE="2079-06-06" ISACTUAL="1" ISACTIVE="1" /><HOUSE ID="126760358" OBJECTID="165213831" OBJECTGUID="44cf2f8f-00d9-4e2f-a6af-94a9fb6bbfd0" CHANGEID="600918405" HOUSENUM="50" HOUSETYPE="2" OPERTYPEID="10" PREVID="0" NEXTID="0" UPDATEDATE="2024-09-11" STARTDATE="2024-09-11" ENDDATE="2079-06-06" ISACTUAL="1" ISACTIVE="1" /><HOUSE ID="126760377" OBJECTID="165213987" OBJECTGUID="949721aa-be99-47f5-a9c7-f6f90e73de58" CHANGEID="600918610" HOUSENUM="13" HOUSETYPE="2" OPERTYPEID="10" PREVID="0" NEXTID="0" UPDATEDATE="2024-09-11" STARTDATE="2024-09-11" ENDDATE="2079-06-06" ISACTUAL="1" ISACTIVE="1" /><HOUSE ID="126761188" OBJECTID="165217888" OBJECTGUID="d4804f53-cb08-4868-9fe2-e5771ec93169" CHANGEID="600925261" HOUSENUM="9" HOUSETYPE="2" OPERTYPEID="10" PREVID="0" NEXTID="0" UPDATEDATE="2024-09-11" STARTDATE="2024-09-11" ENDDATE="2079-06-06" ISACTUAL="1" ISACTIVE="1" /><HOUSE ID="126761352" OBJECTID="35339099" OBJECTGUID="e740630a-9b92-438e-8e48-4fda9fbbb861" CHANGEID="600927089" HOUSENUM="1к" HOUSETYPE="2" OPERTYPEID="30" PREVID="21000609" NEXTID="0" UPDATEDATE="2024-09-11" STARTDATE="2024-09-11" ENDDATE="2079-06-06" ISACTUAL="1" ISACTIVE="0" /><HOUSE ID="21000609" OBJECTID="35339099" OBJECTGUID="e740630a-9b92-438e-8e48-4fda9fbbb861" CHANGEID="53709701" HOUSENUM="1к" HOUSETYPE="2" OPERTYPEID="10" PREVID="0" NEXTID="126761352" UPDATEDATE="2024-09-11" STARTDATE="2015-09-22" ENDDATE="2024-09-11" ISACTUAL="0" ISACTIVE="0" /></HOUSES>