﻿<?xml version="1.0" encoding="utf-8"?><STEADS><STEAD ID="68615448" OBJECTID="165062781" OBJECTGUID="fa39bd32-cc46-4213-84e4-482b1abce80d" CHANGEID="600515202" NUMBER="38" OPERTYPEID="10" PREVID="0" NEXTID="0" UPDATEDATE="2024-09-05" STARTDATE="2024-09-05" ENDDATE="2079-06-06" ISACTUAL="1" ISACTIVE="1" /><STEAD ID="68615451" OBJECTID="165062786" OBJECTGUID="27c3adda-75be-45c3-9bf2-20288126cbb1" CHANGEID="600515209" NUMBER="40" OPERTYPEID="10" PREVID="0" NEXTID="0" UPDATEDATE="2024-09-05" STARTDATE="2024-09-05" ENDDATE="2079-06-06" ISACTUAL="1" ISACTIVE="1" /><STEAD ID="68615611" OBJECTID="165063207" OBJECTGUID="873119ab-bbb8-4817-ac38-8e3102f22482" CHANGEID="600515851" NUMBER="4а" OPERTYPEID="10" PREVID="0" NEXTID="0" UPDATEDATE="2024-09-05" STARTDATE="2024-09-05" ENDDATE="2079-06-06" ISACTUAL="1" ISACTIVE="1" /><STEAD ID="68616001" OBJECTID="165063864" OBJECTGUID="706f8240-80e7-4bf3-a2c0-1bc2ee80149e" CHANGEID="600516936" NUMBER="42" OPERTYPEID="10" PREVID="0" NEXTID="0" UPDATEDATE="2024-09-05" STARTDATE="2024-09-05" ENDDATE="2079-06-06" ISACTUAL="1" ISACTIVE="1" /><STEAD ID="68619966" OBJECTID="165071703" OBJECTGUID="a590bcdf-e84e-49ca-a72d-25cec9a70295" CHANGEID="600529801" NUMBER="17" OPERTYPEID="10" PREVID="0" NEXTID="0" UPDATEDATE="2024-09-05" STARTDATE="2024-09-05" ENDDATE="2079-06-06" ISACTUAL="1" ISACTIVE="1" /><STEAD ID="3156087" OBJECTID="87697312" OBJECTGUID="f9b548a2-c485-46c1-9d08-945c3b4fe019" CHANGEID="129841156" NUMBER="98" OPERTYPEID="10" NEXTID="68624192" UPDATEDATE="2024-09-05" STARTDATE="2017-01-18" ENDDATE="2024-09-05" ISACTUAL="0" ISACTIVE="0" /><STEAD ID="68624345" OBJECTID="165082455" OBJECTGUID="85326242-9e2f-4d0c-abc5-2e2db80b56cd" CHANGEID="600546788" NUMBER="2" OPERTYPEID="10" PREVID="0" NEXTID="0" UPDATEDATE="2024-09-05" STARTDATE="2024-09-05" ENDDATE="2079-06-06" ISACTUAL="1" ISACTIVE="1" /><STEAD ID="68626529" OBJECTID="165087478" OBJECTGUID="79c8e295-4a52-4e51-93ea-c024520e1f0c" CHANGEID="600555019" NUMBER="31" OPERTYPEID="10" PREVID="0" NEXTID="0" UPDATEDATE="2024-09-05" STARTDATE="2024-09-05" ENDDATE="2079-06-06" ISACTUAL="1" ISACTIVE="1" /><STEAD ID="68631361" OBJECTID="165095923" OBJECTGUID="388fce74-82a1-4c27-b741-88295c443d90" CHANGEID="600570559" NUMBER="11" OPERTYPEID="10" PREVID="0" NEXTID="0" UPDATEDATE="2024-09-06" STARTDATE="2024-09-06" ENDDATE="2079-06-06" ISACTUAL="1" ISACTIVE="1" /><STEAD ID="68635284" OBJECTID="165102365" OBJECTGUID="419a61d7-1e23-45e4-be47-7af69d1a9fe8" CHANGEID="600583125" NUMBER="11" OPERTYPEID="10" PREVID="0" NEXTID="0" UPDATEDATE="2024-09-06" STARTDATE="2024-09-06" ENDDATE="2079-06-06" ISACTUAL="1" ISACTIVE="1" /><STEAD ID="68638422" OBJECTID="165106523" OBJECTGUID="98917dc1-0680-490d-a0b9-cc69a6839750" CHANGEID="600590523" NUMBER="7Б" OPERTYPEID="10" PREVID="0" NEXTID="0" UPDATEDATE="2024-09-06" STARTDATE="2024-09-06" ENDDATE="2079-06-06" ISACTUAL="1" ISACTIVE="1" /><STEAD ID="68638530" OBJECTID="165106683" OBJECTGUID="5ba4bbfc-cf36-40fc-8f6d-e2f7fc9806b5" CHANGEID="600590814" NUMBER="2А" OPERTYPEID="10" PREVID="0" NEXTID="0" UPDATEDATE="2024-09-06" STARTDATE="2024-09-06" ENDDATE="2079-06-06" ISACTUAL="1" ISACTIVE="1" /><STEAD ID="68638506" OBJECTID="165106647" OBJECTGUID="9c6a93d1-ff69-4b70-b2c9-c7f7c1e1923d" CHANGEID="600590740" NUMBER="2" OPERTYPEID="10" PREVID="0" NEXTID="0" UPDATEDATE="2024-09-06" STARTDATE="2024-09-06" ENDDATE="2079-06-06" ISACTUAL="1" ISACTIVE="1" /><STEAD ID="68638554" OBJECTID="165106725" OBJECTGUID="da98aeac-1899-4ffe-8135-98789d9bf718" CHANGEID="600590907" NUMBER="9" OPERTYPEID="10" PREVID="0" NEXTID="0" UPDATEDATE="2024-09-06" STARTDATE="2024-09-06" ENDDATE="2079-06-06" ISACTUAL="1" ISACTIVE="1" /><STEAD ID="68639013" OBJECTID="165107745" OBJECTGUID="729429d1-eec5-460b-a067-e3d81bf337a1" CHANGEID="600592398" NUMBER="63" OPERTYPEID="10" PREVID="0" NEXTID="0" UPDATEDATE="2024-09-06" STARTDATE="2024-09-06" ENDDATE="2079-06-06" ISACTUAL="1" ISACTIVE="1" /><STEAD ID="68640540" OBJECTID="165111103" OBJECTGUID="978e90ea-977c-4938-8686-62f04724a7b7" CHANGEID="600603721" NUMBER="51" OPERTYPEID="10" PREVID="0" NEXTID="0" UPDATEDATE="2024-09-06" STARTDATE="2024-09-06" ENDDATE="2079-06-06" ISACTUAL="1" ISACTIVE="1" /><STEAD ID="68640800" OBJECTID="165111478" OBJECTGUID="ba654bfb-c981-4bbe-88b3-d216e64588b0" CHANGEID="600610172" NUMBER="58" OPERTYPEID="10" PREVID="0" NEXTID="0" UPDATEDATE="2024-09-06" STARTDATE="2024-09-06" ENDDATE="2079-06-06" ISACTUAL="1" ISACTIVE="1" /><STEAD ID="68640878" OBJECTID="165111575" OBJECTGUID="8ba63c1a-1e96-4763-ad0e-535cd02b570e" CHANGEID="600611646" NUMBER="54" OPERTYPEID="10" PREVID="0" NEXTID="0" UPDATEDATE="2024-09-06" STARTDATE="2024-09-06" ENDDATE="2079-06-06" ISACTUAL="1" ISACTIVE="1" /><STEAD ID="68641059" OBJECTID="165111866" OBJECTGUID="683f5ace-a93a-44a9-8a8c-8c17c3706316" CHANGEID="600616302" NUMBER="18" OPERTYPEID="10" PREVID="0" NEXTID="0" UPDATEDATE="2024-09-06" STARTDATE="2024-09-06" ENDDATE="2079-06-06" ISACTUAL="1" ISACTIVE="1" /><STEAD ID="68641131" OBJECTID="165112009" OBJECTGUID="bdc7da53-1c31-4d71-90ca-9030a23caa91" CHANGEID="600634412" NUMBER="4" OPERTYPEID="10" PREVID="0" NEXTID="0" UPDATEDATE="2024-09-06" STARTDATE="2024-09-06" ENDDATE="2079-06-06" ISACTUAL="1" ISACTIVE="1" /><STEAD ID="68641335" OBJECTID="165112438" OBJECTGUID="0600fdca-890a-44f9-bf91-0da05de7183e" CHANGEID="600650277" NUMBER="5" OPERTYPEID="10" PREVID="0" NEXTID="0" UPDATEDATE="2024-09-06" STARTDATE="2024-09-06" ENDDATE="2079-06-06" ISACTUAL="1" ISACTIVE="1" /><STEAD ID="68642819" OBJECTID="165114813" OBJECTGUID="519c158c-81b3-4b7d-a473-9af895b002f5" CHANGEID="600703923" NUMBER="30д" OPERTYPEID="10" PREVID="0" NEXTID="0" UPDATEDATE="2024-09-06" STARTDATE="2024-09-06" ENDDATE="2079-06-06" ISACTUAL="1" ISACTIVE="1" /><STEAD ID="68642823" OBJECTID="165114817" OBJECTGUID="09b986fc-5bec-4492-a791-f763aa0548ed" CHANGEID="600703931" NUMBER="30" OPERTYPEID="10" PREVID="0" NEXTID="0" UPDATEDATE="2024-09-06" STARTDATE="2024-09-06" ENDDATE="2079-06-06" ISACTUAL="1" ISACTIVE="1" /><STEAD ID="68654800" OBJECTID="165133601" OBJECTGUID="c62cafb5-cf7a-4311-9988-f59d861a267a" CHANGEID="600763756" NUMBER="14" OPERTYPEID="10" PREVID="0" NEXTID="0" UPDATEDATE="2024-09-09" STARTDATE="2024-09-09" ENDDATE="2079-06-06" ISACTUAL="1" ISACTIVE="1" /><STEAD ID="68655545" OBJECTID="87697312" OBJECTGUID="f9b548a2-c485-46c1-9d08-945c3b4fe019" CHANGEID="600764945" NUMBER="1Д" OPERTYPEID="40" PREVID="68624192" UPDATEDATE="2024-09-09" STARTDATE="2024-09-09" ENDDATE="2079-06-06" ISACTUAL="1" ISACTIVE="1" /><STEAD ID="68624192" OBJECTID="87697312" OBJECTGUID="f9b548a2-c485-46c1-9d08-945c3b4fe019" CHANGEID="600546239" NUMBER="1Д" OPERTYPEID="50" PREVID="3156087" NEXTID="68655545" UPDATEDATE="2024-09-09" STARTDATE="2024-09-05" ENDDATE="2024-09-09" ISACTUAL="0" ISACTIVE="0" /><STEAD ID="1228746" OBJECTID="85777910" OBJECTGUID="0dec576f-785f-455c-8f79-36aeb8052a1b" CHANGEID="127331878" NUMBER="98" OPERTYPEID="10" NEXTID="68655546" UPDATEDATE="2024-09-09" STARTDATE="2017-12-12" ENDDATE="2024-09-09" ISACTUAL="0" ISACTIVE="0" /><STEAD ID="68655546" OBJECTID="85777910" OBJECTGUID="0dec576f-785f-455c-8f79-36aeb8052a1b" CHANGEID="600764946" NUMBER="98" OPERTYPEID="42" PREVID="1228746" NEXTID="68655545" UPDATEDATE="2024-09-09" STARTDATE="2024-09-09" ENDDATE="2079-06-06" ISACTUAL="1" ISACTIVE="0" /><STEAD ID="68656670" OBJECTID="165136754" OBJECTGUID="ffc1fa4d-9094-4428-84ce-c362de7a09f5" CHANGEID="600768071" NUMBER="1В" OPERTYPEID="10" PREVID="0" NEXTID="0" UPDATEDATE="2024-09-09" STARTDATE="2024-09-09" ENDDATE="2079-06-06" ISACTUAL="1" ISACTIVE="1" /><STEAD ID="68658345" OBJECTID="165140356" OBJECTGUID="22b319a4-74e9-4993-b26e-6ce10f547778" CHANGEID="600774882" NUMBER="17Б" OPERTYPEID="10" PREVID="0" NEXTID="0" UPDATEDATE="2024-09-09" STARTDATE="2024-09-09" ENDDATE="2079-06-06" ISACTUAL="1" ISACTIVE="1" /><STEAD ID="1285429" OBJECTID="85834299" OBJECTGUID="c7f3ce35-b277-49f0-85b5-55991638d828" CHANGEID="127409566" NUMBER="33А" OPERTYPEID="10" NEXTID="68658854" UPDATEDATE="2024-09-09" STARTDATE="2017-11-09" ENDDATE="2024-09-09" ISACTUAL="0" ISACTIVE="0" /><STEAD ID="68658854" OBJECTID="85834299" OBJECTGUID="c7f3ce35-b277-49f0-85b5-55991638d828" CHANGEID="600776626" NUMBER="26Г" OPERTYPEID="20" PREVID="1285429" UPDATEDATE="2024-09-09" STARTDATE="2024-09-09" ENDDATE="2079-06-06" ISACTUAL="1" ISACTIVE="1" /><STEAD ID="68659012" OBJECTID="165141785" OBJECTGUID="a8623561-5579-4ec1-9119-33d78e16b8a5" CHANGEID="600777206" NUMBER="12" OPERTYPEID="10" PREVID="0" NEXTID="0" UPDATEDATE="2024-09-09" STARTDATE="2024-09-09" ENDDATE="2079-06-06" ISACTUAL="1" ISACTIVE="1" /><STEAD ID="68659026" OBJECTID="165141830" OBJECTGUID="a98a1372-c061-4ef6-8c1a-3fdeed578538" CHANGEID="600777271" NUMBER="47" OPERTYPEID="10" PREVID="0" NEXTID="0" UPDATEDATE="2024-09-09" STARTDATE="2024-09-09" ENDDATE="2079-06-06" ISACTUAL="1" ISACTIVE="1" /><STEAD ID="68659459" OBJECTID="165142726" OBJECTGUID="3fe756c8-c69a-44d1-af60-446593986d94" CHANGEID="600779318" NUMBER="1А" OPERTYPEID="10" PREVID="0" NEXTID="0" UPDATEDATE="2024-09-09" STARTDATE="2024-09-09" ENDDATE="2079-06-06" ISACTUAL="1" ISACTIVE="1" /><STEAD ID="68659485" OBJECTID="165142772" OBJECTGUID="ef6bbc5a-864b-49b9-b84f-f1985f1e1148" CHANGEID="600779379" NUMBER="22Б" OPERTYPEID="10" PREVID="0" NEXTID="0" UPDATEDATE="2024-09-09" STARTDATE="2024-09-09" ENDDATE="2079-06-06" ISACTUAL="1" ISACTIVE="1" /><STEAD ID="68661484" OBJECTID="165146183" OBJECTGUID="fec9d8c8-8a44-4347-b54a-1b4c2f32e188" CHANGEID="600784567" NUMBER="20А" OPERTYPEID="10" PREVID="0" NEXTID="0" UPDATEDATE="2024-09-09" STARTDATE="2024-09-09" ENDDATE="2079-06-06" ISACTUAL="1" ISACTIVE="1" /><STEAD ID="68663815" OBJECTID="165150329" OBJECTGUID="6d0c1ed7-1c1f-4672-a83f-673230d9002b" CHANGEID="600791087" NUMBER="116" OPERTYPEID="10" PREVID="0" NEXTID="0" UPDATEDATE="2024-09-09" STARTDATE="2024-09-09" ENDDATE="2079-06-06" ISACTUAL="1" ISACTIVE="1" /><STEAD ID="68667993" OBJECTID="165158295" OBJECTGUID="c062cd6c-bf6a-44da-9804-fa4d83cf49a3" CHANGEID="600808231" NUMBER="14В" OPERTYPEID="10" PREVID="0" NEXTID="0" UPDATEDATE="2024-09-10" STARTDATE="2024-09-10" ENDDATE="2079-06-06" ISACTUAL="1" ISACTIVE="1" /><STEAD ID="68673907" OBJECTID="165167893" OBJECTGUID="53d2ce33-cb8b-457f-aaac-deabcd84ca4f" CHANGEID="600823604" NUMBER="10а" OPERTYPEID="10" PREVID="0" NEXTID="0" UPDATEDATE="2024-09-10" STARTDATE="2024-09-10" ENDDATE="2079-06-06" ISACTUAL="1" ISACTIVE="1" /><STEAD ID="68674991" OBJECTID="165169131" OBJECTGUID="265fc5e2-e690-4db7-9372-8eddce3f06da" CHANGEID="600825252" NUMBER="22/1" OPERTYPEID="10" PREVID="0" NEXTID="0" UPDATEDATE="2024-09-10" STARTDATE="2024-09-10" ENDDATE="2079-06-06" ISACTUAL="1" ISACTIVE="1" /><STEAD ID="68674966" OBJECTID="165169101" OBJECTGUID="6a5d813f-1f34-435b-9e6a-5476ce8240c1" CHANGEID="600825212" NUMBER="22" OPERTYPEID="10" PREVID="0" NEXTID="0" UPDATEDATE="2024-09-10" STARTDATE="2024-09-10" ENDDATE="2079-06-06" ISACTUAL="1" ISACTIVE="1" /><STEAD ID="68678376" OBJECTID="165174555" OBJECTGUID="5ce03b05-f080-4842-ac86-ac4dfa55be7b" CHANGEID="600833975" NUMBER="9" OPERTYPEID="10" PREVID="0" NEXTID="0" UPDATEDATE="2024-09-10" STARTDATE="2024-09-10" ENDDATE="2079-06-06" ISACTUAL="1" ISACTIVE="1" /><STEAD ID="68678354" OBJECTID="165174315" OBJECTGUID="ba7ce62a-6dc4-421a-85a5-ea208a072c54" CHANGEID="600833646" NUMBER="25" OPERTYPEID="10" PREVID="0" NEXTID="0" UPDATEDATE="2024-09-10" STARTDATE="2024-09-10" ENDDATE="2079-06-06" ISACTUAL="1" ISACTIVE="1" /><STEAD ID="68679259" OBJECTID="165176407" OBJECTGUID="b6a2aba0-e3a6-4219-be48-c2bd2537e146" CHANGEID="600836504" NUMBER="26" OPERTYPEID="10" PREVID="0" NEXTID="0" UPDATEDATE="2024-09-10" STARTDATE="2024-09-10" ENDDATE="2079-06-06" ISACTUAL="1" ISACTIVE="1" /><STEAD ID="68679260" OBJECTID="165176497" OBJECTGUID="a4225973-6062-45d9-b150-7afcd1a68e60" CHANGEID="600836606" NUMBER="3" OPERTYPEID="10" PREVID="0" NEXTID="0" UPDATEDATE="2024-09-10" STARTDATE="2024-09-10" ENDDATE="2079-06-06" ISACTUAL="1" ISACTIVE="1" /><STEAD ID="68681492" OBJECTID="165179669" OBJECTGUID="600cdd45-3d91-4aef-a758-f1cdb9d2dd9f" CHANGEID="600841958" NUMBER="14Г" OPERTYPEID="10" PREVID="0" NEXTID="0" UPDATEDATE="2024-09-10" STARTDATE="2024-09-10" ENDDATE="2079-06-06" ISACTUAL="1" ISACTIVE="1" /><STEAD ID="68682364" OBJECTID="165181384" OBJECTGUID="d88eadd1-ea05-4209-b3d6-2ef025472658" CHANGEID="600845144" NUMBER="3" OPERTYPEID="10" PREVID="0" NEXTID="0" UPDATEDATE="2024-09-10" STARTDATE="2024-09-10" ENDDATE="2079-06-06" ISACTUAL="1" ISACTIVE="1" /><STEAD ID="68686925" OBJECTID="165189194" OBJECTGUID="3946afb8-8949-4ba1-b693-edf3bef0c3f7" CHANGEID="600881598" NUMBER="16" OPERTYPEID="10" PREVID="0" NEXTID="0" UPDATEDATE="2024-09-11" STARTDATE="2024-09-11" ENDDATE="2079-06-06" ISACTUAL="1" ISACTIVE="1" /><STEAD ID="68689797" OBJECTID="165196241" OBJECTGUID="25461205-c373-450d-bdc5-ca8074111d00" CHANGEID="600891606" NUMBER="5" OPERTYPEID="10" PREVID="0" NEXTID="0" UPDATEDATE="2024-09-11" STARTDATE="2024-09-11" ENDDATE="2079-06-06" ISACTUAL="1" ISACTIVE="1" /><STEAD ID="68689790" OBJECTID="165196228" OBJECTGUID="f1ddc2d3-d53a-4ccf-8929-b9b1e3edd698" CHANGEID="600891318" NUMBER="22" OPERTYPEID="10" PREVID="0" NEXTID="0" UPDATEDATE="2024-09-11" STARTDATE="2024-09-11" ENDDATE="2079-06-06" ISACTUAL="1" ISACTIVE="1" /><STEAD ID="68689791" OBJECTID="165196229" OBJECTGUID="ad017177-5ea3-4bc5-8a1b-c839d604014d" CHANGEID="600891322" NUMBER="8" OPERTYPEID="10" PREVID="0" NEXTID="0" UPDATEDATE="2024-09-11" STARTDATE="2024-09-11" ENDDATE="2079-06-06" ISACTUAL="1" ISACTIVE="1" /><STEAD ID="68689814" OBJECTID="165196287" OBJECTGUID="fdaecfd2-7547-49dd-a593-980b1cf9767e" CHANGEID="600891652" NUMBER="19" OPERTYPEID="10" PREVID="0" NEXTID="0" UPDATEDATE="2024-09-11" STARTDATE="2024-09-11" ENDDATE="2079-06-06" ISACTUAL="1" ISACTIVE="1" /><STEAD ID="68691308" OBJECTID="165198839" OBJECTGUID="1152f88a-327a-4169-8579-89075a883a75" CHANGEID="600895596" NUMBER="7а" OPERTYPEID="10" PREVID="0" NEXTID="0" UPDATEDATE="2024-09-11" STARTDATE="2024-09-11" ENDDATE="2079-06-06" ISACTUAL="1" ISACTIVE="1" /><STEAD ID="68691331" OBJECTID="165198869" OBJECTGUID="06d5d922-9c89-47fd-83ca-5428c706dc59" CHANGEID="600895627" NUMBER="15" OPERTYPEID="10" PREVID="0" NEXTID="0" UPDATEDATE="2024-09-11" STARTDATE="2024-09-11" ENDDATE="2079-06-06" ISACTUAL="1" ISACTIVE="1" /><STEAD ID="68693125" OBJECTID="165203502" OBJECTGUID="3003844f-1f34-468e-be06-4b28b22cb4ec" CHANGEID="600901370" NUMBER="31" OPERTYPEID="10" PREVID="0" NEXTID="0" UPDATEDATE="2024-09-11" STARTDATE="2024-09-11" ENDDATE="2079-06-06" ISACTUAL="1" ISACTIVE="1" /><STEAD ID="68693127" OBJECTID="165203523" OBJECTGUID="52287ca5-1a8c-424e-9bc4-ebb0ce20b052" CHANGEID="600901393" NUMBER="46" OPERTYPEID="10" PREVID="0" NEXTID="0" UPDATEDATE="2024-09-11" STARTDATE="2024-09-11" ENDDATE="2079-06-06" ISACTUAL="1" ISACTIVE="1" /><STEAD ID="68693123" OBJECTID="165203497" OBJECTGUID="aa619542-f458-4947-b500-a99162f02b48" CHANGEID="600901365" NUMBER="4" OPERTYPEID="10" PREVID="0" NEXTID="0" UPDATEDATE="2024-09-11" STARTDATE="2024-09-11" ENDDATE="2079-06-06" ISACTUAL="1" ISACTIVE="1" /><STEAD ID="68697629" OBJECTID="165210582" OBJECTGUID="30e9990b-aac7-4f68-a512-f458aac98073" CHANGEID="600913428" NUMBER="2" OPERTYPEID="10" PREVID="0" NEXTID="0" UPDATEDATE="2024-09-11" STARTDATE="2024-09-11" ENDDATE="2079-06-06" ISACTUAL="1" ISACTIVE="1" /><STEAD ID="68698589" OBJECTID="165212033" OBJECTGUID="27a50e0f-20c7-4327-b9e3-8705755c70f7" CHANGEID="600915598" NUMBER="1А" OPERTYPEID="10" PREVID="0" NEXTID="0" UPDATEDATE="2024-09-11" STARTDATE="2024-09-11" ENDDATE="2079-06-06" ISACTUAL="1" ISACTIVE="1" /><STEAD ID="68699748" OBJECTID="165213673" OBJECTGUID="748c5fed-2892-4108-9606-62f620d15333" CHANGEID="600918152" NUMBER="27" OPERTYPEID="10" PREVID="0" NEXTID="0" UPDATEDATE="2024-09-11" STARTDATE="2024-09-11" ENDDATE="2079-06-06" ISACTUAL="1" ISACTIVE="1" /><STEAD ID="68699900" OBJECTID="165213854" OBJECTGUID="b72cb26c-6db9-4fec-9ffb-7223b7ad0366" CHANGEID="600918435" NUMBER="50" OPERTYPEID="10" PREVID="0" NEXTID="0" UPDATEDATE="2024-09-11" STARTDATE="2024-09-11" ENDDATE="2079-06-06" ISACTUAL="1" ISACTIVE="1" /><STEAD ID="68699973" OBJECTID="165214065" OBJECTGUID="eb8955ad-6f70-4043-9d54-52bbbf73910a" CHANGEID="600918711" NUMBER="13" OPERTYPEID="10" PREVID="0" NEXTID="0" UPDATEDATE="2024-09-11" STARTDATE="2024-09-11" ENDDATE="2079-06-06" ISACTUAL="1" ISACTIVE="1" /><STEAD ID="68702552" OBJECTID="165218031" OBJECTGUID="eadf0962-86f7-4e8b-a118-2c708b288b34" CHANGEID="600925476" NUMBER="9" OPERTYPEID="10" PREVID="0" NEXTID="0" UPDATEDATE="2024-09-11" STARTDATE="2024-09-11" ENDDATE="2079-06-06" ISACTUAL="1" ISACTIVE="1" /></STEADS>