﻿<?xml version="1.0" encoding="utf-8"?><HOUSES><HOUSE ID="6203998" OBJECTID="11590912" OBJECTGUID="77ef0636-a6f7-40ff-a4d0-98f56d044fd7" CHANGEID="18832695" HOUSENUM="24" HOUSETYPE="3" OPERTYPEID="20" PREVID="6203605" NEXTID="126747494" UPDATEDATE="2024-09-09" STARTDATE="2019-05-14" ENDDATE="2024-09-09" ISACTUAL="0" ISACTIVE="0" /><HOUSE ID="8538772" OBJECTID="15170842" OBJECTGUID="c23350b2-10ad-4f7d-9e47-cb0f5e270778" CHANGEID="24190206" HOUSENUM="25" HOUSETYPE="3" OPERTYPEID="20" PREVID="8538750" NEXTID="126754668" UPDATEDATE="2024-09-10" STARTDATE="2019-05-14" ENDDATE="2024-09-10" ISACTUAL="0" ISACTIVE="0" /><HOUSE ID="15521211" OBJECTID="26174053" OBJECTGUID="a73e520e-8050-4916-8e4c-6da49971ce95" CHANGEID="40438008" HOUSENUM="13а" HOUSETYPE="3" OPERTYPEID="20" PREVID="15521194" NEXTID="126731318" UPDATEDATE="2024-09-05" STARTDATE="2019-04-24" ENDDATE="2024-09-05" ISACTUAL="0" ISACTIVE="0" /><HOUSE ID="21721273" OBJECTID="36488632" OBJECTGUID="29f546a3-b61d-4cb9-86c8-622bc31efa16" CHANGEID="55393846" HOUSENUM="2" HOUSETYPE="3" OPERTYPEID="20" PREVID="21721270" NEXTID="126731386" UPDATEDATE="2024-09-05" STARTDATE="2019-05-14" ENDDATE="2024-09-05" ISACTUAL="0" ISACTIVE="0" /><HOUSE ID="23703529" OBJECTID="39627128" OBJECTGUID="3383f5d0-44c2-44ea-975d-1aa12c3f74f1" CHANGEID="60029251" HOUSENUM="7" HOUSETYPE="3" OPERTYPEID="10" PREVID="0" NEXTID="126738741" UPDATEDATE="2024-09-06" STARTDATE="2015-08-27" ENDDATE="2024-09-06" ISACTUAL="0" ISACTIVE="0" /><HOUSE ID="23711147" OBJECTID="39642193" OBJECTGUID="b3e93f80-ce6b-4638-bcf9-f1dc532f9dfd" CHANGEID="60049790" HOUSENUM="22" HOUSETYPE="3" OPERTYPEID="10" PREVID="0" NEXTID="126738733" UPDATEDATE="2024-09-06" STARTDATE="2015-08-27" ENDDATE="2024-09-06" ISACTUAL="0" ISACTIVE="0" /><HOUSE ID="32656514" OBJECTID="54658408" OBJECTGUID="e1ec699f-3db7-420e-b219-4c20125059f7" CHANGEID="81781086" HOUSENUM="36" HOUSETYPE="2" OPERTYPEID="10" PREVID="0" NEXTID="126752642" UPDATEDATE="2024-09-10" STARTDATE="2017-01-20" ENDDATE="2024-09-10" ISACTUAL="0" ISACTIVE="0" /><HOUSE ID="37639693" OBJECTID="62620459" OBJECTGUID="afd53c0d-38ad-4f7a-bc90-a801c924cdeb" CHANGEID="93481241" HOUSENUM="65а" HOUSETYPE="3" OPERTYPEID="20" PREVID="37639380" NEXTID="126754678" UPDATEDATE="2024-09-10" STARTDATE="2019-05-13" ENDDATE="2024-09-10" ISACTUAL="0" ISACTIVE="0" /><HOUSE ID="38318218" OBJECTID="63720999" OBJECTGUID="a576d310-ea15-4564-9592-907767523bfa" CHANGEID="95081445" HOUSENUM="36" HOUSETYPE="3" OPERTYPEID="10" PREVID="0" NEXTID="126738723" UPDATEDATE="2024-09-06" STARTDATE="2015-08-27" ENDDATE="2024-09-06" ISACTUAL="0" ISACTIVE="0" /><HOUSE ID="38319804" OBJECTID="63723231" OBJECTGUID="b390e1b0-6b8d-4a89-b64e-b71349be95ff" CHANGEID="95084938" HOUSENUM="29" HOUSETYPE="3" OPERTYPEID="10" PREVID="0" NEXTID="126738717" UPDATEDATE="2024-09-06" STARTDATE="2015-08-27" ENDDATE="2024-09-06" ISACTUAL="0" ISACTIVE="0" /><HOUSE ID="38322241" OBJECTID="63726611" OBJECTGUID="c7abbd0e-656d-498a-935b-d1f0057c0ad5" CHANGEID="95090193" HOUSENUM="22" HOUSETYPE="3" OPERTYPEID="10" PREVID="0" NEXTID="126738726" UPDATEDATE="2024-09-06" STARTDATE="2015-08-27" ENDDATE="2024-09-06" ISACTUAL="0" ISACTIVE="0" /><HOUSE ID="40877263" OBJECTID="67841915" OBJECTGUID="d9efdf46-eca9-4528-a1e2-5f21c7558cdb" CHANGEID="101138024" HOUSENUM="24" HOUSETYPE="3" OPERTYPEID="20" PREVID="40877096" NEXTID="126751043" UPDATEDATE="2024-09-10" STARTDATE="2019-04-25" ENDDATE="2024-09-10" ISACTUAL="0" ISACTIVE="0" /><HOUSE ID="40877982" OBJECTID="67843211" OBJECTGUID="f0926502-fd06-4ed6-82b5-cd3cafa5cec0" CHANGEID="101140157" HOUSENUM="27" HOUSETYPE="3" OPERTYPEID="20" PREVID="40877807" NEXTID="126751045" UPDATEDATE="2024-09-10" STARTDATE="2019-04-25" ENDDATE="2024-09-10" ISACTUAL="0" ISACTIVE="0" /><HOUSE ID="40878831" OBJECTID="67845262" OBJECTGUID="3dbae91a-45a6-4d36-b602-56fa6ccc1397" CHANGEID="101142438" HOUSENUM="29" HOUSETYPE="3" OPERTYPEID="20" PREVID="40878806" NEXTID="126751046" UPDATEDATE="2024-09-10" STARTDATE="2019-04-25" ENDDATE="2024-09-10" ISACTUAL="0" ISACTIVE="0" /><HOUSE ID="40878735" OBJECTID="67845194" OBJECTGUID="0f54a473-43f8-45c8-8eb6-4aba711cd0df" CHANGEID="101142239" HOUSENUM="30" HOUSETYPE="3" OPERTYPEID="20" PREVID="40878731" NEXTID="126751047" UPDATEDATE="2024-09-10" STARTDATE="2019-04-25" ENDDATE="2024-09-10" ISACTUAL="0" ISACTIVE="0" /><HOUSE ID="40878695" OBJECTID="67844458" OBJECTGUID="5ee475cc-a119-4970-b56a-4175f90fc1a6" CHANGEID="101142125" HOUSENUM="32" HOUSETYPE="3" OPERTYPEID="20" PREVID="40878271" NEXTID="126751048" UPDATEDATE="2024-09-10" STARTDATE="2019-04-25" ENDDATE="2024-09-10" ISACTUAL="0" ISACTIVE="0" /><HOUSE ID="40876428" OBJECTID="67840774" OBJECTGUID="61b0190e-6839-43d7-b44d-1efb2ba784ca" CHANGEID="101136295" HOUSENUM="20" HOUSETYPE="3" OPERTYPEID="20" PREVID="40876360" NEXTID="126747497" UPDATEDATE="2024-09-09" STARTDATE="2019-04-25" ENDDATE="2024-09-09" ISACTUAL="0" ISACTIVE="0" /><HOUSE ID="40875557" OBJECTID="67839387" OBJECTGUID="20feb448-ef72-4d16-9b6e-a900050d59a2" CHANGEID="101134182" HOUSENUM="26" HOUSETYPE="3" OPERTYPEID="20" PREVID="40875464" NEXTID="126751044" UPDATEDATE="2024-09-10" STARTDATE="2019-04-25" ENDDATE="2024-09-10" ISACTUAL="0" ISACTIVE="0" /><HOUSE ID="40874292" OBJECTID="67837556" OBJECTGUID="325561cc-af18-4db8-a08b-5d4d9bd36b13" CHANGEID="101131150" HOUSENUM="39" HOUSETYPE="3" OPERTYPEID="20" PREVID="40874275" NEXTID="126751050" UPDATEDATE="2024-09-10" STARTDATE="2019-04-25" ENDDATE="2024-09-10" ISACTUAL="0" ISACTIVE="0" /><HOUSE ID="40874428" OBJECTID="67837628" OBJECTGUID="3077e716-84ee-4a7b-bf87-74b07f24315a" CHANGEID="101131582" HOUSENUM="45" HOUSETYPE="3" OPERTYPEID="20" PREVID="40874308" NEXTID="126751051" UPDATEDATE="2024-09-10" STARTDATE="2019-04-25" ENDDATE="2024-09-10" ISACTUAL="0" ISACTIVE="0" /><HOUSE ID="40876861" OBJECTID="67841289" OBJECTGUID="8982ff15-d84f-448d-88f7-2418eccc66e2" CHANGEID="101137205" HOUSENUM="51" HOUSETYPE="3" OPERTYPEID="20" PREVID="40876645" NEXTID="126754621" UPDATEDATE="2024-09-10" STARTDATE="2019-04-25" ENDDATE="2024-09-10" ISACTUAL="0" ISACTIVE="0" /><HOUSE ID="40874265" OBJECTID="67837200" OBJECTGUID="d924a939-9e3f-4e6a-ba51-5a1f9473cd8a" CHANGEID="101131082" HOUSENUM="52" HOUSETYPE="3" OPERTYPEID="20" PREVID="40874047" NEXTID="126754636" UPDATEDATE="2024-09-10" STARTDATE="2019-04-25" ENDDATE="2024-09-10" ISACTUAL="0" ISACTIVE="0" /><HOUSE ID="42579162" OBJECTID="70577331" OBJECTGUID="6eb28fa5-d611-4200-a2fa-03c100986eb1" CHANGEID="105160878" HOUSENUM="1" HOUSETYPE="3" OPERTYPEID="20" PREVID="42579159" NEXTID="126731337" UPDATEDATE="2024-09-05" STARTDATE="2019-05-13" ENDDATE="2024-09-05" ISACTUAL="0" ISACTIVE="0" /><HOUSE ID="42579985" OBJECTID="70578548" OBJECTGUID="2c26638f-61b4-4b2a-a26a-32ea87c99841" CHANGEID="105162626" HOUSENUM="2" HOUSETYPE="3" OPERTYPEID="20" PREVID="42579983" NEXTID="126731369" UPDATEDATE="2024-09-05" STARTDATE="2019-05-13" ENDDATE="2024-09-05" ISACTUAL="0" ISACTIVE="0" /><HOUSE ID="42580349" OBJECTID="70578885" OBJECTGUID="a5bb778e-81e8-4f84-8976-ab1807a7369b" CHANGEID="105163383" HOUSENUM="7" HOUSETYPE="3" OPERTYPEID="20" PREVID="42580301" NEXTID="126746665" UPDATEDATE="2024-09-09" STARTDATE="2019-05-13" ENDDATE="2024-09-09" ISACTUAL="0" ISACTIVE="0" /><HOUSE ID="42580650" OBJECTID="70579388" OBJECTGUID="3567aa71-f725-4e3d-907e-e09bf525ea1a" CHANGEID="105163849" HOUSENUM="6" HOUSETYPE="3" OPERTYPEID="20" PREVID="42580644" NEXTID="126746655" UPDATEDATE="2024-09-09" STARTDATE="2019-05-13" ENDDATE="2024-09-09" ISACTUAL="0" ISACTIVE="0" /><HOUSE ID="43809233" OBJECTID="72588375" OBJECTGUID="13b4341b-29f2-4a40-9098-b9c7a82f9d56" CHANGEID="108092452" HOUSENUM="26" HOUSETYPE="3" OPERTYPEID="20" PREVID="43809082" NEXTID="126733431" UPDATEDATE="2024-09-06" STARTDATE="2019-04-26" ENDDATE="2024-09-06" ISACTUAL="0" ISACTIVE="0" /><HOUSE ID="43922961" OBJECTID="72764726" OBJECTGUID="c59fde89-ab04-4ef2-902d-abc83f3539ea" CHANGEID="108352589" HOUSENUM="18" HOUSETYPE="3" OPERTYPEID="20" PREVID="43922947" NEXTID="126730479" UPDATEDATE="2024-09-05" STARTDATE="2019-05-20" ENDDATE="2024-09-05" ISACTUAL="0" ISACTIVE="0" /><HOUSE ID="43922555" OBJECTID="72764021" OBJECTGUID="556d3f75-5983-4d19-918a-74f0f97ea17d" CHANGEID="108351776" HOUSENUM="100" HOUSETYPE="3" OPERTYPEID="20" PREVID="43922331" NEXTID="126731293" UPDATEDATE="2024-09-05" STARTDATE="2019-05-20" ENDDATE="2024-09-05" ISACTUAL="0" ISACTIVE="0" /><HOUSE ID="43923953" OBJECTID="72765616" OBJECTGUID="76db21a5-9228-4b23-a87f-1806084ad255" CHANGEID="108354541" HOUSENUM="30" HOUSETYPE="3" OPERTYPEID="20" PREVID="43923726" NEXTID="126731196" UPDATEDATE="2024-09-05" STARTDATE="2019-05-20" ENDDATE="2024-09-05" ISACTUAL="0" ISACTIVE="0" /><HOUSE ID="43930227" OBJECTID="72777069" OBJECTGUID="a15caa92-f66d-4a50-b832-d7752c9fbab5" CHANGEID="108370250" HOUSENUM="27" HOUSETYPE="3" OPERTYPEID="20" PREVID="43930193" NEXTID="126731189" UPDATEDATE="2024-09-05" STARTDATE="2019-05-20" ENDDATE="2024-09-05" ISACTUAL="0" ISACTIVE="0" /><HOUSE ID="43930477" OBJECTID="72777264" OBJECTGUID="37d682aa-6f43-4d3c-a9fa-e774a0ff7fd2" CHANGEID="108370697" HOUSENUM="88" HOUSETYPE="3" OPERTYPEID="20" PREVID="43930374" NEXTID="126731246" UPDATEDATE="2024-09-05" STARTDATE="2019-05-20" ENDDATE="2024-09-05" ISACTUAL="0" ISACTIVE="0" /><HOUSE ID="43931222" OBJECTID="72778638" OBJECTGUID="46985700-b4dd-4a4f-ad59-2c7812d6668c" CHANGEID="108372664" HOUSENUM="1" HOUSETYPE="3" OPERTYPEID="20" PREVID="43931018" NEXTID="126728409" UPDATEDATE="2024-09-05" STARTDATE="2019-05-20" ENDDATE="2024-09-05" ISACTUAL="0" ISACTIVE="0" /><HOUSE ID="43931629" OBJECTID="72779020" OBJECTGUID="dcb932d0-5c43-4bc2-be34-3bc4c9a8e2f2" CHANGEID="108373432" HOUSENUM="129" HOUSETYPE="3" OPERTYPEID="20" PREVID="43931312" NEXTID="126731308" UPDATEDATE="2024-09-05" STARTDATE="2019-05-20" ENDDATE="2024-09-05" ISACTUAL="0" ISACTIVE="0" /><HOUSE ID="43933648" OBJECTID="72781898" OBJECTGUID="24a92991-0f33-48bd-8d34-19f1563af169" CHANGEID="108377599" HOUSENUM="41" HOUSETYPE="3" OPERTYPEID="20" PREVID="43933458" NEXTID="126731212" UPDATEDATE="2024-09-05" STARTDATE="2019-05-20" ENDDATE="2024-09-05" ISACTUAL="0" ISACTIVE="0" /><HOUSE ID="43932658" OBJECTID="72780515" OBJECTGUID="b0bb4ece-692a-4725-a5f9-abad94d5e6b8" CHANGEID="108375557" HOUSENUM="57" HOUSETYPE="3" OPERTYPEID="20" PREVID="43932431" NEXTID="126731227" UPDATEDATE="2024-09-05" STARTDATE="2019-05-20" ENDDATE="2024-09-05" ISACTUAL="0" ISACTIVE="0" /><HOUSE ID="43933811" OBJECTID="72782526" OBJECTGUID="83db1388-2e6d-491c-bdca-cb49c16e2b35" CHANGEID="108378197" HOUSENUM="87" HOUSETYPE="3" OPERTYPEID="10" PREVID="0" NEXTID="126731231" UPDATEDATE="2024-09-05" STARTDATE="2019-03-04" ENDDATE="2024-09-05" ISACTUAL="0" ISACTIVE="0" /><HOUSE ID="45169642" OBJECTID="74820145" OBJECTGUID="d08446b7-53c6-457b-bde7-500105d17aca" CHANGEID="111334388" HOUSENUM="2" HOUSETYPE="3" OPERTYPEID="20" PREVID="45169483" NEXTID="126725705" UPDATEDATE="2024-09-05" STARTDATE="2019-04-26" ENDDATE="2024-09-05" ISACTUAL="0" ISACTIVE="0" /><HOUSE ID="45169771" OBJECTID="74820466" OBJECTGUID="eefa2fab-89e3-4141-90b5-506d7cc27527" CHANGEID="111334694" HOUSENUM="9" HOUSETYPE="3" OPERTYPEID="20" PREVID="45169717" NEXTID="126725713" UPDATEDATE="2024-09-05" STARTDATE="2019-04-26" ENDDATE="2024-09-05" ISACTUAL="0" ISACTIVE="0" /><HOUSE ID="50382833" OBJECTID="83247868" OBJECTGUID="4cb66e19-0a1c-463b-b0ff-e82bf159bc03" CHANGEID="123661403" HOUSENUM="75" HOUSETYPE="3" OPERTYPEID="20" PREVID="50382746" NEXTID="126754639" UPDATEDATE="2024-09-10" STARTDATE="2019-04-02" ENDDATE="2024-09-10" ISACTUAL="0" ISACTIVE="0" /><HOUSE ID="45168328" OBJECTID="74818165" OBJECTGUID="bf14e74a-57b7-4e70-af12-1b70fdd70c41" CHANGEID="111331342" HOUSENUM="1а" HOUSETYPE="3" OPERTYPEID="20" PREVID="45168261" NEXTID="126725704" UPDATEDATE="2024-09-05" STARTDATE="2019-04-26" ENDDATE="2024-09-05" ISACTUAL="0" ISACTIVE="0" /><HOUSE ID="126725704" OBJECTID="74818165" OBJECTGUID="bf14e74a-57b7-4e70-af12-1b70fdd70c41" CHANGEID="600515453" HOUSENUM="1а" HOUSETYPE="2" OPERTYPEID="20" PREVID="45168328" UPDATEDATE="2024-09-05" STARTDATE="2024-09-05" ENDDATE="2079-06-06" ISACTUAL="1" ISACTIVE="1" /><HOUSE ID="126725705" OBJECTID="74820145" OBJECTGUID="d08446b7-53c6-457b-bde7-500105d17aca" CHANGEID="600515455" HOUSENUM="2" HOUSETYPE="2" OPERTYPEID="20" PREVID="45169642" UPDATEDATE="2024-09-05" STARTDATE="2024-09-05" ENDDATE="2079-06-06" ISACTUAL="1" ISACTIVE="1" /><HOUSE ID="45168016" OBJECTID="74817875" OBJECTGUID="fc32af73-5188-4ed1-8fa1-0d757439845f" CHANGEID="111330689" HOUSENUM="3" HOUSETYPE="3" OPERTYPEID="20" PREVID="45168009" NEXTID="126725706" UPDATEDATE="2024-09-05" STARTDATE="2019-04-26" ENDDATE="2024-09-05" ISACTUAL="0" ISACTIVE="0" /><HOUSE ID="126725706" OBJECTID="74817875" OBJECTGUID="fc32af73-5188-4ed1-8fa1-0d757439845f" CHANGEID="600515457" HOUSENUM="3" HOUSETYPE="2" OPERTYPEID="20" PREVID="45168016" UPDATEDATE="2024-09-05" STARTDATE="2024-09-05" ENDDATE="2079-06-06" ISACTUAL="1" ISACTIVE="1" /><HOUSE ID="44886511" OBJECTID="74350787" OBJECTGUID="b28f2852-cfe2-462e-b497-eb98ec3c8f25" CHANGEID="110655465" HOUSENUM="4" HOUSETYPE="3" OPERTYPEID="20" PREVID="44886237" NEXTID="126725707" UPDATEDATE="2024-09-05" STARTDATE="2019-04-26" ENDDATE="2024-09-05" ISACTUAL="0" ISACTIVE="0" /><HOUSE ID="126725707" OBJECTID="74350787" OBJECTGUID="b28f2852-cfe2-462e-b497-eb98ec3c8f25" CHANGEID="600515459" HOUSENUM="4" HOUSETYPE="2" OPERTYPEID="20" PREVID="44886511" UPDATEDATE="2024-09-05" STARTDATE="2024-09-05" ENDDATE="2079-06-06" ISACTUAL="1" ISACTIVE="1" /><HOUSE ID="45170892" OBJECTID="74822101" OBJECTGUID="82811b76-ec90-4fb8-bb9a-5f97bc110be5" CHANGEID="111337113" HOUSENUM="8" HOUSETYPE="3" OPERTYPEID="20" PREVID="45170887" NEXTID="126725711" UPDATEDATE="2024-09-05" STARTDATE="2019-04-26" ENDDATE="2024-09-05" ISACTUAL="0" ISACTIVE="0" /><HOUSE ID="126725711" OBJECTID="74822101" OBJECTGUID="82811b76-ec90-4fb8-bb9a-5f97bc110be5" CHANGEID="600515467" HOUSENUM="8" HOUSETYPE="2" OPERTYPEID="20" PREVID="45170892" UPDATEDATE="2024-09-05" STARTDATE="2024-09-05" ENDDATE="2079-06-06" ISACTUAL="1" ISACTIVE="1" /><HOUSE ID="45171036" OBJECTID="74822299" OBJECTGUID="bbde6d4b-6a73-492e-8c58-7af77aaa03df" CHANGEID="111337385" HOUSENUM="15" HOUSETYPE="3" OPERTYPEID="20" PREVID="45171022" NEXTID="126725725" UPDATEDATE="2024-09-05" STARTDATE="2019-04-26" ENDDATE="2024-09-05" ISACTUAL="0" ISACTIVE="0" /><HOUSE ID="126725725" OBJECTID="74822299" OBJECTGUID="bbde6d4b-6a73-492e-8c58-7af77aaa03df" CHANGEID="600515504" HOUSENUM="15" HOUSETYPE="2" OPERTYPEID="20" PREVID="45171036" UPDATEDATE="2024-09-05" STARTDATE="2024-09-05" ENDDATE="2079-06-06" ISACTUAL="1" ISACTIVE="1" /><HOUSE ID="45168704" OBJECTID="74818870" OBJECTGUID="10ad7291-fb30-40bb-ac97-3429ff373118" CHANGEID="111332265" HOUSENUM="1" HOUSETYPE="3" OPERTYPEID="20" PREVID="45168690" NEXTID="126725703" UPDATEDATE="2024-09-05" STARTDATE="2019-04-26" ENDDATE="2024-09-05" ISACTUAL="0" ISACTIVE="0" /><HOUSE ID="126725703" OBJECTID="74818870" OBJECTGUID="10ad7291-fb30-40bb-ac97-3429ff373118" CHANGEID="600515450" HOUSENUM="1" HOUSETYPE="2" OPERTYPEID="20" PREVID="45168704" UPDATEDATE="2024-09-05" STARTDATE="2024-09-05" ENDDATE="2079-06-06" ISACTUAL="1" ISACTIVE="1" /><HOUSE ID="44886932" OBJECTID="74351341" OBJECTGUID="66b73437-0a50-4a2b-82c9-f588a4b59808" CHANGEID="110656354" HOUSENUM="5" HOUSETYPE="3" OPERTYPEID="20" PREVID="44886619" NEXTID="126725708" UPDATEDATE="2024-09-05" STARTDATE="2019-04-26" ENDDATE="2024-09-05" ISACTUAL="0" ISACTIVE="0" /><HOUSE ID="126725708" OBJECTID="74351341" OBJECTGUID="66b73437-0a50-4a2b-82c9-f588a4b59808" CHANGEID="600515460" HOUSENUM="5" HOUSETYPE="2" OPERTYPEID="20" PREVID="44886932" UPDATEDATE="2024-09-05" STARTDATE="2024-09-05" ENDDATE="2079-06-06" ISACTUAL="1" ISACTIVE="1" /><HOUSE ID="45170018" OBJECTID="74820697" OBJECTGUID="f09cffc5-0f11-46d3-8116-508c83d3b138" CHANGEID="111335181" HOUSENUM="6" HOUSETYPE="3" OPERTYPEID="20" PREVID="45169855" NEXTID="126725709" UPDATEDATE="2024-09-05" STARTDATE="2019-04-26" ENDDATE="2024-09-05" ISACTUAL="0" ISACTIVE="0" /><HOUSE ID="126725709" OBJECTID="74820697" OBJECTGUID="f09cffc5-0f11-46d3-8116-508c83d3b138" CHANGEID="600515462" HOUSENUM="6" HOUSETYPE="2" OPERTYPEID="20" PREVID="45170018" UPDATEDATE="2024-09-05" STARTDATE="2024-09-05" ENDDATE="2079-06-06" ISACTUAL="1" ISACTIVE="1" /><HOUSE ID="44885766" OBJECTID="74350008" OBJECTGUID="34f02b27-4fd2-4e42-a9c5-e1a0c8011f9f" CHANGEID="110653773" HOUSENUM="7" HOUSETYPE="3" OPERTYPEID="20" PREVID="44885756" NEXTID="126725710" UPDATEDATE="2024-09-05" STARTDATE="2019-04-26" ENDDATE="2024-09-05" ISACTUAL="0" ISACTIVE="0" /><HOUSE ID="126725710" OBJECTID="74350008" OBJECTGUID="34f02b27-4fd2-4e42-a9c5-e1a0c8011f9f" CHANGEID="600515464" HOUSENUM="7" HOUSETYPE="2" OPERTYPEID="20" PREVID="44885766" UPDATEDATE="2024-09-05" STARTDATE="2024-09-05" ENDDATE="2079-06-06" ISACTUAL="1" ISACTIVE="1" /><HOUSE ID="126725713" OBJECTID="74820466" OBJECTGUID="eefa2fab-89e3-4141-90b5-506d7cc27527" CHANGEID="600515470" HOUSENUM="9" HOUSETYPE="2" OPERTYPEID="20" PREVID="45169771" UPDATEDATE="2024-09-05" STARTDATE="2024-09-05" ENDDATE="2079-06-06" ISACTUAL="1" ISACTIVE="1" /><HOUSE ID="45171784" OBJECTID="74822976" OBJECTGUID="96a6926c-db3c-4669-8ca5-911fd189ccef" CHANGEID="111339016" HOUSENUM="10" HOUSETYPE="3" OPERTYPEID="20" PREVID="45171525" NEXTID="126725716" UPDATEDATE="2024-09-05" STARTDATE="2019-04-26" ENDDATE="2024-09-05" ISACTUAL="0" ISACTIVE="0" /><HOUSE ID="126725716" OBJECTID="74822976" OBJECTGUID="96a6926c-db3c-4669-8ca5-911fd189ccef" CHANGEID="600515474" HOUSENUM="10" HOUSETYPE="2" OPERTYPEID="20" PREVID="45171784" UPDATEDATE="2024-09-05" STARTDATE="2024-09-05" ENDDATE="2079-06-06" ISACTUAL="1" ISACTIVE="1" /><HOUSE ID="45168988" OBJECTID="74818990" OBJECTGUID="ba9fd4c8-2515-40a6-a37a-399844a067a1" CHANGEID="111332847" HOUSENUM="11" HOUSETYPE="3" OPERTYPEID="20" PREVID="45168802" NEXTID="126725718" UPDATEDATE="2024-09-05" STARTDATE="2019-04-26" ENDDATE="2024-09-05" ISACTUAL="0" ISACTIVE="0" /><HOUSE ID="126725718" OBJECTID="74818990" OBJECTGUID="ba9fd4c8-2515-40a6-a37a-399844a067a1" CHANGEID="600515482" HOUSENUM="11" HOUSETYPE="2" OPERTYPEID="20" PREVID="45168988" UPDATEDATE="2024-09-05" STARTDATE="2024-09-05" ENDDATE="2079-06-06" ISACTUAL="1" ISACTIVE="1" /><HOUSE ID="45172952" OBJECTID="74824594" OBJECTGUID="16a3cdf5-ae0d-4ed8-b1bb-ae751ec22102" CHANGEID="111341497" HOUSENUM="12" HOUSETYPE="3" OPERTYPEID="20" PREVID="45172647" NEXTID="126725720" UPDATEDATE="2024-09-05" STARTDATE="2019-04-26" ENDDATE="2024-09-05" ISACTUAL="0" ISACTIVE="0" /><HOUSE ID="126725720" OBJECTID="74824594" OBJECTGUID="16a3cdf5-ae0d-4ed8-b1bb-ae751ec22102" CHANGEID="600515488" HOUSENUM="12" HOUSETYPE="2" OPERTYPEID="20" PREVID="45172952" UPDATEDATE="2024-09-05" STARTDATE="2024-09-05" ENDDATE="2079-06-06" ISACTUAL="1" ISACTIVE="1" /><HOUSE ID="45171299" OBJECTID="74822494" OBJECTGUID="43c3fced-8f72-49b8-869f-7d0099c0a35e" CHANGEID="111337887" HOUSENUM="13" HOUSETYPE="3" OPERTYPEID="20" PREVID="45171240" NEXTID="126725721" UPDATEDATE="2024-09-05" STARTDATE="2019-04-26" ENDDATE="2024-09-05" ISACTUAL="0" ISACTIVE="0" /><HOUSE ID="126725721" OBJECTID="74822494" OBJECTGUID="43c3fced-8f72-49b8-869f-7d0099c0a35e" CHANGEID="600515495" HOUSENUM="13" HOUSETYPE="2" OPERTYPEID="20" PREVID="45171299" UPDATEDATE="2024-09-05" STARTDATE="2024-09-05" ENDDATE="2079-06-06" ISACTUAL="1" ISACTIVE="1" /><HOUSE ID="45172096" OBJECTID="74823784" OBJECTGUID="879ef3f7-8fdb-48d4-b47f-916b752f0d43" CHANGEID="111339709" HOUSENUM="14" HOUSETYPE="3" OPERTYPEID="20" PREVID="45172076" NEXTID="126725723" UPDATEDATE="2024-09-05" STARTDATE="2019-04-26" ENDDATE="2024-09-05" ISACTUAL="0" ISACTIVE="0" /><HOUSE ID="126725723" OBJECTID="74823784" OBJECTGUID="879ef3f7-8fdb-48d4-b47f-916b752f0d43" CHANGEID="600515499" HOUSENUM="14" HOUSETYPE="2" OPERTYPEID="20" PREVID="45172096" UPDATEDATE="2024-09-05" STARTDATE="2024-09-05" ENDDATE="2079-06-06" ISACTUAL="1" ISACTIVE="1" /><HOUSE ID="45169444" OBJECTID="74819835" OBJECTGUID="e99eb60c-f6dc-412a-8479-40db9533af28" CHANGEID="111334027" HOUSENUM="16" HOUSETYPE="3" OPERTYPEID="20" PREVID="45169262" NEXTID="126725730" UPDATEDATE="2024-09-05" STARTDATE="2019-04-26" ENDDATE="2024-09-05" ISACTUAL="0" ISACTIVE="0" /><HOUSE ID="126725730" OBJECTID="74819835" OBJECTGUID="e99eb60c-f6dc-412a-8479-40db9533af28" CHANGEID="600515517" HOUSENUM="16" HOUSETYPE="2" OPERTYPEID="20" PREVID="45169444" UPDATEDATE="2024-09-05" STARTDATE="2024-09-05" ENDDATE="2079-06-06" ISACTUAL="1" ISACTIVE="1" /><HOUSE ID="45168481" OBJECTID="74818507" OBJECTGUID="2b742437-c5a4-4539-820e-318129143ba7" CHANGEID="111331715" HOUSENUM="19" HOUSETYPE="3" OPERTYPEID="20" PREVID="45168471" NEXTID="126725735" UPDATEDATE="2024-09-05" STARTDATE="2019-04-26" ENDDATE="2024-09-05" ISACTUAL="0" ISACTIVE="0" /><HOUSE ID="126725735" OBJECTID="74818507" OBJECTGUID="2b742437-c5a4-4539-820e-318129143ba7" CHANGEID="600515527" HOUSENUM="19" HOUSETYPE="2" OPERTYPEID="20" PREVID="45168481" UPDATEDATE="2024-09-05" STARTDATE="2024-09-05" ENDDATE="2079-06-06" ISACTUAL="1" ISACTIVE="1" /><HOUSE ID="45172410" OBJECTID="74823930" OBJECTGUID="a5d20399-b23d-4443-afc4-ac203883c38f" CHANGEID="111340312" HOUSENUM="20" HOUSETYPE="3" OPERTYPEID="20" PREVID="45172181" NEXTID="126725736" UPDATEDATE="2024-09-05" STARTDATE="2019-04-26" ENDDATE="2024-09-05" ISACTUAL="0" ISACTIVE="0" /><HOUSE ID="126725736" OBJECTID="74823930" OBJECTGUID="a5d20399-b23d-4443-afc4-ac203883c38f" CHANGEID="600515529" HOUSENUM="20" HOUSETYPE="2" OPERTYPEID="20" PREVID="45172410" UPDATEDATE="2024-09-05" STARTDATE="2024-09-05" ENDDATE="2079-06-06" ISACTUAL="1" ISACTIVE="1" /><HOUSE ID="45167850" OBJECTID="74817516" OBJECTGUID="ad80a29a-730e-4045-b1cd-642ee9e0fde4" CHANGEID="111330349" HOUSENUM="17" HOUSETYPE="3" OPERTYPEID="20" PREVID="45167697" NEXTID="126725732" UPDATEDATE="2024-09-05" STARTDATE="2019-04-26" ENDDATE="2024-09-05" ISACTUAL="0" ISACTIVE="0" /><HOUSE ID="126725732" OBJECTID="74817516" OBJECTGUID="ad80a29a-730e-4045-b1cd-642ee9e0fde4" CHANGEID="600515520" HOUSENUM="17" HOUSETYPE="2" OPERTYPEID="20" PREVID="45167850" UPDATEDATE="2024-09-05" STARTDATE="2024-09-05" ENDDATE="2079-06-06" ISACTUAL="1" ISACTIVE="1" /><HOUSE ID="45173913" OBJECTID="74826354" OBJECTGUID="02ffeda1-d893-41e7-bb02-de59b02768d4" CHANGEID="111343694" HOUSENUM="18" HOUSETYPE="3" OPERTYPEID="20" PREVID="45173855" NEXTID="126725734" UPDATEDATE="2024-09-05" STARTDATE="2019-04-26" ENDDATE="2024-09-05" ISACTUAL="0" ISACTIVE="0" /><HOUSE ID="126725734" OBJECTID="74826354" OBJECTGUID="02ffeda1-d893-41e7-bb02-de59b02768d4" CHANGEID="600515524" HOUSENUM="18" HOUSETYPE="2" OPERTYPEID="20" PREVID="45173913" UPDATEDATE="2024-09-05" STARTDATE="2024-09-05" ENDDATE="2079-06-06" ISACTUAL="1" ISACTIVE="1" /><HOUSE ID="45170605" OBJECTID="74821527" OBJECTGUID="f39669be-2a75-486f-88a8-5cf5582685dd" CHANGEID="111336536" HOUSENUM="21" HOUSETYPE="3" OPERTYPEID="20" PREVID="45170472" NEXTID="126725737" UPDATEDATE="2024-09-05" STARTDATE="2019-04-26" ENDDATE="2024-09-05" ISACTUAL="0" ISACTIVE="0" /><HOUSE ID="126725737" OBJECTID="74821527" OBJECTGUID="f39669be-2a75-486f-88a8-5cf5582685dd" CHANGEID="600515532" HOUSENUM="21" HOUSETYPE="2" OPERTYPEID="20" PREVID="45170605" UPDATEDATE="2024-09-05" STARTDATE="2024-09-05" ENDDATE="2079-06-06" ISACTUAL="1" ISACTIVE="1" /><HOUSE ID="45168044" OBJECTID="74817904" OBJECTGUID="35b13acf-1ce8-4d98-98f3-15795b3743b6" CHANGEID="111330755" HOUSENUM="22" HOUSETYPE="3" OPERTYPEID="20" PREVID="45168036" NEXTID="126725738" UPDATEDATE="2024-09-05" STARTDATE="2019-04-26" ENDDATE="2024-09-05" ISACTUAL="0" ISACTIVE="0" /><HOUSE ID="126725738" OBJECTID="74817904" OBJECTGUID="35b13acf-1ce8-4d98-98f3-15795b3743b6" CHANGEID="600515535" HOUSENUM="22" HOUSETYPE="2" OPERTYPEID="20" PREVID="45168044" UPDATEDATE="2024-09-05" STARTDATE="2024-09-05" ENDDATE="2079-06-06" ISACTUAL="1" ISACTIVE="1" /><HOUSE ID="45170185" OBJECTID="74821092" OBJECTGUID="01de7529-da37-4931-80e4-56127fa5b921" CHANGEID="111335638" HOUSENUM="23" HOUSETYPE="3" OPERTYPEID="20" PREVID="45170159" NEXTID="126725739" UPDATEDATE="2024-09-05" STARTDATE="2019-04-26" ENDDATE="2024-09-05" ISACTUAL="0" ISACTIVE="0" /><HOUSE ID="126725739" OBJECTID="74821092" OBJECTGUID="01de7529-da37-4931-80e4-56127fa5b921" CHANGEID="600515538" HOUSENUM="23" HOUSETYPE="2" OPERTYPEID="20" PREVID="45170185" UPDATEDATE="2024-09-05" STARTDATE="2024-09-05" ENDDATE="2079-06-06" ISACTUAL="1" ISACTIVE="1" /><HOUSE ID="45173599" OBJECTID="74825256" OBJECTGUID="198cbe45-af7a-454a-ab0c-cbcac1f3fc4c" CHANGEID="111343037" HOUSENUM="24" HOUSETYPE="3" OPERTYPEID="20" PREVID="45173189" NEXTID="126725740" UPDATEDATE="2024-09-05" STARTDATE="2019-04-26" ENDDATE="2024-09-05" ISACTUAL="0" ISACTIVE="0" /><HOUSE ID="126725740" OBJECTID="74825256" OBJECTGUID="198cbe45-af7a-454a-ab0c-cbcac1f3fc4c" CHANGEID="600515541" HOUSENUM="24" HOUSETYPE="2" OPERTYPEID="20" PREVID="45173599" UPDATEDATE="2024-09-05" STARTDATE="2024-09-05" ENDDATE="2079-06-06" ISACTUAL="1" ISACTIVE="1" /><HOUSE ID="45167940" OBJECTID="74817794" OBJECTGUID="96ae398e-10a5-40a1-b53c-033bd50ecd4b" CHANGEID="111330571" HOUSENUM="25" HOUSETYPE="3" OPERTYPEID="20" PREVID="45167932" NEXTID="126725742" UPDATEDATE="2024-09-05" STARTDATE="2019-04-26" ENDDATE="2024-09-05" ISACTUAL="0" ISACTIVE="0" /><HOUSE ID="126725742" OBJECTID="74817794" OBJECTGUID="96ae398e-10a5-40a1-b53c-033bd50ecd4b" CHANGEID="600515546" HOUSENUM="25" HOUSETYPE="2" OPERTYPEID="20" PREVID="45167940" UPDATEDATE="2024-09-05" STARTDATE="2024-09-05" ENDDATE="2079-06-06" ISACTUAL="1" ISACTIVE="1" /><HOUSE ID="45168370" OBJECTID="74818355" OBJECTGUID="2f0b2961-7eed-4700-812b-296b68a28a35" CHANGEID="111331478" HOUSENUM="26" HOUSETYPE="3" OPERTYPEID="20" PREVID="45168363" NEXTID="126725743" UPDATEDATE="2024-09-05" STARTDATE="2019-04-26" ENDDATE="2024-09-05" ISACTUAL="0" ISACTIVE="0" /><HOUSE ID="126725743" OBJECTID="74818355" OBJECTGUID="2f0b2961-7eed-4700-812b-296b68a28a35" CHANGEID="600515550" HOUSENUM="26" HOUSETYPE="2" OPERTYPEID="20" PREVID="45168370" UPDATEDATE="2024-09-05" STARTDATE="2024-09-05" ENDDATE="2079-06-06" ISACTUAL="1" ISACTIVE="1" /><HOUSE ID="44887124" OBJECTID="74351790" OBJECTGUID="602f4fbd-ca5e-47bf-a94d-dafd2f876a3a" CHANGEID="110656700" HOUSENUM="28" HOUSETYPE="3" OPERTYPEID="20" PREVID="44887006" NEXTID="126725744" UPDATEDATE="2024-09-05" STARTDATE="2019-04-26" ENDDATE="2024-09-05" ISACTUAL="0" ISACTIVE="0" /><HOUSE ID="126725744" OBJECTID="74351790" OBJECTGUID="602f4fbd-ca5e-47bf-a94d-dafd2f876a3a" CHANGEID="600515554" HOUSENUM="28" HOUSETYPE="2" OPERTYPEID="20" PREVID="44887124" UPDATEDATE="2024-09-05" STARTDATE="2024-09-05" ENDDATE="2079-06-06" ISACTUAL="1" ISACTIVE="1" /><HOUSE ID="43923199" OBJECTID="72764876" OBJECTGUID="32822df6-edfc-4cd2-937f-868cf21c43b9" CHANGEID="108353057" HOUSENUM="91" HOUSETYPE="3" OPERTYPEID="20" PREVID="43923080" NEXTID="126725967" UPDATEDATE="2024-09-05" STARTDATE="2019-05-20" ENDDATE="2024-09-05" ISACTUAL="0" ISACTIVE="0" /><HOUSE ID="126725967" OBJECTID="72764876" OBJECTGUID="32822df6-edfc-4cd2-937f-868cf21c43b9" CHANGEID="600518341" HOUSENUM="91" HOUSETYPE="2" OPERTYPEID="20" PREVID="43923199" UPDATEDATE="2024-09-05" STARTDATE="2024-09-05" ENDDATE="2079-06-06" ISACTUAL="1" ISACTIVE="1" /><HOUSE ID="42580603" OBJECTID="70579322" OBJECTGUID="099b1097-7527-47d8-b4de-af7ed6e4c102" CHANGEID="105163784" HOUSENUM="4" HOUSETYPE="3" OPERTYPEID="20" PREVID="42580600" NEXTID="126726864" UPDATEDATE="2024-09-05" STARTDATE="2019-05-13" ENDDATE="2024-09-05" ISACTUAL="0" ISACTIVE="0" /><HOUSE ID="126726864" OBJECTID="70579322" OBJECTGUID="099b1097-7527-47d8-b4de-af7ed6e4c102" CHANGEID="600524617" HOUSENUM="4" HOUSETYPE="2" OPERTYPEID="20" PREVID="42580603" UPDATEDATE="2024-09-05" STARTDATE="2024-09-05" ENDDATE="2079-06-06" ISACTUAL="1" ISACTIVE="1" /><HOUSE ID="42579638" OBJECTID="70577949" OBJECTGUID="43d66a29-ca31-4443-9b30-139e865342aa" CHANGEID="105161869" HOUSENUM="8" HOUSETYPE="3" OPERTYPEID="20" PREVID="42579598" NEXTID="126726912" UPDATEDATE="2024-09-05" STARTDATE="2019-05-13" ENDDATE="2024-09-05" ISACTUAL="0" ISACTIVE="0" /><HOUSE ID="126726912" OBJECTID="70577949" OBJECTGUID="43d66a29-ca31-4443-9b30-139e865342aa" CHANGEID="600524888" HOUSENUM="8" HOUSETYPE="2" OPERTYPEID="20" PREVID="42579638" UPDATEDATE="2024-09-05" STARTDATE="2024-09-05" ENDDATE="2079-06-06" ISACTUAL="1" ISACTIVE="1" /><HOUSE ID="42580631" OBJECTID="70579376" OBJECTGUID="aeb9ce19-9ede-4463-a4af-cf17743d0e0b" CHANGEID="105163823" HOUSENUM="5" HOUSETYPE="3" OPERTYPEID="20" PREVID="42580625" NEXTID="126726869" UPDATEDATE="2024-09-05" STARTDATE="2019-05-13" ENDDATE="2024-09-05" ISACTUAL="0" ISACTIVE="0" /><HOUSE ID="126726869" OBJECTID="70579376" OBJECTGUID="aeb9ce19-9ede-4463-a4af-cf17743d0e0b" CHANGEID="600524678" HOUSENUM="5" HOUSETYPE="2" OPERTYPEID="20" PREVID="42580631" UPDATEDATE="2024-09-05" STARTDATE="2024-09-05" ENDDATE="2079-06-06" ISACTUAL="1" ISACTIVE="1" /><HOUSE ID="21721116" OBJECTID="36488472" OBJECTGUID="a1f6f8b0-a6e8-4b63-9c1f-54b414645147" CHANGEID="55393535" HOUSENUM="3" HOUSETYPE="3" OPERTYPEID="20" PREVID="21721112" NEXTID="126727392" UPDATEDATE="2024-09-05" STARTDATE="2019-05-14" ENDDATE="2024-09-05" ISACTUAL="0" ISACTIVE="0" /><HOUSE ID="126727392" OBJECTID="36488472" OBJECTGUID="a1f6f8b0-a6e8-4b63-9c1f-54b414645147" CHANGEID="600527403" HOUSENUM="3" HOUSETYPE="2" OPERTYPEID="20" PREVID="21721116" UPDATEDATE="2024-09-05" STARTDATE="2024-09-05" ENDDATE="2079-06-06" ISACTUAL="1" ISACTIVE="1" /><HOUSE ID="126727495" OBJECTID="165070775" OBJECTGUID="2bd1d8ec-0b90-41b5-8aa6-e85fd14b6cbe" CHANGEID="600528358" HOUSENUM="41" HOUSETYPE="2" OPERTYPEID="10" PREVID="0" NEXTID="0" UPDATEDATE="2024-09-05" STARTDATE="2024-09-05" ENDDATE="2079-06-06" ISACTUAL="1" ISACTIVE="1" /><HOUSE ID="126728409" OBJECTID="72778638" OBJECTGUID="46985700-b4dd-4a4f-ad59-2c7812d6668c" CHANGEID="600535183" HOUSENUM="1" HOUSETYPE="2" OPERTYPEID="20" PREVID="43931222" UPDATEDATE="2024-09-05" STARTDATE="2024-09-05" ENDDATE="2079-06-06" ISACTUAL="1" ISACTIVE="1" /><HOUSE ID="43933269" OBJECTID="72781267" OBJECTGUID="d3b31c36-f54e-4ed1-977a-c47dae56d7eb" CHANGEID="108376964" HOUSENUM="6" HOUSETYPE="3" OPERTYPEID="20" PREVID="43932991" NEXTID="126728414" UPDATEDATE="2024-09-05" STARTDATE="2019-05-20" ENDDATE="2024-09-05" ISACTUAL="0" ISACTIVE="0" /><HOUSE ID="126728414" OBJECTID="72781267" OBJECTGUID="d3b31c36-f54e-4ed1-977a-c47dae56d7eb" CHANGEID="600535231" HOUSENUM="6" HOUSETYPE="2" OPERTYPEID="20" PREVID="43933269" UPDATEDATE="2024-09-05" STARTDATE="2024-09-05" ENDDATE="2079-06-06" ISACTUAL="1" ISACTIVE="1" /><HOUSE ID="126728504" OBJECTID="165075557" OBJECTGUID="dfc5603a-8365-4f93-b1b4-fda6c09e3da1" CHANGEID="600535895" HOUSENUM="11" HOUSETYPE="2" OPERTYPEID="10" PREVID="0" NEXTID="0" UPDATEDATE="2024-09-05" STARTDATE="2024-09-05" ENDDATE="2079-06-06" ISACTUAL="1" ISACTIVE="1" /><HOUSE ID="126728505" OBJECTID="165075558" OBJECTGUID="48b1181e-f16c-467c-a4af-5368ed6183d6" CHANGEID="600535896" HOUSENUM="12" HOUSETYPE="2" OPERTYPEID="10" PREVID="0" NEXTID="0" UPDATEDATE="2024-09-05" STARTDATE="2024-09-05" ENDDATE="2079-06-06" ISACTUAL="1" ISACTIVE="1" /><HOUSE ID="60306770" OBJECTID="54296452" OBJECTGUID="7dfca768-70f1-4420-b866-71c00c20a274" CHANGEID="81257232" HOUSENUM="9" HOUSETYPE="1" OPERTYPEID="20" PREVID="32439743" NEXTID="126728566" UPDATEDATE="2024-09-05" STARTDATE="2018-10-01" ENDDATE="2024-09-05" ISACTUAL="0" ISACTIVE="0" /><HOUSE ID="126728566" OBJECTID="54296452" OBJECTGUID="7dfca768-70f1-4420-b866-71c00c20a274" CHANGEID="600536285" HOUSENUM="9" ADDNUM1="9" HOUSETYPE="5" ADDTYPE1="3" OPERTYPEID="20" PREVID="60306770" UPDATEDATE="2024-09-05" STARTDATE="2024-09-05" ENDDATE="2079-06-06" ISACTUAL="1" ISACTIVE="1" /><HOUSE ID="126729381" OBJECTID="165080102" OBJECTGUID="d0b8606c-3c96-4dce-b6a6-551cab26942e" CHANGEID="600542671" HOUSENUM="29а" HOUSETYPE="2" OPERTYPEID="10" PREVID="0" NEXTID="0" UPDATEDATE="2024-09-05" STARTDATE="2024-09-05" ENDDATE="2079-06-06" ISACTUAL="1" ISACTIVE="1" /><HOUSE ID="126729385" OBJECTID="165080111" OBJECTGUID="7b1f7dca-6774-4d73-94d3-bae843991b99" CHANGEID="600542689" HOUSENUM="21а" HOUSETYPE="2" OPERTYPEID="10" PREVID="0" NEXTID="0" UPDATEDATE="2024-09-05" STARTDATE="2024-09-05" ENDDATE="2079-06-06" ISACTUAL="1" ISACTIVE="1" /><HOUSE ID="43930600" OBJECTID="72777478" OBJECTGUID="7f602104-3bfd-4215-a1eb-06d547ed47f2" CHANGEID="108370990" HOUSENUM="8" HOUSETYPE="3" OPERTYPEID="20" PREVID="43930491" NEXTID="126729376" UPDATEDATE="2024-09-05" STARTDATE="2019-05-20" ENDDATE="2024-09-05" ISACTUAL="0" ISACTIVE="0" /><HOUSE ID="126729376" OBJECTID="72777478" OBJECTGUID="7f602104-3bfd-4215-a1eb-06d547ed47f2" CHANGEID="600542618" HOUSENUM="8" HOUSETYPE="2" OPERTYPEID="20" PREVID="43930600" UPDATEDATE="2024-09-05" STARTDATE="2024-09-05" ENDDATE="2079-06-06" ISACTUAL="1" ISACTIVE="1" /><HOUSE ID="126729383" OBJECTID="165080109" OBJECTGUID="834013d8-2995-4ae2-87cb-bb631a4a6edd" CHANGEID="600542686" HOUSENUM="9б" HOUSETYPE="2" OPERTYPEID="10" PREVID="0" NEXTID="0" UPDATEDATE="2024-09-05" STARTDATE="2024-09-05" ENDDATE="2079-06-06" ISACTUAL="1" ISACTIVE="1" /><HOUSE ID="43927313" OBJECTID="72768181" OBJECTGUID="3b0d3bdb-71e1-44b1-a994-878a34df62bc" CHANGEID="108361661" HOUSENUM="16" HOUSETYPE="3" OPERTYPEID="20" PREVID="43925016" NEXTID="126730473" UPDATEDATE="2024-09-05" STARTDATE="2019-05-20" ENDDATE="2024-09-05" ISACTUAL="0" ISACTIVE="0" /><HOUSE ID="126730473" OBJECTID="72768181" OBJECTGUID="3b0d3bdb-71e1-44b1-a994-878a34df62bc" CHANGEID="600551209" HOUSENUM="16" HOUSETYPE="2" OPERTYPEID="20" PREVID="43927313" UPDATEDATE="2024-09-05" STARTDATE="2024-09-05" ENDDATE="2079-06-06" ISACTUAL="1" ISACTIVE="1" /><HOUSE ID="126730479" OBJECTID="72764726" OBJECTGUID="c59fde89-ab04-4ef2-902d-abc83f3539ea" CHANGEID="600551283" HOUSENUM="18" HOUSETYPE="2" OPERTYPEID="20" PREVID="43922961" UPDATEDATE="2024-09-05" STARTDATE="2024-09-05" ENDDATE="2079-06-06" ISACTUAL="1" ISACTIVE="1" /><HOUSE ID="43922874" OBJECTID="72764412" OBJECTGUID="bff6d8f8-16cd-4112-9652-4fe86bc6fa22" CHANGEID="108352410" HOUSENUM="19" HOUSETYPE="3" OPERTYPEID="20" PREVID="43922717" NEXTID="126730483" UPDATEDATE="2024-09-05" STARTDATE="2019-05-20" ENDDATE="2024-09-05" ISACTUAL="0" ISACTIVE="0" /><HOUSE ID="126730483" OBJECTID="72764412" OBJECTGUID="bff6d8f8-16cd-4112-9652-4fe86bc6fa22" CHANGEID="600551316" HOUSENUM="19" HOUSETYPE="2" OPERTYPEID="20" PREVID="43922874" UPDATEDATE="2024-09-05" STARTDATE="2024-09-05" ENDDATE="2079-06-06" ISACTUAL="1" ISACTIVE="1" /><HOUSE ID="43924368" OBJECTID="72766191" OBJECTGUID="46018e35-efc9-4aab-9cbb-470babd77035" CHANGEID="108355240" HOUSENUM="20" HOUSETYPE="3" OPERTYPEID="20" PREVID="43924164" NEXTID="126730501" UPDATEDATE="2024-09-05" STARTDATE="2019-05-20" ENDDATE="2024-09-05" ISACTUAL="0" ISACTIVE="0" /><HOUSE ID="43929225" OBJECTID="72772981" OBJECTGUID="ab9e153d-9480-4120-ae0c-9994db3cd288" CHANGEID="108365435" HOUSENUM="10" HOUSETYPE="3" OPERTYPEID="20" PREVID="43929097" NEXTID="126730461" UPDATEDATE="2024-09-05" STARTDATE="2019-05-20" ENDDATE="2024-09-05" ISACTUAL="0" ISACTIVE="0" /><HOUSE ID="126730461" OBJECTID="72772981" OBJECTGUID="ab9e153d-9480-4120-ae0c-9994db3cd288" CHANGEID="600551158" HOUSENUM="10" HOUSETYPE="2" OPERTYPEID="20" PREVID="43929225" UPDATEDATE="2024-09-05" STARTDATE="2024-09-05" ENDDATE="2079-06-06" ISACTUAL="1" ISACTIVE="1" /><HOUSE ID="43930326" OBJECTID="72777178" OBJECTGUID="13b3dbc7-14eb-44cc-bd16-e54e43feb39e" CHANGEID="108370405" HOUSENUM="14" HOUSETYPE="3" OPERTYPEID="20" PREVID="43930316" NEXTID="126730467" UPDATEDATE="2024-09-05" STARTDATE="2019-05-20" ENDDATE="2024-09-05" ISACTUAL="0" ISACTIVE="0" /><HOUSE ID="126730467" OBJECTID="72777178" OBJECTGUID="13b3dbc7-14eb-44cc-bd16-e54e43feb39e" CHANGEID="600551186" HOUSENUM="14" HOUSETYPE="2" OPERTYPEID="20" PREVID="43930326" UPDATEDATE="2024-09-05" STARTDATE="2024-09-05" ENDDATE="2079-06-06" ISACTUAL="1" ISACTIVE="1" /><HOUSE ID="126730501" OBJECTID="72766191" OBJECTGUID="46018e35-efc9-4aab-9cbb-470babd77035" CHANGEID="600551616" HOUSENUM="20" HOUSETYPE="2" OPERTYPEID="20" PREVID="43924368" UPDATEDATE="2024-09-05" STARTDATE="2024-09-05" ENDDATE="2079-06-06" ISACTUAL="1" ISACTIVE="1" /><HOUSE ID="126731109" OBJECTID="165088527" OBJECTGUID="5235aab3-42b4-43f5-9101-7057af0b902d" CHANGEID="600557600" HOUSENUM="9" HOUSETYPE="2" OPERTYPEID="10" PREVID="0" NEXTID="0" UPDATEDATE="2024-09-05" STARTDATE="2024-09-05" ENDDATE="2079-06-06" ISACTUAL="1" ISACTIVE="1" /><HOUSE ID="43932308" OBJECTID="72779779" OBJECTGUID="b09f9ca3-fea5-4b2f-a684-52fbfcd1112c" CHANGEID="108374891" HOUSENUM="24" HOUSETYPE="3" OPERTYPEID="20" PREVID="43931887" NEXTID="126731183" UPDATEDATE="2024-09-05" STARTDATE="2019-05-20" ENDDATE="2024-09-05" ISACTUAL="0" ISACTIVE="0" /><HOUSE ID="126731183" OBJECTID="72779779" OBJECTGUID="b09f9ca3-fea5-4b2f-a684-52fbfcd1112c" CHANGEID="600557956" HOUSENUM="24" HOUSETYPE="2" OPERTYPEID="20" PREVID="43932308" UPDATEDATE="2024-09-05" STARTDATE="2024-09-05" ENDDATE="2079-06-06" ISACTUAL="1" ISACTIVE="1" /><HOUSE ID="126731189" OBJECTID="72777069" OBJECTGUID="a15caa92-f66d-4a50-b832-d7752c9fbab5" CHANGEID="600557975" HOUSENUM="27" HOUSETYPE="2" OPERTYPEID="20" PREVID="43930227" UPDATEDATE="2024-09-05" STARTDATE="2024-09-05" ENDDATE="2079-06-06" ISACTUAL="1" ISACTIVE="1" /><HOUSE ID="126731196" OBJECTID="72765616" OBJECTGUID="76db21a5-9228-4b23-a87f-1806084ad255" CHANGEID="600558002" HOUSENUM="30" HOUSETYPE="2" OPERTYPEID="20" PREVID="43923953" UPDATEDATE="2024-09-05" STARTDATE="2024-09-05" ENDDATE="2079-06-06" ISACTUAL="1" ISACTIVE="1" /><HOUSE ID="126731214" OBJECTID="165088813" OBJECTGUID="95b9baa4-eb77-4891-a9e3-81e9009ce73d" CHANGEID="600558088" HOUSENUM="125а" HOUSETYPE="5" OPERTYPEID="10" PREVID="0" NEXTID="0" UPDATEDATE="2024-09-05" STARTDATE="2024-09-05" ENDDATE="2079-06-06" ISACTUAL="1" ISACTIVE="1" /><HOUSE ID="43929978" OBJECTID="72776642" OBJECTGUID="26f84ca5-d3d6-47a5-b087-bd2592c15d9a" CHANGEID="108369716" HOUSENUM="34" HOUSETYPE="3" OPERTYPEID="20" PREVID="43929885" NEXTID="126731203" UPDATEDATE="2024-09-05" STARTDATE="2019-05-20" ENDDATE="2024-09-05" ISACTUAL="0" ISACTIVE="0" /><HOUSE ID="126731203" OBJECTID="72776642" OBJECTGUID="26f84ca5-d3d6-47a5-b087-bd2592c15d9a" CHANGEID="600558030" HOUSENUM="34" HOUSETYPE="2" OPERTYPEID="20" PREVID="43929978" UPDATEDATE="2024-09-05" STARTDATE="2024-09-05" ENDDATE="2079-06-06" ISACTUAL="1" ISACTIVE="1" /><HOUSE ID="126731212" OBJECTID="72781898" OBJECTGUID="24a92991-0f33-48bd-8d34-19f1563af169" CHANGEID="600558066" HOUSENUM="41" HOUSETYPE="2" OPERTYPEID="20" PREVID="43933648" UPDATEDATE="2024-09-05" STARTDATE="2024-09-05" ENDDATE="2079-06-06" ISACTUAL="1" ISACTIVE="1" /><HOUSE ID="126731227" OBJECTID="72780515" OBJECTGUID="b0bb4ece-692a-4725-a5f9-abad94d5e6b8" CHANGEID="600558135" HOUSENUM="57" HOUSETYPE="2" OPERTYPEID="20" PREVID="43932658" UPDATEDATE="2024-09-05" STARTDATE="2024-09-05" ENDDATE="2079-06-06" ISACTUAL="1" ISACTIVE="1" /><HOUSE ID="126731231" OBJECTID="72782526" OBJECTGUID="83db1388-2e6d-491c-bdca-cb49c16e2b35" CHANGEID="600558171" HOUSENUM="87" HOUSETYPE="2" OPERTYPEID="20" PREVID="43933811" UPDATEDATE="2024-09-05" STARTDATE="2024-09-05" ENDDATE="2079-06-06" ISACTUAL="1" ISACTIVE="1" /><HOUSE ID="126731244" OBJECTID="165088864" OBJECTGUID="bd6f2b27-7985-4caa-a619-0cc34d87f3c3" CHANGEID="600558200" HOUSENUM="37" HOUSETYPE="5" OPERTYPEID="10" PREVID="0" NEXTID="0" UPDATEDATE="2024-09-05" STARTDATE="2024-09-05" ENDDATE="2079-06-06" ISACTUAL="1" ISACTIVE="1" /><HOUSE ID="126731246" OBJECTID="72777264" OBJECTGUID="37d682aa-6f43-4d3c-a9fa-e774a0ff7fd2" CHANGEID="600558218" HOUSENUM="88" HOUSETYPE="2" OPERTYPEID="20" PREVID="43930477" UPDATEDATE="2024-09-05" STARTDATE="2024-09-05" ENDDATE="2079-06-06" ISACTUAL="1" ISACTIVE="1" /><HOUSE ID="126731293" OBJECTID="72764021" OBJECTGUID="556d3f75-5983-4d19-918a-74f0f97ea17d" CHANGEID="600558630" HOUSENUM="100" HOUSETYPE="2" OPERTYPEID="20" PREVID="43922555" UPDATEDATE="2024-09-05" STARTDATE="2024-09-05" ENDDATE="2079-06-06" ISACTUAL="1" ISACTIVE="1" /><HOUSE ID="43924479" OBJECTID="72766576" OBJECTGUID="018e9054-e39b-4cb0-9d42-5cd9cca599b4" CHANGEID="108355478" HOUSENUM="114" HOUSETYPE="3" OPERTYPEID="20" PREVID="43924455" NEXTID="126731305" UPDATEDATE="2024-09-05" STARTDATE="2019-05-20" ENDDATE="2024-09-05" ISACTUAL="0" ISACTIVE="0" /><HOUSE ID="126731305" OBJECTID="72766576" OBJECTGUID="018e9054-e39b-4cb0-9d42-5cd9cca599b4" CHANGEID="600558679" HOUSENUM="114" HOUSETYPE="2" OPERTYPEID="20" PREVID="43924479" UPDATEDATE="2024-09-05" STARTDATE="2024-09-05" ENDDATE="2079-06-06" ISACTUAL="1" ISACTIVE="1" /><HOUSE ID="43924784" OBJECTID="72766712" OBJECTGUID="95f2eb3e-2547-44ab-a81b-7c780610023e" CHANGEID="108356068" HOUSENUM="92" HOUSETYPE="3" OPERTYPEID="20" PREVID="43924539" NEXTID="126731289" UPDATEDATE="2024-09-05" STARTDATE="2019-05-20" ENDDATE="2024-09-05" ISACTUAL="0" ISACTIVE="0" /><HOUSE ID="126731289" OBJECTID="72766712" OBJECTGUID="95f2eb3e-2547-44ab-a81b-7c780610023e" CHANGEID="600558608" HOUSENUM="92" HOUSETYPE="2" OPERTYPEID="20" PREVID="43924784" UPDATEDATE="2024-09-05" STARTDATE="2024-09-05" ENDDATE="2079-06-06" ISACTUAL="1" ISACTIVE="1" /><HOUSE ID="43929694" OBJECTID="72773311" OBJECTGUID="b13effa5-728b-4ee4-8e6f-9cab458bf83d" CHANGEID="108367113" HOUSENUM="102" HOUSETYPE="3" OPERTYPEID="20" PREVID="43929623" NEXTID="126731294" UPDATEDATE="2024-09-05" STARTDATE="2019-05-20" ENDDATE="2024-09-05" ISACTUAL="0" ISACTIVE="0" /><HOUSE ID="126731294" OBJECTID="72773311" OBJECTGUID="b13effa5-728b-4ee4-8e6f-9cab458bf83d" CHANGEID="600558648" HOUSENUM="102" HOUSETYPE="2" OPERTYPEID="20" PREVID="43929694" UPDATEDATE="2024-09-05" STARTDATE="2024-09-05" ENDDATE="2079-06-06" ISACTUAL="1" ISACTIVE="1" /><HOUSE ID="126731308" OBJECTID="72779020" OBJECTGUID="dcb932d0-5c43-4bc2-be34-3bc4c9a8e2f2" CHANGEID="600558702" HOUSENUM="129" HOUSETYPE="2" OPERTYPEID="20" PREVID="43931629" UPDATEDATE="2024-09-05" STARTDATE="2024-09-05" ENDDATE="2079-06-06" ISACTUAL="1" ISACTIVE="1" /><HOUSE ID="43923463" OBJECTID="72765187" OBJECTGUID="dc24b6bb-f0d9-4514-8c48-dd6953dde2de" CHANGEID="108353485" HOUSENUM="134" HOUSETYPE="3" OPERTYPEID="20" PREVID="43923335" NEXTID="126731312" UPDATEDATE="2024-09-05" STARTDATE="2019-05-20" ENDDATE="2024-09-05" ISACTUAL="0" ISACTIVE="0" /><HOUSE ID="126731312" OBJECTID="72765187" OBJECTGUID="dc24b6bb-f0d9-4514-8c48-dd6953dde2de" CHANGEID="600558716" HOUSENUM="134" HOUSETYPE="2" OPERTYPEID="20" PREVID="43923463" UPDATEDATE="2024-09-05" STARTDATE="2024-09-05" ENDDATE="2079-06-06" ISACTUAL="1" ISACTIVE="1" /><HOUSE ID="126731318" OBJECTID="26174053" OBJECTGUID="a73e520e-8050-4916-8e4c-6da49971ce95" CHANGEID="600558780" HOUSENUM="13а" HOUSETYPE="2" OPERTYPEID="20" PREVID="15521211" UPDATEDATE="2024-09-05" STARTDATE="2024-09-05" ENDDATE="2079-06-06" ISACTUAL="1" ISACTIVE="1" /><HOUSE ID="126731337" OBJECTID="70577331" OBJECTGUID="6eb28fa5-d611-4200-a2fa-03c100986eb1" CHANGEID="600558881" HOUSENUM="1" HOUSETYPE="2" OPERTYPEID="20" PREVID="42579162" UPDATEDATE="2024-09-05" STARTDATE="2024-09-05" ENDDATE="2079-06-06" ISACTUAL="1" ISACTIVE="1" /><HOUSE ID="126731386" OBJECTID="36488632" OBJECTGUID="29f546a3-b61d-4cb9-86c8-622bc31efa16" CHANGEID="600559180" HOUSENUM="2" HOUSETYPE="2" OPERTYPEID="20" PREVID="21721273" UPDATEDATE="2024-09-05" STARTDATE="2024-09-05" ENDDATE="2079-06-06" ISACTUAL="1" ISACTIVE="1" /><HOUSE ID="126731369" OBJECTID="70578548" OBJECTGUID="2c26638f-61b4-4b2a-a26a-32ea87c99841" CHANGEID="600559115" HOUSENUM="2" HOUSETYPE="2" OPERTYPEID="20" PREVID="42579985" UPDATEDATE="2024-09-05" STARTDATE="2024-09-05" ENDDATE="2079-06-06" ISACTUAL="1" ISACTIVE="1" /><HOUSE ID="42580078" OBJECTID="70578711" OBJECTGUID="578727f3-6ec8-41a3-b79d-9cfd4edb1e19" CHANGEID="105162774" HOUSENUM="3" HOUSETYPE="3" OPERTYPEID="20" PREVID="42580071" NEXTID="126731376" UPDATEDATE="2024-09-05" STARTDATE="2019-05-13" ENDDATE="2024-09-05" ISACTUAL="0" ISACTIVE="0" /><HOUSE ID="126731376" OBJECTID="70578711" OBJECTGUID="578727f3-6ec8-41a3-b79d-9cfd4edb1e19" CHANGEID="600559131" HOUSENUM="3" HOUSETYPE="2" OPERTYPEID="20" PREVID="42580078" UPDATEDATE="2024-09-05" STARTDATE="2024-09-05" ENDDATE="2079-06-06" ISACTUAL="1" ISACTIVE="1" /><HOUSE ID="126732339" OBJECTID="165094800" OBJECTGUID="a1a37314-6071-4f7e-8235-9d473d53009a" CHANGEID="600568263" HOUSENUM="2" HOUSETYPE="2" OPERTYPEID="10" PREVID="0" NEXTID="0" UPDATEDATE="2024-09-06" STARTDATE="2024-09-06" ENDDATE="2079-06-06" ISACTUAL="1" ISACTIVE="1" /><HOUSE ID="126732353" OBJECTID="165094801" OBJECTGUID="7aeab764-bdb5-436e-a624-8c4dc9648f8a" CHANGEID="600568284" HOUSENUM="4А" HOUSETYPE="2" OPERTYPEID="10" PREVID="0" NEXTID="0" UPDATEDATE="2024-09-06" STARTDATE="2024-09-06" ENDDATE="2079-06-06" ISACTUAL="1" ISACTIVE="1" /><HOUSE ID="126732401" OBJECTID="165094964" OBJECTGUID="25e3c949-d47c-457c-978e-87be017627ec" CHANGEID="600568846" HOUSENUM="3а" HOUSETYPE="2" OPERTYPEID="10" PREVID="0" NEXTID="0" UPDATEDATE="2024-09-06" STARTDATE="2024-09-06" ENDDATE="2079-06-06" ISACTUAL="1" ISACTIVE="1" /><HOUSE ID="126733374" OBJECTID="165097544" OBJECTGUID="51c3bf0e-4301-42be-9f3b-115da5f094fe" CHANGEID="600574608" HOUSENUM="48" HOUSETYPE="2" OPERTYPEID="10" PREVID="0" NEXTID="0" UPDATEDATE="2024-09-06" STARTDATE="2024-09-06" ENDDATE="2079-06-06" ISACTUAL="1" ISACTIVE="1" /><HOUSE ID="126733431" OBJECTID="72588375" OBJECTGUID="13b4341b-29f2-4a40-9098-b9c7a82f9d56" CHANGEID="600575054" HOUSENUM="26" HOUSETYPE="2" OPERTYPEID="20" PREVID="43809233" UPDATEDATE="2024-09-06" STARTDATE="2024-09-06" ENDDATE="2079-06-06" ISACTUAL="1" ISACTIVE="1" /><HOUSE ID="126733402" OBJECTID="165097709" OBJECTGUID="43071de5-d93f-4c5b-ac29-47cbeb08213a" CHANGEID="600574865" HOUSENUM="64А" HOUSETYPE="2" OPERTYPEID="10" PREVID="0" NEXTID="0" UPDATEDATE="2024-09-06" STARTDATE="2024-09-06" ENDDATE="2079-06-06" ISACTUAL="1" ISACTIVE="1" /><HOUSE ID="126733853" OBJECTID="165098997" OBJECTGUID="1e005b22-fff2-41e0-81ef-e4f1d3e3ee19" CHANGEID="600577217" HOUSENUM="6А" HOUSETYPE="2" OPERTYPEID="10" PREVID="0" NEXTID="0" UPDATEDATE="2024-09-06" STARTDATE="2024-09-06" ENDDATE="2079-06-06" ISACTUAL="1" ISACTIVE="1" /><HOUSE ID="9619567" OBJECTID="16849497" OBJECTGUID="86f18325-deaa-4a05-a36a-ef06a02134d7" CHANGEID="26676986" HOUSENUM="84" HOUSETYPE="3" OPERTYPEID="10" PREVID="0" NEXTID="126738682" UPDATEDATE="2024-09-06" STARTDATE="2015-08-27" ENDDATE="2024-09-06" ISACTUAL="0" ISACTIVE="0" /><HOUSE ID="126738682" OBJECTID="16849497" OBJECTGUID="86f18325-deaa-4a05-a36a-ef06a02134d7" CHANGEID="600706346" HOUSENUM="84" HOUSETYPE="2" OPERTYPEID="20" PREVID="9619567" UPDATEDATE="2024-09-06" STARTDATE="2024-09-06" ENDDATE="2079-06-06" ISACTUAL="1" ISACTIVE="1" /><HOUSE ID="11226125" OBJECTID="19386293" OBJECTGUID="42714139-bf37-45c6-8796-35f7919743e3" CHANGEID="30416232" HOUSENUM="28" HOUSETYPE="3" OPERTYPEID="10" PREVID="0" NEXTID="126738689" UPDATEDATE="2024-09-06" STARTDATE="2015-08-27" ENDDATE="2024-09-06" ISACTUAL="0" ISACTIVE="0" /><HOUSE ID="126738689" OBJECTID="19386293" OBJECTGUID="42714139-bf37-45c6-8796-35f7919743e3" CHANGEID="600706553" HOUSENUM="28" HOUSETYPE="2" OPERTYPEID="20" PREVID="11226125" UPDATEDATE="2024-09-06" STARTDATE="2024-09-06" ENDDATE="2079-06-06" ISACTUAL="1" ISACTIVE="1" /><HOUSE ID="38315818" OBJECTID="63716890" OBJECTGUID="63cc1d2d-5e6a-4997-9f45-6947db855f3c" CHANGEID="95075467" HOUSENUM="27" HOUSETYPE="3" OPERTYPEID="10" PREVID="0" NEXTID="126738721" UPDATEDATE="2024-09-06" STARTDATE="2015-08-27" ENDDATE="2024-09-06" ISACTUAL="0" ISACTIVE="0" /><HOUSE ID="126738721" OBJECTID="63716890" OBJECTGUID="63cc1d2d-5e6a-4997-9f45-6947db855f3c" CHANGEID="600706934" HOUSENUM="27" HOUSETYPE="2" OPERTYPEID="20" PREVID="38315818" UPDATEDATE="2024-09-06" STARTDATE="2024-09-06" ENDDATE="2079-06-06" ISACTUAL="1" ISACTIVE="1" /><HOUSE ID="126738726" OBJECTID="63726611" OBJECTGUID="c7abbd0e-656d-498a-935b-d1f0057c0ad5" CHANGEID="600707026" HOUSENUM="22" HOUSETYPE="2" OPERTYPEID="20" PREVID="38322241" UPDATEDATE="2024-09-06" STARTDATE="2024-09-06" ENDDATE="2079-06-06" ISACTUAL="1" ISACTIVE="1" /><HOUSE ID="38317110" OBJECTID="63719491" OBJECTGUID="221a265a-d602-4df6-ba8e-7c816e13aa9a" CHANGEID="95079099" HOUSENUM="19" HOUSETYPE="3" OPERTYPEID="10" PREVID="0" NEXTID="126738730" UPDATEDATE="2024-09-06" STARTDATE="2015-08-27" ENDDATE="2024-09-06" ISACTUAL="0" ISACTIVE="0" /><HOUSE ID="126738730" OBJECTID="63719491" OBJECTGUID="221a265a-d602-4df6-ba8e-7c816e13aa9a" CHANGEID="600707051" HOUSENUM="19" HOUSETYPE="2" OPERTYPEID="20" PREVID="38317110" UPDATEDATE="2024-09-06" STARTDATE="2024-09-06" ENDDATE="2079-06-06" ISACTUAL="1" ISACTIVE="1" /><HOUSE ID="126738741" OBJECTID="39627128" OBJECTGUID="3383f5d0-44c2-44ea-975d-1aa12c3f74f1" CHANGEID="600707153" HOUSENUM="7" HOUSETYPE="2" OPERTYPEID="20" PREVID="23703529" UPDATEDATE="2024-09-06" STARTDATE="2024-09-06" ENDDATE="2079-06-06" ISACTUAL="1" ISACTIVE="1" /><HOUSE ID="126738717" OBJECTID="63723231" OBJECTGUID="b390e1b0-6b8d-4a89-b64e-b71349be95ff" CHANGEID="600706871" HOUSENUM="29" HOUSETYPE="2" OPERTYPEID="20" PREVID="38319804" UPDATEDATE="2024-09-06" STARTDATE="2024-09-06" ENDDATE="2079-06-06" ISACTUAL="1" ISACTIVE="1" /><HOUSE ID="126738723" OBJECTID="63720999" OBJECTGUID="a576d310-ea15-4564-9592-907767523bfa" CHANGEID="600706941" HOUSENUM="36" HOUSETYPE="2" OPERTYPEID="20" PREVID="38318218" UPDATEDATE="2024-09-06" STARTDATE="2024-09-06" ENDDATE="2079-06-06" ISACTUAL="1" ISACTIVE="1" /><HOUSE ID="38314726" OBJECTID="63715256" OBJECTGUID="eafdf55f-619f-4329-a6bf-2cbf68dddac0" CHANGEID="95073005" HOUSENUM="24" HOUSETYPE="3" OPERTYPEID="10" PREVID="0" NEXTID="126738728" UPDATEDATE="2024-09-06" STARTDATE="2015-08-27" ENDDATE="2024-09-06" ISACTUAL="0" ISACTIVE="0" /><HOUSE ID="126738728" OBJECTID="63715256" OBJECTGUID="eafdf55f-619f-4329-a6bf-2cbf68dddac0" CHANGEID="600707048" HOUSENUM="24" HOUSETYPE="2" OPERTYPEID="20" PREVID="38314726" UPDATEDATE="2024-09-06" STARTDATE="2024-09-06" ENDDATE="2079-06-06" ISACTUAL="1" ISACTIVE="1" /><HOUSE ID="126738733" OBJECTID="39642193" OBJECTGUID="b3e93f80-ce6b-4638-bcf9-f1dc532f9dfd" CHANGEID="600707080" HOUSENUM="22" HOUSETYPE="2" OPERTYPEID="20" PREVID="23711147" UPDATEDATE="2024-09-06" STARTDATE="2024-09-06" ENDDATE="2079-06-06" ISACTUAL="1" ISACTIVE="1" /><HOUSE ID="23704725" OBJECTID="39629823" OBJECTGUID="fb112c53-3012-43f7-b7ca-34638b543414" CHANGEID="60032401" HOUSENUM="16" HOUSETYPE="3" OPERTYPEID="10" PREVID="0" NEXTID="126738737" UPDATEDATE="2024-09-06" STARTDATE="2015-08-27" ENDDATE="2024-09-06" ISACTUAL="0" ISACTIVE="0" /><HOUSE ID="126738737" OBJECTID="39629823" OBJECTGUID="fb112c53-3012-43f7-b7ca-34638b543414" CHANGEID="600707109" HOUSENUM="16" HOUSETYPE="2" OPERTYPEID="20" PREVID="23704725" UPDATEDATE="2024-09-06" STARTDATE="2024-09-06" ENDDATE="2079-06-06" ISACTUAL="1" ISACTIVE="1" /><HOUSE ID="126738760" OBJECTID="165116318" OBJECTGUID="28e910c1-79dc-445e-bd85-a3bba75ba6d1" CHANGEID="600707326" HOUSENUM="22" HOUSETYPE="2" OPERTYPEID="10" PREVID="0" NEXTID="0" UPDATEDATE="2024-09-06" STARTDATE="2024-09-06" ENDDATE="2079-06-06" ISACTUAL="1" ISACTIVE="1" /><HOUSE ID="126740786" OBJECTID="165125735" OBJECTGUID="3b286c0d-cda5-4b6b-8b1d-566d837dd6e5" CHANGEID="600751358" HOUSENUM="16а" HOUSETYPE="2" OPERTYPEID="10" PREVID="0" NEXTID="0" UPDATEDATE="2024-09-09" STARTDATE="2024-09-09" ENDDATE="2079-06-06" ISACTUAL="1" ISACTIVE="1" /><HOUSE ID="126740787" OBJECTID="165125739" OBJECTGUID="6222116e-63e0-4d75-9161-bc0df87374a3" CHANGEID="600751368" HOUSENUM="87/2" HOUSETYPE="5" OPERTYPEID="10" PREVID="0" NEXTID="0" UPDATEDATE="2024-09-09" STARTDATE="2024-09-09" ENDDATE="2079-06-06" ISACTUAL="1" ISACTIVE="1" /><HOUSE ID="126740789" OBJECTID="165125742" OBJECTGUID="07bcb1b5-e0b8-4216-a1b0-0ae6083c2166" CHANGEID="600751374" HOUSENUM="92/1" HOUSETYPE="5" OPERTYPEID="10" PREVID="0" NEXTID="0" UPDATEDATE="2024-09-09" STARTDATE="2024-09-09" ENDDATE="2079-06-06" ISACTUAL="1" ISACTIVE="1" /><HOUSE ID="126740783" OBJECTID="165125716" OBJECTGUID="23de5e9f-8578-4ada-85e2-7a364015b42d" CHANGEID="600751330" HOUSENUM="116/2б" HOUSETYPE="2" OPERTYPEID="10" PREVID="0" NEXTID="0" UPDATEDATE="2024-09-09" STARTDATE="2024-09-09" ENDDATE="2079-06-06" ISACTUAL="1" ISACTIVE="1" /><HOUSE ID="126740784" OBJECTID="165125731" OBJECTGUID="5cf39350-4a12-42bb-91ae-73111b7c16d8" CHANGEID="600751353" HOUSENUM="11б" HOUSETYPE="2" OPERTYPEID="10" PREVID="0" NEXTID="0" UPDATEDATE="2024-09-09" STARTDATE="2024-09-09" ENDDATE="2079-06-06" ISACTUAL="1" ISACTIVE="1" /><HOUSE ID="126740785" OBJECTID="165125733" OBJECTGUID="45865f84-0ace-438c-a3a2-94ecbdd5bf25" CHANGEID="600751355" HOUSENUM="2/3" HOUSETYPE="5" OPERTYPEID="10" PREVID="0" NEXTID="0" UPDATEDATE="2024-09-09" STARTDATE="2024-09-09" ENDDATE="2079-06-06" ISACTUAL="1" ISACTIVE="1" /><HOUSE ID="126740788" OBJECTID="165125740" OBJECTGUID="2c959971-bd54-44ab-aa99-ff978980b641" CHANGEID="600751371" HOUSENUM="118/8" HOUSETYPE="2" OPERTYPEID="10" PREVID="0" NEXTID="0" UPDATEDATE="2024-09-09" STARTDATE="2024-09-09" ENDDATE="2079-06-06" ISACTUAL="1" ISACTIVE="1" /><HOUSE ID="126740790" OBJECTID="165125743" OBJECTGUID="739ab670-1639-46ed-a2ec-5bc75040b6fa" CHANGEID="600751375" HOUSENUM="12" HOUSETYPE="2" OPERTYPEID="10" PREVID="0" NEXTID="0" UPDATEDATE="2024-09-09" STARTDATE="2024-09-09" ENDDATE="2079-06-06" ISACTUAL="1" ISACTIVE="1" /><HOUSE ID="126740960" OBJECTID="165126585" OBJECTGUID="49592d32-9700-440f-8ccb-5d921698fe6f" CHANGEID="600752803" HOUSENUM="40" HOUSETYPE="2" OPERTYPEID="10" PREVID="0" NEXTID="0" UPDATEDATE="2024-09-09" STARTDATE="2024-09-09" ENDDATE="2079-06-06" ISACTUAL="1" ISACTIVE="1" /><HOUSE ID="126740973" OBJECTID="165126867" OBJECTGUID="fc05f448-2ad4-48aa-ae15-db6b2f78bbe1" CHANGEID="600753475" HOUSENUM="21" HOUSETYPE="2" OPERTYPEID="10" PREVID="0" NEXTID="0" UPDATEDATE="2024-09-09" STARTDATE="2024-09-09" ENDDATE="2079-06-06" ISACTUAL="1" ISACTIVE="1" /><HOUSE ID="126744349" OBJECTID="165139183" OBJECTGUID="65b1454c-5e5d-4ee5-99ee-6a4d38e4337c" CHANGEID="600772761" HOUSENUM="22б" HOUSETYPE="5" OPERTYPEID="10" PREVID="0" NEXTID="0" UPDATEDATE="2024-09-09" STARTDATE="2024-09-09" ENDDATE="2079-06-06" ISACTUAL="1" ISACTIVE="1" /><HOUSE ID="126744394" OBJECTID="165139279" OBJECTGUID="b9c08ead-eaca-43a0-aabd-463a48eb6c3d" CHANGEID="600772927" HOUSENUM="82/1" HOUSETYPE="5" OPERTYPEID="10" PREVID="0" NEXTID="0" UPDATEDATE="2024-09-09" STARTDATE="2024-09-09" ENDDATE="2079-06-06" ISACTUAL="1" ISACTIVE="1" /><HOUSE ID="126745005" OBJECTID="165141395" OBJECTGUID="8c608d10-97aa-45f7-a852-18e41426fc51" CHANGEID="600776460" HOUSENUM="2/2" HOUSETYPE="5" OPERTYPEID="10" PREVID="0" NEXTID="0" UPDATEDATE="2024-09-09" STARTDATE="2024-09-09" ENDDATE="2079-06-06" ISACTUAL="1" ISACTIVE="1" /><HOUSE ID="126745030" OBJECTID="165141476" OBJECTGUID="637ce883-3cc2-466c-bae8-98f01a9577db" CHANGEID="600776585" HOUSENUM="38а" HOUSETYPE="2" OPERTYPEID="10" PREVID="0" NEXTID="0" UPDATEDATE="2024-09-09" STARTDATE="2024-09-09" ENDDATE="2079-06-06" ISACTUAL="1" ISACTIVE="1" /><HOUSE ID="126745449" OBJECTID="165142533" OBJECTGUID="535a9a50-372d-4e39-8826-0ebea3a97108" CHANGEID="600779030" HOUSENUM="60" HOUSETYPE="5" OPERTYPEID="10" PREVID="0" NEXTID="0" UPDATEDATE="2024-09-09" STARTDATE="2024-09-09" ENDDATE="2079-06-06" ISACTUAL="1" ISACTIVE="1" /><HOUSE ID="126745450" OBJECTID="165142537" OBJECTGUID="e5fa78f6-c366-4bff-bd96-98fc75c3e071" CHANGEID="600779034" HOUSENUM="3/4" HOUSETYPE="5" OPERTYPEID="10" PREVID="0" NEXTID="0" UPDATEDATE="2024-09-09" STARTDATE="2024-09-09" ENDDATE="2079-06-06" ISACTUAL="1" ISACTIVE="1" /><HOUSE ID="126745539" OBJECTID="165142774" OBJECTGUID="e2da85db-4022-4b4e-8f9e-7dda7f67a099" CHANGEID="600779381" HOUSENUM="38" HOUSETYPE="2" OPERTYPEID="10" PREVID="0" NEXTID="0" UPDATEDATE="2024-09-09" STARTDATE="2024-09-09" ENDDATE="2079-06-06" ISACTUAL="1" ISACTIVE="1" /><HOUSE ID="126745778" OBJECTID="165143698" OBJECTGUID="a8f1deaa-9abb-4a36-92e8-77b8a0bd2bf8" CHANGEID="600780879" HOUSENUM="170" HOUSETYPE="5" OPERTYPEID="10" PREVID="0" NEXTID="0" UPDATEDATE="2024-09-09" STARTDATE="2024-09-09" ENDDATE="2079-06-06" ISACTUAL="1" ISACTIVE="1" /><HOUSE ID="126745872" OBJECTID="165143948" OBJECTGUID="6b7eb522-6472-409a-8d81-8bc7e9a41b58" CHANGEID="600781310" HOUSENUM="3/3" HOUSETYPE="5" OPERTYPEID="10" PREVID="0" NEXTID="0" UPDATEDATE="2024-09-09" STARTDATE="2024-09-09" ENDDATE="2079-06-06" ISACTUAL="1" ISACTIVE="1" /><HOUSE ID="126745867" OBJECTID="165143939" OBJECTGUID="a04ba2dc-428d-4754-b349-111a7f9f190c" CHANGEID="600781293" HOUSENUM="3/1" HOUSETYPE="5" OPERTYPEID="10" PREVID="0" NEXTID="0" UPDATEDATE="2024-09-09" STARTDATE="2024-09-09" ENDDATE="2079-06-06" ISACTUAL="1" ISACTIVE="1" /><HOUSE ID="126745883" OBJECTID="165144030" OBJECTGUID="745f37bf-2669-4d95-abbf-9faecd8fb353" CHANGEID="600781408" HOUSENUM="59/2" HOUSETYPE="5" OPERTYPEID="10" PREVID="0" NEXTID="0" UPDATEDATE="2024-09-09" STARTDATE="2024-09-09" ENDDATE="2079-06-06" ISACTUAL="1" ISACTIVE="1" /><HOUSE ID="126745907" OBJECTID="165144153" OBJECTGUID="b972da5f-2932-44b6-bfbe-7d8515f10e82" CHANGEID="600781577" HOUSENUM="9а" HOUSETYPE="2" OPERTYPEID="10" PREVID="0" NEXTID="0" UPDATEDATE="2024-09-09" STARTDATE="2024-09-09" ENDDATE="2079-06-06" ISACTUAL="1" ISACTIVE="1" /><HOUSE ID="126745923" OBJECTID="165144261" OBJECTGUID="fa0bff2a-e13f-426f-ae49-2a5034150f1d" CHANGEID="600781716" HOUSENUM="42В" HOUSETYPE="5" OPERTYPEID="10" PREVID="0" NEXTID="0" UPDATEDATE="2024-09-09" STARTDATE="2024-09-09" ENDDATE="2079-06-06" ISACTUAL="1" ISACTIVE="1" /><HOUSE ID="126745926" OBJECTID="165144265" OBJECTGUID="fc16939f-97a7-4f16-b4ef-2f471de2cd81" CHANGEID="600781728" HOUSENUM="51" HOUSETYPE="2" OPERTYPEID="10" PREVID="0" NEXTID="0" UPDATEDATE="2024-09-09" STARTDATE="2024-09-09" ENDDATE="2079-06-06" ISACTUAL="1" ISACTIVE="1" /><HOUSE ID="126745897" OBJECTID="165144080" OBJECTGUID="5a2b278f-743e-4271-80de-45f81329caf7" CHANGEID="600781476" HOUSENUM="2/1" HOUSETYPE="5" OPERTYPEID="10" PREVID="0" NEXTID="0" UPDATEDATE="2024-09-09" STARTDATE="2024-09-09" ENDDATE="2079-06-06" ISACTUAL="1" ISACTIVE="1" /><HOUSE ID="126746129" OBJECTID="165144847" OBJECTGUID="cc4c7c58-7284-4ab4-895e-46e80242cda8" CHANGEID="600782778" HOUSENUM="34" HOUSETYPE="2" OPERTYPEID="10" PREVID="0" NEXTID="0" UPDATEDATE="2024-09-09" STARTDATE="2024-09-09" ENDDATE="2079-06-06" ISACTUAL="1" ISACTIVE="1" /><HOUSE ID="126746136" OBJECTID="165144863" OBJECTGUID="5e616915-e70a-4bbc-b7ed-b63e28e7415c" CHANGEID="600782798" HOUSENUM="4" HOUSETYPE="2" OPERTYPEID="10" PREVID="0" NEXTID="0" UPDATEDATE="2024-09-09" STARTDATE="2024-09-09" ENDDATE="2079-06-06" ISACTUAL="1" ISACTIVE="1" /><HOUSE ID="126746137" OBJECTID="165144864" OBJECTGUID="ea8e9e6d-db0b-495f-b21a-a9f5b43a5092" CHANGEID="600782800" HOUSENUM="18а" HOUSETYPE="2" OPERTYPEID="10" PREVID="0" NEXTID="0" UPDATEDATE="2024-09-09" STARTDATE="2024-09-09" ENDDATE="2079-06-06" ISACTUAL="1" ISACTIVE="1" /><HOUSE ID="126746192" OBJECTID="165145110" OBJECTGUID="159230d3-cd36-481c-b628-fcbe563f039a" CHANGEID="600783120" HOUSENUM="13/2" HOUSETYPE="5" OPERTYPEID="10" PREVID="0" NEXTID="0" UPDATEDATE="2024-09-09" STARTDATE="2024-09-09" ENDDATE="2079-06-06" ISACTUAL="1" ISACTIVE="1" /><HOUSE ID="126746536" OBJECTID="165146682" OBJECTGUID="e5b4edac-d509-4686-accc-5ca7a0bf68c9" CHANGEID="600785478" HOUSENUM="57А" HOUSETYPE="2" OPERTYPEID="10" PREVID="0" NEXTID="0" UPDATEDATE="2024-09-09" STARTDATE="2024-09-09" ENDDATE="2079-06-06" ISACTUAL="1" ISACTIVE="1" /><HOUSE ID="126746580" OBJECTID="165146849" OBJECTGUID="61edd01b-ccbc-4622-94cf-e6563fc33985" CHANGEID="600785728" HOUSENUM="8А" HOUSETYPE="2" OPERTYPEID="10" PREVID="0" NEXTID="0" UPDATEDATE="2024-09-09" STARTDATE="2024-09-09" ENDDATE="2079-06-06" ISACTUAL="1" ISACTIVE="1" /><HOUSE ID="126746655" OBJECTID="70579388" OBJECTGUID="3567aa71-f725-4e3d-907e-e09bf525ea1a" CHANGEID="600786420" HOUSENUM="6" HOUSETYPE="2" OPERTYPEID="20" PREVID="42580650" UPDATEDATE="2024-09-09" STARTDATE="2024-09-09" ENDDATE="2079-06-06" ISACTUAL="1" ISACTIVE="1" /><HOUSE ID="126746665" OBJECTID="70578885" OBJECTGUID="a5bb778e-81e8-4f84-8976-ab1807a7369b" CHANGEID="600786475" HOUSENUM="7" HOUSETYPE="2" OPERTYPEID="20" PREVID="42580349" UPDATEDATE="2024-09-09" STARTDATE="2024-09-09" ENDDATE="2079-06-06" ISACTUAL="1" ISACTIVE="1" /><HOUSE ID="126746784" OBJECTID="165147840" OBJECTGUID="d42b5b4c-10fa-42a1-b105-2f92f4c5997b" CHANGEID="600787192" HOUSENUM="26" HOUSETYPE="2" OPERTYPEID="10" PREVID="0" NEXTID="0" UPDATEDATE="2024-09-09" STARTDATE="2024-09-09" ENDDATE="2079-06-06" ISACTUAL="1" ISACTIVE="1" /><HOUSE ID="126746881" OBJECTID="165148404" OBJECTGUID="0da898fa-3b14-4561-a294-3439fb3306bc" CHANGEID="600788047" HOUSENUM="140в" HOUSETYPE="5" OPERTYPEID="10" PREVID="0" NEXTID="0" UPDATEDATE="2024-09-09" STARTDATE="2024-09-09" ENDDATE="2079-06-06" ISACTUAL="1" ISACTIVE="1" /><HOUSE ID="126746899" OBJECTID="165148534" OBJECTGUID="82005025-8b14-4832-8a66-bc1f81ff68d7" CHANGEID="600788248" HOUSENUM="140г" HOUSETYPE="5" OPERTYPEID="10" PREVID="0" NEXTID="0" UPDATEDATE="2024-09-09" STARTDATE="2024-09-09" ENDDATE="2079-06-06" ISACTUAL="1" ISACTIVE="1" /><HOUSE ID="126746908" OBJECTID="165148562" OBJECTGUID="dfeee5fc-6241-4a18-9e07-f13493cc8f56" CHANGEID="600788292" HOUSENUM="18/1" HOUSETYPE="5" OPERTYPEID="10" PREVID="0" NEXTID="0" UPDATEDATE="2024-09-09" STARTDATE="2024-09-09" ENDDATE="2079-06-06" ISACTUAL="1" ISACTIVE="1" /><HOUSE ID="126746929" OBJECTID="165148635" OBJECTGUID="3adfde93-d25a-4911-8da8-391ceb25df52" CHANGEID="600788420" HOUSENUM="8б" HOUSETYPE="2" OPERTYPEID="10" PREVID="0" NEXTID="0" UPDATEDATE="2024-09-09" STARTDATE="2024-09-09" ENDDATE="2079-06-06" ISACTUAL="1" ISACTIVE="1" /><HOUSE ID="126746933" OBJECTID="165148649" OBJECTGUID="2415b662-ee37-40ae-ad53-77f50139b5c1" CHANGEID="600788441" HOUSENUM="63г" HOUSETYPE="5" OPERTYPEID="10" PREVID="0" NEXTID="0" UPDATEDATE="2024-09-09" STARTDATE="2024-09-09" ENDDATE="2079-06-06" ISACTUAL="1" ISACTIVE="1" /><HOUSE ID="126746940" OBJECTID="165148663" OBJECTGUID="6bcf57d0-2662-4aa4-bcf2-7983e3cea4e0" CHANGEID="600788471" HOUSENUM="2/4д" HOUSETYPE="5" OPERTYPEID="10" PREVID="0" NEXTID="0" UPDATEDATE="2024-09-09" STARTDATE="2024-09-09" ENDDATE="2079-06-06" ISACTUAL="1" ISACTIVE="1" /><HOUSE ID="126747065" OBJECTID="165149438" OBJECTGUID="5918fea6-93f9-4bed-94c6-cfc4be934f24" CHANGEID="600789584" HOUSENUM="42/14" HOUSETYPE="2" OPERTYPEID="10" PREVID="0" NEXTID="0" UPDATEDATE="2024-09-09" STARTDATE="2024-09-09" ENDDATE="2079-06-06" ISACTUAL="1" ISACTIVE="1" /><HOUSE ID="126747085" OBJECTID="165149553" OBJECTGUID="c4ed67f8-4e59-4dc0-8326-7483b3abebe5" CHANGEID="600789749" HOUSENUM="30/1" HOUSETYPE="5" OPERTYPEID="10" PREVID="0" NEXTID="0" UPDATEDATE="2024-09-09" STARTDATE="2024-09-09" ENDDATE="2079-06-06" ISACTUAL="1" ISACTIVE="1" /><HOUSE ID="126747433" OBJECTID="165150619" OBJECTGUID="b14a83c7-01b4-49a9-9ea1-921b96227b03" CHANGEID="600791707" HOUSENUM="14а" HOUSETYPE="2" OPERTYPEID="10" PREVID="0" NEXTID="0" UPDATEDATE="2024-09-09" STARTDATE="2024-09-09" ENDDATE="2079-06-06" ISACTUAL="1" ISACTIVE="1" /><HOUSE ID="126747417" OBJECTID="165150593" OBJECTGUID="94969f96-0970-47c5-b5be-77fe40325316" CHANGEID="600791645" HOUSENUM="252" HOUSETYPE="2" OPERTYPEID="10" PREVID="0" NEXTID="0" UPDATEDATE="2024-09-09" STARTDATE="2024-09-09" ENDDATE="2079-06-06" ISACTUAL="1" ISACTIVE="1" /><HOUSE ID="126747494" OBJECTID="11590912" OBJECTGUID="77ef0636-a6f7-40ff-a4d0-98f56d044fd7" CHANGEID="600796135" HOUSENUM="24" HOUSETYPE="2" OPERTYPEID="20" PREVID="6203998" UPDATEDATE="2024-09-09" STARTDATE="2024-09-09" ENDDATE="2079-06-06" ISACTUAL="1" ISACTIVE="1" /><HOUSE ID="126747497" OBJECTID="67840774" OBJECTGUID="61b0190e-6839-43d7-b44d-1efb2ba784ca" CHANGEID="600796139" HOUSENUM="20" HOUSETYPE="2" OPERTYPEID="20" PREVID="40876428" UPDATEDATE="2024-09-09" STARTDATE="2024-09-09" ENDDATE="2079-06-06" ISACTUAL="1" ISACTIVE="1" /><HOUSE ID="126747499" OBJECTID="165150967" OBJECTGUID="d0b59542-dc0d-4c9c-a769-29147ee2f506" CHANGEID="600796145" HOUSENUM="10" HOUSETYPE="2" OPERTYPEID="10" PREVID="0" NEXTID="0" UPDATEDATE="2024-09-09" STARTDATE="2024-09-09" ENDDATE="2079-06-06" ISACTUAL="1" ISACTIVE="1" /><HOUSE ID="126747509" OBJECTID="165150991" OBJECTGUID="5c8806f7-f727-4f61-a899-5b5906d045b9" CHANGEID="600796178" HOUSENUM="165А" HOUSETYPE="2" OPERTYPEID="10" PREVID="0" NEXTID="0" UPDATEDATE="2024-09-09" STARTDATE="2024-09-09" ENDDATE="2079-06-06" ISACTUAL="1" ISACTIVE="1" /><HOUSE ID="126751021" OBJECTID="165168721" OBJECTGUID="f8424092-82c7-409f-8dc1-6c26e7794389" CHANGEID="600824610" HOUSENUM="12" HOUSETYPE="2" OPERTYPEID="10" PREVID="0" NEXTID="0" UPDATEDATE="2024-09-10" STARTDATE="2024-09-10" ENDDATE="2079-06-06" ISACTUAL="1" ISACTIVE="1" /><HOUSE ID="126751043" OBJECTID="67841915" OBJECTGUID="d9efdf46-eca9-4528-a1e2-5f21c7558cdb" CHANGEID="600824862" HOUSENUM="24" HOUSETYPE="2" OPERTYPEID="20" PREVID="40877263" UPDATEDATE="2024-09-10" STARTDATE="2024-09-10" ENDDATE="2079-06-06" ISACTUAL="1" ISACTIVE="1" /><HOUSE ID="126751045" OBJECTID="67843211" OBJECTGUID="f0926502-fd06-4ed6-82b5-cd3cafa5cec0" CHANGEID="600824864" HOUSENUM="27" HOUSETYPE="2" OPERTYPEID="20" PREVID="40877982" UPDATEDATE="2024-09-10" STARTDATE="2024-09-10" ENDDATE="2079-06-06" ISACTUAL="1" ISACTIVE="1" /><HOUSE ID="126751047" OBJECTID="67845194" OBJECTGUID="0f54a473-43f8-45c8-8eb6-4aba711cd0df" CHANGEID="600824866" HOUSENUM="30" HOUSETYPE="2" OPERTYPEID="20" PREVID="40878735" UPDATEDATE="2024-09-10" STARTDATE="2024-09-10" ENDDATE="2079-06-06" ISACTUAL="1" ISACTIVE="1" /><HOUSE ID="40877686" OBJECTID="67842320" OBJECTGUID="26023de7-2e8d-460f-879f-aca4a4ae3de7" CHANGEID="101139276" HOUSENUM="33" HOUSETYPE="3" OPERTYPEID="20" PREVID="40877394" NEXTID="126751049" UPDATEDATE="2024-09-10" STARTDATE="2019-04-25" ENDDATE="2024-09-10" ISACTUAL="0" ISACTIVE="0" /><HOUSE ID="126751049" OBJECTID="67842320" OBJECTGUID="26023de7-2e8d-460f-879f-aca4a4ae3de7" CHANGEID="600824868" HOUSENUM="33" HOUSETYPE="2" OPERTYPEID="20" PREVID="40877686" UPDATEDATE="2024-09-10" STARTDATE="2024-09-10" ENDDATE="2079-06-06" ISACTUAL="1" ISACTIVE="1" /><HOUSE ID="126751051" OBJECTID="67837628" OBJECTGUID="3077e716-84ee-4a7b-bf87-74b07f24315a" CHANGEID="600824870" HOUSENUM="45" HOUSETYPE="2" OPERTYPEID="20" PREVID="40874428" UPDATEDATE="2024-09-10" STARTDATE="2024-09-10" ENDDATE="2079-06-06" ISACTUAL="1" ISACTIVE="1" /><HOUSE ID="126751044" OBJECTID="67839387" OBJECTGUID="20feb448-ef72-4d16-9b6e-a900050d59a2" CHANGEID="600824863" HOUSENUM="26" HOUSETYPE="2" OPERTYPEID="20" PREVID="40875557" UPDATEDATE="2024-09-10" STARTDATE="2024-09-10" ENDDATE="2079-06-06" ISACTUAL="1" ISACTIVE="1" /><HOUSE ID="126751046" OBJECTID="67845262" OBJECTGUID="3dbae91a-45a6-4d36-b602-56fa6ccc1397" CHANGEID="600824865" HOUSENUM="29" HOUSETYPE="2" OPERTYPEID="20" PREVID="40878831" UPDATEDATE="2024-09-10" STARTDATE="2024-09-10" ENDDATE="2079-06-06" ISACTUAL="1" ISACTIVE="1" /><HOUSE ID="126751048" OBJECTID="67844458" OBJECTGUID="5ee475cc-a119-4970-b56a-4175f90fc1a6" CHANGEID="600824867" HOUSENUM="32" HOUSETYPE="2" OPERTYPEID="20" PREVID="40878695" UPDATEDATE="2024-09-10" STARTDATE="2024-09-10" ENDDATE="2079-06-06" ISACTUAL="1" ISACTIVE="1" /><HOUSE ID="126751050" OBJECTID="67837556" OBJECTGUID="325561cc-af18-4db8-a08b-5d4d9bd36b13" CHANGEID="600824869" HOUSENUM="39" HOUSETYPE="2" OPERTYPEID="20" PREVID="40874292" UPDATEDATE="2024-09-10" STARTDATE="2024-09-10" ENDDATE="2079-06-06" ISACTUAL="1" ISACTIVE="1" /><HOUSE ID="126751072" OBJECTID="165169048" OBJECTGUID="4a37c903-b832-4602-b929-af1751c0acc0" CHANGEID="600825100" HOUSENUM="39" HOUSETYPE="2" OPERTYPEID="10" PREVID="0" NEXTID="0" UPDATEDATE="2024-09-10" STARTDATE="2024-09-10" ENDDATE="2079-06-06" ISACTUAL="1" ISACTIVE="1" /><HOUSE ID="126751073" OBJECTID="165169050" OBJECTGUID="11e925b6-8533-4e63-bc47-895909b31d19" CHANGEID="600825102" HOUSENUM="37а" HOUSETYPE="2" OPERTYPEID="10" PREVID="0" NEXTID="0" UPDATEDATE="2024-09-10" STARTDATE="2024-09-10" ENDDATE="2079-06-06" ISACTUAL="1" ISACTIVE="1" /><HOUSE ID="126751078" OBJECTID="165169073" OBJECTGUID="b28ed3ab-cf6d-46cb-baa4-3bc7b98c9410" CHANGEID="600825132" HOUSENUM="5" HOUSETYPE="2" OPERTYPEID="10" PREVID="0" NEXTID="0" UPDATEDATE="2024-09-10" STARTDATE="2024-09-10" ENDDATE="2079-06-06" ISACTUAL="1" ISACTIVE="1" /><HOUSE ID="126751087" OBJECTID="165169098" OBJECTGUID="b1a80567-d43f-479a-bf2b-7dd94a9bdd2e" CHANGEID="600825209" HOUSENUM="5" HOUSETYPE="2" OPERTYPEID="10" PREVID="0" NEXTID="0" UPDATEDATE="2024-09-10" STARTDATE="2024-09-10" ENDDATE="2079-06-06" ISACTUAL="1" ISACTIVE="1" /><HOUSE ID="126751103" OBJECTID="165169209" OBJECTGUID="45069b62-a849-43f7-81ba-8dadafc319b9" CHANGEID="600825353" HOUSENUM="44" HOUSETYPE="2" OPERTYPEID="10" PREVID="0" NEXTID="0" UPDATEDATE="2024-09-10" STARTDATE="2024-09-10" ENDDATE="2079-06-06" ISACTUAL="1" ISACTIVE="1" /><HOUSE ID="126752105" OBJECTID="165173088" OBJECTGUID="6e968465-82cb-40d2-91f0-ce41f9110d45" CHANGEID="600831523" HOUSENUM="21" HOUSETYPE="2" OPERTYPEID="10" PREVID="0" NEXTID="0" UPDATEDATE="2024-09-10" STARTDATE="2024-09-10" ENDDATE="2079-06-06" ISACTUAL="1" ISACTIVE="1" /><HOUSE ID="126752106" OBJECTID="165173091" OBJECTGUID="baa61471-b706-4cf7-ad77-100a81cc09e2" CHANGEID="600831528" HOUSENUM="17" HOUSETYPE="2" OPERTYPEID="10" PREVID="0" NEXTID="0" UPDATEDATE="2024-09-10" STARTDATE="2024-09-10" ENDDATE="2079-06-06" ISACTUAL="1" ISACTIVE="1" /><HOUSE ID="126752112" OBJECTID="165173107" OBJECTGUID="e386c506-c0e7-487d-bc4e-063fc642202c" CHANGEID="600831546" HOUSENUM="2" HOUSETYPE="2" OPERTYPEID="10" PREVID="0" NEXTID="0" UPDATEDATE="2024-09-10" STARTDATE="2024-09-10" ENDDATE="2079-06-06" ISACTUAL="1" ISACTIVE="1" /><HOUSE ID="126752108" OBJECTID="165173098" OBJECTGUID="c1450da4-1755-476d-87a5-0fbabdfdab7a" CHANGEID="600831537" HOUSENUM="25" HOUSETYPE="2" OPERTYPEID="10" PREVID="0" NEXTID="0" UPDATEDATE="2024-09-10" STARTDATE="2024-09-10" ENDDATE="2079-06-06" ISACTUAL="1" ISACTIVE="1" /><HOUSE ID="126752110" OBJECTID="165173102" OBJECTGUID="25ac8eb7-4180-4b94-9783-68f206daf6c3" CHANGEID="600831541" HOUSENUM="18" HOUSETYPE="2" OPERTYPEID="10" PREVID="0" NEXTID="0" UPDATEDATE="2024-09-10" STARTDATE="2024-09-10" ENDDATE="2079-06-06" ISACTUAL="1" ISACTIVE="1" /><HOUSE ID="126752567" OBJECTID="165174144" OBJECTGUID="af0402dc-4906-4952-8bd0-ae09ff503be5" CHANGEID="600833429" HOUSENUM="3" HOUSETYPE="2" OPERTYPEID="10" PREVID="0" NEXTID="0" UPDATEDATE="2024-09-10" STARTDATE="2024-09-10" ENDDATE="2079-06-06" ISACTUAL="1" ISACTIVE="1" /><HOUSE ID="126752569" OBJECTID="165174148" OBJECTGUID="569aa26f-2bde-48f3-a38d-eae7d978372c" CHANGEID="600833433" HOUSENUM="45/1" HOUSETYPE="2" OPERTYPEID="10" PREVID="0" NEXTID="0" UPDATEDATE="2024-09-10" STARTDATE="2024-09-10" ENDDATE="2079-06-06" ISACTUAL="1" ISACTIVE="1" /><HOUSE ID="126752570" OBJECTID="165174149" OBJECTGUID="5ef51080-81be-46c1-b0d4-6790fe0a3c65" CHANGEID="600833434" HOUSENUM="10" HOUSETYPE="2" OPERTYPEID="10" PREVID="0" NEXTID="0" UPDATEDATE="2024-09-10" STARTDATE="2024-09-10" ENDDATE="2079-06-06" ISACTUAL="1" ISACTIVE="1" /><HOUSE ID="126752642" OBJECTID="54658408" OBJECTGUID="e1ec699f-3db7-420e-b219-4c20125059f7" CHANGEID="600834222" HOUSENUM="36/1" HOUSETYPE="2" OPERTYPEID="20" PREVID="32656514" UPDATEDATE="2024-09-10" STARTDATE="2024-09-10" ENDDATE="2079-06-06" ISACTUAL="1" ISACTIVE="1" /><HOUSE ID="126752582" OBJECTID="165174172" OBJECTGUID="d5645f6d-c8e5-4649-9741-16de0c754b45" CHANGEID="600833467" HOUSENUM="6В" HOUSETYPE="2" OPERTYPEID="10" PREVID="0" NEXTID="0" UPDATEDATE="2024-09-10" STARTDATE="2024-09-10" ENDDATE="2079-06-06" ISACTUAL="1" ISACTIVE="1" /><HOUSE ID="126754199" OBJECTID="165181225" OBJECTGUID="a0620eee-aaaf-4706-a2b1-492fa5224888" CHANGEID="600844885" HOUSENUM="57" HOUSETYPE="2" OPERTYPEID="10" PREVID="0" NEXTID="0" UPDATEDATE="2024-09-10" STARTDATE="2024-09-10" ENDDATE="2079-06-06" ISACTUAL="1" ISACTIVE="1" /><HOUSE ID="126754621" OBJECTID="67841289" OBJECTGUID="8982ff15-d84f-448d-88f7-2418eccc66e2" CHANGEID="600847753" HOUSENUM="51" HOUSETYPE="2" OPERTYPEID="20" PREVID="40876861" UPDATEDATE="2024-09-10" STARTDATE="2024-09-10" ENDDATE="2079-06-06" ISACTUAL="1" ISACTIVE="1" /><HOUSE ID="126754636" OBJECTID="67837200" OBJECTGUID="d924a939-9e3f-4e6a-ba51-5a1f9473cd8a" CHANGEID="600847777" HOUSENUM="52" HOUSETYPE="2" OPERTYPEID="20" PREVID="40874265" UPDATEDATE="2024-09-10" STARTDATE="2024-09-10" ENDDATE="2079-06-06" ISACTUAL="1" ISACTIVE="1" /><HOUSE ID="126754639" OBJECTID="83247868" OBJECTGUID="4cb66e19-0a1c-463b-b0ff-e82bf159bc03" CHANGEID="600847785" HOUSENUM="75" HOUSETYPE="2" OPERTYPEID="20" PREVID="50382833" UPDATEDATE="2024-09-10" STARTDATE="2024-09-10" ENDDATE="2079-06-06" ISACTUAL="1" ISACTIVE="1" /><HOUSE ID="29431512" OBJECTID="49211718" OBJECTGUID="3ab962d3-0181-4143-a698-7b8c12051e91" CHANGEID="73926248" HOUSENUM="8" HOUSETYPE="3" OPERTYPEID="20" PREVID="29431508" NEXTID="126754645" UPDATEDATE="2024-09-10" STARTDATE="2019-04-02" ENDDATE="2024-09-10" ISACTUAL="0" ISACTIVE="0" /><HOUSE ID="126754645" OBJECTID="49211718" OBJECTGUID="3ab962d3-0181-4143-a698-7b8c12051e91" CHANGEID="600847805" HOUSENUM="8" HOUSETYPE="2" OPERTYPEID="20" PREVID="29431512" UPDATEDATE="2024-09-10" STARTDATE="2024-09-10" ENDDATE="2079-06-06" ISACTUAL="1" ISACTIVE="1" /><HOUSE ID="49955329" OBJECTID="82556207" OBJECTGUID="911e77eb-3331-41cd-a897-1ddd96649920" CHANGEID="122647205" HOUSENUM="11" HOUSETYPE="3" OPERTYPEID="20" PREVID="49955215" NEXTID="126754697" UPDATEDATE="2024-09-10" STARTDATE="2019-04-24" ENDDATE="2024-09-10" ISACTUAL="0" ISACTIVE="0" /><HOUSE ID="126754697" OBJECTID="82556207" OBJECTGUID="911e77eb-3331-41cd-a897-1ddd96649920" CHANGEID="600848052" HOUSENUM="11" HOUSETYPE="2" OPERTYPEID="20" PREVID="49955329" UPDATEDATE="2024-09-10" STARTDATE="2024-09-10" ENDDATE="2079-06-06" ISACTUAL="1" ISACTIVE="1" /><HOUSE ID="49965543" OBJECTID="82572643" OBJECTGUID="562a3b9e-4f68-447a-b497-e355ad33140a" CHANGEID="122670984" HOUSENUM="13" HOUSETYPE="3" OPERTYPEID="20" PREVID="49965518" NEXTID="126754699" UPDATEDATE="2024-09-10" STARTDATE="2019-04-24" ENDDATE="2024-09-10" ISACTUAL="0" ISACTIVE="0" /><HOUSE ID="126754699" OBJECTID="82572643" OBJECTGUID="562a3b9e-4f68-447a-b497-e355ad33140a" CHANGEID="600848058" HOUSENUM="13" HOUSETYPE="2" OPERTYPEID="20" PREVID="49965543" UPDATEDATE="2024-09-10" STARTDATE="2024-09-10" ENDDATE="2079-06-06" ISACTUAL="1" ISACTIVE="1" /><HOUSE ID="126754668" OBJECTID="15170842" OBJECTGUID="c23350b2-10ad-4f7d-9e47-cb0f5e270778" CHANGEID="600847900" HOUSENUM="25" HOUSETYPE="2" OPERTYPEID="20" PREVID="8538772" UPDATEDATE="2024-09-10" STARTDATE="2024-09-10" ENDDATE="2079-06-06" ISACTUAL="1" ISACTIVE="1" /><HOUSE ID="37674193" OBJECTID="62673640" OBJECTGUID="ad2c73c0-aa06-46a6-a15a-2ce44459599a" CHANGEID="93559433" HOUSENUM="10з" HOUSETYPE="3" OPERTYPEID="20" PREVID="37673989" NEXTID="126754676" UPDATEDATE="2024-09-10" STARTDATE="2019-05-07" ENDDATE="2024-09-10" ISACTUAL="0" ISACTIVE="0" /><HOUSE ID="126754676" OBJECTID="62673640" OBJECTGUID="ad2c73c0-aa06-46a6-a15a-2ce44459599a" CHANGEID="600847945" HOUSENUM="10з" HOUSETYPE="2" OPERTYPEID="20" PREVID="37674193" UPDATEDATE="2024-09-10" STARTDATE="2024-09-10" ENDDATE="2079-06-06" ISACTUAL="1" ISACTIVE="1" /><HOUSE ID="126754678" OBJECTID="62620459" OBJECTGUID="afd53c0d-38ad-4f7a-bc90-a801c924cdeb" CHANGEID="600847973" HOUSENUM="65а" HOUSETYPE="2" OPERTYPEID="20" PREVID="37639693" UPDATEDATE="2024-09-10" STARTDATE="2024-09-10" ENDDATE="2079-06-06" ISACTUAL="1" ISACTIVE="1" /><HOUSE ID="49966392" OBJECTID="82573834" OBJECTGUID="73c6c02b-0745-473a-b8fc-c8afa698a2a5" CHANGEID="122672863" HOUSENUM="7" HOUSETYPE="3" OPERTYPEID="20" PREVID="49966255" NEXTID="126754685" UPDATEDATE="2024-09-10" STARTDATE="2019-04-24" ENDDATE="2024-09-10" ISACTUAL="0" ISACTIVE="0" /><HOUSE ID="126754685" OBJECTID="82573834" OBJECTGUID="73c6c02b-0745-473a-b8fc-c8afa698a2a5" CHANGEID="600847993" HOUSENUM="7" HOUSETYPE="2" OPERTYPEID="20" PREVID="49966392" UPDATEDATE="2024-09-10" STARTDATE="2024-09-10" ENDDATE="2079-06-06" ISACTUAL="1" ISACTIVE="1" /><HOUSE ID="49966145" OBJECTID="82573497" OBJECTGUID="ef7d4390-3a6b-4ce9-a05b-6c09a10b38f9" CHANGEID="122672471" HOUSENUM="8" HOUSETYPE="3" OPERTYPEID="20" PREVID="49965998" NEXTID="126754691" UPDATEDATE="2024-09-10" STARTDATE="2019-04-24" ENDDATE="2024-09-10" ISACTUAL="0" ISACTIVE="0" /><HOUSE ID="126754691" OBJECTID="82573497" OBJECTGUID="ef7d4390-3a6b-4ce9-a05b-6c09a10b38f9" CHANGEID="600848017" HOUSENUM="8" HOUSETYPE="2" OPERTYPEID="20" PREVID="49966145" UPDATEDATE="2024-09-10" STARTDATE="2024-09-10" ENDDATE="2079-06-06" ISACTUAL="1" ISACTIVE="1" /><HOUSE ID="49965969" OBJECTID="82573308" OBJECTGUID="d069166b-caac-4c4d-a7a7-59e0366d4c4d" CHANGEID="122672017" HOUSENUM="9а" HOUSETYPE="3" OPERTYPEID="20" PREVID="49965881" NEXTID="126754694" UPDATEDATE="2024-09-10" STARTDATE="2019-04-24" ENDDATE="2024-09-10" ISACTUAL="0" ISACTIVE="0" /><HOUSE ID="126754694" OBJECTID="82573308" OBJECTGUID="d069166b-caac-4c4d-a7a7-59e0366d4c4d" CHANGEID="600848045" HOUSENUM="9а" HOUSETYPE="2" OPERTYPEID="20" PREVID="49965969" UPDATEDATE="2024-09-10" STARTDATE="2024-09-10" ENDDATE="2079-06-06" ISACTUAL="1" ISACTIVE="1" /><HOUSE ID="49965422" OBJECTID="82572318" OBJECTGUID="a1df44b4-2f69-4f3c-b1ed-d47ea299f409" CHANGEID="122670590" HOUSENUM="15" HOUSETYPE="3" OPERTYPEID="20" PREVID="49965340" NEXTID="126754701" UPDATEDATE="2024-09-10" STARTDATE="2019-04-24" ENDDATE="2024-09-10" ISACTUAL="0" ISACTIVE="0" /><HOUSE ID="126754701" OBJECTID="82572318" OBJECTGUID="a1df44b4-2f69-4f3c-b1ed-d47ea299f409" CHANGEID="600848061" HOUSENUM="15" HOUSETYPE="2" OPERTYPEID="20" PREVID="49965422" UPDATEDATE="2024-09-10" STARTDATE="2024-09-10" ENDDATE="2079-06-06" ISACTUAL="1" ISACTIVE="1" /><HOUSE ID="126758523" OBJECTID="165205185" OBJECTGUID="3445e97d-e567-49e7-bbdf-99020f27dba9" CHANGEID="600904069" HOUSENUM="64" HOUSETYPE="2" OPERTYPEID="10" PREVID="0" NEXTID="0" UPDATEDATE="2024-09-11" STARTDATE="2024-09-11" ENDDATE="2079-06-06" ISACTUAL="1" ISACTIVE="1" /><HOUSE ID="126759107" OBJECTID="165207929" OBJECTGUID="54784c74-be60-4e1e-a0de-327ef252dadb" CHANGEID="600908274" HOUSENUM="3" HOUSETYPE="2" OPERTYPEID="10" PREVID="0" NEXTID="0" UPDATEDATE="2024-09-11" STARTDATE="2024-09-11" ENDDATE="2079-06-06" ISACTUAL="1" ISACTIVE="1" /><HOUSE ID="126760589" OBJECTID="165215138" OBJECTGUID="eadd8ac5-f770-48ca-933f-daff6a91536d" CHANGEID="600920956" HOUSENUM="5" HOUSETYPE="2" OPERTYPEID="10" PREVID="0" NEXTID="0" UPDATEDATE="2024-09-11" STARTDATE="2024-09-11" ENDDATE="2079-06-06" ISACTUAL="1" ISACTIVE="1" /><HOUSE ID="126761307" OBJECTID="165218557" OBJECTGUID="843e6760-62f0-45fe-850f-d0ba8fc695e0" CHANGEID="600926229" HOUSENUM="19" HOUSETYPE="2" OPERTYPEID="10" PREVID="0" NEXTID="0" UPDATEDATE="2024-09-11" STARTDATE="2024-09-11" ENDDATE="2079-06-06" ISACTUAL="1" ISACTIVE="1" /></HOUSES>