﻿<?xml version="1.0" encoding="utf-8"?><STEADS><STEAD ID="10308994" OBJECTID="94842102" OBJECTGUID="fd0c6596-164a-426e-821e-a9a6dedacda8" CHANGEID="137795175" NUMBER="№36" OPERTYPEID="10" NEXTID="68627189" UPDATEDATE="2024-09-05" STARTDATE="2019-12-27" ENDDATE="2024-09-05" ISACTUAL="0" ISACTIVE="0" /><STEAD ID="68623312" OBJECTID="165080151" OBJECTGUID="6e5e9191-0395-4f3e-8d4b-5fc0b3eeeffc" CHANGEID="600542729" NUMBER="9а" OPERTYPEID="10" PREVID="0" NEXTID="0" UPDATEDATE="2024-09-05" STARTDATE="2024-09-05" ENDDATE="2079-06-06" ISACTUAL="1" ISACTIVE="1" /><STEAD ID="68623733" OBJECTID="165081154" OBJECTGUID="8cc6e99a-14fe-4a96-a918-76d9fc652883" CHANGEID="600544932" NUMBER="9" OPERTYPEID="10" PREVID="0" NEXTID="0" UPDATEDATE="2024-09-05" STARTDATE="2024-09-05" ENDDATE="2079-06-06" ISACTUAL="1" ISACTIVE="1" /><STEAD ID="68624165" OBJECTID="165082071" OBJECTGUID="1b7c9b1f-7359-4b9d-9707-8d3ac1cc2285" CHANGEID="600546160" NUMBER="86а" OPERTYPEID="10" PREVID="0" NEXTID="0" UPDATEDATE="2024-09-05" STARTDATE="2024-09-05" ENDDATE="2079-06-06" ISACTUAL="1" ISACTIVE="1" /><STEAD ID="68624182" OBJECTID="165082103" OBJECTGUID="f907d2d4-db9d-4780-a365-d031248cf887" CHANGEID="600546207" NUMBER="64" OPERTYPEID="10" PREVID="0" NEXTID="0" UPDATEDATE="2024-09-05" STARTDATE="2024-09-05" ENDDATE="2079-06-06" ISACTUAL="1" ISACTIVE="1" /><STEAD ID="68624196" OBJECTID="165082131" OBJECTGUID="d5eed8a8-8284-4ab3-ba70-532b2a40a72b" CHANGEID="600546283" NUMBER="52" OPERTYPEID="10" PREVID="0" NEXTID="0" UPDATEDATE="2024-09-05" STARTDATE="2024-09-05" ENDDATE="2079-06-06" ISACTUAL="1" ISACTIVE="1" /><STEAD ID="68624242" OBJECTID="165082197" OBJECTGUID="aa2e3f07-159f-4b71-a045-943a4220cf50" CHANGEID="600546389" NUMBER="47а" OPERTYPEID="10" PREVID="0" NEXTID="0" UPDATEDATE="2024-09-05" STARTDATE="2024-09-05" ENDDATE="2079-06-06" ISACTUAL="1" ISACTIVE="1" /><STEAD ID="68624358" OBJECTID="165082478" OBJECTGUID="6e54602c-8c54-4c51-96c4-8a3cf69ea54a" CHANGEID="600546834" NUMBER="9" OPERTYPEID="10" PREVID="0" NEXTID="0" UPDATEDATE="2024-09-05" STARTDATE="2024-09-05" ENDDATE="2079-06-06" ISACTUAL="1" ISACTIVE="1" /><STEAD ID="68626211" OBJECTID="165086605" OBJECTGUID="5defc0c5-6813-40dc-bdea-9225e5c76be6" CHANGEID="600553610" NUMBER="32" OPERTYPEID="10" PREVID="0" NEXTID="0" UPDATEDATE="2024-09-05" STARTDATE="2024-09-05" ENDDATE="2079-06-06" ISACTUAL="1" ISACTIVE="1" /><STEAD ID="68626836" OBJECTID="165088014" OBJECTGUID="84a65d09-45cb-4356-a045-00a5714f5e5b" CHANGEID="600556313" NUMBER="30" OPERTYPEID="10" PREVID="0" NEXTID="0" UPDATEDATE="2024-09-05" STARTDATE="2024-09-05" ENDDATE="2079-06-06" ISACTUAL="1" ISACTIVE="1" /><STEAD ID="68626946" OBJECTID="165088311" OBJECTGUID="f047e158-02a0-4114-ada3-133e78b8895e" CHANGEID="600557011" NUMBER="30а" OPERTYPEID="10" PREVID="0" NEXTID="0" UPDATEDATE="2024-09-05" STARTDATE="2024-09-05" ENDDATE="2079-06-06" ISACTUAL="1" ISACTIVE="1" /><STEAD ID="68627113" OBJECTID="165088559" OBJECTGUID="711c853c-9bfc-4bce-a058-0135141b530d" CHANGEID="600557661" NUMBER="11а" OPERTYPEID="10" PREVID="0" NEXTID="0" UPDATEDATE="2024-09-05" STARTDATE="2024-09-05" ENDDATE="2079-06-06" ISACTUAL="1" ISACTIVE="1" /><STEAD ID="68627125" OBJECTID="165088580" OBJECTGUID="e1c029c8-72fd-4170-93e3-20d2b2cd492e" CHANGEID="600557699" NUMBER="256" OPERTYPEID="10" PREVID="0" NEXTID="0" UPDATEDATE="2024-09-05" STARTDATE="2024-09-05" ENDDATE="2079-06-06" ISACTUAL="1" ISACTIVE="1" /><STEAD ID="68627150" OBJECTID="165088620" OBJECTGUID="6426d99a-ba52-423c-bd70-8176d43dae8c" CHANGEID="600557805" NUMBER="27а" OPERTYPEID="10" PREVID="0" NEXTID="0" UPDATEDATE="2024-09-05" STARTDATE="2024-09-05" ENDDATE="2079-06-06" ISACTUAL="1" ISACTIVE="1" /><STEAD ID="68627183" OBJECTID="165088719" OBJECTGUID="ed0a8741-3ded-4b65-96bd-9b8efb7c3eb7" CHANGEID="600557943" NUMBER="38а" OPERTYPEID="10" PREVID="0" NEXTID="0" UPDATEDATE="2024-09-05" STARTDATE="2024-09-05" ENDDATE="2079-06-06" ISACTUAL="1" ISACTIVE="1" /><STEAD ID="68627189" OBJECTID="94842102" OBJECTGUID="fd0c6596-164a-426e-821e-a9a6dedacda8" CHANGEID="600557966" NUMBER="36" OPERTYPEID="20" PREVID="10308994" UPDATEDATE="2024-09-05" STARTDATE="2024-09-05" ENDDATE="2079-06-06" ISACTUAL="1" ISACTIVE="1" /><STEAD ID="68627216" OBJECTID="165088792" OBJECTGUID="cecf592e-4a39-4159-9d65-77896ef8ea38" CHANGEID="600558058" NUMBER="9а" OPERTYPEID="10" PREVID="0" NEXTID="0" UPDATEDATE="2024-09-05" STARTDATE="2024-09-05" ENDDATE="2079-06-06" ISACTUAL="1" ISACTIVE="1" /><STEAD ID="68627405" OBJECTID="165089258" OBJECTGUID="f6c17212-68b9-4277-8085-c52a5f0ea58e" CHANGEID="600558930" NUMBER="203" OPERTYPEID="10" PREVID="0" NEXTID="0" UPDATEDATE="2024-09-05" STARTDATE="2024-09-05" ENDDATE="2079-06-06" ISACTUAL="1" ISACTIVE="1" /><STEAD ID="68630851" OBJECTID="165094956" OBJECTGUID="596ed14e-bbdb-420b-aac4-1b67249c98f8" CHANGEID="600568825" NUMBER="3а" OPERTYPEID="10" PREVID="0" NEXTID="0" UPDATEDATE="2024-09-06" STARTDATE="2024-09-06" ENDDATE="2079-06-06" ISACTUAL="1" ISACTIVE="1" /><STEAD ID="68635851" OBJECTID="165103129" OBJECTGUID="5320438a-4fb1-4afe-8316-d56d4d237533" CHANGEID="600584672" NUMBER="16" OPERTYPEID="10" PREVID="0" NEXTID="0" UPDATEDATE="2024-09-06" STARTDATE="2024-09-06" ENDDATE="2079-06-06" ISACTUAL="1" ISACTIVE="1" /><STEAD ID="68635852" OBJECTID="165103130" OBJECTGUID="bb8a6677-ed9e-48a9-9cfa-8ea18fb9302b" CHANGEID="600584673" NUMBER="45" OPERTYPEID="10" PREVID="0" NEXTID="0" UPDATEDATE="2024-09-06" STARTDATE="2024-09-06" ENDDATE="2079-06-06" ISACTUAL="1" ISACTIVE="1" /><STEAD ID="68635853" OBJECTID="165103131" OBJECTGUID="aa787589-90cb-4ff5-8e63-cdb9af5ffe50" CHANGEID="600584674" NUMBER="21" OPERTYPEID="10" PREVID="0" NEXTID="0" UPDATEDATE="2024-09-06" STARTDATE="2024-09-06" ENDDATE="2079-06-06" ISACTUAL="1" ISACTIVE="1" /><STEAD ID="68635854" OBJECTID="165103132" OBJECTGUID="254d9123-6dc1-4648-8d9d-65d721494c95" CHANGEID="600584675" NUMBER="47" OPERTYPEID="10" PREVID="0" NEXTID="0" UPDATEDATE="2024-09-06" STARTDATE="2024-09-06" ENDDATE="2079-06-06" ISACTUAL="1" ISACTIVE="1" /><STEAD ID="68635855" OBJECTID="165103133" OBJECTGUID="4d85295c-9dd7-4b6f-8124-5f90a8307a2b" CHANGEID="600584676" NUMBER="49" OPERTYPEID="10" PREVID="0" NEXTID="0" UPDATEDATE="2024-09-06" STARTDATE="2024-09-06" ENDDATE="2079-06-06" ISACTUAL="1" ISACTIVE="1" /><STEAD ID="68635856" OBJECTID="165103134" OBJECTGUID="b1edec38-c033-4a4d-9856-70c1604c1bd9" CHANGEID="600584677" NUMBER="44" OPERTYPEID="10" PREVID="0" NEXTID="0" UPDATEDATE="2024-09-06" STARTDATE="2024-09-06" ENDDATE="2079-06-06" ISACTUAL="1" ISACTIVE="1" /><STEAD ID="68635857" OBJECTID="165103135" OBJECTGUID="bfd85667-7686-483c-b1b1-f9f7a29d78db" CHANGEID="600584678" NUMBER="54" OPERTYPEID="10" PREVID="0" NEXTID="0" UPDATEDATE="2024-09-06" STARTDATE="2024-09-06" ENDDATE="2079-06-06" ISACTUAL="1" ISACTIVE="1" /><STEAD ID="68635858" OBJECTID="165103136" OBJECTGUID="d72bb4a9-0454-458b-9ae7-0f96d6ad7b50" CHANGEID="600584679" NUMBER="32" OPERTYPEID="10" PREVID="0" NEXTID="0" UPDATEDATE="2024-09-06" STARTDATE="2024-09-06" ENDDATE="2079-06-06" ISACTUAL="1" ISACTIVE="1" /><STEAD ID="68635859" OBJECTID="165103137" OBJECTGUID="46a3ec7d-0dc1-405e-94ed-24bca906dafc" CHANGEID="600584680" NUMBER="74" OPERTYPEID="10" PREVID="0" NEXTID="0" UPDATEDATE="2024-09-06" STARTDATE="2024-09-06" ENDDATE="2079-06-06" ISACTUAL="1" ISACTIVE="1" /><STEAD ID="68635860" OBJECTID="165103138" OBJECTGUID="6b9eb4af-7923-4933-88ba-b02e89201fae" CHANGEID="600584681" NUMBER="81" OPERTYPEID="10" PREVID="0" NEXTID="0" UPDATEDATE="2024-09-06" STARTDATE="2024-09-06" ENDDATE="2079-06-06" ISACTUAL="1" ISACTIVE="1" /><STEAD ID="68635861" OBJECTID="165103139" OBJECTGUID="027cb72c-30c2-4d95-bfb5-84493296b709" CHANGEID="600584682" NUMBER="85" OPERTYPEID="10" PREVID="0" NEXTID="0" UPDATEDATE="2024-09-06" STARTDATE="2024-09-06" ENDDATE="2079-06-06" ISACTUAL="1" ISACTIVE="1" /><STEAD ID="68635862" OBJECTID="165103140" OBJECTGUID="95a0adde-8e78-4f2f-8eab-fe14b8d5928c" CHANGEID="600584683" NUMBER="58" OPERTYPEID="10" PREVID="0" NEXTID="0" UPDATEDATE="2024-09-06" STARTDATE="2024-09-06" ENDDATE="2079-06-06" ISACTUAL="1" ISACTIVE="1" /><STEAD ID="68635863" OBJECTID="165103141" OBJECTGUID="c862598f-2811-47a6-8253-ec7524013adf" CHANGEID="600584684" NUMBER="87" OPERTYPEID="10" PREVID="0" NEXTID="0" UPDATEDATE="2024-09-06" STARTDATE="2024-09-06" ENDDATE="2079-06-06" ISACTUAL="1" ISACTIVE="1" /><STEAD ID="68635864" OBJECTID="165103142" OBJECTGUID="0c7ff078-98d2-4636-9cd9-29bebe831f31" CHANGEID="600584685" NUMBER="42" OPERTYPEID="10" PREVID="0" NEXTID="0" UPDATEDATE="2024-09-06" STARTDATE="2024-09-06" ENDDATE="2079-06-06" ISACTUAL="1" ISACTIVE="1" /><STEAD ID="68635865" OBJECTID="165103143" OBJECTGUID="7f33c671-802b-469f-86ca-1365dadc0f23" CHANGEID="600584686" NUMBER="62" OPERTYPEID="10" PREVID="0" NEXTID="0" UPDATEDATE="2024-09-06" STARTDATE="2024-09-06" ENDDATE="2079-06-06" ISACTUAL="1" ISACTIVE="1" /><STEAD ID="68635866" OBJECTID="165103144" OBJECTGUID="28f69b4d-7316-43ac-8634-0da81ba27ca7" CHANGEID="600584687" NUMBER="69" OPERTYPEID="10" PREVID="0" NEXTID="0" UPDATEDATE="2024-09-06" STARTDATE="2024-09-06" ENDDATE="2079-06-06" ISACTUAL="1" ISACTIVE="1" /><STEAD ID="68635867" OBJECTID="165103145" OBJECTGUID="9cd13231-23d9-4430-a2b7-7a701e981d68" CHANGEID="600584688" NUMBER="36" OPERTYPEID="10" PREVID="0" NEXTID="0" UPDATEDATE="2024-09-06" STARTDATE="2024-09-06" ENDDATE="2079-06-06" ISACTUAL="1" ISACTIVE="1" /><STEAD ID="68635868" OBJECTID="165103146" OBJECTGUID="fefd1601-92bb-4c80-b6d8-3a92f4f0cc85" CHANGEID="600584689" NUMBER="29" OPERTYPEID="10" PREVID="0" NEXTID="0" UPDATEDATE="2024-09-06" STARTDATE="2024-09-06" ENDDATE="2079-06-06" ISACTUAL="1" ISACTIVE="1" /><STEAD ID="68635869" OBJECTID="165103147" OBJECTGUID="161d7701-7c69-4052-932c-f4222410ca76" CHANGEID="600584690" NUMBER="35" OPERTYPEID="10" PREVID="0" NEXTID="0" UPDATEDATE="2024-09-06" STARTDATE="2024-09-06" ENDDATE="2079-06-06" ISACTUAL="1" ISACTIVE="1" /><STEAD ID="68635870" OBJECTID="165103148" OBJECTGUID="a40234d2-1d38-42a2-98d3-492fcab6d950" CHANGEID="600584691" NUMBER="37" OPERTYPEID="10" PREVID="0" NEXTID="0" UPDATEDATE="2024-09-06" STARTDATE="2024-09-06" ENDDATE="2079-06-06" ISACTUAL="1" ISACTIVE="1" /><STEAD ID="68635871" OBJECTID="165103149" OBJECTGUID="bbd95bec-6d11-4cc1-83c4-7c84bad48527" CHANGEID="600584692" NUMBER="28" OPERTYPEID="10" PREVID="0" NEXTID="0" UPDATEDATE="2024-09-06" STARTDATE="2024-09-06" ENDDATE="2079-06-06" ISACTUAL="1" ISACTIVE="1" /><STEAD ID="68635888" OBJECTID="165103176" OBJECTGUID="01949070-e7ea-419e-9fda-d5c0f5cc6088" CHANGEID="600584732" NUMBER="113" OPERTYPEID="10" PREVID="0" NEXTID="0" UPDATEDATE="2024-09-06" STARTDATE="2024-09-06" ENDDATE="2079-06-06" ISACTUAL="1" ISACTIVE="1" /><STEAD ID="68635924" OBJECTID="165103225" OBJECTGUID="6747e0ec-6178-4a0f-88e7-2ff2cdb42604" CHANGEID="600584818" NUMBER="111" OPERTYPEID="10" PREVID="0" NEXTID="0" UPDATEDATE="2024-09-06" STARTDATE="2024-09-06" ENDDATE="2079-06-06" ISACTUAL="1" ISACTIVE="1" /><STEAD ID="68636807" OBJECTID="165104262" OBJECTGUID="984f95fd-de15-4cf0-be6b-2b27fb7c230b" CHANGEID="600586685" NUMBER="109" OPERTYPEID="10" PREVID="0" NEXTID="0" UPDATEDATE="2024-09-06" STARTDATE="2024-09-06" ENDDATE="2079-06-06" ISACTUAL="1" ISACTIVE="1" /><STEAD ID="68636923" OBJECTID="165104423" OBJECTGUID="3aad9319-4122-4922-858a-b53f189021c4" CHANGEID="600586953" NUMBER="118" OPERTYPEID="10" PREVID="0" NEXTID="0" UPDATEDATE="2024-09-06" STARTDATE="2024-09-06" ENDDATE="2079-06-06" ISACTUAL="1" ISACTIVE="1" /><STEAD ID="68641070" OBJECTID="165111917" OBJECTGUID="c882598d-f057-47bc-92d5-2c5bb37fc055" CHANGEID="600617987" NUMBER="7" OPERTYPEID="10" PREVID="0" NEXTID="0" UPDATEDATE="2024-09-06" STARTDATE="2024-09-06" ENDDATE="2079-06-06" ISACTUAL="1" ISACTIVE="1" /><STEAD ID="68641304" OBJECTID="165112252" OBJECTGUID="713b28b2-7a2a-45d8-b316-453c591c286f" CHANGEID="600645258" NUMBER="3" OPERTYPEID="10" PREVID="0" NEXTID="0" UPDATEDATE="2024-09-06" STARTDATE="2024-09-06" ENDDATE="2079-06-06" ISACTUAL="1" ISACTIVE="1" /><STEAD ID="68641339" OBJECTID="165112445" OBJECTGUID="c01bdef0-181b-4a33-a5cb-fded2c3458e1" CHANGEID="600650686" NUMBER="16" OPERTYPEID="10" PREVID="0" NEXTID="0" UPDATEDATE="2024-09-06" STARTDATE="2024-09-06" ENDDATE="2079-06-06" ISACTUAL="1" ISACTIVE="1" /><STEAD ID="68641362" OBJECTID="165112504" OBJECTGUID="db8b5020-7f25-42c5-b3b5-b176b7e6d2c7" CHANGEID="600653053" NUMBER="126" OPERTYPEID="10" PREVID="0" NEXTID="0" UPDATEDATE="2024-09-06" STARTDATE="2024-09-06" ENDDATE="2079-06-06" ISACTUAL="1" ISACTIVE="1" /><STEAD ID="68641378" OBJECTID="165112550" OBJECTGUID="7aee60c3-295d-4d11-ad63-e67927b0ee96" CHANGEID="600656164" NUMBER="74" OPERTYPEID="10" PREVID="0" NEXTID="0" UPDATEDATE="2024-09-06" STARTDATE="2024-09-06" ENDDATE="2079-06-06" ISACTUAL="1" ISACTIVE="1" /><STEAD ID="68643392" OBJECTID="165115350" OBJECTGUID="1d2e1868-311b-4a61-a1f5-9254d5ebb1cc" CHANGEID="600705155" NUMBER="9" OPERTYPEID="10" PREVID="0" NEXTID="0" UPDATEDATE="2024-09-06" STARTDATE="2024-09-06" ENDDATE="2079-06-06" ISACTUAL="1" ISACTIVE="1" /><STEAD ID="68643417" OBJECTID="165115394" OBJECTGUID="bfa449ed-a0b0-459d-a922-e41d2bf11f85" CHANGEID="600705245" NUMBER="20" OPERTYPEID="10" PREVID="0" NEXTID="0" UPDATEDATE="2024-09-06" STARTDATE="2024-09-06" ENDDATE="2079-06-06" ISACTUAL="1" ISACTIVE="1" /><STEAD ID="68643459" OBJECTID="165115457" OBJECTGUID="49c32dcf-7d57-46a7-9811-7f82c73eb9f5" CHANGEID="600705398" NUMBER="8А/1" OPERTYPEID="10" PREVID="0" NEXTID="0" UPDATEDATE="2024-09-06" STARTDATE="2024-09-06" ENDDATE="2079-06-06" ISACTUAL="1" ISACTIVE="1" /><STEAD ID="68643342" OBJECTID="165115288" OBJECTGUID="596424cf-72a1-4c34-9a97-c657d824bbb1" CHANGEID="600705027" NUMBER="25/1" OPERTYPEID="10" PREVID="0" NEXTID="0" UPDATEDATE="2024-09-06" STARTDATE="2024-09-06" ENDDATE="2079-06-06" ISACTUAL="1" ISACTIVE="1" /><STEAD ID="68643883" OBJECTID="165116050" OBJECTGUID="94bca28e-0cd7-4329-b918-937db127df39" CHANGEID="600706833" NUMBER="1" OPERTYPEID="10" PREVID="0" NEXTID="0" UPDATEDATE="2024-09-06" STARTDATE="2024-09-06" ENDDATE="2079-06-06" ISACTUAL="1" ISACTIVE="1" /><STEAD ID="68643884" OBJECTID="165116051" OBJECTGUID="2108a4a1-9cee-49a6-b983-a7e29661785b" CHANGEID="600706834" NUMBER="17" OPERTYPEID="10" PREVID="0" NEXTID="0" UPDATEDATE="2024-09-06" STARTDATE="2024-09-06" ENDDATE="2079-06-06" ISACTUAL="1" ISACTIVE="1" /><STEAD ID="68643885" OBJECTID="165116052" OBJECTGUID="05a6fbc8-0a96-4d9c-b49b-34ff04d59cac" CHANGEID="600706835" NUMBER="4" OPERTYPEID="10" PREVID="0" NEXTID="0" UPDATEDATE="2024-09-06" STARTDATE="2024-09-06" ENDDATE="2079-06-06" ISACTUAL="1" ISACTIVE="1" /><STEAD ID="68643886" OBJECTID="165116053" OBJECTGUID="ddbf7a4f-0d9d-4c64-bb34-74500e186b75" CHANGEID="600706836" NUMBER="30" OPERTYPEID="10" PREVID="0" NEXTID="0" UPDATEDATE="2024-09-06" STARTDATE="2024-09-06" ENDDATE="2079-06-06" ISACTUAL="1" ISACTIVE="1" /><STEAD ID="68643887" OBJECTID="165116054" OBJECTGUID="8c749b84-df25-4c3f-b3ec-56418f61b974" CHANGEID="600706837" NUMBER="31" OPERTYPEID="10" PREVID="0" NEXTID="0" UPDATEDATE="2024-09-06" STARTDATE="2024-09-06" ENDDATE="2079-06-06" ISACTUAL="1" ISACTIVE="1" /><STEAD ID="68643888" OBJECTID="165116055" OBJECTGUID="6c436b3a-e7ce-4240-99c9-993618d17512" CHANGEID="600706838" NUMBER="26" OPERTYPEID="10" PREVID="0" NEXTID="0" UPDATEDATE="2024-09-06" STARTDATE="2024-09-06" ENDDATE="2079-06-06" ISACTUAL="1" ISACTIVE="1" /><STEAD ID="68643889" OBJECTID="165116056" OBJECTGUID="9735e120-340a-4ed4-ab3c-8e85655270d4" CHANGEID="600706839" NUMBER="9" OPERTYPEID="10" PREVID="0" NEXTID="0" UPDATEDATE="2024-09-06" STARTDATE="2024-09-06" ENDDATE="2079-06-06" ISACTUAL="1" ISACTIVE="1" /><STEAD ID="68643890" OBJECTID="165116057" OBJECTGUID="64ab248f-905e-4a35-8c27-4dabc01ca26d" CHANGEID="600706840" NUMBER="14" OPERTYPEID="10" PREVID="0" NEXTID="0" UPDATEDATE="2024-09-06" STARTDATE="2024-09-06" ENDDATE="2079-06-06" ISACTUAL="1" ISACTIVE="1" /><STEAD ID="68643891" OBJECTID="165116058" OBJECTGUID="9a130222-796c-470c-b527-ad2a8cc8564f" CHANGEID="600706841" NUMBER="24" OPERTYPEID="10" PREVID="0" NEXTID="0" UPDATEDATE="2024-09-06" STARTDATE="2024-09-06" ENDDATE="2079-06-06" ISACTUAL="1" ISACTIVE="1" /><STEAD ID="68643892" OBJECTID="165116059" OBJECTGUID="f1ca1195-39d8-48bc-a341-4046f57bb3c8" CHANGEID="600706842" NUMBER="28" OPERTYPEID="10" PREVID="0" NEXTID="0" UPDATEDATE="2024-09-06" STARTDATE="2024-09-06" ENDDATE="2079-06-06" ISACTUAL="1" ISACTIVE="1" /><STEAD ID="68643893" OBJECTID="165116060" OBJECTGUID="038a6b8f-2b90-4600-a092-c3345eb6648c" CHANGEID="600706843" NUMBER="13" OPERTYPEID="10" PREVID="0" NEXTID="0" UPDATEDATE="2024-09-06" STARTDATE="2024-09-06" ENDDATE="2079-06-06" ISACTUAL="1" ISACTIVE="1" /><STEAD ID="68643894" OBJECTID="165116061" OBJECTGUID="e379192e-8b06-48b9-b244-b70cbf0681ce" CHANGEID="600706844" NUMBER="47" OPERTYPEID="10" PREVID="0" NEXTID="0" UPDATEDATE="2024-09-06" STARTDATE="2024-09-06" ENDDATE="2079-06-06" ISACTUAL="1" ISACTIVE="1" /><STEAD ID="68644014" OBJECTID="165116315" OBJECTGUID="7986aa60-9caa-467b-9edc-9d5ea2b1bc3d" CHANGEID="600707321" NUMBER="1а" OPERTYPEID="10" PREVID="0" NEXTID="0" UPDATEDATE="2024-09-06" STARTDATE="2024-09-06" ENDDATE="2079-06-06" ISACTUAL="1" ISACTIVE="1" /><STEAD ID="68644028" OBJECTID="165116332" OBJECTGUID="f463a6a9-2122-4044-b420-257df28c45c6" CHANGEID="600707442" NUMBER="10" OPERTYPEID="10" PREVID="0" NEXTID="0" UPDATEDATE="2024-09-06" STARTDATE="2024-09-06" ENDDATE="2079-06-06" ISACTUAL="1" ISACTIVE="1" /><STEAD ID="68649869" OBJECTID="165125718" OBJECTGUID="33422c84-1236-4e3e-aba9-5eadcae235c4" CHANGEID="600751333" NUMBER="9а" OPERTYPEID="10" PREVID="0" NEXTID="0" UPDATEDATE="2024-09-09" STARTDATE="2024-09-09" ENDDATE="2079-06-06" ISACTUAL="1" ISACTIVE="1" /><STEAD ID="68649870" OBJECTID="165125719" OBJECTGUID="c4b76d7d-81c8-4dc3-a572-3217629f9da0" CHANGEID="600751334" NUMBER="12/1" OPERTYPEID="10" PREVID="0" NEXTID="0" UPDATEDATE="2024-09-09" STARTDATE="2024-09-09" ENDDATE="2079-06-06" ISACTUAL="1" ISACTIVE="1" /><STEAD ID="68649871" OBJECTID="165125720" OBJECTGUID="7e737f24-a5e6-4f39-8816-b4a758d1a77b" CHANGEID="600751336" NUMBER="48" OPERTYPEID="10" PREVID="0" NEXTID="0" UPDATEDATE="2024-09-09" STARTDATE="2024-09-09" ENDDATE="2079-06-06" ISACTUAL="1" ISACTIVE="1" /><STEAD ID="68649872" OBJECTID="165125721" OBJECTGUID="b3399763-95d5-4554-9954-719460db09bf" CHANGEID="600751338" NUMBER="58/1" OPERTYPEID="10" PREVID="0" NEXTID="0" UPDATEDATE="2024-09-09" STARTDATE="2024-09-09" ENDDATE="2079-06-06" ISACTUAL="1" ISACTIVE="1" /><STEAD ID="68649875" OBJECTID="165125724" OBJECTGUID="8f790c6c-6287-4988-b03d-2f4958ba44ab" CHANGEID="600751343" NUMBER="13" OPERTYPEID="10" PREVID="0" NEXTID="0" UPDATEDATE="2024-09-09" STARTDATE="2024-09-09" ENDDATE="2079-06-06" ISACTUAL="1" ISACTIVE="1" /><STEAD ID="68649877" OBJECTID="165125726" OBJECTGUID="67da4aa8-828b-41ee-a48d-6cbe6b42d097" CHANGEID="600751347" NUMBER="19/3" OPERTYPEID="10" PREVID="0" NEXTID="0" UPDATEDATE="2024-09-09" STARTDATE="2024-09-09" ENDDATE="2079-06-06" ISACTUAL="1" ISACTIVE="1" /><STEAD ID="68649879" OBJECTID="165125728" OBJECTGUID="9e198347-9ddc-4abf-b53f-92b79a8c2131" CHANGEID="600751349" NUMBER="15" OPERTYPEID="10" PREVID="0" NEXTID="0" UPDATEDATE="2024-09-09" STARTDATE="2024-09-09" ENDDATE="2079-06-06" ISACTUAL="1" ISACTIVE="1" /><STEAD ID="68649880" OBJECTID="165125729" OBJECTGUID="a5950ce5-fcf2-42a6-9c61-693716a30183" CHANGEID="600751350" NUMBER="26" OPERTYPEID="10" PREVID="0" NEXTID="0" UPDATEDATE="2024-09-09" STARTDATE="2024-09-09" ENDDATE="2079-06-06" ISACTUAL="1" ISACTIVE="1" /><STEAD ID="68649881" OBJECTID="165125730" OBJECTGUID="5eef4fad-ba02-4e6f-939f-741c5bd501bf" CHANGEID="600751351" NUMBER="11б" OPERTYPEID="10" PREVID="0" NEXTID="0" UPDATEDATE="2024-09-09" STARTDATE="2024-09-09" ENDDATE="2079-06-06" ISACTUAL="1" ISACTIVE="1" /><STEAD ID="68649882" OBJECTID="165125732" OBJECTGUID="1f24014f-c0c2-466c-9ccd-d68c105f3e4c" CHANGEID="600751354" NUMBER="17" OPERTYPEID="10" PREVID="0" NEXTID="0" UPDATEDATE="2024-09-09" STARTDATE="2024-09-09" ENDDATE="2079-06-06" ISACTUAL="1" ISACTIVE="1" /><STEAD ID="68649883" OBJECTID="165125734" OBJECTGUID="a9d3f126-8a82-492d-a003-f406ce5cf501" CHANGEID="600751356" NUMBER="16а" OPERTYPEID="10" PREVID="0" NEXTID="0" UPDATEDATE="2024-09-09" STARTDATE="2024-09-09" ENDDATE="2079-06-06" ISACTUAL="1" ISACTIVE="1" /><STEAD ID="68649884" OBJECTID="165125736" OBJECTGUID="5b8d1f28-b5c7-46c5-a815-cd520212404b" CHANGEID="600751362" NUMBER="87/2" OPERTYPEID="10" PREVID="0" NEXTID="0" UPDATEDATE="2024-09-09" STARTDATE="2024-09-09" ENDDATE="2079-06-06" ISACTUAL="1" ISACTIVE="1" /><STEAD ID="68649885" OBJECTID="165125738" OBJECTGUID="997b309c-b0df-4d76-a4d2-29e760b9aa0c" CHANGEID="600751367" NUMBER="2" OPERTYPEID="10" PREVID="0" NEXTID="0" UPDATEDATE="2024-09-09" STARTDATE="2024-09-09" ENDDATE="2079-06-06" ISACTUAL="1" ISACTIVE="1" /><STEAD ID="68649887" OBJECTID="165125741" OBJECTGUID="599fdb97-30cd-4225-84ab-a5bf033ad2da" CHANGEID="600751373" NUMBER="85/10" OPERTYPEID="10" PREVID="0" NEXTID="0" UPDATEDATE="2024-09-09" STARTDATE="2024-09-09" ENDDATE="2079-06-06" ISACTUAL="1" ISACTIVE="1" /><STEAD ID="68649888" OBJECTID="165125744" OBJECTGUID="576f43c6-18e5-425e-bf27-d923ea2880ac" CHANGEID="600751376" NUMBER="8" OPERTYPEID="10" PREVID="0" NEXTID="0" UPDATEDATE="2024-09-09" STARTDATE="2024-09-09" ENDDATE="2079-06-06" ISACTUAL="1" ISACTIVE="1" /><STEAD ID="68649889" OBJECTID="165125745" OBJECTGUID="62b60342-ff23-4b82-aab2-5fbf9bcf2d5a" CHANGEID="600751377" NUMBER="26" OPERTYPEID="10" PREVID="0" NEXTID="0" UPDATEDATE="2024-09-09" STARTDATE="2024-09-09" ENDDATE="2079-06-06" ISACTUAL="1" ISACTIVE="1" /><STEAD ID="68649890" OBJECTID="165125746" OBJECTGUID="b40fa218-480c-4110-b2b9-7f9496f82455" CHANGEID="600751378" NUMBER="3" OPERTYPEID="10" PREVID="0" NEXTID="0" UPDATEDATE="2024-09-09" STARTDATE="2024-09-09" ENDDATE="2079-06-06" ISACTUAL="1" ISACTIVE="1" /><STEAD ID="68649891" OBJECTID="165125747" OBJECTGUID="ddffd8bb-dadd-438c-bb63-08a2cb116c42" CHANGEID="600751379" NUMBER="17" OPERTYPEID="10" PREVID="0" NEXTID="0" UPDATEDATE="2024-09-09" STARTDATE="2024-09-09" ENDDATE="2079-06-06" ISACTUAL="1" ISACTIVE="1" /><STEAD ID="68649892" OBJECTID="165125748" OBJECTGUID="10a87f8c-1089-442e-aa2a-4d0c77587ebe" CHANGEID="600751380" NUMBER="2" OPERTYPEID="10" PREVID="0" NEXTID="0" UPDATEDATE="2024-09-09" STARTDATE="2024-09-09" ENDDATE="2079-06-06" ISACTUAL="1" ISACTIVE="1" /><STEAD ID="68649893" OBJECTID="165125749" OBJECTGUID="05316cc3-e23d-4d7b-b8be-a1ff627b167d" CHANGEID="600751382" NUMBER="27А" OPERTYPEID="10" PREVID="0" NEXTID="0" UPDATEDATE="2024-09-09" STARTDATE="2024-09-09" ENDDATE="2079-06-06" ISACTUAL="1" ISACTIVE="1" /><STEAD ID="68649894" OBJECTID="165125750" OBJECTGUID="f28aec23-c0f1-4246-b092-9c545c6e05b8" CHANGEID="600751383" NUMBER="27" OPERTYPEID="10" PREVID="0" NEXTID="0" UPDATEDATE="2024-09-09" STARTDATE="2024-09-09" ENDDATE="2079-06-06" ISACTUAL="1" ISACTIVE="1" /><STEAD ID="68649895" OBJECTID="165125751" OBJECTGUID="26cd67c8-3219-483c-8ab3-c5d1c618ac77" CHANGEID="600751384" NUMBER="1" OPERTYPEID="10" PREVID="0" NEXTID="0" UPDATEDATE="2024-09-09" STARTDATE="2024-09-09" ENDDATE="2079-06-06" ISACTUAL="1" ISACTIVE="1" /><STEAD ID="68649896" OBJECTID="165125752" OBJECTGUID="1f8f90ae-3525-4d21-a0b0-88979c6a4ead" CHANGEID="600751385" NUMBER="1А" OPERTYPEID="10" PREVID="0" NEXTID="0" UPDATEDATE="2024-09-09" STARTDATE="2024-09-09" ENDDATE="2079-06-06" ISACTUAL="1" ISACTIVE="1" /><STEAD ID="68649897" OBJECTID="165125753" OBJECTGUID="d82f2641-9e13-4ae5-b9bd-e6d873477902" CHANGEID="600751386" NUMBER="1Б" OPERTYPEID="10" PREVID="0" NEXTID="0" UPDATEDATE="2024-09-09" STARTDATE="2024-09-09" ENDDATE="2079-06-06" ISACTUAL="1" ISACTIVE="1" /><STEAD ID="68649898" OBJECTID="165125754" OBJECTGUID="cec2ea38-57fe-4eaf-b4a6-bc08011f9e01" CHANGEID="600751387" NUMBER="7" OPERTYPEID="10" PREVID="0" NEXTID="0" UPDATEDATE="2024-09-09" STARTDATE="2024-09-09" ENDDATE="2079-06-06" ISACTUAL="1" ISACTIVE="1" /><STEAD ID="68649899" OBJECTID="165125755" OBJECTGUID="24d988ad-7beb-4e4d-9782-5877d6a7e24b" CHANGEID="600751388" NUMBER="1" OPERTYPEID="10" PREVID="0" NEXTID="0" UPDATEDATE="2024-09-09" STARTDATE="2024-09-09" ENDDATE="2079-06-06" ISACTUAL="1" ISACTIVE="1" /><STEAD ID="68649900" OBJECTID="165125756" OBJECTGUID="e71ad613-51c9-456b-a842-42ea750ff33b" CHANGEID="600751389" NUMBER="24" OPERTYPEID="10" PREVID="0" NEXTID="0" UPDATEDATE="2024-09-09" STARTDATE="2024-09-09" ENDDATE="2079-06-06" ISACTUAL="1" ISACTIVE="1" /><STEAD ID="68649901" OBJECTID="165125757" OBJECTGUID="b18c8293-eb27-487f-9be8-b5ee8fe0596d" CHANGEID="600751390" NUMBER="22" OPERTYPEID="10" PREVID="0" NEXTID="0" UPDATEDATE="2024-09-09" STARTDATE="2024-09-09" ENDDATE="2079-06-06" ISACTUAL="1" ISACTIVE="1" /><STEAD ID="68649903" OBJECTID="165125759" OBJECTGUID="2ad69f79-fccb-4667-b8b7-1ad9667a2abf" CHANGEID="600751392" NUMBER="6" OPERTYPEID="10" PREVID="0" NEXTID="0" UPDATEDATE="2024-09-09" STARTDATE="2024-09-09" ENDDATE="2079-06-06" ISACTUAL="1" ISACTIVE="1" /><STEAD ID="68649905" OBJECTID="165125761" OBJECTGUID="452e84df-3607-4ce6-88a5-240f10a69326" CHANGEID="600751394" NUMBER="77" OPERTYPEID="10" PREVID="0" NEXTID="0" UPDATEDATE="2024-09-09" STARTDATE="2024-09-09" ENDDATE="2079-06-06" ISACTUAL="1" ISACTIVE="1" /><STEAD ID="68649907" OBJECTID="165125763" OBJECTGUID="5e89f930-dbe2-43ea-8ac9-88c34be4f8ef" CHANGEID="600751396" NUMBER="49" OPERTYPEID="10" PREVID="0" NEXTID="0" UPDATEDATE="2024-09-09" STARTDATE="2024-09-09" ENDDATE="2079-06-06" ISACTUAL="1" ISACTIVE="1" /><STEAD ID="68649909" OBJECTID="165125765" OBJECTGUID="6c93c0bf-6a97-4da4-9040-bb9398ebbe60" CHANGEID="600751398" NUMBER="26" OPERTYPEID="10" PREVID="0" NEXTID="0" UPDATEDATE="2024-09-09" STARTDATE="2024-09-09" ENDDATE="2079-06-06" ISACTUAL="1" ISACTIVE="1" /><STEAD ID="68649912" OBJECTID="165125768" OBJECTGUID="08f691c7-4f6c-4865-ab3b-dd61a444be00" CHANGEID="600751402" NUMBER="1Д" OPERTYPEID="10" PREVID="0" NEXTID="0" UPDATEDATE="2024-09-09" STARTDATE="2024-09-09" ENDDATE="2079-06-06" ISACTUAL="1" ISACTIVE="1" /><STEAD ID="68649914" OBJECTID="165125770" OBJECTGUID="1ddcb0df-a71b-4257-848a-b17de0c57614" CHANGEID="600751404" NUMBER="2А" OPERTYPEID="10" PREVID="0" NEXTID="0" UPDATEDATE="2024-09-09" STARTDATE="2024-09-09" ENDDATE="2079-06-06" ISACTUAL="1" ISACTIVE="1" /><STEAD ID="68649916" OBJECTID="165125772" OBJECTGUID="6c39b0d4-d566-4300-a9b7-877e472e6f39" CHANGEID="600751406" NUMBER="7А" OPERTYPEID="10" PREVID="0" NEXTID="0" UPDATEDATE="2024-09-09" STARTDATE="2024-09-09" ENDDATE="2079-06-06" ISACTUAL="1" ISACTIVE="1" /><STEAD ID="68649918" OBJECTID="165125774" OBJECTGUID="ae972641-dc28-4d56-a5a4-d07787627d67" CHANGEID="600751408" NUMBER="33" OPERTYPEID="10" PREVID="0" NEXTID="0" UPDATEDATE="2024-09-09" STARTDATE="2024-09-09" ENDDATE="2079-06-06" ISACTUAL="1" ISACTIVE="1" /><STEAD ID="68649920" OBJECTID="165125776" OBJECTGUID="3bd3f638-da4e-4b89-a0fd-f3c18994a10e" CHANGEID="600751410" NUMBER="62А" OPERTYPEID="10" PREVID="0" NEXTID="0" UPDATEDATE="2024-09-09" STARTDATE="2024-09-09" ENDDATE="2079-06-06" ISACTUAL="1" ISACTIVE="1" /><STEAD ID="68649922" OBJECTID="165125778" OBJECTGUID="e45a0be3-736b-4000-a385-41b3b3674751" CHANGEID="600751412" NUMBER="4" OPERTYPEID="10" PREVID="0" NEXTID="0" UPDATEDATE="2024-09-09" STARTDATE="2024-09-09" ENDDATE="2079-06-06" ISACTUAL="1" ISACTIVE="1" /><STEAD ID="68649924" OBJECTID="165125780" OBJECTGUID="13063a7d-21e0-4b10-958e-7116a942ab3f" CHANGEID="600751414" NUMBER="5" OPERTYPEID="10" PREVID="0" NEXTID="0" UPDATEDATE="2024-09-09" STARTDATE="2024-09-09" ENDDATE="2079-06-06" ISACTUAL="1" ISACTIVE="1" /><STEAD ID="68649902" OBJECTID="165125758" OBJECTGUID="19fa8cbf-de43-41a9-9b27-84193faebc0d" CHANGEID="600751391" NUMBER="39" OPERTYPEID="10" PREVID="0" NEXTID="0" UPDATEDATE="2024-09-09" STARTDATE="2024-09-09" ENDDATE="2079-06-06" ISACTUAL="1" ISACTIVE="1" /><STEAD ID="68649904" OBJECTID="165125760" OBJECTGUID="e38fec9e-f0f4-4f8d-a64f-cc8df50f570d" CHANGEID="600751393" NUMBER="60" OPERTYPEID="10" PREVID="0" NEXTID="0" UPDATEDATE="2024-09-09" STARTDATE="2024-09-09" ENDDATE="2079-06-06" ISACTUAL="1" ISACTIVE="1" /><STEAD ID="68649906" OBJECTID="165125762" OBJECTGUID="7f518bb3-ae4b-49bc-a5f0-5c8d67ed3439" CHANGEID="600751395" NUMBER="33" OPERTYPEID="10" PREVID="0" NEXTID="0" UPDATEDATE="2024-09-09" STARTDATE="2024-09-09" ENDDATE="2079-06-06" ISACTUAL="1" ISACTIVE="1" /><STEAD ID="68649908" OBJECTID="165125764" OBJECTGUID="ab30e20a-e9d5-426a-9e04-ff88aecf31df" CHANGEID="600751397" NUMBER="23" OPERTYPEID="10" PREVID="0" NEXTID="0" UPDATEDATE="2024-09-09" STARTDATE="2024-09-09" ENDDATE="2079-06-06" ISACTUAL="1" ISACTIVE="1" /><STEAD ID="68649910" OBJECTID="165125766" OBJECTGUID="3f89c059-6e53-4797-9184-5eb4aedf3ff2" CHANGEID="600751399" NUMBER="40" OPERTYPEID="10" PREVID="0" NEXTID="0" UPDATEDATE="2024-09-09" STARTDATE="2024-09-09" ENDDATE="2079-06-06" ISACTUAL="1" ISACTIVE="1" /><STEAD ID="68649911" OBJECTID="165125767" OBJECTGUID="19794b7f-10a7-4f26-b7f0-d461fa169e32" CHANGEID="600751401" NUMBER="21" OPERTYPEID="10" PREVID="0" NEXTID="0" UPDATEDATE="2024-09-09" STARTDATE="2024-09-09" ENDDATE="2079-06-06" ISACTUAL="1" ISACTIVE="1" /><STEAD ID="68649913" OBJECTID="165125769" OBJECTGUID="254958b8-6c15-4314-b93f-0f874d13b907" CHANGEID="600751403" NUMBER="1Г" OPERTYPEID="10" PREVID="0" NEXTID="0" UPDATEDATE="2024-09-09" STARTDATE="2024-09-09" ENDDATE="2079-06-06" ISACTUAL="1" ISACTIVE="1" /><STEAD ID="68649915" OBJECTID="165125771" OBJECTGUID="70d9d8d6-14e8-4a10-bb1e-680454b18c4f" CHANGEID="600751405" NUMBER="4А" OPERTYPEID="10" PREVID="0" NEXTID="0" UPDATEDATE="2024-09-09" STARTDATE="2024-09-09" ENDDATE="2079-06-06" ISACTUAL="1" ISACTIVE="1" /><STEAD ID="68649917" OBJECTID="165125773" OBJECTGUID="315ef93e-8a10-4d4f-9d80-e43893ebfa31" CHANGEID="600751407" NUMBER="11" OPERTYPEID="10" PREVID="0" NEXTID="0" UPDATEDATE="2024-09-09" STARTDATE="2024-09-09" ENDDATE="2079-06-06" ISACTUAL="1" ISACTIVE="1" /><STEAD ID="68649919" OBJECTID="165125775" OBJECTGUID="e1d81ad1-74e3-4904-80c6-3f5dd0e81971" CHANGEID="600751409" NUMBER="60" OPERTYPEID="10" PREVID="0" NEXTID="0" UPDATEDATE="2024-09-09" STARTDATE="2024-09-09" ENDDATE="2079-06-06" ISACTUAL="1" ISACTIVE="1" /><STEAD ID="68649921" OBJECTID="165125777" OBJECTGUID="6bf881af-aeae-4234-8612-ec3486905a30" CHANGEID="600751411" NUMBER="21" OPERTYPEID="10" PREVID="0" NEXTID="0" UPDATEDATE="2024-09-09" STARTDATE="2024-09-09" ENDDATE="2079-06-06" ISACTUAL="1" ISACTIVE="1" /><STEAD ID="68649923" OBJECTID="165125779" OBJECTGUID="26ff100d-5acb-47d9-ab68-14d8003e02c9" CHANGEID="600751413" NUMBER="2" OPERTYPEID="10" PREVID="0" NEXTID="0" UPDATEDATE="2024-09-09" STARTDATE="2024-09-09" ENDDATE="2079-06-06" ISACTUAL="1" ISACTIVE="1" /><STEAD ID="68649925" OBJECTID="165125781" OBJECTGUID="0610410e-2eae-445d-95f8-fbf96f6c97a7" CHANGEID="600751415" NUMBER="7" OPERTYPEID="10" PREVID="0" NEXTID="0" UPDATEDATE="2024-09-09" STARTDATE="2024-09-09" ENDDATE="2079-06-06" ISACTUAL="1" ISACTIVE="1" /><STEAD ID="68650842" OBJECTID="165126844" OBJECTGUID="7e513be1-b1c2-48b5-b387-799bc61b31bb" CHANGEID="600753451" NUMBER="71А" OPERTYPEID="10" PREVID="0" NEXTID="0" UPDATEDATE="2024-09-09" STARTDATE="2024-09-09" ENDDATE="2079-06-06" ISACTUAL="1" ISACTIVE="1" /><STEAD ID="68650844" OBJECTID="165126846" OBJECTGUID="e42dc333-8fbc-436d-b282-5b9cd23a0cc2" CHANGEID="600753453" NUMBER="76" OPERTYPEID="10" PREVID="0" NEXTID="0" UPDATEDATE="2024-09-09" STARTDATE="2024-09-09" ENDDATE="2079-06-06" ISACTUAL="1" ISACTIVE="1" /><STEAD ID="68650846" OBJECTID="165126848" OBJECTGUID="c1e0ac56-0a6d-48d6-85d7-05f65a41aaee" CHANGEID="600753455" NUMBER="31А" OPERTYPEID="10" PREVID="0" NEXTID="0" UPDATEDATE="2024-09-09" STARTDATE="2024-09-09" ENDDATE="2079-06-06" ISACTUAL="1" ISACTIVE="1" /><STEAD ID="68650848" OBJECTID="165126850" OBJECTGUID="1cb54117-1d88-4268-bd51-2c9c62382cac" CHANGEID="600753457" NUMBER="2" OPERTYPEID="10" PREVID="0" NEXTID="0" UPDATEDATE="2024-09-09" STARTDATE="2024-09-09" ENDDATE="2079-06-06" ISACTUAL="1" ISACTIVE="1" /><STEAD ID="68650850" OBJECTID="165126852" OBJECTGUID="2c1e49b1-9af2-4c68-bf18-a03f6fd0ca59" CHANGEID="600753459" NUMBER="20А" OPERTYPEID="10" PREVID="0" NEXTID="0" UPDATEDATE="2024-09-09" STARTDATE="2024-09-09" ENDDATE="2079-06-06" ISACTUAL="1" ISACTIVE="1" /><STEAD ID="68650852" OBJECTID="165126854" OBJECTGUID="b557c144-6728-4405-ac4b-70939d1cc9a5" CHANGEID="600753461" NUMBER="2" OPERTYPEID="10" PREVID="0" NEXTID="0" UPDATEDATE="2024-09-09" STARTDATE="2024-09-09" ENDDATE="2079-06-06" ISACTUAL="1" ISACTIVE="1" /><STEAD ID="68650854" OBJECTID="165126856" OBJECTGUID="1cfdf9f7-98b1-4b96-80ba-957833f32d2f" CHANGEID="600753463" NUMBER="57" OPERTYPEID="10" PREVID="0" NEXTID="0" UPDATEDATE="2024-09-09" STARTDATE="2024-09-09" ENDDATE="2079-06-06" ISACTUAL="1" ISACTIVE="1" /><STEAD ID="68650856" OBJECTID="165126858" OBJECTGUID="8c696f2a-8aa7-442e-9651-ec8640d23944" CHANGEID="600753465" NUMBER="7" OPERTYPEID="10" PREVID="0" NEXTID="0" UPDATEDATE="2024-09-09" STARTDATE="2024-09-09" ENDDATE="2079-06-06" ISACTUAL="1" ISACTIVE="1" /><STEAD ID="68650858" OBJECTID="165126860" OBJECTGUID="ee95462d-1946-483a-926f-c6ddf17227e8" CHANGEID="600753467" NUMBER="3" OPERTYPEID="10" PREVID="0" NEXTID="0" UPDATEDATE="2024-09-09" STARTDATE="2024-09-09" ENDDATE="2079-06-06" ISACTUAL="1" ISACTIVE="1" /><STEAD ID="68650841" OBJECTID="165126843" OBJECTGUID="def79118-cb80-4593-b3fa-657f6bada7c2" CHANGEID="600753450" NUMBER="8" OPERTYPEID="10" PREVID="0" NEXTID="0" UPDATEDATE="2024-09-09" STARTDATE="2024-09-09" ENDDATE="2079-06-06" ISACTUAL="1" ISACTIVE="1" /><STEAD ID="68650843" OBJECTID="165126845" OBJECTGUID="99860cfb-a809-4b2e-ba9b-0db149f1d0fe" CHANGEID="600753452" NUMBER="73" OPERTYPEID="10" PREVID="0" NEXTID="0" UPDATEDATE="2024-09-09" STARTDATE="2024-09-09" ENDDATE="2079-06-06" ISACTUAL="1" ISACTIVE="1" /><STEAD ID="68650845" OBJECTID="165126847" OBJECTGUID="63860f01-862b-421a-ab7c-bec592a2f89c" CHANGEID="600753454" NUMBER="34" OPERTYPEID="10" PREVID="0" NEXTID="0" UPDATEDATE="2024-09-09" STARTDATE="2024-09-09" ENDDATE="2079-06-06" ISACTUAL="1" ISACTIVE="1" /><STEAD ID="68650847" OBJECTID="165126849" OBJECTGUID="c84dd923-89ee-4a0e-93f7-011b5d0e1e80" CHANGEID="600753456" NUMBER="9" OPERTYPEID="10" PREVID="0" NEXTID="0" UPDATEDATE="2024-09-09" STARTDATE="2024-09-09" ENDDATE="2079-06-06" ISACTUAL="1" ISACTIVE="1" /><STEAD ID="68650849" OBJECTID="165126851" OBJECTGUID="c05a69dc-680d-4a97-9d5a-73dc356ec30e" CHANGEID="600753458" NUMBER="18А" OPERTYPEID="10" PREVID="0" NEXTID="0" UPDATEDATE="2024-09-09" STARTDATE="2024-09-09" ENDDATE="2079-06-06" ISACTUAL="1" ISACTIVE="1" /><STEAD ID="68650851" OBJECTID="165126853" OBJECTGUID="f091133d-e84c-4981-bf7f-a4e392a32438" CHANGEID="600753460" NUMBER="20Б" OPERTYPEID="10" PREVID="0" NEXTID="0" UPDATEDATE="2024-09-09" STARTDATE="2024-09-09" ENDDATE="2079-06-06" ISACTUAL="1" ISACTIVE="1" /><STEAD ID="68650853" OBJECTID="165126855" OBJECTGUID="d4ec2f23-c689-4a85-9cff-3c3238d5169f" CHANGEID="600753462" NUMBER="20" OPERTYPEID="10" PREVID="0" NEXTID="0" UPDATEDATE="2024-09-09" STARTDATE="2024-09-09" ENDDATE="2079-06-06" ISACTUAL="1" ISACTIVE="1" /><STEAD ID="68650855" OBJECTID="165126857" OBJECTGUID="f530956a-865a-418f-bf4b-93a532059f25" CHANGEID="600753464" NUMBER="5А" OPERTYPEID="10" PREVID="0" NEXTID="0" UPDATEDATE="2024-09-09" STARTDATE="2024-09-09" ENDDATE="2079-06-06" ISACTUAL="1" ISACTIVE="1" /><STEAD ID="68650857" OBJECTID="165126859" OBJECTGUID="3d3ea806-411b-4123-aec2-d4dcde6e4627" CHANGEID="600753466" NUMBER="2А" OPERTYPEID="10" PREVID="0" NEXTID="0" UPDATEDATE="2024-09-09" STARTDATE="2024-09-09" ENDDATE="2079-06-06" ISACTUAL="1" ISACTIVE="1" /><STEAD ID="68650859" OBJECTID="165126861" OBJECTGUID="c911241a-198d-4eae-8108-cb5b4a67c5eb" CHANGEID="600753468" NUMBER="10" OPERTYPEID="10" PREVID="0" NEXTID="0" UPDATEDATE="2024-09-09" STARTDATE="2024-09-09" ENDDATE="2079-06-06" ISACTUAL="1" ISACTIVE="1" /><STEAD ID="68650860" OBJECTID="165126866" OBJECTGUID="6849f363-f982-4c35-a9c9-282128279460" CHANGEID="600753474" NUMBER="21" OPERTYPEID="10" PREVID="0" NEXTID="0" UPDATEDATE="2024-09-09" STARTDATE="2024-09-09" ENDDATE="2079-06-06" ISACTUAL="1" ISACTIVE="1" /><STEAD ID="68656548" OBJECTID="165136454" OBJECTGUID="09890c27-c302-4321-b77f-b63c6ebc0e07" CHANGEID="600767578" NUMBER="25" OPERTYPEID="10" PREVID="0" NEXTID="0" UPDATEDATE="2024-09-09" STARTDATE="2024-09-09" ENDDATE="2079-06-06" ISACTUAL="1" ISACTIVE="1" /><STEAD ID="68657905" OBJECTID="165139289" OBJECTGUID="8e1f6935-cff9-4696-a10b-fb0ac54fbdd7" CHANGEID="600772951" NUMBER="20" OPERTYPEID="10" PREVID="0" NEXTID="0" UPDATEDATE="2024-09-09" STARTDATE="2024-09-09" ENDDATE="2079-06-06" ISACTUAL="1" ISACTIVE="1" /><STEAD ID="68658813" OBJECTID="165141424" OBJECTGUID="a4990b7e-5919-4054-9ccb-bd6aa977a028" CHANGEID="600776489" NUMBER="22" OPERTYPEID="10" PREVID="0" NEXTID="0" UPDATEDATE="2024-09-09" STARTDATE="2024-09-09" ENDDATE="2079-06-06" ISACTUAL="1" ISACTIVE="1" /><STEAD ID="68658815" OBJECTID="165141426" OBJECTGUID="dbbfc1a9-9c31-4cba-90e0-da33fdac4c03" CHANGEID="600776491" NUMBER="10а" OPERTYPEID="10" PREVID="0" NEXTID="0" UPDATEDATE="2024-09-09" STARTDATE="2024-09-09" ENDDATE="2079-06-06" ISACTUAL="1" ISACTIVE="1" /><STEAD ID="68658817" OBJECTID="165141428" OBJECTGUID="1b34596e-05a1-4723-a0a5-e3bed0714783" CHANGEID="600776493" NUMBER="14" OPERTYPEID="10" PREVID="0" NEXTID="0" UPDATEDATE="2024-09-09" STARTDATE="2024-09-09" ENDDATE="2079-06-06" ISACTUAL="1" ISACTIVE="1" /><STEAD ID="68658814" OBJECTID="165141425" OBJECTGUID="56bfd6da-3ffa-4e70-95e5-99a97c7431d9" CHANGEID="600776490" NUMBER="18/1" OPERTYPEID="10" PREVID="0" NEXTID="0" UPDATEDATE="2024-09-09" STARTDATE="2024-09-09" ENDDATE="2079-06-06" ISACTUAL="1" ISACTIVE="1" /><STEAD ID="68658816" OBJECTID="165141427" OBJECTGUID="2c19bb28-fd4b-48d8-b129-3e614328d2c3" CHANGEID="600776492" NUMBER="27" OPERTYPEID="10" PREVID="0" NEXTID="0" UPDATEDATE="2024-09-09" STARTDATE="2024-09-09" ENDDATE="2079-06-06" ISACTUAL="1" ISACTIVE="1" /><STEAD ID="68658818" OBJECTID="165141429" OBJECTGUID="221d5578-bb8d-400f-871b-4fcfaf609240" CHANGEID="600776494" NUMBER="9а" OPERTYPEID="10" PREVID="0" NEXTID="0" UPDATEDATE="2024-09-09" STARTDATE="2024-09-09" ENDDATE="2079-06-06" ISACTUAL="1" ISACTIVE="1" /><STEAD ID="68658822" OBJECTID="165141441" OBJECTGUID="7fb56303-f065-4a5a-9be9-101bf6acfe5b" CHANGEID="600776514" NUMBER="7а" OPERTYPEID="10" PREVID="0" NEXTID="0" UPDATEDATE="2024-09-09" STARTDATE="2024-09-09" ENDDATE="2079-06-06" ISACTUAL="1" ISACTIVE="1" /><STEAD ID="68659318" OBJECTID="165142542" OBJECTGUID="93583c8f-8ac2-46f3-b880-28c8be81ddeb" CHANGEID="600779040" NUMBER="28" OPERTYPEID="10" PREVID="0" NEXTID="0" UPDATEDATE="2024-09-09" STARTDATE="2024-09-09" ENDDATE="2079-06-06" ISACTUAL="1" ISACTIVE="1" /><STEAD ID="68660054" OBJECTID="165143659" OBJECTGUID="48bc2483-ba03-431c-b9aa-124ac341a9e2" CHANGEID="600780815" NUMBER="43а" OPERTYPEID="10" PREVID="0" NEXTID="0" UPDATEDATE="2024-09-09" STARTDATE="2024-09-09" ENDDATE="2079-06-06" ISACTUAL="1" ISACTIVE="1" /><STEAD ID="68660069" OBJECTID="165143677" OBJECTGUID="3517e4e4-9c1c-454c-8aba-2e51377064ff" CHANGEID="600780839" NUMBER="24а" OPERTYPEID="10" PREVID="0" NEXTID="0" UPDATEDATE="2024-09-09" STARTDATE="2024-09-09" ENDDATE="2079-06-06" ISACTUAL="1" ISACTIVE="1" /><STEAD ID="68660091" OBJECTID="165143715" OBJECTGUID="d09de799-f9f5-45ec-8ef6-ca719ed1d3d9" CHANGEID="600780902" NUMBER="17" OPERTYPEID="10" PREVID="0" NEXTID="0" UPDATEDATE="2024-09-09" STARTDATE="2024-09-09" ENDDATE="2079-06-06" ISACTUAL="1" ISACTIVE="1" /><STEAD ID="68660123" OBJECTID="165143755" OBJECTGUID="b7bd649f-14d5-4a44-9756-f69dcc078dae" CHANGEID="600780962" NUMBER="17/1" OPERTYPEID="10" PREVID="0" NEXTID="0" UPDATEDATE="2024-09-09" STARTDATE="2024-09-09" ENDDATE="2079-06-06" ISACTUAL="1" ISACTIVE="1" /><STEAD ID="68660230" OBJECTID="165143921" OBJECTGUID="f24b4b65-32f6-4616-b525-be6fad4e511f" CHANGEID="600781267" NUMBER="42" OPERTYPEID="10" PREVID="0" NEXTID="0" UPDATEDATE="2024-09-09" STARTDATE="2024-09-09" ENDDATE="2079-06-06" ISACTUAL="1" ISACTIVE="1" /><STEAD ID="68660258" OBJECTID="165143962" OBJECTGUID="acf2d2e3-de09-47c5-b163-cba813f24e71" CHANGEID="600781334" NUMBER="41" OPERTYPEID="10" PREVID="0" NEXTID="0" UPDATEDATE="2024-09-09" STARTDATE="2024-09-09" ENDDATE="2079-06-06" ISACTUAL="1" ISACTIVE="1" /><STEAD ID="68660354" OBJECTID="165144064" OBJECTGUID="3901f254-03c0-4e46-9101-fd93a5a96287" CHANGEID="600781452" NUMBER="18" OPERTYPEID="10" PREVID="0" NEXTID="0" UPDATEDATE="2024-09-09" STARTDATE="2024-09-09" ENDDATE="2079-06-06" ISACTUAL="1" ISACTIVE="1" /><STEAD ID="68660425" OBJECTID="165144137" OBJECTGUID="fd203d1a-3d46-43c1-8d20-357735dcef50" CHANGEID="600781551" NUMBER="9а" OPERTYPEID="10" PREVID="0" NEXTID="0" UPDATEDATE="2024-09-09" STARTDATE="2024-09-09" ENDDATE="2079-06-06" ISACTUAL="1" ISACTIVE="1" /><STEAD ID="68660512" OBJECTID="165144230" OBJECTGUID="4ed88716-b2c0-4255-8c87-9a5e75c7e33e" CHANGEID="600781673" NUMBER="42В" OPERTYPEID="10" PREVID="0" NEXTID="0" UPDATEDATE="2024-09-09" STARTDATE="2024-09-09" ENDDATE="2079-06-06" ISACTUAL="1" ISACTIVE="1" /><STEAD ID="68660520" OBJECTID="165144240" OBJECTGUID="4f091744-b4e9-48b7-bf4c-d7fc59c8ac0b" CHANGEID="600781687" NUMBER="51" OPERTYPEID="10" PREVID="0" NEXTID="0" UPDATEDATE="2024-09-09" STARTDATE="2024-09-09" ENDDATE="2079-06-06" ISACTUAL="1" ISACTIVE="1" /><STEAD ID="68660766" OBJECTID="165144844" OBJECTGUID="ce4c9636-e80e-4ce6-9c1a-7ee3b609db75" CHANGEID="600782774" NUMBER="18а" OPERTYPEID="10" PREVID="0" NEXTID="0" UPDATEDATE="2024-09-09" STARTDATE="2024-09-09" ENDDATE="2079-06-06" ISACTUAL="1" ISACTIVE="1" /><STEAD ID="68660873" OBJECTID="165145030" OBJECTGUID="a514feff-1b4d-4607-adb6-9cc869d21075" CHANGEID="600783034" NUMBER="13/2" OPERTYPEID="10" PREVID="0" NEXTID="0" UPDATEDATE="2024-09-09" STARTDATE="2024-09-09" ENDDATE="2079-06-06" ISACTUAL="1" ISACTIVE="1" /><STEAD ID="68660962" OBJECTID="165145126" OBJECTGUID="459c1b87-6d39-49bc-9127-d3f17f0ee63c" CHANGEID="600783145" NUMBER="14а" OPERTYPEID="10" PREVID="0" NEXTID="0" UPDATEDATE="2024-09-09" STARTDATE="2024-09-09" ENDDATE="2079-06-06" ISACTUAL="1" ISACTIVE="1" /><STEAD ID="68660978" OBJECTID="165145155" OBJECTGUID="89ce2bf5-c56f-487f-8273-554041b6bc62" CHANGEID="600783187" NUMBER="14/3" OPERTYPEID="10" PREVID="0" NEXTID="0" UPDATEDATE="2024-09-09" STARTDATE="2024-09-09" ENDDATE="2079-06-06" ISACTUAL="1" ISACTIVE="1" /><STEAD ID="68660994" OBJECTID="165145171" OBJECTGUID="b30cbc49-fe06-4cd5-b5d4-81152b91461f" CHANGEID="600783213" NUMBER="68/1" OPERTYPEID="10" PREVID="0" NEXTID="0" UPDATEDATE="2024-09-09" STARTDATE="2024-09-09" ENDDATE="2079-06-06" ISACTUAL="1" ISACTIVE="1" /><STEAD ID="68661036" OBJECTID="165145236" OBJECTGUID="b52c69a0-5245-485c-a27d-bec203501d35" CHANGEID="600783285" NUMBER="26" OPERTYPEID="10" PREVID="0" NEXTID="0" UPDATEDATE="2024-09-09" STARTDATE="2024-09-09" ENDDATE="2079-06-06" ISACTUAL="1" ISACTIVE="1" /><STEAD ID="68661065" OBJECTID="165145273" OBJECTGUID="d9dd8e93-f11a-4d7a-8066-95d9a9f0a898" CHANGEID="600783340" NUMBER="42/14" OPERTYPEID="10" PREVID="0" NEXTID="0" UPDATEDATE="2024-09-09" STARTDATE="2024-09-09" ENDDATE="2079-06-06" ISACTUAL="1" ISACTIVE="1" /><STEAD ID="68661851" OBJECTID="165146638" OBJECTGUID="cd55de35-fd0a-4885-9204-f32f421d8a85" CHANGEID="600785397" NUMBER="237" OPERTYPEID="10" PREVID="0" NEXTID="0" UPDATEDATE="2024-09-09" STARTDATE="2024-09-09" ENDDATE="2079-06-06" ISACTUAL="1" ISACTIVE="1" /><STEAD ID="68661875" OBJECTID="165146667" OBJECTGUID="d0710760-1a35-461c-90f7-b19af4c85b46" CHANGEID="600785453" NUMBER="57А" OPERTYPEID="10" PREVID="0" NEXTID="0" UPDATEDATE="2024-09-09" STARTDATE="2024-09-09" ENDDATE="2079-06-06" ISACTUAL="1" ISACTIVE="1" /><STEAD ID="68662485" OBJECTID="165147872" OBJECTGUID="75b3698f-bd2c-43d8-b1fe-819fedac559a" CHANGEID="600787254" NUMBER="43" OPERTYPEID="10" PREVID="0" NEXTID="0" UPDATEDATE="2024-09-09" STARTDATE="2024-09-09" ENDDATE="2079-06-06" ISACTUAL="1" ISACTIVE="1" /><STEAD ID="68662792" OBJECTID="165148334" OBJECTGUID="8ead79f6-0efd-40de-bcdb-d71df3d49b11" CHANGEID="600787944" NUMBER="36б" OPERTYPEID="10" PREVID="0" NEXTID="0" UPDATEDATE="2024-09-09" STARTDATE="2024-09-09" ENDDATE="2079-06-06" ISACTUAL="1" ISACTIVE="1" /><STEAD ID="68662837" OBJECTID="165148390" OBJECTGUID="ab19028f-48a6-4771-9e8e-1de20610f054" CHANGEID="600788022" NUMBER="140в" OPERTYPEID="10" PREVID="0" NEXTID="0" UPDATEDATE="2024-09-09" STARTDATE="2024-09-09" ENDDATE="2079-06-06" ISACTUAL="1" ISACTIVE="1" /><STEAD ID="68662866" OBJECTID="165148461" OBJECTGUID="4c3db40c-d1bf-4c13-8dfd-6bc16bcdbb1e" CHANGEID="600788118" NUMBER="140г" OPERTYPEID="10" PREVID="0" NEXTID="0" UPDATEDATE="2024-09-09" STARTDATE="2024-09-09" ENDDATE="2079-06-06" ISACTUAL="1" ISACTIVE="1" /><STEAD ID="68662965" OBJECTID="165148582" OBJECTGUID="f1d4b537-7c13-4a80-9db0-ef121ed08537" CHANGEID="600788327" NUMBER="9" OPERTYPEID="10" PREVID="0" NEXTID="0" UPDATEDATE="2024-09-09" STARTDATE="2024-09-09" ENDDATE="2079-06-06" ISACTUAL="1" ISACTIVE="1" /><STEAD ID="68662981" OBJECTID="165148605" OBJECTGUID="a26cc8d8-69f8-48c4-b5e0-dc44e2793f7b" CHANGEID="600788365" NUMBER="6/1" OPERTYPEID="10" PREVID="0" NEXTID="0" UPDATEDATE="2024-09-09" STARTDATE="2024-09-09" ENDDATE="2079-06-06" ISACTUAL="1" ISACTIVE="1" /><STEAD ID="68663047" OBJECTID="165148714" OBJECTGUID="bb575cab-c42c-485c-b7c5-c92a66141095" CHANGEID="600788530" NUMBER="101а" OPERTYPEID="10" PREVID="0" NEXTID="0" UPDATEDATE="2024-09-09" STARTDATE="2024-09-09" ENDDATE="2079-06-06" ISACTUAL="1" ISACTIVE="1" /><STEAD ID="68663240" OBJECTID="165149127" OBJECTGUID="87c2717b-7af1-477a-85d6-a3d49135ea7b" CHANGEID="600789074" NUMBER="8б" OPERTYPEID="10" PREVID="0" NEXTID="0" UPDATEDATE="2024-09-09" STARTDATE="2024-09-09" ENDDATE="2079-06-06" ISACTUAL="1" ISACTIVE="1" /><STEAD ID="68663349" OBJECTID="165149440" OBJECTGUID="662e2bdc-dcdc-44f0-9616-8f11562e0f33" CHANGEID="600789589" NUMBER="26" OPERTYPEID="10" PREVID="0" NEXTID="0" UPDATEDATE="2024-09-09" STARTDATE="2024-09-09" ENDDATE="2079-06-06" ISACTUAL="1" ISACTIVE="1" /><STEAD ID="68663376" OBJECTID="165149533" OBJECTGUID="7aede9c3-69c1-4bec-883e-a4b55d4c4aac" CHANGEID="600789708" NUMBER="6г" OPERTYPEID="10" PREVID="0" NEXTID="0" UPDATEDATE="2024-09-09" STARTDATE="2024-09-09" ENDDATE="2079-06-06" ISACTUAL="1" ISACTIVE="1" /><STEAD ID="68663408" OBJECTID="165149584" OBJECTGUID="0dc32538-ee02-4cc3-87fd-7d94eb6cf287" CHANGEID="600789788" NUMBER="5" OPERTYPEID="10" PREVID="0" NEXTID="0" UPDATEDATE="2024-09-09" STARTDATE="2024-09-09" ENDDATE="2079-06-06" ISACTUAL="1" ISACTIVE="1" /><STEAD ID="68663495" OBJECTID="165149742" OBJECTGUID="231366c3-909f-45b8-b018-2c3279e17699" CHANGEID="600790055" NUMBER="43" OPERTYPEID="10" PREVID="0" NEXTID="0" UPDATEDATE="2024-09-09" STARTDATE="2024-09-09" ENDDATE="2079-06-06" ISACTUAL="1" ISACTIVE="1" /><STEAD ID="68663578" OBJECTID="165149959" OBJECTGUID="188f62c7-f036-4bf8-95a3-fc473604121f" CHANGEID="600790480" NUMBER="5" OPERTYPEID="10" PREVID="0" NEXTID="0" UPDATEDATE="2024-09-09" STARTDATE="2024-09-09" ENDDATE="2079-06-06" ISACTUAL="1" ISACTIVE="1" /><STEAD ID="68663605" OBJECTID="165149986" OBJECTGUID="df938125-2e5b-4bd7-9ebc-f7cd25b5bd02" CHANGEID="600790514" NUMBER="55" OPERTYPEID="10" PREVID="0" NEXTID="0" UPDATEDATE="2024-09-09" STARTDATE="2024-09-09" ENDDATE="2079-06-06" ISACTUAL="1" ISACTIVE="1" /><STEAD ID="68663657" OBJECTID="165150044" OBJECTGUID="54ccfe58-b60e-4677-b3f0-eade7151c2b5" CHANGEID="600790605" NUMBER="67" OPERTYPEID="10" PREVID="0" NEXTID="0" UPDATEDATE="2024-09-09" STARTDATE="2024-09-09" ENDDATE="2079-06-06" ISACTUAL="1" ISACTIVE="1" /><STEAD ID="68663683" OBJECTID="165150077" OBJECTGUID="27a951fe-07f2-4c37-926b-019697052c54" CHANGEID="600790714" NUMBER="8" OPERTYPEID="10" PREVID="0" NEXTID="0" UPDATEDATE="2024-09-09" STARTDATE="2024-09-09" ENDDATE="2079-06-06" ISACTUAL="1" ISACTIVE="1" /><STEAD ID="68663691" OBJECTID="165150084" OBJECTGUID="02fa0ec6-3de2-4fdf-a586-5919e97cf11c" CHANGEID="600790729" NUMBER="30" OPERTYPEID="10" PREVID="0" NEXTID="0" UPDATEDATE="2024-09-09" STARTDATE="2024-09-09" ENDDATE="2079-06-06" ISACTUAL="1" ISACTIVE="1" /><STEAD ID="68663704" OBJECTID="165150099" OBJECTGUID="9c802df8-320c-40ec-b917-fcd3c411d241" CHANGEID="600790769" NUMBER="59" OPERTYPEID="10" PREVID="0" NEXTID="0" UPDATEDATE="2024-09-09" STARTDATE="2024-09-09" ENDDATE="2079-06-06" ISACTUAL="1" ISACTIVE="1" /><STEAD ID="68663942" OBJECTID="165150529" OBJECTGUID="38615bab-384a-42a8-b27c-9f5f44297704" CHANGEID="600791467" NUMBER="11" OPERTYPEID="10" PREVID="0" NEXTID="0" UPDATEDATE="2024-09-09" STARTDATE="2024-09-09" ENDDATE="2079-06-06" ISACTUAL="1" ISACTIVE="1" /><STEAD ID="68663971" OBJECTID="165150560" OBJECTGUID="026122d2-54af-4964-8da6-682ef97fdb0b" CHANGEID="600791533" NUMBER="39" OPERTYPEID="10" PREVID="0" NEXTID="0" UPDATEDATE="2024-09-09" STARTDATE="2024-09-09" ENDDATE="2079-06-06" ISACTUAL="1" ISACTIVE="1" /><STEAD ID="68664000" OBJECTID="165150585" OBJECTGUID="cc520dd9-df44-4fc2-a8dc-90e04e857729" CHANGEID="600791619" NUMBER="57" OPERTYPEID="10" PREVID="0" NEXTID="0" UPDATEDATE="2024-09-09" STARTDATE="2024-09-09" ENDDATE="2079-06-06" ISACTUAL="1" ISACTIVE="1" /><STEAD ID="68664014" OBJECTID="165150597" OBJECTGUID="1fa92605-5a6d-4007-bd11-ebf25bb13d4f" CHANGEID="600791653" NUMBER="2" OPERTYPEID="10" PREVID="0" NEXTID="0" UPDATEDATE="2024-09-09" STARTDATE="2024-09-09" ENDDATE="2079-06-06" ISACTUAL="1" ISACTIVE="1" /><STEAD ID="68663955" OBJECTID="165150544" OBJECTGUID="d8d514ac-3db1-4a17-9636-76ad473baa95" CHANGEID="600791498" NUMBER="18" OPERTYPEID="10" PREVID="0" NEXTID="0" UPDATEDATE="2024-09-09" STARTDATE="2024-09-09" ENDDATE="2079-06-06" ISACTUAL="1" ISACTIVE="1" /><STEAD ID="68664020" OBJECTID="165150605" OBJECTGUID="a0090cff-5b15-4842-bce8-b283c37d5529" CHANGEID="600791679" NUMBER="24" OPERTYPEID="10" PREVID="0" NEXTID="0" UPDATEDATE="2024-09-09" STARTDATE="2024-09-09" ENDDATE="2079-06-06" ISACTUAL="1" ISACTIVE="1" /><STEAD ID="68664049" OBJECTID="165150634" OBJECTGUID="978b301b-7532-4138-8ad7-8f258f1c2f1b" CHANGEID="600791776" NUMBER="14а" OPERTYPEID="10" PREVID="0" NEXTID="0" UPDATEDATE="2024-09-09" STARTDATE="2024-09-09" ENDDATE="2079-06-06" ISACTUAL="1" ISACTIVE="1" /><STEAD ID="68664201" OBJECTID="165150779" OBJECTGUID="0c430cde-544d-493b-be4c-f8e0d8f3b92f" CHANGEID="600795837" NUMBER="18а" OPERTYPEID="10" PREVID="0" NEXTID="0" UPDATEDATE="2024-09-09" STARTDATE="2024-09-09" ENDDATE="2079-06-06" ISACTUAL="1" ISACTIVE="1" /><STEAD ID="68664305" OBJECTID="165150909" OBJECTGUID="c9bf2e38-2847-4175-829c-8f34b26bb641" CHANGEID="600796042" NUMBER="28а" OPERTYPEID="10" PREVID="0" NEXTID="0" UPDATEDATE="2024-09-09" STARTDATE="2024-09-09" ENDDATE="2079-06-06" ISACTUAL="1" ISACTIVE="1" /><STEAD ID="68664313" OBJECTID="165150910" OBJECTGUID="516c3743-ad63-483a-9b57-9b926627b4c4" CHANGEID="600796054" NUMBER="52" OPERTYPEID="10" PREVID="0" NEXTID="0" UPDATEDATE="2024-09-09" STARTDATE="2024-09-09" ENDDATE="2079-06-06" ISACTUAL="1" ISACTIVE="1" /><STEAD ID="68664339" OBJECTID="165150929" OBJECTGUID="2e26f217-6070-4810-8edb-15631458dca8" CHANGEID="600796085" NUMBER="13" OPERTYPEID="10" PREVID="0" NEXTID="0" UPDATEDATE="2024-09-09" STARTDATE="2024-09-09" ENDDATE="2079-06-06" ISACTUAL="1" ISACTIVE="1" /><STEAD ID="68664372" OBJECTID="165150978" OBJECTGUID="942ed17a-87c7-423d-ab00-e20566ca0d9e" CHANGEID="600796160" NUMBER="10" OPERTYPEID="10" PREVID="0" NEXTID="0" UPDATEDATE="2024-09-09" STARTDATE="2024-09-09" ENDDATE="2079-06-06" ISACTUAL="1" ISACTIVE="1" /><STEAD ID="68664374" OBJECTID="165150980" OBJECTGUID="01393825-69ea-404c-8f19-5312bec88666" CHANGEID="600796164" NUMBER="5" OPERTYPEID="10" PREVID="0" NEXTID="0" UPDATEDATE="2024-09-09" STARTDATE="2024-09-09" ENDDATE="2079-06-06" ISACTUAL="1" ISACTIVE="1" /><STEAD ID="68664377" OBJECTID="165150985" OBJECTGUID="bfb7abff-e110-47c6-b0ff-d6d9f783d4ba" CHANGEID="600796171" NUMBER="13" OPERTYPEID="10" PREVID="0" NEXTID="0" UPDATEDATE="2024-09-09" STARTDATE="2024-09-09" ENDDATE="2079-06-06" ISACTUAL="1" ISACTIVE="1" /><STEAD ID="68674605" OBJECTID="165168722" OBJECTGUID="08a070f9-f828-41d8-a127-326f1a7d30ee" CHANGEID="600824611" NUMBER="12" OPERTYPEID="10" PREVID="0" NEXTID="0" UPDATEDATE="2024-09-10" STARTDATE="2024-09-10" ENDDATE="2079-06-06" ISACTUAL="1" ISACTIVE="1" /><STEAD ID="68674934" OBJECTID="165169041" OBJECTGUID="d54ac387-f4f9-4fc7-8bbd-aaf3fc52e5ff" CHANGEID="600825093" NUMBER="14" OPERTYPEID="10" PREVID="0" NEXTID="0" UPDATEDATE="2024-09-10" STARTDATE="2024-09-10" ENDDATE="2079-06-06" ISACTUAL="1" ISACTIVE="1" /><STEAD ID="68674948" OBJECTID="165169064" OBJECTGUID="f2dd2ec8-c5ed-4848-abc9-dc044bd43db5" CHANGEID="600825118" NUMBER="1б" OPERTYPEID="10" PREVID="0" NEXTID="0" UPDATEDATE="2024-09-10" STARTDATE="2024-09-10" ENDDATE="2079-06-06" ISACTUAL="1" ISACTIVE="1" /><STEAD ID="68674950" OBJECTID="165169070" OBJECTGUID="dd1a38ca-5a9f-4d60-8328-2adfc66c0040" CHANGEID="600825128" NUMBER="16" OPERTYPEID="10" PREVID="0" NEXTID="0" UPDATEDATE="2024-09-10" STARTDATE="2024-09-10" ENDDATE="2079-06-06" ISACTUAL="1" ISACTIVE="1" /><STEAD ID="68674956" OBJECTID="165169081" OBJECTGUID="0ca25a0c-e76a-4d8f-8870-9bc5a7e16fb0" CHANGEID="600825140" NUMBER="5" OPERTYPEID="10" PREVID="0" NEXTID="0" UPDATEDATE="2024-09-10" STARTDATE="2024-09-10" ENDDATE="2079-06-06" ISACTUAL="1" ISACTIVE="1" /><STEAD ID="68675008" OBJECTID="165169191" OBJECTGUID="b9b4acce-b81d-40cd-ab59-5094ca14a8c5" CHANGEID="600825328" NUMBER="20" OPERTYPEID="10" PREVID="0" NEXTID="0" UPDATEDATE="2024-09-10" STARTDATE="2024-09-10" ENDDATE="2079-06-06" ISACTUAL="1" ISACTIVE="1" /><STEAD ID="68674970" OBJECTID="165169107" OBJECTGUID="b0d77f28-9c4e-47b9-9b25-250a14762d33" CHANGEID="600825223" NUMBER="5" OPERTYPEID="10" PREVID="0" NEXTID="0" UPDATEDATE="2024-09-10" STARTDATE="2024-09-10" ENDDATE="2079-06-06" ISACTUAL="1" ISACTIVE="1" /><STEAD ID="68677436" OBJECTID="165173086" OBJECTGUID="6e2b6f6b-2085-4b00-a5f5-14692be1c881" CHANGEID="600831521" NUMBER="44" OPERTYPEID="10" PREVID="0" NEXTID="0" UPDATEDATE="2024-09-10" STARTDATE="2024-09-10" ENDDATE="2079-06-06" ISACTUAL="1" ISACTIVE="1" /><STEAD ID="68677438" OBJECTID="165173089" OBJECTGUID="07038c0e-36ba-457e-b432-50589a7f69ee" CHANGEID="600831524" NUMBER="21" OPERTYPEID="10" PREVID="0" NEXTID="0" UPDATEDATE="2024-09-10" STARTDATE="2024-09-10" ENDDATE="2079-06-06" ISACTUAL="1" ISACTIVE="1" /><STEAD ID="68677440" OBJECTID="165173092" OBJECTGUID="4fa018bc-fe73-46cf-a1f4-248b408abf41" CHANGEID="600831530" NUMBER="17" OPERTYPEID="10" PREVID="0" NEXTID="0" UPDATEDATE="2024-09-10" STARTDATE="2024-09-10" ENDDATE="2079-06-06" ISACTUAL="1" ISACTIVE="1" /><STEAD ID="68677441" OBJECTID="165173093" OBJECTGUID="849f004a-7ddb-428b-b598-055fd9840328" CHANGEID="600831532" NUMBER="4" OPERTYPEID="10" PREVID="0" NEXTID="0" UPDATEDATE="2024-09-10" STARTDATE="2024-09-10" ENDDATE="2079-06-06" ISACTUAL="1" ISACTIVE="1" /><STEAD ID="68677444" OBJECTID="165173097" OBJECTGUID="ae7d809e-c655-4ae9-815e-f0a1e31cc31d" CHANGEID="600831536" NUMBER="24" OPERTYPEID="10" PREVID="0" NEXTID="0" UPDATEDATE="2024-09-10" STARTDATE="2024-09-10" ENDDATE="2079-06-06" ISACTUAL="1" ISACTIVE="1" /><STEAD ID="68677445" OBJECTID="165173099" OBJECTGUID="584d4492-fe1b-42f9-b16a-1b6a739b1d6d" CHANGEID="600831538" NUMBER="25" OPERTYPEID="10" PREVID="0" NEXTID="0" UPDATEDATE="2024-09-10" STARTDATE="2024-09-10" ENDDATE="2079-06-06" ISACTUAL="1" ISACTIVE="1" /><STEAD ID="68677448" OBJECTID="165173104" OBJECTGUID="9cec789d-bfc8-4ec5-823f-b7733b120254" CHANGEID="600831543" NUMBER="18" OPERTYPEID="10" PREVID="0" NEXTID="0" UPDATEDATE="2024-09-10" STARTDATE="2024-09-10" ENDDATE="2079-06-06" ISACTUAL="1" ISACTIVE="1" /><STEAD ID="68677450" OBJECTID="165173108" OBJECTGUID="aec02a47-7fcc-417c-af0b-bff3cfe91f13" CHANGEID="600831547" NUMBER="2" OPERTYPEID="10" PREVID="0" NEXTID="0" UPDATEDATE="2024-09-10" STARTDATE="2024-09-10" ENDDATE="2079-06-06" ISACTUAL="1" ISACTIVE="1" /><STEAD ID="68678295" OBJECTID="165174146" OBJECTGUID="fc1bb1e3-2676-42be-8f95-43dcf96e8bfc" CHANGEID="600833431" NUMBER="3" OPERTYPEID="10" PREVID="0" NEXTID="0" UPDATEDATE="2024-09-10" STARTDATE="2024-09-10" ENDDATE="2079-06-06" ISACTUAL="1" ISACTIVE="1" /><STEAD ID="68678297" OBJECTID="165174154" OBJECTGUID="a32d5ebf-8db7-421a-977f-ce33acdef32b" CHANGEID="600833441" NUMBER="18" OPERTYPEID="10" PREVID="0" NEXTID="0" UPDATEDATE="2024-09-10" STARTDATE="2024-09-10" ENDDATE="2079-06-06" ISACTUAL="1" ISACTIVE="1" /><STEAD ID="68678296" OBJECTID="165174152" OBJECTGUID="20c21e37-872b-45fb-9724-7aa4f093876b" CHANGEID="600833438" NUMBER="10" OPERTYPEID="10" PREVID="0" NEXTID="0" UPDATEDATE="2024-09-10" STARTDATE="2024-09-10" ENDDATE="2079-06-06" ISACTUAL="1" ISACTIVE="1" /><STEAD ID="68678298" OBJECTID="165174155" OBJECTGUID="408e23b4-573b-4c76-8272-c6ca0502145c" CHANGEID="600833442" NUMBER="25" OPERTYPEID="10" PREVID="0" NEXTID="0" UPDATEDATE="2024-09-10" STARTDATE="2024-09-10" ENDDATE="2079-06-06" ISACTUAL="1" ISACTIVE="1" /><STEAD ID="68678304" OBJECTID="165174171" OBJECTGUID="e68a4f80-87f4-4e73-b9ad-94d751e39c92" CHANGEID="600833466" NUMBER="11" OPERTYPEID="10" PREVID="0" NEXTID="0" UPDATEDATE="2024-09-10" STARTDATE="2024-09-10" ENDDATE="2079-06-06" ISACTUAL="1" ISACTIVE="1" /><STEAD ID="68678305" OBJECTID="165174173" OBJECTGUID="3b0e1641-0878-4d26-80b3-cfb07604f460" CHANGEID="600833468" NUMBER="6В" OPERTYPEID="10" PREVID="0" NEXTID="0" UPDATEDATE="2024-09-10" STARTDATE="2024-09-10" ENDDATE="2079-06-06" ISACTUAL="1" ISACTIVE="1" /><STEAD ID="68680445" OBJECTID="165178032" OBJECTGUID="c5724ca8-f29c-4197-afc9-2c5ff5b874a1" CHANGEID="600838873" NUMBER="86д" OPERTYPEID="10" PREVID="0" NEXTID="0" UPDATEDATE="2024-09-10" STARTDATE="2024-09-10" ENDDATE="2079-06-06" ISACTUAL="1" ISACTIVE="1" /><STEAD ID="68680446" OBJECTID="165178033" OBJECTGUID="f7dcd8f8-b5c8-4c02-97ce-647ffb6a88a4" CHANGEID="600838875" NUMBER="86г" OPERTYPEID="10" PREVID="0" NEXTID="0" UPDATEDATE="2024-09-10" STARTDATE="2024-09-10" ENDDATE="2079-06-06" ISACTUAL="1" ISACTIVE="1" /><STEAD ID="68695097" OBJECTID="165206335" OBJECTGUID="f6a922c9-7249-4991-9b55-012248b5da9a" CHANGEID="600905749" NUMBER="2" OPERTYPEID="10" PREVID="0" NEXTID="0" UPDATEDATE="2024-09-11" STARTDATE="2024-09-11" ENDDATE="2079-06-06" ISACTUAL="1" ISACTIVE="1" /><STEAD ID="68697661" OBJECTID="165210618" OBJECTGUID="ff3d7983-7eeb-491f-b00f-288c40b270d7" CHANGEID="600913483" NUMBER="9" OPERTYPEID="10" PREVID="0" NEXTID="0" UPDATEDATE="2024-09-11" STARTDATE="2024-09-11" ENDDATE="2079-06-06" ISACTUAL="1" ISACTIVE="1" /><STEAD ID="68697800" OBJECTID="165210954" OBJECTGUID="de5ca4ea-f6b5-4996-9dcc-473f85d44d95" CHANGEID="600914014" NUMBER="34" OPERTYPEID="10" PREVID="0" NEXTID="0" UPDATEDATE="2024-09-11" STARTDATE="2024-09-11" ENDDATE="2079-06-06" ISACTUAL="1" ISACTIVE="1" /><STEAD ID="68697801" OBJECTID="165210956" OBJECTGUID="ae490757-7b41-4517-87de-b6568a0763d1" CHANGEID="600914016" NUMBER="36" OPERTYPEID="10" PREVID="0" NEXTID="0" UPDATEDATE="2024-09-11" STARTDATE="2024-09-11" ENDDATE="2079-06-06" ISACTUAL="1" ISACTIVE="1" /><STEAD ID="68697811" OBJECTID="165210984" OBJECTGUID="d187c58b-4ea9-4874-8263-91ecc0740e2c" CHANGEID="600914061" NUMBER="36" OPERTYPEID="10" PREVID="0" NEXTID="0" UPDATEDATE="2024-09-11" STARTDATE="2024-09-11" ENDDATE="2079-06-06" ISACTUAL="1" ISACTIVE="1" /><STEAD ID="68698446" OBJECTID="165211786" OBJECTGUID="f8250dd3-20a2-429a-af1a-4f73b260c402" CHANGEID="600915083" NUMBER="37" OPERTYPEID="10" PREVID="0" NEXTID="0" UPDATEDATE="2024-09-11" STARTDATE="2024-09-11" ENDDATE="2079-06-06" ISACTUAL="1" ISACTIVE="1" /><STEAD ID="68698447" OBJECTID="165211787" OBJECTGUID="75760812-08b1-43d7-a008-f09ca902c04b" CHANGEID="600915084" NUMBER="19" OPERTYPEID="10" PREVID="0" NEXTID="0" UPDATEDATE="2024-09-11" STARTDATE="2024-09-11" ENDDATE="2079-06-06" ISACTUAL="1" ISACTIVE="1" /><STEAD ID="68698546" OBJECTID="165211978" OBJECTGUID="6401d2d8-ca6e-4e5e-a2f8-acd6f04adbdb" CHANGEID="600915324" NUMBER="31" OPERTYPEID="10" PREVID="0" NEXTID="0" UPDATEDATE="2024-09-11" STARTDATE="2024-09-11" ENDDATE="2079-06-06" ISACTUAL="1" ISACTIVE="1" /><STEAD ID="68698547" OBJECTID="165211979" OBJECTGUID="1cd836d0-a0ad-47a6-9a73-cb5ada660b1b" CHANGEID="600915325" NUMBER="87" OPERTYPEID="10" PREVID="0" NEXTID="0" UPDATEDATE="2024-09-11" STARTDATE="2024-09-11" ENDDATE="2079-06-06" ISACTUAL="1" ISACTIVE="1" /><STEAD ID="68698548" OBJECTID="165211980" OBJECTGUID="41c8e27a-1b42-410c-9bb1-0fb06e9c304f" CHANGEID="600915326" NUMBER="21" OPERTYPEID="10" PREVID="0" NEXTID="0" UPDATEDATE="2024-09-11" STARTDATE="2024-09-11" ENDDATE="2079-06-06" ISACTUAL="1" ISACTIVE="1" /><STEAD ID="68698549" OBJECTID="165211981" OBJECTGUID="143fc45a-bb37-4ae3-97c2-81e374537680" CHANGEID="600915327" NUMBER="1" OPERTYPEID="10" PREVID="0" NEXTID="0" UPDATEDATE="2024-09-11" STARTDATE="2024-09-11" ENDDATE="2079-06-06" ISACTUAL="1" ISACTIVE="1" /><STEAD ID="68698550" OBJECTID="165211982" OBJECTGUID="80b29dfa-edff-4d54-bebb-36faf2c8a63a" CHANGEID="600915328" NUMBER="85" OPERTYPEID="10" PREVID="0" NEXTID="0" UPDATEDATE="2024-09-11" STARTDATE="2024-09-11" ENDDATE="2079-06-06" ISACTUAL="1" ISACTIVE="1" /><STEAD ID="68698551" OBJECTID="165211983" OBJECTGUID="f41d64f0-e427-4ad2-b29f-6a407d830fc3" CHANGEID="600915329" NUMBER="45" OPERTYPEID="10" PREVID="0" NEXTID="0" UPDATEDATE="2024-09-11" STARTDATE="2024-09-11" ENDDATE="2079-06-06" ISACTUAL="1" ISACTIVE="1" /><STEAD ID="68698552" OBJECTID="165211984" OBJECTGUID="54749018-9fab-401c-b869-a9b1bab25b2b" CHANGEID="600915330" NUMBER="15" OPERTYPEID="10" PREVID="0" NEXTID="0" UPDATEDATE="2024-09-11" STARTDATE="2024-09-11" ENDDATE="2079-06-06" ISACTUAL="1" ISACTIVE="1" /><STEAD ID="68698553" OBJECTID="165211985" OBJECTGUID="9369d6af-c536-4884-a5e4-5481c9085f1d" CHANGEID="600915331" NUMBER="35" OPERTYPEID="10" PREVID="0" NEXTID="0" UPDATEDATE="2024-09-11" STARTDATE="2024-09-11" ENDDATE="2079-06-06" ISACTUAL="1" ISACTIVE="1" /><STEAD ID="68698554" OBJECTID="165211986" OBJECTGUID="2990b8ee-2d40-4e26-95fb-01e836d2aed2" CHANGEID="600915332" NUMBER="5" OPERTYPEID="10" PREVID="0" NEXTID="0" UPDATEDATE="2024-09-11" STARTDATE="2024-09-11" ENDDATE="2079-06-06" ISACTUAL="1" ISACTIVE="1" /><STEAD ID="68703891" OBJECTID="165220053" OBJECTGUID="04975526-9283-4b24-96ae-254157767c5f" CHANGEID="600930255" NUMBER="10" OPERTYPEID="10" PREVID="0" NEXTID="0" UPDATEDATE="2024-09-11" STARTDATE="2024-09-11" ENDDATE="2079-06-06" ISACTUAL="1" ISACTIVE="1" /><STEAD ID="68704827" OBJECTID="165221349" OBJECTGUID="76a1dbf7-2381-4a71-9e97-36c24304863a" CHANGEID="600932462" NUMBER="78" OPERTYPEID="10" PREVID="0" NEXTID="0" UPDATEDATE="2024-09-11" STARTDATE="2024-09-11" ENDDATE="2079-06-06" ISACTUAL="1" ISACTIVE="1" /><STEAD ID="68704828" OBJECTID="165221350" OBJECTGUID="9dd29615-2996-489b-877d-4be9ded9d0ae" CHANGEID="600932463" NUMBER="86" OPERTYPEID="10" PREVID="0" NEXTID="0" UPDATEDATE="2024-09-11" STARTDATE="2024-09-11" ENDDATE="2079-06-06" ISACTUAL="1" ISACTIVE="1" /><STEAD ID="68704829" OBJECTID="165221351" OBJECTGUID="02f43c31-9616-47d8-abd6-ea421632fd98" CHANGEID="600932464" NUMBER="9" OPERTYPEID="10" PREVID="0" NEXTID="0" UPDATEDATE="2024-09-11" STARTDATE="2024-09-11" ENDDATE="2079-06-06" ISACTUAL="1" ISACTIVE="1" /><STEAD ID="68704830" OBJECTID="165221352" OBJECTGUID="b887c837-3f15-4768-b76a-866a1d1c9aaa" CHANGEID="600932465" NUMBER="73" OPERTYPEID="10" PREVID="0" NEXTID="0" UPDATEDATE="2024-09-11" STARTDATE="2024-09-11" ENDDATE="2079-06-06" ISACTUAL="1" ISACTIVE="1" /><STEAD ID="68704831" OBJECTID="165221353" OBJECTGUID="32f11210-75a0-497a-81bf-31bac40235af" CHANGEID="600932466" NUMBER="21" OPERTYPEID="10" PREVID="0" NEXTID="0" UPDATEDATE="2024-09-11" STARTDATE="2024-09-11" ENDDATE="2079-06-06" ISACTUAL="1" ISACTIVE="1" /><STEAD ID="68704832" OBJECTID="165221354" OBJECTGUID="ac57ae08-dba2-4e0b-9bb7-49f783746df0" CHANGEID="600932467" NUMBER="51" OPERTYPEID="10" PREVID="0" NEXTID="0" UPDATEDATE="2024-09-11" STARTDATE="2024-09-11" ENDDATE="2079-06-06" ISACTUAL="1" ISACTIVE="1" /><STEAD ID="68704833" OBJECTID="165221355" OBJECTGUID="d17ac6cc-fd42-4f2b-a622-88a703d197f2" CHANGEID="600932468" NUMBER="106" OPERTYPEID="10" PREVID="0" NEXTID="0" UPDATEDATE="2024-09-11" STARTDATE="2024-09-11" ENDDATE="2079-06-06" ISACTUAL="1" ISACTIVE="1" /><STEAD ID="68704834" OBJECTID="165221356" OBJECTGUID="0244089d-f408-4064-a3a7-f451ff9e1cc0" CHANGEID="600932469" NUMBER="36" OPERTYPEID="10" PREVID="0" NEXTID="0" UPDATEDATE="2024-09-11" STARTDATE="2024-09-11" ENDDATE="2079-06-06" ISACTUAL="1" ISACTIVE="1" /><STEAD ID="68704835" OBJECTID="165221357" OBJECTGUID="f23793b8-322a-4387-8525-7401a262ddcf" CHANGEID="600932470" NUMBER="76" OPERTYPEID="10" PREVID="0" NEXTID="0" UPDATEDATE="2024-09-11" STARTDATE="2024-09-11" ENDDATE="2079-06-06" ISACTUAL="1" ISACTIVE="1" /><STEAD ID="68704836" OBJECTID="165221358" OBJECTGUID="391eacbc-c31a-4d0b-b738-c5d68ca0f1f2" CHANGEID="600932471" NUMBER="102" OPERTYPEID="10" PREVID="0" NEXTID="0" UPDATEDATE="2024-09-11" STARTDATE="2024-09-11" ENDDATE="2079-06-06" ISACTUAL="1" ISACTIVE="1" /><STEAD ID="68704837" OBJECTID="165221359" OBJECTGUID="e79db056-72a5-4feb-9704-fa3dcae98985" CHANGEID="600932472" NUMBER="30" OPERTYPEID="10" PREVID="0" NEXTID="0" UPDATEDATE="2024-09-11" STARTDATE="2024-09-11" ENDDATE="2079-06-06" ISACTUAL="1" ISACTIVE="1" /><STEAD ID="68704838" OBJECTID="165221360" OBJECTGUID="251f92d2-4519-4740-83bc-bbabc4a9c715" CHANGEID="600932473" NUMBER="69" OPERTYPEID="10" PREVID="0" NEXTID="0" UPDATEDATE="2024-09-11" STARTDATE="2024-09-11" ENDDATE="2079-06-06" ISACTUAL="1" ISACTIVE="1" /><STEAD ID="68704839" OBJECTID="165221361" OBJECTGUID="89a80c29-5145-4625-97c7-0c0718a811a4" CHANGEID="600932474" NUMBER="8" OPERTYPEID="10" PREVID="0" NEXTID="0" UPDATEDATE="2024-09-11" STARTDATE="2024-09-11" ENDDATE="2079-06-06" ISACTUAL="1" ISACTIVE="1" /><STEAD ID="68704840" OBJECTID="165221362" OBJECTGUID="d6391ca3-056a-401a-95c7-4432bbe0afa6" CHANGEID="600932475" NUMBER="60" OPERTYPEID="10" PREVID="0" NEXTID="0" UPDATEDATE="2024-09-11" STARTDATE="2024-09-11" ENDDATE="2079-06-06" ISACTUAL="1" ISACTIVE="1" /><STEAD ID="68704841" OBJECTID="165221363" OBJECTGUID="7efd4f3a-c890-421f-91e4-eda7ab7ff6c7" CHANGEID="600932476" NUMBER="7" OPERTYPEID="10" PREVID="0" NEXTID="0" UPDATEDATE="2024-09-11" STARTDATE="2024-09-11" ENDDATE="2079-06-06" ISACTUAL="1" ISACTIVE="1" /><STEAD ID="68704842" OBJECTID="165221364" OBJECTGUID="a211feea-1114-4730-af8c-e2900321f742" CHANGEID="600932477" NUMBER="22" OPERTYPEID="10" PREVID="0" NEXTID="0" UPDATEDATE="2024-09-11" STARTDATE="2024-09-11" ENDDATE="2079-06-06" ISACTUAL="1" ISACTIVE="1" /><STEAD ID="68704843" OBJECTID="165221365" OBJECTGUID="31261bfc-1d4e-4cdc-81a5-9b225a8e1305" CHANGEID="600932478" NUMBER="79" OPERTYPEID="10" PREVID="0" NEXTID="0" UPDATEDATE="2024-09-11" STARTDATE="2024-09-11" ENDDATE="2079-06-06" ISACTUAL="1" ISACTIVE="1" /><STEAD ID="68704844" OBJECTID="165221366" OBJECTGUID="dea69434-fcca-4707-b8d6-74ac9633a332" CHANGEID="600932479" NUMBER="54" OPERTYPEID="10" PREVID="0" NEXTID="0" UPDATEDATE="2024-09-11" STARTDATE="2024-09-11" ENDDATE="2079-06-06" ISACTUAL="1" ISACTIVE="1" /><STEAD ID="68704845" OBJECTID="165221367" OBJECTGUID="5886f94c-5973-4b66-8a03-9ad457e2245d" CHANGEID="600932480" NUMBER="13" OPERTYPEID="10" PREVID="0" NEXTID="0" UPDATEDATE="2024-09-11" STARTDATE="2024-09-11" ENDDATE="2079-06-06" ISACTUAL="1" ISACTIVE="1" /><STEAD ID="68704846" OBJECTID="165221368" OBJECTGUID="d38bdae8-d3e9-4f31-94ff-b5d0fedba62a" CHANGEID="600932481" NUMBER="50" OPERTYPEID="10" PREVID="0" NEXTID="0" UPDATEDATE="2024-09-11" STARTDATE="2024-09-11" ENDDATE="2079-06-06" ISACTUAL="1" ISACTIVE="1" /><STEAD ID="68704847" OBJECTID="165221369" OBJECTGUID="c7235c6f-9495-4507-9349-d78c89e0179f" CHANGEID="600932482" NUMBER="64" OPERTYPEID="10" PREVID="0" NEXTID="0" UPDATEDATE="2024-09-11" STARTDATE="2024-09-11" ENDDATE="2079-06-06" ISACTUAL="1" ISACTIVE="1" /><STEAD ID="68704848" OBJECTID="165221370" OBJECTGUID="390b4e53-7ec7-4c42-8af4-cb1eb37a8109" CHANGEID="600932483" NUMBER="46" OPERTYPEID="10" PREVID="0" NEXTID="0" UPDATEDATE="2024-09-11" STARTDATE="2024-09-11" ENDDATE="2079-06-06" ISACTUAL="1" ISACTIVE="1" /><STEAD ID="68704849" OBJECTID="165221371" OBJECTGUID="bcc0db1f-94f9-4e36-8fdc-68b5280f3e1a" CHANGEID="600932484" NUMBER="39" OPERTYPEID="10" PREVID="0" NEXTID="0" UPDATEDATE="2024-09-11" STARTDATE="2024-09-11" ENDDATE="2079-06-06" ISACTUAL="1" ISACTIVE="1" /><STEAD ID="68704850" OBJECTID="165221372" OBJECTGUID="54373e6d-bb42-4391-b130-72b489e6bcbd" CHANGEID="600932485" NUMBER="2" OPERTYPEID="10" PREVID="0" NEXTID="0" UPDATEDATE="2024-09-11" STARTDATE="2024-09-11" ENDDATE="2079-06-06" ISACTUAL="1" ISACTIVE="1" /><STEAD ID="68704851" OBJECTID="165221373" OBJECTGUID="37f34927-1473-4a38-9081-bd4f8a21315f" CHANGEID="600932486" NUMBER="27" OPERTYPEID="10" PREVID="0" NEXTID="0" UPDATEDATE="2024-09-11" STARTDATE="2024-09-11" ENDDATE="2079-06-06" ISACTUAL="1" ISACTIVE="1" /><STEAD ID="68704852" OBJECTID="165221374" OBJECTGUID="6c4e5cf6-2458-4df8-8d1d-e307cf8d7ecb" CHANGEID="600932487" NUMBER="29" OPERTYPEID="10" PREVID="0" NEXTID="0" UPDATEDATE="2024-09-11" STARTDATE="2024-09-11" ENDDATE="2079-06-06" ISACTUAL="1" ISACTIVE="1" /><STEAD ID="68704853" OBJECTID="165221375" OBJECTGUID="289dc414-aa66-41c4-bb56-421d19802489" CHANGEID="600932488" NUMBER="10" OPERTYPEID="10" PREVID="0" NEXTID="0" UPDATEDATE="2024-09-11" STARTDATE="2024-09-11" ENDDATE="2079-06-06" ISACTUAL="1" ISACTIVE="1" /><STEAD ID="68705012" OBJECTID="165221678" OBJECTGUID="99c8d642-de36-4342-ab5d-0bb8d3ac4dd9" CHANGEID="600933224" NUMBER="21" OPERTYPEID="10" PREVID="0" NEXTID="0" UPDATEDATE="2024-09-11" STARTDATE="2024-09-11" ENDDATE="2079-06-06" ISACTUAL="1" ISACTIVE="1" /></STEADS>