﻿<?xml version="1.0" encoding="utf-8"?><HOUSES><HOUSE ID="54625806" OBJECTID="48083558" OBJECTGUID="2dcf5c13-dcd0-4f5e-b188-ca7b2bb7b31e" CHANGEID="72269091" HOUSENUM="28" HOUSETYPE="2" OPERTYPEID="20" PREVID="28728846" NEXTID="126729901" UPDATEDATE="2024-09-05" STARTDATE="2014-01-04" ENDDATE="2024-09-05" ISACTUAL="0" ISACTIVE="0" /><HOUSE ID="54866969" OBJECTID="43906032" OBJECTGUID="3137fdf5-299a-43f7-bdcc-154696b93060" CHANGEID="66239718" HOUSENUM="28" HOUSETYPE="2" OPERTYPEID="20" PREVID="26240790" NEXTID="126729180" UPDATEDATE="2024-09-05" STARTDATE="2016-01-03" ENDDATE="2024-09-05" ISACTUAL="0" ISACTIVE="0" /><HOUSE ID="56614812" OBJECTID="9151395" OBJECTGUID="49e6d722-8e25-4af4-b455-ff8dd588e0af" CHANGEID="15302226" HOUSENUM="21" HOUSETYPE="2" OPERTYPEID="20" PREVID="4736568" NEXTID="126729200" UPDATEDATE="2024-09-05" STARTDATE="2016-01-03" ENDDATE="2024-09-05" ISACTUAL="0" ISACTIVE="0" /><HOUSE ID="56765005" OBJECTID="7903590" OBJECTGUID="4c069005-70ec-4378-a321-b9ddd0f879a3" CHANGEID="13447698" HOUSENUM="8" HOUSETYPE="2" OPERTYPEID="20" PREVID="3939962" NEXTID="126729151" UPDATEDATE="2024-09-05" STARTDATE="2016-01-03" ENDDATE="2024-09-05" ISACTUAL="0" ISACTIVE="0" /><HOUSE ID="57032174" OBJECTID="45924214" OBJECTGUID="4fc99bd8-6bf8-4d6b-abfd-79bead951766" CHANGEID="69145004" HOUSENUM="11" HOUSETYPE="2" OPERTYPEID="20" PREVID="27429080" NEXTID="126729388" UPDATEDATE="2024-09-05" STARTDATE="2014-01-04" ENDDATE="2024-09-05" ISACTUAL="0" ISACTIVE="0" /><HOUSE ID="57220842" OBJECTID="53498278" OBJECTGUID="5271899b-302d-4bb3-ac60-328c0a4ddeb9" CHANGEID="80081582" HOUSENUM="8" HOUSETYPE="1" OPERTYPEID="20" PREVID="31939188" NEXTID="126729132" UPDATEDATE="2024-09-05" STARTDATE="2016-01-03" ENDDATE="2024-09-05" ISACTUAL="0" ISACTIVE="0" /><HOUSE ID="57676182" OBJECTID="22310951" OBJECTGUID="58e0566c-ad17-4a50-a388-37aa2a5531a1" CHANGEID="34788678" HOUSENUM="17" HOUSETYPE="2" OPERTYPEID="20" PREVID="13156061" NEXTID="126729660" UPDATEDATE="2024-09-05" STARTDATE="2014-01-04" ENDDATE="2024-09-05" ISACTUAL="0" ISACTIVE="0" /><HOUSE ID="57856364" OBJECTID="48124174" OBJECTGUID="5b6a6e98-e8b7-4371-964d-d26b440b4346" CHANGEID="72328129" HOUSENUM="7" HOUSETYPE="2" OPERTYPEID="20" PREVID="28753172" NEXTID="126729882" UPDATEDATE="2024-09-05" STARTDATE="2014-01-04" ENDDATE="2024-09-05" ISACTUAL="0" ISACTIVE="0" /><HOUSE ID="58457327" OBJECTID="77301498" OBJECTGUID="63e09181-adcf-4600-ba5b-67f842be7b14" CHANGEID="114960710" HOUSENUM="7" HOUSETYPE="2" OPERTYPEID="20" PREVID="46710333" NEXTID="126729886" UPDATEDATE="2024-09-05" STARTDATE="2014-01-04" ENDDATE="2024-09-05" ISACTUAL="0" ISACTIVE="0" /><HOUSE ID="59527724" OBJECTID="63505976" OBJECTGUID="7303437d-5439-4317-a5ec-d07392e94c33" CHANGEID="94771906" HOUSENUM="7" HOUSETYPE="2" OPERTYPEID="20" PREVID="38189375" NEXTID="126729146" UPDATEDATE="2024-09-05" STARTDATE="2016-01-03" ENDDATE="2024-09-05" ISACTUAL="0" ISACTIVE="0" /><HOUSE ID="59695709" OBJECTID="46032169" OBJECTGUID="755d720b-c2ed-4e02-8898-a90c78b4beaf" CHANGEID="69306146" HOUSENUM="14" HOUSETYPE="2" OPERTYPEID="20" PREVID="27498820" NEXTID="126729135" UPDATEDATE="2024-09-05" STARTDATE="2016-01-03" ENDDATE="2024-09-05" ISACTUAL="0" ISACTIVE="0" /><HOUSE ID="60327393" OBJECTID="77324997" OBJECTGUID="7e4a7537-7950-4301-ab24-e698d6406243" CHANGEID="114993156" HOUSENUM="7" HOUSETYPE="2" OPERTYPEID="20" PREVID="46722541" NEXTID="126729869" UPDATEDATE="2024-09-05" STARTDATE="2014-01-04" ENDDATE="2024-09-05" ISACTUAL="0" ISACTIVE="0" /><HOUSE ID="60425762" OBJECTID="22311420" OBJECTGUID="7fad0b3c-40c8-4f30-a8c6-598124747903" CHANGEID="34789890" HOUSENUM="5" HOUSETYPE="2" OPERTYPEID="20" PREVID="13156351" NEXTID="126729658" UPDATEDATE="2024-09-05" STARTDATE="2014-01-04" ENDDATE="2024-09-05" ISACTUAL="0" ISACTIVE="0" /><HOUSE ID="60757338" OBJECTID="22311249" OBJECTGUID="845a8054-bb04-4a33-a02b-45167c4da8e3" CHANGEID="34788914" HOUSENUM="10" HOUSETYPE="2" OPERTYPEID="20" PREVID="13156262" NEXTID="126729659" UPDATEDATE="2024-09-05" STARTDATE="2014-01-04" ENDDATE="2024-09-05" ISACTUAL="0" ISACTIVE="0" /><HOUSE ID="60810633" OBJECTID="61193717" OBJECTGUID="851e25eb-0b28-4cb6-82a9-3c039f3d5962" CHANGEID="91388755" HOUSENUM="6" HOUSETYPE="2" OPERTYPEID="20" PREVID="36727559" NEXTID="126729160" UPDATEDATE="2024-09-05" STARTDATE="2016-01-03" ENDDATE="2024-09-05" ISACTUAL="0" ISACTIVE="0" /><HOUSE ID="60906618" OBJECTID="46013584" OBJECTGUID="86792923-2a35-47f5-ad08-6df816474b47" CHANGEID="69277804" HOUSENUM="32" HOUSETYPE="2" OPERTYPEID="20" PREVID="27486869" NEXTID="126729136" UPDATEDATE="2024-09-05" STARTDATE="2016-01-03" ENDDATE="2024-09-05" ISACTUAL="0" ISACTIVE="0" /><HOUSE ID="61143342" OBJECTID="43907413" OBJECTGUID="89cf20da-9d4b-4b8f-b001-2e8b25e252aa" CHANGEID="66241837" HOUSENUM="15" HOUSETYPE="2" OPERTYPEID="20" PREVID="26241519" NEXTID="126729179" UPDATEDATE="2024-09-05" STARTDATE="2016-01-03" ENDDATE="2024-09-05" ISACTUAL="0" ISACTIVE="0" /><HOUSE ID="61232738" OBJECTID="45899523" OBJECTGUID="8b105322-6449-4a05-8701-29be0cfb44dc" CHANGEID="69110131" HOUSENUM="12" HOUSETYPE="2" OPERTYPEID="20" PREVID="27414568" NEXTID="126729390" UPDATEDATE="2024-09-05" STARTDATE="2014-01-04" ENDDATE="2024-09-05" ISACTUAL="0" ISACTIVE="0" /><HOUSE ID="61284057" OBJECTID="54120357" OBJECTGUID="8bc9f03c-0d18-4112-96ed-7698a1fd30e4" CHANGEID="81003629" HOUSENUM="35" HOUSETYPE="2" OPERTYPEID="20" PREVID="32333168" NEXTID="126729143" UPDATEDATE="2024-09-05" STARTDATE="2016-01-03" ENDDATE="2024-09-05" ISACTUAL="0" ISACTIVE="0" /><HOUSE ID="61339876" OBJECTID="17569756" OBJECTGUID="8c91b799-194e-46db-8421-7df474a57b4c" CHANGEID="27739357" HOUSENUM="10" HOUSETYPE="2" OPERTYPEID="20" PREVID="10081100" NEXTID="126729873" UPDATEDATE="2024-09-05" STARTDATE="2014-01-04" ENDDATE="2024-09-05" ISACTUAL="0" ISACTIVE="0" /><HOUSE ID="61678621" OBJECTID="46003956" OBJECTGUID="915e7924-4d0b-40c8-9716-1e5578856fb0" CHANGEID="69262581" HOUSENUM="20" HOUSETYPE="2" OPERTYPEID="20" PREVID="27479854" NEXTID="126729138" UPDATEDATE="2024-09-05" STARTDATE="2016-01-03" ENDDATE="2024-09-05" ISACTUAL="0" ISACTIVE="0" /><HOUSE ID="62199475" OBJECTID="6676558" OBJECTGUID="98b30292-d683-4676-b06a-f012c85e108c" CHANGEID="11650358" HOUSENUM="17" HOUSETYPE="2" OPERTYPEID="20" PREVID="3172435" NEXTID="126729119" UPDATEDATE="2024-09-05" STARTDATE="2016-01-03" ENDDATE="2024-09-05" ISACTUAL="0" ISACTIVE="0" /><HOUSE ID="62405087" OBJECTID="1764757" OBJECTGUID="9b982dce-0f06-4bf4-8323-5754f2f64d9b" CHANGEID="4512522" HOUSENUM="6" HOUSETYPE="2" OPERTYPEID="20" PREVID="198335" NEXTID="126729671" UPDATEDATE="2024-09-05" STARTDATE="2014-01-04" ENDDATE="2024-09-05" ISACTUAL="0" ISACTIVE="0" /><HOUSE ID="62823576" OBJECTID="6674359" OBJECTGUID="a17f0a23-8c1c-45f3-a64c-b03e11bdd0d2" CHANGEID="11647215" HOUSENUM="18" HOUSETYPE="2" OPERTYPEID="20" PREVID="3170941" NEXTID="126729121" UPDATEDATE="2024-09-05" STARTDATE="2016-01-03" ENDDATE="2024-09-05" ISACTUAL="0" ISACTIVE="0" /><HOUSE ID="64342130" OBJECTID="64762188" OBJECTGUID="b6f48c83-9f6d-4acf-9ca2-537faccb7f51" CHANGEID="96608533" HOUSENUM="4" HOUSETYPE="2" OPERTYPEID="20" PREVID="38970929" NEXTID="126729129" UPDATEDATE="2024-09-05" STARTDATE="2016-01-03" ENDDATE="2024-09-05" ISACTUAL="0" ISACTIVE="0" /><HOUSE ID="64788546" OBJECTID="63117729" OBJECTGUID="bd429276-6164-4ad7-9c4b-1383feea2edb" CHANGEID="94213920" HOUSENUM="1" HOUSETYPE="2" OPERTYPEID="20" PREVID="37956450" NEXTID="126729218" UPDATEDATE="2024-09-05" STARTDATE="2014-01-04" ENDDATE="2024-09-05" ISACTUAL="0" ISACTIVE="0" /><HOUSE ID="66246910" OBJECTID="53969996" OBJECTGUID="d1dd4118-66fb-4c1c-a8e9-329b5df27014" CHANGEID="80779376" HOUSENUM="18" HOUSETYPE="2" OPERTYPEID="20" PREVID="32236839" NEXTID="126729891" UPDATEDATE="2024-09-05" STARTDATE="2014-01-04" ENDDATE="2024-09-05" ISACTUAL="0" ISACTIVE="0" /><HOUSE ID="66301368" OBJECTID="64760386" OBJECTGUID="d29e1f6f-30a4-470e-8825-1a56412d229c" CHANGEID="96605308" HOUSENUM="3" HOUSETYPE="2" OPERTYPEID="20" PREVID="38969328" NEXTID="126729131" UPDATEDATE="2024-09-05" STARTDATE="2016-01-03" ENDDATE="2024-09-05" ISACTUAL="0" ISACTIVE="0" /><HOUSE ID="67645541" OBJECTID="1765510" OBJECTGUID="e59c9651-62b0-4735-9746-989f4c01af46" CHANGEID="4513482" HOUSENUM="3" HOUSETYPE="2" OPERTYPEID="20" PREVID="198530" NEXTID="126729670" UPDATEDATE="2024-09-05" STARTDATE="2014-01-04" ENDDATE="2024-09-05" ISACTUAL="0" ISACTIVE="0" /><HOUSE ID="69304680" OBJECTID="46037271" OBJECTGUID="fd0ba321-ad63-45af-8bf1-c1115e53a156" CHANGEID="69314254" HOUSENUM="29" HOUSETYPE="2" OPERTYPEID="20" PREVID="27502438" NEXTID="126729134" UPDATEDATE="2024-09-05" STARTDATE="2016-01-03" ENDDATE="2024-09-05" ISACTUAL="0" ISACTIVE="0" /><HOUSE ID="63944006" OBJECTID="71798634" OBJECTGUID="b1575f4d-3082-4e25-9a24-24be7e9d3223" CHANGEID="106931820" HOUSENUM="9" HOUSETYPE="2" OPERTYPEID="20" PREVID="43314753" NEXTID="126729666" UPDATEDATE="2024-09-05" STARTDATE="2014-01-04" ENDDATE="2024-09-05" ISACTUAL="0" ISACTIVE="0" /><HOUSE ID="63947337" OBJECTID="22324641" OBJECTGUID="b161ab3f-029b-42a9-abea-abab3efddba8" CHANGEID="34809906" HOUSENUM="16" HOUSETYPE="2" OPERTYPEID="20" PREVID="13164994" NEXTID="126729655" UPDATEDATE="2024-09-05" STARTDATE="2014-01-04" ENDDATE="2024-09-05" ISACTUAL="0" ISACTIVE="0" /><HOUSE ID="51597466" OBJECTID="7902584" OBJECTGUID="030ddac1-d3bd-45c6-815c-23998b340783" CHANGEID="13446093" HOUSENUM="7" HOUSETYPE="2" OPERTYPEID="20" PREVID="3939235" NEXTID="126729152" UPDATEDATE="2024-09-05" STARTDATE="2016-01-03" ENDDATE="2024-09-05" ISACTUAL="0" ISACTIVE="0" /><HOUSE ID="51921559" OBJECTID="61201772" OBJECTGUID="07a23b27-3491-40ba-a902-d46c4ec07097" CHANGEID="91400359" HOUSENUM="20" HOUSETYPE="2" OPERTYPEID="20" PREVID="36732984" NEXTID="126729158" UPDATEDATE="2024-09-05" STARTDATE="2016-01-03" ENDDATE="2024-09-05" ISACTUAL="0" ISACTIVE="0" /><HOUSE ID="52135508" OBJECTID="54098578" OBJECTGUID="0aa23cdc-5fe1-47a0-ae0a-10adef6abded" CHANGEID="80971512" HOUSENUM="16" HOUSETYPE="2" OPERTYPEID="20" PREVID="32319051" NEXTID="126729145" UPDATEDATE="2024-09-05" STARTDATE="2016-01-03" ENDDATE="2024-09-05" ISACTUAL="0" ISACTIVE="0" /><HOUSE ID="52677118" OBJECTID="22318275" OBJECTGUID="124b24ba-548e-42b2-a40d-9f637f3aa0e5" CHANGEID="34800442" HOUSENUM="8" HOUSETYPE="2" OPERTYPEID="20" PREVID="13161186" NEXTID="126729656" UPDATEDATE="2024-09-05" STARTDATE="2014-01-04" ENDDATE="2024-09-05" ISACTUAL="0" ISACTIVE="0" /><HOUSE ID="53395001" OBJECTID="6673006" OBJECTGUID="1c6ebe8e-83b5-4172-8c21-8faa4d875a8d" CHANGEID="11645049" HOUSENUM="19" HOUSETYPE="2" OPERTYPEID="20" PREVID="3169958" NEXTID="126729123" UPDATEDATE="2024-09-05" STARTDATE="2016-01-03" ENDDATE="2024-09-05" ISACTUAL="0" ISACTIVE="0" /><HOUSE ID="53680897" OBJECTID="62360623" OBJECTGUID="207c598a-168f-438a-8e9e-d051d01b82b1" CHANGEID="93106395" HOUSENUM="23" HOUSETYPE="2" OPERTYPEID="20" PREVID="37476813" NEXTID="126729897" UPDATEDATE="2024-09-05" STARTDATE="2014-01-04" ENDDATE="2024-09-05" ISACTUAL="0" ISACTIVE="0" /><HOUSE ID="53839445" OBJECTID="6673722" OBJECTGUID="22b955ec-c4a4-4c91-ba10-a9f84c80b59c" CHANGEID="11646394" HOUSENUM="8" HOUSETYPE="2" OPERTYPEID="20" PREVID="3170453" NEXTID="126729122" UPDATEDATE="2024-09-05" STARTDATE="2016-01-03" ENDDATE="2024-09-05" ISACTUAL="0" ISACTIVE="0" /><HOUSE ID="126728668" OBJECTID="165076951" OBJECTGUID="f321b52c-1a1a-48b8-80ee-716ca8b8bb11" CHANGEID="600537744" HOUSENUM="11А" HOUSETYPE="2" OPERTYPEID="10" PREVID="0" NEXTID="0" UPDATEDATE="2024-09-05" STARTDATE="2024-09-05" ENDDATE="2079-06-06" ISACTUAL="1" ISACTIVE="1" /><HOUSE ID="126728669" OBJECTID="165076953" OBJECTGUID="499286ca-ef43-4109-acb3-3da4b34b76f8" CHANGEID="600537746" HOUSENUM="8" HOUSETYPE="2" OPERTYPEID="10" PREVID="0" NEXTID="0" UPDATEDATE="2024-09-05" STARTDATE="2024-09-05" ENDDATE="2079-06-06" ISACTUAL="1" ISACTIVE="1" /><HOUSE ID="126728664" OBJECTID="165076942" OBJECTGUID="c3d07eb6-2cb6-4d8b-b239-ea29fa4651e6" CHANGEID="600537735" HOUSENUM="4А" HOUSETYPE="2" OPERTYPEID="10" PREVID="0" NEXTID="0" UPDATEDATE="2024-09-05" STARTDATE="2024-09-05" ENDDATE="2079-06-06" ISACTUAL="1" ISACTIVE="1" /><HOUSE ID="126728665" OBJECTID="165076944" OBJECTGUID="57be77e5-5cf3-4312-8fbc-d64e8e1e2b6f" CHANGEID="600537737" HOUSENUM="34" HOUSETYPE="2" OPERTYPEID="10" PREVID="0" NEXTID="0" UPDATEDATE="2024-09-05" STARTDATE="2024-09-05" ENDDATE="2079-06-06" ISACTUAL="1" ISACTIVE="1" /><HOUSE ID="126728666" OBJECTID="165076946" OBJECTGUID="7b80d97b-4d70-428f-b440-d8e59bb1dd5a" CHANGEID="600537739" HOUSENUM="5" HOUSETYPE="2" OPERTYPEID="10" PREVID="0" NEXTID="0" UPDATEDATE="2024-09-05" STARTDATE="2024-09-05" ENDDATE="2079-06-06" ISACTUAL="1" ISACTIVE="1" /><HOUSE ID="126728667" OBJECTID="165076948" OBJECTGUID="b65c3a8a-1b33-4674-9b84-72b63a5efcff" CHANGEID="600537741" HOUSENUM="36" HOUSETYPE="2" OPERTYPEID="10" PREVID="0" NEXTID="0" UPDATEDATE="2024-09-05" STARTDATE="2024-09-05" ENDDATE="2079-06-06" ISACTUAL="1" ISACTIVE="1" /><HOUSE ID="126729119" OBJECTID="6676558" OBJECTGUID="98b30292-d683-4676-b06a-f012c85e108c" CHANGEID="600541073" HOUSENUM="17" HOUSETYPE="2" OPERTYPEID="30" PREVID="62199475" NEXTID="0" UPDATEDATE="2024-09-05" STARTDATE="2024-09-05" ENDDATE="2079-06-06" ISACTUAL="1" ISACTIVE="0" /><HOUSE ID="126729120" OBJECTID="6674873" OBJECTGUID="29f24c57-4969-4192-89d3-b8803a587961" CHANGEID="600541074" HOUSENUM="7" HOUSETYPE="2" OPERTYPEID="30" PREVID="54352032" NEXTID="0" UPDATEDATE="2024-09-05" STARTDATE="2024-09-05" ENDDATE="2079-06-06" ISACTUAL="1" ISACTIVE="0" /><HOUSE ID="54352032" OBJECTID="6674873" OBJECTGUID="29f24c57-4969-4192-89d3-b8803a587961" CHANGEID="11647713" HOUSENUM="7" HOUSETYPE="2" OPERTYPEID="20" PREVID="3171166" NEXTID="126729120" UPDATEDATE="2024-09-05" STARTDATE="2016-01-03" ENDDATE="2024-09-05" ISACTUAL="0" ISACTIVE="0" /><HOUSE ID="126729121" OBJECTID="6674359" OBJECTGUID="a17f0a23-8c1c-45f3-a64c-b03e11bdd0d2" CHANGEID="600541075" HOUSENUM="18" HOUSETYPE="2" OPERTYPEID="30" PREVID="62823576" NEXTID="0" UPDATEDATE="2024-09-05" STARTDATE="2024-09-05" ENDDATE="2079-06-06" ISACTUAL="1" ISACTIVE="0" /><HOUSE ID="126729122" OBJECTID="6673722" OBJECTGUID="22b955ec-c4a4-4c91-ba10-a9f84c80b59c" CHANGEID="600541076" HOUSENUM="8" HOUSETYPE="2" OPERTYPEID="30" PREVID="53839445" NEXTID="0" UPDATEDATE="2024-09-05" STARTDATE="2024-09-05" ENDDATE="2079-06-06" ISACTUAL="1" ISACTIVE="0" /><HOUSE ID="126729123" OBJECTID="6673006" OBJECTGUID="1c6ebe8e-83b5-4172-8c21-8faa4d875a8d" CHANGEID="600541077" HOUSENUM="19" HOUSETYPE="2" OPERTYPEID="30" PREVID="53395001" NEXTID="0" UPDATEDATE="2024-09-05" STARTDATE="2024-09-05" ENDDATE="2079-06-06" ISACTUAL="1" ISACTIVE="0" /><HOUSE ID="126729124" OBJECTID="6671192" OBJECTGUID="41b41c71-56a4-4727-960b-770400e2702d" CHANGEID="600541078" HOUSENUM="10" HOUSETYPE="2" OPERTYPEID="30" PREVID="56034857" NEXTID="0" UPDATEDATE="2024-09-05" STARTDATE="2024-09-05" ENDDATE="2079-06-06" ISACTUAL="1" ISACTIVE="0" /><HOUSE ID="56034857" OBJECTID="6671192" OBJECTGUID="41b41c71-56a4-4727-960b-770400e2702d" CHANGEID="11642460" HOUSENUM="10" HOUSETYPE="2" OPERTYPEID="20" PREVID="3168827" NEXTID="126729124" UPDATEDATE="2024-09-05" STARTDATE="2016-01-03" ENDDATE="2024-09-05" ISACTUAL="0" ISACTIVE="0" /><HOUSE ID="126729125" OBJECTID="6669890" OBJECTGUID="496a57e8-1105-458a-b5a2-50b86a877f82" CHANGEID="600541079" HOUSENUM="5" HOUSETYPE="2" OPERTYPEID="30" PREVID="56580303" NEXTID="0" UPDATEDATE="2024-09-05" STARTDATE="2024-09-05" ENDDATE="2079-06-06" ISACTUAL="1" ISACTIVE="0" /><HOUSE ID="56580303" OBJECTID="6669890" OBJECTGUID="496a57e8-1105-458a-b5a2-50b86a877f82" CHANGEID="11640980" HOUSENUM="5" HOUSETYPE="2" OPERTYPEID="20" PREVID="3168265" NEXTID="126729125" UPDATEDATE="2024-09-05" STARTDATE="2016-01-03" ENDDATE="2024-09-05" ISACTUAL="0" ISACTIVE="0" /><HOUSE ID="126729128" OBJECTID="64769005" OBJECTGUID="bff5cc34-840f-4099-bf09-8d5df82ae13a" CHANGEID="600541083" HOUSENUM="6" HOUSETYPE="2" OPERTYPEID="30" PREVID="64981243" NEXTID="0" UPDATEDATE="2024-09-05" STARTDATE="2024-09-05" ENDDATE="2079-06-06" ISACTUAL="1" ISACTIVE="0" /><HOUSE ID="64981243" OBJECTID="64769005" OBJECTGUID="bff5cc34-840f-4099-bf09-8d5df82ae13a" CHANGEID="96618504" HOUSENUM="6" HOUSETYPE="2" OPERTYPEID="20" PREVID="38974800" NEXTID="126729128" UPDATEDATE="2024-09-05" STARTDATE="2016-01-03" ENDDATE="2024-09-05" ISACTUAL="0" ISACTIVE="0" /><HOUSE ID="126729129" OBJECTID="64762188" OBJECTGUID="b6f48c83-9f6d-4acf-9ca2-537faccb7f51" CHANGEID="600541084" HOUSENUM="4" HOUSETYPE="2" OPERTYPEID="30" PREVID="64342130" NEXTID="0" UPDATEDATE="2024-09-05" STARTDATE="2024-09-05" ENDDATE="2079-06-06" ISACTUAL="1" ISACTIVE="0" /><HOUSE ID="126729130" OBJECTID="64760645" OBJECTGUID="83a2e7f2-2781-43bc-997e-25e2fcb7d0ee" CHANGEID="600541085" HOUSENUM="9" HOUSETYPE="2" OPERTYPEID="30" PREVID="60706224" NEXTID="0" UPDATEDATE="2024-09-05" STARTDATE="2024-09-05" ENDDATE="2079-06-06" ISACTUAL="1" ISACTIVE="0" /><HOUSE ID="60706224" OBJECTID="64760645" OBJECTGUID="83a2e7f2-2781-43bc-997e-25e2fcb7d0ee" CHANGEID="96606347" HOUSENUM="9" HOUSETYPE="2" OPERTYPEID="20" PREVID="38969805" NEXTID="126729130" UPDATEDATE="2024-09-05" STARTDATE="2016-01-03" ENDDATE="2024-09-05" ISACTUAL="0" ISACTIVE="0" /><HOUSE ID="126729131" OBJECTID="64760386" OBJECTGUID="d29e1f6f-30a4-470e-8825-1a56412d229c" CHANGEID="600541086" HOUSENUM="3" HOUSETYPE="2" OPERTYPEID="30" PREVID="66301368" NEXTID="0" UPDATEDATE="2024-09-05" STARTDATE="2024-09-05" ENDDATE="2079-06-06" ISACTUAL="1" ISACTIVE="0" /><HOUSE ID="126729132" OBJECTID="53498278" OBJECTGUID="5271899b-302d-4bb3-ac60-328c0a4ddeb9" CHANGEID="600541088" HOUSENUM="8" HOUSETYPE="1" OPERTYPEID="30" PREVID="57220842" NEXTID="0" UPDATEDATE="2024-09-05" STARTDATE="2024-09-05" ENDDATE="2079-06-06" ISACTUAL="1" ISACTIVE="0" /><HOUSE ID="126729134" OBJECTID="46037271" OBJECTGUID="fd0ba321-ad63-45af-8bf1-c1115e53a156" CHANGEID="600541094" HOUSENUM="29" HOUSETYPE="2" OPERTYPEID="30" PREVID="69304680" NEXTID="0" UPDATEDATE="2024-09-05" STARTDATE="2024-09-05" ENDDATE="2079-06-06" ISACTUAL="1" ISACTIVE="0" /><HOUSE ID="126729135" OBJECTID="46032169" OBJECTGUID="755d720b-c2ed-4e02-8898-a90c78b4beaf" CHANGEID="600541095" HOUSENUM="14" HOUSETYPE="2" OPERTYPEID="30" PREVID="59695709" NEXTID="0" UPDATEDATE="2024-09-05" STARTDATE="2024-09-05" ENDDATE="2079-06-06" ISACTUAL="1" ISACTIVE="0" /><HOUSE ID="126729136" OBJECTID="46013584" OBJECTGUID="86792923-2a35-47f5-ad08-6df816474b47" CHANGEID="600541096" HOUSENUM="32" HOUSETYPE="2" OPERTYPEID="30" PREVID="60906618" NEXTID="0" UPDATEDATE="2024-09-05" STARTDATE="2024-09-05" ENDDATE="2079-06-06" ISACTUAL="1" ISACTIVE="0" /><HOUSE ID="126729137" OBJECTID="46012866" OBJECTGUID="273db58c-dd92-441e-87ac-56075e6a7274" CHANGEID="600541097" HOUSENUM="15" HOUSETYPE="2" OPERTYPEID="30" PREVID="54160670" NEXTID="0" UPDATEDATE="2024-09-05" STARTDATE="2024-09-05" ENDDATE="2079-06-06" ISACTUAL="1" ISACTIVE="0" /><HOUSE ID="54160670" OBJECTID="46012866" OBJECTGUID="273db58c-dd92-441e-87ac-56075e6a7274" CHANGEID="69276989" HOUSENUM="15" HOUSETYPE="2" OPERTYPEID="20" PREVID="27486469" NEXTID="126729137" UPDATEDATE="2024-09-05" STARTDATE="2016-01-03" ENDDATE="2024-09-05" ISACTUAL="0" ISACTIVE="0" /><HOUSE ID="126729138" OBJECTID="46003956" OBJECTGUID="915e7924-4d0b-40c8-9716-1e5578856fb0" CHANGEID="600541098" HOUSENUM="20" HOUSETYPE="2" OPERTYPEID="30" PREVID="61678621" NEXTID="0" UPDATEDATE="2024-09-05" STARTDATE="2024-09-05" ENDDATE="2079-06-06" ISACTUAL="1" ISACTIVE="0" /><HOUSE ID="126729146" OBJECTID="63505976" OBJECTGUID="7303437d-5439-4317-a5ec-d07392e94c33" CHANGEID="600541108" HOUSENUM="7" HOUSETYPE="2" OPERTYPEID="30" PREVID="59527724" NEXTID="0" UPDATEDATE="2024-09-05" STARTDATE="2024-09-05" ENDDATE="2079-06-06" ISACTUAL="1" ISACTIVE="0" /><HOUSE ID="126729147" OBJECTID="63501867" OBJECTGUID="28a9c39d-38ee-4d60-9805-ba76bd62a5d4" CHANGEID="600541109" HOUSENUM="6" HOUSETYPE="2" OPERTYPEID="30" PREVID="54260468" NEXTID="0" UPDATEDATE="2024-09-05" STARTDATE="2024-09-05" ENDDATE="2079-06-06" ISACTUAL="1" ISACTIVE="0" /><HOUSE ID="54260468" OBJECTID="63501867" OBJECTGUID="28a9c39d-38ee-4d60-9805-ba76bd62a5d4" CHANGEID="94765508" HOUSENUM="6" HOUSETYPE="2" OPERTYPEID="20" PREVID="38186221" NEXTID="126729147" UPDATEDATE="2024-09-05" STARTDATE="2016-01-03" ENDDATE="2024-09-05" ISACTUAL="0" ISACTIVE="0" /><HOUSE ID="126729140" OBJECTID="44965954" OBJECTGUID="55b6b208-f9e8-460a-b423-2ed1ab2ede08" CHANGEID="600541101" HOUSENUM="6" HOUSETYPE="2" OPERTYPEID="30" PREVID="57452699" NEXTID="0" UPDATEDATE="2024-09-05" STARTDATE="2024-09-05" ENDDATE="2079-06-06" ISACTUAL="1" ISACTIVE="0" /><HOUSE ID="57452699" OBJECTID="44965954" OBJECTGUID="55b6b208-f9e8-460a-b423-2ed1ab2ede08" CHANGEID="67764220" HOUSENUM="6" HOUSETYPE="2" OPERTYPEID="20" PREVID="26860114" NEXTID="126729140" UPDATEDATE="2024-09-05" STARTDATE="2016-01-03" ENDDATE="2024-09-05" ISACTUAL="0" ISACTIVE="0" /><HOUSE ID="126729143" OBJECTID="54120357" OBJECTGUID="8bc9f03c-0d18-4112-96ed-7698a1fd30e4" CHANGEID="600541105" HOUSENUM="35" HOUSETYPE="2" OPERTYPEID="30" PREVID="61284057" NEXTID="0" UPDATEDATE="2024-09-05" STARTDATE="2024-09-05" ENDDATE="2079-06-06" ISACTUAL="1" ISACTIVE="0" /><HOUSE ID="126729144" OBJECTID="54115382" OBJECTGUID="fd44d2e4-de57-4ffa-be9e-52ffbe151bb2" CHANGEID="600541106" HOUSENUM="36" HOUSETYPE="2" OPERTYPEID="30" PREVID="69319248" NEXTID="0" UPDATEDATE="2024-09-05" STARTDATE="2024-09-05" ENDDATE="2079-06-06" ISACTUAL="1" ISACTIVE="0" /><HOUSE ID="69319248" OBJECTID="54115382" OBJECTGUID="fd44d2e4-de57-4ffa-be9e-52ffbe151bb2" CHANGEID="80996961" HOUSENUM="36" HOUSETYPE="2" OPERTYPEID="20" PREVID="32330518" NEXTID="126729144" UPDATEDATE="2024-09-05" STARTDATE="2016-01-03" ENDDATE="2024-09-05" ISACTUAL="0" ISACTIVE="0" /><HOUSE ID="126729145" OBJECTID="54098578" OBJECTGUID="0aa23cdc-5fe1-47a0-ae0a-10adef6abded" CHANGEID="600541107" HOUSENUM="16" HOUSETYPE="2" OPERTYPEID="30" PREVID="52135508" NEXTID="0" UPDATEDATE="2024-09-05" STARTDATE="2024-09-05" ENDDATE="2079-06-06" ISACTUAL="1" ISACTIVE="0" /><HOUSE ID="126729150" OBJECTID="7903677" OBJECTGUID="6e60f693-1617-48bb-8383-c303fb449dd0" CHANGEID="600541112" HOUSENUM="11" HOUSETYPE="2" OPERTYPEID="30" PREVID="59199760" NEXTID="0" UPDATEDATE="2024-09-05" STARTDATE="2024-09-05" ENDDATE="2079-06-06" ISACTUAL="1" ISACTIVE="0" /><HOUSE ID="59199760" OBJECTID="7903677" OBJECTGUID="6e60f693-1617-48bb-8383-c303fb449dd0" CHANGEID="13448400" HOUSENUM="11" HOUSETYPE="2" OPERTYPEID="20" PREVID="3940285" NEXTID="126729150" UPDATEDATE="2024-09-05" STARTDATE="2016-01-03" ENDDATE="2024-09-05" ISACTUAL="0" ISACTIVE="0" /><HOUSE ID="126729151" OBJECTID="7903590" OBJECTGUID="4c069005-70ec-4378-a321-b9ddd0f879a3" CHANGEID="600541113" HOUSENUM="8" HOUSETYPE="2" OPERTYPEID="30" PREVID="56765005" NEXTID="0" UPDATEDATE="2024-09-05" STARTDATE="2024-09-05" ENDDATE="2079-06-06" ISACTUAL="1" ISACTIVE="0" /><HOUSE ID="126729152" OBJECTID="7902584" OBJECTGUID="030ddac1-d3bd-45c6-815c-23998b340783" CHANGEID="600541114" HOUSENUM="7" HOUSETYPE="2" OPERTYPEID="30" PREVID="51597466" NEXTID="0" UPDATEDATE="2024-09-05" STARTDATE="2024-09-05" ENDDATE="2079-06-06" ISACTUAL="1" ISACTIVE="0" /><HOUSE ID="126729158" OBJECTID="61201772" OBJECTGUID="07a23b27-3491-40ba-a902-d46c4ec07097" CHANGEID="600541128" HOUSENUM="20" HOUSETYPE="2" OPERTYPEID="30" PREVID="51921559" NEXTID="0" UPDATEDATE="2024-09-05" STARTDATE="2024-09-05" ENDDATE="2079-06-06" ISACTUAL="1" ISACTIVE="0" /><HOUSE ID="126729159" OBJECTID="61194456" OBJECTGUID="3b3bdc4e-849e-4966-8c8d-66c78c9883fb" CHANGEID="600541129" HOUSENUM="25" HOUSETYPE="2" OPERTYPEID="30" PREVID="55577069" NEXTID="0" UPDATEDATE="2024-09-05" STARTDATE="2024-09-05" ENDDATE="2079-06-06" ISACTUAL="1" ISACTIVE="0" /><HOUSE ID="55577069" OBJECTID="61194456" OBJECTGUID="3b3bdc4e-849e-4966-8c8d-66c78c9883fb" CHANGEID="91389342" HOUSENUM="25" HOUSETYPE="2" OPERTYPEID="20" PREVID="36727933" NEXTID="126729159" UPDATEDATE="2024-09-05" STARTDATE="2016-01-03" ENDDATE="2024-09-05" ISACTUAL="0" ISACTIVE="0" /><HOUSE ID="126729160" OBJECTID="61193717" OBJECTGUID="851e25eb-0b28-4cb6-82a9-3c039f3d5962" CHANGEID="600541130" HOUSENUM="6" HOUSETYPE="2" OPERTYPEID="30" PREVID="60810633" NEXTID="0" UPDATEDATE="2024-09-05" STARTDATE="2024-09-05" ENDDATE="2079-06-06" ISACTUAL="1" ISACTIVE="0" /><HOUSE ID="126729177" OBJECTID="43917067" OBJECTGUID="209eeca6-3387-4995-851f-c445fdc3d45d" CHANGEID="600541193" HOUSENUM="21" HOUSETYPE="2" OPERTYPEID="30" PREVID="53690979" NEXTID="0" UPDATEDATE="2024-09-05" STARTDATE="2024-09-05" ENDDATE="2079-06-06" ISACTUAL="1" ISACTIVE="0" /><HOUSE ID="53690979" OBJECTID="43917067" OBJECTGUID="209eeca6-3387-4995-851f-c445fdc3d45d" CHANGEID="66255001" HOUSENUM="21" HOUSETYPE="2" OPERTYPEID="20" PREVID="26246608" NEXTID="126729177" UPDATEDATE="2024-09-05" STARTDATE="2016-01-03" ENDDATE="2024-09-05" ISACTUAL="0" ISACTIVE="0" /><HOUSE ID="126729178" OBJECTID="43915484" OBJECTGUID="eaa34e34-afea-4bc8-86ee-aa3e39bc3e5e" CHANGEID="600541194" HOUSENUM="18" HOUSETYPE="2" OPERTYPEID="30" PREVID="68001476" NEXTID="0" UPDATEDATE="2024-09-05" STARTDATE="2024-09-05" ENDDATE="2079-06-06" ISACTUAL="1" ISACTIVE="0" /><HOUSE ID="68001476" OBJECTID="43915484" OBJECTGUID="eaa34e34-afea-4bc8-86ee-aa3e39bc3e5e" CHANGEID="66252973" HOUSENUM="18" HOUSETYPE="2" OPERTYPEID="20" PREVID="26245759" NEXTID="126729178" UPDATEDATE="2024-09-05" STARTDATE="2016-01-03" ENDDATE="2024-09-05" ISACTUAL="0" ISACTIVE="0" /><HOUSE ID="126729179" OBJECTID="43907413" OBJECTGUID="89cf20da-9d4b-4b8f-b001-2e8b25e252aa" CHANGEID="600541195" HOUSENUM="15" HOUSETYPE="2" OPERTYPEID="30" PREVID="61143342" NEXTID="0" UPDATEDATE="2024-09-05" STARTDATE="2024-09-05" ENDDATE="2079-06-06" ISACTUAL="1" ISACTIVE="0" /><HOUSE ID="126729180" OBJECTID="43906032" OBJECTGUID="3137fdf5-299a-43f7-bdcc-154696b93060" CHANGEID="600541196" HOUSENUM="28" HOUSETYPE="2" OPERTYPEID="30" PREVID="54866969" NEXTID="0" UPDATEDATE="2024-09-05" STARTDATE="2024-09-05" ENDDATE="2079-06-06" ISACTUAL="1" ISACTIVE="0" /><HOUSE ID="126729181" OBJECTID="43904246" OBJECTGUID="2d099a09-fb90-4f94-ae0d-004b495269cb" CHANGEID="600541197" HOUSENUM="25" HOUSETYPE="2" OPERTYPEID="30" PREVID="54571650" NEXTID="0" UPDATEDATE="2024-09-05" STARTDATE="2024-09-05" ENDDATE="2079-06-06" ISACTUAL="1" ISACTIVE="0" /><HOUSE ID="54571650" OBJECTID="43904246" OBJECTGUID="2d099a09-fb90-4f94-ae0d-004b495269cb" CHANGEID="66237437" HOUSENUM="25" HOUSETYPE="2" OPERTYPEID="20" PREVID="26240036" NEXTID="126729181" UPDATEDATE="2024-09-05" STARTDATE="2016-01-03" ENDDATE="2024-09-05" ISACTUAL="0" ISACTIVE="0" /><HOUSE ID="126729200" OBJECTID="9151395" OBJECTGUID="49e6d722-8e25-4af4-b455-ff8dd588e0af" CHANGEID="600541270" HOUSENUM="21" HOUSETYPE="2" OPERTYPEID="30" PREVID="56614812" NEXTID="0" UPDATEDATE="2024-09-05" STARTDATE="2024-09-05" ENDDATE="2079-06-06" ISACTUAL="1" ISACTIVE="0" /><HOUSE ID="126729201" OBJECTID="9134455" OBJECTGUID="6dbf4825-cf77-479f-ba11-5f7d7fe67a5e" CHANGEID="600541271" HOUSENUM="13а" HOUSETYPE="2" OPERTYPEID="30" PREVID="59155676" NEXTID="0" UPDATEDATE="2024-09-05" STARTDATE="2024-09-05" ENDDATE="2079-06-06" ISACTUAL="1" ISACTIVE="0" /><HOUSE ID="59155676" OBJECTID="9134455" OBJECTGUID="6dbf4825-cf77-479f-ba11-5f7d7fe67a5e" CHANGEID="15279534" HOUSENUM="13а" HOUSETYPE="2" OPERTYPEID="20" PREVID="4727521" NEXTID="126729201" UPDATEDATE="2024-09-05" STARTDATE="2016-01-03" ENDDATE="2024-09-05" ISACTUAL="0" ISACTIVE="0" /><HOUSE ID="126729218" OBJECTID="63117729" OBJECTGUID="bd429276-6164-4ad7-9c4b-1383feea2edb" CHANGEID="600541378" HOUSENUM="1" HOUSETYPE="2" OPERTYPEID="30" PREVID="64788546" NEXTID="0" UPDATEDATE="2024-09-05" STARTDATE="2024-09-05" ENDDATE="2079-06-06" ISACTUAL="1" ISACTIVE="0" /><HOUSE ID="126729386" OBJECTID="104201960" OBJECTGUID="4e5ab2a2-67d4-4d63-83d9-35bec9d4c02a" CHANGEID="600543007" HOUSENUM="70" HOUSETYPE="2" OPERTYPEID="30" PREVID="72290515" NEXTID="0" UPDATEDATE="2024-09-05" STARTDATE="2024-09-05" ENDDATE="2079-06-06" ISACTUAL="1" ISACTIVE="0" /><HOUSE ID="72290515" OBJECTID="104201960" OBJECTGUID="4e5ab2a2-67d4-4d63-83d9-35bec9d4c02a" CHANGEID="281172651" HOUSENUM="70" HOUSETYPE="2" OPERTYPEID="10" PREVID="0" NEXTID="126729386" UPDATEDATE="2024-09-05" STARTDATE="2022-04-11" ENDDATE="2024-09-05" ISACTUAL="0" ISACTIVE="0" /><HOUSE ID="126729387" OBJECTID="104201956" OBJECTGUID="5061c82b-350f-4ce6-9d90-b165188a58d0" CHANGEID="600543008" HOUSENUM="69" HOUSETYPE="2" OPERTYPEID="30" PREVID="72290513" NEXTID="0" UPDATEDATE="2024-09-05" STARTDATE="2024-09-05" ENDDATE="2079-06-06" ISACTUAL="1" ISACTIVE="0" /><HOUSE ID="72290513" OBJECTID="104201956" OBJECTGUID="5061c82b-350f-4ce6-9d90-b165188a58d0" CHANGEID="281172647" HOUSENUM="69" HOUSETYPE="2" OPERTYPEID="10" PREVID="0" NEXTID="126729387" UPDATEDATE="2024-09-05" STARTDATE="2022-04-11" ENDDATE="2024-09-05" ISACTUAL="0" ISACTIVE="0" /><HOUSE ID="126729388" OBJECTID="45924214" OBJECTGUID="4fc99bd8-6bf8-4d6b-abfd-79bead951766" CHANGEID="600543009" HOUSENUM="11" HOUSETYPE="2" OPERTYPEID="30" PREVID="57032174" NEXTID="0" UPDATEDATE="2024-09-05" STARTDATE="2024-09-05" ENDDATE="2079-06-06" ISACTUAL="1" ISACTIVE="0" /><HOUSE ID="126729389" OBJECTID="45913578" OBJECTGUID="ad86b62f-2393-4377-8043-5f1fe221ac51" CHANGEID="600543010" HOUSENUM="6" HOUSETYPE="2" OPERTYPEID="30" PREVID="63674314" NEXTID="0" UPDATEDATE="2024-09-05" STARTDATE="2024-09-05" ENDDATE="2079-06-06" ISACTUAL="1" ISACTIVE="0" /><HOUSE ID="63674314" OBJECTID="45913578" OBJECTGUID="ad86b62f-2393-4377-8043-5f1fe221ac51" CHANGEID="69130473" HOUSENUM="6" HOUSETYPE="2" OPERTYPEID="20" PREVID="27423132" NEXTID="126729389" UPDATEDATE="2024-09-05" STARTDATE="2014-01-04" ENDDATE="2024-09-05" ISACTUAL="0" ISACTIVE="0" /><HOUSE ID="126729390" OBJECTID="45899523" OBJECTGUID="8b105322-6449-4a05-8701-29be0cfb44dc" CHANGEID="600543011" HOUSENUM="12" HOUSETYPE="2" OPERTYPEID="30" PREVID="61232738" NEXTID="0" UPDATEDATE="2024-09-05" STARTDATE="2024-09-05" ENDDATE="2079-06-06" ISACTUAL="1" ISACTIVE="0" /><HOUSE ID="126729654" OBJECTID="22327720" OBJECTGUID="b06165d8-0ca6-49d6-ba24-ce8bce2f1778" CHANGEID="600544934" HOUSENUM="7" HOUSETYPE="2" OPERTYPEID="30" PREVID="63876203" NEXTID="0" UPDATEDATE="2024-09-05" STARTDATE="2024-09-05" ENDDATE="2079-06-06" ISACTUAL="1" ISACTIVE="0" /><HOUSE ID="63876203" OBJECTID="22327720" OBJECTGUID="b06165d8-0ca6-49d6-ba24-ce8bce2f1778" CHANGEID="34814837" HOUSENUM="7" HOUSETYPE="2" OPERTYPEID="20" PREVID="13167125" NEXTID="126729654" UPDATEDATE="2024-09-05" STARTDATE="2014-01-04" ENDDATE="2024-09-05" ISACTUAL="0" ISACTIVE="0" /><HOUSE ID="126729655" OBJECTID="22324641" OBJECTGUID="b161ab3f-029b-42a9-abea-abab3efddba8" CHANGEID="600544935" HOUSENUM="16" HOUSETYPE="2" OPERTYPEID="30" PREVID="63947337" NEXTID="0" UPDATEDATE="2024-09-05" STARTDATE="2024-09-05" ENDDATE="2079-06-06" ISACTUAL="1" ISACTIVE="0" /><HOUSE ID="126729656" OBJECTID="22318275" OBJECTGUID="124b24ba-548e-42b2-a40d-9f637f3aa0e5" CHANGEID="600544936" HOUSENUM="8" HOUSETYPE="2" OPERTYPEID="30" PREVID="52677118" NEXTID="0" UPDATEDATE="2024-09-05" STARTDATE="2024-09-05" ENDDATE="2079-06-06" ISACTUAL="1" ISACTIVE="0" /><HOUSE ID="126729657" OBJECTID="22311960" OBJECTGUID="60fe5886-51ee-49e8-ae37-7113b6fedcbe" CHANGEID="600544937" HOUSENUM="13" HOUSETYPE="2" OPERTYPEID="30" PREVID="58251935" NEXTID="0" UPDATEDATE="2024-09-05" STARTDATE="2024-09-05" ENDDATE="2079-06-06" ISACTUAL="1" ISACTIVE="0" /><HOUSE ID="58251935" OBJECTID="22311960" OBJECTGUID="60fe5886-51ee-49e8-ae37-7113b6fedcbe" CHANGEID="34790125" HOUSENUM="13" HOUSETYPE="2" OPERTYPEID="20" PREVID="13156700" NEXTID="126729657" UPDATEDATE="2024-09-05" STARTDATE="2014-01-04" ENDDATE="2024-09-05" ISACTUAL="0" ISACTIVE="0" /><HOUSE ID="126729658" OBJECTID="22311420" OBJECTGUID="7fad0b3c-40c8-4f30-a8c6-598124747903" CHANGEID="600544938" HOUSENUM="5" HOUSETYPE="2" OPERTYPEID="30" PREVID="60425762" NEXTID="0" UPDATEDATE="2024-09-05" STARTDATE="2024-09-05" ENDDATE="2079-06-06" ISACTUAL="1" ISACTIVE="0" /><HOUSE ID="126729659" OBJECTID="22311249" OBJECTGUID="845a8054-bb04-4a33-a02b-45167c4da8e3" CHANGEID="600544939" HOUSENUM="10" HOUSETYPE="2" OPERTYPEID="30" PREVID="60757338" NEXTID="0" UPDATEDATE="2024-09-05" STARTDATE="2024-09-05" ENDDATE="2079-06-06" ISACTUAL="1" ISACTIVE="0" /><HOUSE ID="126729660" OBJECTID="22310951" OBJECTGUID="58e0566c-ad17-4a50-a388-37aa2a5531a1" CHANGEID="600544940" HOUSENUM="17" HOUSETYPE="2" OPERTYPEID="30" PREVID="57676182" NEXTID="0" UPDATEDATE="2024-09-05" STARTDATE="2024-09-05" ENDDATE="2079-06-06" ISACTUAL="1" ISACTIVE="0" /><HOUSE ID="126729661" OBJECTID="22310887" OBJECTGUID="f20e2b91-bc46-45fd-b43b-20673bffa5ac" CHANGEID="600544941" HOUSENUM="2" HOUSETYPE="2" OPERTYPEID="30" PREVID="68527014" NEXTID="0" UPDATEDATE="2024-09-05" STARTDATE="2024-09-05" ENDDATE="2079-06-06" ISACTUAL="1" ISACTIVE="0" /><HOUSE ID="68527014" OBJECTID="22310887" OBJECTGUID="f20e2b91-bc46-45fd-b43b-20673bffa5ac" CHANGEID="34788287" HOUSENUM="2" HOUSETYPE="2" OPERTYPEID="20" PREVID="13156031" NEXTID="126729661" UPDATEDATE="2024-09-05" STARTDATE="2014-01-04" ENDDATE="2024-09-05" ISACTUAL="0" ISACTIVE="0" /><HOUSE ID="126729662" OBJECTID="22310804" OBJECTGUID="b41a14cb-f666-4fc8-abdf-1be29c22cc7a" CHANGEID="600544942" HOUSENUM="1" HOUSETYPE="2" OPERTYPEID="30" PREVID="64140266" NEXTID="0" UPDATEDATE="2024-09-05" STARTDATE="2024-09-05" ENDDATE="2079-06-06" ISACTUAL="1" ISACTIVE="0" /><HOUSE ID="64140266" OBJECTID="22310804" OBJECTGUID="b41a14cb-f666-4fc8-abdf-1be29c22cc7a" CHANGEID="34788171" HOUSENUM="1" HOUSETYPE="2" OPERTYPEID="20" PREVID="13155985" NEXTID="126729662" UPDATEDATE="2024-09-05" STARTDATE="2014-01-04" ENDDATE="2024-09-05" ISACTUAL="0" ISACTIVE="0" /><HOUSE ID="126729666" OBJECTID="71798634" OBJECTGUID="b1575f4d-3082-4e25-9a24-24be7e9d3223" CHANGEID="600544953" HOUSENUM="9" HOUSETYPE="2" OPERTYPEID="30" PREVID="63944006" NEXTID="0" UPDATEDATE="2024-09-05" STARTDATE="2024-09-05" ENDDATE="2079-06-06" ISACTUAL="1" ISACTIVE="0" /><HOUSE ID="126729670" OBJECTID="1765510" OBJECTGUID="e59c9651-62b0-4735-9746-989f4c01af46" CHANGEID="600544977" HOUSENUM="3" HOUSETYPE="2" OPERTYPEID="30" PREVID="67645541" NEXTID="0" UPDATEDATE="2024-09-05" STARTDATE="2024-09-05" ENDDATE="2079-06-06" ISACTUAL="1" ISACTIVE="0" /><HOUSE ID="126729671" OBJECTID="1764757" OBJECTGUID="9b982dce-0f06-4bf4-8323-5754f2f64d9b" CHANGEID="600544978" HOUSENUM="6" HOUSETYPE="2" OPERTYPEID="30" PREVID="62405087" NEXTID="0" UPDATEDATE="2024-09-05" STARTDATE="2024-09-05" ENDDATE="2079-06-06" ISACTUAL="1" ISACTIVE="0" /><HOUSE ID="126729867" OBJECTID="22822920" OBJECTGUID="2611aca2-9f8a-4ad5-8f48-9c5a44ce4e6c" CHANGEID="600546060" HOUSENUM="2" HOUSETYPE="2" OPERTYPEID="30" PREVID="54077905" NEXTID="0" UPDATEDATE="2024-09-05" STARTDATE="2024-09-05" ENDDATE="2079-06-06" ISACTUAL="1" ISACTIVE="0" /><HOUSE ID="54077905" OBJECTID="22822920" OBJECTGUID="2611aca2-9f8a-4ad5-8f48-9c5a44ce4e6c" CHANGEID="35531039" HOUSENUM="2" HOUSETYPE="2" OPERTYPEID="20" PREVID="13463271" NEXTID="126729867" UPDATEDATE="2024-09-05" STARTDATE="2014-01-04" ENDDATE="2024-09-05" ISACTUAL="0" ISACTIVE="0" /><HOUSE ID="126729868" OBJECTID="22822663" OBJECTGUID="1f31c98b-b04a-4013-80cc-3cbae8ce2900" CHANGEID="600546061" HOUSENUM="4" HOUSETYPE="2" OPERTYPEID="30" PREVID="53590411" NEXTID="0" UPDATEDATE="2024-09-05" STARTDATE="2024-09-05" ENDDATE="2079-06-06" ISACTUAL="1" ISACTIVE="0" /><HOUSE ID="53590411" OBJECTID="22822663" OBJECTGUID="1f31c98b-b04a-4013-80cc-3cbae8ce2900" CHANGEID="35530915" HOUSENUM="4" HOUSETYPE="2" OPERTYPEID="20" PREVID="13463110" NEXTID="126729868" UPDATEDATE="2024-09-05" STARTDATE="2014-01-04" ENDDATE="2024-09-05" ISACTUAL="0" ISACTIVE="0" /><HOUSE ID="126729882" OBJECTID="48124174" OBJECTGUID="5b6a6e98-e8b7-4371-964d-d26b440b4346" CHANGEID="600546157" HOUSENUM="7" HOUSETYPE="2" OPERTYPEID="30" PREVID="57856364" NEXTID="0" UPDATEDATE="2024-09-05" STARTDATE="2024-09-05" ENDDATE="2079-06-06" ISACTUAL="1" ISACTIVE="0" /><HOUSE ID="126729883" OBJECTID="48117940" OBJECTGUID="d1a33f1b-eca1-45d5-be3c-00f3cae17b95" CHANGEID="600546158" HOUSENUM="10" HOUSETYPE="2" OPERTYPEID="30" PREVID="66231929" NEXTID="0" UPDATEDATE="2024-09-05" STARTDATE="2024-09-05" ENDDATE="2079-06-06" ISACTUAL="1" ISACTIVE="0" /><HOUSE ID="66231929" OBJECTID="48117940" OBJECTGUID="d1a33f1b-eca1-45d5-be3c-00f3cae17b95" CHANGEID="72319371" HOUSENUM="10" HOUSETYPE="2" OPERTYPEID="20" PREVID="28749269" NEXTID="126729883" UPDATEDATE="2024-09-05" STARTDATE="2014-01-04" ENDDATE="2024-09-05" ISACTUAL="0" ISACTIVE="0" /><HOUSE ID="126729886" OBJECTID="77301498" OBJECTGUID="63e09181-adcf-4600-ba5b-67f842be7b14" CHANGEID="600546168" HOUSENUM="7" HOUSETYPE="2" OPERTYPEID="30" PREVID="58457327" NEXTID="0" UPDATEDATE="2024-09-05" STARTDATE="2024-09-05" ENDDATE="2079-06-06" ISACTUAL="1" ISACTIVE="0" /><HOUSE ID="126729869" OBJECTID="77324997" OBJECTGUID="7e4a7537-7950-4301-ab24-e698d6406243" CHANGEID="600546077" HOUSENUM="7" HOUSETYPE="2" OPERTYPEID="30" PREVID="60327393" NEXTID="0" UPDATEDATE="2024-09-05" STARTDATE="2024-09-05" ENDDATE="2079-06-06" ISACTUAL="1" ISACTIVE="0" /><HOUSE ID="126729872" OBJECTID="17573453" OBJECTGUID="5212e6fd-0a97-4ee0-9a90-9fb0b16157aa" CHANGEID="600546121" HOUSENUM="5" HOUSETYPE="2" OPERTYPEID="30" PREVID="57194468" NEXTID="0" UPDATEDATE="2024-09-05" STARTDATE="2024-09-05" ENDDATE="2079-06-06" ISACTUAL="1" ISACTIVE="0" /><HOUSE ID="57194468" OBJECTID="17573453" OBJECTGUID="5212e6fd-0a97-4ee0-9a90-9fb0b16157aa" CHANGEID="27744874" HOUSENUM="5" HOUSETYPE="2" OPERTYPEID="20" PREVID="10081976" NEXTID="126729872" UPDATEDATE="2024-09-05" STARTDATE="2014-01-04" ENDDATE="2024-09-05" ISACTUAL="0" ISACTIVE="0" /><HOUSE ID="126729873" OBJECTID="17569756" OBJECTGUID="8c91b799-194e-46db-8421-7df474a57b4c" CHANGEID="600546122" HOUSENUM="10" HOUSETYPE="2" OPERTYPEID="30" PREVID="61339876" NEXTID="0" UPDATEDATE="2024-09-05" STARTDATE="2024-09-05" ENDDATE="2079-06-06" ISACTUAL="1" ISACTIVE="0" /><HOUSE ID="126729889" OBJECTID="53981187" OBJECTGUID="72526179-4be4-4b89-b3ea-7f7a6a422fe4" CHANGEID="600546188" HOUSENUM="14" HOUSETYPE="2" OPERTYPEID="30" PREVID="59479767" NEXTID="0" UPDATEDATE="2024-09-05" STARTDATE="2024-09-05" ENDDATE="2079-06-06" ISACTUAL="1" ISACTIVE="0" /><HOUSE ID="59479767" OBJECTID="53981187" OBJECTGUID="72526179-4be4-4b89-b3ea-7f7a6a422fe4" CHANGEID="80795853" HOUSENUM="14" HOUSETYPE="2" OPERTYPEID="20" PREVID="32242739" NEXTID="126729889" UPDATEDATE="2024-09-05" STARTDATE="2014-01-04" ENDDATE="2024-09-05" ISACTUAL="0" ISACTIVE="0" /><HOUSE ID="126729890" OBJECTID="53980699" OBJECTGUID="a015de12-50df-4bfb-b4fd-6639466d3460" CHANGEID="600546189" HOUSENUM="11" HOUSETYPE="2" OPERTYPEID="30" PREVID="62724165" NEXTID="0" UPDATEDATE="2024-09-05" STARTDATE="2024-09-05" ENDDATE="2079-06-06" ISACTUAL="1" ISACTIVE="0" /><HOUSE ID="62724165" OBJECTID="53980699" OBJECTGUID="a015de12-50df-4bfb-b4fd-6639466d3460" CHANGEID="80794382" HOUSENUM="11" HOUSETYPE="2" OPERTYPEID="20" PREVID="32242521" NEXTID="126729890" UPDATEDATE="2024-09-05" STARTDATE="2014-01-04" ENDDATE="2024-09-05" ISACTUAL="0" ISACTIVE="0" /><HOUSE ID="126729891" OBJECTID="53969996" OBJECTGUID="d1dd4118-66fb-4c1c-a8e9-329b5df27014" CHANGEID="600546190" HOUSENUM="18" HOUSETYPE="2" OPERTYPEID="30" PREVID="66246910" NEXTID="0" UPDATEDATE="2024-09-05" STARTDATE="2024-09-05" ENDDATE="2079-06-06" ISACTUAL="1" ISACTIVE="0" /><HOUSE ID="126729897" OBJECTID="62360623" OBJECTGUID="207c598a-168f-438a-8e9e-d051d01b82b1" CHANGEID="600546217" HOUSENUM="23" HOUSETYPE="2" OPERTYPEID="30" PREVID="53680897" NEXTID="0" UPDATEDATE="2024-09-05" STARTDATE="2024-09-05" ENDDATE="2079-06-06" ISACTUAL="1" ISACTIVE="0" /><HOUSE ID="126729900" OBJECTID="48087922" OBJECTGUID="04602f32-2256-4679-936f-861629d242c5" CHANGEID="600546224" HOUSENUM="62а" HOUSETYPE="2" OPERTYPEID="30" PREVID="28731236" NEXTID="0" UPDATEDATE="2024-09-05" STARTDATE="2024-09-05" ENDDATE="2079-06-06" ISACTUAL="1" ISACTIVE="0" /><HOUSE ID="28731236" OBJECTID="48087922" OBJECTGUID="04602f32-2256-4679-936f-861629d242c5" CHANGEID="72274944" HOUSENUM="62а" HOUSETYPE="2" OPERTYPEID="10" PREVID="0" NEXTID="126729900" UPDATEDATE="2024-09-05" STARTDATE="2018-02-08" ENDDATE="2024-09-05" ISACTUAL="0" ISACTIVE="0" /><HOUSE ID="126729901" OBJECTID="48083558" OBJECTGUID="2dcf5c13-dcd0-4f5e-b188-ca7b2bb7b31e" CHANGEID="600546225" HOUSENUM="28" HOUSETYPE="2" OPERTYPEID="30" PREVID="54625806" NEXTID="0" UPDATEDATE="2024-09-05" STARTDATE="2024-09-05" ENDDATE="2079-06-06" ISACTUAL="1" ISACTIVE="0" /><HOUSE ID="126730577" OBJECTID="165085812" OBJECTGUID="30aad7a4-8c0e-4d9b-a293-1fb4bda97e3d" CHANGEID="600552279" HOUSENUM="87" HOUSETYPE="2" OPERTYPEID="10" PREVID="0" NEXTID="0" UPDATEDATE="2024-09-05" STARTDATE="2024-09-05" ENDDATE="2079-06-06" ISACTUAL="1" ISACTIVE="1" /><HOUSE ID="126730598" OBJECTID="165085905" OBJECTGUID="64e1acd6-46f5-462e-8480-3c6a5c65a384" CHANGEID="600552451" HOUSENUM="26А" HOUSETYPE="2" OPERTYPEID="10" PREVID="0" NEXTID="0" UPDATEDATE="2024-09-05" STARTDATE="2024-09-05" ENDDATE="2079-06-06" ISACTUAL="1" ISACTIVE="1" /><HOUSE ID="126730609" OBJECTID="165085995" OBJECTGUID="e0c3f34e-72c0-4aba-b986-9ef01dfdb1e1" CHANGEID="600552577" HOUSENUM="6" HOUSETYPE="2" OPERTYPEID="10" PREVID="0" NEXTID="0" UPDATEDATE="2024-09-05" STARTDATE="2024-09-05" ENDDATE="2079-06-06" ISACTUAL="1" ISACTIVE="1" /><HOUSE ID="126730908" OBJECTID="165087436" OBJECTGUID="98ffb1bf-779b-4132-af3a-31d53604771c" CHANGEID="600554781" HOUSENUM="1" HOUSETYPE="2" OPERTYPEID="10" PREVID="0" NEXTID="0" UPDATEDATE="2024-09-05" STARTDATE="2024-09-05" ENDDATE="2079-06-06" ISACTUAL="1" ISACTIVE="1" /><HOUSE ID="126730926" OBJECTID="165087585" OBJECTGUID="a6c9d2e7-c708-4876-a078-5e04ae5fc4d1" CHANGEID="600555244" HOUSENUM="24А" HOUSETYPE="2" OPERTYPEID="10" PREVID="0" NEXTID="0" UPDATEDATE="2024-09-05" STARTDATE="2024-09-05" ENDDATE="2079-06-06" ISACTUAL="1" ISACTIVE="1" /><HOUSE ID="126731031" OBJECTID="165088166" OBJECTGUID="7ee9746c-7724-48e4-8e52-3be2b5bc50e8" CHANGEID="600556585" HOUSENUM="15" HOUSETYPE="2" OPERTYPEID="10" PREVID="0" NEXTID="0" UPDATEDATE="2024-09-05" STARTDATE="2024-09-05" ENDDATE="2079-06-06" ISACTUAL="1" ISACTIVE="1" /><HOUSE ID="126731420" OBJECTID="165089629" OBJECTGUID="3295f2e5-d971-4dc0-9230-3348e5af61e4" CHANGEID="600559585" HOUSENUM="2" HOUSETYPE="2" OPERTYPEID="10" PREVID="0" NEXTID="0" UPDATEDATE="2024-09-05" STARTDATE="2024-09-05" ENDDATE="2079-06-06" ISACTUAL="1" ISACTIVE="1" /><HOUSE ID="126731497" OBJECTID="165089878" OBJECTGUID="4ddcb6ce-599f-4653-82b2-b001431bb749" CHANGEID="600559995" HOUSENUM="16" ADDNUM1="1" HOUSETYPE="2" ADDTYPE1="2" OPERTYPEID="10" PREVID="0" NEXTID="0" UPDATEDATE="2024-09-05" STARTDATE="2024-09-05" ENDDATE="2079-06-06" ISACTUAL="1" ISACTIVE="1" /><HOUSE ID="126733101" OBJECTID="165096898" OBJECTGUID="d28f402b-2e4b-48d8-88cb-d4c38dd19ee2" CHANGEID="600572755" HOUSENUM="123" HOUSETYPE="2" OPERTYPEID="10" PREVID="0" NEXTID="0" UPDATEDATE="2024-09-06" STARTDATE="2024-09-06" ENDDATE="2079-06-06" ISACTUAL="1" ISACTIVE="1" /><HOUSE ID="126733102" OBJECTID="165096900" OBJECTGUID="44778417-123d-4e17-922e-7900eff37082" CHANGEID="600572757" HOUSENUM="184" HOUSETYPE="7" OPERTYPEID="10" PREVID="0" NEXTID="0" UPDATEDATE="2024-09-06" STARTDATE="2024-09-06" ENDDATE="2079-06-06" ISACTUAL="1" ISACTIVE="1" /><HOUSE ID="126733103" OBJECTID="165096904" OBJECTGUID="d68ebc1f-ecf9-4b56-9c69-e57ed370d0f8" CHANGEID="600572761" HOUSENUM="444" HOUSETYPE="7" OPERTYPEID="10" PREVID="0" NEXTID="0" UPDATEDATE="2024-09-06" STARTDATE="2024-09-06" ENDDATE="2079-06-06" ISACTUAL="1" ISACTIVE="1" /><HOUSE ID="126733104" OBJECTID="165096906" OBJECTGUID="85c62457-d870-4e51-8c42-d8072f88c4a4" CHANGEID="600572763" HOUSENUM="682" HOUSETYPE="2" OPERTYPEID="10" PREVID="0" NEXTID="0" UPDATEDATE="2024-09-06" STARTDATE="2024-09-06" ENDDATE="2079-06-06" ISACTUAL="1" ISACTIVE="1" /><HOUSE ID="126733105" OBJECTID="165096908" OBJECTGUID="22f0cfb4-03f3-4932-8869-4f8c50a37b1a" CHANGEID="600572765" HOUSENUM="154" HOUSETYPE="2" OPERTYPEID="10" PREVID="0" NEXTID="0" UPDATEDATE="2024-09-06" STARTDATE="2024-09-06" ENDDATE="2079-06-06" ISACTUAL="1" ISACTIVE="1" /><HOUSE ID="126733106" OBJECTID="165096913" OBJECTGUID="0674f84c-38fe-47f5-b72c-84d921f5a46f" CHANGEID="600572770" HOUSENUM="3" HOUSETYPE="2" OPERTYPEID="10" PREVID="0" NEXTID="0" UPDATEDATE="2024-09-06" STARTDATE="2024-09-06" ENDDATE="2079-06-06" ISACTUAL="1" ISACTIVE="1" /><HOUSE ID="40477681" OBJECTID="67216050" OBJECTGUID="ccc3b322-b74b-482c-b3c7-76d8a68fdced" CHANGEID="100218249" HOUSENUM="2" HOUSETYPE="2" OPERTYPEID="10" PREVID="0" NEXTID="126733124" UPDATEDATE="2024-09-06" STARTDATE="2018-12-28" ENDDATE="2024-09-06" ISACTUAL="0" ISACTIVE="0" /><HOUSE ID="126733124" OBJECTID="67216050" OBJECTGUID="ccc3b322-b74b-482c-b3c7-76d8a68fdced" CHANGEID="600572851" HOUSENUM="7" HOUSETYPE="2" OPERTYPEID="20" PREVID="40477681" UPDATEDATE="2024-09-06" STARTDATE="2024-09-06" ENDDATE="2079-06-06" ISACTUAL="1" ISACTIVE="1" /><HOUSE ID="126736412" OBJECTID="58353999" OBJECTGUID="cd77c0c0-23e0-4cfe-a3b9-f6aee9897977" CHANGEID="600592786" HOUSENUM="31" HOUSETYPE="2" OPERTYPEID="30" PREVID="65936593" NEXTID="0" UPDATEDATE="2024-09-06" STARTDATE="2024-09-06" ENDDATE="2079-06-06" ISACTUAL="1" ISACTIVE="0" /><HOUSE ID="65936593" OBJECTID="58353999" OBJECTGUID="cd77c0c0-23e0-4cfe-a3b9-f6aee9897977" CHANGEID="87218762" HOUSENUM="31" HOUSETYPE="2" OPERTYPEID="20" PREVID="34945838" NEXTID="126736412" UPDATEDATE="2024-09-06" STARTDATE="2014-01-04" ENDDATE="2024-09-06" ISACTUAL="0" ISACTIVE="0" /><HOUSE ID="126737423" OBJECTID="165111642" OBJECTGUID="469685bd-2a0e-428e-8ab4-6fe1e70e6fcf" CHANGEID="600612420" HOUSENUM="8А" HOUSETYPE="2" OPERTYPEID="10" PREVID="0" NEXTID="0" UPDATEDATE="2024-09-06" STARTDATE="2024-09-06" ENDDATE="2079-06-06" ISACTUAL="1" ISACTIVE="1" /><HOUSE ID="40476996" OBJECTID="67215034" OBJECTGUID="6c6cf3c5-b0cc-4769-a4ff-288134b023b9" CHANGEID="100216723" HOUSENUM="5" HOUSETYPE="2" OPERTYPEID="10" PREVID="0" NEXTID="126737461" UPDATEDATE="2024-09-06" STARTDATE="2018-12-28" ENDDATE="2024-09-06" ISACTUAL="0" ISACTIVE="0" /><HOUSE ID="126737461" OBJECTID="67215034" OBJECTGUID="6c6cf3c5-b0cc-4769-a4ff-288134b023b9" CHANGEID="600633359" HOUSENUM="3Б" HOUSETYPE="2" OPERTYPEID="20" PREVID="40476996" UPDATEDATE="2024-09-06" STARTDATE="2024-09-06" ENDDATE="2079-06-06" ISACTUAL="1" ISACTIVE="1" /><HOUSE ID="126740920" OBJECTID="165126452" OBJECTGUID="20e1d5cb-14c2-4f9d-acac-ed4c9ca38eaf" CHANGEID="600752421" HOUSENUM="19" HOUSETYPE="2" OPERTYPEID="10" PREVID="0" NEXTID="0" UPDATEDATE="2024-09-09" STARTDATE="2024-09-09" ENDDATE="2079-06-06" ISACTUAL="1" ISACTIVE="1" /><HOUSE ID="126740941" OBJECTID="165126469" OBJECTGUID="d14b6a05-d584-4f25-ad9d-d7b82f08bba7" CHANGEID="600752489" HOUSENUM="2А" HOUSETYPE="2" OPERTYPEID="10" PREVID="0" NEXTID="0" UPDATEDATE="2024-09-09" STARTDATE="2024-09-09" ENDDATE="2079-06-06" ISACTUAL="1" ISACTIVE="1" /><HOUSE ID="126741169" OBJECTID="165127903" OBJECTGUID="027408a4-ef25-418e-b9db-873c9279f6d5" CHANGEID="600755214" HOUSENUM="2Б" HOUSETYPE="2" OPERTYPEID="10" PREVID="0" NEXTID="0" UPDATEDATE="2024-09-09" STARTDATE="2024-09-09" ENDDATE="2079-06-06" ISACTUAL="1" ISACTIVE="1" /><HOUSE ID="126741178" OBJECTID="165127918" OBJECTGUID="c588f794-193c-42f0-bc4f-694c02152253" CHANGEID="600755233" HOUSENUM="9" HOUSETYPE="2" OPERTYPEID="10" PREVID="0" NEXTID="0" UPDATEDATE="2024-09-09" STARTDATE="2024-09-09" ENDDATE="2079-06-06" ISACTUAL="1" ISACTIVE="1" /><HOUSE ID="126741198" OBJECTID="165127952" OBJECTGUID="8cf33752-9ed7-46ed-9a85-7a7b3d8a91ce" CHANGEID="600755335" HOUSENUM="10" HOUSETYPE="2" OPERTYPEID="10" PREVID="0" NEXTID="0" UPDATEDATE="2024-09-09" STARTDATE="2024-09-09" ENDDATE="2079-06-06" ISACTUAL="1" ISACTIVE="1" /><HOUSE ID="126742617" OBJECTID="165136645" OBJECTGUID="70629f66-d1b3-405b-87be-729d24238bd9" CHANGEID="600767844" HOUSENUM="76" HOUSETYPE="2" OPERTYPEID="10" PREVID="0" NEXTID="0" UPDATEDATE="2024-09-09" STARTDATE="2024-09-09" ENDDATE="2079-06-06" ISACTUAL="1" ISACTIVE="1" /><HOUSE ID="40479495" OBJECTID="67218982" OBJECTGUID="11395fd6-ac34-43bd-8bc9-9e638a798673" CHANGEID="100222549" HOUSENUM="8" HOUSETYPE="2" OPERTYPEID="10" PREVID="0" NEXTID="126744437" UPDATEDATE="2024-09-09" STARTDATE="2018-12-28" ENDDATE="2024-09-09" ISACTUAL="0" ISACTIVE="0" /><HOUSE ID="126744437" OBJECTID="67218982" OBJECTGUID="11395fd6-ac34-43bd-8bc9-9e638a798673" CHANGEID="600773235" HOUSENUM="5" HOUSETYPE="2" OPERTYPEID="20" PREVID="40479495" UPDATEDATE="2024-09-09" STARTDATE="2024-09-09" ENDDATE="2079-06-06" ISACTUAL="1" ISACTIVE="1" /><HOUSE ID="53680391" OBJECTID="37594629" OBJECTGUID="20787ff3-d4bf-489f-9c41-99b8e549dc1d" CHANGEID="57033811" HOUSENUM="27" HOUSETYPE="1" OPERTYPEID="20" PREVID="22431653" NEXTID="126745153" UPDATEDATE="2024-09-09" STARTDATE="2014-10-21" ENDDATE="2024-09-09" ISACTUAL="0" ISACTIVE="0" /><HOUSE ID="126745153" OBJECTID="37594629" OBJECTGUID="20787ff3-d4bf-489f-9c41-99b8e549dc1d" CHANGEID="600777049" HOUSENUM="27" HOUSETYPE="2" OPERTYPEID="20" PREVID="53680391" UPDATEDATE="2024-09-09" STARTDATE="2024-09-09" ENDDATE="2079-06-06" ISACTUAL="1" ISACTIVE="1" /><HOUSE ID="126745853" OBJECTID="165143900" OBJECTGUID="8c75c154-2883-4c2b-bffd-a2c73a20fbc8" CHANGEID="600781154" HOUSENUM="46" HOUSETYPE="2" OPERTYPEID="10" PREVID="0" NEXTID="0" UPDATEDATE="2024-09-09" STARTDATE="2024-09-09" ENDDATE="2079-06-06" ISACTUAL="1" ISACTIVE="1" /><HOUSE ID="126745868" OBJECTID="165143940" OBJECTGUID="969c2a8b-07f0-4e85-b82c-4a7961b555c6" CHANGEID="600781296" HOUSENUM="6В" HOUSETYPE="2" OPERTYPEID="10" PREVID="0" NEXTID="0" UPDATEDATE="2024-09-09" STARTDATE="2024-09-09" ENDDATE="2079-06-06" ISACTUAL="1" ISACTIVE="1" /><HOUSE ID="126746125" OBJECTID="165144821" OBJECTGUID="099d83d4-deeb-4e25-8724-b395b563d59a" CHANGEID="600782733" HOUSENUM="2А" HOUSETYPE="2" OPERTYPEID="10" PREVID="0" NEXTID="0" UPDATEDATE="2024-09-09" STARTDATE="2024-09-09" ENDDATE="2079-06-06" ISACTUAL="1" ISACTIVE="1" /><HOUSE ID="59720115" OBJECTID="43921202" OBJECTGUID="75b3cfcd-1ffe-429c-af63-5ecfdefba865" CHANGEID="66260570" HOUSENUM="10" HOUSETYPE="1" OPERTYPEID="20" PREVID="26248666" NEXTID="126746645" UPDATEDATE="2024-09-09" STARTDATE="2016-01-03" ENDDATE="2024-09-09" ISACTUAL="0" ISACTIVE="0" /><HOUSE ID="126746645" OBJECTID="43921202" OBJECTGUID="75b3cfcd-1ffe-429c-af63-5ecfdefba865" CHANGEID="600786336" HOUSENUM="10" HOUSETYPE="2" OPERTYPEID="20" PREVID="59720115" UPDATEDATE="2024-09-09" STARTDATE="2024-09-09" ENDDATE="2079-06-06" ISACTUAL="1" ISACTIVE="1" /><HOUSE ID="126747166" OBJECTID="100080932" OBJECTGUID="02d47a7f-5fad-4157-8f4a-997ad60c064e" CHANGEID="600790117" HOUSENUM="6" HOUSETYPE="2" OPERTYPEID="60" PREVID="70309077" UPDATEDATE="2024-09-09" STARTDATE="2024-09-09" ENDDATE="2079-06-06" ISACTUAL="1" ISACTIVE="0" /><HOUSE ID="70309077" OBJECTID="100080932" OBJECTGUID="02d47a7f-5fad-4157-8f4a-997ad60c064e" CHANGEID="171469304" HOUSENUM="6" HOUSETYPE="2" OPERTYPEID="10" PREVID="0" NEXTID="126747166" UPDATEDATE="2024-09-09" STARTDATE="2021-01-27" ENDDATE="2024-09-09" ISACTUAL="0" ISACTIVE="0" /><HOUSE ID="126747167" OBJECTID="165149776" OBJECTGUID="97af2056-a730-47ad-ae4d-4af54c17f22e" CHANGEID="600790118" HOUSENUM="6/1" HOUSETYPE="2" OPERTYPEID="61" PREVID="126747166" NEXTID="0" UPDATEDATE="2024-09-09" STARTDATE="2024-09-09" ENDDATE="2079-06-06" ISACTUAL="1" ISACTIVE="1" /><HOUSE ID="126747168" OBJECTID="165149777" OBJECTGUID="14662cfa-faef-48f6-b378-6e9b0f8d36fd" CHANGEID="600790119" HOUSENUM="6/2" HOUSETYPE="2" OPERTYPEID="61" PREVID="126747166" NEXTID="0" UPDATEDATE="2024-09-09" STARTDATE="2024-09-09" ENDDATE="2079-06-06" ISACTUAL="1" ISACTIVE="1" /><HOUSE ID="126747454" OBJECTID="165150694" OBJECTGUID="f09a668e-cb59-4ee6-9f88-8eb9c0e512de" CHANGEID="600795711" HOUSENUM="41А" HOUSETYPE="2" OPERTYPEID="10" PREVID="0" NEXTID="0" UPDATEDATE="2024-09-09" STARTDATE="2024-09-09" ENDDATE="2079-06-06" ISACTUAL="1" ISACTIVE="1" /><HOUSE ID="126747458" OBJECTID="165150711" OBJECTGUID="f2fdadb4-781d-45a0-9447-f1eb187cf313" CHANGEID="600795737" HOUSENUM="41" HOUSETYPE="2" OPERTYPEID="10" PREVID="0" NEXTID="0" UPDATEDATE="2024-09-09" STARTDATE="2024-09-09" ENDDATE="2079-06-06" ISACTUAL="1" ISACTIVE="1" /><HOUSE ID="126747466" OBJECTID="165150739" OBJECTGUID="9b9a60be-0cda-4965-8513-6acdeddd453a" CHANGEID="600795780" HOUSENUM="1А" HOUSETYPE="2" OPERTYPEID="10" PREVID="0" NEXTID="0" UPDATEDATE="2024-09-09" STARTDATE="2024-09-09" ENDDATE="2079-06-06" ISACTUAL="1" ISACTIVE="1" /><HOUSE ID="126748610" OBJECTID="165158156" OBJECTGUID="9c1c307e-1cf4-4a7b-89ce-08bb6c267b94" CHANGEID="600808082" HOUSENUM="13" ADDNUM1="1" HOUSETYPE="2" ADDTYPE1="2" OPERTYPEID="10" PREVID="0" NEXTID="0" UPDATEDATE="2024-09-10" STARTDATE="2024-09-10" ENDDATE="2079-06-06" ISACTUAL="1" ISACTIVE="1" /><HOUSE ID="126749462" OBJECTID="165161485" OBJECTGUID="85df76fa-a136-4eb4-94a9-e37d9adf4d01" CHANGEID="600813252" HOUSENUM="15А" HOUSETYPE="2" OPERTYPEID="10" PREVID="0" NEXTID="0" UPDATEDATE="2024-09-10" STARTDATE="2024-09-10" ENDDATE="2079-06-06" ISACTUAL="1" ISACTIVE="1" /><HOUSE ID="126750518" OBJECTID="165165803" OBJECTGUID="2c3946b9-7e29-4134-9592-65ced9afa381" CHANGEID="600820722" HOUSENUM="10" HOUSETYPE="7" OPERTYPEID="10" PREVID="0" NEXTID="0" UPDATEDATE="2024-09-10" STARTDATE="2024-09-10" ENDDATE="2079-06-06" ISACTUAL="1" ISACTIVE="1" /><HOUSE ID="126751107" OBJECTID="165169230" OBJECTGUID="d4788431-b96e-45e3-a448-2c57d5c798d6" CHANGEID="600825377" HOUSENUM="24" HOUSETYPE="2" OPERTYPEID="10" PREVID="0" NEXTID="0" UPDATEDATE="2024-09-10" STARTDATE="2024-09-10" ENDDATE="2079-06-06" ISACTUAL="1" ISACTIVE="1" /><HOUSE ID="126751642" OBJECTID="165171351" OBJECTGUID="446e93b9-a45d-47af-8756-34b0289f6e36" CHANGEID="600828436" HOUSENUM="4" HOUSETYPE="2" OPERTYPEID="10" PREVID="0" NEXTID="0" UPDATEDATE="2024-09-10" STARTDATE="2024-09-10" ENDDATE="2079-06-06" ISACTUAL="1" ISACTIVE="1" /><HOUSE ID="126753897" OBJECTID="165180346" OBJECTGUID="79bd400d-6a7d-49d0-8d34-2cf326eb90ca" CHANGEID="600843046" HOUSENUM="573" HOUSETYPE="2" OPERTYPEID="10" PREVID="0" NEXTID="0" UPDATEDATE="2024-09-10" STARTDATE="2024-09-10" ENDDATE="2079-06-06" ISACTUAL="1" ISACTIVE="1" /><HOUSE ID="126754041" OBJECTID="165180832" OBJECTGUID="049e6d5f-a5aa-4c6b-9f37-288570f9b29f" CHANGEID="600844059" HOUSENUM="116" HOUSETYPE="2" OPERTYPEID="10" PREVID="0" NEXTID="0" UPDATEDATE="2024-09-10" STARTDATE="2024-09-10" ENDDATE="2079-06-06" ISACTUAL="1" ISACTIVE="1" /><HOUSE ID="126754252" OBJECTID="165181494" OBJECTGUID="e5bb101a-5861-4425-ab04-3c268af081a8" CHANGEID="600845302" HOUSENUM="3А" HOUSETYPE="2" OPERTYPEID="10" PREVID="0" NEXTID="0" UPDATEDATE="2024-09-10" STARTDATE="2024-09-10" ENDDATE="2079-06-06" ISACTUAL="1" ISACTIVE="1" /><HOUSE ID="126754334" OBJECTID="165181935" OBJECTGUID="1c287d0b-ff66-4be9-a348-884902d37dc4" CHANGEID="600845916" HOUSENUM="11" HOUSETYPE="2" OPERTYPEID="10" PREVID="0" NEXTID="0" UPDATEDATE="2024-09-10" STARTDATE="2024-09-10" ENDDATE="2079-06-06" ISACTUAL="1" ISACTIVE="1" /><HOUSE ID="126755592" OBJECTID="165189303" OBJECTGUID="8361b19d-bb89-4fe8-bd51-58d76bffb316" CHANGEID="600881756" HOUSENUM="7" HOUSETYPE="2" OPERTYPEID="10" PREVID="0" NEXTID="0" UPDATEDATE="2024-09-11" STARTDATE="2024-09-11" ENDDATE="2079-06-06" ISACTUAL="1" ISACTIVE="1" /><HOUSE ID="126755594" OBJECTID="165189307" OBJECTGUID="44ebf586-cd90-4858-9f7d-1e29e6a7e2ed" CHANGEID="600881765" HOUSENUM="74" HOUSETYPE="2" OPERTYPEID="10" PREVID="0" NEXTID="0" UPDATEDATE="2024-09-11" STARTDATE="2024-09-11" ENDDATE="2079-06-06" ISACTUAL="1" ISACTIVE="1" /><HOUSE ID="126755596" OBJECTID="165189316" OBJECTGUID="fc2213ba-b06b-4d7e-9dfc-8fe8323e3fcb" CHANGEID="600881775" HOUSENUM="204" HOUSETYPE="2" OPERTYPEID="10" PREVID="0" NEXTID="0" UPDATEDATE="2024-09-11" STARTDATE="2024-09-11" ENDDATE="2079-06-06" ISACTUAL="1" ISACTIVE="1" /><HOUSE ID="126755598" OBJECTID="165189321" OBJECTGUID="73cc0d84-d0f7-4d4e-9066-daa43815cf7d" CHANGEID="600881791" HOUSENUM="39" HOUSETYPE="2" OPERTYPEID="10" PREVID="0" NEXTID="0" UPDATEDATE="2024-09-11" STARTDATE="2024-09-11" ENDDATE="2079-06-06" ISACTUAL="1" ISACTIVE="1" /><HOUSE ID="126759085" OBJECTID="165207846" OBJECTGUID="cc4d9447-b46d-4e59-812d-b669c457411d" CHANGEID="600908126" HOUSENUM="22А" HOUSETYPE="2" OPERTYPEID="10" PREVID="0" NEXTID="0" UPDATEDATE="2024-09-11" STARTDATE="2024-09-11" ENDDATE="2079-06-06" ISACTUAL="1" ISACTIVE="1" /><HOUSE ID="126759278" OBJECTID="165209188" OBJECTGUID="3c8a6203-851b-4aaf-8d3c-9adaec170cea" CHANGEID="600910703" HOUSENUM="3" HOUSETYPE="2" OPERTYPEID="10" PREVID="0" NEXTID="0" UPDATEDATE="2024-09-11" STARTDATE="2024-09-11" ENDDATE="2079-06-06" ISACTUAL="1" ISACTIVE="1" /><HOUSE ID="62568127" OBJECTID="50500760" OBJECTGUID="9de3725d-6c07-4111-b95d-b8fadcebb80c" CHANGEID="75788927" HOUSENUM="4" HOUSETYPE="2" OPERTYPEID="20" PREVID="30205418" NEXTID="126759817" UPDATEDATE="2024-09-11" STARTDATE="2014-01-04" ENDDATE="2024-09-11" ISACTUAL="0" ISACTIVE="0" /><HOUSE ID="126759817" OBJECTID="50500760" OBJECTGUID="9de3725d-6c07-4111-b95d-b8fadcebb80c" CHANGEID="600913964" HOUSENUM="4/1" HOUSETYPE="2" OPERTYPEID="20" PREVID="62568127" UPDATEDATE="2024-09-11" STARTDATE="2024-09-11" ENDDATE="2079-06-06" ISACTUAL="1" ISACTIVE="1" /><HOUSE ID="126760002" OBJECTID="165211950" OBJECTGUID="a004a708-8034-4719-a452-4f6a5679c483" CHANGEID="600915280" HOUSENUM="4/2" HOUSETYPE="2" OPERTYPEID="10" PREVID="0" NEXTID="0" UPDATEDATE="2024-09-11" STARTDATE="2024-09-11" ENDDATE="2079-06-06" ISACTUAL="1" ISACTIVE="1" /></HOUSES>