﻿<?xml version="1.0" encoding="utf-8"?><HOUSES><HOUSE ID="51507790" OBJECTID="47369457" OBJECTGUID="01caa919-903a-43c0-92b1-a10a9626014a" CHANGEID="71253063" HOUSENUM="110" HOUSETYPE="2" OPERTYPEID="20" PREVID="28324920" NEXTID="126737953" UPDATEDATE="2024-09-06" STARTDATE="2018-10-17" ENDDATE="2024-09-06" ISACTUAL="0" ISACTIVE="0" /><HOUSE ID="126584528" OBJECTID="50571911" OBJECTGUID="18524618-c262-41a2-972e-3c337bd06656" CHANGEID="599290730" HOUSENUM="18А" HOUSETYPE="2" OPERTYPEID="50" PREVID="30244106" NEXTID="126737952" UPDATEDATE="2024-09-06" STARTDATE="2024-08-07" ENDDATE="2024-09-06" ISACTUAL="0" ISACTIVE="0" /><HOUSE ID="126731458" OBJECTID="165089771" OBJECTGUID="c4cff248-c2b7-49a7-9115-1e1fccbc5413" CHANGEID="600559804" HOUSENUM="186" HOUSETYPE="2" OPERTYPEID="10" PREVID="0" NEXTID="0" UPDATEDATE="2024-09-05" STARTDATE="2024-09-05" ENDDATE="2079-06-06" ISACTUAL="1" ISACTIVE="1" /><HOUSE ID="126731517" OBJECTID="165089938" OBJECTGUID="bfd1ba82-3d36-4f2b-83a9-0e60f7bb2900" CHANGEID="600560091" HOUSENUM="29/1" HOUSETYPE="2" OPERTYPEID="10" PREVID="0" NEXTID="0" UPDATEDATE="2024-09-05" STARTDATE="2024-09-05" ENDDATE="2079-06-06" ISACTUAL="1" ISACTIVE="1" /><HOUSE ID="126731513" OBJECTID="165089932" OBJECTGUID="208f46e3-02b2-4a96-90ab-011fcacc1afb" CHANGEID="600560080" HOUSENUM="53а" HOUSETYPE="2" OPERTYPEID="10" PREVID="0" NEXTID="0" UPDATEDATE="2024-09-05" STARTDATE="2024-09-05" ENDDATE="2079-06-06" ISACTUAL="1" ISACTIVE="1" /><HOUSE ID="126731516" OBJECTID="165089936" OBJECTGUID="55b12f6c-cc70-4c17-b013-602838e3df52" CHANGEID="600560084" HOUSENUM="305д" HOUSETYPE="2" OPERTYPEID="10" PREVID="0" NEXTID="0" UPDATEDATE="2024-09-05" STARTDATE="2024-09-05" ENDDATE="2079-06-06" ISACTUAL="1" ISACTIVE="1" /><HOUSE ID="126731518" OBJECTID="165089940" OBJECTGUID="f2c15386-1837-4943-a28a-70240b2dabb0" CHANGEID="600560096" HOUSENUM="70д" HOUSETYPE="2" OPERTYPEID="10" PREVID="0" NEXTID="0" UPDATEDATE="2024-09-05" STARTDATE="2024-09-05" ENDDATE="2079-06-06" ISACTUAL="1" ISACTIVE="1" /><HOUSE ID="126731520" OBJECTID="165089942" OBJECTGUID="2dbc0927-403e-4533-a20c-f3c313ded300" CHANGEID="600560104" HOUSENUM="16а" HOUSETYPE="2" OPERTYPEID="10" PREVID="0" NEXTID="0" UPDATEDATE="2024-09-05" STARTDATE="2024-09-05" ENDDATE="2079-06-06" ISACTUAL="1" ISACTIVE="1" /><HOUSE ID="126731522" OBJECTID="165089945" OBJECTGUID="97e7b4c1-b56e-4c33-8111-33154bb515a1" CHANGEID="600560108" HOUSENUM="101б" HOUSETYPE="2" OPERTYPEID="10" PREVID="0" NEXTID="0" UPDATEDATE="2024-09-05" STARTDATE="2024-09-05" ENDDATE="2079-06-06" ISACTUAL="1" ISACTIVE="1" /><HOUSE ID="126731524" OBJECTID="165089947" OBJECTGUID="880ce835-4db6-49c4-adcf-6de6feb3a220" CHANGEID="600560110" HOUSENUM="13/1" HOUSETYPE="2" OPERTYPEID="10" PREVID="0" NEXTID="0" UPDATEDATE="2024-09-05" STARTDATE="2024-09-05" ENDDATE="2079-06-06" ISACTUAL="1" ISACTIVE="1" /><HOUSE ID="126731525" OBJECTID="165089948" OBJECTGUID="e5b5555f-d2c4-4a28-9d3d-3ba4a53b435d" CHANGEID="600560111" HOUSENUM="19" HOUSETYPE="2" OPERTYPEID="10" PREVID="0" NEXTID="0" UPDATEDATE="2024-09-05" STARTDATE="2024-09-05" ENDDATE="2079-06-06" ISACTUAL="1" ISACTIVE="1" /><HOUSE ID="126735922" OBJECTID="165105679" OBJECTGUID="05538d57-73b2-4bdc-be22-fdf3a0e4327d" CHANGEID="600588796" HOUSENUM="46" HOUSETYPE="2" OPERTYPEID="10" PREVID="0" NEXTID="0" UPDATEDATE="2024-09-06" STARTDATE="2024-09-06" ENDDATE="2079-06-06" ISACTUAL="1" ISACTIVE="1" /><HOUSE ID="126737952" OBJECTID="50571911" OBJECTGUID="18524618-c262-41a2-972e-3c337bd06656" CHANGEID="600702345" HOUSENUM="20" HOUSETYPE="2" OPERTYPEID="20" PREVID="126584528" UPDATEDATE="2024-09-06" STARTDATE="2024-09-06" ENDDATE="2079-06-06" ISACTUAL="1" ISACTIVE="1" /><HOUSE ID="126737953" OBJECTID="47369457" OBJECTGUID="01caa919-903a-43c0-92b1-a10a9626014a" CHANGEID="600702347" HOUSENUM="110" HOUSETYPE="2" OPERTYPEID="30" PREVID="51507790" NEXTID="0" UPDATEDATE="2024-09-06" STARTDATE="2024-09-06" ENDDATE="2079-06-06" ISACTUAL="1" ISACTIVE="0" /><HOUSE ID="126737954" OBJECTID="165113794" OBJECTGUID="19753b0c-673e-4a3d-965e-9605e4d54d5c" CHANGEID="600702354" HOUSENUM="8" HOUSETYPE="2" OPERTYPEID="10" PREVID="0" NEXTID="0" UPDATEDATE="2024-09-06" STARTDATE="2024-09-06" ENDDATE="2079-06-06" ISACTUAL="1" ISACTIVE="1" /><HOUSE ID="126752529" OBJECTID="165173955" OBJECTGUID="a7a9cc87-6fb7-4985-a37d-252352285473" CHANGEID="600833054" HOUSENUM="1" HOUSETYPE="2" OPERTYPEID="10" PREVID="0" NEXTID="0" UPDATEDATE="2024-09-10" STARTDATE="2024-09-10" ENDDATE="2079-06-06" ISACTUAL="1" ISACTIVE="1" /><HOUSE ID="126752537" OBJECTID="165174013" OBJECTGUID="e77b83ac-5956-4665-8773-ba20ca183792" CHANGEID="600833247" HOUSENUM="1б" HOUSETYPE="5" OPERTYPEID="10" PREVID="0" NEXTID="0" UPDATEDATE="2024-09-10" STARTDATE="2024-09-10" ENDDATE="2079-06-06" ISACTUAL="1" ISACTIVE="1" /><HOUSE ID="126759870" OBJECTID="165211288" OBJECTGUID="9d526248-2701-48c6-8eb6-978e52fe4833" CHANGEID="600914489" HOUSENUM="15" HOUSETYPE="5" OPERTYPEID="10" PREVID="0" NEXTID="0" UPDATEDATE="2024-09-11" STARTDATE="2024-09-11" ENDDATE="2079-06-06" ISACTUAL="1" ISACTIVE="1" /><HOUSE ID="5255437" OBJECTID="10060681" OBJECTGUID="262ea281-fe4a-46dd-a833-72e8ea541086" CHANGEID="16597398" HOUSENUM="85" ADDNUM1="а" HOUSETYPE="2" ADDTYPE1="4" OPERTYPEID="10" PREVID="0" NEXTID="126759873" UPDATEDATE="2024-09-11" STARTDATE="2017-06-23" ENDDATE="2024-09-11" ISACTUAL="0" ISACTIVE="0" /><HOUSE ID="126759873" OBJECTID="10060681" OBJECTGUID="262ea281-fe4a-46dd-a833-72e8ea541086" CHANGEID="600914545" HOUSENUM="85-а" HOUSETYPE="2" OPERTYPEID="20" PREVID="5255437" UPDATEDATE="2024-09-11" STARTDATE="2024-09-11" ENDDATE="2079-06-06" ISACTUAL="1" ISACTIVE="1" /><HOUSE ID="126759882" OBJECTID="165211513" OBJECTGUID="4bb45455-7403-48ae-a97a-cc459f6c52aa" CHANGEID="600914718" HOUSENUM="30" HOUSETYPE="5" OPERTYPEID="10" PREVID="0" NEXTID="0" UPDATEDATE="2024-09-11" STARTDATE="2024-09-11" ENDDATE="2079-06-06" ISACTUAL="1" ISACTIVE="1" /><HOUSE ID="126760462" OBJECTID="165214573" OBJECTGUID="0edd1242-013c-4c98-a08a-011b4c430ed4" CHANGEID="600919281" HOUSENUM="41" HOUSETYPE="2" OPERTYPEID="10" PREVID="0" NEXTID="0" UPDATEDATE="2024-09-11" STARTDATE="2024-09-11" ENDDATE="2079-06-06" ISACTUAL="1" ISACTIVE="1" /><HOUSE ID="126760465" OBJECTID="165214578" OBJECTGUID="a2006fde-221f-4acb-baca-b7f7997adae1" CHANGEID="600919287" HOUSENUM="132" HOUSETYPE="2" OPERTYPEID="10" PREVID="0" NEXTID="0" UPDATEDATE="2024-09-11" STARTDATE="2024-09-11" ENDDATE="2079-06-06" ISACTUAL="1" ISACTIVE="1" /><HOUSE ID="126760466" OBJECTID="165214580" OBJECTGUID="c85eead6-1025-41f8-85cb-09c51f404992" CHANGEID="600919289" HOUSENUM="14А" HOUSETYPE="2" OPERTYPEID="10" PREVID="0" NEXTID="0" UPDATEDATE="2024-09-11" STARTDATE="2024-09-11" ENDDATE="2079-06-06" ISACTUAL="1" ISACTIVE="1" /><HOUSE ID="126760461" OBJECTID="165214571" OBJECTGUID="584452b0-99ed-46f7-9b74-40ef717f1250" CHANGEID="600919278" HOUSENUM="18а" HOUSETYPE="2" OPERTYPEID="10" PREVID="0" NEXTID="0" UPDATEDATE="2024-09-11" STARTDATE="2024-09-11" ENDDATE="2079-06-06" ISACTUAL="1" ISACTIVE="1" /><HOUSE ID="126760464" OBJECTID="165214575" OBJECTGUID="8aaac6a1-759c-422b-851b-720996022c2d" CHANGEID="600919284" HOUSENUM="170" HOUSETYPE="2" OPERTYPEID="10" PREVID="0" NEXTID="0" UPDATEDATE="2024-09-11" STARTDATE="2024-09-11" ENDDATE="2079-06-06" ISACTUAL="1" ISACTIVE="1" /></HOUSES>