﻿<?xml version="1.0" encoding="utf-8"?><REESTR_OBJECTS><OBJECT OBJECTID="157490701" OBJECTGUID="a248f464-1360-4d0c-8792-a69cabb231eb" CHANGEID="600715964" ISACTIVE="1" LEVELID="10" CREATEDATE="2022-12-14" UPDATEDATE="2024-09-07" /><OBJECT OBJECTID="157426789" OBJECTGUID="a2616492-a598-4776-b0cf-fa3fafe27db8" CHANGEID="600715989" ISACTIVE="1" LEVELID="10" CREATEDATE="2022-12-07" UPDATEDATE="2024-09-07" /><OBJECT OBJECTID="164226916" OBJECTGUID="fbf34384-2084-4ea3-9e52-3c6252237318" CHANGEID="600716019" ISACTIVE="1" LEVELID="10" CREATEDATE="2024-07-11" UPDATEDATE="2024-09-07" /><OBJECT OBJECTID="165069416" OBJECTGUID="75659949-5383-468f-882d-5951e2df977e" CHANGEID="600526188" ISACTIVE="1" LEVELID="9" CREATEDATE="2024-09-05" UPDATEDATE="2024-09-05" /><OBJECT OBJECTID="165082115" OBJECTGUID="09cad019-826d-4e40-9d6e-f20bf270de15" CHANGEID="600546230" ISACTIVE="1" LEVELID="9" CREATEDATE="2024-09-05" UPDATEDATE="2024-09-05" /><OBJECT OBJECTID="165082123" OBJECTGUID="f4fbd797-602c-459f-b1e7-0c986e5e3396" CHANGEID="600546272" ISACTIVE="1" LEVELID="9" CREATEDATE="2024-09-05" UPDATEDATE="2024-09-05" /><OBJECT OBJECTID="165082135" OBJECTGUID="41c137d3-77f6-4e5c-8f0b-26e3338fb8aa" CHANGEID="600546290" ISACTIVE="1" LEVELID="9" CREATEDATE="2024-09-05" UPDATEDATE="2024-09-05" /><OBJECT OBJECTID="165082085" OBJECTGUID="0c73e17a-6983-4afa-b987-b33b13eec12c" CHANGEID="600546180" ISACTIVE="1" LEVELID="9" CREATEDATE="2024-09-05" UPDATEDATE="2024-09-05" /><OBJECT OBJECTID="165082097" OBJECTGUID="d14024a1-321c-43e5-be2c-dd1b06203f35" CHANGEID="600546198" ISACTIVE="1" LEVELID="9" CREATEDATE="2024-09-05" UPDATEDATE="2024-09-05" /><OBJECT OBJECTID="165082188" OBJECTGUID="fa4982c7-6606-4d2a-bf21-ba09a151c653" CHANGEID="600546377" ISACTIVE="1" LEVELID="9" CREATEDATE="2024-09-05" UPDATEDATE="2024-09-05" /><OBJECT OBJECTID="165082221" OBJECTGUID="50813b78-d01b-4e8f-887c-2749d409bf6c" CHANGEID="600546424" ISACTIVE="1" LEVELID="9" CREATEDATE="2024-09-05" UPDATEDATE="2024-09-05" /><OBJECT OBJECTID="165082229" OBJECTGUID="c572a80a-f20b-40c4-a604-4086325d4708" CHANGEID="600546436" ISACTIVE="1" LEVELID="9" CREATEDATE="2024-09-05" UPDATEDATE="2024-09-05" /><OBJECT OBJECTID="165082282" OBJECTGUID="fb1568dd-83d4-4516-bf34-7eb3fd570655" CHANGEID="600546539" ISACTIVE="1" LEVELID="9" CREATEDATE="2024-09-05" UPDATEDATE="2024-09-05" /><OBJECT OBJECTID="165089771" OBJECTGUID="c4cff248-c2b7-49a7-9115-1e1fccbc5413" CHANGEID="600559804" ISACTIVE="1" LEVELID="10" CREATEDATE="2024-09-05" UPDATEDATE="2024-09-05" /><OBJECT OBJECTID="165089932" OBJECTGUID="208f46e3-02b2-4a96-90ab-011fcacc1afb" CHANGEID="600560080" ISACTIVE="1" LEVELID="10" CREATEDATE="2024-09-05" UPDATEDATE="2024-09-05" /><OBJECT OBJECTID="165089936" OBJECTGUID="55b12f6c-cc70-4c17-b013-602838e3df52" CHANGEID="600560084" ISACTIVE="1" LEVELID="10" CREATEDATE="2024-09-05" UPDATEDATE="2024-09-05" /><OBJECT OBJECTID="165089938" OBJECTGUID="bfd1ba82-3d36-4f2b-83a9-0e60f7bb2900" CHANGEID="600560091" ISACTIVE="1" LEVELID="10" CREATEDATE="2024-09-05" UPDATEDATE="2024-09-05" /><OBJECT OBJECTID="165089940" OBJECTGUID="f2c15386-1837-4943-a28a-70240b2dabb0" CHANGEID="600560096" ISACTIVE="1" LEVELID="10" CREATEDATE="2024-09-05" UPDATEDATE="2024-09-05" /><OBJECT OBJECTID="165089942" OBJECTGUID="2dbc0927-403e-4533-a20c-f3c313ded300" CHANGEID="600560104" ISACTIVE="1" LEVELID="10" CREATEDATE="2024-09-05" UPDATEDATE="2024-09-05" /><OBJECT OBJECTID="165089945" OBJECTGUID="97e7b4c1-b56e-4c33-8111-33154bb515a1" CHANGEID="600560108" ISACTIVE="1" LEVELID="10" CREATEDATE="2024-09-05" UPDATEDATE="2024-09-05" /><OBJECT OBJECTID="165089947" OBJECTGUID="880ce835-4db6-49c4-adcf-6de6feb3a220" CHANGEID="600560110" ISACTIVE="1" LEVELID="10" CREATEDATE="2024-09-05" UPDATEDATE="2024-09-05" /><OBJECT OBJECTID="165089948" OBJECTGUID="e5b5555f-d2c4-4a28-9d3d-3ba4a53b435d" CHANGEID="600560111" ISACTIVE="1" LEVELID="10" CREATEDATE="2024-09-05" UPDATEDATE="2024-09-05" /><OBJECT OBJECTID="165102162" OBJECTGUID="721a2f78-af8d-4bc8-a1f1-b90b3a37afed" CHANGEID="600582699" ISACTIVE="1" LEVELID="9" CREATEDATE="2024-09-06" UPDATEDATE="2024-09-06" /><OBJECT OBJECTID="165102164" OBJECTGUID="85000cec-8c20-4d21-a9fa-95b19a447ced" CHANGEID="600582701" ISACTIVE="1" LEVELID="9" CREATEDATE="2024-09-06" UPDATEDATE="2024-09-06" /><OBJECT OBJECTID="165102163" OBJECTGUID="905d03f8-3d54-477d-9f98-a685982906f1" CHANGEID="600582700" ISACTIVE="1" LEVELID="9" CREATEDATE="2024-09-06" UPDATEDATE="2024-09-06" /><OBJECT OBJECTID="165102165" OBJECTGUID="0626f12b-c4b3-4a5d-a380-9bdf4bb2c970" CHANGEID="600582702" ISACTIVE="1" LEVELID="9" CREATEDATE="2024-09-06" UPDATEDATE="2024-09-06" /><OBJECT OBJECTID="165102167" OBJECTGUID="cbe71a1a-8481-4ee6-85c9-7e3c6b0682c0" CHANGEID="600582704" ISACTIVE="1" LEVELID="9" CREATEDATE="2024-09-06" UPDATEDATE="2024-09-06" /><OBJECT OBJECTID="165102169" OBJECTGUID="5a650989-02cb-4738-8b15-f9bc342c214e" CHANGEID="600582706" ISACTIVE="1" LEVELID="9" CREATEDATE="2024-09-06" UPDATEDATE="2024-09-06" /><OBJECT OBJECTID="165102171" OBJECTGUID="b98064cd-15ed-41e6-ae8c-bff0c38492ff" CHANGEID="600582708" ISACTIVE="1" LEVELID="9" CREATEDATE="2024-09-06" UPDATEDATE="2024-09-06" /><OBJECT OBJECTID="165102166" OBJECTGUID="4867cb11-919f-43f6-8820-fe82e353d1e0" CHANGEID="600582703" ISACTIVE="1" LEVELID="9" CREATEDATE="2024-09-06" UPDATEDATE="2024-09-06" /><OBJECT OBJECTID="165102168" OBJECTGUID="cc24760d-fabf-41a2-9ff2-af8a0649f525" CHANGEID="600582705" ISACTIVE="1" LEVELID="9" CREATEDATE="2024-09-06" UPDATEDATE="2024-09-06" /><OBJECT OBJECTID="165102170" OBJECTGUID="e8a18450-21c1-4c83-8299-3adfa10556cc" CHANGEID="600582707" ISACTIVE="1" LEVELID="9" CREATEDATE="2024-09-06" UPDATEDATE="2024-09-06" /><OBJECT OBJECTID="165102174" OBJECTGUID="d4fcf555-3da5-4bea-88e0-6bdaf56c43de" CHANGEID="600582711" ISACTIVE="1" LEVELID="9" CREATEDATE="2024-09-06" UPDATEDATE="2024-09-06" /><OBJECT OBJECTID="165102176" OBJECTGUID="47b924da-77b8-455b-8ea7-70dbe385becc" CHANGEID="600582713" ISACTIVE="1" LEVELID="9" CREATEDATE="2024-09-06" UPDATEDATE="2024-09-06" /><OBJECT OBJECTID="165102178" OBJECTGUID="6d2f93c7-488b-498e-965e-b25213b796a8" CHANGEID="600582715" ISACTIVE="1" LEVELID="9" CREATEDATE="2024-09-06" UPDATEDATE="2024-09-06" /><OBJECT OBJECTID="165102182" OBJECTGUID="397dab4d-36b4-4c20-a8a4-1a55943734b8" CHANGEID="600582719" ISACTIVE="1" LEVELID="9" CREATEDATE="2024-09-06" UPDATEDATE="2024-09-06" /><OBJECT OBJECTID="165102173" OBJECTGUID="f40cff1c-a96a-4f82-8f79-5abe889023f8" CHANGEID="600582710" ISACTIVE="1" LEVELID="9" CREATEDATE="2024-09-06" UPDATEDATE="2024-09-06" /><OBJECT OBJECTID="165102177" OBJECTGUID="718aeb13-720a-464d-962a-84728cc064ed" CHANGEID="600582714" ISACTIVE="1" LEVELID="9" CREATEDATE="2024-09-06" UPDATEDATE="2024-09-06" /><OBJECT OBJECTID="165102181" OBJECTGUID="e6e38436-00cf-4b59-989f-3d980d7003d1" CHANGEID="600582718" ISACTIVE="1" LEVELID="9" CREATEDATE="2024-09-06" UPDATEDATE="2024-09-06" /><OBJECT OBJECTID="165102184" OBJECTGUID="0a13f9f9-4a2f-4f11-a5b8-a52bc1395e0d" CHANGEID="600582721" ISACTIVE="1" LEVELID="9" CREATEDATE="2024-09-06" UPDATEDATE="2024-09-06" /><OBJECT OBJECTID="165103002" OBJECTGUID="ffc98666-1283-484f-91e1-2fb70c529d6b" CHANGEID="600584482" ISACTIVE="1" LEVELID="9" CREATEDATE="2024-09-06" UPDATEDATE="2024-09-06" /><OBJECT OBJECTID="165103004" OBJECTGUID="d22dc310-0ce9-43ec-be75-fc3afc01f90d" CHANGEID="600584484" ISACTIVE="1" LEVELID="9" CREATEDATE="2024-09-06" UPDATEDATE="2024-09-06" /><OBJECT OBJECTID="165103005" OBJECTGUID="dc4f48d6-9356-4900-a544-38905f842ffe" CHANGEID="600584486" ISACTIVE="1" LEVELID="9" CREATEDATE="2024-09-06" UPDATEDATE="2024-09-06" /><OBJECT OBJECTID="165103013" OBJECTGUID="de1d0445-d3df-4b06-9a12-ef8f27c4be29" CHANGEID="600584494" ISACTIVE="1" LEVELID="9" CREATEDATE="2024-09-06" UPDATEDATE="2024-09-06" /><OBJECT OBJECTID="165103017" OBJECTGUID="2271bc45-b091-4980-8b6c-877b5f82e686" CHANGEID="600584498" ISACTIVE="1" LEVELID="9" CREATEDATE="2024-09-06" UPDATEDATE="2024-09-06" /><OBJECT OBJECTID="165103021" OBJECTGUID="a590c068-d675-45c1-81bc-10a439cf951e" CHANGEID="600584502" ISACTIVE="1" LEVELID="9" CREATEDATE="2024-09-06" UPDATEDATE="2024-09-06" /><OBJECT OBJECTID="165103001" OBJECTGUID="3df57f3a-6247-4d4d-934b-240a3a41eb80" CHANGEID="600584481" ISACTIVE="1" LEVELID="9" CREATEDATE="2024-09-06" UPDATEDATE="2024-09-06" /><OBJECT OBJECTID="165103014" OBJECTGUID="20bb6045-2a7d-4fd9-ba9d-570248a34658" CHANGEID="600584495" ISACTIVE="1" LEVELID="9" CREATEDATE="2024-09-06" UPDATEDATE="2024-09-06" /><OBJECT OBJECTID="165103018" OBJECTGUID="45fba257-978c-4a3b-b682-ae1997ecbbe2" CHANGEID="600584499" ISACTIVE="1" LEVELID="9" CREATEDATE="2024-09-06" UPDATEDATE="2024-09-06" /><OBJECT OBJECTID="165103020" OBJECTGUID="fa7b725d-dd01-47d9-bfa7-e4f40ac6cdc1" CHANGEID="600584501" ISACTIVE="1" LEVELID="9" CREATEDATE="2024-09-06" UPDATEDATE="2024-09-06" /><OBJECT OBJECTID="165103022" OBJECTGUID="a6df02e2-bcf6-4ef0-93ae-6cc4a33efb84" CHANGEID="600584503" ISACTIVE="1" LEVELID="9" CREATEDATE="2024-09-06" UPDATEDATE="2024-09-06" /><OBJECT OBJECTID="165105669" OBJECTGUID="39754a03-438b-4e3c-af33-5b6ef7af7401" CHANGEID="600588779" ISACTIVE="1" LEVELID="9" CREATEDATE="2024-09-06" UPDATEDATE="2024-09-06" /><OBJECT OBJECTID="165105679" OBJECTGUID="05538d57-73b2-4bdc-be22-fdf3a0e4327d" CHANGEID="600588796" ISACTIVE="1" LEVELID="10" CREATEDATE="2024-09-06" UPDATEDATE="2024-09-06" /><OBJECT OBJECTID="162202958" OBJECTGUID="f0aef0a8-987b-4857-bf92-e57f4376a843" CHANGEID="600702344" ISACTIVE="1" LEVELID="9" CREATEDATE="2024-01-25" UPDATEDATE="2024-09-06" /><OBJECT OBJECTID="165113789" OBJECTGUID="bc2efd6b-eb49-49c5-9709-b9c006947efe" CHANGEID="600702348" ISACTIVE="1" LEVELID="9" CREATEDATE="2024-09-06" UPDATEDATE="2024-09-06" /><OBJECT OBJECTID="165113790" OBJECTGUID="6e964f7b-1905-45b4-b445-d27ce524cb0b" CHANGEID="600702349" ISACTIVE="1" LEVELID="9" CREATEDATE="2024-09-06" UPDATEDATE="2024-09-06" /><OBJECT OBJECTID="165113791" OBJECTGUID="777b3723-a504-424a-8444-540076040396" CHANGEID="600702351" ISACTIVE="1" LEVELID="9" CREATEDATE="2024-09-06" UPDATEDATE="2024-09-06" /><OBJECT OBJECTID="165113792" OBJECTGUID="73b06ad9-7120-4804-b4dc-414218759db3" CHANGEID="600702352" ISACTIVE="1" LEVELID="9" CREATEDATE="2024-09-06" UPDATEDATE="2024-09-06" /><OBJECT OBJECTID="165113794" OBJECTGUID="19753b0c-673e-4a3d-965e-9605e4d54d5c" CHANGEID="600702354" ISACTIVE="1" LEVELID="10" CREATEDATE="2024-09-06" UPDATEDATE="2024-09-06" /><OBJECT OBJECTID="47369457" OBJECTGUID="01caa919-903a-43c0-92b1-a10a9626014a" CHANGEID="600702347" ISACTIVE="0" LEVELID="10" CREATEDATE="2018-10-17" UPDATEDATE="2024-09-06" /><OBJECT OBJECTID="43114953" OBJECTGUID="1347861b-a5d6-4339-8f8e-dcad424e2a14" CHANGEID="600702350" ISACTIVE="1" LEVELID="10" CREATEDATE="2018-11-07" UPDATEDATE="2024-09-06" /><OBJECT OBJECTID="165113793" OBJECTGUID="ef0ef1fd-8c58-425c-a5d7-860e9e6593a5" CHANGEID="600702353" ISACTIVE="1" LEVELID="9" CREATEDATE="2024-09-06" UPDATEDATE="2024-09-06" /><OBJECT OBJECTID="165116321" OBJECTGUID="7980fa1c-35a2-4f10-97a9-896e0a7d3b47" CHANGEID="600707330" ISACTIVE="1" LEVELID="9" CREATEDATE="2024-09-06" UPDATEDATE="2024-09-06" /><OBJECT OBJECTID="165116322" OBJECTGUID="9bd6eeb1-826f-499a-b347-51409f759851" CHANGEID="600707334" ISACTIVE="1" LEVELID="9" CREATEDATE="2024-09-06" UPDATEDATE="2024-09-06" /><OBJECT OBJECTID="165116323" OBJECTGUID="ccd377b3-415d-4ccc-bc6f-62199d48d7ee" CHANGEID="600707337" ISACTIVE="1" LEVELID="9" CREATEDATE="2024-09-06" UPDATEDATE="2024-09-06" /><OBJECT OBJECTID="165116316" OBJECTGUID="7a98f2ea-0198-44ab-9d38-6a5c92578132" CHANGEID="600707323" ISACTIVE="1" LEVELID="9" CREATEDATE="2024-09-06" UPDATEDATE="2024-09-06" /><OBJECT OBJECTID="165116320" OBJECTGUID="bbe5652d-d639-4788-bb30-a8a8027ba5bc" CHANGEID="600707329" ISACTIVE="1" LEVELID="9" CREATEDATE="2024-09-06" UPDATEDATE="2024-09-06" /><OBJECT OBJECTID="165116324" OBJECTGUID="3c9c7192-1a98-4539-a99a-9513ad6ab01f" CHANGEID="600707338" ISACTIVE="1" LEVELID="9" CREATEDATE="2024-09-06" UPDATEDATE="2024-09-06" /><OBJECT OBJECTID="165116326" OBJECTGUID="9d340d48-0092-4b5c-8179-587e971f5856" CHANGEID="600707348" ISACTIVE="1" LEVELID="9" CREATEDATE="2024-09-06" UPDATEDATE="2024-09-06" /><OBJECT OBJECTID="165116327" OBJECTGUID="b69547b2-2725-4a4e-8dd0-caffd803d900" CHANGEID="600707356" ISACTIVE="1" LEVELID="9" CREATEDATE="2024-09-06" UPDATEDATE="2024-09-06" /><OBJECT OBJECTID="165116325" OBJECTGUID="85248f2c-076b-4371-8d56-887228c3335f" CHANGEID="600707344" ISACTIVE="1" LEVELID="9" CREATEDATE="2024-09-06" UPDATEDATE="2024-09-06" /><OBJECT OBJECTID="165116331" OBJECTGUID="84a62de1-d8b2-465a-b582-7ef878467443" CHANGEID="600707417" ISACTIVE="1" LEVELID="9" CREATEDATE="2024-09-06" UPDATEDATE="2024-09-06" /><OBJECT OBJECTID="60507622" OBJECTGUID="14ec5f41-c315-413f-bf16-48728107eb0d" CHANGEID="600716090" ISACTIVE="1" LEVELID="10" CREATEDATE="2018-10-17" UPDATEDATE="2024-09-07" /><OBJECT OBJECTID="157490847" OBJECTGUID="079a4091-3250-4904-90aa-d4f6b99a3815" CHANGEID="600715944" ISACTIVE="1" LEVELID="10" CREATEDATE="2022-12-14" UPDATEDATE="2024-09-07" /><OBJECT OBJECTID="157490846" OBJECTGUID="05e26206-d826-438e-83a1-01f304a22c86" CHANGEID="600715945" ISACTIVE="1" LEVELID="10" CREATEDATE="2022-12-14" UPDATEDATE="2024-09-07" /><OBJECT OBJECTID="157490845" OBJECTGUID="ae05e1d1-de40-4419-845b-66aa46908978" CHANGEID="600715946" ISACTIVE="1" LEVELID="10" CREATEDATE="2022-12-14" UPDATEDATE="2024-09-07" /><OBJECT OBJECTID="8271484" OBJECTGUID="82e53686-fc5c-454f-9cc4-6d5c7c707608" CHANGEID="600715879" ISACTIVE="1" LEVELID="10" CREATEDATE="2018-10-17" UPDATEDATE="2024-09-07" /><OBJECT OBJECTID="157490844" OBJECTGUID="6bb8d080-ec2d-4724-9edd-732eb309a2ec" CHANGEID="600715947" ISACTIVE="1" LEVELID="10" CREATEDATE="2022-12-14" UPDATEDATE="2024-09-07" /><OBJECT OBJECTID="157490843" OBJECTGUID="d020a8cb-e918-43cd-9d58-da9b4c6cefc5" CHANGEID="600715948" ISACTIVE="1" LEVELID="10" CREATEDATE="2022-12-14" UPDATEDATE="2024-09-07" /><OBJECT OBJECTID="157490842" OBJECTGUID="60057136-0d22-4938-90bd-12188cabab84" CHANGEID="600715949" ISACTIVE="1" LEVELID="10" CREATEDATE="2022-12-14" UPDATEDATE="2024-09-07" /><OBJECT OBJECTID="157490841" OBJECTGUID="c662e1ee-1422-4b6c-a35c-3d7d26f8059e" CHANGEID="600715950" ISACTIVE="1" LEVELID="10" CREATEDATE="2022-12-14" UPDATEDATE="2024-09-07" /><OBJECT OBJECTID="157490714" OBJECTGUID="c184bf7c-4c9e-4aab-bd50-0cf68a6ef37d" CHANGEID="600715951" ISACTIVE="1" LEVELID="10" CREATEDATE="2022-12-14" UPDATEDATE="2024-09-07" /><OBJECT OBJECTID="157490713" OBJECTGUID="449b2399-4200-4d16-9acb-2165899f4f74" CHANGEID="600715952" ISACTIVE="1" LEVELID="10" CREATEDATE="2022-12-14" UPDATEDATE="2024-09-07" /><OBJECT OBJECTID="157490712" OBJECTGUID="ab25e3b9-cc32-4363-b051-b0ff8e92ebef" CHANGEID="600715953" ISACTIVE="1" LEVELID="10" CREATEDATE="2022-12-14" UPDATEDATE="2024-09-07" /><OBJECT OBJECTID="157490711" OBJECTGUID="406317c6-575c-4ac3-bd65-e3eee7f7f5e2" CHANGEID="600715954" ISACTIVE="1" LEVELID="10" CREATEDATE="2022-12-14" UPDATEDATE="2024-09-07" /><OBJECT OBJECTID="157490710" OBJECTGUID="0f048d12-0c77-4861-b48f-e6b0f6626205" CHANGEID="600715955" ISACTIVE="1" LEVELID="10" CREATEDATE="2022-12-14" UPDATEDATE="2024-09-07" /><OBJECT OBJECTID="157490709" OBJECTGUID="56dcb628-9e7b-4348-ae9a-5a0512b85c29" CHANGEID="600715956" ISACTIVE="1" LEVELID="10" CREATEDATE="2022-12-14" UPDATEDATE="2024-09-07" /><OBJECT OBJECTID="157490708" OBJECTGUID="b4207d13-de0f-4897-a9f9-b693a24dceee" CHANGEID="600715957" ISACTIVE="1" LEVELID="10" CREATEDATE="2022-12-14" UPDATEDATE="2024-09-07" /><OBJECT OBJECTID="157490707" OBJECTGUID="ef1598ab-2376-4e55-9f6d-eb8fe4e1671c" CHANGEID="600715958" ISACTIVE="1" LEVELID="10" CREATEDATE="2022-12-14" UPDATEDATE="2024-09-07" /><OBJECT OBJECTID="157490706" OBJECTGUID="1fc8cf52-e538-45e0-b3d4-e279cd9ee9d1" CHANGEID="600715959" ISACTIVE="1" LEVELID="10" CREATEDATE="2022-12-14" UPDATEDATE="2024-09-07" /><OBJECT OBJECTID="157490705" OBJECTGUID="91638d58-1257-4e9f-be27-453253b9c755" CHANGEID="600715960" ISACTIVE="1" LEVELID="10" CREATEDATE="2022-12-14" UPDATEDATE="2024-09-07" /><OBJECT OBJECTID="157490704" OBJECTGUID="b81610cb-4a67-492b-b53c-3c76a79cc417" CHANGEID="600715961" ISACTIVE="1" LEVELID="10" CREATEDATE="2022-12-14" UPDATEDATE="2024-09-07" /><OBJECT OBJECTID="157490703" OBJECTGUID="d07b494c-e099-4435-a479-12500420b102" CHANGEID="600715962" ISACTIVE="1" LEVELID="10" CREATEDATE="2022-12-14" UPDATEDATE="2024-09-07" /><OBJECT OBJECTID="157490702" OBJECTGUID="4f453ffc-b6d4-42d8-b506-9302f98264f7" CHANGEID="600715963" ISACTIVE="1" LEVELID="10" CREATEDATE="2022-12-14" UPDATEDATE="2024-09-07" /><OBJECT OBJECTID="157490700" OBJECTGUID="c05c2d2e-397f-4a57-9c9a-62469f64b6c5" CHANGEID="600715965" ISACTIVE="1" LEVELID="10" CREATEDATE="2022-12-14" UPDATEDATE="2024-09-07" /><OBJECT OBJECTID="157490699" OBJECTGUID="2efb8ac8-aca8-4d85-adf8-92a6d16d6b56" CHANGEID="600715966" ISACTIVE="1" LEVELID="10" CREATEDATE="2022-12-14" UPDATEDATE="2024-09-07" /><OBJECT OBJECTID="157490698" OBJECTGUID="8747ac45-1513-41ec-83cd-45944f8ed8a3" CHANGEID="600715967" ISACTIVE="1" LEVELID="10" CREATEDATE="2022-12-14" UPDATEDATE="2024-09-07" /><OBJECT OBJECTID="157490697" OBJECTGUID="4b420998-6b05-4b23-82c7-761d9e7eb22a" CHANGEID="600715968" ISACTIVE="1" LEVELID="10" CREATEDATE="2022-12-14" UPDATEDATE="2024-09-07" /><OBJECT OBJECTID="157490696" OBJECTGUID="d3f81e54-d07e-44fc-9f1a-eca5c9cbb6a4" CHANGEID="600715969" ISACTIVE="1" LEVELID="10" CREATEDATE="2022-12-14" UPDATEDATE="2024-09-07" /><OBJECT OBJECTID="157490695" OBJECTGUID="220a5bf5-10bb-4493-a4b8-7a38ace72a3f" CHANGEID="600715970" ISACTIVE="1" LEVELID="10" CREATEDATE="2022-12-14" UPDATEDATE="2024-09-07" /><OBJECT OBJECTID="157490634" OBJECTGUID="34f6e6c1-1bdb-4827-8b28-332ac2394682" CHANGEID="600715971" ISACTIVE="1" LEVELID="10" CREATEDATE="2022-12-14" UPDATEDATE="2024-09-07" /><OBJECT OBJECTID="157490633" OBJECTGUID="f803052f-ee00-4889-bcd6-1bcf58825b77" CHANGEID="600715972" ISACTIVE="1" LEVELID="10" CREATEDATE="2022-12-14" UPDATEDATE="2024-09-07" /><OBJECT OBJECTID="157490632" OBJECTGUID="3789075c-550a-4aa3-a578-a9d2497b6563" CHANGEID="600715973" ISACTIVE="1" LEVELID="10" CREATEDATE="2022-12-14" UPDATEDATE="2024-09-07" /><OBJECT OBJECTID="157490631" OBJECTGUID="3b55ece3-fa8c-4162-8721-470ab2e372a4" CHANGEID="600715974" ISACTIVE="1" LEVELID="10" CREATEDATE="2022-12-14" UPDATEDATE="2024-09-07" /><OBJECT OBJECTID="157490630" OBJECTGUID="735e34ee-12a0-4b9c-ba49-e18bf4315553" CHANGEID="600715975" ISACTIVE="1" LEVELID="10" CREATEDATE="2022-12-14" UPDATEDATE="2024-09-07" /><OBJECT OBJECTID="157490629" OBJECTGUID="0b38be21-605f-4d09-a0e0-e800878fdefe" CHANGEID="600715976" ISACTIVE="1" LEVELID="10" CREATEDATE="2022-12-14" UPDATEDATE="2024-09-07" /><OBJECT OBJECTID="157490628" OBJECTGUID="2a8ebde5-cc73-4c97-bd2d-8112e80358bb" CHANGEID="600715977" ISACTIVE="1" LEVELID="10" CREATEDATE="2022-12-14" UPDATEDATE="2024-09-07" /><OBJECT OBJECTID="157490623" OBJECTGUID="b8c90cdd-acdd-4eb7-9693-79b7f0c43a45" CHANGEID="600715978" ISACTIVE="1" LEVELID="10" CREATEDATE="2022-12-14" UPDATEDATE="2024-09-07" /><OBJECT OBJECTID="157490622" OBJECTGUID="cd0f444d-a75d-4058-a42b-c1f927cda1fb" CHANGEID="600715979" ISACTIVE="1" LEVELID="10" CREATEDATE="2022-12-14" UPDATEDATE="2024-09-07" /><OBJECT OBJECTID="157490621" OBJECTGUID="d50d7b23-67e3-44e8-b903-6bb5770e3231" CHANGEID="600715980" ISACTIVE="1" LEVELID="10" CREATEDATE="2022-12-14" UPDATEDATE="2024-09-07" /><OBJECT OBJECTID="157490620" OBJECTGUID="80fdc09b-b6cf-48e6-ae8e-9b41731c86bf" CHANGEID="600715981" ISACTIVE="1" LEVELID="10" CREATEDATE="2022-12-14" UPDATEDATE="2024-09-07" /><OBJECT OBJECTID="157490619" OBJECTGUID="6cc40eb9-780b-4fd5-9173-dd22f4fcdaf0" CHANGEID="600715982" ISACTIVE="1" LEVELID="10" CREATEDATE="2022-12-14" UPDATEDATE="2024-09-07" /><OBJECT OBJECTID="157490618" OBJECTGUID="3f26a426-7f17-440a-ac72-34e61f5aa22c" CHANGEID="600715983" ISACTIVE="1" LEVELID="10" CREATEDATE="2022-12-14" UPDATEDATE="2024-09-07" /><OBJECT OBJECTID="157490617" OBJECTGUID="5e28ba95-2051-47a3-94eb-eb8f67abe5b0" CHANGEID="600715984" ISACTIVE="1" LEVELID="10" CREATEDATE="2022-12-14" UPDATEDATE="2024-09-07" /><OBJECT OBJECTID="157426787" OBJECTGUID="58c31259-3297-469e-bd16-a0f02f1a6296" CHANGEID="600715991" ISACTIVE="1" LEVELID="10" CREATEDATE="2022-12-07" UPDATEDATE="2024-09-07" /><OBJECT OBJECTID="157490616" OBJECTGUID="14a19272-1f3b-4188-b993-d205cb23d4b9" CHANGEID="600715985" ISACTIVE="1" LEVELID="10" CREATEDATE="2022-12-14" UPDATEDATE="2024-09-07" /><OBJECT OBJECTID="157426792" OBJECTGUID="767c84cf-2a4d-42f6-ba16-1d834057c608" CHANGEID="600715986" ISACTIVE="1" LEVELID="10" CREATEDATE="2022-12-07" UPDATEDATE="2024-09-07" /><OBJECT OBJECTID="157426791" OBJECTGUID="b55847ec-e2d3-4421-ab01-3ecd6fb42b16" CHANGEID="600715987" ISACTIVE="1" LEVELID="10" CREATEDATE="2022-12-07" UPDATEDATE="2024-09-07" /><OBJECT OBJECTID="157426790" OBJECTGUID="7262cce5-489f-4ac0-85f4-c20de1e676a5" CHANGEID="600715988" ISACTIVE="1" LEVELID="10" CREATEDATE="2022-12-07" UPDATEDATE="2024-09-07" /><OBJECT OBJECTID="157426788" OBJECTGUID="87e165c4-83bb-4378-bdaf-b1bc9b5488e5" CHANGEID="600715990" ISACTIVE="1" LEVELID="10" CREATEDATE="2022-12-07" UPDATEDATE="2024-09-07" /><OBJECT OBJECTID="157426786" OBJECTGUID="43ea8627-7b2a-4e45-baa7-c5fe2d7eaa5e" CHANGEID="600715992" ISACTIVE="1" LEVELID="10" CREATEDATE="2022-12-07" UPDATEDATE="2024-09-07" /><OBJECT OBJECTID="157426785" OBJECTGUID="8f7341d8-0566-4d5a-948e-3b60403e4d4a" CHANGEID="600715993" ISACTIVE="1" LEVELID="10" CREATEDATE="2022-12-07" UPDATEDATE="2024-09-07" /><OBJECT OBJECTID="157426784" OBJECTGUID="c7668dc4-2db2-48aa-89f3-9b1a01b5499e" CHANGEID="600715994" ISACTIVE="1" LEVELID="10" CREATEDATE="2022-12-07" UPDATEDATE="2024-09-07" /><OBJECT OBJECTID="157426783" OBJECTGUID="d3c31892-ec78-40e8-a71a-4928ad2b7c32" CHANGEID="600715995" ISACTIVE="1" LEVELID="10" CREATEDATE="2022-12-07" UPDATEDATE="2024-09-07" /><OBJECT OBJECTID="156767068" OBJECTGUID="610fb535-dee5-4917-a8ce-d89e1dd19719" CHANGEID="600715996" ISACTIVE="1" LEVELID="10" CREATEDATE="2022-10-25" UPDATEDATE="2024-09-07" /><OBJECT OBJECTID="159394801" OBJECTGUID="4c56bc13-9ef5-42e0-879e-5fa0616be02f" CHANGEID="600716004" ISACTIVE="1" LEVELID="10" CREATEDATE="2023-07-12" UPDATEDATE="2024-09-07" /><OBJECT OBJECTID="164948726" OBJECTGUID="f4f15313-4afb-47f6-9ae6-fd3ee431b4d8" CHANGEID="600716010" ISACTIVE="1" LEVELID="10" CREATEDATE="2024-08-29" UPDATEDATE="2024-09-07" /><OBJECT OBJECTID="164924269" OBJECTGUID="9629dc3e-5412-4a61-8335-b650f42d12ae" CHANGEID="600716012" ISACTIVE="1" LEVELID="10" CREATEDATE="2024-08-28" UPDATEDATE="2024-09-07" /><OBJECT OBJECTID="164921143" OBJECTGUID="bf795825-12db-4f28-bce8-22b36b6a58f9" CHANGEID="600716013" ISACTIVE="1" LEVELID="10" CREATEDATE="2024-08-28" UPDATEDATE="2024-09-07" /><OBJECT OBJECTID="164919882" OBJECTGUID="9a048fec-2948-496f-94b4-0b9f45154e58" CHANGEID="600716014" ISACTIVE="1" LEVELID="10" CREATEDATE="2024-08-28" UPDATEDATE="2024-09-07" /><OBJECT OBJECTID="164878944" OBJECTGUID="102a14c2-20a9-4cc7-8046-aa520813c6ff" CHANGEID="600716017" ISACTIVE="1" LEVELID="10" CREATEDATE="2024-08-26" UPDATEDATE="2024-09-07" /><OBJECT OBJECTID="164047767" OBJECTGUID="4e4f2400-fff2-426a-af9d-f950471fbcb1" CHANGEID="600716020" ISACTIVE="1" LEVELID="10" CREATEDATE="2024-06-28" UPDATEDATE="2024-09-07" /><OBJECT OBJECTID="157493718" OBJECTGUID="44f49efd-faac-4946-9312-d14a05dbb3a7" CHANGEID="600736460" ISACTIVE="1" LEVELID="10" CREATEDATE="2022-12-14" UPDATEDATE="2024-09-07" /><OBJECT OBJECTID="163852417" OBJECTGUID="125e24ee-80fc-4ab1-a895-4b54090de7f7" CHANGEID="600736377" ISACTIVE="1" LEVELID="10" CREATEDATE="2024-06-10" UPDATEDATE="2024-09-07" /><OBJECT OBJECTID="164456038" OBJECTGUID="45f468c8-ee75-483f-8fe6-6042be950988" CHANGEID="600850885" ISACTIVE="1" LEVELID="10" CREATEDATE="2024-07-30" UPDATEDATE="2024-09-11" /><OBJECT OBJECTID="165143507" OBJECTGUID="5c5b8a88-2389-479f-a155-387238e83358" CHANGEID="600780545" ISACTIVE="1" LEVELID="9" CREATEDATE="2024-09-09" UPDATEDATE="2024-09-09" /><OBJECT OBJECTID="165143513" OBJECTGUID="453f0199-ba46-4fca-83cd-815be429984c" CHANGEID="600780551" ISACTIVE="1" LEVELID="9" CREATEDATE="2024-09-09" UPDATEDATE="2024-09-09" /><OBJECT OBJECTID="165143510" OBJECTGUID="8546fd71-4cdc-4a9a-8bb8-c46fa4177d18" CHANGEID="600780548" ISACTIVE="1" LEVELID="9" CREATEDATE="2024-09-09" UPDATEDATE="2024-09-09" /><OBJECT OBJECTID="165143549" OBJECTGUID="205f1342-b61a-4fdd-b6d8-2583b984cae1" CHANGEID="600780590" ISACTIVE="1" LEVELID="9" CREATEDATE="2024-09-09" UPDATEDATE="2024-09-09" /><OBJECT OBJECTID="165143550" OBJECTGUID="3c92fecb-f759-40d6-b4e4-8021898052c8" CHANGEID="600780592" ISACTIVE="1" LEVELID="9" CREATEDATE="2024-09-09" UPDATEDATE="2024-09-09" /><OBJECT OBJECTID="165143552" OBJECTGUID="5a3a736c-190b-4b50-ace1-f0b43c7e6ebb" CHANGEID="600780594" ISACTIVE="1" LEVELID="9" CREATEDATE="2024-09-09" UPDATEDATE="2024-09-09" /><OBJECT OBJECTID="165143561" OBJECTGUID="31accdd3-98b0-4a44-b6ac-2780df09f38d" CHANGEID="600780604" ISACTIVE="1" LEVELID="9" CREATEDATE="2024-09-09" UPDATEDATE="2024-09-09" /><OBJECT OBJECTID="165143568" OBJECTGUID="06547bf2-8cf4-49df-b9b1-3d71ce0db846" CHANGEID="600780612" ISACTIVE="1" LEVELID="9" CREATEDATE="2024-09-09" UPDATEDATE="2024-09-09" /><OBJECT OBJECTID="165143571" OBJECTGUID="d55fd7d2-12d6-41b0-8dae-9994a1d6fa3d" CHANGEID="600780617" ISACTIVE="1" LEVELID="9" CREATEDATE="2024-09-09" UPDATEDATE="2024-09-09" /><OBJECT OBJECTID="165143577" OBJECTGUID="fce72037-23da-4f94-b2b4-5608379ae7ba" CHANGEID="600780625" ISACTIVE="1" LEVELID="9" CREATEDATE="2024-09-09" UPDATEDATE="2024-09-09" /><OBJECT OBJECTID="165143585" OBJECTGUID="3e7c858c-a0a8-496f-bdfa-971a5a85ad14" CHANGEID="600780635" ISACTIVE="1" LEVELID="9" CREATEDATE="2024-09-09" UPDATEDATE="2024-09-09" /><OBJECT OBJECTID="165143586" OBJECTGUID="bc230236-10ee-4cdc-9787-f62212799907" CHANGEID="600780652" ISACTIVE="1" LEVELID="9" CREATEDATE="2024-09-09" UPDATEDATE="2024-09-09" /><OBJECT OBJECTID="165143515" OBJECTGUID="8bdfcc40-4ee5-4687-adcb-7dd67267f110" CHANGEID="600780553" ISACTIVE="1" LEVELID="9" CREATEDATE="2024-09-09" UPDATEDATE="2024-09-09" /><OBJECT OBJECTID="165143543" OBJECTGUID="5136c2c9-f6c4-486c-b5b3-b1352da09658" CHANGEID="600780583" ISACTIVE="1" LEVELID="9" CREATEDATE="2024-09-09" UPDATEDATE="2024-09-09" /><OBJECT OBJECTID="165143544" OBJECTGUID="aad09d41-7900-44c8-8399-d4332fef73e2" CHANGEID="600780585" ISACTIVE="1" LEVELID="9" CREATEDATE="2024-09-09" UPDATEDATE="2024-09-09" /><OBJECT OBJECTID="165143548" OBJECTGUID="bf70a178-6c4b-4cbb-9fc5-8ed65cf5d239" CHANGEID="600780589" ISACTIVE="1" LEVELID="9" CREATEDATE="2024-09-09" UPDATEDATE="2024-09-09" /><OBJECT OBJECTID="165143555" OBJECTGUID="d86d0913-a078-4241-b648-69a697541066" CHANGEID="600780597" ISACTIVE="1" LEVELID="9" CREATEDATE="2024-09-09" UPDATEDATE="2024-09-09" /><OBJECT OBJECTID="165143557" OBJECTGUID="c9f4a144-fd5e-445b-9775-032e28a7ea20" CHANGEID="600780599" ISACTIVE="1" LEVELID="9" CREATEDATE="2024-09-09" UPDATEDATE="2024-09-09" /><OBJECT OBJECTID="165143558" OBJECTGUID="f86f9658-2c65-4ae2-9f5f-0b38250bd9f6" CHANGEID="600780601" ISACTIVE="1" LEVELID="9" CREATEDATE="2024-09-09" UPDATEDATE="2024-09-09" /><OBJECT OBJECTID="165143566" OBJECTGUID="06ef852a-461a-493a-9fb3-3bfba91494cf" CHANGEID="600780609" ISACTIVE="1" LEVELID="9" CREATEDATE="2024-09-09" UPDATEDATE="2024-09-09" /><OBJECT OBJECTID="165143569" OBJECTGUID="bfb0adb5-babc-426d-b8c6-1fcec9f10cc3" CHANGEID="600780613" ISACTIVE="1" LEVELID="9" CREATEDATE="2024-09-09" UPDATEDATE="2024-09-09" /><OBJECT OBJECTID="165143574" OBJECTGUID="a7761dfb-346b-4b24-9b0e-aca33c05f487" CHANGEID="600780620" ISACTIVE="1" LEVELID="9" CREATEDATE="2024-09-09" UPDATEDATE="2024-09-09" /><OBJECT OBJECTID="165143576" OBJECTGUID="240c66bd-882c-4c0d-8160-50d866ddae91" CHANGEID="600780624" ISACTIVE="1" LEVELID="9" CREATEDATE="2024-09-09" UPDATEDATE="2024-09-09" /><OBJECT OBJECTID="165143579" OBJECTGUID="8ceea3a2-1435-44ae-b479-bdaf3df12ed8" CHANGEID="600780628" ISACTIVE="1" LEVELID="9" CREATEDATE="2024-09-09" UPDATEDATE="2024-09-09" /><OBJECT OBJECTID="164548188" OBJECTGUID="7b7324af-e966-4e6c-b377-045ce3374008" CHANGEID="600716018" ISACTIVE="1" LEVELID="10" CREATEDATE="2024-08-05" UPDATEDATE="2024-09-07" /><OBJECT OBJECTID="165172939" OBJECTGUID="c248d63e-a1ae-4111-8d25-b76bd694d20d" CHANGEID="600831348" ISACTIVE="1" LEVELID="9" CREATEDATE="2024-09-10" UPDATEDATE="2024-09-10" /><OBJECT OBJECTID="165172941" OBJECTGUID="48257337-53e9-4440-9e85-f520d1eb59bf" CHANGEID="600831350" ISACTIVE="1" LEVELID="9" CREATEDATE="2024-09-10" UPDATEDATE="2024-09-10" /><OBJECT OBJECTID="165172943" OBJECTGUID="90b07804-8b15-4adc-a3c7-7f654578ca78" CHANGEID="600831352" ISACTIVE="1" LEVELID="9" CREATEDATE="2024-09-10" UPDATEDATE="2024-09-10" /><OBJECT OBJECTID="165172945" OBJECTGUID="3b96bf1e-3b8f-4e12-ba12-ef6819235187" CHANGEID="600831354" ISACTIVE="1" LEVELID="9" CREATEDATE="2024-09-10" UPDATEDATE="2024-09-10" /><OBJECT OBJECTID="165172947" OBJECTGUID="b8020dc4-a890-407a-9dc9-3f7184ab3454" CHANGEID="600831356" ISACTIVE="1" LEVELID="9" CREATEDATE="2024-09-10" UPDATEDATE="2024-09-10" /><OBJECT OBJECTID="165172949" OBJECTGUID="eeb2d469-f233-41fb-874b-db3b61f38319" CHANGEID="600831358" ISACTIVE="1" LEVELID="9" CREATEDATE="2024-09-10" UPDATEDATE="2024-09-10" /><OBJECT OBJECTID="165172951" OBJECTGUID="0e922445-ad98-452a-b82a-886d9c28401d" CHANGEID="600831360" ISACTIVE="1" LEVELID="9" CREATEDATE="2024-09-10" UPDATEDATE="2024-09-10" /><OBJECT OBJECTID="165172938" OBJECTGUID="b7eb31f1-ac70-4218-8ae6-d2d8ad37ea55" CHANGEID="600831347" ISACTIVE="1" LEVELID="9" CREATEDATE="2024-09-10" UPDATEDATE="2024-09-10" /><OBJECT OBJECTID="165172940" OBJECTGUID="31ba4916-00e0-4be1-9bde-05b3ca460799" CHANGEID="600831349" ISACTIVE="1" LEVELID="9" CREATEDATE="2024-09-10" UPDATEDATE="2024-09-10" /><OBJECT OBJECTID="165172942" OBJECTGUID="c9283631-6b6d-4e45-b6aa-9cd0236da82f" CHANGEID="600831351" ISACTIVE="1" LEVELID="9" CREATEDATE="2024-09-10" UPDATEDATE="2024-09-10" /><OBJECT OBJECTID="165172944" OBJECTGUID="b3f24276-f3dc-4940-85a6-6b7f7147eb24" CHANGEID="600831353" ISACTIVE="1" LEVELID="9" CREATEDATE="2024-09-10" UPDATEDATE="2024-09-10" /><OBJECT OBJECTID="165172946" OBJECTGUID="32664c92-da22-4345-baa4-3e1739bbf820" CHANGEID="600831355" ISACTIVE="1" LEVELID="9" CREATEDATE="2024-09-10" UPDATEDATE="2024-09-10" /><OBJECT OBJECTID="165172948" OBJECTGUID="1efcf9ec-02db-4a8a-9cb6-1d9669e7d7a7" CHANGEID="600831357" ISACTIVE="1" LEVELID="9" CREATEDATE="2024-09-10" UPDATEDATE="2024-09-10" /><OBJECT OBJECTID="165172950" OBJECTGUID="3ec54ef3-0cd2-49b0-a0f4-e91cb20a10c3" CHANGEID="600831359" ISACTIVE="1" LEVELID="9" CREATEDATE="2024-09-10" UPDATEDATE="2024-09-10" /><OBJECT OBJECTID="165172952" OBJECTGUID="907e207c-06dd-4899-ab0a-89866db1f6a6" CHANGEID="600831361" ISACTIVE="1" LEVELID="9" CREATEDATE="2024-09-10" UPDATEDATE="2024-09-10" /><OBJECT OBJECTID="165173955" OBJECTGUID="a7a9cc87-6fb7-4985-a37d-252352285473" CHANGEID="600833054" ISACTIVE="1" LEVELID="10" CREATEDATE="2024-09-10" UPDATEDATE="2024-09-10" /><OBJECT OBJECTID="165173954" OBJECTGUID="8cc77730-6eb0-449e-9d48-8be75f6b482e" CHANGEID="600833053" ISACTIVE="1" LEVELID="9" CREATEDATE="2024-09-10" UPDATEDATE="2024-09-10" /><OBJECT OBJECTID="165173985" OBJECTGUID="0b444719-45b4-4dfa-9304-a0e937532254" CHANGEID="600833173" ISACTIVE="1" LEVELID="9" CREATEDATE="2024-09-10" UPDATEDATE="2024-09-10" /><OBJECT OBJECTID="165174013" OBJECTGUID="e77b83ac-5956-4665-8773-ba20ca183792" CHANGEID="600833247" ISACTIVE="1" LEVELID="10" CREATEDATE="2024-09-10" UPDATEDATE="2024-09-10" /><OBJECT OBJECTID="50571911" OBJECTGUID="18524618-c262-41a2-972e-3c337bd06656" CHANGEID="600702345" ISACTIVE="1" LEVELID="10" CREATEDATE="2017-10-31" UPDATEDATE="2024-09-06" /><OBJECT OBJECTID="164376066" OBJECTGUID="c1d9d3dd-a369-4e31-925b-527970f30064" CHANGEID="600850886" ISACTIVE="1" LEVELID="10" CREATEDATE="2024-07-23" UPDATEDATE="2024-09-11" /><OBJECT OBJECTID="164611837" OBJECTGUID="59975bdd-38b8-4a62-864d-dfa6a362d804" CHANGEID="600850884" ISACTIVE="1" LEVELID="10" CREATEDATE="2024-08-08" UPDATEDATE="2024-09-11" /><OBJECT OBJECTID="164620607" OBJECTGUID="29fdd5d0-6573-4825-a3b8-d0c5590cd2d7" CHANGEID="600702346" ISACTIVE="1" LEVELID="9" CREATEDATE="2024-08-09" UPDATEDATE="2024-09-06" /><OBJECT OBJECTID="165211288" OBJECTGUID="9d526248-2701-48c6-8eb6-978e52fe4833" CHANGEID="600914489" ISACTIVE="1" LEVELID="10" CREATEDATE="2024-09-11" UPDATEDATE="2024-09-11" /><OBJECT OBJECTID="10060681" OBJECTGUID="262ea281-fe4a-46dd-a833-72e8ea541086" CHANGEID="600914545" ISACTIVE="1" LEVELID="10" CREATEDATE="2019-02-06" UPDATEDATE="2024-09-11" /><OBJECT OBJECTID="165211513" OBJECTGUID="4bb45455-7403-48ae-a97a-cc459f6c52aa" CHANGEID="600914718" ISACTIVE="1" LEVELID="10" CREATEDATE="2024-09-11" UPDATEDATE="2024-09-11" /><OBJECT OBJECTID="165214573" OBJECTGUID="0edd1242-013c-4c98-a08a-011b4c430ed4" CHANGEID="600919281" ISACTIVE="1" LEVELID="10" CREATEDATE="2024-09-11" UPDATEDATE="2024-09-11" /><OBJECT OBJECTID="165214578" OBJECTGUID="a2006fde-221f-4acb-baca-b7f7997adae1" CHANGEID="600919287" ISACTIVE="1" LEVELID="10" CREATEDATE="2024-09-11" UPDATEDATE="2024-09-11" /><OBJECT OBJECTID="165214580" OBJECTGUID="c85eead6-1025-41f8-85cb-09c51f404992" CHANGEID="600919289" ISACTIVE="1" LEVELID="10" CREATEDATE="2024-09-11" UPDATEDATE="2024-09-11" /><OBJECT OBJECTID="165214571" OBJECTGUID="584452b0-99ed-46f7-9b74-40ef717f1250" CHANGEID="600919278" ISACTIVE="1" LEVELID="10" CREATEDATE="2024-09-11" UPDATEDATE="2024-09-11" /><OBJECT OBJECTID="165214575" OBJECTGUID="8aaac6a1-759c-422b-851b-720996022c2d" CHANGEID="600919284" ISACTIVE="1" LEVELID="10" CREATEDATE="2024-09-11" UPDATEDATE="2024-09-11" /><OBJECT OBJECTID="165214579" OBJECTGUID="2d6e95ab-8765-4641-b70a-60528da01ce6" CHANGEID="600919288" ISACTIVE="1" LEVELID="9" CREATEDATE="2024-09-11" UPDATEDATE="2024-09-11" /><OBJECT OBJECTID="165215687" OBJECTGUID="3d2de373-2858-492a-9049-84802558db69" CHANGEID="600921874" ISACTIVE="1" LEVELID="9" CREATEDATE="2024-09-11" UPDATEDATE="2024-09-11" /><OBJECT OBJECTID="165215689" OBJECTGUID="303784aa-9390-475d-b173-7fd5c46e22fd" CHANGEID="600921876" ISACTIVE="1" LEVELID="9" CREATEDATE="2024-09-11" UPDATEDATE="2024-09-11" /><OBJECT OBJECTID="165215691" OBJECTGUID="276a6138-f118-4f6a-b212-d0b176bf6a4e" CHANGEID="600921878" ISACTIVE="1" LEVELID="9" CREATEDATE="2024-09-11" UPDATEDATE="2024-09-11" /><OBJECT OBJECTID="165215693" OBJECTGUID="01d2eed9-bc38-4b0e-888f-0ad7eb0bd9e9" CHANGEID="600921880" ISACTIVE="1" LEVELID="9" CREATEDATE="2024-09-11" UPDATEDATE="2024-09-11" /><OBJECT OBJECTID="165215695" OBJECTGUID="62d3b232-2eab-4eaa-82ab-85ef5ff6b68a" CHANGEID="600921882" ISACTIVE="1" LEVELID="9" CREATEDATE="2024-09-11" UPDATEDATE="2024-09-11" /><OBJECT OBJECTID="165215697" OBJECTGUID="343f594c-ad8f-4881-938d-75807c07f152" CHANGEID="600921884" ISACTIVE="1" LEVELID="9" CREATEDATE="2024-09-11" UPDATEDATE="2024-09-11" /><OBJECT OBJECTID="165215699" OBJECTGUID="a17833fd-bd3d-412f-8480-685ff6ee3b56" CHANGEID="600921886" ISACTIVE="1" LEVELID="9" CREATEDATE="2024-09-11" UPDATEDATE="2024-09-11" /><OBJECT OBJECTID="165215701" OBJECTGUID="c469fbd6-c691-42e2-9af1-8af3741c678b" CHANGEID="600921888" ISACTIVE="1" LEVELID="9" CREATEDATE="2024-09-11" UPDATEDATE="2024-09-11" /><OBJECT OBJECTID="165215686" OBJECTGUID="677890bf-3f31-4fb1-85cc-2350ed5c549b" CHANGEID="600921873" ISACTIVE="1" LEVELID="9" CREATEDATE="2024-09-11" UPDATEDATE="2024-09-11" /><OBJECT OBJECTID="165215688" OBJECTGUID="a1ae8198-1849-40cb-b26c-8e533a4b0792" CHANGEID="600921875" ISACTIVE="1" LEVELID="9" CREATEDATE="2024-09-11" UPDATEDATE="2024-09-11" /><OBJECT OBJECTID="165215690" OBJECTGUID="c4dd979d-6908-4d89-9c9f-6872175ca545" CHANGEID="600921877" ISACTIVE="1" LEVELID="9" CREATEDATE="2024-09-11" UPDATEDATE="2024-09-11" /><OBJECT OBJECTID="165215692" OBJECTGUID="9067b759-7cf9-4948-8efc-18ee8d7ce5d3" CHANGEID="600921879" ISACTIVE="1" LEVELID="9" CREATEDATE="2024-09-11" UPDATEDATE="2024-09-11" /><OBJECT OBJECTID="165215694" OBJECTGUID="be7d5e50-526d-414d-86b5-c626ff6e6f2d" CHANGEID="600921881" ISACTIVE="1" LEVELID="9" CREATEDATE="2024-09-11" UPDATEDATE="2024-09-11" /><OBJECT OBJECTID="165215696" OBJECTGUID="a13e5cc7-a556-4e1e-991c-8378a60e9285" CHANGEID="600921883" ISACTIVE="1" LEVELID="9" CREATEDATE="2024-09-11" UPDATEDATE="2024-09-11" /><OBJECT OBJECTID="165215698" OBJECTGUID="78e5ec80-7b76-48b1-95a0-6a55583b5cf6" CHANGEID="600921885" ISACTIVE="1" LEVELID="9" CREATEDATE="2024-09-11" UPDATEDATE="2024-09-11" /><OBJECT OBJECTID="165215700" OBJECTGUID="30607256-0008-4b69-9fbb-24ad6e938efe" CHANGEID="600921887" ISACTIVE="1" LEVELID="9" CREATEDATE="2024-09-11" UPDATEDATE="2024-09-11" /><OBJECT OBJECTID="165217203" OBJECTGUID="7fa2a82d-022f-43dd-a161-5d6353e6b317" CHANGEID="600924119" ISACTIVE="1" LEVELID="9" CREATEDATE="2024-09-11" UPDATEDATE="2024-09-11" /><OBJECT OBJECTID="165217205" OBJECTGUID="b8ab987f-bcf6-47aa-9b0d-be676503de38" CHANGEID="600924121" ISACTIVE="1" LEVELID="9" CREATEDATE="2024-09-11" UPDATEDATE="2024-09-11" /><OBJECT OBJECTID="165217206" OBJECTGUID="05b208ad-7944-495f-aa85-e61d234a4a1a" CHANGEID="600924123" ISACTIVE="1" LEVELID="9" CREATEDATE="2024-09-11" UPDATEDATE="2024-09-11" /><OBJECT OBJECTID="165217208" OBJECTGUID="f0c29b38-3048-4907-82ce-07ebe4e2a6a1" CHANGEID="600924125" ISACTIVE="1" LEVELID="9" CREATEDATE="2024-09-11" UPDATEDATE="2024-09-11" /><OBJECT OBJECTID="165217204" OBJECTGUID="2ff5c84e-9180-47e9-81bd-9e8c3ac5851e" CHANGEID="600924120" ISACTIVE="1" LEVELID="9" CREATEDATE="2024-09-11" UPDATEDATE="2024-09-11" /><OBJECT OBJECTID="165217207" OBJECTGUID="53b3ca8f-c9c0-4239-a421-b51a0de4508d" CHANGEID="600924124" ISACTIVE="1" LEVELID="9" CREATEDATE="2024-09-11" UPDATEDATE="2024-09-11" /><OBJECT OBJECTID="165217209" OBJECTGUID="a5d3233e-f38e-4223-a501-7d73542f6d4c" CHANGEID="600924126" ISACTIVE="1" LEVELID="9" CREATEDATE="2024-09-11" UPDATEDATE="2024-09-11" /><OBJECT OBJECTID="165217210" OBJECTGUID="7e8162b3-1b6f-489a-9717-3d54482e4ba2" CHANGEID="600924127" ISACTIVE="1" LEVELID="9" CREATEDATE="2024-09-11" UPDATEDATE="2024-09-11" /><OBJECT OBJECTID="165218268" OBJECTGUID="8f8bfd6a-03ea-42a9-8493-5b89c5928c38" CHANGEID="600925751" ISACTIVE="1" LEVELID="9" CREATEDATE="2024-09-11" UPDATEDATE="2024-09-11" /><OBJECT OBJECTID="165218269" OBJECTGUID="42000883-b0da-4e2c-a612-f72ac7a7f48e" CHANGEID="600925752" ISACTIVE="1" LEVELID="9" CREATEDATE="2024-09-11" UPDATEDATE="2024-09-11" /><OBJECT OBJECTID="101076914" OBJECTGUID="5e891281-7c80-4358-9f86-282c42040516" CHANGEID="600715889" ISACTIVE="1" LEVELID="10" CREATEDATE="2021-04-26" UPDATEDATE="2024-09-07" /><OBJECT OBJECTID="60006984" OBJECTGUID="8e5f0156-6a4b-45ca-8f78-28f8d89afdf9" CHANGEID="600736529" ISACTIVE="1" LEVELID="10" CREATEDATE="2017-12-07" UPDATEDATE="2024-09-07" /><OBJECT OBJECTID="67617303" OBJECTGUID="26f673aa-7a5b-4c2f-880e-4867470f9dcc" CHANGEID="600715887" ISACTIVE="1" LEVELID="10" CREATEDATE="2018-10-17" UPDATEDATE="2024-09-07" /><OBJECT OBJECTID="164919583" OBJECTGUID="4111ac38-30ad-4456-86eb-b40d6b328a99" CHANGEID="600716016" ISACTIVE="1" LEVELID="10" CREATEDATE="2024-08-28" UPDATEDATE="2024-09-07" /><OBJECT OBJECTID="164919879" OBJECTGUID="33daa41b-6ccd-4ef4-8e8e-23636fd9730c" CHANGEID="600716015" ISACTIVE="1" LEVELID="10" CREATEDATE="2024-08-28" UPDATEDATE="2024-09-07" /><OBJECT OBJECTID="164924271" OBJECTGUID="f2d75330-85c2-4ca3-801f-142ad9b97ecb" CHANGEID="600716011" ISACTIVE="1" LEVELID="10" CREATEDATE="2024-08-28" UPDATEDATE="2024-09-07" /><OBJECT OBJECTID="164955260" OBJECTGUID="a45f2fae-186f-48ec-a527-98567cdaba86" CHANGEID="600716009" ISACTIVE="1" LEVELID="10" CREATEDATE="2024-08-30" UPDATEDATE="2024-09-07" /><OBJECT OBJECTID="164962691" OBJECTGUID="57d46fd6-c0dc-4ffe-9745-d724d93aae09" CHANGEID="600716008" ISACTIVE="1" LEVELID="10" CREATEDATE="2024-08-30" UPDATEDATE="2024-09-07" /></REESTR_OBJECTS>