﻿<?xml version="1.0" encoding="utf-8"?><STEADS><STEAD ID="68426299" OBJECTID="164620607" OBJECTGUID="29fdd5d0-6573-4825-a3b8-d0c5590cd2d7" CHANGEID="599450351" NUMBER="18А" OPERTYPEID="10" PREVID="0" NEXTID="68642383" UPDATEDATE="2024-09-06" STARTDATE="2024-08-09" ENDDATE="2024-09-06" ISACTUAL="0" ISACTIVE="0" /><STEAD ID="68618759" OBJECTID="165069416" OBJECTGUID="75659949-5383-468f-882d-5951e2df977e" CHANGEID="600526188" NUMBER="371" OPERTYPEID="10" PREVID="0" NEXTID="0" UPDATEDATE="2024-09-05" STARTDATE="2024-09-05" ENDDATE="2079-06-06" ISACTUAL="1" ISACTIVE="1" /><STEAD ID="68624172" OBJECTID="165082085" OBJECTGUID="0c73e17a-6983-4afa-b987-b33b13eec12c" CHANGEID="600546180" NUMBER="36" OPERTYPEID="10" PREVID="0" NEXTID="0" UPDATEDATE="2024-09-05" STARTDATE="2024-09-05" ENDDATE="2079-06-06" ISACTUAL="1" ISACTIVE="1" /><STEAD ID="68624180" OBJECTID="165082097" OBJECTGUID="d14024a1-321c-43e5-be2c-dd1b06203f35" CHANGEID="600546198" NUMBER="37" OPERTYPEID="10" PREVID="0" NEXTID="0" UPDATEDATE="2024-09-05" STARTDATE="2024-09-05" ENDDATE="2079-06-06" ISACTUAL="1" ISACTIVE="1" /><STEAD ID="68624188" OBJECTID="165082115" OBJECTGUID="09cad019-826d-4e40-9d6e-f20bf270de15" CHANGEID="600546230" NUMBER="45" OPERTYPEID="10" PREVID="0" NEXTID="0" UPDATEDATE="2024-09-05" STARTDATE="2024-09-05" ENDDATE="2079-06-06" ISACTUAL="1" ISACTIVE="1" /><STEAD ID="68624195" OBJECTID="165082123" OBJECTGUID="f4fbd797-602c-459f-b1e7-0c986e5e3396" CHANGEID="600546272" NUMBER="44" OPERTYPEID="10" PREVID="0" NEXTID="0" UPDATEDATE="2024-09-05" STARTDATE="2024-09-05" ENDDATE="2079-06-06" ISACTUAL="1" ISACTIVE="1" /><STEAD ID="68624199" OBJECTID="165082135" OBJECTGUID="41c137d3-77f6-4e5c-8f0b-26e3338fb8aa" CHANGEID="600546290" NUMBER="37" OPERTYPEID="10" PREVID="0" NEXTID="0" UPDATEDATE="2024-09-05" STARTDATE="2024-09-05" ENDDATE="2079-06-06" ISACTUAL="1" ISACTIVE="1" /><STEAD ID="68624238" OBJECTID="165082188" OBJECTGUID="fa4982c7-6606-4d2a-bf21-ba09a151c653" CHANGEID="600546377" NUMBER="26" OPERTYPEID="10" PREVID="0" NEXTID="0" UPDATEDATE="2024-09-05" STARTDATE="2024-09-05" ENDDATE="2079-06-06" ISACTUAL="1" ISACTIVE="1" /><STEAD ID="68624258" OBJECTID="165082221" OBJECTGUID="50813b78-d01b-4e8f-887c-2749d409bf6c" CHANGEID="600546424" NUMBER="26" OPERTYPEID="10" PREVID="0" NEXTID="0" UPDATEDATE="2024-09-05" STARTDATE="2024-09-05" ENDDATE="2079-06-06" ISACTUAL="1" ISACTIVE="1" /><STEAD ID="68624261" OBJECTID="165082229" OBJECTGUID="c572a80a-f20b-40c4-a604-4086325d4708" CHANGEID="600546436" NUMBER="12" OPERTYPEID="10" PREVID="0" NEXTID="0" UPDATEDATE="2024-09-05" STARTDATE="2024-09-05" ENDDATE="2079-06-06" ISACTUAL="1" ISACTIVE="1" /><STEAD ID="68624283" OBJECTID="165082282" OBJECTGUID="fb1568dd-83d4-4516-bf34-7eb3fd570655" CHANGEID="600546539" NUMBER="54" OPERTYPEID="10" PREVID="0" NEXTID="0" UPDATEDATE="2024-09-05" STARTDATE="2024-09-05" ENDDATE="2079-06-06" ISACTUAL="1" ISACTIVE="1" /><STEAD ID="68635110" OBJECTID="165102162" OBJECTGUID="721a2f78-af8d-4bc8-a1f1-b90b3a37afed" CHANGEID="600582699" NUMBER="30" OPERTYPEID="10" PREVID="0" NEXTID="0" UPDATEDATE="2024-09-06" STARTDATE="2024-09-06" ENDDATE="2079-06-06" ISACTUAL="1" ISACTIVE="1" /><STEAD ID="68635111" OBJECTID="165102163" OBJECTGUID="905d03f8-3d54-477d-9f98-a685982906f1" CHANGEID="600582700" NUMBER="32" OPERTYPEID="10" PREVID="0" NEXTID="0" UPDATEDATE="2024-09-06" STARTDATE="2024-09-06" ENDDATE="2079-06-06" ISACTUAL="1" ISACTIVE="1" /><STEAD ID="68635112" OBJECTID="165102164" OBJECTGUID="85000cec-8c20-4d21-a9fa-95b19a447ced" CHANGEID="600582701" NUMBER="50" OPERTYPEID="10" PREVID="0" NEXTID="0" UPDATEDATE="2024-09-06" STARTDATE="2024-09-06" ENDDATE="2079-06-06" ISACTUAL="1" ISACTIVE="1" /><STEAD ID="68635113" OBJECTID="165102165" OBJECTGUID="0626f12b-c4b3-4a5d-a380-9bdf4bb2c970" CHANGEID="600582702" NUMBER="62" OPERTYPEID="10" PREVID="0" NEXTID="0" UPDATEDATE="2024-09-06" STARTDATE="2024-09-06" ENDDATE="2079-06-06" ISACTUAL="1" ISACTIVE="1" /><STEAD ID="68635114" OBJECTID="165102166" OBJECTGUID="4867cb11-919f-43f6-8820-fe82e353d1e0" CHANGEID="600582703" NUMBER="102" OPERTYPEID="10" PREVID="0" NEXTID="0" UPDATEDATE="2024-09-06" STARTDATE="2024-09-06" ENDDATE="2079-06-06" ISACTUAL="1" ISACTIVE="1" /><STEAD ID="68635115" OBJECTID="165102167" OBJECTGUID="cbe71a1a-8481-4ee6-85c9-7e3c6b0682c0" CHANGEID="600582704" NUMBER="141" OPERTYPEID="10" PREVID="0" NEXTID="0" UPDATEDATE="2024-09-06" STARTDATE="2024-09-06" ENDDATE="2079-06-06" ISACTUAL="1" ISACTIVE="1" /><STEAD ID="68635116" OBJECTID="165102168" OBJECTGUID="cc24760d-fabf-41a2-9ff2-af8a0649f525" CHANGEID="600582705" NUMBER="218" OPERTYPEID="10" PREVID="0" NEXTID="0" UPDATEDATE="2024-09-06" STARTDATE="2024-09-06" ENDDATE="2079-06-06" ISACTUAL="1" ISACTIVE="1" /><STEAD ID="68635117" OBJECTID="165102169" OBJECTGUID="5a650989-02cb-4738-8b15-f9bc342c214e" CHANGEID="600582706" NUMBER="78" OPERTYPEID="10" PREVID="0" NEXTID="0" UPDATEDATE="2024-09-06" STARTDATE="2024-09-06" ENDDATE="2079-06-06" ISACTUAL="1" ISACTIVE="1" /><STEAD ID="68635118" OBJECTID="165102170" OBJECTGUID="e8a18450-21c1-4c83-8299-3adfa10556cc" CHANGEID="600582707" NUMBER="178" OPERTYPEID="10" PREVID="0" NEXTID="0" UPDATEDATE="2024-09-06" STARTDATE="2024-09-06" ENDDATE="2079-06-06" ISACTUAL="1" ISACTIVE="1" /><STEAD ID="68635119" OBJECTID="165102171" OBJECTGUID="b98064cd-15ed-41e6-ae8c-bff0c38492ff" CHANGEID="600582708" NUMBER="112" OPERTYPEID="10" PREVID="0" NEXTID="0" UPDATEDATE="2024-09-06" STARTDATE="2024-09-06" ENDDATE="2079-06-06" ISACTUAL="1" ISACTIVE="1" /><STEAD ID="68635121" OBJECTID="165102173" OBJECTGUID="f40cff1c-a96a-4f82-8f79-5abe889023f8" CHANGEID="600582710" NUMBER="140" OPERTYPEID="10" PREVID="0" NEXTID="0" UPDATEDATE="2024-09-06" STARTDATE="2024-09-06" ENDDATE="2079-06-06" ISACTUAL="1" ISACTIVE="1" /><STEAD ID="68635122" OBJECTID="165102174" OBJECTGUID="d4fcf555-3da5-4bea-88e0-6bdaf56c43de" CHANGEID="600582711" NUMBER="31" OPERTYPEID="10" PREVID="0" NEXTID="0" UPDATEDATE="2024-09-06" STARTDATE="2024-09-06" ENDDATE="2079-06-06" ISACTUAL="1" ISACTIVE="1" /><STEAD ID="68635124" OBJECTID="165102176" OBJECTGUID="47b924da-77b8-455b-8ea7-70dbe385becc" CHANGEID="600582713" NUMBER="11" OPERTYPEID="10" PREVID="0" NEXTID="0" UPDATEDATE="2024-09-06" STARTDATE="2024-09-06" ENDDATE="2079-06-06" ISACTUAL="1" ISACTIVE="1" /><STEAD ID="68635125" OBJECTID="165102177" OBJECTGUID="718aeb13-720a-464d-962a-84728cc064ed" CHANGEID="600582714" NUMBER="19" OPERTYPEID="10" PREVID="0" NEXTID="0" UPDATEDATE="2024-09-06" STARTDATE="2024-09-06" ENDDATE="2079-06-06" ISACTUAL="1" ISACTIVE="1" /><STEAD ID="68635126" OBJECTID="165102178" OBJECTGUID="6d2f93c7-488b-498e-965e-b25213b796a8" CHANGEID="600582715" NUMBER="17" OPERTYPEID="10" PREVID="0" NEXTID="0" UPDATEDATE="2024-09-06" STARTDATE="2024-09-06" ENDDATE="2079-06-06" ISACTUAL="1" ISACTIVE="1" /><STEAD ID="68635129" OBJECTID="165102181" OBJECTGUID="e6e38436-00cf-4b59-989f-3d980d7003d1" CHANGEID="600582718" NUMBER="66" OPERTYPEID="10" PREVID="0" NEXTID="0" UPDATEDATE="2024-09-06" STARTDATE="2024-09-06" ENDDATE="2079-06-06" ISACTUAL="1" ISACTIVE="1" /><STEAD ID="68635130" OBJECTID="165102182" OBJECTGUID="397dab4d-36b4-4c20-a8a4-1a55943734b8" CHANGEID="600582719" NUMBER="10" OPERTYPEID="10" PREVID="0" NEXTID="0" UPDATEDATE="2024-09-06" STARTDATE="2024-09-06" ENDDATE="2079-06-06" ISACTUAL="1" ISACTIVE="1" /><STEAD ID="68635132" OBJECTID="165102184" OBJECTGUID="0a13f9f9-4a2f-4f11-a5b8-a52bc1395e0d" CHANGEID="600582721" NUMBER="102" OPERTYPEID="10" PREVID="0" NEXTID="0" UPDATEDATE="2024-09-06" STARTDATE="2024-09-06" ENDDATE="2079-06-06" ISACTUAL="1" ISACTIVE="1" /><STEAD ID="68635776" OBJECTID="165103001" OBJECTGUID="3df57f3a-6247-4d4d-934b-240a3a41eb80" CHANGEID="600584481" NUMBER="35" OPERTYPEID="10" PREVID="0" NEXTID="0" UPDATEDATE="2024-09-06" STARTDATE="2024-09-06" ENDDATE="2079-06-06" ISACTUAL="1" ISACTIVE="1" /><STEAD ID="68635784" OBJECTID="165103014" OBJECTGUID="20bb6045-2a7d-4fd9-ba9d-570248a34658" CHANGEID="600584495" NUMBER="33" OPERTYPEID="10" PREVID="0" NEXTID="0" UPDATEDATE="2024-09-06" STARTDATE="2024-09-06" ENDDATE="2079-06-06" ISACTUAL="1" ISACTIVE="1" /><STEAD ID="68635787" OBJECTID="165103018" OBJECTGUID="45fba257-978c-4a3b-b682-ae1997ecbbe2" CHANGEID="600584499" NUMBER="89" OPERTYPEID="10" PREVID="0" NEXTID="0" UPDATEDATE="2024-09-06" STARTDATE="2024-09-06" ENDDATE="2079-06-06" ISACTUAL="1" ISACTIVE="1" /><STEAD ID="68635788" OBJECTID="165103020" OBJECTGUID="fa7b725d-dd01-47d9-bfa7-e4f40ac6cdc1" CHANGEID="600584501" NUMBER="53" OPERTYPEID="10" PREVID="0" NEXTID="0" UPDATEDATE="2024-09-06" STARTDATE="2024-09-06" ENDDATE="2079-06-06" ISACTUAL="1" ISACTIVE="1" /><STEAD ID="68635790" OBJECTID="165103022" OBJECTGUID="a6df02e2-bcf6-4ef0-93ae-6cc4a33efb84" CHANGEID="600584503" NUMBER="36" OPERTYPEID="10" PREVID="0" NEXTID="0" UPDATEDATE="2024-09-06" STARTDATE="2024-09-06" ENDDATE="2079-06-06" ISACTUAL="1" ISACTIVE="1" /><STEAD ID="68635777" OBJECTID="165103002" OBJECTGUID="ffc98666-1283-484f-91e1-2fb70c529d6b" CHANGEID="600584482" NUMBER="50" OPERTYPEID="10" PREVID="0" NEXTID="0" UPDATEDATE="2024-09-06" STARTDATE="2024-09-06" ENDDATE="2079-06-06" ISACTUAL="1" ISACTIVE="1" /><STEAD ID="68635779" OBJECTID="165103004" OBJECTGUID="d22dc310-0ce9-43ec-be75-fc3afc01f90d" CHANGEID="600584484" NUMBER="4" OPERTYPEID="10" PREVID="0" NEXTID="0" UPDATEDATE="2024-09-06" STARTDATE="2024-09-06" ENDDATE="2079-06-06" ISACTUAL="1" ISACTIVE="1" /><STEAD ID="68635780" OBJECTID="165103005" OBJECTGUID="dc4f48d6-9356-4900-a544-38905f842ffe" CHANGEID="600584486" NUMBER="171" OPERTYPEID="10" PREVID="0" NEXTID="0" UPDATEDATE="2024-09-06" STARTDATE="2024-09-06" ENDDATE="2079-06-06" ISACTUAL="1" ISACTIVE="1" /><STEAD ID="68635783" OBJECTID="165103013" OBJECTGUID="de1d0445-d3df-4b06-9a12-ef8f27c4be29" CHANGEID="600584494" NUMBER="81" OPERTYPEID="10" PREVID="0" NEXTID="0" UPDATEDATE="2024-09-06" STARTDATE="2024-09-06" ENDDATE="2079-06-06" ISACTUAL="1" ISACTIVE="1" /><STEAD ID="68635786" OBJECTID="165103017" OBJECTGUID="2271bc45-b091-4980-8b6c-877b5f82e686" CHANGEID="600584498" NUMBER="5" OPERTYPEID="10" PREVID="0" NEXTID="0" UPDATEDATE="2024-09-06" STARTDATE="2024-09-06" ENDDATE="2079-06-06" ISACTUAL="1" ISACTIVE="1" /><STEAD ID="68635789" OBJECTID="165103021" OBJECTGUID="a590c068-d675-45c1-81bc-10a439cf951e" CHANGEID="600584502" NUMBER="38" OPERTYPEID="10" PREVID="0" NEXTID="0" UPDATEDATE="2024-09-06" STARTDATE="2024-09-06" ENDDATE="2079-06-06" ISACTUAL="1" ISACTIVE="1" /><STEAD ID="68637737" OBJECTID="165105669" OBJECTGUID="39754a03-438b-4e3c-af33-5b6ef7af7401" CHANGEID="600588779" NUMBER="46" OPERTYPEID="10" PREVID="0" NEXTID="0" UPDATEDATE="2024-09-06" STARTDATE="2024-09-06" ENDDATE="2079-06-06" ISACTUAL="1" ISACTIVE="1" /><STEAD ID="68642383" OBJECTID="164620607" OBJECTGUID="29fdd5d0-6573-4825-a3b8-d0c5590cd2d7" CHANGEID="600702346" NUMBER="20" OPERTYPEID="20" PREVID="68426299" UPDATEDATE="2024-09-06" STARTDATE="2024-09-06" ENDDATE="2079-06-06" ISACTUAL="1" ISACTIVE="1" /><STEAD ID="68642384" OBJECTID="165113789" OBJECTGUID="bc2efd6b-eb49-49c5-9709-b9c006947efe" CHANGEID="600702348" NUMBER="110А" OPERTYPEID="10" PREVID="0" NEXTID="0" UPDATEDATE="2024-09-06" STARTDATE="2024-09-06" ENDDATE="2079-06-06" ISACTUAL="1" ISACTIVE="1" /><STEAD ID="68642385" OBJECTID="165113790" OBJECTGUID="6e964f7b-1905-45b4-b445-d27ce524cb0b" CHANGEID="600702349" NUMBER="110" OPERTYPEID="10" PREVID="0" NEXTID="0" UPDATEDATE="2024-09-06" STARTDATE="2024-09-06" ENDDATE="2079-06-06" ISACTUAL="1" ISACTIVE="1" /><STEAD ID="68642386" OBJECTID="165113791" OBJECTGUID="777b3723-a504-424a-8444-540076040396" CHANGEID="600702351" NUMBER="27а" OPERTYPEID="10" PREVID="0" NEXTID="0" UPDATEDATE="2024-09-06" STARTDATE="2024-09-06" ENDDATE="2079-06-06" ISACTUAL="1" ISACTIVE="1" /><STEAD ID="68642387" OBJECTID="165113792" OBJECTGUID="73b06ad9-7120-4804-b4dc-414218759db3" CHANGEID="600702352" NUMBER="27" OPERTYPEID="10" PREVID="0" NEXTID="0" UPDATEDATE="2024-09-06" STARTDATE="2024-09-06" ENDDATE="2079-06-06" ISACTUAL="1" ISACTIVE="1" /><STEAD ID="68642388" OBJECTID="165113793" OBJECTGUID="ef0ef1fd-8c58-425c-a5d7-860e9e6593a5" CHANGEID="600702353" NUMBER="8" OPERTYPEID="10" PREVID="0" NEXTID="0" UPDATEDATE="2024-09-06" STARTDATE="2024-09-06" ENDDATE="2079-06-06" ISACTUAL="1" ISACTIVE="1" /><STEAD ID="68644015" OBJECTID="165116316" OBJECTGUID="7a98f2ea-0198-44ab-9d38-6a5c92578132" CHANGEID="600707323" NUMBER="38" OPERTYPEID="10" PREVID="0" NEXTID="0" UPDATEDATE="2024-09-06" STARTDATE="2024-09-06" ENDDATE="2079-06-06" ISACTUAL="1" ISACTIVE="1" /><STEAD ID="68644018" OBJECTID="165116320" OBJECTGUID="bbe5652d-d639-4788-bb30-a8a8027ba5bc" CHANGEID="600707329" NUMBER="138" OPERTYPEID="10" PREVID="0" NEXTID="0" UPDATEDATE="2024-09-06" STARTDATE="2024-09-06" ENDDATE="2079-06-06" ISACTUAL="1" ISACTIVE="1" /><STEAD ID="68644019" OBJECTID="165116321" OBJECTGUID="7980fa1c-35a2-4f10-97a9-896e0a7d3b47" CHANGEID="600707330" NUMBER="5" OPERTYPEID="10" PREVID="0" NEXTID="0" UPDATEDATE="2024-09-06" STARTDATE="2024-09-06" ENDDATE="2079-06-06" ISACTUAL="1" ISACTIVE="1" /><STEAD ID="68644020" OBJECTID="165116322" OBJECTGUID="9bd6eeb1-826f-499a-b347-51409f759851" CHANGEID="600707334" NUMBER="6" OPERTYPEID="10" PREVID="0" NEXTID="0" UPDATEDATE="2024-09-06" STARTDATE="2024-09-06" ENDDATE="2079-06-06" ISACTUAL="1" ISACTIVE="1" /><STEAD ID="68644021" OBJECTID="165116323" OBJECTGUID="ccd377b3-415d-4ccc-bc6f-62199d48d7ee" CHANGEID="600707337" NUMBER="56" OPERTYPEID="10" PREVID="0" NEXTID="0" UPDATEDATE="2024-09-06" STARTDATE="2024-09-06" ENDDATE="2079-06-06" ISACTUAL="1" ISACTIVE="1" /><STEAD ID="68644023" OBJECTID="165116325" OBJECTGUID="85248f2c-076b-4371-8d56-887228c3335f" CHANGEID="600707344" NUMBER="121" OPERTYPEID="10" PREVID="0" NEXTID="0" UPDATEDATE="2024-09-06" STARTDATE="2024-09-06" ENDDATE="2079-06-06" ISACTUAL="1" ISACTIVE="1" /><STEAD ID="68644022" OBJECTID="165116324" OBJECTGUID="3c9c7192-1a98-4539-a99a-9513ad6ab01f" CHANGEID="600707338" NUMBER="78" OPERTYPEID="10" PREVID="0" NEXTID="0" UPDATEDATE="2024-09-06" STARTDATE="2024-09-06" ENDDATE="2079-06-06" ISACTUAL="1" ISACTIVE="1" /><STEAD ID="68644024" OBJECTID="165116326" OBJECTGUID="9d340d48-0092-4b5c-8179-587e971f5856" CHANGEID="600707348" NUMBER="109" OPERTYPEID="10" PREVID="0" NEXTID="0" UPDATEDATE="2024-09-06" STARTDATE="2024-09-06" ENDDATE="2079-06-06" ISACTUAL="1" ISACTIVE="1" /><STEAD ID="68644025" OBJECTID="165116327" OBJECTGUID="b69547b2-2725-4a4e-8dd0-caffd803d900" CHANGEID="600707356" NUMBER="117" OPERTYPEID="10" PREVID="0" NEXTID="0" UPDATEDATE="2024-09-06" STARTDATE="2024-09-06" ENDDATE="2079-06-06" ISACTUAL="1" ISACTIVE="1" /><STEAD ID="68644027" OBJECTID="165116331" OBJECTGUID="84a62de1-d8b2-465a-b582-7ef878467443" CHANGEID="600707417" NUMBER="18" OPERTYPEID="10" PREVID="0" NEXTID="0" UPDATEDATE="2024-09-06" STARTDATE="2024-09-06" ENDDATE="2079-06-06" ISACTUAL="1" ISACTIVE="1" /><STEAD ID="68659934" OBJECTID="165143507" OBJECTGUID="5c5b8a88-2389-479f-a155-387238e83358" CHANGEID="600780545" NUMBER="41" OPERTYPEID="10" PREVID="0" NEXTID="0" UPDATEDATE="2024-09-09" STARTDATE="2024-09-09" ENDDATE="2079-06-06" ISACTUAL="1" ISACTIVE="1" /><STEAD ID="68659937" OBJECTID="165143513" OBJECTGUID="453f0199-ba46-4fca-83cd-815be429984c" CHANGEID="600780551" NUMBER="84" OPERTYPEID="10" PREVID="0" NEXTID="0" UPDATEDATE="2024-09-09" STARTDATE="2024-09-09" ENDDATE="2079-06-06" ISACTUAL="1" ISACTIVE="1" /><STEAD ID="68659938" OBJECTID="165143515" OBJECTGUID="8bdfcc40-4ee5-4687-adcb-7dd67267f110" CHANGEID="600780553" NUMBER="40" OPERTYPEID="10" PREVID="0" NEXTID="0" UPDATEDATE="2024-09-09" STARTDATE="2024-09-09" ENDDATE="2079-06-06" ISACTUAL="1" ISACTIVE="1" /><STEAD ID="68659935" OBJECTID="165143510" OBJECTGUID="8546fd71-4cdc-4a9a-8bb8-c46fa4177d18" CHANGEID="600780548" NUMBER="103" OPERTYPEID="10" PREVID="0" NEXTID="0" UPDATEDATE="2024-09-09" STARTDATE="2024-09-09" ENDDATE="2079-06-06" ISACTUAL="1" ISACTIVE="1" /><STEAD ID="68659970" OBJECTID="165143549" OBJECTGUID="205f1342-b61a-4fdd-b6d8-2583b984cae1" CHANGEID="600780590" NUMBER="83" OPERTYPEID="10" PREVID="0" NEXTID="0" UPDATEDATE="2024-09-09" STARTDATE="2024-09-09" ENDDATE="2079-06-06" ISACTUAL="1" ISACTIVE="1" /><STEAD ID="68659971" OBJECTID="165143550" OBJECTGUID="3c92fecb-f759-40d6-b4e4-8021898052c8" CHANGEID="600780592" NUMBER="9" OPERTYPEID="10" PREVID="0" NEXTID="0" UPDATEDATE="2024-09-09" STARTDATE="2024-09-09" ENDDATE="2079-06-06" ISACTUAL="1" ISACTIVE="1" /><STEAD ID="68659973" OBJECTID="165143552" OBJECTGUID="5a3a736c-190b-4b50-ace1-f0b43c7e6ebb" CHANGEID="600780594" NUMBER="23" OPERTYPEID="10" PREVID="0" NEXTID="0" UPDATEDATE="2024-09-09" STARTDATE="2024-09-09" ENDDATE="2079-06-06" ISACTUAL="1" ISACTIVE="1" /><STEAD ID="68659979" OBJECTID="165143561" OBJECTGUID="31accdd3-98b0-4a44-b6ac-2780df09f38d" CHANGEID="600780604" NUMBER="30" OPERTYPEID="10" PREVID="0" NEXTID="0" UPDATEDATE="2024-09-09" STARTDATE="2024-09-09" ENDDATE="2079-06-06" ISACTUAL="1" ISACTIVE="1" /><STEAD ID="68659984" OBJECTID="165143568" OBJECTGUID="06547bf2-8cf4-49df-b9b1-3d71ce0db846" CHANGEID="600780612" NUMBER="54" OPERTYPEID="10" PREVID="0" NEXTID="0" UPDATEDATE="2024-09-09" STARTDATE="2024-09-09" ENDDATE="2079-06-06" ISACTUAL="1" ISACTIVE="1" /><STEAD ID="68659987" OBJECTID="165143571" OBJECTGUID="d55fd7d2-12d6-41b0-8dae-9994a1d6fa3d" CHANGEID="600780617" NUMBER="11" OPERTYPEID="10" PREVID="0" NEXTID="0" UPDATEDATE="2024-09-09" STARTDATE="2024-09-09" ENDDATE="2079-06-06" ISACTUAL="1" ISACTIVE="1" /><STEAD ID="68659992" OBJECTID="165143577" OBJECTGUID="fce72037-23da-4f94-b2b4-5608379ae7ba" CHANGEID="600780625" NUMBER="56" OPERTYPEID="10" PREVID="0" NEXTID="0" UPDATEDATE="2024-09-09" STARTDATE="2024-09-09" ENDDATE="2079-06-06" ISACTUAL="1" ISACTIVE="1" /><STEAD ID="68659998" OBJECTID="165143585" OBJECTGUID="3e7c858c-a0a8-496f-bdfa-971a5a85ad14" CHANGEID="600780635" NUMBER="18" OPERTYPEID="10" PREVID="0" NEXTID="0" UPDATEDATE="2024-09-09" STARTDATE="2024-09-09" ENDDATE="2079-06-06" ISACTUAL="1" ISACTIVE="1" /><STEAD ID="68659999" OBJECTID="165143586" OBJECTGUID="bc230236-10ee-4cdc-9787-f62212799907" CHANGEID="600780652" NUMBER="28" OPERTYPEID="10" PREVID="0" NEXTID="0" UPDATEDATE="2024-09-09" STARTDATE="2024-09-09" ENDDATE="2079-06-06" ISACTUAL="1" ISACTIVE="1" /><STEAD ID="68659965" OBJECTID="165143543" OBJECTGUID="5136c2c9-f6c4-486c-b5b3-b1352da09658" CHANGEID="600780583" NUMBER="232" OPERTYPEID="10" PREVID="0" NEXTID="0" UPDATEDATE="2024-09-09" STARTDATE="2024-09-09" ENDDATE="2079-06-06" ISACTUAL="1" ISACTIVE="1" /><STEAD ID="68659966" OBJECTID="165143544" OBJECTGUID="aad09d41-7900-44c8-8399-d4332fef73e2" CHANGEID="600780585" NUMBER="1" OPERTYPEID="10" PREVID="0" NEXTID="0" UPDATEDATE="2024-09-09" STARTDATE="2024-09-09" ENDDATE="2079-06-06" ISACTUAL="1" ISACTIVE="1" /><STEAD ID="68659969" OBJECTID="165143548" OBJECTGUID="bf70a178-6c4b-4cbb-9fc5-8ed65cf5d239" CHANGEID="600780589" NUMBER="28" OPERTYPEID="10" PREVID="0" NEXTID="0" UPDATEDATE="2024-09-09" STARTDATE="2024-09-09" ENDDATE="2079-06-06" ISACTUAL="1" ISACTIVE="1" /><STEAD ID="68659975" OBJECTID="165143555" OBJECTGUID="d86d0913-a078-4241-b648-69a697541066" CHANGEID="600780597" NUMBER="106" OPERTYPEID="10" PREVID="0" NEXTID="0" UPDATEDATE="2024-09-09" STARTDATE="2024-09-09" ENDDATE="2079-06-06" ISACTUAL="1" ISACTIVE="1" /><STEAD ID="68659976" OBJECTID="165143557" OBJECTGUID="c9f4a144-fd5e-445b-9775-032e28a7ea20" CHANGEID="600780599" NUMBER="20" OPERTYPEID="10" PREVID="0" NEXTID="0" UPDATEDATE="2024-09-09" STARTDATE="2024-09-09" ENDDATE="2079-06-06" ISACTUAL="1" ISACTIVE="1" /><STEAD ID="68659977" OBJECTID="165143558" OBJECTGUID="f86f9658-2c65-4ae2-9f5f-0b38250bd9f6" CHANGEID="600780601" NUMBER="79" OPERTYPEID="10" PREVID="0" NEXTID="0" UPDATEDATE="2024-09-09" STARTDATE="2024-09-09" ENDDATE="2079-06-06" ISACTUAL="1" ISACTIVE="1" /><STEAD ID="68659982" OBJECTID="165143566" OBJECTGUID="06ef852a-461a-493a-9fb3-3bfba91494cf" CHANGEID="600780609" NUMBER="84" OPERTYPEID="10" PREVID="0" NEXTID="0" UPDATEDATE="2024-09-09" STARTDATE="2024-09-09" ENDDATE="2079-06-06" ISACTUAL="1" ISACTIVE="1" /><STEAD ID="68659985" OBJECTID="165143569" OBJECTGUID="bfb0adb5-babc-426d-b8c6-1fcec9f10cc3" CHANGEID="600780613" NUMBER="28" OPERTYPEID="10" PREVID="0" NEXTID="0" UPDATEDATE="2024-09-09" STARTDATE="2024-09-09" ENDDATE="2079-06-06" ISACTUAL="1" ISACTIVE="1" /><STEAD ID="68659989" OBJECTID="165143574" OBJECTGUID="a7761dfb-346b-4b24-9b0e-aca33c05f487" CHANGEID="600780620" NUMBER="1" OPERTYPEID="10" PREVID="0" NEXTID="0" UPDATEDATE="2024-09-09" STARTDATE="2024-09-09" ENDDATE="2079-06-06" ISACTUAL="1" ISACTIVE="1" /><STEAD ID="68659991" OBJECTID="165143576" OBJECTGUID="240c66bd-882c-4c0d-8160-50d866ddae91" CHANGEID="600780624" NUMBER="18б" OPERTYPEID="10" PREVID="0" NEXTID="0" UPDATEDATE="2024-09-09" STARTDATE="2024-09-09" ENDDATE="2079-06-06" ISACTUAL="1" ISACTIVE="1" /><STEAD ID="68659994" OBJECTID="165143579" OBJECTGUID="8ceea3a2-1435-44ae-b479-bdaf3df12ed8" CHANGEID="600780628" NUMBER="27" OPERTYPEID="10" PREVID="0" NEXTID="0" UPDATEDATE="2024-09-09" STARTDATE="2024-09-09" ENDDATE="2079-06-06" ISACTUAL="1" ISACTIVE="1" /><STEAD ID="68677359" OBJECTID="165172938" OBJECTGUID="b7eb31f1-ac70-4218-8ae6-d2d8ad37ea55" CHANGEID="600831347" NUMBER="5" OPERTYPEID="10" PREVID="0" NEXTID="0" UPDATEDATE="2024-09-10" STARTDATE="2024-09-10" ENDDATE="2079-06-06" ISACTUAL="1" ISACTIVE="1" /><STEAD ID="68677361" OBJECTID="165172940" OBJECTGUID="31ba4916-00e0-4be1-9bde-05b3ca460799" CHANGEID="600831349" NUMBER="8" OPERTYPEID="10" PREVID="0" NEXTID="0" UPDATEDATE="2024-09-10" STARTDATE="2024-09-10" ENDDATE="2079-06-06" ISACTUAL="1" ISACTIVE="1" /><STEAD ID="68677363" OBJECTID="165172942" OBJECTGUID="c9283631-6b6d-4e45-b6aa-9cd0236da82f" CHANGEID="600831351" NUMBER="11" OPERTYPEID="10" PREVID="0" NEXTID="0" UPDATEDATE="2024-09-10" STARTDATE="2024-09-10" ENDDATE="2079-06-06" ISACTUAL="1" ISACTIVE="1" /><STEAD ID="68677365" OBJECTID="165172944" OBJECTGUID="b3f24276-f3dc-4940-85a6-6b7f7147eb24" CHANGEID="600831353" NUMBER="33" OPERTYPEID="10" PREVID="0" NEXTID="0" UPDATEDATE="2024-09-10" STARTDATE="2024-09-10" ENDDATE="2079-06-06" ISACTUAL="1" ISACTIVE="1" /><STEAD ID="68677367" OBJECTID="165172946" OBJECTGUID="32664c92-da22-4345-baa4-3e1739bbf820" CHANGEID="600831355" NUMBER="62" OPERTYPEID="10" PREVID="0" NEXTID="0" UPDATEDATE="2024-09-10" STARTDATE="2024-09-10" ENDDATE="2079-06-06" ISACTUAL="1" ISACTIVE="1" /><STEAD ID="68677369" OBJECTID="165172948" OBJECTGUID="1efcf9ec-02db-4a8a-9cb6-1d9669e7d7a7" CHANGEID="600831357" NUMBER="65" OPERTYPEID="10" PREVID="0" NEXTID="0" UPDATEDATE="2024-09-10" STARTDATE="2024-09-10" ENDDATE="2079-06-06" ISACTUAL="1" ISACTIVE="1" /><STEAD ID="68677371" OBJECTID="165172950" OBJECTGUID="3ec54ef3-0cd2-49b0-a0f4-e91cb20a10c3" CHANGEID="600831359" NUMBER="82" OPERTYPEID="10" PREVID="0" NEXTID="0" UPDATEDATE="2024-09-10" STARTDATE="2024-09-10" ENDDATE="2079-06-06" ISACTUAL="1" ISACTIVE="1" /><STEAD ID="68677373" OBJECTID="165172952" OBJECTGUID="907e207c-06dd-4899-ab0a-89866db1f6a6" CHANGEID="600831361" NUMBER="36" OPERTYPEID="10" PREVID="0" NEXTID="0" UPDATEDATE="2024-09-10" STARTDATE="2024-09-10" ENDDATE="2079-06-06" ISACTUAL="1" ISACTIVE="1" /><STEAD ID="68677360" OBJECTID="165172939" OBJECTGUID="c248d63e-a1ae-4111-8d25-b76bd694d20d" CHANGEID="600831348" NUMBER="13" OPERTYPEID="10" PREVID="0" NEXTID="0" UPDATEDATE="2024-09-10" STARTDATE="2024-09-10" ENDDATE="2079-06-06" ISACTUAL="1" ISACTIVE="1" /><STEAD ID="68677362" OBJECTID="165172941" OBJECTGUID="48257337-53e9-4440-9e85-f520d1eb59bf" CHANGEID="600831350" NUMBER="47" OPERTYPEID="10" PREVID="0" NEXTID="0" UPDATEDATE="2024-09-10" STARTDATE="2024-09-10" ENDDATE="2079-06-06" ISACTUAL="1" ISACTIVE="1" /><STEAD ID="68677364" OBJECTID="165172943" OBJECTGUID="90b07804-8b15-4adc-a3c7-7f654578ca78" CHANGEID="600831352" NUMBER="99" OPERTYPEID="10" PREVID="0" NEXTID="0" UPDATEDATE="2024-09-10" STARTDATE="2024-09-10" ENDDATE="2079-06-06" ISACTUAL="1" ISACTIVE="1" /><STEAD ID="68677366" OBJECTID="165172945" OBJECTGUID="3b96bf1e-3b8f-4e12-ba12-ef6819235187" CHANGEID="600831354" NUMBER="81" OPERTYPEID="10" PREVID="0" NEXTID="0" UPDATEDATE="2024-09-10" STARTDATE="2024-09-10" ENDDATE="2079-06-06" ISACTUAL="1" ISACTIVE="1" /><STEAD ID="68677368" OBJECTID="165172947" OBJECTGUID="b8020dc4-a890-407a-9dc9-3f7184ab3454" CHANGEID="600831356" NUMBER="91" OPERTYPEID="10" PREVID="0" NEXTID="0" UPDATEDATE="2024-09-10" STARTDATE="2024-09-10" ENDDATE="2079-06-06" ISACTUAL="1" ISACTIVE="1" /><STEAD ID="68677370" OBJECTID="165172949" OBJECTGUID="eeb2d469-f233-41fb-874b-db3b61f38319" CHANGEID="600831358" NUMBER="47" OPERTYPEID="10" PREVID="0" NEXTID="0" UPDATEDATE="2024-09-10" STARTDATE="2024-09-10" ENDDATE="2079-06-06" ISACTUAL="1" ISACTIVE="1" /><STEAD ID="68677372" OBJECTID="165172951" OBJECTGUID="0e922445-ad98-452a-b82a-886d9c28401d" CHANGEID="600831360" NUMBER="5" OPERTYPEID="10" PREVID="0" NEXTID="0" UPDATEDATE="2024-09-10" STARTDATE="2024-09-10" ENDDATE="2079-06-06" ISACTUAL="1" ISACTIVE="1" /><STEAD ID="68678065" OBJECTID="165173954" OBJECTGUID="8cc77730-6eb0-449e-9d48-8be75f6b482e" CHANGEID="600833053" NUMBER="2А" OPERTYPEID="10" PREVID="0" NEXTID="0" UPDATEDATE="2024-09-10" STARTDATE="2024-09-10" ENDDATE="2079-06-06" ISACTUAL="1" ISACTIVE="1" /><STEAD ID="68678162" OBJECTID="165173985" OBJECTGUID="0b444719-45b4-4dfa-9304-a0e937532254" CHANGEID="600833173" NUMBER="12" OPERTYPEID="10" PREVID="0" NEXTID="0" UPDATEDATE="2024-09-10" STARTDATE="2024-09-10" ENDDATE="2079-06-06" ISACTUAL="1" ISACTIVE="1" /><STEAD ID="68700353" OBJECTID="165214579" OBJECTGUID="2d6e95ab-8765-4641-b70a-60528da01ce6" CHANGEID="600919288" NUMBER="30" OPERTYPEID="10" PREVID="0" NEXTID="0" UPDATEDATE="2024-09-11" STARTDATE="2024-09-11" ENDDATE="2079-06-06" ISACTUAL="1" ISACTIVE="1" /><STEAD ID="68701167" OBJECTID="165215686" OBJECTGUID="677890bf-3f31-4fb1-85cc-2350ed5c549b" CHANGEID="600921873" NUMBER="72" OPERTYPEID="10" PREVID="0" NEXTID="0" UPDATEDATE="2024-09-11" STARTDATE="2024-09-11" ENDDATE="2079-06-06" ISACTUAL="1" ISACTIVE="1" /><STEAD ID="68701169" OBJECTID="165215688" OBJECTGUID="a1ae8198-1849-40cb-b26c-8e533a4b0792" CHANGEID="600921875" NUMBER="71" OPERTYPEID="10" PREVID="0" NEXTID="0" UPDATEDATE="2024-09-11" STARTDATE="2024-09-11" ENDDATE="2079-06-06" ISACTUAL="1" ISACTIVE="1" /><STEAD ID="68701171" OBJECTID="165215690" OBJECTGUID="c4dd979d-6908-4d89-9c9f-6872175ca545" CHANGEID="600921877" NUMBER="40" OPERTYPEID="10" PREVID="0" NEXTID="0" UPDATEDATE="2024-09-11" STARTDATE="2024-09-11" ENDDATE="2079-06-06" ISACTUAL="1" ISACTIVE="1" /><STEAD ID="68701173" OBJECTID="165215692" OBJECTGUID="9067b759-7cf9-4948-8efc-18ee8d7ce5d3" CHANGEID="600921879" NUMBER="12а" OPERTYPEID="10" PREVID="0" NEXTID="0" UPDATEDATE="2024-09-11" STARTDATE="2024-09-11" ENDDATE="2079-06-06" ISACTUAL="1" ISACTIVE="1" /><STEAD ID="68701175" OBJECTID="165215694" OBJECTGUID="be7d5e50-526d-414d-86b5-c626ff6e6f2d" CHANGEID="600921881" NUMBER="24" OPERTYPEID="10" PREVID="0" NEXTID="0" UPDATEDATE="2024-09-11" STARTDATE="2024-09-11" ENDDATE="2079-06-06" ISACTUAL="1" ISACTIVE="1" /><STEAD ID="68701177" OBJECTID="165215696" OBJECTGUID="a13e5cc7-a556-4e1e-991c-8378a60e9285" CHANGEID="600921883" NUMBER="40" OPERTYPEID="10" PREVID="0" NEXTID="0" UPDATEDATE="2024-09-11" STARTDATE="2024-09-11" ENDDATE="2079-06-06" ISACTUAL="1" ISACTIVE="1" /><STEAD ID="68701168" OBJECTID="165215687" OBJECTGUID="3d2de373-2858-492a-9049-84802558db69" CHANGEID="600921874" NUMBER="106" OPERTYPEID="10" PREVID="0" NEXTID="0" UPDATEDATE="2024-09-11" STARTDATE="2024-09-11" ENDDATE="2079-06-06" ISACTUAL="1" ISACTIVE="1" /><STEAD ID="68701170" OBJECTID="165215689" OBJECTGUID="303784aa-9390-475d-b173-7fd5c46e22fd" CHANGEID="600921876" NUMBER="30" OPERTYPEID="10" PREVID="0" NEXTID="0" UPDATEDATE="2024-09-11" STARTDATE="2024-09-11" ENDDATE="2079-06-06" ISACTUAL="1" ISACTIVE="1" /><STEAD ID="68701172" OBJECTID="165215691" OBJECTGUID="276a6138-f118-4f6a-b212-d0b176bf6a4e" CHANGEID="600921878" NUMBER="61" OPERTYPEID="10" PREVID="0" NEXTID="0" UPDATEDATE="2024-09-11" STARTDATE="2024-09-11" ENDDATE="2079-06-06" ISACTUAL="1" ISACTIVE="1" /><STEAD ID="68701174" OBJECTID="165215693" OBJECTGUID="01d2eed9-bc38-4b0e-888f-0ad7eb0bd9e9" CHANGEID="600921880" NUMBER="11" OPERTYPEID="10" PREVID="0" NEXTID="0" UPDATEDATE="2024-09-11" STARTDATE="2024-09-11" ENDDATE="2079-06-06" ISACTUAL="1" ISACTIVE="1" /><STEAD ID="68701176" OBJECTID="165215695" OBJECTGUID="62d3b232-2eab-4eaa-82ab-85ef5ff6b68a" CHANGEID="600921882" NUMBER="53" OPERTYPEID="10" PREVID="0" NEXTID="0" UPDATEDATE="2024-09-11" STARTDATE="2024-09-11" ENDDATE="2079-06-06" ISACTUAL="1" ISACTIVE="1" /><STEAD ID="68701178" OBJECTID="165215697" OBJECTGUID="343f594c-ad8f-4881-938d-75807c07f152" CHANGEID="600921884" NUMBER="19" OPERTYPEID="10" PREVID="0" NEXTID="0" UPDATEDATE="2024-09-11" STARTDATE="2024-09-11" ENDDATE="2079-06-06" ISACTUAL="1" ISACTIVE="1" /><STEAD ID="68701180" OBJECTID="165215699" OBJECTGUID="a17833fd-bd3d-412f-8480-685ff6ee3b56" CHANGEID="600921886" NUMBER="149" OPERTYPEID="10" PREVID="0" NEXTID="0" UPDATEDATE="2024-09-11" STARTDATE="2024-09-11" ENDDATE="2079-06-06" ISACTUAL="1" ISACTIVE="1" /><STEAD ID="68701182" OBJECTID="165215701" OBJECTGUID="c469fbd6-c691-42e2-9af1-8af3741c678b" CHANGEID="600921888" NUMBER="3" OPERTYPEID="10" PREVID="0" NEXTID="0" UPDATEDATE="2024-09-11" STARTDATE="2024-09-11" ENDDATE="2079-06-06" ISACTUAL="1" ISACTIVE="1" /><STEAD ID="68701179" OBJECTID="165215698" OBJECTGUID="78e5ec80-7b76-48b1-95a0-6a55583b5cf6" CHANGEID="600921885" NUMBER="34" OPERTYPEID="10" PREVID="0" NEXTID="0" UPDATEDATE="2024-09-11" STARTDATE="2024-09-11" ENDDATE="2079-06-06" ISACTUAL="1" ISACTIVE="1" /><STEAD ID="68701181" OBJECTID="165215700" OBJECTGUID="30607256-0008-4b69-9fbb-24ad6e938efe" CHANGEID="600921887" NUMBER="8" OPERTYPEID="10" PREVID="0" NEXTID="0" UPDATEDATE="2024-09-11" STARTDATE="2024-09-11" ENDDATE="2079-06-06" ISACTUAL="1" ISACTIVE="1" /><STEAD ID="68701945" OBJECTID="165217203" OBJECTGUID="7fa2a82d-022f-43dd-a161-5d6353e6b317" CHANGEID="600924119" NUMBER="51" OPERTYPEID="10" PREVID="0" NEXTID="0" UPDATEDATE="2024-09-11" STARTDATE="2024-09-11" ENDDATE="2079-06-06" ISACTUAL="1" ISACTIVE="1" /><STEAD ID="68701946" OBJECTID="165217204" OBJECTGUID="2ff5c84e-9180-47e9-81bd-9e8c3ac5851e" CHANGEID="600924120" NUMBER="174а" OPERTYPEID="10" PREVID="0" NEXTID="0" UPDATEDATE="2024-09-11" STARTDATE="2024-09-11" ENDDATE="2079-06-06" ISACTUAL="1" ISACTIVE="1" /><STEAD ID="68701947" OBJECTID="165217205" OBJECTGUID="b8ab987f-bcf6-47aa-9b0d-be676503de38" CHANGEID="600924121" NUMBER="159" OPERTYPEID="10" PREVID="0" NEXTID="0" UPDATEDATE="2024-09-11" STARTDATE="2024-09-11" ENDDATE="2079-06-06" ISACTUAL="1" ISACTIVE="1" /><STEAD ID="68701948" OBJECTID="165217206" OBJECTGUID="05b208ad-7944-495f-aa85-e61d234a4a1a" CHANGEID="600924123" NUMBER="165" OPERTYPEID="10" PREVID="0" NEXTID="0" UPDATEDATE="2024-09-11" STARTDATE="2024-09-11" ENDDATE="2079-06-06" ISACTUAL="1" ISACTIVE="1" /><STEAD ID="68701949" OBJECTID="165217207" OBJECTGUID="53b3ca8f-c9c0-4239-a421-b51a0de4508d" CHANGEID="600924124" NUMBER="17" OPERTYPEID="10" PREVID="0" NEXTID="0" UPDATEDATE="2024-09-11" STARTDATE="2024-09-11" ENDDATE="2079-06-06" ISACTUAL="1" ISACTIVE="1" /><STEAD ID="68701950" OBJECTID="165217208" OBJECTGUID="f0c29b38-3048-4907-82ce-07ebe4e2a6a1" CHANGEID="600924125" NUMBER="8" OPERTYPEID="10" PREVID="0" NEXTID="0" UPDATEDATE="2024-09-11" STARTDATE="2024-09-11" ENDDATE="2079-06-06" ISACTUAL="1" ISACTIVE="1" /><STEAD ID="68701951" OBJECTID="165217209" OBJECTGUID="a5d3233e-f38e-4223-a501-7d73542f6d4c" CHANGEID="600924126" NUMBER="16" OPERTYPEID="10" PREVID="0" NEXTID="0" UPDATEDATE="2024-09-11" STARTDATE="2024-09-11" ENDDATE="2079-06-06" ISACTUAL="1" ISACTIVE="1" /><STEAD ID="68701952" OBJECTID="165217210" OBJECTGUID="7e8162b3-1b6f-489a-9717-3d54482e4ba2" CHANGEID="600924127" NUMBER="18" OPERTYPEID="10" PREVID="0" NEXTID="0" UPDATEDATE="2024-09-11" STARTDATE="2024-09-11" ENDDATE="2079-06-06" ISACTUAL="1" ISACTIVE="1" /><STEAD ID="68702657" OBJECTID="165218268" OBJECTGUID="8f8bfd6a-03ea-42a9-8493-5b89c5928c38" CHANGEID="600925751" NUMBER="32" OPERTYPEID="10" PREVID="0" NEXTID="0" UPDATEDATE="2024-09-11" STARTDATE="2024-09-11" ENDDATE="2079-06-06" ISACTUAL="1" ISACTIVE="1" /><STEAD ID="68702658" OBJECTID="165218269" OBJECTGUID="42000883-b0da-4e2c-a612-f72ac7a7f48e" CHANGEID="600925752" NUMBER="30" OPERTYPEID="10" PREVID="0" NEXTID="0" UPDATEDATE="2024-09-11" STARTDATE="2024-09-11" ENDDATE="2079-06-06" ISACTUAL="1" ISACTIVE="1" /></STEADS>