﻿<?xml version="1.0" encoding="utf-8"?><HOUSES><HOUSE ID="56980991" OBJECTID="76324144" OBJECTGUID="4f104bb2-02dc-47e1-ab97-b0d76193cfdf" CHANGEID="113532874" HOUSENUM="6" HOUSETYPE="2" OPERTYPEID="20" PREVID="46108193" NEXTID="126747643" UPDATEDATE="2024-09-10" STARTDATE="2014-01-04" ENDDATE="2024-09-10" ISACTUAL="0" ISACTIVE="0" /><HOUSE ID="57828374" OBJECTID="71905354" OBJECTGUID="5b04bc0e-b3e6-420e-a8aa-4b3e77737873" CHANGEID="107087727" HOUSENUM="8" HOUSETYPE="2" OPERTYPEID="20" PREVID="43379279" NEXTID="126748449" UPDATEDATE="2024-09-10" STARTDATE="2014-01-04" ENDDATE="2024-09-10" ISACTUAL="0" ISACTIVE="0" /><HOUSE ID="59542956" OBJECTID="24921748" OBJECTGUID="7336eb4f-033a-4f7f-bb43-202f90b7cea6" CHANGEID="38600968" HOUSENUM="77" HOUSETYPE="2" OPERTYPEID="20" PREVID="14742142" NEXTID="126755570" UPDATEDATE="2024-09-11" STARTDATE="2017-10-03" ENDDATE="2024-09-11" ISACTUAL="0" ISACTIVE="0" /><HOUSE ID="59820288" OBJECTID="42776629" OBJECTGUID="771db044-92ff-453f-b659-081f2260b737" CHANGEID="64594701" HOUSENUM="12" HOUSETYPE="2" OPERTYPEID="20" PREVID="25547994" NEXTID="126734590" UPDATEDATE="2024-09-06" STARTDATE="2015-09-03" ENDDATE="2024-09-06" ISACTUAL="0" ISACTIVE="0" /><HOUSE ID="65320363" OBJECTID="79281676" OBJECTGUID="c4c26b7a-1ea3-41ed-88dc-0ee7a34271b8" CHANGEID="117840958" HOUSENUM="4" HOUSETYPE="2" OPERTYPEID="20" PREVID="47913572" NEXTID="126758897" UPDATEDATE="2024-09-11" STARTDATE="2014-01-04" ENDDATE="2024-09-11" ISACTUAL="0" ISACTIVE="0" /><HOUSE ID="66487292" OBJECTID="58684364" OBJECTGUID="d53e6b13-9bc4-4689-a52b-056234e81076" CHANGEID="87693934" HOUSENUM="73" HOUSETYPE="2" OPERTYPEID="20" PREVID="35142491" NEXTID="126749360" UPDATEDATE="2024-09-10" STARTDATE="2015-09-02" ENDDATE="2024-09-10" ISACTUAL="0" ISACTIVE="0" /><HOUSE ID="67794224" OBJECTID="49827938" OBJECTGUID="e7b8366c-67c0-4ff3-803e-e36f313e9bc1" CHANGEID="74814828" HOUSENUM="10" HOUSETYPE="2" OPERTYPEID="20" PREVID="29802611" NEXTID="126724952" UPDATEDATE="2024-09-05" STARTDATE="2017-10-03" ENDDATE="2024-09-05" ISACTUAL="0" ISACTIVE="0" /><HOUSE ID="68919477" OBJECTID="27174567" OBJECTGUID="f79e72c0-f102-4513-836c-94aca4a36244" CHANGEID="41915828" HOUSENUM="2" HOUSETYPE="2" OPERTYPEID="20" PREVID="16149731" NEXTID="126732595" UPDATEDATE="2024-09-06" STARTDATE="2014-01-04" ENDDATE="2024-09-06" ISACTUAL="0" ISACTIVE="0" /><HOUSE ID="63480177" OBJECTID="83371364" OBJECTGUID="aac9c7d1-91f3-4a4d-ae60-ae77000831dc" CHANGEID="123843715" HOUSENUM="10" HOUSETYPE="2" OPERTYPEID="20" PREVID="50457711" NEXTID="126755964" UPDATEDATE="2024-09-11" STARTDATE="2017-10-03" ENDDATE="2024-09-11" ISACTUAL="0" ISACTIVE="0" /><HOUSE ID="49479459" OBJECTID="81753469" OBJECTGUID="db3b545b-7515-49be-92f6-d5676bd38c01" CHANGEID="121480491" HOUSENUM="16" HOUSETYPE="2" OPERTYPEID="10" PREVID="0" NEXTID="126724838" UPDATEDATE="2024-09-05" STARTDATE="2014-09-11" ENDDATE="2024-09-05" ISACTUAL="0" ISACTIVE="0" /><HOUSE ID="54333298" OBJECTID="78085131" OBJECTGUID="29ad8235-e9a3-441f-91a6-c682499d4af2" CHANGEID="116093751" HOUSENUM="10" HOUSETYPE="2" OPERTYPEID="20" PREVID="47178712" NEXTID="126731949" UPDATEDATE="2024-09-06" STARTDATE="2015-09-03" ENDDATE="2024-09-06" ISACTUAL="0" ISACTIVE="0" /><HOUSE ID="126724838" OBJECTID="81753469" OBJECTGUID="db3b545b-7515-49be-92f6-d5676bd38c01" CHANGEID="600508413" HOUSENUM="16" HOUSETYPE="2" OPERTYPEID="30" PREVID="49479459" NEXTID="0" UPDATEDATE="2024-09-05" STARTDATE="2024-09-05" ENDDATE="2079-06-06" ISACTUAL="1" ISACTIVE="0" /><HOUSE ID="126724841" OBJECTID="165058276" OBJECTGUID="292617e4-cf0b-4ad9-839a-e87675d47453" CHANGEID="600508454" HOUSENUM="4/1" HOUSETYPE="2" OPERTYPEID="10" PREVID="0" NEXTID="0" UPDATEDATE="2024-09-05" STARTDATE="2024-09-05" ENDDATE="2079-06-06" ISACTUAL="1" ISACTIVE="1" /><HOUSE ID="126724863" OBJECTID="165058298" OBJECTGUID="54cbbcaf-1bf5-4094-a168-86e099a19e2a" CHANGEID="600508476" HOUSENUM="4/2" HOUSETYPE="2" OPERTYPEID="10" PREVID="0" NEXTID="0" UPDATEDATE="2024-09-05" STARTDATE="2024-09-05" ENDDATE="2079-06-06" ISACTUAL="1" ISACTIVE="1" /><HOUSE ID="126724952" OBJECTID="49827938" OBJECTGUID="e7b8366c-67c0-4ff3-803e-e36f313e9bc1" CHANGEID="600509188" HOUSENUM="10" HOUSETYPE="2" OPERTYPEID="30" PREVID="67794224" NEXTID="0" UPDATEDATE="2024-09-05" STARTDATE="2024-09-05" ENDDATE="2079-06-06" ISACTUAL="1" ISACTIVE="0" /><HOUSE ID="126725129" OBJECTID="165060241" OBJECTGUID="c169e151-ddcc-41f9-923c-921f28d95576" CHANGEID="600511039" HOUSENUM="71" HOUSETYPE="2" OPERTYPEID="10" PREVID="0" NEXTID="0" UPDATEDATE="2024-09-05" STARTDATE="2024-09-05" ENDDATE="2079-06-06" ISACTUAL="1" ISACTIVE="1" /><HOUSE ID="126725126" OBJECTID="165060219" OBJECTGUID="50074dd0-a748-4ac5-b9af-627ed4c3bd85" CHANGEID="600511007" HOUSENUM="36А" HOUSETYPE="2" OPERTYPEID="10" PREVID="0" NEXTID="0" UPDATEDATE="2024-09-05" STARTDATE="2024-09-05" ENDDATE="2079-06-06" ISACTUAL="1" ISACTIVE="1" /><HOUSE ID="126725459" OBJECTID="165061509" OBJECTGUID="eb453016-5faf-4e56-a52c-894a05151055" CHANGEID="600513170" HOUSENUM="564/1" HOUSETYPE="7" OPERTYPEID="10" PREVID="0" NEXTID="0" UPDATEDATE="2024-09-05" STARTDATE="2024-09-05" ENDDATE="2079-06-06" ISACTUAL="1" ISACTIVE="1" /><HOUSE ID="126725678" OBJECTID="165062674" OBJECTGUID="91d8477a-2891-4423-aa9a-b818294bc3c8" CHANGEID="600515036" HOUSENUM="25/А" HOUSETYPE="2" OPERTYPEID="10" PREVID="0" NEXTID="0" UPDATEDATE="2024-09-05" STARTDATE="2024-09-05" ENDDATE="2079-06-06" ISACTUAL="1" ISACTIVE="1" /><HOUSE ID="126725914" OBJECTID="165063848" OBJECTGUID="15b9a65e-0076-4bf4-8c9f-066a8e9c5168" CHANGEID="600516913" HOUSENUM="19" HOUSETYPE="2" OPERTYPEID="10" PREVID="0" NEXTID="0" UPDATEDATE="2024-09-05" STARTDATE="2024-09-05" ENDDATE="2079-06-06" ISACTUAL="1" ISACTIVE="1" /><HOUSE ID="126725915" OBJECTID="165063850" OBJECTGUID="3f72b181-a99e-47d5-ad7f-0618fa2e2eba" CHANGEID="600516917" HOUSENUM="28" HOUSETYPE="2" OPERTYPEID="10" PREVID="0" NEXTID="0" UPDATEDATE="2024-09-05" STARTDATE="2024-09-05" ENDDATE="2079-06-06" ISACTUAL="1" ISACTIVE="1" /><HOUSE ID="126726550" OBJECTID="165067233" OBJECTGUID="a503a88c-ce51-4bea-a1e6-2411f6565b9b" CHANGEID="600522806" HOUSENUM="9А" HOUSETYPE="2" OPERTYPEID="10" PREVID="0" NEXTID="0" UPDATEDATE="2024-09-05" STARTDATE="2024-09-05" ENDDATE="2079-06-06" ISACTUAL="1" ISACTIVE="1" /><HOUSE ID="124364866" OBJECTID="158957852" OBJECTGUID="4909b35b-abf5-4162-9984-541de7702cb5" CHANGEID="502284803" HOUSENUM="18" ADDNUM1="1" HOUSETYPE="2" ADDTYPE1="1" OPERTYPEID="10" PREVID="0" NEXTID="126727112" UPDATEDATE="2024-09-05" STARTDATE="2023-05-25" ENDDATE="2024-09-05" ISACTUAL="0" ISACTIVE="0" /><HOUSE ID="126727112" OBJECTID="158957852" OBJECTGUID="4909b35b-abf5-4162-9984-541de7702cb5" CHANGEID="600525854" HOUSENUM="18/1" HOUSETYPE="2" OPERTYPEID="20" PREVID="124364866" UPDATEDATE="2024-09-05" STARTDATE="2024-09-05" ENDDATE="2079-06-06" ISACTUAL="1" ISACTIVE="1" /><HOUSE ID="126727121" OBJECTID="165069224" OBJECTGUID="3c47f8a2-58ee-4de1-8c7b-ab4619703691" CHANGEID="600525896" HOUSENUM="36А" HOUSETYPE="7" OPERTYPEID="10" PREVID="0" NEXTID="0" UPDATEDATE="2024-09-05" STARTDATE="2024-09-05" ENDDATE="2079-06-06" ISACTUAL="1" ISACTIVE="1" /><HOUSE ID="126727119" OBJECTID="165069221" OBJECTGUID="709abb4a-baac-4000-9391-45f4d007fdab" CHANGEID="600525893" HOUSENUM="23" HOUSETYPE="2" OPERTYPEID="10" PREVID="0" NEXTID="0" UPDATEDATE="2024-09-05" STARTDATE="2024-09-05" ENDDATE="2079-06-06" ISACTUAL="1" ISACTIVE="1" /><HOUSE ID="126727120" OBJECTID="165069223" OBJECTGUID="f5f7bad6-34ba-499d-8d28-ab1747e265bf" CHANGEID="600525895" HOUSENUM="43" HOUSETYPE="2" OPERTYPEID="10" PREVID="0" NEXTID="0" UPDATEDATE="2024-09-05" STARTDATE="2024-09-05" ENDDATE="2079-06-06" ISACTUAL="1" ISACTIVE="1" /><HOUSE ID="126728354" OBJECTID="13841182" OBJECTGUID="e5192650-556e-45df-a843-4e94a15bb232" CHANGEID="600534849" HOUSENUM="17" HOUSETYPE="2" OPERTYPEID="30" PREVID="67608942" NEXTID="0" UPDATEDATE="2024-09-05" STARTDATE="2024-09-05" ENDDATE="2079-06-06" ISACTUAL="1" ISACTIVE="0" /><HOUSE ID="67608942" OBJECTID="13841182" OBJECTGUID="e5192650-556e-45df-a843-4e94a15bb232" CHANGEID="22177692" HOUSENUM="17" HOUSETYPE="2" OPERTYPEID="20" PREVID="7639601" NEXTID="126728354" UPDATEDATE="2024-09-05" STARTDATE="2017-10-03" ENDDATE="2024-09-05" ISACTUAL="0" ISACTIVE="0" /><HOUSE ID="126728355" OBJECTID="165074957" OBJECTGUID="6fe1b428-d5f9-4211-941b-a8ec9a71f1cb" CHANGEID="600534857" HOUSENUM="16" HOUSETYPE="2" OPERTYPEID="10" PREVID="0" NEXTID="0" UPDATEDATE="2024-09-05" STARTDATE="2024-09-05" ENDDATE="2079-06-06" ISACTUAL="1" ISACTIVE="1" /><HOUSE ID="126730352" OBJECTID="165084533" OBJECTGUID="2a2bcdc6-f7a3-441b-b386-2b676619a339" CHANGEID="600550230" HOUSENUM="31А" HOUSETYPE="2" OPERTYPEID="10" PREVID="0" NEXTID="0" UPDATEDATE="2024-09-05" STARTDATE="2024-09-05" ENDDATE="2079-06-06" ISACTUAL="1" ISACTIVE="1" /><HOUSE ID="126730475" OBJECTID="165085156" OBJECTGUID="c7b4e586-5fd2-4186-beaf-1abf3750858f" CHANGEID="600551217" HOUSENUM="1/1" HOUSETYPE="2" OPERTYPEID="10" PREVID="0" NEXTID="0" UPDATEDATE="2024-09-05" STARTDATE="2024-09-05" ENDDATE="2079-06-06" ISACTUAL="1" ISACTIVE="1" /><HOUSE ID="126731689" OBJECTID="165091470" OBJECTGUID="d69c8244-51df-4ec6-b5c0-4ded543bab37" CHANGEID="600562022" HOUSENUM="24/1" HOUSETYPE="7" OPERTYPEID="10" PREVID="0" NEXTID="0" UPDATEDATE="2024-09-06" STARTDATE="2024-09-06" ENDDATE="2079-06-06" ISACTUAL="1" ISACTIVE="1" /><HOUSE ID="126731690" OBJECTID="165091474" OBJECTGUID="25a89126-75b6-41cb-b157-3d38cec14736" CHANGEID="600562039" HOUSENUM="3" HOUSETYPE="2" OPERTYPEID="10" PREVID="0" NEXTID="0" UPDATEDATE="2024-09-06" STARTDATE="2024-09-06" ENDDATE="2079-06-06" ISACTUAL="1" ISACTIVE="1" /><HOUSE ID="126731691" OBJECTID="165091476" OBJECTGUID="4e19b699-3442-4430-8867-833c64ec278a" CHANGEID="600562041" HOUSENUM="15" HOUSETYPE="2" OPERTYPEID="10" PREVID="0" NEXTID="0" UPDATEDATE="2024-09-06" STARTDATE="2024-09-06" ENDDATE="2079-06-06" ISACTUAL="1" ISACTIVE="1" /><HOUSE ID="126731692" OBJECTID="165091477" OBJECTGUID="4a4ab13a-f200-4d66-acad-e5fe324d8619" CHANGEID="600562042" HOUSENUM="25" HOUSETYPE="2" OPERTYPEID="10" PREVID="0" NEXTID="0" UPDATEDATE="2024-09-06" STARTDATE="2024-09-06" ENDDATE="2079-06-06" ISACTUAL="1" ISACTIVE="1" /><HOUSE ID="126731693" OBJECTID="165091478" OBJECTGUID="5269c301-fdbe-488c-9c5c-1d592740af4e" CHANGEID="600562043" HOUSENUM="2" HOUSETYPE="2" OPERTYPEID="10" PREVID="0" NEXTID="0" UPDATEDATE="2024-09-06" STARTDATE="2024-09-06" ENDDATE="2079-06-06" ISACTUAL="1" ISACTIVE="1" /><HOUSE ID="126731766" OBJECTID="9971947" OBJECTGUID="5af88e95-9b85-4072-bdc9-63b74842f2fb" CHANGEID="600562554" HOUSENUM="32" HOUSETYPE="2" OPERTYPEID="30" PREVID="5207004" NEXTID="0" UPDATEDATE="2024-09-06" STARTDATE="2024-09-06" ENDDATE="2079-06-06" ISACTUAL="1" ISACTIVE="0" /><HOUSE ID="5207004" OBJECTID="9971947" OBJECTGUID="5af88e95-9b85-4072-bdc9-63b74842f2fb" CHANGEID="16472580" HOUSENUM="32" HOUSETYPE="2" OPERTYPEID="10" PREVID="0" NEXTID="126731766" UPDATEDATE="2024-09-06" STARTDATE="2016-11-23" ENDDATE="2024-09-06" ISACTUAL="0" ISACTIVE="0" /><HOUSE ID="126731857" OBJECTID="165092217" OBJECTGUID="edbb48bb-eaae-4f1e-868e-6b4954c1ac0b" CHANGEID="600563568" HOUSENUM="27" HOUSETYPE="2" OPERTYPEID="10" PREVID="0" NEXTID="0" UPDATEDATE="2024-09-06" STARTDATE="2024-09-06" ENDDATE="2079-06-06" ISACTUAL="1" ISACTIVE="1" /><HOUSE ID="126731858" OBJECTID="165092218" OBJECTGUID="883a115d-a8d6-4a1c-a609-bdb4807c30a5" CHANGEID="600563570" HOUSENUM="27А" HOUSETYPE="2" OPERTYPEID="10" PREVID="0" NEXTID="0" UPDATEDATE="2024-09-06" STARTDATE="2024-09-06" ENDDATE="2079-06-06" ISACTUAL="1" ISACTIVE="1" /><HOUSE ID="126731875" OBJECTID="55550256" OBJECTGUID="adddf777-b8db-4579-a505-1c54d567c237" CHANGEID="600563609" HOUSENUM="82" HOUSETYPE="2" OPERTYPEID="30" PREVID="63698015" NEXTID="0" UPDATEDATE="2024-09-06" STARTDATE="2024-09-06" ENDDATE="2079-06-06" ISACTUAL="1" ISACTIVE="0" /><HOUSE ID="63698015" OBJECTID="55550256" OBJECTGUID="adddf777-b8db-4579-a505-1c54d567c237" CHANGEID="83093319" HOUSENUM="82" HOUSETYPE="2" OPERTYPEID="20" PREVID="33209210" NEXTID="126731875" UPDATEDATE="2024-09-06" STARTDATE="2015-09-03" ENDDATE="2024-09-06" ISACTUAL="0" ISACTIVE="0" /><HOUSE ID="126731864" OBJECTID="165092220" OBJECTGUID="81f8662d-4648-4852-bfc1-5ed085605cc7" CHANGEID="600563579" HOUSENUM="27Б" HOUSETYPE="2" OPERTYPEID="10" PREVID="0" NEXTID="0" UPDATEDATE="2024-09-06" STARTDATE="2024-09-06" ENDDATE="2079-06-06" ISACTUAL="1" ISACTIVE="1" /><HOUSE ID="126731865" OBJECTID="165092221" OBJECTGUID="bf52b56e-a561-4c4f-bc24-8e5f483540e3" CHANGEID="600563581" HOUSENUM="27В" HOUSETYPE="2" OPERTYPEID="10" PREVID="0" NEXTID="0" UPDATEDATE="2024-09-06" STARTDATE="2024-09-06" ENDDATE="2079-06-06" ISACTUAL="1" ISACTIVE="1" /><HOUSE ID="126731949" OBJECTID="78085131" OBJECTGUID="29ad8235-e9a3-441f-91a6-c682499d4af2" CHANGEID="600564474" HOUSENUM="10" HOUSETYPE="2" OPERTYPEID="30" PREVID="54333298" NEXTID="0" UPDATEDATE="2024-09-06" STARTDATE="2024-09-06" ENDDATE="2079-06-06" ISACTUAL="1" ISACTIVE="0" /><HOUSE ID="126731950" OBJECTID="17576904" OBJECTGUID="457a5a97-5688-426d-a2f0-220e6db1263e" CHANGEID="600564485" HOUSENUM="7" HOUSETYPE="2" OPERTYPEID="30" PREVID="56302393" NEXTID="0" UPDATEDATE="2024-09-06" STARTDATE="2024-09-06" ENDDATE="2079-06-06" ISACTUAL="1" ISACTIVE="0" /><HOUSE ID="56302393" OBJECTID="17576904" OBJECTGUID="457a5a97-5688-426d-a2f0-220e6db1263e" CHANGEID="27748761" HOUSENUM="7" HOUSETYPE="2" OPERTYPEID="20" PREVID="10084652" NEXTID="126731950" UPDATEDATE="2024-09-06" STARTDATE="2014-01-04" ENDDATE="2024-09-06" ISACTUAL="0" ISACTIVE="0" /><HOUSE ID="126732017" OBJECTID="165093685" OBJECTGUID="58ac884f-59c6-482f-8d3b-4fe9935c2fff" CHANGEID="600565742" HOUSENUM="17" HOUSETYPE="2" OPERTYPEID="10" PREVID="0" NEXTID="0" UPDATEDATE="2024-09-06" STARTDATE="2024-09-06" ENDDATE="2079-06-06" ISACTUAL="1" ISACTIVE="1" /><HOUSE ID="126732024" OBJECTID="165093720" OBJECTGUID="d5866aa6-05b9-4429-b6e5-f0a86a05b0fe" CHANGEID="600565825" HOUSENUM="18/7" HOUSETYPE="7" OPERTYPEID="10" PREVID="0" NEXTID="0" UPDATEDATE="2024-09-06" STARTDATE="2024-09-06" ENDDATE="2079-06-06" ISACTUAL="1" ISACTIVE="1" /><HOUSE ID="126732066" OBJECTID="76422687" OBJECTGUID="3ab08b6b-c124-476c-8bdd-0ecd458e1348" CHANGEID="600566191" HOUSENUM="28" HOUSETYPE="2" OPERTYPEID="30" PREVID="55539018" NEXTID="0" UPDATEDATE="2024-09-06" STARTDATE="2024-09-06" ENDDATE="2079-06-06" ISACTUAL="1" ISACTIVE="0" /><HOUSE ID="55539018" OBJECTID="76422687" OBJECTGUID="3ab08b6b-c124-476c-8bdd-0ecd458e1348" CHANGEID="113680725" HOUSENUM="28" HOUSETYPE="2" OPERTYPEID="20" PREVID="46171717" NEXTID="126732066" UPDATEDATE="2024-09-06" STARTDATE="2014-01-04" ENDDATE="2024-09-06" ISACTUAL="0" ISACTIVE="0" /><HOUSE ID="126732068" OBJECTID="165093842" OBJECTGUID="73d44c90-20c7-4733-bcc6-e1fe008b8c5b" CHANGEID="600566217" HOUSENUM="150" HOUSETYPE="2" OPERTYPEID="10" PREVID="0" NEXTID="0" UPDATEDATE="2024-09-06" STARTDATE="2024-09-06" ENDDATE="2079-06-06" ISACTUAL="1" ISACTIVE="1" /><HOUSE ID="126732276" OBJECTID="165094329" OBJECTGUID="881fc418-220e-4059-80c5-6e6c825f7abb" CHANGEID="600567395" HOUSENUM="27А/1" HOUSETYPE="7" OPERTYPEID="10" PREVID="0" NEXTID="0" UPDATEDATE="2024-09-06" STARTDATE="2024-09-06" ENDDATE="2079-06-06" ISACTUAL="1" ISACTIVE="1" /><HOUSE ID="126732278" OBJECTID="165094336" OBJECTGUID="7aeba862-2dcd-4458-9b57-89cdef4aecf2" CHANGEID="600567405" HOUSENUM="90А" HOUSETYPE="2" OPERTYPEID="10" PREVID="0" NEXTID="0" UPDATEDATE="2024-09-06" STARTDATE="2024-09-06" ENDDATE="2079-06-06" ISACTUAL="1" ISACTIVE="1" /><HOUSE ID="126732277" OBJECTID="165094331" OBJECTGUID="634a8145-2d65-45ff-8d32-d6fd63f51846" CHANGEID="600567398" HOUSENUM="55А" HOUSETYPE="7" OPERTYPEID="10" PREVID="0" NEXTID="0" UPDATEDATE="2024-09-06" STARTDATE="2024-09-06" ENDDATE="2079-06-06" ISACTUAL="1" ISACTIVE="1" /><HOUSE ID="126732595" OBJECTID="27174567" OBJECTGUID="f79e72c0-f102-4513-836c-94aca4a36244" CHANGEID="600569332" HOUSENUM="2" HOUSETYPE="2" OPERTYPEID="30" PREVID="68919477" NEXTID="0" UPDATEDATE="2024-09-06" STARTDATE="2024-09-06" ENDDATE="2079-06-06" ISACTUAL="1" ISACTIVE="0" /><HOUSE ID="126732597" OBJECTID="165095281" OBJECTGUID="7af2b981-2213-4d59-a705-a666cf3dec55" CHANGEID="600569334" HOUSENUM="13Д" HOUSETYPE="7" OPERTYPEID="10" PREVID="0" NEXTID="0" UPDATEDATE="2024-09-06" STARTDATE="2024-09-06" ENDDATE="2079-06-06" ISACTUAL="1" ISACTIVE="1" /><HOUSE ID="126733117" OBJECTID="165096929" OBJECTGUID="a29057d8-dea7-491f-aa41-e1b7d47a90c6" CHANGEID="600572829" HOUSENUM="10" HOUSETYPE="2" OPERTYPEID="10" PREVID="0" NEXTID="0" UPDATEDATE="2024-09-06" STARTDATE="2024-09-06" ENDDATE="2079-06-06" ISACTUAL="1" ISACTIVE="1" /><HOUSE ID="126734430" OBJECTID="165101373" OBJECTGUID="e2f53169-de6e-42d0-87fc-c2527fe54c71" CHANGEID="600581375" HOUSENUM="7/2" HOUSETYPE="2" OPERTYPEID="10" PREVID="0" NEXTID="0" UPDATEDATE="2024-09-06" STARTDATE="2024-09-06" ENDDATE="2079-06-06" ISACTUAL="1" ISACTIVE="1" /><HOUSE ID="126734429" OBJECTID="165101372" OBJECTGUID="776a811d-bfdd-4513-9bf0-cf425ebdeb13" CHANGEID="600581374" HOUSENUM="7/1" HOUSETYPE="2" OPERTYPEID="10" PREVID="0" NEXTID="0" UPDATEDATE="2024-09-06" STARTDATE="2024-09-06" ENDDATE="2079-06-06" ISACTUAL="1" ISACTIVE="1" /><HOUSE ID="126734584" OBJECTID="165102208" OBJECTGUID="173f121b-7d9c-4ab0-af36-210d2a409b7f" CHANGEID="600582752" HOUSENUM="35/1" HOUSETYPE="2" OPERTYPEID="10" PREVID="0" NEXTID="0" UPDATEDATE="2024-09-06" STARTDATE="2024-09-06" ENDDATE="2079-06-06" ISACTUAL="1" ISACTIVE="1" /><HOUSE ID="126734585" OBJECTID="165102209" OBJECTGUID="c144033c-1328-4dc1-9cfa-b09087e0e82b" CHANGEID="600582753" HOUSENUM="35/2" HOUSETYPE="2" OPERTYPEID="10" PREVID="0" NEXTID="0" UPDATEDATE="2024-09-06" STARTDATE="2024-09-06" ENDDATE="2079-06-06" ISACTUAL="1" ISACTIVE="1" /><HOUSE ID="126734586" OBJECTID="165102210" OBJECTGUID="d8e0243c-d1b2-469d-b11e-768a524a5111" CHANGEID="600582754" HOUSENUM="35/3" HOUSETYPE="2" OPERTYPEID="10" PREVID="0" NEXTID="0" UPDATEDATE="2024-09-06" STARTDATE="2024-09-06" ENDDATE="2079-06-06" ISACTUAL="1" ISACTIVE="1" /><HOUSE ID="126734587" OBJECTID="165102214" OBJECTGUID="5d085996-42da-4981-8c3a-767e8f0a90d6" CHANGEID="600582759" HOUSENUM="33/1" HOUSETYPE="2" OPERTYPEID="10" PREVID="0" NEXTID="0" UPDATEDATE="2024-09-06" STARTDATE="2024-09-06" ENDDATE="2079-06-06" ISACTUAL="1" ISACTIVE="1" /><HOUSE ID="126734588" OBJECTID="165102215" OBJECTGUID="1f25bb2d-51df-4361-9ca7-7e842202d1b5" CHANGEID="600582760" HOUSENUM="33/2" HOUSETYPE="2" OPERTYPEID="10" PREVID="0" NEXTID="0" UPDATEDATE="2024-09-06" STARTDATE="2024-09-06" ENDDATE="2079-06-06" ISACTUAL="1" ISACTIVE="1" /><HOUSE ID="126734589" OBJECTID="165102216" OBJECTGUID="9b0f68bb-074a-4e9f-9e1a-8f4800c8ad9c" CHANGEID="600582761" HOUSENUM="33/3" HOUSETYPE="2" OPERTYPEID="10" PREVID="0" NEXTID="0" UPDATEDATE="2024-09-06" STARTDATE="2024-09-06" ENDDATE="2079-06-06" ISACTUAL="1" ISACTIVE="1" /><HOUSE ID="126734590" OBJECTID="42776629" OBJECTGUID="771db044-92ff-453f-b659-081f2260b737" CHANGEID="600582769" HOUSENUM="12" HOUSETYPE="2" OPERTYPEID="30" PREVID="59820288" NEXTID="0" UPDATEDATE="2024-09-06" STARTDATE="2024-09-06" ENDDATE="2079-06-06" ISACTUAL="1" ISACTIVE="0" /><HOUSE ID="126735406" OBJECTID="60819096" OBJECTGUID="ab5a19ae-4bcb-495f-9d91-e063027abaa8" CHANGEID="600586979" HOUSENUM="27" HOUSETYPE="2" OPERTYPEID="30" PREVID="63519251" NEXTID="0" UPDATEDATE="2024-09-06" STARTDATE="2024-09-06" ENDDATE="2079-06-06" ISACTUAL="1" ISACTIVE="0" /><HOUSE ID="63519251" OBJECTID="60819096" OBJECTGUID="ab5a19ae-4bcb-495f-9d91-e063027abaa8" CHANGEID="90808651" HOUSENUM="27" HOUSETYPE="2" OPERTYPEID="20" PREVID="36453677" NEXTID="126735406" UPDATEDATE="2024-09-06" STARTDATE="2017-10-03" ENDDATE="2024-09-06" ISACTUAL="0" ISACTIVE="0" /><HOUSE ID="126738935" OBJECTID="165117092" OBJECTGUID="ed5e9f7b-4f0d-44e9-a6d1-0317734ffd59" CHANGEID="600738040" HOUSENUM="221" HOUSETYPE="2" OPERTYPEID="10" PREVID="0" NEXTID="0" UPDATEDATE="2024-09-09" STARTDATE="2024-09-09" ENDDATE="2079-06-06" ISACTUAL="1" ISACTIVE="1" /><HOUSE ID="126738943" OBJECTID="165117361" OBJECTGUID="b774e6c3-7d08-40f6-a3c0-174348147e28" CHANGEID="600738577" HOUSENUM="28/1" HOUSETYPE="2" OPERTYPEID="10" PREVID="0" NEXTID="0" UPDATEDATE="2024-09-09" STARTDATE="2024-09-09" ENDDATE="2079-06-06" ISACTUAL="1" ISACTIVE="1" /><HOUSE ID="126738944" OBJECTID="165117362" OBJECTGUID="2def3adc-16f3-42e0-b3d8-d2b839e127e0" CHANGEID="600738578" HOUSENUM="28/2" HOUSETYPE="2" OPERTYPEID="10" PREVID="0" NEXTID="0" UPDATEDATE="2024-09-09" STARTDATE="2024-09-09" ENDDATE="2079-06-06" ISACTUAL="1" ISACTIVE="1" /><HOUSE ID="126738945" OBJECTID="165117363" OBJECTGUID="2793a4ff-1713-408c-a418-91474a298a85" CHANGEID="600738579" HOUSENUM="12" HOUSETYPE="2" OPERTYPEID="10" PREVID="0" NEXTID="0" UPDATEDATE="2024-09-09" STARTDATE="2024-09-09" ENDDATE="2079-06-06" ISACTUAL="1" ISACTIVE="1" /><HOUSE ID="126738988" OBJECTID="165117890" OBJECTGUID="33a2de57-84d0-4090-b9cd-54815b81cc35" CHANGEID="600739444" HOUSENUM="705" HOUSETYPE="2" OPERTYPEID="10" PREVID="0" NEXTID="0" UPDATEDATE="2024-09-09" STARTDATE="2024-09-09" ENDDATE="2079-06-06" ISACTUAL="1" ISACTIVE="1" /><HOUSE ID="126738989" OBJECTID="165117891" OBJECTGUID="f35bee72-ba3b-4a29-a2b6-5f301aff2ef8" CHANGEID="600739445" HOUSENUM="2/3" HOUSETYPE="2" OPERTYPEID="10" PREVID="0" NEXTID="0" UPDATEDATE="2024-09-09" STARTDATE="2024-09-09" ENDDATE="2079-06-06" ISACTUAL="1" ISACTIVE="1" /><HOUSE ID="126738990" OBJECTID="165117892" OBJECTGUID="7b6e6d10-9ed6-431d-93f0-3ed380c04c9f" CHANGEID="600739446" HOUSENUM="11А" HOUSETYPE="2" OPERTYPEID="10" PREVID="0" NEXTID="0" UPDATEDATE="2024-09-09" STARTDATE="2024-09-09" ENDDATE="2079-06-06" ISACTUAL="1" ISACTIVE="1" /><HOUSE ID="126739725" OBJECTID="165120744" OBJECTGUID="562e97b4-e410-4026-9547-70e8235b2bfd" CHANGEID="600744249" HOUSENUM="77" HOUSETYPE="2" OPERTYPEID="10" PREVID="0" NEXTID="0" UPDATEDATE="2024-09-09" STARTDATE="2024-09-09" ENDDATE="2079-06-06" ISACTUAL="1" ISACTIVE="1" /><HOUSE ID="126739761" OBJECTID="165121051" OBJECTGUID="d4415bff-4cf4-421f-b486-3d655565f97f" CHANGEID="600744665" HOUSENUM="65" HOUSETYPE="2" OPERTYPEID="10" PREVID="0" NEXTID="0" UPDATEDATE="2024-09-09" STARTDATE="2024-09-09" ENDDATE="2079-06-06" ISACTUAL="1" ISACTIVE="1" /><HOUSE ID="126739757" OBJECTID="165121035" OBJECTGUID="68c28a4b-bf0e-4c0c-bc1e-7982139f9a91" CHANGEID="600744642" HOUSENUM="63" HOUSETYPE="2" OPERTYPEID="10" PREVID="0" NEXTID="0" UPDATEDATE="2024-09-09" STARTDATE="2024-09-09" ENDDATE="2079-06-06" ISACTUAL="1" ISACTIVE="1" /><HOUSE ID="126739763" OBJECTID="165121059" OBJECTGUID="a576c1ce-d858-4a1b-974e-9303d0548db5" CHANGEID="600744675" HOUSENUM="67" HOUSETYPE="2" OPERTYPEID="10" PREVID="0" NEXTID="0" UPDATEDATE="2024-09-09" STARTDATE="2024-09-09" ENDDATE="2079-06-06" ISACTUAL="1" ISACTIVE="1" /><HOUSE ID="126739769" OBJECTID="165121071" OBJECTGUID="81012fd4-128f-49c9-8f6d-1e65e73e5c68" CHANGEID="600744695" HOUSENUM="69" HOUSETYPE="2" OPERTYPEID="10" PREVID="0" NEXTID="0" UPDATEDATE="2024-09-09" STARTDATE="2024-09-09" ENDDATE="2079-06-06" ISACTUAL="1" ISACTIVE="1" /><HOUSE ID="126740122" OBJECTID="165121978" OBJECTGUID="b76bfd25-7c1a-430c-b071-12de19a6150c" CHANGEID="600746069" HOUSENUM="27" HOUSETYPE="2" OPERTYPEID="10" PREVID="0" NEXTID="0" UPDATEDATE="2024-09-09" STARTDATE="2024-09-09" ENDDATE="2079-06-06" ISACTUAL="1" ISACTIVE="1" /><HOUSE ID="126740123" OBJECTID="165121980" OBJECTGUID="1b7d3e9e-da1a-46cb-a94c-b88684fd4669" CHANGEID="600746071" HOUSENUM="17" HOUSETYPE="2" OPERTYPEID="10" PREVID="0" NEXTID="0" UPDATEDATE="2024-09-09" STARTDATE="2024-09-09" ENDDATE="2079-06-06" ISACTUAL="1" ISACTIVE="1" /><HOUSE ID="126740798" OBJECTID="165126183" OBJECTGUID="4398e98c-2725-4b0d-afaa-507afb057375" CHANGEID="600751855" HOUSENUM="14" HOUSETYPE="2" OPERTYPEID="10" PREVID="0" NEXTID="0" UPDATEDATE="2024-09-09" STARTDATE="2024-09-09" ENDDATE="2079-06-06" ISACTUAL="1" ISACTIVE="1" /><HOUSE ID="126740797" OBJECTID="46007508" OBJECTGUID="8782ed91-e71d-413b-be6f-ec166d97f5a8" CHANGEID="600751854" HOUSENUM="2" HOUSETYPE="2" OPERTYPEID="30" PREVID="60981145" NEXTID="0" UPDATEDATE="2024-09-09" STARTDATE="2024-09-09" ENDDATE="2079-06-06" ISACTUAL="1" ISACTIVE="0" /><HOUSE ID="60981145" OBJECTID="46007508" OBJECTGUID="8782ed91-e71d-413b-be6f-ec166d97f5a8" CHANGEID="69269656" HOUSENUM="2" HOUSETYPE="2" OPERTYPEID="20" PREVID="27482903" NEXTID="126740797" UPDATEDATE="2024-09-09" STARTDATE="2014-01-04" ENDDATE="2024-09-09" ISACTUAL="0" ISACTIVE="0" /><HOUSE ID="126741897" OBJECTID="165131891" OBJECTGUID="f41c956e-fdc8-498e-a5fd-dca75092bccc" CHANGEID="600761463" HOUSENUM="2Б" HOUSETYPE="2" OPERTYPEID="10" PREVID="0" NEXTID="0" UPDATEDATE="2024-09-09" STARTDATE="2024-09-09" ENDDATE="2079-06-06" ISACTUAL="1" ISACTIVE="1" /><HOUSE ID="126741966" OBJECTID="165132126" OBJECTGUID="b9ee7b10-5d85-4878-8d1e-8888331165e8" CHANGEID="600761728" HOUSENUM="73" HOUSETYPE="2" OPERTYPEID="10" PREVID="0" NEXTID="0" UPDATEDATE="2024-09-09" STARTDATE="2024-09-09" ENDDATE="2079-06-06" ISACTUAL="1" ISACTIVE="1" /><HOUSE ID="126742177" OBJECTID="165133254" OBJECTGUID="ba1148d4-0de5-4d76-a85b-ccce60850206" CHANGEID="600763269" HOUSENUM="41" HOUSETYPE="2" OPERTYPEID="10" PREVID="0" NEXTID="0" UPDATEDATE="2024-09-09" STARTDATE="2024-09-09" ENDDATE="2079-06-06" ISACTUAL="1" ISACTIVE="1" /><HOUSE ID="126742185" OBJECTID="165133289" OBJECTGUID="21025d4d-6694-440a-b4b7-3557edc0e3fe" CHANGEID="600763322" HOUSENUM="39" HOUSETYPE="2" OPERTYPEID="10" PREVID="0" NEXTID="0" UPDATEDATE="2024-09-09" STARTDATE="2024-09-09" ENDDATE="2079-06-06" ISACTUAL="1" ISACTIVE="1" /><HOUSE ID="126742553" OBJECTID="165135719" OBJECTGUID="c108d0fb-afe0-4741-a87a-562a66c45b75" CHANGEID="600766592" HOUSENUM="71" HOUSETYPE="2" OPERTYPEID="10" PREVID="0" NEXTID="0" UPDATEDATE="2024-09-09" STARTDATE="2024-09-09" ENDDATE="2079-06-06" ISACTUAL="1" ISACTIVE="1" /><HOUSE ID="126742554" OBJECTID="165135721" OBJECTGUID="4937f6f5-303f-4743-93b4-b50a60aeeb3c" CHANGEID="600766594" HOUSENUM="75" HOUSETYPE="2" OPERTYPEID="10" PREVID="0" NEXTID="0" UPDATEDATE="2024-09-09" STARTDATE="2024-09-09" ENDDATE="2079-06-06" ISACTUAL="1" ISACTIVE="1" /><HOUSE ID="126743609" OBJECTID="165137403" OBJECTGUID="1c804df1-04fc-4c2d-b52c-54e4b3d3064f" CHANGEID="600770400" HOUSENUM="2/2" HOUSETYPE="2" OPERTYPEID="10" PREVID="0" NEXTID="0" UPDATEDATE="2024-09-09" STARTDATE="2024-09-09" ENDDATE="2079-06-06" ISACTUAL="1" ISACTIVE="1" /><HOUSE ID="126743610" OBJECTID="165137404" OBJECTGUID="6bcde847-6ac5-4978-96c5-a4fb6d323990" CHANGEID="600770401" HOUSENUM="2/1" HOUSETYPE="2" OPERTYPEID="10" PREVID="0" NEXTID="0" UPDATEDATE="2024-09-09" STARTDATE="2024-09-09" ENDDATE="2079-06-06" ISACTUAL="1" ISACTIVE="1" /><HOUSE ID="126745016" OBJECTID="14813735" OBJECTGUID="3aee4b6c-f066-42a0-990b-025c0c43e83f" CHANGEID="600776536" HOUSENUM="19" HOUSETYPE="2" OPERTYPEID="30" PREVID="55555340" NEXTID="0" UPDATEDATE="2024-09-09" STARTDATE="2024-09-09" ENDDATE="2079-06-06" ISACTUAL="1" ISACTIVE="0" /><HOUSE ID="55555340" OBJECTID="14813735" OBJECTGUID="3aee4b6c-f066-42a0-990b-025c0c43e83f" CHANGEID="23650825" HOUSENUM="19" HOUSETYPE="2" OPERTYPEID="20" PREVID="8298666" NEXTID="126745016" UPDATEDATE="2024-09-09" STARTDATE="2014-01-04" ENDDATE="2024-09-09" ISACTUAL="0" ISACTIVE="0" /><HOUSE ID="126745028" OBJECTID="165141474" OBJECTGUID="48cd895c-e5b2-4afe-806e-7e59feb384a3" CHANGEID="600776583" HOUSENUM="19/1" HOUSETYPE="2" OPERTYPEID="10" PREVID="0" NEXTID="0" UPDATEDATE="2024-09-09" STARTDATE="2024-09-09" ENDDATE="2079-06-06" ISACTUAL="1" ISACTIVE="1" /><HOUSE ID="126745029" OBJECTID="165141475" OBJECTGUID="8abae162-13c4-4061-8cb0-be0b319b8458" CHANGEID="600776584" HOUSENUM="19/2" HOUSETYPE="2" OPERTYPEID="10" PREVID="0" NEXTID="0" UPDATEDATE="2024-09-09" STARTDATE="2024-09-09" ENDDATE="2079-06-06" ISACTUAL="1" ISACTIVE="1" /><HOUSE ID="126747643" OBJECTID="76324144" OBJECTGUID="4f104bb2-02dc-47e1-ab97-b0d76193cfdf" CHANGEID="600797425" HOUSENUM="6" HOUSETYPE="2" OPERTYPEID="30" PREVID="56980991" NEXTID="0" UPDATEDATE="2024-09-10" STARTDATE="2024-09-10" ENDDATE="2079-06-06" ISACTUAL="1" ISACTIVE="0" /><HOUSE ID="126747644" OBJECTID="165151787" OBJECTGUID="aa33aa79-efdf-4306-a1f7-afad41bf699b" CHANGEID="600797440" HOUSENUM="1А" HOUSETYPE="7" OPERTYPEID="10" PREVID="0" NEXTID="0" UPDATEDATE="2024-09-10" STARTDATE="2024-09-10" ENDDATE="2079-06-06" ISACTUAL="1" ISACTIVE="1" /><HOUSE ID="126747674" OBJECTID="165152259" OBJECTGUID="d8c1b821-8192-4b4a-b577-0402be1d2609" CHANGEID="600798144" HOUSENUM="9" HOUSETYPE="2" OPERTYPEID="10" PREVID="0" NEXTID="0" UPDATEDATE="2024-09-10" STARTDATE="2024-09-10" ENDDATE="2079-06-06" ISACTUAL="1" ISACTIVE="1" /><HOUSE ID="126747676" OBJECTID="165152329" OBJECTGUID="1ff0b5f2-0ca8-4a06-aea7-bbcd536fe31c" CHANGEID="600798231" HOUSENUM="60" HOUSETYPE="2" OPERTYPEID="10" PREVID="0" NEXTID="0" UPDATEDATE="2024-09-10" STARTDATE="2024-09-10" ENDDATE="2079-06-06" ISACTUAL="1" ISACTIVE="1" /><HOUSE ID="126748016" OBJECTID="165156436" OBJECTGUID="b12ed9f8-4f04-4ff3-910d-09f1f5e908b8" CHANGEID="600804846" HOUSENUM="40" HOUSETYPE="2" OPERTYPEID="10" PREVID="0" NEXTID="0" UPDATEDATE="2024-09-10" STARTDATE="2024-09-10" ENDDATE="2079-06-06" ISACTUAL="1" ISACTIVE="1" /><HOUSE ID="126748017" OBJECTID="165156451" OBJECTGUID="c4995b73-86b9-403d-a135-46152fcf98db" CHANGEID="600804866" HOUSENUM="44" ADDNUM1="2" HOUSETYPE="7" ADDTYPE1="1" OPERTYPEID="10" PREVID="0" NEXTID="0" UPDATEDATE="2024-09-10" STARTDATE="2024-09-10" ENDDATE="2079-06-06" ISACTUAL="1" ISACTIVE="1" /><HOUSE ID="126748027" OBJECTID="165156661" OBJECTGUID="b44c121c-311b-4a70-94c3-b9c103b67f98" CHANGEID="600805107" HOUSENUM="25А" HOUSETYPE="2" OPERTYPEID="10" PREVID="0" NEXTID="0" UPDATEDATE="2024-09-10" STARTDATE="2024-09-10" ENDDATE="2079-06-06" ISACTUAL="1" ISACTIVE="1" /><HOUSE ID="126748062" OBJECTID="44331847" OBJECTGUID="74009db6-14ae-4bf0-a393-35e9e8d4d426" CHANGEID="600805585" HOUSENUM="12" HOUSETYPE="2" OPERTYPEID="30" PREVID="59598914" NEXTID="0" UPDATEDATE="2024-09-10" STARTDATE="2024-09-10" ENDDATE="2079-06-06" ISACTUAL="1" ISACTIVE="0" /><HOUSE ID="59598914" OBJECTID="44331847" OBJECTGUID="74009db6-14ae-4bf0-a393-35e9e8d4d426" CHANGEID="66836416" HOUSENUM="12" HOUSETYPE="2" OPERTYPEID="20" PREVID="26469814" NEXTID="126748062" UPDATEDATE="2024-09-10" STARTDATE="2014-01-04" ENDDATE="2024-09-10" ISACTUAL="0" ISACTIVE="0" /><HOUSE ID="126748158" OBJECTID="165157082" OBJECTGUID="a76b1ee7-97ce-4295-9407-ae18cbf5f6c4" CHANGEID="600806167" HOUSENUM="4" HOUSETYPE="2" OPERTYPEID="10" PREVID="0" NEXTID="0" UPDATEDATE="2024-09-10" STARTDATE="2024-09-10" ENDDATE="2079-06-06" ISACTUAL="1" ISACTIVE="1" /><HOUSE ID="126748300" OBJECTID="165157714" OBJECTGUID="1ebed52f-28b9-4ad1-a75c-a77b42bd3c3f" CHANGEID="600807256" HOUSENUM="26" ADDNUM1="1" HOUSETYPE="2" ADDTYPE1="1" OPERTYPEID="10" PREVID="0" NEXTID="0" UPDATEDATE="2024-09-10" STARTDATE="2024-09-10" ENDDATE="2079-06-06" ISACTUAL="1" ISACTIVE="1" /><HOUSE ID="126748449" OBJECTID="71905354" OBJECTGUID="5b04bc0e-b3e6-420e-a8aa-4b3e77737873" CHANGEID="600807689" HOUSENUM="8" HOUSETYPE="2" OPERTYPEID="30" PREVID="57828374" NEXTID="0" UPDATEDATE="2024-09-10" STARTDATE="2024-09-10" ENDDATE="2079-06-06" ISACTUAL="1" ISACTIVE="0" /><HOUSE ID="126748459" OBJECTID="165157954" OBJECTGUID="d1c6e1c6-bbcc-461d-b5ac-0256369741d6" CHANGEID="600807701" HOUSENUM="12" ADDNUM1="1" HOUSETYPE="2" ADDTYPE1="2" OPERTYPEID="10" PREVID="0" NEXTID="0" UPDATEDATE="2024-09-10" STARTDATE="2024-09-10" ENDDATE="2079-06-06" ISACTUAL="1" ISACTIVE="1" /><HOUSE ID="126748452" OBJECTID="165157952" OBJECTGUID="fe04d508-89aa-4cb4-87cf-b08b49438220" CHANGEID="600807694" HOUSENUM="11Ж" HOUSETYPE="2" OPERTYPEID="10" PREVID="0" NEXTID="0" UPDATEDATE="2024-09-10" STARTDATE="2024-09-10" ENDDATE="2079-06-06" ISACTUAL="1" ISACTIVE="1" /><HOUSE ID="126748625" OBJECTID="165158320" OBJECTGUID="3a32d0ee-8f45-48c6-964b-7a2c90f7fa5c" CHANGEID="600808286" HOUSENUM="3а" HOUSETYPE="2" OPERTYPEID="10" PREVID="0" NEXTID="0" UPDATEDATE="2024-09-10" STARTDATE="2024-09-10" ENDDATE="2079-06-06" ISACTUAL="1" ISACTIVE="1" /><HOUSE ID="126748934" OBJECTID="165159637" OBJECTGUID="520e3d34-6afb-4b19-8b89-7f3ef269de82" CHANGEID="600810534" HOUSENUM="6/2" HOUSETYPE="2" OPERTYPEID="10" PREVID="0" NEXTID="0" UPDATEDATE="2024-09-10" STARTDATE="2024-09-10" ENDDATE="2079-06-06" ISACTUAL="1" ISACTIVE="1" /><HOUSE ID="126749359" OBJECTID="165160761" OBJECTGUID="f96c0302-ea74-4ef5-ba68-5cb6d33f49b4" CHANGEID="600812313" HOUSENUM="6/1" HOUSETYPE="2" OPERTYPEID="10" PREVID="0" NEXTID="0" UPDATEDATE="2024-09-10" STARTDATE="2024-09-10" ENDDATE="2079-06-06" ISACTUAL="1" ISACTIVE="1" /><HOUSE ID="126749360" OBJECTID="58684364" OBJECTGUID="d53e6b13-9bc4-4689-a52b-056234e81076" CHANGEID="600812324" HOUSENUM="73" HOUSETYPE="2" OPERTYPEID="30" PREVID="66487292" NEXTID="0" UPDATEDATE="2024-09-10" STARTDATE="2024-09-10" ENDDATE="2079-06-06" ISACTUAL="1" ISACTIVE="0" /><HOUSE ID="126750789" OBJECTID="165167441" OBJECTGUID="d03f58be-a5f8-475d-bdb3-a164852aa6e7" CHANGEID="600822970" HOUSENUM="21" HOUSETYPE="2" OPERTYPEID="10" PREVID="0" NEXTID="0" UPDATEDATE="2024-09-10" STARTDATE="2024-09-10" ENDDATE="2079-06-06" ISACTUAL="1" ISACTIVE="1" /><HOUSE ID="126750870" OBJECTID="165167659" OBJECTGUID="84de00d8-6113-456a-b1f0-7f43b85e1cf3" CHANGEID="600823299" HOUSENUM="17" HOUSETYPE="2" OPERTYPEID="10" PREVID="0" NEXTID="0" UPDATEDATE="2024-09-10" STARTDATE="2024-09-10" ENDDATE="2079-06-06" ISACTUAL="1" ISACTIVE="1" /><HOUSE ID="126753322" OBJECTID="165178256" OBJECTGUID="b4489ad2-5db0-4c06-810e-1febb09392fd" CHANGEID="600839251" HOUSENUM="16" HOUSETYPE="2" OPERTYPEID="10" PREVID="0" NEXTID="0" UPDATEDATE="2024-09-10" STARTDATE="2024-09-10" ENDDATE="2079-06-06" ISACTUAL="1" ISACTIVE="1" /><HOUSE ID="126753648" OBJECTID="165179390" OBJECTGUID="3214b2f1-5c06-4192-bdf4-7825929315ae" CHANGEID="600841330" HOUSENUM="10" HOUSETYPE="2" OPERTYPEID="10" PREVID="0" NEXTID="0" UPDATEDATE="2024-09-10" STARTDATE="2024-09-10" ENDDATE="2079-06-06" ISACTUAL="1" ISACTIVE="1" /><HOUSE ID="126753660" OBJECTID="165179429" OBJECTGUID="e23eb40d-7b4b-45fa-b49c-29d55f06d7ca" CHANGEID="600841387" HOUSENUM="10А" HOUSETYPE="2" OPERTYPEID="10" PREVID="0" NEXTID="0" UPDATEDATE="2024-09-10" STARTDATE="2024-09-10" ENDDATE="2079-06-06" ISACTUAL="1" ISACTIVE="1" /><HOUSE ID="126754864" OBJECTID="57166935" OBJECTGUID="689aa3ef-5768-442f-9ddf-01f402818c1d" CHANGEID="600874200" HOUSENUM="84" HOUSETYPE="2" OPERTYPEID="30" PREVID="58792236" NEXTID="0" UPDATEDATE="2024-09-11" STARTDATE="2024-09-11" ENDDATE="2079-06-06" ISACTUAL="1" ISACTIVE="0" /><HOUSE ID="58792236" OBJECTID="57166935" OBJECTGUID="689aa3ef-5768-442f-9ddf-01f402818c1d" CHANGEID="85480719" HOUSENUM="84" HOUSETYPE="2" OPERTYPEID="20" PREVID="34218400" NEXTID="126754864" UPDATEDATE="2024-09-11" STARTDATE="2017-10-03" ENDDATE="2024-09-11" ISACTUAL="0" ISACTIVE="0" /><HOUSE ID="126755032" OBJECTID="165186784" OBJECTGUID="6287ccad-18c6-45f5-aa1a-ea4a6d3e0456" CHANGEID="600878069" HOUSENUM="16/1" HOUSETYPE="2" OPERTYPEID="10" PREVID="0" NEXTID="0" UPDATEDATE="2024-09-11" STARTDATE="2024-09-11" ENDDATE="2079-06-06" ISACTUAL="1" ISACTIVE="1" /><HOUSE ID="126755038" OBJECTID="165186924" OBJECTGUID="0fc8fa45-c72e-4894-874f-8681f8797621" CHANGEID="600878309" HOUSENUM="55А" HOUSETYPE="2" OPERTYPEID="10" PREVID="0" NEXTID="0" UPDATEDATE="2024-09-11" STARTDATE="2024-09-11" ENDDATE="2079-06-06" ISACTUAL="1" ISACTIVE="1" /><HOUSE ID="126755040" OBJECTID="165187002" OBJECTGUID="37338726-6605-4f19-a7c1-d27b5c97a798" CHANGEID="600878421" HOUSENUM="32Б" HOUSETYPE="7" OPERTYPEID="10" PREVID="0" NEXTID="0" UPDATEDATE="2024-09-11" STARTDATE="2024-09-11" ENDDATE="2079-06-06" ISACTUAL="1" ISACTIVE="1" /><HOUSE ID="126755114" OBJECTID="79783690" OBJECTGUID="811dcb03-1761-4549-9944-79047071a9d0" CHANGEID="600879144" HOUSENUM="9А" HOUSETYPE="2" OPERTYPEID="30" PREVID="60527469" NEXTID="0" UPDATEDATE="2024-09-11" STARTDATE="2024-09-11" ENDDATE="2079-06-06" ISACTUAL="1" ISACTIVE="0" /><HOUSE ID="60527469" OBJECTID="79783690" OBJECTGUID="811dcb03-1761-4549-9944-79047071a9d0" CHANGEID="118578943" HOUSENUM="9А" HOUSETYPE="2" OPERTYPEID="20" PREVID="48237637" NEXTID="126755114" UPDATEDATE="2024-09-11" STARTDATE="2017-10-03" ENDDATE="2024-09-11" ISACTUAL="0" ISACTIVE="0" /><HOUSE ID="126755115" OBJECTID="165187593" OBJECTGUID="4d8dd456-e4b1-4dde-ae98-9ff8b25544e1" CHANGEID="600879146" HOUSENUM="43А" HOUSETYPE="2" OPERTYPEID="10" PREVID="0" NEXTID="0" UPDATEDATE="2024-09-11" STARTDATE="2024-09-11" ENDDATE="2079-06-06" ISACTUAL="1" ISACTIVE="1" /><HOUSE ID="126755370" OBJECTID="165188532" OBJECTGUID="4b9dfb05-efc8-4e5e-8045-3c5b15431071" CHANGEID="600880431" HOUSENUM="2А" HOUSETYPE="2" OPERTYPEID="10" PREVID="0" NEXTID="0" UPDATEDATE="2024-09-11" STARTDATE="2024-09-11" ENDDATE="2079-06-06" ISACTUAL="1" ISACTIVE="1" /><HOUSE ID="126755378" OBJECTID="165188542" OBJECTGUID="593ca763-b7ab-4f1d-b90a-baec030d1170" CHANGEID="600880447" HOUSENUM="4/1" HOUSETYPE="2" OPERTYPEID="10" PREVID="0" NEXTID="0" UPDATEDATE="2024-09-11" STARTDATE="2024-09-11" ENDDATE="2079-06-06" ISACTUAL="1" ISACTIVE="1" /><HOUSE ID="126755371" OBJECTID="28980572" OBJECTGUID="7aba041a-0fe2-4f6d-9944-253ad60a8b12" CHANGEID="600880432" HOUSENUM="375" HOUSETYPE="2" OPERTYPEID="30" PREVID="17199482" NEXTID="0" UPDATEDATE="2024-09-11" STARTDATE="2024-09-11" ENDDATE="2079-06-06" ISACTUAL="1" ISACTIVE="0" /><HOUSE ID="17199482" OBJECTID="28980572" OBJECTGUID="7aba041a-0fe2-4f6d-9944-253ad60a8b12" CHANGEID="44524748" HOUSENUM="375" HOUSETYPE="2" OPERTYPEID="10" PREVID="0" NEXTID="126755371" UPDATEDATE="2024-09-11" STARTDATE="2019-01-21" ENDDATE="2024-09-11" ISACTUAL="0" ISACTIVE="0" /><HOUSE ID="126755376" OBJECTID="54877530" OBJECTGUID="10facf43-a53d-4d39-b556-5dc91aa1d95f" CHANGEID="600880444" HOUSENUM="21" HOUSETYPE="2" OPERTYPEID="30" PREVID="52583487" NEXTID="0" UPDATEDATE="2024-09-11" STARTDATE="2024-09-11" ENDDATE="2079-06-06" ISACTUAL="1" ISACTIVE="0" /><HOUSE ID="52583487" OBJECTID="54877530" OBJECTGUID="10facf43-a53d-4d39-b556-5dc91aa1d95f" CHANGEID="82093024" HOUSENUM="21" HOUSETYPE="2" OPERTYPEID="20" PREVID="32778317" NEXTID="126755376" UPDATEDATE="2024-09-11" STARTDATE="2017-10-03" ENDDATE="2024-09-11" ISACTUAL="0" ISACTIVE="0" /><HOUSE ID="126755570" OBJECTID="24921748" OBJECTGUID="7336eb4f-033a-4f7f-bb43-202f90b7cea6" CHANGEID="600881656" HOUSENUM="77" HOUSETYPE="2" OPERTYPEID="30" PREVID="59542956" NEXTID="0" UPDATEDATE="2024-09-11" STARTDATE="2024-09-11" ENDDATE="2079-06-06" ISACTUAL="1" ISACTIVE="0" /><HOUSE ID="126755571" OBJECTID="165189245" OBJECTGUID="1fe0fec4-83de-4c68-a3ac-2038cb28f117" CHANGEID="600881658" HOUSENUM="28" HOUSETYPE="2" OPERTYPEID="10" PREVID="0" NEXTID="0" UPDATEDATE="2024-09-11" STARTDATE="2024-09-11" ENDDATE="2079-06-06" ISACTUAL="1" ISACTIVE="1" /><HOUSE ID="126755706" OBJECTID="165189947" OBJECTGUID="754629f6-7a31-46ea-9255-e772b3860492" CHANGEID="600882714" HOUSENUM="3" HOUSETYPE="2" OPERTYPEID="10" PREVID="0" NEXTID="0" UPDATEDATE="2024-09-11" STARTDATE="2024-09-11" ENDDATE="2079-06-06" ISACTUAL="1" ISACTIVE="1" /><HOUSE ID="126755964" OBJECTID="83371364" OBJECTGUID="aac9c7d1-91f3-4a4d-ae60-ae77000831dc" CHANGEID="600883807" HOUSENUM="10" HOUSETYPE="2" OPERTYPEID="30" PREVID="63480177" NEXTID="0" UPDATEDATE="2024-09-11" STARTDATE="2024-09-11" ENDDATE="2079-06-06" ISACTUAL="1" ISACTIVE="0" /><HOUSE ID="126756017" OBJECTID="165191406" OBJECTGUID="dd657fa6-ea8a-4c53-b83f-6e7469f81d58" CHANGEID="600884909" HOUSENUM="10" HOUSETYPE="2" OPERTYPEID="10" PREVID="0" NEXTID="0" UPDATEDATE="2024-09-11" STARTDATE="2024-09-11" ENDDATE="2079-06-06" ISACTUAL="1" ISACTIVE="1" /><HOUSE ID="126756018" OBJECTID="165191413" OBJECTGUID="890f9451-b383-4959-93c6-0fa3281190ac" CHANGEID="600884918" HOUSENUM="4" HOUSETYPE="2" OPERTYPEID="10" PREVID="0" NEXTID="0" UPDATEDATE="2024-09-11" STARTDATE="2024-09-11" ENDDATE="2079-06-06" ISACTUAL="1" ISACTIVE="1" /><HOUSE ID="126756019" OBJECTID="165191415" OBJECTGUID="11b2e20c-e66f-4a5d-9d5f-5b60a4e17ce6" CHANGEID="600884923" HOUSENUM="6" HOUSETYPE="2" OPERTYPEID="10" PREVID="0" NEXTID="0" UPDATEDATE="2024-09-11" STARTDATE="2024-09-11" ENDDATE="2079-06-06" ISACTUAL="1" ISACTIVE="1" /><HOUSE ID="126756020" OBJECTID="165191416" OBJECTGUID="a1616057-430c-44d9-aa39-16a5ae29738b" CHANGEID="600884925" HOUSENUM="6А" HOUSETYPE="2" OPERTYPEID="10" PREVID="0" NEXTID="0" UPDATEDATE="2024-09-11" STARTDATE="2024-09-11" ENDDATE="2079-06-06" ISACTUAL="1" ISACTIVE="1" /><HOUSE ID="126756021" OBJECTID="165191419" OBJECTGUID="c5eba4e7-05d6-4db4-afb0-855ae01deac0" CHANGEID="600884933" HOUSENUM="7" HOUSETYPE="2" OPERTYPEID="10" PREVID="0" NEXTID="0" UPDATEDATE="2024-09-11" STARTDATE="2024-09-11" ENDDATE="2079-06-06" ISACTUAL="1" ISACTIVE="1" /><HOUSE ID="126757940" OBJECTID="165202373" OBJECTGUID="5f69c6cd-4ebb-448e-94db-60d2b671272e" CHANGEID="600899934" HOUSENUM="29" HOUSETYPE="2" OPERTYPEID="10" PREVID="0" NEXTID="0" UPDATEDATE="2024-09-11" STARTDATE="2024-09-11" ENDDATE="2079-06-06" ISACTUAL="1" ISACTIVE="1" /><HOUSE ID="126757941" OBJECTID="165202374" OBJECTGUID="034f2748-cdf8-4148-943f-1d19b3ce1f7f" CHANGEID="600899935" HOUSENUM="32" HOUSETYPE="2" OPERTYPEID="10" PREVID="0" NEXTID="0" UPDATEDATE="2024-09-11" STARTDATE="2024-09-11" ENDDATE="2079-06-06" ISACTUAL="1" ISACTIVE="1" /><HOUSE ID="126758023" OBJECTID="165202780" OBJECTGUID="bcc0337a-b937-4f41-b0f3-e67a80231c41" CHANGEID="600900494" HOUSENUM="4/1" HOUSETYPE="2" OPERTYPEID="10" PREVID="0" NEXTID="0" UPDATEDATE="2024-09-11" STARTDATE="2024-09-11" ENDDATE="2079-06-06" ISACTUAL="1" ISACTIVE="1" /><HOUSE ID="126758422" OBJECTID="165204919" OBJECTGUID="7f4f4a29-90e7-4398-9021-aa9352b0a789" CHANGEID="600903662" HOUSENUM="9А" HOUSETYPE="2" OPERTYPEID="10" PREVID="0" NEXTID="0" UPDATEDATE="2024-09-11" STARTDATE="2024-09-11" ENDDATE="2079-06-06" ISACTUAL="1" ISACTIVE="1" /><HOUSE ID="126758895" OBJECTID="165207090" OBJECTGUID="1941440a-9767-4df8-875e-328325a72b0d" CHANGEID="600906881" HOUSENUM="73/1" HOUSETYPE="2" OPERTYPEID="10" PREVID="0" NEXTID="0" UPDATEDATE="2024-09-11" STARTDATE="2024-09-11" ENDDATE="2079-06-06" ISACTUAL="1" ISACTIVE="1" /><HOUSE ID="126758896" OBJECTID="165207091" OBJECTGUID="1960fc0f-f406-46da-a3a3-b26a9a407cba" CHANGEID="600906882" HOUSENUM="73/2" HOUSETYPE="2" OPERTYPEID="10" PREVID="0" NEXTID="0" UPDATEDATE="2024-09-11" STARTDATE="2024-09-11" ENDDATE="2079-06-06" ISACTUAL="1" ISACTIVE="1" /><HOUSE ID="126758898" OBJECTID="165207092" OBJECTGUID="05a643d0-2582-4f7a-94f0-a380b0ef03cd" CHANGEID="600906884" HOUSENUM="4/1" HOUSETYPE="2" OPERTYPEID="10" PREVID="0" NEXTID="0" UPDATEDATE="2024-09-11" STARTDATE="2024-09-11" ENDDATE="2079-06-06" ISACTUAL="1" ISACTIVE="1" /><HOUSE ID="126758899" OBJECTID="165207093" OBJECTGUID="efaa3057-6b81-4696-acae-0d05d0c9a689" CHANGEID="600906885" HOUSENUM="4/2" HOUSETYPE="2" OPERTYPEID="10" PREVID="0" NEXTID="0" UPDATEDATE="2024-09-11" STARTDATE="2024-09-11" ENDDATE="2079-06-06" ISACTUAL="1" ISACTIVE="1" /><HOUSE ID="126758900" OBJECTID="165207095" OBJECTGUID="61c629dd-7ea7-4536-8f6d-fd90b2fefce5" CHANGEID="600906887" HOUSENUM="6/1" HOUSETYPE="2" OPERTYPEID="10" PREVID="0" NEXTID="0" UPDATEDATE="2024-09-11" STARTDATE="2024-09-11" ENDDATE="2079-06-06" ISACTUAL="1" ISACTIVE="1" /><HOUSE ID="126758897" OBJECTID="79281676" OBJECTGUID="c4c26b7a-1ea3-41ed-88dc-0ee7a34271b8" CHANGEID="600906883" HOUSENUM="4" HOUSETYPE="2" OPERTYPEID="30" PREVID="65320363" NEXTID="0" UPDATEDATE="2024-09-11" STARTDATE="2024-09-11" ENDDATE="2079-06-06" ISACTUAL="1" ISACTIVE="0" /><HOUSE ID="126758902" OBJECTID="165207102" OBJECTGUID="ce52d923-8ce5-43cc-a252-10cbbfcc15b6" CHANGEID="600906894" HOUSENUM="4" HOUSETYPE="2" OPERTYPEID="10" PREVID="0" NEXTID="0" UPDATEDATE="2024-09-11" STARTDATE="2024-09-11" ENDDATE="2079-06-06" ISACTUAL="1" ISACTIVE="1" /><HOUSE ID="126758974" OBJECTID="165207574" OBJECTGUID="87b076f1-0889-495b-9494-9ff308414aaa" CHANGEID="600907662" HOUSENUM="10" HOUSETYPE="2" OPERTYPEID="10" PREVID="0" NEXTID="0" UPDATEDATE="2024-09-11" STARTDATE="2024-09-11" ENDDATE="2079-06-06" ISACTUAL="1" ISACTIVE="1" /><HOUSE ID="126758982" OBJECTID="165207685" OBJECTGUID="42e3380d-78da-4e2a-8cb5-9effbf00f5c6" CHANGEID="600907788" HOUSENUM="77" HOUSETYPE="2" OPERTYPEID="10" PREVID="0" NEXTID="0" UPDATEDATE="2024-09-11" STARTDATE="2024-09-11" ENDDATE="2079-06-06" ISACTUAL="1" ISACTIVE="1" /><HOUSE ID="126760629" OBJECTID="165215438" OBJECTGUID="c5d097f6-cd8a-4eb2-b8dc-6fa1f629d733" CHANGEID="600921395" HOUSENUM="31А" HOUSETYPE="2" OPERTYPEID="10" PREVID="0" NEXTID="0" UPDATEDATE="2024-09-11" STARTDATE="2024-09-11" ENDDATE="2079-06-06" ISACTUAL="1" ISACTIVE="1" /><HOUSE ID="126760639" OBJECTID="165215480" OBJECTGUID="6431596d-5723-45bb-85ae-5ef2361bba68" CHANGEID="600921467" HOUSENUM="109/1" HOUSETYPE="2" OPERTYPEID="10" PREVID="0" NEXTID="0" UPDATEDATE="2024-09-11" STARTDATE="2024-09-11" ENDDATE="2079-06-06" ISACTUAL="1" ISACTIVE="1" /><HOUSE ID="126760653" OBJECTID="165215524" OBJECTGUID="2188a076-c3e1-4f7c-a918-500e5b97c3e9" CHANGEID="600921533" HOUSENUM="41/2" HOUSETYPE="2" OPERTYPEID="10" PREVID="0" NEXTID="0" UPDATEDATE="2024-09-11" STARTDATE="2024-09-11" ENDDATE="2079-06-06" ISACTUAL="1" ISACTIVE="1" /><HOUSE ID="126760987" OBJECTID="165216427" OBJECTGUID="8b478189-a2c3-4672-ad19-f2c2583d9b2b" CHANGEID="600923144" HOUSENUM="3А/1" HOUSETYPE="2" OPERTYPEID="10" PREVID="0" NEXTID="0" UPDATEDATE="2024-09-11" STARTDATE="2024-09-11" ENDDATE="2079-06-06" ISACTUAL="1" ISACTIVE="1" /><HOUSE ID="126760988" OBJECTID="165216428" OBJECTGUID="697c60d2-6a30-45f2-b54d-95defd367aca" CHANGEID="600923145" HOUSENUM="3А/2" HOUSETYPE="2" OPERTYPEID="10" PREVID="0" NEXTID="0" UPDATEDATE="2024-09-11" STARTDATE="2024-09-11" ENDDATE="2079-06-06" ISACTUAL="1" ISACTIVE="1" /><HOUSE ID="126761107" OBJECTID="165217510" OBJECTGUID="35c13b60-fb80-48e6-9d55-8c80b3fad963" CHANGEID="600924564" HOUSENUM="113А" HOUSETYPE="2" OPERTYPEID="10" PREVID="0" NEXTID="0" UPDATEDATE="2024-09-11" STARTDATE="2024-09-11" ENDDATE="2079-06-06" ISACTUAL="1" ISACTIVE="1" /></HOUSES>