﻿<?xml version="1.0" encoding="utf-8"?><STEADS><STEAD ID="5376470" OBJECTID="89912370" OBJECTGUID="a129a0fa-8b6d-4d9e-bacc-4776393e34f8" CHANGEID="132443682" NUMBER="64" OPERTYPEID="10" NEXTID="68646673" UPDATEDATE="2024-09-09" STARTDATE="2019-04-11" ENDDATE="2024-09-09" ISACTUAL="0" ISACTIVE="0" /><STEAD ID="67442431" OBJECTID="161819613" OBJECTGUID="9deca4c0-cd1a-44b4-9e23-14afdbc60f79" CHANGEID="576921258" NUMBER="15Н" OPERTYPEID="10" PREVID="0" NEXTID="68669476" UPDATEDATE="2024-09-10" STARTDATE="2023-12-19" ENDDATE="2024-09-10" ISACTUAL="0" ISACTIVE="0" /><STEAD ID="67442443" OBJECTID="161819625" OBJECTGUID="d9c07316-6fb7-47af-80d3-cdddd8c45383" CHANGEID="576921271" NUMBER="40" OPERTYPEID="10" PREVID="0" NEXTID="68669477" UPDATEDATE="2024-09-10" STARTDATE="2023-12-19" ENDDATE="2024-09-10" ISACTUAL="0" ISACTIVE="0" /><STEAD ID="68498199" OBJECTID="164827569" OBJECTGUID="65713d15-ee17-4caf-ba4c-91d224f20219" CHANGEID="599906751" NUMBER="45а" OPERTYPEID="10" PREVID="0" NEXTID="68654619" UPDATEDATE="2024-09-09" STARTDATE="2024-08-22" ENDDATE="2024-09-09" ISACTUAL="0" ISACTIVE="0" /><STEAD ID="68507015" OBJECTID="164845552" OBJECTGUID="3e8e5cbc-0ba8-44b0-8538-2b37de2404d5" CHANGEID="599939722" NUMBER="127" OPERTYPEID="10" PREVID="0" NEXTID="68671996" UPDATEDATE="2024-09-10" STARTDATE="2024-08-23" ENDDATE="2024-09-10" ISACTUAL="0" ISACTIVE="0" /><STEAD ID="68611552" OBJECTID="165057135" OBJECTGUID="7b42af71-589f-45c9-8ca7-fbf50e3573a7" CHANGEID="600506276" NUMBER="10" OPERTYPEID="10" PREVID="0" NEXTID="0" UPDATEDATE="2024-09-05" STARTDATE="2024-09-05" ENDDATE="2079-06-06" ISACTUAL="1" ISACTIVE="1" /><STEAD ID="68611553" OBJECTID="165057136" OBJECTGUID="ad4cd015-1372-4277-94df-10555fc15c29" CHANGEID="600506278" NUMBER="591" OPERTYPEID="10" PREVID="0" NEXTID="0" UPDATEDATE="2024-09-05" STARTDATE="2024-09-05" ENDDATE="2079-06-06" ISACTUAL="1" ISACTIVE="1" /><STEAD ID="68611635" OBJECTID="165057296" OBJECTGUID="21697c95-c78b-45df-9075-b971ed4d64bc" CHANGEID="600506658" NUMBER="289" OPERTYPEID="10" PREVID="0" NEXTID="0" UPDATEDATE="2024-09-05" STARTDATE="2024-09-05" ENDDATE="2079-06-06" ISACTUAL="1" ISACTIVE="1" /><STEAD ID="68611636" OBJECTID="165057297" OBJECTGUID="914ad72e-3dd2-4c8f-8c2b-993ff27da5aa" CHANGEID="600506659" NUMBER="449" OPERTYPEID="10" PREVID="0" NEXTID="0" UPDATEDATE="2024-09-05" STARTDATE="2024-09-05" ENDDATE="2079-06-06" ISACTUAL="1" ISACTIVE="1" /><STEAD ID="68611637" OBJECTID="165057298" OBJECTGUID="363a7aed-8429-4ef8-8681-9ffba3dbf4e3" CHANGEID="600506660" NUMBER="624" OPERTYPEID="10" PREVID="0" NEXTID="0" UPDATEDATE="2024-09-05" STARTDATE="2024-09-05" ENDDATE="2079-06-06" ISACTUAL="1" ISACTIVE="1" /><STEAD ID="68611638" OBJECTID="165057299" OBJECTGUID="a00bc4d0-a50b-48e5-9125-c12f7e24e09e" CHANGEID="600506661" NUMBER="1259" OPERTYPEID="10" PREVID="0" NEXTID="0" UPDATEDATE="2024-09-05" STARTDATE="2024-09-05" ENDDATE="2079-06-06" ISACTUAL="1" ISACTIVE="1" /><STEAD ID="68611642" OBJECTID="165057303" OBJECTGUID="16498d63-26dc-439c-a813-b5756f1eb39b" CHANGEID="600506665" NUMBER="431" OPERTYPEID="10" PREVID="0" NEXTID="0" UPDATEDATE="2024-09-05" STARTDATE="2024-09-05" ENDDATE="2079-06-06" ISACTUAL="1" ISACTIVE="1" /><STEAD ID="68611634" OBJECTID="165057295" OBJECTGUID="dd29a1b4-78fe-4f9d-82c2-a2b5b43e7a51" CHANGEID="600506654" NUMBER="40" OPERTYPEID="10" PREVID="0" NEXTID="0" UPDATEDATE="2024-09-05" STARTDATE="2024-09-05" ENDDATE="2079-06-06" ISACTUAL="1" ISACTIVE="1" /><STEAD ID="68611639" OBJECTID="165057300" OBJECTGUID="5d877edc-4096-4990-9490-e2fa0d8498c9" CHANGEID="600506662" NUMBER="4" OPERTYPEID="10" PREVID="0" NEXTID="0" UPDATEDATE="2024-09-05" STARTDATE="2024-09-05" ENDDATE="2079-06-06" ISACTUAL="1" ISACTIVE="1" /><STEAD ID="68611640" OBJECTID="165057301" OBJECTGUID="295465fc-38f1-41a1-a4a7-d48f2002ff6f" CHANGEID="600506663" NUMBER="130" OPERTYPEID="10" PREVID="0" NEXTID="0" UPDATEDATE="2024-09-05" STARTDATE="2024-09-05" ENDDATE="2079-06-06" ISACTUAL="1" ISACTIVE="1" /><STEAD ID="68611641" OBJECTID="165057302" OBJECTGUID="06ce6951-7368-4715-a9ed-f735972dae6b" CHANGEID="600506664" NUMBER="276" OPERTYPEID="10" PREVID="0" NEXTID="0" UPDATEDATE="2024-09-05" STARTDATE="2024-09-05" ENDDATE="2079-06-06" ISACTUAL="1" ISACTIVE="1" /><STEAD ID="68612271" OBJECTID="165058247" OBJECTGUID="6d30dc21-6c2b-459f-b70f-18cfc70c1c2c" CHANGEID="600508401" NUMBER="17" OPERTYPEID="10" PREVID="0" NEXTID="0" UPDATEDATE="2024-09-05" STARTDATE="2024-09-05" ENDDATE="2079-06-06" ISACTUAL="1" ISACTIVE="1" /><STEAD ID="68612294" OBJECTID="165058270" OBJECTGUID="b9e03bec-6d7d-461a-93c5-3df7eff0e49f" CHANGEID="600508433" NUMBER="9" OPERTYPEID="10" PREVID="0" NEXTID="0" UPDATEDATE="2024-09-05" STARTDATE="2024-09-05" ENDDATE="2079-06-06" ISACTUAL="1" ISACTIVE="1" /><STEAD ID="68612578" OBJECTID="165058734" OBJECTGUID="149c1dcf-ffc4-4246-8272-04cc27f697be" CHANGEID="600509164" NUMBER="38" OPERTYPEID="10" PREVID="0" NEXTID="0" UPDATEDATE="2024-09-05" STARTDATE="2024-09-05" ENDDATE="2079-06-06" ISACTUAL="1" ISACTIVE="1" /><STEAD ID="68612823" OBJECTID="165059011" OBJECTGUID="6a8c4bd3-7b98-4872-a28a-c178e48fc471" CHANGEID="600509491" NUMBER="13/1" OPERTYPEID="10" PREVID="0" NEXTID="0" UPDATEDATE="2024-09-05" STARTDATE="2024-09-05" ENDDATE="2079-06-06" ISACTUAL="1" ISACTIVE="1" /><STEAD ID="68614680" OBJECTID="165061473" OBJECTGUID="400a3e73-d5f1-4f27-a807-b05dc11b3574" CHANGEID="600513128" NUMBER="9/2" OPERTYPEID="10" PREVID="0" NEXTID="0" UPDATEDATE="2024-09-05" STARTDATE="2024-09-05" ENDDATE="2079-06-06" ISACTUAL="1" ISACTIVE="1" /><STEAD ID="68614688" OBJECTID="165061482" OBJECTGUID="f22c4d1d-09cb-4942-aa14-b1187b6289ab" CHANGEID="600513138" NUMBER="28" OPERTYPEID="10" PREVID="0" NEXTID="0" UPDATEDATE="2024-09-05" STARTDATE="2024-09-05" ENDDATE="2079-06-06" ISACTUAL="1" ISACTIVE="1" /><STEAD ID="68614690" OBJECTID="165061484" OBJECTGUID="4d1b3682-0a5f-48e5-b05d-6d189c79a052" CHANGEID="600513140" NUMBER="3" OPERTYPEID="10" PREVID="0" NEXTID="0" UPDATEDATE="2024-09-05" STARTDATE="2024-09-05" ENDDATE="2079-06-06" ISACTUAL="1" ISACTIVE="1" /><STEAD ID="68614741" OBJECTID="165061547" OBJECTGUID="72f7c452-d38d-41aa-b3b2-f2c3f58202be" CHANGEID="600513217" NUMBER="6/1" OPERTYPEID="10" PREVID="0" NEXTID="0" UPDATEDATE="2024-09-05" STARTDATE="2024-09-05" ENDDATE="2079-06-06" ISACTUAL="1" ISACTIVE="1" /><STEAD ID="68615345" OBJECTID="165062671" OBJECTGUID="3b3df7e0-e899-45b0-9615-27a0b1dd1021" CHANGEID="600515030" NUMBER="6/2" OPERTYPEID="10" PREVID="0" NEXTID="0" UPDATEDATE="2024-09-05" STARTDATE="2024-09-05" ENDDATE="2079-06-06" ISACTUAL="1" ISACTIVE="1" /><STEAD ID="68615990" OBJECTID="165063847" OBJECTGUID="c0ecd83a-e3f4-4fdd-8988-36a3b4bf7d49" CHANGEID="600516912" NUMBER="9А" OPERTYPEID="10" PREVID="0" NEXTID="0" UPDATEDATE="2024-09-05" STARTDATE="2024-09-05" ENDDATE="2079-06-06" ISACTUAL="1" ISACTIVE="1" /><STEAD ID="68615991" OBJECTID="165063849" OBJECTGUID="4a6d7099-9ab4-47dc-a4ee-2fb9dc0744bb" CHANGEID="600516914" NUMBER="19" OPERTYPEID="10" PREVID="0" NEXTID="0" UPDATEDATE="2024-09-05" STARTDATE="2024-09-05" ENDDATE="2079-06-06" ISACTUAL="1" ISACTIVE="1" /><STEAD ID="68618672" OBJECTID="165069201" OBJECTGUID="a56e1de3-4211-4a99-b7ad-04d7efb2c3a6" CHANGEID="600525870" NUMBER="33" OPERTYPEID="10" PREVID="0" NEXTID="0" UPDATEDATE="2024-09-05" STARTDATE="2024-09-05" ENDDATE="2079-06-06" ISACTUAL="1" ISACTIVE="1" /><STEAD ID="68618690" OBJECTID="165069220" OBJECTGUID="893c2aaf-9887-4cbc-8978-af19e0fcf1b7" CHANGEID="600525892" NUMBER="23" OPERTYPEID="10" PREVID="0" NEXTID="0" UPDATEDATE="2024-09-05" STARTDATE="2024-09-05" ENDDATE="2079-06-06" ISACTUAL="1" ISACTIVE="1" /><STEAD ID="68618691" OBJECTID="165069222" OBJECTGUID="4dca336f-af52-4f3b-a120-2ff2e068c174" CHANGEID="600525894" NUMBER="43" OPERTYPEID="10" PREVID="0" NEXTID="0" UPDATEDATE="2024-09-05" STARTDATE="2024-09-05" ENDDATE="2079-06-06" ISACTUAL="1" ISACTIVE="1" /><STEAD ID="68618692" OBJECTID="165069226" OBJECTGUID="00442a56-e0fa-4162-8ae9-48957aecfc4b" CHANGEID="600525898" NUMBER="3/2" OPERTYPEID="10" PREVID="0" NEXTID="0" UPDATEDATE="2024-09-05" STARTDATE="2024-09-05" ENDDATE="2079-06-06" ISACTUAL="1" ISACTIVE="1" /><STEAD ID="68618668" OBJECTID="165069194" OBJECTGUID="6be4f06f-51a7-421e-8483-26a50a58997c" CHANGEID="600525863" NUMBER="25А" OPERTYPEID="10" PREVID="0" NEXTID="0" UPDATEDATE="2024-09-05" STARTDATE="2024-09-05" ENDDATE="2079-06-06" ISACTUAL="1" ISACTIVE="1" /><STEAD ID="68618673" OBJECTID="165069202" OBJECTGUID="4700b3f8-57b6-410f-8b78-e87ba99e9d51" CHANGEID="600525871" NUMBER="17" OPERTYPEID="10" PREVID="0" NEXTID="0" UPDATEDATE="2024-09-05" STARTDATE="2024-09-05" ENDDATE="2079-06-06" ISACTUAL="1" ISACTIVE="1" /><STEAD ID="68618674" OBJECTID="165069203" OBJECTGUID="4b378f28-163d-4c80-956e-b76c448ea0f6" CHANGEID="600525872" NUMBER="17А" OPERTYPEID="10" PREVID="0" NEXTID="0" UPDATEDATE="2024-09-05" STARTDATE="2024-09-05" ENDDATE="2079-06-06" ISACTUAL="1" ISACTIVE="1" /><STEAD ID="68618675" OBJECTID="165069204" OBJECTGUID="810abdd0-38a3-44d8-937b-2a625a3027e8" CHANGEID="600525873" NUMBER="19" OPERTYPEID="10" PREVID="0" NEXTID="0" UPDATEDATE="2024-09-05" STARTDATE="2024-09-05" ENDDATE="2079-06-06" ISACTUAL="1" ISACTIVE="1" /><STEAD ID="68618676" OBJECTID="165069205" OBJECTGUID="8ca8bf5e-763f-46f8-93d2-5cb13be091fa" CHANGEID="600525874" NUMBER="23" OPERTYPEID="10" PREVID="0" NEXTID="0" UPDATEDATE="2024-09-05" STARTDATE="2024-09-05" ENDDATE="2079-06-06" ISACTUAL="1" ISACTIVE="1" /><STEAD ID="68618677" OBJECTID="165069206" OBJECTGUID="19aefc81-db10-40e4-b3c1-9b80d0831279" CHANGEID="600525875" NUMBER="25" OPERTYPEID="10" PREVID="0" NEXTID="0" UPDATEDATE="2024-09-05" STARTDATE="2024-09-05" ENDDATE="2079-06-06" ISACTUAL="1" ISACTIVE="1" /><STEAD ID="68618678" OBJECTID="165069207" OBJECTGUID="2e126692-8b8c-47b5-a7d1-1a8d1128c388" CHANGEID="600525876" NUMBER="29" OPERTYPEID="10" PREVID="0" NEXTID="0" UPDATEDATE="2024-09-05" STARTDATE="2024-09-05" ENDDATE="2079-06-06" ISACTUAL="1" ISACTIVE="1" /><STEAD ID="68618679" OBJECTID="165069208" OBJECTGUID="9cb153ff-5da9-4a3c-825c-19fafa153b8f" CHANGEID="600525877" NUMBER="44" OPERTYPEID="10" PREVID="0" NEXTID="0" UPDATEDATE="2024-09-05" STARTDATE="2024-09-05" ENDDATE="2079-06-06" ISACTUAL="1" ISACTIVE="1" /><STEAD ID="68618680" OBJECTID="165069209" OBJECTGUID="253de7a2-e2e8-4a9e-bbea-5eb80a2ddca5" CHANGEID="600525878" NUMBER="54" OPERTYPEID="10" PREVID="0" NEXTID="0" UPDATEDATE="2024-09-05" STARTDATE="2024-09-05" ENDDATE="2079-06-06" ISACTUAL="1" ISACTIVE="1" /><STEAD ID="68618681" OBJECTID="165069210" OBJECTGUID="261b2d64-baec-4e3b-aa3b-17c18e3187ed" CHANGEID="600525879" NUMBER="58" OPERTYPEID="10" PREVID="0" NEXTID="0" UPDATEDATE="2024-09-05" STARTDATE="2024-09-05" ENDDATE="2079-06-06" ISACTUAL="1" ISACTIVE="1" /><STEAD ID="68618682" OBJECTID="165069211" OBJECTGUID="693428cf-c5fb-4916-aa10-db495c22b578" CHANGEID="600525880" NUMBER="60" OPERTYPEID="10" PREVID="0" NEXTID="0" UPDATEDATE="2024-09-05" STARTDATE="2024-09-05" ENDDATE="2079-06-06" ISACTUAL="1" ISACTIVE="1" /><STEAD ID="68618683" OBJECTID="165069212" OBJECTGUID="53ab9993-319a-4045-b5f7-5ec4697cff05" CHANGEID="600525881" NUMBER="66" OPERTYPEID="10" PREVID="0" NEXTID="0" UPDATEDATE="2024-09-05" STARTDATE="2024-09-05" ENDDATE="2079-06-06" ISACTUAL="1" ISACTIVE="1" /><STEAD ID="68618693" OBJECTID="165069227" OBJECTGUID="bc1a32ad-034c-4d97-9231-333acca9ae6a" CHANGEID="600525899" NUMBER="3/1" OPERTYPEID="10" PREVID="0" NEXTID="0" UPDATEDATE="2024-09-05" STARTDATE="2024-09-05" ENDDATE="2079-06-06" ISACTUAL="1" ISACTIVE="1" /><STEAD ID="68619041" OBJECTID="165069935" OBJECTGUID="5f46c51a-d401-44c3-9480-c11fc0abbf10" CHANGEID="600527134" NUMBER="58/1" OPERTYPEID="10" PREVID="0" NEXTID="0" UPDATEDATE="2024-09-05" STARTDATE="2024-09-05" ENDDATE="2079-06-06" ISACTUAL="1" ISACTIVE="1" /><STEAD ID="68620601" OBJECTID="165073026" OBJECTGUID="4e9eb729-4b90-446b-9a73-aa72949370d6" CHANGEID="600531642" NUMBER="2/2" OPERTYPEID="10" PREVID="0" NEXTID="0" UPDATEDATE="2024-09-05" STARTDATE="2024-09-05" ENDDATE="2079-06-06" ISACTUAL="1" ISACTIVE="1" /><STEAD ID="68620602" OBJECTID="165073027" OBJECTGUID="39092a77-4e2d-4526-b337-498fb0921c78" CHANGEID="600531643" NUMBER="2/1" OPERTYPEID="10" PREVID="0" NEXTID="0" UPDATEDATE="2024-09-05" STARTDATE="2024-09-05" ENDDATE="2079-06-06" ISACTUAL="1" ISACTIVE="1" /><STEAD ID="68621004" OBJECTID="165074345" OBJECTGUID="26bd4f2a-c978-4206-9845-c9d2bd1e2249" CHANGEID="600533510" NUMBER="18/1" OPERTYPEID="10" PREVID="0" NEXTID="0" UPDATEDATE="2024-09-05" STARTDATE="2024-09-05" ENDDATE="2079-06-06" ISACTUAL="1" ISACTIVE="1" /><STEAD ID="68621025" OBJECTID="165074493" OBJECTGUID="c4a51662-da28-47dc-92bf-ec4f588accbf" CHANGEID="600533692" NUMBER="18/2" OPERTYPEID="10" PREVID="0" NEXTID="0" UPDATEDATE="2024-09-05" STARTDATE="2024-09-05" ENDDATE="2079-06-06" ISACTUAL="1" ISACTIVE="1" /><STEAD ID="68621214" OBJECTID="165074958" OBJECTGUID="b11c45df-007d-481d-943a-ec846e5c9800" CHANGEID="600534858" NUMBER="16" OPERTYPEID="10" PREVID="0" NEXTID="0" UPDATEDATE="2024-09-05" STARTDATE="2024-09-05" ENDDATE="2079-06-06" ISACTUAL="1" ISACTIVE="1" /><STEAD ID="68628693" OBJECTID="165091471" OBJECTGUID="3f957f35-4ccb-4ede-8211-d5bfa38c7eeb" CHANGEID="600562024" NUMBER="31А" OPERTYPEID="10" PREVID="0" NEXTID="0" UPDATEDATE="2024-09-06" STARTDATE="2024-09-06" ENDDATE="2079-06-06" ISACTUAL="1" ISACTIVE="1" /><STEAD ID="68628696" OBJECTID="165091475" OBJECTGUID="ddc177b9-6730-41cb-a9f1-deee761e7303" CHANGEID="600562040" NUMBER="15" OPERTYPEID="10" PREVID="0" NEXTID="0" UPDATEDATE="2024-09-06" STARTDATE="2024-09-06" ENDDATE="2079-06-06" ISACTUAL="1" ISACTIVE="1" /><STEAD ID="68628694" OBJECTID="165091472" OBJECTGUID="77ebd310-bc14-458a-8b50-2e7e6cb0758c" CHANGEID="600562027" NUMBER="25/А" OPERTYPEID="10" PREVID="0" NEXTID="0" UPDATEDATE="2024-09-06" STARTDATE="2024-09-06" ENDDATE="2079-06-06" ISACTUAL="1" ISACTIVE="1" /><STEAD ID="68628695" OBJECTID="165091473" OBJECTGUID="d46f2e55-201c-4f21-ac3a-c26ef0287bd5" CHANGEID="600562033" NUMBER="6" OPERTYPEID="10" PREVID="0" NEXTID="0" UPDATEDATE="2024-09-06" STARTDATE="2024-09-06" ENDDATE="2079-06-06" ISACTUAL="1" ISACTIVE="1" /><STEAD ID="68629310" OBJECTID="165092225" OBJECTGUID="357c5ca5-5f61-4dba-a62a-3a4fb069e2fb" CHANGEID="600563604" NUMBER="34" OPERTYPEID="10" PREVID="0" NEXTID="0" UPDATEDATE="2024-09-06" STARTDATE="2024-09-06" ENDDATE="2079-06-06" ISACTUAL="1" ISACTIVE="1" /><STEAD ID="68629314" OBJECTID="165092230" OBJECTGUID="2039c473-d723-4331-80a2-8237c8aa1a5a" CHANGEID="600563632" NUMBER="10" OPERTYPEID="10" PREVID="0" NEXTID="0" UPDATEDATE="2024-09-06" STARTDATE="2024-09-06" ENDDATE="2079-06-06" ISACTUAL="1" ISACTIVE="1" /><STEAD ID="68629940" OBJECTID="165093479" OBJECTGUID="82f7a3da-99da-4c16-bc1d-fb413437c3a6" CHANGEID="600565434" NUMBER="6/2" OPERTYPEID="10" PREVID="0" NEXTID="0" UPDATEDATE="2024-09-06" STARTDATE="2024-09-06" ENDDATE="2079-06-06" ISACTUAL="1" ISACTIVE="1" /><STEAD ID="68630107" OBJECTID="165093669" OBJECTGUID="e8e6fcbc-4b74-416a-8d4f-40f6f508d2e6" CHANGEID="600565722" NUMBER="151А" OPERTYPEID="10" PREVID="0" NEXTID="0" UPDATEDATE="2024-09-06" STARTDATE="2024-09-06" ENDDATE="2079-06-06" ISACTUAL="1" ISACTIVE="1" /><STEAD ID="68630109" OBJECTID="165093672" OBJECTGUID="f99d35be-d0fd-4d83-bb26-ed5e3b77074b" CHANGEID="600565725" NUMBER="61А" OPERTYPEID="10" PREVID="0" NEXTID="0" UPDATEDATE="2024-09-06" STARTDATE="2024-09-06" ENDDATE="2079-06-06" ISACTUAL="1" ISACTIVE="1" /><STEAD ID="68630111" OBJECTID="165093674" OBJECTGUID="3c04ee55-6fcb-4397-8bdb-bb1e3cbe39de" CHANGEID="600565727" NUMBER="4А" OPERTYPEID="10" PREVID="0" NEXTID="0" UPDATEDATE="2024-09-06" STARTDATE="2024-09-06" ENDDATE="2079-06-06" ISACTUAL="1" ISACTIVE="1" /><STEAD ID="68630203" OBJECTID="165093839" OBJECTGUID="02f870a5-e4b8-4973-a141-5ccae7a9218a" CHANGEID="600566211" NUMBER="1" OPERTYPEID="10" PREVID="0" NEXTID="0" UPDATEDATE="2024-09-06" STARTDATE="2024-09-06" ENDDATE="2079-06-06" ISACTUAL="1" ISACTIVE="1" /><STEAD ID="68630433" OBJECTID="165094326" OBJECTGUID="52e3eba0-8e47-4f5b-9dad-5835c6aeb1f3" CHANGEID="600567392" NUMBER="27А/1" OPERTYPEID="10" PREVID="0" NEXTID="0" UPDATEDATE="2024-09-06" STARTDATE="2024-09-06" ENDDATE="2079-06-06" ISACTUAL="1" ISACTIVE="1" /><STEAD ID="68630436" OBJECTID="165094335" OBJECTGUID="53453ce8-9611-4340-a337-5baa1e48139b" CHANGEID="600567404" NUMBER="17" OPERTYPEID="10" PREVID="0" NEXTID="0" UPDATEDATE="2024-09-06" STARTDATE="2024-09-06" ENDDATE="2079-06-06" ISACTUAL="1" ISACTIVE="1" /><STEAD ID="68630434" OBJECTID="165094327" OBJECTGUID="60327d96-715e-4e41-b329-2ae037d49f93" CHANGEID="600567393" NUMBER="55Б" OPERTYPEID="10" PREVID="0" NEXTID="0" UPDATEDATE="2024-09-06" STARTDATE="2024-09-06" ENDDATE="2079-06-06" ISACTUAL="1" ISACTIVE="1" /><STEAD ID="68630932" OBJECTID="165095285" OBJECTGUID="0803d08b-feae-45f7-baad-9f9437170902" CHANGEID="600569340" NUMBER="8Е" OPERTYPEID="10" PREVID="0" NEXTID="0" UPDATEDATE="2024-09-06" STARTDATE="2024-09-06" ENDDATE="2079-06-06" ISACTUAL="1" ISACTIVE="1" /><STEAD ID="68630933" OBJECTID="165095286" OBJECTGUID="deb705ff-fc69-4e1c-b278-958edb475534" CHANGEID="600569341" NUMBER="8Ж" OPERTYPEID="10" PREVID="0" NEXTID="0" UPDATEDATE="2024-09-06" STARTDATE="2024-09-06" ENDDATE="2079-06-06" ISACTUAL="1" ISACTIVE="1" /><STEAD ID="68634713" OBJECTID="165101374" OBJECTGUID="4d3d6332-9531-407e-a5f6-5081fe1e7a65" CHANGEID="600581376" NUMBER="18/2" OPERTYPEID="10" PREVID="0" NEXTID="0" UPDATEDATE="2024-09-06" STARTDATE="2024-09-06" ENDDATE="2079-06-06" ISACTUAL="1" ISACTIVE="1" /><STEAD ID="68634712" OBJECTID="165101371" OBJECTGUID="1828b9fb-1cae-4e63-9a5f-6ca51c7aa562" CHANGEID="600581373" NUMBER="7/2" OPERTYPEID="10" PREVID="0" NEXTID="0" UPDATEDATE="2024-09-06" STARTDATE="2024-09-06" ENDDATE="2079-06-06" ISACTUAL="1" ISACTIVE="1" /><STEAD ID="68634824" OBJECTID="165101506" OBJECTGUID="624bbf97-cb53-4956-a0d5-0f159e00862c" CHANGEID="600581540" NUMBER="39" OPERTYPEID="10" PREVID="0" NEXTID="0" UPDATEDATE="2024-09-06" STARTDATE="2024-09-06" ENDDATE="2079-06-06" ISACTUAL="1" ISACTIVE="1" /><STEAD ID="68634825" OBJECTID="165101507" OBJECTGUID="81ba5429-d9d2-4543-ac89-01106cf4d3d4" CHANGEID="600581541" NUMBER="47" OPERTYPEID="10" PREVID="0" NEXTID="0" UPDATEDATE="2024-09-06" STARTDATE="2024-09-06" ENDDATE="2079-06-06" ISACTUAL="1" ISACTIVE="1" /><STEAD ID="68635282" OBJECTID="165102362" OBJECTGUID="6267ad17-4067-4341-a1e8-09f44d6ee78a" CHANGEID="600583118" NUMBER="19/1" OPERTYPEID="10" PREVID="0" NEXTID="0" UPDATEDATE="2024-09-06" STARTDATE="2024-09-06" ENDDATE="2079-06-06" ISACTUAL="1" ISACTIVE="1" /><STEAD ID="68635283" OBJECTID="165102363" OBJECTGUID="1e059319-f0ae-419a-986b-9f6bbea084d7" CHANGEID="600583119" NUMBER="19/2" OPERTYPEID="10" PREVID="0" NEXTID="0" UPDATEDATE="2024-09-06" STARTDATE="2024-09-06" ENDDATE="2079-06-06" ISACTUAL="1" ISACTIVE="1" /><STEAD ID="68635177" OBJECTID="165102238" OBJECTGUID="84352999-534c-45f2-b504-32048eddf493" CHANGEID="600582785" NUMBER="2/3" OPERTYPEID="10" PREVID="0" NEXTID="0" UPDATEDATE="2024-09-06" STARTDATE="2024-09-06" ENDDATE="2079-06-06" ISACTUAL="1" ISACTIVE="1" /><STEAD ID="68635304" OBJECTID="165102395" OBJECTGUID="1fde2aed-a4f9-403a-b0ac-91a11cc0d8e4" CHANGEID="600583172" NUMBER="4/1" OPERTYPEID="10" PREVID="0" NEXTID="0" UPDATEDATE="2024-09-06" STARTDATE="2024-09-06" ENDDATE="2079-06-06" ISACTUAL="1" ISACTIVE="1" /><STEAD ID="68635318" OBJECTID="165102416" OBJECTGUID="da80517f-016c-4499-b692-49da149829c5" CHANGEID="600583205" NUMBER="1" OPERTYPEID="10" PREVID="0" NEXTID="0" UPDATEDATE="2024-09-06" STARTDATE="2024-09-06" ENDDATE="2079-06-06" ISACTUAL="1" ISACTIVE="1" /><STEAD ID="68635340" OBJECTID="165102457" OBJECTGUID="3379c655-3864-439b-b6f7-bb4d89154986" CHANGEID="600583281" NUMBER="45" OPERTYPEID="10" PREVID="0" NEXTID="0" UPDATEDATE="2024-09-06" STARTDATE="2024-09-06" ENDDATE="2079-06-06" ISACTUAL="1" ISACTIVE="1" /><STEAD ID="68635354" OBJECTID="165102483" OBJECTGUID="e3486cb2-2f39-4feb-9837-4e12e3d22bd8" CHANGEID="600583345" NUMBER="40" OPERTYPEID="10" PREVID="0" NEXTID="0" UPDATEDATE="2024-09-06" STARTDATE="2024-09-06" ENDDATE="2079-06-06" ISACTUAL="1" ISACTIVE="1" /><STEAD ID="68635364" OBJECTID="165102498" OBJECTGUID="85e26b30-a212-4369-bf6a-564871aa5eff" CHANGEID="600583368" NUMBER="40" OPERTYPEID="10" PREVID="0" NEXTID="0" UPDATEDATE="2024-09-06" STARTDATE="2024-09-06" ENDDATE="2079-06-06" ISACTUAL="1" ISACTIVE="1" /><STEAD ID="68637507" OBJECTID="165105392" OBJECTGUID="adccaa54-d90e-4d63-af3e-6c03a2821657" CHANGEID="600588357" NUMBER="27" OPERTYPEID="10" PREVID="0" NEXTID="0" UPDATEDATE="2024-09-06" STARTDATE="2024-09-06" ENDDATE="2079-06-06" ISACTUAL="1" ISACTIVE="1" /><STEAD ID="68637624" OBJECTID="165105539" OBJECTGUID="10b2c902-9137-461c-a73b-d35d0afd9d44" CHANGEID="600588590" NUMBER="231" OPERTYPEID="10" PREVID="0" NEXTID="0" UPDATEDATE="2024-09-06" STARTDATE="2024-09-06" ENDDATE="2079-06-06" ISACTUAL="1" ISACTIVE="1" /><STEAD ID="68637699" OBJECTID="165105631" OBJECTGUID="a6fc1bde-b372-49b6-b161-2f749693a8d3" CHANGEID="600588738" NUMBER="81" OPERTYPEID="10" PREVID="0" NEXTID="0" UPDATEDATE="2024-09-06" STARTDATE="2024-09-06" ENDDATE="2079-06-06" ISACTUAL="1" ISACTIVE="1" /><STEAD ID="68640488" OBJECTID="165110917" OBJECTGUID="8fca2601-bdb9-4cea-ba02-62ccbc27d68d" CHANGEID="600602356" NUMBER="1/7" OPERTYPEID="10" PREVID="0" NEXTID="0" UPDATEDATE="2024-09-06" STARTDATE="2024-09-06" ENDDATE="2079-06-06" ISACTUAL="1" ISACTIVE="1" /><STEAD ID="68640489" OBJECTID="165110918" OBJECTGUID="60784879-f7a8-4ea0-952e-6f1f49b5ed93" CHANGEID="600602369" NUMBER="1/9" OPERTYPEID="10" PREVID="0" NEXTID="0" UPDATEDATE="2024-09-06" STARTDATE="2024-09-06" ENDDATE="2079-06-06" ISACTUAL="1" ISACTIVE="1" /><STEAD ID="68640490" OBJECTID="165110919" OBJECTGUID="9b0eb3ff-61e9-4e05-91a2-b07399e1c5f7" CHANGEID="600602370" NUMBER="1/15" OPERTYPEID="10" PREVID="0" NEXTID="0" UPDATEDATE="2024-09-06" STARTDATE="2024-09-06" ENDDATE="2079-06-06" ISACTUAL="1" ISACTIVE="1" /><STEAD ID="68640491" OBJECTID="165110920" OBJECTGUID="5659d761-6053-457c-9b8e-a2cb50fbcfe5" CHANGEID="600602375" NUMBER="1/34" OPERTYPEID="10" PREVID="0" NEXTID="0" UPDATEDATE="2024-09-06" STARTDATE="2024-09-06" ENDDATE="2079-06-06" ISACTUAL="1" ISACTIVE="1" /><STEAD ID="68640492" OBJECTID="165110921" OBJECTGUID="6db908af-191a-4545-9489-960377950216" CHANGEID="600602376" NUMBER="1/36" OPERTYPEID="10" PREVID="0" NEXTID="0" UPDATEDATE="2024-09-06" STARTDATE="2024-09-06" ENDDATE="2079-06-06" ISACTUAL="1" ISACTIVE="1" /><STEAD ID="68640450" OBJECTID="165110832" OBJECTGUID="8b0a833e-ac28-492b-bb24-e5bc4ba56007" CHANGEID="600600807" NUMBER="105" OPERTYPEID="10" PREVID="0" NEXTID="0" UPDATEDATE="2024-09-06" STARTDATE="2024-09-06" ENDDATE="2079-06-06" ISACTUAL="1" ISACTIVE="1" /><STEAD ID="68640550" OBJECTID="165111113" OBJECTGUID="68693153-e80d-4bcc-b738-a32f5e86f8c8" CHANGEID="600604148" NUMBER="60" OPERTYPEID="10" PREVID="0" NEXTID="0" UPDATEDATE="2024-09-06" STARTDATE="2024-09-06" ENDDATE="2079-06-06" ISACTUAL="1" ISACTIVE="1" /><STEAD ID="68640769" OBJECTID="165111389" OBJECTGUID="36661340-ab8d-4259-820a-6fe699ed490c" CHANGEID="600608894" NUMBER="150" OPERTYPEID="10" PREVID="0" NEXTID="0" UPDATEDATE="2024-09-06" STARTDATE="2024-09-06" ENDDATE="2079-06-06" ISACTUAL="1" ISACTIVE="1" /><STEAD ID="68640770" OBJECTID="165111390" OBJECTGUID="903aebfa-12e6-4ef5-ad67-c2d10f681213" CHANGEID="600608923" NUMBER="354" OPERTYPEID="10" PREVID="0" NEXTID="0" UPDATEDATE="2024-09-06" STARTDATE="2024-09-06" ENDDATE="2079-06-06" ISACTUAL="1" ISACTIVE="1" /><STEAD ID="68640771" OBJECTID="165111391" OBJECTGUID="53ac840b-f9f4-42ac-b710-8c14bb2d4212" CHANGEID="600608924" NUMBER="430" OPERTYPEID="10" PREVID="0" NEXTID="0" UPDATEDATE="2024-09-06" STARTDATE="2024-09-06" ENDDATE="2079-06-06" ISACTUAL="1" ISACTIVE="1" /><STEAD ID="68640772" OBJECTID="165111392" OBJECTGUID="bf5f5ef1-5992-4ac0-a812-0951c9fc08fa" CHANGEID="600608925" NUMBER="442П" OPERTYPEID="10" PREVID="0" NEXTID="0" UPDATEDATE="2024-09-06" STARTDATE="2024-09-06" ENDDATE="2079-06-06" ISACTUAL="1" ISACTIVE="1" /><STEAD ID="68644682" OBJECTID="165117332" OBJECTGUID="cf84527a-b7f3-4488-b75c-68477e2c4593" CHANGEID="600738548" NUMBER="222" OPERTYPEID="10" PREVID="0" NEXTID="0" UPDATEDATE="2024-09-09" STARTDATE="2024-09-09" ENDDATE="2079-06-06" ISACTUAL="1" ISACTIVE="1" /><STEAD ID="68644683" OBJECTID="165117333" OBJECTGUID="6f2d2b47-81c2-4638-913b-dda57ad7043c" CHANGEID="600738549" NUMBER="38" OPERTYPEID="10" PREVID="0" NEXTID="0" UPDATEDATE="2024-09-09" STARTDATE="2024-09-09" ENDDATE="2079-06-06" ISACTUAL="1" ISACTIVE="1" /><STEAD ID="68644684" OBJECTID="165117334" OBJECTGUID="a15b8144-86c9-422d-b847-6c33dfa4a3ba" CHANGEID="600738550" NUMBER="53" OPERTYPEID="10" PREVID="0" NEXTID="0" UPDATEDATE="2024-09-09" STARTDATE="2024-09-09" ENDDATE="2079-06-06" ISACTUAL="1" ISACTIVE="1" /><STEAD ID="68644685" OBJECTID="165117335" OBJECTGUID="a8d5f30a-9852-4100-b4d9-07903bcabb97" CHANGEID="600738551" NUMBER="40" OPERTYPEID="10" PREVID="0" NEXTID="0" UPDATEDATE="2024-09-09" STARTDATE="2024-09-09" ENDDATE="2079-06-06" ISACTUAL="1" ISACTIVE="1" /><STEAD ID="68644686" OBJECTID="165117336" OBJECTGUID="f55500c3-28f3-41a7-b2cf-d377b541f134" CHANGEID="600738552" NUMBER="42" OPERTYPEID="10" PREVID="0" NEXTID="0" UPDATEDATE="2024-09-09" STARTDATE="2024-09-09" ENDDATE="2079-06-06" ISACTUAL="1" ISACTIVE="1" /><STEAD ID="68644687" OBJECTID="165117337" OBJECTGUID="946cb300-3a39-4f6d-a063-2073b6260c09" CHANGEID="600738553" NUMBER="43" OPERTYPEID="10" PREVID="0" NEXTID="0" UPDATEDATE="2024-09-09" STARTDATE="2024-09-09" ENDDATE="2079-06-06" ISACTUAL="1" ISACTIVE="1" /><STEAD ID="68644688" OBJECTID="165117338" OBJECTGUID="c6abbc7c-fc02-4e30-b88c-70331282c2fd" CHANGEID="600738554" NUMBER="44" OPERTYPEID="10" PREVID="0" NEXTID="0" UPDATEDATE="2024-09-09" STARTDATE="2024-09-09" ENDDATE="2079-06-06" ISACTUAL="1" ISACTIVE="1" /><STEAD ID="68644689" OBJECTID="165117339" OBJECTGUID="137e147e-a0ce-442a-9617-a8d0b3ee9f9f" CHANGEID="600738555" NUMBER="45" OPERTYPEID="10" PREVID="0" NEXTID="0" UPDATEDATE="2024-09-09" STARTDATE="2024-09-09" ENDDATE="2079-06-06" ISACTUAL="1" ISACTIVE="1" /><STEAD ID="68644690" OBJECTID="165117340" OBJECTGUID="562cd119-2ba3-4c8c-8db9-7400a86b3d25" CHANGEID="600738556" NUMBER="46" OPERTYPEID="10" PREVID="0" NEXTID="0" UPDATEDATE="2024-09-09" STARTDATE="2024-09-09" ENDDATE="2079-06-06" ISACTUAL="1" ISACTIVE="1" /><STEAD ID="68644691" OBJECTID="165117341" OBJECTGUID="6009417d-6760-455c-9e7f-1ebb52a13c89" CHANGEID="600738557" NUMBER="58" OPERTYPEID="10" PREVID="0" NEXTID="0" UPDATEDATE="2024-09-09" STARTDATE="2024-09-09" ENDDATE="2079-06-06" ISACTUAL="1" ISACTIVE="1" /><STEAD ID="68644692" OBJECTID="165117342" OBJECTGUID="f2766953-ef08-430c-8f5e-1df393fafbae" CHANGEID="600738558" NUMBER="59" OPERTYPEID="10" PREVID="0" NEXTID="0" UPDATEDATE="2024-09-09" STARTDATE="2024-09-09" ENDDATE="2079-06-06" ISACTUAL="1" ISACTIVE="1" /><STEAD ID="68644693" OBJECTID="165117343" OBJECTGUID="be2d1e59-00d3-4ffc-9ce9-42ba5c985da5" CHANGEID="600738559" NUMBER="71" OPERTYPEID="10" PREVID="0" NEXTID="0" UPDATEDATE="2024-09-09" STARTDATE="2024-09-09" ENDDATE="2079-06-06" ISACTUAL="1" ISACTIVE="1" /><STEAD ID="68644694" OBJECTID="165117344" OBJECTGUID="e001a1f2-e75a-4189-924c-a73ae3ab5717" CHANGEID="600738560" NUMBER="77" OPERTYPEID="10" PREVID="0" NEXTID="0" UPDATEDATE="2024-09-09" STARTDATE="2024-09-09" ENDDATE="2079-06-06" ISACTUAL="1" ISACTIVE="1" /><STEAD ID="68644695" OBJECTID="165117345" OBJECTGUID="f20542ff-a888-4a5f-983c-44b6bc058559" CHANGEID="600738561" NUMBER="86" OPERTYPEID="10" PREVID="0" NEXTID="0" UPDATEDATE="2024-09-09" STARTDATE="2024-09-09" ENDDATE="2079-06-06" ISACTUAL="1" ISACTIVE="1" /><STEAD ID="68644696" OBJECTID="165117346" OBJECTGUID="acb818e8-6c73-4e11-a209-6f449ce84e5e" CHANGEID="600738562" NUMBER="88" OPERTYPEID="10" PREVID="0" NEXTID="0" UPDATEDATE="2024-09-09" STARTDATE="2024-09-09" ENDDATE="2079-06-06" ISACTUAL="1" ISACTIVE="1" /><STEAD ID="68644697" OBJECTID="165117347" OBJECTGUID="93dcf257-5ac2-4352-bb5e-bd3d105ad1e9" CHANGEID="600738563" NUMBER="6" OPERTYPEID="10" PREVID="0" NEXTID="0" UPDATEDATE="2024-09-09" STARTDATE="2024-09-09" ENDDATE="2079-06-06" ISACTUAL="1" ISACTIVE="1" /><STEAD ID="68644698" OBJECTID="165117348" OBJECTGUID="d53aebc7-d571-4c1d-9902-5b2123495a16" CHANGEID="600738564" NUMBER="11" OPERTYPEID="10" PREVID="0" NEXTID="0" UPDATEDATE="2024-09-09" STARTDATE="2024-09-09" ENDDATE="2079-06-06" ISACTUAL="1" ISACTIVE="1" /><STEAD ID="68644699" OBJECTID="165117349" OBJECTGUID="2327c83b-3c8b-4d4e-ae0e-60b580ea529b" CHANGEID="600738565" NUMBER="12" OPERTYPEID="10" PREVID="0" NEXTID="0" UPDATEDATE="2024-09-09" STARTDATE="2024-09-09" ENDDATE="2079-06-06" ISACTUAL="1" ISACTIVE="1" /><STEAD ID="68644700" OBJECTID="165117350" OBJECTGUID="74230c83-8efe-499a-8a48-374d280e7eb5" CHANGEID="600738566" NUMBER="21" OPERTYPEID="10" PREVID="0" NEXTID="0" UPDATEDATE="2024-09-09" STARTDATE="2024-09-09" ENDDATE="2079-06-06" ISACTUAL="1" ISACTIVE="1" /><STEAD ID="68644701" OBJECTID="165117351" OBJECTGUID="c4f5fd98-1562-42ba-bcf0-afe3f37a62a4" CHANGEID="600738567" NUMBER="22" OPERTYPEID="10" PREVID="0" NEXTID="0" UPDATEDATE="2024-09-09" STARTDATE="2024-09-09" ENDDATE="2079-06-06" ISACTUAL="1" ISACTIVE="1" /><STEAD ID="68644702" OBJECTID="165117352" OBJECTGUID="9b71c6e3-23d0-42c4-9305-e398f2d82b12" CHANGEID="600738568" NUMBER="23" OPERTYPEID="10" PREVID="0" NEXTID="0" UPDATEDATE="2024-09-09" STARTDATE="2024-09-09" ENDDATE="2079-06-06" ISACTUAL="1" ISACTIVE="1" /><STEAD ID="68644703" OBJECTID="165117353" OBJECTGUID="c69af0f9-d52e-4083-9002-fed046e24f24" CHANGEID="600738569" NUMBER="24" OPERTYPEID="10" PREVID="0" NEXTID="0" UPDATEDATE="2024-09-09" STARTDATE="2024-09-09" ENDDATE="2079-06-06" ISACTUAL="1" ISACTIVE="1" /><STEAD ID="68644704" OBJECTID="165117354" OBJECTGUID="cd5ac044-bf2e-475e-9d87-256c82cd8851" CHANGEID="600738570" NUMBER="28" OPERTYPEID="10" PREVID="0" NEXTID="0" UPDATEDATE="2024-09-09" STARTDATE="2024-09-09" ENDDATE="2079-06-06" ISACTUAL="1" ISACTIVE="1" /><STEAD ID="68644705" OBJECTID="165117355" OBJECTGUID="25bff025-e93e-42b2-96f3-cf73d411686b" CHANGEID="600738571" NUMBER="30" OPERTYPEID="10" PREVID="0" NEXTID="0" UPDATEDATE="2024-09-09" STARTDATE="2024-09-09" ENDDATE="2079-06-06" ISACTUAL="1" ISACTIVE="1" /><STEAD ID="68644706" OBJECTID="165117356" OBJECTGUID="65001598-23d2-4e6f-9038-b99176332d16" CHANGEID="600738572" NUMBER="31" OPERTYPEID="10" PREVID="0" NEXTID="0" UPDATEDATE="2024-09-09" STARTDATE="2024-09-09" ENDDATE="2079-06-06" ISACTUAL="1" ISACTIVE="1" /><STEAD ID="68644707" OBJECTID="165117357" OBJECTGUID="6d6e4946-f282-4466-8a1c-ecc6030c443c" CHANGEID="600738573" NUMBER="34" OPERTYPEID="10" PREVID="0" NEXTID="0" UPDATEDATE="2024-09-09" STARTDATE="2024-09-09" ENDDATE="2079-06-06" ISACTUAL="1" ISACTIVE="1" /><STEAD ID="68644708" OBJECTID="165117358" OBJECTGUID="ebf95ad7-80e6-41ea-b85a-65efa4834b2c" CHANGEID="600738574" NUMBER="35" OPERTYPEID="10" PREVID="0" NEXTID="0" UPDATEDATE="2024-09-09" STARTDATE="2024-09-09" ENDDATE="2079-06-06" ISACTUAL="1" ISACTIVE="1" /><STEAD ID="68644709" OBJECTID="165117359" OBJECTGUID="ae70ddbe-7536-49d9-bf4a-4c8bbb72ddbd" CHANGEID="600738575" NUMBER="36" OPERTYPEID="10" PREVID="0" NEXTID="0" UPDATEDATE="2024-09-09" STARTDATE="2024-09-09" ENDDATE="2079-06-06" ISACTUAL="1" ISACTIVE="1" /><STEAD ID="68644710" OBJECTID="165117360" OBJECTGUID="11ea8922-f88e-4f94-87fb-9f9fe7dfcb81" CHANGEID="600738576" NUMBER="37" OPERTYPEID="10" PREVID="0" NEXTID="0" UPDATEDATE="2024-09-09" STARTDATE="2024-09-09" ENDDATE="2079-06-06" ISACTUAL="1" ISACTIVE="1" /><STEAD ID="68644928" OBJECTID="165117692" OBJECTGUID="576d5c7a-c18a-4c97-a873-1a2f8151dec6" CHANGEID="600739202" NUMBER="2/1" OPERTYPEID="10" PREVID="0" NEXTID="0" UPDATEDATE="2024-09-09" STARTDATE="2024-09-09" ENDDATE="2079-06-06" ISACTUAL="1" ISACTIVE="1" /><STEAD ID="68645354" OBJECTID="165118273" OBJECTGUID="86071c20-5455-48d8-84ea-def594d03395" CHANGEID="600740036" NUMBER="32/3" OPERTYPEID="10" PREVID="0" NEXTID="0" UPDATEDATE="2024-09-09" STARTDATE="2024-09-09" ENDDATE="2079-06-06" ISACTUAL="1" ISACTIVE="1" /><STEAD ID="68645557" OBJECTID="165118835" OBJECTGUID="cd7e4b4e-eee3-417e-9f9a-9e4f1890783d" CHANGEID="600740837" NUMBER="41" OPERTYPEID="10" PREVID="0" NEXTID="0" UPDATEDATE="2024-09-09" STARTDATE="2024-09-09" ENDDATE="2079-06-06" ISACTUAL="1" ISACTIVE="1" /><STEAD ID="68645564" OBJECTID="165118842" OBJECTGUID="ab7650bc-3396-44cd-a8dc-019c2cb6ffdc" CHANGEID="600740844" NUMBER="14" OPERTYPEID="10" PREVID="0" NEXTID="0" UPDATEDATE="2024-09-09" STARTDATE="2024-09-09" ENDDATE="2079-06-06" ISACTUAL="1" ISACTIVE="1" /><STEAD ID="68645565" OBJECTID="165118843" OBJECTGUID="ed3cb20b-79d0-465a-b9e2-b56d216763b2" CHANGEID="600740845" NUMBER="32" OPERTYPEID="10" PREVID="0" NEXTID="0" UPDATEDATE="2024-09-09" STARTDATE="2024-09-09" ENDDATE="2079-06-06" ISACTUAL="1" ISACTIVE="1" /><STEAD ID="68645566" OBJECTID="165118844" OBJECTGUID="a9bfc75c-ffab-411a-b0ba-4f32db7e74c6" CHANGEID="600740846" NUMBER="91" OPERTYPEID="10" PREVID="0" NEXTID="0" UPDATEDATE="2024-09-09" STARTDATE="2024-09-09" ENDDATE="2079-06-06" ISACTUAL="1" ISACTIVE="1" /><STEAD ID="68645567" OBJECTID="165118845" OBJECTGUID="0cfaab90-8501-40c6-b43a-c52e5ffc40ed" CHANGEID="600740847" NUMBER="92" OPERTYPEID="10" PREVID="0" NEXTID="0" UPDATEDATE="2024-09-09" STARTDATE="2024-09-09" ENDDATE="2079-06-06" ISACTUAL="1" ISACTIVE="1" /><STEAD ID="68507016" OBJECTID="164845553" OBJECTGUID="57ac0df3-aad8-4691-891f-4f6c9c360f05" CHANGEID="599939723" NUMBER="127/1" OPERTYPEID="10" PREVID="0" NEXTID="68646048" UPDATEDATE="2024-09-09" STARTDATE="2024-08-23" ENDDATE="2024-09-09" ISACTUAL="0" ISACTIVE="0" /><STEAD ID="68646048" OBJECTID="164845553" OBJECTGUID="57ac0df3-aad8-4691-891f-4f6c9c360f05" CHANGEID="600742198" NUMBER="127/2" OPERTYPEID="20" PREVID="68507016" UPDATEDATE="2024-09-09" STARTDATE="2024-09-09" ENDDATE="2079-06-06" ISACTUAL="1" ISACTIVE="1" /><STEAD ID="68646047" OBJECTID="165119728" OBJECTGUID="083524ed-d176-4863-a281-229516d98ff9" CHANGEID="600742174" NUMBER="19" OPERTYPEID="10" PREVID="0" NEXTID="0" UPDATEDATE="2024-09-09" STARTDATE="2024-09-09" ENDDATE="2079-06-06" ISACTUAL="1" ISACTIVE="1" /><STEAD ID="68646513" OBJECTID="165120339" OBJECTGUID="1c245c9f-ae71-4a06-be6a-89de224e4ce8" CHANGEID="600743064" NUMBER="6/2" OPERTYPEID="10" PREVID="0" NEXTID="0" UPDATEDATE="2024-09-09" STARTDATE="2024-09-09" ENDDATE="2079-06-06" ISACTUAL="1" ISACTIVE="1" /><STEAD ID="68646510" OBJECTID="165120334" OBJECTGUID="7dcaa1c9-236c-4459-9764-8490880ac24c" CHANGEID="600743057" NUMBER="6/1" OPERTYPEID="10" PREVID="0" NEXTID="0" UPDATEDATE="2024-09-09" STARTDATE="2024-09-09" ENDDATE="2079-06-06" ISACTUAL="1" ISACTIVE="1" /><STEAD ID="68646673" OBJECTID="89912370" OBJECTGUID="a129a0fa-8b6d-4d9e-bacc-4776393e34f8" CHANGEID="600743453" NUMBER="64" OPERTYPEID="30" PREVID="5376470" NEXTID="0" UPDATEDATE="2024-09-09" STARTDATE="2024-09-09" ENDDATE="2079-06-06" ISACTUAL="1" ISACTIVE="0" /><STEAD ID="68646674" OBJECTID="159615859" OBJECTGUID="317e5e77-84d7-444e-95fa-2bd74096e665" CHANGEID="600743454" NUMBER="10" OPERTYPEID="30" PREVID="66889417" NEXTID="0" UPDATEDATE="2024-09-09" STARTDATE="2024-09-09" ENDDATE="2079-06-06" ISACTUAL="1" ISACTIVE="0" /><STEAD ID="66889417" OBJECTID="159615859" OBJECTGUID="317e5e77-84d7-444e-95fa-2bd74096e665" CHANGEID="507717139" NUMBER="10" OPERTYPEID="10" PREVID="0" NEXTID="68646674" UPDATEDATE="2024-09-09" STARTDATE="2023-08-08" ENDDATE="2024-09-09" ISACTUAL="0" ISACTIVE="0" /><STEAD ID="68646812" OBJECTID="165120742" OBJECTGUID="4ad4076d-60d1-420f-a6a0-73750cd49d73" CHANGEID="600744247" NUMBER="77" OPERTYPEID="10" PREVID="0" NEXTID="0" UPDATEDATE="2024-09-09" STARTDATE="2024-09-09" ENDDATE="2079-06-06" ISACTUAL="1" ISACTIVE="1" /><STEAD ID="68646927" OBJECTID="165121054" OBJECTGUID="d3ab3a70-21a3-4c35-ab46-bb8819c6b725" CHANGEID="600744668" NUMBER="65" OPERTYPEID="10" PREVID="0" NEXTID="0" UPDATEDATE="2024-09-09" STARTDATE="2024-09-09" ENDDATE="2079-06-06" ISACTUAL="1" ISACTIVE="1" /><STEAD ID="68646923" OBJECTID="165121046" OBJECTGUID="2547c4c3-5a84-45e6-8a4b-fb768e4a7fac" CHANGEID="600744657" NUMBER="63" OPERTYPEID="10" PREVID="0" NEXTID="0" UPDATEDATE="2024-09-09" STARTDATE="2024-09-09" ENDDATE="2079-06-06" ISACTUAL="1" ISACTIVE="1" /><STEAD ID="68646929" OBJECTID="165121062" OBJECTGUID="a486d2f2-0257-4380-af8c-0b89af886c24" CHANGEID="600744678" NUMBER="67" OPERTYPEID="10" PREVID="0" NEXTID="0" UPDATEDATE="2024-09-09" STARTDATE="2024-09-09" ENDDATE="2079-06-06" ISACTUAL="1" ISACTIVE="1" /><STEAD ID="68646933" OBJECTID="165121074" OBJECTGUID="b39b9af0-5ea4-40c8-b12b-7c8721652dc9" CHANGEID="600744698" NUMBER="69" OPERTYPEID="10" PREVID="0" NEXTID="0" UPDATEDATE="2024-09-09" STARTDATE="2024-09-09" ENDDATE="2079-06-06" ISACTUAL="1" ISACTIVE="1" /><STEAD ID="68647339" OBJECTID="165121979" OBJECTGUID="8a65cbcc-6e7b-4034-8268-483a7e877959" CHANGEID="600746070" NUMBER="14/1" OPERTYPEID="10" PREVID="0" NEXTID="0" UPDATEDATE="2024-09-09" STARTDATE="2024-09-09" ENDDATE="2079-06-06" ISACTUAL="1" ISACTIVE="1" /><STEAD ID="68649213" OBJECTID="165124712" OBJECTGUID="4a6ef480-a6ee-4964-bfc3-c5a842c12f37" CHANGEID="600749665" NUMBER="8" OPERTYPEID="10" PREVID="0" NEXTID="0" UPDATEDATE="2024-09-09" STARTDATE="2024-09-09" ENDDATE="2079-06-06" ISACTUAL="1" ISACTIVE="1" /><STEAD ID="68649214" OBJECTID="165124713" OBJECTGUID="f13af792-26ee-4ee9-b7d7-6966b33e94a7" CHANGEID="600749667" NUMBER="6/1" OPERTYPEID="10" PREVID="0" NEXTID="0" UPDATEDATE="2024-09-09" STARTDATE="2024-09-09" ENDDATE="2079-06-06" ISACTUAL="1" ISACTIVE="1" /><STEAD ID="68649215" OBJECTID="165124714" OBJECTGUID="ec4e7868-f915-4c71-bbc5-c1af30c65c6d" CHANGEID="600749668" NUMBER="23" OPERTYPEID="10" PREVID="0" NEXTID="0" UPDATEDATE="2024-09-09" STARTDATE="2024-09-09" ENDDATE="2079-06-06" ISACTUAL="1" ISACTIVE="1" /><STEAD ID="68649313" OBJECTID="165124931" OBJECTGUID="40e034a1-53ff-45ff-954c-f12265fef881" CHANGEID="600749918" NUMBER="73" OPERTYPEID="10" PREVID="0" NEXTID="0" UPDATEDATE="2024-09-09" STARTDATE="2024-09-09" ENDDATE="2079-06-06" ISACTUAL="1" ISACTIVE="1" /><STEAD ID="68650316" OBJECTID="165126179" OBJECTGUID="74621c6a-cc3f-4b81-90e6-6ec25e6de416" CHANGEID="600751850" NUMBER="8" OPERTYPEID="10" PREVID="0" NEXTID="0" UPDATEDATE="2024-09-09" STARTDATE="2024-09-09" ENDDATE="2079-06-06" ISACTUAL="1" ISACTIVE="1" /><STEAD ID="68650318" OBJECTID="165126181" OBJECTGUID="82f0d22c-8c91-441f-9f22-51e803006cff" CHANGEID="600751852" NUMBER="26" OPERTYPEID="10" PREVID="0" NEXTID="0" UPDATEDATE="2024-09-09" STARTDATE="2024-09-09" ENDDATE="2079-06-06" ISACTUAL="1" ISACTIVE="1" /><STEAD ID="68650320" OBJECTID="165126184" OBJECTGUID="7f864419-c6a3-4568-8657-89134eb4dfaa" CHANGEID="600751856" NUMBER="5/2" OPERTYPEID="10" PREVID="0" NEXTID="0" UPDATEDATE="2024-09-09" STARTDATE="2024-09-09" ENDDATE="2079-06-06" ISACTUAL="1" ISACTIVE="1" /><STEAD ID="68650315" OBJECTID="165126178" OBJECTGUID="beabb9a6-8b4a-4662-8885-3ffadd91053a" CHANGEID="600751849" NUMBER="126" OPERTYPEID="10" PREVID="0" NEXTID="0" UPDATEDATE="2024-09-09" STARTDATE="2024-09-09" ENDDATE="2079-06-06" ISACTUAL="1" ISACTIVE="1" /><STEAD ID="68650317" OBJECTID="165126180" OBJECTGUID="c508e62e-ef5f-4a1b-b09d-470693dd6904" CHANGEID="600751851" NUMBER="2" OPERTYPEID="10" PREVID="0" NEXTID="0" UPDATEDATE="2024-09-09" STARTDATE="2024-09-09" ENDDATE="2079-06-06" ISACTUAL="1" ISACTIVE="1" /><STEAD ID="68650319" OBJECTID="165126182" OBJECTGUID="55cda6ea-5f36-4f31-ad29-88bf66010494" CHANGEID="600751853" NUMBER="12" OPERTYPEID="10" PREVID="0" NEXTID="0" UPDATEDATE="2024-09-09" STARTDATE="2024-09-09" ENDDATE="2079-06-06" ISACTUAL="1" ISACTIVE="1" /><STEAD ID="68651429" OBJECTID="165127525" OBJECTGUID="4bea546c-284d-4677-944d-699c56229de4" CHANGEID="600754441" NUMBER="2/1" OPERTYPEID="10" PREVID="0" NEXTID="0" UPDATEDATE="2024-09-09" STARTDATE="2024-09-09" ENDDATE="2079-06-06" ISACTUAL="1" ISACTIVE="1" /><STEAD ID="68652072" OBJECTID="165128546" OBJECTGUID="29b4a9e8-1012-46e8-99f3-7259b712ef8f" CHANGEID="600756025" NUMBER="2/2" OPERTYPEID="10" PREVID="0" NEXTID="0" UPDATEDATE="2024-09-09" STARTDATE="2024-09-09" ENDDATE="2079-06-06" ISACTUAL="1" ISACTIVE="1" /><STEAD ID="68653769" OBJECTID="165132110" OBJECTGUID="3c4a0c91-34a1-49be-bf2f-9225c8112440" CHANGEID="600761697" NUMBER="1А" OPERTYPEID="10" PREVID="0" NEXTID="0" UPDATEDATE="2024-09-09" STARTDATE="2024-09-09" ENDDATE="2079-06-06" ISACTUAL="1" ISACTIVE="1" /><STEAD ID="68653790" OBJECTID="165132156" OBJECTGUID="b279fae1-c9d0-41eb-9c51-2e8c6fcaea15" CHANGEID="600761761" NUMBER="73" OPERTYPEID="10" PREVID="0" NEXTID="0" UPDATEDATE="2024-09-09" STARTDATE="2024-09-09" ENDDATE="2079-06-06" ISACTUAL="1" ISACTIVE="1" /><STEAD ID="68654619" OBJECTID="164827569" OBJECTGUID="65713d15-ee17-4caf-ba4c-91d224f20219" CHANGEID="600763194" NUMBER="45а" OPERTYPEID="30" PREVID="68498199" NEXTID="0" UPDATEDATE="2024-09-09" STARTDATE="2024-09-09" ENDDATE="2079-06-06" ISACTUAL="1" ISACTIVE="0" /><STEAD ID="68654690" OBJECTID="165133262" OBJECTGUID="893e8507-5ef7-4a5e-aa9e-708f6419c9da" CHANGEID="600763282" NUMBER="41" OPERTYPEID="10" PREVID="0" NEXTID="0" UPDATEDATE="2024-09-09" STARTDATE="2024-09-09" ENDDATE="2079-06-06" ISACTUAL="1" ISACTIVE="1" /><STEAD ID="68654732" OBJECTID="165133448" OBJECTGUID="b8107e42-81c6-4852-8907-12b9df2cd964" CHANGEID="600763517" NUMBER="39" OPERTYPEID="10" PREVID="0" NEXTID="0" UPDATEDATE="2024-09-09" STARTDATE="2024-09-09" ENDDATE="2079-06-06" ISACTUAL="1" ISACTIVE="1" /><STEAD ID="68656272" OBJECTID="165135723" OBJECTGUID="597c575e-e1f6-4900-a9f7-fe739c2dc3bd" CHANGEID="600766596" NUMBER="64" OPERTYPEID="10" PREVID="0" NEXTID="0" UPDATEDATE="2024-09-09" STARTDATE="2024-09-09" ENDDATE="2079-06-06" ISACTUAL="1" ISACTIVE="1" /><STEAD ID="68656270" OBJECTID="165135720" OBJECTGUID="64316f54-6e0d-4b21-be74-04be8cef17b9" CHANGEID="600766593" NUMBER="71" OPERTYPEID="10" PREVID="0" NEXTID="0" UPDATEDATE="2024-09-09" STARTDATE="2024-09-09" ENDDATE="2079-06-06" ISACTUAL="1" ISACTIVE="1" /><STEAD ID="68656271" OBJECTID="165135722" OBJECTGUID="5d87cbd3-5753-4304-94a4-e39a804b22a7" CHANGEID="600766595" NUMBER="75" OPERTYPEID="10" PREVID="0" NEXTID="0" UPDATEDATE="2024-09-09" STARTDATE="2024-09-09" ENDDATE="2079-06-06" ISACTUAL="1" ISACTIVE="1" /><STEAD ID="68657167" OBJECTID="165137406" OBJECTGUID="b0ca09c6-83a1-4974-b51c-99de173048ee" CHANGEID="600770403" NUMBER="78" OPERTYPEID="10" PREVID="0" NEXTID="0" UPDATEDATE="2024-09-09" STARTDATE="2024-09-09" ENDDATE="2079-06-06" ISACTUAL="1" ISACTIVE="1" /><STEAD ID="68658885" OBJECTID="165141551" OBJECTGUID="0900a0e3-ff29-4f87-8a1a-6d83e568a325" CHANGEID="600776757" NUMBER="28/1" OPERTYPEID="10" PREVID="0" NEXTID="0" UPDATEDATE="2024-09-09" STARTDATE="2024-09-09" ENDDATE="2079-06-06" ISACTUAL="1" ISACTIVE="1" /><STEAD ID="68658861" OBJECTID="165141506" OBJECTGUID="8643acb1-1f2e-43bf-9d19-f3efad8a5cb6" CHANGEID="600776677" NUMBER="26А" OPERTYPEID="10" PREVID="0" NEXTID="0" UPDATEDATE="2024-09-09" STARTDATE="2024-09-09" ENDDATE="2079-06-06" ISACTUAL="1" ISACTIVE="1" /><STEAD ID="68661612" OBJECTID="165146327" OBJECTGUID="f22cf4c0-3fd7-42a5-bd38-0764870f4464" CHANGEID="600784770" NUMBER="25" OPERTYPEID="10" PREVID="0" NEXTID="0" UPDATEDATE="2024-09-09" STARTDATE="2024-09-09" ENDDATE="2079-06-06" ISACTUAL="1" ISACTIVE="1" /><STEAD ID="68665032" OBJECTID="165152262" OBJECTGUID="a1e7029e-909f-49e1-abef-b5e5fb947afe" CHANGEID="600798147" NUMBER="2а/2" OPERTYPEID="10" PREVID="0" NEXTID="0" UPDATEDATE="2024-09-10" STARTDATE="2024-09-10" ENDDATE="2079-06-06" ISACTUAL="1" ISACTIVE="1" /><STEAD ID="68665097" OBJECTID="165152327" OBJECTGUID="30f40153-b6ff-4180-a39f-a833c82a1ff5" CHANGEID="600798213" NUMBER="20/2" OPERTYPEID="10" PREVID="0" NEXTID="0" UPDATEDATE="2024-09-10" STARTDATE="2024-09-10" ENDDATE="2079-06-06" ISACTUAL="1" ISACTIVE="1" /><STEAD ID="68667087" OBJECTID="165156429" OBJECTGUID="b78a3b5a-480b-44d3-a94b-608aec23879a" CHANGEID="600804835" NUMBER="2" OPERTYPEID="10" PREVID="0" NEXTID="0" UPDATEDATE="2024-09-10" STARTDATE="2024-09-10" ENDDATE="2079-06-06" ISACTUAL="1" ISACTIVE="1" /><STEAD ID="68667105" OBJECTID="165156450" OBJECTGUID="9830cf75-e848-4204-ac28-f5eb7f6381d8" CHANGEID="600804862" NUMBER="18/1" OPERTYPEID="10" PREVID="0" NEXTID="0" UPDATEDATE="2024-09-10" STARTDATE="2024-09-10" ENDDATE="2079-06-06" ISACTUAL="1" ISACTIVE="1" /><STEAD ID="68667160" OBJECTID="165156687" OBJECTGUID="00fe36bf-78aa-495d-800e-418dd3e2b2ed" CHANGEID="600805134" NUMBER="62" OPERTYPEID="10" PREVID="0" NEXTID="0" UPDATEDATE="2024-09-10" STARTDATE="2024-09-10" ENDDATE="2079-06-06" ISACTUAL="1" ISACTIVE="1" /><STEAD ID="68667183" OBJECTID="165156820" OBJECTGUID="b05f185c-d109-44b2-a40b-0e76de7542dd" CHANGEID="600805271" NUMBER="39" OPERTYPEID="10" PREVID="0" NEXTID="0" UPDATEDATE="2024-09-10" STARTDATE="2024-09-10" ENDDATE="2079-06-06" ISACTUAL="1" ISACTIVE="1" /><STEAD ID="68667211" OBJECTID="165156874" OBJECTGUID="f8efbade-4147-4ca5-84df-3f8315f0017c" CHANGEID="600805374" NUMBER="2/2" OPERTYPEID="10" PREVID="0" NEXTID="0" UPDATEDATE="2024-09-10" STARTDATE="2024-09-10" ENDDATE="2079-06-06" ISACTUAL="1" ISACTIVE="1" /><STEAD ID="68667293" OBJECTID="165157063" OBJECTGUID="74728c7f-4c66-4258-82f9-3b7ceb953239" CHANGEID="600806130" NUMBER="58" OPERTYPEID="10" PREVID="0" NEXTID="0" UPDATEDATE="2024-09-10" STARTDATE="2024-09-10" ENDDATE="2079-06-06" ISACTUAL="1" ISACTIVE="1" /><STEAD ID="68667295" OBJECTID="165157065" OBJECTGUID="3e61988c-2182-46af-be4b-d78f51c76cbb" CHANGEID="600806132" NUMBER="28" OPERTYPEID="10" PREVID="0" NEXTID="0" UPDATEDATE="2024-09-10" STARTDATE="2024-09-10" ENDDATE="2079-06-06" ISACTUAL="1" ISACTIVE="1" /><STEAD ID="68667297" OBJECTID="165157067" OBJECTGUID="2d9cd504-9249-4467-8d8f-af5d278ae12f" CHANGEID="600806134" NUMBER="78" OPERTYPEID="10" PREVID="0" NEXTID="0" UPDATEDATE="2024-09-10" STARTDATE="2024-09-10" ENDDATE="2079-06-06" ISACTUAL="1" ISACTIVE="1" /><STEAD ID="68667299" OBJECTID="165157069" OBJECTGUID="1dc98f73-36f1-436d-be7c-f838283370c9" CHANGEID="600806136" NUMBER="6" OPERTYPEID="10" PREVID="0" NEXTID="0" UPDATEDATE="2024-09-10" STARTDATE="2024-09-10" ENDDATE="2079-06-06" ISACTUAL="1" ISACTIVE="1" /><STEAD ID="68667301" OBJECTID="165157071" OBJECTGUID="f77659ad-99ed-4803-ae4a-7c809a35f9ef" CHANGEID="600806138" NUMBER="7" OPERTYPEID="10" PREVID="0" NEXTID="0" UPDATEDATE="2024-09-10" STARTDATE="2024-09-10" ENDDATE="2079-06-06" ISACTUAL="1" ISACTIVE="1" /><STEAD ID="68667303" OBJECTID="165157073" OBJECTGUID="9e68bd1b-1b22-4b5b-bb36-bd8745b97040" CHANGEID="600806140" NUMBER="15" OPERTYPEID="10" PREVID="0" NEXTID="0" UPDATEDATE="2024-09-10" STARTDATE="2024-09-10" ENDDATE="2079-06-06" ISACTUAL="1" ISACTIVE="1" /><STEAD ID="68667305" OBJECTID="165157075" OBJECTGUID="146f61a3-37d0-4050-a14e-42e1a0a563d4" CHANGEID="600806142" NUMBER="4" OPERTYPEID="10" PREVID="0" NEXTID="0" UPDATEDATE="2024-09-10" STARTDATE="2024-09-10" ENDDATE="2079-06-06" ISACTUAL="1" ISACTIVE="1" /><STEAD ID="68667307" OBJECTID="165157077" OBJECTGUID="1d78eb81-b6a5-4931-938a-a323da8f3de9" CHANGEID="600806144" NUMBER="9/1" OPERTYPEID="10" PREVID="0" NEXTID="0" UPDATEDATE="2024-09-10" STARTDATE="2024-09-10" ENDDATE="2079-06-06" ISACTUAL="1" ISACTIVE="1" /><STEAD ID="68667309" OBJECTID="165157079" OBJECTGUID="c7f7039d-dd84-427c-991f-7bb65299937a" CHANGEID="600806146" NUMBER="3" OPERTYPEID="10" PREVID="0" NEXTID="0" UPDATEDATE="2024-09-10" STARTDATE="2024-09-10" ENDDATE="2079-06-06" ISACTUAL="1" ISACTIVE="1" /><STEAD ID="68667315" OBJECTID="165157080" OBJECTGUID="cf61c98b-4593-445a-bc18-9bbc1aff0395" CHANGEID="600806152" NUMBER="8" OPERTYPEID="10" PREVID="0" NEXTID="0" UPDATEDATE="2024-09-10" STARTDATE="2024-09-10" ENDDATE="2079-06-06" ISACTUAL="1" ISACTIVE="1" /><STEAD ID="68667294" OBJECTID="165157064" OBJECTGUID="8e636b58-c004-4460-ab76-20c6cc1550db" CHANGEID="600806131" NUMBER="79" OPERTYPEID="10" PREVID="0" NEXTID="0" UPDATEDATE="2024-09-10" STARTDATE="2024-09-10" ENDDATE="2079-06-06" ISACTUAL="1" ISACTIVE="1" /><STEAD ID="68667296" OBJECTID="165157066" OBJECTGUID="b1fb3070-204b-4e62-bc65-1ff13fe4e8ab" CHANGEID="600806133" NUMBER="59" OPERTYPEID="10" PREVID="0" NEXTID="0" UPDATEDATE="2024-09-10" STARTDATE="2024-09-10" ENDDATE="2079-06-06" ISACTUAL="1" ISACTIVE="1" /><STEAD ID="68667298" OBJECTID="165157068" OBJECTGUID="6427ca30-590f-4d21-aa9c-52d0839f659e" CHANGEID="600806135" NUMBER="2А" OPERTYPEID="10" PREVID="0" NEXTID="0" UPDATEDATE="2024-09-10" STARTDATE="2024-09-10" ENDDATE="2079-06-06" ISACTUAL="1" ISACTIVE="1" /><STEAD ID="68667300" OBJECTID="165157070" OBJECTGUID="4f699435-ce7b-4d50-919e-e13c8e2c8ff0" CHANGEID="600806137" NUMBER="13" OPERTYPEID="10" PREVID="0" NEXTID="0" UPDATEDATE="2024-09-10" STARTDATE="2024-09-10" ENDDATE="2079-06-06" ISACTUAL="1" ISACTIVE="1" /><STEAD ID="68667302" OBJECTID="165157072" OBJECTGUID="cd55abc2-818a-4a15-a804-50765e7e1297" CHANGEID="600806139" NUMBER="11" OPERTYPEID="10" PREVID="0" NEXTID="0" UPDATEDATE="2024-09-10" STARTDATE="2024-09-10" ENDDATE="2079-06-06" ISACTUAL="1" ISACTIVE="1" /><STEAD ID="68667304" OBJECTID="165157074" OBJECTGUID="b3eb92b8-7d1f-4eaf-adce-d664ee1b5fa8" CHANGEID="600806141" NUMBER="5А" OPERTYPEID="10" PREVID="0" NEXTID="0" UPDATEDATE="2024-09-10" STARTDATE="2024-09-10" ENDDATE="2079-06-06" ISACTUAL="1" ISACTIVE="1" /><STEAD ID="68667306" OBJECTID="165157076" OBJECTGUID="c7c17f4c-2fa3-4578-9fde-fd2776cad5f5" CHANGEID="600806143" NUMBER="2" OPERTYPEID="10" PREVID="0" NEXTID="0" UPDATEDATE="2024-09-10" STARTDATE="2024-09-10" ENDDATE="2079-06-06" ISACTUAL="1" ISACTIVE="1" /><STEAD ID="68667308" OBJECTID="165157078" OBJECTGUID="91617445-7688-47c6-9a6b-40bcd61c2090" CHANGEID="600806145" NUMBER="10" OPERTYPEID="10" PREVID="0" NEXTID="0" UPDATEDATE="2024-09-10" STARTDATE="2024-09-10" ENDDATE="2079-06-06" ISACTUAL="1" ISACTIVE="1" /><STEAD ID="68667328" OBJECTID="165157081" OBJECTGUID="237fbbfe-d9bf-4b10-9af6-58f9efe5a942" CHANGEID="600806165" NUMBER="4" OPERTYPEID="10" PREVID="0" NEXTID="0" UPDATEDATE="2024-09-10" STARTDATE="2024-09-10" ENDDATE="2079-06-06" ISACTUAL="1" ISACTIVE="1" /><STEAD ID="68667824" OBJECTID="165157951" OBJECTGUID="b96a2869-7556-4d8a-bd4d-ec65afc5327d" CHANGEID="600807681" NUMBER="60" OPERTYPEID="10" PREVID="0" NEXTID="0" UPDATEDATE="2024-09-10" STARTDATE="2024-09-10" ENDDATE="2079-06-06" ISACTUAL="1" ISACTIVE="1" /><STEAD ID="68667826" OBJECTID="165157958" OBJECTGUID="14fe0ccf-4f68-444e-aaae-9b4010c1ff30" CHANGEID="600807723" NUMBER="45а" OPERTYPEID="10" PREVID="0" NEXTID="0" UPDATEDATE="2024-09-10" STARTDATE="2024-09-10" ENDDATE="2079-06-06" ISACTUAL="1" ISACTIVE="1" /><STEAD ID="68667837" OBJECTID="165157978" OBJECTGUID="14f707a5-58d1-444e-b221-87933306829f" CHANGEID="600807775" NUMBER="15" OPERTYPEID="10" PREVID="0" NEXTID="0" UPDATEDATE="2024-09-10" STARTDATE="2024-09-10" ENDDATE="2079-06-06" ISACTUAL="1" ISACTIVE="1" /><STEAD ID="68667838" OBJECTID="165157979" OBJECTGUID="fef8a165-052e-48b2-88b1-c4050d4388e2" CHANGEID="600807777" NUMBER="24" OPERTYPEID="10" PREVID="0" NEXTID="0" UPDATEDATE="2024-09-10" STARTDATE="2024-09-10" ENDDATE="2079-06-06" ISACTUAL="1" ISACTIVE="1" /><STEAD ID="68669476" OBJECTID="161819613" OBJECTGUID="9deca4c0-cd1a-44b4-9e23-14afdbc60f79" CHANGEID="600812317" NUMBER="15Н" OPERTYPEID="30" PREVID="67442431" NEXTID="0" UPDATEDATE="2024-09-10" STARTDATE="2024-09-10" ENDDATE="2079-06-06" ISACTUAL="1" ISACTIVE="0" /><STEAD ID="68669478" OBJECTID="159151452" OBJECTGUID="4f0aa58e-2cad-4dde-a82a-1cebdb3fab73" CHANGEID="600812319" NUMBER="9" OPERTYPEID="30" PREVID="66717919" NEXTID="0" UPDATEDATE="2024-09-10" STARTDATE="2024-09-10" ENDDATE="2079-06-06" ISACTUAL="1" ISACTIVE="0" /><STEAD ID="66717919" OBJECTID="159151452" OBJECTGUID="4f0aa58e-2cad-4dde-a82a-1cebdb3fab73" CHANGEID="506216405" NUMBER="9" OPERTYPEID="10" PREVID="0" NEXTID="68669478" UPDATEDATE="2024-09-10" STARTDATE="2023-06-16" ENDDATE="2024-09-10" ISACTUAL="0" ISACTIVE="0" /><STEAD ID="68669477" OBJECTID="161819625" OBJECTGUID="d9c07316-6fb7-47af-80d3-cdddd8c45383" CHANGEID="600812318" NUMBER="40" OPERTYPEID="30" PREVID="67442443" NEXTID="0" UPDATEDATE="2024-09-10" STARTDATE="2024-09-10" ENDDATE="2079-06-06" ISACTUAL="1" ISACTIVE="0" /><STEAD ID="68670372" OBJECTID="165162666" OBJECTGUID="b7e724d9-e1d8-45ca-9b74-c26f64a79d09" CHANGEID="600815142" NUMBER="6" OPERTYPEID="10" PREVID="0" NEXTID="0" UPDATEDATE="2024-09-10" STARTDATE="2024-09-10" ENDDATE="2079-06-06" ISACTUAL="1" ISACTIVE="1" /><STEAD ID="68671996" OBJECTID="164845552" OBJECTGUID="3e8e5cbc-0ba8-44b0-8538-2b37de2404d5" CHANGEID="600819372" NUMBER="127/1" OPERTYPEID="20" PREVID="68507015" UPDATEDATE="2024-09-10" STARTDATE="2024-09-10" ENDDATE="2079-06-06" ISACTUAL="1" ISACTIVE="1" /><STEAD ID="68677794" OBJECTID="165173465" OBJECTGUID="6715b6b6-0b87-42a5-8c73-2c95a2954756" CHANGEID="600832302" NUMBER="16/1" OPERTYPEID="10" PREVID="0" NEXTID="0" UPDATEDATE="2024-09-10" STARTDATE="2024-09-10" ENDDATE="2079-06-06" ISACTUAL="1" ISACTIVE="1" /><STEAD ID="68677807" OBJECTID="165173517" OBJECTGUID="ba06bcee-bbf1-4a3b-ac4e-4f2e6d1c5fca" CHANGEID="600832357" NUMBER="93" OPERTYPEID="10" PREVID="0" NEXTID="0" UPDATEDATE="2024-09-10" STARTDATE="2024-09-10" ENDDATE="2079-06-06" ISACTUAL="1" ISACTIVE="1" /><STEAD ID="68679541" OBJECTID="165176903" OBJECTGUID="e3871edb-26b6-4a00-936d-cf46c334db25" CHANGEID="600837200" NUMBER="147" OPERTYPEID="10" PREVID="0" NEXTID="0" UPDATEDATE="2024-09-10" STARTDATE="2024-09-10" ENDDATE="2079-06-06" ISACTUAL="1" ISACTIVE="1" /><STEAD ID="68680458" OBJECTID="165178049" OBJECTGUID="3570e4ed-6d54-489f-9040-9219c28cb2ae" CHANGEID="600838914" NUMBER="3" OPERTYPEID="10" PREVID="0" NEXTID="0" UPDATEDATE="2024-09-10" STARTDATE="2024-09-10" ENDDATE="2079-06-06" ISACTUAL="1" ISACTIVE="1" /><STEAD ID="68680598" OBJECTID="165178247" OBJECTGUID="c12fbb77-4707-4a80-bbe9-f0aca0884f71" CHANGEID="600839235" NUMBER="16" OPERTYPEID="10" PREVID="0" NEXTID="0" UPDATEDATE="2024-09-10" STARTDATE="2024-09-10" ENDDATE="2079-06-06" ISACTUAL="1" ISACTIVE="1" /><STEAD ID="68681112" OBJECTID="165179146" OBJECTGUID="6388b53f-9757-4fda-9f04-3bf8a5b554cd" CHANGEID="600840802" NUMBER="13А" OPERTYPEID="10" PREVID="0" NEXTID="0" UPDATEDATE="2024-09-10" STARTDATE="2024-09-10" ENDDATE="2079-06-06" ISACTUAL="1" ISACTIVE="1" /><STEAD ID="68681319" OBJECTID="165179433" OBJECTGUID="b4c08dd7-f2e3-421f-903a-f0eb63688c5d" CHANGEID="600841396" NUMBER="10А" OPERTYPEID="10" PREVID="0" NEXTID="0" UPDATEDATE="2024-09-10" STARTDATE="2024-09-10" ENDDATE="2079-06-06" ISACTUAL="1" ISACTIVE="1" /><STEAD ID="68684124" OBJECTID="165184586" OBJECTGUID="10d1d10a-32c8-44ac-bf78-6f233c377d79" CHANGEID="600873959" NUMBER="26" OPERTYPEID="10" PREVID="0" NEXTID="0" UPDATEDATE="2024-09-11" STARTDATE="2024-09-11" ENDDATE="2079-06-06" ISACTUAL="1" ISACTIVE="1" /><STEAD ID="68684199" OBJECTID="165184673" OBJECTGUID="0302c431-1a7b-4d7b-9294-c6a77586e31a" CHANGEID="600874202" NUMBER="84" OPERTYPEID="10" PREVID="0" NEXTID="0" UPDATEDATE="2024-09-11" STARTDATE="2024-09-11" ENDDATE="2079-06-06" ISACTUAL="1" ISACTIVE="1" /><STEAD ID="68685174" OBJECTID="165186071" OBJECTGUID="e8a5cc45-7a51-4472-91fa-9cd6a57bc97e" CHANGEID="600877060" NUMBER="16/1" OPERTYPEID="10" PREVID="0" NEXTID="0" UPDATEDATE="2024-09-11" STARTDATE="2024-09-11" ENDDATE="2079-06-06" ISACTUAL="1" ISACTIVE="1" /><STEAD ID="68685641" OBJECTID="165186728" OBJECTGUID="546522a3-075d-4023-a2f3-59701480549a" CHANGEID="600877962" NUMBER="21" OPERTYPEID="10" PREVID="0" NEXTID="0" UPDATEDATE="2024-09-11" STARTDATE="2024-09-11" ENDDATE="2079-06-06" ISACTUAL="1" ISACTIVE="1" /><STEAD ID="68685786" OBJECTID="165186932" OBJECTGUID="0365ab9f-a8fd-4eb9-afd5-811965f60f89" CHANGEID="600878318" NUMBER="97В/2" OPERTYPEID="10" PREVID="0" NEXTID="0" UPDATEDATE="2024-09-11" STARTDATE="2024-09-11" ENDDATE="2079-06-06" ISACTUAL="1" ISACTIVE="1" /><STEAD ID="68685788" OBJECTID="165186936" OBJECTGUID="5a02173f-0844-4353-8c23-77323a040719" CHANGEID="600878323" NUMBER="24А" OPERTYPEID="10" PREVID="0" NEXTID="0" UPDATEDATE="2024-09-11" STARTDATE="2024-09-11" ENDDATE="2079-06-06" ISACTUAL="1" ISACTIVE="1" /><STEAD ID="68685791" OBJECTID="165186939" OBJECTGUID="41c27c13-ecd4-484d-8336-16725a51778a" CHANGEID="600878327" NUMBER="26/4" OPERTYPEID="10" PREVID="0" NEXTID="0" UPDATEDATE="2024-09-11" STARTDATE="2024-09-11" ENDDATE="2079-06-06" ISACTUAL="1" ISACTIVE="1" /><STEAD ID="68685794" OBJECTID="165186942" OBJECTGUID="747bbad3-f491-4844-a027-8e9d233c9b46" CHANGEID="600878331" NUMBER="63" OPERTYPEID="10" PREVID="0" NEXTID="0" UPDATEDATE="2024-09-11" STARTDATE="2024-09-11" ENDDATE="2079-06-06" ISACTUAL="1" ISACTIVE="1" /><STEAD ID="68685795" OBJECTID="165186944" OBJECTGUID="98344156-7826-4c5f-ae94-48e56cdebb65" CHANGEID="600878333" NUMBER="6/6/1" OPERTYPEID="10" PREVID="0" NEXTID="0" UPDATEDATE="2024-09-11" STARTDATE="2024-09-11" ENDDATE="2079-06-06" ISACTUAL="1" ISACTIVE="1" /><STEAD ID="68685797" OBJECTID="165186946" OBJECTGUID="3b123ab7-30b4-4af3-837d-0678dade05fe" CHANGEID="600878335" NUMBER="33" OPERTYPEID="10" PREVID="0" NEXTID="0" UPDATEDATE="2024-09-11" STARTDATE="2024-09-11" ENDDATE="2079-06-06" ISACTUAL="1" ISACTIVE="1" /><STEAD ID="68685861" OBJECTID="165187028" OBJECTGUID="a3282bc3-94d6-4042-90e7-bcaa44e33e0f" CHANGEID="600878450" NUMBER="90/1" OPERTYPEID="10" PREVID="0" NEXTID="0" UPDATEDATE="2024-09-11" STARTDATE="2024-09-11" ENDDATE="2079-06-06" ISACTUAL="1" ISACTIVE="1" /><STEAD ID="68685785" OBJECTID="165186931" OBJECTGUID="ec2c273d-e8c5-4942-9960-c3c6ccbd9aa9" CHANGEID="600878317" NUMBER="5" OPERTYPEID="10" PREVID="0" NEXTID="0" UPDATEDATE="2024-09-11" STARTDATE="2024-09-11" ENDDATE="2079-06-06" ISACTUAL="1" ISACTIVE="1" /><STEAD ID="68685787" OBJECTID="165186935" OBJECTGUID="4c3550c5-c50a-4c68-8d7a-e114fe068c2d" CHANGEID="600878322" NUMBER="20/22" OPERTYPEID="10" PREVID="0" NEXTID="0" UPDATEDATE="2024-09-11" STARTDATE="2024-09-11" ENDDATE="2079-06-06" ISACTUAL="1" ISACTIVE="1" /><STEAD ID="68685789" OBJECTID="165186937" OBJECTGUID="3c270053-52c8-489d-8326-cf2cd45cbd9a" CHANGEID="600878324" NUMBER="38" OPERTYPEID="10" PREVID="0" NEXTID="0" UPDATEDATE="2024-09-11" STARTDATE="2024-09-11" ENDDATE="2079-06-06" ISACTUAL="1" ISACTIVE="1" /><STEAD ID="68685790" OBJECTID="165186938" OBJECTGUID="0b497a3e-a3e6-48de-84b1-ea653be25396" CHANGEID="600878326" NUMBER="26А" OPERTYPEID="10" PREVID="0" NEXTID="0" UPDATEDATE="2024-09-11" STARTDATE="2024-09-11" ENDDATE="2079-06-06" ISACTUAL="1" ISACTIVE="1" /><STEAD ID="68685792" OBJECTID="165186940" OBJECTGUID="eb8949b4-c264-4229-862a-6347585c856d" CHANGEID="600878328" NUMBER="111/1" OPERTYPEID="10" PREVID="0" NEXTID="0" UPDATEDATE="2024-09-11" STARTDATE="2024-09-11" ENDDATE="2079-06-06" ISACTUAL="1" ISACTIVE="1" /><STEAD ID="68685793" OBJECTID="165186941" OBJECTGUID="cf36e9a6-9e15-4d05-a571-e7925a1c076e" CHANGEID="600878330" NUMBER="53А/10" OPERTYPEID="10" PREVID="0" NEXTID="0" UPDATEDATE="2024-09-11" STARTDATE="2024-09-11" ENDDATE="2079-06-06" ISACTUAL="1" ISACTIVE="1" /><STEAD ID="68685796" OBJECTID="165186945" OBJECTGUID="2570b0ef-2169-4198-a0f5-3c7862dc7a54" CHANGEID="600878334" NUMBER="49/1" OPERTYPEID="10" PREVID="0" NEXTID="0" UPDATEDATE="2024-09-11" STARTDATE="2024-09-11" ENDDATE="2079-06-06" ISACTUAL="1" ISACTIVE="1" /><STEAD ID="68686044" OBJECTID="165187252" OBJECTGUID="d5ca8232-1fe4-4045-b923-f7975a3dcc05" CHANGEID="600878701" NUMBER="1А" OPERTYPEID="10" PREVID="0" NEXTID="0" UPDATEDATE="2024-09-11" STARTDATE="2024-09-11" ENDDATE="2079-06-06" ISACTUAL="1" ISACTIVE="1" /><STEAD ID="68686185" OBJECTID="165187592" OBJECTGUID="a47dbc67-d3b6-4bfe-8155-ae9b3d1eedb5" CHANGEID="600879145" NUMBER="9А" OPERTYPEID="10" PREVID="0" NEXTID="0" UPDATEDATE="2024-09-11" STARTDATE="2024-09-11" ENDDATE="2079-06-06" ISACTUAL="1" ISACTIVE="1" /><STEAD ID="68686186" OBJECTID="165187594" OBJECTGUID="22f1a08c-9d95-4018-baab-3e232417355a" CHANGEID="600879147" NUMBER="43А" OPERTYPEID="10" PREVID="0" NEXTID="0" UPDATEDATE="2024-09-11" STARTDATE="2024-09-11" ENDDATE="2079-06-06" ISACTUAL="1" ISACTIVE="1" /><STEAD ID="68686549" OBJECTID="165188540" OBJECTGUID="5589436b-def6-46a0-b06e-b5159f60238a" CHANGEID="600880445" NUMBER="2/2" OPERTYPEID="10" PREVID="0" NEXTID="0" UPDATEDATE="2024-09-11" STARTDATE="2024-09-11" ENDDATE="2079-06-06" ISACTUAL="1" ISACTIVE="1" /><STEAD ID="68686550" OBJECTID="165188543" OBJECTGUID="e9d27a0b-8411-4803-8141-0a97675d2f30" CHANGEID="600880448" NUMBER="4/1" OPERTYPEID="10" PREVID="0" NEXTID="0" UPDATEDATE="2024-09-11" STARTDATE="2024-09-11" ENDDATE="2079-06-06" ISACTUAL="1" ISACTIVE="1" /><STEAD ID="68686551" OBJECTID="165188544" OBJECTGUID="40900574-6409-4d12-bdec-3d72c168f913" CHANGEID="600880449" NUMBER="4/1А" OPERTYPEID="10" PREVID="0" NEXTID="0" UPDATEDATE="2024-09-11" STARTDATE="2024-09-11" ENDDATE="2079-06-06" ISACTUAL="1" ISACTIVE="1" /><STEAD ID="68686967" OBJECTID="165189246" OBJECTGUID="6f214053-9e43-43f5-9c82-5dd9492ff6a6" CHANGEID="600881660" NUMBER="77" OPERTYPEID="10" PREVID="0" NEXTID="0" UPDATEDATE="2024-09-11" STARTDATE="2024-09-11" ENDDATE="2079-06-06" ISACTUAL="1" ISACTIVE="1" /><STEAD ID="68686966" OBJECTID="165189244" OBJECTGUID="e06ec53e-6621-4579-8691-6953b1b954e1" CHANGEID="600881657" NUMBER="28" OPERTYPEID="10" PREVID="0" NEXTID="0" UPDATEDATE="2024-09-11" STARTDATE="2024-09-11" ENDDATE="2079-06-06" ISACTUAL="1" ISACTIVE="1" /><STEAD ID="68686968" OBJECTID="165189247" OBJECTGUID="8423f8e4-7f3d-4a1a-ad26-24fd954b9821" CHANGEID="600881663" NUMBER="210" OPERTYPEID="10" PREVID="0" NEXTID="0" UPDATEDATE="2024-09-11" STARTDATE="2024-09-11" ENDDATE="2079-06-06" ISACTUAL="1" ISACTIVE="1" /><STEAD ID="68686969" OBJECTID="165189248" OBJECTGUID="ee811cc1-8d32-4001-a6f4-c2184a44403b" CHANGEID="600881665" NUMBER="125" OPERTYPEID="10" PREVID="0" NEXTID="0" UPDATEDATE="2024-09-11" STARTDATE="2024-09-11" ENDDATE="2079-06-06" ISACTUAL="1" ISACTIVE="1" /><STEAD ID="68686970" OBJECTID="165189249" OBJECTGUID="1a73bc11-9dde-43eb-b16e-c1b1b9309534" CHANGEID="600881667" NUMBER="2А" OPERTYPEID="10" PREVID="0" NEXTID="0" UPDATEDATE="2024-09-11" STARTDATE="2024-09-11" ENDDATE="2079-06-06" ISACTUAL="1" ISACTIVE="1" /><STEAD ID="68687121" OBJECTID="165189474" OBJECTGUID="c7bacbdb-5e49-41ec-a9f1-ded69e0b3a06" CHANGEID="600882100" NUMBER="4" OPERTYPEID="10" PREVID="0" NEXTID="0" UPDATEDATE="2024-09-11" STARTDATE="2024-09-11" ENDDATE="2079-06-06" ISACTUAL="1" ISACTIVE="1" /><STEAD ID="68687280" OBJECTID="165189945" OBJECTGUID="b5e7a09f-dc14-460f-a20b-b5adb4b98b31" CHANGEID="600882712" NUMBER="3" OPERTYPEID="10" PREVID="0" NEXTID="0" UPDATEDATE="2024-09-11" STARTDATE="2024-09-11" ENDDATE="2079-06-06" ISACTUAL="1" ISACTIVE="1" /><STEAD ID="68687708" OBJECTID="165190623" OBJECTGUID="515f6163-f94f-42e0-8cad-9f5bb0673f3e" CHANGEID="600883806" NUMBER="30" OPERTYPEID="10" PREVID="0" NEXTID="0" UPDATEDATE="2024-09-11" STARTDATE="2024-09-11" ENDDATE="2079-06-06" ISACTUAL="1" ISACTIVE="1" /><STEAD ID="68687963" OBJECTID="165191403" OBJECTGUID="5dc74ef7-8079-40f1-869d-0928feca4520" CHANGEID="600884904" NUMBER="10" OPERTYPEID="10" PREVID="0" NEXTID="0" UPDATEDATE="2024-09-11" STARTDATE="2024-09-11" ENDDATE="2079-06-06" ISACTUAL="1" ISACTIVE="1" /><STEAD ID="68687970" OBJECTID="165191418" OBJECTGUID="07fa2d6b-7a3f-40e2-9db4-2c1c88dd3df4" CHANGEID="600884931" NUMBER="7" OPERTYPEID="10" PREVID="0" NEXTID="0" UPDATEDATE="2024-09-11" STARTDATE="2024-09-11" ENDDATE="2079-06-06" ISACTUAL="1" ISACTIVE="1" /><STEAD ID="68688504" OBJECTID="165192716" OBJECTGUID="1237b0f9-a80e-485a-81a4-24f5995d4639" CHANGEID="600886624" NUMBER="7/2" OPERTYPEID="10" PREVID="0" NEXTID="0" UPDATEDATE="2024-09-11" STARTDATE="2024-09-11" ENDDATE="2079-06-06" ISACTUAL="1" ISACTIVE="1" /><STEAD ID="68688503" OBJECTID="165192715" OBJECTGUID="d5420a36-ba35-4b85-97ab-2c23c183e109" CHANGEID="600886623" NUMBER="7/1" OPERTYPEID="10" PREVID="0" NEXTID="0" UPDATEDATE="2024-09-11" STARTDATE="2024-09-11" ENDDATE="2079-06-06" ISACTUAL="1" ISACTIVE="1" /><STEAD ID="68688508" OBJECTID="165192720" OBJECTGUID="dd4ecf9c-a876-410a-b9d0-c5169e4d4539" CHANGEID="600886633" NUMBER="10" OPERTYPEID="10" PREVID="0" NEXTID="0" UPDATEDATE="2024-09-11" STARTDATE="2024-09-11" ENDDATE="2079-06-06" ISACTUAL="1" ISACTIVE="1" /><STEAD ID="68692193" OBJECTID="165201033" OBJECTGUID="c5f80154-ff28-4e3b-b289-44d8d94f0f86" CHANGEID="600898357" NUMBER="4/2" OPERTYPEID="10" PREVID="0" NEXTID="0" UPDATEDATE="2024-09-11" STARTDATE="2024-09-11" ENDDATE="2079-06-06" ISACTUAL="1" ISACTIVE="1" /><STEAD ID="68692194" OBJECTID="165201034" OBJECTGUID="749f025e-165f-4ed7-8719-9b8fe5e4daeb" CHANGEID="600898358" NUMBER="8/1" OPERTYPEID="10" PREVID="0" NEXTID="0" UPDATEDATE="2024-09-11" STARTDATE="2024-09-11" ENDDATE="2079-06-06" ISACTUAL="1" ISACTIVE="1" /><STEAD ID="68692195" OBJECTID="165201035" OBJECTGUID="7485bc67-469c-4a4a-814b-8d2de3ee7977" CHANGEID="600898359" NUMBER="8/2" OPERTYPEID="10" PREVID="0" NEXTID="0" UPDATEDATE="2024-09-11" STARTDATE="2024-09-11" ENDDATE="2079-06-06" ISACTUAL="1" ISACTIVE="1" /><STEAD ID="68692196" OBJECTID="165201036" OBJECTGUID="580dd439-a489-4c75-82f7-7601b288dd5c" CHANGEID="600898360" NUMBER="9/1" OPERTYPEID="10" PREVID="0" NEXTID="0" UPDATEDATE="2024-09-11" STARTDATE="2024-09-11" ENDDATE="2079-06-06" ISACTUAL="1" ISACTIVE="1" /><STEAD ID="68692197" OBJECTID="165201037" OBJECTGUID="e0722244-44bf-4fd1-844a-77ba14e27b98" CHANGEID="600898361" NUMBER="3" OPERTYPEID="10" PREVID="0" NEXTID="0" UPDATEDATE="2024-09-11" STARTDATE="2024-09-11" ENDDATE="2079-06-06" ISACTUAL="1" ISACTIVE="1" /><STEAD ID="68692198" OBJECTID="165201038" OBJECTGUID="2992a3e5-f2ab-4413-8eb0-8ff44777f15b" CHANGEID="600898362" NUMBER="9/2" OPERTYPEID="10" PREVID="0" NEXTID="0" UPDATEDATE="2024-09-11" STARTDATE="2024-09-11" ENDDATE="2079-06-06" ISACTUAL="1" ISACTIVE="1" /><STEAD ID="68692200" OBJECTID="165201050" OBJECTGUID="0da2d8a0-3e62-489c-84c8-10514f7d79e8" CHANGEID="600898374" NUMBER="24" OPERTYPEID="10" PREVID="0" NEXTID="0" UPDATEDATE="2024-09-11" STARTDATE="2024-09-11" ENDDATE="2079-06-06" ISACTUAL="1" ISACTIVE="1" /><STEAD ID="68692205" OBJECTID="165201069" OBJECTGUID="7de9eda7-1e2a-4b86-8bd1-d62bcc83a649" CHANGEID="600898405" NUMBER="8Б" OPERTYPEID="10" PREVID="0" NEXTID="0" UPDATEDATE="2024-09-11" STARTDATE="2024-09-11" ENDDATE="2079-06-06" ISACTUAL="1" ISACTIVE="1" /><STEAD ID="68692199" OBJECTID="165201042" OBJECTGUID="1a45e379-46ea-4b13-a93b-eb6533173778" CHANGEID="600898366" NUMBER="11/2" OPERTYPEID="10" PREVID="0" NEXTID="0" UPDATEDATE="2024-09-11" STARTDATE="2024-09-11" ENDDATE="2079-06-06" ISACTUAL="1" ISACTIVE="1" /><STEAD ID="68692206" OBJECTID="165201071" OBJECTGUID="bd360d59-fa5c-422c-a7ca-7bcffef94baf" CHANGEID="600898411" NUMBER="3А/1" OPERTYPEID="10" PREVID="0" NEXTID="0" UPDATEDATE="2024-09-11" STARTDATE="2024-09-11" ENDDATE="2079-06-06" ISACTUAL="1" ISACTIVE="1" /><STEAD ID="68692207" OBJECTID="165201073" OBJECTGUID="1f625e21-69bc-4550-8c2a-8df4340649bf" CHANGEID="600898413" NUMBER="3А/2" OPERTYPEID="10" PREVID="0" NEXTID="0" UPDATEDATE="2024-09-11" STARTDATE="2024-09-11" ENDDATE="2079-06-06" ISACTUAL="1" ISACTIVE="1" /><STEAD ID="68692237" OBJECTID="165201123" OBJECTGUID="ab959d58-1a6a-490b-8371-6131296a9f6f" CHANGEID="600898466" NUMBER="4" OPERTYPEID="10" PREVID="0" NEXTID="0" UPDATEDATE="2024-09-11" STARTDATE="2024-09-11" ENDDATE="2079-06-06" ISACTUAL="1" ISACTIVE="1" /><STEAD ID="68692467" OBJECTID="165202358" OBJECTGUID="1e33e738-58ec-47eb-9484-f4f69af885d0" CHANGEID="600899912" NUMBER="38" OPERTYPEID="10" PREVID="0" NEXTID="0" UPDATEDATE="2024-09-11" STARTDATE="2024-09-11" ENDDATE="2079-06-06" ISACTUAL="1" ISACTIVE="1" /><STEAD ID="68692481" OBJECTID="165202375" OBJECTGUID="9410c3af-5aff-4bbe-986a-85518d746b4e" CHANGEID="600899936" NUMBER="23" OPERTYPEID="10" PREVID="0" NEXTID="0" UPDATEDATE="2024-09-11" STARTDATE="2024-09-11" ENDDATE="2079-06-06" ISACTUAL="1" ISACTIVE="1" /><STEAD ID="68692482" OBJECTID="165202376" OBJECTGUID="373bf257-6b3c-457b-a8d3-4ba88d45b636" CHANGEID="600899937" NUMBER="22" OPERTYPEID="10" PREVID="0" NEXTID="0" UPDATEDATE="2024-09-11" STARTDATE="2024-09-11" ENDDATE="2079-06-06" ISACTUAL="1" ISACTIVE="1" /><STEAD ID="68692484" OBJECTID="165202378" OBJECTGUID="2f03cce1-430b-40b1-be63-81282b2c5b46" CHANGEID="600899939" NUMBER="23/2" OPERTYPEID="10" PREVID="0" NEXTID="0" UPDATEDATE="2024-09-11" STARTDATE="2024-09-11" ENDDATE="2079-06-06" ISACTUAL="1" ISACTIVE="1" /><STEAD ID="68692533" OBJECTID="165202427" OBJECTGUID="d087b8a2-dea0-4278-8239-19174afd0739" CHANGEID="600899988" NUMBER="32А" OPERTYPEID="10" PREVID="0" NEXTID="0" UPDATEDATE="2024-09-11" STARTDATE="2024-09-11" ENDDATE="2079-06-06" ISACTUAL="1" ISACTIVE="1" /><STEAD ID="68693082" OBJECTID="165203367" OBJECTGUID="9fabad39-b180-4088-a662-15272cba939f" CHANGEID="600901213" NUMBER="2/1" OPERTYPEID="10" PREVID="0" NEXTID="0" UPDATEDATE="2024-09-11" STARTDATE="2024-09-11" ENDDATE="2079-06-06" ISACTUAL="1" ISACTIVE="1" /><STEAD ID="68693111" OBJECTID="165203441" OBJECTGUID="93585102-5be1-446e-b3c4-e1b927da256e" CHANGEID="600901298" NUMBER="28" OPERTYPEID="10" PREVID="0" NEXTID="0" UPDATEDATE="2024-09-11" STARTDATE="2024-09-11" ENDDATE="2079-06-06" ISACTUAL="1" ISACTIVE="1" /><STEAD ID="68693113" OBJECTID="165203462" OBJECTGUID="e4effa10-4767-41c0-bf1f-7b3bc8e35e2b" CHANGEID="600901320" NUMBER="11Г" OPERTYPEID="10" PREVID="0" NEXTID="0" UPDATEDATE="2024-09-11" STARTDATE="2024-09-11" ENDDATE="2079-06-06" ISACTUAL="1" ISACTIVE="1" /><STEAD ID="68693112" OBJECTID="165203461" OBJECTGUID="1aa8cddc-57a2-4dac-8147-d9b0ede4c794" CHANGEID="600901319" NUMBER="375" OPERTYPEID="10" PREVID="0" NEXTID="0" UPDATEDATE="2024-09-11" STARTDATE="2024-09-11" ENDDATE="2079-06-06" ISACTUAL="1" ISACTIVE="1" /><STEAD ID="68695580" OBJECTID="165207094" OBJECTGUID="5acfef6c-8d59-4f68-af0e-3bf13c28ba54" CHANGEID="600906886" NUMBER="32Б" OPERTYPEID="10" PREVID="0" NEXTID="0" UPDATEDATE="2024-09-11" STARTDATE="2024-09-11" ENDDATE="2079-06-06" ISACTUAL="1" ISACTIVE="1" /><STEAD ID="68695581" OBJECTID="165207096" OBJECTGUID="4d8eac5d-1214-4637-a3e3-a34794e1bec5" CHANGEID="600906888" NUMBER="19" OPERTYPEID="10" PREVID="0" NEXTID="0" UPDATEDATE="2024-09-11" STARTDATE="2024-09-11" ENDDATE="2079-06-06" ISACTUAL="1" ISACTIVE="1" /><STEAD ID="68696572" OBJECTID="165208817" OBJECTGUID="0d4e1435-c92c-4157-9a92-34151a121b8e" CHANGEID="600910000" NUMBER="26" OPERTYPEID="10" PREVID="0" NEXTID="0" UPDATEDATE="2024-09-11" STARTDATE="2024-09-11" ENDDATE="2079-06-06" ISACTUAL="1" ISACTIVE="1" /><STEAD ID="68696628" OBJECTID="165209107" OBJECTGUID="4ed934f6-c313-44da-9aa0-6aca44230d22" CHANGEID="600910592" NUMBER="5А" OPERTYPEID="10" PREVID="0" NEXTID="0" UPDATEDATE="2024-09-11" STARTDATE="2024-09-11" ENDDATE="2079-06-06" ISACTUAL="1" ISACTIVE="1" /><STEAD ID="68698629" OBJECTID="165212089" OBJECTGUID="3345f215-8e26-4bfd-8d92-6e124d626044" CHANGEID="600915675" NUMBER="22/1" OPERTYPEID="10" PREVID="0" NEXTID="0" UPDATEDATE="2024-09-11" STARTDATE="2024-09-11" ENDDATE="2079-06-06" ISACTUAL="1" ISACTIVE="1" /><STEAD ID="68700943" OBJECTID="165215447" OBJECTGUID="bf0d00f4-415b-4405-a5c2-7ffac3841bca" CHANGEID="600921410" NUMBER="31А" OPERTYPEID="10" PREVID="0" NEXTID="0" UPDATEDATE="2024-09-11" STARTDATE="2024-09-11" ENDDATE="2079-06-06" ISACTUAL="1" ISACTIVE="1" /><STEAD ID="68700995" OBJECTID="165215506" OBJECTGUID="841b20ed-4aae-492a-80df-0fee2c1d0e07" CHANGEID="600921504" NUMBER="25" OPERTYPEID="10" PREVID="0" NEXTID="0" UPDATEDATE="2024-09-11" STARTDATE="2024-09-11" ENDDATE="2079-06-06" ISACTUAL="1" ISACTIVE="1" /><STEAD ID="68700977" OBJECTID="165215487" OBJECTGUID="1840a28b-6f1a-49b0-a0fe-d3bca9603bde" CHANGEID="600921476" NUMBER="109/1" OPERTYPEID="10" PREVID="0" NEXTID="0" UPDATEDATE="2024-09-11" STARTDATE="2024-09-11" ENDDATE="2079-06-06" ISACTUAL="1" ISACTIVE="1" /><STEAD ID="68701011" OBJECTID="165215526" OBJECTGUID="1b687af5-0e54-47fc-8363-9d956ab4eeb6" CHANGEID="600921539" NUMBER="41/2" OPERTYPEID="10" PREVID="0" NEXTID="0" UPDATEDATE="2024-09-11" STARTDATE="2024-09-11" ENDDATE="2079-06-06" ISACTUAL="1" ISACTIVE="1" /><STEAD ID="68701270" OBJECTID="165215809" OBJECTGUID="fef665d8-8de0-4712-8c6d-a3b6944552cc" CHANGEID="600922194" NUMBER="72" OPERTYPEID="10" PREVID="0" NEXTID="0" UPDATEDATE="2024-09-11" STARTDATE="2024-09-11" ENDDATE="2079-06-06" ISACTUAL="1" ISACTIVE="1" /><STEAD ID="68702159" OBJECTID="165217502" OBJECTGUID="5351a97f-dc97-4713-8581-8b4a70856715" CHANGEID="600924554" NUMBER="113А" OPERTYPEID="10" PREVID="0" NEXTID="0" UPDATEDATE="2024-09-11" STARTDATE="2024-09-11" ENDDATE="2079-06-06" ISACTUAL="1" ISACTIVE="1" /></STEADS>