﻿<?xml version="1.0" encoding="utf-8"?><HOUSES><HOUSE ID="126728425" OBJECTID="165075136" OBJECTGUID="ed5d8545-9ace-4fbf-9e7f-8d102d6b41a1" CHANGEID="600535246" HOUSENUM="28А" HOUSETYPE="5" OPERTYPEID="10" PREVID="0" NEXTID="0" UPDATEDATE="2024-09-05" STARTDATE="2024-09-05" ENDDATE="2079-06-06" ISACTUAL="1" ISACTIVE="1" /><HOUSE ID="126728477" OBJECTID="165075224" OBJECTGUID="5f3e612d-8574-45ed-8450-115aa50416ba" CHANGEID="600535439" HOUSENUM="4" HOUSETYPE="2" OPERTYPEID="10" PREVID="0" NEXTID="0" UPDATEDATE="2024-09-05" STARTDATE="2024-09-05" ENDDATE="2079-06-06" ISACTUAL="1" ISACTIVE="1" /><HOUSE ID="126728705" OBJECTID="165077405" OBJECTGUID="4dca6eb9-d43f-46da-bf59-fc6f9e5dcdf1" CHANGEID="600538500" HOUSENUM="23" ADDNUM1="2" HOUSETYPE="2" ADDTYPE1="1" OPERTYPEID="10" PREVID="0" NEXTID="0" UPDATEDATE="2024-09-05" STARTDATE="2024-09-05" ENDDATE="2079-06-06" ISACTUAL="1" ISACTIVE="1" /><HOUSE ID="126731317" OBJECTID="165089214" OBJECTGUID="60d1f800-e589-40bf-8cea-cf89c3dff651" CHANGEID="600558774" HOUSENUM="15/8" HOUSETYPE="2" OPERTYPEID="10" PREVID="0" NEXTID="0" UPDATEDATE="2024-09-05" STARTDATE="2024-09-05" ENDDATE="2079-06-06" ISACTUAL="1" ISACTIVE="1" /><HOUSE ID="126731328" OBJECTID="165089226" OBJECTGUID="b0889b9b-6191-4db8-a3ce-e95ffe10ae3b" CHANGEID="600558805" HOUSENUM="46А" HOUSETYPE="2" OPERTYPEID="10" PREVID="0" NEXTID="0" UPDATEDATE="2024-09-05" STARTDATE="2024-09-05" ENDDATE="2079-06-06" ISACTUAL="1" ISACTIVE="1" /><HOUSE ID="126736341" OBJECTID="165107731" OBJECTGUID="f9b57d6e-c1a6-4df9-ba78-519e164ddbc8" CHANGEID="600592362" HOUSENUM="29" HOUSETYPE="2" OPERTYPEID="10" PREVID="0" NEXTID="0" UPDATEDATE="2024-09-06" STARTDATE="2024-09-06" ENDDATE="2079-06-06" ISACTUAL="1" ISACTIVE="1" /><HOUSE ID="126738625" OBJECTID="165115874" OBJECTGUID="3c23d78b-1b97-453d-9eae-886aae4fbd95" CHANGEID="600706189" HOUSENUM="135А" HOUSETYPE="2" OPERTYPEID="10" PREVID="0" NEXTID="0" UPDATEDATE="2024-09-06" STARTDATE="2024-09-06" ENDDATE="2079-06-06" ISACTUAL="1" ISACTIVE="1" /><HOUSE ID="126738671" OBJECTID="165115920" OBJECTGUID="9548598f-fc33-469b-93e2-a8ccebdabd65" CHANGEID="600706311" HOUSENUM="17" HOUSETYPE="2" OPERTYPEID="10" PREVID="0" NEXTID="0" UPDATEDATE="2024-09-06" STARTDATE="2024-09-06" ENDDATE="2079-06-06" ISACTUAL="1" ISACTIVE="1" /><HOUSE ID="126749445" OBJECTID="165161435" OBJECTGUID="25042231-a372-4981-abce-558ffd20fea7" CHANGEID="600813130" HOUSENUM="135" HOUSETYPE="2" OPERTYPEID="10" PREVID="0" NEXTID="0" UPDATEDATE="2024-09-10" STARTDATE="2024-09-10" ENDDATE="2079-06-06" ISACTUAL="1" ISACTIVE="1" /><HOUSE ID="126750407" OBJECTID="165165480" OBJECTGUID="a25611f8-fc7e-4d9b-b510-b6b416b4f59f" CHANGEID="600819958" HOUSENUM="48А" HOUSETYPE="2" OPERTYPEID="10" PREVID="0" NEXTID="0" UPDATEDATE="2024-09-10" STARTDATE="2024-09-10" ENDDATE="2079-06-06" ISACTUAL="1" ISACTIVE="1" /><HOUSE ID="126759664" OBJECTID="165210507" OBJECTGUID="27b43261-20b5-49d7-9266-c39fbdf985e4" CHANGEID="600913280" HOUSENUM="6" HOUSETYPE="2" OPERTYPEID="10" PREVID="0" NEXTID="0" UPDATEDATE="2024-09-11" STARTDATE="2024-09-11" ENDDATE="2079-06-06" ISACTUAL="1" ISACTIVE="1" /><HOUSE ID="126760318" OBJECTID="165213628" OBJECTGUID="9864604e-3a3f-4a65-b3db-fd2ec114d9b4" CHANGEID="600918087" HOUSENUM="2" HOUSETYPE="5" OPERTYPEID="10" PREVID="0" NEXTID="0" UPDATEDATE="2024-09-11" STARTDATE="2024-09-11" ENDDATE="2079-06-06" ISACTUAL="1" ISACTIVE="1" /><HOUSE ID="126761292" OBJECTID="165218472" OBJECTGUID="091746d2-2032-400b-923e-2be77435c7de" CHANGEID="600926070" HOUSENUM="36" HOUSETYPE="2" OPERTYPEID="10" PREVID="0" NEXTID="0" UPDATEDATE="2024-09-11" STARTDATE="2024-09-11" ENDDATE="2079-06-06" ISACTUAL="1" ISACTIVE="1" /><HOUSE ID="126761873" OBJECTID="165221222" OBJECTGUID="65dd308b-dd7f-45a2-abd6-49e531cd8bbd" CHANGEID="600932305" HOUSENUM="8/4" HOUSETYPE="2" OPERTYPEID="10" PREVID="0" NEXTID="0" UPDATEDATE="2024-09-11" STARTDATE="2024-09-11" ENDDATE="2079-06-06" ISACTUAL="1" ISACTIVE="1" /></HOUSES>