﻿<?xml version="1.0" encoding="utf-8"?><REESTR_OBJECTS><OBJECT OBJECTID="165075136" OBJECTGUID="ed5d8545-9ace-4fbf-9e7f-8d102d6b41a1" CHANGEID="600535246" ISACTIVE="1" LEVELID="10" CREATEDATE="2024-09-05" UPDATEDATE="2024-09-05" /><OBJECT OBJECTID="165075224" OBJECTGUID="5f3e612d-8574-45ed-8450-115aa50416ba" CHANGEID="600535439" ISACTIVE="1" LEVELID="10" CREATEDATE="2024-09-05" UPDATEDATE="2024-09-05" /><OBJECT OBJECTID="165077405" OBJECTGUID="4dca6eb9-d43f-46da-bf59-fc6f9e5dcdf1" CHANGEID="600538500" ISACTIVE="1" LEVELID="10" CREATEDATE="2024-09-05" UPDATEDATE="2024-09-05" /><OBJECT OBJECTID="165080112" OBJECTGUID="77028c92-802a-4fa6-81ee-f30cfbc3a1ff" CHANGEID="600542690" ISACTIVE="1" LEVELID="11" CREATEDATE="2024-09-05" UPDATEDATE="2024-09-05" /><OBJECT OBJECTID="165080113" OBJECTGUID="41e61a2c-b488-49b7-90e5-bdf0dd1b1f73" CHANGEID="600542691" ISACTIVE="1" LEVELID="11" CREATEDATE="2024-09-05" UPDATEDATE="2024-09-05" /><OBJECT OBJECTID="165080114" OBJECTGUID="7ecb44c6-669f-4bc2-bd0c-b86409d9d682" CHANGEID="600542692" ISACTIVE="1" LEVELID="11" CREATEDATE="2024-09-05" UPDATEDATE="2024-09-05" /><OBJECT OBJECTID="165080115" OBJECTGUID="4bea9fde-023d-400b-aefe-a98649c81b70" CHANGEID="600542693" ISACTIVE="1" LEVELID="11" CREATEDATE="2024-09-05" UPDATEDATE="2024-09-05" /><OBJECT OBJECTID="165080116" OBJECTGUID="c595f907-74cd-425d-b998-4805ae6b7a2d" CHANGEID="600542694" ISACTIVE="1" LEVELID="11" CREATEDATE="2024-09-05" UPDATEDATE="2024-09-05" /><OBJECT OBJECTID="165080117" OBJECTGUID="e12c7370-ac28-4d59-ace4-0416db0a3fbf" CHANGEID="600542695" ISACTIVE="1" LEVELID="11" CREATEDATE="2024-09-05" UPDATEDATE="2024-09-05" /><OBJECT OBJECTID="165080118" OBJECTGUID="fa563a0e-265d-4f85-be4a-dc30dd87361a" CHANGEID="600542696" ISACTIVE="1" LEVELID="11" CREATEDATE="2024-09-05" UPDATEDATE="2024-09-05" /><OBJECT OBJECTID="165080119" OBJECTGUID="61cfd3c4-3f0f-4c4f-9b5b-0b9fd31f0944" CHANGEID="600542697" ISACTIVE="1" LEVELID="11" CREATEDATE="2024-09-05" UPDATEDATE="2024-09-05" /><OBJECT OBJECTID="165080120" OBJECTGUID="f542b8e0-ebb3-4140-913c-f7ee761e9add" CHANGEID="600542698" ISACTIVE="1" LEVELID="11" CREATEDATE="2024-09-05" UPDATEDATE="2024-09-05" /><OBJECT OBJECTID="165080121" OBJECTGUID="c13bcbce-7cd9-4846-b68d-1941d972fb14" CHANGEID="600542699" ISACTIVE="1" LEVELID="11" CREATEDATE="2024-09-05" UPDATEDATE="2024-09-05" /><OBJECT OBJECTID="165080122" OBJECTGUID="3d772bf4-3014-46c6-8b03-959f943d6ef8" CHANGEID="600542700" ISACTIVE="1" LEVELID="11" CREATEDATE="2024-09-05" UPDATEDATE="2024-09-05" /><OBJECT OBJECTID="165080123" OBJECTGUID="f1ceff35-5f5a-4e47-855f-fb41f939f34b" CHANGEID="600542701" ISACTIVE="1" LEVELID="11" CREATEDATE="2024-09-05" UPDATEDATE="2024-09-05" /><OBJECT OBJECTID="165080124" OBJECTGUID="ac06db01-8cea-4f64-b440-3515f300c306" CHANGEID="600542702" ISACTIVE="1" LEVELID="11" CREATEDATE="2024-09-05" UPDATEDATE="2024-09-05" /><OBJECT OBJECTID="165080125" OBJECTGUID="101a4be2-a568-4d6a-a370-c89ab1a0c525" CHANGEID="600542703" ISACTIVE="1" LEVELID="11" CREATEDATE="2024-09-05" UPDATEDATE="2024-09-05" /><OBJECT OBJECTID="165080126" OBJECTGUID="bea36fab-4db0-49c2-8036-58b849802d05" CHANGEID="600542704" ISACTIVE="1" LEVELID="11" CREATEDATE="2024-09-05" UPDATEDATE="2024-09-05" /><OBJECT OBJECTID="165080127" OBJECTGUID="f28451b3-b44b-4116-bc90-6aa8373371ad" CHANGEID="600542705" ISACTIVE="1" LEVELID="11" CREATEDATE="2024-09-05" UPDATEDATE="2024-09-05" /><OBJECT OBJECTID="165080128" OBJECTGUID="f5e32c72-fd8d-4107-8588-b0cfa2fcb4af" CHANGEID="600542706" ISACTIVE="1" LEVELID="11" CREATEDATE="2024-09-05" UPDATEDATE="2024-09-05" /><OBJECT OBJECTID="165080129" OBJECTGUID="b82252a5-3be0-4fe3-afb5-ea086646dc12" CHANGEID="600542707" ISACTIVE="1" LEVELID="11" CREATEDATE="2024-09-05" UPDATEDATE="2024-09-05" /><OBJECT OBJECTID="165080130" OBJECTGUID="347d0017-2883-4173-a7f6-b5d5129d280e" CHANGEID="600542708" ISACTIVE="1" LEVELID="11" CREATEDATE="2024-09-05" UPDATEDATE="2024-09-05" /><OBJECT OBJECTID="165080131" OBJECTGUID="ba22a184-f201-4626-b783-ac4b78492e9e" CHANGEID="600542709" ISACTIVE="1" LEVELID="11" CREATEDATE="2024-09-05" UPDATEDATE="2024-09-05" /><OBJECT OBJECTID="165080132" OBJECTGUID="9b28b9e8-99dc-459a-aa13-cf3a45d9ca82" CHANGEID="600542710" ISACTIVE="1" LEVELID="11" CREATEDATE="2024-09-05" UPDATEDATE="2024-09-05" /><OBJECT OBJECTID="165080133" OBJECTGUID="1adaca62-2104-4c34-bbf8-7992ca9d699d" CHANGEID="600542711" ISACTIVE="1" LEVELID="11" CREATEDATE="2024-09-05" UPDATEDATE="2024-09-05" /><OBJECT OBJECTID="165080134" OBJECTGUID="680a2733-0b7b-4cf1-87fe-30134f768a50" CHANGEID="600542712" ISACTIVE="1" LEVELID="11" CREATEDATE="2024-09-05" UPDATEDATE="2024-09-05" /><OBJECT OBJECTID="165080135" OBJECTGUID="ae2129c5-9857-40df-adef-a477215f5143" CHANGEID="600542713" ISACTIVE="1" LEVELID="11" CREATEDATE="2024-09-05" UPDATEDATE="2024-09-05" /><OBJECT OBJECTID="165080136" OBJECTGUID="498f9de0-aa18-4e0b-99bd-757edb2d698b" CHANGEID="600542714" ISACTIVE="1" LEVELID="11" CREATEDATE="2024-09-05" UPDATEDATE="2024-09-05" /><OBJECT OBJECTID="165080137" OBJECTGUID="b11e90bd-ba94-4b6e-8ad5-54c6a719ea05" CHANGEID="600542715" ISACTIVE="1" LEVELID="11" CREATEDATE="2024-09-05" UPDATEDATE="2024-09-05" /><OBJECT OBJECTID="165080138" OBJECTGUID="358997a6-1ba7-4255-8cd2-e9eb108a7783" CHANGEID="600542716" ISACTIVE="1" LEVELID="11" CREATEDATE="2024-09-05" UPDATEDATE="2024-09-05" /><OBJECT OBJECTID="165080139" OBJECTGUID="6e8e7237-a8ec-4af0-9459-f8a021952500" CHANGEID="600542717" ISACTIVE="1" LEVELID="11" CREATEDATE="2024-09-05" UPDATEDATE="2024-09-05" /><OBJECT OBJECTID="165080140" OBJECTGUID="e575ef63-c539-40f9-9f20-8d1aece09f79" CHANGEID="600542718" ISACTIVE="1" LEVELID="11" CREATEDATE="2024-09-05" UPDATEDATE="2024-09-05" /><OBJECT OBJECTID="165080141" OBJECTGUID="7cee0c3e-2331-43c0-80a6-e7d6b9e20cc9" CHANGEID="600542719" ISACTIVE="1" LEVELID="11" CREATEDATE="2024-09-05" UPDATEDATE="2024-09-05" /><OBJECT OBJECTID="165080142" OBJECTGUID="611b5058-1dba-400c-9cf0-00a7b364681c" CHANGEID="600542720" ISACTIVE="1" LEVELID="11" CREATEDATE="2024-09-05" UPDATEDATE="2024-09-05" /><OBJECT OBJECTID="165080143" OBJECTGUID="c56fc863-bda9-4386-ab9a-7486ecde9f1b" CHANGEID="600542721" ISACTIVE="1" LEVELID="11" CREATEDATE="2024-09-05" UPDATEDATE="2024-09-05" /><OBJECT OBJECTID="165080144" OBJECTGUID="3559c163-2eca-4c30-8587-52479861b476" CHANGEID="600542722" ISACTIVE="1" LEVELID="11" CREATEDATE="2024-09-05" UPDATEDATE="2024-09-05" /><OBJECT OBJECTID="165080145" OBJECTGUID="7d5435e8-ab77-4a7c-a09f-86200b07434c" CHANGEID="600542723" ISACTIVE="1" LEVELID="11" CREATEDATE="2024-09-05" UPDATEDATE="2024-09-05" /><OBJECT OBJECTID="165080146" OBJECTGUID="fcc6e287-ff99-4997-844d-270ef85907df" CHANGEID="600542724" ISACTIVE="1" LEVELID="11" CREATEDATE="2024-09-05" UPDATEDATE="2024-09-05" /><OBJECT OBJECTID="165080147" OBJECTGUID="a91316ff-a7a7-4b1c-b7cf-cb8c659ba384" CHANGEID="600542725" ISACTIVE="1" LEVELID="11" CREATEDATE="2024-09-05" UPDATEDATE="2024-09-05" /><OBJECT OBJECTID="165080148" OBJECTGUID="2630166e-2c1a-4330-800b-0f2aac2a2d11" CHANGEID="600542726" ISACTIVE="1" LEVELID="11" CREATEDATE="2024-09-05" UPDATEDATE="2024-09-05" /><OBJECT OBJECTID="165080149" OBJECTGUID="86453eed-d9ba-4664-b9ec-dbcec9d91f11" CHANGEID="600542727" ISACTIVE="1" LEVELID="11" CREATEDATE="2024-09-05" UPDATEDATE="2024-09-05" /><OBJECT OBJECTID="165080150" OBJECTGUID="240f30cb-f304-4ec8-8204-0438b85211b2" CHANGEID="600542728" ISACTIVE="1" LEVELID="11" CREATEDATE="2024-09-05" UPDATEDATE="2024-09-05" /><OBJECT OBJECTID="165088606" OBJECTGUID="05c379e1-060a-42a1-afba-1cb22a65f687" CHANGEID="600557779" ISACTIVE="1" LEVELID="9" CREATEDATE="2024-09-05" UPDATEDATE="2024-09-05" /><OBJECT OBJECTID="165089214" OBJECTGUID="60d1f800-e589-40bf-8cea-cf89c3dff651" CHANGEID="600558774" ISACTIVE="1" LEVELID="10" CREATEDATE="2024-09-05" UPDATEDATE="2024-09-05" /><OBJECT OBJECTID="165089226" OBJECTGUID="b0889b9b-6191-4db8-a3ce-e95ffe10ae3b" CHANGEID="600558805" ISACTIVE="1" LEVELID="10" CREATEDATE="2024-09-05" UPDATEDATE="2024-09-05" /><OBJECT OBJECTID="36952901" OBJECTGUID="a4951b6c-044f-4303-8827-34be2df691f1" CHANGEID="600560045" ISACTIVE="1" LEVELID="11" CREATEDATE="2017-05-11" UPDATEDATE="2024-09-05" /><OBJECT OBJECTID="36952387" OBJECTGUID="61fae2cd-d296-4009-965e-e78dfb02d96b" CHANGEID="600560050" ISACTIVE="1" LEVELID="11" CREATEDATE="2017-05-11" UPDATEDATE="2024-09-05" /><OBJECT OBJECTID="165107731" OBJECTGUID="f9b57d6e-c1a6-4df9-ba78-519e164ddbc8" CHANGEID="600592362" ISACTIVE="1" LEVELID="10" CREATEDATE="2024-09-06" UPDATEDATE="2024-09-06" /><OBJECT OBJECTID="165115874" OBJECTGUID="3c23d78b-1b97-453d-9eae-886aae4fbd95" CHANGEID="600706189" ISACTIVE="1" LEVELID="10" CREATEDATE="2024-09-06" UPDATEDATE="2024-09-06" /><OBJECT OBJECTID="165115920" OBJECTGUID="9548598f-fc33-469b-93e2-a8ccebdabd65" CHANGEID="600706311" ISACTIVE="1" LEVELID="10" CREATEDATE="2024-09-06" UPDATEDATE="2024-09-06" /><OBJECT OBJECTID="164948924" OBJECTGUID="ef62e266-1446-4eae-8820-7240a10f07c9" CHANGEID="600730278" ISACTIVE="1" LEVELID="10" CREATEDATE="2024-08-29" UPDATEDATE="2024-09-07" /><OBJECT OBJECTID="164876694" OBJECTGUID="d1a150ab-1a8c-42f7-bc8e-b320b81022b2" CHANGEID="600730281" ISACTIVE="1" LEVELID="10" CREATEDATE="2024-08-26" UPDATEDATE="2024-09-07" /><OBJECT OBJECTID="164870717" OBJECTGUID="10785f8c-5d3f-4c12-9c35-f7eaa83b5bdc" CHANGEID="600730283" ISACTIVE="1" LEVELID="10" CREATEDATE="2024-08-26" UPDATEDATE="2024-09-07" /><OBJECT OBJECTID="4394891" OBJECTGUID="3fecac83-25dd-4ed8-b32e-cf809b2178f7" CHANGEID="600730235" ISACTIVE="1" LEVELID="10" CREATEDATE="2012-03-20" UPDATEDATE="2024-09-07" /><OBJECT OBJECTID="4394647" OBJECTGUID="8339405d-5e7f-4c4b-9667-92a03dd4dc64" CHANGEID="600730237" ISACTIVE="1" LEVELID="10" CREATEDATE="2012-03-21" UPDATEDATE="2024-09-07" /><OBJECT OBJECTID="4393860" OBJECTGUID="7dc6267d-b1e5-4751-9393-530a64d87cdd" CHANGEID="600730238" ISACTIVE="1" LEVELID="10" CREATEDATE="2012-03-21" UPDATEDATE="2024-09-07" /><OBJECT OBJECTID="4393365" OBJECTGUID="f2ab167d-dbe6-4f5e-ab94-40d778a0afab" CHANGEID="600730239" ISACTIVE="1" LEVELID="10" CREATEDATE="2012-03-20" UPDATEDATE="2024-09-07" /><OBJECT OBJECTID="4395286" OBJECTGUID="1fe195f8-309c-42ad-94c5-82ee522763d5" CHANGEID="600735416" ISACTIVE="1" LEVELID="10" CREATEDATE="2012-03-21" UPDATEDATE="2024-09-07" /><OBJECT OBJECTID="165125599" OBJECTGUID="8a8b9ff7-edf7-4dce-ac5e-b75cfe756bc2" CHANGEID="600751014" ISACTIVE="1" LEVELID="7" CREATEDATE="2024-09-09" UPDATEDATE="2024-09-09" /><OBJECT OBJECTID="165161435" OBJECTGUID="25042231-a372-4981-abce-558ffd20fea7" CHANGEID="600813130" ISACTIVE="1" LEVELID="10" CREATEDATE="2024-09-10" UPDATEDATE="2024-09-10" /><OBJECT OBJECTID="165165480" OBJECTGUID="a25611f8-fc7e-4d9b-b510-b6b416b4f59f" CHANGEID="600819958" ISACTIVE="1" LEVELID="10" CREATEDATE="2024-09-10" UPDATEDATE="2024-09-10" /><OBJECT OBJECTID="165209123" OBJECTGUID="bea0a24c-f18c-484f-a4b1-de0f60292772" CHANGEID="600910629" ISACTIVE="1" LEVELID="11" CREATEDATE="2024-09-11" UPDATEDATE="2024-09-11" /><OBJECT OBJECTID="165209124" OBJECTGUID="5a19f8cc-47ab-41cb-81e7-fe172b1cc7e4" CHANGEID="600910630" ISACTIVE="1" LEVELID="11" CREATEDATE="2024-09-11" UPDATEDATE="2024-09-11" /><OBJECT OBJECTID="165209125" OBJECTGUID="e8a058be-0b04-4fce-9993-fe8e0fffccca" CHANGEID="600910631" ISACTIVE="1" LEVELID="11" CREATEDATE="2024-09-11" UPDATEDATE="2024-09-11" /><OBJECT OBJECTID="165209126" OBJECTGUID="263ec4e8-da55-4699-a33d-fd5cb9591004" CHANGEID="600910632" ISACTIVE="1" LEVELID="11" CREATEDATE="2024-09-11" UPDATEDATE="2024-09-11" /><OBJECT OBJECTID="165209127" OBJECTGUID="d9173408-c3b7-4ebd-9744-6bf271d37f90" CHANGEID="600910633" ISACTIVE="1" LEVELID="11" CREATEDATE="2024-09-11" UPDATEDATE="2024-09-11" /><OBJECT OBJECTID="165209128" OBJECTGUID="b7e51bc6-a514-41d2-af4f-753100dbfa7b" CHANGEID="600910634" ISACTIVE="1" LEVELID="11" CREATEDATE="2024-09-11" UPDATEDATE="2024-09-11" /><OBJECT OBJECTID="165209129" OBJECTGUID="75feae3b-da0d-4c56-9c55-1667365d8fea" CHANGEID="600910635" ISACTIVE="1" LEVELID="11" CREATEDATE="2024-09-11" UPDATEDATE="2024-09-11" /><OBJECT OBJECTID="165209130" OBJECTGUID="b30d3930-f837-41fc-9a96-176f7d855901" CHANGEID="600910636" ISACTIVE="1" LEVELID="11" CREATEDATE="2024-09-11" UPDATEDATE="2024-09-11" /><OBJECT OBJECTID="165209322" OBJECTGUID="a7e89865-aed8-42e6-a457-946d579ad2bf" CHANGEID="600910930" ISACTIVE="1" LEVELID="11" CREATEDATE="2024-09-11" UPDATEDATE="2024-09-11" /><OBJECT OBJECTID="165189403" OBJECTGUID="37373b69-2a22-4990-be00-81dadab6baeb" CHANGEID="600881987" ISACTIVE="1" LEVELID="9" CREATEDATE="2024-09-11" UPDATEDATE="2024-09-11" /><OBJECT OBJECTID="165210507" OBJECTGUID="27b43261-20b5-49d7-9266-c39fbdf985e4" CHANGEID="600913280" ISACTIVE="1" LEVELID="10" CREATEDATE="2024-09-11" UPDATEDATE="2024-09-11" /><OBJECT OBJECTID="165213628" OBJECTGUID="9864604e-3a3f-4a65-b3db-fd2ec114d9b4" CHANGEID="600918087" ISACTIVE="1" LEVELID="10" CREATEDATE="2024-09-11" UPDATEDATE="2024-09-11" /><OBJECT OBJECTID="165218472" OBJECTGUID="091746d2-2032-400b-923e-2be77435c7de" CHANGEID="600926070" ISACTIVE="1" LEVELID="10" CREATEDATE="2024-09-11" UPDATEDATE="2024-09-11" /><OBJECT OBJECTID="165221222" OBJECTGUID="65dd308b-dd7f-45a2-abd6-49e531cd8bbd" CHANGEID="600932305" ISACTIVE="1" LEVELID="10" CREATEDATE="2024-09-11" UPDATEDATE="2024-09-11" /><OBJECT OBJECTID="36952495" OBJECTGUID="86ba276e-e102-4e0a-afcc-81a207330e4f" CHANGEID="600557210" ISACTIVE="1" LEVELID="11" CREATEDATE="2017-05-11" UPDATEDATE="2024-09-05" /><OBJECT OBJECTID="36952400" OBJECTGUID="8530344b-cea9-444c-99ab-a177f1672e27" CHANGEID="600560043" ISACTIVE="1" LEVELID="11" CREATEDATE="2017-05-11" UPDATEDATE="2024-09-05" /><OBJECT OBJECTID="4395089" OBJECTGUID="9f9686cf-885c-4b55-9181-f48e96d93ae9" CHANGEID="600730234" ISACTIVE="1" LEVELID="10" CREATEDATE="2012-03-21" UPDATEDATE="2024-09-07" /><OBJECT OBJECTID="4394833" OBJECTGUID="2a245eec-256f-4390-86b0-a8bb0ff9b7f7" CHANGEID="600730236" ISACTIVE="1" LEVELID="10" CREATEDATE="2012-03-20" UPDATEDATE="2024-09-07" /><OBJECT OBJECTID="7661328" OBJECTGUID="66a48d30-3d9b-40e2-ad00-b0a042c30e1d" CHANGEID="600828190" ISACTIVE="1" LEVELID="10" CREATEDATE="2017-09-22" UPDATEDATE="2024-09-10" /><OBJECT OBJECTID="164875788" OBJECTGUID="07d48e9c-995c-4e47-b51f-f31ace49aa46" CHANGEID="600730282" ISACTIVE="1" LEVELID="10" CREATEDATE="2024-08-26" UPDATEDATE="2024-09-07" /><OBJECT OBJECTID="164876809" OBJECTGUID="b0699d60-2fe2-4e38-997a-70410996382c" CHANGEID="600730280" ISACTIVE="1" LEVELID="10" CREATEDATE="2024-08-26" UPDATEDATE="2024-09-07" /><OBJECT OBJECTID="164945651" OBJECTGUID="7442b796-bcb1-48e3-b1fd-23ffbc845756" CHANGEID="600730279" ISACTIVE="1" LEVELID="10" CREATEDATE="2024-08-29" UPDATEDATE="2024-09-07" /><OBJECT OBJECTID="164958898" OBJECTGUID="73bfcb0b-f517-4eff-b9b1-33f6b6a5137c" CHANGEID="600730277" ISACTIVE="1" LEVELID="10" CREATEDATE="2024-08-30" UPDATEDATE="2024-09-07" /></REESTR_OBJECTS>