﻿<?xml version="1.0" encoding="utf-8"?><REESTR_OBJECTS><OBJECT OBJECTID="34099070" OBJECTGUID="98d4d0e9-8959-4729-85e6-371a5e1517a8" CHANGEID="600736684" ISACTIVE="1" LEVELID="10" CREATEDATE="2019-07-10" UPDATEDATE="2024-09-09" /><OBJECT OBJECTID="33706658" OBJECTGUID="c08c336c-0be1-422b-a71a-a5c2f1e77c74" CHANGEID="600848407" ISACTIVE="1" LEVELID="10" CREATEDATE="2017-04-14" UPDATEDATE="2024-09-11" /><OBJECT OBJECTID="38593249" OBJECTGUID="0964e710-4de2-4b6b-9ef2-0d25e0611401" CHANGEID="600848408" ISACTIVE="1" LEVELID="10" CREATEDATE="2017-04-14" UPDATEDATE="2024-09-11" /><OBJECT OBJECTID="71689361" OBJECTGUID="ab5f7bbb-ef7d-479c-afd1-48bbc2b10a3b" CHANGEID="600504993" ISACTIVE="1" LEVELID="10" CREATEDATE="2018-05-27" UPDATEDATE="2024-09-05" /><OBJECT OBJECTID="165056267" OBJECTGUID="fa9f454a-54b6-4f35-9d0d-dbf93b18f2a2" CHANGEID="600505114" ISACTIVE="1" LEVELID="10" CREATEDATE="2024-09-05" UPDATEDATE="2024-09-05" /><OBJECT OBJECTID="49794658" OBJECTGUID="f5fb1a82-52a2-4ad2-9d65-268b2b1ca083" CHANGEID="600736687" ISACTIVE="1" LEVELID="10" CREATEDATE="2017-12-18" UPDATEDATE="2024-09-09" /><OBJECT OBJECTID="56955986" OBJECTGUID="d4d186d8-df94-4447-b453-3711e64cbb1b" CHANGEID="600736696" ISACTIVE="1" LEVELID="10" CREATEDATE="2017-12-18" UPDATEDATE="2024-09-09" /><OBJECT OBJECTID="20516144" OBJECTGUID="7b5825a0-b009-45c3-b679-e23fd9caddbd" CHANGEID="600736682" ISACTIVE="1" LEVELID="10" CREATEDATE="2017-04-14" UPDATEDATE="2024-09-09" /><OBJECT OBJECTID="11677869" OBJECTGUID="39b28296-f770-4a00-9b2d-6a7804246a67" CHANGEID="600848406" ISACTIVE="1" LEVELID="10" CREATEDATE="2017-04-14" UPDATEDATE="2024-09-11" /></REESTR_OBJECTS>