﻿<?xml version="1.0" encoding="utf-8"?><HOUSES><HOUSE ID="13798316" OBJECTID="23364548" OBJECTGUID="23094d14-f667-46cc-9d87-502f2edee6b5" CHANGEID="36330127" HOUSENUM="37а" HOUSETYPE="2" OPERTYPEID="10" PREVID="0" NEXTID="126761774" UPDATEDATE="2024-09-11" STARTDATE="1900-01-01" ENDDATE="2024-09-11" ISACTUAL="0" ISACTIVE="0" /><HOUSE ID="27121372" OBJECTID="45404324" OBJECTGUID="aea3e8ca-ef60-4797-943d-bd5e40d8249c" CHANGEID="68395874" HOUSENUM="2" ADDNUM1="3" ADDNUM2="Т" HOUSETYPE="2" ADDTYPE1="1" ADDTYPE2="4" OPERTYPEID="10" PREVID="0" NEXTID="126760848" UPDATEDATE="2024-09-11" STARTDATE="1900-01-01" ENDDATE="2024-09-11" ISACTUAL="0" ISACTIVE="0" /><HOUSE ID="33422566" OBJECTID="55878248" OBJECTGUID="b0b01061-0713-4bf2-a5bf-15295f20b3db" CHANGEID="83585583" HOUSENUM="15" ADDNUM1="2" ADDNUM2="А" HOUSETYPE="2" ADDTYPE1="1" ADDTYPE2="4" OPERTYPEID="20" PREVID="33421712" NEXTID="126730510" UPDATEDATE="2024-09-05" STARTDATE="2019-02-02" ENDDATE="2024-09-05" ISACTUAL="0" ISACTIVE="0" /><HOUSE ID="34338312" OBJECTID="57361104" OBJECTGUID="0f4f5323-5487-4c81-a76b-356a627a849f" CHANGEID="85768990" HOUSENUM="13" ADDNUM1="1" ADDNUM2="А" HOUSETYPE="2" ADDTYPE1="1" ADDTYPE2="4" OPERTYPEID="10" PREVID="0" NEXTID="126754349" UPDATEDATE="2024-09-10" STARTDATE="1900-01-01" ENDDATE="2024-09-10" ISACTUAL="0" ISACTIVE="0" /><HOUSE ID="34341976" OBJECTID="57367703" OBJECTGUID="74bd1b3d-d1f0-448a-b7ff-e0a7a93dce2a" CHANGEID="85778455" HOUSENUM="13" ADDNUM1="А" HOUSETYPE="2" ADDTYPE1="4" OPERTYPEID="10" PREVID="0" NEXTID="126753962" UPDATEDATE="2024-09-10" STARTDATE="1900-01-01" ENDDATE="2024-09-10" ISACTUAL="0" ISACTIVE="0" /><HOUSE ID="36980987" OBJECTID="61595958" OBJECTGUID="68d2425e-3075-42a6-87e3-cd1157722352" CHANGEID="91974921" HOUSENUM="31" HOUSETYPE="2" OPERTYPEID="10" PREVID="0" NEXTID="126732119" UPDATEDATE="2024-09-06" STARTDATE="1900-01-01" ENDDATE="2024-09-06" ISACTUAL="0" ISACTIVE="0" /><HOUSE ID="126725233" OBJECTID="49354881" OBJECTGUID="9f13229b-3beb-4cc6-bb4b-68d88ac6ae95" CHANGEID="600511900" HOUSENUM="10" ADDNUM1="А" HOUSETYPE="2" ADDTYPE1="4" OPERTYPEID="30" PREVID="29521937" NEXTID="0" UPDATEDATE="2024-09-05" STARTDATE="2024-09-05" ENDDATE="2079-06-06" ISACTUAL="1" ISACTIVE="0" /><HOUSE ID="29521937" OBJECTID="49354881" OBJECTGUID="9f13229b-3beb-4cc6-bb4b-68d88ac6ae95" CHANGEID="74137806" HOUSENUM="10" ADDNUM1="А" HOUSETYPE="2" ADDTYPE1="4" OPERTYPEID="20" PREVID="29521929" NEXTID="126725233" UPDATEDATE="2024-09-05" STARTDATE="2018-07-26" ENDDATE="2024-09-05" ISACTUAL="0" ISACTIVE="0" /><HOUSE ID="126728176" OBJECTID="165074118" OBJECTGUID="415af334-2f48-4806-b275-b419f61e2f40" CHANGEID="600533134" HOUSENUM="36" ADDNUM1="1" HOUSETYPE="2" ADDTYPE1="2" OPERTYPEID="10" PREVID="0" NEXTID="0" UPDATEDATE="2024-09-05" STARTDATE="2024-09-05" ENDDATE="2079-06-06" ISACTUAL="1" ISACTIVE="1" /><HOUSE ID="126728195" OBJECTID="165074151" OBJECTGUID="7a747975-5b43-435f-ba27-cc918d497915" CHANGEID="600533188" HOUSENUM="16" ADDNUM1="1" HOUSETYPE="2" ADDTYPE1="2" OPERTYPEID="10" PREVID="0" NEXTID="0" UPDATEDATE="2024-09-05" STARTDATE="2024-09-05" ENDDATE="2079-06-06" ISACTUAL="1" ISACTIVE="1" /><HOUSE ID="126728207" OBJECTID="165074184" OBJECTGUID="bab1e077-ae3b-46da-8c93-94f92d3487dc" CHANGEID="600533259" HOUSENUM="30" ADDNUM1="1" HOUSETYPE="2" ADDTYPE1="2" OPERTYPEID="10" PREVID="0" NEXTID="0" UPDATEDATE="2024-09-05" STARTDATE="2024-09-05" ENDDATE="2079-06-06" ISACTUAL="1" ISACTIVE="1" /><HOUSE ID="126728219" OBJECTID="165074288" OBJECTGUID="a7b51743-06df-452e-9911-53d6ea013b66" CHANGEID="600533385" HOUSENUM="19" ADDNUM1="1" HOUSETYPE="2" ADDTYPE1="2" OPERTYPEID="10" PREVID="0" NEXTID="0" UPDATEDATE="2024-09-05" STARTDATE="2024-09-05" ENDDATE="2079-06-06" ISACTUAL="1" ISACTIVE="1" /><HOUSE ID="126728489" OBJECTID="165075323" OBJECTGUID="df984772-2648-4491-89ac-931ace4abcea" CHANGEID="600535595" HOUSENUM="58" ADDNUM1="12" ADDNUM2="1" HOUSETYPE="2" ADDTYPE1="1" ADDTYPE2="2" OPERTYPEID="10" PREVID="0" NEXTID="0" UPDATEDATE="2024-09-05" STARTDATE="2024-09-05" ENDDATE="2079-06-06" ISACTUAL="1" ISACTIVE="1" /><HOUSE ID="126728480" OBJECTID="165075226" OBJECTGUID="794a03e4-479d-4c79-9243-778b08556a2e" CHANGEID="600535443" HOUSENUM="20г" ADDNUM1="1" HOUSETYPE="2" ADDTYPE1="2" OPERTYPEID="10" PREVID="0" NEXTID="0" UPDATEDATE="2024-09-05" STARTDATE="2024-09-05" ENDDATE="2079-06-06" ISACTUAL="1" ISACTIVE="1" /><HOUSE ID="126730489" OBJECTID="55558107" OBJECTGUID="770489a6-75f3-4ea4-a614-9a5f404536a5" CHANGEID="600551395" HOUSENUM="15" ADDNUM1="2" ADDNUM2="Е" HOUSETYPE="2" ADDTYPE1="1" ADDTYPE2="4" OPERTYPEID="30" PREVID="33214384" NEXTID="0" UPDATEDATE="2024-09-05" STARTDATE="2024-09-05" ENDDATE="2079-06-06" ISACTUAL="1" ISACTIVE="0" /><HOUSE ID="33214384" OBJECTID="55558107" OBJECTGUID="770489a6-75f3-4ea4-a614-9a5f404536a5" CHANGEID="83104084" HOUSENUM="15" ADDNUM1="2" ADDNUM2="Е" HOUSETYPE="2" ADDTYPE1="1" ADDTYPE2="4" OPERTYPEID="10" PREVID="0" NEXTID="126730489" UPDATEDATE="2024-09-05" STARTDATE="1900-01-01" ENDDATE="2024-09-05" ISACTUAL="0" ISACTIVE="0" /><HOUSE ID="126730492" OBJECTID="55565712" OBJECTGUID="de954571-dbf2-447d-b2e4-f22a53761231" CHANGEID="600551415" HOUSENUM="15" ADDNUM1="2" ADDNUM2="В" HOUSETYPE="2" ADDTYPE1="1" ADDTYPE2="4" OPERTYPEID="30" PREVID="33220910" NEXTID="0" UPDATEDATE="2024-09-05" STARTDATE="2024-09-05" ENDDATE="2079-06-06" ISACTUAL="1" ISACTIVE="0" /><HOUSE ID="33220910" OBJECTID="55565712" OBJECTGUID="de954571-dbf2-447d-b2e4-f22a53761231" CHANGEID="83116379" HOUSENUM="15" ADDNUM1="2" ADDNUM2="В" HOUSETYPE="2" ADDTYPE1="1" ADDTYPE2="4" OPERTYPEID="10" PREVID="0" NEXTID="126730492" UPDATEDATE="2024-09-05" STARTDATE="1900-01-01" ENDDATE="2024-09-05" ISACTUAL="0" ISACTIVE="0" /><HOUSE ID="126730503" OBJECTID="55521154" OBJECTGUID="734e58bc-1f5c-44db-80bc-1742f4b78e01" CHANGEID="600551622" HOUSENUM="15" ADDNUM1="2" ADDNUM2="Б" HOUSETYPE="2" ADDTYPE1="1" ADDTYPE2="4" OPERTYPEID="30" PREVID="33190233" NEXTID="0" UPDATEDATE="2024-09-05" STARTDATE="2024-09-05" ENDDATE="2079-06-06" ISACTUAL="1" ISACTIVE="0" /><HOUSE ID="33190233" OBJECTID="55521154" OBJECTGUID="734e58bc-1f5c-44db-80bc-1742f4b78e01" CHANGEID="83048649" HOUSENUM="15" ADDNUM1="2" ADDNUM2="Б" HOUSETYPE="2" ADDTYPE1="1" ADDTYPE2="4" OPERTYPEID="10" PREVID="0" NEXTID="126730503" UPDATEDATE="2024-09-05" STARTDATE="1900-01-01" ENDDATE="2024-09-05" ISACTUAL="0" ISACTIVE="0" /><HOUSE ID="126730510" OBJECTID="55878248" OBJECTGUID="b0b01061-0713-4bf2-a5bf-15295f20b3db" CHANGEID="600551693" HOUSENUM="15" ADDNUM1="2" ADDNUM2="А" HOUSETYPE="2" ADDTYPE1="1" ADDTYPE2="4" OPERTYPEID="30" PREVID="33422566" NEXTID="0" UPDATEDATE="2024-09-05" STARTDATE="2024-09-05" ENDDATE="2079-06-06" ISACTUAL="1" ISACTIVE="0" /><HOUSE ID="126730914" OBJECTID="165087464" OBJECTGUID="d7e89751-237f-47c3-a1b2-0283100c2de8" CHANGEID="600554985" HOUSENUM="130" ADDNUM1="219" ADDNUM2="1" HOUSETYPE="2" ADDTYPE1="1" ADDTYPE2="2" OPERTYPEID="10" PREVID="0" NEXTID="0" UPDATEDATE="2024-09-05" STARTDATE="2024-09-05" ENDDATE="2079-06-06" ISACTUAL="1" ISACTIVE="1" /><HOUSE ID="126730924" OBJECTID="165087548" OBJECTGUID="a5b3c0b2-5ceb-41e8-bae3-d81d9476eda0" CHANGEID="600555192" HOUSENUM="56" ADDNUM1="1" HOUSETYPE="2" ADDTYPE1="2" OPERTYPEID="10" PREVID="0" NEXTID="0" UPDATEDATE="2024-09-05" STARTDATE="2024-09-05" ENDDATE="2079-06-06" ISACTUAL="1" ISACTIVE="1" /><HOUSE ID="126730930" OBJECTID="165087674" OBJECTGUID="606ccc62-7d6c-431f-ace1-45dbba085958" CHANGEID="600555349" HOUSENUM="1а" ADDNUM1="2" HOUSETYPE="2" ADDTYPE1="2" OPERTYPEID="10" PREVID="0" NEXTID="0" UPDATEDATE="2024-09-05" STARTDATE="2024-09-05" ENDDATE="2079-06-06" ISACTUAL="1" ISACTIVE="1" /><HOUSE ID="126730943" OBJECTID="165087753" OBJECTGUID="ce93594c-acce-4ee5-85cb-b65d41ef8df9" CHANGEID="600555560" HOUSENUM="17а" ADDNUM1="1" HOUSETYPE="2" ADDTYPE1="2" OPERTYPEID="10" PREVID="0" NEXTID="0" UPDATEDATE="2024-09-05" STARTDATE="2024-09-05" ENDDATE="2079-06-06" ISACTUAL="1" ISACTIVE="1" /><HOUSE ID="126730959" OBJECTID="165087813" OBJECTGUID="279d32ce-791f-40b0-b2a2-ce5900263029" CHANGEID="600555801" HOUSENUM="10" ADDNUM1="1" HOUSETYPE="2" ADDTYPE1="2" OPERTYPEID="10" PREVID="0" NEXTID="0" UPDATEDATE="2024-09-05" STARTDATE="2024-09-05" ENDDATE="2079-06-06" ISACTUAL="1" ISACTIVE="1" /><HOUSE ID="126730986" OBJECTID="165087885" OBJECTGUID="19bd3ea1-21c7-4733-9d55-58895df901b8" CHANGEID="600555986" HOUSENUM="14а" ADDNUM1="2" HOUSETYPE="2" ADDTYPE1="2" OPERTYPEID="10" PREVID="0" NEXTID="0" UPDATEDATE="2024-09-05" STARTDATE="2024-09-05" ENDDATE="2079-06-06" ISACTUAL="1" ISACTIVE="1" /><HOUSE ID="126730993" OBJECTID="165087906" OBJECTGUID="276432cb-a87b-4868-8c5b-8a23eaabf519" CHANGEID="600556038" HOUSENUM="15а" ADDNUM1="1" HOUSETYPE="2" ADDTYPE1="2" OPERTYPEID="10" PREVID="0" NEXTID="0" UPDATEDATE="2024-09-05" STARTDATE="2024-09-05" ENDDATE="2079-06-06" ISACTUAL="1" ISACTIVE="1" /><HOUSE ID="126731017" OBJECTID="165088029" OBJECTGUID="84f3c2ce-f22a-4a05-9f4d-5da6d731a3dd" CHANGEID="600556328" HOUSENUM="24/5" ADDNUM1="1" HOUSETYPE="2" ADDTYPE1="2" OPERTYPEID="10" PREVID="0" NEXTID="0" UPDATEDATE="2024-09-05" STARTDATE="2024-09-05" ENDDATE="2079-06-06" ISACTUAL="1" ISACTIVE="1" /><HOUSE ID="126731024" OBJECTID="165088145" OBJECTGUID="194cc596-fe57-49b0-b139-3f3f5f3b17a7" CHANGEID="600556541" HOUSENUM="9а" ADDNUM1="1" HOUSETYPE="2" ADDTYPE1="2" OPERTYPEID="10" PREVID="0" NEXTID="0" UPDATEDATE="2024-09-05" STARTDATE="2024-09-05" ENDDATE="2079-06-06" ISACTUAL="1" ISACTIVE="1" /><HOUSE ID="126731343" OBJECTID="165089274" OBJECTGUID="7ef9915b-36b2-4eca-b6ea-4979000c0c4c" CHANGEID="600558951" HOUSENUM="11" ADDNUM1="3" HOUSETYPE="2" ADDTYPE1="2" OPERTYPEID="10" PREVID="0" NEXTID="0" UPDATEDATE="2024-09-05" STARTDATE="2024-09-05" ENDDATE="2079-06-06" ISACTUAL="1" ISACTIVE="1" /><HOUSE ID="126732119" OBJECTID="61595958" OBJECTGUID="68d2425e-3075-42a6-87e3-cd1157722352" CHANGEID="600566409" HOUSENUM="31" HOUSETYPE="2" OPERTYPEID="30" PREVID="36980987" NEXTID="0" UPDATEDATE="2024-09-06" STARTDATE="2024-09-06" ENDDATE="2079-06-06" ISACTUAL="1" ISACTIVE="0" /><HOUSE ID="126732121" OBJECTID="165093909" OBJECTGUID="28b6d1df-959c-42ae-99c4-d7f4a2d0b37c" CHANGEID="600566425" HOUSENUM="9" ADDNUM1="2" ADDNUM2="1" HOUSETYPE="2" ADDTYPE1="1" ADDTYPE2="2" OPERTYPEID="10" PREVID="0" NEXTID="0" UPDATEDATE="2024-09-06" STARTDATE="2024-09-06" ENDDATE="2079-06-06" ISACTUAL="1" ISACTIVE="1" /><HOUSE ID="126735344" OBJECTID="165104149" OBJECTGUID="9be785ec-19b9-4e1b-ad5f-1340f47abcd7" CHANGEID="600586521" HOUSENUM="159" ADDNUM1="1" HOUSETYPE="2" ADDTYPE1="2" OPERTYPEID="10" PREVID="0" NEXTID="0" UPDATEDATE="2024-09-06" STARTDATE="2024-09-06" ENDDATE="2079-06-06" ISACTUAL="1" ISACTIVE="1" /><HOUSE ID="126739341" OBJECTID="165119953" OBJECTGUID="b23f9c57-4d6e-4e90-ae70-a95b9715f504" CHANGEID="600742502" HOUSENUM="8б" ADDNUM1="3" HOUSETYPE="2" ADDTYPE1="2" OPERTYPEID="10" PREVID="0" NEXTID="0" UPDATEDATE="2024-09-09" STARTDATE="2024-09-09" ENDDATE="2079-06-06" ISACTUAL="1" ISACTIVE="1" /><HOUSE ID="126739626" OBJECTID="165120654" OBJECTGUID="64b07357-3755-4b32-8905-d76b446eecc7" CHANGEID="600744005" HOUSENUM="8б" ADDNUM1="4" HOUSETYPE="2" ADDTYPE1="2" OPERTYPEID="10" PREVID="0" NEXTID="0" UPDATEDATE="2024-09-09" STARTDATE="2024-09-09" ENDDATE="2079-06-06" ISACTUAL="1" ISACTIVE="1" /><HOUSE ID="126739625" OBJECTID="165120653" OBJECTGUID="1135a1b4-80f9-4348-b820-eebd6f0befd3" CHANGEID="600744004" HOUSENUM="28" ADDNUM1="2" ADDNUM2="1" HOUSETYPE="2" ADDTYPE1="1" ADDTYPE2="2" OPERTYPEID="10" PREVID="0" NEXTID="0" UPDATEDATE="2024-09-09" STARTDATE="2024-09-09" ENDDATE="2079-06-06" ISACTUAL="1" ISACTIVE="1" /><HOUSE ID="126739702" OBJECTID="41807746" OBJECTGUID="1f555bca-920f-42c5-a15b-7f4fd75ac08e" CHANGEID="600744083" HOUSENUM="1" ADDNUM1="А" HOUSETYPE="2" ADDTYPE1="4" OPERTYPEID="30" PREVID="24992231" NEXTID="0" UPDATEDATE="2024-09-09" STARTDATE="2024-09-09" ENDDATE="2079-06-06" ISACTUAL="1" ISACTIVE="0" /><HOUSE ID="24992231" OBJECTID="41807746" OBJECTGUID="1f555bca-920f-42c5-a15b-7f4fd75ac08e" CHANGEID="63205360" HOUSENUM="1" ADDNUM1="А" HOUSETYPE="2" ADDTYPE1="4" OPERTYPEID="10" PREVID="0" NEXTID="126739702" UPDATEDATE="2024-09-09" STARTDATE="1900-01-01" ENDDATE="2024-09-09" ISACTUAL="0" ISACTIVE="0" /><HOUSE ID="126739703" OBJECTID="41810783" OBJECTGUID="d0cf72fc-ccbf-4340-8870-888a083474b8" CHANGEID="600744084" HOUSENUM="3" ADDNUM1="А" HOUSETYPE="2" ADDTYPE1="4" OPERTYPEID="30" PREVID="24994017" NEXTID="0" UPDATEDATE="2024-09-09" STARTDATE="2024-09-09" ENDDATE="2079-06-06" ISACTUAL="1" ISACTIVE="0" /><HOUSE ID="24994017" OBJECTID="41810783" OBJECTGUID="d0cf72fc-ccbf-4340-8870-888a083474b8" CHANGEID="63209718" HOUSENUM="3" ADDNUM1="А" HOUSETYPE="2" ADDTYPE1="4" OPERTYPEID="10" PREVID="0" NEXTID="126739703" UPDATEDATE="2024-09-09" STARTDATE="1900-01-01" ENDDATE="2024-09-09" ISACTUAL="0" ISACTIVE="0" /><HOUSE ID="126745185" OBJECTID="103675716" OBJECTGUID="60e94089-d863-4620-8491-192bbb0bb911" CHANGEID="600777241" HOUSENUM="107" ADDNUM1="2" ADDNUM2="1" HOUSETYPE="2" ADDTYPE1="1" ADDTYPE2="2" OPERTYPEID="30" PREVID="72134835" NEXTID="0" UPDATEDATE="2024-09-09" STARTDATE="2024-09-09" ENDDATE="2079-06-06" ISACTUAL="1" ISACTIVE="0" /><HOUSE ID="72134835" OBJECTID="103675716" OBJECTGUID="60e94089-d863-4620-8491-192bbb0bb911" CHANGEID="275027648" HOUSENUM="107" ADDNUM1="2" ADDNUM2="1" HOUSETYPE="2" ADDTYPE1="1" ADDTYPE2="2" OPERTYPEID="10" PREVID="0" NEXTID="126745185" UPDATEDATE="2024-09-09" STARTDATE="2022-02-08" ENDDATE="2024-09-09" ISACTUAL="0" ISACTIVE="0" /><HOUSE ID="126745779" OBJECTID="22859364" OBJECTGUID="e1c2da84-47fc-4436-8223-1f7bd6b57729" CHANGEID="600780889" HOUSENUM="8" ADDNUM1="2" ADDNUM2="А" HOUSETYPE="2" ADDTYPE1="1" ADDTYPE2="4" OPERTYPEID="30" PREVID="13483214" NEXTID="0" UPDATEDATE="2024-09-09" STARTDATE="2024-09-09" ENDDATE="2079-06-06" ISACTUAL="1" ISACTIVE="0" /><HOUSE ID="13483214" OBJECTID="22859364" OBJECTGUID="e1c2da84-47fc-4436-8223-1f7bd6b57729" CHANGEID="35582889" HOUSENUM="8" ADDNUM1="2" ADDNUM2="А" HOUSETYPE="2" ADDTYPE1="1" ADDTYPE2="4" OPERTYPEID="20" PREVID="13483196" NEXTID="126745779" UPDATEDATE="2024-09-09" STARTDATE="2018-07-26" ENDDATE="2024-09-09" ISACTUAL="0" ISACTIVE="0" /><HOUSE ID="126745788" OBJECTID="24263984" OBJECTGUID="069475a0-bf3d-4963-b16c-b462dadceab7" CHANGEID="600780925" HOUSENUM="42" ADDNUM1="А" HOUSETYPE="2" ADDTYPE1="4" OPERTYPEID="30" PREVID="14316774" NEXTID="0" UPDATEDATE="2024-09-09" STARTDATE="2024-09-09" ENDDATE="2079-06-06" ISACTUAL="1" ISACTIVE="0" /><HOUSE ID="14316774" OBJECTID="24263984" OBJECTGUID="069475a0-bf3d-4963-b16c-b462dadceab7" CHANGEID="37616973" HOUSENUM="42" ADDNUM1="А" HOUSETYPE="2" ADDTYPE1="4" OPERTYPEID="20" PREVID="14316667" NEXTID="126745788" UPDATEDATE="2024-09-09" STARTDATE="2018-07-26" ENDDATE="2024-09-09" ISACTUAL="0" ISACTIVE="0" /><HOUSE ID="126745786" OBJECTID="72537100" OBJECTGUID="7c064233-bebb-447a-bbc7-48101b84182f" CHANGEID="600780910" HOUSENUM="19" ADDNUM1="А" HOUSETYPE="2" ADDTYPE1="4" OPERTYPEID="30" PREVID="43775545" NEXTID="0" UPDATEDATE="2024-09-09" STARTDATE="2024-09-09" ENDDATE="2079-06-06" ISACTUAL="1" ISACTIVE="0" /><HOUSE ID="43775545" OBJECTID="72537100" OBJECTGUID="7c064233-bebb-447a-bbc7-48101b84182f" CHANGEID="108015946" HOUSENUM="19" ADDNUM1="А" HOUSETYPE="2" ADDTYPE1="4" OPERTYPEID="20" PREVID="43775003" NEXTID="126745786" UPDATEDATE="2024-09-09" STARTDATE="2018-07-26" ENDDATE="2024-09-09" ISACTUAL="0" ISACTIVE="0" /><HOUSE ID="126747355" OBJECTID="165150414" OBJECTGUID="5fc3b3a3-7e21-4802-9da2-a8f4975a005c" CHANGEID="600791248" HOUSENUM="116" ADDNUM1="6" ADDNUM2="1" HOUSETYPE="2" ADDTYPE1="1" ADDTYPE2="2" OPERTYPEID="10" PREVID="0" NEXTID="0" UPDATEDATE="2024-09-09" STARTDATE="2024-09-09" ENDDATE="2079-06-06" ISACTUAL="1" ISACTIVE="1" /><HOUSE ID="126747374" OBJECTID="165150468" OBJECTGUID="ee3c7533-0b45-409d-a9f0-938d7363c25b" CHANGEID="600791367" HOUSENUM="125" ADDNUM1="4" ADDNUM2="3" HOUSETYPE="2" ADDTYPE1="1" ADDTYPE2="2" OPERTYPEID="10" PREVID="0" NEXTID="0" UPDATEDATE="2024-09-09" STARTDATE="2024-09-09" ENDDATE="2079-06-06" ISACTUAL="1" ISACTIVE="1" /><HOUSE ID="126747482" OBJECTID="165150820" OBJECTGUID="9c2808ea-0817-42de-b43a-b77d09db7e8b" CHANGEID="600795913" HOUSENUM="107" ADDNUM1="2" ADDNUM2="1" HOUSETYPE="2" ADDTYPE1="1" ADDTYPE2="2" OPERTYPEID="10" PREVID="0" NEXTID="0" UPDATEDATE="2024-09-09" STARTDATE="2024-09-09" ENDDATE="2079-06-06" ISACTUAL="1" ISACTIVE="1" /><HOUSE ID="126747981" OBJECTID="165156126" OBJECTGUID="5f0ebacd-138b-4cf8-8a1b-ce7fba359476" CHANGEID="600804484" HOUSENUM="16" ADDNUM1="Д" HOUSETYPE="2" ADDTYPE1="4" OPERTYPEID="10" PREVID="0" NEXTID="0" UPDATEDATE="2024-09-10" STARTDATE="2024-09-10" ENDDATE="2079-06-06" ISACTUAL="1" ISACTIVE="1" /><HOUSE ID="126747984" OBJECTID="165156131" OBJECTGUID="4f4ead84-70d9-48f0-b656-1577a856339d" CHANGEID="600804489" HOUSENUM="49" ADDNUM1="2" HOUSETYPE="2" ADDTYPE1="2" OPERTYPEID="10" PREVID="0" NEXTID="0" UPDATEDATE="2024-09-10" STARTDATE="2024-09-10" ENDDATE="2079-06-06" ISACTUAL="1" ISACTIVE="1" /><HOUSE ID="126747985" OBJECTID="165156132" OBJECTGUID="1e944d77-a854-427f-9706-9f351f08f041" CHANGEID="600804490" HOUSENUM="49" ADDNUM1="1" HOUSETYPE="2" ADDTYPE1="2" OPERTYPEID="10" PREVID="0" NEXTID="0" UPDATEDATE="2024-09-10" STARTDATE="2024-09-10" ENDDATE="2079-06-06" ISACTUAL="1" ISACTIVE="1" /><HOUSE ID="126747986" OBJECTID="165156133" OBJECTGUID="7748a222-da8e-479d-95d8-ddfab5a64a16" CHANGEID="600804491" HOUSENUM="12" ADDNUM1="1" HOUSETYPE="2" ADDTYPE1="2" OPERTYPEID="10" PREVID="0" NEXTID="0" UPDATEDATE="2024-09-10" STARTDATE="2024-09-10" ENDDATE="2079-06-06" ISACTUAL="1" ISACTIVE="1" /><HOUSE ID="126747987" OBJECTID="165156134" OBJECTGUID="d1f0621d-5a06-4947-9bc7-e6d44917bde6" CHANGEID="600804492" HOUSENUM="90" ADDNUM1="2" HOUSETYPE="2" ADDTYPE1="2" OPERTYPEID="10" PREVID="0" NEXTID="0" UPDATEDATE="2024-09-10" STARTDATE="2024-09-10" ENDDATE="2079-06-06" ISACTUAL="1" ISACTIVE="1" /><HOUSE ID="126747990" OBJECTID="60929986" OBJECTGUID="c54e5349-cfc6-4fa0-8703-79cdba4b776c" CHANGEID="600804498" HOUSENUM="14" ADDNUM1="А" HOUSETYPE="2" ADDTYPE1="4" OPERTYPEID="30" PREVID="36530591" NEXTID="0" UPDATEDATE="2024-09-10" STARTDATE="2024-09-10" ENDDATE="2079-06-06" ISACTUAL="1" ISACTIVE="0" /><HOUSE ID="36530591" OBJECTID="60929986" OBJECTGUID="c54e5349-cfc6-4fa0-8703-79cdba4b776c" CHANGEID="90976594" HOUSENUM="14" ADDNUM1="А" HOUSETYPE="2" ADDTYPE1="4" OPERTYPEID="20" PREVID="36530586" NEXTID="126747990" UPDATEDATE="2024-09-10" STARTDATE="2018-07-26" ENDDATE="2024-09-10" ISACTUAL="0" ISACTIVE="0" /><HOUSE ID="126751463" OBJECTID="165170640" OBJECTGUID="839793e8-a2ff-4c87-b404-5b0b2b10b964" CHANGEID="600827241" HOUSENUM="8" ADDNUM1="2" ADDNUM2="1" HOUSETYPE="2" ADDTYPE1="1" ADDTYPE2="2" OPERTYPEID="10" PREVID="0" NEXTID="0" UPDATEDATE="2024-09-10" STARTDATE="2024-09-10" ENDDATE="2079-06-06" ISACTUAL="1" ISACTIVE="1" /><HOUSE ID="126751472" OBJECTID="165170669" OBJECTGUID="2f8f23af-91cb-4cbc-82d9-03f130968698" CHANGEID="600827283" HOUSENUM="15а" ADDNUM1="2" HOUSETYPE="2" ADDTYPE1="2" OPERTYPEID="10" PREVID="0" NEXTID="0" UPDATEDATE="2024-09-10" STARTDATE="2024-09-10" ENDDATE="2079-06-06" ISACTUAL="1" ISACTIVE="1" /><HOUSE ID="126751615" OBJECTID="165171227" OBJECTGUID="00d503a6-c76a-46fa-ad6a-635d70d0412a" CHANGEID="600828216" HOUSENUM="14" ADDNUM1="3" HOUSETYPE="2" ADDTYPE1="2" OPERTYPEID="10" PREVID="0" NEXTID="0" UPDATEDATE="2024-09-10" STARTDATE="2024-09-10" ENDDATE="2079-06-06" ISACTUAL="1" ISACTIVE="1" /><HOUSE ID="126751627" OBJECTID="165171245" OBJECTGUID="e6a42a91-c57e-44ae-a9d8-a912d798bfa8" CHANGEID="600828255" HOUSENUM="14" ADDNUM1="2" HOUSETYPE="2" ADDTYPE1="2" OPERTYPEID="10" PREVID="0" NEXTID="0" UPDATEDATE="2024-09-10" STARTDATE="2024-09-10" ENDDATE="2079-06-06" ISACTUAL="1" ISACTIVE="1" /><HOUSE ID="126751611" OBJECTID="165171221" OBJECTGUID="d5547ba5-b7a0-4840-bf2a-0d77123f941e" CHANGEID="600828199" HOUSENUM="14" ADDNUM1="1" HOUSETYPE="2" ADDTYPE1="2" OPERTYPEID="10" PREVID="0" NEXTID="0" UPDATEDATE="2024-09-10" STARTDATE="2024-09-10" ENDDATE="2079-06-06" ISACTUAL="1" ISACTIVE="1" /><HOUSE ID="126751631" OBJECTID="165171272" OBJECTGUID="094c9973-ef28-43e6-b957-b1d0ac9ae8a1" CHANGEID="600828315" HOUSENUM="19" ADDNUM1="1" HOUSETYPE="2" ADDTYPE1="2" OPERTYPEID="10" PREVID="0" NEXTID="0" UPDATEDATE="2024-09-10" STARTDATE="2024-09-10" ENDDATE="2079-06-06" ISACTUAL="1" ISACTIVE="1" /><HOUSE ID="126751634" OBJECTID="165171292" OBJECTGUID="8c0e6d71-e007-4b0c-a158-29fbe013dfd7" CHANGEID="600828342" HOUSENUM="46" ADDNUM1="2" HOUSETYPE="2" ADDTYPE1="2" OPERTYPEID="10" PREVID="0" NEXTID="0" UPDATEDATE="2024-09-10" STARTDATE="2024-09-10" ENDDATE="2079-06-06" ISACTUAL="1" ISACTIVE="1" /><HOUSE ID="126751636" OBJECTID="165171328" OBJECTGUID="9bd8f0ff-4f34-49df-b7f2-cf1dccf9ed08" CHANGEID="600828385" HOUSENUM="1" ADDNUM1="4" HOUSETYPE="2" ADDTYPE1="2" OPERTYPEID="10" PREVID="0" NEXTID="0" UPDATEDATE="2024-09-10" STARTDATE="2024-09-10" ENDDATE="2079-06-06" ISACTUAL="1" ISACTIVE="1" /><HOUSE ID="126751643" OBJECTID="165171352" OBJECTGUID="1e394f06-9ae4-48c5-bd0d-12333677de04" CHANGEID="600828437" HOUSENUM="1" ADDNUM1="3" HOUSETYPE="2" ADDTYPE1="2" OPERTYPEID="10" PREVID="0" NEXTID="0" UPDATEDATE="2024-09-10" STARTDATE="2024-09-10" ENDDATE="2079-06-06" ISACTUAL="1" ISACTIVE="1" /><HOUSE ID="126751651" OBJECTID="165171379" OBJECTGUID="e9950b6f-daec-4b15-bd59-069e83ca625f" CHANGEID="600828469" HOUSENUM="1" ADDNUM1="2" HOUSETYPE="2" ADDTYPE1="2" OPERTYPEID="10" PREVID="0" NEXTID="0" UPDATEDATE="2024-09-10" STARTDATE="2024-09-10" ENDDATE="2079-06-06" ISACTUAL="1" ISACTIVE="1" /><HOUSE ID="126751652" OBJECTID="165171401" OBJECTGUID="469f7e11-9811-482b-a86f-fc151d9704e6" CHANGEID="600828498" HOUSENUM="1" ADDNUM1="1" HOUSETYPE="2" ADDTYPE1="2" OPERTYPEID="10" PREVID="0" NEXTID="0" UPDATEDATE="2024-09-10" STARTDATE="2024-09-10" ENDDATE="2079-06-06" ISACTUAL="1" ISACTIVE="1" /><HOUSE ID="126753962" OBJECTID="57367703" OBJECTGUID="74bd1b3d-d1f0-448a-b7ff-e0a7a93dce2a" CHANGEID="600843485" HOUSENUM="13" ADDNUM1="А" HOUSETYPE="2" ADDTYPE1="4" OPERTYPEID="30" PREVID="34341976" NEXTID="0" UPDATEDATE="2024-09-10" STARTDATE="2024-09-10" ENDDATE="2079-06-06" ISACTUAL="1" ISACTIVE="0" /><HOUSE ID="126754192" OBJECTID="165181206" OBJECTGUID="2d768f2d-977e-4b40-b8a7-43fc25ad1ab4" CHANGEID="600844819" HOUSENUM="66б" ADDNUM1="2" HOUSETYPE="2" ADDTYPE1="2" OPERTYPEID="10" PREVID="0" NEXTID="0" UPDATEDATE="2024-09-10" STARTDATE="2024-09-10" ENDDATE="2079-06-06" ISACTUAL="1" ISACTIVE="1" /><HOUSE ID="126754276" OBJECTID="165181693" OBJECTGUID="868bd06c-bf7c-420b-8387-1a1b803831c3" CHANGEID="600845538" HOUSENUM="1" ADDNUM1="1" HOUSETYPE="2" ADDTYPE1="2" OPERTYPEID="10" PREVID="0" NEXTID="0" UPDATEDATE="2024-09-10" STARTDATE="2024-09-10" ENDDATE="2079-06-06" ISACTUAL="1" ISACTIVE="1" /><HOUSE ID="126754317" OBJECTID="165181911" OBJECTGUID="b181ad25-56c2-4a93-a353-0863c458625f" CHANGEID="600845869" HOUSENUM="17" ADDNUM1="2" HOUSETYPE="2" ADDTYPE1="2" OPERTYPEID="10" PREVID="0" NEXTID="0" UPDATEDATE="2024-09-10" STARTDATE="2024-09-10" ENDDATE="2079-06-06" ISACTUAL="1" ISACTIVE="1" /><HOUSE ID="126754349" OBJECTID="57361104" OBJECTGUID="0f4f5323-5487-4c81-a76b-356a627a849f" CHANGEID="600845964" HOUSENUM="13" ADDNUM1="1" ADDNUM2="А" HOUSETYPE="2" ADDTYPE1="1" ADDTYPE2="4" OPERTYPEID="30" PREVID="34338312" NEXTID="0" UPDATEDATE="2024-09-10" STARTDATE="2024-09-10" ENDDATE="2079-06-06" ISACTUAL="1" ISACTIVE="0" /><HOUSE ID="126755116" OBJECTID="165187754" OBJECTGUID="e5537663-219f-4abb-94fd-5f9803628488" CHANGEID="600879318" HOUSENUM="130" ADDNUM1="53" ADDNUM2="1" HOUSETYPE="2" ADDTYPE1="1" ADDTYPE2="2" OPERTYPEID="10" PREVID="0" NEXTID="0" UPDATEDATE="2024-09-11" STARTDATE="2024-09-11" ENDDATE="2079-06-06" ISACTUAL="1" ISACTIVE="1" /><HOUSE ID="126755386" OBJECTID="165188578" OBJECTGUID="06d49eee-77f3-4b8d-8ea0-e7e99a468bac" CHANGEID="600880499" HOUSENUM="66" ADDNUM1="1" HOUSETYPE="2" ADDTYPE1="2" OPERTYPEID="10" PREVID="0" NEXTID="0" UPDATEDATE="2024-09-11" STARTDATE="2024-09-11" ENDDATE="2079-06-06" ISACTUAL="1" ISACTIVE="1" /><HOUSE ID="126755388" OBJECTID="165188580" OBJECTGUID="76fbb917-3b78-4f62-94d3-0166af5e0d65" CHANGEID="600880501" HOUSENUM="15а/1" HOUSETYPE="8" OPERTYPEID="10" PREVID="0" NEXTID="0" UPDATEDATE="2024-09-11" STARTDATE="2024-09-11" ENDDATE="2079-06-06" ISACTUAL="1" ISACTIVE="1" /><HOUSE ID="126755389" OBJECTID="165188581" OBJECTGUID="7ecde470-5aff-477b-b26b-17d09c121eb4" CHANGEID="600880503" HOUSENUM="126/1" HOUSETYPE="8" OPERTYPEID="10" PREVID="0" NEXTID="0" UPDATEDATE="2024-09-11" STARTDATE="2024-09-11" ENDDATE="2079-06-06" ISACTUAL="1" ISACTIVE="1" /><HOUSE ID="126755387" OBJECTID="165188579" OBJECTGUID="70d0a001-29b6-4c20-8d64-f635083036a8" CHANGEID="600880500" HOUSENUM="15/1" HOUSETYPE="8" OPERTYPEID="10" PREVID="0" NEXTID="0" UPDATEDATE="2024-09-11" STARTDATE="2024-09-11" ENDDATE="2079-06-06" ISACTUAL="1" ISACTIVE="1" /><HOUSE ID="126755390" OBJECTID="165188582" OBJECTGUID="a5603924-9f48-474a-8419-ff5fe5a961ef" CHANGEID="600880504" HOUSENUM="1/1" HOUSETYPE="8" OPERTYPEID="10" PREVID="0" NEXTID="0" UPDATEDATE="2024-09-11" STARTDATE="2024-09-11" ENDDATE="2079-06-06" ISACTUAL="1" ISACTIVE="1" /><HOUSE ID="126758252" OBJECTID="22582793" OBJECTGUID="e55cc15d-2b02-47c1-8dd5-fbed73f6c9f4" CHANGEID="600902152" HOUSENUM="11" ADDNUM1="А" HOUSETYPE="2" ADDTYPE1="4" OPERTYPEID="30" PREVID="13327115" NEXTID="0" UPDATEDATE="2024-09-11" STARTDATE="2024-09-11" ENDDATE="2079-06-06" ISACTUAL="1" ISACTIVE="0" /><HOUSE ID="13327115" OBJECTID="22582793" OBJECTGUID="e55cc15d-2b02-47c1-8dd5-fbed73f6c9f4" CHANGEID="35188015" HOUSENUM="11" ADDNUM1="А" HOUSETYPE="2" ADDTYPE1="4" OPERTYPEID="20" PREVID="13327004" NEXTID="126758252" UPDATEDATE="2024-09-11" STARTDATE="2018-07-26" ENDDATE="2024-09-11" ISACTUAL="0" ISACTIVE="0" /><HOUSE ID="126760848" OBJECTID="45404324" OBJECTGUID="aea3e8ca-ef60-4797-943d-bd5e40d8249c" CHANGEID="600922164" HOUSENUM="2" ADDNUM1="3" ADDNUM2="Т" HOUSETYPE="2" ADDTYPE1="1" ADDTYPE2="4" OPERTYPEID="30" PREVID="27121372" NEXTID="0" UPDATEDATE="2024-09-11" STARTDATE="2024-09-11" ENDDATE="2079-06-06" ISACTUAL="1" ISACTIVE="0" /><HOUSE ID="126761065" OBJECTID="165217308" OBJECTGUID="d8a06787-15e4-4582-94da-115ae21035cf" CHANGEID="600924264" HOUSENUM="40" ADDNUM1="1" HOUSETYPE="2" ADDTYPE1="2" OPERTYPEID="10" PREVID="0" NEXTID="0" UPDATEDATE="2024-09-11" STARTDATE="2024-09-11" ENDDATE="2079-06-06" ISACTUAL="1" ISACTIVE="1" /><HOUSE ID="126761075" OBJECTID="165217342" OBJECTGUID="5c7f69a1-6638-4486-b901-2f3958155965" CHANGEID="600924317" HOUSENUM="42" ADDNUM1="1" HOUSETYPE="2" ADDTYPE1="2" OPERTYPEID="10" PREVID="0" NEXTID="0" UPDATEDATE="2024-09-11" STARTDATE="2024-09-11" ENDDATE="2079-06-06" ISACTUAL="1" ISACTIVE="1" /><HOUSE ID="20636889" OBJECTID="34688156" OBJECTGUID="5295790e-41c2-4f1a-b77e-030e21be3b6a" CHANGEID="52790155" HOUSENUM="11" ADDNUM1="Р" HOUSETYPE="2" ADDTYPE1="4" OPERTYPEID="10" PREVID="0" NEXTID="126761098" UPDATEDATE="2024-09-11" STARTDATE="1900-01-01" ENDDATE="2024-09-11" ISACTUAL="0" ISACTIVE="0" /><HOUSE ID="126761098" OBJECTID="34688156" OBJECTGUID="5295790e-41c2-4f1a-b77e-030e21be3b6a" CHANGEID="600924529" HOUSENUM="67" ADDNUM1="1" ADDNUM2="1" HOUSETYPE="2" ADDTYPE1="1" ADDTYPE2="2" OPERTYPEID="50" PREVID="20636889" UPDATEDATE="2024-09-11" STARTDATE="2024-09-11" ENDDATE="2079-06-06" ISACTUAL="1" ISACTIVE="1" /><HOUSE ID="126761135" OBJECTID="165217697" OBJECTGUID="e84c4002-15cb-472f-9029-1023499d9477" CHANGEID="600924862" HOUSENUM="16" ADDNUM1="1" HOUSETYPE="2" ADDTYPE1="2" OPERTYPEID="10" PREVID="0" NEXTID="0" UPDATEDATE="2024-09-11" STARTDATE="2024-09-11" ENDDATE="2079-06-06" ISACTUAL="1" ISACTIVE="1" /><HOUSE ID="126761127" OBJECTID="165217657" OBJECTGUID="b7fdde57-a594-402c-988b-e8d9608f3ac7" CHANGEID="600924806" HOUSENUM="21" ADDNUM1="2" HOUSETYPE="2" ADDTYPE1="2" OPERTYPEID="10" PREVID="0" NEXTID="0" UPDATEDATE="2024-09-11" STARTDATE="2024-09-11" ENDDATE="2079-06-06" ISACTUAL="1" ISACTIVE="1" /><HOUSE ID="126761142" OBJECTID="165217729" OBJECTGUID="1b06610b-5f62-4091-952c-cf853750fc6b" CHANGEID="600924916" HOUSENUM="15а" ADDNUM1="3" HOUSETYPE="2" ADDTYPE1="2" OPERTYPEID="10" PREVID="0" NEXTID="0" UPDATEDATE="2024-09-11" STARTDATE="2024-09-11" ENDDATE="2079-06-06" ISACTUAL="1" ISACTIVE="1" /><HOUSE ID="126761685" OBJECTID="165220317" OBJECTGUID="323c2e47-a963-4ba3-af4d-c13a0185bdd7" CHANGEID="600930735" HOUSENUM="23" ADDNUM1="3" HOUSETYPE="2" ADDTYPE1="2" OPERTYPEID="10" PREVID="0" NEXTID="0" UPDATEDATE="2024-09-11" STARTDATE="2024-09-11" ENDDATE="2079-06-06" ISACTUAL="1" ISACTIVE="1" /><HOUSE ID="126761698" OBJECTID="165220423" OBJECTGUID="866318ee-1b41-4461-bf5d-9addc744e13e" CHANGEID="600930895" HOUSENUM="11" ADDNUM1="1" HOUSETYPE="2" ADDTYPE1="2" OPERTYPEID="10" PREVID="0" NEXTID="0" UPDATEDATE="2024-09-11" STARTDATE="2024-09-11" ENDDATE="2079-06-06" ISACTUAL="1" ISACTIVE="1" /><HOUSE ID="126761718" OBJECTID="165220485" OBJECTGUID="9420ec89-57c0-442c-9951-8774424adbd3" CHANGEID="600931046" HOUSENUM="16" ADDNUM1="1" HOUSETYPE="2" ADDTYPE1="2" OPERTYPEID="10" PREVID="0" NEXTID="0" UPDATEDATE="2024-09-11" STARTDATE="2024-09-11" ENDDATE="2079-06-06" ISACTUAL="1" ISACTIVE="1" /><HOUSE ID="126761740" OBJECTID="165220591" OBJECTGUID="92f94d1b-acba-4b4d-8d47-294f319c8943" CHANGEID="600931215" HOUSENUM="37а" ADDNUM1="1" HOUSETYPE="2" ADDTYPE1="2" OPERTYPEID="10" PREVID="0" NEXTID="0" UPDATEDATE="2024-09-11" STARTDATE="2024-09-11" ENDDATE="2079-06-06" ISACTUAL="1" ISACTIVE="1" /><HOUSE ID="126761709" OBJECTID="165220454" OBJECTGUID="84ea0e88-3d5e-48ab-8daf-37292c8e92fa" CHANGEID="600930974" HOUSENUM="46" ADDNUM1="1" HOUSETYPE="2" ADDTYPE1="2" OPERTYPEID="10" PREVID="0" NEXTID="0" UPDATEDATE="2024-09-11" STARTDATE="2024-09-11" ENDDATE="2079-06-06" ISACTUAL="1" ISACTIVE="1" /><HOUSE ID="126761772" OBJECTID="23602547" OBJECTGUID="a3176db4-07be-49e6-afec-b8c6577747e8" CHANGEID="600931610" HOUSENUM="37" HOUSETYPE="2" OPERTYPEID="30" PREVID="13934530" NEXTID="0" UPDATEDATE="2024-09-11" STARTDATE="2024-09-11" ENDDATE="2079-06-06" ISACTUAL="1" ISACTIVE="0" /><HOUSE ID="13934530" OBJECTID="23602547" OBJECTGUID="a3176db4-07be-49e6-afec-b8c6577747e8" CHANGEID="36671389" HOUSENUM="37" HOUSETYPE="2" OPERTYPEID="10" PREVID="0" NEXTID="126761772" UPDATEDATE="2024-09-11" STARTDATE="1900-01-01" ENDDATE="2024-09-11" ISACTUAL="0" ISACTIVE="0" /><HOUSE ID="126761773" OBJECTID="23411076" OBJECTGUID="f9cfce1f-a224-46a4-8e43-0d355a1929e2" CHANGEID="600931611" HOUSENUM="37а" ADDNUM1="А" HOUSETYPE="2" ADDTYPE1="4" OPERTYPEID="30" PREVID="13825906" NEXTID="0" UPDATEDATE="2024-09-11" STARTDATE="2024-09-11" ENDDATE="2079-06-06" ISACTUAL="1" ISACTIVE="0" /><HOUSE ID="13825906" OBJECTID="23411076" OBJECTGUID="f9cfce1f-a224-46a4-8e43-0d355a1929e2" CHANGEID="36397464" HOUSENUM="37а" ADDNUM1="А" HOUSETYPE="2" ADDTYPE1="4" OPERTYPEID="10" PREVID="0" NEXTID="126761773" UPDATEDATE="2024-09-11" STARTDATE="1900-01-01" ENDDATE="2024-09-11" ISACTUAL="0" ISACTIVE="0" /><HOUSE ID="126761774" OBJECTID="23364548" OBJECTGUID="23094d14-f667-46cc-9d87-502f2edee6b5" CHANGEID="600931612" HOUSENUM="37а" HOUSETYPE="2" OPERTYPEID="30" PREVID="13798316" NEXTID="0" UPDATEDATE="2024-09-11" STARTDATE="2024-09-11" ENDDATE="2079-06-06" ISACTUAL="1" ISACTIVE="0" /></HOUSES>