﻿<?xml version="1.0" encoding="utf-8"?><ADDRESSOBJECTS><OBJECT ID="52125862" OBJECTID="165098255" OBJECTGUID="30525b5c-1efe-4bc8-9cb4-5ffdcf45667f" CHANGEID="600575771" NAME="СО Ромашка" TYPENAME="тер." LEVEL="7" OPERTYPEID="10" PREVID="0" NEXTID="0" UPDATEDATE="2024-09-06" STARTDATE="2024-09-06" ENDDATE="2079-06-06" ISACTUAL="1" ISACTIVE="1" /><OBJECT ID="52125916" OBJECTID="165100483" OBJECTGUID="21a3bdc5-f916-418b-a084-fc514d0391af" CHANGEID="600579603" NAME="Островского" TYPENAME="ул." LEVEL="8" OPERTYPEID="10" PREVID="0" NEXTID="0" UPDATEDATE="2024-09-06" STARTDATE="2024-09-06" ENDDATE="2079-06-06" ISACTUAL="1" ISACTIVE="1" /><OBJECT ID="52061332" OBJECTID="155637059" OBJECTGUID="64e7ef97-f2be-41db-90f8-49518aba3e22" CHANGEID="507445465" NAME="Молодёжная" TYPENAME="ул." LEVEL="8" OPERTYPEID="40" PREVID="51964518" NEXTID="52125935" UPDATEDATE="2024-09-06" STARTDATE="2023-07-26" ENDDATE="2024-09-06" ISACTUAL="0" ISACTIVE="0" /><OBJECT ID="52125935" OBJECTID="155637059" OBJECTGUID="64e7ef97-f2be-41db-90f8-49518aba3e22" CHANGEID="600583444" NAME="Комсомольская" TYPENAME="ул." LEVEL="8" OPERTYPEID="20" PREVID="52061332" UPDATEDATE="2024-09-06" STARTDATE="2024-09-06" ENDDATE="2079-06-06" ISACTUAL="1" ISACTIVE="1" /><OBJECT ID="52054937" OBJECTID="155650332" OBJECTGUID="27302721-f9b9-4271-999f-b4d1a9edc086" CHANGEID="506251049" NAME="Украинская" TYPENAME="ул." LEVEL="8" OPERTYPEID="40" PREVID="51967054" NEXTID="52125936" UPDATEDATE="2024-09-06" STARTDATE="2023-06-19" ENDDATE="2024-09-06" ISACTUAL="0" ISACTIVE="0" /><OBJECT ID="52125936" OBJECTID="155650332" OBJECTGUID="27302721-f9b9-4271-999f-b4d1a9edc086" CHANGEID="600583446" NAME="Советская" TYPENAME="ул." LEVEL="8" OPERTYPEID="20" PREVID="52054937" UPDATEDATE="2024-09-06" STARTDATE="2024-09-06" ENDDATE="2079-06-06" ISACTUAL="1" ISACTIVE="1" /><OBJECT ID="52058425" OBJECTID="155678629" OBJECTGUID="a4a8baca-700e-4ae2-9b8d-45162fc7d589" CHANGEID="506952918" NAME="Защитников" TYPENAME="ул." LEVEL="8" OPERTYPEID="20" PREVID="51967958" NEXTID="52125944" UPDATEDATE="2024-09-06" STARTDATE="2023-07-06" ENDDATE="2024-09-06" ISACTUAL="0" ISACTIVE="0" /><OBJECT ID="52125944" OBJECTID="155678629" OBJECTGUID="a4a8baca-700e-4ae2-9b8d-45162fc7d589" CHANGEID="600585785" NAME="Героев России" TYPENAME="ул." LEVEL="8" OPERTYPEID="20" PREVID="52058425" UPDATEDATE="2024-09-06" STARTDATE="2024-09-06" ENDDATE="2079-06-06" ISACTUAL="1" ISACTIVE="1" /><OBJECT ID="52126285" OBJECTID="165163050" OBJECTGUID="ca227a73-26ae-427e-8195-29fb3b43071b" CHANGEID="600815870" NAME="Шевченко" TYPENAME="ул." LEVEL="8" OPERTYPEID="10" PREVID="0" NEXTID="0" UPDATEDATE="2024-09-10" STARTDATE="2024-09-10" ENDDATE="2079-06-06" ISACTUAL="1" ISACTIVE="1" /></ADDRESSOBJECTS>