﻿<?xml version="1.0" encoding="utf-8"?><ADDRESSOBJECTS><OBJECT ID="52125695" OBJECTID="165064205" OBJECTGUID="d956940d-27bc-41bb-a1dc-751999e260b3" CHANGEID="600517821" NAME="Ледовая" TYPENAME="ул." LEVEL="8" OPERTYPEID="10" PREVID="0" NEXTID="0" UPDATEDATE="2024-09-05" STARTDATE="2024-09-05" ENDDATE="2079-06-06" ISACTUAL="1" ISACTIVE="1" /><OBJECT ID="52125696" OBJECTID="165064206" OBJECTGUID="d1c0ddf5-3c03-45e8-8628-4977726a8fbb" CHANGEID="600517822" NAME="Свежая" TYPENAME="ул." LEVEL="8" OPERTYPEID="10" PREVID="0" NEXTID="0" UPDATEDATE="2024-09-05" STARTDATE="2024-09-05" ENDDATE="2079-06-06" ISACTUAL="1" ISACTIVE="1" /><OBJECT ID="52125697" OBJECTID="165064207" OBJECTGUID="c4704e5d-68b4-4380-a172-5f658e4f73c2" CHANGEID="600517823" NAME="Морозная" TYPENAME="ул." LEVEL="8" OPERTYPEID="10" PREVID="0" NEXTID="0" UPDATEDATE="2024-09-05" STARTDATE="2024-09-05" ENDDATE="2079-06-06" ISACTUAL="1" ISACTIVE="1" /><OBJECT ID="52125698" OBJECTID="165064208" OBJECTGUID="d4f5cb2b-189e-41d7-9ff4-d88bca51058b" CHANGEID="600517824" NAME="Вьюжная" TYPENAME="ул." LEVEL="8" OPERTYPEID="10" PREVID="0" NEXTID="0" UPDATEDATE="2024-09-05" STARTDATE="2024-09-05" ENDDATE="2079-06-06" ISACTUAL="1" ISACTIVE="1" /><OBJECT ID="52125699" OBJECTID="165064209" OBJECTGUID="38152b4a-4140-41c2-96b5-881fc9b16ea4" CHANGEID="600517825" NAME="Студеная" TYPENAME="ул." LEVEL="8" OPERTYPEID="10" PREVID="0" NEXTID="0" UPDATEDATE="2024-09-05" STARTDATE="2024-09-05" ENDDATE="2079-06-06" ISACTUAL="1" ISACTIVE="1" /><OBJECT ID="52125700" OBJECTID="165064210" OBJECTGUID="843f65a3-1975-4fa5-b41c-9b6b8d96d2af" CHANGEID="600517826" NAME="Творчества" TYPENAME="пер." LEVEL="8" OPERTYPEID="10" PREVID="0" NEXTID="0" UPDATEDATE="2024-09-05" STARTDATE="2024-09-05" ENDDATE="2079-06-06" ISACTUAL="1" ISACTIVE="1" /><OBJECT ID="52125716" OBJECTID="165065197" OBJECTGUID="2f22befd-3df0-4d1e-a8d2-8c55789b287a" CHANGEID="600519687" NAME="80 лет Победы" TYPENAME="ул." LEVEL="8" OPERTYPEID="10" PREVID="0" NEXTID="0" UPDATEDATE="2024-09-05" STARTDATE="2024-09-05" ENDDATE="2079-06-06" ISACTUAL="1" ISACTIVE="1" /><OBJECT ID="52125909" OBJECTID="165100216" OBJECTGUID="430f29dc-efbb-4ba8-b8ab-e2341210d94e" CHANGEID="600579283" NAME="СДТ Березка" TYPENAME="тер." LEVEL="7" OPERTYPEID="10" PREVID="0" NEXTID="0" UPDATEDATE="2024-09-06" STARTDATE="2024-09-06" ENDDATE="2079-06-06" ISACTUAL="1" ISACTIVE="1" /><OBJECT ID="52125910" OBJECTID="165100217" OBJECTGUID="d4603836-8983-41e8-b81a-c3ba9a077c08" CHANGEID="600579284" NAME="СДТ Надежда" TYPENAME="тер." LEVEL="7" OPERTYPEID="10" PREVID="0" NEXTID="0" UPDATEDATE="2024-09-06" STARTDATE="2024-09-06" ENDDATE="2079-06-06" ISACTUAL="1" ISACTIVE="1" /><OBJECT ID="52125911" OBJECTID="165100218" OBJECTGUID="af0c4ac3-46b0-439b-b573-994abd3c410a" CHANGEID="600579285" NAME="СДТ Росинка" TYPENAME="тер." LEVEL="7" OPERTYPEID="10" PREVID="0" NEXTID="0" UPDATEDATE="2024-09-06" STARTDATE="2024-09-06" ENDDATE="2079-06-06" ISACTUAL="1" ISACTIVE="1" /><OBJECT ID="52125912" OBJECTID="165100219" OBJECTGUID="f5626d93-bf4f-45be-8a00-17745e24fcbe" CHANGEID="600579286" NAME="СДТ Степное" TYPENAME="тер." LEVEL="7" OPERTYPEID="10" PREVID="0" NEXTID="0" UPDATEDATE="2024-09-06" STARTDATE="2024-09-06" ENDDATE="2079-06-06" ISACTUAL="1" ISACTIVE="1" /><OBJECT ID="52125914" OBJECTID="165100243" OBJECTGUID="a54f2208-cfde-4d45-bb0b-e7bb92a79e58" CHANGEID="600579327" NAME="Брусничная" TYPENAME="ул." LEVEL="8" OPERTYPEID="10" PREVID="0" NEXTID="0" UPDATEDATE="2024-09-06" STARTDATE="2024-09-06" ENDDATE="2079-06-06" ISACTUAL="1" ISACTIVE="1" /><OBJECT ID="52126017" OBJECTID="165126084" OBJECTGUID="ee8bd5ad-b935-46ef-86a4-18b08c9433bf" CHANGEID="600751755" NAME="турбаза Песчаная" TYPENAME="тер." LEVEL="7" OPERTYPEID="10" PREVID="0" NEXTID="0" UPDATEDATE="2024-09-09" STARTDATE="2024-09-09" ENDDATE="2079-06-06" ISACTUAL="1" ISACTIVE="1" /><OBJECT ID="52126029" OBJECTID="165126956" OBJECTGUID="00722900-f330-47ba-84f4-c66f6b2cd1d3" CHANGEID="600753581" NAME="Зеленый бор" TYPENAME="тер." LEVEL="7" OPERTYPEID="10" PREVID="0" NEXTID="0" UPDATEDATE="2024-09-09" STARTDATE="2024-09-09" ENDDATE="2079-06-06" ISACTUAL="1" ISACTIVE="1" /><OBJECT ID="52126031" OBJECTID="165127083" OBJECTGUID="56f2613c-b12c-415a-939b-8b7db418da0a" CHANGEID="600753765" NAME="Пилота Нестерова" TYPENAME="ул." LEVEL="8" OPERTYPEID="10" PREVID="0" NEXTID="0" UPDATEDATE="2024-09-09" STARTDATE="2024-09-09" ENDDATE="2079-06-06" ISACTUAL="1" ISACTIVE="1" /><OBJECT ID="52126032" OBJECTID="165127084" OBJECTGUID="69384f5a-8a24-4d65-acc0-e21b7b59a9ad" CHANGEID="600753766" NAME="Михаила Кутузова" TYPENAME="ул." LEVEL="8" OPERTYPEID="10" PREVID="0" NEXTID="0" UPDATEDATE="2024-09-09" STARTDATE="2024-09-09" ENDDATE="2079-06-06" ISACTUAL="1" ISACTIVE="1" /><OBJECT ID="52126033" OBJECTID="165127085" OBJECTGUID="734e02e6-7432-4528-b246-a8bdcb2c9b51" CHANGEID="600753767" NAME="Академика Пирогова" TYPENAME="ул." LEVEL="8" OPERTYPEID="10" PREVID="0" NEXTID="0" UPDATEDATE="2024-09-09" STARTDATE="2024-09-09" ENDDATE="2079-06-06" ISACTUAL="1" ISACTIVE="1" /><OBJECT ID="52126034" OBJECTID="165127086" OBJECTGUID="c283ceef-e1d3-436e-98f3-7e94ec068935" CHANGEID="600753768" NAME="Валерия Чкалова" TYPENAME="ул." LEVEL="8" OPERTYPEID="10" PREVID="0" NEXTID="0" UPDATEDATE="2024-09-09" STARTDATE="2024-09-09" ENDDATE="2079-06-06" ISACTUAL="1" ISACTIVE="1" /><OBJECT ID="52126035" OBJECTID="165127087" OBJECTGUID="dfbcea5e-585c-4fbb-ba33-fbbbd28bae76" CHANGEID="600753769" NAME="Александра Матросова" TYPENAME="ул." LEVEL="8" OPERTYPEID="10" PREVID="0" NEXTID="0" UPDATEDATE="2024-09-09" STARTDATE="2024-09-09" ENDDATE="2079-06-06" ISACTUAL="1" ISACTIVE="1" /><OBJECT ID="52126036" OBJECTID="165127088" OBJECTGUID="1a9c1144-c436-4e45-89c5-c2c5a26f6f0e" CHANGEID="600753770" NAME="Дмитрия Кострицкого" TYPENAME="ул." LEVEL="8" OPERTYPEID="10" PREVID="0" NEXTID="0" UPDATEDATE="2024-09-09" STARTDATE="2024-09-09" ENDDATE="2079-06-06" ISACTUAL="1" ISACTIVE="1" /><OBJECT ID="52126037" OBJECTID="165127089" OBJECTGUID="5a9ca47a-9e25-49b0-911d-a7b0a1829006" CHANGEID="600753771" NAME="Генерала Челнокова" TYPENAME="ул." LEVEL="8" OPERTYPEID="10" PREVID="0" NEXTID="0" UPDATEDATE="2024-09-09" STARTDATE="2024-09-09" ENDDATE="2079-06-06" ISACTUAL="1" ISACTIVE="1" /><OBJECT ID="52126038" OBJECTID="165127090" OBJECTGUID="5840ef8b-949b-41a0-a9fa-0d3143de82e1" CHANGEID="600753772" NAME="Михаила Калашникова" TYPENAME="ул." LEVEL="8" OPERTYPEID="10" PREVID="0" NEXTID="0" UPDATEDATE="2024-09-09" STARTDATE="2024-09-09" ENDDATE="2079-06-06" ISACTUAL="1" ISACTIVE="1" /><OBJECT ID="52126280" OBJECTID="165162549" OBJECTGUID="264e327e-f218-4509-8b48-d56015501822" CHANGEID="600814994" NAME="Уютная" TYPENAME="ул." LEVEL="8" OPERTYPEID="10" PREVID="0" NEXTID="0" UPDATEDATE="2024-09-10" STARTDATE="2024-09-10" ENDDATE="2079-06-06" ISACTUAL="1" ISACTIVE="1" /><OBJECT ID="52126415" OBJECTID="165197834" OBJECTGUID="d93cdff5-1093-479b-bead-19b4a0730eb7" CHANGEID="600893429" NAME="183" TYPENAME="кв-л" LEVEL="8" OPERTYPEID="10" PREVID="0" NEXTID="0" UPDATEDATE="2024-09-11" STARTDATE="2024-09-11" ENDDATE="2079-06-06" ISACTUAL="1" ISACTIVE="1" /><OBJECT ID="52126396" OBJECTID="165194987" OBJECTGUID="912233a5-02b6-4233-a366-69cfdb1145fa" CHANGEID="600889610" NAME="177" TYPENAME="кв-л" LEVEL="8" OPERTYPEID="10" PREVID="0" NEXTID="0" UPDATEDATE="2024-09-11" STARTDATE="2024-09-11" ENDDATE="2079-06-06" ISACTUAL="1" ISACTIVE="1" /><OBJECT ID="52126482" OBJECTID="165210565" OBJECTGUID="3b6d2484-7445-40e8-82e1-8f3958a2086c" CHANGEID="600913402" NAME="Клубничная" TYPENAME="ул." LEVEL="8" OPERTYPEID="10" PREVID="0" NEXTID="0" UPDATEDATE="2024-09-11" STARTDATE="2024-09-11" ENDDATE="2079-06-06" ISACTUAL="1" ISACTIVE="1" /><OBJECT ID="52126483" OBJECTID="165210566" OBJECTGUID="b378e693-5f3e-4da1-acbb-a2a012699897" CHANGEID="600913403" NAME="Средняя" TYPENAME="ул." LEVEL="8" OPERTYPEID="10" PREVID="0" NEXTID="0" UPDATEDATE="2024-09-11" STARTDATE="2024-09-11" ENDDATE="2079-06-06" ISACTUAL="1" ISACTIVE="1" /><OBJECT ID="52126484" OBJECTID="165210567" OBJECTGUID="62306905-c74a-4336-b694-877d52b8f49d" CHANGEID="600913404" NAME="Черёмуховая" TYPENAME="ул." LEVEL="8" OPERTYPEID="10" PREVID="0" NEXTID="0" UPDATEDATE="2024-09-11" STARTDATE="2024-09-11" ENDDATE="2079-06-06" ISACTUAL="1" ISACTIVE="1" /><OBJECT ID="52126485" OBJECTID="165210568" OBJECTGUID="e0fe6220-7ecf-4896-b674-78423e889913" CHANGEID="600913405" NAME="Водозаборная" TYPENAME="ул." LEVEL="8" OPERTYPEID="10" PREVID="0" NEXTID="0" UPDATEDATE="2024-09-11" STARTDATE="2024-09-11" ENDDATE="2079-06-06" ISACTUAL="1" ISACTIVE="1" /><OBJECT ID="52126486" OBJECTID="165210569" OBJECTGUID="87785e74-62c4-4bcf-9382-54886d955526" CHANGEID="600913406" NAME="Гаражная" TYPENAME="ул." LEVEL="8" OPERTYPEID="10" PREVID="0" NEXTID="0" UPDATEDATE="2024-09-11" STARTDATE="2024-09-11" ENDDATE="2079-06-06" ISACTUAL="1" ISACTIVE="1" /><OBJECT ID="52126487" OBJECTID="165210570" OBJECTGUID="52c0fa56-1c05-4807-8b52-18eb52e0a5da" CHANGEID="600913407" NAME="Гэсовская" TYPENAME="ул." LEVEL="8" OPERTYPEID="10" PREVID="0" NEXTID="0" UPDATEDATE="2024-09-11" STARTDATE="2024-09-11" ENDDATE="2079-06-06" ISACTUAL="1" ISACTIVE="1" /><OBJECT ID="52126488" OBJECTID="165210571" OBJECTGUID="5790e279-7993-4b86-acb8-9485c7a44735" CHANGEID="600913408" NAME="Зелёный" TYPENAME="пер." LEVEL="8" OPERTYPEID="10" PREVID="0" NEXTID="0" UPDATEDATE="2024-09-11" STARTDATE="2024-09-11" ENDDATE="2079-06-06" ISACTUAL="1" ISACTIVE="1" /></ADDRESSOBJECTS>