﻿<?xml version="1.0" encoding="utf-8"?><HOUSES><HOUSE ID="55079890" OBJECTID="61097024" OBJECTGUID="3435e6c4-1a1f-4c83-b384-5ddb9a726eff" CHANGEID="91240165" HOUSENUM="8" HOUSETYPE="2" OPERTYPEID="20" PREVID="36658591" NEXTID="126747951" UPDATEDATE="2024-09-10" STARTDATE="2015-11-13" ENDDATE="2024-09-10" ISACTUAL="0" ISACTIVE="0" /><HOUSE ID="55375760" OBJECTID="58607832" OBJECTGUID="38638cf5-aeca-49a9-9f90-f6a7d5d60c31" CHANGEID="87578116" HOUSENUM="14а" HOUSETYPE="2" OPERTYPEID="20" PREVID="35090802" NEXTID="126746472" UPDATEDATE="2024-09-09" STARTDATE="2013-05-08" ENDDATE="2024-09-09" ISACTUAL="0" ISACTIVE="0" /><HOUSE ID="57219168" OBJECTID="43271845" OBJECTGUID="526aea38-60b3-4f56-ab67-a6462091d6ca" CHANGEID="65314896" HOUSENUM="27" HOUSETYPE="2" OPERTYPEID="20" PREVID="25846805" NEXTID="126746424" UPDATEDATE="2024-09-09" STARTDATE="2013-05-08" ENDDATE="2024-09-09" ISACTUAL="0" ISACTIVE="0" /><HOUSE ID="57231560" OBJECTID="22786371" OBJECTGUID="529b5f08-ebcf-465a-8ac5-ecdfc733b78e" CHANGEID="35481310" HOUSENUM="13" HOUSETYPE="2" OPERTYPEID="20" PREVID="13445032" NEXTID="126746390" UPDATEDATE="2024-09-09" STARTDATE="2014-06-04" ENDDATE="2024-09-09" ISACTUAL="0" ISACTIVE="0" /><HOUSE ID="59305762" OBJECTID="65932181" OBJECTGUID="6fdf99f1-6a5e-4dde-85e4-fef31a6977bd" CHANGEID="98337360" HOUSENUM="4" HOUSETYPE="2" OPERTYPEID="20" PREVID="39699019" NEXTID="126746393" UPDATEDATE="2024-09-09" STARTDATE="2014-06-04" ENDDATE="2024-09-09" ISACTUAL="0" ISACTIVE="0" /><HOUSE ID="59991365" OBJECTID="63824139" OBJECTGUID="798c1950-d146-4c0c-9265-b01494b926dc" CHANGEID="95236342" HOUSENUM="49" HOUSETYPE="2" OPERTYPEID="20" PREVID="38380775" NEXTID="126746405" UPDATEDATE="2024-09-09" STARTDATE="2014-06-04" ENDDATE="2024-09-09" ISACTUAL="0" ISACTIVE="0" /><HOUSE ID="61499113" OBJECTID="6504546" OBJECTGUID="8ed2cdbd-ed5b-41b1-b97f-a97dc9ed5f5e" CHANGEID="11396622" HOUSENUM="10" HOUSETYPE="2" OPERTYPEID="20" PREVID="3063618" NEXTID="126726492" UPDATEDATE="2024-09-05" STARTDATE="2013-02-12" ENDDATE="2024-09-05" ISACTUAL="0" ISACTIVE="0" /><HOUSE ID="61669141" OBJECTID="81918539" OBJECTGUID="9137afc1-c61e-4749-beef-8c38664d16a6" CHANGEID="121725341" HOUSENUM="19" HOUSETYPE="2" OPERTYPEID="20" PREVID="49585286" NEXTID="126746460" UPDATEDATE="2024-09-09" STARTDATE="2013-05-08" ENDDATE="2024-09-09" ISACTUAL="0" ISACTIVE="0" /><HOUSE ID="62006942" OBJECTID="61101275" OBJECTGUID="95fead38-7bea-4b32-aae4-a0764b455777" CHANGEID="91247903" HOUSENUM="16" HOUSETYPE="2" OPERTYPEID="20" PREVID="36662251" NEXTID="126747950" UPDATEDATE="2024-09-10" STARTDATE="2015-11-12" ENDDATE="2024-09-10" ISACTUAL="0" ISACTIVE="0" /><HOUSE ID="62222802" OBJECTID="63822797" OBJECTGUID="9908d6fc-1964-4a37-8577-ad2b7b7aaa5e" CHANGEID="95230257" HOUSENUM="23" HOUSETYPE="2" OPERTYPEID="20" PREVID="38380168" NEXTID="126746406" UPDATEDATE="2024-09-09" STARTDATE="2014-06-04" ENDDATE="2024-09-09" ISACTUAL="0" ISACTIVE="0" /><HOUSE ID="62387148" OBJECTID="6507516" OBJECTGUID="9b5c6d52-bd6d-4316-a0c0-22499355c15b" CHANGEID="11400706" HOUSENUM="2" HOUSETYPE="2" OPERTYPEID="20" PREVID="3065279" NEXTID="126726491" UPDATEDATE="2024-09-05" STARTDATE="2013-02-12" ENDDATE="2024-09-05" ISACTUAL="0" ISACTIVE="0" /><HOUSE ID="64268836" OBJECTID="18750021" OBJECTGUID="b5ea9afd-0baa-423d-b180-5cbc467d981a" CHANGEID="29468779" HOUSENUM="54" HOUSETYPE="1" OPERTYPEID="20" PREVID="10815303" NEXTID="126761475" UPDATEDATE="2024-09-11" STARTDATE="2016-01-14" ENDDATE="2024-09-11" ISACTUAL="0" ISACTIVE="0" /><HOUSE ID="65645553" OBJECTID="28696323" OBJECTGUID="c9539119-4091-4367-9192-cb38fb51c5ab" CHANGEID="44103639" HOUSENUM="15" HOUSETYPE="2" OPERTYPEID="20" PREVID="17020388" NEXTID="126746263" UPDATEDATE="2024-09-09" STARTDATE="2014-06-04" ENDDATE="2024-09-09" ISACTUAL="0" ISACTIVE="0" /><HOUSE ID="66490392" OBJECTID="28687750" OBJECTGUID="d549a58e-5e7e-45ab-aeac-2cce17bece0b" CHANGEID="44090454" HOUSENUM="1" HOUSETYPE="2" OPERTYPEID="20" PREVID="17015085" NEXTID="126746264" UPDATEDATE="2024-09-09" STARTDATE="2014-06-04" ENDDATE="2024-09-09" ISACTUAL="0" ISACTIVE="0" /><HOUSE ID="66493602" OBJECTID="78547537" OBJECTGUID="d5553d4f-0bae-45db-9a40-489d6dc4d6c7" CHANGEID="116767611" HOUSENUM="2" HOUSETYPE="2" OPERTYPEID="20" PREVID="47455554" NEXTID="126726495" UPDATEDATE="2024-09-05" STARTDATE="2013-02-12" ENDDATE="2024-09-05" ISACTUAL="0" ISACTIVE="0" /><HOUSE ID="66565055" OBJECTID="8496021" OBJECTGUID="d6570301-fbdf-44cd-89bd-0eb9c6ffcc5a" CHANGEID="14334922" HOUSENUM="16а" HOUSETYPE="2" OPERTYPEID="20" PREVID="4320341" NEXTID="126746468" UPDATEDATE="2024-09-09" STARTDATE="2013-05-08" ENDDATE="2024-09-09" ISACTUAL="0" ISACTIVE="0" /><HOUSE ID="69529828" OBJECTID="96085695" OBJECTGUID="25806a31-e0b2-4112-be07-0021cfec36fe" CHANGEID="142295698" HOUSENUM="3/1" HOUSETYPE="7" OPERTYPEID="10" PREVID="0" NEXTID="126740125" UPDATEDATE="2024-09-09" STARTDATE="2020-03-24" ENDDATE="2024-09-09" ISACTUAL="0" ISACTIVE="0" /><HOUSE ID="10831268" OBJECTID="18778583" OBJECTGUID="fd59b6ba-744d-4ffb-b158-8d564f1acadd" CHANGEID="29508953" HOUSENUM="52" HOUSETYPE="1" OPERTYPEID="20" PREVID="10831237" NEXTID="126739726" UPDATEDATE="2024-09-09" STARTDATE="2015-12-17" ENDDATE="2024-09-09" ISACTUAL="0" ISACTIVE="0" /><HOUSE ID="24355620" OBJECTID="40748778" OBJECTGUID="2073d54e-ebf0-44b0-a984-fb11aa7b1175" CHANGEID="61656013" HOUSENUM="7а" ADDNUM1="1" HOUSETYPE="1" ADDTYPE1="2" OPERTYPEID="20" PREVID="24355518" NEXTID="126737311" UPDATEDATE="2024-09-06" STARTDATE="2016-01-13" ENDDATE="2024-09-06" ISACTUAL="0" ISACTIVE="0" /><HOUSE ID="30031579" OBJECTID="50200592" OBJECTGUID="b3eaf03c-d393-402c-97bb-9a80afcd38f6" CHANGEID="75358063" HOUSENUM="30" HOUSETYPE="7" OPERTYPEID="10" PREVID="0" NEXTID="126755738" UPDATEDATE="2024-09-11" STARTDATE="2019-09-17" ENDDATE="2024-09-11" ISACTUAL="0" ISACTIVE="0" /><HOUSE ID="30033394" OBJECTID="50202592" OBJECTGUID="7a1716f1-6166-4e64-88a3-ff88bfa8eefa" CHANGEID="75361420" HOUSENUM="75" HOUSETYPE="2" OPERTYPEID="10" PREVID="0" NEXTID="126756759" UPDATEDATE="2024-09-11" STARTDATE="2019-09-18" ENDDATE="2024-09-11" ISACTUAL="0" ISACTIVE="0" /><HOUSE ID="34915601" OBJECTID="58302841" OBJECTGUID="474cc56f-04cd-46f6-a87d-8c188f70adf6" CHANGEID="87144263" HOUSENUM="7" HOUSETYPE="2" OPERTYPEID="10" PREVID="0" NEXTID="126752647" UPDATEDATE="2024-09-10" STARTDATE="1900-01-01" ENDDATE="2024-09-10" ISACTUAL="0" ISACTIVE="0" /><HOUSE ID="55914612" OBJECTID="37527809" OBJECTGUID="40027b01-ef3f-4501-a974-9c0e80582779" CHANGEID="56935821" HOUSENUM="18" HOUSETYPE="2" OPERTYPEID="20" PREVID="22391715" NEXTID="126746398" UPDATEDATE="2024-09-09" STARTDATE="2014-06-04" ENDDATE="2024-09-09" ISACTUAL="0" ISACTIVE="0" /><HOUSE ID="126695830" OBJECTID="164942008" OBJECTGUID="7ab6f3f0-c425-4064-b7a9-ca9c9d0a9c10" CHANGEID="600176673" HOUSENUM="1" HOUSETYPE="2" OPERTYPEID="10" PREVID="0" NEXTID="126753588" UPDATEDATE="2024-09-10" STARTDATE="2024-08-29" ENDDATE="2024-09-10" ISACTUAL="0" ISACTIVE="0" /><HOUSE ID="126726172" OBJECTID="165065174" OBJECTGUID="05338e57-8baa-4449-b083-0603851840d7" CHANGEID="600519549" HOUSENUM="45" HOUSETYPE="4" OPERTYPEID="10" PREVID="0" NEXTID="0" UPDATEDATE="2024-09-05" STARTDATE="2024-09-05" ENDDATE="2079-06-06" ISACTUAL="1" ISACTIVE="1" /><HOUSE ID="126726491" OBJECTID="6507516" OBJECTGUID="9b5c6d52-bd6d-4316-a0c0-22499355c15b" CHANGEID="600522267" HOUSENUM="2" HOUSETYPE="2" OPERTYPEID="30" PREVID="62387148" NEXTID="0" UPDATEDATE="2024-09-05" STARTDATE="2024-09-05" ENDDATE="2079-06-06" ISACTUAL="1" ISACTIVE="0" /><HOUSE ID="126726492" OBJECTID="6504546" OBJECTGUID="8ed2cdbd-ed5b-41b1-b97f-a97dc9ed5f5e" CHANGEID="600522270" HOUSENUM="10" HOUSETYPE="2" OPERTYPEID="30" PREVID="61499113" NEXTID="0" UPDATEDATE="2024-09-05" STARTDATE="2024-09-05" ENDDATE="2079-06-06" ISACTUAL="1" ISACTIVE="0" /><HOUSE ID="126726494" OBJECTID="71241876" OBJECTGUID="1177df2e-768b-4581-8768-0d094460721c" CHANGEID="600522273" HOUSENUM="13" HOUSETYPE="2" OPERTYPEID="30" PREVID="52618161" NEXTID="0" UPDATEDATE="2024-09-05" STARTDATE="2024-09-05" ENDDATE="2079-06-06" ISACTUAL="1" ISACTIVE="0" /><HOUSE ID="52618161" OBJECTID="71241876" OBJECTGUID="1177df2e-768b-4581-8768-0d094460721c" CHANGEID="106115221" HOUSENUM="13" HOUSETYPE="2" OPERTYPEID="20" PREVID="42969134" NEXTID="126726494" UPDATEDATE="2024-09-05" STARTDATE="2013-02-12" ENDDATE="2024-09-05" ISACTUAL="0" ISACTIVE="0" /><HOUSE ID="126726500" OBJECTID="43535984" OBJECTGUID="4debcce9-6e12-4921-9833-329d4c17a795" CHANGEID="600522291" HOUSENUM="2" HOUSETYPE="2" OPERTYPEID="30" PREVID="56900363" NEXTID="0" UPDATEDATE="2024-09-05" STARTDATE="2024-09-05" ENDDATE="2079-06-06" ISACTUAL="1" ISACTIVE="0" /><HOUSE ID="56900363" OBJECTID="43535984" OBJECTGUID="4debcce9-6e12-4921-9833-329d4c17a795" CHANGEID="65705919" HOUSENUM="2" HOUSETYPE="2" OPERTYPEID="20" PREVID="26020154" NEXTID="126726500" UPDATEDATE="2024-09-05" STARTDATE="2018-11-13" ENDDATE="2024-09-05" ISACTUAL="0" ISACTIVE="0" /><HOUSE ID="126726506" OBJECTID="18761805" OBJECTGUID="fb86c773-132e-4e73-87ee-32e2a4cf5ba5" CHANGEID="600522377" HOUSENUM="5" HOUSETYPE="1" OPERTYPEID="30" PREVID="10822312" NEXTID="0" UPDATEDATE="2024-09-05" STARTDATE="2024-09-05" ENDDATE="2079-06-06" ISACTUAL="1" ISACTIVE="0" /><HOUSE ID="10822312" OBJECTID="18761805" OBJECTGUID="fb86c773-132e-4e73-87ee-32e2a4cf5ba5" CHANGEID="29485615" HOUSENUM="5" HOUSETYPE="1" OPERTYPEID="20" PREVID="10822221" NEXTID="126726506" UPDATEDATE="2024-09-05" STARTDATE="2015-12-17" ENDDATE="2024-09-05" ISACTUAL="0" ISACTIVE="0" /><HOUSE ID="126726508" OBJECTID="18760229" OBJECTGUID="2e3178f7-3992-4a5a-b288-06fb0f9628b5" CHANGEID="600522387" HOUSENUM="49" ADDNUM1="1" HOUSETYPE="1" ADDTYPE1="2" OPERTYPEID="30" PREVID="10821623" NEXTID="0" UPDATEDATE="2024-09-05" STARTDATE="2024-09-05" ENDDATE="2079-06-06" ISACTUAL="1" ISACTIVE="0" /><HOUSE ID="10821623" OBJECTID="18760229" OBJECTGUID="2e3178f7-3992-4a5a-b288-06fb0f9628b5" CHANGEID="29483653" HOUSENUM="49" ADDNUM1="1" HOUSETYPE="1" ADDTYPE1="2" OPERTYPEID="20" PREVID="10821370" NEXTID="126726508" UPDATEDATE="2024-09-05" STARTDATE="2015-12-01" ENDDATE="2024-09-05" ISACTUAL="0" ISACTIVE="0" /><HOUSE ID="126726495" OBJECTID="78547537" OBJECTGUID="d5553d4f-0bae-45db-9a40-489d6dc4d6c7" CHANGEID="600522274" HOUSENUM="2" HOUSETYPE="2" OPERTYPEID="30" PREVID="66493602" NEXTID="0" UPDATEDATE="2024-09-05" STARTDATE="2024-09-05" ENDDATE="2079-06-06" ISACTUAL="1" ISACTIVE="0" /><HOUSE ID="126726496" OBJECTID="165066916" OBJECTGUID="85556b24-3742-4bbb-acf9-4da401e9f4eb" CHANGEID="600522276" HOUSENUM="35" HOUSETYPE="8" OPERTYPEID="10" PREVID="0" NEXTID="0" UPDATEDATE="2024-09-05" STARTDATE="2024-09-05" ENDDATE="2079-06-06" ISACTUAL="1" ISACTIVE="1" /><HOUSE ID="126726504" OBJECTID="18800359" OBJECTGUID="8791b036-e4a5-4628-a359-51f9c1808bf7" CHANGEID="600522370" HOUSENUM="9" ADDNUM1="1" HOUSETYPE="5" ADDTYPE1="2" OPERTYPEID="30" PREVID="70137122" NEXTID="0" UPDATEDATE="2024-09-05" STARTDATE="2024-09-05" ENDDATE="2079-06-06" ISACTUAL="1" ISACTIVE="0" /><HOUSE ID="70137122" OBJECTID="18800359" OBJECTGUID="8791b036-e4a5-4628-a359-51f9c1808bf7" CHANGEID="158342552" HOUSENUM="9" ADDNUM1="1" HOUSETYPE="5" ADDTYPE1="2" OPERTYPEID="20" PREVID="10843530" NEXTID="126726504" UPDATEDATE="2024-09-05" STARTDATE="2020-11-05" ENDDATE="2024-09-05" ISACTUAL="0" ISACTIVE="0" /><HOUSE ID="126726507" OBJECTID="165066980" OBJECTGUID="9e1b7866-cdd2-42a6-b8a0-18824ace568d" CHANGEID="600522382" HOUSENUM="5" HOUSETYPE="5" OPERTYPEID="10" PREVID="0" NEXTID="0" UPDATEDATE="2024-09-05" STARTDATE="2024-09-05" ENDDATE="2079-06-06" ISACTUAL="1" ISACTIVE="1" /><HOUSE ID="126726835" OBJECTID="165068367" OBJECTGUID="727fdf41-d26e-4de9-83ab-ca8d348acb56" CHANGEID="600524450" HOUSENUM="49" ADDNUM1="1" HOUSETYPE="5" ADDTYPE1="2" OPERTYPEID="10" PREVID="0" NEXTID="0" UPDATEDATE="2024-09-05" STARTDATE="2024-09-05" ENDDATE="2079-06-06" ISACTUAL="1" ISACTIVE="1" /><HOUSE ID="126726837" OBJECTID="68451919" OBJECTGUID="a6e5be75-a8c0-484b-b090-c0deb910d40d" CHANGEID="600524457" HOUSENUM="1" HOUSETYPE="2" OPERTYPEID="30" PREVID="41257743" NEXTID="0" UPDATEDATE="2024-09-05" STARTDATE="2024-09-05" ENDDATE="2079-06-06" ISACTUAL="1" ISACTIVE="0" /><HOUSE ID="41257743" OBJECTID="68451919" OBJECTGUID="a6e5be75-a8c0-484b-b090-c0deb910d40d" CHANGEID="102035262" HOUSENUM="1" HOUSETYPE="2" OPERTYPEID="10" PREVID="0" NEXTID="126726837" UPDATEDATE="2024-09-05" STARTDATE="2019-01-15" ENDDATE="2024-09-05" ISACTUAL="0" ISACTIVE="0" /><HOUSE ID="126727186" OBJECTID="165069563" OBJECTGUID="317034a8-86b5-44c8-95bd-4b8f59e2d1ff" CHANGEID="600526451" HOUSENUM="5" HOUSETYPE="5" OPERTYPEID="10" PREVID="0" NEXTID="0" UPDATEDATE="2024-09-05" STARTDATE="2024-09-05" ENDDATE="2079-06-06" ISACTUAL="1" ISACTIVE="1" /><HOUSE ID="126727763" OBJECTID="61085270" OBJECTGUID="ed2ee1d4-775f-4946-a8de-5ad9128bcf24" CHANGEID="600529540" HOUSENUM="27б" HOUSETYPE="2" OPERTYPEID="40" PREVID="68180258" UPDATEDATE="2024-09-05" STARTDATE="2024-09-05" ENDDATE="2079-06-06" ISACTUAL="1" ISACTIVE="1" /><HOUSE ID="68180258" OBJECTID="61085270" OBJECTGUID="ed2ee1d4-775f-4946-a8de-5ad9128bcf24" CHANGEID="91221605" HOUSENUM="27б" HOUSETYPE="2" OPERTYPEID="20" PREVID="36649944" NEXTID="126727763" UPDATEDATE="2024-09-05" STARTDATE="2015-11-13" ENDDATE="2024-09-05" ISACTUAL="0" ISACTIVE="0" /><HOUSE ID="61204364" OBJECTID="61105966" OBJECTGUID="8aaa3401-7802-4115-a82e-cc2a6033a947" CHANGEID="91253453" HOUSENUM="27а" HOUSETYPE="2" OPERTYPEID="20" PREVID="36664982" NEXTID="126727764" UPDATEDATE="2024-09-05" STARTDATE="2015-11-13" ENDDATE="2024-09-05" ISACTUAL="0" ISACTIVE="0" /><HOUSE ID="126727764" OBJECTID="61105966" OBJECTGUID="8aaa3401-7802-4115-a82e-cc2a6033a947" CHANGEID="600529541" HOUSENUM="27а" HOUSETYPE="2" OPERTYPEID="42" PREVID="61204364" NEXTID="126727763" UPDATEDATE="2024-09-05" STARTDATE="2024-09-05" ENDDATE="2079-06-06" ISACTUAL="1" ISACTIVE="0" /><HOUSE ID="126727765" OBJECTID="61088237" OBJECTGUID="c637d5a6-cf13-40e7-a2a9-b39b999ba2ff" CHANGEID="600529543" HOUSENUM="38а" HOUSETYPE="2" OPERTYPEID="40" PREVID="65424954" UPDATEDATE="2024-09-05" STARTDATE="2024-09-05" ENDDATE="2079-06-06" ISACTUAL="1" ISACTIVE="1" /><HOUSE ID="65424954" OBJECTID="61088237" OBJECTGUID="c637d5a6-cf13-40e7-a2a9-b39b999ba2ff" CHANGEID="91226335" HOUSENUM="38а" HOUSETYPE="2" OPERTYPEID="20" PREVID="36652273" NEXTID="126727765" UPDATEDATE="2024-09-05" STARTDATE="2015-11-13" ENDDATE="2024-09-05" ISACTUAL="0" ISACTIVE="0" /><HOUSE ID="65970627" OBJECTID="61075885" OBJECTGUID="cdefed0d-c229-4de7-a4f9-51e698790049" CHANGEID="91206747" HOUSENUM="38" HOUSETYPE="2" OPERTYPEID="20" PREVID="36642404" NEXTID="126727766" UPDATEDATE="2024-09-05" STARTDATE="2015-11-13" ENDDATE="2024-09-05" ISACTUAL="0" ISACTIVE="0" /><HOUSE ID="126727766" OBJECTID="61075885" OBJECTGUID="cdefed0d-c229-4de7-a4f9-51e698790049" CHANGEID="600529544" HOUSENUM="38" HOUSETYPE="2" OPERTYPEID="42" PREVID="65970627" NEXTID="126727765" UPDATEDATE="2024-09-05" STARTDATE="2024-09-05" ENDDATE="2079-06-06" ISACTUAL="1" ISACTIVE="0" /><HOUSE ID="72411674" OBJECTID="104635766" OBJECTGUID="d8ea347c-5c40-4dd9-9c84-9e7cd1f6902b" CHANGEID="283603934" HOUSENUM="1/4" HOUSETYPE="7" OPERTYPEID="10" PREVID="0" NEXTID="126729205" UPDATEDATE="2024-09-05" STARTDATE="2022-06-03" ENDDATE="2024-09-05" ISACTUAL="0" ISACTIVE="0" /><HOUSE ID="126729205" OBJECTID="104635766" OBJECTGUID="d8ea347c-5c40-4dd9-9c84-9e7cd1f6902b" CHANGEID="600541281" HOUSENUM="11/4" HOUSETYPE="7" OPERTYPEID="20" PREVID="72411674" UPDATEDATE="2024-09-05" STARTDATE="2024-09-05" ENDDATE="2079-06-06" ISACTUAL="1" ISACTIVE="1" /><HOUSE ID="126729669" OBJECTID="165081182" OBJECTGUID="9b5a2523-d8a4-4920-aeb5-c3dca1b3da94" CHANGEID="600544975" HOUSENUM="2" HOUSETYPE="2" OPERTYPEID="10" PREVID="0" NEXTID="0" UPDATEDATE="2024-09-05" STARTDATE="2024-09-05" ENDDATE="2079-06-06" ISACTUAL="1" ISACTIVE="1" /><HOUSE ID="126730215" OBJECTID="165083488" OBJECTGUID="8ce791ef-5750-4502-a985-ec4d2490c969" CHANGEID="600548740" HOUSENUM="1" HOUSETYPE="5" OPERTYPEID="10" PREVID="0" NEXTID="0" UPDATEDATE="2024-09-05" STARTDATE="2024-09-05" ENDDATE="2079-06-06" ISACTUAL="1" ISACTIVE="1" /><HOUSE ID="126730413" OBJECTID="165084796" OBJECTGUID="8189efbc-2a88-482d-a9c5-d477547eabc3" CHANGEID="600550668" HOUSENUM="2" HOUSETYPE="2" OPERTYPEID="10" PREVID="0" NEXTID="0" UPDATEDATE="2024-09-05" STARTDATE="2024-09-05" ENDDATE="2079-06-06" ISACTUAL="1" ISACTIVE="1" /><HOUSE ID="126730621" OBJECTID="165086288" OBJECTGUID="78320989-5183-48ae-93a1-4f0c69e73b05" CHANGEID="600552950" HOUSENUM="7" HOUSETYPE="2" OPERTYPEID="10" PREVID="0" NEXTID="0" UPDATEDATE="2024-09-05" STARTDATE="2024-09-05" ENDDATE="2079-06-06" ISACTUAL="1" ISACTIVE="1" /><HOUSE ID="126730864" OBJECTID="165087034" OBJECTGUID="ba3ea5b4-1af3-4f5d-be2c-f44bf2a03efa" CHANGEID="600554196" HOUSENUM="3А/256" HOUSETYPE="7" OPERTYPEID="10" PREVID="0" NEXTID="0" UPDATEDATE="2024-09-05" STARTDATE="2024-09-05" ENDDATE="2079-06-06" ISACTUAL="1" ISACTIVE="1" /><HOUSE ID="126730910" OBJECTID="64891494" OBJECTGUID="ce76a158-c740-4b5b-aeea-8c4f6281b92e" CHANGEID="600554796" HOUSENUM="81" HOUSETYPE="2" OPERTYPEID="30" PREVID="66007972" NEXTID="0" UPDATEDATE="2024-09-05" STARTDATE="2024-09-05" ENDDATE="2079-06-06" ISACTUAL="1" ISACTIVE="0" /><HOUSE ID="66007972" OBJECTID="64891494" OBJECTGUID="ce76a158-c740-4b5b-aeea-8c4f6281b92e" CHANGEID="96802490" HOUSENUM="81" HOUSETYPE="2" OPERTYPEID="20" PREVID="39057452" NEXTID="126730910" UPDATEDATE="2024-09-05" STARTDATE="2019-06-14" ENDDATE="2024-09-05" ISACTUAL="0" ISACTIVE="0" /><HOUSE ID="126731952" OBJECTID="165092694" OBJECTGUID="3fe9d352-25fc-4fba-915f-c417edfaf7d5" CHANGEID="600564493" HOUSENUM="10а" HOUSETYPE="5" OPERTYPEID="10" PREVID="0" NEXTID="0" UPDATEDATE="2024-09-06" STARTDATE="2024-09-06" ENDDATE="2079-06-06" ISACTUAL="1" ISACTIVE="1" /><HOUSE ID="126731954" OBJECTID="165092751" OBJECTGUID="90b6de9c-b38b-4f64-ba14-0b2506c77722" CHANGEID="600564588" HOUSENUM="2/1" HOUSETYPE="2" OPERTYPEID="10" PREVID="0" NEXTID="0" UPDATEDATE="2024-09-06" STARTDATE="2024-09-06" ENDDATE="2079-06-06" ISACTUAL="1" ISACTIVE="1" /><HOUSE ID="43911678" OBJECTID="72749404" OBJECTGUID="4097cb93-1c5f-48eb-8f44-8568669e0fe1" CHANGEID="108329028" HOUSENUM="39а" HOUSETYPE="2" OPERTYPEID="10" PREVID="0" NEXTID="126732381" UPDATEDATE="2024-09-06" STARTDATE="2018-10-29" ENDDATE="2024-09-06" ISACTUAL="0" ISACTIVE="0" /><HOUSE ID="126732381" OBJECTID="72749404" OBJECTGUID="4097cb93-1c5f-48eb-8f44-8568669e0fe1" CHANGEID="600568780" HOUSENUM="115" HOUSETYPE="2" OPERTYPEID="20" PREVID="43911678" UPDATEDATE="2024-09-06" STARTDATE="2024-09-06" ENDDATE="2079-06-06" ISACTUAL="1" ISACTIVE="1" /><HOUSE ID="126733360" OBJECTID="51470453" OBJECTGUID="b296dcdb-3192-458a-9c5d-d651481aa9c4" CHANGEID="600574553" HOUSENUM="12" HOUSETYPE="2" OPERTYPEID="30" PREVID="30756111" NEXTID="0" UPDATEDATE="2024-09-06" STARTDATE="2024-09-06" ENDDATE="2079-06-06" ISACTUAL="1" ISACTIVE="0" /><HOUSE ID="30756111" OBJECTID="51470453" OBJECTGUID="b296dcdb-3192-458a-9c5d-d651481aa9c4" CHANGEID="77163892" HOUSENUM="12" HOUSETYPE="2" OPERTYPEID="10" PREVID="0" NEXTID="126733360" UPDATEDATE="2024-09-06" STARTDATE="2018-06-24" ENDDATE="2024-09-06" ISACTUAL="0" ISACTIVE="0" /><HOUSE ID="126733380" OBJECTID="165097574" OBJECTGUID="fd8442c1-7d3a-45ef-b2c4-f23af589dd9b" CHANGEID="600574660" HOUSENUM="33" HOUSETYPE="4" OPERTYPEID="10" PREVID="0" NEXTID="0" UPDATEDATE="2024-09-06" STARTDATE="2024-09-06" ENDDATE="2079-06-06" ISACTUAL="1" ISACTIVE="1" /><HOUSE ID="126733386" OBJECTID="165097662" OBJECTGUID="28430c7d-e92f-4441-9ac9-c14adf4e83e3" CHANGEID="600574769" HOUSENUM="123" HOUSETYPE="4" OPERTYPEID="10" PREVID="0" NEXTID="0" UPDATEDATE="2024-09-06" STARTDATE="2024-09-06" ENDDATE="2079-06-06" ISACTUAL="1" ISACTIVE="1" /><HOUSE ID="7232176" OBJECTID="13252792" OBJECTGUID="cca6053b-a69e-4586-9c02-e644cc589304" CHANGEID="21283668" HOUSENUM="1а" HOUSETYPE="2" OPERTYPEID="10" PREVID="0" NEXTID="126734377" UPDATEDATE="2024-09-06" STARTDATE="2015-10-10" ENDDATE="2024-09-06" ISACTUAL="0" ISACTIVE="0" /><HOUSE ID="126734377" OBJECTID="13252792" OBJECTGUID="cca6053b-a69e-4586-9c02-e644cc589304" CHANGEID="600580718" HOUSENUM="1а" HOUSETYPE="8" OPERTYPEID="20" PREVID="7232176" UPDATEDATE="2024-09-06" STARTDATE="2024-09-06" ENDDATE="2079-06-06" ISACTUAL="1" ISACTIVE="1" /><HOUSE ID="126734445" OBJECTID="165101496" OBJECTGUID="b203a449-ccb7-43e7-9b42-01932ab333e4" CHANGEID="600581525" HOUSENUM="3/1" HOUSETYPE="2" OPERTYPEID="10" PREVID="0" NEXTID="0" UPDATEDATE="2024-09-06" STARTDATE="2024-09-06" ENDDATE="2079-06-06" ISACTUAL="1" ISACTIVE="1" /><HOUSE ID="126734636" OBJECTID="165102406" OBJECTGUID="850eaddf-c500-4476-b132-333b26aae76c" CHANGEID="600583190" HOUSENUM="48" HOUSETYPE="7" OPERTYPEID="10" PREVID="0" NEXTID="0" UPDATEDATE="2024-09-06" STARTDATE="2024-09-06" ENDDATE="2079-06-06" ISACTUAL="1" ISACTIVE="1" /><HOUSE ID="126734842" OBJECTID="165103037" OBJECTGUID="46ba5724-3b86-40db-b72d-d67552b2b3d7" CHANGEID="600584521" HOUSENUM="20" HOUSETYPE="8" OPERTYPEID="10" PREVID="0" NEXTID="0" UPDATEDATE="2024-09-06" STARTDATE="2024-09-06" ENDDATE="2079-06-06" ISACTUAL="1" ISACTIVE="1" /><HOUSE ID="23861721" OBJECTID="39911510" OBJECTGUID="1a2d427b-c7b9-4122-be72-a453d2decd44" CHANGEID="60437590" HOUSENUM="11а" HOUSETYPE="2" OPERTYPEID="10" PREVID="0" NEXTID="126735306" UPDATEDATE="2024-09-06" STARTDATE="2015-10-31" ENDDATE="2024-09-06" ISACTUAL="0" ISACTIVE="0" /><HOUSE ID="126735306" OBJECTID="39911510" OBJECTGUID="1a2d427b-c7b9-4122-be72-a453d2decd44" CHANGEID="600586163" HOUSENUM="11а" HOUSETYPE="8" OPERTYPEID="20" PREVID="23861721" UPDATEDATE="2024-09-06" STARTDATE="2024-09-06" ENDDATE="2079-06-06" ISACTUAL="1" ISACTIVE="1" /><HOUSE ID="126735853" OBJECTID="46252490" OBJECTGUID="a975509f-1d40-496c-bdfa-7a553fe10c5e" CHANGEID="600588415" HOUSENUM="5" HOUSETYPE="2" OPERTYPEID="30" PREVID="27625576" NEXTID="0" UPDATEDATE="2024-09-06" STARTDATE="2024-09-06" ENDDATE="2079-06-06" ISACTUAL="1" ISACTIVE="0" /><HOUSE ID="27625576" OBJECTID="46252490" OBJECTGUID="a975509f-1d40-496c-bdfa-7a553fe10c5e" CHANGEID="69620855" HOUSENUM="5" HOUSETYPE="2" OPERTYPEID="10" PREVID="0" NEXTID="126735853" UPDATEDATE="2024-09-06" STARTDATE="2011-11-28" ENDDATE="2024-09-06" ISACTUAL="0" ISACTIVE="0" /><HOUSE ID="126736258" OBJECTID="165106694" OBJECTGUID="71cf1e11-f8ed-42cb-8808-4849381d9939" CHANGEID="600590850" HOUSENUM="197" HOUSETYPE="2" OPERTYPEID="10" PREVID="0" NEXTID="0" UPDATEDATE="2024-09-06" STARTDATE="2024-09-06" ENDDATE="2079-06-06" ISACTUAL="1" ISACTIVE="1" /><HOUSE ID="126737311" OBJECTID="40748778" OBJECTGUID="2073d54e-ebf0-44b0-a984-fb11aa7b1175" CHANGEID="600603323" HOUSENUM="7а" ADDNUM1="1" HOUSETYPE="5" ADDTYPE1="2" OPERTYPEID="20" PREVID="24355620" UPDATEDATE="2024-09-06" STARTDATE="2024-09-06" ENDDATE="2079-06-06" ISACTUAL="1" ISACTIVE="1" /><HOUSE ID="126737546" OBJECTID="165112502" OBJECTGUID="a978e0a2-7bf0-47cd-b167-e42851af44c6" CHANGEID="600652987" HOUSENUM="1" HOUSETYPE="2" OPERTYPEID="10" PREVID="0" NEXTID="0" UPDATEDATE="2024-09-06" STARTDATE="2024-09-06" ENDDATE="2079-06-06" ISACTUAL="1" ISACTIVE="1" /><HOUSE ID="126737600" OBJECTID="165112575" OBJECTGUID="ff1a348e-ae96-489c-8eb5-1887c0821a4e" CHANGEID="600658575" HOUSENUM="16" HOUSETYPE="4" OPERTYPEID="10" PREVID="0" NEXTID="0" UPDATEDATE="2024-09-06" STARTDATE="2024-09-06" ENDDATE="2079-06-06" ISACTUAL="1" ISACTIVE="1" /><HOUSE ID="126737605" OBJECTID="165112589" OBJECTGUID="1d38db58-8e20-4bf9-9217-f9c601ed4b50" CHANGEID="600660830" HOUSENUM="38" HOUSETYPE="2" OPERTYPEID="10" PREVID="0" NEXTID="0" UPDATEDATE="2024-09-06" STARTDATE="2024-09-06" ENDDATE="2079-06-06" ISACTUAL="1" ISACTIVE="1" /><HOUSE ID="126737606" OBJECTID="165112590" OBJECTGUID="0c74456d-561a-4531-8b5a-f76332424c9e" CHANGEID="600660843" HOUSENUM="39" HOUSETYPE="2" OPERTYPEID="10" PREVID="0" NEXTID="0" UPDATEDATE="2024-09-06" STARTDATE="2024-09-06" ENDDATE="2079-06-06" ISACTUAL="1" ISACTIVE="1" /><HOUSE ID="126737607" OBJECTID="165112591" OBJECTGUID="9020a6c6-b464-4bc4-b808-eb4ad9d0cb39" CHANGEID="600660856" HOUSENUM="66" HOUSETYPE="2" OPERTYPEID="10" PREVID="0" NEXTID="0" UPDATEDATE="2024-09-06" STARTDATE="2024-09-06" ENDDATE="2079-06-06" ISACTUAL="1" ISACTIVE="1" /><HOUSE ID="126737608" OBJECTID="165112592" OBJECTGUID="b21a414e-9f7d-479b-b3b6-6037a251058f" CHANGEID="600660865" HOUSENUM="76" HOUSETYPE="2" OPERTYPEID="10" PREVID="0" NEXTID="0" UPDATEDATE="2024-09-06" STARTDATE="2024-09-06" ENDDATE="2079-06-06" ISACTUAL="1" ISACTIVE="1" /><HOUSE ID="126737609" OBJECTID="165112593" OBJECTGUID="15c41ce8-b6b0-425a-b089-d16cb0aa0cc2" CHANGEID="600660878" HOUSENUM="84" HOUSETYPE="2" OPERTYPEID="10" PREVID="0" NEXTID="0" UPDATEDATE="2024-09-06" STARTDATE="2024-09-06" ENDDATE="2079-06-06" ISACTUAL="1" ISACTIVE="1" /><HOUSE ID="126737619" OBJECTID="65295254" OBJECTGUID="d1e17bdc-f55e-4d52-968e-ce10bc4032fb" CHANGEID="600674451" HOUSENUM="7" HOUSETYPE="2" OPERTYPEID="30" PREVID="66248576" NEXTID="0" UPDATEDATE="2024-09-06" STARTDATE="2024-09-06" ENDDATE="2079-06-06" ISACTUAL="1" ISACTIVE="0" /><HOUSE ID="66248576" OBJECTID="65295254" OBJECTGUID="d1e17bdc-f55e-4d52-968e-ce10bc4032fb" CHANGEID="97399784" HOUSENUM="7" HOUSETYPE="2" OPERTYPEID="20" PREVID="39307084" NEXTID="126737619" UPDATEDATE="2024-09-06" STARTDATE="2013-05-15" ENDDATE="2024-09-06" ISACTUAL="0" ISACTIVE="0" /><HOUSE ID="126737626" OBJECTID="165112708" OBJECTGUID="5dcb9d4f-3e79-4cdc-8c0c-92b4307814ef" CHANGEID="600678069" HOUSENUM="7/1" HOUSETYPE="2" OPERTYPEID="10" PREVID="0" NEXTID="0" UPDATEDATE="2024-09-06" STARTDATE="2024-09-06" ENDDATE="2079-06-06" ISACTUAL="1" ISACTIVE="1" /><HOUSE ID="126739324" OBJECTID="18741277" OBJECTGUID="f10afa7f-3ea8-4ae0-bd9a-a2f2370ce1f8" CHANGEID="600742424" HOUSENUM="50" ADDNUM1="8" HOUSETYPE="5" ADDTYPE1="2" OPERTYPEID="30" PREVID="70298084" NEXTID="0" UPDATEDATE="2024-09-09" STARTDATE="2024-09-09" ENDDATE="2079-06-06" ISACTUAL="1" ISACTIVE="0" /><HOUSE ID="70298084" OBJECTID="18741277" OBJECTGUID="f10afa7f-3ea8-4ae0-bd9a-a2f2370ce1f8" CHANGEID="168909521" HOUSENUM="50" ADDNUM1="8" HOUSETYPE="5" ADDTYPE1="2" OPERTYPEID="20" PREVID="10809726" NEXTID="126739324" UPDATEDATE="2024-09-09" STARTDATE="2021-01-21" ENDDATE="2024-09-09" ISACTUAL="0" ISACTIVE="0" /><HOUSE ID="126739325" OBJECTID="165119925" OBJECTGUID="402d0f36-02da-45e6-af18-b490ded6a4ef" CHANGEID="600742426" HOUSENUM="11" HOUSETYPE="2" OPERTYPEID="10" PREVID="0" NEXTID="0" UPDATEDATE="2024-09-09" STARTDATE="2024-09-09" ENDDATE="2079-06-06" ISACTUAL="1" ISACTIVE="1" /><HOUSE ID="126739318" OBJECTID="165119861" OBJECTGUID="0063b5ee-c393-4370-81a5-6ce3ff7c3e38" CHANGEID="600742356" HOUSENUM="14" HOUSETYPE="5" OPERTYPEID="10" PREVID="0" NEXTID="0" UPDATEDATE="2024-09-09" STARTDATE="2024-09-09" ENDDATE="2079-06-06" ISACTUAL="1" ISACTIVE="1" /><HOUSE ID="126739319" OBJECTID="165119891" OBJECTGUID="4351ae41-2e8b-4acb-8f0e-60a2c579e663" CHANGEID="600742387" HOUSENUM="609А" HOUSETYPE="5" OPERTYPEID="10" PREVID="0" NEXTID="0" UPDATEDATE="2024-09-09" STARTDATE="2024-09-09" ENDDATE="2079-06-06" ISACTUAL="1" ISACTIVE="1" /><HOUSE ID="126739320" OBJECTID="165119921" OBJECTGUID="232a2f01-f850-41d5-999a-759214ec2824" CHANGEID="600742420" HOUSENUM="56" ADDNUM1="53" HOUSETYPE="5" ADDTYPE1="3" OPERTYPEID="10" PREVID="0" NEXTID="0" UPDATEDATE="2024-09-09" STARTDATE="2024-09-09" ENDDATE="2079-06-06" ISACTUAL="1" ISACTIVE="1" /><HOUSE ID="126739323" OBJECTID="18743767" OBJECTGUID="ae275eea-11b9-4829-9748-b08029ab7090" CHANGEID="600742423" HOUSENUM="50" ADDNUM1="4" HOUSETYPE="5" ADDTYPE1="2" OPERTYPEID="30" PREVID="70298076" NEXTID="0" UPDATEDATE="2024-09-09" STARTDATE="2024-09-09" ENDDATE="2079-06-06" ISACTUAL="1" ISACTIVE="0" /><HOUSE ID="70298076" OBJECTID="18743767" OBJECTGUID="ae275eea-11b9-4829-9748-b08029ab7090" CHANGEID="168903958" HOUSENUM="50" ADDNUM1="4" HOUSETYPE="5" ADDTYPE1="2" OPERTYPEID="20" PREVID="10811304" NEXTID="126739323" UPDATEDATE="2024-09-09" STARTDATE="2021-01-21" ENDDATE="2024-09-09" ISACTUAL="0" ISACTIVE="0" /><HOUSE ID="126739524" OBJECTID="165120608" OBJECTGUID="308aa81d-92a9-4768-9578-efacbd644913" CHANGEID="600743789" HOUSENUM="17" HOUSETYPE="2" OPERTYPEID="10" PREVID="0" NEXTID="0" UPDATEDATE="2024-09-09" STARTDATE="2024-09-09" ENDDATE="2079-06-06" ISACTUAL="1" ISACTIVE="1" /><HOUSE ID="126739726" OBJECTID="18778583" OBJECTGUID="fd59b6ba-744d-4ffb-b158-8d564f1acadd" CHANGEID="600744295" HOUSENUM="52" HOUSETYPE="8" OPERTYPEID="20" PREVID="10831268" UPDATEDATE="2024-09-09" STARTDATE="2024-09-09" ENDDATE="2079-06-06" ISACTUAL="1" ISACTIVE="1" /><HOUSE ID="126739727" OBJECTID="165120803" OBJECTGUID="31051119-aa24-467c-9def-5051255ef9bf" CHANGEID="600744321" HOUSENUM="137" HOUSETYPE="2" OPERTYPEID="10" PREVID="0" NEXTID="0" UPDATEDATE="2024-09-09" STARTDATE="2024-09-09" ENDDATE="2079-06-06" ISACTUAL="1" ISACTIVE="1" /><HOUSE ID="126739728" OBJECTID="165120807" OBJECTGUID="3b92bc8d-2751-4056-acf2-24cc38805724" CHANGEID="600744325" HOUSENUM="53" HOUSETYPE="4" OPERTYPEID="10" PREVID="0" NEXTID="0" UPDATEDATE="2024-09-09" STARTDATE="2024-09-09" ENDDATE="2079-06-06" ISACTUAL="1" ISACTIVE="1" /><HOUSE ID="126739730" OBJECTID="165120875" OBJECTGUID="dbf4394d-d718-4712-adb5-65b36f0c1924" CHANGEID="600744418" HOUSENUM="49" HOUSETYPE="2" OPERTYPEID="10" PREVID="0" NEXTID="0" UPDATEDATE="2024-09-09" STARTDATE="2024-09-09" ENDDATE="2079-06-06" ISACTUAL="1" ISACTIVE="1" /><HOUSE ID="126740125" OBJECTID="96085695" OBJECTGUID="25806a31-e0b2-4112-be07-0021cfec36fe" CHANGEID="600746179" HOUSENUM="3/1" HOUSETYPE="7" OPERTYPEID="30" PREVID="69529828" NEXTID="0" UPDATEDATE="2024-09-09" STARTDATE="2024-09-09" ENDDATE="2079-06-06" ISACTUAL="1" ISACTIVE="0" /><HOUSE ID="126745757" OBJECTID="165143626" OBJECTGUID="9a0e680f-0564-4813-9b80-53f6903817da" CHANGEID="600780766" HOUSENUM="28" ADDNUM1="1" ADDNUM2="2" HOUSETYPE="2" ADDTYPE1="1" ADDTYPE2="2" OPERTYPEID="10" PREVID="0" NEXTID="0" UPDATEDATE="2024-09-09" STARTDATE="2024-09-09" ENDDATE="2079-06-06" ISACTUAL="1" ISACTIVE="1" /><HOUSE ID="126745769" OBJECTID="165143668" OBJECTGUID="db80e60d-676c-4a08-b053-375fcb2ea0d0" CHANGEID="600780829" HOUSENUM="24" HOUSETYPE="2" OPERTYPEID="10" PREVID="0" NEXTID="0" UPDATEDATE="2024-09-09" STARTDATE="2024-09-09" ENDDATE="2079-06-06" ISACTUAL="1" ISACTIVE="1" /><HOUSE ID="126745770" OBJECTID="165143669" OBJECTGUID="a87f4229-6312-460a-b5ad-b3c1d568770d" CHANGEID="600780830" HOUSENUM="36" HOUSETYPE="2" OPERTYPEID="10" PREVID="0" NEXTID="0" UPDATEDATE="2024-09-09" STARTDATE="2024-09-09" ENDDATE="2079-06-06" ISACTUAL="1" ISACTIVE="1" /><HOUSE ID="126745773" OBJECTID="165143686" OBJECTGUID="c391e4e8-6d9b-46a7-be8d-fa931c4247cd" CHANGEID="600780865" HOUSENUM="40" HOUSETYPE="2" OPERTYPEID="10" PREVID="0" NEXTID="0" UPDATEDATE="2024-09-09" STARTDATE="2024-09-09" ENDDATE="2079-06-06" ISACTUAL="1" ISACTIVE="1" /><HOUSE ID="126746213" OBJECTID="165145238" OBJECTGUID="b306dc4c-5fde-4786-9b90-26d481ae1af4" CHANGEID="600783287" HOUSENUM="179" HOUSETYPE="2" OPERTYPEID="10" PREVID="0" NEXTID="0" UPDATEDATE="2024-09-09" STARTDATE="2024-09-09" ENDDATE="2079-06-06" ISACTUAL="1" ISACTIVE="1" /><HOUSE ID="126746223" OBJECTID="165145285" OBJECTGUID="8de0b079-262b-46ab-a774-4122747be206" CHANGEID="600783357" HOUSENUM="8/1" HOUSETYPE="2" OPERTYPEID="10" PREVID="0" NEXTID="0" UPDATEDATE="2024-09-09" STARTDATE="2024-09-09" ENDDATE="2079-06-06" ISACTUAL="1" ISACTIVE="1" /><HOUSE ID="126746228" OBJECTID="165145303" OBJECTGUID="b36e3565-b7bd-4c70-b6fe-b23a9377299c" CHANGEID="600783404" HOUSENUM="8/2" HOUSETYPE="2" OPERTYPEID="10" PREVID="0" NEXTID="0" UPDATEDATE="2024-09-09" STARTDATE="2024-09-09" ENDDATE="2079-06-06" ISACTUAL="1" ISACTIVE="1" /><HOUSE ID="126746263" OBJECTID="28696323" OBJECTGUID="c9539119-4091-4367-9192-cb38fb51c5ab" CHANGEID="600783945" HOUSENUM="15" HOUSETYPE="2" OPERTYPEID="30" PREVID="65645553" NEXTID="0" UPDATEDATE="2024-09-09" STARTDATE="2024-09-09" ENDDATE="2079-06-06" ISACTUAL="1" ISACTIVE="0" /><HOUSE ID="126746264" OBJECTID="28687750" OBJECTGUID="d549a58e-5e7e-45ab-aeac-2cce17bece0b" CHANGEID="600783946" HOUSENUM="1" HOUSETYPE="2" OPERTYPEID="30" PREVID="66490392" NEXTID="0" UPDATEDATE="2024-09-09" STARTDATE="2024-09-09" ENDDATE="2079-06-06" ISACTUAL="1" ISACTIVE="0" /><HOUSE ID="126746273" OBJECTID="30841304" OBJECTGUID="576ec820-41fc-479c-8818-984e3d1e9e1d" CHANGEID="600784037" HOUSENUM="9" HOUSETYPE="2" OPERTYPEID="30" PREVID="57573988" NEXTID="0" UPDATEDATE="2024-09-09" STARTDATE="2024-09-09" ENDDATE="2079-06-06" ISACTUAL="1" ISACTIVE="0" /><HOUSE ID="57573988" OBJECTID="30841304" OBJECTGUID="576ec820-41fc-479c-8818-984e3d1e9e1d" CHANGEID="47203429" HOUSENUM="9" HOUSETYPE="2" OPERTYPEID="20" PREVID="18299705" NEXTID="126746273" UPDATEDATE="2024-09-09" STARTDATE="2014-06-04" ENDDATE="2024-09-09" ISACTUAL="0" ISACTIVE="0" /><HOUSE ID="126746274" OBJECTID="30840389" OBJECTGUID="adfb1e63-35cd-4c08-8b7d-6d9ecadfce04" CHANGEID="600784038" HOUSENUM="7" HOUSETYPE="2" OPERTYPEID="30" PREVID="63706531" NEXTID="0" UPDATEDATE="2024-09-09" STARTDATE="2024-09-09" ENDDATE="2079-06-06" ISACTUAL="1" ISACTIVE="0" /><HOUSE ID="63706531" OBJECTID="30840389" OBJECTGUID="adfb1e63-35cd-4c08-8b7d-6d9ecadfce04" CHANGEID="47202376" HOUSENUM="7" HOUSETYPE="2" OPERTYPEID="20" PREVID="18299260" NEXTID="126746274" UPDATEDATE="2024-09-09" STARTDATE="2014-06-04" ENDDATE="2024-09-09" ISACTUAL="0" ISACTIVE="0" /><HOUSE ID="126746393" OBJECTID="65932181" OBJECTGUID="6fdf99f1-6a5e-4dde-85e4-fef31a6977bd" CHANGEID="600784446" HOUSENUM="4" HOUSETYPE="2" OPERTYPEID="30" PREVID="59305762" NEXTID="0" UPDATEDATE="2024-09-09" STARTDATE="2024-09-09" ENDDATE="2079-06-06" ISACTUAL="1" ISACTIVE="0" /><HOUSE ID="126746398" OBJECTID="37527809" OBJECTGUID="40027b01-ef3f-4501-a974-9c0e80582779" CHANGEID="600784478" HOUSENUM="18" HOUSETYPE="2" OPERTYPEID="30" PREVID="55914612" NEXTID="0" UPDATEDATE="2024-09-09" STARTDATE="2024-09-09" ENDDATE="2079-06-06" ISACTUAL="1" ISACTIVE="0" /><HOUSE ID="126746405" OBJECTID="63824139" OBJECTGUID="798c1950-d146-4c0c-9265-b01494b926dc" CHANGEID="600784502" HOUSENUM="49" HOUSETYPE="2" OPERTYPEID="30" PREVID="59991365" NEXTID="0" UPDATEDATE="2024-09-09" STARTDATE="2024-09-09" ENDDATE="2079-06-06" ISACTUAL="1" ISACTIVE="0" /><HOUSE ID="126746406" OBJECTID="63822797" OBJECTGUID="9908d6fc-1964-4a37-8577-ad2b7b7aaa5e" CHANGEID="600784503" HOUSENUM="23" HOUSETYPE="2" OPERTYPEID="30" PREVID="62222802" NEXTID="0" UPDATEDATE="2024-09-09" STARTDATE="2024-09-09" ENDDATE="2079-06-06" ISACTUAL="1" ISACTIVE="0" /><HOUSE ID="126746407" OBJECTID="63810704" OBJECTGUID="1c2855ee-0066-4ad9-b52a-51a1b182c9f9" CHANGEID="600784504" HOUSENUM="15" HOUSETYPE="2" OPERTYPEID="30" PREVID="53375540" NEXTID="0" UPDATEDATE="2024-09-09" STARTDATE="2024-09-09" ENDDATE="2079-06-06" ISACTUAL="1" ISACTIVE="0" /><HOUSE ID="53375540" OBJECTID="63810704" OBJECTGUID="1c2855ee-0066-4ad9-b52a-51a1b182c9f9" CHANGEID="95212419" HOUSENUM="15" HOUSETYPE="2" OPERTYPEID="20" PREVID="38372937" NEXTID="126746407" UPDATEDATE="2024-09-09" STARTDATE="2014-06-04" ENDDATE="2024-09-09" ISACTUAL="0" ISACTIVE="0" /><HOUSE ID="126746390" OBJECTID="22786371" OBJECTGUID="529b5f08-ebcf-465a-8ac5-ecdfc733b78e" CHANGEID="600784424" HOUSENUM="13" HOUSETYPE="2" OPERTYPEID="30" PREVID="57231560" NEXTID="0" UPDATEDATE="2024-09-09" STARTDATE="2024-09-09" ENDDATE="2079-06-06" ISACTUAL="1" ISACTIVE="0" /><HOUSE ID="126746422" OBJECTID="43616971" OBJECTGUID="483fbcb6-ff42-4716-bf96-0e032c67e25d" CHANGEID="600784659" HOUSENUM="2" HOUSETYPE="2" OPERTYPEID="30" PREVID="56497396" NEXTID="0" UPDATEDATE="2024-09-09" STARTDATE="2024-09-09" ENDDATE="2079-06-06" ISACTUAL="1" ISACTIVE="0" /><HOUSE ID="56497396" OBJECTID="43616971" OBJECTGUID="483fbcb6-ff42-4716-bf96-0e032c67e25d" CHANGEID="65823727" HOUSENUM="2" HOUSETYPE="2" OPERTYPEID="20" PREVID="26069130" NEXTID="126746422" UPDATEDATE="2024-09-09" STARTDATE="2013-05-08" ENDDATE="2024-09-09" ISACTUAL="0" ISACTIVE="0" /><HOUSE ID="126746424" OBJECTID="43271845" OBJECTGUID="526aea38-60b3-4f56-ab67-a6462091d6ca" CHANGEID="600784683" HOUSENUM="27" HOUSETYPE="2" OPERTYPEID="30" PREVID="57219168" NEXTID="0" UPDATEDATE="2024-09-09" STARTDATE="2024-09-09" ENDDATE="2079-06-06" ISACTUAL="1" ISACTIVE="0" /><HOUSE ID="126746472" OBJECTID="58607832" OBJECTGUID="38638cf5-aeca-49a9-9f90-f6a7d5d60c31" CHANGEID="600784968" HOUSENUM="14а" HOUSETYPE="2" OPERTYPEID="30" PREVID="55375760" NEXTID="0" UPDATEDATE="2024-09-09" STARTDATE="2024-09-09" ENDDATE="2079-06-06" ISACTUAL="1" ISACTIVE="0" /><HOUSE ID="126746460" OBJECTID="81918539" OBJECTGUID="9137afc1-c61e-4749-beef-8c38664d16a6" CHANGEID="600784922" HOUSENUM="19" HOUSETYPE="2" OPERTYPEID="30" PREVID="61669141" NEXTID="0" UPDATEDATE="2024-09-09" STARTDATE="2024-09-09" ENDDATE="2079-06-06" ISACTUAL="1" ISACTIVE="0" /><HOUSE ID="126746465" OBJECTID="8506258" OBJECTGUID="84ce8b38-3cee-450b-a770-ca7b16dfecbc" CHANGEID="600784939" HOUSENUM="12" HOUSETYPE="2" OPERTYPEID="30" PREVID="60788487" NEXTID="0" UPDATEDATE="2024-09-09" STARTDATE="2024-09-09" ENDDATE="2079-06-06" ISACTUAL="1" ISACTIVE="0" /><HOUSE ID="60788487" OBJECTID="8506258" OBJECTGUID="84ce8b38-3cee-450b-a770-ca7b16dfecbc" CHANGEID="14351621" HOUSENUM="12" HOUSETYPE="2" OPERTYPEID="20" PREVID="4328547" NEXTID="126746465" UPDATEDATE="2024-09-09" STARTDATE="2013-05-08" ENDDATE="2024-09-09" ISACTUAL="0" ISACTIVE="0" /><HOUSE ID="126746468" OBJECTID="8496021" OBJECTGUID="d6570301-fbdf-44cd-89bd-0eb9c6ffcc5a" CHANGEID="600784954" HOUSENUM="16а" HOUSETYPE="2" OPERTYPEID="30" PREVID="66565055" NEXTID="0" UPDATEDATE="2024-09-09" STARTDATE="2024-09-09" ENDDATE="2079-06-06" ISACTUAL="1" ISACTIVE="0" /><HOUSE ID="126746470" OBJECTID="8507202" OBJECTGUID="6d5ca646-ab46-4a9c-ac1f-d4922ee05e4b" CHANGEID="600784962" HOUSENUM="26" HOUSETYPE="2" OPERTYPEID="30" PREVID="59127668" NEXTID="0" UPDATEDATE="2024-09-09" STARTDATE="2024-09-09" ENDDATE="2079-06-06" ISACTUAL="1" ISACTIVE="0" /><HOUSE ID="59127668" OBJECTID="8507202" OBJECTGUID="6d5ca646-ab46-4a9c-ac1f-d4922ee05e4b" CHANGEID="14352729" HOUSENUM="26" HOUSETYPE="2" OPERTYPEID="20" PREVID="4329180" NEXTID="126746470" UPDATEDATE="2024-09-09" STARTDATE="2013-05-08" ENDDATE="2024-09-09" ISACTUAL="0" ISACTIVE="0" /><HOUSE ID="126747948" OBJECTID="61113896" OBJECTGUID="059c68f8-81c8-45dc-97de-8e50911a6c6a" CHANGEID="600803846" HOUSENUM="21" HOUSETYPE="5" OPERTYPEID="30" PREVID="36671244" NEXTID="0" UPDATEDATE="2024-09-10" STARTDATE="2024-09-10" ENDDATE="2079-06-06" ISACTUAL="1" ISACTIVE="0" /><HOUSE ID="36671244" OBJECTID="61113896" OBJECTGUID="059c68f8-81c8-45dc-97de-8e50911a6c6a" CHANGEID="91266102" HOUSENUM="21" HOUSETYPE="5" OPERTYPEID="10" PREVID="0" NEXTID="126747948" UPDATEDATE="2024-09-10" STARTDATE="2017-07-20" ENDDATE="2024-09-10" ISACTUAL="0" ISACTIVE="0" /><HOUSE ID="126747949" OBJECTID="61110621" OBJECTGUID="4c3519cf-f0a3-4d27-b16f-f9e36574e999" CHANGEID="600803847" HOUSENUM="12" HOUSETYPE="2" OPERTYPEID="30" PREVID="56778631" NEXTID="0" UPDATEDATE="2024-09-10" STARTDATE="2024-09-10" ENDDATE="2079-06-06" ISACTUAL="1" ISACTIVE="0" /><HOUSE ID="56778631" OBJECTID="61110621" OBJECTGUID="4c3519cf-f0a3-4d27-b16f-f9e36574e999" CHANGEID="91260882" HOUSENUM="12" HOUSETYPE="2" OPERTYPEID="20" PREVID="36668682" NEXTID="126747949" UPDATEDATE="2024-09-10" STARTDATE="2015-11-12" ENDDATE="2024-09-10" ISACTUAL="0" ISACTIVE="0" /><HOUSE ID="126747950" OBJECTID="61101275" OBJECTGUID="95fead38-7bea-4b32-aae4-a0764b455777" CHANGEID="600803848" HOUSENUM="16" HOUSETYPE="2" OPERTYPEID="30" PREVID="62006942" NEXTID="0" UPDATEDATE="2024-09-10" STARTDATE="2024-09-10" ENDDATE="2079-06-06" ISACTUAL="1" ISACTIVE="0" /><HOUSE ID="126747951" OBJECTID="61097024" OBJECTGUID="3435e6c4-1a1f-4c83-b384-5ddb9a726eff" CHANGEID="600803849" HOUSENUM="8" HOUSETYPE="2" OPERTYPEID="30" PREVID="55079890" NEXTID="0" UPDATEDATE="2024-09-10" STARTDATE="2024-09-10" ENDDATE="2079-06-06" ISACTUAL="1" ISACTIVE="0" /><HOUSE ID="126748020" OBJECTID="61096030" OBJECTGUID="f57120d7-c53c-4ade-9f28-4068fa9f80c4" CHANGEID="600804907" HOUSENUM="23а" HOUSETYPE="2" OPERTYPEID="40" PREVID="68765443" UPDATEDATE="2024-09-10" STARTDATE="2024-09-10" ENDDATE="2079-06-06" ISACTUAL="1" ISACTIVE="1" /><HOUSE ID="68765443" OBJECTID="61096030" OBJECTGUID="f57120d7-c53c-4ade-9f28-4068fa9f80c4" CHANGEID="91239212" HOUSENUM="23а" HOUSETYPE="2" OPERTYPEID="20" PREVID="36658133" NEXTID="126748020" UPDATEDATE="2024-09-10" STARTDATE="2015-11-13" ENDDATE="2024-09-10" ISACTUAL="0" ISACTIVE="0" /><HOUSE ID="55889820" OBJECTID="61092963" OBJECTGUID="3fa51d42-b6cc-49e5-b8bb-09177d33cae4" CHANGEID="91234052" HOUSENUM="23б" HOUSETYPE="2" OPERTYPEID="20" PREVID="36656119" NEXTID="126748021" UPDATEDATE="2024-09-10" STARTDATE="2015-11-13" ENDDATE="2024-09-10" ISACTUAL="0" ISACTIVE="0" /><HOUSE ID="126748021" OBJECTID="61092963" OBJECTGUID="3fa51d42-b6cc-49e5-b8bb-09177d33cae4" CHANGEID="600804908" HOUSENUM="23б" HOUSETYPE="2" OPERTYPEID="42" PREVID="55889820" NEXTID="126748020" UPDATEDATE="2024-09-10" STARTDATE="2024-09-10" ENDDATE="2079-06-06" ISACTUAL="1" ISACTIVE="0" /><HOUSE ID="126748023" OBJECTID="61106296" OBJECTGUID="ba5d6392-e40b-4faa-b5e5-da93042bda13" CHANGEID="600805097" HOUSENUM="5" HOUSETYPE="2" OPERTYPEID="40" PREVID="64584035" UPDATEDATE="2024-09-10" STARTDATE="2024-09-10" ENDDATE="2079-06-06" ISACTUAL="1" ISACTIVE="1" /><HOUSE ID="64584035" OBJECTID="61106296" OBJECTGUID="ba5d6392-e40b-4faa-b5e5-da93042bda13" CHANGEID="91254176" HOUSENUM="5" HOUSETYPE="2" OPERTYPEID="20" PREVID="36665258" NEXTID="126748023" UPDATEDATE="2024-09-10" STARTDATE="2015-11-13" ENDDATE="2024-09-10" ISACTUAL="0" ISACTIVE="0" /><HOUSE ID="59890448" OBJECTID="61105245" OBJECTGUID="781d1ef6-17ba-41bf-bfa5-acc03ffe62ce" CHANGEID="91253084" HOUSENUM="5б" HOUSETYPE="2" OPERTYPEID="20" PREVID="36664684" NEXTID="126748024" UPDATEDATE="2024-09-10" STARTDATE="2015-11-13" ENDDATE="2024-09-10" ISACTUAL="0" ISACTIVE="0" /><HOUSE ID="126748024" OBJECTID="61105245" OBJECTGUID="781d1ef6-17ba-41bf-bfa5-acc03ffe62ce" CHANGEID="600805098" HOUSENUM="5б" HOUSETYPE="2" OPERTYPEID="42" PREVID="59890448" NEXTID="126748023" UPDATEDATE="2024-09-10" STARTDATE="2024-09-10" ENDDATE="2079-06-06" ISACTUAL="1" ISACTIVE="0" /><HOUSE ID="126748631" OBJECTID="165158361" OBJECTGUID="d96c4939-9631-4f47-8529-2e7c8bd9fdf9" CHANGEID="600808343" HOUSENUM="23" HOUSETYPE="7" OPERTYPEID="10" PREVID="0" NEXTID="0" UPDATEDATE="2024-09-10" STARTDATE="2024-09-10" ENDDATE="2079-06-06" ISACTUAL="1" ISACTIVE="1" /><HOUSE ID="126748941" OBJECTID="165159660" OBJECTGUID="454c3122-698d-43be-ac71-676964963456" CHANGEID="600810582" HOUSENUM="2а" HOUSETYPE="2" OPERTYPEID="10" PREVID="0" NEXTID="0" UPDATEDATE="2024-09-10" STARTDATE="2024-09-10" ENDDATE="2079-06-06" ISACTUAL="1" ISACTIVE="1" /><HOUSE ID="126749617" OBJECTID="165161761" OBJECTGUID="a2d0a4ba-8ece-46fd-9f99-f6f6ac2b9fdf" CHANGEID="600813807" HOUSENUM="71/3" HOUSETYPE="4" OPERTYPEID="10" PREVID="0" NEXTID="0" UPDATEDATE="2024-09-10" STARTDATE="2024-09-10" ENDDATE="2079-06-06" ISACTUAL="1" ISACTIVE="1" /><HOUSE ID="126750490" OBJECTID="165165667" OBJECTGUID="bbfc2695-cd2e-4673-a490-3044f9b17402" CHANGEID="600820508" HOUSENUM="22" HOUSETYPE="5" OPERTYPEID="10" PREVID="0" NEXTID="0" UPDATEDATE="2024-09-10" STARTDATE="2024-09-10" ENDDATE="2079-06-06" ISACTUAL="1" ISACTIVE="1" /><HOUSE ID="126750491" OBJECTID="165165668" OBJECTGUID="d3b2cc0b-71dc-4d04-b1e4-90f03e573bd0" CHANGEID="600820509" HOUSENUM="22" ADDNUM1="1" HOUSETYPE="5" ADDTYPE1="2" OPERTYPEID="10" PREVID="0" NEXTID="0" UPDATEDATE="2024-09-10" STARTDATE="2024-09-10" ENDDATE="2079-06-06" ISACTUAL="1" ISACTIVE="1" /><HOUSE ID="126751367" OBJECTID="165170193" OBJECTGUID="e740d702-ab14-4f1a-93da-0e0e616b4db4" CHANGEID="600826638" HOUSENUM="7а" HOUSETYPE="7" OPERTYPEID="10" PREVID="0" NEXTID="0" UPDATEDATE="2024-09-10" STARTDATE="2024-09-10" ENDDATE="2079-06-06" ISACTUAL="1" ISACTIVE="1" /><HOUSE ID="126752624" OBJECTID="165174557" OBJECTGUID="83569c0d-5f2e-4546-a3a9-ff10a500a948" CHANGEID="600833978" HOUSENUM="28/168" HOUSETYPE="7" OPERTYPEID="10" PREVID="0" NEXTID="0" UPDATEDATE="2024-09-10" STARTDATE="2024-09-10" ENDDATE="2079-06-06" ISACTUAL="1" ISACTIVE="1" /><HOUSE ID="126752647" OBJECTID="58302841" OBJECTGUID="474cc56f-04cd-46f6-a87d-8c188f70adf6" CHANGEID="600834245" HOUSENUM="7" HOUSETYPE="2" OPERTYPEID="30" PREVID="34915601" NEXTID="0" UPDATEDATE="2024-09-10" STARTDATE="2024-09-10" ENDDATE="2079-06-06" ISACTUAL="1" ISACTIVE="0" /><HOUSE ID="126753033" OBJECTID="165176585" OBJECTGUID="7faf1b07-3552-4243-914e-dbeb7fc5b018" CHANGEID="600836739" HOUSENUM="31/2" HOUSETYPE="2" OPERTYPEID="10" PREVID="0" NEXTID="0" UPDATEDATE="2024-09-10" STARTDATE="2024-09-10" ENDDATE="2079-06-06" ISACTUAL="1" ISACTIVE="1" /><HOUSE ID="126753298" OBJECTID="165178133" OBJECTGUID="2369f22d-5658-4ce2-99a7-7d65ab95b7b7" CHANGEID="600839038" HOUSENUM="12а" HOUSETYPE="2" OPERTYPEID="10" PREVID="0" NEXTID="0" UPDATEDATE="2024-09-10" STARTDATE="2024-09-10" ENDDATE="2079-06-06" ISACTUAL="1" ISACTIVE="1" /><HOUSE ID="126753588" OBJECTID="164942008" OBJECTGUID="7ab6f3f0-c425-4064-b7a9-ca9c9d0a9c10" CHANGEID="600840800" HOUSENUM="4/1а" HOUSETYPE="2" OPERTYPEID="50" PREVID="126695830" UPDATEDATE="2024-09-10" STARTDATE="2024-09-10" ENDDATE="2079-06-06" ISACTUAL="1" ISACTIVE="1" /><HOUSE ID="126753653" OBJECTID="102732862" OBJECTGUID="70d1c04b-0c8d-4d40-a261-ea084ceb9122" CHANGEID="600841342" HOUSENUM="1" HOUSETYPE="2" OPERTYPEID="30" PREVID="71822629" NEXTID="0" UPDATEDATE="2024-09-10" STARTDATE="2024-09-10" ENDDATE="2079-06-06" ISACTUAL="1" ISACTIVE="0" /><HOUSE ID="71822629" OBJECTID="102732862" OBJECTGUID="70d1c04b-0c8d-4d40-a261-ea084ceb9122" CHANGEID="219497476" HOUSENUM="1" HOUSETYPE="2" OPERTYPEID="10" PREVID="0" NEXTID="126753653" UPDATEDATE="2024-09-10" STARTDATE="2021-10-20" ENDDATE="2024-09-10" ISACTUAL="0" ISACTIVE="0" /><HOUSE ID="126753656" OBJECTID="58317511" OBJECTGUID="16232bbe-0182-4c8c-8a28-68610f3b44cf" CHANGEID="600841372" HOUSENUM="2" HOUSETYPE="2" OPERTYPEID="30" PREVID="52949406" NEXTID="0" UPDATEDATE="2024-09-10" STARTDATE="2024-09-10" ENDDATE="2079-06-06" ISACTUAL="1" ISACTIVE="0" /><HOUSE ID="52949406" OBJECTID="58317511" OBJECTGUID="16232bbe-0182-4c8c-8a28-68610f3b44cf" CHANGEID="87168513" HOUSENUM="2" HOUSETYPE="2" OPERTYPEID="20" PREVID="34926953" NEXTID="126753656" UPDATEDATE="2024-09-10" STARTDATE="2014-06-04" ENDDATE="2024-09-10" ISACTUAL="0" ISACTIVE="0" /><HOUSE ID="126754982" OBJECTID="165186085" OBJECTGUID="461975c1-089a-493a-8d51-971c2c8f03ad" CHANGEID="600877077" HOUSENUM="11" HOUSETYPE="8" OPERTYPEID="10" PREVID="0" NEXTID="0" UPDATEDATE="2024-09-11" STARTDATE="2024-09-11" ENDDATE="2079-06-06" ISACTUAL="1" ISACTIVE="1" /><HOUSE ID="24618595" OBJECTID="41196714" OBJECTGUID="25bed2bc-5ec0-406e-bce6-0e4171dc6b2f" CHANGEID="62310013" HOUSENUM="65/1" HOUSETYPE="2" OPERTYPEID="10" PREVID="0" NEXTID="126755043" UPDATEDATE="2024-09-11" STARTDATE="1900-01-01" ENDDATE="2024-09-11" ISACTUAL="0" ISACTIVE="0" /><HOUSE ID="126755043" OBJECTID="41196714" OBJECTGUID="25bed2bc-5ec0-406e-bce6-0e4171dc6b2f" CHANGEID="600878577" HOUSENUM="65/1" HOUSETYPE="5" OPERTYPEID="20" PREVID="24618595" UPDATEDATE="2024-09-11" STARTDATE="2024-09-11" ENDDATE="2079-06-06" ISACTUAL="1" ISACTIVE="1" /><HOUSE ID="126755408" OBJECTID="165188637" OBJECTGUID="9400a18a-0b2a-4d0a-979f-3ba1d2f27a2c" CHANGEID="600880664" HOUSENUM="358" HOUSETYPE="4" OPERTYPEID="10" PREVID="0" NEXTID="0" UPDATEDATE="2024-09-11" STARTDATE="2024-09-11" ENDDATE="2079-06-06" ISACTUAL="1" ISACTIVE="1" /><HOUSE ID="126755738" OBJECTID="50200592" OBJECTGUID="b3eaf03c-d393-402c-97bb-9a80afcd38f6" CHANGEID="600882904" HOUSENUM="30" HOUSETYPE="7" OPERTYPEID="30" PREVID="30031579" NEXTID="0" UPDATEDATE="2024-09-11" STARTDATE="2024-09-11" ENDDATE="2079-06-06" ISACTUAL="1" ISACTIVE="0" /><HOUSE ID="126756759" OBJECTID="50202592" OBJECTGUID="7a1716f1-6166-4e64-88a3-ff88bfa8eefa" CHANGEID="600890120" HOUSENUM="60" HOUSETYPE="2" OPERTYPEID="20" PREVID="30033394" UPDATEDATE="2024-09-11" STARTDATE="2024-09-11" ENDDATE="2079-06-06" ISACTUAL="1" ISACTIVE="1" /><HOUSE ID="126758015" OBJECTID="165202761" OBJECTGUID="ebb25994-6013-4b06-808a-934e7f70b081" CHANGEID="600900465" HOUSENUM="160" HOUSETYPE="2" OPERTYPEID="10" PREVID="0" NEXTID="0" UPDATEDATE="2024-09-11" STARTDATE="2024-09-11" ENDDATE="2079-06-06" ISACTUAL="1" ISACTIVE="1" /><HOUSE ID="126758016" OBJECTID="165202762" OBJECTGUID="581c2eaf-40f0-4c2d-a443-d93036b9e8f0" CHANGEID="600900466" HOUSENUM="18" HOUSETYPE="2" OPERTYPEID="10" PREVID="0" NEXTID="0" UPDATEDATE="2024-09-11" STARTDATE="2024-09-11" ENDDATE="2079-06-06" ISACTUAL="1" ISACTIVE="1" /><HOUSE ID="126758645" OBJECTID="165206175" OBJECTGUID="f06633cb-107b-4123-b43d-e97469d85b7d" CHANGEID="600905497" HOUSENUM="24" HOUSETYPE="2" OPERTYPEID="10" PREVID="0" NEXTID="0" UPDATEDATE="2024-09-11" STARTDATE="2024-09-11" ENDDATE="2079-06-06" ISACTUAL="1" ISACTIVE="1" /><HOUSE ID="126760862" OBJECTID="62505910" OBJECTGUID="ab45d7f5-6c30-4816-ba8a-b2084b7371b3" CHANGEID="600922303" HOUSENUM="109/2" HOUSETYPE="2" OPERTYPEID="30" PREVID="37565457" NEXTID="0" UPDATEDATE="2024-09-11" STARTDATE="2024-09-11" ENDDATE="2079-06-06" ISACTUAL="1" ISACTIVE="0" /><HOUSE ID="37565457" OBJECTID="62505910" OBJECTGUID="ab45d7f5-6c30-4816-ba8a-b2084b7371b3" CHANGEID="93313374" HOUSENUM="109/2" HOUSETYPE="2" OPERTYPEID="10" PREVID="0" NEXTID="126760862" UPDATEDATE="2024-09-11" STARTDATE="1900-01-01" ENDDATE="2024-09-11" ISACTUAL="0" ISACTIVE="0" /><HOUSE ID="126760867" OBJECTID="98709638" OBJECTGUID="528978e0-032c-4b15-bce5-b16d25a43114" CHANGEID="600922337" HOUSENUM="16" HOUSETYPE="2" OPERTYPEID="30" PREVID="70090137" NEXTID="0" UPDATEDATE="2024-09-11" STARTDATE="2024-09-11" ENDDATE="2079-06-06" ISACTUAL="1" ISACTIVE="0" /><HOUSE ID="70090137" OBJECTID="98709638" OBJECTGUID="528978e0-032c-4b15-bce5-b16d25a43114" CHANGEID="157516117" HOUSENUM="16" HOUSETYPE="2" OPERTYPEID="10" PREVID="0" NEXTID="126760867" UPDATEDATE="2024-09-11" STARTDATE="2020-10-14" ENDDATE="2024-09-11" ISACTUAL="0" ISACTIVE="0" /><HOUSE ID="126761005" OBJECTID="165216574" OBJECTGUID="723f29de-3888-43b1-b447-57487e3a93c9" CHANGEID="600923392" HOUSENUM="7а" HOUSETYPE="5" OPERTYPEID="10" PREVID="0" NEXTID="0" UPDATEDATE="2024-09-11" STARTDATE="2024-09-11" ENDDATE="2079-06-06" ISACTUAL="1" ISACTIVE="1" /><HOUSE ID="126761454" OBJECTID="165219190" OBJECTGUID="8831ff88-c849-497b-b14e-d4728d5b360d" CHANGEID="600928792" HOUSENUM="130" HOUSETYPE="4" OPERTYPEID="10" PREVID="0" NEXTID="0" UPDATEDATE="2024-09-11" STARTDATE="2024-09-11" ENDDATE="2079-06-06" ISACTUAL="1" ISACTIVE="1" /><HOUSE ID="126761475" OBJECTID="18750021" OBJECTGUID="b5ea9afd-0baa-423d-b180-5cbc467d981a" CHANGEID="600928885" HOUSENUM="54" HOUSETYPE="1" OPERTYPEID="30" PREVID="64268836" NEXTID="0" UPDATEDATE="2024-09-11" STARTDATE="2024-09-11" ENDDATE="2079-06-06" ISACTUAL="1" ISACTIVE="0" /></HOUSES>