﻿<?xml version="1.0" encoding="utf-8"?><STEADS><STEAD ID="68616774" OBJECTID="165065426" OBJECTGUID="14a46ac9-5639-472b-a429-36a4af267a8f" CHANGEID="600520049" NUMBER="15" OPERTYPEID="10" PREVID="0" NEXTID="0" UPDATEDATE="2024-09-05" STARTDATE="2024-09-05" ENDDATE="2079-06-06" ISACTUAL="1" ISACTIVE="1" /><STEAD ID="68618325" OBJECTID="165068588" OBJECTGUID="729a25ec-e1ca-49ab-8d34-8a5dbbb0c90c" CHANGEID="600524893" NUMBER="1" OPERTYPEID="10" PREVID="0" NEXTID="0" UPDATEDATE="2024-09-05" STARTDATE="2024-09-05" ENDDATE="2079-06-06" ISACTUAL="1" ISACTIVE="1" /><STEAD ID="68618376" OBJECTID="165068646" OBJECTGUID="2712a2e8-5d9d-4fea-af9f-38fc97392d7c" CHANGEID="600524979" NUMBER="2" OPERTYPEID="10" PREVID="0" NEXTID="0" UPDATEDATE="2024-09-05" STARTDATE="2024-09-05" ENDDATE="2079-06-06" ISACTUAL="1" ISACTIVE="1" /><STEAD ID="68618380" OBJECTID="165068652" OBJECTGUID="f95aad4d-4248-45e0-8634-417407cf9d17" CHANGEID="600525002" NUMBER="3" OPERTYPEID="10" PREVID="0" NEXTID="0" UPDATEDATE="2024-09-05" STARTDATE="2024-09-05" ENDDATE="2079-06-06" ISACTUAL="1" ISACTIVE="1" /><STEAD ID="68618396" OBJECTID="165068673" OBJECTGUID="ffa8fbc3-1b1e-41b8-a669-1ade2a4b8fa9" CHANGEID="600525034" NUMBER="4" OPERTYPEID="10" PREVID="0" NEXTID="0" UPDATEDATE="2024-09-05" STARTDATE="2024-09-05" ENDDATE="2079-06-06" ISACTUAL="1" ISACTIVE="1" /><STEAD ID="68618764" OBJECTID="165069422" OBJECTGUID="80e79813-6893-412c-9e62-5375de13def2" CHANGEID="600526212" NUMBER="5" OPERTYPEID="10" PREVID="0" NEXTID="0" UPDATEDATE="2024-09-05" STARTDATE="2024-09-05" ENDDATE="2079-06-06" ISACTUAL="1" ISACTIVE="1" /><STEAD ID="68618768" OBJECTID="165069431" OBJECTGUID="51eae210-61ae-4800-965a-b2a99b48a83f" CHANGEID="600526228" NUMBER="6" OPERTYPEID="10" PREVID="0" NEXTID="0" UPDATEDATE="2024-09-05" STARTDATE="2024-09-05" ENDDATE="2079-06-06" ISACTUAL="1" ISACTIVE="1" /><STEAD ID="68618798" OBJECTID="165069466" OBJECTGUID="56bc6bfb-1c40-48a3-8164-45d7159e0309" CHANGEID="600526282" NUMBER="7" OPERTYPEID="10" PREVID="0" NEXTID="0" UPDATEDATE="2024-09-05" STARTDATE="2024-09-05" ENDDATE="2079-06-06" ISACTUAL="1" ISACTIVE="1" /><STEAD ID="68618818" OBJECTID="165069488" OBJECTGUID="39392088-7b68-441d-8c93-2380e9096873" CHANGEID="600526312" NUMBER="8" OPERTYPEID="10" PREVID="0" NEXTID="0" UPDATEDATE="2024-09-05" STARTDATE="2024-09-05" ENDDATE="2079-06-06" ISACTUAL="1" ISACTIVE="1" /><STEAD ID="68618863" OBJECTID="165069571" OBJECTGUID="5c240c00-75c6-4e3e-8ef2-773517f9bf8c" CHANGEID="600526498" NUMBER="13" OPERTYPEID="10" PREVID="0" NEXTID="0" UPDATEDATE="2024-09-05" STARTDATE="2024-09-05" ENDDATE="2079-06-06" ISACTUAL="1" ISACTIVE="1" /><STEAD ID="68618886" OBJECTID="165069598" OBJECTGUID="a6006011-7b33-4a16-9603-88ebc74b521d" CHANGEID="600526551" NUMBER="15" OPERTYPEID="10" PREVID="0" NEXTID="0" UPDATEDATE="2024-09-05" STARTDATE="2024-09-05" ENDDATE="2079-06-06" ISACTUAL="1" ISACTIVE="1" /><STEAD ID="68618897" OBJECTID="165069612" OBJECTGUID="63aa0fcc-d057-42a0-b5ce-aff59ba0d926" CHANGEID="600526570" NUMBER="16" OPERTYPEID="10" PREVID="0" NEXTID="0" UPDATEDATE="2024-09-05" STARTDATE="2024-09-05" ENDDATE="2079-06-06" ISACTUAL="1" ISACTIVE="1" /><STEAD ID="68618822" OBJECTID="165069494" OBJECTGUID="c928ca08-ad08-4dbc-a5d3-fbd6f87b8cd1" CHANGEID="600526337" NUMBER="9" OPERTYPEID="10" PREVID="0" NEXTID="0" UPDATEDATE="2024-09-05" STARTDATE="2024-09-05" ENDDATE="2079-06-06" ISACTUAL="1" ISACTIVE="1" /><STEAD ID="68618840" OBJECTID="165069542" OBJECTGUID="05f9506d-769d-4a73-a137-037937fb63ed" CHANGEID="600526398" NUMBER="10" OPERTYPEID="10" PREVID="0" NEXTID="0" UPDATEDATE="2024-09-05" STARTDATE="2024-09-05" ENDDATE="2079-06-06" ISACTUAL="1" ISACTIVE="1" /><STEAD ID="68618859" OBJECTID="165069565" OBJECTGUID="b6c15455-e1fa-4f8f-b5d3-37f53bba3d0f" CHANGEID="600526454" NUMBER="11" OPERTYPEID="10" PREVID="0" NEXTID="0" UPDATEDATE="2024-09-05" STARTDATE="2024-09-05" ENDDATE="2079-06-06" ISACTUAL="1" ISACTIVE="1" /><STEAD ID="68618904" OBJECTID="165069623" OBJECTGUID="9c2b3688-0804-4b35-b00c-9765570c07e5" CHANGEID="600526600" NUMBER="17" OPERTYPEID="10" PREVID="0" NEXTID="0" UPDATEDATE="2024-09-05" STARTDATE="2024-09-05" ENDDATE="2079-06-06" ISACTUAL="1" ISACTIVE="1" /><STEAD ID="68618915" OBJECTID="165069638" OBJECTGUID="8a9c0036-e782-4f51-aa65-e725c04cdc70" CHANGEID="600526622" NUMBER="18" OPERTYPEID="10" PREVID="0" NEXTID="0" UPDATEDATE="2024-09-05" STARTDATE="2024-09-05" ENDDATE="2079-06-06" ISACTUAL="1" ISACTIVE="1" /><STEAD ID="68618921" OBJECTID="165069646" OBJECTGUID="d153c959-8dbc-48eb-b557-98f07a28a936" CHANGEID="600526634" NUMBER="19" OPERTYPEID="10" PREVID="0" NEXTID="0" UPDATEDATE="2024-09-05" STARTDATE="2024-09-05" ENDDATE="2079-06-06" ISACTUAL="1" ISACTIVE="1" /><STEAD ID="68618951" OBJECTID="165069689" OBJECTGUID="4e73488f-cfdf-482c-be39-fbd48b3c465a" CHANGEID="600526695" NUMBER="21" OPERTYPEID="10" PREVID="0" NEXTID="0" UPDATEDATE="2024-09-05" STARTDATE="2024-09-05" ENDDATE="2079-06-06" ISACTUAL="1" ISACTIVE="1" /><STEAD ID="68618964" OBJECTID="165069710" OBJECTGUID="93682964-ed8c-45db-a85a-0411c2373b8d" CHANGEID="600526737" NUMBER="22" OPERTYPEID="10" PREVID="0" NEXTID="0" UPDATEDATE="2024-09-05" STARTDATE="2024-09-05" ENDDATE="2079-06-06" ISACTUAL="1" ISACTIVE="1" /><STEAD ID="68618973" OBJECTID="165069722" OBJECTGUID="c27aaa33-8125-411b-909d-d0b268bb25e8" CHANGEID="600526773" NUMBER="23" OPERTYPEID="10" PREVID="0" NEXTID="0" UPDATEDATE="2024-09-05" STARTDATE="2024-09-05" ENDDATE="2079-06-06" ISACTUAL="1" ISACTIVE="1" /><STEAD ID="68618982" OBJECTID="165069776" OBJECTGUID="f7b28108-4010-4acb-9fb0-ff7a6da41759" CHANGEID="600526848" NUMBER="24" OPERTYPEID="10" PREVID="0" NEXTID="0" UPDATEDATE="2024-09-05" STARTDATE="2024-09-05" ENDDATE="2079-06-06" ISACTUAL="1" ISACTIVE="1" /><STEAD ID="68618944" OBJECTID="165069681" OBJECTGUID="b00bce32-cb51-45af-a6b0-78c6470a4650" CHANGEID="600526680" NUMBER="20" OPERTYPEID="10" PREVID="0" NEXTID="0" UPDATEDATE="2024-09-05" STARTDATE="2024-09-05" ENDDATE="2079-06-06" ISACTUAL="1" ISACTIVE="1" /><STEAD ID="68618999" OBJECTID="165069797" OBJECTGUID="9f3c54fd-2d4c-4757-863c-e78dd79f1c5e" CHANGEID="600526878" NUMBER="25" OPERTYPEID="10" PREVID="0" NEXTID="0" UPDATEDATE="2024-09-05" STARTDATE="2024-09-05" ENDDATE="2079-06-06" ISACTUAL="1" ISACTIVE="1" /><STEAD ID="68619142" OBJECTID="165070098" OBJECTGUID="4b6b06cb-7a4a-4035-98f4-6467b5b50918" CHANGEID="600527326" NUMBER="26" OPERTYPEID="10" PREVID="0" NEXTID="0" UPDATEDATE="2024-09-05" STARTDATE="2024-09-05" ENDDATE="2079-06-06" ISACTUAL="1" ISACTIVE="1" /><STEAD ID="68619161" OBJECTID="165070120" OBJECTGUID="8d22ac45-cda2-4375-b86c-dff1253c233d" CHANGEID="600527361" NUMBER="27" OPERTYPEID="10" PREVID="0" NEXTID="0" UPDATEDATE="2024-09-05" STARTDATE="2024-09-05" ENDDATE="2079-06-06" ISACTUAL="1" ISACTIVE="1" /><STEAD ID="68619196" OBJECTID="165070159" OBJECTGUID="82e264c7-46b9-449e-8684-bf140c3755c4" CHANGEID="600527449" NUMBER="29" OPERTYPEID="10" PREVID="0" NEXTID="0" UPDATEDATE="2024-09-05" STARTDATE="2024-09-05" ENDDATE="2079-06-06" ISACTUAL="1" ISACTIVE="1" /><STEAD ID="68619253" OBJECTID="165070224" OBJECTGUID="aeb864b6-3746-4e68-a24e-e7df89ba8c5f" CHANGEID="600527560" NUMBER="32" OPERTYPEID="10" PREVID="0" NEXTID="0" UPDATEDATE="2024-09-05" STARTDATE="2024-09-05" ENDDATE="2079-06-06" ISACTUAL="1" ISACTIVE="1" /><STEAD ID="68619276" OBJECTID="165070249" OBJECTGUID="f07e3f06-9931-4f0a-b852-f93217c22ef1" CHANGEID="600527600" NUMBER="35" OPERTYPEID="10" PREVID="0" NEXTID="0" UPDATEDATE="2024-09-05" STARTDATE="2024-09-05" ENDDATE="2079-06-06" ISACTUAL="1" ISACTIVE="1" /><STEAD ID="68619182" OBJECTID="165070142" OBJECTGUID="7f256bb5-20a5-4545-b478-e5f9f8d8956f" CHANGEID="600527404" NUMBER="28" OPERTYPEID="10" PREVID="0" NEXTID="0" UPDATEDATE="2024-09-05" STARTDATE="2024-09-05" ENDDATE="2079-06-06" ISACTUAL="1" ISACTIVE="1" /><STEAD ID="68619212" OBJECTID="165070176" OBJECTGUID="9d3b0f2e-a3c8-4da4-8cfa-82fa213faa17" CHANGEID="600527481" NUMBER="30" OPERTYPEID="10" PREVID="0" NEXTID="0" UPDATEDATE="2024-09-05" STARTDATE="2024-09-05" ENDDATE="2079-06-06" ISACTUAL="1" ISACTIVE="1" /><STEAD ID="68619241" OBJECTID="165070212" OBJECTGUID="75bf9793-301e-4689-8c82-189e7acf5a21" CHANGEID="600527541" NUMBER="31" OPERTYPEID="10" PREVID="0" NEXTID="0" UPDATEDATE="2024-09-05" STARTDATE="2024-09-05" ENDDATE="2079-06-06" ISACTUAL="1" ISACTIVE="1" /><STEAD ID="68619266" OBJECTID="165070237" OBJECTGUID="36b668f8-d8f0-433a-8e9b-dbe8fcef25c4" CHANGEID="600527584" NUMBER="34" OPERTYPEID="10" PREVID="0" NEXTID="0" UPDATEDATE="2024-09-05" STARTDATE="2024-09-05" ENDDATE="2079-06-06" ISACTUAL="1" ISACTIVE="1" /><STEAD ID="68619308" OBJECTID="165070290" OBJECTGUID="fcc191f4-22b2-4b66-9e5d-2b51cb5421a9" CHANGEID="600527682" NUMBER="38" OPERTYPEID="10" PREVID="0" NEXTID="0" UPDATEDATE="2024-09-05" STARTDATE="2024-09-05" ENDDATE="2079-06-06" ISACTUAL="1" ISACTIVE="1" /><STEAD ID="68619292" OBJECTID="165070267" OBJECTGUID="3ca60bd8-2625-4896-bb1f-92dbfe28af80" CHANGEID="600527625" NUMBER="36" OPERTYPEID="10" PREVID="0" NEXTID="0" UPDATEDATE="2024-09-05" STARTDATE="2024-09-05" ENDDATE="2079-06-06" ISACTUAL="1" ISACTIVE="1" /><STEAD ID="68619302" OBJECTID="165070281" OBJECTGUID="a9fca078-ad94-4fab-9c9e-9e208d135c43" CHANGEID="600527667" NUMBER="37" OPERTYPEID="10" PREVID="0" NEXTID="0" UPDATEDATE="2024-09-05" STARTDATE="2024-09-05" ENDDATE="2079-06-06" ISACTUAL="1" ISACTIVE="1" /><STEAD ID="68619347" OBJECTID="165070331" OBJECTGUID="46d0b156-4837-4fb9-9822-3853b8f8bec1" CHANGEID="600527729" NUMBER="39" OPERTYPEID="10" PREVID="0" NEXTID="0" UPDATEDATE="2024-09-05" STARTDATE="2024-09-05" ENDDATE="2079-06-06" ISACTUAL="1" ISACTIVE="1" /><STEAD ID="68619375" OBJECTID="165070362" OBJECTGUID="5d4d02d3-834a-45a4-bf06-90919eb791f3" CHANGEID="600527790" NUMBER="40" OPERTYPEID="10" PREVID="0" NEXTID="0" UPDATEDATE="2024-09-05" STARTDATE="2024-09-05" ENDDATE="2079-06-06" ISACTUAL="1" ISACTIVE="1" /><STEAD ID="68619378" OBJECTID="165070366" OBJECTGUID="f901dfa0-9a0a-43d3-95c2-c398f9d8ffe9" CHANGEID="600527798" NUMBER="41" OPERTYPEID="10" PREVID="0" NEXTID="0" UPDATEDATE="2024-09-05" STARTDATE="2024-09-05" ENDDATE="2079-06-06" ISACTUAL="1" ISACTIVE="1" /><STEAD ID="68619388" OBJECTID="165070379" OBJECTGUID="84582fd3-3638-4399-a4e3-0f2f2fb1b85b" CHANGEID="600527820" NUMBER="42" OPERTYPEID="10" PREVID="0" NEXTID="0" UPDATEDATE="2024-09-05" STARTDATE="2024-09-05" ENDDATE="2079-06-06" ISACTUAL="1" ISACTIVE="1" /><STEAD ID="68619404" OBJECTID="165070395" OBJECTGUID="f0549846-8544-4de5-92c3-97fda0477b27" CHANGEID="600527841" NUMBER="44" OPERTYPEID="10" PREVID="0" NEXTID="0" UPDATEDATE="2024-09-05" STARTDATE="2024-09-05" ENDDATE="2079-06-06" ISACTUAL="1" ISACTIVE="1" /><STEAD ID="68619419" OBJECTID="165070414" OBJECTGUID="cf0e05b6-1824-491f-b10d-fd14d6c8ff2d" CHANGEID="600527864" NUMBER="46" OPERTYPEID="10" PREVID="0" NEXTID="0" UPDATEDATE="2024-09-05" STARTDATE="2024-09-05" ENDDATE="2079-06-06" ISACTUAL="1" ISACTIVE="1" /><STEAD ID="68619455" OBJECTID="165070480" OBJECTGUID="812fb92d-c389-4ef9-a71e-389f97568ca5" CHANGEID="600527972" NUMBER="50" OPERTYPEID="10" PREVID="0" NEXTID="0" UPDATEDATE="2024-09-05" STARTDATE="2024-09-05" ENDDATE="2079-06-06" ISACTUAL="1" ISACTIVE="1" /><STEAD ID="68619495" OBJECTID="165070526" OBJECTGUID="10356c41-ca33-4816-8d0e-c4c45973f673" CHANGEID="600528047" NUMBER="52" OPERTYPEID="10" PREVID="0" NEXTID="0" UPDATEDATE="2024-09-05" STARTDATE="2024-09-05" ENDDATE="2079-06-06" ISACTUAL="1" ISACTIVE="1" /><STEAD ID="68619512" OBJECTID="165070596" OBJECTGUID="497899e1-f38a-4145-b593-bca6b439e2dd" CHANGEID="600528125" NUMBER="54" OPERTYPEID="10" PREVID="0" NEXTID="0" UPDATEDATE="2024-09-05" STARTDATE="2024-09-05" ENDDATE="2079-06-06" ISACTUAL="1" ISACTIVE="1" /><STEAD ID="68619527" OBJECTID="165070718" OBJECTGUID="3f5c6e92-a866-4179-a8a1-334e1395af3c" CHANGEID="600528263" NUMBER="56" OPERTYPEID="10" PREVID="0" NEXTID="0" UPDATEDATE="2024-09-05" STARTDATE="2024-09-05" ENDDATE="2079-06-06" ISACTUAL="1" ISACTIVE="1" /><STEAD ID="68619534" OBJECTID="165070730" OBJECTGUID="f2fdccd8-a777-4d8d-8d81-5560f25a6a47" CHANGEID="600528294" NUMBER="58" OPERTYPEID="10" PREVID="0" NEXTID="0" UPDATEDATE="2024-09-05" STARTDATE="2024-09-05" ENDDATE="2079-06-06" ISACTUAL="1" ISACTIVE="1" /><STEAD ID="68619560" OBJECTID="165070767" OBJECTGUID="f14c86a2-2f8e-43d0-9274-62cfc5ef242e" CHANGEID="600528349" NUMBER="60" OPERTYPEID="10" PREVID="0" NEXTID="0" UPDATEDATE="2024-09-05" STARTDATE="2024-09-05" ENDDATE="2079-06-06" ISACTUAL="1" ISACTIVE="1" /><STEAD ID="68619573" OBJECTID="165070787" OBJECTGUID="8ac84b5c-61cc-4cfd-953b-c2c0c6cc83f1" CHANGEID="600528375" NUMBER="62" OPERTYPEID="10" PREVID="0" NEXTID="0" UPDATEDATE="2024-09-05" STARTDATE="2024-09-05" ENDDATE="2079-06-06" ISACTUAL="1" ISACTIVE="1" /><STEAD ID="68619601" OBJECTID="165070825" OBJECTGUID="d394fbe4-2218-48a0-8298-1dc9f87cd8fb" CHANGEID="600528431" NUMBER="72" OPERTYPEID="10" PREVID="0" NEXTID="0" UPDATEDATE="2024-09-05" STARTDATE="2024-09-05" ENDDATE="2079-06-06" ISACTUAL="1" ISACTIVE="1" /><STEAD ID="68619611" OBJECTID="165070842" OBJECTGUID="47bf0621-72d9-44f9-99de-7060154a56b3" CHANGEID="600528459" NUMBER="74" OPERTYPEID="10" PREVID="0" NEXTID="0" UPDATEDATE="2024-09-05" STARTDATE="2024-09-05" ENDDATE="2079-06-06" ISACTUAL="1" ISACTIVE="1" /><STEAD ID="68619616" OBJECTID="165070848" OBJECTGUID="b3a3851e-1708-4048-9cd5-5d13b5944de8" CHANGEID="600528467" NUMBER="76" OPERTYPEID="10" PREVID="0" NEXTID="0" UPDATEDATE="2024-09-05" STARTDATE="2024-09-05" ENDDATE="2079-06-06" ISACTUAL="1" ISACTIVE="1" /><STEAD ID="68619623" OBJECTID="165070860" OBJECTGUID="9c1b20fd-eebf-4dba-9905-8b292819d183" CHANGEID="600528488" NUMBER="78" OPERTYPEID="10" PREVID="0" NEXTID="0" UPDATEDATE="2024-09-05" STARTDATE="2024-09-05" ENDDATE="2079-06-06" ISACTUAL="1" ISACTIVE="1" /><STEAD ID="68621006" OBJECTID="165074347" OBJECTGUID="585d2652-d82c-4b39-a534-3f54f0289db2" CHANGEID="600533528" NUMBER="1" OPERTYPEID="10" PREVID="0" NEXTID="0" UPDATEDATE="2024-09-05" STARTDATE="2024-09-05" ENDDATE="2079-06-06" ISACTUAL="1" ISACTIVE="1" /><STEAD ID="68621302" OBJECTID="165075156" OBJECTGUID="ed2a1ecd-1229-4567-9fef-c5a1e883054b" CHANGEID="600535305" NUMBER="2б" OPERTYPEID="10" PREVID="0" NEXTID="0" UPDATEDATE="2024-09-05" STARTDATE="2024-09-05" ENDDATE="2079-06-06" ISACTUAL="1" ISACTIVE="1" /><STEAD ID="68621369" OBJECTID="165075239" OBJECTGUID="f1a8f9a8-81fc-4870-ac81-38dd15dfa752" CHANGEID="600535499" NUMBER="2" OPERTYPEID="10" PREVID="0" NEXTID="0" UPDATEDATE="2024-09-05" STARTDATE="2024-09-05" ENDDATE="2079-06-06" ISACTUAL="1" ISACTIVE="1" /><STEAD ID="68621376" OBJECTID="165075247" OBJECTGUID="f1f527a7-6439-45be-97cd-4bb648179c51" CHANGEID="600535517" NUMBER="4" OPERTYPEID="10" PREVID="0" NEXTID="0" UPDATEDATE="2024-09-05" STARTDATE="2024-09-05" ENDDATE="2079-06-06" ISACTUAL="1" ISACTIVE="1" /><STEAD ID="68621465" OBJECTID="165075343" OBJECTGUID="9f1b84f0-93aa-4f78-b598-f51167dc28cf" CHANGEID="600535623" NUMBER="6" OPERTYPEID="10" PREVID="0" NEXTID="0" UPDATEDATE="2024-09-05" STARTDATE="2024-09-05" ENDDATE="2079-06-06" ISACTUAL="1" ISACTIVE="1" /><STEAD ID="68621526" OBJECTID="165075584" OBJECTGUID="34c0faec-d49e-4d5e-8122-ebb5f9e9b016" CHANGEID="600535964" NUMBER="12" OPERTYPEID="10" PREVID="0" NEXTID="0" UPDATEDATE="2024-09-05" STARTDATE="2024-09-05" ENDDATE="2079-06-06" ISACTUAL="1" ISACTIVE="1" /><STEAD ID="68621532" OBJECTID="165075594" OBJECTGUID="992382c9-55f7-4cdf-bec5-024a95c5e29a" CHANGEID="600535985" NUMBER="13" OPERTYPEID="10" PREVID="0" NEXTID="0" UPDATEDATE="2024-09-05" STARTDATE="2024-09-05" ENDDATE="2079-06-06" ISACTUAL="1" ISACTIVE="1" /><STEAD ID="68621539" OBJECTID="165075607" OBJECTGUID="fc1db19c-675b-49bd-8fdd-000092c08bd9" CHANGEID="600536003" NUMBER="14" OPERTYPEID="10" PREVID="0" NEXTID="0" UPDATEDATE="2024-09-05" STARTDATE="2024-09-05" ENDDATE="2079-06-06" ISACTUAL="1" ISACTIVE="1" /><STEAD ID="68621452" OBJECTID="165075327" OBJECTGUID="c19c39de-28ba-4c4d-94bb-e85e7a8cd39b" CHANGEID="600535603" NUMBER="5" OPERTYPEID="10" PREVID="0" NEXTID="0" UPDATEDATE="2024-09-05" STARTDATE="2024-09-05" ENDDATE="2079-06-06" ISACTUAL="1" ISACTIVE="1" /><STEAD ID="68621479" OBJECTID="165075468" OBJECTGUID="a7348b4d-4467-41f3-ad13-fb7318d42749" CHANGEID="600535787" NUMBER="7" OPERTYPEID="10" PREVID="0" NEXTID="0" UPDATEDATE="2024-09-05" STARTDATE="2024-09-05" ENDDATE="2079-06-06" ISACTUAL="1" ISACTIVE="1" /><STEAD ID="68621487" OBJECTID="165075535" OBJECTGUID="61b03954-d437-4e43-bbbc-85190ac04983" CHANGEID="600535865" NUMBER="8" OPERTYPEID="10" PREVID="0" NEXTID="0" UPDATEDATE="2024-09-05" STARTDATE="2024-09-05" ENDDATE="2079-06-06" ISACTUAL="1" ISACTIVE="1" /><STEAD ID="68621508" OBJECTID="165075559" OBJECTGUID="9892844b-ebb5-4820-9caf-019d9a3709f7" CHANGEID="600535897" NUMBER="9" OPERTYPEID="10" PREVID="0" NEXTID="0" UPDATEDATE="2024-09-05" STARTDATE="2024-09-05" ENDDATE="2079-06-06" ISACTUAL="1" ISACTIVE="1" /><STEAD ID="68621522" OBJECTID="165075577" OBJECTGUID="8d384015-f598-4abb-af14-50b14d0122e3" CHANGEID="600535950" NUMBER="10" OPERTYPEID="10" PREVID="0" NEXTID="0" UPDATEDATE="2024-09-05" STARTDATE="2024-09-05" ENDDATE="2079-06-06" ISACTUAL="1" ISACTIVE="1" /><STEAD ID="68621566" OBJECTID="165075642" OBJECTGUID="9284f1da-06a0-4597-b09a-27b7d07b260d" CHANGEID="600536068" NUMBER="15" OPERTYPEID="10" PREVID="0" NEXTID="0" UPDATEDATE="2024-09-05" STARTDATE="2024-09-05" ENDDATE="2079-06-06" ISACTUAL="1" ISACTIVE="1" /><STEAD ID="68621589" OBJECTID="165075671" OBJECTGUID="988dade2-6eb1-416c-b2df-de58cabddd45" CHANGEID="600536104" NUMBER="16" OPERTYPEID="10" PREVID="0" NEXTID="0" UPDATEDATE="2024-09-05" STARTDATE="2024-09-05" ENDDATE="2079-06-06" ISACTUAL="1" ISACTIVE="1" /><STEAD ID="68621615" OBJECTID="165075725" OBJECTGUID="bd8409c6-ec70-4374-b699-2911523993f2" CHANGEID="600536187" NUMBER="17" OPERTYPEID="10" PREVID="0" NEXTID="0" UPDATEDATE="2024-09-05" STARTDATE="2024-09-05" ENDDATE="2079-06-06" ISACTUAL="1" ISACTIVE="1" /><STEAD ID="68621657" OBJECTID="165075779" OBJECTGUID="2fd6e313-451c-4600-9b15-5e6817841693" CHANGEID="600536280" NUMBER="1/1" OPERTYPEID="10" PREVID="0" NEXTID="0" UPDATEDATE="2024-09-05" STARTDATE="2024-09-05" ENDDATE="2079-06-06" ISACTUAL="1" ISACTIVE="1" /><STEAD ID="68621661" OBJECTID="165075789" OBJECTGUID="75a73195-49cf-47aa-ace6-3775e77a0d30" CHANGEID="600536295" NUMBER="1/2" OPERTYPEID="10" PREVID="0" NEXTID="0" UPDATEDATE="2024-09-05" STARTDATE="2024-09-05" ENDDATE="2079-06-06" ISACTUAL="1" ISACTIVE="1" /><STEAD ID="68621691" OBJECTID="165075818" OBJECTGUID="35fb9753-4d8f-4314-b637-25b59520d480" CHANGEID="600536374" NUMBER="2/1" OPERTYPEID="10" PREVID="0" NEXTID="0" UPDATEDATE="2024-09-05" STARTDATE="2024-09-05" ENDDATE="2079-06-06" ISACTUAL="1" ISACTIVE="1" /><STEAD ID="68621699" OBJECTID="165075833" OBJECTGUID="58071597-5866-4fdb-b357-a40c326ac445" CHANGEID="600536397" NUMBER="2/2" OPERTYPEID="10" PREVID="0" NEXTID="0" UPDATEDATE="2024-09-05" STARTDATE="2024-09-05" ENDDATE="2079-06-06" ISACTUAL="1" ISACTIVE="1" /><STEAD ID="68621640" OBJECTID="165075761" OBJECTGUID="8d32db35-38db-4639-8928-5a7f44ec53f9" CHANGEID="600536251" NUMBER="21" OPERTYPEID="10" PREVID="0" NEXTID="0" UPDATEDATE="2024-09-05" STARTDATE="2024-09-05" ENDDATE="2079-06-06" ISACTUAL="1" ISACTIVE="1" /><STEAD ID="68621723" OBJECTID="165075856" OBJECTGUID="57106664-a2ae-4248-a7bc-d58b9c3282a8" CHANGEID="600536436" NUMBER="3/1" OPERTYPEID="10" PREVID="0" NEXTID="0" UPDATEDATE="2024-09-05" STARTDATE="2024-09-05" ENDDATE="2079-06-06" ISACTUAL="1" ISACTIVE="1" /><STEAD ID="68622058" OBJECTID="165077365" OBJECTGUID="be1358df-7c87-4b3b-9052-7f8922bdc3be" CHANGEID="600538416" NUMBER="3/2" OPERTYPEID="10" PREVID="0" NEXTID="0" UPDATEDATE="2024-09-05" STARTDATE="2024-09-05" ENDDATE="2079-06-06" ISACTUAL="1" ISACTIVE="1" /><STEAD ID="68622065" OBJECTID="165077373" OBJECTGUID="6601ce02-5d0e-41b1-9479-41bf08cb2807" CHANGEID="600538433" NUMBER="4/1" OPERTYPEID="10" PREVID="0" NEXTID="0" UPDATEDATE="2024-09-05" STARTDATE="2024-09-05" ENDDATE="2079-06-06" ISACTUAL="1" ISACTIVE="1" /><STEAD ID="68622081" OBJECTID="165077393" OBJECTGUID="9c8c4cf2-0eae-42f5-98d5-757c84169116" CHANGEID="600538486" NUMBER="5/1" OPERTYPEID="10" PREVID="0" NEXTID="0" UPDATEDATE="2024-09-05" STARTDATE="2024-09-05" ENDDATE="2079-06-06" ISACTUAL="1" ISACTIVE="1" /><STEAD ID="68622093" OBJECTID="165077414" OBJECTGUID="8f2ed167-7c53-436e-b49f-980ba457e8d9" CHANGEID="600538511" NUMBER="5/2" OPERTYPEID="10" PREVID="0" NEXTID="0" UPDATEDATE="2024-09-05" STARTDATE="2024-09-05" ENDDATE="2079-06-06" ISACTUAL="1" ISACTIVE="1" /><STEAD ID="68622071" OBJECTID="165077380" OBJECTGUID="aee3f4e1-1607-41aa-bd2b-cda50e26dc59" CHANGEID="600538446" NUMBER="4/2" OPERTYPEID="10" PREVID="0" NEXTID="0" UPDATEDATE="2024-09-05" STARTDATE="2024-09-05" ENDDATE="2079-06-06" ISACTUAL="1" ISACTIVE="1" /><STEAD ID="68622123" OBJECTID="165077434" OBJECTGUID="73d1b9e2-2ba1-4584-9157-3648c1da1c1d" CHANGEID="600538542" NUMBER="6/1" OPERTYPEID="10" PREVID="0" NEXTID="0" UPDATEDATE="2024-09-05" STARTDATE="2024-09-05" ENDDATE="2079-06-06" ISACTUAL="1" ISACTIVE="1" /><STEAD ID="68622132" OBJECTID="165077445" OBJECTGUID="ddbab308-0962-417e-ad42-b4060756df33" CHANGEID="600538562" NUMBER="6/2" OPERTYPEID="10" PREVID="0" NEXTID="0" UPDATEDATE="2024-09-05" STARTDATE="2024-09-05" ENDDATE="2079-06-06" ISACTUAL="1" ISACTIVE="1" /><STEAD ID="68622147" OBJECTID="165077457" OBJECTGUID="7685593a-8253-4372-84f8-3d99fc628fff" CHANGEID="600538592" NUMBER="7/2" OPERTYPEID="10" PREVID="0" NEXTID="0" UPDATEDATE="2024-09-05" STARTDATE="2024-09-05" ENDDATE="2079-06-06" ISACTUAL="1" ISACTIVE="1" /><STEAD ID="68622155" OBJECTID="165077466" OBJECTGUID="c0f5ae57-714e-4a99-87c3-af1813959175" CHANGEID="600538608" NUMBER="8/1" OPERTYPEID="10" PREVID="0" NEXTID="0" UPDATEDATE="2024-09-05" STARTDATE="2024-09-05" ENDDATE="2079-06-06" ISACTUAL="1" ISACTIVE="1" /><STEAD ID="68622165" OBJECTID="165077488" OBJECTGUID="5c868944-ebd1-4a6c-b926-2d0be280ddd2" CHANGEID="600538642" NUMBER="8/2" OPERTYPEID="10" PREVID="0" NEXTID="0" UPDATEDATE="2024-09-05" STARTDATE="2024-09-05" ENDDATE="2079-06-06" ISACTUAL="1" ISACTIVE="1" /><STEAD ID="68622182" OBJECTID="165077504" OBJECTGUID="43222051-faad-4111-9355-02907f46d1c1" CHANGEID="600538683" NUMBER="9/1" OPERTYPEID="10" PREVID="0" NEXTID="0" UPDATEDATE="2024-09-05" STARTDATE="2024-09-05" ENDDATE="2079-06-06" ISACTUAL="1" ISACTIVE="1" /><STEAD ID="68622210" OBJECTID="165077523" OBJECTGUID="55774bcd-3e4f-45d1-a6bf-be89fd092a83" CHANGEID="600538729" NUMBER="9/2" OPERTYPEID="10" PREVID="0" NEXTID="0" UPDATEDATE="2024-09-05" STARTDATE="2024-09-05" ENDDATE="2079-06-06" ISACTUAL="1" ISACTIVE="1" /><STEAD ID="68622282" OBJECTID="165077636" OBJECTGUID="d42d2890-5c8c-436b-b964-9a5438b6dec6" CHANGEID="600538913" NUMBER="64" OPERTYPEID="10" PREVID="0" NEXTID="0" UPDATEDATE="2024-09-05" STARTDATE="2024-09-05" ENDDATE="2079-06-06" ISACTUAL="1" ISACTIVE="1" /><STEAD ID="68622294" OBJECTID="165077658" OBJECTGUID="b6d18c56-e8f1-4f9e-8c39-e494ac4b1a5b" CHANGEID="600538942" NUMBER="80" OPERTYPEID="10" PREVID="0" NEXTID="0" UPDATEDATE="2024-09-05" STARTDATE="2024-09-05" ENDDATE="2079-06-06" ISACTUAL="1" ISACTIVE="1" /><STEAD ID="68625764" OBJECTID="165085815" OBJECTGUID="86519531-c6ff-4b93-aa55-598acbc28936" CHANGEID="600552282" NUMBER="103А" OPERTYPEID="10" PREVID="0" NEXTID="0" UPDATEDATE="2024-09-05" STARTDATE="2024-09-05" ENDDATE="2079-06-06" ISACTUAL="1" ISACTIVE="1" /><STEAD ID="68626157" OBJECTID="165086477" OBJECTGUID="c8e2b76a-7027-4b09-b594-44224dbcd5cf" CHANGEID="600553430" NUMBER="8" OPERTYPEID="10" PREVID="0" NEXTID="0" UPDATEDATE="2024-09-05" STARTDATE="2024-09-05" ENDDATE="2079-06-06" ISACTUAL="1" ISACTIVE="1" /><STEAD ID="68627451" OBJECTID="165089353" OBJECTGUID="d1546b50-475c-4ed9-914d-120bf85335ec" CHANGEID="600559083" NUMBER="15" OPERTYPEID="10" PREVID="0" NEXTID="0" UPDATEDATE="2024-09-05" STARTDATE="2024-09-05" ENDDATE="2079-06-06" ISACTUAL="1" ISACTIVE="1" /><STEAD ID="67196935" OBJECTID="160913638" OBJECTGUID="3ca5e2d6-9d63-4625-924d-5842411a83be" CHANGEID="571740804" NUMBER="82А" OPERTYPEID="10" PREVID="0" NEXTID="68627618" UPDATEDATE="2024-09-05" STARTDATE="2023-10-30" ENDDATE="2024-09-05" ISACTUAL="0" ISACTIVE="0" /><STEAD ID="68627618" OBJECTID="160913638" OBJECTGUID="3ca5e2d6-9d63-4625-924d-5842411a83be" CHANGEID="600559603" NUMBER="99" OPERTYPEID="20" PREVID="67196935" UPDATEDATE="2024-09-05" STARTDATE="2024-09-05" ENDDATE="2079-06-06" ISACTUAL="1" ISACTIVE="1" /><STEAD ID="68627690" OBJECTID="165089740" OBJECTGUID="eb79d5a0-3a05-4ed7-9757-f6e733bb6d10" CHANGEID="600559752" NUMBER="39" OPERTYPEID="10" PREVID="0" NEXTID="0" UPDATEDATE="2024-09-05" STARTDATE="2024-09-05" ENDDATE="2079-06-06" ISACTUAL="1" ISACTIVE="1" /><STEAD ID="68635299" OBJECTID="165102385" OBJECTGUID="6a1d5ac7-dcb0-4687-81f3-29bece45a3d1" CHANGEID="600583155" NUMBER="5" OPERTYPEID="10" PREVID="0" NEXTID="0" UPDATEDATE="2024-09-06" STARTDATE="2024-09-06" ENDDATE="2079-06-06" ISACTUAL="1" ISACTIVE="1" /><STEAD ID="68635359" OBJECTID="165102491" OBJECTGUID="83ae18e5-1535-40b4-846c-bfeffa892f01" CHANGEID="600583358" NUMBER="3" OPERTYPEID="10" PREVID="0" NEXTID="0" UPDATEDATE="2024-09-06" STARTDATE="2024-09-06" ENDDATE="2079-06-06" ISACTUAL="1" ISACTIVE="1" /><STEAD ID="68636879" OBJECTID="165104369" OBJECTGUID="c994fbba-f755-4fb9-8aef-969b31127d39" CHANGEID="600586870" NUMBER="16" OPERTYPEID="10" PREVID="0" NEXTID="0" UPDATEDATE="2024-09-06" STARTDATE="2024-09-06" ENDDATE="2079-06-06" ISACTUAL="1" ISACTIVE="1" /><STEAD ID="68638547" OBJECTID="165106716" OBJECTGUID="8a6d5790-8ca6-49dc-9912-9b8db2a3c521" CHANGEID="600590888" NUMBER="А/33" OPERTYPEID="10" PREVID="0" NEXTID="0" UPDATEDATE="2024-09-06" STARTDATE="2024-09-06" ENDDATE="2079-06-06" ISACTUAL="1" ISACTIVE="1" /><STEAD ID="68640774" OBJECTID="165111439" OBJECTGUID="864d5202-1c93-4ba2-baf7-d4381a0906ad" CHANGEID="600609226" NUMBER="1" OPERTYPEID="10" PREVID="0" NEXTID="0" UPDATEDATE="2024-09-06" STARTDATE="2024-09-06" ENDDATE="2079-06-06" ISACTUAL="1" ISACTIVE="1" /><STEAD ID="68641325" OBJECTID="165112379" OBJECTGUID="181b5967-a385-4b2b-94c6-6d79af92f2f7" CHANGEID="600648761" NUMBER="34" OPERTYPEID="10" PREVID="0" NEXTID="0" UPDATEDATE="2024-09-06" STARTDATE="2024-09-06" ENDDATE="2079-06-06" ISACTUAL="1" ISACTIVE="1" /><STEAD ID="68641373" OBJECTID="165112540" OBJECTGUID="155e6c28-8681-4e28-a09b-e03b9b879fe8" CHANGEID="600654808" NUMBER="32" OPERTYPEID="10" PREVID="0" NEXTID="0" UPDATEDATE="2024-09-06" STARTDATE="2024-09-06" ENDDATE="2079-06-06" ISACTUAL="1" ISACTIVE="1" /><STEAD ID="68641386" OBJECTID="165112559" OBJECTGUID="c798b664-344b-4d9c-a66e-6de28facf8c2" CHANGEID="600656772" NUMBER="45" OPERTYPEID="10" PREVID="0" NEXTID="0" UPDATEDATE="2024-09-06" STARTDATE="2024-09-06" ENDDATE="2079-06-06" ISACTUAL="1" ISACTIVE="1" /><STEAD ID="68641387" OBJECTID="165112561" OBJECTGUID="0da39508-3ed5-463e-bbe6-c330bf6a1d67" CHANGEID="600656914" NUMBER="2" OPERTYPEID="10" PREVID="0" NEXTID="0" UPDATEDATE="2024-09-06" STARTDATE="2024-09-06" ENDDATE="2079-06-06" ISACTUAL="1" ISACTIVE="1" /><STEAD ID="68642313" OBJECTID="165113712" OBJECTGUID="0c7a99d1-abb9-4d7c-b355-5f5510dfc83a" CHANGEID="600702234" NUMBER="113а" OPERTYPEID="10" PREVID="0" NEXTID="0" UPDATEDATE="2024-09-06" STARTDATE="2024-09-06" ENDDATE="2079-06-06" ISACTUAL="1" ISACTIVE="1" /><STEAD ID="68648414" OBJECTID="165123868" OBJECTGUID="c54be481-1694-4279-b255-cef38b080c2d" CHANGEID="600748650" NUMBER="27" OPERTYPEID="10" PREVID="0" NEXTID="0" UPDATEDATE="2024-09-09" STARTDATE="2024-09-09" ENDDATE="2079-06-06" ISACTUAL="1" ISACTIVE="1" /><STEAD ID="68648546" OBJECTID="165124035" OBJECTGUID="59380f87-60af-4647-b9dc-da7d9f59af50" CHANGEID="600748973" NUMBER="63" OPERTYPEID="10" PREVID="0" NEXTID="0" UPDATEDATE="2024-09-09" STARTDATE="2024-09-09" ENDDATE="2079-06-06" ISACTUAL="1" ISACTIVE="1" /><STEAD ID="68648547" OBJECTID="165124036" OBJECTGUID="40adb6ae-b460-43e7-8a39-4e3398e6e975" CHANGEID="600748974" NUMBER="62" OPERTYPEID="10" PREVID="0" NEXTID="0" UPDATEDATE="2024-09-09" STARTDATE="2024-09-09" ENDDATE="2079-06-06" ISACTUAL="1" ISACTIVE="1" /><STEAD ID="68648548" OBJECTID="165124037" OBJECTGUID="0c42fdf1-b71c-4a0d-be87-fa3ed594d075" CHANGEID="600748976" NUMBER="27" OPERTYPEID="10" PREVID="0" NEXTID="0" UPDATEDATE="2024-09-09" STARTDATE="2024-09-09" ENDDATE="2079-06-06" ISACTUAL="1" ISACTIVE="1" /><STEAD ID="68648617" OBJECTID="165124106" OBJECTGUID="536b4e7c-68f5-421a-854a-802ac50b0883" CHANGEID="600749047" NUMBER="24" OPERTYPEID="10" PREVID="0" NEXTID="0" UPDATEDATE="2024-09-09" STARTDATE="2024-09-09" ENDDATE="2079-06-06" ISACTUAL="1" ISACTIVE="1" /><STEAD ID="68648673" OBJECTID="165124162" OBJECTGUID="c9cba630-4ff2-4c47-ba6a-d74e34d8bbb2" CHANGEID="600749105" NUMBER="6" OPERTYPEID="10" PREVID="0" NEXTID="0" UPDATEDATE="2024-09-09" STARTDATE="2024-09-09" ENDDATE="2079-06-06" ISACTUAL="1" ISACTIVE="1" /><STEAD ID="68648678" OBJECTID="165124176" OBJECTGUID="85823f76-ae8d-4398-b0ca-949fb574f2d3" CHANGEID="600749129" NUMBER="16" OPERTYPEID="10" PREVID="0" NEXTID="0" UPDATEDATE="2024-09-09" STARTDATE="2024-09-09" ENDDATE="2079-06-06" ISACTUAL="1" ISACTIVE="1" /><STEAD ID="68648615" OBJECTID="165124104" OBJECTGUID="e49ba366-536b-45b3-9019-4743c8422cbc" CHANGEID="600749044" NUMBER="52" OPERTYPEID="10" PREVID="0" NEXTID="0" UPDATEDATE="2024-09-09" STARTDATE="2024-09-09" ENDDATE="2079-06-06" ISACTUAL="1" ISACTIVE="1" /><STEAD ID="68648616" OBJECTID="165124105" OBJECTGUID="c13d5f8a-2673-47df-869d-f3c9e81cb5a2" CHANGEID="600749046" NUMBER="107" OPERTYPEID="10" PREVID="0" NEXTID="0" UPDATEDATE="2024-09-09" STARTDATE="2024-09-09" ENDDATE="2079-06-06" ISACTUAL="1" ISACTIVE="1" /><STEAD ID="68648633" OBJECTID="165124122" OBJECTGUID="fc706c8f-fab6-4b75-92f2-7d813c7212c0" CHANGEID="600749064" NUMBER="25" OPERTYPEID="10" PREVID="0" NEXTID="0" UPDATEDATE="2024-09-09" STARTDATE="2024-09-09" ENDDATE="2079-06-06" ISACTUAL="1" ISACTIVE="1" /><STEAD ID="68648674" OBJECTID="165124163" OBJECTGUID="f732f0fb-662f-4585-839e-4a366964165f" CHANGEID="600749106" NUMBER="4" OPERTYPEID="10" PREVID="0" NEXTID="0" UPDATEDATE="2024-09-09" STARTDATE="2024-09-09" ENDDATE="2079-06-06" ISACTUAL="1" ISACTIVE="1" /><STEAD ID="68648675" OBJECTID="165124164" OBJECTGUID="c5656b00-61ad-493c-8962-de2ea836a301" CHANGEID="600749108" NUMBER="140" OPERTYPEID="10" PREVID="0" NEXTID="0" UPDATEDATE="2024-09-09" STARTDATE="2024-09-09" ENDDATE="2079-06-06" ISACTUAL="1" ISACTIVE="1" /><STEAD ID="68648676" OBJECTID="165124165" OBJECTGUID="0d88ef22-9cc9-4e08-81cf-6b901adba661" CHANGEID="600749110" NUMBER="106" OPERTYPEID="10" PREVID="0" NEXTID="0" UPDATEDATE="2024-09-09" STARTDATE="2024-09-09" ENDDATE="2079-06-06" ISACTUAL="1" ISACTIVE="1" /><STEAD ID="68648677" OBJECTID="165124166" OBJECTGUID="9fde880e-f4f2-4f35-919f-b90a8e6ea182" CHANGEID="600749112" NUMBER="57" OPERTYPEID="10" PREVID="0" NEXTID="0" UPDATEDATE="2024-09-09" STARTDATE="2024-09-09" ENDDATE="2079-06-06" ISACTUAL="1" ISACTIVE="1" /><STEAD ID="68648679" OBJECTID="165124177" OBJECTGUID="c858ebdf-c87a-4e2a-b08e-f30807baafac" CHANGEID="600749130" NUMBER="36" OPERTYPEID="10" PREVID="0" NEXTID="0" UPDATEDATE="2024-09-09" STARTDATE="2024-09-09" ENDDATE="2079-06-06" ISACTUAL="1" ISACTIVE="1" /><STEAD ID="68662942" OBJECTID="165148551" OBJECTGUID="b5bab46e-3277-4361-9a67-6ebca454ae50" CHANGEID="600788280" NUMBER="7" OPERTYPEID="10" PREVID="0" NEXTID="0" UPDATEDATE="2024-09-09" STARTDATE="2024-09-09" ENDDATE="2079-06-06" ISACTUAL="1" ISACTIVE="1" /><STEAD ID="68663241" OBJECTID="165149128" OBJECTGUID="6c2a8b9d-92d5-4faf-8aa2-7018fb215868" CHANGEID="600789075" NUMBER="10/11" OPERTYPEID="10" PREVID="0" NEXTID="0" UPDATEDATE="2024-09-09" STARTDATE="2024-09-09" ENDDATE="2079-06-06" ISACTUAL="1" ISACTIVE="1" /><STEAD ID="68663255" OBJECTID="165149149" OBJECTGUID="ddae9182-0c72-460d-9b33-c8defdf962fd" CHANGEID="600789118" NUMBER="13а" OPERTYPEID="10" PREVID="0" NEXTID="0" UPDATEDATE="2024-09-09" STARTDATE="2024-09-09" ENDDATE="2079-06-06" ISACTUAL="1" ISACTIVE="1" /><STEAD ID="68663938" OBJECTID="165150522" OBJECTGUID="fbf79c55-9a52-4647-889b-2433b7637545" CHANGEID="600791453" NUMBER="3" OPERTYPEID="10" PREVID="0" NEXTID="0" UPDATEDATE="2024-09-09" STARTDATE="2024-09-09" ENDDATE="2079-06-06" ISACTUAL="1" ISACTIVE="1" /><STEAD ID="68668782" OBJECTID="165159578" OBJECTGUID="1d4ec935-f512-4613-87ac-4c0d781c37c0" CHANGEID="600810452" NUMBER="38" OPERTYPEID="10" PREVID="0" NEXTID="0" UPDATEDATE="2024-09-10" STARTDATE="2024-09-10" ENDDATE="2079-06-06" ISACTUAL="1" ISACTIVE="1" /><STEAD ID="68668785" OBJECTID="165159582" OBJECTGUID="d636832a-eea0-468c-b367-9139daa9fe0c" CHANGEID="600810460" NUMBER="98" OPERTYPEID="10" PREVID="0" NEXTID="0" UPDATEDATE="2024-09-10" STARTDATE="2024-09-10" ENDDATE="2079-06-06" ISACTUAL="1" ISACTIVE="1" /><STEAD ID="68668787" OBJECTID="165159588" OBJECTGUID="3dd979d7-a254-44c9-9120-db8280fbc501" CHANGEID="600810466" NUMBER="67" OPERTYPEID="10" PREVID="0" NEXTID="0" UPDATEDATE="2024-09-10" STARTDATE="2024-09-10" ENDDATE="2079-06-06" ISACTUAL="1" ISACTIVE="1" /><STEAD ID="68668784" OBJECTID="165159581" OBJECTGUID="633c9b15-7992-4428-9abf-e960c64c97bc" CHANGEID="600810459" NUMBER="31" OPERTYPEID="10" PREVID="0" NEXTID="0" UPDATEDATE="2024-09-10" STARTDATE="2024-09-10" ENDDATE="2079-06-06" ISACTUAL="1" ISACTIVE="1" /><STEAD ID="68668786" OBJECTID="165159587" OBJECTGUID="d609271d-c9a9-4537-8e83-35b7b4dbe2d6" CHANGEID="600810465" NUMBER="146" OPERTYPEID="10" PREVID="0" NEXTID="0" UPDATEDATE="2024-09-10" STARTDATE="2024-09-10" ENDDATE="2079-06-06" ISACTUAL="1" ISACTIVE="1" /><STEAD ID="68669760" OBJECTID="165161430" OBJECTGUID="80911f0a-6500-4ed6-a057-8646a95c0188" CHANGEID="600813123" NUMBER="25а" OPERTYPEID="10" PREVID="0" NEXTID="0" UPDATEDATE="2024-09-10" STARTDATE="2024-09-10" ENDDATE="2079-06-06" ISACTUAL="1" ISACTIVE="1" /><STEAD ID="68677070" OBJECTID="165172441" OBJECTGUID="72b3adb4-3279-4c2d-b30e-365fdf9eb030" CHANGEID="600830329" NUMBER="2" OPERTYPEID="10" PREVID="0" NEXTID="0" UPDATEDATE="2024-09-10" STARTDATE="2024-09-10" ENDDATE="2079-06-06" ISACTUAL="1" ISACTIVE="1" /><STEAD ID="68677119" OBJECTID="165172508" OBJECTGUID="b798fe70-85f2-46a0-aeff-8234560e5542" CHANGEID="600830774" NUMBER="1" OPERTYPEID="10" PREVID="0" NEXTID="0" UPDATEDATE="2024-09-10" STARTDATE="2024-09-10" ENDDATE="2079-06-06" ISACTUAL="1" ISACTIVE="1" /><STEAD ID="68677551" OBJECTID="165173245" OBJECTGUID="c9544fda-12ad-4228-92ab-9f0f9298c462" CHANGEID="600831785" NUMBER="17" OPERTYPEID="10" PREVID="0" NEXTID="0" UPDATEDATE="2024-09-10" STARTDATE="2024-09-10" ENDDATE="2079-06-06" ISACTUAL="1" ISACTIVE="1" /><STEAD ID="68677604" OBJECTID="165173317" OBJECTGUID="c4ba8046-184b-4bb5-8ae0-777430275913" CHANGEID="600831934" NUMBER="3" OPERTYPEID="10" PREVID="0" NEXTID="0" UPDATEDATE="2024-09-10" STARTDATE="2024-09-10" ENDDATE="2079-06-06" ISACTUAL="1" ISACTIVE="1" /><STEAD ID="68677806" OBJECTID="165173516" OBJECTGUID="6979e728-749c-4d13-ba97-ee17a8310f01" CHANGEID="600832356" NUMBER="81" OPERTYPEID="10" PREVID="0" NEXTID="0" UPDATEDATE="2024-09-10" STARTDATE="2024-09-10" ENDDATE="2079-06-06" ISACTUAL="1" ISACTIVE="1" /><STEAD ID="68677864" OBJECTID="165173594" OBJECTGUID="d0f1a910-0bf0-4aad-8925-e2ff9ff2408d" CHANGEID="600832461" NUMBER="1" OPERTYPEID="10" PREVID="0" NEXTID="0" UPDATEDATE="2024-09-10" STARTDATE="2024-09-10" ENDDATE="2079-06-06" ISACTUAL="1" ISACTIVE="1" /><STEAD ID="68678399" OBJECTID="165174583" OBJECTGUID="4aa27921-fcbf-457f-a509-59648557c5e5" CHANGEID="600834020" NUMBER="25" OPERTYPEID="10" PREVID="0" NEXTID="0" UPDATEDATE="2024-09-10" STARTDATE="2024-09-10" ENDDATE="2079-06-06" ISACTUAL="1" ISACTIVE="1" /><STEAD ID="68681794" OBJECTID="165180514" OBJECTGUID="44e32646-7864-4b08-8188-964196936a93" CHANGEID="600843376" NUMBER="57Ж" OPERTYPEID="10" PREVID="0" NEXTID="0" UPDATEDATE="2024-09-10" STARTDATE="2024-09-10" ENDDATE="2079-06-06" ISACTUAL="1" ISACTIVE="1" /><STEAD ID="68681887" OBJECTID="165180693" OBJECTGUID="cb665be8-0092-4175-82ce-c9df53dfabe3" CHANGEID="600843703" NUMBER="6" OPERTYPEID="10" PREVID="0" NEXTID="0" UPDATEDATE="2024-09-10" STARTDATE="2024-09-10" ENDDATE="2079-06-06" ISACTUAL="1" ISACTIVE="1" /><STEAD ID="68683271" OBJECTID="165182890" OBJECTGUID="ddf8274f-d57c-4b3f-aa86-750e66f903e7" CHANGEID="600847809" NUMBER="26" OPERTYPEID="10" PREVID="0" NEXTID="0" UPDATEDATE="2024-09-10" STARTDATE="2024-09-10" ENDDATE="2079-06-06" ISACTUAL="1" ISACTIVE="1" /><STEAD ID="68683272" OBJECTID="165182891" OBJECTGUID="0b71f9dd-1f40-4c09-88a7-d8c177599687" CHANGEID="600847810" NUMBER="30" OPERTYPEID="10" PREVID="0" NEXTID="0" UPDATEDATE="2024-09-10" STARTDATE="2024-09-10" ENDDATE="2079-06-06" ISACTUAL="1" ISACTIVE="1" /><STEAD ID="68683273" OBJECTID="165182892" OBJECTGUID="a6e903f0-d853-4e6c-b5ad-83e5ee578ce8" CHANGEID="600847811" NUMBER="34" OPERTYPEID="10" PREVID="0" NEXTID="0" UPDATEDATE="2024-09-10" STARTDATE="2024-09-10" ENDDATE="2079-06-06" ISACTUAL="1" ISACTIVE="1" /><STEAD ID="68683274" OBJECTID="165182893" OBJECTGUID="cc81fcab-4673-48f8-8edb-4edceda76059" CHANGEID="600847812" NUMBER="35" OPERTYPEID="10" PREVID="0" NEXTID="0" UPDATEDATE="2024-09-10" STARTDATE="2024-09-10" ENDDATE="2079-06-06" ISACTUAL="1" ISACTIVE="1" /><STEAD ID="68683275" OBJECTID="165182894" OBJECTGUID="fe5e7042-2e29-494b-9c3f-f9d3f63760fe" CHANGEID="600847813" NUMBER="36" OPERTYPEID="10" PREVID="0" NEXTID="0" UPDATEDATE="2024-09-10" STARTDATE="2024-09-10" ENDDATE="2079-06-06" ISACTUAL="1" ISACTIVE="1" /><STEAD ID="68683276" OBJECTID="165182895" OBJECTGUID="fc344f9c-47f8-4231-8cc0-906b1444575c" CHANGEID="600847814" NUMBER="37" OPERTYPEID="10" PREVID="0" NEXTID="0" UPDATEDATE="2024-09-10" STARTDATE="2024-09-10" ENDDATE="2079-06-06" ISACTUAL="1" ISACTIVE="1" /><STEAD ID="68683277" OBJECTID="165182896" OBJECTGUID="39328728-82b4-4d78-ba3d-7038a7af97d7" CHANGEID="600847815" NUMBER="38" OPERTYPEID="10" PREVID="0" NEXTID="0" UPDATEDATE="2024-09-10" STARTDATE="2024-09-10" ENDDATE="2079-06-06" ISACTUAL="1" ISACTIVE="1" /><STEAD ID="68683278" OBJECTID="165182897" OBJECTGUID="2b6d2b99-97d3-40b8-96ca-67cfb445e585" CHANGEID="600847816" NUMBER="39" OPERTYPEID="10" PREVID="0" NEXTID="0" UPDATEDATE="2024-09-10" STARTDATE="2024-09-10" ENDDATE="2079-06-06" ISACTUAL="1" ISACTIVE="1" /><STEAD ID="68683279" OBJECTID="165182898" OBJECTGUID="0c48375c-b168-4040-a092-0748c5d5b316" CHANGEID="600847817" NUMBER="40" OPERTYPEID="10" PREVID="0" NEXTID="0" UPDATEDATE="2024-09-10" STARTDATE="2024-09-10" ENDDATE="2079-06-06" ISACTUAL="1" ISACTIVE="1" /><STEAD ID="68683280" OBJECTID="165182899" OBJECTGUID="6a3bb1cb-58b3-4cbc-b2e3-397d70ffa84f" CHANGEID="600847818" NUMBER="41" OPERTYPEID="10" PREVID="0" NEXTID="0" UPDATEDATE="2024-09-10" STARTDATE="2024-09-10" ENDDATE="2079-06-06" ISACTUAL="1" ISACTIVE="1" /><STEAD ID="68683281" OBJECTID="165182900" OBJECTGUID="5f19b34c-8954-41b5-a663-78a1e8ea985e" CHANGEID="600847819" NUMBER="44" OPERTYPEID="10" PREVID="0" NEXTID="0" UPDATEDATE="2024-09-10" STARTDATE="2024-09-10" ENDDATE="2079-06-06" ISACTUAL="1" ISACTIVE="1" /><STEAD ID="68683282" OBJECTID="165182901" OBJECTGUID="781667c6-3e7a-44f2-9ca8-175b92cd8454" CHANGEID="600847820" NUMBER="47" OPERTYPEID="10" PREVID="0" NEXTID="0" UPDATEDATE="2024-09-10" STARTDATE="2024-09-10" ENDDATE="2079-06-06" ISACTUAL="1" ISACTIVE="1" /><STEAD ID="68683283" OBJECTID="165182902" OBJECTGUID="bf8e539b-ffd7-4b04-8ebd-19afc93ab399" CHANGEID="600847821" NUMBER="47А" OPERTYPEID="10" PREVID="0" NEXTID="0" UPDATEDATE="2024-09-10" STARTDATE="2024-09-10" ENDDATE="2079-06-06" ISACTUAL="1" ISACTIVE="1" /><STEAD ID="68683284" OBJECTID="165182903" OBJECTGUID="e15f4ee8-6672-40d1-9f04-0e8e5f90d440" CHANGEID="600847822" NUMBER="48" OPERTYPEID="10" PREVID="0" NEXTID="0" UPDATEDATE="2024-09-10" STARTDATE="2024-09-10" ENDDATE="2079-06-06" ISACTUAL="1" ISACTIVE="1" /><STEAD ID="68683285" OBJECTID="165182904" OBJECTGUID="73529a76-f9e9-4e2c-81f0-498159cc370c" CHANGEID="600847823" NUMBER="49" OPERTYPEID="10" PREVID="0" NEXTID="0" UPDATEDATE="2024-09-10" STARTDATE="2024-09-10" ENDDATE="2079-06-06" ISACTUAL="1" ISACTIVE="1" /><STEAD ID="68683286" OBJECTID="165182905" OBJECTGUID="7333188f-c297-47cd-8b54-85ebf556c65a" CHANGEID="600847824" NUMBER="50" OPERTYPEID="10" PREVID="0" NEXTID="0" UPDATEDATE="2024-09-10" STARTDATE="2024-09-10" ENDDATE="2079-06-06" ISACTUAL="1" ISACTIVE="1" /><STEAD ID="68683287" OBJECTID="165182906" OBJECTGUID="0cebbf74-6c0e-4b85-9155-256bbc930e45" CHANGEID="600847825" NUMBER="51" OPERTYPEID="10" PREVID="0" NEXTID="0" UPDATEDATE="2024-09-10" STARTDATE="2024-09-10" ENDDATE="2079-06-06" ISACTUAL="1" ISACTIVE="1" /><STEAD ID="68683288" OBJECTID="165182907" OBJECTGUID="26920081-c6d0-4504-a3fc-8ec81c8b83ca" CHANGEID="600847826" NUMBER="52" OPERTYPEID="10" PREVID="0" NEXTID="0" UPDATEDATE="2024-09-10" STARTDATE="2024-09-10" ENDDATE="2079-06-06" ISACTUAL="1" ISACTIVE="1" /><STEAD ID="68683289" OBJECTID="165182908" OBJECTGUID="ae0249c6-3587-4457-9e1d-2dc91b5e0772" CHANGEID="600847827" NUMBER="53" OPERTYPEID="10" PREVID="0" NEXTID="0" UPDATEDATE="2024-09-10" STARTDATE="2024-09-10" ENDDATE="2079-06-06" ISACTUAL="1" ISACTIVE="1" /><STEAD ID="68683290" OBJECTID="165182909" OBJECTGUID="6ed3a459-5ecd-41a7-976e-5e83318cacdc" CHANGEID="600847828" NUMBER="54" OPERTYPEID="10" PREVID="0" NEXTID="0" UPDATEDATE="2024-09-10" STARTDATE="2024-09-10" ENDDATE="2079-06-06" ISACTUAL="1" ISACTIVE="1" /><STEAD ID="68683291" OBJECTID="165182910" OBJECTGUID="ca7fca0b-0ec6-460d-9aeb-23d2ae559378" CHANGEID="600847829" NUMBER="55" OPERTYPEID="10" PREVID="0" NEXTID="0" UPDATEDATE="2024-09-10" STARTDATE="2024-09-10" ENDDATE="2079-06-06" ISACTUAL="1" ISACTIVE="1" /><STEAD ID="68683292" OBJECTID="165182911" OBJECTGUID="f781a6a8-a84a-4565-a834-367e72c3a647" CHANGEID="600847830" NUMBER="56" OPERTYPEID="10" PREVID="0" NEXTID="0" UPDATEDATE="2024-09-10" STARTDATE="2024-09-10" ENDDATE="2079-06-06" ISACTUAL="1" ISACTIVE="1" /><STEAD ID="68683293" OBJECTID="165182912" OBJECTGUID="91b4aad1-112e-4355-8209-36cca8357dd0" CHANGEID="600847831" NUMBER="2" OPERTYPEID="10" PREVID="0" NEXTID="0" UPDATEDATE="2024-09-10" STARTDATE="2024-09-10" ENDDATE="2079-06-06" ISACTUAL="1" ISACTIVE="1" /><STEAD ID="68683294" OBJECTID="165182913" OBJECTGUID="c9910b83-1ccc-4695-ac46-132f7979bb40" CHANGEID="600847832" NUMBER="3" OPERTYPEID="10" PREVID="0" NEXTID="0" UPDATEDATE="2024-09-10" STARTDATE="2024-09-10" ENDDATE="2079-06-06" ISACTUAL="1" ISACTIVE="1" /><STEAD ID="68683295" OBJECTID="165182914" OBJECTGUID="d9e5259a-2207-4cc4-9d5c-ea759396b8d2" CHANGEID="600847833" NUMBER="4" OPERTYPEID="10" PREVID="0" NEXTID="0" UPDATEDATE="2024-09-10" STARTDATE="2024-09-10" ENDDATE="2079-06-06" ISACTUAL="1" ISACTIVE="1" /><STEAD ID="68683296" OBJECTID="165182915" OBJECTGUID="e9e561ab-113c-4e8c-9267-c40c709ce5ab" CHANGEID="600847834" NUMBER="6" OPERTYPEID="10" PREVID="0" NEXTID="0" UPDATEDATE="2024-09-10" STARTDATE="2024-09-10" ENDDATE="2079-06-06" ISACTUAL="1" ISACTIVE="1" /><STEAD ID="68683297" OBJECTID="165182916" OBJECTGUID="a3abedbc-39ee-490f-96f4-caaeb24a2816" CHANGEID="600847835" NUMBER="8" OPERTYPEID="10" PREVID="0" NEXTID="0" UPDATEDATE="2024-09-10" STARTDATE="2024-09-10" ENDDATE="2079-06-06" ISACTUAL="1" ISACTIVE="1" /><STEAD ID="68683298" OBJECTID="165182917" OBJECTGUID="5f8c8ceb-6324-4965-9457-089dd362f780" CHANGEID="600847836" NUMBER="9" OPERTYPEID="10" PREVID="0" NEXTID="0" UPDATEDATE="2024-09-10" STARTDATE="2024-09-10" ENDDATE="2079-06-06" ISACTUAL="1" ISACTIVE="1" /><STEAD ID="68683299" OBJECTID="165182918" OBJECTGUID="84346940-7c14-41e0-aba8-bf8468cf1dea" CHANGEID="600847837" NUMBER="10" OPERTYPEID="10" PREVID="0" NEXTID="0" UPDATEDATE="2024-09-10" STARTDATE="2024-09-10" ENDDATE="2079-06-06" ISACTUAL="1" ISACTIVE="1" /><STEAD ID="68683300" OBJECTID="165182919" OBJECTGUID="ed9c5469-ffec-4534-95f2-487f6d8a07e2" CHANGEID="600847838" NUMBER="11" OPERTYPEID="10" PREVID="0" NEXTID="0" UPDATEDATE="2024-09-10" STARTDATE="2024-09-10" ENDDATE="2079-06-06" ISACTUAL="1" ISACTIVE="1" /><STEAD ID="68683301" OBJECTID="165182920" OBJECTGUID="29481cfa-3561-41a5-8bd3-7ba24f40a27f" CHANGEID="600847839" NUMBER="12" OPERTYPEID="10" PREVID="0" NEXTID="0" UPDATEDATE="2024-09-10" STARTDATE="2024-09-10" ENDDATE="2079-06-06" ISACTUAL="1" ISACTIVE="1" /><STEAD ID="68683302" OBJECTID="165182921" OBJECTGUID="aeaaa7c4-96f8-41c2-b346-65536c9b0573" CHANGEID="600847840" NUMBER="13" OPERTYPEID="10" PREVID="0" NEXTID="0" UPDATEDATE="2024-09-10" STARTDATE="2024-09-10" ENDDATE="2079-06-06" ISACTUAL="1" ISACTIVE="1" /><STEAD ID="68683303" OBJECTID="165182922" OBJECTGUID="902c43d8-ee3f-4b24-8b8f-00f79bc3ade9" CHANGEID="600847841" NUMBER="16" OPERTYPEID="10" PREVID="0" NEXTID="0" UPDATEDATE="2024-09-10" STARTDATE="2024-09-10" ENDDATE="2079-06-06" ISACTUAL="1" ISACTIVE="1" /><STEAD ID="68683304" OBJECTID="165182923" OBJECTGUID="5147da54-cb43-4303-bd2d-13940607ab47" CHANGEID="600847842" NUMBER="17" OPERTYPEID="10" PREVID="0" NEXTID="0" UPDATEDATE="2024-09-10" STARTDATE="2024-09-10" ENDDATE="2079-06-06" ISACTUAL="1" ISACTIVE="1" /><STEAD ID="68683305" OBJECTID="165182924" OBJECTGUID="3c1201d7-6b90-4dff-baaf-5945521c5062" CHANGEID="600847843" NUMBER="18" OPERTYPEID="10" PREVID="0" NEXTID="0" UPDATEDATE="2024-09-10" STARTDATE="2024-09-10" ENDDATE="2079-06-06" ISACTUAL="1" ISACTIVE="1" /><STEAD ID="68683306" OBJECTID="165182925" OBJECTGUID="bb6a218b-edc6-4df7-b4eb-726cc5172101" CHANGEID="600847844" NUMBER="19" OPERTYPEID="10" PREVID="0" NEXTID="0" UPDATEDATE="2024-09-10" STARTDATE="2024-09-10" ENDDATE="2079-06-06" ISACTUAL="1" ISACTIVE="1" /><STEAD ID="68683307" OBJECTID="165182926" OBJECTGUID="e70bedb3-0b9d-4b31-8689-65fb5a500880" CHANGEID="600847845" NUMBER="21" OPERTYPEID="10" PREVID="0" NEXTID="0" UPDATEDATE="2024-09-10" STARTDATE="2024-09-10" ENDDATE="2079-06-06" ISACTUAL="1" ISACTIVE="1" /><STEAD ID="68683308" OBJECTID="165182927" OBJECTGUID="64acff27-dbd9-40c9-97a4-7fbfa3184127" CHANGEID="600847846" NUMBER="22" OPERTYPEID="10" PREVID="0" NEXTID="0" UPDATEDATE="2024-09-10" STARTDATE="2024-09-10" ENDDATE="2079-06-06" ISACTUAL="1" ISACTIVE="1" /><STEAD ID="68683309" OBJECTID="165182928" OBJECTGUID="144e8fa5-939e-49a5-8935-309fb8e2aa20" CHANGEID="600847847" NUMBER="23" OPERTYPEID="10" PREVID="0" NEXTID="0" UPDATEDATE="2024-09-10" STARTDATE="2024-09-10" ENDDATE="2079-06-06" ISACTUAL="1" ISACTIVE="1" /><STEAD ID="68683310" OBJECTID="165182929" OBJECTGUID="b4e94151-8bc0-467d-8e72-be3ec2205cae" CHANGEID="600847848" NUMBER="24" OPERTYPEID="10" PREVID="0" NEXTID="0" UPDATEDATE="2024-09-10" STARTDATE="2024-09-10" ENDDATE="2079-06-06" ISACTUAL="1" ISACTIVE="1" /><STEAD ID="68683311" OBJECTID="165182930" OBJECTGUID="97af9e49-e2b4-4e37-8cb7-763db8fcb3bb" CHANGEID="600847849" NUMBER="25" OPERTYPEID="10" PREVID="0" NEXTID="0" UPDATEDATE="2024-09-10" STARTDATE="2024-09-10" ENDDATE="2079-06-06" ISACTUAL="1" ISACTIVE="1" /><STEAD ID="68683312" OBJECTID="165182931" OBJECTGUID="4718ae72-061c-4e89-915e-bb077b83fbb9" CHANGEID="600847850" NUMBER="33" OPERTYPEID="10" PREVID="0" NEXTID="0" UPDATEDATE="2024-09-10" STARTDATE="2024-09-10" ENDDATE="2079-06-06" ISACTUAL="1" ISACTIVE="1" /><STEAD ID="12927367" OBJECTID="99152282" OBJECTGUID="d1bb692b-9a76-4b7b-81f9-aefa6ec68b3e" CHANGEID="158674447" NUMBER="21/2" OPERTYPEID="10" PREVID="0" NEXTID="68683408" UPDATEDATE="2024-09-10" STARTDATE="2020-11-18" ENDDATE="2024-09-10" ISACTUAL="0" ISACTIVE="0" /><STEAD ID="68683408" OBJECTID="99152282" OBJECTGUID="d1bb692b-9a76-4b7b-81f9-aefa6ec68b3e" CHANGEID="600848057" NUMBER="21" OPERTYPEID="20" PREVID="12927367" UPDATEDATE="2024-09-10" STARTDATE="2024-09-10" ENDDATE="2079-06-06" ISACTUAL="1" ISACTIVE="1" /><STEAD ID="68693342" OBJECTID="165203936" OBJECTGUID="2e6ab128-fe36-4c2b-a2c1-854756a4240b" CHANGEID="600902036" NUMBER="8" OPERTYPEID="10" PREVID="0" NEXTID="0" UPDATEDATE="2024-09-11" STARTDATE="2024-09-11" ENDDATE="2079-06-06" ISACTUAL="1" ISACTIVE="1" /><STEAD ID="68693304" OBJECTID="165203841" OBJECTGUID="40dcc512-0362-4d34-b46f-d48e1d9a64e4" CHANGEID="600901858" NUMBER="54" OPERTYPEID="10" PREVID="0" NEXTID="0" UPDATEDATE="2024-09-11" STARTDATE="2024-09-11" ENDDATE="2079-06-06" ISACTUAL="1" ISACTIVE="1" /><STEAD ID="68693445" OBJECTID="165204093" OBJECTGUID="85c4c6df-19e2-4465-9a31-2ca5d84ec188" CHANGEID="600902334" NUMBER="18" OPERTYPEID="10" PREVID="0" NEXTID="0" UPDATEDATE="2024-09-11" STARTDATE="2024-09-11" ENDDATE="2079-06-06" ISACTUAL="1" ISACTIVE="1" /><STEAD ID="68693470" OBJECTID="165204137" OBJECTGUID="d1792bf5-9487-4c9c-8d3b-beeefd23b3f3" CHANGEID="600902408" NUMBER="40" OPERTYPEID="10" PREVID="0" NEXTID="0" UPDATEDATE="2024-09-11" STARTDATE="2024-09-11" ENDDATE="2079-06-06" ISACTUAL="1" ISACTIVE="1" /><STEAD ID="68693919" OBJECTID="165204747" OBJECTGUID="2acf8371-a56f-44ea-a71e-ed40fda83684" CHANGEID="600903351" NUMBER="14" OPERTYPEID="10" PREVID="0" NEXTID="0" UPDATEDATE="2024-09-11" STARTDATE="2024-09-11" ENDDATE="2079-06-06" ISACTUAL="1" ISACTIVE="1" /><STEAD ID="68694024" OBJECTID="165204961" OBJECTGUID="4657c723-e768-4119-a937-af18a309b615" CHANGEID="600903746" NUMBER="7" OPERTYPEID="10" PREVID="0" NEXTID="0" UPDATEDATE="2024-09-11" STARTDATE="2024-09-11" ENDDATE="2079-06-06" ISACTUAL="1" ISACTIVE="1" /><STEAD ID="68694055" OBJECTID="165205093" OBJECTGUID="17ac6b8c-9c55-4fd2-a6d8-37371afe5ecc" CHANGEID="600903953" NUMBER="36" OPERTYPEID="10" PREVID="0" NEXTID="0" UPDATEDATE="2024-09-11" STARTDATE="2024-09-11" ENDDATE="2079-06-06" ISACTUAL="1" ISACTIVE="1" /><STEAD ID="68694969" OBJECTID="165206156" OBJECTGUID="63a87cdc-fa6c-4308-91cf-8854133135b0" CHANGEID="600905473" NUMBER="10" OPERTYPEID="10" PREVID="0" NEXTID="0" UPDATEDATE="2024-09-11" STARTDATE="2024-09-11" ENDDATE="2079-06-06" ISACTUAL="1" ISACTIVE="1" /><STEAD ID="68694903" OBJECTID="165206073" OBJECTGUID="9c23fac2-34e6-4b1a-b998-530607edabbf" CHANGEID="600905314" NUMBER="14" OPERTYPEID="10" PREVID="0" NEXTID="0" UPDATEDATE="2024-09-11" STARTDATE="2024-09-11" ENDDATE="2079-06-06" ISACTUAL="1" ISACTIVE="1" /><STEAD ID="68695083" OBJECTID="165206307" OBJECTGUID="2a9b8da4-61b2-47cf-ada3-2b42cc7ef3a9" CHANGEID="600905702" NUMBER="84" OPERTYPEID="10" PREVID="0" NEXTID="0" UPDATEDATE="2024-09-11" STARTDATE="2024-09-11" ENDDATE="2079-06-06" ISACTUAL="1" ISACTIVE="1" /><STEAD ID="68695109" OBJECTID="165206354" OBJECTGUID="f99ec4bf-bef3-44a4-ab13-a5b163662dd1" CHANGEID="600905782" NUMBER="20" OPERTYPEID="10" PREVID="0" NEXTID="0" UPDATEDATE="2024-09-11" STARTDATE="2024-09-11" ENDDATE="2079-06-06" ISACTUAL="1" ISACTIVE="1" /><STEAD ID="68695286" OBJECTID="165206681" OBJECTGUID="eb6c0ad3-a9e4-40d0-8c1f-b2b368a3e8c3" CHANGEID="600906353" NUMBER="18" OPERTYPEID="10" PREVID="0" NEXTID="0" UPDATEDATE="2024-09-11" STARTDATE="2024-09-11" ENDDATE="2079-06-06" ISACTUAL="1" ISACTIVE="1" /><STEAD ID="68695307" OBJECTID="165206703" OBJECTGUID="3bd12f21-46f2-4798-a96f-4143254f58f6" CHANGEID="600906383" NUMBER="6" OPERTYPEID="10" PREVID="0" NEXTID="0" UPDATEDATE="2024-09-11" STARTDATE="2024-09-11" ENDDATE="2079-06-06" ISACTUAL="1" ISACTIVE="1" /><STEAD ID="68695656" OBJECTID="165207188" OBJECTGUID="737b9a42-7434-49f4-bba3-cbf4ec920fa3" CHANGEID="600907098" NUMBER="12" OPERTYPEID="10" PREVID="0" NEXTID="0" UPDATEDATE="2024-09-11" STARTDATE="2024-09-11" ENDDATE="2079-06-06" ISACTUAL="1" ISACTIVE="1" /><STEAD ID="68695674" OBJECTID="165207209" OBJECTGUID="ad2fd419-48af-46c8-99ae-4befd64ed90a" CHANGEID="600907142" NUMBER="9" OPERTYPEID="10" PREVID="0" NEXTID="0" UPDATEDATE="2024-09-11" STARTDATE="2024-09-11" ENDDATE="2079-06-06" ISACTUAL="1" ISACTIVE="1" /><STEAD ID="68695684" OBJECTID="165207226" OBJECTGUID="b24c89d5-5f84-4a2e-91b8-8dc15d8006c7" CHANGEID="600907165" NUMBER="17" OPERTYPEID="10" PREVID="0" NEXTID="0" UPDATEDATE="2024-09-11" STARTDATE="2024-09-11" ENDDATE="2079-06-06" ISACTUAL="1" ISACTIVE="1" /><STEAD ID="68695691" OBJECTID="165207233" OBJECTGUID="fb603c4b-a688-408b-9811-74dab48aa1a8" CHANGEID="600907178" NUMBER="16" OPERTYPEID="10" PREVID="0" NEXTID="0" UPDATEDATE="2024-09-11" STARTDATE="2024-09-11" ENDDATE="2079-06-06" ISACTUAL="1" ISACTIVE="1" /><STEAD ID="68695705" OBJECTID="165207253" OBJECTGUID="e21e765f-a0af-4616-b9bc-965e0525fd1e" CHANGEID="600907215" NUMBER="5" OPERTYPEID="10" PREVID="0" NEXTID="0" UPDATEDATE="2024-09-11" STARTDATE="2024-09-11" ENDDATE="2079-06-06" ISACTUAL="1" ISACTIVE="1" /><STEAD ID="68695730" OBJECTID="165207303" OBJECTGUID="9ffcf85d-5ee8-4354-b4c5-809cf7af9d11" CHANGEID="600907288" NUMBER="26" OPERTYPEID="10" PREVID="0" NEXTID="0" UPDATEDATE="2024-09-11" STARTDATE="2024-09-11" ENDDATE="2079-06-06" ISACTUAL="1" ISACTIVE="1" /><STEAD ID="68695743" OBJECTID="165207319" OBJECTGUID="6fe5f69c-fea6-4151-afb8-0e14ee6fe7e0" CHANGEID="600907314" NUMBER="7" OPERTYPEID="10" PREVID="0" NEXTID="0" UPDATEDATE="2024-09-11" STARTDATE="2024-09-11" ENDDATE="2079-06-06" ISACTUAL="1" ISACTIVE="1" /><STEAD ID="68695756" OBJECTID="165207355" OBJECTGUID="fe226b77-5faa-41fc-bd5e-c6c7b31d55df" CHANGEID="600907363" NUMBER="28" OPERTYPEID="10" PREVID="0" NEXTID="0" UPDATEDATE="2024-09-11" STARTDATE="2024-09-11" ENDDATE="2079-06-06" ISACTUAL="1" ISACTIVE="1" /><STEAD ID="68695721" OBJECTID="165207287" OBJECTGUID="8c9fca04-0656-4b99-82cb-e531dc3e9dba" CHANGEID="600907258" NUMBER="10" OPERTYPEID="10" PREVID="0" NEXTID="0" UPDATEDATE="2024-09-11" STARTDATE="2024-09-11" ENDDATE="2079-06-06" ISACTUAL="1" ISACTIVE="1" /><STEAD ID="68695783" OBJECTID="165207392" OBJECTGUID="2abbeab1-2eb8-4206-8da6-3b126830b549" CHANGEID="600907413" NUMBER="14" OPERTYPEID="10" PREVID="0" NEXTID="0" UPDATEDATE="2024-09-11" STARTDATE="2024-09-11" ENDDATE="2079-06-06" ISACTUAL="1" ISACTIVE="1" /><STEAD ID="68695885" OBJECTID="165207526" OBJECTGUID="dfbd0f21-e22b-470f-9fed-9929ca101b1f" CHANGEID="600907578" NUMBER="27" OPERTYPEID="10" PREVID="0" NEXTID="0" UPDATEDATE="2024-09-11" STARTDATE="2024-09-11" ENDDATE="2079-06-06" ISACTUAL="1" ISACTIVE="1" /><STEAD ID="68695895" OBJECTID="165207554" OBJECTGUID="3c9ed550-1509-4eb6-9599-eb11df4fc221" CHANGEID="600907635" NUMBER="38" OPERTYPEID="10" PREVID="0" NEXTID="0" UPDATEDATE="2024-09-11" STARTDATE="2024-09-11" ENDDATE="2079-06-06" ISACTUAL="1" ISACTIVE="1" /><STEAD ID="68695905" OBJECTID="165207573" OBJECTGUID="15d84c45-9109-4dfe-be5f-229094db8ad7" CHANGEID="600907661" NUMBER="39" OPERTYPEID="10" PREVID="0" NEXTID="0" UPDATEDATE="2024-09-11" STARTDATE="2024-09-11" ENDDATE="2079-06-06" ISACTUAL="1" ISACTIVE="1" /><STEAD ID="68695910" OBJECTID="165207581" OBJECTGUID="213a2d04-ee56-4b3a-95b0-73acfc2fa50e" CHANGEID="600907675" NUMBER="1" OPERTYPEID="10" PREVID="0" NEXTID="0" UPDATEDATE="2024-09-11" STARTDATE="2024-09-11" ENDDATE="2079-06-06" ISACTUAL="1" ISACTIVE="1" /><STEAD ID="68695933" OBJECTID="165207607" OBJECTGUID="36061e5f-b48f-45f3-91b0-08aa77e2b0f9" CHANGEID="600907705" NUMBER="41" OPERTYPEID="10" PREVID="0" NEXTID="0" UPDATEDATE="2024-09-11" STARTDATE="2024-09-11" ENDDATE="2079-06-06" ISACTUAL="1" ISACTIVE="1" /><STEAD ID="68696002" OBJECTID="165207686" OBJECTGUID="dff04fb1-62f7-4759-81e9-2436a75f5125" CHANGEID="600907789" NUMBER="12" OPERTYPEID="10" PREVID="0" NEXTID="0" UPDATEDATE="2024-09-11" STARTDATE="2024-09-11" ENDDATE="2079-06-06" ISACTUAL="1" ISACTIVE="1" /><STEAD ID="68696014" OBJECTID="165207719" OBJECTGUID="d48e4988-a160-4da6-a789-56c9172dd5d9" CHANGEID="600907844" NUMBER="67" OPERTYPEID="10" PREVID="0" NEXTID="0" UPDATEDATE="2024-09-11" STARTDATE="2024-09-11" ENDDATE="2079-06-06" ISACTUAL="1" ISACTIVE="1" /><STEAD ID="68696029" OBJECTID="165207738" OBJECTGUID="8f04f494-b0b1-479c-8344-a66d7a10fc6e" CHANGEID="600907874" NUMBER="22" OPERTYPEID="10" PREVID="0" NEXTID="0" UPDATEDATE="2024-09-11" STARTDATE="2024-09-11" ENDDATE="2079-06-06" ISACTUAL="1" ISACTIVE="1" /><STEAD ID="68696022" OBJECTID="165207731" OBJECTGUID="ec0897c5-935e-4516-bc89-59f80588dbfd" CHANGEID="600907866" NUMBER="12" OPERTYPEID="10" PREVID="0" NEXTID="0" UPDATEDATE="2024-09-11" STARTDATE="2024-09-11" ENDDATE="2079-06-06" ISACTUAL="1" ISACTIVE="1" /><STEAD ID="68696117" OBJECTID="165207891" OBJECTGUID="d7972093-b05b-4109-977a-5dcb1b9633ff" CHANGEID="600908211" NUMBER="5а" OPERTYPEID="10" PREVID="0" NEXTID="0" UPDATEDATE="2024-09-11" STARTDATE="2024-09-11" ENDDATE="2079-06-06" ISACTUAL="1" ISACTIVE="1" /><STEAD ID="68696062" OBJECTID="165207789" OBJECTGUID="9b97325c-e9c7-4da9-84d7-460f92bdee23" CHANGEID="600907935" NUMBER="18" OPERTYPEID="10" PREVID="0" NEXTID="0" UPDATEDATE="2024-09-11" STARTDATE="2024-09-11" ENDDATE="2079-06-06" ISACTUAL="1" ISACTIVE="1" /><STEAD ID="68696078" OBJECTID="165207815" OBJECTGUID="904a14fa-3aa4-463b-b628-d5266ba10f81" CHANGEID="600907997" NUMBER="53" OPERTYPEID="10" PREVID="0" NEXTID="0" UPDATEDATE="2024-09-11" STARTDATE="2024-09-11" ENDDATE="2079-06-06" ISACTUAL="1" ISACTIVE="1" /><STEAD ID="68696086" OBJECTID="165207832" OBJECTGUID="c7429fa6-078a-4796-930c-cc75866d4f96" CHANGEID="600908041" NUMBER="3" OPERTYPEID="10" PREVID="0" NEXTID="0" UPDATEDATE="2024-09-11" STARTDATE="2024-09-11" ENDDATE="2079-06-06" ISACTUAL="1" ISACTIVE="1" /><STEAD ID="68696098" OBJECTID="165207850" OBJECTGUID="71271631-55a7-4c8c-8698-fc04da6c5d04" CHANGEID="600908134" NUMBER="75" OPERTYPEID="10" PREVID="0" NEXTID="0" UPDATEDATE="2024-09-11" STARTDATE="2024-09-11" ENDDATE="2079-06-06" ISACTUAL="1" ISACTIVE="1" /><STEAD ID="68696105" OBJECTID="165207875" OBJECTGUID="0a90eee2-08c4-42ae-bd88-1e909cf25806" CHANGEID="600908176" NUMBER="225" OPERTYPEID="10" PREVID="0" NEXTID="0" UPDATEDATE="2024-09-11" STARTDATE="2024-09-11" ENDDATE="2079-06-06" ISACTUAL="1" ISACTIVE="1" /><STEAD ID="68696127" OBJECTID="165207906" OBJECTGUID="65624be6-0712-44dd-b7e8-b6d1d221b432" CHANGEID="600908234" NUMBER="97/1" OPERTYPEID="10" PREVID="0" NEXTID="0" UPDATEDATE="2024-09-11" STARTDATE="2024-09-11" ENDDATE="2079-06-06" ISACTUAL="1" ISACTIVE="1" /><STEAD ID="68696133" OBJECTID="165207915" OBJECTGUID="2a8ea20d-9ce1-4966-814c-2c3f815e080d" CHANGEID="600908252" NUMBER="5" OPERTYPEID="10" PREVID="0" NEXTID="0" UPDATEDATE="2024-09-11" STARTDATE="2024-09-11" ENDDATE="2079-06-06" ISACTUAL="1" ISACTIVE="1" /><STEAD ID="68696141" OBJECTID="165207928" OBJECTGUID="7bf2b5c7-13d5-4b60-90c5-b7e047ab0d19" CHANGEID="600908273" NUMBER="16" OPERTYPEID="10" PREVID="0" NEXTID="0" UPDATEDATE="2024-09-11" STARTDATE="2024-09-11" ENDDATE="2079-06-06" ISACTUAL="1" ISACTIVE="1" /><STEAD ID="68696439" OBJECTID="165208430" OBJECTGUID="d5d143ef-9195-46c5-947a-6a61d0950755" CHANGEID="600909488" NUMBER="41" OPERTYPEID="10" PREVID="0" NEXTID="0" UPDATEDATE="2024-09-11" STARTDATE="2024-09-11" ENDDATE="2079-06-06" ISACTUAL="1" ISACTIVE="1" /><STEAD ID="68696469" OBJECTID="165208689" OBJECTGUID="edc9709e-c09a-421c-bab2-f5e02740de9e" CHANGEID="600909787" NUMBER="43" OPERTYPEID="10" PREVID="0" NEXTID="0" UPDATEDATE="2024-09-11" STARTDATE="2024-09-11" ENDDATE="2079-06-06" ISACTUAL="1" ISACTIVE="1" /><STEAD ID="68696482" OBJECTID="165208703" OBJECTGUID="3848f748-8815-45b0-b5b9-b21c2114a0f1" CHANGEID="600909809" NUMBER="5" OPERTYPEID="10" PREVID="0" NEXTID="0" UPDATEDATE="2024-09-11" STARTDATE="2024-09-11" ENDDATE="2079-06-06" ISACTUAL="1" ISACTIVE="1" /><STEAD ID="68696521" OBJECTID="165208764" OBJECTGUID="0880ffc9-0e85-4f79-8661-92b631ce2b8b" CHANGEID="600909927" NUMBER="24" OPERTYPEID="10" PREVID="0" NEXTID="0" UPDATEDATE="2024-09-11" STARTDATE="2024-09-11" ENDDATE="2079-06-06" ISACTUAL="1" ISACTIVE="1" /><STEAD ID="68696609" OBJECTID="165208859" OBJECTGUID="78ac902e-a8db-4595-95b8-c18ec2708df9" CHANGEID="600910329" NUMBER="36" OPERTYPEID="10" PREVID="0" NEXTID="0" UPDATEDATE="2024-09-11" STARTDATE="2024-09-11" ENDDATE="2079-06-06" ISACTUAL="1" ISACTIVE="1" /><STEAD ID="68696577" OBJECTID="165208824" OBJECTGUID="8c009e34-3765-4d1b-8ccb-1c4782560786" CHANGEID="600910016" NUMBER="24" OPERTYPEID="10" PREVID="0" NEXTID="0" UPDATEDATE="2024-09-11" STARTDATE="2024-09-11" ENDDATE="2079-06-06" ISACTUAL="1" ISACTIVE="1" /><STEAD ID="68696593" OBJECTID="165208842" OBJECTGUID="0db794ad-3ae2-459e-8144-f54d0ae42bb8" CHANGEID="600910270" NUMBER="65" OPERTYPEID="10" PREVID="0" NEXTID="0" UPDATEDATE="2024-09-11" STARTDATE="2024-09-11" ENDDATE="2079-06-06" ISACTUAL="1" ISACTIVE="1" /><STEAD ID="68696636" OBJECTID="165209117" OBJECTGUID="f95ba767-cc71-45ae-8343-de148fb67bda" CHANGEID="600910618" NUMBER="9" OPERTYPEID="10" PREVID="0" NEXTID="0" UPDATEDATE="2024-09-11" STARTDATE="2024-09-11" ENDDATE="2079-06-06" ISACTUAL="1" ISACTIVE="1" /><STEAD ID="68696617" OBJECTID="165208865" OBJECTGUID="ac1b5e7d-9f62-4e1a-a67b-722ef73ed7ca" CHANGEID="600910347" NUMBER="1а" OPERTYPEID="10" PREVID="0" NEXTID="0" UPDATEDATE="2024-09-11" STARTDATE="2024-09-11" ENDDATE="2079-06-06" ISACTUAL="1" ISACTIVE="1" /><STEAD ID="68696652" OBJECTID="165209141" OBJECTGUID="b7d15faa-4f27-443d-8043-295c8829f07a" CHANGEID="600910650" NUMBER="1" OPERTYPEID="10" PREVID="0" NEXTID="0" UPDATEDATE="2024-09-11" STARTDATE="2024-09-11" ENDDATE="2079-06-06" ISACTUAL="1" ISACTIVE="1" /><STEAD ID="68696713" OBJECTID="165209204" OBJECTGUID="ac697644-1a6c-4540-9e52-4564682f9f68" CHANGEID="600910727" NUMBER="47" OPERTYPEID="10" PREVID="0" NEXTID="0" UPDATEDATE="2024-09-11" STARTDATE="2024-09-11" ENDDATE="2079-06-06" ISACTUAL="1" ISACTIVE="1" /><STEAD ID="68696800" OBJECTID="165209298" OBJECTGUID="afcb5dd6-1057-41db-96ac-efbe59cb31af" CHANGEID="600910889" NUMBER="24" OPERTYPEID="10" PREVID="0" NEXTID="0" UPDATEDATE="2024-09-11" STARTDATE="2024-09-11" ENDDATE="2079-06-06" ISACTUAL="1" ISACTIVE="1" /><STEAD ID="68696805" OBJECTID="165209306" OBJECTGUID="aeb08f43-c3a2-4209-89be-21543dd2a94e" CHANGEID="600910902" NUMBER="32" OPERTYPEID="10" PREVID="0" NEXTID="0" UPDATEDATE="2024-09-11" STARTDATE="2024-09-11" ENDDATE="2079-06-06" ISACTUAL="1" ISACTIVE="1" /><STEAD ID="68696825" OBJECTID="165209331" OBJECTGUID="60c6111d-aab2-44e5-91e4-0eeddfbfd347" CHANGEID="600910946" NUMBER="55" OPERTYPEID="10" PREVID="0" NEXTID="0" UPDATEDATE="2024-09-11" STARTDATE="2024-09-11" ENDDATE="2079-06-06" ISACTUAL="1" ISACTIVE="1" /><STEAD ID="68696827" OBJECTID="165209333" OBJECTGUID="c3514764-c72b-4790-bd0b-b912b1af5f20" CHANGEID="600910948" NUMBER="23" OPERTYPEID="10" PREVID="0" NEXTID="0" UPDATEDATE="2024-09-11" STARTDATE="2024-09-11" ENDDATE="2079-06-06" ISACTUAL="1" ISACTIVE="1" /><STEAD ID="68697515" OBJECTID="165210451" OBJECTGUID="faa4a996-6be6-4601-bbf7-b08e71a2ecdd" CHANGEID="600912803" NUMBER="33" OPERTYPEID="10" PREVID="0" NEXTID="0" UPDATEDATE="2024-09-11" STARTDATE="2024-09-11" ENDDATE="2079-06-06" ISACTUAL="1" ISACTIVE="1" /><STEAD ID="68697557" OBJECTID="165210489" OBJECTGUID="8e16c360-9d39-49eb-9a15-4eb7b5a5d3c8" CHANGEID="600913245" NUMBER="103В" OPERTYPEID="10" PREVID="0" NEXTID="0" UPDATEDATE="2024-09-11" STARTDATE="2024-09-11" ENDDATE="2079-06-06" ISACTUAL="1" ISACTIVE="1" /><STEAD ID="68697612" OBJECTID="165210548" OBJECTGUID="8f9d9c3f-258a-424e-869e-f143a62b3554" CHANGEID="600913373" NUMBER="63" OPERTYPEID="10" PREVID="0" NEXTID="0" UPDATEDATE="2024-09-11" STARTDATE="2024-09-11" ENDDATE="2079-06-06" ISACTUAL="1" ISACTIVE="1" /><STEAD ID="68697628" OBJECTID="165210581" OBJECTGUID="2fc96396-79de-4263-b674-021cbd0f8863" CHANGEID="600913425" NUMBER="123" OPERTYPEID="10" PREVID="0" NEXTID="0" UPDATEDATE="2024-09-11" STARTDATE="2024-09-11" ENDDATE="2079-06-06" ISACTUAL="1" ISACTIVE="1" /><STEAD ID="68697688" OBJECTID="165210660" OBJECTGUID="f21f114f-1dfc-4dae-b677-31036792f42e" CHANGEID="600913553" NUMBER="2" OPERTYPEID="10" PREVID="0" NEXTID="0" UPDATEDATE="2024-09-11" STARTDATE="2024-09-11" ENDDATE="2079-06-06" ISACTUAL="1" ISACTIVE="1" /><STEAD ID="68697620" OBJECTID="165210564" OBJECTGUID="fa4df845-bf91-40d6-86c5-4a2c57588a36" CHANGEID="600913398" NUMBER="24" OPERTYPEID="10" PREVID="0" NEXTID="0" UPDATEDATE="2024-09-11" STARTDATE="2024-09-11" ENDDATE="2079-06-06" ISACTUAL="1" ISACTIVE="1" /><STEAD ID="68697632" OBJECTID="165210586" OBJECTGUID="31667ada-c6e0-4af6-87c2-f93c6bdd5cd7" CHANGEID="600913440" NUMBER="39" OPERTYPEID="10" PREVID="0" NEXTID="0" UPDATEDATE="2024-09-11" STARTDATE="2024-09-11" ENDDATE="2079-06-06" ISACTUAL="1" ISACTIVE="1" /><STEAD ID="68697638" OBJECTID="165210592" OBJECTGUID="304d2e93-cd50-4347-b8cf-d3c5d71b2ea5" CHANGEID="600913452" NUMBER="8" OPERTYPEID="10" PREVID="0" NEXTID="0" UPDATEDATE="2024-09-11" STARTDATE="2024-09-11" ENDDATE="2079-06-06" ISACTUAL="1" ISACTIVE="1" /><STEAD ID="68697664" OBJECTID="165210621" OBJECTGUID="a18f460e-37bd-4a25-9728-52640a288dd6" CHANGEID="600913490" NUMBER="20" OPERTYPEID="10" PREVID="0" NEXTID="0" UPDATEDATE="2024-09-11" STARTDATE="2024-09-11" ENDDATE="2079-06-06" ISACTUAL="1" ISACTIVE="1" /><STEAD ID="68697674" OBJECTID="165210639" OBJECTGUID="e3b1caf9-0e1f-435e-a269-117414ad1168" CHANGEID="600913518" NUMBER="52" OPERTYPEID="10" PREVID="0" NEXTID="0" UPDATEDATE="2024-09-11" STARTDATE="2024-09-11" ENDDATE="2079-06-06" ISACTUAL="1" ISACTIVE="1" /><STEAD ID="68697716" OBJECTID="165210725" OBJECTGUID="a88ce36e-b279-4cab-9abc-1183cec7b57c" CHANGEID="600913641" NUMBER="6" OPERTYPEID="10" PREVID="0" NEXTID="0" UPDATEDATE="2024-09-11" STARTDATE="2024-09-11" ENDDATE="2079-06-06" ISACTUAL="1" ISACTIVE="1" /><STEAD ID="68697807" OBJECTID="165210976" OBJECTGUID="05091182-fb07-4c65-bd0b-d70c8d4ca887" CHANGEID="600914044" NUMBER="6" OPERTYPEID="10" PREVID="0" NEXTID="0" UPDATEDATE="2024-09-11" STARTDATE="2024-09-11" ENDDATE="2079-06-06" ISACTUAL="1" ISACTIVE="1" /><STEAD ID="68697827" OBJECTID="165211053" OBJECTGUID="96e7f8d8-c896-40df-9b78-08f6ef4680f8" CHANGEID="600914240" NUMBER="39А" OPERTYPEID="10" PREVID="0" NEXTID="0" UPDATEDATE="2024-09-11" STARTDATE="2024-09-11" ENDDATE="2079-06-06" ISACTUAL="1" ISACTIVE="1" /><STEAD ID="68698486" OBJECTID="165211836" OBJECTGUID="9f5b1afe-bc0f-4221-ae7d-067435727de8" CHANGEID="600915145" NUMBER="59" OPERTYPEID="10" PREVID="0" NEXTID="0" UPDATEDATE="2024-09-11" STARTDATE="2024-09-11" ENDDATE="2079-06-06" ISACTUAL="1" ISACTIVE="1" /><STEAD ID="68698604" OBJECTID="165212051" OBJECTGUID="88ef2315-af50-4a58-bf9f-263cf9718558" CHANGEID="600915620" NUMBER="41" OPERTYPEID="10" PREVID="0" NEXTID="0" UPDATEDATE="2024-09-11" STARTDATE="2024-09-11" ENDDATE="2079-06-06" ISACTUAL="1" ISACTIVE="1" /><STEAD ID="68698608" OBJECTID="165212055" OBJECTGUID="e873437c-8c3a-469a-a479-55893ff4beff" CHANGEID="600915626" NUMBER="52" OPERTYPEID="10" PREVID="0" NEXTID="0" UPDATEDATE="2024-09-11" STARTDATE="2024-09-11" ENDDATE="2079-06-06" ISACTUAL="1" ISACTIVE="1" /><STEAD ID="68698670" OBJECTID="165212130" OBJECTGUID="872c29d1-3627-4e10-bf48-3ec68fbfba5e" CHANGEID="600915720" NUMBER="2/20" OPERTYPEID="10" PREVID="0" NEXTID="0" UPDATEDATE="2024-09-11" STARTDATE="2024-09-11" ENDDATE="2079-06-06" ISACTUAL="1" ISACTIVE="1" /><STEAD ID="68698699" OBJECTID="165212167" OBJECTGUID="01c35fdf-7059-4b3b-8af2-4ddba316386b" CHANGEID="600915769" NUMBER="49" OPERTYPEID="10" PREVID="0" NEXTID="0" UPDATEDATE="2024-09-11" STARTDATE="2024-09-11" ENDDATE="2079-06-06" ISACTUAL="1" ISACTIVE="1" /><STEAD ID="68698768" OBJECTID="165212264" OBJECTGUID="a3e37590-dc97-4934-98db-3ef96406441d" CHANGEID="600915915" NUMBER="12" OPERTYPEID="10" PREVID="0" NEXTID="0" UPDATEDATE="2024-09-11" STARTDATE="2024-09-11" ENDDATE="2079-06-06" ISACTUAL="1" ISACTIVE="1" /><STEAD ID="68698724" OBJECTID="165212192" OBJECTGUID="909894f0-7da7-40c1-9784-0d32ac87f5d0" CHANGEID="600915810" NUMBER="38" OPERTYPEID="10" PREVID="0" NEXTID="0" UPDATEDATE="2024-09-11" STARTDATE="2024-09-11" ENDDATE="2079-06-06" ISACTUAL="1" ISACTIVE="1" /><STEAD ID="68698776" OBJECTID="165212289" OBJECTGUID="28498428-aa73-4700-9716-599794c842dd" CHANGEID="600915953" NUMBER="245" OPERTYPEID="10" PREVID="0" NEXTID="0" UPDATEDATE="2024-09-11" STARTDATE="2024-09-11" ENDDATE="2079-06-06" ISACTUAL="1" ISACTIVE="1" /><STEAD ID="68699248" OBJECTID="165213032" OBJECTGUID="f0220d56-210a-4e05-952d-cefa3acb9e25" CHANGEID="600916977" NUMBER="48" OPERTYPEID="10" PREVID="0" NEXTID="0" UPDATEDATE="2024-09-11" STARTDATE="2024-09-11" ENDDATE="2079-06-06" ISACTUAL="1" ISACTIVE="1" /><STEAD ID="68699265" OBJECTID="165213057" OBJECTGUID="6ab4188f-ed46-43be-bea1-f7d1bbcacc67" CHANGEID="600917019" NUMBER="87" OPERTYPEID="10" PREVID="0" NEXTID="0" UPDATEDATE="2024-09-11" STARTDATE="2024-09-11" ENDDATE="2079-06-06" ISACTUAL="1" ISACTIVE="1" /><STEAD ID="68699330" OBJECTID="165213128" OBJECTGUID="ceec5663-822e-4ab1-91d7-5748a126dac3" CHANGEID="600917095" NUMBER="6" OPERTYPEID="10" PREVID="0" NEXTID="0" UPDATEDATE="2024-09-11" STARTDATE="2024-09-11" ENDDATE="2079-06-06" ISACTUAL="1" ISACTIVE="1" /><STEAD ID="68699413" OBJECTID="165213240" OBJECTGUID="8c53b653-0b9f-4561-877e-e1ee98383452" CHANGEID="600917233" NUMBER="103" OPERTYPEID="10" PREVID="0" NEXTID="0" UPDATEDATE="2024-09-11" STARTDATE="2024-09-11" ENDDATE="2079-06-06" ISACTUAL="1" ISACTIVE="1" /><STEAD ID="68699432" OBJECTID="165213264" OBJECTGUID="b875e705-0615-4a33-a76c-77c102a90474" CHANGEID="600917268" NUMBER="3" OPERTYPEID="10" PREVID="0" NEXTID="0" UPDATEDATE="2024-09-11" STARTDATE="2024-09-11" ENDDATE="2079-06-06" ISACTUAL="1" ISACTIVE="1" /><STEAD ID="68699442" OBJECTID="165213275" OBJECTGUID="a8f19798-91df-478b-a8d0-8008e288511d" CHANGEID="600917282" NUMBER="5" OPERTYPEID="10" PREVID="0" NEXTID="0" UPDATEDATE="2024-09-11" STARTDATE="2024-09-11" ENDDATE="2079-06-06" ISACTUAL="1" ISACTIVE="1" /><STEAD ID="68699463" OBJECTID="165213300" OBJECTGUID="6ffdd3e7-8060-4a56-b213-c64ed073a8e5" CHANGEID="600917316" NUMBER="79" OPERTYPEID="10" PREVID="0" NEXTID="0" UPDATEDATE="2024-09-11" STARTDATE="2024-09-11" ENDDATE="2079-06-06" ISACTUAL="1" ISACTIVE="1" /><STEAD ID="68699374" OBJECTID="165213172" OBJECTGUID="aa28a8af-0a02-4677-89bc-1dd320916dfd" CHANGEID="600917144" NUMBER="31" OPERTYPEID="10" PREVID="0" NEXTID="0" UPDATEDATE="2024-09-11" STARTDATE="2024-09-11" ENDDATE="2079-06-06" ISACTUAL="1" ISACTIVE="1" /><STEAD ID="68699388" OBJECTID="165213199" OBJECTGUID="48bf2bbb-e5c9-4f58-b77d-9b9649b18b3e" CHANGEID="600917181" NUMBER="180" OPERTYPEID="10" PREVID="0" NEXTID="0" UPDATEDATE="2024-09-11" STARTDATE="2024-09-11" ENDDATE="2079-06-06" ISACTUAL="1" ISACTIVE="1" /><STEAD ID="68699484" OBJECTID="165213322" OBJECTGUID="700410c2-3ca2-43b8-996f-896edd1be532" CHANGEID="600917362" NUMBER="18" OPERTYPEID="10" PREVID="0" NEXTID="0" UPDATEDATE="2024-09-11" STARTDATE="2024-09-11" ENDDATE="2079-06-06" ISACTUAL="1" ISACTIVE="1" /><STEAD ID="68699489" OBJECTID="165213327" OBJECTGUID="0c2b13a0-17bc-48a4-8219-687140834ce4" CHANGEID="600917372" NUMBER="9" OPERTYPEID="10" PREVID="0" NEXTID="0" UPDATEDATE="2024-09-11" STARTDATE="2024-09-11" ENDDATE="2079-06-06" ISACTUAL="1" ISACTIVE="1" /><STEAD ID="68699513" OBJECTID="165213360" OBJECTGUID="e973efae-45bf-4567-b91d-730d9dfb806b" CHANGEID="600917427" NUMBER="46" OPERTYPEID="10" PREVID="0" NEXTID="0" UPDATEDATE="2024-09-11" STARTDATE="2024-09-11" ENDDATE="2079-06-06" ISACTUAL="1" ISACTIVE="1" /><STEAD ID="68699531" OBJECTID="165213377" OBJECTGUID="6d4f6f2a-a847-48a2-b3bd-f1c79ce78eb9" CHANGEID="600917454" NUMBER="71" OPERTYPEID="10" PREVID="0" NEXTID="0" UPDATEDATE="2024-09-11" STARTDATE="2024-09-11" ENDDATE="2079-06-06" ISACTUAL="1" ISACTIVE="1" /><STEAD ID="68699564" OBJECTID="165213413" OBJECTGUID="70b231b6-1bda-47dc-85a3-b9532b5dfcab" CHANGEID="600917506" NUMBER="39" OPERTYPEID="10" PREVID="0" NEXTID="0" UPDATEDATE="2024-09-11" STARTDATE="2024-09-11" ENDDATE="2079-06-06" ISACTUAL="1" ISACTIVE="1" /><STEAD ID="68699550" OBJECTID="165213398" OBJECTGUID="9a4f9b01-ab9f-457d-8de9-be8f8e4f166c" CHANGEID="600917483" NUMBER="55" OPERTYPEID="10" PREVID="0" NEXTID="0" UPDATEDATE="2024-09-11" STARTDATE="2024-09-11" ENDDATE="2079-06-06" ISACTUAL="1" ISACTIVE="1" /><STEAD ID="68699580" OBJECTID="165213446" OBJECTGUID="961c4080-3d7c-4b86-9147-3a776970d17d" CHANGEID="600917551" NUMBER="281" OPERTYPEID="10" PREVID="0" NEXTID="0" UPDATEDATE="2024-09-11" STARTDATE="2024-09-11" ENDDATE="2079-06-06" ISACTUAL="1" ISACTIVE="1" /><STEAD ID="68699594" OBJECTID="165213461" OBJECTGUID="0e4f3686-3523-479d-8de7-0a9bc7c42ea7" CHANGEID="600917591" NUMBER="112" OPERTYPEID="10" PREVID="0" NEXTID="0" UPDATEDATE="2024-09-11" STARTDATE="2024-09-11" ENDDATE="2079-06-06" ISACTUAL="1" ISACTIVE="1" /><STEAD ID="68699650" OBJECTID="165213515" OBJECTGUID="31b19c50-7212-40d2-97d5-87ea8ab270fb" CHANGEID="600917690" NUMBER="121" OPERTYPEID="10" PREVID="0" NEXTID="0" UPDATEDATE="2024-09-11" STARTDATE="2024-09-11" ENDDATE="2079-06-06" ISACTUAL="1" ISACTIVE="1" /><STEAD ID="68699615" OBJECTID="165213483" OBJECTGUID="5658761a-32d9-4afd-a74f-c0b64e208253" CHANGEID="600917619" NUMBER="276" OPERTYPEID="10" PREVID="0" NEXTID="0" UPDATEDATE="2024-09-11" STARTDATE="2024-09-11" ENDDATE="2079-06-06" ISACTUAL="1" ISACTIVE="1" /><STEAD ID="68699627" OBJECTID="165213492" OBJECTGUID="7dc4433c-7c3a-4178-b177-3152b293cd38" CHANGEID="600917655" NUMBER="69" OPERTYPEID="10" PREVID="0" NEXTID="0" UPDATEDATE="2024-09-11" STARTDATE="2024-09-11" ENDDATE="2079-06-06" ISACTUAL="1" ISACTIVE="1" /><STEAD ID="68699665" OBJECTID="165213551" OBJECTGUID="f280c7d0-bd3a-4aa5-9b7d-d28219f69d77" CHANGEID="600917742" NUMBER="18" OPERTYPEID="10" PREVID="0" NEXTID="0" UPDATEDATE="2024-09-11" STARTDATE="2024-09-11" ENDDATE="2079-06-06" ISACTUAL="1" ISACTIVE="1" /><STEAD ID="68699702" OBJECTID="165213588" OBJECTGUID="ded5391b-956a-4a0c-8c39-4ac1246b07ad" CHANGEID="600918033" NUMBER="25" OPERTYPEID="10" PREVID="0" NEXTID="0" UPDATEDATE="2024-09-11" STARTDATE="2024-09-11" ENDDATE="2079-06-06" ISACTUAL="1" ISACTIVE="1" /><STEAD ID="68699719" OBJECTID="165213623" OBJECTGUID="e9210a1e-c1b6-4c26-88f3-146271a18d19" CHANGEID="600918077" NUMBER="48" OPERTYPEID="10" PREVID="0" NEXTID="0" UPDATEDATE="2024-09-11" STARTDATE="2024-09-11" ENDDATE="2079-06-06" ISACTUAL="1" ISACTIVE="1" /><STEAD ID="68699729" OBJECTID="165213638" OBJECTGUID="15da0cfe-2d86-4f36-a82d-8250a6419cac" CHANGEID="600918105" NUMBER="47" OPERTYPEID="10" PREVID="0" NEXTID="0" UPDATEDATE="2024-09-11" STARTDATE="2024-09-11" ENDDATE="2079-06-06" ISACTUAL="1" ISACTIVE="1" /><STEAD ID="68699741" OBJECTID="165213650" OBJECTGUID="dd725c74-0514-4550-89ad-ad42f58df3b9" CHANGEID="600918122" NUMBER="54" OPERTYPEID="10" PREVID="0" NEXTID="0" UPDATEDATE="2024-09-11" STARTDATE="2024-09-11" ENDDATE="2079-06-06" ISACTUAL="1" ISACTIVE="1" /><STEAD ID="68701892" OBJECTID="165216652" OBJECTGUID="b9317da5-5eaa-4f4f-ab8b-d6b02541beb8" CHANGEID="600923496" NUMBER="71" OPERTYPEID="10" PREVID="0" NEXTID="0" UPDATEDATE="2024-09-11" STARTDATE="2024-09-11" ENDDATE="2079-06-06" ISACTUAL="1" ISACTIVE="1" /><STEAD ID="68702379" OBJECTID="165217833" OBJECTGUID="a694f81b-84f4-49bd-b60f-1089304b77d0" CHANGEID="600925125" NUMBER="122" OPERTYPEID="10" PREVID="0" NEXTID="0" UPDATEDATE="2024-09-11" STARTDATE="2024-09-11" ENDDATE="2079-06-06" ISACTUAL="1" ISACTIVE="1" /><STEAD ID="68704176" OBJECTID="165220417" OBJECTGUID="416a3027-11d5-4290-8163-20d068a39ddb" CHANGEID="600930856" NUMBER="27" OPERTYPEID="10" PREVID="0" NEXTID="0" UPDATEDATE="2024-09-11" STARTDATE="2024-09-11" ENDDATE="2079-06-06" ISACTUAL="1" ISACTIVE="1" /><STEAD ID="68704325" OBJECTID="165220573" OBJECTGUID="036dc6e4-04e2-4f99-a734-7c8a370543d3" CHANGEID="600931192" NUMBER="2" OPERTYPEID="10" PREVID="0" NEXTID="0" UPDATEDATE="2024-09-11" STARTDATE="2024-09-11" ENDDATE="2079-06-06" ISACTUAL="1" ISACTIVE="1" /><STEAD ID="68704331" OBJECTID="165220582" OBJECTGUID="485e942c-2913-41a4-ab0a-5aecfa8b549f" CHANGEID="600931202" NUMBER="3" OPERTYPEID="10" PREVID="0" NEXTID="0" UPDATEDATE="2024-09-11" STARTDATE="2024-09-11" ENDDATE="2079-06-06" ISACTUAL="1" ISACTIVE="1" /><STEAD ID="68704342" OBJECTID="165220602" OBJECTGUID="1869433a-596d-44f8-8b12-34f2e2ff9439" CHANGEID="600931232" NUMBER="5" OPERTYPEID="10" PREVID="0" NEXTID="0" UPDATEDATE="2024-09-11" STARTDATE="2024-09-11" ENDDATE="2079-06-06" ISACTUAL="1" ISACTIVE="1" /><STEAD ID="68704356" OBJECTID="165220618" OBJECTGUID="490957da-5ed5-4b2b-b3e9-c7cfa43f0d4d" CHANGEID="600931473" NUMBER="8" OPERTYPEID="10" PREVID="0" NEXTID="0" UPDATEDATE="2024-09-11" STARTDATE="2024-09-11" ENDDATE="2079-06-06" ISACTUAL="1" ISACTIVE="1" /><STEAD ID="68704320" OBJECTID="165220566" OBJECTGUID="ecd3474b-256d-40ee-87f4-37b0acdea97b" CHANGEID="600931179" NUMBER="1" OPERTYPEID="10" PREVID="0" NEXTID="0" UPDATEDATE="2024-09-11" STARTDATE="2024-09-11" ENDDATE="2079-06-06" ISACTUAL="1" ISACTIVE="1" /><STEAD ID="68704337" OBJECTID="165220593" OBJECTGUID="8820bd44-0ae2-42a4-bc6f-490c59ef6cd4" CHANGEID="600931217" NUMBER="4" OPERTYPEID="10" PREVID="0" NEXTID="0" UPDATEDATE="2024-09-11" STARTDATE="2024-09-11" ENDDATE="2079-06-06" ISACTUAL="1" ISACTIVE="1" /><STEAD ID="68704348" OBJECTID="165220609" OBJECTGUID="b94b0267-4d16-420c-9857-2b3a88e479b3" CHANGEID="600931243" NUMBER="7" OPERTYPEID="10" PREVID="0" NEXTID="0" UPDATEDATE="2024-09-11" STARTDATE="2024-09-11" ENDDATE="2079-06-06" ISACTUAL="1" ISACTIVE="1" /><STEAD ID="68704359" OBJECTID="165220625" OBJECTGUID="879603ff-3cae-4708-a71c-f6b0d55dccad" CHANGEID="600931484" NUMBER="9" OPERTYPEID="10" PREVID="0" NEXTID="0" UPDATEDATE="2024-09-11" STARTDATE="2024-09-11" ENDDATE="2079-06-06" ISACTUAL="1" ISACTIVE="1" /><STEAD ID="68704868" OBJECTID="165221412" OBJECTGUID="6cff5bd5-a5c5-4be8-8786-3e5d8dcef349" CHANGEID="600932798" NUMBER="13" OPERTYPEID="10" PREVID="0" NEXTID="0" UPDATEDATE="2024-09-11" STARTDATE="2024-09-11" ENDDATE="2079-06-06" ISACTUAL="1" ISACTIVE="1" /><STEAD ID="68704871" OBJECTID="165221418" OBJECTGUID="0cf4a3cd-3811-4ba6-b9a8-301af50c358a" CHANGEID="600932806" NUMBER="3" OPERTYPEID="10" PREVID="0" NEXTID="0" UPDATEDATE="2024-09-11" STARTDATE="2024-09-11" ENDDATE="2079-06-06" ISACTUAL="1" ISACTIVE="1" /><STEAD ID="68704939" OBJECTID="165221572" OBJECTGUID="f09bf2c0-c4d2-42c8-b4c0-fc8b3dd3905e" CHANGEID="600933039" NUMBER="37" OPERTYPEID="10" PREVID="0" NEXTID="0" UPDATEDATE="2024-09-11" STARTDATE="2024-09-11" ENDDATE="2079-06-06" ISACTUAL="1" ISACTIVE="1" /><STEAD ID="68704860" OBJECTID="165221396" OBJECTGUID="aa7b930e-7147-4fd1-a489-521dd68b9c91" CHANGEID="600932773" NUMBER="11" OPERTYPEID="10" PREVID="0" NEXTID="0" UPDATEDATE="2024-09-11" STARTDATE="2024-09-11" ENDDATE="2079-06-06" ISACTUAL="1" ISACTIVE="1" /><STEAD ID="68704862" OBJECTID="165221401" OBJECTGUID="3a03d7f8-c16f-471a-bd94-5aefd512a4b5" CHANGEID="600932781" NUMBER="12" OPERTYPEID="10" PREVID="0" NEXTID="0" UPDATEDATE="2024-09-11" STARTDATE="2024-09-11" ENDDATE="2079-06-06" ISACTUAL="1" ISACTIVE="1" /><STEAD ID="68704875" OBJECTID="165221425" OBJECTGUID="fd7b89c4-5b37-4f8e-a9b3-04d2ae6030a0" CHANGEID="600932819" NUMBER="4/4" OPERTYPEID="10" PREVID="0" NEXTID="0" UPDATEDATE="2024-09-11" STARTDATE="2024-09-11" ENDDATE="2079-06-06" ISACTUAL="1" ISACTIVE="1" /><STEAD ID="68704880" OBJECTID="165221443" OBJECTGUID="9e151202-8018-48ca-a835-5707e42525d5" CHANGEID="600932843" NUMBER="4/5" OPERTYPEID="10" PREVID="0" NEXTID="0" UPDATEDATE="2024-09-11" STARTDATE="2024-09-11" ENDDATE="2079-06-06" ISACTUAL="1" ISACTIVE="1" /><STEAD ID="68704883" OBJECTID="165221446" OBJECTGUID="19c0ab24-5028-443d-aad6-3bc69ea862f7" CHANGEID="600932849" NUMBER="4/2" OPERTYPEID="10" PREVID="0" NEXTID="0" UPDATEDATE="2024-09-11" STARTDATE="2024-09-11" ENDDATE="2079-06-06" ISACTUAL="1" ISACTIVE="1" /><STEAD ID="68704887" OBJECTID="165221452" OBJECTGUID="9c9222da-13a3-4d81-8fcc-64d223c6b687" CHANGEID="600932859" NUMBER="5" OPERTYPEID="10" PREVID="0" NEXTID="0" UPDATEDATE="2024-09-11" STARTDATE="2024-09-11" ENDDATE="2079-06-06" ISACTUAL="1" ISACTIVE="1" /><STEAD ID="68704892" OBJECTID="165221458" OBJECTGUID="ed2670c7-a871-4f99-9a11-9334570d6a00" CHANGEID="600932891" NUMBER="7" OPERTYPEID="10" PREVID="0" NEXTID="0" UPDATEDATE="2024-09-11" STARTDATE="2024-09-11" ENDDATE="2079-06-06" ISACTUAL="1" ISACTIVE="1" /><STEAD ID="68704901" OBJECTID="165221479" OBJECTGUID="e761e340-efcb-4d83-9733-662306b5b7d7" CHANGEID="600932918" NUMBER="11" OPERTYPEID="10" PREVID="0" NEXTID="0" UPDATEDATE="2024-09-11" STARTDATE="2024-09-11" ENDDATE="2079-06-06" ISACTUAL="1" ISACTIVE="1" /><STEAD ID="68704903" OBJECTID="165221484" OBJECTGUID="d982e533-e781-4bc7-bff8-bc53a0d1e959" CHANGEID="600932924" NUMBER="13" OPERTYPEID="10" PREVID="0" NEXTID="0" UPDATEDATE="2024-09-11" STARTDATE="2024-09-11" ENDDATE="2079-06-06" ISACTUAL="1" ISACTIVE="1" /><STEAD ID="68704907" OBJECTID="165221491" OBJECTGUID="99283fc2-e12c-4dd7-b7d3-901c985b7445" CHANGEID="600932932" NUMBER="15" OPERTYPEID="10" PREVID="0" NEXTID="0" UPDATEDATE="2024-09-11" STARTDATE="2024-09-11" ENDDATE="2079-06-06" ISACTUAL="1" ISACTIVE="1" /><STEAD ID="68704917" OBJECTID="165221535" OBJECTGUID="5e20fb24-d9a7-475b-a35e-c87a66999334" CHANGEID="600932984" NUMBER="23" OPERTYPEID="10" PREVID="0" NEXTID="0" UPDATEDATE="2024-09-11" STARTDATE="2024-09-11" ENDDATE="2079-06-06" ISACTUAL="1" ISACTIVE="1" /><STEAD ID="68704935" OBJECTID="165221557" OBJECTGUID="311410e4-9beb-4d32-a899-f9531801277f" CHANGEID="600933020" NUMBER="35" OPERTYPEID="10" PREVID="0" NEXTID="0" UPDATEDATE="2024-09-11" STARTDATE="2024-09-11" ENDDATE="2079-06-06" ISACTUAL="1" ISACTIVE="1" /><STEAD ID="68704896" OBJECTID="165221473" OBJECTGUID="ddedec37-d667-4dcb-95b4-574cc28a8944" CHANGEID="600932907" NUMBER="9" OPERTYPEID="10" PREVID="0" NEXTID="0" UPDATEDATE="2024-09-11" STARTDATE="2024-09-11" ENDDATE="2079-06-06" ISACTUAL="1" ISACTIVE="1" /><STEAD ID="68704911" OBJECTID="165221528" OBJECTGUID="e4d8cbb5-5310-4acd-879e-f678f9c443e4" CHANGEID="600932973" NUMBER="17" OPERTYPEID="10" PREVID="0" NEXTID="0" UPDATEDATE="2024-09-11" STARTDATE="2024-09-11" ENDDATE="2079-06-06" ISACTUAL="1" ISACTIVE="1" /><STEAD ID="68704913" OBJECTID="165221530" OBJECTGUID="280b0093-c177-4c4a-8af9-6e8bdb6bc82e" CHANGEID="600932977" NUMBER="19" OPERTYPEID="10" PREVID="0" NEXTID="0" UPDATEDATE="2024-09-11" STARTDATE="2024-09-11" ENDDATE="2079-06-06" ISACTUAL="1" ISACTIVE="1" /><STEAD ID="68704920" OBJECTID="165221539" OBJECTGUID="fe9107ed-6e2b-4a12-b70b-1a33a7ba9b89" CHANGEID="600932991" NUMBER="27" OPERTYPEID="10" PREVID="0" NEXTID="0" UPDATEDATE="2024-09-11" STARTDATE="2024-09-11" ENDDATE="2079-06-06" ISACTUAL="1" ISACTIVE="1" /><STEAD ID="68704923" OBJECTID="165221543" OBJECTGUID="1ba59acf-d64d-456d-a98d-978ab6041f02" CHANGEID="600932997" NUMBER="29" OPERTYPEID="10" PREVID="0" NEXTID="0" UPDATEDATE="2024-09-11" STARTDATE="2024-09-11" ENDDATE="2079-06-06" ISACTUAL="1" ISACTIVE="1" /><STEAD ID="68704926" OBJECTID="165221546" OBJECTGUID="9e831cc1-6222-4033-a45b-42c7e3d325ba" CHANGEID="600933001" NUMBER="31" OPERTYPEID="10" PREVID="0" NEXTID="0" UPDATEDATE="2024-09-11" STARTDATE="2024-09-11" ENDDATE="2079-06-06" ISACTUAL="1" ISACTIVE="1" /><STEAD ID="68704931" OBJECTID="165221550" OBJECTGUID="21721744-ab24-49e9-a8a5-fdc46962d819" CHANGEID="600933009" NUMBER="33" OPERTYPEID="10" PREVID="0" NEXTID="0" UPDATEDATE="2024-09-11" STARTDATE="2024-09-11" ENDDATE="2079-06-06" ISACTUAL="1" ISACTIVE="1" /><STEAD ID="68704944" OBJECTID="165221577" OBJECTGUID="38b3717f-3ae9-4315-825a-204ee1a6ee31" CHANGEID="600933046" NUMBER="39" OPERTYPEID="10" PREVID="0" NEXTID="0" UPDATEDATE="2024-09-11" STARTDATE="2024-09-11" ENDDATE="2079-06-06" ISACTUAL="1" ISACTIVE="1" /><STEAD ID="68704954" OBJECTID="165221585" OBJECTGUID="972f984b-b20c-4337-b03b-ebd2d313d1d9" CHANGEID="600933060" NUMBER="43" OPERTYPEID="10" PREVID="0" NEXTID="0" UPDATEDATE="2024-09-11" STARTDATE="2024-09-11" ENDDATE="2079-06-06" ISACTUAL="1" ISACTIVE="1" /><STEAD ID="68704957" OBJECTID="165221587" OBJECTGUID="b25e7683-6f7a-42e3-913e-b3ee06325c8e" CHANGEID="600933066" NUMBER="47" OPERTYPEID="10" PREVID="0" NEXTID="0" UPDATEDATE="2024-09-11" STARTDATE="2024-09-11" ENDDATE="2079-06-06" ISACTUAL="1" ISACTIVE="1" /><STEAD ID="68704951" OBJECTID="165221583" OBJECTGUID="6a9bc573-2428-48d4-b6bf-9fd458d3f9ae" CHANGEID="600933057" NUMBER="41" OPERTYPEID="10" PREVID="0" NEXTID="0" UPDATEDATE="2024-09-11" STARTDATE="2024-09-11" ENDDATE="2079-06-06" ISACTUAL="1" ISACTIVE="1" /><STEAD ID="68704963" OBJECTID="165221602" OBJECTGUID="55242cf2-e8f4-4181-84c5-0988f0cbfd4c" CHANGEID="600933096" NUMBER="163" OPERTYPEID="10" PREVID="0" NEXTID="0" UPDATEDATE="2024-09-11" STARTDATE="2024-09-11" ENDDATE="2079-06-06" ISACTUAL="1" ISACTIVE="1" /><STEAD ID="68704966" OBJECTID="165221607" OBJECTGUID="b93b7096-96e9-4c68-98c9-72157a0aed57" CHANGEID="600933117" NUMBER="5" OPERTYPEID="10" PREVID="0" NEXTID="0" UPDATEDATE="2024-09-11" STARTDATE="2024-09-11" ENDDATE="2079-06-06" ISACTUAL="1" ISACTIVE="1" /><STEAD ID="68704968" OBJECTID="165221609" OBJECTGUID="fd4fe049-543e-4618-be21-925fb35e40a4" CHANGEID="600933121" NUMBER="7" OPERTYPEID="10" PREVID="0" NEXTID="0" UPDATEDATE="2024-09-11" STARTDATE="2024-09-11" ENDDATE="2079-06-06" ISACTUAL="1" ISACTIVE="1" /><STEAD ID="68704971" OBJECTID="165221612" OBJECTGUID="f93bff4b-28b1-46e1-8356-784f5ee211f7" CHANGEID="600933127" NUMBER="9" OPERTYPEID="10" PREVID="0" NEXTID="0" UPDATEDATE="2024-09-11" STARTDATE="2024-09-11" ENDDATE="2079-06-06" ISACTUAL="1" ISACTIVE="1" /><STEAD ID="68704962" OBJECTID="165221601" OBJECTGUID="0d56a30c-d595-4a93-aeb2-6b190551ad12" CHANGEID="600933095" NUMBER="3" OPERTYPEID="10" PREVID="0" NEXTID="0" UPDATEDATE="2024-09-11" STARTDATE="2024-09-11" ENDDATE="2079-06-06" ISACTUAL="1" ISACTIVE="1" /><STEAD ID="68704973" OBJECTID="165221615" OBJECTGUID="e13ea2dd-6951-4068-a1be-01fc435937b1" CHANGEID="600933136" NUMBER="11" OPERTYPEID="10" PREVID="0" NEXTID="0" UPDATEDATE="2024-09-11" STARTDATE="2024-09-11" ENDDATE="2079-06-06" ISACTUAL="1" ISACTIVE="1" /><STEAD ID="68704977" OBJECTID="165221618" OBJECTGUID="d0a904b7-0b4c-4d24-ad4d-d41d030f3691" CHANGEID="600933140" NUMBER="13" OPERTYPEID="10" PREVID="0" NEXTID="0" UPDATEDATE="2024-09-11" STARTDATE="2024-09-11" ENDDATE="2079-06-06" ISACTUAL="1" ISACTIVE="1" /><STEAD ID="68704992" OBJECTID="165221638" OBJECTGUID="bea73bb5-c049-492c-a92c-714829d96527" CHANGEID="600933172" NUMBER="2" OPERTYPEID="10" PREVID="0" NEXTID="0" UPDATEDATE="2024-09-11" STARTDATE="2024-09-11" ENDDATE="2079-06-06" ISACTUAL="1" ISACTIVE="1" /><STEAD ID="68704994" OBJECTID="165221640" OBJECTGUID="82f993d4-4cc7-4d66-9943-82a16437da96" CHANGEID="600933176" NUMBER="3/3" OPERTYPEID="10" PREVID="0" NEXTID="0" UPDATEDATE="2024-09-11" STARTDATE="2024-09-11" ENDDATE="2079-06-06" ISACTUAL="1" ISACTIVE="1" /><STEAD ID="68704997" OBJECTID="165221643" OBJECTGUID="218b1772-0865-4587-9604-4421c4eb093b" CHANGEID="600933181" NUMBER="4" OPERTYPEID="10" PREVID="0" NEXTID="0" UPDATEDATE="2024-09-11" STARTDATE="2024-09-11" ENDDATE="2079-06-06" ISACTUAL="1" ISACTIVE="1" /><STEAD ID="68705000" OBJECTID="165221645" OBJECTGUID="e13d7ff6-c770-4caf-bf45-c4b2e136914d" CHANGEID="600933184" NUMBER="5" OPERTYPEID="10" PREVID="0" NEXTID="0" UPDATEDATE="2024-09-11" STARTDATE="2024-09-11" ENDDATE="2079-06-06" ISACTUAL="1" ISACTIVE="1" /><STEAD ID="68705002" OBJECTID="165221664" OBJECTGUID="924da740-1cb1-4cba-80a9-f2556b5cff01" CHANGEID="600933205" NUMBER="13/2" OPERTYPEID="10" PREVID="0" NEXTID="0" UPDATEDATE="2024-09-11" STARTDATE="2024-09-11" ENDDATE="2079-06-06" ISACTUAL="1" ISACTIVE="1" /><STEAD ID="68705004" OBJECTID="165221667" OBJECTGUID="ce174517-2ab7-4a3e-a997-4b29188f262e" CHANGEID="600933210" NUMBER="15" OPERTYPEID="10" PREVID="0" NEXTID="0" UPDATEDATE="2024-09-11" STARTDATE="2024-09-11" ENDDATE="2079-06-06" ISACTUAL="1" ISACTIVE="1" /></STEADS>