﻿<?xml version="1.0" encoding="utf-8"?><ADDRESSOBJECTS><OBJECT ID="52125671" OBJECTID="165063648" OBJECTGUID="7642abdf-6294-49ca-9f21-687098263d67" CHANGEID="600516682" NAME="Лесной" TYPENAME="пер." LEVEL="8" OPERTYPEID="10" PREVID="0" NEXTID="0" UPDATEDATE="2024-09-05" STARTDATE="2024-09-05" ENDDATE="2079-06-06" ISACTUAL="1" ISACTIVE="1" /><OBJECT ID="52125672" OBJECTID="165063650" OBJECTGUID="e89fa6ee-07ee-4fad-a4a7-523b7e86b71e" CHANGEID="600516684" NAME="Сосновый" TYPENAME="пер." LEVEL="8" OPERTYPEID="10" PREVID="0" NEXTID="0" UPDATEDATE="2024-09-05" STARTDATE="2024-09-05" ENDDATE="2079-06-06" ISACTUAL="1" ISACTIVE="1" /><OBJECT ID="52125673" OBJECTID="165063652" OBJECTGUID="25c2ed46-1735-4702-9771-d5c4aef81aaa" CHANGEID="600516686" NAME="Катунский" TYPENAME="пер." LEVEL="8" OPERTYPEID="10" PREVID="0" NEXTID="0" UPDATEDATE="2024-09-05" STARTDATE="2024-09-05" ENDDATE="2079-06-06" ISACTUAL="1" ISACTIVE="1" /><OBJECT ID="52125674" OBJECTID="165063654" OBJECTGUID="8bbcdb23-c051-49c7-995f-fadcdc6bfa3e" CHANGEID="600516688" NAME="Сельский" TYPENAME="пер." LEVEL="8" OPERTYPEID="10" PREVID="0" NEXTID="0" UPDATEDATE="2024-09-05" STARTDATE="2024-09-05" ENDDATE="2079-06-06" ISACTUAL="1" ISACTIVE="1" /><OBJECT ID="52125675" OBJECTID="165063655" OBJECTGUID="2968912c-83a9-49e1-9542-5ae740d71a0c" CHANGEID="600516689" NAME="Весенний" TYPENAME="пер." LEVEL="8" OPERTYPEID="10" PREVID="0" NEXTID="0" UPDATEDATE="2024-09-05" STARTDATE="2024-09-05" ENDDATE="2079-06-06" ISACTUAL="1" ISACTIVE="1" /><OBJECT ID="52125676" OBJECTID="165063701" OBJECTGUID="4775e27e-8de3-499e-aa72-e5fc60bb25b4" CHANGEID="600516739" NAME="Светлый" TYPENAME="пер." LEVEL="8" OPERTYPEID="10" PREVID="0" NEXTID="0" UPDATEDATE="2024-09-05" STARTDATE="2024-09-05" ENDDATE="2079-06-06" ISACTUAL="1" ISACTIVE="1" /><OBJECT ID="52125677" OBJECTID="165063703" OBJECTGUID="a691179e-93d8-49d7-8599-75fcf6d9db18" CHANGEID="600516743" NAME="Ягодный" TYPENAME="пер." LEVEL="8" OPERTYPEID="10" PREVID="0" NEXTID="0" UPDATEDATE="2024-09-05" STARTDATE="2024-09-05" ENDDATE="2079-06-06" ISACTUAL="1" ISACTIVE="1" /><OBJECT ID="52125678" OBJECTID="165063706" OBJECTGUID="bc9882ef-57a7-4b0f-bddb-e3f14a7fdb49" CHANGEID="600516747" NAME="Новый" TYPENAME="пер." LEVEL="8" OPERTYPEID="10" PREVID="0" NEXTID="0" UPDATEDATE="2024-09-05" STARTDATE="2024-09-05" ENDDATE="2079-06-06" ISACTUAL="1" ISACTIVE="1" /><OBJECT ID="52125679" OBJECTID="165063707" OBJECTGUID="38c33ca5-4250-4404-92b6-671f67141e87" CHANGEID="600516748" NAME="Алтайский" TYPENAME="пер." LEVEL="8" OPERTYPEID="10" PREVID="0" NEXTID="0" UPDATEDATE="2024-09-05" STARTDATE="2024-09-05" ENDDATE="2079-06-06" ISACTUAL="1" ISACTIVE="1" /><OBJECT ID="52125680" OBJECTID="165063709" OBJECTGUID="7c381f4d-0cc9-42c7-868c-32db1b67ccb5" CHANGEID="600516750" NAME="Медовый" TYPENAME="пер." LEVEL="8" OPERTYPEID="10" PREVID="0" NEXTID="0" UPDATEDATE="2024-09-05" STARTDATE="2024-09-05" ENDDATE="2079-06-06" ISACTUAL="1" ISACTIVE="1" /><OBJECT ID="52125702" OBJECTID="165064287" OBJECTGUID="8a1979b4-20a6-4c57-9d52-f5d279293512" CHANGEID="600517969" NAME="Цветоландия" TYPENAME="тер." LEVEL="7" OPERTYPEID="10" PREVID="0" NEXTID="0" UPDATEDATE="2024-09-05" STARTDATE="2024-09-05" ENDDATE="2079-06-06" ISACTUAL="1" ISACTIVE="1" /></ADDRESSOBJECTS>