﻿<?xml version="1.0" encoding="utf-8"?><HOUSES><HOUSE ID="60766644" OBJECTID="71812231" OBJECTGUID="847dce58-ee50-494a-b073-b2349aa97a82" CHANGEID="106951990" HOUSENUM="9" HOUSETYPE="2" OPERTYPEID="20" PREVID="43323658" NEXTID="126738842" UPDATEDATE="2024-09-09" STARTDATE="2014-08-14" ENDDATE="2024-09-09" ISACTUAL="0" ISACTIVE="0" /><HOUSE ID="62888187" OBJECTID="48654972" OBJECTGUID="a26a4115-27f2-4942-89e5-44bb8d2e9cd6" CHANGEID="73113582" HOUSENUM="8" HOUSETYPE="2" OPERTYPEID="20" PREVID="29090457" NEXTID="126756665" UPDATEDATE="2024-09-11" STARTDATE="2014-01-04" ENDDATE="2024-09-11" ISACTUAL="0" ISACTIVE="0" /><HOUSE ID="4313199" OBJECTID="8486020" OBJECTGUID="04546fbe-0098-4a4a-847f-92ddd18f87ae" CHANGEID="14318851" HOUSENUM="12" ADDNUM1="12" HOUSETYPE="2" ADDTYPE1="3" OPERTYPEID="20" PREVID="4313190" NEXTID="126754806" UPDATEDATE="2024-09-11" STARTDATE="2018-01-16" ENDDATE="2024-09-11" ISACTUAL="0" ISACTIVE="0" /><HOUSE ID="12871170" OBJECTID="21866671" OBJECTGUID="23bcc6b0-b4fc-43aa-b883-0c0b08df1e03" CHANGEID="34129106" HOUSENUM="1в" ADDNUM1="7" HOUSETYPE="2" ADDTYPE1="3" OPERTYPEID="10" PREVID="0" NEXTID="126747650" UPDATEDATE="2024-09-10" STARTDATE="2018-08-21" ENDDATE="2024-09-10" ISACTUAL="0" ISACTIVE="0" /><HOUSE ID="12871512" OBJECTID="21867099" OBJECTGUID="d0e06fc7-8f84-4f80-b214-2f51c11b77b1" CHANGEID="34129795" HOUSENUM="1в" ADDNUM1="9" HOUSETYPE="2" ADDTYPE1="3" OPERTYPEID="10" PREVID="0" NEXTID="126754807" UPDATEDATE="2024-09-11" STARTDATE="2018-08-21" ENDDATE="2024-09-11" ISACTUAL="0" ISACTIVE="0" /><HOUSE ID="12885169" OBJECTID="21887236" OBJECTGUID="215a7a11-b864-473c-b5f3-41fe9cb94094" CHANGEID="34160334" HOUSENUM="1в" ADDNUM1="6" HOUSETYPE="2" ADDTYPE1="3" OPERTYPEID="10" PREVID="0" NEXTID="126747649" UPDATEDATE="2024-09-10" STARTDATE="2018-11-02" ENDDATE="2024-09-10" ISACTUAL="0" ISACTIVE="0" /><HOUSE ID="13693956" OBJECTID="23197928" OBJECTGUID="ad043681-1be8-4460-8d26-28241e722ca4" CHANGEID="36082719" HOUSENUM="25" HOUSETYPE="3" OPERTYPEID="20" PREVID="13693948" NEXTID="126739488" UPDATEDATE="2024-09-09" STARTDATE="2015-12-02" ENDDATE="2024-09-09" ISACTUAL="0" ISACTIVE="0" /><HOUSE ID="22256566" OBJECTID="37316700" OBJECTGUID="6e4939a3-2073-462e-bbea-1039e5f4fba1" CHANGEID="56621511" HOUSENUM="46" HOUSETYPE="1" OPERTYPEID="20" PREVID="22256178" NEXTID="126739453" UPDATEDATE="2024-09-09" STARTDATE="2018-11-26" ENDDATE="2024-09-09" ISACTUAL="0" ISACTIVE="0" /><HOUSE ID="42284412" OBJECTID="70111517" OBJECTGUID="dd23ccdf-cc99-4ffc-8910-d694aabc4ac9" CHANGEID="104473830" HOUSENUM="12" ADDNUM1="1" HOUSETYPE="2" ADDTYPE1="1" OPERTYPEID="10" PREVID="0" NEXTID="126731583" UPDATEDATE="2024-09-06" STARTDATE="1900-01-01" ENDDATE="2024-09-06" ISACTUAL="0" ISACTIVE="0" /><HOUSE ID="51059263" OBJECTID="84302386" OBJECTGUID="490e3c49-7f08-4e2b-afba-1f2d0989e5e3" CHANGEID="125232124" HOUSENUM="1Б" HOUSETYPE="2" OPERTYPEID="10" PREVID="0" NEXTID="126738871" UPDATEDATE="2024-09-09" STARTDATE="1900-01-01" ENDDATE="2024-09-09" ISACTUAL="0" ISACTIVE="0" /><HOUSE ID="126724572" OBJECTID="165057117" OBJECTGUID="539532ca-7ce1-45a2-934d-ddae54c4185d" CHANGEID="600506222" HOUSENUM="2/9" ADDNUM1="1" HOUSETYPE="5" ADDTYPE1="2" OPERTYPEID="10" PREVID="0" NEXTID="0" UPDATEDATE="2024-09-05" STARTDATE="2024-09-05" ENDDATE="2079-06-06" ISACTUAL="1" ISACTIVE="1" /><HOUSE ID="23904983" OBJECTID="39980366" OBJECTGUID="ef79a068-e9e2-42e3-8ac6-ef8601d77b59" CHANGEID="60540065" HOUSENUM="67В" HOUSETYPE="2" OPERTYPEID="10" PREVID="0" NEXTID="126724575" UPDATEDATE="2024-09-05" STARTDATE="1900-01-01" ENDDATE="2024-09-05" ISACTUAL="0" ISACTIVE="0" /><HOUSE ID="126724575" OBJECTID="39980366" OBJECTGUID="ef79a068-e9e2-42e3-8ac6-ef8601d77b59" CHANGEID="600506267" HOUSENUM="67в" HOUSETYPE="5" OPERTYPEID="20" PREVID="23904983" UPDATEDATE="2024-09-05" STARTDATE="2024-09-05" ENDDATE="2079-06-06" ISACTUAL="1" ISACTIVE="1" /><HOUSE ID="126724603" OBJECTID="165057189" OBJECTGUID="2580fbcb-fd9f-4e60-92af-9c1664525886" CHANGEID="600506462" HOUSENUM="3" HOUSETYPE="5" OPERTYPEID="10" PREVID="0" NEXTID="0" UPDATEDATE="2024-09-05" STARTDATE="2024-09-05" ENDDATE="2079-06-06" ISACTUAL="1" ISACTIVE="1" /><HOUSE ID="126724609" OBJECTID="165057193" OBJECTGUID="37ab1790-73f8-4860-b577-2972dde01ec2" CHANGEID="600506487" HOUSENUM="148В/6" HOUSETYPE="5" OPERTYPEID="10" PREVID="0" NEXTID="0" UPDATEDATE="2024-09-05" STARTDATE="2024-09-05" ENDDATE="2079-06-06" ISACTUAL="1" ISACTIVE="1" /><HOUSE ID="126724611" OBJECTID="165057197" OBJECTGUID="752faa03-19bb-42a0-8743-641014e11fea" CHANGEID="600506504" HOUSENUM="148В/7" HOUSETYPE="5" OPERTYPEID="10" PREVID="0" NEXTID="0" UPDATEDATE="2024-09-05" STARTDATE="2024-09-05" ENDDATE="2079-06-06" ISACTUAL="1" ISACTIVE="1" /><HOUSE ID="126724627" OBJECTID="165057249" OBJECTGUID="6159df36-cdd4-4a04-8d70-a9d846a8fdbb" CHANGEID="600506608" HOUSENUM="11" HOUSETYPE="2" OPERTYPEID="10" PREVID="0" NEXTID="0" UPDATEDATE="2024-09-05" STARTDATE="2024-09-05" ENDDATE="2079-06-06" ISACTUAL="1" ISACTIVE="1" /><HOUSE ID="13012287" OBJECTID="22093104" OBJECTGUID="2b13cfdb-eb17-43ea-a3f7-f9fc3c8adecd" CHANGEID="34462950" HOUSENUM="2" ADDNUM1="2" HOUSETYPE="2" ADDTYPE1="2" OPERTYPEID="10" PREVID="0" NEXTID="126724628" UPDATEDATE="2024-09-05" STARTDATE="1900-01-01" ENDDATE="2024-09-05" ISACTUAL="0" ISACTIVE="0" /><HOUSE ID="126724628" OBJECTID="22093104" OBJECTGUID="2b13cfdb-eb17-43ea-a3f7-f9fc3c8adecd" CHANGEID="600506666" HOUSENUM="2" HOUSETYPE="2" OPERTYPEID="20" PREVID="13012287" UPDATEDATE="2024-09-05" STARTDATE="2024-09-05" ENDDATE="2079-06-06" ISACTUAL="1" ISACTIVE="1" /><HOUSE ID="42070605" OBJECTID="69752358" OBJECTGUID="8a0e65ba-3a85-4df3-a7bc-1b9deca89fb2" CHANGEID="103952837" HOUSENUM="10" HOUSETYPE="3" OPERTYPEID="10" PREVID="0" NEXTID="126731580" UPDATEDATE="2024-09-06" STARTDATE="1900-01-01" ENDDATE="2024-09-06" ISACTUAL="0" ISACTIVE="0" /><HOUSE ID="126731580" OBJECTID="69752358" OBJECTGUID="8a0e65ba-3a85-4df3-a7bc-1b9deca89fb2" CHANGEID="600560777" HOUSENUM="10" HOUSETYPE="2" OPERTYPEID="20" PREVID="42070605" UPDATEDATE="2024-09-06" STARTDATE="2024-09-06" ENDDATE="2079-06-06" ISACTUAL="1" ISACTIVE="1" /><HOUSE ID="126731581" OBJECTID="165090494" OBJECTGUID="389e16ea-978f-419a-b510-26108f83edce" CHANGEID="600560778" HOUSENUM="25а" HOUSETYPE="5" OPERTYPEID="10" PREVID="0" NEXTID="0" UPDATEDATE="2024-09-06" STARTDATE="2024-09-06" ENDDATE="2079-06-06" ISACTUAL="1" ISACTIVE="1" /><HOUSE ID="126731582" OBJECTID="165090508" OBJECTGUID="f9de204d-45aa-4a4f-95db-ec2049ea0628" CHANGEID="600560792" HOUSENUM="47/2" HOUSETYPE="2" OPERTYPEID="10" PREVID="0" NEXTID="0" UPDATEDATE="2024-09-06" STARTDATE="2024-09-06" ENDDATE="2079-06-06" ISACTUAL="1" ISACTIVE="1" /><HOUSE ID="126731583" OBJECTID="70111517" OBJECTGUID="dd23ccdf-cc99-4ffc-8910-d694aabc4ac9" CHANGEID="600560844" HOUSENUM="12" ADDNUM1="1" HOUSETYPE="2" ADDTYPE1="1" OPERTYPEID="30" PREVID="42284412" NEXTID="0" UPDATEDATE="2024-09-06" STARTDATE="2024-09-06" ENDDATE="2079-06-06" ISACTUAL="1" ISACTIVE="0" /><HOUSE ID="126731584" OBJECTID="70215247" OBJECTGUID="99358367-5f2a-4808-b5e3-e142005cbc3d" CHANGEID="600560845" HOUSENUM="12" ADDNUM1="2" HOUSETYPE="2" ADDTYPE1="1" OPERTYPEID="30" PREVID="42348532" NEXTID="0" UPDATEDATE="2024-09-06" STARTDATE="2024-09-06" ENDDATE="2079-06-06" ISACTUAL="1" ISACTIVE="0" /><HOUSE ID="42348532" OBJECTID="70215247" OBJECTGUID="99358367-5f2a-4808-b5e3-e142005cbc3d" CHANGEID="104626141" HOUSENUM="12" ADDNUM1="2" HOUSETYPE="2" ADDTYPE1="1" OPERTYPEID="10" PREVID="0" NEXTID="126731584" UPDATEDATE="2024-09-06" STARTDATE="1900-01-01" ENDDATE="2024-09-06" ISACTUAL="0" ISACTIVE="0" /><HOUSE ID="126731602" OBJECTID="165090790" OBJECTGUID="6b185044-bfda-460a-8199-32456ac67b44" CHANGEID="600561178" HOUSENUM="101/1" HOUSETYPE="2" OPERTYPEID="10" PREVID="0" NEXTID="0" UPDATEDATE="2024-09-06" STARTDATE="2024-09-06" ENDDATE="2079-06-06" ISACTUAL="1" ISACTIVE="1" /><HOUSE ID="126731606" OBJECTID="165090801" OBJECTGUID="146b8145-944a-49ea-955d-ba44316ec538" CHANGEID="600561191" HOUSENUM="54" HOUSETYPE="5" OPERTYPEID="10" PREVID="0" NEXTID="0" UPDATEDATE="2024-09-06" STARTDATE="2024-09-06" ENDDATE="2079-06-06" ISACTUAL="1" ISACTIVE="1" /><HOUSE ID="126731607" OBJECTID="165090856" OBJECTGUID="220720e0-2f9b-49c4-ba64-daf11a161ec8" CHANGEID="600561251" HOUSENUM="149" HOUSETYPE="5" OPERTYPEID="10" PREVID="0" NEXTID="0" UPDATEDATE="2024-09-06" STARTDATE="2024-09-06" ENDDATE="2079-06-06" ISACTUAL="1" ISACTIVE="1" /><HOUSE ID="126731634" OBJECTID="165090940" OBJECTGUID="db10c977-0675-4fdc-8a3c-c79e72986839" CHANGEID="600561405" HOUSENUM="448" HOUSETYPE="5" OPERTYPEID="10" PREVID="0" NEXTID="0" UPDATEDATE="2024-09-06" STARTDATE="2024-09-06" ENDDATE="2079-06-06" ISACTUAL="1" ISACTIVE="1" /><HOUSE ID="126731657" OBJECTID="165090942" OBJECTGUID="19010915-2967-42bb-9e5b-69e161f57aff" CHANGEID="600561430" HOUSENUM="6" HOUSETYPE="2" OPERTYPEID="10" PREVID="0" NEXTID="0" UPDATEDATE="2024-09-06" STARTDATE="2024-09-06" ENDDATE="2079-06-06" ISACTUAL="1" ISACTIVE="1" /><HOUSE ID="126738842" OBJECTID="71812231" OBJECTGUID="847dce58-ee50-494a-b073-b2349aa97a82" CHANGEID="600737061" HOUSENUM="9" HOUSETYPE="5" OPERTYPEID="20" PREVID="60766644" UPDATEDATE="2024-09-09" STARTDATE="2024-09-09" ENDDATE="2079-06-06" ISACTUAL="1" ISACTIVE="1" /><HOUSE ID="126738870" OBJECTID="165116708" OBJECTGUID="c19f4088-0e65-40a0-af28-5ad771b834de" CHANGEID="600737369" HOUSENUM="1б" ADDNUM1="1" HOUSETYPE="8" ADDTYPE1="2" OPERTYPEID="10" PREVID="0" NEXTID="0" UPDATEDATE="2024-09-09" STARTDATE="2024-09-09" ENDDATE="2079-06-06" ISACTUAL="1" ISACTIVE="1" /><HOUSE ID="126738871" OBJECTID="84302386" OBJECTGUID="490e3c49-7f08-4e2b-afba-1f2d0989e5e3" CHANGEID="600737370" HOUSENUM="1б" HOUSETYPE="8" OPERTYPEID="20" PREVID="51059263" UPDATEDATE="2024-09-09" STARTDATE="2024-09-09" ENDDATE="2079-06-06" ISACTUAL="1" ISACTIVE="1" /><HOUSE ID="126738872" OBJECTID="165116710" OBJECTGUID="d463b165-5887-48da-b892-75968d3d43a4" CHANGEID="600737372" HOUSENUM="259" HOUSETYPE="5" OPERTYPEID="10" PREVID="0" NEXTID="0" UPDATEDATE="2024-09-09" STARTDATE="2024-09-09" ENDDATE="2079-06-06" ISACTUAL="1" ISACTIVE="1" /><HOUSE ID="126738874" OBJECTID="165116712" OBJECTGUID="8dd6bea7-d285-4f12-95eb-b9d0c66b991f" CHANGEID="600737379" HOUSENUM="66/6" HOUSETYPE="5" OPERTYPEID="10" PREVID="0" NEXTID="0" UPDATEDATE="2024-09-09" STARTDATE="2024-09-09" ENDDATE="2079-06-06" ISACTUAL="1" ISACTIVE="1" /><HOUSE ID="126738902" OBJECTID="165116922" OBJECTGUID="60202523-3232-4634-ad94-5f0dfe9fc56b" CHANGEID="600737765" HOUSENUM="5а" HOUSETYPE="2" OPERTYPEID="10" PREVID="0" NEXTID="0" UPDATEDATE="2024-09-09" STARTDATE="2024-09-09" ENDDATE="2079-06-06" ISACTUAL="1" ISACTIVE="1" /><HOUSE ID="126738903" OBJECTID="165116923" OBJECTGUID="581d7986-8cb0-4040-975d-304d27759814" CHANGEID="600737766" HOUSENUM="17" HOUSETYPE="2" OPERTYPEID="10" PREVID="0" NEXTID="0" UPDATEDATE="2024-09-09" STARTDATE="2024-09-09" ENDDATE="2079-06-06" ISACTUAL="1" ISACTIVE="1" /><HOUSE ID="126738904" OBJECTID="165116925" OBJECTGUID="a7e45c8a-cc90-4bf0-aaab-4b0b5ce5b00c" CHANGEID="600737768" HOUSENUM="9а" HOUSETYPE="2" OPERTYPEID="10" PREVID="0" NEXTID="0" UPDATEDATE="2024-09-09" STARTDATE="2024-09-09" ENDDATE="2079-06-06" ISACTUAL="1" ISACTIVE="1" /><HOUSE ID="126738937" OBJECTID="165117095" OBJECTGUID="7170f64b-bde5-4f53-945d-095494b03feb" CHANGEID="600738062" HOUSENUM="50" HOUSETYPE="2" OPERTYPEID="10" PREVID="0" NEXTID="0" UPDATEDATE="2024-09-09" STARTDATE="2024-09-09" ENDDATE="2079-06-06" ISACTUAL="1" ISACTIVE="1" /><HOUSE ID="126738938" OBJECTID="165117096" OBJECTGUID="fec4e3e9-89fa-4724-8586-73ab74c16b82" CHANGEID="600738064" HOUSENUM="46" HOUSETYPE="2" OPERTYPEID="10" PREVID="0" NEXTID="0" UPDATEDATE="2024-09-09" STARTDATE="2024-09-09" ENDDATE="2079-06-06" ISACTUAL="1" ISACTIVE="1" /><HOUSE ID="126739205" OBJECTID="165119377" OBJECTGUID="7d402706-edc4-4208-8934-67a036840963" CHANGEID="600741625" HOUSENUM="40/1" HOUSETYPE="2" OPERTYPEID="10" PREVID="0" NEXTID="0" UPDATEDATE="2024-09-09" STARTDATE="2024-09-09" ENDDATE="2079-06-06" ISACTUAL="1" ISACTIVE="1" /><HOUSE ID="126739206" OBJECTID="165119378" OBJECTGUID="20ecf621-9720-47b1-8925-e10f704a9989" CHANGEID="600741626" HOUSENUM="40/2" HOUSETYPE="2" OPERTYPEID="10" PREVID="0" NEXTID="0" UPDATEDATE="2024-09-09" STARTDATE="2024-09-09" ENDDATE="2079-06-06" ISACTUAL="1" ISACTIVE="1" /><HOUSE ID="126739215" OBJECTID="165119408" OBJECTGUID="3070d614-c83f-4244-9425-73443ac87c8b" CHANGEID="600741672" HOUSENUM="30а" HOUSETYPE="2" OPERTYPEID="10" PREVID="0" NEXTID="0" UPDATEDATE="2024-09-09" STARTDATE="2024-09-09" ENDDATE="2079-06-06" ISACTUAL="1" ISACTIVE="1" /><HOUSE ID="126739302" OBJECTID="165119765" OBJECTGUID="2acd28ca-38aa-4206-8880-3822b3aff2f8" CHANGEID="600742213" HOUSENUM="1а" HOUSETYPE="2" OPERTYPEID="10" PREVID="0" NEXTID="0" UPDATEDATE="2024-09-09" STARTDATE="2024-09-09" ENDDATE="2079-06-06" ISACTUAL="1" ISACTIVE="1" /><HOUSE ID="126739315" OBJECTID="165119832" OBJECTGUID="ee1edb31-10b9-44e1-85dd-620bbef7aacd" CHANGEID="600742316" HOUSENUM="69в" HOUSETYPE="5" OPERTYPEID="10" PREVID="0" NEXTID="0" UPDATEDATE="2024-09-09" STARTDATE="2024-09-09" ENDDATE="2079-06-06" ISACTUAL="1" ISACTIVE="1" /><HOUSE ID="126739370" OBJECTID="165120160" OBJECTGUID="696b0415-3d2b-47da-9f22-3ba3cdc74efc" CHANGEID="600742750" HOUSENUM="39" HOUSETYPE="2" OPERTYPEID="10" PREVID="0" NEXTID="0" UPDATEDATE="2024-09-09" STARTDATE="2024-09-09" ENDDATE="2079-06-06" ISACTUAL="1" ISACTIVE="1" /><HOUSE ID="126739401" OBJECTID="68924202" OBJECTGUID="fddee766-abe3-4457-8d14-00d235d74bca" CHANGEID="600742942" HOUSENUM="18" HOUSETYPE="2" OPERTYPEID="30" PREVID="69362369" NEXTID="0" UPDATEDATE="2024-09-09" STARTDATE="2024-09-09" ENDDATE="2079-06-06" ISACTUAL="1" ISACTIVE="0" /><HOUSE ID="69362369" OBJECTID="68924202" OBJECTGUID="fddee766-abe3-4457-8d14-00d235d74bca" CHANGEID="102736068" HOUSENUM="18" HOUSETYPE="2" OPERTYPEID="20" PREVID="41555923" NEXTID="126739401" UPDATEDATE="2024-09-09" STARTDATE="2014-01-04" ENDDATE="2024-09-09" ISACTUAL="0" ISACTIVE="0" /><HOUSE ID="126739408" OBJECTID="165120288" OBJECTGUID="d25194b4-6226-4d85-bb37-87763d60daa1" CHANGEID="600742982" HOUSENUM="7/3г" HOUSETYPE="7" OPERTYPEID="10" PREVID="0" NEXTID="0" UPDATEDATE="2024-09-09" STARTDATE="2024-09-09" ENDDATE="2079-06-06" ISACTUAL="1" ISACTIVE="1" /><HOUSE ID="31188440" OBJECTID="52191621" OBJECTGUID="e9a543cf-2d95-412f-923b-1b2c85043e9f" CHANGEID="78204992" HOUSENUM="10Б" HOUSETYPE="3" OPERTYPEID="10" PREVID="0" NEXTID="126739419" UPDATEDATE="2024-09-09" STARTDATE="2015-11-10" ENDDATE="2024-09-09" ISACTUAL="0" ISACTIVE="0" /><HOUSE ID="126739419" OBJECTID="52191621" OBJECTGUID="e9a543cf-2d95-412f-923b-1b2c85043e9f" CHANGEID="600743081" HOUSENUM="10Б" HOUSETYPE="2" OPERTYPEID="20" PREVID="31188440" UPDATEDATE="2024-09-09" STARTDATE="2024-09-09" ENDDATE="2079-06-06" ISACTUAL="1" ISACTIVE="1" /><HOUSE ID="126739440" OBJECTID="165120532" OBJECTGUID="d733ef34-b744-4821-9436-dcc2d0c28d68" CHANGEID="600743356" HOUSENUM="46Б" HOUSETYPE="2" OPERTYPEID="10" PREVID="0" NEXTID="0" UPDATEDATE="2024-09-09" STARTDATE="2024-09-09" ENDDATE="2079-06-06" ISACTUAL="1" ISACTIVE="1" /><HOUSE ID="126739476" OBJECTID="23133595" OBJECTGUID="2d78ac61-1deb-445a-9828-38d6d4f9ccc5" CHANGEID="600743585" HOUSENUM="58" HOUSETYPE="2" OPERTYPEID="30" PREVID="13652749" NEXTID="0" UPDATEDATE="2024-09-09" STARTDATE="2024-09-09" ENDDATE="2079-06-06" ISACTUAL="1" ISACTIVE="0" /><HOUSE ID="13652749" OBJECTID="23133595" OBJECTGUID="2d78ac61-1deb-445a-9828-38d6d4f9ccc5" CHANGEID="35986618" HOUSENUM="58" HOUSETYPE="2" OPERTYPEID="10" PREVID="0" NEXTID="126739476" UPDATEDATE="2024-09-09" STARTDATE="2019-01-30" ENDDATE="2024-09-09" ISACTUAL="0" ISACTIVE="0" /><HOUSE ID="126739483" OBJECTID="23234045" OBJECTGUID="be3c34c6-7211-4ffa-a119-0249dbda40c7" CHANGEID="600743600" HOUSENUM="32" HOUSETYPE="2" OPERTYPEID="30" PREVID="13717039" NEXTID="0" UPDATEDATE="2024-09-09" STARTDATE="2024-09-09" ENDDATE="2079-06-06" ISACTUAL="1" ISACTIVE="0" /><HOUSE ID="13717039" OBJECTID="23234045" OBJECTGUID="be3c34c6-7211-4ffa-a119-0249dbda40c7" CHANGEID="36136718" HOUSENUM="32" HOUSETYPE="2" OPERTYPEID="10" PREVID="0" NEXTID="126739483" UPDATEDATE="2024-09-09" STARTDATE="1900-01-01" ENDDATE="2024-09-09" ISACTUAL="0" ISACTIVE="0" /><HOUSE ID="126739484" OBJECTID="23230477" OBJECTGUID="6bed3101-9c99-4d3d-8aa7-fdebbbb12984" CHANGEID="600743601" HOUSENUM="2" HOUSETYPE="3" OPERTYPEID="30" PREVID="13715885" NEXTID="0" UPDATEDATE="2024-09-09" STARTDATE="2024-09-09" ENDDATE="2079-06-06" ISACTUAL="1" ISACTIVE="0" /><HOUSE ID="13715885" OBJECTID="23230477" OBJECTGUID="6bed3101-9c99-4d3d-8aa7-fdebbbb12984" CHANGEID="36134382" HOUSENUM="2" HOUSETYPE="3" OPERTYPEID="20" PREVID="13715009" NEXTID="126739484" UPDATEDATE="2024-09-09" STARTDATE="2015-12-02" ENDDATE="2024-09-09" ISACTUAL="0" ISACTIVE="0" /><HOUSE ID="126739485" OBJECTID="23221386" OBJECTGUID="ad35e192-00b9-40d0-b8c8-f2e3568a7cd5" CHANGEID="600743602" HOUSENUM="6" HOUSETYPE="3" OPERTYPEID="30" PREVID="13708134" NEXTID="0" UPDATEDATE="2024-09-09" STARTDATE="2024-09-09" ENDDATE="2079-06-06" ISACTUAL="1" ISACTIVE="0" /><HOUSE ID="13708134" OBJECTID="23221386" OBJECTGUID="ad35e192-00b9-40d0-b8c8-f2e3568a7cd5" CHANGEID="36117754" HOUSENUM="6" HOUSETYPE="3" OPERTYPEID="20" PREVID="13707879" NEXTID="126739485" UPDATEDATE="2024-09-09" STARTDATE="2015-12-02" ENDDATE="2024-09-09" ISACTUAL="0" ISACTIVE="0" /><HOUSE ID="126739486" OBJECTID="23217614" OBJECTGUID="60e31d7b-6291-4df5-8751-c9662a143753" CHANGEID="600743603" HOUSENUM="33" HOUSETYPE="3" OPERTYPEID="30" PREVID="13705366" NEXTID="0" UPDATEDATE="2024-09-09" STARTDATE="2024-09-09" ENDDATE="2079-06-06" ISACTUAL="1" ISACTIVE="0" /><HOUSE ID="13705366" OBJECTID="23217614" OBJECTGUID="60e31d7b-6291-4df5-8751-c9662a143753" CHANGEID="36111665" HOUSENUM="33" HOUSETYPE="3" OPERTYPEID="20" PREVID="13705265" NEXTID="126739486" UPDATEDATE="2024-09-09" STARTDATE="2015-12-02" ENDDATE="2024-09-09" ISACTUAL="0" ISACTIVE="0" /><HOUSE ID="126739487" OBJECTID="23202236" OBJECTGUID="8fa6d680-0f58-4ec3-b37e-7a8a5503d506" CHANGEID="600743604" HOUSENUM="14" HOUSETYPE="3" OPERTYPEID="30" PREVID="13696971" NEXTID="0" UPDATEDATE="2024-09-09" STARTDATE="2024-09-09" ENDDATE="2079-06-06" ISACTUAL="1" ISACTIVE="0" /><HOUSE ID="13696971" OBJECTID="23202236" OBJECTGUID="8fa6d680-0f58-4ec3-b37e-7a8a5503d506" CHANGEID="36089449" HOUSENUM="14" HOUSETYPE="3" OPERTYPEID="20" PREVID="13696904" NEXTID="126739487" UPDATEDATE="2024-09-09" STARTDATE="2015-12-02" ENDDATE="2024-09-09" ISACTUAL="0" ISACTIVE="0" /><HOUSE ID="126739488" OBJECTID="23197928" OBJECTGUID="ad043681-1be8-4460-8d26-28241e722ca4" CHANGEID="600743605" HOUSENUM="25" HOUSETYPE="3" OPERTYPEID="30" PREVID="13693956" NEXTID="0" UPDATEDATE="2024-09-09" STARTDATE="2024-09-09" ENDDATE="2079-06-06" ISACTUAL="1" ISACTIVE="0" /><HOUSE ID="126739489" OBJECTID="23192920" OBJECTGUID="1e9cced7-b33d-4197-b210-05dc042f4231" CHANGEID="600743606" HOUSENUM="10" HOUSETYPE="3" OPERTYPEID="30" PREVID="13691054" NEXTID="0" UPDATEDATE="2024-09-09" STARTDATE="2024-09-09" ENDDATE="2079-06-06" ISACTUAL="1" ISACTIVE="0" /><HOUSE ID="13691054" OBJECTID="23192920" OBJECTGUID="1e9cced7-b33d-4197-b210-05dc042f4231" CHANGEID="36075461" HOUSENUM="10" HOUSETYPE="3" OPERTYPEID="20" PREVID="13691000" NEXTID="126739489" UPDATEDATE="2024-09-09" STARTDATE="2015-12-02" ENDDATE="2024-09-09" ISACTUAL="0" ISACTIVE="0" /><HOUSE ID="126739490" OBJECTID="23191861" OBJECTGUID="efabcc33-53e7-49e6-970f-0241ba607789" CHANGEID="600743607" HOUSENUM="5" HOUSETYPE="3" OPERTYPEID="30" PREVID="13690306" NEXTID="0" UPDATEDATE="2024-09-09" STARTDATE="2024-09-09" ENDDATE="2079-06-06" ISACTUAL="1" ISACTIVE="0" /><HOUSE ID="13690306" OBJECTID="23191861" OBJECTGUID="efabcc33-53e7-49e6-970f-0241ba607789" CHANGEID="36073831" HOUSENUM="5" HOUSETYPE="3" OPERTYPEID="20" PREVID="13690205" NEXTID="126739490" UPDATEDATE="2024-09-09" STARTDATE="2015-12-02" ENDDATE="2024-09-09" ISACTUAL="0" ISACTIVE="0" /><HOUSE ID="52427722" OBJECTID="10288655" OBJECTGUID="0ec63b75-ea42-46bd-9c6c-62317ca9df4d" CHANGEID="16919637" HOUSENUM="35" HOUSETYPE="3" OPERTYPEID="20" PREVID="5381459" NEXTID="126739452" UPDATEDATE="2024-09-09" STARTDATE="2016-03-23" ENDDATE="2024-09-09" ISACTUAL="0" ISACTIVE="0" /><HOUSE ID="126739452" OBJECTID="10288655" OBJECTGUID="0ec63b75-ea42-46bd-9c6c-62317ca9df4d" CHANGEID="600743478" HOUSENUM="35" HOUSETYPE="2" OPERTYPEID="20" PREVID="52427722" UPDATEDATE="2024-09-09" STARTDATE="2024-09-09" ENDDATE="2079-06-06" ISACTUAL="1" ISACTIVE="1" /><HOUSE ID="126739453" OBJECTID="37316700" OBJECTGUID="6e4939a3-2073-462e-bbea-1039e5f4fba1" CHANGEID="600743481" HOUSENUM="46" HOUSETYPE="5" OPERTYPEID="20" PREVID="22256566" UPDATEDATE="2024-09-09" STARTDATE="2024-09-09" ENDDATE="2079-06-06" ISACTUAL="1" ISACTIVE="1" /><HOUSE ID="42842924" OBJECTID="71031428" OBJECTGUID="06df47ce-cee3-4e57-bccb-3b0918cf64ed" CHANGEID="105815930" HOUSENUM="7" HOUSETYPE="3" OPERTYPEID="10" PREVID="0" NEXTID="126739767" UPDATEDATE="2024-09-09" STARTDATE="2015-11-09" ENDDATE="2024-09-09" ISACTUAL="0" ISACTIVE="0" /><HOUSE ID="126739767" OBJECTID="71031428" OBJECTGUID="06df47ce-cee3-4e57-bccb-3b0918cf64ed" CHANGEID="600744686" HOUSENUM="7" HOUSETYPE="2" OPERTYPEID="20" PREVID="42842924" UPDATEDATE="2024-09-09" STARTDATE="2024-09-09" ENDDATE="2079-06-06" ISACTUAL="1" ISACTIVE="1" /><HOUSE ID="27026419" OBJECTID="45258875" OBJECTGUID="be0c1663-5fb2-4085-9b48-3208f61ba3fa" CHANGEID="68180503" HOUSENUM="6" HOUSETYPE="3" OPERTYPEID="10" PREVID="0" NEXTID="126739768" UPDATEDATE="2024-09-09" STARTDATE="1900-01-01" ENDDATE="2024-09-09" ISACTUAL="0" ISACTIVE="0" /><HOUSE ID="126739768" OBJECTID="45258875" OBJECTGUID="be0c1663-5fb2-4085-9b48-3208f61ba3fa" CHANGEID="600744694" HOUSENUM="6" HOUSETYPE="2" OPERTYPEID="20" PREVID="27026419" UPDATEDATE="2024-09-09" STARTDATE="2024-09-09" ENDDATE="2079-06-06" ISACTUAL="1" ISACTIVE="1" /><HOUSE ID="126739755" OBJECTID="165121033" OBJECTGUID="81f28ba0-de08-4e56-a647-c4ed18bea86d" CHANGEID="600744633" HOUSENUM="1" HOUSETYPE="5" OPERTYPEID="10" PREVID="0" NEXTID="0" UPDATEDATE="2024-09-09" STARTDATE="2024-09-09" ENDDATE="2079-06-06" ISACTUAL="1" ISACTIVE="1" /><HOUSE ID="126745230" OBJECTID="165141930" OBJECTGUID="6d1e4d56-8cb1-4a20-8c1f-9ae8764ac041" CHANGEID="600777442" HOUSENUM="4в" HOUSETYPE="5" OPERTYPEID="10" PREVID="0" NEXTID="0" UPDATEDATE="2024-09-09" STARTDATE="2024-09-09" ENDDATE="2079-06-06" ISACTUAL="1" ISACTIVE="1" /><HOUSE ID="126747594" OBJECTID="165151365" OBJECTGUID="9c18cf2c-7caf-4dfa-a025-8fcff2e8218d" CHANGEID="600796817" HOUSENUM="1а" HOUSETYPE="8" OPERTYPEID="10" PREVID="0" NEXTID="0" UPDATEDATE="2024-09-10" STARTDATE="2024-09-10" ENDDATE="2079-06-06" ISACTUAL="1" ISACTIVE="1" /><HOUSE ID="126747595" OBJECTID="165151373" OBJECTGUID="1230a991-7a27-470c-b5fb-1eea57b90a2e" CHANGEID="600796825" HOUSENUM="2" HOUSETYPE="5" OPERTYPEID="10" PREVID="0" NEXTID="0" UPDATEDATE="2024-09-10" STARTDATE="2024-09-10" ENDDATE="2079-06-06" ISACTUAL="1" ISACTIVE="1" /><HOUSE ID="126747596" OBJECTID="165151374" OBJECTGUID="b0959a82-2828-45f8-9e6f-87322cef3616" CHANGEID="600796826" HOUSENUM="52Б" HOUSETYPE="5" OPERTYPEID="10" PREVID="0" NEXTID="0" UPDATEDATE="2024-09-10" STARTDATE="2024-09-10" ENDDATE="2079-06-06" ISACTUAL="1" ISACTIVE="1" /><HOUSE ID="126747597" OBJECTID="165151376" OBJECTGUID="b8ae9871-516f-4479-8687-bb1de5a87714" CHANGEID="600796828" HOUSENUM="14А" HOUSETYPE="5" OPERTYPEID="10" PREVID="0" NEXTID="0" UPDATEDATE="2024-09-10" STARTDATE="2024-09-10" ENDDATE="2079-06-06" ISACTUAL="1" ISACTIVE="1" /><HOUSE ID="126747598" OBJECTID="165151377" OBJECTGUID="ac033df0-f8ee-4119-ac0b-5a326adc94d2" CHANGEID="600796829" HOUSENUM="9А" HOUSETYPE="5" OPERTYPEID="10" PREVID="0" NEXTID="0" UPDATEDATE="2024-09-10" STARTDATE="2024-09-10" ENDDATE="2079-06-06" ISACTUAL="1" ISACTIVE="1" /><HOUSE ID="126747600" OBJECTID="165151378" OBJECTGUID="d399ba03-f725-4a73-b0c0-9d3259c112a7" CHANGEID="600796831" HOUSENUM="52В" HOUSETYPE="5" OPERTYPEID="10" PREVID="0" NEXTID="0" UPDATEDATE="2024-09-10" STARTDATE="2024-09-10" ENDDATE="2079-06-06" ISACTUAL="1" ISACTIVE="1" /><HOUSE ID="126747601" OBJECTID="165151379" OBJECTGUID="284bc69b-5db9-4fe5-9f43-83790bd9b102" CHANGEID="600796832" HOUSENUM="44А" HOUSETYPE="5" OPERTYPEID="10" PREVID="0" NEXTID="0" UPDATEDATE="2024-09-10" STARTDATE="2024-09-10" ENDDATE="2079-06-06" ISACTUAL="1" ISACTIVE="1" /><HOUSE ID="126747602" OBJECTID="165151380" OBJECTGUID="d85c2710-7be8-434f-b2eb-c69a24cc0dca" CHANGEID="600796833" HOUSENUM="52А" HOUSETYPE="5" OPERTYPEID="10" PREVID="0" NEXTID="0" UPDATEDATE="2024-09-10" STARTDATE="2024-09-10" ENDDATE="2079-06-06" ISACTUAL="1" ISACTIVE="1" /><HOUSE ID="126747603" OBJECTID="165151383" OBJECTGUID="8b1aa36e-39b9-45e8-9a4f-7f8697158714" CHANGEID="600796836" HOUSENUM="28" HOUSETYPE="5" OPERTYPEID="10" PREVID="0" NEXTID="0" UPDATEDATE="2024-09-10" STARTDATE="2024-09-10" ENDDATE="2079-06-06" ISACTUAL="1" ISACTIVE="1" /><HOUSE ID="126747604" OBJECTID="165151386" OBJECTGUID="de65bde7-026d-4952-92a8-5046d9971be1" CHANGEID="600796839" HOUSENUM="20В" HOUSETYPE="5" OPERTYPEID="10" PREVID="0" NEXTID="0" UPDATEDATE="2024-09-10" STARTDATE="2024-09-10" ENDDATE="2079-06-06" ISACTUAL="1" ISACTIVE="1" /><HOUSE ID="126747605" OBJECTID="165151391" OBJECTGUID="a17a3072-9928-4b3f-8fe5-0ed330e3b2f7" CHANGEID="600796846" HOUSENUM="4/4г" HOUSETYPE="7" OPERTYPEID="10" PREVID="0" NEXTID="0" UPDATEDATE="2024-09-10" STARTDATE="2024-09-10" ENDDATE="2079-06-06" ISACTUAL="1" ISACTIVE="1" /><HOUSE ID="126747606" OBJECTID="165151392" OBJECTGUID="066462cf-8292-4f71-bed0-f55289a31475" CHANGEID="600796847" HOUSENUM="4/5г" HOUSETYPE="7" OPERTYPEID="10" PREVID="0" NEXTID="0" UPDATEDATE="2024-09-10" STARTDATE="2024-09-10" ENDDATE="2079-06-06" ISACTUAL="1" ISACTIVE="1" /><HOUSE ID="126747607" OBJECTID="21957089" OBJECTGUID="7b84474d-738a-4fd8-87f9-0c872474f46e" CHANGEID="600796853" HOUSENUM="15/1" HOUSETYPE="2" OPERTYPEID="30" PREVID="12930471" NEXTID="0" UPDATEDATE="2024-09-10" STARTDATE="2024-09-10" ENDDATE="2079-06-06" ISACTUAL="1" ISACTIVE="0" /><HOUSE ID="12930471" OBJECTID="21957089" OBJECTGUID="7b84474d-738a-4fd8-87f9-0c872474f46e" CHANGEID="34264020" HOUSENUM="15/1" HOUSETYPE="2" OPERTYPEID="10" PREVID="0" NEXTID="126747607" UPDATEDATE="2024-09-10" STARTDATE="2018-08-09" ENDDATE="2024-09-10" ISACTUAL="0" ISACTIVE="0" /><HOUSE ID="126747608" OBJECTID="21956879" OBJECTGUID="a715f149-ab9e-4006-aa89-014349540477" CHANGEID="600796854" HOUSENUM="15/2" HOUSETYPE="2" OPERTYPEID="30" PREVID="12930327" NEXTID="0" UPDATEDATE="2024-09-10" STARTDATE="2024-09-10" ENDDATE="2079-06-06" ISACTUAL="1" ISACTIVE="0" /><HOUSE ID="12930327" OBJECTID="21956879" OBJECTGUID="a715f149-ab9e-4006-aa89-014349540477" CHANGEID="34263685" HOUSENUM="15/2" HOUSETYPE="2" OPERTYPEID="10" PREVID="0" NEXTID="126747608" UPDATEDATE="2024-09-10" STARTDATE="2018-08-09" ENDDATE="2024-09-10" ISACTUAL="0" ISACTIVE="0" /><HOUSE ID="126747632" OBJECTID="165151531" OBJECTGUID="237aae41-27ac-47f8-aaf7-75e51111772a" CHANGEID="600797114" HOUSENUM="59" HOUSETYPE="2" OPERTYPEID="10" PREVID="0" NEXTID="0" UPDATEDATE="2024-09-10" STARTDATE="2024-09-10" ENDDATE="2079-06-06" ISACTUAL="1" ISACTIVE="1" /><HOUSE ID="126747635" OBJECTID="165151540" OBJECTGUID="a4b34ca7-c311-4b7b-b647-82de6d782c03" CHANGEID="600797133" HOUSENUM="249А" HOUSETYPE="5" OPERTYPEID="10" PREVID="0" NEXTID="0" UPDATEDATE="2024-09-10" STARTDATE="2024-09-10" ENDDATE="2079-06-06" ISACTUAL="1" ISACTIVE="1" /><HOUSE ID="12873256" OBJECTID="21869502" OBJECTGUID="73cd37e6-592e-402d-8ebc-dd7219b0b175" CHANGEID="34133405" HOUSENUM="1в" ADDNUM1="4" HOUSETYPE="2" ADDTYPE1="3" OPERTYPEID="10" PREVID="0" NEXTID="126747647" UPDATEDATE="2024-09-10" STARTDATE="2018-08-21" ENDDATE="2024-09-10" ISACTUAL="0" ISACTIVE="0" /><HOUSE ID="126747647" OBJECTID="21869502" OBJECTGUID="73cd37e6-592e-402d-8ebc-dd7219b0b175" CHANGEID="600797457" HOUSENUM="1в/4г" HOUSETYPE="7" OPERTYPEID="20" PREVID="12873256" UPDATEDATE="2024-09-10" STARTDATE="2024-09-10" ENDDATE="2079-06-06" ISACTUAL="1" ISACTIVE="1" /><HOUSE ID="12872913" OBJECTID="21869157" OBJECTGUID="9a138172-7c94-4ddd-a9b7-984d3b947107" CHANGEID="34132814" HOUSENUM="1в" ADDNUM1="5" HOUSETYPE="2" ADDTYPE1="3" OPERTYPEID="10" PREVID="0" NEXTID="126747648" UPDATEDATE="2024-09-10" STARTDATE="2018-08-21" ENDDATE="2024-09-10" ISACTUAL="0" ISACTIVE="0" /><HOUSE ID="126747648" OBJECTID="21869157" OBJECTGUID="9a138172-7c94-4ddd-a9b7-984d3b947107" CHANGEID="600797458" HOUSENUM="1в/5г" HOUSETYPE="7" OPERTYPEID="20" PREVID="12872913" UPDATEDATE="2024-09-10" STARTDATE="2024-09-10" ENDDATE="2079-06-06" ISACTUAL="1" ISACTIVE="1" /><HOUSE ID="126747649" OBJECTID="21887236" OBJECTGUID="215a7a11-b864-473c-b5f3-41fe9cb94094" CHANGEID="600797459" HOUSENUM="1в/6" HOUSETYPE="7" OPERTYPEID="20" PREVID="12885169" UPDATEDATE="2024-09-10" STARTDATE="2024-09-10" ENDDATE="2079-06-06" ISACTUAL="1" ISACTIVE="1" /><HOUSE ID="126747650" OBJECTID="21866671" OBJECTGUID="23bcc6b0-b4fc-43aa-b883-0c0b08df1e03" CHANGEID="600797460" HOUSENUM="1в/7" HOUSETYPE="7" OPERTYPEID="20" PREVID="12871170" UPDATEDATE="2024-09-10" STARTDATE="2024-09-10" ENDDATE="2079-06-06" ISACTUAL="1" ISACTIVE="1" /><HOUSE ID="12870596" OBJECTID="21865877" OBJECTGUID="b0e14a0c-8f13-4018-8c59-02a74d610d2c" CHANGEID="34127912" HOUSENUM="1в" ADDNUM1="12" HOUSETYPE="2" ADDTYPE1="3" OPERTYPEID="10" PREVID="0" NEXTID="126747651" UPDATEDATE="2024-09-10" STARTDATE="2018-08-21" ENDDATE="2024-09-10" ISACTUAL="0" ISACTIVE="0" /><HOUSE ID="126747651" OBJECTID="21865877" OBJECTGUID="b0e14a0c-8f13-4018-8c59-02a74d610d2c" CHANGEID="600797461" HOUSENUM="1в/12" HOUSETYPE="7" OPERTYPEID="20" PREVID="12870596" UPDATEDATE="2024-09-10" STARTDATE="2024-09-10" ENDDATE="2079-06-06" ISACTUAL="1" ISACTIVE="1" /><HOUSE ID="126747670" OBJECTID="165152255" OBJECTGUID="6935820d-361f-4ee9-9d9f-61ae85ecedec" CHANGEID="600798140" HOUSENUM="23" HOUSETYPE="2" OPERTYPEID="10" PREVID="0" NEXTID="0" UPDATEDATE="2024-09-10" STARTDATE="2024-09-10" ENDDATE="2079-06-06" ISACTUAL="1" ISACTIVE="1" /><HOUSE ID="126747684" OBJECTID="165152616" OBJECTGUID="3a883468-c8aa-4198-a3eb-9caddaa48f19" CHANGEID="600798563" HOUSENUM="18/1" HOUSETYPE="2" OPERTYPEID="10" PREVID="0" NEXTID="0" UPDATEDATE="2024-09-10" STARTDATE="2024-09-10" ENDDATE="2079-06-06" ISACTUAL="1" ISACTIVE="1" /><HOUSE ID="126747685" OBJECTID="165152617" OBJECTGUID="bf294da7-6b43-4238-b243-6e920e85a537" CHANGEID="600798564" HOUSENUM="18/2" HOUSETYPE="2" OPERTYPEID="10" PREVID="0" NEXTID="0" UPDATEDATE="2024-09-10" STARTDATE="2024-09-10" ENDDATE="2079-06-06" ISACTUAL="1" ISACTIVE="1" /><HOUSE ID="126747782" OBJECTID="35920901" OBJECTGUID="b9a7b655-6026-46f5-8bd9-36ec98daddc6" CHANGEID="600801170" HOUSENUM="57" HOUSETYPE="2" OPERTYPEID="30" PREVID="21346336" NEXTID="0" UPDATEDATE="2024-09-10" STARTDATE="2024-09-10" ENDDATE="2079-06-06" ISACTUAL="1" ISACTIVE="0" /><HOUSE ID="21346336" OBJECTID="35920901" OBJECTGUID="b9a7b655-6026-46f5-8bd9-36ec98daddc6" CHANGEID="54548212" HOUSENUM="57" HOUSETYPE="2" OPERTYPEID="10" PREVID="0" NEXTID="126747782" UPDATEDATE="2024-09-10" STARTDATE="2017-10-16" ENDDATE="2024-09-10" ISACTUAL="0" ISACTIVE="0" /><HOUSE ID="126747819" OBJECTID="165154840" OBJECTGUID="6bc7d04b-2ac6-410b-bd06-251d901b8150" CHANGEID="600801597" HOUSENUM="4" HOUSETYPE="2" OPERTYPEID="10" PREVID="0" NEXTID="0" UPDATEDATE="2024-09-10" STARTDATE="2024-09-10" ENDDATE="2079-06-06" ISACTUAL="1" ISACTIVE="1" /><HOUSE ID="126747820" OBJECTID="165154841" OBJECTGUID="b27ceec7-3118-402b-8ae2-fee95ef75c6b" CHANGEID="600801598" HOUSENUM="52Г" HOUSETYPE="5" OPERTYPEID="10" PREVID="0" NEXTID="0" UPDATEDATE="2024-09-10" STARTDATE="2024-09-10" ENDDATE="2079-06-06" ISACTUAL="1" ISACTIVE="1" /><HOUSE ID="126747821" OBJECTID="165154866" OBJECTGUID="6616617b-df4a-4cd2-afc6-d90e0c808d48" CHANGEID="600801658" HOUSENUM="1А" HOUSETYPE="5" OPERTYPEID="10" PREVID="0" NEXTID="0" UPDATEDATE="2024-09-10" STARTDATE="2024-09-10" ENDDATE="2079-06-06" ISACTUAL="1" ISACTIVE="1" /><HOUSE ID="126747822" OBJECTID="165154868" OBJECTGUID="f614dc3d-0abf-4ae2-a89f-47b09d1e8f99" CHANGEID="600801660" HOUSENUM="19А" HOUSETYPE="5" OPERTYPEID="10" PREVID="0" NEXTID="0" UPDATEDATE="2024-09-10" STARTDATE="2024-09-10" ENDDATE="2079-06-06" ISACTUAL="1" ISACTIVE="1" /><HOUSE ID="126747823" OBJECTID="165154875" OBJECTGUID="4af83307-4d26-457a-9601-8d299d9b182b" CHANGEID="600801667" HOUSENUM="91А" HOUSETYPE="8" OPERTYPEID="10" PREVID="0" NEXTID="0" UPDATEDATE="2024-09-10" STARTDATE="2024-09-10" ENDDATE="2079-06-06" ISACTUAL="1" ISACTIVE="1" /><HOUSE ID="126747824" OBJECTID="165154877" OBJECTGUID="6360c86d-bbee-48f7-afcb-24942ca943ae" CHANGEID="600801669" HOUSENUM="91Б" HOUSETYPE="5" OPERTYPEID="10" PREVID="0" NEXTID="0" UPDATEDATE="2024-09-10" STARTDATE="2024-09-10" ENDDATE="2079-06-06" ISACTUAL="1" ISACTIVE="1" /><HOUSE ID="126747825" OBJECTID="165154878" OBJECTGUID="254718b5-f714-4a9a-ba6f-89060dbb4da6" CHANGEID="600801670" HOUSENUM="91В" HOUSETYPE="8" OPERTYPEID="10" PREVID="0" NEXTID="0" UPDATEDATE="2024-09-10" STARTDATE="2024-09-10" ENDDATE="2079-06-06" ISACTUAL="1" ISACTIVE="1" /><HOUSE ID="126747826" OBJECTID="165154879" OBJECTGUID="d0cb5b00-9bb2-425a-99e6-b51ec3d9e71d" CHANGEID="600801671" HOUSENUM="97Б" HOUSETYPE="5" OPERTYPEID="10" PREVID="0" NEXTID="0" UPDATEDATE="2024-09-10" STARTDATE="2024-09-10" ENDDATE="2079-06-06" ISACTUAL="1" ISACTIVE="1" /><HOUSE ID="126747827" OBJECTID="165154880" OBJECTGUID="7957c434-b838-452f-9169-437ac5971d96" CHANGEID="600801672" HOUSENUM="91Г" HOUSETYPE="5" OPERTYPEID="10" PREVID="0" NEXTID="0" UPDATEDATE="2024-09-10" STARTDATE="2024-09-10" ENDDATE="2079-06-06" ISACTUAL="1" ISACTIVE="1" /><HOUSE ID="126747828" OBJECTID="165154881" OBJECTGUID="6968689e-8778-4ba1-a1d0-d3242c210e06" CHANGEID="600801673" HOUSENUM="91Д" HOUSETYPE="5" OPERTYPEID="10" PREVID="0" NEXTID="0" UPDATEDATE="2024-09-10" STARTDATE="2024-09-10" ENDDATE="2079-06-06" ISACTUAL="1" ISACTIVE="1" /><HOUSE ID="126747914" OBJECTID="165155840" OBJECTGUID="de17768f-c9f8-42a9-b21e-5359aab2a0e8" CHANGEID="600803628" HOUSENUM="91Е" HOUSETYPE="8" OPERTYPEID="10" PREVID="0" NEXTID="0" UPDATEDATE="2024-09-10" STARTDATE="2024-09-10" ENDDATE="2079-06-06" ISACTUAL="1" ISACTIVE="1" /><HOUSE ID="126747916" OBJECTID="165155842" OBJECTGUID="4704f36a-6931-48c6-8130-b20850a28b0f" CHANGEID="600803630" HOUSENUM="83А/1" HOUSETYPE="5" OPERTYPEID="10" PREVID="0" NEXTID="0" UPDATEDATE="2024-09-10" STARTDATE="2024-09-10" ENDDATE="2079-06-06" ISACTUAL="1" ISACTIVE="1" /><HOUSE ID="126747919" OBJECTID="165155847" OBJECTGUID="dad1a6e8-5746-4a9e-a508-bca6719b7fb4" CHANGEID="600803635" HOUSENUM="126Г" HOUSETYPE="5" OPERTYPEID="10" PREVID="0" NEXTID="0" UPDATEDATE="2024-09-10" STARTDATE="2024-09-10" ENDDATE="2079-06-06" ISACTUAL="1" ISACTIVE="1" /><HOUSE ID="126747921" OBJECTID="165155849" OBJECTGUID="8d905fa0-55b6-4e23-9f11-340038ec8905" CHANGEID="600803639" HOUSENUM="91К" HOUSETYPE="5" OPERTYPEID="10" PREVID="0" NEXTID="0" UPDATEDATE="2024-09-10" STARTDATE="2024-09-10" ENDDATE="2079-06-06" ISACTUAL="1" ISACTIVE="1" /><HOUSE ID="126747922" OBJECTID="165155851" OBJECTGUID="0c92f17d-93c8-4a90-a7c9-2f23e0737166" CHANGEID="600803641" HOUSENUM="91Л" HOUSETYPE="8" OPERTYPEID="10" PREVID="0" NEXTID="0" UPDATEDATE="2024-09-10" STARTDATE="2024-09-10" ENDDATE="2079-06-06" ISACTUAL="1" ISACTIVE="1" /><HOUSE ID="126747924" OBJECTID="165155853" OBJECTGUID="703a4b89-4ec8-4392-b6b7-320c31d85acc" CHANGEID="600803643" HOUSENUM="97В" HOUSETYPE="5" OPERTYPEID="10" PREVID="0" NEXTID="0" UPDATEDATE="2024-09-10" STARTDATE="2024-09-10" ENDDATE="2079-06-06" ISACTUAL="1" ISACTIVE="1" /><HOUSE ID="126747926" OBJECTID="165155855" OBJECTGUID="a1d01c45-0e46-4e38-9de9-9e8ebdad830b" CHANGEID="600803645" HOUSENUM="126Ж" HOUSETYPE="5" OPERTYPEID="10" PREVID="0" NEXTID="0" UPDATEDATE="2024-09-10" STARTDATE="2024-09-10" ENDDATE="2079-06-06" ISACTUAL="1" ISACTIVE="1" /><HOUSE ID="126747928" OBJECTID="165155857" OBJECTGUID="15443521-828e-4080-bb48-01e3f7305979" CHANGEID="600803647" HOUSENUM="33" HOUSETYPE="2" OPERTYPEID="10" PREVID="0" NEXTID="0" UPDATEDATE="2024-09-10" STARTDATE="2024-09-10" ENDDATE="2079-06-06" ISACTUAL="1" ISACTIVE="1" /><HOUSE ID="126747930" OBJECTID="165155859" OBJECTGUID="582a89d4-e364-4d14-8719-3216930e9352" CHANGEID="600803649" HOUSENUM="14Г" HOUSETYPE="5" OPERTYPEID="10" PREVID="0" NEXTID="0" UPDATEDATE="2024-09-10" STARTDATE="2024-09-10" ENDDATE="2079-06-06" ISACTUAL="1" ISACTIVE="1" /><HOUSE ID="126747932" OBJECTID="165155861" OBJECTGUID="2ea7293d-a145-4748-b4b1-6ca772c4a1cd" CHANGEID="600803651" HOUSENUM="13Г" HOUSETYPE="5" OPERTYPEID="10" PREVID="0" NEXTID="0" UPDATEDATE="2024-09-10" STARTDATE="2024-09-10" ENDDATE="2079-06-06" ISACTUAL="1" ISACTIVE="1" /><HOUSE ID="126747934" OBJECTID="165155863" OBJECTGUID="ed2667f9-d23e-4fd3-8386-5b6f09238bd8" CHANGEID="600803653" HOUSENUM="14А" HOUSETYPE="5" OPERTYPEID="10" PREVID="0" NEXTID="0" UPDATEDATE="2024-09-10" STARTDATE="2024-09-10" ENDDATE="2079-06-06" ISACTUAL="1" ISACTIVE="1" /><HOUSE ID="126747936" OBJECTID="165155865" OBJECTGUID="42f33eef-4271-407a-87c0-9fd0d7508557" CHANGEID="600803655" HOUSENUM="31" ADDNUM1="2" HOUSETYPE="5" ADDTYPE1="2" OPERTYPEID="10" PREVID="0" NEXTID="0" UPDATEDATE="2024-09-10" STARTDATE="2024-09-10" ENDDATE="2079-06-06" ISACTUAL="1" ISACTIVE="1" /><HOUSE ID="126747938" OBJECTID="165155867" OBJECTGUID="a51ef010-bbb3-401a-9783-aaa555f7e0d7" CHANGEID="600803657" HOUSENUM="16Б" HOUSETYPE="8" OPERTYPEID="10" PREVID="0" NEXTID="0" UPDATEDATE="2024-09-10" STARTDATE="2024-09-10" ENDDATE="2079-06-06" ISACTUAL="1" ISACTIVE="1" /><HOUSE ID="126747915" OBJECTID="165155841" OBJECTGUID="16a9db3e-d260-4553-937b-1ccd89e5d256" CHANGEID="600803629" HOUSENUM="91Ж" HOUSETYPE="5" OPERTYPEID="10" PREVID="0" NEXTID="0" UPDATEDATE="2024-09-10" STARTDATE="2024-09-10" ENDDATE="2079-06-06" ISACTUAL="1" ISACTIVE="1" /><HOUSE ID="126747917" OBJECTID="165155843" OBJECTGUID="e1cc5cd6-0754-4dee-84ed-2952160c7820" CHANGEID="600803631" HOUSENUM="83А/2" HOUSETYPE="5" OPERTYPEID="10" PREVID="0" NEXTID="0" UPDATEDATE="2024-09-10" STARTDATE="2024-09-10" ENDDATE="2079-06-06" ISACTUAL="1" ISACTIVE="1" /><HOUSE ID="126747918" OBJECTID="165155846" OBJECTGUID="2b17c2ac-b54f-4352-802f-56a096f067fe" CHANGEID="600803634" HOUSENUM="85Б" HOUSETYPE="5" OPERTYPEID="10" PREVID="0" NEXTID="0" UPDATEDATE="2024-09-10" STARTDATE="2024-09-10" ENDDATE="2079-06-06" ISACTUAL="1" ISACTIVE="1" /><HOUSE ID="126747920" OBJECTID="165155848" OBJECTGUID="067cb431-5258-47bf-8e21-7b677c8e8536" CHANGEID="600803638" HOUSENUM="91И" HOUSETYPE="5" OPERTYPEID="10" PREVID="0" NEXTID="0" UPDATEDATE="2024-09-10" STARTDATE="2024-09-10" ENDDATE="2079-06-06" ISACTUAL="1" ISACTIVE="1" /><HOUSE ID="126747923" OBJECTID="165155852" OBJECTGUID="b14f5c6c-b4e1-4bd0-a573-ee1dde2aa5f3" CHANGEID="600803642" HOUSENUM="83В" HOUSETYPE="5" OPERTYPEID="10" PREVID="0" NEXTID="0" UPDATEDATE="2024-09-10" STARTDATE="2024-09-10" ENDDATE="2079-06-06" ISACTUAL="1" ISACTIVE="1" /><HOUSE ID="126747925" OBJECTID="165155854" OBJECTGUID="865a525f-2c54-4c08-b3f8-a42d56d48093" CHANGEID="600803644" HOUSENUM="126Е" HOUSETYPE="5" OPERTYPEID="10" PREVID="0" NEXTID="0" UPDATEDATE="2024-09-10" STARTDATE="2024-09-10" ENDDATE="2079-06-06" ISACTUAL="1" ISACTIVE="1" /><HOUSE ID="126747927" OBJECTID="165155856" OBJECTGUID="2ce6ffdd-43c7-488b-878e-5a77903f82aa" CHANGEID="600803646" HOUSENUM="48А" HOUSETYPE="5" OPERTYPEID="10" PREVID="0" NEXTID="0" UPDATEDATE="2024-09-10" STARTDATE="2024-09-10" ENDDATE="2079-06-06" ISACTUAL="1" ISACTIVE="1" /><HOUSE ID="126747929" OBJECTID="165155858" OBJECTGUID="fbb2f33d-a9a7-4da0-9f44-9882c684d834" CHANGEID="600803648" HOUSENUM="12" HOUSETYPE="2" OPERTYPEID="10" PREVID="0" NEXTID="0" UPDATEDATE="2024-09-10" STARTDATE="2024-09-10" ENDDATE="2079-06-06" ISACTUAL="1" ISACTIVE="1" /><HOUSE ID="126747931" OBJECTID="165155860" OBJECTGUID="bbeb1392-4049-48fa-8ce4-ac09b87ffb13" CHANGEID="600803650" HOUSENUM="29Б" HOUSETYPE="8" OPERTYPEID="10" PREVID="0" NEXTID="0" UPDATEDATE="2024-09-10" STARTDATE="2024-09-10" ENDDATE="2079-06-06" ISACTUAL="1" ISACTIVE="1" /><HOUSE ID="126747933" OBJECTID="165155862" OBJECTGUID="568cc958-f232-4bbe-9a3f-0a7d33801980" CHANGEID="600803652" HOUSENUM="13Б" HOUSETYPE="5" OPERTYPEID="10" PREVID="0" NEXTID="0" UPDATEDATE="2024-09-10" STARTDATE="2024-09-10" ENDDATE="2079-06-06" ISACTUAL="1" ISACTIVE="1" /><HOUSE ID="126747935" OBJECTID="165155864" OBJECTGUID="47f0800d-047c-4d4d-be1e-d262fcd2c7d9" CHANGEID="600803654" HOUSENUM="14Б" HOUSETYPE="5" OPERTYPEID="10" PREVID="0" NEXTID="0" UPDATEDATE="2024-09-10" STARTDATE="2024-09-10" ENDDATE="2079-06-06" ISACTUAL="1" ISACTIVE="1" /><HOUSE ID="126747937" OBJECTID="165155866" OBJECTGUID="706a8689-3231-482c-9641-ae746e1dfde6" CHANGEID="600803656" HOUSENUM="31" ADDNUM1="1" HOUSETYPE="5" ADDTYPE1="2" OPERTYPEID="10" PREVID="0" NEXTID="0" UPDATEDATE="2024-09-10" STARTDATE="2024-09-10" ENDDATE="2079-06-06" ISACTUAL="1" ISACTIVE="1" /><HOUSE ID="126749362" OBJECTID="165160767" OBJECTGUID="3fa2d3cf-799e-4cf9-96dd-3a6ea1535f53" CHANGEID="600812327" HOUSENUM="12А" HOUSETYPE="5" OPERTYPEID="10" PREVID="0" NEXTID="0" UPDATEDATE="2024-09-10" STARTDATE="2024-09-10" ENDDATE="2079-06-06" ISACTUAL="1" ISACTIVE="1" /><HOUSE ID="126749366" OBJECTID="165160770" OBJECTGUID="7cb16ba4-0736-4b6c-adf2-8c1ef9fcb55b" CHANGEID="600812331" HOUSENUM="13В" HOUSETYPE="5" OPERTYPEID="10" PREVID="0" NEXTID="0" UPDATEDATE="2024-09-10" STARTDATE="2024-09-10" ENDDATE="2079-06-06" ISACTUAL="1" ISACTIVE="1" /><HOUSE ID="126749368" OBJECTID="165160772" OBJECTGUID="aca24d41-84b6-4e1b-a1d4-709c24d2a2aa" CHANGEID="600812333" HOUSENUM="147А" HOUSETYPE="5" OPERTYPEID="10" PREVID="0" NEXTID="0" UPDATEDATE="2024-09-10" STARTDATE="2024-09-10" ENDDATE="2079-06-06" ISACTUAL="1" ISACTIVE="1" /><HOUSE ID="126749370" OBJECTID="165160774" OBJECTGUID="70c8b578-3f3a-4c2b-b3a7-c8548b94ca41" CHANGEID="600812335" HOUSENUM="146В" HOUSETYPE="5" OPERTYPEID="10" PREVID="0" NEXTID="0" UPDATEDATE="2024-09-10" STARTDATE="2024-09-10" ENDDATE="2079-06-06" ISACTUAL="1" ISACTIVE="1" /><HOUSE ID="126749372" OBJECTID="165160776" OBJECTGUID="dad0fa54-0156-41b9-adb0-ff902ab526c0" CHANGEID="600812337" HOUSENUM="146Г" HOUSETYPE="5" OPERTYPEID="10" PREVID="0" NEXTID="0" UPDATEDATE="2024-09-10" STARTDATE="2024-09-10" ENDDATE="2079-06-06" ISACTUAL="1" ISACTIVE="1" /><HOUSE ID="126749374" OBJECTID="165160778" OBJECTGUID="091435c9-2e14-4e62-8417-41f761483b32" CHANGEID="600812339" HOUSENUM="31В" HOUSETYPE="5" OPERTYPEID="10" PREVID="0" NEXTID="0" UPDATEDATE="2024-09-10" STARTDATE="2024-09-10" ENDDATE="2079-06-06" ISACTUAL="1" ISACTIVE="1" /><HOUSE ID="126749363" OBJECTID="165160768" OBJECTGUID="ded0d586-edcd-4f08-8820-c04f9439a15d" CHANGEID="600812328" HOUSENUM="20/1" HOUSETYPE="5" OPERTYPEID="10" PREVID="0" NEXTID="0" UPDATEDATE="2024-09-10" STARTDATE="2024-09-10" ENDDATE="2079-06-06" ISACTUAL="1" ISACTIVE="1" /><HOUSE ID="126749365" OBJECTID="165160769" OBJECTGUID="67839813-3371-4f77-bf74-49e2a6b36b41" CHANGEID="600812330" HOUSENUM="13А" HOUSETYPE="5" OPERTYPEID="10" PREVID="0" NEXTID="0" UPDATEDATE="2024-09-10" STARTDATE="2024-09-10" ENDDATE="2079-06-06" ISACTUAL="1" ISACTIVE="1" /><HOUSE ID="126749367" OBJECTID="165160771" OBJECTGUID="43da9be6-e8b9-45b4-84e0-16d01bbbd6cb" CHANGEID="600812332" HOUSENUM="8А" HOUSETYPE="8" OPERTYPEID="10" PREVID="0" NEXTID="0" UPDATEDATE="2024-09-10" STARTDATE="2024-09-10" ENDDATE="2079-06-06" ISACTUAL="1" ISACTIVE="1" /><HOUSE ID="126749369" OBJECTID="165160773" OBJECTGUID="4f8ab434-6069-4c7f-8620-4e5bef6a9583" CHANGEID="600812334" HOUSENUM="31А" HOUSETYPE="5" OPERTYPEID="10" PREVID="0" NEXTID="0" UPDATEDATE="2024-09-10" STARTDATE="2024-09-10" ENDDATE="2079-06-06" ISACTUAL="1" ISACTIVE="1" /><HOUSE ID="126749371" OBJECTID="165160775" OBJECTGUID="648d94a6-abd4-47da-b830-2cbe8c530ae4" CHANGEID="600812336" HOUSENUM="146Б" HOUSETYPE="5" OPERTYPEID="10" PREVID="0" NEXTID="0" UPDATEDATE="2024-09-10" STARTDATE="2024-09-10" ENDDATE="2079-06-06" ISACTUAL="1" ISACTIVE="1" /><HOUSE ID="126749373" OBJECTID="165160777" OBJECTGUID="90a82a25-8ffb-4496-83bb-6af29a25edfd" CHANGEID="600812338" HOUSENUM="31Б" HOUSETYPE="5" OPERTYPEID="10" PREVID="0" NEXTID="0" UPDATEDATE="2024-09-10" STARTDATE="2024-09-10" ENDDATE="2079-06-06" ISACTUAL="1" ISACTIVE="1" /><HOUSE ID="126749377" OBJECTID="165160815" OBJECTGUID="9ca225fb-1774-48db-8601-ab341570b251" CHANGEID="600812376" HOUSENUM="9Б" HOUSETYPE="5" OPERTYPEID="10" PREVID="0" NEXTID="0" UPDATEDATE="2024-09-10" STARTDATE="2024-09-10" ENDDATE="2079-06-06" ISACTUAL="1" ISACTIVE="1" /><HOUSE ID="126749379" OBJECTID="165160817" OBJECTGUID="0fbec425-e98b-4913-a51c-5f122c632d50" CHANGEID="600812378" HOUSENUM="9Г" HOUSETYPE="5" OPERTYPEID="10" PREVID="0" NEXTID="0" UPDATEDATE="2024-09-10" STARTDATE="2024-09-10" ENDDATE="2079-06-06" ISACTUAL="1" ISACTIVE="1" /><HOUSE ID="126749381" OBJECTID="165160819" OBJECTGUID="aadc9f58-09c5-451b-9cd6-73274037284c" CHANGEID="600812380" HOUSENUM="9Е" HOUSETYPE="5" OPERTYPEID="10" PREVID="0" NEXTID="0" UPDATEDATE="2024-09-10" STARTDATE="2024-09-10" ENDDATE="2079-06-06" ISACTUAL="1" ISACTIVE="1" /><HOUSE ID="126749385" OBJECTID="165160880" OBJECTGUID="d0cb86ac-48d0-4456-8ff1-1a70fc978615" CHANGEID="600812441" HOUSENUM="27" HOUSETYPE="2" OPERTYPEID="10" PREVID="0" NEXTID="0" UPDATEDATE="2024-09-10" STARTDATE="2024-09-10" ENDDATE="2079-06-06" ISACTUAL="1" ISACTIVE="1" /><HOUSE ID="126749387" OBJECTID="165160882" OBJECTGUID="ce34206f-95cf-44a4-ba3a-efd8751bf0a9" CHANGEID="600812443" HOUSENUM="145В" HOUSETYPE="5" OPERTYPEID="10" PREVID="0" NEXTID="0" UPDATEDATE="2024-09-10" STARTDATE="2024-09-10" ENDDATE="2079-06-06" ISACTUAL="1" ISACTIVE="1" /><HOUSE ID="126749389" OBJECTID="165160884" OBJECTGUID="28917d97-e719-4ce7-b6d8-6fe482a790c6" CHANGEID="600812445" HOUSENUM="4А" HOUSETYPE="5" OPERTYPEID="10" PREVID="0" NEXTID="0" UPDATEDATE="2024-09-10" STARTDATE="2024-09-10" ENDDATE="2079-06-06" ISACTUAL="1" ISACTIVE="1" /><HOUSE ID="126749375" OBJECTID="165160812" OBJECTGUID="b0072d72-f7c0-45d9-973d-5213e4dbd059" CHANGEID="600812373" HOUSENUM="10Б" HOUSETYPE="5" OPERTYPEID="10" PREVID="0" NEXTID="0" UPDATEDATE="2024-09-10" STARTDATE="2024-09-10" ENDDATE="2079-06-06" ISACTUAL="1" ISACTIVE="1" /><HOUSE ID="126749376" OBJECTID="165160814" OBJECTGUID="d036fb6a-08bb-48a9-a7f0-21821ac6ef14" CHANGEID="600812375" HOUSENUM="9А" HOUSETYPE="5" OPERTYPEID="10" PREVID="0" NEXTID="0" UPDATEDATE="2024-09-10" STARTDATE="2024-09-10" ENDDATE="2079-06-06" ISACTUAL="1" ISACTIVE="1" /><HOUSE ID="126749378" OBJECTID="165160816" OBJECTGUID="f4ec8d64-cb17-4521-902e-972974b1559d" CHANGEID="600812377" HOUSENUM="9В" HOUSETYPE="5" OPERTYPEID="10" PREVID="0" NEXTID="0" UPDATEDATE="2024-09-10" STARTDATE="2024-09-10" ENDDATE="2079-06-06" ISACTUAL="1" ISACTIVE="1" /><HOUSE ID="126749380" OBJECTID="165160818" OBJECTGUID="08637969-2f4f-4663-87ae-f77e6c0e66c8" CHANGEID="600812379" HOUSENUM="9Д" HOUSETYPE="5" OPERTYPEID="10" PREVID="0" NEXTID="0" UPDATEDATE="2024-09-10" STARTDATE="2024-09-10" ENDDATE="2079-06-06" ISACTUAL="1" ISACTIVE="1" /><HOUSE ID="126749382" OBJECTID="165160820" OBJECTGUID="7879a460-4b12-4820-b209-44303d283464" CHANGEID="600812381" HOUSENUM="9Ж" HOUSETYPE="5" OPERTYPEID="10" PREVID="0" NEXTID="0" UPDATEDATE="2024-09-10" STARTDATE="2024-09-10" ENDDATE="2079-06-06" ISACTUAL="1" ISACTIVE="1" /><HOUSE ID="126749383" OBJECTID="165160822" OBJECTGUID="40d81a41-eb27-448a-8876-a159d542b6ff" CHANGEID="600812383" HOUSENUM="9И" HOUSETYPE="5" OPERTYPEID="10" PREVID="0" NEXTID="0" UPDATEDATE="2024-09-10" STARTDATE="2024-09-10" ENDDATE="2079-06-06" ISACTUAL="1" ISACTIVE="1" /><HOUSE ID="126749384" OBJECTID="165160879" OBJECTGUID="0e90c142-cc3c-444f-a201-c117a90b82d2" CHANGEID="600812440" HOUSENUM="4" HOUSETYPE="2" OPERTYPEID="10" PREVID="0" NEXTID="0" UPDATEDATE="2024-09-10" STARTDATE="2024-09-10" ENDDATE="2079-06-06" ISACTUAL="1" ISACTIVE="1" /><HOUSE ID="126749386" OBJECTID="165160881" OBJECTGUID="d9c4a7f9-7882-458c-a170-17eff64e2d0d" CHANGEID="600812442" HOUSENUM="145Б" HOUSETYPE="5" OPERTYPEID="10" PREVID="0" NEXTID="0" UPDATEDATE="2024-09-10" STARTDATE="2024-09-10" ENDDATE="2079-06-06" ISACTUAL="1" ISACTIVE="1" /><HOUSE ID="126749388" OBJECTID="165160883" OBJECTGUID="a9088298-bb4b-490e-a6ec-f07c8ad75b19" CHANGEID="600812444" HOUSENUM="145Г" HOUSETYPE="8" OPERTYPEID="10" PREVID="0" NEXTID="0" UPDATEDATE="2024-09-10" STARTDATE="2024-09-10" ENDDATE="2079-06-06" ISACTUAL="1" ISACTIVE="1" /><HOUSE ID="126749390" OBJECTID="165160885" OBJECTGUID="9fd4f2a3-ef4c-450a-8ea8-47323ea17166" CHANGEID="600812446" HOUSENUM="2Б" HOUSETYPE="5" OPERTYPEID="10" PREVID="0" NEXTID="0" UPDATEDATE="2024-09-10" STARTDATE="2024-09-10" ENDDATE="2079-06-06" ISACTUAL="1" ISACTIVE="1" /><HOUSE ID="126749439" OBJECTID="165161419" OBJECTGUID="09de4a28-ee49-4b93-8371-8bb2211e012e" CHANGEID="600813106" HOUSENUM="69А" HOUSETYPE="5" OPERTYPEID="10" PREVID="0" NEXTID="0" UPDATEDATE="2024-09-10" STARTDATE="2024-09-10" ENDDATE="2079-06-06" ISACTUAL="1" ISACTIVE="1" /><HOUSE ID="126750324" OBJECTID="165164827" OBJECTGUID="40002783-c89e-4d09-ba01-bde44a883d91" CHANGEID="600818916" HOUSENUM="53в" HOUSETYPE="5" OPERTYPEID="10" PREVID="0" NEXTID="0" UPDATEDATE="2024-09-10" STARTDATE="2024-09-10" ENDDATE="2079-06-06" ISACTUAL="1" ISACTIVE="1" /><HOUSE ID="126754803" OBJECTID="82465852" OBJECTGUID="31e9a54f-50be-40ea-8bc5-1dc57dbdd221" CHANGEID="600855014" HOUSENUM="7/3" HOUSETYPE="5" OPERTYPEID="30" PREVID="49905618" NEXTID="0" UPDATEDATE="2024-09-11" STARTDATE="2024-09-11" ENDDATE="2079-06-06" ISACTUAL="1" ISACTIVE="0" /><HOUSE ID="49905618" OBJECTID="82465852" OBJECTGUID="31e9a54f-50be-40ea-8bc5-1dc57dbdd221" CHANGEID="122519191" HOUSENUM="7/3" HOUSETYPE="5" OPERTYPEID="10" PREVID="0" NEXTID="126754803" UPDATEDATE="2024-09-11" STARTDATE="2018-09-25" ENDDATE="2024-09-11" ISACTUAL="0" ISACTIVE="0" /><HOUSE ID="126754804" OBJECTID="165183957" OBJECTGUID="eb34d3c3-bcb8-43a3-b09a-f699fab89950" CHANGEID="600855553" HOUSENUM="12/4с" HOUSETYPE="7" OPERTYPEID="10" PREVID="0" NEXTID="0" UPDATEDATE="2024-09-11" STARTDATE="2024-09-11" ENDDATE="2079-06-06" ISACTUAL="1" ISACTIVE="1" /><HOUSE ID="126754805" OBJECTID="165183960" OBJECTGUID="c3ee95e3-446c-4ea2-b29b-cf7d073c3908" CHANGEID="600855560" HOUSENUM="16/4с" HOUSETYPE="7" OPERTYPEID="10" PREVID="0" NEXTID="0" UPDATEDATE="2024-09-11" STARTDATE="2024-09-11" ENDDATE="2079-06-06" ISACTUAL="1" ISACTIVE="1" /><HOUSE ID="126754806" OBJECTID="8486020" OBJECTGUID="04546fbe-0098-4a4a-847f-92ddd18f87ae" CHANGEID="600855566" HOUSENUM="12/12г" HOUSETYPE="7" OPERTYPEID="20" PREVID="4313199" UPDATEDATE="2024-09-11" STARTDATE="2024-09-11" ENDDATE="2079-06-06" ISACTUAL="1" ISACTIVE="1" /><HOUSE ID="126754807" OBJECTID="21867099" OBJECTGUID="d0e06fc7-8f84-4f80-b214-2f51c11b77b1" CHANGEID="600855570" HOUSENUM="1в/9" HOUSETYPE="7" OPERTYPEID="20" PREVID="12871512" UPDATEDATE="2024-09-11" STARTDATE="2024-09-11" ENDDATE="2079-06-06" ISACTUAL="1" ISACTIVE="1" /><HOUSE ID="29218854" OBJECTID="48850749" OBJECTGUID="97ce26df-a048-408c-966e-21700b2faa76" CHANGEID="73407770" HOUSENUM="9" HOUSETYPE="1" OPERTYPEID="10" PREVID="0" NEXTID="126754814" UPDATEDATE="2024-09-11" STARTDATE="2018-02-20" ENDDATE="2024-09-11" ISACTUAL="0" ISACTIVE="0" /><HOUSE ID="126754814" OBJECTID="48850749" OBJECTGUID="97ce26df-a048-408c-966e-21700b2faa76" CHANGEID="600860565" HOUSENUM="9" HOUSETYPE="2" OPERTYPEID="20" PREVID="29218854" UPDATEDATE="2024-09-11" STARTDATE="2024-09-11" ENDDATE="2079-06-06" ISACTUAL="1" ISACTIVE="1" /><HOUSE ID="126754815" OBJECTID="165184039" OBJECTGUID="0ff013e7-cee5-4f59-b4b1-c9b321dff4b3" CHANGEID="600860567" HOUSENUM="58з" HOUSETYPE="2" OPERTYPEID="10" PREVID="0" NEXTID="0" UPDATEDATE="2024-09-11" STARTDATE="2024-09-11" ENDDATE="2079-06-06" ISACTUAL="1" ISACTIVE="1" /><HOUSE ID="126754816" OBJECTID="165184153" OBJECTGUID="b6b32a58-97f0-4369-b479-2f224fcd2557" CHANGEID="600860760" HOUSENUM="147А" HOUSETYPE="5" OPERTYPEID="10" PREVID="0" NEXTID="0" UPDATEDATE="2024-09-11" STARTDATE="2024-09-11" ENDDATE="2079-06-06" ISACTUAL="1" ISACTIVE="1" /><HOUSE ID="126754817" OBJECTID="165184154" OBJECTGUID="7d3ccd41-e7fe-41d6-a4b8-401aa6ccb9a4" CHANGEID="600860761" HOUSENUM="1" HOUSETYPE="5" OPERTYPEID="10" PREVID="0" NEXTID="0" UPDATEDATE="2024-09-11" STARTDATE="2024-09-11" ENDDATE="2079-06-06" ISACTUAL="1" ISACTIVE="1" /><HOUSE ID="126754818" OBJECTID="165184155" OBJECTGUID="156d8baf-236f-44e7-9b80-f15b4c42f33d" CHANGEID="600860765" HOUSENUM="145Д" HOUSETYPE="8" OPERTYPEID="10" PREVID="0" NEXTID="0" UPDATEDATE="2024-09-11" STARTDATE="2024-09-11" ENDDATE="2079-06-06" ISACTUAL="1" ISACTIVE="1" /><HOUSE ID="126754819" OBJECTID="165184156" OBJECTGUID="6dd2ed91-0bc1-4ac2-9db2-79df1ada2aaa" CHANGEID="600860771" HOUSENUM="1Г" HOUSETYPE="5" OPERTYPEID="10" PREVID="0" NEXTID="0" UPDATEDATE="2024-09-11" STARTDATE="2024-09-11" ENDDATE="2079-06-06" ISACTUAL="1" ISACTIVE="1" /><HOUSE ID="126754820" OBJECTID="165184157" OBJECTGUID="e54265b3-3e3c-4a39-8a2e-a0556dc1a0b6" CHANGEID="600860772" HOUSENUM="12А" HOUSETYPE="5" OPERTYPEID="10" PREVID="0" NEXTID="0" UPDATEDATE="2024-09-11" STARTDATE="2024-09-11" ENDDATE="2079-06-06" ISACTUAL="1" ISACTIVE="1" /><HOUSE ID="126754821" OBJECTID="165184158" OBJECTGUID="76b96d7e-d1b1-4680-a142-b9727ad33ae6" CHANGEID="600860773" HOUSENUM="1В" HOUSETYPE="5" OPERTYPEID="10" PREVID="0" NEXTID="0" UPDATEDATE="2024-09-11" STARTDATE="2024-09-11" ENDDATE="2079-06-06" ISACTUAL="1" ISACTIVE="1" /><HOUSE ID="4317258" OBJECTID="8491317" OBJECTGUID="2887cbff-1fee-431c-81fa-d4b6a3e89d8c" CHANGEID="14327196" HOUSENUM="12" ADDNUM1="2" HOUSETYPE="2" ADDTYPE1="3" OPERTYPEID="10" PREVID="0" NEXTID="126754837" UPDATEDATE="2024-09-11" STARTDATE="2018-02-26" ENDDATE="2024-09-11" ISACTUAL="0" ISACTIVE="0" /><HOUSE ID="126754837" OBJECTID="8491317" OBJECTGUID="2887cbff-1fee-431c-81fa-d4b6a3e89d8c" CHANGEID="600862388" HOUSENUM="12/2г" HOUSETYPE="7" OPERTYPEID="20" PREVID="4317258" UPDATEDATE="2024-09-11" STARTDATE="2024-09-11" ENDDATE="2079-06-06" ISACTUAL="1" ISACTIVE="1" /><HOUSE ID="4315783" OBJECTID="8489520" OBJECTGUID="37ce1378-8a84-4800-99b2-2bb91a7956e6" CHANGEID="14324281" HOUSENUM="12" ADDNUM1="11" HOUSETYPE="2" ADDTYPE1="3" OPERTYPEID="10" PREVID="0" NEXTID="126754838" UPDATEDATE="2024-09-11" STARTDATE="2018-02-26" ENDDATE="2024-09-11" ISACTUAL="0" ISACTIVE="0" /><HOUSE ID="126754838" OBJECTID="8489520" OBJECTGUID="37ce1378-8a84-4800-99b2-2bb91a7956e6" CHANGEID="600862392" HOUSENUM="12/11г" HOUSETYPE="7" OPERTYPEID="20" PREVID="4315783" UPDATEDATE="2024-09-11" STARTDATE="2024-09-11" ENDDATE="2079-06-06" ISACTUAL="1" ISACTIVE="1" /><HOUSE ID="3188124" OBJECTID="6697658" OBJECTGUID="5023e743-5e7b-453e-9f2a-1af9055d1590" CHANGEID="11683630" HOUSENUM="5" HOUSETYPE="3" OPERTYPEID="20" PREVID="3188021" NEXTID="126754903" UPDATEDATE="2024-09-11" STARTDATE="2015-11-09" ENDDATE="2024-09-11" ISACTUAL="0" ISACTIVE="0" /><HOUSE ID="126754903" OBJECTID="6697658" OBJECTGUID="5023e743-5e7b-453e-9f2a-1af9055d1590" CHANGEID="600875845" HOUSENUM="5" HOUSETYPE="2" OPERTYPEID="20" PREVID="3188124" UPDATEDATE="2024-09-11" STARTDATE="2024-09-11" ENDDATE="2079-06-06" ISACTUAL="1" ISACTIVE="1" /><HOUSE ID="126754912" OBJECTID="165185469" OBJECTGUID="431a8643-9048-458e-be12-e5b14db998c5" CHANGEID="600876051" HOUSENUM="9/1" HOUSETYPE="2" OPERTYPEID="10" PREVID="0" NEXTID="0" UPDATEDATE="2024-09-11" STARTDATE="2024-09-11" ENDDATE="2079-06-06" ISACTUAL="1" ISACTIVE="1" /><HOUSE ID="36265859" OBJECTID="60557002" OBJECTGUID="f779f72a-e799-4c32-9161-a7fd42560fa0" CHANGEID="90404228" HOUSENUM="51" HOUSETYPE="1" OPERTYPEID="10" PREVID="0" NEXTID="126754913" UPDATEDATE="2024-09-11" STARTDATE="2018-07-10" ENDDATE="2024-09-11" ISACTUAL="0" ISACTIVE="0" /><HOUSE ID="126754913" OBJECTID="60557002" OBJECTGUID="f779f72a-e799-4c32-9161-a7fd42560fa0" CHANGEID="600876070" HOUSENUM="51" HOUSETYPE="2" OPERTYPEID="20" PREVID="36265859" UPDATEDATE="2024-09-11" STARTDATE="2024-09-11" ENDDATE="2079-06-06" ISACTUAL="1" ISACTIVE="1" /><HOUSE ID="36233990" OBJECTID="60510047" OBJECTGUID="3a2a79bc-721d-4218-b284-aabc2115caa6" CHANGEID="90332120" HOUSENUM="1" HOUSETYPE="2" OPERTYPEID="10" PREVID="0" NEXTID="126754914" UPDATEDATE="2024-09-11" STARTDATE="1900-01-01" ENDDATE="2024-09-11" ISACTUAL="0" ISACTIVE="0" /><HOUSE ID="126754914" OBJECTID="60510047" OBJECTGUID="3a2a79bc-721d-4218-b284-aabc2115caa6" CHANGEID="600876075" HOUSENUM="1" HOUSETYPE="5" OPERTYPEID="20" PREVID="36233990" UPDATEDATE="2024-09-11" STARTDATE="2024-09-11" ENDDATE="2079-06-06" ISACTUAL="1" ISACTIVE="1" /><HOUSE ID="126754936" OBJECTID="165185515" OBJECTGUID="308b4e53-3dbc-4c84-a729-c22f383cd0bb" CHANGEID="600876187" HOUSENUM="12Б" HOUSETYPE="5" OPERTYPEID="10" PREVID="0" NEXTID="0" UPDATEDATE="2024-09-11" STARTDATE="2024-09-11" ENDDATE="2079-06-06" ISACTUAL="1" ISACTIVE="1" /><HOUSE ID="126754937" OBJECTID="165185516" OBJECTGUID="c465223f-cd40-4774-a4c2-6b5ac5b8baa3" CHANGEID="600876188" HOUSENUM="12В" HOUSETYPE="5" OPERTYPEID="10" PREVID="0" NEXTID="0" UPDATEDATE="2024-09-11" STARTDATE="2024-09-11" ENDDATE="2079-06-06" ISACTUAL="1" ISACTIVE="1" /><HOUSE ID="126754938" OBJECTID="165185517" OBJECTGUID="2b91c4ea-bda5-416f-b1b8-adb9dc442539" CHANGEID="600876189" HOUSENUM="12Г" HOUSETYPE="5" OPERTYPEID="10" PREVID="0" NEXTID="0" UPDATEDATE="2024-09-11" STARTDATE="2024-09-11" ENDDATE="2079-06-06" ISACTUAL="1" ISACTIVE="1" /><HOUSE ID="126754939" OBJECTID="165185518" OBJECTGUID="eaa58ff1-b51f-40f1-a891-305af34f7d51" CHANGEID="600876190" HOUSENUM="5А" HOUSETYPE="5" OPERTYPEID="10" PREVID="0" NEXTID="0" UPDATEDATE="2024-09-11" STARTDATE="2024-09-11" ENDDATE="2079-06-06" ISACTUAL="1" ISACTIVE="1" /><HOUSE ID="126754929" OBJECTID="165185508" OBJECTGUID="5e98c522-3a62-496c-a426-845813938ceb" CHANGEID="600876169" HOUSENUM="36А/1" HOUSETYPE="5" OPERTYPEID="10" PREVID="0" NEXTID="0" UPDATEDATE="2024-09-11" STARTDATE="2024-09-11" ENDDATE="2079-06-06" ISACTUAL="1" ISACTIVE="1" /><HOUSE ID="126754930" OBJECTID="165185509" OBJECTGUID="cdfad910-4757-4685-bfbf-f0fa8f418cc4" CHANGEID="600876170" HOUSENUM="34А" HOUSETYPE="5" OPERTYPEID="10" PREVID="0" NEXTID="0" UPDATEDATE="2024-09-11" STARTDATE="2024-09-11" ENDDATE="2079-06-06" ISACTUAL="1" ISACTIVE="1" /><HOUSE ID="126754931" OBJECTID="165185510" OBJECTGUID="ced4ccd1-a58d-4501-875d-402f96ef7269" CHANGEID="600876171" HOUSENUM="38А" HOUSETYPE="5" OPERTYPEID="10" PREVID="0" NEXTID="0" UPDATEDATE="2024-09-11" STARTDATE="2024-09-11" ENDDATE="2079-06-06" ISACTUAL="1" ISACTIVE="1" /><HOUSE ID="126754932" OBJECTID="165185511" OBJECTGUID="a83b710c-80ab-408d-a7d2-50a66be1a15f" CHANGEID="600876172" HOUSENUM="38Б" HOUSETYPE="5" OPERTYPEID="10" PREVID="0" NEXTID="0" UPDATEDATE="2024-09-11" STARTDATE="2024-09-11" ENDDATE="2079-06-06" ISACTUAL="1" ISACTIVE="1" /><HOUSE ID="126754933" OBJECTID="165185512" OBJECTGUID="fb06e206-ab60-41c5-af1d-3c9d9b71f96b" CHANGEID="600876173" HOUSENUM="38В" HOUSETYPE="5" OPERTYPEID="10" PREVID="0" NEXTID="0" UPDATEDATE="2024-09-11" STARTDATE="2024-09-11" ENDDATE="2079-06-06" ISACTUAL="1" ISACTIVE="1" /><HOUSE ID="126754934" OBJECTID="165185513" OBJECTGUID="7ccd4a68-3e37-4d3f-b9a0-5d3db505461a" CHANGEID="600876174" HOUSENUM="38Г" HOUSETYPE="5" OPERTYPEID="10" PREVID="0" NEXTID="0" UPDATEDATE="2024-09-11" STARTDATE="2024-09-11" ENDDATE="2079-06-06" ISACTUAL="1" ISACTIVE="1" /><HOUSE ID="126754935" OBJECTID="165185514" OBJECTGUID="02623105-0f70-4caf-a06d-558875dfd6de" CHANGEID="600876175" HOUSENUM="49А" HOUSETYPE="5" OPERTYPEID="10" PREVID="0" NEXTID="0" UPDATEDATE="2024-09-11" STARTDATE="2024-09-11" ENDDATE="2079-06-06" ISACTUAL="1" ISACTIVE="1" /><HOUSE ID="126756182" OBJECTID="165192246" OBJECTGUID="e7619181-aea4-41fd-b447-da61e8f6192a" CHANGEID="600885999" HOUSENUM="30а/1" HOUSETYPE="2" OPERTYPEID="10" PREVID="0" NEXTID="0" UPDATEDATE="2024-09-11" STARTDATE="2024-09-11" ENDDATE="2079-06-06" ISACTUAL="1" ISACTIVE="1" /><HOUSE ID="126756193" OBJECTID="165192386" OBJECTGUID="5e12a7b0-02c2-4b05-9116-3610a26360a2" CHANGEID="600886152" HOUSENUM="91к/4" HOUSETYPE="2" OPERTYPEID="10" PREVID="0" NEXTID="0" UPDATEDATE="2024-09-11" STARTDATE="2024-09-11" ENDDATE="2079-06-06" ISACTUAL="1" ISACTIVE="1" /><HOUSE ID="42276367" OBJECTID="70097724" OBJECTGUID="2c732117-cc2b-419e-afcf-ef4e0d0e7ee5" CHANGEID="104454013" HOUSENUM="16" HOUSETYPE="5" OPERTYPEID="10" PREVID="0" NEXTID="126756662" UPDATEDATE="2024-09-11" STARTDATE="2018-11-21" ENDDATE="2024-09-11" ISACTUAL="0" ISACTIVE="0" /><HOUSE ID="126756662" OBJECTID="70097724" OBJECTGUID="2c732117-cc2b-419e-afcf-ef4e0d0e7ee5" CHANGEID="600889697" HOUSENUM="16А" HOUSETYPE="8" OPERTYPEID="20" PREVID="42276367" UPDATEDATE="2024-09-11" STARTDATE="2024-09-11" ENDDATE="2079-06-06" ISACTUAL="1" ISACTIVE="1" /><HOUSE ID="15645381" OBJECTID="26373276" OBJECTGUID="0037b6d5-dde2-4f6b-87c7-f1750e2937b8" CHANGEID="40729763" HOUSENUM="9" HOUSETYPE="2" OPERTYPEID="10" PREVID="0" NEXTID="126756664" UPDATEDATE="2024-09-11" STARTDATE="2017-03-22" ENDDATE="2024-09-11" ISACTUAL="0" ISACTIVE="0" /><HOUSE ID="126756664" OBJECTID="26373276" OBJECTGUID="0037b6d5-dde2-4f6b-87c7-f1750e2937b8" CHANGEID="600889701" HOUSENUM="9" HOUSETYPE="5" OPERTYPEID="20" PREVID="15645381" UPDATEDATE="2024-09-11" STARTDATE="2024-09-11" ENDDATE="2079-06-06" ISACTUAL="1" ISACTIVE="1" /><HOUSE ID="126756665" OBJECTID="48654972" OBJECTGUID="a26a4115-27f2-4942-89e5-44bb8d2e9cd6" CHANGEID="600889709" HOUSENUM="8А" HOUSETYPE="5" OPERTYPEID="20" PREVID="62888187" UPDATEDATE="2024-09-11" STARTDATE="2024-09-11" ENDDATE="2079-06-06" ISACTUAL="1" ISACTIVE="1" /><HOUSE ID="126757524" OBJECTID="165197982" OBJECTGUID="2960b5b6-1194-4b20-9441-bf2f955008a5" CHANGEID="600894436" HOUSENUM="3л" HOUSETYPE="5" OPERTYPEID="10" PREVID="0" NEXTID="0" UPDATEDATE="2024-09-11" STARTDATE="2024-09-11" ENDDATE="2079-06-06" ISACTUAL="1" ISACTIVE="1" /><HOUSE ID="126757525" OBJECTID="165197983" OBJECTGUID="c4049309-1393-483d-b518-57f4da563b47" CHANGEID="600894437" HOUSENUM="3к" HOUSETYPE="5" OPERTYPEID="10" PREVID="0" NEXTID="0" UPDATEDATE="2024-09-11" STARTDATE="2024-09-11" ENDDATE="2079-06-06" ISACTUAL="1" ISACTIVE="1" /><HOUSE ID="126757527" OBJECTID="165197984" OBJECTGUID="4adce6bf-767c-448f-bc79-48f8d10d4da4" CHANGEID="600894439" HOUSENUM="3и" HOUSETYPE="5" OPERTYPEID="10" PREVID="0" NEXTID="0" UPDATEDATE="2024-09-11" STARTDATE="2024-09-11" ENDDATE="2079-06-06" ISACTUAL="1" ISACTIVE="1" /><HOUSE ID="126757528" OBJECTID="165197985" OBJECTGUID="7dbbb1a2-8338-4839-b3ec-28a3e8cf33c8" CHANGEID="600894440" HOUSENUM="3ж" HOUSETYPE="5" OPERTYPEID="10" PREVID="0" NEXTID="0" UPDATEDATE="2024-09-11" STARTDATE="2024-09-11" ENDDATE="2079-06-06" ISACTUAL="1" ISACTIVE="1" /><HOUSE ID="126757529" OBJECTID="165197986" OBJECTGUID="57ca5349-13fc-4a6d-a453-f43305764306" CHANGEID="600894441" HOUSENUM="3е" HOUSETYPE="5" OPERTYPEID="10" PREVID="0" NEXTID="0" UPDATEDATE="2024-09-11" STARTDATE="2024-09-11" ENDDATE="2079-06-06" ISACTUAL="1" ISACTIVE="1" /><HOUSE ID="126757530" OBJECTID="165197987" OBJECTGUID="df19146d-d1a2-450e-a5a5-1173f541e81a" CHANGEID="600894443" HOUSENUM="3г" HOUSETYPE="5" OPERTYPEID="10" PREVID="0" NEXTID="0" UPDATEDATE="2024-09-11" STARTDATE="2024-09-11" ENDDATE="2079-06-06" ISACTUAL="1" ISACTIVE="1" /><HOUSE ID="126757531" OBJECTID="165197988" OBJECTGUID="85354b65-87f5-49b8-9303-1deaaa404b66" CHANGEID="600894444" HOUSENUM="3в" HOUSETYPE="5" OPERTYPEID="10" PREVID="0" NEXTID="0" UPDATEDATE="2024-09-11" STARTDATE="2024-09-11" ENDDATE="2079-06-06" ISACTUAL="1" ISACTIVE="1" /><HOUSE ID="126757532" OBJECTID="165197989" OBJECTGUID="54f92b9e-8e0f-4e1d-a5e0-43a3a2a2dc8d" CHANGEID="600894445" HOUSENUM="3б" HOUSETYPE="5" OPERTYPEID="10" PREVID="0" NEXTID="0" UPDATEDATE="2024-09-11" STARTDATE="2024-09-11" ENDDATE="2079-06-06" ISACTUAL="1" ISACTIVE="1" /><HOUSE ID="126757534" OBJECTID="165197991" OBJECTGUID="a90f19c7-2c57-4ae6-8c24-831f23b7da84" CHANGEID="600894447" HOUSENUM="3" HOUSETYPE="5" OPERTYPEID="10" PREVID="0" NEXTID="0" UPDATEDATE="2024-09-11" STARTDATE="2024-09-11" ENDDATE="2079-06-06" ISACTUAL="1" ISACTIVE="1" /></HOUSES>