﻿<?xml version="1.0" encoding="utf-8"?><ADDRESSOBJECTS><OBJECT ID="52089262" OBJECTID="1447027" OBJECTGUID="5a5dcba7-a833-4092-9e35-df6615a6c885" CHANGEID="576648494" NAME="Таврида" TYPENAME="тер. ТСН" LEVEL="7" OPERTYPEID="20" PREVID="1783385" NEXTID="52125809" UPDATEDATE="2024-09-05" STARTDATE="2023-12-14" ENDDATE="2024-09-05" ISACTUAL="0" ISACTIVE="0" /><OBJECT ID="52125809" OBJECTID="1447027" OBJECTGUID="5a5dcba7-a833-4092-9e35-df6615a6c885" CHANGEID="600550669" NAME="Таврида" TYPENAME="тер. СНТ" LEVEL="7" OPERTYPEID="20" PREVID="52089262" UPDATEDATE="2024-09-05" STARTDATE="2024-09-05" ENDDATE="2079-06-06" ISACTUAL="1" ISACTIVE="1" /><OBJECT ID="52126005" OBJECTID="165125589" OBJECTGUID="16a9c652-138d-4aea-9c3d-0017fe5f4248" CHANGEID="600750810" NAME="Уклонная" TYPENAME="ул." LEVEL="8" OPERTYPEID="10" PREVID="0" NEXTID="0" UPDATEDATE="2024-09-09" STARTDATE="2024-09-09" ENDDATE="2079-06-06" ISACTUAL="1" ISACTIVE="1" /><OBJECT ID="52126006" OBJECTID="165125591" OBJECTGUID="50da5713-4732-4019-a9fa-82752177f594" CHANGEID="600750824" NAME="Цветочная" TYPENAME="ул." LEVEL="8" OPERTYPEID="10" PREVID="0" NEXTID="0" UPDATEDATE="2024-09-09" STARTDATE="2024-09-09" ENDDATE="2079-06-06" ISACTUAL="1" ISACTIVE="1" /><OBJECT ID="52126007" OBJECTID="165125592" OBJECTGUID="e8ee6c85-0eee-44b8-8930-a8a93915865c" CHANGEID="600750825" NAME="Юбилейная" TYPENAME="ул." LEVEL="8" OPERTYPEID="10" PREVID="0" NEXTID="0" UPDATEDATE="2024-09-09" STARTDATE="2024-09-09" ENDDATE="2079-06-06" ISACTUAL="1" ISACTIVE="1" /><OBJECT ID="52126008" OBJECTID="165125593" OBJECTGUID="32caa2d0-9264-4ffd-8356-3e0b9183bea8" CHANGEID="600750826" NAME="Большая садовая" TYPENAME="ул." LEVEL="8" OPERTYPEID="10" PREVID="0" NEXTID="0" UPDATEDATE="2024-09-09" STARTDATE="2024-09-09" ENDDATE="2079-06-06" ISACTUAL="1" ISACTIVE="1" /><OBJECT ID="52126009" OBJECTID="165125594" OBJECTGUID="82568b2d-d7bb-45c2-b7ef-c1fd3e1f7d82" CHANGEID="600750827" NAME="Мраморная" TYPENAME="ул." LEVEL="8" OPERTYPEID="10" PREVID="0" NEXTID="0" UPDATEDATE="2024-09-09" STARTDATE="2024-09-09" ENDDATE="2079-06-06" ISACTUAL="1" ISACTIVE="1" /><OBJECT ID="52126010" OBJECTID="165125595" OBJECTGUID="dc6abd2f-0358-4376-96c1-00a42a304512" CHANGEID="600750828" NAME="Молодежная" TYPENAME="ул." LEVEL="8" OPERTYPEID="10" PREVID="0" NEXTID="0" UPDATEDATE="2024-09-09" STARTDATE="2024-09-09" ENDDATE="2079-06-06" ISACTUAL="1" ISACTIVE="1" /><OBJECT ID="52126011" OBJECTID="165125596" OBJECTGUID="e161f6a6-8840-4355-8931-268aedfaea66" CHANGEID="600750829" NAME="Парковая" TYPENAME="ул." LEVEL="8" OPERTYPEID="10" PREVID="0" NEXTID="0" UPDATEDATE="2024-09-09" STARTDATE="2024-09-09" ENDDATE="2079-06-06" ISACTUAL="1" ISACTIVE="1" /><OBJECT ID="52126012" OBJECTID="165125597" OBJECTGUID="feb82a8c-b222-472d-b04b-df1b21ee5c49" CHANGEID="600750830" NAME="Горная" TYPENAME="ул." LEVEL="8" OPERTYPEID="10" PREVID="0" NEXTID="0" UPDATEDATE="2024-09-09" STARTDATE="2024-09-09" ENDDATE="2079-06-06" ISACTUAL="1" ISACTIVE="1" /><OBJECT ID="52126015" OBJECTID="165125635" OBJECTGUID="a271629d-ea89-41dd-ad32-9ccbfd4aca49" CHANGEID="600751061" NAME="автодороги Трудовое-Урожайное" TYPENAME="тер." LEVEL="7" OPERTYPEID="10" PREVID="0" NEXTID="0" UPDATEDATE="2024-09-09" STARTDATE="2024-09-09" ENDDATE="2079-06-06" ISACTUAL="1" ISACTIVE="1" /><OBJECT ID="52126070" OBJECTID="165139414" OBJECTGUID="cf6c1683-2b6e-4c2b-b6ac-8ebb0a16fa61" CHANGEID="600773222" NAME="Водный" TYPENAME="пер." LEVEL="8" OPERTYPEID="10" PREVID="0" NEXTID="0" UPDATEDATE="2024-09-09" STARTDATE="2024-09-09" ENDDATE="2079-06-06" ISACTUAL="1" ISACTIVE="1" /><OBJECT ID="52126100" OBJECTID="104142438" OBJECTGUID="52bd39e7-dc91-4561-a4ff-dd4191df9c3d" CHANGEID="600781071" NAME="СПК Василёк" TYPENAME="тер." LEVEL="7" OPERTYPEID="40" PREVID="1946836" UPDATEDATE="2024-09-09" STARTDATE="2024-09-09" ENDDATE="2079-06-06" ISACTUAL="1" ISACTIVE="1" /><OBJECT ID="1946836" OBJECTID="104142438" OBJECTGUID="52bd39e7-dc91-4561-a4ff-dd4191df9c3d" CHANGEID="280852176" NAME="СПК Василёк" TYPENAME="тер." LEVEL="7" OPERTYPEID="10" PREVID="0" NEXTID="52126100" UPDATEDATE="2024-09-09" STARTDATE="2022-04-04" ENDDATE="2024-09-09" ISACTUAL="0" ISACTIVE="0" /><OBJECT ID="1794476" OBJECTID="1456939" OBJECTGUID="729dc263-a741-4ff9-ba1c-fd8c360647cc" CHANGEID="4027724" NAME="Василек" TYPENAME="тер. СПК" LEVEL="7" OPERTYPEID="10" PREVID="0" NEXTID="52126101" UPDATEDATE="2024-09-09" STARTDATE="2018-11-15" ENDDATE="2024-09-09" ISACTUAL="0" ISACTIVE="0" /><OBJECT ID="52126101" OBJECTID="1456939" OBJECTGUID="729dc263-a741-4ff9-ba1c-fd8c360647cc" CHANGEID="600781072" NAME="Василек" TYPENAME="тер. СПК" LEVEL="7" OPERTYPEID="42" PREVID="1794476" NEXTID="52126100" UPDATEDATE="2024-09-09" STARTDATE="2024-09-09" ENDDATE="2079-06-06" ISACTUAL="1" ISACTIVE="0" /><OBJECT ID="52126438" OBJECTID="165201380" OBJECTGUID="6fdd63ee-6a3c-476c-bc31-77d550ded80b" CHANGEID="600898858" NAME="Садовая" TYPENAME="ул." LEVEL="8" OPERTYPEID="10" PREVID="0" NEXTID="0" UPDATEDATE="2024-09-11" STARTDATE="2024-09-11" ENDDATE="2079-06-06" ISACTUAL="1" ISACTIVE="1" /><OBJECT ID="52126439" OBJECTID="165201381" OBJECTGUID="32c8217e-9cc9-493c-b0fb-cbe3d8a41f7a" CHANGEID="600898859" NAME="Облепиховая" TYPENAME="ул." LEVEL="8" OPERTYPEID="10" PREVID="0" NEXTID="0" UPDATEDATE="2024-09-11" STARTDATE="2024-09-11" ENDDATE="2079-06-06" ISACTUAL="1" ISACTIVE="1" /><OBJECT ID="52126511" OBJECTID="165217347" OBJECTGUID="0144031b-d939-4fff-8d87-a91ce3caad3a" CHANGEID="600924328" NAME="Алтайская" TYPENAME="ул." LEVEL="8" OPERTYPEID="10" PREVID="0" NEXTID="0" UPDATEDATE="2024-09-11" STARTDATE="2024-09-11" ENDDATE="2079-06-06" ISACTUAL="1" ISACTIVE="1" /></ADDRESSOBJECTS>