﻿<?xml version="1.0" encoding="utf-8"?><HOUSES><HOUSE ID="55026174" OBJECTID="19478930" OBJECTGUID="337823d2-58cc-4734-8342-3c614a31aa9c" CHANGEID="30553944" HOUSENUM="26" HOUSETYPE="2" OPERTYPEID="20" PREVID="11289386" NEXTID="126730543" UPDATEDATE="2024-09-05" STARTDATE="2014-01-04" ENDDATE="2024-09-05" ISACTUAL="0" ISACTIVE="0" /><HOUSE ID="55219982" OBJECTID="81679460" OBJECTGUID="363522a6-0269-4f5d-a126-3bd8406b4644" CHANGEID="121369799" HOUSENUM="4" HOUSETYPE="2" OPERTYPEID="20" PREVID="49429525" NEXTID="126730604" UPDATEDATE="2024-09-05" STARTDATE="2014-05-12" ENDDATE="2024-09-05" ISACTUAL="0" ISACTIVE="0" /><HOUSE ID="56884068" OBJECTID="19489047" OBJECTGUID="4dafdec7-788a-462c-9db7-6394d3ed2fcf" CHANGEID="30569226" HOUSENUM="19" HOUSETYPE="2" OPERTYPEID="20" PREVID="11296321" NEXTID="126730481" UPDATEDATE="2024-09-05" STARTDATE="2014-01-04" ENDDATE="2024-09-05" ISACTUAL="0" ISACTIVE="0" /><HOUSE ID="56913169" OBJECTID="61289588" OBJECTGUID="4e192b45-abf0-4400-a212-25597f8206db" CHANGEID="91529461" HOUSENUM="1" HOUSETYPE="2" OPERTYPEID="20" PREVID="36789839" NEXTID="126730591" UPDATEDATE="2024-09-05" STARTDATE="2014-05-12" ENDDATE="2024-09-05" ISACTUAL="0" ISACTIVE="0" /><HOUSE ID="57659780" OBJECTID="5528038" OBJECTGUID="58a27cf4-ad35-4765-8044-5ea7ad6ea777" CHANGEID="9978074" HOUSENUM="40" HOUSETYPE="2" OPERTYPEID="20" PREVID="2464581" NEXTID="126730430" UPDATEDATE="2024-09-05" STARTDATE="2014-04-03" ENDDATE="2024-09-05" ISACTUAL="0" ISACTIVE="0" /><HOUSE ID="57826742" OBJECTID="76068665" OBJECTGUID="5afd2cb4-f19f-498b-8732-a806f8dec3f7" CHANGEID="113150548" HOUSENUM="4" HOUSETYPE="2" OPERTYPEID="20" PREVID="45938911" NEXTID="126754360" UPDATEDATE="2024-09-10" STARTDATE="2014-01-04" ENDDATE="2024-09-10" ISACTUAL="0" ISACTIVE="0" /><HOUSE ID="58100184" OBJECTID="76065740" OBJECTGUID="5eda4029-ba4f-4fbf-ac8a-5afddb5aeee0" CHANGEID="113145790" HOUSENUM="15" HOUSETYPE="2" OPERTYPEID="20" PREVID="45937331" NEXTID="126754260" UPDATEDATE="2024-09-10" STARTDATE="2014-01-04" ENDDATE="2024-09-10" ISACTUAL="0" ISACTIVE="0" /><HOUSE ID="58759032" OBJECTID="10743461" OBJECTGUID="68265d2a-3a48-4550-9774-1355d8424851" CHANGEID="17588491" HOUSENUM="43" ADDNUM1="а" HOUSETYPE="2" ADDTYPE1="4" OPERTYPEID="20" PREVID="5667299" NEXTID="126733845" UPDATEDATE="2024-09-06" STARTDATE="2014-01-04" ENDDATE="2024-09-06" ISACTUAL="0" ISACTIVE="0" /><HOUSE ID="58808777" OBJECTID="20225309" OBJECTGUID="68d6d3ee-a4ad-471f-a045-9bea3fdbd4ee" CHANGEID="31676873" HOUSENUM="4" HOUSETYPE="2" OPERTYPEID="20" PREVID="11789866" NEXTID="126754294" UPDATEDATE="2024-09-10" STARTDATE="2014-01-04" ENDDATE="2024-09-10" ISACTUAL="0" ISACTIVE="0" /><HOUSE ID="59297823" OBJECTID="19496148" OBJECTGUID="6fc1e4d9-ef48-4be1-9f4f-ab3dfd330d5d" CHANGEID="30579744" HOUSENUM="21" HOUSETYPE="2" OPERTYPEID="20" PREVID="11301310" NEXTID="126730491" UPDATEDATE="2024-09-05" STARTDATE="2014-01-04" ENDDATE="2024-09-05" ISACTUAL="0" ISACTIVE="0" /><HOUSE ID="60188766" OBJECTID="71307989" OBJECTGUID="7c51392a-0731-4694-b0fb-db7ca6f6f9fe" CHANGEID="106210806" HOUSENUM="1" HOUSETYPE="2" OPERTYPEID="20" PREVID="43009996" NEXTID="126754207" UPDATEDATE="2024-09-10" STARTDATE="2014-01-04" ENDDATE="2024-09-10" ISACTUAL="0" ISACTIVE="0" /><HOUSE ID="60514309" OBJECTID="5585804" OBJECTGUID="80ee99d5-ba46-41aa-931f-102ebf4eab70" CHANGEID="10064814" HOUSENUM="20" HOUSETYPE="2" OPERTYPEID="20" PREVID="2502777" NEXTID="126741410" UPDATEDATE="2024-09-09" STARTDATE="2014-04-03" ENDDATE="2024-09-09" ISACTUAL="0" ISACTIVE="0" /><HOUSE ID="60628168" OBJECTID="76076584" OBJECTGUID="8289aa85-03b1-48f7-910e-f2444a712932" CHANGEID="113161297" HOUSENUM="5" HOUSETYPE="2" OPERTYPEID="20" PREVID="45943152" NEXTID="126754381" UPDATEDATE="2024-09-10" STARTDATE="2014-01-04" ENDDATE="2024-09-10" ISACTUAL="0" ISACTIVE="0" /><HOUSE ID="60721267" OBJECTID="5529153" OBJECTGUID="83d8029a-203b-4d7a-b952-92fcec728446" CHANGEID="9979746" HOUSENUM="1" HOUSETYPE="2" OPERTYPEID="20" PREVID="2465448" NEXTID="126730357" UPDATEDATE="2024-09-05" STARTDATE="2014-04-03" ENDDATE="2024-09-05" ISACTUAL="0" ISACTIVE="0" /><HOUSE ID="60747688" OBJECTID="61520582" OBJECTGUID="843734eb-fa45-452e-897d-88f66e60c440" CHANGEID="91860549" HOUSENUM="13а" HOUSETYPE="2" OPERTYPEID="20" PREVID="36927904" NEXTID="126733999" UPDATEDATE="2024-09-06" STARTDATE="2014-08-20" ENDDATE="2024-09-06" ISACTUAL="0" ISACTIVE="0" /><HOUSE ID="61676391" OBJECTID="13393830" OBJECTGUID="9155d235-7e19-44ac-b292-847ae4f24023" CHANGEID="21501687" HOUSENUM="13" HOUSETYPE="2" OPERTYPEID="20" PREVID="7335000" NEXTID="126736919" UPDATEDATE="2024-09-06" STARTDATE="2015-11-16" ENDDATE="2024-09-06" ISACTUAL="0" ISACTIVE="0" /><HOUSE ID="61682885" OBJECTID="69825890" OBJECTGUID="916f703c-93f1-447d-b1dd-1ea80009b531" CHANGEID="104056168" HOUSENUM="7" HOUSETYPE="2" OPERTYPEID="20" PREVID="42110698" NEXTID="126761300" UPDATEDATE="2024-09-11" STARTDATE="2017-01-18" ENDDATE="2024-09-11" ISACTUAL="0" ISACTIVE="0" /><HOUSE ID="61850547" OBJECTID="32945612" OBJECTGUID="93cd1471-ff51-4772-94e7-889c34346a7c" CHANGEID="50259617" HOUSENUM="6" HOUSETYPE="2" OPERTYPEID="20" PREVID="19583218" NEXTID="126730602" UPDATEDATE="2024-09-05" STARTDATE="2014-05-12" ENDDATE="2024-09-05" ISACTUAL="0" ISACTIVE="0" /><HOUSE ID="62281855" OBJECTID="13393638" OBJECTGUID="99deea39-d77d-4dd9-bde6-80648f362b15" CHANGEID="21501126" HOUSENUM="5" HOUSETYPE="2" OPERTYPEID="20" PREVID="7334858" NEXTID="126736920" UPDATEDATE="2024-09-06" STARTDATE="2015-11-16" ENDDATE="2024-09-06" ISACTUAL="0" ISACTIVE="0" /><HOUSE ID="62648351" OBJECTID="20440919" OBJECTGUID="9f079069-2153-4698-abe4-1de7e28095c3" CHANGEID="32001266" HOUSENUM="9" HOUSETYPE="2" OPERTYPEID="20" PREVID="11939534" NEXTID="126747219" UPDATEDATE="2024-09-09" STARTDATE="2014-03-04" ENDDATE="2024-09-09" ISACTUAL="0" ISACTIVE="0" /><HOUSE ID="64644839" OBJECTID="5530875" OBJECTGUID="bb395b5f-3858-4e52-aa48-9ebb40e1d0cb" CHANGEID="9982506" HOUSENUM="32" HOUSETYPE="2" OPERTYPEID="20" PREVID="2466537" NEXTID="126730423" UPDATEDATE="2024-09-05" STARTDATE="2014-04-03" ENDDATE="2024-09-05" ISACTUAL="0" ISACTIVE="0" /><HOUSE ID="64758152" OBJECTID="76068117" OBJECTGUID="bcd3dcf2-f2c3-4b44-a250-9cce535a36a0" CHANGEID="113149122" HOUSENUM="7" HOUSETYPE="2" OPERTYPEID="20" PREVID="45938587" NEXTID="126754256" UPDATEDATE="2024-09-10" STARTDATE="2014-01-04" ENDDATE="2024-09-10" ISACTUAL="0" ISACTIVE="0" /><HOUSE ID="64834449" OBJECTID="25136266" OBJECTGUID="bde81f3f-7d6e-4199-aaee-cf827c875bc6" CHANGEID="38917037" HOUSENUM="94" HOUSETYPE="2" OPERTYPEID="20" PREVID="14875325" NEXTID="126761313" UPDATEDATE="2024-09-11" STARTDATE="2017-01-16" ENDDATE="2024-09-11" ISACTUAL="0" ISACTIVE="0" /><HOUSE ID="64971053" OBJECTID="19459519" OBJECTGUID="bfd505f1-8333-4098-86e2-1af701f644e6" CHANGEID="30525380" HOUSENUM="27" HOUSETYPE="2" OPERTYPEID="20" PREVID="11275648" NEXTID="126730549" UPDATEDATE="2024-09-05" STARTDATE="2014-01-04" ENDDATE="2024-09-05" ISACTUAL="0" ISACTIVE="0" /><HOUSE ID="66600260" OBJECTID="19495288" OBJECTGUID="d6dae4d9-81e2-4267-894d-8df7eb3c4593" CHANGEID="30578887" HOUSENUM="20" HOUSETYPE="2" OPERTYPEID="20" PREVID="11300590" NEXTID="126730488" UPDATEDATE="2024-09-05" STARTDATE="2014-01-04" ENDDATE="2024-09-05" ISACTUAL="0" ISACTIVE="0" /><HOUSE ID="67643807" OBJECTID="14511408" OBJECTGUID="e59a178b-d422-4249-a92e-0c5b38cc4e85" CHANGEID="23201943" HOUSENUM="6" HOUSETYPE="2" OPERTYPEID="20" PREVID="8104214" NEXTID="126730640" UPDATEDATE="2024-09-05" STARTDATE="2014-08-19" ENDDATE="2024-09-05" ISACTUAL="0" ISACTIVE="0" /><HOUSE ID="68098307" OBJECTID="82658102" OBJECTGUID="ec01a0ab-6bfd-4809-a228-1d589dadf66a" CHANGEID="122795372" HOUSENUM="28" HOUSETYPE="2" OPERTYPEID="20" PREVID="50019172" NEXTID="126737457" UPDATEDATE="2024-09-06" STARTDATE="2017-02-08" ENDDATE="2024-09-06" ISACTUAL="0" ISACTIVE="0" /><HOUSE ID="68173101" OBJECTID="19456509" OBJECTGUID="ed13682b-6ecc-4a84-a852-07e6b841eda5" CHANGEID="30520404" HOUSENUM="56" HOUSETYPE="2" OPERTYPEID="20" PREVID="11273715" NEXTID="126730584" UPDATEDATE="2024-09-05" STARTDATE="2014-01-04" ENDDATE="2024-09-05" ISACTUAL="0" ISACTIVE="0" /><HOUSE ID="68543444" OBJECTID="19497575" OBJECTGUID="f24c4a12-6359-477b-83c6-cbc2b8e28b70" CHANGEID="30582096" HOUSENUM="16" HOUSETYPE="2" OPERTYPEID="20" PREVID="11302575" NEXTID="126730469" UPDATEDATE="2024-09-05" STARTDATE="2014-01-04" ENDDATE="2024-09-05" ISACTUAL="0" ISACTIVE="0" /><HOUSE ID="68852193" OBJECTID="5526657" OBJECTGUID="f6ac5473-70a5-4c8d-aa08-50e7f78ea60a" CHANGEID="9975805" HOUSENUM="29" HOUSETYPE="2" OPERTYPEID="20" PREVID="2463694" NEXTID="126730420" UPDATEDATE="2024-09-05" STARTDATE="2014-04-03" ENDDATE="2024-09-05" ISACTUAL="0" ISACTIVE="0" /><HOUSE ID="68943313" OBJECTID="11025233" OBJECTGUID="f7f3d8c4-78fa-4251-beea-5ae342d10747" CHANGEID="18003085" HOUSENUM="1" HOUSETYPE="2" OPERTYPEID="20" PREVID="5847614" NEXTID="126754014" UPDATEDATE="2024-09-10" STARTDATE="2014-01-04" ENDDATE="2024-09-10" ISACTUAL="0" ISACTIVE="0" /><HOUSE ID="69214726" OBJECTID="84345491" OBJECTGUID="fbc6cb99-26ad-49b9-9797-8883b0200ca3" CHANGEID="125296385" HOUSENUM="8" HOUSETYPE="2" OPERTYPEID="20" PREVID="51084970" NEXTID="126742186" UPDATEDATE="2024-09-09" STARTDATE="2014-01-04" ENDDATE="2024-09-09" ISACTUAL="0" ISACTIVE="0" /><HOUSE ID="69345099" OBJECTID="18381060" OBJECTGUID="fd9ec7c7-8da4-4635-9226-f1ff0b759b58" CHANGEID="28938970" HOUSENUM="4" HOUSETYPE="2" OPERTYPEID="20" PREVID="10601856" NEXTID="126737865" UPDATEDATE="2024-09-06" STARTDATE="2014-03-25" ENDDATE="2024-09-06" ISACTUAL="0" ISACTIVE="0" /><HOUSE ID="2501703" OBJECTID="5584491" OBJECTGUID="45690953-cc56-4047-af2d-9ce89ddc6adc" CHANGEID="10062346" HOUSENUM="9" HOUSETYPE="2" OPERTYPEID="10" PREVID="0" NEXTID="126730362" UPDATEDATE="2024-09-05" STARTDATE="1900-01-01" ENDDATE="2024-09-05" ISACTUAL="0" ISACTIVE="0" /><HOUSE ID="55631857" OBJECTID="49314809" OBJECTGUID="3bffb42a-fbad-4364-a7de-e340083c78e9" CHANGEID="74078456" HOUSENUM="27" HOUSETYPE="2" OPERTYPEID="20" PREVID="29495723" NEXTID="126748889" UPDATEDATE="2024-09-10" STARTDATE="2014-01-04" ENDDATE="2024-09-10" ISACTUAL="0" ISACTIVE="0" /><HOUSE ID="30506443" OBJECTID="51072187" OBJECTGUID="89cebe6d-e69c-4711-8782-9aa1c208daf4" CHANGEID="76582799" HOUSENUM="18а" HOUSETYPE="2" OPERTYPEID="10" PREVID="0" NEXTID="126760475" UPDATEDATE="2024-09-11" STARTDATE="2017-11-13" ENDDATE="2024-09-11" ISACTUAL="0" ISACTIVE="0" /><HOUSE ID="36791260" OBJECTID="61291225" OBJECTGUID="45e219c1-4826-45bd-a26f-7c2a0462557c" CHANGEID="91532006" HOUSENUM="30" HOUSETYPE="2" OPERTYPEID="10" PREVID="0" NEXTID="126728540" UPDATEDATE="2024-09-05" STARTDATE="1900-01-01" ENDDATE="2024-09-05" ISACTUAL="0" ISACTIVE="0" /><HOUSE ID="64122064" OBJECTID="70054266" OBJECTGUID="b3d596d6-09a4-4ea2-9ea5-7acc86230cad" CHANGEID="104391203" HOUSENUM="11" HOUSETYPE="2" OPERTYPEID="20" PREVID="42250219" NEXTID="126726493" UPDATEDATE="2024-09-05" STARTDATE="2014-08-19" ENDDATE="2024-09-05" ISACTUAL="0" ISACTIVE="0" /><HOUSE ID="52552850" OBJECTID="32946833" OBJECTGUID="1087a688-8c9d-4483-9186-a61f8a4ffb03" CHANGEID="50261562" HOUSENUM="7" HOUSETYPE="2" OPERTYPEID="20" PREVID="19583943" NEXTID="126733842" UPDATEDATE="2024-09-06" STARTDATE="2014-05-12" ENDDATE="2024-09-06" ISACTUAL="0" ISACTIVE="0" /><HOUSE ID="52712278" OBJECTID="71306350" OBJECTGUID="12cc17c7-5bfc-4d70-98bd-6d13a5aaca82" CHANGEID="106208412" HOUSENUM="3" HOUSETYPE="2" OPERTYPEID="20" PREVID="43009221" NEXTID="126754287" UPDATEDATE="2024-09-10" STARTDATE="2014-01-04" ENDDATE="2024-09-10" ISACTUAL="0" ISACTIVE="0" /><HOUSE ID="53327867" OBJECTID="57603130" OBJECTGUID="1b7be115-7df7-4c74-a3c4-3adf37433a98" CHANGEID="86109125" HOUSENUM="34а" HOUSETYPE="2" OPERTYPEID="20" PREVID="34467519" NEXTID="126730593" UPDATEDATE="2024-09-05" STARTDATE="2014-05-12" ENDDATE="2024-09-05" ISACTUAL="0" ISACTIVE="0" /><HOUSE ID="126336732" OBJECTID="163909405" OBJECTGUID="4c8f20df-6478-4974-8c09-2123703b65ba" CHANGEID="596870415" HOUSENUM="11" HOUSETYPE="2" OPERTYPEID="10" PREVID="0" NEXTID="126747099" UPDATEDATE="2024-09-09" STARTDATE="2024-06-18" ENDDATE="2024-09-09" ISACTUAL="0" ISACTIVE="0" /><HOUSE ID="126645551" OBJECTID="164773912" OBJECTGUID="cadfc383-1819-4404-9733-50f21793e710" CHANGEID="599800440" HOUSENUM="105г/9" HOUSETYPE="5" OPERTYPEID="10" PREVID="0" NEXTID="126749345" UPDATEDATE="2024-09-10" STARTDATE="2024-08-20" ENDDATE="2024-09-10" ISACTUAL="0" ISACTIVE="0" /><HOUSE ID="126725222" OBJECTID="165060787" OBJECTGUID="1fcc77e9-75d4-42be-a19c-6898f38f3d09" CHANGEID="600511834" HOUSENUM="3" HOUSETYPE="2" OPERTYPEID="10" PREVID="0" NEXTID="0" UPDATEDATE="2024-09-05" STARTDATE="2024-09-05" ENDDATE="2079-06-06" ISACTUAL="1" ISACTIVE="1" /><HOUSE ID="126725234" OBJECTID="165060812" OBJECTGUID="966a8732-b172-42ab-aa97-2d0ab4c14b75" CHANGEID="600511916" HOUSENUM="48а" HOUSETYPE="5" OPERTYPEID="10" PREVID="0" NEXTID="0" UPDATEDATE="2024-09-05" STARTDATE="2024-09-05" ENDDATE="2079-06-06" ISACTUAL="1" ISACTIVE="1" /><HOUSE ID="126725231" OBJECTID="165060802" OBJECTGUID="f05e49ea-7ae5-4894-8db3-23de87ef973d" CHANGEID="600511886" HOUSENUM="30" HOUSETYPE="2" OPERTYPEID="10" PREVID="0" NEXTID="0" UPDATEDATE="2024-09-05" STARTDATE="2024-09-05" ENDDATE="2079-06-06" ISACTUAL="1" ISACTIVE="1" /><HOUSE ID="126725232" OBJECTID="165060810" OBJECTGUID="1a1c0133-bae1-4725-b9a6-9b978aafbe0d" CHANGEID="600511897" HOUSENUM="1" HOUSETYPE="2" OPERTYPEID="10" PREVID="0" NEXTID="0" UPDATEDATE="2024-09-05" STARTDATE="2024-09-05" ENDDATE="2079-06-06" ISACTUAL="1" ISACTIVE="1" /><HOUSE ID="126725473" OBJECTID="165061643" OBJECTGUID="6255606e-2c99-4db1-856d-2919bb2d1d46" CHANGEID="600513371" HOUSENUM="42/а" HOUSETYPE="5" OPERTYPEID="10" PREVID="0" NEXTID="0" UPDATEDATE="2024-09-05" STARTDATE="2024-09-05" ENDDATE="2079-06-06" ISACTUAL="1" ISACTIVE="1" /><HOUSE ID="126725474" OBJECTID="165061644" OBJECTGUID="c3b23781-f94c-45d8-9f26-e2c43ac693cd" CHANGEID="600513372" HOUSENUM="42/б" HOUSETYPE="5" OPERTYPEID="10" PREVID="0" NEXTID="0" UPDATEDATE="2024-09-05" STARTDATE="2024-09-05" ENDDATE="2079-06-06" ISACTUAL="1" ISACTIVE="1" /><HOUSE ID="126725475" OBJECTID="165061645" OBJECTGUID="f7f9ca57-d568-45b5-b0d3-77ba6fbab8cd" CHANGEID="600513373" HOUSENUM="42/1" HOUSETYPE="5" OPERTYPEID="10" PREVID="0" NEXTID="0" UPDATEDATE="2024-09-05" STARTDATE="2024-09-05" ENDDATE="2079-06-06" ISACTUAL="1" ISACTIVE="1" /><HOUSE ID="126725481" OBJECTID="165061657" OBJECTGUID="b328de8f-2762-43d4-823c-13dbca7e219c" CHANGEID="600513386" HOUSENUM="34" HOUSETYPE="2" OPERTYPEID="10" PREVID="0" NEXTID="0" UPDATEDATE="2024-09-05" STARTDATE="2024-09-05" ENDDATE="2079-06-06" ISACTUAL="1" ISACTIVE="1" /><HOUSE ID="126725931" OBJECTID="165063906" OBJECTGUID="c47b7010-35c1-49c2-8b04-221f121ab1fa" CHANGEID="600517066" HOUSENUM="8б" HOUSETYPE="2" OPERTYPEID="10" PREVID="0" NEXTID="0" UPDATEDATE="2024-09-05" STARTDATE="2024-09-05" ENDDATE="2079-06-06" ISACTUAL="1" ISACTIVE="1" /><HOUSE ID="126725936" OBJECTID="165064042" OBJECTGUID="e8ca6820-6e3f-4ba1-b056-58044165c8a9" CHANGEID="600517374" HOUSENUM="12/1" HOUSETYPE="2" OPERTYPEID="10" PREVID="0" NEXTID="0" UPDATEDATE="2024-09-05" STARTDATE="2024-09-05" ENDDATE="2079-06-06" ISACTUAL="1" ISACTIVE="1" /><HOUSE ID="126726493" OBJECTID="70054266" OBJECTGUID="b3d596d6-09a4-4ea2-9ea5-7acc86230cad" CHANGEID="600522271" HOUSENUM="11" HOUSETYPE="2" OPERTYPEID="30" PREVID="64122064" NEXTID="0" UPDATEDATE="2024-09-05" STARTDATE="2024-09-05" ENDDATE="2079-06-06" ISACTUAL="1" ISACTIVE="0" /><HOUSE ID="126726497" OBJECTID="8471407" OBJECTGUID="b619339b-7edd-41ef-af87-6c99bbba3ae5" CHANGEID="600522278" HOUSENUM="2" HOUSETYPE="2" OPERTYPEID="30" PREVID="64282222" NEXTID="0" UPDATEDATE="2024-09-05" STARTDATE="2024-09-05" ENDDATE="2079-06-06" ISACTUAL="1" ISACTIVE="0" /><HOUSE ID="64282222" OBJECTID="8471407" OBJECTGUID="b619339b-7edd-41ef-af87-6c99bbba3ae5" CHANGEID="14297331" HOUSENUM="2" HOUSETYPE="2" OPERTYPEID="20" PREVID="4303667" NEXTID="126726497" UPDATEDATE="2024-09-05" STARTDATE="2014-08-19" ENDDATE="2024-09-05" ISACTUAL="0" ISACTIVE="0" /><HOUSE ID="126726884" OBJECTID="165068535" OBJECTGUID="d8d4916d-942f-4869-ac74-f76d9a9d8307" CHANGEID="600524765" HOUSENUM="4/1" HOUSETYPE="2" OPERTYPEID="10" PREVID="0" NEXTID="0" UPDATEDATE="2024-09-05" STARTDATE="2024-09-05" ENDDATE="2079-06-06" ISACTUAL="1" ISACTIVE="1" /><HOUSE ID="126727877" OBJECTID="165072300" OBJECTGUID="1828f007-94b6-49c9-b7ae-514588b1ddc4" CHANGEID="600530658" HOUSENUM="3" HOUSETYPE="2" OPERTYPEID="10" PREVID="0" NEXTID="0" UPDATEDATE="2024-09-05" STARTDATE="2024-09-05" ENDDATE="2079-06-06" ISACTUAL="1" ISACTIVE="1" /><HOUSE ID="126728179" OBJECTID="165074121" OBJECTGUID="f1e8a9a5-0256-4a11-a545-fd87937e1d59" CHANGEID="600533143" HOUSENUM="1г/327" HOUSETYPE="5" OPERTYPEID="10" PREVID="0" NEXTID="0" UPDATEDATE="2024-09-05" STARTDATE="2024-09-05" ENDDATE="2079-06-06" ISACTUAL="1" ISACTIVE="1" /><HOUSE ID="126728349" OBJECTID="165074939" OBJECTGUID="6ac66650-bd28-4bf9-8668-366964167139" CHANGEID="600534828" HOUSENUM="50925" HOUSETYPE="5" OPERTYPEID="10" PREVID="0" NEXTID="0" UPDATEDATE="2024-09-05" STARTDATE="2024-09-05" ENDDATE="2079-06-06" ISACTUAL="1" ISACTIVE="1" /><HOUSE ID="126728350" OBJECTID="165074940" OBJECTGUID="e3f3ef81-5b55-4990-800e-e0c05f2a0159" CHANGEID="600534829" HOUSENUM="1/20514" HOUSETYPE="5" OPERTYPEID="10" PREVID="0" NEXTID="0" UPDATEDATE="2024-09-05" STARTDATE="2024-09-05" ENDDATE="2079-06-06" ISACTUAL="1" ISACTIVE="1" /><HOUSE ID="126728492" OBJECTID="165075340" OBJECTGUID="0472c67b-23a6-478a-91c2-8ccc14970f49" CHANGEID="600535620" HOUSENUM="229" HOUSETYPE="2" OPERTYPEID="10" PREVID="0" NEXTID="0" UPDATEDATE="2024-09-05" STARTDATE="2024-09-05" ENDDATE="2079-06-06" ISACTUAL="1" ISACTIVE="1" /><HOUSE ID="126728517" OBJECTID="165075589" OBJECTGUID="c827037c-10af-4720-9755-781aac1c127a" CHANGEID="600535975" HOUSENUM="2" HOUSETYPE="2" OPERTYPEID="10" PREVID="0" NEXTID="0" UPDATEDATE="2024-09-05" STARTDATE="2024-09-05" ENDDATE="2079-06-06" ISACTUAL="1" ISACTIVE="1" /><HOUSE ID="126728540" OBJECTID="61291225" OBJECTGUID="45e219c1-4826-45bd-a26f-7c2a0462557c" CHANGEID="600536115" HOUSENUM="30" HOUSETYPE="2" OPERTYPEID="30" PREVID="36791260" NEXTID="0" UPDATEDATE="2024-09-05" STARTDATE="2024-09-05" ENDDATE="2079-06-06" ISACTUAL="1" ISACTIVE="0" /><HOUSE ID="126728560" OBJECTID="165075729" OBJECTGUID="42dd5eac-978c-4a1a-bb2e-17851f45231d" CHANGEID="600536192" HOUSENUM="1" HOUSETYPE="2" OPERTYPEID="10" PREVID="0" NEXTID="0" UPDATEDATE="2024-09-05" STARTDATE="2024-09-05" ENDDATE="2079-06-06" ISACTUAL="1" ISACTIVE="1" /><HOUSE ID="126728757" OBJECTID="165077545" OBJECTGUID="ea4b35e1-43e4-404f-9979-afcbba5d91c3" CHANGEID="600538774" HOUSENUM="31а" HOUSETYPE="2" OPERTYPEID="10" PREVID="0" NEXTID="0" UPDATEDATE="2024-09-05" STARTDATE="2024-09-05" ENDDATE="2079-06-06" ISACTUAL="1" ISACTIVE="1" /><HOUSE ID="126729157" OBJECTID="165079233" OBJECTGUID="15f37661-217f-4103-abe5-010673ce95ed" CHANGEID="600541127" HOUSENUM="5" HOUSETYPE="2" OPERTYPEID="10" PREVID="0" NEXTID="0" UPDATEDATE="2024-09-05" STARTDATE="2024-09-05" ENDDATE="2079-06-06" ISACTUAL="1" ISACTIVE="1" /><HOUSE ID="126729204" OBJECTID="165079314" OBJECTGUID="c72ce187-8137-40c3-a3cd-690e0c692c33" CHANGEID="600541278" HOUSENUM="113г/225" HOUSETYPE="5" OPERTYPEID="10" PREVID="0" NEXTID="0" UPDATEDATE="2024-09-05" STARTDATE="2024-09-05" ENDDATE="2079-06-06" ISACTUAL="1" ISACTIVE="1" /><HOUSE ID="126729211" OBJECTID="54183359" OBJECTGUID="ae18351b-e1ae-4d26-84b4-bf2c6f0ca6e2" CHANGEID="600541329" HOUSENUM="1" HOUSETYPE="2" OPERTYPEID="30" PREVID="32374185" NEXTID="0" UPDATEDATE="2024-09-05" STARTDATE="2024-09-05" ENDDATE="2079-06-06" ISACTUAL="1" ISACTIVE="0" /><HOUSE ID="32374185" OBJECTID="54183359" OBJECTGUID="ae18351b-e1ae-4d26-84b4-bf2c6f0ca6e2" CHANGEID="81094870" HOUSENUM="1" HOUSETYPE="2" OPERTYPEID="10" PREVID="0" NEXTID="126729211" UPDATEDATE="2024-09-05" STARTDATE="2014-04-03" ENDDATE="2024-09-05" ISACTUAL="0" ISACTIVE="0" /><HOUSE ID="126729214" OBJECTID="54178018" OBJECTGUID="a8fbf068-36b5-4d24-a8e4-6509f9025b1a" CHANGEID="600541339" HOUSENUM="3" HOUSETYPE="2" OPERTYPEID="30" PREVID="32371330" NEXTID="0" UPDATEDATE="2024-09-05" STARTDATE="2024-09-05" ENDDATE="2079-06-06" ISACTUAL="1" ISACTIVE="0" /><HOUSE ID="32371330" OBJECTID="54178018" OBJECTGUID="a8fbf068-36b5-4d24-a8e4-6509f9025b1a" CHANGEID="81087773" HOUSENUM="3" HOUSETYPE="2" OPERTYPEID="10" PREVID="0" NEXTID="126729214" UPDATEDATE="2024-09-05" STARTDATE="2014-04-03" ENDDATE="2024-09-05" ISACTUAL="0" ISACTIVE="0" /><HOUSE ID="58818194" OBJECTID="34652333" OBJECTGUID="68f82e09-6877-4191-9f0a-4ad865ae070e" CHANGEID="52737050" HOUSENUM="14" HOUSETYPE="2" OPERTYPEID="20" PREVID="20614165" NEXTID="126729672" UPDATEDATE="2024-09-05" STARTDATE="2014-03-04" ENDDATE="2024-09-05" ISACTUAL="0" ISACTIVE="0" /><HOUSE ID="126729672" OBJECTID="34652333" OBJECTGUID="68f82e09-6877-4191-9f0a-4ad865ae070e" CHANGEID="600544982" HOUSENUM="14" HOUSETYPE="5" OPERTYPEID="20" PREVID="58818194" UPDATEDATE="2024-09-05" STARTDATE="2024-09-05" ENDDATE="2079-06-06" ISACTUAL="1" ISACTIVE="1" /><HOUSE ID="126729866" OBJECTID="165082019" OBJECTGUID="315f3587-14ef-4227-80a3-4c08a77bd2a6" CHANGEID="600546052" HOUSENUM="9г1/59" HOUSETYPE="5" OPERTYPEID="10" PREVID="0" NEXTID="0" UPDATEDATE="2024-09-05" STARTDATE="2024-09-05" ENDDATE="2079-06-06" ISACTUAL="1" ISACTIVE="1" /><HOUSE ID="126730212" OBJECTID="165083478" OBJECTGUID="095ddaa9-0b69-49cb-ab9f-8bd2f25033c3" CHANGEID="600548711" HOUSENUM="74" HOUSETYPE="2" OPERTYPEID="10" PREVID="0" NEXTID="0" UPDATEDATE="2024-09-05" STARTDATE="2024-09-05" ENDDATE="2079-06-06" ISACTUAL="1" ISACTIVE="1" /><HOUSE ID="126730222" OBJECTID="165083756" OBJECTGUID="80196bf2-e028-4e9c-b5f8-6899fff6e3f5" CHANGEID="600549078" HOUSENUM="13г/31" HOUSETYPE="5" OPERTYPEID="10" PREVID="0" NEXTID="0" UPDATEDATE="2024-09-05" STARTDATE="2024-09-05" ENDDATE="2079-06-06" ISACTUAL="1" ISACTIVE="1" /><HOUSE ID="126730225" OBJECTID="165083815" OBJECTGUID="f821259a-d852-464a-a47e-0ea1e5c20190" CHANGEID="600549151" HOUSENUM="49г/69" HOUSETYPE="5" OPERTYPEID="10" PREVID="0" NEXTID="0" UPDATEDATE="2024-09-05" STARTDATE="2024-09-05" ENDDATE="2079-06-06" ISACTUAL="1" ISACTIVE="1" /><HOUSE ID="126730235" OBJECTID="165083838" OBJECTGUID="1c732fdd-213e-4c73-a211-d99f0dfa10d6" CHANGEID="600549191" HOUSENUM="101/1" HOUSETYPE="8" OPERTYPEID="10" PREVID="0" NEXTID="0" UPDATEDATE="2024-09-05" STARTDATE="2024-09-05" ENDDATE="2079-06-06" ISACTUAL="1" ISACTIVE="1" /><HOUSE ID="126730204" OBJECTID="165083445" OBJECTGUID="61a21613-7b8d-4a60-8297-dc6ca4bcf58b" CHANGEID="600548620" HOUSENUM="18" HOUSETYPE="2" OPERTYPEID="10" PREVID="0" NEXTID="0" UPDATEDATE="2024-09-05" STARTDATE="2024-09-05" ENDDATE="2079-06-06" ISACTUAL="1" ISACTIVE="1" /><HOUSE ID="126730220" OBJECTID="165083554" OBJECTGUID="d792e994-066d-4254-9485-73e68a33d541" CHANGEID="600548853" HOUSENUM="148" HOUSETYPE="2" OPERTYPEID="10" PREVID="0" NEXTID="0" UPDATEDATE="2024-09-05" STARTDATE="2024-09-05" ENDDATE="2079-06-06" ISACTUAL="1" ISACTIVE="1" /><HOUSE ID="126730357" OBJECTID="5529153" OBJECTGUID="83d8029a-203b-4d7a-b952-92fcec728446" CHANGEID="600550239" HOUSENUM="1" HOUSETYPE="2" OPERTYPEID="30" PREVID="60721267" NEXTID="0" UPDATEDATE="2024-09-05" STARTDATE="2024-09-05" ENDDATE="2079-06-06" ISACTUAL="1" ISACTIVE="0" /><HOUSE ID="126730362" OBJECTID="5584491" OBJECTGUID="45690953-cc56-4047-af2d-9ce89ddc6adc" CHANGEID="600550298" HOUSENUM="9" HOUSETYPE="2" OPERTYPEID="30" PREVID="2501703" NEXTID="0" UPDATEDATE="2024-09-05" STARTDATE="2024-09-05" ENDDATE="2079-06-06" ISACTUAL="1" ISACTIVE="0" /><HOUSE ID="126730363" OBJECTID="5533496" OBJECTGUID="6eb89e88-f471-424b-9057-b9a554588f8b" CHANGEID="600550364" HOUSENUM="18" HOUSETYPE="2" OPERTYPEID="30" PREVID="59224464" NEXTID="0" UPDATEDATE="2024-09-05" STARTDATE="2024-09-05" ENDDATE="2079-06-06" ISACTUAL="1" ISACTIVE="0" /><HOUSE ID="59224464" OBJECTID="5533496" OBJECTGUID="6eb89e88-f471-424b-9057-b9a554588f8b" CHANGEID="9986337" HOUSENUM="18" HOUSETYPE="2" OPERTYPEID="20" PREVID="2468376" NEXTID="126730363" UPDATEDATE="2024-09-05" STARTDATE="2014-04-03" ENDDATE="2024-09-05" ISACTUAL="0" ISACTIVE="0" /><HOUSE ID="126730420" OBJECTID="5526657" OBJECTGUID="f6ac5473-70a5-4c8d-aa08-50e7f78ea60a" CHANGEID="600550731" HOUSENUM="29" HOUSETYPE="2" OPERTYPEID="30" PREVID="68852193" NEXTID="0" UPDATEDATE="2024-09-05" STARTDATE="2024-09-05" ENDDATE="2079-06-06" ISACTUAL="1" ISACTIVE="0" /><HOUSE ID="126730423" OBJECTID="5530875" OBJECTGUID="bb395b5f-3858-4e52-aa48-9ebb40e1d0cb" CHANGEID="600550759" HOUSENUM="32" HOUSETYPE="2" OPERTYPEID="30" PREVID="64644839" NEXTID="0" UPDATEDATE="2024-09-05" STARTDATE="2024-09-05" ENDDATE="2079-06-06" ISACTUAL="1" ISACTIVE="0" /><HOUSE ID="126730425" OBJECTID="5527361" OBJECTGUID="e69bccec-a571-4643-9334-52164334f4cf" CHANGEID="600550774" HOUSENUM="38" HOUSETYPE="2" OPERTYPEID="30" PREVID="67715799" NEXTID="0" UPDATEDATE="2024-09-05" STARTDATE="2024-09-05" ENDDATE="2079-06-06" ISACTUAL="1" ISACTIVE="0" /><HOUSE ID="67715799" OBJECTID="5527361" OBJECTGUID="e69bccec-a571-4643-9334-52164334f4cf" CHANGEID="9977274" HOUSENUM="38" HOUSETYPE="2" OPERTYPEID="20" PREVID="2464149" NEXTID="126730425" UPDATEDATE="2024-09-05" STARTDATE="2014-04-03" ENDDATE="2024-09-05" ISACTUAL="0" ISACTIVE="0" /><HOUSE ID="126730430" OBJECTID="5528038" OBJECTGUID="58a27cf4-ad35-4765-8044-5ea7ad6ea777" CHANGEID="600550794" HOUSENUM="40" HOUSETYPE="2" OPERTYPEID="30" PREVID="57659780" NEXTID="0" UPDATEDATE="2024-09-05" STARTDATE="2024-09-05" ENDDATE="2079-06-06" ISACTUAL="1" ISACTIVE="0" /><HOUSE ID="126730444" OBJECTID="5584198" OBJECTGUID="52c04cd7-7bf2-489f-93fc-8bffb3cbde8d" CHANGEID="600550876" HOUSENUM="44" HOUSETYPE="2" OPERTYPEID="30" PREVID="2501568" NEXTID="0" UPDATEDATE="2024-09-05" STARTDATE="2024-09-05" ENDDATE="2079-06-06" ISACTUAL="1" ISACTIVE="0" /><HOUSE ID="2501568" OBJECTID="5584198" OBJECTGUID="52c04cd7-7bf2-489f-93fc-8bffb3cbde8d" CHANGEID="10061939" HOUSENUM="44" HOUSETYPE="2" OPERTYPEID="10" PREVID="0" NEXTID="126730444" UPDATEDATE="2024-09-05" STARTDATE="1900-01-01" ENDDATE="2024-09-05" ISACTUAL="0" ISACTIVE="0" /><HOUSE ID="126730449" OBJECTID="5585076" OBJECTGUID="245a58c5-941c-4b61-a1c2-d7b41e51e321" CHANGEID="600551013" HOUSENUM="46" HOUSETYPE="2" OPERTYPEID="30" PREVID="2502180" NEXTID="0" UPDATEDATE="2024-09-05" STARTDATE="2024-09-05" ENDDATE="2079-06-06" ISACTUAL="1" ISACTIVE="0" /><HOUSE ID="2502180" OBJECTID="5585076" OBJECTGUID="245a58c5-941c-4b61-a1c2-d7b41e51e321" CHANGEID="10063284" HOUSENUM="46" HOUSETYPE="2" OPERTYPEID="10" PREVID="0" NEXTID="126730449" UPDATEDATE="2024-09-05" STARTDATE="1900-01-01" ENDDATE="2024-09-05" ISACTUAL="0" ISACTIVE="0" /><HOUSE ID="126730450" OBJECTID="165085035" OBJECTGUID="47f71257-ab20-4d6c-8474-57f11b18bec2" CHANGEID="600551019" HOUSENUM="72в/19" HOUSETYPE="5" OPERTYPEID="10" PREVID="0" NEXTID="0" UPDATEDATE="2024-09-05" STARTDATE="2024-09-05" ENDDATE="2079-06-06" ISACTUAL="1" ISACTIVE="1" /><HOUSE ID="126730463" OBJECTID="165085124" OBJECTGUID="0c41255e-bc14-4468-8681-a30b7e6c92a1" CHANGEID="600551169" HOUSENUM="2б/20" HOUSETYPE="5" OPERTYPEID="10" PREVID="0" NEXTID="0" UPDATEDATE="2024-09-05" STARTDATE="2024-09-05" ENDDATE="2079-06-06" ISACTUAL="1" ISACTIVE="1" /><HOUSE ID="126730477" OBJECTID="19460183" OBJECTGUID="b306d3b4-79f8-428b-9ee0-1c183cb29e00" CHANGEID="600551236" HOUSENUM="18" HOUSETYPE="2" OPERTYPEID="30" PREVID="64063627" NEXTID="0" UPDATEDATE="2024-09-05" STARTDATE="2024-09-05" ENDDATE="2079-06-06" ISACTUAL="1" ISACTIVE="0" /><HOUSE ID="64063627" OBJECTID="19460183" OBJECTGUID="b306d3b4-79f8-428b-9ee0-1c183cb29e00" CHANGEID="30526953" HOUSENUM="18" HOUSETYPE="2" OPERTYPEID="20" PREVID="11276111" NEXTID="126730477" UPDATEDATE="2024-09-05" STARTDATE="2014-01-04" ENDDATE="2024-09-05" ISACTUAL="0" ISACTIVE="0" /><HOUSE ID="126730488" OBJECTID="19495288" OBJECTGUID="d6dae4d9-81e2-4267-894d-8df7eb3c4593" CHANGEID="600551390" HOUSENUM="20" HOUSETYPE="2" OPERTYPEID="30" PREVID="66600260" NEXTID="0" UPDATEDATE="2024-09-05" STARTDATE="2024-09-05" ENDDATE="2079-06-06" ISACTUAL="1" ISACTIVE="0" /><HOUSE ID="126730491" OBJECTID="19496148" OBJECTGUID="6fc1e4d9-ef48-4be1-9f4f-ab3dfd330d5d" CHANGEID="600551414" HOUSENUM="21" HOUSETYPE="2" OPERTYPEID="30" PREVID="59297823" NEXTID="0" UPDATEDATE="2024-09-05" STARTDATE="2024-09-05" ENDDATE="2079-06-06" ISACTUAL="1" ISACTIVE="0" /><HOUSE ID="126730469" OBJECTID="19497575" OBJECTGUID="f24c4a12-6359-477b-83c6-cbc2b8e28b70" CHANGEID="600551194" HOUSENUM="16" HOUSETYPE="2" OPERTYPEID="30" PREVID="68543444" NEXTID="0" UPDATEDATE="2024-09-05" STARTDATE="2024-09-05" ENDDATE="2079-06-06" ISACTUAL="1" ISACTIVE="0" /><HOUSE ID="126730481" OBJECTID="19489047" OBJECTGUID="4dafdec7-788a-462c-9db7-6394d3ed2fcf" CHANGEID="600551298" HOUSENUM="19" HOUSETYPE="2" OPERTYPEID="30" PREVID="56884068" NEXTID="0" UPDATEDATE="2024-09-05" STARTDATE="2024-09-05" ENDDATE="2079-06-06" ISACTUAL="1" ISACTIVE="0" /><HOUSE ID="126730482" OBJECTID="165085226" OBJECTGUID="89089d3f-ae57-49d6-875b-bad66a99145b" CHANGEID="600551312" HOUSENUM="13/8" HOUSETYPE="5" OPERTYPEID="10" PREVID="0" NEXTID="0" UPDATEDATE="2024-09-05" STARTDATE="2024-09-05" ENDDATE="2079-06-06" ISACTUAL="1" ISACTIVE="1" /><HOUSE ID="126730502" OBJECTID="19463386" OBJECTGUID="ffb5a481-43aa-4e8b-bc2f-1e9ecfea8c11" CHANGEID="600551619" HOUSENUM="23" HOUSETYPE="2" OPERTYPEID="30" PREVID="69491952" NEXTID="0" UPDATEDATE="2024-09-05" STARTDATE="2024-09-05" ENDDATE="2079-06-06" ISACTUAL="1" ISACTIVE="0" /><HOUSE ID="69491952" OBJECTID="19463386" OBJECTGUID="ffb5a481-43aa-4e8b-bc2f-1e9ecfea8c11" CHANGEID="30530725" HOUSENUM="23" HOUSETYPE="2" OPERTYPEID="20" PREVID="11278021" NEXTID="126730502" UPDATEDATE="2024-09-05" STARTDATE="2014-01-04" ENDDATE="2024-09-05" ISACTUAL="0" ISACTIVE="0" /><HOUSE ID="126730511" OBJECTID="19506869" OBJECTGUID="67f6e5d5-e87c-41e5-a247-ec0ba48ab3df" CHANGEID="600551698" HOUSENUM="24" HOUSETYPE="2" OPERTYPEID="30" PREVID="58746341" NEXTID="0" UPDATEDATE="2024-09-05" STARTDATE="2024-09-05" ENDDATE="2079-06-06" ISACTUAL="1" ISACTIVE="0" /><HOUSE ID="58746341" OBJECTID="19506869" OBJECTGUID="67f6e5d5-e87c-41e5-a247-ec0ba48ab3df" CHANGEID="30596023" HOUSENUM="24" HOUSETYPE="2" OPERTYPEID="20" PREVID="11309563" NEXTID="126730511" UPDATEDATE="2024-09-05" STARTDATE="2014-01-04" ENDDATE="2024-09-05" ISACTUAL="0" ISACTIVE="0" /><HOUSE ID="126730535" OBJECTID="19492674" OBJECTGUID="db5c7ce6-ef4d-43da-b1d6-72331edef872" CHANGEID="600551996" HOUSENUM="25" HOUSETYPE="2" OPERTYPEID="30" PREVID="66919566" NEXTID="0" UPDATEDATE="2024-09-05" STARTDATE="2024-09-05" ENDDATE="2079-06-06" ISACTUAL="1" ISACTIVE="0" /><HOUSE ID="66919566" OBJECTID="19492674" OBJECTGUID="db5c7ce6-ef4d-43da-b1d6-72331edef872" CHANGEID="30574657" HOUSENUM="25" HOUSETYPE="2" OPERTYPEID="20" PREVID="11298380" NEXTID="126730535" UPDATEDATE="2024-09-05" STARTDATE="2014-01-04" ENDDATE="2024-09-05" ISACTUAL="0" ISACTIVE="0" /><HOUSE ID="126730543" OBJECTID="19478930" OBJECTGUID="337823d2-58cc-4734-8342-3c614a31aa9c" CHANGEID="600552043" HOUSENUM="26" HOUSETYPE="2" OPERTYPEID="30" PREVID="55026174" NEXTID="0" UPDATEDATE="2024-09-05" STARTDATE="2024-09-05" ENDDATE="2079-06-06" ISACTUAL="1" ISACTIVE="0" /><HOUSE ID="126730549" OBJECTID="19459519" OBJECTGUID="bfd505f1-8333-4098-86e2-1af701f644e6" CHANGEID="600552136" HOUSENUM="27" HOUSETYPE="2" OPERTYPEID="30" PREVID="64971053" NEXTID="0" UPDATEDATE="2024-09-05" STARTDATE="2024-09-05" ENDDATE="2079-06-06" ISACTUAL="1" ISACTIVE="0" /><HOUSE ID="126730556" OBJECTID="19481389" OBJECTGUID="e3e08cce-2d33-4c85-9377-4a33aca22dff" CHANGEID="600552170" HOUSENUM="29" HOUSETYPE="2" OPERTYPEID="30" PREVID="67522559" NEXTID="0" UPDATEDATE="2024-09-05" STARTDATE="2024-09-05" ENDDATE="2079-06-06" ISACTUAL="1" ISACTIVE="0" /><HOUSE ID="67522559" OBJECTID="19481389" OBJECTGUID="e3e08cce-2d33-4c85-9377-4a33aca22dff" CHANGEID="30558269" HOUSENUM="29" HOUSETYPE="2" OPERTYPEID="20" PREVID="11291248" NEXTID="126730556" UPDATEDATE="2024-09-05" STARTDATE="2014-01-04" ENDDATE="2024-09-05" ISACTUAL="0" ISACTIVE="0" /><HOUSE ID="126730589" OBJECTID="12959781" OBJECTGUID="89ad7238-901d-4ee0-9882-4581f3ced633" CHANGEID="600552370" HOUSENUM="156" HOUSETYPE="2" OPERTYPEID="30" PREVID="61133844" NEXTID="0" UPDATEDATE="2024-09-05" STARTDATE="2024-09-05" ENDDATE="2079-06-06" ISACTUAL="1" ISACTIVE="0" /><HOUSE ID="61133844" OBJECTID="12959781" OBJECTGUID="89ad7238-901d-4ee0-9882-4581f3ced633" CHANGEID="20844377" HOUSENUM="156" HOUSETYPE="2" OPERTYPEID="20" PREVID="7040222" NEXTID="126730589" UPDATEDATE="2024-09-05" STARTDATE="2014-08-21" ENDDATE="2024-09-05" ISACTUAL="0" ISACTIVE="0" /><HOUSE ID="126730591" OBJECTID="61289588" OBJECTGUID="4e192b45-abf0-4400-a212-25597f8206db" CHANGEID="600552384" HOUSENUM="1" HOUSETYPE="2" OPERTYPEID="30" PREVID="56913169" NEXTID="0" UPDATEDATE="2024-09-05" STARTDATE="2024-09-05" ENDDATE="2079-06-06" ISACTUAL="1" ISACTIVE="0" /><HOUSE ID="126730593" OBJECTID="57603130" OBJECTGUID="1b7be115-7df7-4c74-a3c4-3adf37433a98" CHANGEID="600552419" HOUSENUM="34а" HOUSETYPE="2" OPERTYPEID="30" PREVID="53327867" NEXTID="0" UPDATEDATE="2024-09-05" STARTDATE="2024-09-05" ENDDATE="2079-06-06" ISACTUAL="1" ISACTIVE="0" /><HOUSE ID="126730601" OBJECTID="32948641" OBJECTGUID="70dbb1f8-6f2f-42b9-93f0-d24c1e91abb5" CHANGEID="600552515" HOUSENUM="4" HOUSETYPE="2" OPERTYPEID="30" PREVID="59375879" NEXTID="0" UPDATEDATE="2024-09-05" STARTDATE="2024-09-05" ENDDATE="2079-06-06" ISACTUAL="1" ISACTIVE="0" /><HOUSE ID="59375879" OBJECTID="32948641" OBJECTGUID="70dbb1f8-6f2f-42b9-93f0-d24c1e91abb5" CHANGEID="50264541" HOUSENUM="4" HOUSETYPE="2" OPERTYPEID="20" PREVID="19585135" NEXTID="126730601" UPDATEDATE="2024-09-05" STARTDATE="2014-05-12" ENDDATE="2024-09-05" ISACTUAL="0" ISACTIVE="0" /><HOUSE ID="126730602" OBJECTID="32945612" OBJECTGUID="93cd1471-ff51-4772-94e7-889c34346a7c" CHANGEID="600552516" HOUSENUM="6" HOUSETYPE="2" OPERTYPEID="30" PREVID="61850547" NEXTID="0" UPDATEDATE="2024-09-05" STARTDATE="2024-09-05" ENDDATE="2079-06-06" ISACTUAL="1" ISACTIVE="0" /><HOUSE ID="126730622" OBJECTID="165086290" OBJECTGUID="79258a73-ca96-440e-87a9-7b49f92dd0bc" CHANGEID="600552953" HOUSENUM="1ж" HOUSETYPE="5" OPERTYPEID="10" PREVID="0" NEXTID="0" UPDATEDATE="2024-09-05" STARTDATE="2024-09-05" ENDDATE="2079-06-06" ISACTUAL="1" ISACTIVE="1" /><HOUSE ID="126730559" OBJECTID="72978306" OBJECTGUID="14ceb03c-778a-4a9e-a320-bbfba9758751" CHANGEID="600552207" HOUSENUM="2" HOUSETYPE="2" OPERTYPEID="30" PREVID="44063381" NEXTID="0" UPDATEDATE="2024-09-05" STARTDATE="2024-09-05" ENDDATE="2079-06-06" ISACTUAL="1" ISACTIVE="0" /><HOUSE ID="44063381" OBJECTID="72978306" OBJECTGUID="14ceb03c-778a-4a9e-a320-bbfba9758751" CHANGEID="108669124" HOUSENUM="2" HOUSETYPE="2" OPERTYPEID="10" PREVID="0" NEXTID="126730559" UPDATEDATE="2024-09-05" STARTDATE="2018-08-03" ENDDATE="2024-09-05" ISACTUAL="0" ISACTIVE="0" /><HOUSE ID="126730561" OBJECTID="19487592" OBJECTGUID="7c3488f8-6e54-48d0-8b3e-593a9aa53c31" CHANGEID="600552215" HOUSENUM="39" HOUSETYPE="2" OPERTYPEID="30" PREVID="60179825" NEXTID="0" UPDATEDATE="2024-09-05" STARTDATE="2024-09-05" ENDDATE="2079-06-06" ISACTUAL="1" ISACTIVE="0" /><HOUSE ID="60179825" OBJECTID="19487592" OBJECTGUID="7c3488f8-6e54-48d0-8b3e-593a9aa53c31" CHANGEID="30567408" HOUSENUM="39" HOUSETYPE="2" OPERTYPEID="20" PREVID="11295413" NEXTID="126730561" UPDATEDATE="2024-09-05" STARTDATE="2014-01-04" ENDDATE="2024-09-05" ISACTUAL="0" ISACTIVE="0" /><HOUSE ID="126730584" OBJECTID="19456509" OBJECTGUID="ed13682b-6ecc-4a84-a852-07e6b841eda5" CHANGEID="600552316" HOUSENUM="56" HOUSETYPE="2" OPERTYPEID="30" PREVID="68173101" NEXTID="0" UPDATEDATE="2024-09-05" STARTDATE="2024-09-05" ENDDATE="2079-06-06" ISACTUAL="1" ISACTIVE="0" /><HOUSE ID="126730604" OBJECTID="81679460" OBJECTGUID="363522a6-0269-4f5d-a126-3bd8406b4644" CHANGEID="600552530" HOUSENUM="4" HOUSETYPE="2" OPERTYPEID="30" PREVID="55219982" NEXTID="0" UPDATEDATE="2024-09-05" STARTDATE="2024-09-05" ENDDATE="2079-06-06" ISACTUAL="1" ISACTIVE="0" /><HOUSE ID="126730640" OBJECTID="14511408" OBJECTGUID="e59a178b-d422-4249-a92e-0c5b38cc4e85" CHANGEID="600553086" HOUSENUM="6" HOUSETYPE="2" OPERTYPEID="30" PREVID="67643807" NEXTID="0" UPDATEDATE="2024-09-05" STARTDATE="2024-09-05" ENDDATE="2079-06-06" ISACTUAL="1" ISACTIVE="0" /><HOUSE ID="126730861" OBJECTID="165087016" OBJECTGUID="23f185fb-ce2c-48ed-b2ba-31fcdf435a3b" CHANGEID="600554168" HOUSENUM="12" HOUSETYPE="2" OPERTYPEID="10" PREVID="0" NEXTID="0" UPDATEDATE="2024-09-05" STARTDATE="2024-09-05" ENDDATE="2079-06-06" ISACTUAL="1" ISACTIVE="1" /><HOUSE ID="126730935" OBJECTID="165087710" OBJECTGUID="edb02799-efd4-4544-924e-d8f8980b6c34" CHANGEID="600555397" HOUSENUM="1б" HOUSETYPE="8" OPERTYPEID="10" PREVID="0" NEXTID="0" UPDATEDATE="2024-09-05" STARTDATE="2024-09-05" ENDDATE="2079-06-06" ISACTUAL="1" ISACTIVE="1" /><HOUSE ID="126730962" OBJECTID="165087820" OBJECTGUID="e0937ba7-39da-40ed-ba6d-8826b7545812" CHANGEID="600555818" HOUSENUM="38" HOUSETYPE="2" OPERTYPEID="10" PREVID="0" NEXTID="0" UPDATEDATE="2024-09-05" STARTDATE="2024-09-05" ENDDATE="2079-06-06" ISACTUAL="1" ISACTIVE="1" /><HOUSE ID="126731392" OBJECTID="71346703" OBJECTGUID="1fd4ca17-ac23-41ee-ae28-fa45ad8c3b46" CHANGEID="600559219" HOUSENUM="4" HOUSETYPE="1" OPERTYPEID="30" PREVID="43038220" NEXTID="0" UPDATEDATE="2024-09-05" STARTDATE="2024-09-05" ENDDATE="2079-06-06" ISACTUAL="1" ISACTIVE="0" /><HOUSE ID="43038220" OBJECTID="71346703" OBJECTGUID="1fd4ca17-ac23-41ee-ae28-fa45ad8c3b46" CHANGEID="106269614" HOUSENUM="4" HOUSETYPE="1" OPERTYPEID="10" PREVID="0" NEXTID="126731392" UPDATEDATE="2024-09-05" STARTDATE="1961-01-01" ENDDATE="2024-09-05" ISACTUAL="0" ISACTIVE="0" /><HOUSE ID="126732321" OBJECTID="165094639" OBJECTGUID="8203e734-62bc-46f1-a056-86bee0ed5680" CHANGEID="600567941" HOUSENUM="30" HOUSETYPE="2" OPERTYPEID="10" PREVID="0" NEXTID="0" UPDATEDATE="2024-09-06" STARTDATE="2024-09-06" ENDDATE="2079-06-06" ISACTUAL="1" ISACTIVE="1" /><HOUSE ID="126732724" OBJECTID="165096127" OBJECTGUID="2f346599-2727-45f3-8854-740e1ebf62cc" CHANGEID="600570863" HOUSENUM="21" ADDNUM1="1" HOUSETYPE="2" ADDTYPE1="2" OPERTYPEID="10" PREVID="0" NEXTID="0" UPDATEDATE="2024-09-06" STARTDATE="2024-09-06" ENDDATE="2079-06-06" ISACTUAL="1" ISACTIVE="1" /><HOUSE ID="126732727" OBJECTID="165096136" OBJECTGUID="4221ac52-3fd5-4cdb-af04-02aadb105e50" CHANGEID="600570873" HOUSENUM="15а" ADDNUM1="1" HOUSETYPE="2" ADDTYPE1="3" OPERTYPEID="10" PREVID="0" NEXTID="0" UPDATEDATE="2024-09-06" STARTDATE="2024-09-06" ENDDATE="2079-06-06" ISACTUAL="1" ISACTIVE="1" /><HOUSE ID="126732729" OBJECTID="165096140" OBJECTGUID="c741d85d-b90b-4abf-b1c0-797854bd82c6" CHANGEID="600570877" HOUSENUM="15б" ADDNUM1="1" HOUSETYPE="2" ADDTYPE1="2" OPERTYPEID="10" PREVID="0" NEXTID="0" UPDATEDATE="2024-09-06" STARTDATE="2024-09-06" ENDDATE="2079-06-06" ISACTUAL="1" ISACTIVE="1" /><HOUSE ID="126732732" OBJECTID="165096142" OBJECTGUID="2d3ba35f-af47-4412-a854-13c949c6af8d" CHANGEID="600570881" HOUSENUM="5а" ADDNUM1="1" HOUSETYPE="2" ADDTYPE1="2" OPERTYPEID="10" PREVID="0" NEXTID="0" UPDATEDATE="2024-09-06" STARTDATE="2024-09-06" ENDDATE="2079-06-06" ISACTUAL="1" ISACTIVE="1" /><HOUSE ID="126732723" OBJECTID="165096092" OBJECTGUID="5693a2e5-2468-4208-aba8-d20c78cf7603" CHANGEID="600570823" HOUSENUM="16г" HOUSETYPE="2" OPERTYPEID="10" PREVID="0" NEXTID="0" UPDATEDATE="2024-09-06" STARTDATE="2024-09-06" ENDDATE="2079-06-06" ISACTUAL="1" ISACTIVE="1" /><HOUSE ID="126732725" OBJECTID="165096131" OBJECTGUID="0022181b-e656-4a20-84a7-a09c50683d55" CHANGEID="600570868" HOUSENUM="14а" ADDNUM1="1" HOUSETYPE="2" ADDTYPE1="2" OPERTYPEID="10" PREVID="0" NEXTID="0" UPDATEDATE="2024-09-06" STARTDATE="2024-09-06" ENDDATE="2079-06-06" ISACTUAL="1" ISACTIVE="1" /><HOUSE ID="126732730" OBJECTID="165096141" OBJECTGUID="9bf0d1f9-c5bf-49c9-8e67-43c8a1f1a30e" CHANGEID="600570878" HOUSENUM="4/4" ADDNUM1="1" HOUSETYPE="2" ADDTYPE1="2" OPERTYPEID="10" PREVID="0" NEXTID="0" UPDATEDATE="2024-09-06" STARTDATE="2024-09-06" ENDDATE="2079-06-06" ISACTUAL="1" ISACTIVE="1" /><HOUSE ID="126732734" OBJECTID="165096145" OBJECTGUID="87aaabcc-53f2-464b-b8e9-3e8bc515db33" CHANGEID="600570884" HOUSENUM="23" ADDNUM1="1" HOUSETYPE="2" ADDTYPE1="2" OPERTYPEID="10" PREVID="0" NEXTID="0" UPDATEDATE="2024-09-06" STARTDATE="2024-09-06" ENDDATE="2079-06-06" ISACTUAL="1" ISACTIVE="1" /><HOUSE ID="126733842" OBJECTID="32946833" OBJECTGUID="1087a688-8c9d-4483-9186-a61f8a4ffb03" CHANGEID="600577126" HOUSENUM="7" HOUSETYPE="2" OPERTYPEID="30" PREVID="52552850" NEXTID="0" UPDATEDATE="2024-09-06" STARTDATE="2024-09-06" ENDDATE="2079-06-06" ISACTUAL="1" ISACTIVE="0" /><HOUSE ID="126733845" OBJECTID="10743461" OBJECTGUID="68265d2a-3a48-4550-9774-1355d8424851" CHANGEID="600577131" HOUSENUM="43а" HOUSETYPE="2" OPERTYPEID="20" PREVID="58759032" UPDATEDATE="2024-09-06" STARTDATE="2024-09-06" ENDDATE="2079-06-06" ISACTUAL="1" ISACTIVE="1" /><HOUSE ID="126733998" OBJECTID="82040252" OBJECTGUID="d9a8b2a3-e739-48d9-8798-ff10ddbe08cb" CHANGEID="600579295" HOUSENUM="1" HOUSETYPE="2" OPERTYPEID="30" PREVID="66800148" NEXTID="0" UPDATEDATE="2024-09-06" STARTDATE="2024-09-06" ENDDATE="2079-06-06" ISACTUAL="1" ISACTIVE="0" /><HOUSE ID="66800148" OBJECTID="82040252" OBJECTGUID="d9a8b2a3-e739-48d9-8798-ff10ddbe08cb" CHANGEID="121901150" HOUSENUM="1" HOUSETYPE="2" OPERTYPEID="20" PREVID="49657751" NEXTID="126733998" UPDATEDATE="2024-09-06" STARTDATE="2014-05-12" ENDDATE="2024-09-06" ISACTUAL="0" ISACTIVE="0" /><HOUSE ID="126733999" OBJECTID="61520582" OBJECTGUID="843734eb-fa45-452e-897d-88f66e60c440" CHANGEID="600579297" HOUSENUM="13а" HOUSETYPE="2" OPERTYPEID="30" PREVID="60747688" NEXTID="0" UPDATEDATE="2024-09-06" STARTDATE="2024-09-06" ENDDATE="2079-06-06" ISACTUAL="1" ISACTIVE="0" /><HOUSE ID="126736378" OBJECTID="165107923" OBJECTGUID="ae08ab5f-fe68-4e48-832f-fcadf58da78c" CHANGEID="600592662" HOUSENUM="11" HOUSETYPE="2" OPERTYPEID="10" PREVID="0" NEXTID="0" UPDATEDATE="2024-09-06" STARTDATE="2024-09-06" ENDDATE="2079-06-06" ISACTUAL="1" ISACTIVE="1" /><HOUSE ID="126736917" OBJECTID="13396844" OBJECTGUID="e37070a9-ade6-442c-8d84-bbb0a93421a7" CHANGEID="600594820" HOUSENUM="15" HOUSETYPE="2" OPERTYPEID="30" PREVID="67491699" NEXTID="0" UPDATEDATE="2024-09-06" STARTDATE="2024-09-06" ENDDATE="2079-06-06" ISACTUAL="1" ISACTIVE="0" /><HOUSE ID="67491699" OBJECTID="13396844" OBJECTGUID="e37070a9-ade6-442c-8d84-bbb0a93421a7" CHANGEID="21505812" HOUSENUM="15" HOUSETYPE="2" OPERTYPEID="20" PREVID="7336755" NEXTID="126736917" UPDATEDATE="2024-09-06" STARTDATE="2015-11-16" ENDDATE="2024-09-06" ISACTUAL="0" ISACTIVE="0" /><HOUSE ID="126736918" OBJECTID="13395904" OBJECTGUID="dac906b7-509f-44f4-a75d-a8e34d3a435d" CHANGEID="600594821" HOUSENUM="12" HOUSETYPE="2" OPERTYPEID="30" PREVID="7336505" NEXTID="0" UPDATEDATE="2024-09-06" STARTDATE="2024-09-06" ENDDATE="2079-06-06" ISACTUAL="1" ISACTIVE="0" /><HOUSE ID="7336505" OBJECTID="13395904" OBJECTGUID="dac906b7-509f-44f4-a75d-a8e34d3a435d" CHANGEID="21504834" HOUSENUM="12" HOUSETYPE="2" OPERTYPEID="20" PREVID="7336416" NEXTID="126736918" UPDATEDATE="2024-09-06" STARTDATE="2016-09-12" ENDDATE="2024-09-06" ISACTUAL="0" ISACTIVE="0" /><HOUSE ID="126736919" OBJECTID="13393830" OBJECTGUID="9155d235-7e19-44ac-b292-847ae4f24023" CHANGEID="600594822" HOUSENUM="13" HOUSETYPE="2" OPERTYPEID="30" PREVID="61676391" NEXTID="0" UPDATEDATE="2024-09-06" STARTDATE="2024-09-06" ENDDATE="2079-06-06" ISACTUAL="1" ISACTIVE="0" /><HOUSE ID="126736920" OBJECTID="13393638" OBJECTGUID="99deea39-d77d-4dd9-bde6-80648f362b15" CHANGEID="600594823" HOUSENUM="5" HOUSETYPE="2" OPERTYPEID="30" PREVID="62281855" NEXTID="0" UPDATEDATE="2024-09-06" STARTDATE="2024-09-06" ENDDATE="2079-06-06" ISACTUAL="1" ISACTIVE="0" /><HOUSE ID="126736921" OBJECTID="13387316" OBJECTGUID="aaf23776-fbbe-4068-a0e1-690fede053c8" CHANGEID="600594824" HOUSENUM="3" HOUSETYPE="2" OPERTYPEID="30" PREVID="63490969" NEXTID="0" UPDATEDATE="2024-09-06" STARTDATE="2024-09-06" ENDDATE="2079-06-06" ISACTUAL="1" ISACTIVE="0" /><HOUSE ID="63490969" OBJECTID="13387316" OBJECTGUID="aaf23776-fbbe-4068-a0e1-690fede053c8" CHANGEID="21496727" HOUSENUM="3" HOUSETYPE="2" OPERTYPEID="20" PREVID="7330263" NEXTID="126736921" UPDATEDATE="2024-09-06" STARTDATE="2015-11-16" ENDDATE="2024-09-06" ISACTUAL="0" ISACTIVE="0" /><HOUSE ID="126737364" OBJECTID="165111359" OBJECTGUID="5b3fcb5f-9613-4293-895a-c7e9c185b1ba" CHANGEID="600607816" HOUSENUM="4" HOUSETYPE="2" OPERTYPEID="10" PREVID="0" NEXTID="0" UPDATEDATE="2024-09-06" STARTDATE="2024-09-06" ENDDATE="2079-06-06" ISACTUAL="1" ISACTIVE="1" /><HOUSE ID="126737457" OBJECTID="82658102" OBJECTGUID="ec01a0ab-6bfd-4809-a228-1d589dadf66a" CHANGEID="600632680" HOUSENUM="28" HOUSETYPE="2" OPERTYPEID="30" PREVID="68098307" NEXTID="0" UPDATEDATE="2024-09-06" STARTDATE="2024-09-06" ENDDATE="2079-06-06" ISACTUAL="1" ISACTIVE="0" /><HOUSE ID="126737880" OBJECTID="165113587" OBJECTGUID="96c971be-1035-4011-9bb8-81f9540eb50d" CHANGEID="600701974" HOUSENUM="14б" HOUSETYPE="2" OPERTYPEID="10" PREVID="0" NEXTID="0" UPDATEDATE="2024-09-06" STARTDATE="2024-09-06" ENDDATE="2079-06-06" ISACTUAL="1" ISACTIVE="1" /><HOUSE ID="126737862" OBJECTID="14362782" OBJECTGUID="c820e9ac-5bb5-4313-ba4f-70806120caef" CHANGEID="600701811" HOUSENUM="19" HOUSETYPE="2" OPERTYPEID="30" PREVID="65559852" NEXTID="0" UPDATEDATE="2024-09-06" STARTDATE="2024-09-06" ENDDATE="2079-06-06" ISACTUAL="1" ISACTIVE="0" /><HOUSE ID="65559852" OBJECTID="14362782" OBJECTGUID="c820e9ac-5bb5-4313-ba4f-70806120caef" CHANGEID="22966760" HOUSENUM="19" HOUSETYPE="2" OPERTYPEID="20" PREVID="7990658" NEXTID="126737862" UPDATEDATE="2024-09-06" STARTDATE="2014-03-25" ENDDATE="2024-09-06" ISACTUAL="0" ISACTIVE="0" /><HOUSE ID="126737865" OBJECTID="18381060" OBJECTGUID="fd9ec7c7-8da4-4635-9226-f1ff0b759b58" CHANGEID="600701843" HOUSENUM="4" HOUSETYPE="2" OPERTYPEID="30" PREVID="69345099" NEXTID="0" UPDATEDATE="2024-09-06" STARTDATE="2024-09-06" ENDDATE="2079-06-06" ISACTUAL="1" ISACTIVE="0" /><HOUSE ID="126737909" OBJECTID="165113635" OBJECTGUID="ccf7c8e0-ee3f-4892-856e-4b10c8a80351" CHANGEID="600702064" HOUSENUM="193" HOUSETYPE="2" OPERTYPEID="10" PREVID="0" NEXTID="0" UPDATEDATE="2024-09-06" STARTDATE="2024-09-06" ENDDATE="2079-06-06" ISACTUAL="1" ISACTIVE="1" /><HOUSE ID="126740037" OBJECTID="165121653" OBJECTGUID="b4148b4f-03bd-4452-b80f-08c644b2a835" CHANGEID="600745469" HOUSENUM="13а" HOUSETYPE="2" OPERTYPEID="10" PREVID="0" NEXTID="0" UPDATEDATE="2024-09-09" STARTDATE="2024-09-09" ENDDATE="2079-06-06" ISACTUAL="1" ISACTIVE="1" /><HOUSE ID="126740044" OBJECTID="165121679" OBJECTGUID="addaf239-1818-4ec2-91ce-a702f7f6269e" CHANGEID="600745525" HOUSENUM="23/339" HOUSETYPE="7" OPERTYPEID="10" PREVID="0" NEXTID="0" UPDATEDATE="2024-09-09" STARTDATE="2024-09-09" ENDDATE="2079-06-06" ISACTUAL="1" ISACTIVE="1" /><HOUSE ID="59802745" OBJECTID="84342741" OBJECTGUID="76dfb1fc-2eac-47fb-9949-4e661e9a1615" CHANGEID="125291128" HOUSENUM="2" HOUSETYPE="2" OPERTYPEID="20" PREVID="51084044" NEXTID="126740034" UPDATEDATE="2024-09-09" STARTDATE="2014-01-04" ENDDATE="2024-09-09" ISACTUAL="0" ISACTIVE="0" /><HOUSE ID="126740034" OBJECTID="84342741" OBJECTGUID="76dfb1fc-2eac-47fb-9949-4e661e9a1615" CHANGEID="600745466" HOUSENUM="2" HOUSETYPE="5" OPERTYPEID="20" PREVID="59802745" UPDATEDATE="2024-09-09" STARTDATE="2024-09-09" ENDDATE="2079-06-06" ISACTUAL="1" ISACTIVE="1" /><HOUSE ID="126740045" OBJECTID="165121680" OBJECTGUID="fed5f0fc-3995-4f13-91bb-e9c61cba6c44" CHANGEID="600745528" HOUSENUM="1/9" HOUSETYPE="7" OPERTYPEID="10" PREVID="0" NEXTID="0" UPDATEDATE="2024-09-09" STARTDATE="2024-09-09" ENDDATE="2079-06-06" ISACTUAL="1" ISACTIVE="1" /><HOUSE ID="126740308" OBJECTID="165123706" OBJECTGUID="88697588-57b7-44b9-bbeb-7e8840ac8d27" CHANGEID="600748262" HOUSENUM="28г2/14" HOUSETYPE="5" OPERTYPEID="10" PREVID="0" NEXTID="0" UPDATEDATE="2024-09-09" STARTDATE="2024-09-09" ENDDATE="2079-06-06" ISACTUAL="1" ISACTIVE="1" /><HOUSE ID="126740309" OBJECTID="165123737" OBJECTGUID="54be6bc6-3478-4cd9-9327-24437344c6c7" CHANGEID="600748293" HOUSENUM="28г2/15" HOUSETYPE="5" OPERTYPEID="10" PREVID="0" NEXTID="0" UPDATEDATE="2024-09-09" STARTDATE="2024-09-09" ENDDATE="2079-06-06" ISACTUAL="1" ISACTIVE="1" /><HOUSE ID="126740338" OBJECTID="165123828" OBJECTGUID="85f56342-5a4d-4cf0-8ced-0235f0b91245" CHANGEID="600748525" HOUSENUM="185" HOUSETYPE="2" OPERTYPEID="10" PREVID="0" NEXTID="0" UPDATEDATE="2024-09-09" STARTDATE="2024-09-09" ENDDATE="2079-06-06" ISACTUAL="1" ISACTIVE="1" /><HOUSE ID="126740340" OBJECTID="165123831" OBJECTGUID="69f92fa2-7fa6-477a-8ccc-32ffdaff139f" CHANGEID="600748529" HOUSENUM="27" HOUSETYPE="2" OPERTYPEID="10" PREVID="0" NEXTID="0" UPDATEDATE="2024-09-09" STARTDATE="2024-09-09" ENDDATE="2079-06-06" ISACTUAL="1" ISACTIVE="1" /><HOUSE ID="126740451" OBJECTID="165123916" OBJECTGUID="7d1d4ce9-b061-4079-bf39-21f1ba7ca5bb" CHANGEID="600748790" HOUSENUM="2" HOUSETYPE="2" OPERTYPEID="10" PREVID="0" NEXTID="0" UPDATEDATE="2024-09-09" STARTDATE="2024-09-09" ENDDATE="2079-06-06" ISACTUAL="1" ISACTIVE="1" /><HOUSE ID="126740637" OBJECTID="165125498" OBJECTGUID="a0aac9e3-16f1-4bc9-ba00-11d4738b6a4e" CHANGEID="600750700" HOUSENUM="12г/11" HOUSETYPE="5" OPERTYPEID="10" PREVID="0" NEXTID="0" UPDATEDATE="2024-09-09" STARTDATE="2024-09-09" ENDDATE="2079-06-06" ISACTUAL="1" ISACTIVE="1" /><HOUSE ID="126740652" OBJECTID="165125602" OBJECTGUID="2fbef63e-e332-4637-826b-084069bc8e72" CHANGEID="600751017" HOUSENUM="1" HOUSETYPE="5" OPERTYPEID="10" PREVID="0" NEXTID="0" UPDATEDATE="2024-09-09" STARTDATE="2024-09-09" ENDDATE="2079-06-06" ISACTUAL="1" ISACTIVE="1" /><HOUSE ID="126740653" OBJECTID="165125604" OBJECTGUID="f75b94dc-70ae-4343-8321-0d854ebfe374" CHANGEID="600751019" HOUSENUM="1" HOUSETYPE="8" OPERTYPEID="10" PREVID="0" NEXTID="0" UPDATEDATE="2024-09-09" STARTDATE="2024-09-09" ENDDATE="2079-06-06" ISACTUAL="1" ISACTIVE="1" /><HOUSE ID="126740654" OBJECTID="165125606" OBJECTGUID="c1ac8f76-2ff1-44a2-bdab-e4bcb6c9cc67" CHANGEID="600751021" HOUSENUM="2" HOUSETYPE="8" OPERTYPEID="10" PREVID="0" NEXTID="0" UPDATEDATE="2024-09-09" STARTDATE="2024-09-09" ENDDATE="2079-06-06" ISACTUAL="1" ISACTIVE="1" /><HOUSE ID="126740655" OBJECTID="165125618" OBJECTGUID="c637c6e2-cb9b-436b-ba6f-33d0c91308d4" CHANGEID="600751036" HOUSENUM="12" HOUSETYPE="2" OPERTYPEID="10" PREVID="0" NEXTID="0" UPDATEDATE="2024-09-09" STARTDATE="2024-09-09" ENDDATE="2079-06-06" ISACTUAL="1" ISACTIVE="1" /><HOUSE ID="126740656" OBJECTID="165125624" OBJECTGUID="9c5e18bf-427b-4117-a69f-f7eeb1f82ca9" CHANGEID="600751045" HOUSENUM="34" HOUSETYPE="2" OPERTYPEID="10" PREVID="0" NEXTID="0" UPDATEDATE="2024-09-09" STARTDATE="2024-09-09" ENDDATE="2079-06-06" ISACTUAL="1" ISACTIVE="1" /><HOUSE ID="126740664" OBJECTID="165125678" OBJECTGUID="f781e5d9-46d3-414c-853d-cc310250f36e" CHANGEID="600751120" HOUSENUM="2" HOUSETYPE="2" OPERTYPEID="10" PREVID="0" NEXTID="0" UPDATEDATE="2024-09-09" STARTDATE="2024-09-09" ENDDATE="2079-06-06" ISACTUAL="1" ISACTIVE="1" /><HOUSE ID="126740665" OBJECTID="165125679" OBJECTGUID="3e47db14-36dd-4b80-8079-c8bf5247dc4b" CHANGEID="600751121" HOUSENUM="128" HOUSETYPE="2" OPERTYPEID="10" PREVID="0" NEXTID="0" UPDATEDATE="2024-09-09" STARTDATE="2024-09-09" ENDDATE="2079-06-06" ISACTUAL="1" ISACTIVE="1" /><HOUSE ID="126740668" OBJECTID="165125700" OBJECTGUID="aaacf5ed-4849-4e17-a125-b9331abbfc5e" CHANGEID="600751148" HOUSENUM="10" HOUSETYPE="2" OPERTYPEID="10" PREVID="0" NEXTID="0" UPDATEDATE="2024-09-09" STARTDATE="2024-09-09" ENDDATE="2079-06-06" ISACTUAL="1" ISACTIVE="1" /><HOUSE ID="126740967" OBJECTID="165126599" OBJECTGUID="389c442c-2128-4107-a73a-639d8ef1be54" CHANGEID="600753163" HOUSENUM="5" HOUSETYPE="2" OPERTYPEID="10" PREVID="0" NEXTID="0" UPDATEDATE="2024-09-09" STARTDATE="2024-09-09" ENDDATE="2079-06-06" ISACTUAL="1" ISACTIVE="1" /><HOUSE ID="126741162" OBJECTID="165127888" OBJECTGUID="202ac0de-7980-4860-995f-6d49d7771a72" CHANGEID="600755197" HOUSENUM="3б/22" HOUSETYPE="5" OPERTYPEID="10" PREVID="0" NEXTID="0" UPDATEDATE="2024-09-09" STARTDATE="2024-09-09" ENDDATE="2079-06-06" ISACTUAL="1" ISACTIVE="1" /><HOUSE ID="126741167" OBJECTID="165127900" OBJECTGUID="00b1ed49-9e69-4a75-be46-271e35743af9" CHANGEID="600755211" HOUSENUM="3в/51" HOUSETYPE="5" OPERTYPEID="10" PREVID="0" NEXTID="0" UPDATEDATE="2024-09-09" STARTDATE="2024-09-09" ENDDATE="2079-06-06" ISACTUAL="1" ISACTIVE="1" /><HOUSE ID="126741177" OBJECTID="165127917" OBJECTGUID="c4aab4f2-de84-4943-9580-0b5ebe9edad6" CHANGEID="600755232" HOUSENUM="38" HOUSETYPE="2" OPERTYPEID="10" PREVID="0" NEXTID="0" UPDATEDATE="2024-09-09" STARTDATE="2024-09-09" ENDDATE="2079-06-06" ISACTUAL="1" ISACTIVE="1" /><HOUSE ID="126741159" OBJECTID="165127882" OBJECTGUID="22ad6f40-840e-4b29-ae05-162ad1e6c887" CHANGEID="600755190" HOUSENUM="1/5" HOUSETYPE="5" OPERTYPEID="10" PREVID="0" NEXTID="0" UPDATEDATE="2024-09-09" STARTDATE="2024-09-09" ENDDATE="2079-06-06" ISACTUAL="1" ISACTIVE="1" /><HOUSE ID="126741321" OBJECTID="165129493" OBJECTGUID="bc5c8f51-2124-40d2-90c5-3210c9d3e62d" CHANGEID="600757092" HOUSENUM="1" HOUSETYPE="2" OPERTYPEID="10" PREVID="0" NEXTID="0" UPDATEDATE="2024-09-09" STARTDATE="2024-09-09" ENDDATE="2079-06-06" ISACTUAL="1" ISACTIVE="1" /><HOUSE ID="126741409" OBJECTID="54184487" OBJECTGUID="c147a7b6-6d07-49cd-9c2f-f072bef9d6d0" CHANGEID="600758375" HOUSENUM="7" HOUSETYPE="2" OPERTYPEID="30" PREVID="32374786" NEXTID="0" UPDATEDATE="2024-09-09" STARTDATE="2024-09-09" ENDDATE="2079-06-06" ISACTUAL="1" ISACTIVE="0" /><HOUSE ID="32374786" OBJECTID="54184487" OBJECTGUID="c147a7b6-6d07-49cd-9c2f-f072bef9d6d0" CHANGEID="81096532" HOUSENUM="7" HOUSETYPE="2" OPERTYPEID="10" PREVID="0" NEXTID="126741409" UPDATEDATE="2024-09-09" STARTDATE="2014-04-03" ENDDATE="2024-09-09" ISACTUAL="0" ISACTIVE="0" /><HOUSE ID="126741411" OBJECTID="5537037" OBJECTGUID="26a47e29-9912-4a3f-a866-fd1934fdfc9c" CHANGEID="600758377" HOUSENUM="42" HOUSETYPE="2" OPERTYPEID="30" PREVID="54118138" NEXTID="0" UPDATEDATE="2024-09-09" STARTDATE="2024-09-09" ENDDATE="2079-06-06" ISACTUAL="1" ISACTIVE="0" /><HOUSE ID="126741410" OBJECTID="5585804" OBJECTGUID="80ee99d5-ba46-41aa-931f-102ebf4eab70" CHANGEID="600758376" HOUSENUM="20" HOUSETYPE="2" OPERTYPEID="30" PREVID="60514309" NEXTID="0" UPDATEDATE="2024-09-09" STARTDATE="2024-09-09" ENDDATE="2079-06-06" ISACTUAL="1" ISACTIVE="0" /><HOUSE ID="54118138" OBJECTID="5537037" OBJECTGUID="26a47e29-9912-4a3f-a866-fd1934fdfc9c" CHANGEID="9991795" HOUSENUM="42" HOUSETYPE="2" OPERTYPEID="20" PREVID="2470783" NEXTID="126741411" UPDATEDATE="2024-09-09" STARTDATE="2014-04-03" ENDDATE="2024-09-09" ISACTUAL="0" ISACTIVE="0" /><HOUSE ID="126741846" OBJECTID="165131292" OBJECTGUID="bda31e5a-36fa-4789-a3d6-f38dc39b3b2d" CHANGEID="600760833" HOUSENUM="24г/47" HOUSETYPE="5" OPERTYPEID="10" PREVID="0" NEXTID="0" UPDATEDATE="2024-09-09" STARTDATE="2024-09-09" ENDDATE="2079-06-06" ISACTUAL="1" ISACTIVE="1" /><HOUSE ID="126742186" OBJECTID="84345491" OBJECTGUID="fbc6cb99-26ad-49b9-9797-8883b0200ca3" CHANGEID="600763336" HOUSENUM="8" HOUSETYPE="5" OPERTYPEID="20" PREVID="69214726" UPDATEDATE="2024-09-09" STARTDATE="2024-09-09" ENDDATE="2079-06-06" ISACTUAL="1" ISACTIVE="1" /><HOUSE ID="126742555" OBJECTID="1826878" OBJECTGUID="e526baaa-355b-4e2b-9030-766aeb196ad9" CHANGEID="600766597" HOUSENUM="1а" HOUSETYPE="2" OPERTYPEID="30" PREVID="67612756" NEXTID="0" UPDATEDATE="2024-09-09" STARTDATE="2024-09-09" ENDDATE="2079-06-06" ISACTUAL="1" ISACTIVE="0" /><HOUSE ID="67612756" OBJECTID="1826878" OBJECTGUID="e526baaa-355b-4e2b-9030-766aeb196ad9" CHANGEID="4595076" HOUSENUM="1а" HOUSETYPE="2" OPERTYPEID="20" PREVID="227391" NEXTID="126742555" UPDATEDATE="2024-09-09" STARTDATE="2015-11-16" ENDDATE="2024-09-09" ISACTUAL="0" ISACTIVE="0" /><HOUSE ID="126742557" OBJECTID="165135724" OBJECTGUID="4fb06bde-a38b-4f17-bad1-f3325a0f173b" CHANGEID="600766599" HOUSENUM="2" HOUSETYPE="2" OPERTYPEID="10" PREVID="0" NEXTID="0" UPDATEDATE="2024-09-09" STARTDATE="2024-09-09" ENDDATE="2079-06-06" ISACTUAL="1" ISACTIVE="1" /><HOUSE ID="126742556" OBJECTID="13384202" OBJECTGUID="fcfc2a29-1850-4d58-9b12-0c36360d0280" CHANGEID="600766598" HOUSENUM="17" HOUSETYPE="2" OPERTYPEID="30" PREVID="69299683" NEXTID="0" UPDATEDATE="2024-09-09" STARTDATE="2024-09-09" ENDDATE="2079-06-06" ISACTUAL="1" ISACTIVE="0" /><HOUSE ID="69299683" OBJECTID="13384202" OBJECTGUID="fcfc2a29-1850-4d58-9b12-0c36360d0280" CHANGEID="21486168" HOUSENUM="17" HOUSETYPE="2" OPERTYPEID="20" PREVID="7327766" NEXTID="126742556" UPDATEDATE="2024-09-09" STARTDATE="2015-11-16" ENDDATE="2024-09-09" ISACTUAL="0" ISACTIVE="0" /><HOUSE ID="126744335" OBJECTID="165139094" OBJECTGUID="9f2bd67a-38f3-4c53-a0be-f775a7f931a4" CHANGEID="600772636" HOUSENUM="42/2" HOUSETYPE="5" OPERTYPEID="10" PREVID="0" NEXTID="0" UPDATEDATE="2024-09-09" STARTDATE="2024-09-09" ENDDATE="2079-06-06" ISACTUAL="1" ISACTIVE="1" /><HOUSE ID="126744772" OBJECTID="165140501" OBJECTGUID="249f8925-4bfc-46d2-bbec-cccaa0ac51f1" CHANGEID="600775126" HOUSENUM="4" HOUSETYPE="5" OPERTYPEID="10" PREVID="0" NEXTID="0" UPDATEDATE="2024-09-09" STARTDATE="2024-09-09" ENDDATE="2079-06-06" ISACTUAL="1" ISACTIVE="1" /><HOUSE ID="126745209" OBJECTID="165141886" OBJECTGUID="86096090-a625-4995-b178-1f511b10b78f" CHANGEID="600777361" HOUSENUM="114" HOUSETYPE="2" OPERTYPEID="10" PREVID="0" NEXTID="0" UPDATEDATE="2024-09-09" STARTDATE="2024-09-09" ENDDATE="2079-06-06" ISACTUAL="1" ISACTIVE="1" /><HOUSE ID="126745694" OBJECTID="165143385" OBJECTGUID="3c429f60-7751-40b8-b0da-84b2f0ead667" CHANGEID="600780410" HOUSENUM="102" HOUSETYPE="2" OPERTYPEID="10" PREVID="0" NEXTID="0" UPDATEDATE="2024-09-09" STARTDATE="2024-09-09" ENDDATE="2079-06-06" ISACTUAL="1" ISACTIVE="1" /><HOUSE ID="126745808" OBJECTID="165143827" OBJECTGUID="c00a14d5-22ec-4888-a0ec-2009057a4e6c" CHANGEID="600781055" HOUSENUM="7" HOUSETYPE="2" OPERTYPEID="10" PREVID="0" NEXTID="0" UPDATEDATE="2024-09-09" STARTDATE="2024-09-09" ENDDATE="2079-06-06" ISACTUAL="1" ISACTIVE="1" /><HOUSE ID="126746843" OBJECTID="165148153" OBJECTGUID="38006f25-c33d-4f4b-8609-c74ea80dc98c" CHANGEID="600787689" HOUSENUM="1а" HOUSETYPE="5" OPERTYPEID="10" PREVID="0" NEXTID="0" UPDATEDATE="2024-09-09" STARTDATE="2024-09-09" ENDDATE="2079-06-06" ISACTUAL="1" ISACTIVE="1" /><HOUSE ID="126746844" OBJECTID="165148154" OBJECTGUID="789b57ee-5cd6-429d-9148-f8fdab1e2d11" CHANGEID="600787690" HOUSENUM="1б" HOUSETYPE="5" OPERTYPEID="10" PREVID="0" NEXTID="0" UPDATEDATE="2024-09-09" STARTDATE="2024-09-09" ENDDATE="2079-06-06" ISACTUAL="1" ISACTIVE="1" /><HOUSE ID="126747013" OBJECTID="165149327" OBJECTGUID="7d143816-b31a-4ba5-9ea5-f6f26c9f8e67" CHANGEID="600789369" HOUSENUM="10" HOUSETYPE="2" OPERTYPEID="10" PREVID="0" NEXTID="0" UPDATEDATE="2024-09-09" STARTDATE="2024-09-09" ENDDATE="2079-06-06" ISACTUAL="1" ISACTIVE="1" /><HOUSE ID="126747021" OBJECTID="165149338" OBJECTGUID="39b371ae-7d60-4895-a9a7-043390fefaea" CHANGEID="600789401" HOUSENUM="28" HOUSETYPE="2" OPERTYPEID="10" PREVID="0" NEXTID="0" UPDATEDATE="2024-09-09" STARTDATE="2024-09-09" ENDDATE="2079-06-06" ISACTUAL="1" ISACTIVE="1" /><HOUSE ID="126747099" OBJECTID="163909405" OBJECTGUID="4c8f20df-6478-4974-8c09-2123703b65ba" CHANGEID="600789843" HOUSENUM="13" HOUSETYPE="2" OPERTYPEID="20" PREVID="126336732" UPDATEDATE="2024-09-09" STARTDATE="2024-09-09" ENDDATE="2079-06-06" ISACTUAL="1" ISACTIVE="1" /><HOUSE ID="126747186" OBJECTID="165149865" OBJECTGUID="b4210f13-17ae-4606-8b28-202088de96d8" CHANGEID="600790243" HOUSENUM="5" HOUSETYPE="2" OPERTYPEID="10" PREVID="0" NEXTID="0" UPDATEDATE="2024-09-09" STARTDATE="2024-09-09" ENDDATE="2079-06-06" ISACTUAL="1" ISACTIVE="1" /><HOUSE ID="126747219" OBJECTID="20440919" OBJECTGUID="9f079069-2153-4698-abe4-1de7e28095c3" CHANGEID="600790378" HOUSENUM="9" HOUSETYPE="2" OPERTYPEID="60" PREVID="62648351" UPDATEDATE="2024-09-09" STARTDATE="2024-09-09" ENDDATE="2079-06-06" ISACTUAL="1" ISACTIVE="0" /><HOUSE ID="126747220" OBJECTID="165149917" OBJECTGUID="70dbdb81-890c-4f53-85c9-417978d31bba" CHANGEID="600790379" HOUSENUM="9/1" HOUSETYPE="2" OPERTYPEID="61" PREVID="126747219" NEXTID="0" UPDATEDATE="2024-09-09" STARTDATE="2024-09-09" ENDDATE="2079-06-06" ISACTUAL="1" ISACTIVE="1" /><HOUSE ID="126747221" OBJECTID="165149918" OBJECTGUID="97b7f99f-bb5d-4e0f-84be-4d7f486d5f8b" CHANGEID="600790380" HOUSENUM="9/2" HOUSETYPE="2" OPERTYPEID="61" PREVID="126747219" NEXTID="0" UPDATEDATE="2024-09-09" STARTDATE="2024-09-09" ENDDATE="2079-06-06" ISACTUAL="1" ISACTIVE="1" /><HOUSE ID="126747245" OBJECTID="165149955" OBJECTGUID="37ffec4c-2147-4fb2-9a8c-0432409137d3" CHANGEID="600790471" HOUSENUM="35" HOUSETYPE="2" OPERTYPEID="10" PREVID="0" NEXTID="0" UPDATEDATE="2024-09-09" STARTDATE="2024-09-09" ENDDATE="2079-06-06" ISACTUAL="1" ISACTIVE="1" /><HOUSE ID="126747272" OBJECTID="165150126" OBJECTGUID="5e592d2e-21b4-4d5c-8ef5-b19dd51f0535" CHANGEID="600790816" HOUSENUM="11" HOUSETYPE="2" OPERTYPEID="10" PREVID="0" NEXTID="0" UPDATEDATE="2024-09-09" STARTDATE="2024-09-09" ENDDATE="2079-06-06" ISACTUAL="1" ISACTIVE="1" /><HOUSE ID="126747398" OBJECTID="165150554" OBJECTGUID="3afc43e2-206c-4954-9d61-5c4f601fda50" CHANGEID="600791523" HOUSENUM="32" HOUSETYPE="2" OPERTYPEID="10" PREVID="0" NEXTID="0" UPDATEDATE="2024-09-09" STARTDATE="2024-09-09" ENDDATE="2079-06-06" ISACTUAL="1" ISACTIVE="1" /><HOUSE ID="126748598" OBJECTID="165158065" OBJECTGUID="01de3b1f-7b9a-440a-a867-b9554fbe688d" CHANGEID="600807972" HOUSENUM="113г/240" HOUSETYPE="5" OPERTYPEID="10" PREVID="0" NEXTID="0" UPDATEDATE="2024-09-10" STARTDATE="2024-09-10" ENDDATE="2079-06-06" ISACTUAL="1" ISACTIVE="1" /><HOUSE ID="126748890" OBJECTID="165159379" OBJECTGUID="f00d5dea-4854-4d7d-a9bd-8d4007b34513" CHANGEID="600810123" HOUSENUM="3г1/4" HOUSETYPE="5" OPERTYPEID="10" PREVID="0" NEXTID="0" UPDATEDATE="2024-09-10" STARTDATE="2024-09-10" ENDDATE="2079-06-06" ISACTUAL="1" ISACTIVE="1" /><HOUSE ID="126748889" OBJECTID="49314809" OBJECTGUID="3bffb42a-fbad-4364-a7de-e340083c78e9" CHANGEID="600810122" HOUSENUM="27" HOUSETYPE="2" OPERTYPEID="30" PREVID="55631857" NEXTID="0" UPDATEDATE="2024-09-10" STARTDATE="2024-09-10" ENDDATE="2079-06-06" ISACTUAL="1" ISACTIVE="0" /><HOUSE ID="126748891" OBJECTID="49396768" OBJECTGUID="416a4cb7-f714-45a4-b540-4dcc38eda5bb" CHANGEID="600810124" HOUSENUM="17" HOUSETYPE="2" OPERTYPEID="30" PREVID="56014478" NEXTID="0" UPDATEDATE="2024-09-10" STARTDATE="2024-09-10" ENDDATE="2079-06-06" ISACTUAL="1" ISACTIVE="0" /><HOUSE ID="56014478" OBJECTID="49396768" OBJECTGUID="416a4cb7-f714-45a4-b540-4dcc38eda5bb" CHANGEID="74198815" HOUSENUM="17" HOUSETYPE="2" OPERTYPEID="20" PREVID="29547465" NEXTID="126748891" UPDATEDATE="2024-09-10" STARTDATE="2014-01-04" ENDDATE="2024-09-10" ISACTUAL="0" ISACTIVE="0" /><HOUSE ID="126748892" OBJECTID="165159381" OBJECTGUID="d5188726-7e2c-4ee0-acf3-5d253b96f5ed" CHANGEID="600810126" HOUSENUM="2г/5" HOUSETYPE="5" OPERTYPEID="10" PREVID="0" NEXTID="0" UPDATEDATE="2024-09-10" STARTDATE="2024-09-10" ENDDATE="2079-06-06" ISACTUAL="1" ISACTIVE="1" /><HOUSE ID="126749345" OBJECTID="164773912" OBJECTGUID="cadfc383-1819-4404-9733-50f21793e710" CHANGEID="600812169" HOUSENUM="105г1/9" HOUSETYPE="5" OPERTYPEID="20" PREVID="126645551" UPDATEDATE="2024-09-10" STARTDATE="2024-09-10" ENDDATE="2079-06-06" ISACTUAL="1" ISACTIVE="1" /><HOUSE ID="126750064" OBJECTID="165163358" OBJECTGUID="2c72298b-0f08-4f1e-8d7c-3891beac60a6" CHANGEID="600816308" HOUSENUM="1" HOUSETYPE="8" OPERTYPEID="10" PREVID="0" NEXTID="0" UPDATEDATE="2024-09-10" STARTDATE="2024-09-10" ENDDATE="2079-06-06" ISACTUAL="1" ISACTIVE="1" /><HOUSE ID="126750164" OBJECTID="165163934" OBJECTGUID="d1523718-fc1e-4529-aa80-bb5ead070a81" CHANGEID="600817515" HOUSENUM="113г/333" HOUSETYPE="5" OPERTYPEID="10" PREVID="0" NEXTID="0" UPDATEDATE="2024-09-10" STARTDATE="2024-09-10" ENDDATE="2079-06-06" ISACTUAL="1" ISACTIVE="1" /><HOUSE ID="126750341" OBJECTID="165165146" OBJECTGUID="ca6786f6-c1a0-480f-9569-c13cf869c3db" CHANGEID="600819441" HOUSENUM="1/1" HOUSETYPE="8" OPERTYPEID="10" PREVID="0" NEXTID="0" UPDATEDATE="2024-09-10" STARTDATE="2024-09-10" ENDDATE="2079-06-06" ISACTUAL="1" ISACTIVE="1" /><HOUSE ID="126750344" OBJECTID="165165171" OBJECTGUID="c76cd78d-2756-4b01-8252-385a3eb02871" CHANGEID="600819470" HOUSENUM="1г1/24" HOUSETYPE="5" OPERTYPEID="10" PREVID="0" NEXTID="0" UPDATEDATE="2024-09-10" STARTDATE="2024-09-10" ENDDATE="2079-06-06" ISACTUAL="1" ISACTIVE="1" /><HOUSE ID="126750345" OBJECTID="165165175" OBJECTGUID="13f5f30d-33e3-4aac-9dfc-8e3ff0dafc41" CHANGEID="600819474" HOUSENUM="3г/10" HOUSETYPE="5" OPERTYPEID="10" PREVID="0" NEXTID="0" UPDATEDATE="2024-09-10" STARTDATE="2024-09-10" ENDDATE="2079-06-06" ISACTUAL="1" ISACTIVE="1" /><HOUSE ID="126751860" OBJECTID="165172118" OBJECTGUID="4f101054-9c7f-4947-871c-2a3da342cd84" CHANGEID="600829842" HOUSENUM="113г/48" HOUSETYPE="5" OPERTYPEID="10" PREVID="0" NEXTID="0" UPDATEDATE="2024-09-10" STARTDATE="2024-09-10" ENDDATE="2079-06-06" ISACTUAL="1" ISACTIVE="1" /><HOUSE ID="126751864" OBJECTID="165172124" OBJECTGUID="3659f5b6-908d-482a-9c60-0fbc1b5ff82e" CHANGEID="600829853" HOUSENUM="4б" HOUSETYPE="2" OPERTYPEID="10" PREVID="0" NEXTID="0" UPDATEDATE="2024-09-10" STARTDATE="2024-09-10" ENDDATE="2079-06-06" ISACTUAL="1" ISACTIVE="1" /><HOUSE ID="126752553" OBJECTID="165174067" OBJECTGUID="a3db6fcb-24d2-4369-a285-077a0631629e" CHANGEID="600833342" HOUSENUM="56" HOUSETYPE="2" OPERTYPEID="10" PREVID="0" NEXTID="0" UPDATEDATE="2024-09-10" STARTDATE="2024-09-10" ENDDATE="2079-06-06" ISACTUAL="1" ISACTIVE="1" /><HOUSE ID="126752555" OBJECTID="165174108" OBJECTGUID="adcc65df-31df-4189-abf6-7acce2e69945" CHANGEID="600833387" HOUSENUM="22г/16" HOUSETYPE="5" OPERTYPEID="10" PREVID="0" NEXTID="0" UPDATEDATE="2024-09-10" STARTDATE="2024-09-10" ENDDATE="2079-06-06" ISACTUAL="1" ISACTIVE="1" /><HOUSE ID="126752558" OBJECTID="165174114" OBJECTGUID="eabc6b2e-b43d-4457-9aa4-bccbc4c68008" CHANGEID="600833393" HOUSENUM="5г/3" HOUSETYPE="5" OPERTYPEID="10" PREVID="0" NEXTID="0" UPDATEDATE="2024-09-10" STARTDATE="2024-09-10" ENDDATE="2079-06-06" ISACTUAL="1" ISACTIVE="1" /><HOUSE ID="126752628" OBJECTID="22898618" OBJECTGUID="39df4e51-5281-4193-9612-e7ab07e20c6a" CHANGEID="600834080" HOUSENUM="11" HOUSETYPE="2" OPERTYPEID="30" PREVID="13507221" NEXTID="0" UPDATEDATE="2024-09-10" STARTDATE="2024-09-10" ENDDATE="2079-06-06" ISACTUAL="1" ISACTIVE="0" /><HOUSE ID="13507221" OBJECTID="22898618" OBJECTGUID="39df4e51-5281-4193-9612-e7ab07e20c6a" CHANGEID="35640259" HOUSENUM="11" HOUSETYPE="2" OPERTYPEID="10" PREVID="0" NEXTID="126752628" UPDATEDATE="2024-09-10" STARTDATE="2018-06-15" ENDDATE="2024-09-10" ISACTUAL="0" ISACTIVE="0" /><HOUSE ID="126752629" OBJECTID="22898403" OBJECTGUID="67cdf460-bbec-43d7-94a4-ae650f3fd736" CHANGEID="600834081" HOUSENUM="7" HOUSETYPE="2" OPERTYPEID="30" PREVID="13506998" NEXTID="0" UPDATEDATE="2024-09-10" STARTDATE="2024-09-10" ENDDATE="2079-06-06" ISACTUAL="1" ISACTIVE="0" /><HOUSE ID="13506998" OBJECTID="22898403" OBJECTGUID="67cdf460-bbec-43d7-94a4-ae650f3fd736" CHANGEID="35639927" HOUSENUM="7" HOUSETYPE="2" OPERTYPEID="10" PREVID="0" NEXTID="126752629" UPDATEDATE="2024-09-10" STARTDATE="2018-06-15" ENDDATE="2024-09-10" ISACTUAL="0" ISACTIVE="0" /><HOUSE ID="126752630" OBJECTID="22897603" OBJECTGUID="ffde5e73-91aa-4e31-ab12-54e5615534a9" CHANGEID="600834082" HOUSENUM="6" HOUSETYPE="2" OPERTYPEID="30" PREVID="13506485" NEXTID="0" UPDATEDATE="2024-09-10" STARTDATE="2024-09-10" ENDDATE="2079-06-06" ISACTUAL="1" ISACTIVE="0" /><HOUSE ID="13506485" OBJECTID="22897603" OBJECTGUID="ffde5e73-91aa-4e31-ab12-54e5615534a9" CHANGEID="35638732" HOUSENUM="6" HOUSETYPE="2" OPERTYPEID="10" PREVID="0" NEXTID="126752630" UPDATEDATE="2024-09-10" STARTDATE="2018-06-15" ENDDATE="2024-09-10" ISACTUAL="0" ISACTIVE="0" /><HOUSE ID="126752631" OBJECTID="22897343" OBJECTGUID="a3b12f02-ced4-4ddf-8c6b-3a5ba0015ce2" CHANGEID="600834083" HOUSENUM="4" HOUSETYPE="2" OPERTYPEID="30" PREVID="13506335" NEXTID="0" UPDATEDATE="2024-09-10" STARTDATE="2024-09-10" ENDDATE="2079-06-06" ISACTUAL="1" ISACTIVE="0" /><HOUSE ID="13506335" OBJECTID="22897343" OBJECTGUID="a3b12f02-ced4-4ddf-8c6b-3a5ba0015ce2" CHANGEID="35638368" HOUSENUM="4" HOUSETYPE="2" OPERTYPEID="10" PREVID="0" NEXTID="126752631" UPDATEDATE="2024-09-10" STARTDATE="2018-06-15" ENDDATE="2024-09-10" ISACTUAL="0" ISACTIVE="0" /><HOUSE ID="126752632" OBJECTID="22896986" OBJECTGUID="5fd1d18d-47b1-4b77-b969-1e0a0f495d3a" CHANGEID="600834084" HOUSENUM="5" HOUSETYPE="2" OPERTYPEID="30" PREVID="13506062" NEXTID="0" UPDATEDATE="2024-09-10" STARTDATE="2024-09-10" ENDDATE="2079-06-06" ISACTUAL="1" ISACTIVE="0" /><HOUSE ID="13506062" OBJECTID="22896986" OBJECTGUID="5fd1d18d-47b1-4b77-b969-1e0a0f495d3a" CHANGEID="35637840" HOUSENUM="5" HOUSETYPE="2" OPERTYPEID="10" PREVID="0" NEXTID="126752632" UPDATEDATE="2024-09-10" STARTDATE="2018-06-15" ENDDATE="2024-09-10" ISACTUAL="0" ISACTIVE="0" /><HOUSE ID="126752633" OBJECTID="22896476" OBJECTGUID="22ba9cc4-76ef-43e7-a135-009770f724d1" CHANGEID="600834085" HOUSENUM="9" HOUSETYPE="2" OPERTYPEID="30" PREVID="13505782" NEXTID="0" UPDATEDATE="2024-09-10" STARTDATE="2024-09-10" ENDDATE="2079-06-06" ISACTUAL="1" ISACTIVE="0" /><HOUSE ID="13505782" OBJECTID="22896476" OBJECTGUID="22ba9cc4-76ef-43e7-a135-009770f724d1" CHANGEID="35637167" HOUSENUM="9" HOUSETYPE="2" OPERTYPEID="10" PREVID="0" NEXTID="126752633" UPDATEDATE="2024-09-10" STARTDATE="2018-06-15" ENDDATE="2024-09-10" ISACTUAL="0" ISACTIVE="0" /><HOUSE ID="126753252" OBJECTID="165177952" OBJECTGUID="ebd9feb1-cf5c-49a8-b0d5-4190e65d1909" CHANGEID="600838769" HOUSENUM="39" HOUSETYPE="2" OPERTYPEID="10" PREVID="0" NEXTID="0" UPDATEDATE="2024-09-10" STARTDATE="2024-09-10" ENDDATE="2079-06-06" ISACTUAL="1" ISACTIVE="1" /><HOUSE ID="126753475" OBJECTID="165178884" OBJECTGUID="2a09b3e4-5cb2-4447-b030-409b8fedc12d" CHANGEID="600840197" HOUSENUM="61" HOUSETYPE="2" OPERTYPEID="10" PREVID="0" NEXTID="0" UPDATEDATE="2024-09-10" STARTDATE="2024-09-10" ENDDATE="2079-06-06" ISACTUAL="1" ISACTIVE="1" /><HOUSE ID="126753584" OBJECTID="165179093" OBJECTGUID="22204d27-332c-46a6-8783-a82e33204686" CHANGEID="600840734" HOUSENUM="57а" HOUSETYPE="7" OPERTYPEID="10" PREVID="0" NEXTID="0" UPDATEDATE="2024-09-10" STARTDATE="2024-09-10" ENDDATE="2079-06-06" ISACTUAL="1" ISACTIVE="1" /><HOUSE ID="126753743" OBJECTID="165179662" OBJECTGUID="6965c7cf-fdb1-4ee2-bfc1-c2136bd01d48" CHANGEID="600841936" HOUSENUM="585" HOUSETYPE="5" OPERTYPEID="10" PREVID="0" NEXTID="0" UPDATEDATE="2024-09-10" STARTDATE="2024-09-10" ENDDATE="2079-06-06" ISACTUAL="1" ISACTIVE="1" /><HOUSE ID="126753746" OBJECTID="165179671" OBJECTGUID="8a6c0f46-b4a2-4877-8621-05e6cdabab42" CHANGEID="600841961" HOUSENUM="187" HOUSETYPE="5" OPERTYPEID="10" PREVID="0" NEXTID="0" UPDATEDATE="2024-09-10" STARTDATE="2024-09-10" ENDDATE="2079-06-06" ISACTUAL="1" ISACTIVE="1" /><HOUSE ID="126754014" OBJECTID="11025233" OBJECTGUID="f7f3d8c4-78fa-4251-beea-5ae342d10747" CHANGEID="600843929" HOUSENUM="1" HOUSETYPE="2" OPERTYPEID="30" PREVID="68943313" NEXTID="0" UPDATEDATE="2024-09-10" STARTDATE="2024-09-10" ENDDATE="2079-06-06" ISACTUAL="1" ISACTIVE="0" /><HOUSE ID="126754039" OBJECTID="11026201" OBJECTGUID="5d692d8a-43c7-4cd4-988e-7c047eed8f5e" CHANGEID="600844054" HOUSENUM="2" HOUSETYPE="2" OPERTYPEID="30" PREVID="57997094" NEXTID="0" UPDATEDATE="2024-09-10" STARTDATE="2024-09-10" ENDDATE="2079-06-06" ISACTUAL="1" ISACTIVE="0" /><HOUSE ID="57997094" OBJECTID="11026201" OBJECTGUID="5d692d8a-43c7-4cd4-988e-7c047eed8f5e" CHANGEID="18004688" HOUSENUM="2" HOUSETYPE="2" OPERTYPEID="20" PREVID="5848191" NEXTID="126754039" UPDATEDATE="2024-09-10" STARTDATE="2014-01-04" ENDDATE="2024-09-10" ISACTUAL="0" ISACTIVE="0" /><HOUSE ID="126754049" OBJECTID="11026802" OBJECTGUID="d4d836f2-7482-4a77-ab00-8c7ef724b6b2" CHANGEID="600844094" HOUSENUM="3" HOUSETYPE="2" OPERTYPEID="30" PREVID="66458930" NEXTID="0" UPDATEDATE="2024-09-10" STARTDATE="2024-09-10" ENDDATE="2079-06-06" ISACTUAL="1" ISACTIVE="0" /><HOUSE ID="66458930" OBJECTID="11026802" OBJECTGUID="d4d836f2-7482-4a77-ab00-8c7ef724b6b2" CHANGEID="18006813" HOUSENUM="3" HOUSETYPE="2" OPERTYPEID="20" PREVID="5848626" NEXTID="126754049" UPDATEDATE="2024-09-10" STARTDATE="2014-01-04" ENDDATE="2024-09-10" ISACTUAL="0" ISACTIVE="0" /><HOUSE ID="126754201" OBJECTID="11028060" OBJECTGUID="a7795bb2-7d8f-4434-b8ee-90a8b44b933f" CHANGEID="600844908" HOUSENUM="4" HOUSETYPE="2" OPERTYPEID="30" PREVID="63246427" NEXTID="0" UPDATEDATE="2024-09-10" STARTDATE="2024-09-10" ENDDATE="2079-06-06" ISACTUAL="1" ISACTIVE="0" /><HOUSE ID="63246427" OBJECTID="11028060" OBJECTGUID="a7795bb2-7d8f-4434-b8ee-90a8b44b933f" CHANGEID="18008438" HOUSENUM="4" HOUSETYPE="2" OPERTYPEID="20" PREVID="5849372" NEXTID="126754201" UPDATEDATE="2024-09-10" STARTDATE="2014-01-04" ENDDATE="2024-09-10" ISACTUAL="0" ISACTIVE="0" /><HOUSE ID="126754256" OBJECTID="76068117" OBJECTGUID="bcd3dcf2-f2c3-4b44-a250-9cce535a36a0" CHANGEID="600845343" HOUSENUM="7" HOUSETYPE="2" OPERTYPEID="30" PREVID="64758152" NEXTID="0" UPDATEDATE="2024-09-10" STARTDATE="2024-09-10" ENDDATE="2079-06-06" ISACTUAL="1" ISACTIVE="0" /><HOUSE ID="126754260" OBJECTID="76065740" OBJECTGUID="5eda4029-ba4f-4fbf-ac8a-5afddb5aeee0" CHANGEID="600845374" HOUSENUM="15" HOUSETYPE="2" OPERTYPEID="30" PREVID="58100184" NEXTID="0" UPDATEDATE="2024-09-10" STARTDATE="2024-09-10" ENDDATE="2079-06-06" ISACTUAL="1" ISACTIVE="0" /><HOUSE ID="126754207" OBJECTID="71307989" OBJECTGUID="7c51392a-0731-4694-b0fb-db7ca6f6f9fe" CHANGEID="600844965" HOUSENUM="1" HOUSETYPE="2" OPERTYPEID="30" PREVID="60188766" NEXTID="0" UPDATEDATE="2024-09-10" STARTDATE="2024-09-10" ENDDATE="2079-06-06" ISACTUAL="1" ISACTIVE="0" /><HOUSE ID="126754294" OBJECTID="20225309" OBJECTGUID="68d6d3ee-a4ad-471f-a045-9bea3fdbd4ee" CHANGEID="600845711" HOUSENUM="4" HOUSETYPE="2" OPERTYPEID="30" PREVID="58808777" NEXTID="0" UPDATEDATE="2024-09-10" STARTDATE="2024-09-10" ENDDATE="2079-06-06" ISACTUAL="1" ISACTIVE="0" /><HOUSE ID="126754299" OBJECTID="82328504" OBJECTGUID="6050c629-dd41-4ce2-8153-e4ef8ec5aaa9" CHANGEID="600845727" HOUSENUM="2" HOUSETYPE="2" OPERTYPEID="30" PREVID="58203518" NEXTID="0" UPDATEDATE="2024-09-10" STARTDATE="2024-09-10" ENDDATE="2079-06-06" ISACTUAL="1" ISACTIVE="0" /><HOUSE ID="58203518" OBJECTID="82328504" OBJECTGUID="6050c629-dd41-4ce2-8153-e4ef8ec5aaa9" CHANGEID="122326801" HOUSENUM="2" HOUSETYPE="2" OPERTYPEID="20" PREVID="49831291" NEXTID="126754299" UPDATEDATE="2024-09-10" STARTDATE="2014-01-04" ENDDATE="2024-09-10" ISACTUAL="0" ISACTIVE="0" /><HOUSE ID="126754277" OBJECTID="76075824" OBJECTGUID="bd2135e6-843f-4ab9-aa14-d4c0a2f3c769" CHANGEID="600845559" HOUSENUM="17" HOUSETYPE="2" OPERTYPEID="30" PREVID="64779092" NEXTID="0" UPDATEDATE="2024-09-10" STARTDATE="2024-09-10" ENDDATE="2079-06-06" ISACTUAL="1" ISACTIVE="0" /><HOUSE ID="64779092" OBJECTID="76075824" OBJECTGUID="bd2135e6-843f-4ab9-aa14-d4c0a2f3c769" CHANGEID="113160251" HOUSENUM="17" HOUSETYPE="2" OPERTYPEID="20" PREVID="45942651" NEXTID="126754277" UPDATEDATE="2024-09-10" STARTDATE="2014-01-04" ENDDATE="2024-09-10" ISACTUAL="0" ISACTIVE="0" /><HOUSE ID="126754287" OBJECTID="71306350" OBJECTGUID="12cc17c7-5bfc-4d70-98bd-6d13a5aaca82" CHANGEID="600845602" HOUSENUM="3" HOUSETYPE="2" OPERTYPEID="30" PREVID="52712278" NEXTID="0" UPDATEDATE="2024-09-10" STARTDATE="2024-09-10" ENDDATE="2079-06-06" ISACTUAL="1" ISACTIVE="0" /><HOUSE ID="126754360" OBJECTID="76068665" OBJECTGUID="5afd2cb4-f19f-498b-8732-a806f8dec3f7" CHANGEID="600845992" HOUSENUM="4" HOUSETYPE="2" OPERTYPEID="30" PREVID="57826742" NEXTID="0" UPDATEDATE="2024-09-10" STARTDATE="2024-09-10" ENDDATE="2079-06-06" ISACTUAL="1" ISACTIVE="0" /><HOUSE ID="126754381" OBJECTID="76076584" OBJECTGUID="8289aa85-03b1-48f7-910e-f2444a712932" CHANGEID="600846597" HOUSENUM="5" HOUSETYPE="2" OPERTYPEID="30" PREVID="60628168" NEXTID="0" UPDATEDATE="2024-09-10" STARTDATE="2024-09-10" ENDDATE="2079-06-06" ISACTUAL="1" ISACTIVE="0" /><HOUSE ID="126754411" OBJECTID="76069924" OBJECTGUID="54914530-38dc-4585-94b0-b69f385c12a4" CHANGEID="600846801" HOUSENUM="11" HOUSETYPE="2" OPERTYPEID="30" PREVID="57371482" NEXTID="0" UPDATEDATE="2024-09-10" STARTDATE="2024-09-10" ENDDATE="2079-06-06" ISACTUAL="1" ISACTIVE="0" /><HOUSE ID="57371482" OBJECTID="76069924" OBJECTGUID="54914530-38dc-4585-94b0-b69f385c12a4" CHANGEID="113154807" HOUSENUM="11" HOUSETYPE="2" OPERTYPEID="20" PREVID="45939391" NEXTID="126754411" UPDATEDATE="2024-09-10" STARTDATE="2014-01-04" ENDDATE="2024-09-10" ISACTUAL="0" ISACTIVE="0" /><HOUSE ID="126755379" OBJECTID="165188565" OBJECTGUID="e5e95bb2-57c6-4fc7-963a-d5ee3de34dac" CHANGEID="600880484" HOUSENUM="7" HOUSETYPE="2" OPERTYPEID="10" PREVID="0" NEXTID="0" UPDATEDATE="2024-09-11" STARTDATE="2024-09-11" ENDDATE="2079-06-06" ISACTUAL="1" ISACTIVE="1" /><HOUSE ID="126755603" OBJECTID="165189359" OBJECTGUID="ba56dc8c-1df4-482f-8841-0cd39ca291d3" CHANGEID="600881869" HOUSENUM="7А" HOUSETYPE="2" OPERTYPEID="10" PREVID="0" NEXTID="0" UPDATEDATE="2024-09-11" STARTDATE="2024-09-11" ENDDATE="2079-06-06" ISACTUAL="1" ISACTIVE="1" /><HOUSE ID="126755602" OBJECTID="165189346" OBJECTGUID="1d4252dc-f3c1-4cfa-9b1d-676fe79fd784" CHANGEID="600881856" HOUSENUM="39" HOUSETYPE="2" OPERTYPEID="10" PREVID="0" NEXTID="0" UPDATEDATE="2024-09-11" STARTDATE="2024-09-11" ENDDATE="2079-06-06" ISACTUAL="1" ISACTIVE="1" /><HOUSE ID="126755607" OBJECTID="165189384" OBJECTGUID="b291406d-4bd8-4f1e-9a26-00329f8b9790" CHANGEID="600881912" HOUSENUM="7А" HOUSETYPE="2" OPERTYPEID="10" PREVID="0" NEXTID="0" UPDATEDATE="2024-09-11" STARTDATE="2024-09-11" ENDDATE="2079-06-06" ISACTUAL="1" ISACTIVE="1" /><HOUSE ID="126755604" OBJECTID="165189377" OBJECTGUID="beae2396-52f8-4062-a99e-76a7e447caf0" CHANGEID="600881888" HOUSENUM="4" HOUSETYPE="2" OPERTYPEID="10" PREVID="0" NEXTID="0" UPDATEDATE="2024-09-11" STARTDATE="2024-09-11" ENDDATE="2079-06-06" ISACTUAL="1" ISACTIVE="1" /><HOUSE ID="126755608" OBJECTID="165189386" OBJECTGUID="a6c99c9d-3286-4211-8a3a-48013301b02d" CHANGEID="600881916" HOUSENUM="25" HOUSETYPE="2" OPERTYPEID="10" PREVID="0" NEXTID="0" UPDATEDATE="2024-09-11" STARTDATE="2024-09-11" ENDDATE="2079-06-06" ISACTUAL="1" ISACTIVE="1" /><HOUSE ID="126755889" OBJECTID="26808064" OBJECTGUID="9810e5aa-bd9b-4877-b546-833c4d5f136f" CHANGEID="600883660" HOUSENUM="3" HOUSETYPE="2" OPERTYPEID="60" PREVID="62154803" UPDATEDATE="2024-09-11" STARTDATE="2024-09-11" ENDDATE="2079-06-06" ISACTUAL="1" ISACTIVE="0" /><HOUSE ID="62154803" OBJECTID="26808064" OBJECTGUID="9810e5aa-bd9b-4877-b546-833c4d5f136f" CHANGEID="41371494" HOUSENUM="3" HOUSETYPE="2" OPERTYPEID="20" PREVID="15916941" NEXTID="126755889" UPDATEDATE="2024-09-11" STARTDATE="2014-03-04" ENDDATE="2024-09-11" ISACTUAL="0" ISACTIVE="0" /><HOUSE ID="126755890" OBJECTID="165190559" OBJECTGUID="07a37aed-f6e3-40e5-82a8-5bcb8700b864" CHANGEID="600883661" HOUSENUM="3/1" HOUSETYPE="2" OPERTYPEID="61" PREVID="126755889" NEXTID="0" UPDATEDATE="2024-09-11" STARTDATE="2024-09-11" ENDDATE="2079-06-06" ISACTUAL="1" ISACTIVE="1" /><HOUSE ID="126755891" OBJECTID="165190560" OBJECTGUID="cb75d877-3801-43a9-80fc-1fbcbc732f3b" CHANGEID="600883662" HOUSENUM="3/2" HOUSETYPE="2" OPERTYPEID="61" PREVID="126755889" NEXTID="0" UPDATEDATE="2024-09-11" STARTDATE="2024-09-11" ENDDATE="2079-06-06" ISACTUAL="1" ISACTIVE="1" /><HOUSE ID="126755985" OBJECTID="165190854" OBJECTGUID="044c6097-e961-4b44-8376-453f8838cb67" CHANGEID="600884215" HOUSENUM="47" HOUSETYPE="2" OPERTYPEID="10" PREVID="0" NEXTID="0" UPDATEDATE="2024-09-11" STARTDATE="2024-09-11" ENDDATE="2079-06-06" ISACTUAL="1" ISACTIVE="1" /><HOUSE ID="126755986" OBJECTID="165190857" OBJECTGUID="ee58ae1c-fe82-4038-9e16-1a24f0a26648" CHANGEID="600884249" HOUSENUM="106" HOUSETYPE="2" OPERTYPEID="10" PREVID="0" NEXTID="0" UPDATEDATE="2024-09-11" STARTDATE="2024-09-11" ENDDATE="2079-06-06" ISACTUAL="1" ISACTIVE="1" /><HOUSE ID="126756267" OBJECTID="165192822" OBJECTGUID="9b5f1e3d-3c95-412c-a83d-cea73c92cfac" CHANGEID="600886762" HOUSENUM="1/1" HOUSETYPE="8" OPERTYPEID="10" PREVID="0" NEXTID="0" UPDATEDATE="2024-09-11" STARTDATE="2024-09-11" ENDDATE="2079-06-06" ISACTUAL="1" ISACTIVE="1" /><HOUSE ID="126756505" OBJECTID="41743580" OBJECTGUID="83a5c1ad-deaa-4b16-9922-aa8ebc35b2ab" CHANGEID="600887173" HOUSENUM="9" HOUSETYPE="2" OPERTYPEID="30" PREVID="60707093" NEXTID="0" UPDATEDATE="2024-09-11" STARTDATE="2024-09-11" ENDDATE="2079-06-06" ISACTUAL="1" ISACTIVE="0" /><HOUSE ID="60707093" OBJECTID="41743580" OBJECTGUID="83a5c1ad-deaa-4b16-9922-aa8ebc35b2ab" CHANGEID="63112292" HOUSENUM="9" HOUSETYPE="2" OPERTYPEID="20" PREVID="24953101" NEXTID="126756505" UPDATEDATE="2024-09-11" STARTDATE="2015-02-03" ENDDATE="2024-09-11" ISACTUAL="0" ISACTIVE="0" /><HOUSE ID="126756506" OBJECTID="17712772" OBJECTGUID="a6244cad-7495-4f36-882c-a094afb725cc" CHANGEID="600887175" HOUSENUM="3" HOUSETYPE="2" OPERTYPEID="30" PREVID="63151924" NEXTID="0" UPDATEDATE="2024-09-11" STARTDATE="2024-09-11" ENDDATE="2079-06-06" ISACTUAL="1" ISACTIVE="0" /><HOUSE ID="63151924" OBJECTID="17712772" OBJECTGUID="a6244cad-7495-4f36-882c-a094afb725cc" CHANGEID="27952775" HOUSENUM="3" HOUSETYPE="2" OPERTYPEID="20" PREVID="10176095" NEXTID="126756506" UPDATEDATE="2024-09-11" STARTDATE="2015-02-03" ENDDATE="2024-09-11" ISACTUAL="0" ISACTIVE="0" /><HOUSE ID="126756610" OBJECTID="165193055" OBJECTGUID="7fddb96b-6c80-4a1c-a8b3-187a3da59418" CHANGEID="600887454" HOUSENUM="12" HOUSETYPE="2" OPERTYPEID="10" PREVID="0" NEXTID="0" UPDATEDATE="2024-09-11" STARTDATE="2024-09-11" ENDDATE="2079-06-06" ISACTUAL="1" ISACTIVE="1" /><HOUSE ID="126756612" OBJECTID="165193082" OBJECTGUID="82f0eebd-6549-4334-a32f-7975b1c89cb6" CHANGEID="600887595" HOUSENUM="2а" HOUSETYPE="2" OPERTYPEID="10" PREVID="0" NEXTID="0" UPDATEDATE="2024-09-11" STARTDATE="2024-09-11" ENDDATE="2079-06-06" ISACTUAL="1" ISACTIVE="1" /><HOUSE ID="126756614" OBJECTID="165193112" OBJECTGUID="98d86293-2fb3-4085-9067-2068bba4c52f" CHANGEID="600887626" HOUSENUM="61" HOUSETYPE="2" OPERTYPEID="10" PREVID="0" NEXTID="0" UPDATEDATE="2024-09-11" STARTDATE="2024-09-11" ENDDATE="2079-06-06" ISACTUAL="1" ISACTIVE="1" /><HOUSE ID="126756615" OBJECTID="165193117" OBJECTGUID="91ee660a-e4b4-47ca-add0-786e4befda7d" CHANGEID="600887656" HOUSENUM="9а" HOUSETYPE="2" OPERTYPEID="10" PREVID="0" NEXTID="0" UPDATEDATE="2024-09-11" STARTDATE="2024-09-11" ENDDATE="2079-06-06" ISACTUAL="1" ISACTIVE="1" /><HOUSE ID="126756616" OBJECTID="165193118" OBJECTGUID="f2bf90d0-4ff1-424a-8bbf-3b4347cf5f67" CHANGEID="600887657" HOUSENUM="9а/1" HOUSETYPE="2" OPERTYPEID="10" PREVID="0" NEXTID="0" UPDATEDATE="2024-09-11" STARTDATE="2024-09-11" ENDDATE="2079-06-06" ISACTUAL="1" ISACTIVE="1" /><HOUSE ID="126757915" OBJECTID="165201297" OBJECTGUID="56e69152-70ba-49cc-86ae-a52a20b5fa01" CHANGEID="600898753" HOUSENUM="2б" HOUSETYPE="5" OPERTYPEID="10" PREVID="0" NEXTID="0" UPDATEDATE="2024-09-11" STARTDATE="2024-09-11" ENDDATE="2079-06-06" ISACTUAL="1" ISACTIVE="1" /><HOUSE ID="126757918" OBJECTID="165201317" OBJECTGUID="657786b5-61fe-4970-b4e6-9f6f13bdc5c5" CHANGEID="600898786" HOUSENUM="8" HOUSETYPE="2" OPERTYPEID="10" PREVID="0" NEXTID="0" UPDATEDATE="2024-09-11" STARTDATE="2024-09-11" ENDDATE="2079-06-06" ISACTUAL="1" ISACTIVE="1" /><HOUSE ID="126758580" OBJECTID="165205885" OBJECTGUID="09d02600-0519-4b89-9e50-0af27d7d1bdd" CHANGEID="600905018" HOUSENUM="31" HOUSETYPE="2" OPERTYPEID="10" PREVID="0" NEXTID="0" UPDATEDATE="2024-09-11" STARTDATE="2024-09-11" ENDDATE="2079-06-06" ISACTUAL="1" ISACTIVE="1" /><HOUSE ID="126758582" OBJECTID="165205887" OBJECTGUID="a8c021cd-e81f-420a-8b04-20d5f2bf266f" CHANGEID="600905020" HOUSENUM="3а" HOUSETYPE="2" OPERTYPEID="10" PREVID="0" NEXTID="0" UPDATEDATE="2024-09-11" STARTDATE="2024-09-11" ENDDATE="2079-06-06" ISACTUAL="1" ISACTIVE="1" /><HOUSE ID="126758581" OBJECTID="165205886" OBJECTGUID="46b569c0-bec6-4b3c-9a1a-eef24ab041ba" CHANGEID="600905019" HOUSENUM="2а" HOUSETYPE="2" OPERTYPEID="10" PREVID="0" NEXTID="0" UPDATEDATE="2024-09-11" STARTDATE="2024-09-11" ENDDATE="2079-06-06" ISACTUAL="1" ISACTIVE="1" /><HOUSE ID="126758903" OBJECTID="165207103" OBJECTGUID="87dfab3c-7a6c-4d01-93c8-e26feb3ac1c0" CHANGEID="600906895" HOUSENUM="27" HOUSETYPE="2" OPERTYPEID="10" PREVID="0" NEXTID="0" UPDATEDATE="2024-09-11" STARTDATE="2024-09-11" ENDDATE="2079-06-06" ISACTUAL="1" ISACTIVE="1" /><HOUSE ID="126758906" OBJECTID="165207113" OBJECTGUID="e69f69ec-b247-4ef3-baee-c12322799d22" CHANGEID="600906905" HOUSENUM="15" HOUSETYPE="2" OPERTYPEID="10" PREVID="0" NEXTID="0" UPDATEDATE="2024-09-11" STARTDATE="2024-09-11" ENDDATE="2079-06-06" ISACTUAL="1" ISACTIVE="1" /><HOUSE ID="126758892" OBJECTID="62940677" OBJECTGUID="3acbd97c-b9c2-4c9d-8189-62ac7771f684" CHANGEID="600906874" HOUSENUM="8" HOUSETYPE="2" OPERTYPEID="60" PREVID="37849507" UPDATEDATE="2024-09-11" STARTDATE="2024-09-11" ENDDATE="2079-06-06" ISACTUAL="1" ISACTIVE="0" /><HOUSE ID="37849507" OBJECTID="62940677" OBJECTGUID="3acbd97c-b9c2-4c9d-8189-62ac7771f684" CHANGEID="93956966" HOUSENUM="8" HOUSETYPE="2" OPERTYPEID="10" PREVID="0" NEXTID="126758892" UPDATEDATE="2024-09-11" STARTDATE="1900-01-01" ENDDATE="2024-09-11" ISACTUAL="0" ISACTIVE="0" /><HOUSE ID="126758893" OBJECTID="165207086" OBJECTGUID="e844fb72-6d13-4f42-852b-502efb54aad8" CHANGEID="600906875" HOUSENUM="8" HOUSETYPE="2" OPERTYPEID="61" PREVID="126758892" NEXTID="0" UPDATEDATE="2024-09-11" STARTDATE="2024-09-11" ENDDATE="2079-06-06" ISACTUAL="1" ISACTIVE="1" /><HOUSE ID="126758894" OBJECTID="165207087" OBJECTGUID="714cd531-e88a-45a0-ac78-a6517b9c4a6e" CHANGEID="600906876" HOUSENUM="8а" HOUSETYPE="2" OPERTYPEID="61" PREVID="126758892" NEXTID="0" UPDATEDATE="2024-09-11" STARTDATE="2024-09-11" ENDDATE="2079-06-06" ISACTUAL="1" ISACTIVE="1" /><HOUSE ID="126758901" OBJECTID="165207098" OBJECTGUID="24883475-f90a-4b5c-87af-1b22f3e6c1e6" CHANGEID="600906890" HOUSENUM="17" HOUSETYPE="2" OPERTYPEID="10" PREVID="0" NEXTID="0" UPDATEDATE="2024-09-11" STARTDATE="2024-09-11" ENDDATE="2079-06-06" ISACTUAL="1" ISACTIVE="1" /><HOUSE ID="126758904" OBJECTID="165207110" OBJECTGUID="983fb78d-b632-4a54-b6e9-2698dbc8b1f2" CHANGEID="600906902" HOUSENUM="9" HOUSETYPE="2" OPERTYPEID="10" PREVID="0" NEXTID="0" UPDATEDATE="2024-09-11" STARTDATE="2024-09-11" ENDDATE="2079-06-06" ISACTUAL="1" ISACTIVE="1" /><HOUSE ID="126758905" OBJECTID="165207112" OBJECTGUID="a2140a72-9a51-480b-b814-dd9d2aac3491" CHANGEID="600906904" HOUSENUM="75" HOUSETYPE="2" OPERTYPEID="10" PREVID="0" NEXTID="0" UPDATEDATE="2024-09-11" STARTDATE="2024-09-11" ENDDATE="2079-06-06" ISACTUAL="1" ISACTIVE="1" /><HOUSE ID="126759175" OBJECTID="165208336" OBJECTGUID="09ea9320-b9d9-4340-859f-0be964ff4567" CHANGEID="600909204" HOUSENUM="20" HOUSETYPE="2" OPERTYPEID="10" PREVID="0" NEXTID="0" UPDATEDATE="2024-09-11" STARTDATE="2024-09-11" ENDDATE="2079-06-06" ISACTUAL="1" ISACTIVE="1" /><HOUSE ID="126759177" OBJECTID="165208337" OBJECTGUID="1a89f2e1-e11b-4769-9d73-d4067b228fa2" CHANGEID="600909206" HOUSENUM="7" HOUSETYPE="2" OPERTYPEID="10" PREVID="0" NEXTID="0" UPDATEDATE="2024-09-11" STARTDATE="2024-09-11" ENDDATE="2079-06-06" ISACTUAL="1" ISACTIVE="1" /><HOUSE ID="126759181" OBJECTID="165208341" OBJECTGUID="a5b88a78-de1c-4919-9511-7af2543129e0" CHANGEID="600909212" HOUSENUM="12" HOUSETYPE="2" OPERTYPEID="10" PREVID="0" NEXTID="0" UPDATEDATE="2024-09-11" STARTDATE="2024-09-11" ENDDATE="2079-06-06" ISACTUAL="1" ISACTIVE="1" /><HOUSE ID="126759183" OBJECTID="165208349" OBJECTGUID="0e5f8e78-4fce-4291-a733-4e321a63dc0b" CHANGEID="600909225" HOUSENUM="10" HOUSETYPE="2" OPERTYPEID="10" PREVID="0" NEXTID="0" UPDATEDATE="2024-09-11" STARTDATE="2024-09-11" ENDDATE="2079-06-06" ISACTUAL="1" ISACTIVE="1" /><HOUSE ID="126759188" OBJECTID="165208389" OBJECTGUID="554c2c25-9444-415c-b22d-58d8324b8de1" CHANGEID="600909417" HOUSENUM="4" HOUSETYPE="2" OPERTYPEID="10" PREVID="0" NEXTID="0" UPDATEDATE="2024-09-11" STARTDATE="2024-09-11" ENDDATE="2079-06-06" ISACTUAL="1" ISACTIVE="1" /><HOUSE ID="126759178" OBJECTID="165208338" OBJECTGUID="59e0c27f-b84d-4917-9852-3d6e5a83deeb" CHANGEID="600909209" HOUSENUM="29а" HOUSETYPE="2" OPERTYPEID="10" PREVID="0" NEXTID="0" UPDATEDATE="2024-09-11" STARTDATE="2024-09-11" ENDDATE="2079-06-06" ISACTUAL="1" ISACTIVE="1" /><HOUSE ID="126759180" OBJECTID="165208340" OBJECTGUID="7097bd07-77aa-4feb-917f-be04ddb66bec" CHANGEID="600909211" HOUSENUM="18" HOUSETYPE="2" OPERTYPEID="10" PREVID="0" NEXTID="0" UPDATEDATE="2024-09-11" STARTDATE="2024-09-11" ENDDATE="2079-06-06" ISACTUAL="1" ISACTIVE="1" /><HOUSE ID="126759182" OBJECTID="165208347" OBJECTGUID="eab72525-f4e7-4c59-bab2-64ee27738bb5" CHANGEID="600909222" HOUSENUM="33а" HOUSETYPE="2" OPERTYPEID="10" PREVID="0" NEXTID="0" UPDATEDATE="2024-09-11" STARTDATE="2024-09-11" ENDDATE="2079-06-06" ISACTUAL="1" ISACTIVE="1" /><HOUSE ID="126759185" OBJECTID="165208373" OBJECTGUID="c6733f91-a049-4e9a-9468-449062eb0cd3" CHANGEID="600909360" HOUSENUM="9а" HOUSETYPE="2" OPERTYPEID="10" PREVID="0" NEXTID="0" UPDATEDATE="2024-09-11" STARTDATE="2024-09-11" ENDDATE="2079-06-06" ISACTUAL="1" ISACTIVE="1" /><HOUSE ID="126759610" OBJECTID="165210290" OBJECTGUID="551a1404-fc5e-4a56-b1bd-9d0ef207cf3d" CHANGEID="600912444" HOUSENUM="9" HOUSETYPE="2" OPERTYPEID="10" PREVID="0" NEXTID="0" UPDATEDATE="2024-09-11" STARTDATE="2024-09-11" ENDDATE="2079-06-06" ISACTUAL="1" ISACTIVE="1" /><HOUSE ID="126759611" OBJECTID="165210293" OBJECTGUID="2b2dfadf-aa7c-4507-8d10-0c8410156663" CHANGEID="600912447" HOUSENUM="11" HOUSETYPE="2" OPERTYPEID="10" PREVID="0" NEXTID="0" UPDATEDATE="2024-09-11" STARTDATE="2024-09-11" ENDDATE="2079-06-06" ISACTUAL="1" ISACTIVE="1" /><HOUSE ID="126759617" OBJECTID="165210315" OBJECTGUID="a3a6515e-f2dc-48f7-82d7-5484f10fdf37" CHANGEID="600912508" HOUSENUM="23а" HOUSETYPE="2" OPERTYPEID="10" PREVID="0" NEXTID="0" UPDATEDATE="2024-09-11" STARTDATE="2024-09-11" ENDDATE="2079-06-06" ISACTUAL="1" ISACTIVE="1" /><HOUSE ID="126759928" OBJECTID="165211599" OBJECTGUID="209b2dc9-38b7-4731-92c8-89a68c362423" CHANGEID="600914857" HOUSENUM="590" HOUSETYPE="5" OPERTYPEID="10" PREVID="0" NEXTID="0" UPDATEDATE="2024-09-11" STARTDATE="2024-09-11" ENDDATE="2079-06-06" ISACTUAL="1" ISACTIVE="1" /><HOUSE ID="126760475" OBJECTID="51072187" OBJECTGUID="89cebe6d-e69c-4711-8782-9aa1c208daf4" CHANGEID="600919406" HOUSENUM="18а" HOUSETYPE="2" OPERTYPEID="30" PREVID="30506443" NEXTID="0" UPDATEDATE="2024-09-11" STARTDATE="2024-09-11" ENDDATE="2079-06-06" ISACTUAL="1" ISACTIVE="0" /><HOUSE ID="126760476" OBJECTID="51071767" OBJECTGUID="5512e861-333e-4ebe-875f-9ba40f50e5fa" CHANGEID="600919407" HOUSENUM="33" HOUSETYPE="2" OPERTYPEID="30" PREVID="30506087" NEXTID="0" UPDATEDATE="2024-09-11" STARTDATE="2024-09-11" ENDDATE="2079-06-06" ISACTUAL="1" ISACTIVE="0" /><HOUSE ID="30506087" OBJECTID="51071767" OBJECTGUID="5512e861-333e-4ebe-875f-9ba40f50e5fa" CHANGEID="76582158" HOUSENUM="33" HOUSETYPE="2" OPERTYPEID="10" PREVID="0" NEXTID="126760476" UPDATEDATE="2024-09-11" STARTDATE="2017-08-22" ENDDATE="2024-09-11" ISACTUAL="0" ISACTIVE="0" /><HOUSE ID="126760477" OBJECTID="51060306" OBJECTGUID="a8884ced-1dad-4e83-b07d-48ff76f3e69a" CHANGEID="600919408" HOUSENUM="42" HOUSETYPE="2" OPERTYPEID="30" PREVID="63320570" NEXTID="0" UPDATEDATE="2024-09-11" STARTDATE="2024-09-11" ENDDATE="2079-06-06" ISACTUAL="1" ISACTIVE="0" /><HOUSE ID="63320570" OBJECTID="51060306" OBJECTGUID="a8884ced-1dad-4e83-b07d-48ff76f3e69a" CHANGEID="76565051" HOUSENUM="42" HOUSETYPE="2" OPERTYPEID="20" PREVID="30498269" NEXTID="126760477" UPDATEDATE="2024-09-11" STARTDATE="2015-11-16" ENDDATE="2024-09-11" ISACTUAL="0" ISACTIVE="0" /><HOUSE ID="126760488" OBJECTID="165214696" OBJECTGUID="c3a65961-393f-41db-9e77-b14bcd188e67" CHANGEID="600919450" HOUSENUM="97/1" HOUSETYPE="8" OPERTYPEID="10" PREVID="0" NEXTID="0" UPDATEDATE="2024-09-11" STARTDATE="2024-09-11" ENDDATE="2079-06-06" ISACTUAL="1" ISACTIVE="1" /><HOUSE ID="126760880" OBJECTID="165215947" OBJECTGUID="8ec31adb-72aa-4c19-ada0-8f07eb53da36" CHANGEID="600922400" HOUSENUM="6" ADDNUM1="1" HOUSETYPE="2" ADDTYPE1="3" OPERTYPEID="10" PREVID="0" NEXTID="0" UPDATEDATE="2024-09-11" STARTDATE="2024-09-11" ENDDATE="2079-06-06" ISACTUAL="1" ISACTIVE="1" /><HOUSE ID="126760941" OBJECTID="165216203" OBJECTGUID="f79ec2cf-f8b7-4838-aee9-261bdea1dc02" CHANGEID="600922798" HOUSENUM="8" ADDNUM1="1" HOUSETYPE="2" ADDTYPE1="3" OPERTYPEID="10" PREVID="0" NEXTID="0" UPDATEDATE="2024-09-11" STARTDATE="2024-09-11" ENDDATE="2079-06-06" ISACTUAL="1" ISACTIVE="1" /><HOUSE ID="126760979" OBJECTID="165216395" OBJECTGUID="47b48ecc-4079-40d3-becd-7e04a98ed2f8" CHANGEID="600923088" HOUSENUM="15" HOUSETYPE="2" OPERTYPEID="10" PREVID="0" NEXTID="0" UPDATEDATE="2024-09-11" STARTDATE="2024-09-11" ENDDATE="2079-06-06" ISACTUAL="1" ISACTIVE="1" /><HOUSE ID="126761295" OBJECTID="66613263" OBJECTGUID="acad87c1-b5b2-4727-8055-1733068f7b0f" CHANGEID="600926087" HOUSENUM="20" HOUSETYPE="2" OPERTYPEID="30" PREVID="63613474" NEXTID="0" UPDATEDATE="2024-09-11" STARTDATE="2024-09-11" ENDDATE="2079-06-06" ISACTUAL="1" ISACTIVE="0" /><HOUSE ID="63613474" OBJECTID="66613263" OBJECTGUID="acad87c1-b5b2-4727-8055-1733068f7b0f" CHANGEID="99345431" HOUSENUM="20" HOUSETYPE="2" OPERTYPEID="20" PREVID="40117357" NEXTID="126761295" UPDATEDATE="2024-09-11" STARTDATE="2017-01-16" ENDDATE="2024-09-11" ISACTUAL="0" ISACTIVE="0" /><HOUSE ID="126761313" OBJECTID="25136266" OBJECTGUID="bde81f3f-7d6e-4199-aaee-cf827c875bc6" CHANGEID="600926257" HOUSENUM="94" HOUSETYPE="2" OPERTYPEID="30" PREVID="64834449" NEXTID="0" UPDATEDATE="2024-09-11" STARTDATE="2024-09-11" ENDDATE="2079-06-06" ISACTUAL="1" ISACTIVE="0" /><HOUSE ID="126761300" OBJECTID="69825890" OBJECTGUID="916f703c-93f1-447d-b1dd-1ea80009b531" CHANGEID="600926159" HOUSENUM="7" HOUSETYPE="2" OPERTYPEID="30" PREVID="61682885" NEXTID="0" UPDATEDATE="2024-09-11" STARTDATE="2024-09-11" ENDDATE="2079-06-06" ISACTUAL="1" ISACTIVE="0" /><HOUSE ID="126761793" OBJECTID="165220885" OBJECTGUID="db02f6bb-98fa-471c-a7a1-cab6f86f1924" CHANGEID="600931859" HOUSENUM="4а" HOUSETYPE="5" OPERTYPEID="10" PREVID="0" NEXTID="0" UPDATEDATE="2024-09-11" STARTDATE="2024-09-11" ENDDATE="2079-06-06" ISACTUAL="1" ISACTIVE="1" /><HOUSE ID="126761857" OBJECTID="165221199" OBJECTGUID="3a18530c-9a8a-4df5-88c0-d220d65ab47d" CHANGEID="600932260" HOUSENUM="1/1" HOUSETYPE="8" OPERTYPEID="10" PREVID="0" NEXTID="0" UPDATEDATE="2024-09-11" STARTDATE="2024-09-11" ENDDATE="2079-06-06" ISACTUAL="1" ISACTIVE="1" /></HOUSES>