﻿<?xml version="1.0" encoding="utf-8"?><ADDRESSOBJECTS><OBJECT ID="1876621" OBJECTID="95249191" OBJECTGUID="c55adaba-091a-4c9d-a8f1-afc80dee9504" CHANGEID="158679350" NAME="Староюрьевский" TYPENAME="м.р-н" LEVEL="3" OPERTYPEID="20" PREVID="1821088" NEXTID="52126435" UPDATEDATE="2024-09-11" STARTDATE="2020-11-18" ENDDATE="2024-09-11" ISACTUAL="0" ISACTIVE="0" /><OBJECT ID="1821078" OBJECTID="95249181" OBJECTGUID="df23c06a-d261-49cc-99da-db03e304dd0b" CHANGEID="138205698" NAME="Изосимовский сельсовет" TYPENAME="с.п." LEVEL="4" OPERTYPEID="0" PREVID="0" NEXTID="52125835" UPDATEDATE="2024-09-05" STARTDATE="2011-01-01" ENDDATE="2024-09-05" ISACTUAL="0" ISACTIVE="0" /><OBJECT ID="1821090" OBJECTID="95249193" OBJECTGUID="39a6a0b7-7d39-4682-9a38-042a21f24daa" CHANGEID="138205710" NAME="Вишневский сельсовет" TYPENAME="с.п." LEVEL="4" OPERTYPEID="0" PREVID="0" NEXTID="52126375" UPDATEDATE="2024-09-10" STARTDATE="2011-01-01" ENDDATE="2024-09-10" ISACTUAL="0" ISACTIVE="0" /><OBJECT ID="52125835" OBJECTID="95249181" OBJECTGUID="df23c06a-d261-49cc-99da-db03e304dd0b" CHANGEID="600555355" NAME="Изосимовский сельсовет" TYPENAME="с.п." LEVEL="4" OPERTYPEID="30" PREVID="1821078" NEXTID="0" UPDATEDATE="2024-09-05" STARTDATE="2024-09-05" ENDDATE="2079-06-06" ISACTUAL="1" ISACTIVE="0" /><OBJECT ID="52125970" OBJECTID="165112999" OBJECTGUID="c075bb09-feb0-482d-9f66-4e3e0a44ed36" CHANGEID="600700885" NAME="Зеленый Луг" TYPENAME="ул." LEVEL="8" OPERTYPEID="10" PREVID="0" NEXTID="0" UPDATEDATE="2024-09-06" STARTDATE="2024-09-06" ENDDATE="2079-06-06" ISACTUAL="1" ISACTIVE="1" /><OBJECT ID="52126375" OBJECTID="95249193" OBJECTGUID="39a6a0b7-7d39-4682-9a38-042a21f24daa" CHANGEID="600847906" NAME="Вишневский сельсовет" TYPENAME="с.п." LEVEL="4" OPERTYPEID="30" PREVID="1821090" NEXTID="0" UPDATEDATE="2024-09-10" STARTDATE="2024-09-10" ENDDATE="2079-06-06" ISACTUAL="1" ISACTIVE="0" /><OBJECT ID="52126435" OBJECTID="95249191" OBJECTGUID="c55adaba-091a-4c9d-a8f1-afc80dee9504" CHANGEID="600896836" NAME="Староюрьевский" TYPENAME="м.р-н" LEVEL="3" OPERTYPEID="30" PREVID="1876621" NEXTID="0" UPDATEDATE="2024-09-11" STARTDATE="2024-09-11" ENDDATE="2079-06-06" ISACTUAL="1" ISACTIVE="0" /><OBJECT ID="52126461" OBJECTID="165205194" OBJECTGUID="89cf618f-5854-42bf-b7ec-30ed74616632" CHANGEID="600904081" NAME="Мичуринский завод автонасосов" TYPENAME="тер. СНТ" LEVEL="7" OPERTYPEID="10" PREVID="0" NEXTID="0" UPDATEDATE="2024-09-11" STARTDATE="2024-09-11" ENDDATE="2079-06-06" ISACTUAL="1" ISACTIVE="1" /><OBJECT ID="52126492" OBJECTID="165211968" OBJECTGUID="41e81ca8-4496-447e-9381-45f70f58a38b" CHANGEID="600915308" NAME="Булатово - 2" TYPENAME="тер. СНТ" LEVEL="7" OPERTYPEID="10" PREVID="0" NEXTID="0" UPDATEDATE="2024-09-11" STARTDATE="2024-09-11" ENDDATE="2079-06-06" ISACTUAL="1" ISACTIVE="1" /><OBJECT ID="52126493" OBJECTID="165212083" OBJECTGUID="a86ea75a-8a1f-4372-a163-5d91b8bc9607" CHANGEID="600915668" NAME="Лента" TYPENAME="тер. СНТ" LEVEL="7" OPERTYPEID="10" PREVID="0" NEXTID="0" UPDATEDATE="2024-09-11" STARTDATE="2024-09-11" ENDDATE="2079-06-06" ISACTUAL="1" ISACTIVE="1" /><OBJECT ID="52126495" OBJECTID="165212320" OBJECTGUID="c75161fe-b992-4450-a0ee-77aa430d0b1c" CHANGEID="600916004" NAME="Минводы" TYPENAME="тер. СНТ" LEVEL="7" OPERTYPEID="10" PREVID="0" NEXTID="0" UPDATEDATE="2024-09-11" STARTDATE="2024-09-11" ENDDATE="2079-06-06" ISACTUAL="1" ISACTIVE="1" /></ADDRESSOBJECTS>